Actor MLP: Sequential(
  (0): Linear(in_features=26, out_features=256, bias=True)
  (1): ELU(alpha=1.0)
  (2): Linear(in_features=256, out_features=128, bias=True)
  (3): ELU(alpha=1.0)
  (4): Linear(in_features=128, out_features=64, bias=True)
  (5): ELU(alpha=1.0)
  (6): Linear(in_features=64, out_features=4, bias=True)
)
Critic MLP: Sequential(
  (0): Linear(in_features=26, out_features=256, bias=True)
  (1): ELU(alpha=1.0)
  (2): Linear(in_features=256, out_features=128, bias=True)
  (3): ELU(alpha=1.0)
  (4): Linear(in_features=128, out_features=64, bias=True)
  (5): ELU(alpha=1.0)
  (6): Linear(in_features=64, out_features=1, bias=True)
)
!!!!!!!!!!!!!added lock!!!!!!!!!!!!
{"steps": 41, "done_reason": "success", "final_done_reason": "success", "first_done_step": 41, "first_success_step": 41, "fixed_duration_steps": null, "success": true, "reached_tolerance": true, "final_ee_error_m": 0.03401077911257744, "min_ee_error_m": 0.03401077911257744, "mean_ee_error_m": 3.166644811630249, "reward_sum": 152.10687255859375, "unsafe_action_rate": 0.0, "min_clearance_m": 0.13348466157913208, "goal_base": [3.033780097961426, 4.339529991149902, -1.9987499713897705], "contact_kind": null, "contact_links": [], "joint_limit_labels": [], "rollout_index": 0}
{
  "backend": "chrono_arm_reaching",
  "policy_checkpoint": "/home/harry/NeDM/artifacts/rl_runs/arm_reach_adaptivekl005_lr1e4_tol005_ep150_bonus150_sigma015_8d_rom_20260727/model_1499.pt",
  "pre_roll_time_s": 6.0,
  "render": false,
  "save_render_frames": false,
  "frame_output_dir": null,
  "render_steps": 1,
  "consecutive_goals": false,
  "goal_duration_s": null,
  "goal_duration_steps": null,
  "requested_goals": 1,
  "num_rollouts": 1,
  "success_rate": 1.0,
  "reached_tolerance_rate": 1.0,
  "mean_final_ee_error_m": 0.03401077911257744,
  "mean_min_ee_error_m": 0.03401077911257744,
  "rollouts": [
    {
      "steps": 41,
      "done_reason": "success",
      "final_done_reason": "success",
      "first_done_step": 41,
      "first_success_step": 41,
      "fixed_duration_steps": null,
      "success": true,
      "reached_tolerance": true,
      "final_ee_error_m": 0.03401077911257744,
      "min_ee_error_m": 0.03401077911257744,
      "mean_ee_error_m": 3.166644811630249,
      "reward_sum": 152.10687255859375,
      "unsafe_action_rate": 0.0,
      "min_clearance_m": 0.13348466157913208,
      "goal_base": [
        3.033780097961426,
        4.339529991149902,
        -1.9987499713897705
      ],
      "contact_kind": null,
      "contact_links": [],
      "joint_limit_labels": [],
      "rollout_index": 0
    }
  ]
}
Actor MLP: Sequential(
  (0): Linear(in_features=26, out_features=256, bias=True)
  (1): ELU(alpha=1.0)
  (2): Linear(in_features=256, out_features=128, bias=True)
  (3): ELU(alpha=1.0)
  (4): Linear(in_features=128, out_features=64, bias=True)
  (5): ELU(alpha=1.0)
  (6): Linear(in_features=64, out_features=4, bias=True)
)
Critic MLP: Sequential(
  (0): Linear(in_features=26, out_features=256, bias=True)
  (1): ELU(alpha=1.0)
  (2): Linear(in_features=256, out_features=128, bias=True)
  (3): ELU(alpha=1.0)
  (4): Linear(in_features=128, out_features=64, bias=True)
  (5): ELU(alpha=1.0)
  (6): Linear(in_features=64, out_features=1, bias=True)
)
!!!!!!!!!!!!!added lock!!!!!!!!!!!!
{"steps": 67, "done_reason": "success", "final_done_reason": "success", "first_done_step": 67, "first_success_step": 67, "fixed_duration_steps": null, "success": true, "reached_tolerance": true, "final_ee_error_m": 0.029358427971601486, "min_ee_error_m": 0.029358427971601486, "mean_ee_error_m": 2.394227981567383, "reward_sum": 153.5411834716797, "unsafe_action_rate": 0.0, "min_clearance_m": 0.12863487005233765, "goal_base": [1.1602200269699097, -3.8734800815582275, -4.300270080566406], "contact_kind": null, "contact_links": [], "joint_limit_labels": [], "rollout_index": 0}
{
  "backend": "chrono_arm_reaching",
  "policy_checkpoint": "/home/harry/NeDM/artifacts/rl_runs/arm_reach_adaptivekl005_lr1e4_tol005_ep150_bonus150_sigma015_8d_rom_20260727/model_1499.pt",
  "pre_roll_time_s": 6.0,
  "render": false,
  "save_render_frames": false,
  "frame_output_dir": null,
  "render_steps": 1,
  "consecutive_goals": false,
  "goal_duration_s": null,
  "goal_duration_steps": null,
  "requested_goals": 1,
  "num_rollouts": 1,
  "success_rate": 1.0,
  "reached_tolerance_rate": 1.0,
  "mean_final_ee_error_m": 0.029358427971601486,
  "mean_min_ee_error_m": 0.029358427971601486,
  "rollouts": [
    {
      "steps": 67,
      "done_reason": "success",
      "final_done_reason": "success",
      "first_done_step": 67,
      "first_success_step": 67,
      "fixed_duration_steps": null,
      "success": true,
      "reached_tolerance": true,
      "final_ee_error_m": 0.029358427971601486,
      "min_ee_error_m": 0.029358427971601486,
      "mean_ee_error_m": 2.394227981567383,
      "reward_sum": 153.5411834716797,
      "unsafe_action_rate": 0.0,
      "min_clearance_m": 0.12863487005233765,
      "goal_base": [
        1.1602200269699097,
        -3.8734800815582275,
        -4.300270080566406
      ],
      "contact_kind": null,
      "contact_links": [],
      "joint_limit_labels": [],
      "rollout_index": 0
    }
  ]
}
Actor MLP: Sequential(
  (0): Linear(in_features=26, out_features=256, bias=True)
  (1): ELU(alpha=1.0)
  (2): Linear(in_features=256, out_features=128, bias=True)
  (3): ELU(alpha=1.0)
  (4): Linear(in_features=128, out_features=64, bias=True)
  (5): ELU(alpha=1.0)
  (6): Linear(in_features=64, out_features=4, bias=True)
)
Critic MLP: Sequential(
  (0): Linear(in_features=26, out_features=256, bias=True)
  (1): ELU(alpha=1.0)
  (2): Linear(in_features=256, out_features=128, bias=True)
  (3): ELU(alpha=1.0)
  (4): Linear(in_features=128, out_features=64, bias=True)
  (5): ELU(alpha=1.0)
  (6): Linear(in_features=64, out_features=1, bias=True)
)
!!!!!!!!!!!!!added lock!!!!!!!!!!!!
{"steps": 51, "done_reason": "success", "final_done_reason": "success", "first_done_step": 51, "first_success_step": 51, "fixed_duration_steps": null, "success": true, "reached_tolerance": true, "final_ee_error_m": 0.04651673883199692, "min_ee_error_m": 0.04651673883199692, "mean_ee_error_m": 1.272694706916809, "reward_sum": 161.8571319580078, "unsafe_action_rate": 0.0, "min_clearance_m": 0.13348466157913208, "goal_base": [4.614230155944824, -2.8972599506378174, -1.0023399591445923], "contact_kind": null, "contact_links": [], "joint_limit_labels": [], "rollout_index": 0}
{
  "backend": "chrono_arm_reaching",
  "policy_checkpoint": "/home/harry/NeDM/artifacts/rl_runs/arm_reach_adaptivekl005_lr1e4_tol005_ep150_bonus150_sigma015_8d_rom_20260727/model_1499.pt",
  "pre_roll_time_s": 6.0,
  "render": false,
  "save_render_frames": false,
  "frame_output_dir": null,
  "render_steps": 1,
  "consecutive_goals": false,
  "goal_duration_s": null,
  "goal_duration_steps": null,
  "requested_goals": 1,
  "num_rollouts": 1,
  "success_rate": 1.0,
  "reached_tolerance_rate": 1.0,
  "mean_final_ee_error_m": 0.04651673883199692,
  "mean_min_ee_error_m": 0.04651673883199692,
  "rollouts": [
    {
      "steps": 51,
      "done_reason": "success",
      "final_done_reason": "success",
      "first_done_step": 51,
      "first_success_step": 51,
      "fixed_duration_steps": null,
      "success": true,
      "reached_tolerance": true,
      "final_ee_error_m": 0.04651673883199692,
      "min_ee_error_m": 0.04651673883199692,
      "mean_ee_error_m": 1.272694706916809,
      "reward_sum": 161.8571319580078,
      "unsafe_action_rate": 0.0,
      "min_clearance_m": 0.13348466157913208,
      "goal_base": [
        4.614230155944824,
        -2.8972599506378174,
        -1.0023399591445923
      ],
      "contact_kind": null,
      "contact_links": [],
      "joint_limit_labels": [],
      "rollout_index": 0
    }
  ]
}
Actor MLP: Sequential(
  (0): Linear(in_features=26, out_features=256, bias=True)
  (1): ELU(alpha=1.0)
  (2): Linear(in_features=256, out_features=128, bias=True)
  (3): ELU(alpha=1.0)
  (4): Linear(in_features=128, out_features=64, bias=True)
  (5): ELU(alpha=1.0)
  (6): Linear(in_features=64, out_features=4, bias=True)
)
Critic MLP: Sequential(
  (0): Linear(in_features=26, out_features=256, bias=True)
  (1): ELU(alpha=1.0)
  (2): Linear(in_features=256, out_features=128, bias=True)
  (3): ELU(alpha=1.0)
  (4): Linear(in_features=128, out_features=64, bias=True)
  (5): ELU(alpha=1.0)
  (6): Linear(in_features=64, out_features=1, bias=True)
)
!!!!!!!!!!!!!added lock!!!!!!!!!!!!
{"steps": 35, "done_reason": "success", "final_done_reason": "success", "first_done_step": 35, "first_success_step": 35, "fixed_duration_steps": null, "success": true, "reached_tolerance": true, "final_ee_error_m": 0.04667823761701584, "min_ee_error_m": 0.04667823761701584, "mean_ee_error_m": 0.8107554912567139, "reward_sum": 158.2083740234375, "unsafe_action_rate": 0.0, "min_clearance_m": 0.1323452591896057, "goal_base": [4.941889762878418, -0.7850199937820435, -2.766550064086914], "contact_kind": null, "contact_links": [], "joint_limit_labels": [], "rollout_index": 0}
{
  "backend": "chrono_arm_reaching",
  "policy_checkpoint": "/home/harry/NeDM/artifacts/rl_runs/arm_reach_adaptivekl005_lr1e4_tol005_ep150_bonus150_sigma015_8d_rom_20260727/model_1499.pt",
  "pre_roll_time_s": 6.0,
  "render": false,
  "save_render_frames": false,
  "frame_output_dir": null,
  "render_steps": 1,
  "consecutive_goals": false,
  "goal_duration_s": null,
  "goal_duration_steps": null,
  "requested_goals": 1,
  "num_rollouts": 1,
  "success_rate": 1.0,
  "reached_tolerance_rate": 1.0,
  "mean_final_ee_error_m": 0.04667823761701584,
  "mean_min_ee_error_m": 0.04667823761701584,
  "rollouts": [
    {
      "steps": 35,
      "done_reason": "success",
      "final_done_reason": "success",
      "first_done_step": 35,
      "first_success_step": 35,
      "fixed_duration_steps": null,
      "success": true,
      "reached_tolerance": true,
      "final_ee_error_m": 0.04667823761701584,
      "min_ee_error_m": 0.04667823761701584,
      "mean_ee_error_m": 0.8107554912567139,
      "reward_sum": 158.2083740234375,
      "unsafe_action_rate": 0.0,
      "min_clearance_m": 0.1323452591896057,
      "goal_base": [
        4.941889762878418,
        -0.7850199937820435,
        -2.766550064086914
      ],
      "contact_kind": null,
      "contact_links": [],
      "joint_limit_labels": [],
      "rollout_index": 0
    }
  ]
}
Actor MLP: Sequential(
  (0): Linear(in_features=26, out_features=256, bias=True)
  (1): ELU(alpha=1.0)
  (2): Linear(in_features=256, out_features=128, bias=True)
  (3): ELU(alpha=1.0)
  (4): Linear(in_features=128, out_features=64, bias=True)
  (5): ELU(alpha=1.0)
  (6): Linear(in_features=64, out_features=4, bias=True)
)
Critic MLP: Sequential(
  (0): Linear(in_features=26, out_features=256, bias=True)
  (1): ELU(alpha=1.0)
  (2): Linear(in_features=256, out_features=128, bias=True)
  (3): ELU(alpha=1.0)
  (4): Linear(in_features=128, out_features=64, bias=True)
  (5): ELU(alpha=1.0)
  (6): Linear(in_features=64, out_features=1, bias=True)
)
!!!!!!!!!!!!!added lock!!!!!!!!!!!!
{"steps": 60, "done_reason": "success", "final_done_reason": "success", "first_done_step": 60, "first_success_step": 60, "fixed_duration_steps": null, "success": true, "reached_tolerance": true, "final_ee_error_m": 0.027793142944574356, "min_ee_error_m": 0.027793142944574356, "mean_ee_error_m": 1.2818659543991089, "reward_sum": 159.36436462402344, "unsafe_action_rate": 0.0, "min_clearance_m": 0.1284826397895813, "goal_base": [3.245270013809204, -1.1613500118255615, -4.783160209655762], "contact_kind": null, "contact_links": [], "joint_limit_labels": [], "rollout_index": 0}
{
  "backend": "chrono_arm_reaching",
  "policy_checkpoint": "/home/harry/NeDM/artifacts/rl_runs/arm_reach_adaptivekl005_lr1e4_tol005_ep150_bonus150_sigma015_8d_rom_20260727/model_1499.pt",
  "pre_roll_time_s": 6.0,
  "render": false,
  "save_render_frames": false,
  "frame_output_dir": null,
  "render_steps": 1,
  "consecutive_goals": false,
  "goal_duration_s": null,
  "goal_duration_steps": null,
  "requested_goals": 1,
  "num_rollouts": 1,
  "success_rate": 1.0,
  "reached_tolerance_rate": 1.0,
  "mean_final_ee_error_m": 0.027793142944574356,
  "mean_min_ee_error_m": 0.027793142944574356,
  "rollouts": [
    {
      "steps": 60,
      "done_reason": "success",
      "final_done_reason": "success",
      "first_done_step": 60,
      "first_success_step": 60,
      "fixed_duration_steps": null,
      "success": true,
      "reached_tolerance": true,
      "final_ee_error_m": 0.027793142944574356,
      "min_ee_error_m": 0.027793142944574356,
      "mean_ee_error_m": 1.2818659543991089,
      "reward_sum": 159.36436462402344,
      "unsafe_action_rate": 0.0,
      "min_clearance_m": 0.1284826397895813,
      "goal_base": [
        3.245270013809204,
        -1.1613500118255615,
        -4.783160209655762
      ],
      "contact_kind": null,
      "contact_links": [],
      "joint_limit_labels": [],
      "rollout_index": 0
    }
  ]
}
Actor MLP: Sequential(
  (0): Linear(in_features=26, out_features=256, bias=True)
  (1): ELU(alpha=1.0)
  (2): Linear(in_features=256, out_features=128, bias=True)
  (3): ELU(alpha=1.0)
  (4): Linear(in_features=128, out_features=64, bias=True)
  (5): ELU(alpha=1.0)
  (6): Linear(in_features=64, out_features=4, bias=True)
)
Critic MLP: Sequential(
  (0): Linear(in_features=26, out_features=256, bias=True)
  (1): ELU(alpha=1.0)
  (2): Linear(in_features=256, out_features=128, bias=True)
  (3): ELU(alpha=1.0)
  (4): Linear(in_features=128, out_features=64, bias=True)
  (5): ELU(alpha=1.0)
  (6): Linear(in_features=64, out_features=1, bias=True)
)
!!!!!!!!!!!!!added lock!!!!!!!!!!!!
{"steps": 42, "done_reason": "success", "final_done_reason": "success", "first_done_step": 42, "first_success_step": 42, "fixed_duration_steps": null, "success": true, "reached_tolerance": true, "final_ee_error_m": 0.020450670272111893, "min_ee_error_m": 0.020450670272111893, "mean_ee_error_m": 3.7339119911193848, "reward_sum": 151.96270751953125, "unsafe_action_rate": 0.0, "min_clearance_m": 0.13348466157913208, "goal_base": [2.2004499435424805, 4.849890232086182, -1.9324400424957275], "contact_kind": null, "contact_links": [], "joint_limit_labels": [], "rollout_index": 0}
{
  "backend": "chrono_arm_reaching",
  "policy_checkpoint": "/home/harry/NeDM/artifacts/rl_runs/arm_reach_adaptivekl005_lr1e4_tol005_ep150_bonus150_sigma015_8d_rom_20260727/model_1499.pt",
  "pre_roll_time_s": 6.0,
  "render": false,
  "save_render_frames": false,
  "frame_output_dir": null,
  "render_steps": 1,
  "consecutive_goals": false,
  "goal_duration_s": null,
  "goal_duration_steps": null,
  "requested_goals": 1,
  "num_rollouts": 1,
  "success_rate": 1.0,
  "reached_tolerance_rate": 1.0,
  "mean_final_ee_error_m": 0.020450670272111893,
  "mean_min_ee_error_m": 0.020450670272111893,
  "rollouts": [
    {
      "steps": 42,
      "done_reason": "success",
      "final_done_reason": "success",
      "first_done_step": 42,
      "first_success_step": 42,
      "fixed_duration_steps": null,
      "success": true,
      "reached_tolerance": true,
      "final_ee_error_m": 0.020450670272111893,
      "min_ee_error_m": 0.020450670272111893,
      "mean_ee_error_m": 3.7339119911193848,
      "reward_sum": 151.96270751953125,
      "unsafe_action_rate": 0.0,
      "min_clearance_m": 0.13348466157913208,
      "goal_base": [
        2.2004499435424805,
        4.849890232086182,
        -1.9324400424957275
      ],
      "contact_kind": null,
      "contact_links": [],
      "joint_limit_labels": [],
      "rollout_index": 0
    }
  ]
}
Actor MLP: Sequential(
  (0): Linear(in_features=26, out_features=256, bias=True)
  (1): ELU(alpha=1.0)
  (2): Linear(in_features=256, out_features=128, bias=True)
  (3): ELU(alpha=1.0)
  (4): Linear(in_features=128, out_features=64, bias=True)
  (5): ELU(alpha=1.0)
  (6): Linear(in_features=64, out_features=4, bias=True)
)
Critic MLP: Sequential(
  (0): Linear(in_features=26, out_features=256, bias=True)
  (1): ELU(alpha=1.0)
  (2): Linear(in_features=256, out_features=128, bias=True)
  (3): ELU(alpha=1.0)
  (4): Linear(in_features=128, out_features=64, bias=True)
  (5): ELU(alpha=1.0)
  (6): Linear(in_features=64, out_features=1, bias=True)
)
!!!!!!!!!!!!!added lock!!!!!!!!!!!!
{"steps": 34, "done_reason": "success", "final_done_reason": "success", "first_done_step": 34, "first_success_step": 34, "fixed_duration_steps": null, "success": true, "reached_tolerance": true, "final_ee_error_m": 0.03820948302745819, "min_ee_error_m": 0.03820948302745819, "mean_ee_error_m": 2.1907129287719727, "reward_sum": 152.1321563720703, "unsafe_action_rate": 0.0, "min_clearance_m": 0.1328006386756897, "goal_base": [4.048449993133545, -3.0839600563049316, -2.6731600761413574], "contact_kind": null, "contact_links": [], "joint_limit_labels": [], "rollout_index": 0}
{
  "backend": "chrono_arm_reaching",
  "policy_checkpoint": "/home/harry/NeDM/artifacts/rl_runs/arm_reach_adaptivekl005_lr1e4_tol005_ep150_bonus150_sigma015_8d_rom_20260727/model_1499.pt",
  "pre_roll_time_s": 6.0,
  "render": false,
  "save_render_frames": false,
  "frame_output_dir": null,
  "render_steps": 1,
  "consecutive_goals": false,
  "goal_duration_s": null,
  "goal_duration_steps": null,
  "requested_goals": 1,
  "num_rollouts": 1,
  "success_rate": 1.0,
  "reached_tolerance_rate": 1.0,
  "mean_final_ee_error_m": 0.03820948302745819,
  "mean_min_ee_error_m": 0.03820948302745819,
  "rollouts": [
    {
      "steps": 34,
      "done_reason": "success",
      "final_done_reason": "success",
      "first_done_step": 34,
      "first_success_step": 34,
      "fixed_duration_steps": null,
      "success": true,
      "reached_tolerance": true,
      "final_ee_error_m": 0.03820948302745819,
      "min_ee_error_m": 0.03820948302745819,
      "mean_ee_error_m": 2.1907129287719727,
      "reward_sum": 152.1321563720703,
      "unsafe_action_rate": 0.0,
      "min_clearance_m": 0.1328006386756897,
      "goal_base": [
        4.048449993133545,
        -3.0839600563049316,
        -2.6731600761413574
      ],
      "contact_kind": null,
      "contact_links": [],
      "joint_limit_labels": [],
      "rollout_index": 0
    }
  ]
}
Actor MLP: Sequential(
  (0): Linear(in_features=26, out_features=256, bias=True)
  (1): ELU(alpha=1.0)
  (2): Linear(in_features=256, out_features=128, bias=True)
  (3): ELU(alpha=1.0)
  (4): Linear(in_features=128, out_features=64, bias=True)
  (5): ELU(alpha=1.0)
  (6): Linear(in_features=64, out_features=4, bias=True)
)
Critic MLP: Sequential(
  (0): Linear(in_features=26, out_features=256, bias=True)
  (1): ELU(alpha=1.0)
  (2): Linear(in_features=256, out_features=128, bias=True)
  (3): ELU(alpha=1.0)
  (4): Linear(in_features=128, out_features=64, bias=True)
  (5): ELU(alpha=1.0)
  (6): Linear(in_features=64, out_features=1, bias=True)
)
!!!!!!!!!!!!!added lock!!!!!!!!!!!!
{"steps": 42, "done_reason": "success", "final_done_reason": "success", "first_done_step": 42, "first_success_step": 42, "fixed_duration_steps": null, "success": true, "reached_tolerance": true, "final_ee_error_m": 0.041710373014211655, "min_ee_error_m": 0.041710373014211655, "mean_ee_error_m": 2.644867181777954, "reward_sum": 153.08929443359375, "unsafe_action_rate": 0.0, "min_clearance_m": 0.13348466157913208, "goal_base": [3.647160053253174, 3.9679200649261475, -1.588189959526062], "contact_kind": null, "contact_links": [], "joint_limit_labels": [], "rollout_index": 0}
{
  "backend": "chrono_arm_reaching",
  "policy_checkpoint": "/home/harry/NeDM/artifacts/rl_runs/arm_reach_adaptivekl005_lr1e4_tol005_ep150_bonus150_sigma015_8d_rom_20260727/model_1499.pt",
  "pre_roll_time_s": 6.0,
  "render": false,
  "save_render_frames": false,
  "frame_output_dir": null,
  "render_steps": 1,
  "consecutive_goals": false,
  "goal_duration_s": null,
  "goal_duration_steps": null,
  "requested_goals": 1,
  "num_rollouts": 1,
  "success_rate": 1.0,
  "reached_tolerance_rate": 1.0,
  "mean_final_ee_error_m": 0.041710373014211655,
  "mean_min_ee_error_m": 0.041710373014211655,
  "rollouts": [
    {
      "steps": 42,
      "done_reason": "success",
      "final_done_reason": "success",
      "first_done_step": 42,
      "first_success_step": 42,
      "fixed_duration_steps": null,
      "success": true,
      "reached_tolerance": true,
      "final_ee_error_m": 0.041710373014211655,
      "min_ee_error_m": 0.041710373014211655,
      "mean_ee_error_m": 2.644867181777954,
      "reward_sum": 153.08929443359375,
      "unsafe_action_rate": 0.0,
      "min_clearance_m": 0.13348466157913208,
      "goal_base": [
        3.647160053253174,
        3.9679200649261475,
        -1.588189959526062
      ],
      "contact_kind": null,
      "contact_links": [],
      "joint_limit_labels": [],
      "rollout_index": 0
    }
  ]
}
Actor MLP: Sequential(
  (0): Linear(in_features=26, out_features=256, bias=True)
  (1): ELU(alpha=1.0)
  (2): Linear(in_features=256, out_features=128, bias=True)
  (3): ELU(alpha=1.0)
  (4): Linear(in_features=128, out_features=64, bias=True)
  (5): ELU(alpha=1.0)
  (6): Linear(in_features=64, out_features=4, bias=True)
)
Critic MLP: Sequential(
  (0): Linear(in_features=26, out_features=256, bias=True)
  (1): ELU(alpha=1.0)
  (2): Linear(in_features=256, out_features=128, bias=True)
  (3): ELU(alpha=1.0)
  (4): Linear(in_features=128, out_features=64, bias=True)
  (5): ELU(alpha=1.0)
  (6): Linear(in_features=64, out_features=1, bias=True)
)
!!!!!!!!!!!!!added lock!!!!!!!!!!!!
{"steps": 33, "done_reason": "success", "final_done_reason": "success", "first_done_step": 33, "first_success_step": 33, "fixed_duration_steps": null, "success": true, "reached_tolerance": true, "final_ee_error_m": 0.04175740107893944, "min_ee_error_m": 0.04175740107893944, "mean_ee_error_m": 0.6802055835723877, "reward_sum": 158.28330993652344, "unsafe_action_rate": 0.0, "min_clearance_m": 0.13348466157913208, "goal_base": [5.175220012664795, -0.8543400168418884, -2.1999599933624268], "contact_kind": null, "contact_links": [], "joint_limit_labels": [], "rollout_index": 0}
{
  "backend": "chrono_arm_reaching",
  "policy_checkpoint": "/home/harry/NeDM/artifacts/rl_runs/arm_reach_adaptivekl005_lr1e4_tol005_ep150_bonus150_sigma015_8d_rom_20260727/model_1499.pt",
  "pre_roll_time_s": 6.0,
  "render": false,
  "save_render_frames": false,
  "frame_output_dir": null,
  "render_steps": 1,
  "consecutive_goals": false,
  "goal_duration_s": null,
  "goal_duration_steps": null,
  "requested_goals": 1,
  "num_rollouts": 1,
  "success_rate": 1.0,
  "reached_tolerance_rate": 1.0,
  "mean_final_ee_error_m": 0.04175740107893944,
  "mean_min_ee_error_m": 0.04175740107893944,
  "rollouts": [
    {
      "steps": 33,
      "done_reason": "success",
      "final_done_reason": "success",
      "first_done_step": 33,
      "first_success_step": 33,
      "fixed_duration_steps": null,
      "success": true,
      "reached_tolerance": true,
      "final_ee_error_m": 0.04175740107893944,
      "min_ee_error_m": 0.04175740107893944,
      "mean_ee_error_m": 0.6802055835723877,
      "reward_sum": 158.28330993652344,
      "unsafe_action_rate": 0.0,
      "min_clearance_m": 0.13348466157913208,
      "goal_base": [
        5.175220012664795,
        -0.8543400168418884,
        -2.1999599933624268
      ],
      "contact_kind": null,
      "contact_links": [],
      "joint_limit_labels": [],
      "rollout_index": 0
    }
  ]
}
Actor MLP: Sequential(
  (0): Linear(in_features=26, out_features=256, bias=True)
  (1): ELU(alpha=1.0)
  (2): Linear(in_features=256, out_features=128, bias=True)
  (3): ELU(alpha=1.0)
  (4): Linear(in_features=128, out_features=64, bias=True)
  (5): ELU(alpha=1.0)
  (6): Linear(in_features=64, out_features=4, bias=True)
)
Critic MLP: Sequential(
  (0): Linear(in_features=26, out_features=256, bias=True)
  (1): ELU(alpha=1.0)
  (2): Linear(in_features=256, out_features=128, bias=True)
  (3): ELU(alpha=1.0)
  (4): Linear(in_features=128, out_features=64, bias=True)
  (5): ELU(alpha=1.0)
  (6): Linear(in_features=64, out_features=1, bias=True)
)
!!!!!!!!!!!!!added lock!!!!!!!!!!!!
{"steps": 67, "done_reason": "success", "final_done_reason": "success", "first_done_step": 67, "first_success_step": 67, "fixed_duration_steps": null, "success": true, "reached_tolerance": true, "final_ee_error_m": 0.03905009478330612, "min_ee_error_m": 0.03905009478330612, "mean_ee_error_m": 0.705573320388794, "reward_sum": 167.42079162597656, "unsafe_action_rate": 0.0, "min_clearance_m": 0.13142389059066772, "goal_base": [4.8832597732543945, 0.8141199946403503, -2.9161601066589355], "contact_kind": null, "contact_links": [], "joint_limit_labels": [], "rollout_index": 0}
{
  "backend": "chrono_arm_reaching",
  "policy_checkpoint": "/home/harry/NeDM/artifacts/rl_runs/arm_reach_adaptivekl005_lr1e4_tol005_ep150_bonus150_sigma015_8d_rom_20260727/model_1499.pt",
  "pre_roll_time_s": 6.0,
  "render": false,
  "save_render_frames": false,
  "frame_output_dir": null,
  "render_steps": 1,
  "consecutive_goals": false,
  "goal_duration_s": null,
  "goal_duration_steps": null,
  "requested_goals": 1,
  "num_rollouts": 1,
  "success_rate": 1.0,
  "reached_tolerance_rate": 1.0,
  "mean_final_ee_error_m": 0.03905009478330612,
  "mean_min_ee_error_m": 0.03905009478330612,
  "rollouts": [
    {
      "steps": 67,
      "done_reason": "success",
      "final_done_reason": "success",
      "first_done_step": 67,
      "first_success_step": 67,
      "fixed_duration_steps": null,
      "success": true,
      "reached_tolerance": true,
      "final_ee_error_m": 0.03905009478330612,
      "min_ee_error_m": 0.03905009478330612,
      "mean_ee_error_m": 0.705573320388794,
      "reward_sum": 167.42079162597656,
      "unsafe_action_rate": 0.0,
      "min_clearance_m": 0.13142389059066772,
      "goal_base": [
        4.8832597732543945,
        0.8141199946403503,
        -2.9161601066589355
      ],
      "contact_kind": null,
      "contact_links": [],
      "joint_limit_labels": [],
      "rollout_index": 0
    }
  ]
}
Actor MLP: Sequential(
  (0): Linear(in_features=26, out_features=256, bias=True)
  (1): ELU(alpha=1.0)
  (2): Linear(in_features=256, out_features=128, bias=True)
  (3): ELU(alpha=1.0)
  (4): Linear(in_features=128, out_features=64, bias=True)
  (5): ELU(alpha=1.0)
  (6): Linear(in_features=64, out_features=4, bias=True)
)
Critic MLP: Sequential(
  (0): Linear(in_features=26, out_features=256, bias=True)
  (1): ELU(alpha=1.0)
  (2): Linear(in_features=256, out_features=128, bias=True)
  (3): ELU(alpha=1.0)
  (4): Linear(in_features=128, out_features=64, bias=True)
  (5): ELU(alpha=1.0)
  (6): Linear(in_features=64, out_features=1, bias=True)
)
!!!!!!!!!!!!!added lock!!!!!!!!!!!!
{"steps": 67, "done_reason": "success", "final_done_reason": "success", "first_done_step": 67, "first_success_step": 67, "fixed_duration_steps": null, "success": true, "reached_tolerance": true, "final_ee_error_m": 0.040626976639032364, "min_ee_error_m": 0.040626976639032364, "mean_ee_error_m": 0.6952223777770996, "reward_sum": 166.22967529296875, "unsafe_action_rate": 0.0, "min_clearance_m": 0.13272744417190552, "goal_base": [4.9933600425720215, 0.9836500287055969, -2.6203999519348145], "contact_kind": null, "contact_links": [], "joint_limit_labels": [], "rollout_index": 0}
{
  "backend": "chrono_arm_reaching",
  "policy_checkpoint": "/home/harry/NeDM/artifacts/rl_runs/arm_reach_adaptivekl005_lr1e4_tol005_ep150_bonus150_sigma015_8d_rom_20260727/model_1499.pt",
  "pre_roll_time_s": 6.0,
  "render": false,
  "save_render_frames": false,
  "frame_output_dir": null,
  "render_steps": 1,
  "consecutive_goals": false,
  "goal_duration_s": null,
  "goal_duration_steps": null,
  "requested_goals": 1,
  "num_rollouts": 1,
  "success_rate": 1.0,
  "reached_tolerance_rate": 1.0,
  "mean_final_ee_error_m": 0.040626976639032364,
  "mean_min_ee_error_m": 0.040626976639032364,
  "rollouts": [
    {
      "steps": 67,
      "done_reason": "success",
      "final_done_reason": "success",
      "first_done_step": 67,
      "first_success_step": 67,
      "fixed_duration_steps": null,
      "success": true,
      "reached_tolerance": true,
      "final_ee_error_m": 0.040626976639032364,
      "min_ee_error_m": 0.040626976639032364,
      "mean_ee_error_m": 0.6952223777770996,
      "reward_sum": 166.22967529296875,
      "unsafe_action_rate": 0.0,
      "min_clearance_m": 0.13272744417190552,
      "goal_base": [
        4.9933600425720215,
        0.9836500287055969,
        -2.6203999519348145
      ],
      "contact_kind": null,
      "contact_links": [],
      "joint_limit_labels": [],
      "rollout_index": 0
    }
  ]
}
Actor MLP: Sequential(
  (0): Linear(in_features=26, out_features=256, bias=True)
  (1): ELU(alpha=1.0)
  (2): Linear(in_features=256, out_features=128, bias=True)
  (3): ELU(alpha=1.0)
  (4): Linear(in_features=128, out_features=64, bias=True)
  (5): ELU(alpha=1.0)
  (6): Linear(in_features=64, out_features=4, bias=True)
)
Critic MLP: Sequential(
  (0): Linear(in_features=26, out_features=256, bias=True)
  (1): ELU(alpha=1.0)
  (2): Linear(in_features=256, out_features=128, bias=True)
  (3): ELU(alpha=1.0)
  (4): Linear(in_features=128, out_features=64, bias=True)
  (5): ELU(alpha=1.0)
  (6): Linear(in_features=64, out_features=1, bias=True)
)
!!!!!!!!!!!!!added lock!!!!!!!!!!!!
{"steps": 51, "done_reason": "success", "final_done_reason": "success", "first_done_step": 51, "first_success_step": 51, "fixed_duration_steps": null, "success": true, "reached_tolerance": true, "final_ee_error_m": 0.04614933207631111, "min_ee_error_m": 0.04614933207631111, "mean_ee_error_m": 2.500227689743042, "reward_sum": 155.72601318359375, "unsafe_action_rate": 0.0, "min_clearance_m": 0.1293216347694397, "goal_base": [2.9420700073242188, 3.5387699604034424, -3.6560800075531006], "contact_kind": null, "contact_links": [], "joint_limit_labels": [], "rollout_index": 0}
{
  "backend": "chrono_arm_reaching",
  "policy_checkpoint": "/home/harry/NeDM/artifacts/rl_runs/arm_reach_adaptivekl005_lr1e4_tol005_ep150_bonus150_sigma015_8d_rom_20260727/model_1499.pt",
  "pre_roll_time_s": 6.0,
  "render": false,
  "save_render_frames": false,
  "frame_output_dir": null,
  "render_steps": 1,
  "consecutive_goals": false,
  "goal_duration_s": null,
  "goal_duration_steps": null,
  "requested_goals": 1,
  "num_rollouts": 1,
  "success_rate": 1.0,
  "reached_tolerance_rate": 1.0,
  "mean_final_ee_error_m": 0.04614933207631111,
  "mean_min_ee_error_m": 0.04614933207631111,
  "rollouts": [
    {
      "steps": 51,
      "done_reason": "success",
      "final_done_reason": "success",
      "first_done_step": 51,
      "first_success_step": 51,
      "fixed_duration_steps": null,
      "success": true,
      "reached_tolerance": true,
      "final_ee_error_m": 0.04614933207631111,
      "min_ee_error_m": 0.04614933207631111,
      "mean_ee_error_m": 2.500227689743042,
      "reward_sum": 155.72601318359375,
      "unsafe_action_rate": 0.0,
      "min_clearance_m": 0.1293216347694397,
      "goal_base": [
        2.9420700073242188,
        3.5387699604034424,
        -3.6560800075531006
      ],
      "contact_kind": null,
      "contact_links": [],
      "joint_limit_labels": [],
      "rollout_index": 0
    }
  ]
}
Actor MLP: Sequential(
  (0): Linear(in_features=26, out_features=256, bias=True)
  (1): ELU(alpha=1.0)
  (2): Linear(in_features=256, out_features=128, bias=True)
  (3): ELU(alpha=1.0)
  (4): Linear(in_features=128, out_features=64, bias=True)
  (5): ELU(alpha=1.0)
  (6): Linear(in_features=64, out_features=4, bias=True)
)
Critic MLP: Sequential(
  (0): Linear(in_features=26, out_features=256, bias=True)
  (1): ELU(alpha=1.0)
  (2): Linear(in_features=256, out_features=128, bias=True)
  (3): ELU(alpha=1.0)
  (4): Linear(in_features=128, out_features=64, bias=True)
  (5): ELU(alpha=1.0)
  (6): Linear(in_features=64, out_features=1, bias=True)
)
!!!!!!!!!!!!!added lock!!!!!!!!!!!!
{"steps": 92, "done_reason": "success", "final_done_reason": "success", "first_done_step": 92, "first_success_step": 92, "fixed_duration_steps": null, "success": true, "reached_tolerance": true, "final_ee_error_m": 0.04981421306729317, "min_ee_error_m": 0.04981421306729317, "mean_ee_error_m": 2.2960803508758545, "reward_sum": 161.18264770507812, "unsafe_action_rate": 0.0, "min_clearance_m": 0.13348466157913208, "goal_base": [0.7213500142097473, -5.052999973297119, -2.2809898853302], "contact_kind": null, "contact_links": [], "joint_limit_labels": [], "rollout_index": 0}
{
  "backend": "chrono_arm_reaching",
  "policy_checkpoint": "/home/harry/NeDM/artifacts/rl_runs/arm_reach_adaptivekl005_lr1e4_tol005_ep150_bonus150_sigma015_8d_rom_20260727/model_1499.pt",
  "pre_roll_time_s": 6.0,
  "render": false,
  "save_render_frames": false,
  "frame_output_dir": null,
  "render_steps": 1,
  "consecutive_goals": false,
  "goal_duration_s": null,
  "goal_duration_steps": null,
  "requested_goals": 1,
  "num_rollouts": 1,
  "success_rate": 1.0,
  "reached_tolerance_rate": 1.0,
  "mean_final_ee_error_m": 0.04981421306729317,
  "mean_min_ee_error_m": 0.04981421306729317,
  "rollouts": [
    {
      "steps": 92,
      "done_reason": "success",
      "final_done_reason": "success",
      "first_done_step": 92,
      "first_success_step": 92,
      "fixed_duration_steps": null,
      "success": true,
      "reached_tolerance": true,
      "final_ee_error_m": 0.04981421306729317,
      "min_ee_error_m": 0.04981421306729317,
      "mean_ee_error_m": 2.2960803508758545,
      "reward_sum": 161.18264770507812,
      "unsafe_action_rate": 0.0,
      "min_clearance_m": 0.13348466157913208,
      "goal_base": [
        0.7213500142097473,
        -5.052999973297119,
        -2.2809898853302
      ],
      "contact_kind": null,
      "contact_links": [],
      "joint_limit_labels": [],
      "rollout_index": 0
    }
  ]
}
Actor MLP: Sequential(
  (0): Linear(in_features=26, out_features=256, bias=True)
  (1): ELU(alpha=1.0)
  (2): Linear(in_features=256, out_features=128, bias=True)
  (3): ELU(alpha=1.0)
  (4): Linear(in_features=128, out_features=64, bias=True)
  (5): ELU(alpha=1.0)
  (6): Linear(in_features=64, out_features=4, bias=True)
)
Critic MLP: Sequential(
  (0): Linear(in_features=26, out_features=256, bias=True)
  (1): ELU(alpha=1.0)
  (2): Linear(in_features=256, out_features=128, bias=True)
  (3): ELU(alpha=1.0)
  (4): Linear(in_features=128, out_features=64, bias=True)
  (5): ELU(alpha=1.0)
  (6): Linear(in_features=64, out_features=1, bias=True)
)
!!!!!!!!!!!!!added lock!!!!!!!!!!!!
{"steps": 53, "done_reason": "success", "final_done_reason": "success", "first_done_step": 53, "first_success_step": 53, "fixed_duration_steps": null, "success": true, "reached_tolerance": true, "final_ee_error_m": 0.030345335602760315, "min_ee_error_m": 0.030345335602760315, "mean_ee_error_m": 2.7988083362579346, "reward_sum": 155.28372192382812, "unsafe_action_rate": 0.0, "min_clearance_m": 0.12949353456497192, "goal_base": [2.336129903793335, 4.028689861297607, -3.5490899085998535], "contact_kind": null, "contact_links": [], "joint_limit_labels": [], "rollout_index": 0}
{
  "backend": "chrono_arm_reaching",
  "policy_checkpoint": "/home/harry/NeDM/artifacts/rl_runs/arm_reach_adaptivekl005_lr1e4_tol005_ep150_bonus150_sigma015_8d_rom_20260727/model_1499.pt",
  "pre_roll_time_s": 6.0,
  "render": false,
  "save_render_frames": false,
  "frame_output_dir": null,
  "render_steps": 1,
  "consecutive_goals": false,
  "goal_duration_s": null,
  "goal_duration_steps": null,
  "requested_goals": 1,
  "num_rollouts": 1,
  "success_rate": 1.0,
  "reached_tolerance_rate": 1.0,
  "mean_final_ee_error_m": 0.030345335602760315,
  "mean_min_ee_error_m": 0.030345335602760315,
  "rollouts": [
    {
      "steps": 53,
      "done_reason": "success",
      "final_done_reason": "success",
      "first_done_step": 53,
      "first_success_step": 53,
      "fixed_duration_steps": null,
      "success": true,
      "reached_tolerance": true,
      "final_ee_error_m": 0.030345335602760315,
      "min_ee_error_m": 0.030345335602760315,
      "mean_ee_error_m": 2.7988083362579346,
      "reward_sum": 155.28372192382812,
      "unsafe_action_rate": 0.0,
      "min_clearance_m": 0.12949353456497192,
      "goal_base": [
        2.336129903793335,
        4.028689861297607,
        -3.5490899085998535
      ],
      "contact_kind": null,
      "contact_links": [],
      "joint_limit_labels": [],
      "rollout_index": 0
    }
  ]
}
Actor MLP: Sequential(
  (0): Linear(in_features=26, out_features=256, bias=True)
  (1): ELU(alpha=1.0)
  (2): Linear(in_features=256, out_features=128, bias=True)
  (3): ELU(alpha=1.0)
  (4): Linear(in_features=128, out_features=64, bias=True)
  (5): ELU(alpha=1.0)
  (6): Linear(in_features=64, out_features=4, bias=True)
)
Critic MLP: Sequential(
  (0): Linear(in_features=26, out_features=256, bias=True)
  (1): ELU(alpha=1.0)
  (2): Linear(in_features=256, out_features=128, bias=True)
  (3): ELU(alpha=1.0)
  (4): Linear(in_features=128, out_features=64, bias=True)
  (5): ELU(alpha=1.0)
  (6): Linear(in_features=64, out_features=1, bias=True)
)
!!!!!!!!!!!!!added lock!!!!!!!!!!!!
{"steps": 60, "done_reason": "success", "final_done_reason": "success", "first_done_step": 60, "first_success_step": 60, "fixed_duration_steps": null, "success": true, "reached_tolerance": true, "final_ee_error_m": 0.04202572628855705, "min_ee_error_m": 0.04202572628855705, "mean_ee_error_m": 0.8620262145996094, "reward_sum": 165.37075805664062, "unsafe_action_rate": 0.0, "min_clearance_m": 0.12915664911270142, "goal_base": [4.230569839477539, -1.2664300203323364, -3.7559800148010254], "contact_kind": null, "contact_links": [], "joint_limit_labels": [], "rollout_index": 0}
{
  "backend": "chrono_arm_reaching",
  "policy_checkpoint": "/home/harry/NeDM/artifacts/rl_runs/arm_reach_adaptivekl005_lr1e4_tol005_ep150_bonus150_sigma015_8d_rom_20260727/model_1499.pt",
  "pre_roll_time_s": 6.0,
  "render": false,
  "save_render_frames": false,
  "frame_output_dir": null,
  "render_steps": 1,
  "consecutive_goals": false,
  "goal_duration_s": null,
  "goal_duration_steps": null,
  "requested_goals": 1,
  "num_rollouts": 1,
  "success_rate": 1.0,
  "reached_tolerance_rate": 1.0,
  "mean_final_ee_error_m": 0.04202572628855705,
  "mean_min_ee_error_m": 0.04202572628855705,
  "rollouts": [
    {
      "steps": 60,
      "done_reason": "success",
      "final_done_reason": "success",
      "first_done_step": 60,
      "first_success_step": 60,
      "fixed_duration_steps": null,
      "success": true,
      "reached_tolerance": true,
      "final_ee_error_m": 0.04202572628855705,
      "min_ee_error_m": 0.04202572628855705,
      "mean_ee_error_m": 0.8620262145996094,
      "reward_sum": 165.37075805664062,
      "unsafe_action_rate": 0.0,
      "min_clearance_m": 0.12915664911270142,
      "goal_base": [
        4.230569839477539,
        -1.2664300203323364,
        -3.7559800148010254
      ],
      "contact_kind": null,
      "contact_links": [],
      "joint_limit_labels": [],
      "rollout_index": 0
    }
  ]
}
Actor MLP: Sequential(
  (0): Linear(in_features=26, out_features=256, bias=True)
  (1): ELU(alpha=1.0)
  (2): Linear(in_features=256, out_features=128, bias=True)
  (3): ELU(alpha=1.0)
  (4): Linear(in_features=128, out_features=64, bias=True)
  (5): ELU(alpha=1.0)
  (6): Linear(in_features=64, out_features=4, bias=True)
)
Critic MLP: Sequential(
  (0): Linear(in_features=26, out_features=256, bias=True)
  (1): ELU(alpha=1.0)
  (2): Linear(in_features=256, out_features=128, bias=True)
  (3): ELU(alpha=1.0)
  (4): Linear(in_features=128, out_features=64, bias=True)
  (5): ELU(alpha=1.0)
  (6): Linear(in_features=64, out_features=1, bias=True)
)
!!!!!!!!!!!!!added lock!!!!!!!!!!!!
{"steps": 36, "done_reason": "success", "final_done_reason": "success", "first_done_step": 36, "first_success_step": 36, "fixed_duration_steps": null, "success": true, "reached_tolerance": true, "final_ee_error_m": 0.04236094653606415, "min_ee_error_m": 0.04236094653606415, "mean_ee_error_m": 2.1802663803100586, "reward_sum": 154.11279296875, "unsafe_action_rate": 0.0, "min_clearance_m": 0.12883442640304565, "goal_base": [3.370959997177124, -2.5930399894714355, -4.060629844665527], "contact_kind": null, "contact_links": [], "joint_limit_labels": [], "rollout_index": 0}
{
  "backend": "chrono_arm_reaching",
  "policy_checkpoint": "/home/harry/NeDM/artifacts/rl_runs/arm_reach_adaptivekl005_lr1e4_tol005_ep150_bonus150_sigma015_8d_rom_20260727/model_1499.pt",
  "pre_roll_time_s": 6.0,
  "render": false,
  "save_render_frames": false,
  "frame_output_dir": null,
  "render_steps": 1,
  "consecutive_goals": false,
  "goal_duration_s": null,
  "goal_duration_steps": null,
  "requested_goals": 1,
  "num_rollouts": 1,
  "success_rate": 1.0,
  "reached_tolerance_rate": 1.0,
  "mean_final_ee_error_m": 0.04236094653606415,
  "mean_min_ee_error_m": 0.04236094653606415,
  "rollouts": [
    {
      "steps": 36,
      "done_reason": "success",
      "final_done_reason": "success",
      "first_done_step": 36,
      "first_success_step": 36,
      "fixed_duration_steps": null,
      "success": true,
      "reached_tolerance": true,
      "final_ee_error_m": 0.04236094653606415,
      "min_ee_error_m": 0.04236094653606415,
      "mean_ee_error_m": 2.1802663803100586,
      "reward_sum": 154.11279296875,
      "unsafe_action_rate": 0.0,
      "min_clearance_m": 0.12883442640304565,
      "goal_base": [
        3.370959997177124,
        -2.5930399894714355,
        -4.060629844665527
      ],
      "contact_kind": null,
      "contact_links": [],
      "joint_limit_labels": [],
      "rollout_index": 0
    }
  ]
}
Actor MLP: Sequential(
  (0): Linear(in_features=26, out_features=256, bias=True)
  (1): ELU(alpha=1.0)
  (2): Linear(in_features=256, out_features=128, bias=True)
  (3): ELU(alpha=1.0)
  (4): Linear(in_features=128, out_features=64, bias=True)
  (5): ELU(alpha=1.0)
  (6): Linear(in_features=64, out_features=4, bias=True)
)
Critic MLP: Sequential(
  (0): Linear(in_features=26, out_features=256, bias=True)
  (1): ELU(alpha=1.0)
  (2): Linear(in_features=256, out_features=128, bias=True)
  (3): ELU(alpha=1.0)
  (4): Linear(in_features=128, out_features=64, bias=True)
  (5): ELU(alpha=1.0)
  (6): Linear(in_features=64, out_features=1, bias=True)
)
!!!!!!!!!!!!!added lock!!!!!!!!!!!!
{"steps": 39, "done_reason": "success", "final_done_reason": "success", "first_done_step": 39, "first_success_step": 39, "fixed_duration_steps": null, "success": true, "reached_tolerance": true, "final_ee_error_m": 0.04248487204313278, "min_ee_error_m": 0.04248487204313278, "mean_ee_error_m": 2.6436569690704346, "reward_sum": 151.69117736816406, "unsafe_action_rate": 0.0, "min_clearance_m": 0.13054567575454712, "goal_base": [3.6672399044036865, 3.2400801181793213, -3.1139700412750244], "contact_kind": null, "contact_links": [], "joint_limit_labels": [], "rollout_index": 0}
{
  "backend": "chrono_arm_reaching",
  "policy_checkpoint": "/home/harry/NeDM/artifacts/rl_runs/arm_reach_adaptivekl005_lr1e4_tol005_ep150_bonus150_sigma015_8d_rom_20260727/model_1499.pt",
  "pre_roll_time_s": 6.0,
  "render": false,
  "save_render_frames": false,
  "frame_output_dir": null,
  "render_steps": 1,
  "consecutive_goals": false,
  "goal_duration_s": null,
  "goal_duration_steps": null,
  "requested_goals": 1,
  "num_rollouts": 1,
  "success_rate": 1.0,
  "reached_tolerance_rate": 1.0,
  "mean_final_ee_error_m": 0.04248487204313278,
  "mean_min_ee_error_m": 0.04248487204313278,
  "rollouts": [
    {
      "steps": 39,
      "done_reason": "success",
      "final_done_reason": "success",
      "first_done_step": 39,
      "first_success_step": 39,
      "fixed_duration_steps": null,
      "success": true,
      "reached_tolerance": true,
      "final_ee_error_m": 0.04248487204313278,
      "min_ee_error_m": 0.04248487204313278,
      "mean_ee_error_m": 2.6436569690704346,
      "reward_sum": 151.69117736816406,
      "unsafe_action_rate": 0.0,
      "min_clearance_m": 0.13054567575454712,
      "goal_base": [
        3.6672399044036865,
        3.2400801181793213,
        -3.1139700412750244
      ],
      "contact_kind": null,
      "contact_links": [],
      "joint_limit_labels": [],
      "rollout_index": 0
    }
  ]
}
Actor MLP: Sequential(
  (0): Linear(in_features=26, out_features=256, bias=True)
  (1): ELU(alpha=1.0)
  (2): Linear(in_features=256, out_features=128, bias=True)
  (3): ELU(alpha=1.0)
  (4): Linear(in_features=128, out_features=64, bias=True)
  (5): ELU(alpha=1.0)
  (6): Linear(in_features=64, out_features=4, bias=True)
)
Critic MLP: Sequential(
  (0): Linear(in_features=26, out_features=256, bias=True)
  (1): ELU(alpha=1.0)
  (2): Linear(in_features=256, out_features=128, bias=True)
  (3): ELU(alpha=1.0)
  (4): Linear(in_features=128, out_features=64, bias=True)
  (5): ELU(alpha=1.0)
  (6): Linear(in_features=64, out_features=1, bias=True)
)
!!!!!!!!!!!!!added lock!!!!!!!!!!!!
{"steps": 87, "done_reason": "success", "final_done_reason": "success", "first_done_step": 87, "first_success_step": 87, "fixed_duration_steps": null, "success": true, "reached_tolerance": true, "final_ee_error_m": 0.039886344224214554, "min_ee_error_m": 0.039886344224214554, "mean_ee_error_m": 1.6074203252792358, "reward_sum": 167.8904571533203, "unsafe_action_rate": 0.0, "min_clearance_m": 0.12857896089553833, "goal_base": [2.403860092163086, 2.7667698860168457, -4.625899791717529], "contact_kind": null, "contact_links": [], "joint_limit_labels": [], "rollout_index": 0}
{
  "backend": "chrono_arm_reaching",
  "policy_checkpoint": "/home/harry/NeDM/artifacts/rl_runs/arm_reach_adaptivekl005_lr1e4_tol005_ep150_bonus150_sigma015_8d_rom_20260727/model_1499.pt",
  "pre_roll_time_s": 6.0,
  "render": false,
  "save_render_frames": false,
  "frame_output_dir": null,
  "render_steps": 1,
  "consecutive_goals": false,
  "goal_duration_s": null,
  "goal_duration_steps": null,
  "requested_goals": 1,
  "num_rollouts": 1,
  "success_rate": 1.0,
  "reached_tolerance_rate": 1.0,
  "mean_final_ee_error_m": 0.039886344224214554,
  "mean_min_ee_error_m": 0.039886344224214554,
  "rollouts": [
    {
      "steps": 87,
      "done_reason": "success",
      "final_done_reason": "success",
      "first_done_step": 87,
      "first_success_step": 87,
      "fixed_duration_steps": null,
      "success": true,
      "reached_tolerance": true,
      "final_ee_error_m": 0.039886344224214554,
      "min_ee_error_m": 0.039886344224214554,
      "mean_ee_error_m": 1.6074203252792358,
      "reward_sum": 167.8904571533203,
      "unsafe_action_rate": 0.0,
      "min_clearance_m": 0.12857896089553833,
      "goal_base": [
        2.403860092163086,
        2.7667698860168457,
        -4.625899791717529
      ],
      "contact_kind": null,
      "contact_links": [],
      "joint_limit_labels": [],
      "rollout_index": 0
    }
  ]
}
Actor MLP: Sequential(
  (0): Linear(in_features=26, out_features=256, bias=True)
  (1): ELU(alpha=1.0)
  (2): Linear(in_features=256, out_features=128, bias=True)
  (3): ELU(alpha=1.0)
  (4): Linear(in_features=128, out_features=64, bias=True)
  (5): ELU(alpha=1.0)
  (6): Linear(in_features=64, out_features=4, bias=True)
)
Critic MLP: Sequential(
  (0): Linear(in_features=26, out_features=256, bias=True)
  (1): ELU(alpha=1.0)
  (2): Linear(in_features=256, out_features=128, bias=True)
  (3): ELU(alpha=1.0)
  (4): Linear(in_features=128, out_features=64, bias=True)
  (5): ELU(alpha=1.0)
  (6): Linear(in_features=64, out_features=1, bias=True)
)
!!!!!!!!!!!!!added lock!!!!!!!!!!!!
{"steps": 40, "done_reason": "success", "final_done_reason": "success", "first_done_step": 40, "first_success_step": 40, "fixed_duration_steps": null, "success": true, "reached_tolerance": true, "final_ee_error_m": 0.025671668350696564, "min_ee_error_m": 0.025671668350696564, "mean_ee_error_m": 3.352519989013672, "reward_sum": 151.6329345703125, "unsafe_action_rate": 0.0, "min_clearance_m": 0.13331395387649536, "goal_base": [2.857680082321167, 4.3442301750183105, -2.4338901042938232], "contact_kind": null, "contact_links": [], "joint_limit_labels": [], "rollout_index": 0}
{
  "backend": "chrono_arm_reaching",
  "policy_checkpoint": "/home/harry/NeDM/artifacts/rl_runs/arm_reach_adaptivekl005_lr1e4_tol005_ep150_bonus150_sigma015_8d_rom_20260727/model_1499.pt",
  "pre_roll_time_s": 6.0,
  "render": false,
  "save_render_frames": false,
  "frame_output_dir": null,
  "render_steps": 1,
  "consecutive_goals": false,
  "goal_duration_s": null,
  "goal_duration_steps": null,
  "requested_goals": 1,
  "num_rollouts": 1,
  "success_rate": 1.0,
  "reached_tolerance_rate": 1.0,
  "mean_final_ee_error_m": 0.025671668350696564,
  "mean_min_ee_error_m": 0.025671668350696564,
  "rollouts": [
    {
      "steps": 40,
      "done_reason": "success",
      "final_done_reason": "success",
      "first_done_step": 40,
      "first_success_step": 40,
      "fixed_duration_steps": null,
      "success": true,
      "reached_tolerance": true,
      "final_ee_error_m": 0.025671668350696564,
      "min_ee_error_m": 0.025671668350696564,
      "mean_ee_error_m": 3.352519989013672,
      "reward_sum": 151.6329345703125,
      "unsafe_action_rate": 0.0,
      "min_clearance_m": 0.13331395387649536,
      "goal_base": [
        2.857680082321167,
        4.3442301750183105,
        -2.4338901042938232
      ],
      "contact_kind": null,
      "contact_links": [],
      "joint_limit_labels": [],
      "rollout_index": 0
    }
  ]
}
Actor MLP: Sequential(
  (0): Linear(in_features=26, out_features=256, bias=True)
  (1): ELU(alpha=1.0)
  (2): Linear(in_features=256, out_features=128, bias=True)
  (3): ELU(alpha=1.0)
  (4): Linear(in_features=128, out_features=64, bias=True)
  (5): ELU(alpha=1.0)
  (6): Linear(in_features=64, out_features=4, bias=True)
)
Critic MLP: Sequential(
  (0): Linear(in_features=26, out_features=256, bias=True)
  (1): ELU(alpha=1.0)
  (2): Linear(in_features=256, out_features=128, bias=True)
  (3): ELU(alpha=1.0)
  (4): Linear(in_features=128, out_features=64, bias=True)
  (5): ELU(alpha=1.0)
  (6): Linear(in_features=64, out_features=1, bias=True)
)
!!!!!!!!!!!!!added lock!!!!!!!!!!!!
{"steps": 39, "done_reason": "success", "final_done_reason": "success", "first_done_step": 39, "first_success_step": 39, "fixed_duration_steps": null, "success": true, "reached_tolerance": true, "final_ee_error_m": 0.02808094024658203, "min_ee_error_m": 0.02808094024658203, "mean_ee_error_m": 3.8946127891540527, "reward_sum": 151.46392822265625, "unsafe_action_rate": 0.0, "min_clearance_m": 0.1327083706855774, "goal_base": [1.7694499492645264, -4.730040073394775, -2.6933200359344482], "contact_kind": null, "contact_links": [], "joint_limit_labels": [], "rollout_index": 0}
{
  "backend": "chrono_arm_reaching",
  "policy_checkpoint": "/home/harry/NeDM/artifacts/rl_runs/arm_reach_adaptivekl005_lr1e4_tol005_ep150_bonus150_sigma015_8d_rom_20260727/model_1499.pt",
  "pre_roll_time_s": 6.0,
  "render": false,
  "save_render_frames": false,
  "frame_output_dir": null,
  "render_steps": 1,
  "consecutive_goals": false,
  "goal_duration_s": null,
  "goal_duration_steps": null,
  "requested_goals": 1,
  "num_rollouts": 1,
  "success_rate": 1.0,
  "reached_tolerance_rate": 1.0,
  "mean_final_ee_error_m": 0.02808094024658203,
  "mean_min_ee_error_m": 0.02808094024658203,
  "rollouts": [
    {
      "steps": 39,
      "done_reason": "success",
      "final_done_reason": "success",
      "first_done_step": 39,
      "first_success_step": 39,
      "fixed_duration_steps": null,
      "success": true,
      "reached_tolerance": true,
      "final_ee_error_m": 0.02808094024658203,
      "min_ee_error_m": 0.02808094024658203,
      "mean_ee_error_m": 3.8946127891540527,
      "reward_sum": 151.46392822265625,
      "unsafe_action_rate": 0.0,
      "min_clearance_m": 0.1327083706855774,
      "goal_base": [
        1.7694499492645264,
        -4.730040073394775,
        -2.6933200359344482
      ],
      "contact_kind": null,
      "contact_links": [],
      "joint_limit_labels": [],
      "rollout_index": 0
    }
  ]
}
Actor MLP: Sequential(
  (0): Linear(in_features=26, out_features=256, bias=True)
  (1): ELU(alpha=1.0)
  (2): Linear(in_features=256, out_features=128, bias=True)
  (3): ELU(alpha=1.0)
  (4): Linear(in_features=128, out_features=64, bias=True)
  (5): ELU(alpha=1.0)
  (6): Linear(in_features=64, out_features=4, bias=True)
)
Critic MLP: Sequential(
  (0): Linear(in_features=26, out_features=256, bias=True)
  (1): ELU(alpha=1.0)
  (2): Linear(in_features=256, out_features=128, bias=True)
  (3): ELU(alpha=1.0)
  (4): Linear(in_features=128, out_features=64, bias=True)
  (5): ELU(alpha=1.0)
  (6): Linear(in_features=64, out_features=1, bias=True)
)
!!!!!!!!!!!!!added lock!!!!!!!!!!!!
{"steps": 55, "done_reason": "success", "final_done_reason": "success", "first_done_step": 55, "first_success_step": 55, "fixed_duration_steps": null, "success": true, "reached_tolerance": true, "final_ee_error_m": 0.04433320090174675, "min_ee_error_m": 0.04433320090174675, "mean_ee_error_m": 3.3799710273742676, "reward_sum": 153.6880645751953, "unsafe_action_rate": 0.0, "min_clearance_m": 0.13348466157913208, "goal_base": [1.146090030670166, -5.212299823760986, -2.037169933319092], "contact_kind": null, "contact_links": [], "joint_limit_labels": [], "rollout_index": 0}
{
  "backend": "chrono_arm_reaching",
  "policy_checkpoint": "/home/harry/NeDM/artifacts/rl_runs/arm_reach_adaptivekl005_lr1e4_tol005_ep150_bonus150_sigma015_8d_rom_20260727/model_1499.pt",
  "pre_roll_time_s": 6.0,
  "render": false,
  "save_render_frames": false,
  "frame_output_dir": null,
  "render_steps": 1,
  "consecutive_goals": false,
  "goal_duration_s": null,
  "goal_duration_steps": null,
  "requested_goals": 1,
  "num_rollouts": 1,
  "success_rate": 1.0,
  "reached_tolerance_rate": 1.0,
  "mean_final_ee_error_m": 0.04433320090174675,
  "mean_min_ee_error_m": 0.04433320090174675,
  "rollouts": [
    {
      "steps": 55,
      "done_reason": "success",
      "final_done_reason": "success",
      "first_done_step": 55,
      "first_success_step": 55,
      "fixed_duration_steps": null,
      "success": true,
      "reached_tolerance": true,
      "final_ee_error_m": 0.04433320090174675,
      "min_ee_error_m": 0.04433320090174675,
      "mean_ee_error_m": 3.3799710273742676,
      "reward_sum": 153.6880645751953,
      "unsafe_action_rate": 0.0,
      "min_clearance_m": 0.13348466157913208,
      "goal_base": [
        1.146090030670166,
        -5.212299823760986,
        -2.037169933319092
      ],
      "contact_kind": null,
      "contact_links": [],
      "joint_limit_labels": [],
      "rollout_index": 0
    }
  ]
}
Actor MLP: Sequential(
  (0): Linear(in_features=26, out_features=256, bias=True)
  (1): ELU(alpha=1.0)
  (2): Linear(in_features=256, out_features=128, bias=True)
  (3): ELU(alpha=1.0)
  (4): Linear(in_features=128, out_features=64, bias=True)
  (5): ELU(alpha=1.0)
  (6): Linear(in_features=64, out_features=4, bias=True)
)
Critic MLP: Sequential(
  (0): Linear(in_features=26, out_features=256, bias=True)
  (1): ELU(alpha=1.0)
  (2): Linear(in_features=256, out_features=128, bias=True)
  (3): ELU(alpha=1.0)
  (4): Linear(in_features=128, out_features=64, bias=True)
  (5): ELU(alpha=1.0)
  (6): Linear(in_features=64, out_features=1, bias=True)
)
!!!!!!!!!!!!!added lock!!!!!!!!!!!!
{"steps": 34, "done_reason": "success", "final_done_reason": "success", "first_done_step": 34, "first_success_step": 34, "fixed_duration_steps": null, "success": true, "reached_tolerance": true, "final_ee_error_m": 0.04687367379665375, "min_ee_error_m": 0.04687367379665375, "mean_ee_error_m": 0.9777888655662537, "reward_sum": 156.97056579589844, "unsafe_action_rate": 0.0, "min_clearance_m": 0.13162773847579956, "goal_base": [4.8915300369262695, -1.1596200466156006, -2.9007298946380615], "contact_kind": null, "contact_links": [], "joint_limit_labels": [], "rollout_index": 0}
{
  "backend": "chrono_arm_reaching",
  "policy_checkpoint": "/home/harry/NeDM/artifacts/rl_runs/arm_reach_adaptivekl005_lr1e4_tol005_ep150_bonus150_sigma015_8d_rom_20260727/model_1499.pt",
  "pre_roll_time_s": 6.0,
  "render": false,
  "save_render_frames": false,
  "frame_output_dir": null,
  "render_steps": 1,
  "consecutive_goals": false,
  "goal_duration_s": null,
  "goal_duration_steps": null,
  "requested_goals": 1,
  "num_rollouts": 1,
  "success_rate": 1.0,
  "reached_tolerance_rate": 1.0,
  "mean_final_ee_error_m": 0.04687367379665375,
  "mean_min_ee_error_m": 0.04687367379665375,
  "rollouts": [
    {
      "steps": 34,
      "done_reason": "success",
      "final_done_reason": "success",
      "first_done_step": 34,
      "first_success_step": 34,
      "fixed_duration_steps": null,
      "success": true,
      "reached_tolerance": true,
      "final_ee_error_m": 0.04687367379665375,
      "min_ee_error_m": 0.04687367379665375,
      "mean_ee_error_m": 0.9777888655662537,
      "reward_sum": 156.97056579589844,
      "unsafe_action_rate": 0.0,
      "min_clearance_m": 0.13162773847579956,
      "goal_base": [
        4.8915300369262695,
        -1.1596200466156006,
        -2.9007298946380615
      ],
      "contact_kind": null,
      "contact_links": [],
      "joint_limit_labels": [],
      "rollout_index": 0
    }
  ]
}
Actor MLP: Sequential(
  (0): Linear(in_features=26, out_features=256, bias=True)
  (1): ELU(alpha=1.0)
  (2): Linear(in_features=256, out_features=128, bias=True)
  (3): ELU(alpha=1.0)
  (4): Linear(in_features=128, out_features=64, bias=True)
  (5): ELU(alpha=1.0)
  (6): Linear(in_features=64, out_features=4, bias=True)
)
Critic MLP: Sequential(
  (0): Linear(in_features=26, out_features=256, bias=True)
  (1): ELU(alpha=1.0)
  (2): Linear(in_features=256, out_features=128, bias=True)
  (3): ELU(alpha=1.0)
  (4): Linear(in_features=128, out_features=64, bias=True)
  (5): ELU(alpha=1.0)
  (6): Linear(in_features=64, out_features=1, bias=True)
)
!!!!!!!!!!!!!added lock!!!!!!!!!!!!
{"steps": 40, "done_reason": "success", "final_done_reason": "success", "first_done_step": 40, "first_success_step": 40, "fixed_duration_steps": null, "success": true, "reached_tolerance": true, "final_ee_error_m": 0.04272950813174248, "min_ee_error_m": 0.04272950813174248, "mean_ee_error_m": 2.6413307189941406, "reward_sum": 152.13829040527344, "unsafe_action_rate": 0.0, "min_clearance_m": 0.13348466157913208, "goal_base": [3.752000093460083, 3.719249963760376, -2.117650032043457], "contact_kind": null, "contact_links": [], "joint_limit_labels": [], "rollout_index": 0}
{
  "backend": "chrono_arm_reaching",
  "policy_checkpoint": "/home/harry/NeDM/artifacts/rl_runs/arm_reach_adaptivekl005_lr1e4_tol005_ep150_bonus150_sigma015_8d_rom_20260727/model_1499.pt",
  "pre_roll_time_s": 6.0,
  "render": false,
  "save_render_frames": false,
  "frame_output_dir": null,
  "render_steps": 1,
  "consecutive_goals": false,
  "goal_duration_s": null,
  "goal_duration_steps": null,
  "requested_goals": 1,
  "num_rollouts": 1,
  "success_rate": 1.0,
  "reached_tolerance_rate": 1.0,
  "mean_final_ee_error_m": 0.04272950813174248,
  "mean_min_ee_error_m": 0.04272950813174248,
  "rollouts": [
    {
      "steps": 40,
      "done_reason": "success",
      "final_done_reason": "success",
      "first_done_step": 40,
      "first_success_step": 40,
      "fixed_duration_steps": null,
      "success": true,
      "reached_tolerance": true,
      "final_ee_error_m": 0.04272950813174248,
      "min_ee_error_m": 0.04272950813174248,
      "mean_ee_error_m": 2.6413307189941406,
      "reward_sum": 152.13829040527344,
      "unsafe_action_rate": 0.0,
      "min_clearance_m": 0.13348466157913208,
      "goal_base": [
        3.752000093460083,
        3.719249963760376,
        -2.117650032043457
      ],
      "contact_kind": null,
      "contact_links": [],
      "joint_limit_labels": [],
      "rollout_index": 0
    }
  ]
}
Actor MLP: Sequential(
  (0): Linear(in_features=26, out_features=256, bias=True)
  (1): ELU(alpha=1.0)
  (2): Linear(in_features=256, out_features=128, bias=True)
  (3): ELU(alpha=1.0)
  (4): Linear(in_features=128, out_features=64, bias=True)
  (5): ELU(alpha=1.0)
  (6): Linear(in_features=64, out_features=4, bias=True)
)
Critic MLP: Sequential(
  (0): Linear(in_features=26, out_features=256, bias=True)
  (1): ELU(alpha=1.0)
  (2): Linear(in_features=256, out_features=128, bias=True)
  (3): ELU(alpha=1.0)
  (4): Linear(in_features=128, out_features=64, bias=True)
  (5): ELU(alpha=1.0)
  (6): Linear(in_features=64, out_features=1, bias=True)
)
!!!!!!!!!!!!!added lock!!!!!!!!!!!!
{"steps": 70, "done_reason": "success", "final_done_reason": "success", "first_done_step": 70, "first_success_step": 70, "fixed_duration_steps": null, "success": true, "reached_tolerance": true, "final_ee_error_m": 0.02653774991631508, "min_ee_error_m": 0.02653774991631508, "mean_ee_error_m": 0.8980007767677307, "reward_sum": 167.06227111816406, "unsafe_action_rate": 0.0, "min_clearance_m": 0.132318913936615, "goal_base": [4.745790004730225, 1.724329948425293, -2.7235400676727295], "contact_kind": null, "contact_links": [], "joint_limit_labels": [], "rollout_index": 0}
{
  "backend": "chrono_arm_reaching",
  "policy_checkpoint": "/home/harry/NeDM/artifacts/rl_runs/arm_reach_adaptivekl005_lr1e4_tol005_ep150_bonus150_sigma015_8d_rom_20260727/model_1499.pt",
  "pre_roll_time_s": 6.0,
  "render": false,
  "save_render_frames": false,
  "frame_output_dir": null,
  "render_steps": 1,
  "consecutive_goals": false,
  "goal_duration_s": null,
  "goal_duration_steps": null,
  "requested_goals": 1,
  "num_rollouts": 1,
  "success_rate": 1.0,
  "reached_tolerance_rate": 1.0,
  "mean_final_ee_error_m": 0.02653774991631508,
  "mean_min_ee_error_m": 0.02653774991631508,
  "rollouts": [
    {
      "steps": 70,
      "done_reason": "success",
      "final_done_reason": "success",
      "first_done_step": 70,
      "first_success_step": 70,
      "fixed_duration_steps": null,
      "success": true,
      "reached_tolerance": true,
      "final_ee_error_m": 0.02653774991631508,
      "min_ee_error_m": 0.02653774991631508,
      "mean_ee_error_m": 0.8980007767677307,
      "reward_sum": 167.06227111816406,
      "unsafe_action_rate": 0.0,
      "min_clearance_m": 0.132318913936615,
      "goal_base": [
        4.745790004730225,
        1.724329948425293,
        -2.7235400676727295
      ],
      "contact_kind": null,
      "contact_links": [],
      "joint_limit_labels": [],
      "rollout_index": 0
    }
  ]
}
Actor MLP: Sequential(
  (0): Linear(in_features=26, out_features=256, bias=True)
  (1): ELU(alpha=1.0)
  (2): Linear(in_features=256, out_features=128, bias=True)
  (3): ELU(alpha=1.0)
  (4): Linear(in_features=128, out_features=64, bias=True)
  (5): ELU(alpha=1.0)
  (6): Linear(in_features=64, out_features=4, bias=True)
)
Critic MLP: Sequential(
  (0): Linear(in_features=26, out_features=256, bias=True)
  (1): ELU(alpha=1.0)
  (2): Linear(in_features=256, out_features=128, bias=True)
  (3): ELU(alpha=1.0)
  (4): Linear(in_features=128, out_features=64, bias=True)
  (5): ELU(alpha=1.0)
  (6): Linear(in_features=64, out_features=1, bias=True)
)
!!!!!!!!!!!!!added lock!!!!!!!!!!!!
{"steps": 68, "done_reason": "success", "final_done_reason": "success", "first_done_step": 68, "first_success_step": 68, "fixed_duration_steps": null, "success": true, "reached_tolerance": true, "final_ee_error_m": 0.039022140204906464, "min_ee_error_m": 0.039022140204906464, "mean_ee_error_m": 0.4668025076389313, "reward_sum": 170.07359313964844, "unsafe_action_rate": 0.0, "min_clearance_m": 0.13296788930892944, "goal_base": [5.088119983673096, -0.02686000056564808, -2.5820701122283936], "contact_kind": null, "contact_links": [], "joint_limit_labels": [], "rollout_index": 0}
{
  "backend": "chrono_arm_reaching",
  "policy_checkpoint": "/home/harry/NeDM/artifacts/rl_runs/arm_reach_adaptivekl005_lr1e4_tol005_ep150_bonus150_sigma015_8d_rom_20260727/model_1499.pt",
  "pre_roll_time_s": 6.0,
  "render": false,
  "save_render_frames": false,
  "frame_output_dir": null,
  "render_steps": 1,
  "consecutive_goals": false,
  "goal_duration_s": null,
  "goal_duration_steps": null,
  "requested_goals": 1,
  "num_rollouts": 1,
  "success_rate": 1.0,
  "reached_tolerance_rate": 1.0,
  "mean_final_ee_error_m": 0.039022140204906464,
  "mean_min_ee_error_m": 0.039022140204906464,
  "rollouts": [
    {
      "steps": 68,
      "done_reason": "success",
      "final_done_reason": "success",
      "first_done_step": 68,
      "first_success_step": 68,
      "fixed_duration_steps": null,
      "success": true,
      "reached_tolerance": true,
      "final_ee_error_m": 0.039022140204906464,
      "min_ee_error_m": 0.039022140204906464,
      "mean_ee_error_m": 0.4668025076389313,
      "reward_sum": 170.07359313964844,
      "unsafe_action_rate": 0.0,
      "min_clearance_m": 0.13296788930892944,
      "goal_base": [
        5.088119983673096,
        -0.02686000056564808,
        -2.5820701122283936
      ],
      "contact_kind": null,
      "contact_links": [],
      "joint_limit_labels": [],
      "rollout_index": 0
    }
  ]
}
Actor MLP: Sequential(
  (0): Linear(in_features=26, out_features=256, bias=True)
  (1): ELU(alpha=1.0)
  (2): Linear(in_features=256, out_features=128, bias=True)
  (3): ELU(alpha=1.0)
  (4): Linear(in_features=128, out_features=64, bias=True)
  (5): ELU(alpha=1.0)
  (6): Linear(in_features=64, out_features=4, bias=True)
)
Critic MLP: Sequential(
  (0): Linear(in_features=26, out_features=256, bias=True)
  (1): ELU(alpha=1.0)
  (2): Linear(in_features=256, out_features=128, bias=True)
  (3): ELU(alpha=1.0)
  (4): Linear(in_features=128, out_features=64, bias=True)
  (5): ELU(alpha=1.0)
  (6): Linear(in_features=64, out_features=1, bias=True)
)
!!!!!!!!!!!!!added lock!!!!!!!!!!!!
{"steps": 84, "done_reason": "success", "final_done_reason": "success", "first_done_step": 84, "first_success_step": 84, "fixed_duration_steps": null, "success": true, "reached_tolerance": true, "final_ee_error_m": 0.046434540301561356, "min_ee_error_m": 0.046434540301561356, "mean_ee_error_m": 0.7773323655128479, "reward_sum": 173.1001434326172, "unsafe_action_rate": 0.0, "min_clearance_m": 0.13348466157913208, "goal_base": [4.892889976501465, 2.2231099605560303, -1.4649100303649902], "contact_kind": null, "contact_links": [], "joint_limit_labels": [], "rollout_index": 0}
{
  "backend": "chrono_arm_reaching",
  "policy_checkpoint": "/home/harry/NeDM/artifacts/rl_runs/arm_reach_adaptivekl005_lr1e4_tol005_ep150_bonus150_sigma015_8d_rom_20260727/model_1499.pt",
  "pre_roll_time_s": 6.0,
  "render": false,
  "save_render_frames": false,
  "frame_output_dir": null,
  "render_steps": 1,
  "consecutive_goals": false,
  "goal_duration_s": null,
  "goal_duration_steps": null,
  "requested_goals": 1,
  "num_rollouts": 1,
  "success_rate": 1.0,
  "reached_tolerance_rate": 1.0,
  "mean_final_ee_error_m": 0.046434540301561356,
  "mean_min_ee_error_m": 0.046434540301561356,
  "rollouts": [
    {
      "steps": 84,
      "done_reason": "success",
      "final_done_reason": "success",
      "first_done_step": 84,
      "first_success_step": 84,
      "fixed_duration_steps": null,
      "success": true,
      "reached_tolerance": true,
      "final_ee_error_m": 0.046434540301561356,
      "min_ee_error_m": 0.046434540301561356,
      "mean_ee_error_m": 0.7773323655128479,
      "reward_sum": 173.1001434326172,
      "unsafe_action_rate": 0.0,
      "min_clearance_m": 0.13348466157913208,
      "goal_base": [
        4.892889976501465,
        2.2231099605560303,
        -1.4649100303649902
      ],
      "contact_kind": null,
      "contact_links": [],
      "joint_limit_labels": [],
      "rollout_index": 0
    }
  ]
}
Actor MLP: Sequential(
  (0): Linear(in_features=26, out_features=256, bias=True)
  (1): ELU(alpha=1.0)
  (2): Linear(in_features=256, out_features=128, bias=True)
  (3): ELU(alpha=1.0)
  (4): Linear(in_features=128, out_features=64, bias=True)
  (5): ELU(alpha=1.0)
  (6): Linear(in_features=64, out_features=4, bias=True)
)
Critic MLP: Sequential(
  (0): Linear(in_features=26, out_features=256, bias=True)
  (1): ELU(alpha=1.0)
  (2): Linear(in_features=256, out_features=128, bias=True)
  (3): ELU(alpha=1.0)
  (4): Linear(in_features=128, out_features=64, bias=True)
  (5): ELU(alpha=1.0)
  (6): Linear(in_features=64, out_features=1, bias=True)
)
!!!!!!!!!!!!!added lock!!!!!!!!!!!!
{"steps": 39, "done_reason": "success", "final_done_reason": "success", "first_done_step": 39, "first_success_step": 39, "fixed_duration_steps": null, "success": true, "reached_tolerance": true, "final_ee_error_m": 0.029520412907004356, "min_ee_error_m": 0.029520412907004356, "mean_ee_error_m": 3.6897048950195312, "reward_sum": 151.68238830566406, "unsafe_action_rate": 0.0, "min_clearance_m": 0.12917667627334595, "goal_base": [1.5626499652862549, -4.262810230255127, -3.7067599296569824], "contact_kind": null, "contact_links": [], "joint_limit_labels": [], "rollout_index": 0}
{
  "backend": "chrono_arm_reaching",
  "policy_checkpoint": "/home/harry/NeDM/artifacts/rl_runs/arm_reach_adaptivekl005_lr1e4_tol005_ep150_bonus150_sigma015_8d_rom_20260727/model_1499.pt",
  "pre_roll_time_s": 6.0,
  "render": false,
  "save_render_frames": false,
  "frame_output_dir": null,
  "render_steps": 1,
  "consecutive_goals": false,
  "goal_duration_s": null,
  "goal_duration_steps": null,
  "requested_goals": 1,
  "num_rollouts": 1,
  "success_rate": 1.0,
  "reached_tolerance_rate": 1.0,
  "mean_final_ee_error_m": 0.029520412907004356,
  "mean_min_ee_error_m": 0.029520412907004356,
  "rollouts": [
    {
      "steps": 39,
      "done_reason": "success",
      "final_done_reason": "success",
      "first_done_step": 39,
      "first_success_step": 39,
      "fixed_duration_steps": null,
      "success": true,
      "reached_tolerance": true,
      "final_ee_error_m": 0.029520412907004356,
      "min_ee_error_m": 0.029520412907004356,
      "mean_ee_error_m": 3.6897048950195312,
      "reward_sum": 151.68238830566406,
      "unsafe_action_rate": 0.0,
      "min_clearance_m": 0.12917667627334595,
      "goal_base": [
        1.5626499652862549,
        -4.262810230255127,
        -3.7067599296569824
      ],
      "contact_kind": null,
      "contact_links": [],
      "joint_limit_labels": [],
      "rollout_index": 0
    }
  ]
}
Actor MLP: Sequential(
  (0): Linear(in_features=26, out_features=256, bias=True)
  (1): ELU(alpha=1.0)
  (2): Linear(in_features=256, out_features=128, bias=True)
  (3): ELU(alpha=1.0)
  (4): Linear(in_features=128, out_features=64, bias=True)
  (5): ELU(alpha=1.0)
  (6): Linear(in_features=64, out_features=4, bias=True)
)
Critic MLP: Sequential(
  (0): Linear(in_features=26, out_features=256, bias=True)
  (1): ELU(alpha=1.0)
  (2): Linear(in_features=256, out_features=128, bias=True)
  (3): ELU(alpha=1.0)
  (4): Linear(in_features=128, out_features=64, bias=True)
  (5): ELU(alpha=1.0)
  (6): Linear(in_features=64, out_features=1, bias=True)
)
!!!!!!!!!!!!!added lock!!!!!!!!!!!!
{"steps": 150, "done_reason": "timeout", "final_done_reason": "timeout", "first_done_step": 150, "first_success_step": null, "fixed_duration_steps": null, "success": false, "reached_tolerance": false, "final_ee_error_m": 0.14301800727844238, "min_ee_error_m": 0.06435361504554749, "mean_ee_error_m": 1.0582391023635864, "reward_sum": 31.153913497924805, "unsafe_action_rate": 0.0, "min_clearance_m": 0.1290774941444397, "goal_base": [2.518320083618164, 3.4308600425720215, -3.8484199047088623], "contact_kind": null, "contact_links": [], "joint_limit_labels": [], "rollout_index": 0}
{
  "backend": "chrono_arm_reaching",
  "policy_checkpoint": "/home/harry/NeDM/artifacts/rl_runs/arm_reach_adaptivekl005_lr1e4_tol005_ep150_bonus150_sigma015_8d_rom_20260727/model_1499.pt",
  "pre_roll_time_s": 6.0,
  "render": false,
  "save_render_frames": false,
  "frame_output_dir": null,
  "render_steps": 1,
  "consecutive_goals": false,
  "goal_duration_s": null,
  "goal_duration_steps": null,
  "requested_goals": 1,
  "num_rollouts": 1,
  "success_rate": 0.0,
  "reached_tolerance_rate": 0.0,
  "mean_final_ee_error_m": 0.14301800727844238,
  "mean_min_ee_error_m": 0.06435361504554749,
  "rollouts": [
    {
      "steps": 150,
      "done_reason": "timeout",
      "final_done_reason": "timeout",
      "first_done_step": 150,
      "first_success_step": null,
      "fixed_duration_steps": null,
      "success": false,
      "reached_tolerance": false,
      "final_ee_error_m": 0.14301800727844238,
      "min_ee_error_m": 0.06435361504554749,
      "mean_ee_error_m": 1.0582391023635864,
      "reward_sum": 31.153913497924805,
      "unsafe_action_rate": 0.0,
      "min_clearance_m": 0.1290774941444397,
      "goal_base": [
        2.518320083618164,
        3.4308600425720215,
        -3.8484199047088623
      ],
      "contact_kind": null,
      "contact_links": [],
      "joint_limit_labels": [],
      "rollout_index": 0
    }
  ]
}
Actor MLP: Sequential(
  (0): Linear(in_features=26, out_features=256, bias=True)
  (1): ELU(alpha=1.0)
  (2): Linear(in_features=256, out_features=128, bias=True)
  (3): ELU(alpha=1.0)
  (4): Linear(in_features=128, out_features=64, bias=True)
  (5): ELU(alpha=1.0)
  (6): Linear(in_features=64, out_features=4, bias=True)
)
Critic MLP: Sequential(
  (0): Linear(in_features=26, out_features=256, bias=True)
  (1): ELU(alpha=1.0)
  (2): Linear(in_features=256, out_features=128, bias=True)
  (3): ELU(alpha=1.0)
  (4): Linear(in_features=128, out_features=64, bias=True)
  (5): ELU(alpha=1.0)
  (6): Linear(in_features=64, out_features=1, bias=True)
)
!!!!!!!!!!!!!added lock!!!!!!!!!!!!
{"steps": 150, "done_reason": "timeout", "final_done_reason": "timeout", "first_done_step": 150, "first_success_step": null, "fixed_duration_steps": null, "success": false, "reached_tolerance": false, "final_ee_error_m": 0.09269624948501587, "min_ee_error_m": 0.09269624948501587, "mean_ee_error_m": 1.5631197690963745, "reward_sum": 19.479291915893555, "unsafe_action_rate": 0.0, "min_clearance_m": 0.13273996114730835, "goal_base": [0.7841200232505798, 4.893829822540283, -2.575819969177246], "contact_kind": null, "contact_links": [], "joint_limit_labels": [], "rollout_index": 0}
{
  "backend": "chrono_arm_reaching",
  "policy_checkpoint": "/home/harry/NeDM/artifacts/rl_runs/arm_reach_adaptivekl005_lr1e4_tol005_ep150_bonus150_sigma015_8d_rom_20260727/model_1499.pt",
  "pre_roll_time_s": 6.0,
  "render": false,
  "save_render_frames": false,
  "frame_output_dir": null,
  "render_steps": 1,
  "consecutive_goals": false,
  "goal_duration_s": null,
  "goal_duration_steps": null,
  "requested_goals": 1,
  "num_rollouts": 1,
  "success_rate": 0.0,
  "reached_tolerance_rate": 0.0,
  "mean_final_ee_error_m": 0.09269624948501587,
  "mean_min_ee_error_m": 0.09269624948501587,
  "rollouts": [
    {
      "steps": 150,
      "done_reason": "timeout",
      "final_done_reason": "timeout",
      "first_done_step": 150,
      "first_success_step": null,
      "fixed_duration_steps": null,
      "success": false,
      "reached_tolerance": false,
      "final_ee_error_m": 0.09269624948501587,
      "min_ee_error_m": 0.09269624948501587,
      "mean_ee_error_m": 1.5631197690963745,
      "reward_sum": 19.479291915893555,
      "unsafe_action_rate": 0.0,
      "min_clearance_m": 0.13273996114730835,
      "goal_base": [
        0.7841200232505798,
        4.893829822540283,
        -2.575819969177246
      ],
      "contact_kind": null,
      "contact_links": [],
      "joint_limit_labels": [],
      "rollout_index": 0
    }
  ]
}
Actor MLP: Sequential(
  (0): Linear(in_features=26, out_features=256, bias=True)
  (1): ELU(alpha=1.0)
  (2): Linear(in_features=256, out_features=128, bias=True)
  (3): ELU(alpha=1.0)
  (4): Linear(in_features=128, out_features=64, bias=True)
  (5): ELU(alpha=1.0)
  (6): Linear(in_features=64, out_features=4, bias=True)
)
Critic MLP: Sequential(
  (0): Linear(in_features=26, out_features=256, bias=True)
  (1): ELU(alpha=1.0)
  (2): Linear(in_features=256, out_features=128, bias=True)
  (3): ELU(alpha=1.0)
  (4): Linear(in_features=128, out_features=64, bias=True)
  (5): ELU(alpha=1.0)
  (6): Linear(in_features=64, out_features=1, bias=True)
)
!!!!!!!!!!!!!added lock!!!!!!!!!!!!
{"steps": 85, "done_reason": "success", "final_done_reason": "success", "first_done_step": 85, "first_success_step": 85, "fixed_duration_steps": null, "success": true, "reached_tolerance": true, "final_ee_error_m": 0.04838487505912781, "min_ee_error_m": 0.04838487505912781, "mean_ee_error_m": 1.5739872455596924, "reward_sum": 165.88589477539062, "unsafe_action_rate": 0.0, "min_clearance_m": 0.13348466157913208, "goal_base": [3.3186700344085693, 4.407609939575195, -0.791700005531311], "contact_kind": null, "contact_links": [], "joint_limit_labels": [], "rollout_index": 0}
{
  "backend": "chrono_arm_reaching",
  "policy_checkpoint": "/home/harry/NeDM/artifacts/rl_runs/arm_reach_adaptivekl005_lr1e4_tol005_ep150_bonus150_sigma015_8d_rom_20260727/model_1499.pt",
  "pre_roll_time_s": 6.0,
  "render": false,
  "save_render_frames": false,
  "frame_output_dir": null,
  "render_steps": 1,
  "consecutive_goals": false,
  "goal_duration_s": null,
  "goal_duration_steps": null,
  "requested_goals": 1,
  "num_rollouts": 1,
  "success_rate": 1.0,
  "reached_tolerance_rate": 1.0,
  "mean_final_ee_error_m": 0.04838487505912781,
  "mean_min_ee_error_m": 0.04838487505912781,
  "rollouts": [
    {
      "steps": 85,
      "done_reason": "success",
      "final_done_reason": "success",
      "first_done_step": 85,
      "first_success_step": 85,
      "fixed_duration_steps": null,
      "success": true,
      "reached_tolerance": true,
      "final_ee_error_m": 0.04838487505912781,
      "min_ee_error_m": 0.04838487505912781,
      "mean_ee_error_m": 1.5739872455596924,
      "reward_sum": 165.88589477539062,
      "unsafe_action_rate": 0.0,
      "min_clearance_m": 0.13348466157913208,
      "goal_base": [
        3.3186700344085693,
        4.407609939575195,
        -0.791700005531311
      ],
      "contact_kind": null,
      "contact_links": [],
      "joint_limit_labels": [],
      "rollout_index": 0
    }
  ]
}
Actor MLP: Sequential(
  (0): Linear(in_features=26, out_features=256, bias=True)
  (1): ELU(alpha=1.0)
  (2): Linear(in_features=256, out_features=128, bias=True)
  (3): ELU(alpha=1.0)
  (4): Linear(in_features=128, out_features=64, bias=True)
  (5): ELU(alpha=1.0)
  (6): Linear(in_features=64, out_features=4, bias=True)
)
Critic MLP: Sequential(
  (0): Linear(in_features=26, out_features=256, bias=True)
  (1): ELU(alpha=1.0)
  (2): Linear(in_features=256, out_features=128, bias=True)
  (3): ELU(alpha=1.0)
  (4): Linear(in_features=128, out_features=64, bias=True)
  (5): ELU(alpha=1.0)
  (6): Linear(in_features=64, out_features=1, bias=True)
)
!!!!!!!!!!!!!added lock!!!!!!!!!!!!
{"steps": 37, "done_reason": "success", "final_done_reason": "success", "first_done_step": 37, "first_success_step": 37, "fixed_duration_steps": null, "success": true, "reached_tolerance": true, "final_ee_error_m": 0.042869918048381805, "min_ee_error_m": 0.042869918048381805, "mean_ee_error_m": 2.5855553150177, "reward_sum": 152.24468994140625, "unsafe_action_rate": 0.0, "min_clearance_m": 0.13348466157913208, "goal_base": [3.7156100273132324, -3.828049898147583, -1.9445500373840332], "contact_kind": null, "contact_links": [], "joint_limit_labels": [], "rollout_index": 0}
{
  "backend": "chrono_arm_reaching",
  "policy_checkpoint": "/home/harry/NeDM/artifacts/rl_runs/arm_reach_adaptivekl005_lr1e4_tol005_ep150_bonus150_sigma015_8d_rom_20260727/model_1499.pt",
  "pre_roll_time_s": 6.0,
  "render": false,
  "save_render_frames": false,
  "frame_output_dir": null,
  "render_steps": 1,
  "consecutive_goals": false,
  "goal_duration_s": null,
  "goal_duration_steps": null,
  "requested_goals": 1,
  "num_rollouts": 1,
  "success_rate": 1.0,
  "reached_tolerance_rate": 1.0,
  "mean_final_ee_error_m": 0.042869918048381805,
  "mean_min_ee_error_m": 0.042869918048381805,
  "rollouts": [
    {
      "steps": 37,
      "done_reason": "success",
      "final_done_reason": "success",
      "first_done_step": 37,
      "first_success_step": 37,
      "fixed_duration_steps": null,
      "success": true,
      "reached_tolerance": true,
      "final_ee_error_m": 0.042869918048381805,
      "min_ee_error_m": 0.042869918048381805,
      "mean_ee_error_m": 2.5855553150177,
      "reward_sum": 152.24468994140625,
      "unsafe_action_rate": 0.0,
      "min_clearance_m": 0.13348466157913208,
      "goal_base": [
        3.7156100273132324,
        -3.828049898147583,
        -1.9445500373840332
      ],
      "contact_kind": null,
      "contact_links": [],
      "joint_limit_labels": [],
      "rollout_index": 0
    }
  ]
}
Actor MLP: Sequential(
  (0): Linear(in_features=26, out_features=256, bias=True)
  (1): ELU(alpha=1.0)
  (2): Linear(in_features=256, out_features=128, bias=True)
  (3): ELU(alpha=1.0)
  (4): Linear(in_features=128, out_features=64, bias=True)
  (5): ELU(alpha=1.0)
  (6): Linear(in_features=64, out_features=4, bias=True)
)
Critic MLP: Sequential(
  (0): Linear(in_features=26, out_features=256, bias=True)
  (1): ELU(alpha=1.0)
  (2): Linear(in_features=256, out_features=128, bias=True)
  (3): ELU(alpha=1.0)
  (4): Linear(in_features=128, out_features=64, bias=True)
  (5): ELU(alpha=1.0)
  (6): Linear(in_features=64, out_features=1, bias=True)
)
!!!!!!!!!!!!!added lock!!!!!!!!!!!!
{"steps": 38, "done_reason": "success", "final_done_reason": "success", "first_done_step": 38, "first_success_step": 38, "fixed_duration_steps": null, "success": true, "reached_tolerance": true, "final_ee_error_m": 0.048054907470941544, "min_ee_error_m": 0.048054907470941544, "mean_ee_error_m": 1.5867478847503662, "reward_sum": 152.55093383789062, "unsafe_action_rate": 0.0, "min_clearance_m": 0.12928014993667603, "goal_base": [4.447999954223633, 1.1222200393676758, -3.6300299167633057], "contact_kind": null, "contact_links": [], "joint_limit_labels": [], "rollout_index": 0}
{
  "backend": "chrono_arm_reaching",
  "policy_checkpoint": "/home/harry/NeDM/artifacts/rl_runs/arm_reach_adaptivekl005_lr1e4_tol005_ep150_bonus150_sigma015_8d_rom_20260727/model_1499.pt",
  "pre_roll_time_s": 6.0,
  "render": false,
  "save_render_frames": false,
  "frame_output_dir": null,
  "render_steps": 1,
  "consecutive_goals": false,
  "goal_duration_s": null,
  "goal_duration_steps": null,
  "requested_goals": 1,
  "num_rollouts": 1,
  "success_rate": 1.0,
  "reached_tolerance_rate": 1.0,
  "mean_final_ee_error_m": 0.048054907470941544,
  "mean_min_ee_error_m": 0.048054907470941544,
  "rollouts": [
    {
      "steps": 38,
      "done_reason": "success",
      "final_done_reason": "success",
      "first_done_step": 38,
      "first_success_step": 38,
      "fixed_duration_steps": null,
      "success": true,
      "reached_tolerance": true,
      "final_ee_error_m": 0.048054907470941544,
      "min_ee_error_m": 0.048054907470941544,
      "mean_ee_error_m": 1.5867478847503662,
      "reward_sum": 152.55093383789062,
      "unsafe_action_rate": 0.0,
      "min_clearance_m": 0.12928014993667603,
      "goal_base": [
        4.447999954223633,
        1.1222200393676758,
        -3.6300299167633057
      ],
      "contact_kind": null,
      "contact_links": [],
      "joint_limit_labels": [],
      "rollout_index": 0
    }
  ]
}
Actor MLP: Sequential(
  (0): Linear(in_features=26, out_features=256, bias=True)
  (1): ELU(alpha=1.0)
  (2): Linear(in_features=256, out_features=128, bias=True)
  (3): ELU(alpha=1.0)
  (4): Linear(in_features=128, out_features=64, bias=True)
  (5): ELU(alpha=1.0)
  (6): Linear(in_features=64, out_features=4, bias=True)
)
Critic MLP: Sequential(
  (0): Linear(in_features=26, out_features=256, bias=True)
  (1): ELU(alpha=1.0)
  (2): Linear(in_features=256, out_features=128, bias=True)
  (3): ELU(alpha=1.0)
  (4): Linear(in_features=128, out_features=64, bias=True)
  (5): ELU(alpha=1.0)
  (6): Linear(in_features=64, out_features=1, bias=True)
)
!!!!!!!!!!!!!added lock!!!!!!!!!!!!
{"steps": 37, "done_reason": "success", "final_done_reason": "success", "first_done_step": 37, "first_success_step": 37, "fixed_duration_steps": null, "success": true, "reached_tolerance": true, "final_ee_error_m": 0.031555335968732834, "min_ee_error_m": 0.031555335968732834, "mean_ee_error_m": 1.2341136932373047, "reward_sum": 153.26966857910156, "unsafe_action_rate": 0.0, "min_clearance_m": 0.12958961725234985, "goal_base": [4.613800048828125, 0.3489600121974945, -3.493220090866089], "contact_kind": null, "contact_links": [], "joint_limit_labels": [], "rollout_index": 0}
{
  "backend": "chrono_arm_reaching",
  "policy_checkpoint": "/home/harry/NeDM/artifacts/rl_runs/arm_reach_adaptivekl005_lr1e4_tol005_ep150_bonus150_sigma015_8d_rom_20260727/model_1499.pt",
  "pre_roll_time_s": 6.0,
  "render": false,
  "save_render_frames": false,
  "frame_output_dir": null,
  "render_steps": 1,
  "consecutive_goals": false,
  "goal_duration_s": null,
  "goal_duration_steps": null,
  "requested_goals": 1,
  "num_rollouts": 1,
  "success_rate": 1.0,
  "reached_tolerance_rate": 1.0,
  "mean_final_ee_error_m": 0.031555335968732834,
  "mean_min_ee_error_m": 0.031555335968732834,
  "rollouts": [
    {
      "steps": 37,
      "done_reason": "success",
      "final_done_reason": "success",
      "first_done_step": 37,
      "first_success_step": 37,
      "fixed_duration_steps": null,
      "success": true,
      "reached_tolerance": true,
      "final_ee_error_m": 0.031555335968732834,
      "min_ee_error_m": 0.031555335968732834,
      "mean_ee_error_m": 1.2341136932373047,
      "reward_sum": 153.26966857910156,
      "unsafe_action_rate": 0.0,
      "min_clearance_m": 0.12958961725234985,
      "goal_base": [
        4.613800048828125,
        0.3489600121974945,
        -3.493220090866089
      ],
      "contact_kind": null,
      "contact_links": [],
      "joint_limit_labels": [],
      "rollout_index": 0
    }
  ]
}
Actor MLP: Sequential(
  (0): Linear(in_features=26, out_features=256, bias=True)
  (1): ELU(alpha=1.0)
  (2): Linear(in_features=256, out_features=128, bias=True)
  (3): ELU(alpha=1.0)
  (4): Linear(in_features=128, out_features=64, bias=True)
  (5): ELU(alpha=1.0)
  (6): Linear(in_features=64, out_features=4, bias=True)
)
Critic MLP: Sequential(
  (0): Linear(in_features=26, out_features=256, bias=True)
  (1): ELU(alpha=1.0)
  (2): Linear(in_features=256, out_features=128, bias=True)
  (3): ELU(alpha=1.0)
  (4): Linear(in_features=128, out_features=64, bias=True)
  (5): ELU(alpha=1.0)
  (6): Linear(in_features=64, out_features=1, bias=True)
)
!!!!!!!!!!!!!added lock!!!!!!!!!!!!
{"steps": 69, "done_reason": "success", "final_done_reason": "success", "first_done_step": 69, "first_success_step": 69, "fixed_duration_steps": null, "success": true, "reached_tolerance": true, "final_ee_error_m": 0.04086131975054741, "min_ee_error_m": 0.04086131975054741, "mean_ee_error_m": 2.49501895904541, "reward_sum": 153.94338989257812, "unsafe_action_rate": 0.0, "min_clearance_m": 0.1286652684211731, "goal_base": [0.8453800082206726, -4.044680118560791, -4.242239952087402], "contact_kind": null, "contact_links": [], "joint_limit_labels": [], "rollout_index": 0}
{
  "backend": "chrono_arm_reaching",
  "policy_checkpoint": "/home/harry/NeDM/artifacts/rl_runs/arm_reach_adaptivekl005_lr1e4_tol005_ep150_bonus150_sigma015_8d_rom_20260727/model_1499.pt",
  "pre_roll_time_s": 6.0,
  "render": false,
  "save_render_frames": false,
  "frame_output_dir": null,
  "render_steps": 1,
  "consecutive_goals": false,
  "goal_duration_s": null,
  "goal_duration_steps": null,
  "requested_goals": 1,
  "num_rollouts": 1,
  "success_rate": 1.0,
  "reached_tolerance_rate": 1.0,
  "mean_final_ee_error_m": 0.04086131975054741,
  "mean_min_ee_error_m": 0.04086131975054741,
  "rollouts": [
    {
      "steps": 69,
      "done_reason": "success",
      "final_done_reason": "success",
      "first_done_step": 69,
      "first_success_step": 69,
      "fixed_duration_steps": null,
      "success": true,
      "reached_tolerance": true,
      "final_ee_error_m": 0.04086131975054741,
      "min_ee_error_m": 0.04086131975054741,
      "mean_ee_error_m": 2.49501895904541,
      "reward_sum": 153.94338989257812,
      "unsafe_action_rate": 0.0,
      "min_clearance_m": 0.1286652684211731,
      "goal_base": [
        0.8453800082206726,
        -4.044680118560791,
        -4.242239952087402
      ],
      "contact_kind": null,
      "contact_links": [],
      "joint_limit_labels": [],
      "rollout_index": 0
    }
  ]
}
Actor MLP: Sequential(
  (0): Linear(in_features=26, out_features=256, bias=True)
  (1): ELU(alpha=1.0)
  (2): Linear(in_features=256, out_features=128, bias=True)
  (3): ELU(alpha=1.0)
  (4): Linear(in_features=128, out_features=64, bias=True)
  (5): ELU(alpha=1.0)
  (6): Linear(in_features=64, out_features=4, bias=True)
)
Critic MLP: Sequential(
  (0): Linear(in_features=26, out_features=256, bias=True)
  (1): ELU(alpha=1.0)
  (2): Linear(in_features=256, out_features=128, bias=True)
  (3): ELU(alpha=1.0)
  (4): Linear(in_features=128, out_features=64, bias=True)
  (5): ELU(alpha=1.0)
  (6): Linear(in_features=64, out_features=1, bias=True)
)
!!!!!!!!!!!!!added lock!!!!!!!!!!!!
{"steps": 41, "done_reason": "success", "final_done_reason": "success", "first_done_step": 41, "first_success_step": 41, "fixed_duration_steps": null, "success": true, "reached_tolerance": true, "final_ee_error_m": 0.049778081476688385, "min_ee_error_m": 0.049778081476688385, "mean_ee_error_m": 1.6458508968353271, "reward_sum": 154.01708984375, "unsafe_action_rate": 0.0, "min_clearance_m": 0.1294916272163391, "goal_base": [4.4045000076293945, 1.5764000415802002, -3.523020029067993], "contact_kind": null, "contact_links": [], "joint_limit_labels": [], "rollout_index": 0}
{
  "backend": "chrono_arm_reaching",
  "policy_checkpoint": "/home/harry/NeDM/artifacts/rl_runs/arm_reach_adaptivekl005_lr1e4_tol005_ep150_bonus150_sigma015_8d_rom_20260727/model_1499.pt",
  "pre_roll_time_s": 6.0,
  "render": false,
  "save_render_frames": false,
  "frame_output_dir": null,
  "render_steps": 1,
  "consecutive_goals": false,
  "goal_duration_s": null,
  "goal_duration_steps": null,
  "requested_goals": 1,
  "num_rollouts": 1,
  "success_rate": 1.0,
  "reached_tolerance_rate": 1.0,
  "mean_final_ee_error_m": 0.049778081476688385,
  "mean_min_ee_error_m": 0.049778081476688385,
  "rollouts": [
    {
      "steps": 41,
      "done_reason": "success",
      "final_done_reason": "success",
      "first_done_step": 41,
      "first_success_step": 41,
      "fixed_duration_steps": null,
      "success": true,
      "reached_tolerance": true,
      "final_ee_error_m": 0.049778081476688385,
      "min_ee_error_m": 0.049778081476688385,
      "mean_ee_error_m": 1.6458508968353271,
      "reward_sum": 154.01708984375,
      "unsafe_action_rate": 0.0,
      "min_clearance_m": 0.1294916272163391,
      "goal_base": [
        4.4045000076293945,
        1.5764000415802002,
        -3.523020029067993
      ],
      "contact_kind": null,
      "contact_links": [],
      "joint_limit_labels": [],
      "rollout_index": 0
    }
  ]
}
Actor MLP: Sequential(
  (0): Linear(in_features=26, out_features=256, bias=True)
  (1): ELU(alpha=1.0)
  (2): Linear(in_features=256, out_features=128, bias=True)
  (3): ELU(alpha=1.0)
  (4): Linear(in_features=128, out_features=64, bias=True)
  (5): ELU(alpha=1.0)
  (6): Linear(in_features=64, out_features=4, bias=True)
)
Critic MLP: Sequential(
  (0): Linear(in_features=26, out_features=256, bias=True)
  (1): ELU(alpha=1.0)
  (2): Linear(in_features=256, out_features=128, bias=True)
  (3): ELU(alpha=1.0)
  (4): Linear(in_features=128, out_features=64, bias=True)
  (5): ELU(alpha=1.0)
  (6): Linear(in_features=64, out_features=1, bias=True)
)
!!!!!!!!!!!!!added lock!!!!!!!!!!!!
{"steps": 45, "done_reason": "success", "final_done_reason": "success", "first_done_step": 45, "first_success_step": 45, "fixed_duration_steps": null, "success": true, "reached_tolerance": true, "final_ee_error_m": 0.04172710329294205, "min_ee_error_m": 0.04172710329294205, "mean_ee_error_m": 4.5064897537231445, "reward_sum": 151.49545288085938, "unsafe_action_rate": 0.0, "min_clearance_m": 0.13348466157913208, "goal_base": [0.8093500137329102, 5.3915300369262695, -1.3629399538040161], "contact_kind": null, "contact_links": [], "joint_limit_labels": [], "rollout_index": 0}
{
  "backend": "chrono_arm_reaching",
  "policy_checkpoint": "/home/harry/NeDM/artifacts/rl_runs/arm_reach_adaptivekl005_lr1e4_tol005_ep150_bonus150_sigma015_8d_rom_20260727/model_1499.pt",
  "pre_roll_time_s": 6.0,
  "render": false,
  "save_render_frames": false,
  "frame_output_dir": null,
  "render_steps": 1,
  "consecutive_goals": false,
  "goal_duration_s": null,
  "goal_duration_steps": null,
  "requested_goals": 1,
  "num_rollouts": 1,
  "success_rate": 1.0,
  "reached_tolerance_rate": 1.0,
  "mean_final_ee_error_m": 0.04172710329294205,
  "mean_min_ee_error_m": 0.04172710329294205,
  "rollouts": [
    {
      "steps": 45,
      "done_reason": "success",
      "final_done_reason": "success",
      "first_done_step": 45,
      "first_success_step": 45,
      "fixed_duration_steps": null,
      "success": true,
      "reached_tolerance": true,
      "final_ee_error_m": 0.04172710329294205,
      "min_ee_error_m": 0.04172710329294205,
      "mean_ee_error_m": 4.5064897537231445,
      "reward_sum": 151.49545288085938,
      "unsafe_action_rate": 0.0,
      "min_clearance_m": 0.13348466157913208,
      "goal_base": [
        0.8093500137329102,
        5.3915300369262695,
        -1.3629399538040161
      ],
      "contact_kind": null,
      "contact_links": [],
      "joint_limit_labels": [],
      "rollout_index": 0
    }
  ]
}
Actor MLP: Sequential(
  (0): Linear(in_features=26, out_features=256, bias=True)
  (1): ELU(alpha=1.0)
  (2): Linear(in_features=256, out_features=128, bias=True)
  (3): ELU(alpha=1.0)
  (4): Linear(in_features=128, out_features=64, bias=True)
  (5): ELU(alpha=1.0)
  (6): Linear(in_features=64, out_features=4, bias=True)
)
Critic MLP: Sequential(
  (0): Linear(in_features=26, out_features=256, bias=True)
  (1): ELU(alpha=1.0)
  (2): Linear(in_features=256, out_features=128, bias=True)
  (3): ELU(alpha=1.0)
  (4): Linear(in_features=128, out_features=64, bias=True)
  (5): ELU(alpha=1.0)
  (6): Linear(in_features=64, out_features=1, bias=True)
)
!!!!!!!!!!!!!added lock!!!!!!!!!!!!
{"steps": 40, "done_reason": "success", "final_done_reason": "success", "first_done_step": 40, "first_success_step": 40, "fixed_duration_steps": null, "success": true, "reached_tolerance": true, "final_ee_error_m": 0.047066573053598404, "min_ee_error_m": 0.047066573053598404, "mean_ee_error_m": 3.5725860595703125, "reward_sum": 151.18743896484375, "unsafe_action_rate": 0.0, "min_clearance_m": 0.13135141134262085, "goal_base": [2.4798901081085205, 4.30010986328125, -2.9230101108551025], "contact_kind": null, "contact_links": [], "joint_limit_labels": [], "rollout_index": 0}
{
  "backend": "chrono_arm_reaching",
  "policy_checkpoint": "/home/harry/NeDM/artifacts/rl_runs/arm_reach_adaptivekl005_lr1e4_tol005_ep150_bonus150_sigma015_8d_rom_20260727/model_1499.pt",
  "pre_roll_time_s": 6.0,
  "render": false,
  "save_render_frames": false,
  "frame_output_dir": null,
  "render_steps": 1,
  "consecutive_goals": false,
  "goal_duration_s": null,
  "goal_duration_steps": null,
  "requested_goals": 1,
  "num_rollouts": 1,
  "success_rate": 1.0,
  "reached_tolerance_rate": 1.0,
  "mean_final_ee_error_m": 0.047066573053598404,
  "mean_min_ee_error_m": 0.047066573053598404,
  "rollouts": [
    {
      "steps": 40,
      "done_reason": "success",
      "final_done_reason": "success",
      "first_done_step": 40,
      "first_success_step": 40,
      "fixed_duration_steps": null,
      "success": true,
      "reached_tolerance": true,
      "final_ee_error_m": 0.047066573053598404,
      "min_ee_error_m": 0.047066573053598404,
      "mean_ee_error_m": 3.5725860595703125,
      "reward_sum": 151.18743896484375,
      "unsafe_action_rate": 0.0,
      "min_clearance_m": 0.13135141134262085,
      "goal_base": [
        2.4798901081085205,
        4.30010986328125,
        -2.9230101108551025
      ],
      "contact_kind": null,
      "contact_links": [],
      "joint_limit_labels": [],
      "rollout_index": 0
    }
  ]
}
Actor MLP: Sequential(
  (0): Linear(in_features=26, out_features=256, bias=True)
  (1): ELU(alpha=1.0)
  (2): Linear(in_features=256, out_features=128, bias=True)
  (3): ELU(alpha=1.0)
  (4): Linear(in_features=128, out_features=64, bias=True)
  (5): ELU(alpha=1.0)
  (6): Linear(in_features=64, out_features=4, bias=True)
)
Critic MLP: Sequential(
  (0): Linear(in_features=26, out_features=256, bias=True)
  (1): ELU(alpha=1.0)
  (2): Linear(in_features=256, out_features=128, bias=True)
  (3): ELU(alpha=1.0)
  (4): Linear(in_features=128, out_features=64, bias=True)
  (5): ELU(alpha=1.0)
  (6): Linear(in_features=64, out_features=1, bias=True)
)
!!!!!!!!!!!!!added lock!!!!!!!!!!!!
{"steps": 18, "done_reason": "success", "final_done_reason": "success", "first_done_step": 18, "first_success_step": 18, "fixed_duration_steps": null, "success": true, "reached_tolerance": true, "final_ee_error_m": 0.04242384061217308, "min_ee_error_m": 0.04242384061217308, "mean_ee_error_m": 1.4242372512817383, "reward_sum": 151.95013427734375, "unsafe_action_rate": 0.0, "min_clearance_m": 0.1315576434135437, "goal_base": [4.932990074157715, -0.6414700150489807, -2.9068000316619873], "contact_kind": null, "contact_links": [], "joint_limit_labels": [], "rollout_index": 0}
{
  "backend": "chrono_arm_reaching",
  "policy_checkpoint": "/home/harry/NeDM/artifacts/rl_runs/arm_reach_adaptivekl005_lr1e4_tol005_ep150_bonus150_sigma015_8d_rom_20260727/model_1499.pt",
  "pre_roll_time_s": 6.0,
  "render": false,
  "save_render_frames": false,
  "frame_output_dir": null,
  "render_steps": 1,
  "consecutive_goals": false,
  "goal_duration_s": null,
  "goal_duration_steps": null,
  "requested_goals": 1,
  "num_rollouts": 1,
  "success_rate": 1.0,
  "reached_tolerance_rate": 1.0,
  "mean_final_ee_error_m": 0.04242384061217308,
  "mean_min_ee_error_m": 0.04242384061217308,
  "rollouts": [
    {
      "steps": 18,
      "done_reason": "success",
      "final_done_reason": "success",
      "first_done_step": 18,
      "first_success_step": 18,
      "fixed_duration_steps": null,
      "success": true,
      "reached_tolerance": true,
      "final_ee_error_m": 0.04242384061217308,
      "min_ee_error_m": 0.04242384061217308,
      "mean_ee_error_m": 1.4242372512817383,
      "reward_sum": 151.95013427734375,
      "unsafe_action_rate": 0.0,
      "min_clearance_m": 0.1315576434135437,
      "goal_base": [
        4.932990074157715,
        -0.6414700150489807,
        -2.9068000316619873
      ],
      "contact_kind": null,
      "contact_links": [],
      "joint_limit_labels": [],
      "rollout_index": 0
    }
  ]
}
Actor MLP: Sequential(
  (0): Linear(in_features=26, out_features=256, bias=True)
  (1): ELU(alpha=1.0)
  (2): Linear(in_features=256, out_features=128, bias=True)
  (3): ELU(alpha=1.0)
  (4): Linear(in_features=128, out_features=64, bias=True)
  (5): ELU(alpha=1.0)
  (6): Linear(in_features=64, out_features=4, bias=True)
)
Critic MLP: Sequential(
  (0): Linear(in_features=26, out_features=256, bias=True)
  (1): ELU(alpha=1.0)
  (2): Linear(in_features=256, out_features=128, bias=True)
  (3): ELU(alpha=1.0)
  (4): Linear(in_features=128, out_features=64, bias=True)
  (5): ELU(alpha=1.0)
  (6): Linear(in_features=64, out_features=1, bias=True)
)
!!!!!!!!!!!!!added lock!!!!!!!!!!!!
{"steps": 67, "done_reason": "success", "final_done_reason": "success", "first_done_step": 67, "first_success_step": 67, "fixed_duration_steps": null, "success": true, "reached_tolerance": true, "final_ee_error_m": 0.04764664173126221, "min_ee_error_m": 0.04764664173126221, "mean_ee_error_m": 0.7964043617248535, "reward_sum": 167.3437957763672, "unsafe_action_rate": 0.0, "min_clearance_m": 0.13094240427017212, "goal_base": [4.771240234375, 1.0729299783706665, -3.021120071411133], "contact_kind": null, "contact_links": [], "joint_limit_labels": [], "rollout_index": 0}
{
  "backend": "chrono_arm_reaching",
  "policy_checkpoint": "/home/harry/NeDM/artifacts/rl_runs/arm_reach_adaptivekl005_lr1e4_tol005_ep150_bonus150_sigma015_8d_rom_20260727/model_1499.pt",
  "pre_roll_time_s": 6.0,
  "render": false,
  "save_render_frames": false,
  "frame_output_dir": null,
  "render_steps": 1,
  "consecutive_goals": false,
  "goal_duration_s": null,
  "goal_duration_steps": null,
  "requested_goals": 1,
  "num_rollouts": 1,
  "success_rate": 1.0,
  "reached_tolerance_rate": 1.0,
  "mean_final_ee_error_m": 0.04764664173126221,
  "mean_min_ee_error_m": 0.04764664173126221,
  "rollouts": [
    {
      "steps": 67,
      "done_reason": "success",
      "final_done_reason": "success",
      "first_done_step": 67,
      "first_success_step": 67,
      "fixed_duration_steps": null,
      "success": true,
      "reached_tolerance": true,
      "final_ee_error_m": 0.04764664173126221,
      "min_ee_error_m": 0.04764664173126221,
      "mean_ee_error_m": 0.7964043617248535,
      "reward_sum": 167.3437957763672,
      "unsafe_action_rate": 0.0,
      "min_clearance_m": 0.13094240427017212,
      "goal_base": [
        4.771240234375,
        1.0729299783706665,
        -3.021120071411133
      ],
      "contact_kind": null,
      "contact_links": [],
      "joint_limit_labels": [],
      "rollout_index": 0
    }
  ]
}
Actor MLP: Sequential(
  (0): Linear(in_features=26, out_features=256, bias=True)
  (1): ELU(alpha=1.0)
  (2): Linear(in_features=256, out_features=128, bias=True)
  (3): ELU(alpha=1.0)
  (4): Linear(in_features=128, out_features=64, bias=True)
  (5): ELU(alpha=1.0)
  (6): Linear(in_features=64, out_features=4, bias=True)
)
Critic MLP: Sequential(
  (0): Linear(in_features=26, out_features=256, bias=True)
  (1): ELU(alpha=1.0)
  (2): Linear(in_features=256, out_features=128, bias=True)
  (3): ELU(alpha=1.0)
  (4): Linear(in_features=128, out_features=64, bias=True)
  (5): ELU(alpha=1.0)
  (6): Linear(in_features=64, out_features=1, bias=True)
)
!!!!!!!!!!!!!added lock!!!!!!!!!!!!
{"steps": 53, "done_reason": "success", "final_done_reason": "success", "first_done_step": 53, "first_success_step": 53, "fixed_duration_steps": null, "success": true, "reached_tolerance": true, "final_ee_error_m": 0.04945440962910652, "min_ee_error_m": 0.04945440962910652, "mean_ee_error_m": 3.516789436340332, "reward_sum": 155.15638732910156, "unsafe_action_rate": 0.0, "min_clearance_m": 0.13348466157913208, "goal_base": [1.2616599798202515, -5.355000019073486, -0.8415899872779846], "contact_kind": null, "contact_links": [], "joint_limit_labels": [], "rollout_index": 0}
{
  "backend": "chrono_arm_reaching",
  "policy_checkpoint": "/home/harry/NeDM/artifacts/rl_runs/arm_reach_adaptivekl005_lr1e4_tol005_ep150_bonus150_sigma015_8d_rom_20260727/model_1499.pt",
  "pre_roll_time_s": 6.0,
  "render": false,
  "save_render_frames": false,
  "frame_output_dir": null,
  "render_steps": 1,
  "consecutive_goals": false,
  "goal_duration_s": null,
  "goal_duration_steps": null,
  "requested_goals": 1,
  "num_rollouts": 1,
  "success_rate": 1.0,
  "reached_tolerance_rate": 1.0,
  "mean_final_ee_error_m": 0.04945440962910652,
  "mean_min_ee_error_m": 0.04945440962910652,
  "rollouts": [
    {
      "steps": 53,
      "done_reason": "success",
      "final_done_reason": "success",
      "first_done_step": 53,
      "first_success_step": 53,
      "fixed_duration_steps": null,
      "success": true,
      "reached_tolerance": true,
      "final_ee_error_m": 0.04945440962910652,
      "min_ee_error_m": 0.04945440962910652,
      "mean_ee_error_m": 3.516789436340332,
      "reward_sum": 155.15638732910156,
      "unsafe_action_rate": 0.0,
      "min_clearance_m": 0.13348466157913208,
      "goal_base": [
        1.2616599798202515,
        -5.355000019073486,
        -0.8415899872779846
      ],
      "contact_kind": null,
      "contact_links": [],
      "joint_limit_labels": [],
      "rollout_index": 0
    }
  ]
}
Actor MLP: Sequential(
  (0): Linear(in_features=26, out_features=256, bias=True)
  (1): ELU(alpha=1.0)
  (2): Linear(in_features=256, out_features=128, bias=True)
  (3): ELU(alpha=1.0)
  (4): Linear(in_features=128, out_features=64, bias=True)
  (5): ELU(alpha=1.0)
  (6): Linear(in_features=64, out_features=4, bias=True)
)
Critic MLP: Sequential(
  (0): Linear(in_features=26, out_features=256, bias=True)
  (1): ELU(alpha=1.0)
  (2): Linear(in_features=256, out_features=128, bias=True)
  (3): ELU(alpha=1.0)
  (4): Linear(in_features=128, out_features=64, bias=True)
  (5): ELU(alpha=1.0)
  (6): Linear(in_features=64, out_features=1, bias=True)
)
!!!!!!!!!!!!!added lock!!!!!!!!!!!!
{"steps": 34, "done_reason": "success", "final_done_reason": "success", "first_done_step": 34, "first_success_step": 34, "fixed_duration_steps": null, "success": true, "reached_tolerance": true, "final_ee_error_m": 0.043687865138053894, "min_ee_error_m": 0.043687865138053894, "mean_ee_error_m": 1.4059488773345947, "reward_sum": 155.26210021972656, "unsafe_action_rate": 0.0, "min_clearance_m": 0.12924402952194214, "goal_base": [4.336180210113525, -1.4462900161743164, -3.6934399604797363], "contact_kind": null, "contact_links": [], "joint_limit_labels": [], "rollout_index": 0}
{
  "backend": "chrono_arm_reaching",
  "policy_checkpoint": "/home/harry/NeDM/artifacts/rl_runs/arm_reach_adaptivekl005_lr1e4_tol005_ep150_bonus150_sigma015_8d_rom_20260727/model_1499.pt",
  "pre_roll_time_s": 6.0,
  "render": false,
  "save_render_frames": false,
  "frame_output_dir": null,
  "render_steps": 1,
  "consecutive_goals": false,
  "goal_duration_s": null,
  "goal_duration_steps": null,
  "requested_goals": 1,
  "num_rollouts": 1,
  "success_rate": 1.0,
  "reached_tolerance_rate": 1.0,
  "mean_final_ee_error_m": 0.043687865138053894,
  "mean_min_ee_error_m": 0.043687865138053894,
  "rollouts": [
    {
      "steps": 34,
      "done_reason": "success",
      "final_done_reason": "success",
      "first_done_step": 34,
      "first_success_step": 34,
      "fixed_duration_steps": null,
      "success": true,
      "reached_tolerance": true,
      "final_ee_error_m": 0.043687865138053894,
      "min_ee_error_m": 0.043687865138053894,
      "mean_ee_error_m": 1.4059488773345947,
      "reward_sum": 155.26210021972656,
      "unsafe_action_rate": 0.0,
      "min_clearance_m": 0.12924402952194214,
      "goal_base": [
        4.336180210113525,
        -1.4462900161743164,
        -3.6934399604797363
      ],
      "contact_kind": null,
      "contact_links": [],
      "joint_limit_labels": [],
      "rollout_index": 0
    }
  ]
}
Actor MLP: Sequential(
  (0): Linear(in_features=26, out_features=256, bias=True)
  (1): ELU(alpha=1.0)
  (2): Linear(in_features=256, out_features=128, bias=True)
  (3): ELU(alpha=1.0)
  (4): Linear(in_features=128, out_features=64, bias=True)
  (5): ELU(alpha=1.0)
  (6): Linear(in_features=64, out_features=4, bias=True)
)
Critic MLP: Sequential(
  (0): Linear(in_features=26, out_features=256, bias=True)
  (1): ELU(alpha=1.0)
  (2): Linear(in_features=256, out_features=128, bias=True)
  (3): ELU(alpha=1.0)
  (4): Linear(in_features=128, out_features=64, bias=True)
  (5): ELU(alpha=1.0)
  (6): Linear(in_features=64, out_features=1, bias=True)
)
!!!!!!!!!!!!!added lock!!!!!!!!!!!!
{"steps": 41, "done_reason": "success", "final_done_reason": "success", "first_done_step": 41, "first_success_step": 41, "fixed_duration_steps": null, "success": true, "reached_tolerance": true, "final_ee_error_m": 0.03778162598609924, "min_ee_error_m": 0.03778162598609924, "mean_ee_error_m": 2.350835084915161, "reward_sum": 153.1063232421875, "unsafe_action_rate": 0.0, "min_clearance_m": 0.13348466157913208, "goal_base": [4.056690216064453, 3.542340040206909, -1.7188800573349], "contact_kind": null, "contact_links": [], "joint_limit_labels": [], "rollout_index": 0}
{
  "backend": "chrono_arm_reaching",
  "policy_checkpoint": "/home/harry/NeDM/artifacts/rl_runs/arm_reach_adaptivekl005_lr1e4_tol005_ep150_bonus150_sigma015_8d_rom_20260727/model_1499.pt",
  "pre_roll_time_s": 6.0,
  "render": false,
  "save_render_frames": false,
  "frame_output_dir": null,
  "render_steps": 1,
  "consecutive_goals": false,
  "goal_duration_s": null,
  "goal_duration_steps": null,
  "requested_goals": 1,
  "num_rollouts": 1,
  "success_rate": 1.0,
  "reached_tolerance_rate": 1.0,
  "mean_final_ee_error_m": 0.03778162598609924,
  "mean_min_ee_error_m": 0.03778162598609924,
  "rollouts": [
    {
      "steps": 41,
      "done_reason": "success",
      "final_done_reason": "success",
      "first_done_step": 41,
      "first_success_step": 41,
      "fixed_duration_steps": null,
      "success": true,
      "reached_tolerance": true,
      "final_ee_error_m": 0.03778162598609924,
      "min_ee_error_m": 0.03778162598609924,
      "mean_ee_error_m": 2.350835084915161,
      "reward_sum": 153.1063232421875,
      "unsafe_action_rate": 0.0,
      "min_clearance_m": 0.13348466157913208,
      "goal_base": [
        4.056690216064453,
        3.542340040206909,
        -1.7188800573349
      ],
      "contact_kind": null,
      "contact_links": [],
      "joint_limit_labels": [],
      "rollout_index": 0
    }
  ]
}
Actor MLP: Sequential(
  (0): Linear(in_features=26, out_features=256, bias=True)
  (1): ELU(alpha=1.0)
  (2): Linear(in_features=256, out_features=128, bias=True)
  (3): ELU(alpha=1.0)
  (4): Linear(in_features=128, out_features=64, bias=True)
  (5): ELU(alpha=1.0)
  (6): Linear(in_features=64, out_features=4, bias=True)
)
Critic MLP: Sequential(
  (0): Linear(in_features=26, out_features=256, bias=True)
  (1): ELU(alpha=1.0)
  (2): Linear(in_features=256, out_features=128, bias=True)
  (3): ELU(alpha=1.0)
  (4): Linear(in_features=128, out_features=64, bias=True)
  (5): ELU(alpha=1.0)
  (6): Linear(in_features=64, out_features=1, bias=True)
)
!!!!!!!!!!!!!added lock!!!!!!!!!!!!
{"steps": 41, "done_reason": "success", "final_done_reason": "success", "first_done_step": 41, "first_success_step": 41, "fixed_duration_steps": null, "success": true, "reached_tolerance": true, "final_ee_error_m": 0.036461614072322845, "min_ee_error_m": 0.036461614072322845, "mean_ee_error_m": 4.2913079261779785, "reward_sum": 151.41448974609375, "unsafe_action_rate": 0.0, "min_clearance_m": 0.12935441732406616, "goal_base": [0.5992900133132935, -4.605199813842773, -3.5856900215148926], "contact_kind": null, "contact_links": [], "joint_limit_labels": [], "rollout_index": 0}
{
  "backend": "chrono_arm_reaching",
  "policy_checkpoint": "/home/harry/NeDM/artifacts/rl_runs/arm_reach_adaptivekl005_lr1e4_tol005_ep150_bonus150_sigma015_8d_rom_20260727/model_1499.pt",
  "pre_roll_time_s": 6.0,
  "render": false,
  "save_render_frames": false,
  "frame_output_dir": null,
  "render_steps": 1,
  "consecutive_goals": false,
  "goal_duration_s": null,
  "goal_duration_steps": null,
  "requested_goals": 1,
  "num_rollouts": 1,
  "success_rate": 1.0,
  "reached_tolerance_rate": 1.0,
  "mean_final_ee_error_m": 0.036461614072322845,
  "mean_min_ee_error_m": 0.036461614072322845,
  "rollouts": [
    {
      "steps": 41,
      "done_reason": "success",
      "final_done_reason": "success",
      "first_done_step": 41,
      "first_success_step": 41,
      "fixed_duration_steps": null,
      "success": true,
      "reached_tolerance": true,
      "final_ee_error_m": 0.036461614072322845,
      "min_ee_error_m": 0.036461614072322845,
      "mean_ee_error_m": 4.2913079261779785,
      "reward_sum": 151.41448974609375,
      "unsafe_action_rate": 0.0,
      "min_clearance_m": 0.12935441732406616,
      "goal_base": [
        0.5992900133132935,
        -4.605199813842773,
        -3.5856900215148926
      ],
      "contact_kind": null,
      "contact_links": [],
      "joint_limit_labels": [],
      "rollout_index": 0
    }
  ]
}
Actor MLP: Sequential(
  (0): Linear(in_features=26, out_features=256, bias=True)
  (1): ELU(alpha=1.0)
  (2): Linear(in_features=256, out_features=128, bias=True)
  (3): ELU(alpha=1.0)
  (4): Linear(in_features=128, out_features=64, bias=True)
  (5): ELU(alpha=1.0)
  (6): Linear(in_features=64, out_features=4, bias=True)
)
Critic MLP: Sequential(
  (0): Linear(in_features=26, out_features=256, bias=True)
  (1): ELU(alpha=1.0)
  (2): Linear(in_features=256, out_features=128, bias=True)
  (3): ELU(alpha=1.0)
  (4): Linear(in_features=128, out_features=64, bias=True)
  (5): ELU(alpha=1.0)
  (6): Linear(in_features=64, out_features=1, bias=True)
)
!!!!!!!!!!!!!added lock!!!!!!!!!!!!
{"steps": 67, "done_reason": "success", "final_done_reason": "success", "first_done_step": 67, "first_success_step": 67, "fixed_duration_steps": null, "success": true, "reached_tolerance": true, "final_ee_error_m": 0.03698788583278656, "min_ee_error_m": 0.03698788583278656, "mean_ee_error_m": 1.9246963262557983, "reward_sum": 161.26902770996094, "unsafe_action_rate": 0.0, "min_clearance_m": 0.13348466157913208, "goal_base": [3.1920199394226074, 4.146240234375, -2.014849901199341], "contact_kind": null, "contact_links": [], "joint_limit_labels": [], "rollout_index": 0}
{
  "backend": "chrono_arm_reaching",
  "policy_checkpoint": "/home/harry/NeDM/artifacts/rl_runs/arm_reach_adaptivekl005_lr1e4_tol005_ep150_bonus150_sigma015_8d_rom_20260727/model_1499.pt",
  "pre_roll_time_s": 6.0,
  "render": false,
  "save_render_frames": false,
  "frame_output_dir": null,
  "render_steps": 1,
  "consecutive_goals": false,
  "goal_duration_s": null,
  "goal_duration_steps": null,
  "requested_goals": 1,
  "num_rollouts": 1,
  "success_rate": 1.0,
  "reached_tolerance_rate": 1.0,
  "mean_final_ee_error_m": 0.03698788583278656,
  "mean_min_ee_error_m": 0.03698788583278656,
  "rollouts": [
    {
      "steps": 67,
      "done_reason": "success",
      "final_done_reason": "success",
      "first_done_step": 67,
      "first_success_step": 67,
      "fixed_duration_steps": null,
      "success": true,
      "reached_tolerance": true,
      "final_ee_error_m": 0.03698788583278656,
      "min_ee_error_m": 0.03698788583278656,
      "mean_ee_error_m": 1.9246963262557983,
      "reward_sum": 161.26902770996094,
      "unsafe_action_rate": 0.0,
      "min_clearance_m": 0.13348466157913208,
      "goal_base": [
        3.1920199394226074,
        4.146240234375,
        -2.014849901199341
      ],
      "contact_kind": null,
      "contact_links": [],
      "joint_limit_labels": [],
      "rollout_index": 0
    }
  ]
}
Actor MLP: Sequential(
  (0): Linear(in_features=26, out_features=256, bias=True)
  (1): ELU(alpha=1.0)
  (2): Linear(in_features=256, out_features=128, bias=True)
  (3): ELU(alpha=1.0)
  (4): Linear(in_features=128, out_features=64, bias=True)
  (5): ELU(alpha=1.0)
  (6): Linear(in_features=64, out_features=4, bias=True)
)
Critic MLP: Sequential(
  (0): Linear(in_features=26, out_features=256, bias=True)
  (1): ELU(alpha=1.0)
  (2): Linear(in_features=256, out_features=128, bias=True)
  (3): ELU(alpha=1.0)
  (4): Linear(in_features=128, out_features=64, bias=True)
  (5): ELU(alpha=1.0)
  (6): Linear(in_features=64, out_features=1, bias=True)
)
!!!!!!!!!!!!!added lock!!!!!!!!!!!!
{"steps": 43, "done_reason": "success", "final_done_reason": "success", "first_done_step": 43, "first_success_step": 43, "fixed_duration_steps": null, "success": true, "reached_tolerance": true, "final_ee_error_m": 0.03414209932088852, "min_ee_error_m": 0.03414209932088852, "mean_ee_error_m": 3.234642267227173, "reward_sum": 152.6898193359375, "unsafe_action_rate": 0.0, "min_clearance_m": 0.13348466157913208, "goal_base": [2.827159881591797, 4.6319499015808105, -1.3711899518966675], "contact_kind": null, "contact_links": [], "joint_limit_labels": [], "rollout_index": 0}
{
  "backend": "chrono_arm_reaching",
  "policy_checkpoint": "/home/harry/NeDM/artifacts/rl_runs/arm_reach_adaptivekl005_lr1e4_tol005_ep150_bonus150_sigma015_8d_rom_20260727/model_1499.pt",
  "pre_roll_time_s": 6.0,
  "render": false,
  "save_render_frames": false,
  "frame_output_dir": null,
  "render_steps": 1,
  "consecutive_goals": false,
  "goal_duration_s": null,
  "goal_duration_steps": null,
  "requested_goals": 1,
  "num_rollouts": 1,
  "success_rate": 1.0,
  "reached_tolerance_rate": 1.0,
  "mean_final_ee_error_m": 0.03414209932088852,
  "mean_min_ee_error_m": 0.03414209932088852,
  "rollouts": [
    {
      "steps": 43,
      "done_reason": "success",
      "final_done_reason": "success",
      "first_done_step": 43,
      "first_success_step": 43,
      "fixed_duration_steps": null,
      "success": true,
      "reached_tolerance": true,
      "final_ee_error_m": 0.03414209932088852,
      "min_ee_error_m": 0.03414209932088852,
      "mean_ee_error_m": 3.234642267227173,
      "reward_sum": 152.6898193359375,
      "unsafe_action_rate": 0.0,
      "min_clearance_m": 0.13348466157913208,
      "goal_base": [
        2.827159881591797,
        4.6319499015808105,
        -1.3711899518966675
      ],
      "contact_kind": null,
      "contact_links": [],
      "joint_limit_labels": [],
      "rollout_index": 0
    }
  ]
}
Actor MLP: Sequential(
  (0): Linear(in_features=26, out_features=256, bias=True)
  (1): ELU(alpha=1.0)
  (2): Linear(in_features=256, out_features=128, bias=True)
  (3): ELU(alpha=1.0)
  (4): Linear(in_features=128, out_features=64, bias=True)
  (5): ELU(alpha=1.0)
  (6): Linear(in_features=64, out_features=4, bias=True)
)
Critic MLP: Sequential(
  (0): Linear(in_features=26, out_features=256, bias=True)
  (1): ELU(alpha=1.0)
  (2): Linear(in_features=256, out_features=128, bias=True)
  (3): ELU(alpha=1.0)
  (4): Linear(in_features=128, out_features=64, bias=True)
  (5): ELU(alpha=1.0)
  (6): Linear(in_features=64, out_features=1, bias=True)
)
!!!!!!!!!!!!!added lock!!!!!!!!!!!!
{"steps": 41, "done_reason": "success", "final_done_reason": "success", "first_done_step": 41, "first_success_step": 41, "fixed_duration_steps": null, "success": true, "reached_tolerance": true, "final_ee_error_m": 0.0408753864467144, "min_ee_error_m": 0.0408753864467144, "mean_ee_error_m": 3.544830322265625, "reward_sum": 151.84414672851562, "unsafe_action_rate": 0.0, "min_clearance_m": 0.13143843412399292, "goal_base": [2.4091200828552246, 4.350629806518555, -2.9029600620269775], "contact_kind": null, "contact_links": [], "joint_limit_labels": [], "rollout_index": 0}
{
  "backend": "chrono_arm_reaching",
  "policy_checkpoint": "/home/harry/NeDM/artifacts/rl_runs/arm_reach_adaptivekl005_lr1e4_tol005_ep150_bonus150_sigma015_8d_rom_20260727/model_1499.pt",
  "pre_roll_time_s": 6.0,
  "render": false,
  "save_render_frames": false,
  "frame_output_dir": null,
  "render_steps": 1,
  "consecutive_goals": false,
  "goal_duration_s": null,
  "goal_duration_steps": null,
  "requested_goals": 1,
  "num_rollouts": 1,
  "success_rate": 1.0,
  "reached_tolerance_rate": 1.0,
  "mean_final_ee_error_m": 0.0408753864467144,
  "mean_min_ee_error_m": 0.0408753864467144,
  "rollouts": [
    {
      "steps": 41,
      "done_reason": "success",
      "final_done_reason": "success",
      "first_done_step": 41,
      "first_success_step": 41,
      "fixed_duration_steps": null,
      "success": true,
      "reached_tolerance": true,
      "final_ee_error_m": 0.0408753864467144,
      "min_ee_error_m": 0.0408753864467144,
      "mean_ee_error_m": 3.544830322265625,
      "reward_sum": 151.84414672851562,
      "unsafe_action_rate": 0.0,
      "min_clearance_m": 0.13143843412399292,
      "goal_base": [
        2.4091200828552246,
        4.350629806518555,
        -2.9029600620269775
      ],
      "contact_kind": null,
      "contact_links": [],
      "joint_limit_labels": [],
      "rollout_index": 0
    }
  ]
}
Actor MLP: Sequential(
  (0): Linear(in_features=26, out_features=256, bias=True)
  (1): ELU(alpha=1.0)
  (2): Linear(in_features=256, out_features=128, bias=True)
  (3): ELU(alpha=1.0)
  (4): Linear(in_features=128, out_features=64, bias=True)
  (5): ELU(alpha=1.0)
  (6): Linear(in_features=64, out_features=4, bias=True)
)
Critic MLP: Sequential(
  (0): Linear(in_features=26, out_features=256, bias=True)
  (1): ELU(alpha=1.0)
  (2): Linear(in_features=256, out_features=128, bias=True)
  (3): ELU(alpha=1.0)
  (4): Linear(in_features=128, out_features=64, bias=True)
  (5): ELU(alpha=1.0)
  (6): Linear(in_features=64, out_features=1, bias=True)
)
!!!!!!!!!!!!!added lock!!!!!!!!!!!!
{"steps": 41, "done_reason": "success", "final_done_reason": "success", "first_done_step": 41, "first_success_step": 41, "fixed_duration_steps": null, "success": true, "reached_tolerance": true, "final_ee_error_m": 0.04591863229870796, "min_ee_error_m": 0.04591863229870796, "mean_ee_error_m": 3.9676270484924316, "reward_sum": 151.99325561523438, "unsafe_action_rate": 0.0, "min_clearance_m": 0.1296488642692566, "goal_base": [1.0782699584960938, -4.54157018661499, -3.4533700942993164], "contact_kind": null, "contact_links": [], "joint_limit_labels": [], "rollout_index": 0}
{
  "backend": "chrono_arm_reaching",
  "policy_checkpoint": "/home/harry/NeDM/artifacts/rl_runs/arm_reach_adaptivekl005_lr1e4_tol005_ep150_bonus150_sigma015_8d_rom_20260727/model_1499.pt",
  "pre_roll_time_s": 6.0,
  "render": false,
  "save_render_frames": false,
  "frame_output_dir": null,
  "render_steps": 1,
  "consecutive_goals": false,
  "goal_duration_s": null,
  "goal_duration_steps": null,
  "requested_goals": 1,
  "num_rollouts": 1,
  "success_rate": 1.0,
  "reached_tolerance_rate": 1.0,
  "mean_final_ee_error_m": 0.04591863229870796,
  "mean_min_ee_error_m": 0.04591863229870796,
  "rollouts": [
    {
      "steps": 41,
      "done_reason": "success",
      "final_done_reason": "success",
      "first_done_step": 41,
      "first_success_step": 41,
      "fixed_duration_steps": null,
      "success": true,
      "reached_tolerance": true,
      "final_ee_error_m": 0.04591863229870796,
      "min_ee_error_m": 0.04591863229870796,
      "mean_ee_error_m": 3.9676270484924316,
      "reward_sum": 151.99325561523438,
      "unsafe_action_rate": 0.0,
      "min_clearance_m": 0.1296488642692566,
      "goal_base": [
        1.0782699584960938,
        -4.54157018661499,
        -3.4533700942993164
      ],
      "contact_kind": null,
      "contact_links": [],
      "joint_limit_labels": [],
      "rollout_index": 0
    }
  ]
}
Actor MLP: Sequential(
  (0): Linear(in_features=26, out_features=256, bias=True)
  (1): ELU(alpha=1.0)
  (2): Linear(in_features=256, out_features=128, bias=True)
  (3): ELU(alpha=1.0)
  (4): Linear(in_features=128, out_features=64, bias=True)
  (5): ELU(alpha=1.0)
  (6): Linear(in_features=64, out_features=4, bias=True)
)
Critic MLP: Sequential(
  (0): Linear(in_features=26, out_features=256, bias=True)
  (1): ELU(alpha=1.0)
  (2): Linear(in_features=256, out_features=128, bias=True)
  (3): ELU(alpha=1.0)
  (4): Linear(in_features=128, out_features=64, bias=True)
  (5): ELU(alpha=1.0)
  (6): Linear(in_features=64, out_features=1, bias=True)
)
!!!!!!!!!!!!!added lock!!!!!!!!!!!!
{"steps": 43, "done_reason": "success", "final_done_reason": "success", "first_done_step": 43, "first_success_step": 43, "fixed_duration_steps": null, "success": true, "reached_tolerance": true, "final_ee_error_m": 0.020262783393263817, "min_ee_error_m": 0.020262783393263817, "mean_ee_error_m": 3.2344110012054443, "reward_sum": 152.70347595214844, "unsafe_action_rate": 0.0, "min_clearance_m": 0.13348466157913208, "goal_base": [2.857800006866455, 4.675640106201172, -1.1743700504302979], "contact_kind": null, "contact_links": [], "joint_limit_labels": [], "rollout_index": 0}
{
  "backend": "chrono_arm_reaching",
  "policy_checkpoint": "/home/harry/NeDM/artifacts/rl_runs/arm_reach_adaptivekl005_lr1e4_tol005_ep150_bonus150_sigma015_8d_rom_20260727/model_1499.pt",
  "pre_roll_time_s": 6.0,
  "render": false,
  "save_render_frames": false,
  "frame_output_dir": null,
  "render_steps": 1,
  "consecutive_goals": false,
  "goal_duration_s": null,
  "goal_duration_steps": null,
  "requested_goals": 1,
  "num_rollouts": 1,
  "success_rate": 1.0,
  "reached_tolerance_rate": 1.0,
  "mean_final_ee_error_m": 0.020262783393263817,
  "mean_min_ee_error_m": 0.020262783393263817,
  "rollouts": [
    {
      "steps": 43,
      "done_reason": "success",
      "final_done_reason": "success",
      "first_done_step": 43,
      "first_success_step": 43,
      "fixed_duration_steps": null,
      "success": true,
      "reached_tolerance": true,
      "final_ee_error_m": 0.020262783393263817,
      "min_ee_error_m": 0.020262783393263817,
      "mean_ee_error_m": 3.2344110012054443,
      "reward_sum": 152.70347595214844,
      "unsafe_action_rate": 0.0,
      "min_clearance_m": 0.13348466157913208,
      "goal_base": [
        2.857800006866455,
        4.675640106201172,
        -1.1743700504302979
      ],
      "contact_kind": null,
      "contact_links": [],
      "joint_limit_labels": [],
      "rollout_index": 0
    }
  ]
}
Actor MLP: Sequential(
  (0): Linear(in_features=26, out_features=256, bias=True)
  (1): ELU(alpha=1.0)
  (2): Linear(in_features=256, out_features=128, bias=True)
  (3): ELU(alpha=1.0)
  (4): Linear(in_features=128, out_features=64, bias=True)
  (5): ELU(alpha=1.0)
  (6): Linear(in_features=64, out_features=4, bias=True)
)
Critic MLP: Sequential(
  (0): Linear(in_features=26, out_features=256, bias=True)
  (1): ELU(alpha=1.0)
  (2): Linear(in_features=256, out_features=128, bias=True)
  (3): ELU(alpha=1.0)
  (4): Linear(in_features=128, out_features=64, bias=True)
  (5): ELU(alpha=1.0)
  (6): Linear(in_features=64, out_features=1, bias=True)
)
!!!!!!!!!!!!!added lock!!!!!!!!!!!!
{"steps": 67, "done_reason": "success", "final_done_reason": "success", "first_done_step": 67, "first_success_step": 67, "fixed_duration_steps": null, "success": true, "reached_tolerance": true, "final_ee_error_m": 0.03814693167805672, "min_ee_error_m": 0.03814693167805672, "mean_ee_error_m": 0.6425533890724182, "reward_sum": 168.83010864257812, "unsafe_action_rate": 0.0, "min_clearance_m": 0.13065224885940552, "goal_base": [4.836999893188477, 0.36434999108314514, -3.106760025024414], "contact_kind": null, "contact_links": [], "joint_limit_labels": [], "rollout_index": 0}
{
  "backend": "chrono_arm_reaching",
  "policy_checkpoint": "/home/harry/NeDM/artifacts/rl_runs/arm_reach_adaptivekl005_lr1e4_tol005_ep150_bonus150_sigma015_8d_rom_20260727/model_1499.pt",
  "pre_roll_time_s": 6.0,
  "render": false,
  "save_render_frames": false,
  "frame_output_dir": null,
  "render_steps": 1,
  "consecutive_goals": false,
  "goal_duration_s": null,
  "goal_duration_steps": null,
  "requested_goals": 1,
  "num_rollouts": 1,
  "success_rate": 1.0,
  "reached_tolerance_rate": 1.0,
  "mean_final_ee_error_m": 0.03814693167805672,
  "mean_min_ee_error_m": 0.03814693167805672,
  "rollouts": [
    {
      "steps": 67,
      "done_reason": "success",
      "final_done_reason": "success",
      "first_done_step": 67,
      "first_success_step": 67,
      "fixed_duration_steps": null,
      "success": true,
      "reached_tolerance": true,
      "final_ee_error_m": 0.03814693167805672,
      "min_ee_error_m": 0.03814693167805672,
      "mean_ee_error_m": 0.6425533890724182,
      "reward_sum": 168.83010864257812,
      "unsafe_action_rate": 0.0,
      "min_clearance_m": 0.13065224885940552,
      "goal_base": [
        4.836999893188477,
        0.36434999108314514,
        -3.106760025024414
      ],
      "contact_kind": null,
      "contact_links": [],
      "joint_limit_labels": [],
      "rollout_index": 0
    }
  ]
}
Actor MLP: Sequential(
  (0): Linear(in_features=26, out_features=256, bias=True)
  (1): ELU(alpha=1.0)
  (2): Linear(in_features=256, out_features=128, bias=True)
  (3): ELU(alpha=1.0)
  (4): Linear(in_features=128, out_features=64, bias=True)
  (5): ELU(alpha=1.0)
  (6): Linear(in_features=64, out_features=4, bias=True)
)
Critic MLP: Sequential(
  (0): Linear(in_features=26, out_features=256, bias=True)
  (1): ELU(alpha=1.0)
  (2): Linear(in_features=256, out_features=128, bias=True)
  (3): ELU(alpha=1.0)
  (4): Linear(in_features=128, out_features=64, bias=True)
  (5): ELU(alpha=1.0)
  (6): Linear(in_features=64, out_features=1, bias=True)
)
!!!!!!!!!!!!!added lock!!!!!!!!!!!!
{"steps": 69, "done_reason": "success", "final_done_reason": "success", "first_done_step": 69, "first_success_step": 69, "fixed_duration_steps": null, "success": true, "reached_tolerance": true, "final_ee_error_m": 0.037436436861753464, "min_ee_error_m": 0.037436436861753464, "mean_ee_error_m": 0.7264882922172546, "reward_sum": 164.814453125, "unsafe_action_rate": 0.0, "min_clearance_m": 0.13348466157913208, "goal_base": [5.1273698806762695, 1.4296400547027588, -2.081010103225708], "contact_kind": null, "contact_links": [], "joint_limit_labels": [], "rollout_index": 0}
{
  "backend": "chrono_arm_reaching",
  "policy_checkpoint": "/home/harry/NeDM/artifacts/rl_runs/arm_reach_adaptivekl005_lr1e4_tol005_ep150_bonus150_sigma015_8d_rom_20260727/model_1499.pt",
  "pre_roll_time_s": 6.0,
  "render": false,
  "save_render_frames": false,
  "frame_output_dir": null,
  "render_steps": 1,
  "consecutive_goals": false,
  "goal_duration_s": null,
  "goal_duration_steps": null,
  "requested_goals": 1,
  "num_rollouts": 1,
  "success_rate": 1.0,
  "reached_tolerance_rate": 1.0,
  "mean_final_ee_error_m": 0.037436436861753464,
  "mean_min_ee_error_m": 0.037436436861753464,
  "rollouts": [
    {
      "steps": 69,
      "done_reason": "success",
      "final_done_reason": "success",
      "first_done_step": 69,
      "first_success_step": 69,
      "fixed_duration_steps": null,
      "success": true,
      "reached_tolerance": true,
      "final_ee_error_m": 0.037436436861753464,
      "min_ee_error_m": 0.037436436861753464,
      "mean_ee_error_m": 0.7264882922172546,
      "reward_sum": 164.814453125,
      "unsafe_action_rate": 0.0,
      "min_clearance_m": 0.13348466157913208,
      "goal_base": [
        5.1273698806762695,
        1.4296400547027588,
        -2.081010103225708
      ],
      "contact_kind": null,
      "contact_links": [],
      "joint_limit_labels": [],
      "rollout_index": 0
    }
  ]
}
Actor MLP: Sequential(
  (0): Linear(in_features=26, out_features=256, bias=True)
  (1): ELU(alpha=1.0)
  (2): Linear(in_features=256, out_features=128, bias=True)
  (3): ELU(alpha=1.0)
  (4): Linear(in_features=128, out_features=64, bias=True)
  (5): ELU(alpha=1.0)
  (6): Linear(in_features=64, out_features=4, bias=True)
)
Critic MLP: Sequential(
  (0): Linear(in_features=26, out_features=256, bias=True)
  (1): ELU(alpha=1.0)
  (2): Linear(in_features=256, out_features=128, bias=True)
  (3): ELU(alpha=1.0)
  (4): Linear(in_features=128, out_features=64, bias=True)
  (5): ELU(alpha=1.0)
  (6): Linear(in_features=64, out_features=1, bias=True)
)
!!!!!!!!!!!!!added lock!!!!!!!!!!!!
{"steps": 41, "done_reason": "success", "final_done_reason": "success", "first_done_step": 41, "first_success_step": 41, "fixed_duration_steps": null, "success": true, "reached_tolerance": true, "final_ee_error_m": 0.04932427406311035, "min_ee_error_m": 0.04932427406311035, "mean_ee_error_m": 2.031370162963867, "reward_sum": 156.30006408691406, "unsafe_action_rate": 0.0, "min_clearance_m": 0.13002198934555054, "goal_base": [3.5790998935699463, -3.119189977645874, -3.330739974975586], "contact_kind": null, "contact_links": [], "joint_limit_labels": [], "rollout_index": 0}
{
  "backend": "chrono_arm_reaching",
  "policy_checkpoint": "/home/harry/NeDM/artifacts/rl_runs/arm_reach_adaptivekl005_lr1e4_tol005_ep150_bonus150_sigma015_8d_rom_20260727/model_1499.pt",
  "pre_roll_time_s": 6.0,
  "render": false,
  "save_render_frames": false,
  "frame_output_dir": null,
  "render_steps": 1,
  "consecutive_goals": false,
  "goal_duration_s": null,
  "goal_duration_steps": null,
  "requested_goals": 1,
  "num_rollouts": 1,
  "success_rate": 1.0,
  "reached_tolerance_rate": 1.0,
  "mean_final_ee_error_m": 0.04932427406311035,
  "mean_min_ee_error_m": 0.04932427406311035,
  "rollouts": [
    {
      "steps": 41,
      "done_reason": "success",
      "final_done_reason": "success",
      "first_done_step": 41,
      "first_success_step": 41,
      "fixed_duration_steps": null,
      "success": true,
      "reached_tolerance": true,
      "final_ee_error_m": 0.04932427406311035,
      "min_ee_error_m": 0.04932427406311035,
      "mean_ee_error_m": 2.031370162963867,
      "reward_sum": 156.30006408691406,
      "unsafe_action_rate": 0.0,
      "min_clearance_m": 0.13002198934555054,
      "goal_base": [
        3.5790998935699463,
        -3.119189977645874,
        -3.330739974975586
      ],
      "contact_kind": null,
      "contact_links": [],
      "joint_limit_labels": [],
      "rollout_index": 0
    }
  ]
}
Actor MLP: Sequential(
  (0): Linear(in_features=26, out_features=256, bias=True)
  (1): ELU(alpha=1.0)
  (2): Linear(in_features=256, out_features=128, bias=True)
  (3): ELU(alpha=1.0)
  (4): Linear(in_features=128, out_features=64, bias=True)
  (5): ELU(alpha=1.0)
  (6): Linear(in_features=64, out_features=4, bias=True)
)
Critic MLP: Sequential(
  (0): Linear(in_features=26, out_features=256, bias=True)
  (1): ELU(alpha=1.0)
  (2): Linear(in_features=256, out_features=128, bias=True)
  (3): ELU(alpha=1.0)
  (4): Linear(in_features=128, out_features=64, bias=True)
  (5): ELU(alpha=1.0)
  (6): Linear(in_features=64, out_features=1, bias=True)
)
!!!!!!!!!!!!!added lock!!!!!!!!!!!!
{"steps": 34, "done_reason": "success", "final_done_reason": "success", "first_done_step": 34, "first_success_step": 34, "fixed_duration_steps": null, "success": true, "reached_tolerance": true, "final_ee_error_m": 0.04658617824316025, "min_ee_error_m": 0.04658617824316025, "mean_ee_error_m": 2.6572413444519043, "reward_sum": 151.5117645263672, "unsafe_action_rate": 0.0, "min_clearance_m": 0.13039416074752808, "goal_base": [3.4384799003601074, -3.4228999614715576, -3.211019992828369], "contact_kind": null, "contact_links": [], "joint_limit_labels": [], "rollout_index": 0}
{
  "backend": "chrono_arm_reaching",
  "policy_checkpoint": "/home/harry/NeDM/artifacts/rl_runs/arm_reach_adaptivekl005_lr1e4_tol005_ep150_bonus150_sigma015_8d_rom_20260727/model_1499.pt",
  "pre_roll_time_s": 6.0,
  "render": false,
  "save_render_frames": false,
  "frame_output_dir": null,
  "render_steps": 1,
  "consecutive_goals": false,
  "goal_duration_s": null,
  "goal_duration_steps": null,
  "requested_goals": 1,
  "num_rollouts": 1,
  "success_rate": 1.0,
  "reached_tolerance_rate": 1.0,
  "mean_final_ee_error_m": 0.04658617824316025,
  "mean_min_ee_error_m": 0.04658617824316025,
  "rollouts": [
    {
      "steps": 34,
      "done_reason": "success",
      "final_done_reason": "success",
      "first_done_step": 34,
      "first_success_step": 34,
      "fixed_duration_steps": null,
      "success": true,
      "reached_tolerance": true,
      "final_ee_error_m": 0.04658617824316025,
      "min_ee_error_m": 0.04658617824316025,
      "mean_ee_error_m": 2.6572413444519043,
      "reward_sum": 151.5117645263672,
      "unsafe_action_rate": 0.0,
      "min_clearance_m": 0.13039416074752808,
      "goal_base": [
        3.4384799003601074,
        -3.4228999614715576,
        -3.211019992828369
      ],
      "contact_kind": null,
      "contact_links": [],
      "joint_limit_labels": [],
      "rollout_index": 0
    }
  ]
}
Actor MLP: Sequential(
  (0): Linear(in_features=26, out_features=256, bias=True)
  (1): ELU(alpha=1.0)
  (2): Linear(in_features=256, out_features=128, bias=True)
  (3): ELU(alpha=1.0)
  (4): Linear(in_features=128, out_features=64, bias=True)
  (5): ELU(alpha=1.0)
  (6): Linear(in_features=64, out_features=4, bias=True)
)
Critic MLP: Sequential(
  (0): Linear(in_features=26, out_features=256, bias=True)
  (1): ELU(alpha=1.0)
  (2): Linear(in_features=256, out_features=128, bias=True)
  (3): ELU(alpha=1.0)
  (4): Linear(in_features=128, out_features=64, bias=True)
  (5): ELU(alpha=1.0)
  (6): Linear(in_features=64, out_features=1, bias=True)
)
!!!!!!!!!!!!!added lock!!!!!!!!!!!!
{"steps": 112, "done_reason": "success", "final_done_reason": "success", "first_done_step": 112, "first_success_step": 112, "fixed_duration_steps": null, "success": true, "reached_tolerance": true, "final_ee_error_m": 0.0399138480424881, "min_ee_error_m": 0.0399138480424881, "mean_ee_error_m": 1.8759406805038452, "reward_sum": 167.76051330566406, "unsafe_action_rate": 0.0, "min_clearance_m": 0.13348466157913208, "goal_base": [1.0955400466918945, 5.0665998458862305, -2.1110899448394775], "contact_kind": null, "contact_links": [], "joint_limit_labels": [], "rollout_index": 0}
{
  "backend": "chrono_arm_reaching",
  "policy_checkpoint": "/home/harry/NeDM/artifacts/rl_runs/arm_reach_adaptivekl005_lr1e4_tol005_ep150_bonus150_sigma015_8d_rom_20260727/model_1499.pt",
  "pre_roll_time_s": 6.0,
  "render": false,
  "save_render_frames": false,
  "frame_output_dir": null,
  "render_steps": 1,
  "consecutive_goals": false,
  "goal_duration_s": null,
  "goal_duration_steps": null,
  "requested_goals": 1,
  "num_rollouts": 1,
  "success_rate": 1.0,
  "reached_tolerance_rate": 1.0,
  "mean_final_ee_error_m": 0.0399138480424881,
  "mean_min_ee_error_m": 0.0399138480424881,
  "rollouts": [
    {
      "steps": 112,
      "done_reason": "success",
      "final_done_reason": "success",
      "first_done_step": 112,
      "first_success_step": 112,
      "fixed_duration_steps": null,
      "success": true,
      "reached_tolerance": true,
      "final_ee_error_m": 0.0399138480424881,
      "min_ee_error_m": 0.0399138480424881,
      "mean_ee_error_m": 1.8759406805038452,
      "reward_sum": 167.76051330566406,
      "unsafe_action_rate": 0.0,
      "min_clearance_m": 0.13348466157913208,
      "goal_base": [
        1.0955400466918945,
        5.0665998458862305,
        -2.1110899448394775
      ],
      "contact_kind": null,
      "contact_links": [],
      "joint_limit_labels": [],
      "rollout_index": 0
    }
  ]
}
Actor MLP: Sequential(
  (0): Linear(in_features=26, out_features=256, bias=True)
  (1): ELU(alpha=1.0)
  (2): Linear(in_features=256, out_features=128, bias=True)
  (3): ELU(alpha=1.0)
  (4): Linear(in_features=128, out_features=64, bias=True)
  (5): ELU(alpha=1.0)
  (6): Linear(in_features=64, out_features=4, bias=True)
)
Critic MLP: Sequential(
  (0): Linear(in_features=26, out_features=256, bias=True)
  (1): ELU(alpha=1.0)
  (2): Linear(in_features=256, out_features=128, bias=True)
  (3): ELU(alpha=1.0)
  (4): Linear(in_features=128, out_features=64, bias=True)
  (5): ELU(alpha=1.0)
  (6): Linear(in_features=64, out_features=1, bias=True)
)
!!!!!!!!!!!!!added lock!!!!!!!!!!!!
{"steps": 35, "done_reason": "success", "final_done_reason": "success", "first_done_step": 35, "first_success_step": 35, "fixed_duration_steps": null, "success": true, "reached_tolerance": true, "final_ee_error_m": 0.03315671905875206, "min_ee_error_m": 0.03315671905875206, "mean_ee_error_m": 2.628628969192505, "reward_sum": 152.27320861816406, "unsafe_action_rate": 0.0, "min_clearance_m": 0.12970894575119019, "goal_base": [3.2704501152038574, -3.358829975128174, -3.450740098953247], "contact_kind": null, "contact_links": [], "joint_limit_labels": [], "rollout_index": 0}
{
  "backend": "chrono_arm_reaching",
  "policy_checkpoint": "/home/harry/NeDM/artifacts/rl_runs/arm_reach_adaptivekl005_lr1e4_tol005_ep150_bonus150_sigma015_8d_rom_20260727/model_1499.pt",
  "pre_roll_time_s": 6.0,
  "render": false,
  "save_render_frames": false,
  "frame_output_dir": null,
  "render_steps": 1,
  "consecutive_goals": false,
  "goal_duration_s": null,
  "goal_duration_steps": null,
  "requested_goals": 1,
  "num_rollouts": 1,
  "success_rate": 1.0,
  "reached_tolerance_rate": 1.0,
  "mean_final_ee_error_m": 0.03315671905875206,
  "mean_min_ee_error_m": 0.03315671905875206,
  "rollouts": [
    {
      "steps": 35,
      "done_reason": "success",
      "final_done_reason": "success",
      "first_done_step": 35,
      "first_success_step": 35,
      "fixed_duration_steps": null,
      "success": true,
      "reached_tolerance": true,
      "final_ee_error_m": 0.03315671905875206,
      "min_ee_error_m": 0.03315671905875206,
      "mean_ee_error_m": 2.628628969192505,
      "reward_sum": 152.27320861816406,
      "unsafe_action_rate": 0.0,
      "min_clearance_m": 0.12970894575119019,
      "goal_base": [
        3.2704501152038574,
        -3.358829975128174,
        -3.450740098953247
      ],
      "contact_kind": null,
      "contact_links": [],
      "joint_limit_labels": [],
      "rollout_index": 0
    }
  ]
}
Actor MLP: Sequential(
  (0): Linear(in_features=26, out_features=256, bias=True)
  (1): ELU(alpha=1.0)
  (2): Linear(in_features=256, out_features=128, bias=True)
  (3): ELU(alpha=1.0)
  (4): Linear(in_features=128, out_features=64, bias=True)
  (5): ELU(alpha=1.0)
  (6): Linear(in_features=64, out_features=4, bias=True)
)
Critic MLP: Sequential(
  (0): Linear(in_features=26, out_features=256, bias=True)
  (1): ELU(alpha=1.0)
  (2): Linear(in_features=256, out_features=128, bias=True)
  (3): ELU(alpha=1.0)
  (4): Linear(in_features=128, out_features=64, bias=True)
  (5): ELU(alpha=1.0)
  (6): Linear(in_features=64, out_features=1, bias=True)
)
!!!!!!!!!!!!!added lock!!!!!!!!!!!!
{"steps": 45, "done_reason": "success", "final_done_reason": "success", "first_done_step": 45, "first_success_step": 45, "fixed_duration_steps": null, "success": true, "reached_tolerance": true, "final_ee_error_m": 0.0451139472424984, "min_ee_error_m": 0.0451139472424984, "mean_ee_error_m": 0.807630181312561, "reward_sum": 160.1084442138672, "unsafe_action_rate": 0.0, "min_clearance_m": 0.13348466157913208, "goal_base": [5.136099815368652, -1.8376100063323975, -0.3647199869155884], "contact_kind": null, "contact_links": [], "joint_limit_labels": [], "rollout_index": 0}
{
  "backend": "chrono_arm_reaching",
  "policy_checkpoint": "/home/harry/NeDM/artifacts/rl_runs/arm_reach_adaptivekl005_lr1e4_tol005_ep150_bonus150_sigma015_8d_rom_20260727/model_1499.pt",
  "pre_roll_time_s": 6.0,
  "render": false,
  "save_render_frames": false,
  "frame_output_dir": null,
  "render_steps": 1,
  "consecutive_goals": false,
  "goal_duration_s": null,
  "goal_duration_steps": null,
  "requested_goals": 1,
  "num_rollouts": 1,
  "success_rate": 1.0,
  "reached_tolerance_rate": 1.0,
  "mean_final_ee_error_m": 0.0451139472424984,
  "mean_min_ee_error_m": 0.0451139472424984,
  "rollouts": [
    {
      "steps": 45,
      "done_reason": "success",
      "final_done_reason": "success",
      "first_done_step": 45,
      "first_success_step": 45,
      "fixed_duration_steps": null,
      "success": true,
      "reached_tolerance": true,
      "final_ee_error_m": 0.0451139472424984,
      "min_ee_error_m": 0.0451139472424984,
      "mean_ee_error_m": 0.807630181312561,
      "reward_sum": 160.1084442138672,
      "unsafe_action_rate": 0.0,
      "min_clearance_m": 0.13348466157913208,
      "goal_base": [
        5.136099815368652,
        -1.8376100063323975,
        -0.3647199869155884
      ],
      "contact_kind": null,
      "contact_links": [],
      "joint_limit_labels": [],
      "rollout_index": 0
    }
  ]
}
Actor MLP: Sequential(
  (0): Linear(in_features=26, out_features=256, bias=True)
  (1): ELU(alpha=1.0)
  (2): Linear(in_features=256, out_features=128, bias=True)
  (3): ELU(alpha=1.0)
  (4): Linear(in_features=128, out_features=64, bias=True)
  (5): ELU(alpha=1.0)
  (6): Linear(in_features=64, out_features=4, bias=True)
)
Critic MLP: Sequential(
  (0): Linear(in_features=26, out_features=256, bias=True)
  (1): ELU(alpha=1.0)
  (2): Linear(in_features=256, out_features=128, bias=True)
  (3): ELU(alpha=1.0)
  (4): Linear(in_features=128, out_features=64, bias=True)
  (5): ELU(alpha=1.0)
  (6): Linear(in_features=64, out_features=1, bias=True)
)
!!!!!!!!!!!!!added lock!!!!!!!!!!!!
{"steps": 52, "done_reason": "success", "final_done_reason": "success", "first_done_step": 52, "first_success_step": 52, "fixed_duration_steps": null, "success": true, "reached_tolerance": true, "final_ee_error_m": 0.045485250651836395, "min_ee_error_m": 0.045485250651836395, "mean_ee_error_m": 2.740725040435791, "reward_sum": 154.83535766601562, "unsafe_action_rate": 0.0, "min_clearance_m": 0.12877708673477173, "goal_base": [2.305219888687134, 3.376889944076538, -4.21150016784668], "contact_kind": null, "contact_links": [], "joint_limit_labels": [], "rollout_index": 0}
{
  "backend": "chrono_arm_reaching",
  "policy_checkpoint": "/home/harry/NeDM/artifacts/rl_runs/arm_reach_adaptivekl005_lr1e4_tol005_ep150_bonus150_sigma015_8d_rom_20260727/model_1499.pt",
  "pre_roll_time_s": 6.0,
  "render": false,
  "save_render_frames": false,
  "frame_output_dir": null,
  "render_steps": 1,
  "consecutive_goals": false,
  "goal_duration_s": null,
  "goal_duration_steps": null,
  "requested_goals": 1,
  "num_rollouts": 1,
  "success_rate": 1.0,
  "reached_tolerance_rate": 1.0,
  "mean_final_ee_error_m": 0.045485250651836395,
  "mean_min_ee_error_m": 0.045485250651836395,
  "rollouts": [
    {
      "steps": 52,
      "done_reason": "success",
      "final_done_reason": "success",
      "first_done_step": 52,
      "first_success_step": 52,
      "fixed_duration_steps": null,
      "success": true,
      "reached_tolerance": true,
      "final_ee_error_m": 0.045485250651836395,
      "min_ee_error_m": 0.045485250651836395,
      "mean_ee_error_m": 2.740725040435791,
      "reward_sum": 154.83535766601562,
      "unsafe_action_rate": 0.0,
      "min_clearance_m": 0.12877708673477173,
      "goal_base": [
        2.305219888687134,
        3.376889944076538,
        -4.21150016784668
      ],
      "contact_kind": null,
      "contact_links": [],
      "joint_limit_labels": [],
      "rollout_index": 0
    }
  ]
}
Actor MLP: Sequential(
  (0): Linear(in_features=26, out_features=256, bias=True)
  (1): ELU(alpha=1.0)
  (2): Linear(in_features=256, out_features=128, bias=True)
  (3): ELU(alpha=1.0)
  (4): Linear(in_features=128, out_features=64, bias=True)
  (5): ELU(alpha=1.0)
  (6): Linear(in_features=64, out_features=4, bias=True)
)
Critic MLP: Sequential(
  (0): Linear(in_features=26, out_features=256, bias=True)
  (1): ELU(alpha=1.0)
  (2): Linear(in_features=256, out_features=128, bias=True)
  (3): ELU(alpha=1.0)
  (4): Linear(in_features=128, out_features=64, bias=True)
  (5): ELU(alpha=1.0)
  (6): Linear(in_features=64, out_features=1, bias=True)
)
!!!!!!!!!!!!!added lock!!!!!!!!!!!!
{"steps": 41, "done_reason": "success", "final_done_reason": "success", "first_done_step": 41, "first_success_step": 41, "fixed_duration_steps": null, "success": true, "reached_tolerance": true, "final_ee_error_m": 0.04526367783546448, "min_ee_error_m": 0.04526367783546448, "mean_ee_error_m": 1.3059664964675903, "reward_sum": 154.99176025390625, "unsafe_action_rate": 0.0, "min_clearance_m": 0.1294425129890442, "goal_base": [4.582640171051025, 0.7995700240135193, -3.561389923095703], "contact_kind": null, "contact_links": [], "joint_limit_labels": [], "rollout_index": 0}
{
  "backend": "chrono_arm_reaching",
  "policy_checkpoint": "/home/harry/NeDM/artifacts/rl_runs/arm_reach_adaptivekl005_lr1e4_tol005_ep150_bonus150_sigma015_8d_rom_20260727/model_1499.pt",
  "pre_roll_time_s": 6.0,
  "render": false,
  "save_render_frames": false,
  "frame_output_dir": null,
  "render_steps": 1,
  "consecutive_goals": false,
  "goal_duration_s": null,
  "goal_duration_steps": null,
  "requested_goals": 1,
  "num_rollouts": 1,
  "success_rate": 1.0,
  "reached_tolerance_rate": 1.0,
  "mean_final_ee_error_m": 0.04526367783546448,
  "mean_min_ee_error_m": 0.04526367783546448,
  "rollouts": [
    {
      "steps": 41,
      "done_reason": "success",
      "final_done_reason": "success",
      "first_done_step": 41,
      "first_success_step": 41,
      "fixed_duration_steps": null,
      "success": true,
      "reached_tolerance": true,
      "final_ee_error_m": 0.04526367783546448,
      "min_ee_error_m": 0.04526367783546448,
      "mean_ee_error_m": 1.3059664964675903,
      "reward_sum": 154.99176025390625,
      "unsafe_action_rate": 0.0,
      "min_clearance_m": 0.1294425129890442,
      "goal_base": [
        4.582640171051025,
        0.7995700240135193,
        -3.561389923095703
      ],
      "contact_kind": null,
      "contact_links": [],
      "joint_limit_labels": [],
      "rollout_index": 0
    }
  ]
}
Actor MLP: Sequential(
  (0): Linear(in_features=26, out_features=256, bias=True)
  (1): ELU(alpha=1.0)
  (2): Linear(in_features=256, out_features=128, bias=True)
  (3): ELU(alpha=1.0)
  (4): Linear(in_features=128, out_features=64, bias=True)
  (5): ELU(alpha=1.0)
  (6): Linear(in_features=64, out_features=4, bias=True)
)
Critic MLP: Sequential(
  (0): Linear(in_features=26, out_features=256, bias=True)
  (1): ELU(alpha=1.0)
  (2): Linear(in_features=256, out_features=128, bias=True)
  (3): ELU(alpha=1.0)
  (4): Linear(in_features=128, out_features=64, bias=True)
  (5): ELU(alpha=1.0)
  (6): Linear(in_features=64, out_features=1, bias=True)
)
!!!!!!!!!!!!!added lock!!!!!!!!!!!!
{"steps": 34, "done_reason": "success", "final_done_reason": "success", "first_done_step": 34, "first_success_step": 34, "fixed_duration_steps": null, "success": true, "reached_tolerance": true, "final_ee_error_m": 0.043937426060438156, "min_ee_error_m": 0.043937426060438156, "mean_ee_error_m": 1.1091976165771484, "reward_sum": 156.08700561523438, "unsafe_action_rate": 0.0, "min_clearance_m": 0.13274067640304565, "goal_base": [4.824689865112305, -1.5617899894714355, -2.666759967803955], "contact_kind": null, "contact_links": [], "joint_limit_labels": [], "rollout_index": 0}
{
  "backend": "chrono_arm_reaching",
  "policy_checkpoint": "/home/harry/NeDM/artifacts/rl_runs/arm_reach_adaptivekl005_lr1e4_tol005_ep150_bonus150_sigma015_8d_rom_20260727/model_1499.pt",
  "pre_roll_time_s": 6.0,
  "render": false,
  "save_render_frames": false,
  "frame_output_dir": null,
  "render_steps": 1,
  "consecutive_goals": false,
  "goal_duration_s": null,
  "goal_duration_steps": null,
  "requested_goals": 1,
  "num_rollouts": 1,
  "success_rate": 1.0,
  "reached_tolerance_rate": 1.0,
  "mean_final_ee_error_m": 0.043937426060438156,
  "mean_min_ee_error_m": 0.043937426060438156,
  "rollouts": [
    {
      "steps": 34,
      "done_reason": "success",
      "final_done_reason": "success",
      "first_done_step": 34,
      "first_success_step": 34,
      "fixed_duration_steps": null,
      "success": true,
      "reached_tolerance": true,
      "final_ee_error_m": 0.043937426060438156,
      "min_ee_error_m": 0.043937426060438156,
      "mean_ee_error_m": 1.1091976165771484,
      "reward_sum": 156.08700561523438,
      "unsafe_action_rate": 0.0,
      "min_clearance_m": 0.13274067640304565,
      "goal_base": [
        4.824689865112305,
        -1.5617899894714355,
        -2.666759967803955
      ],
      "contact_kind": null,
      "contact_links": [],
      "joint_limit_labels": [],
      "rollout_index": 0
    }
  ]
}
Actor MLP: Sequential(
  (0): Linear(in_features=26, out_features=256, bias=True)
  (1): ELU(alpha=1.0)
  (2): Linear(in_features=256, out_features=128, bias=True)
  (3): ELU(alpha=1.0)
  (4): Linear(in_features=128, out_features=64, bias=True)
  (5): ELU(alpha=1.0)
  (6): Linear(in_features=64, out_features=4, bias=True)
)
Critic MLP: Sequential(
  (0): Linear(in_features=26, out_features=256, bias=True)
  (1): ELU(alpha=1.0)
  (2): Linear(in_features=256, out_features=128, bias=True)
  (3): ELU(alpha=1.0)
  (4): Linear(in_features=128, out_features=64, bias=True)
  (5): ELU(alpha=1.0)
  (6): Linear(in_features=64, out_features=1, bias=True)
)
!!!!!!!!!!!!!added lock!!!!!!!!!!!!
{"steps": 69, "done_reason": "success", "final_done_reason": "success", "first_done_step": 69, "first_success_step": 69, "fixed_duration_steps": null, "success": true, "reached_tolerance": true, "final_ee_error_m": 0.036102309823036194, "min_ee_error_m": 0.036102309823036194, "mean_ee_error_m": 0.4776378571987152, "reward_sum": 167.34326171875, "unsafe_action_rate": 0.0, "min_clearance_m": 0.13348466157913208, "goal_base": [5.359399795532227, 0.6585900187492371, -1.7612299919128418], "contact_kind": null, "contact_links": [], "joint_limit_labels": [], "rollout_index": 0}
{
  "backend": "chrono_arm_reaching",
  "policy_checkpoint": "/home/harry/NeDM/artifacts/rl_runs/arm_reach_adaptivekl005_lr1e4_tol005_ep150_bonus150_sigma015_8d_rom_20260727/model_1499.pt",
  "pre_roll_time_s": 6.0,
  "render": false,
  "save_render_frames": false,
  "frame_output_dir": null,
  "render_steps": 1,
  "consecutive_goals": false,
  "goal_duration_s": null,
  "goal_duration_steps": null,
  "requested_goals": 1,
  "num_rollouts": 1,
  "success_rate": 1.0,
  "reached_tolerance_rate": 1.0,
  "mean_final_ee_error_m": 0.036102309823036194,
  "mean_min_ee_error_m": 0.036102309823036194,
  "rollouts": [
    {
      "steps": 69,
      "done_reason": "success",
      "final_done_reason": "success",
      "first_done_step": 69,
      "first_success_step": 69,
      "fixed_duration_steps": null,
      "success": true,
      "reached_tolerance": true,
      "final_ee_error_m": 0.036102309823036194,
      "min_ee_error_m": 0.036102309823036194,
      "mean_ee_error_m": 0.4776378571987152,
      "reward_sum": 167.34326171875,
      "unsafe_action_rate": 0.0,
      "min_clearance_m": 0.13348466157913208,
      "goal_base": [
        5.359399795532227,
        0.6585900187492371,
        -1.7612299919128418
      ],
      "contact_kind": null,
      "contact_links": [],
      "joint_limit_labels": [],
      "rollout_index": 0
    }
  ]
}
Actor MLP: Sequential(
  (0): Linear(in_features=26, out_features=256, bias=True)
  (1): ELU(alpha=1.0)
  (2): Linear(in_features=256, out_features=128, bias=True)
  (3): ELU(alpha=1.0)
  (4): Linear(in_features=128, out_features=64, bias=True)
  (5): ELU(alpha=1.0)
  (6): Linear(in_features=64, out_features=4, bias=True)
)
Critic MLP: Sequential(
  (0): Linear(in_features=26, out_features=256, bias=True)
  (1): ELU(alpha=1.0)
  (2): Linear(in_features=256, out_features=128, bias=True)
  (3): ELU(alpha=1.0)
  (4): Linear(in_features=128, out_features=64, bias=True)
  (5): ELU(alpha=1.0)
  (6): Linear(in_features=64, out_features=1, bias=True)
)
!!!!!!!!!!!!!added lock!!!!!!!!!!!!
{"steps": 150, "done_reason": "timeout", "final_done_reason": "timeout", "first_done_step": 150, "first_success_step": null, "fixed_duration_steps": null, "success": false, "reached_tolerance": false, "final_ee_error_m": 0.24162495136260986, "min_ee_error_m": 0.10935947299003601, "mean_ee_error_m": 1.5968118906021118, "reward_sum": 20.591318130493164, "unsafe_action_rate": 0.0, "min_clearance_m": 0.1287277340888977, "goal_base": [0.3077000081539154, 3.75846004486084, -4.362649917602539], "contact_kind": null, "contact_links": [], "joint_limit_labels": [], "rollout_index": 0}
{
  "backend": "chrono_arm_reaching",
  "policy_checkpoint": "/home/harry/NeDM/artifacts/rl_runs/arm_reach_adaptivekl005_lr1e4_tol005_ep150_bonus150_sigma015_8d_rom_20260727/model_1499.pt",
  "pre_roll_time_s": 6.0,
  "render": false,
  "save_render_frames": false,
  "frame_output_dir": null,
  "render_steps": 1,
  "consecutive_goals": false,
  "goal_duration_s": null,
  "goal_duration_steps": null,
  "requested_goals": 1,
  "num_rollouts": 1,
  "success_rate": 0.0,
  "reached_tolerance_rate": 0.0,
  "mean_final_ee_error_m": 0.24162495136260986,
  "mean_min_ee_error_m": 0.10935947299003601,
  "rollouts": [
    {
      "steps": 150,
      "done_reason": "timeout",
      "final_done_reason": "timeout",
      "first_done_step": 150,
      "first_success_step": null,
      "fixed_duration_steps": null,
      "success": false,
      "reached_tolerance": false,
      "final_ee_error_m": 0.24162495136260986,
      "min_ee_error_m": 0.10935947299003601,
      "mean_ee_error_m": 1.5968118906021118,
      "reward_sum": 20.591318130493164,
      "unsafe_action_rate": 0.0,
      "min_clearance_m": 0.1287277340888977,
      "goal_base": [
        0.3077000081539154,
        3.75846004486084,
        -4.362649917602539
      ],
      "contact_kind": null,
      "contact_links": [],
      "joint_limit_labels": [],
      "rollout_index": 0
    }
  ]
}
Actor MLP: Sequential(
  (0): Linear(in_features=26, out_features=256, bias=True)
  (1): ELU(alpha=1.0)
  (2): Linear(in_features=256, out_features=128, bias=True)
  (3): ELU(alpha=1.0)
  (4): Linear(in_features=128, out_features=64, bias=True)
  (5): ELU(alpha=1.0)
  (6): Linear(in_features=64, out_features=4, bias=True)
)
Critic MLP: Sequential(
  (0): Linear(in_features=26, out_features=256, bias=True)
  (1): ELU(alpha=1.0)
  (2): Linear(in_features=256, out_features=128, bias=True)
  (3): ELU(alpha=1.0)
  (4): Linear(in_features=128, out_features=64, bias=True)
  (5): ELU(alpha=1.0)
  (6): Linear(in_features=64, out_features=1, bias=True)
)
!!!!!!!!!!!!!added lock!!!!!!!!!!!!
{"steps": 38, "done_reason": "success", "final_done_reason": "success", "first_done_step": 38, "first_success_step": 38, "fixed_duration_steps": null, "success": true, "reached_tolerance": true, "final_ee_error_m": 0.04238251596689224, "min_ee_error_m": 0.04238251596689224, "mean_ee_error_m": 1.2136977910995483, "reward_sum": 153.5404815673828, "unsafe_action_rate": 0.0, "min_clearance_m": 0.13007599115371704, "goal_base": [4.716569900512695, 0.6273000240325928, -3.2800099849700928], "contact_kind": null, "contact_links": [], "joint_limit_labels": [], "rollout_index": 0}
{
  "backend": "chrono_arm_reaching",
  "policy_checkpoint": "/home/harry/NeDM/artifacts/rl_runs/arm_reach_adaptivekl005_lr1e4_tol005_ep150_bonus150_sigma015_8d_rom_20260727/model_1499.pt",
  "pre_roll_time_s": 6.0,
  "render": false,
  "save_render_frames": false,
  "frame_output_dir": null,
  "render_steps": 1,
  "consecutive_goals": false,
  "goal_duration_s": null,
  "goal_duration_steps": null,
  "requested_goals": 1,
  "num_rollouts": 1,
  "success_rate": 1.0,
  "reached_tolerance_rate": 1.0,
  "mean_final_ee_error_m": 0.04238251596689224,
  "mean_min_ee_error_m": 0.04238251596689224,
  "rollouts": [
    {
      "steps": 38,
      "done_reason": "success",
      "final_done_reason": "success",
      "first_done_step": 38,
      "first_success_step": 38,
      "fixed_duration_steps": null,
      "success": true,
      "reached_tolerance": true,
      "final_ee_error_m": 0.04238251596689224,
      "min_ee_error_m": 0.04238251596689224,
      "mean_ee_error_m": 1.2136977910995483,
      "reward_sum": 153.5404815673828,
      "unsafe_action_rate": 0.0,
      "min_clearance_m": 0.13007599115371704,
      "goal_base": [
        4.716569900512695,
        0.6273000240325928,
        -3.2800099849700928
      ],
      "contact_kind": null,
      "contact_links": [],
      "joint_limit_labels": [],
      "rollout_index": 0
    }
  ]
}
Actor MLP: Sequential(
  (0): Linear(in_features=26, out_features=256, bias=True)
  (1): ELU(alpha=1.0)
  (2): Linear(in_features=256, out_features=128, bias=True)
  (3): ELU(alpha=1.0)
  (4): Linear(in_features=128, out_features=64, bias=True)
  (5): ELU(alpha=1.0)
  (6): Linear(in_features=64, out_features=4, bias=True)
)
Critic MLP: Sequential(
  (0): Linear(in_features=26, out_features=256, bias=True)
  (1): ELU(alpha=1.0)
  (2): Linear(in_features=256, out_features=128, bias=True)
  (3): ELU(alpha=1.0)
  (4): Linear(in_features=128, out_features=64, bias=True)
  (5): ELU(alpha=1.0)
  (6): Linear(in_features=64, out_features=1, bias=True)
)
!!!!!!!!!!!!!added lock!!!!!!!!!!!!
{"steps": 45, "done_reason": "success", "final_done_reason": "success", "first_done_step": 45, "first_success_step": 45, "fixed_duration_steps": null, "success": true, "reached_tolerance": true, "final_ee_error_m": 0.042648062109947205, "min_ee_error_m": 0.042648062109947205, "mean_ee_error_m": 1.0366146564483643, "reward_sum": 159.6766815185547, "unsafe_action_rate": 0.0, "min_clearance_m": 0.13348466157913208, "goal_base": [5.007190227508545, -2.268280029296875, -1.06768000125885], "contact_kind": null, "contact_links": [], "joint_limit_labels": [], "rollout_index": 0}
{
  "backend": "chrono_arm_reaching",
  "policy_checkpoint": "/home/harry/NeDM/artifacts/rl_runs/arm_reach_adaptivekl005_lr1e4_tol005_ep150_bonus150_sigma015_8d_rom_20260727/model_1499.pt",
  "pre_roll_time_s": 6.0,
  "render": false,
  "save_render_frames": false,
  "frame_output_dir": null,
  "render_steps": 1,
  "consecutive_goals": false,
  "goal_duration_s": null,
  "goal_duration_steps": null,
  "requested_goals": 1,
  "num_rollouts": 1,
  "success_rate": 1.0,
  "reached_tolerance_rate": 1.0,
  "mean_final_ee_error_m": 0.042648062109947205,
  "mean_min_ee_error_m": 0.042648062109947205,
  "rollouts": [
    {
      "steps": 45,
      "done_reason": "success",
      "final_done_reason": "success",
      "first_done_step": 45,
      "first_success_step": 45,
      "fixed_duration_steps": null,
      "success": true,
      "reached_tolerance": true,
      "final_ee_error_m": 0.042648062109947205,
      "min_ee_error_m": 0.042648062109947205,
      "mean_ee_error_m": 1.0366146564483643,
      "reward_sum": 159.6766815185547,
      "unsafe_action_rate": 0.0,
      "min_clearance_m": 0.13348466157913208,
      "goal_base": [
        5.007190227508545,
        -2.268280029296875,
        -1.06768000125885
      ],
      "contact_kind": null,
      "contact_links": [],
      "joint_limit_labels": [],
      "rollout_index": 0
    }
  ]
}
Actor MLP: Sequential(
  (0): Linear(in_features=26, out_features=256, bias=True)
  (1): ELU(alpha=1.0)
  (2): Linear(in_features=256, out_features=128, bias=True)
  (3): ELU(alpha=1.0)
  (4): Linear(in_features=128, out_features=64, bias=True)
  (5): ELU(alpha=1.0)
  (6): Linear(in_features=64, out_features=4, bias=True)
)
Critic MLP: Sequential(
  (0): Linear(in_features=26, out_features=256, bias=True)
  (1): ELU(alpha=1.0)
  (2): Linear(in_features=256, out_features=128, bias=True)
  (3): ELU(alpha=1.0)
  (4): Linear(in_features=128, out_features=64, bias=True)
  (5): ELU(alpha=1.0)
  (6): Linear(in_features=64, out_features=1, bias=True)
)
!!!!!!!!!!!!!added lock!!!!!!!!!!!!
{"steps": 40, "done_reason": "success", "final_done_reason": "success", "first_done_step": 40, "first_success_step": 40, "fixed_duration_steps": null, "success": true, "reached_tolerance": true, "final_ee_error_m": 0.032496869564056396, "min_ee_error_m": 0.032496869564056396, "mean_ee_error_m": 2.956328868865967, "reward_sum": 151.7799530029297, "unsafe_action_rate": 0.0, "min_clearance_m": 0.12924808263778687, "goal_base": [3.1166000366210938, 3.3030800819396973, -3.690619945526123], "contact_kind": null, "contact_links": [], "joint_limit_labels": [], "rollout_index": 0}
{
  "backend": "chrono_arm_reaching",
  "policy_checkpoint": "/home/harry/NeDM/artifacts/rl_runs/arm_reach_adaptivekl005_lr1e4_tol005_ep150_bonus150_sigma015_8d_rom_20260727/model_1499.pt",
  "pre_roll_time_s": 6.0,
  "render": false,
  "save_render_frames": false,
  "frame_output_dir": null,
  "render_steps": 1,
  "consecutive_goals": false,
  "goal_duration_s": null,
  "goal_duration_steps": null,
  "requested_goals": 1,
  "num_rollouts": 1,
  "success_rate": 1.0,
  "reached_tolerance_rate": 1.0,
  "mean_final_ee_error_m": 0.032496869564056396,
  "mean_min_ee_error_m": 0.032496869564056396,
  "rollouts": [
    {
      "steps": 40,
      "done_reason": "success",
      "final_done_reason": "success",
      "first_done_step": 40,
      "first_success_step": 40,
      "fixed_duration_steps": null,
      "success": true,
      "reached_tolerance": true,
      "final_ee_error_m": 0.032496869564056396,
      "min_ee_error_m": 0.032496869564056396,
      "mean_ee_error_m": 2.956328868865967,
      "reward_sum": 151.7799530029297,
      "unsafe_action_rate": 0.0,
      "min_clearance_m": 0.12924808263778687,
      "goal_base": [
        3.1166000366210938,
        3.3030800819396973,
        -3.690619945526123
      ],
      "contact_kind": null,
      "contact_links": [],
      "joint_limit_labels": [],
      "rollout_index": 0
    }
  ]
}
Actor MLP: Sequential(
  (0): Linear(in_features=26, out_features=256, bias=True)
  (1): ELU(alpha=1.0)
  (2): Linear(in_features=256, out_features=128, bias=True)
  (3): ELU(alpha=1.0)
  (4): Linear(in_features=128, out_features=64, bias=True)
  (5): ELU(alpha=1.0)
  (6): Linear(in_features=64, out_features=4, bias=True)
)
Critic MLP: Sequential(
  (0): Linear(in_features=26, out_features=256, bias=True)
  (1): ELU(alpha=1.0)
  (2): Linear(in_features=256, out_features=128, bias=True)
  (3): ELU(alpha=1.0)
  (4): Linear(in_features=128, out_features=64, bias=True)
  (5): ELU(alpha=1.0)
  (6): Linear(in_features=64, out_features=1, bias=True)
)
!!!!!!!!!!!!!added lock!!!!!!!!!!!!
{"steps": 53, "done_reason": "success", "final_done_reason": "success", "first_done_step": 53, "first_success_step": 53, "fixed_duration_steps": null, "success": true, "reached_tolerance": true, "final_ee_error_m": 0.0423353835940361, "min_ee_error_m": 0.0423353835940361, "mean_ee_error_m": 2.799260377883911, "reward_sum": 155.39439392089844, "unsafe_action_rate": 0.0, "min_clearance_m": 0.12991827726364136, "goal_base": [2.377190113067627, 4.167689800262451, -3.3385000228881836], "contact_kind": null, "contact_links": [], "joint_limit_labels": [], "rollout_index": 0}
{
  "backend": "chrono_arm_reaching",
  "policy_checkpoint": "/home/harry/NeDM/artifacts/rl_runs/arm_reach_adaptivekl005_lr1e4_tol005_ep150_bonus150_sigma015_8d_rom_20260727/model_1499.pt",
  "pre_roll_time_s": 6.0,
  "render": false,
  "save_render_frames": false,
  "frame_output_dir": null,
  "render_steps": 1,
  "consecutive_goals": false,
  "goal_duration_s": null,
  "goal_duration_steps": null,
  "requested_goals": 1,
  "num_rollouts": 1,
  "success_rate": 1.0,
  "reached_tolerance_rate": 1.0,
  "mean_final_ee_error_m": 0.0423353835940361,
  "mean_min_ee_error_m": 0.0423353835940361,
  "rollouts": [
    {
      "steps": 53,
      "done_reason": "success",
      "final_done_reason": "success",
      "first_done_step": 53,
      "first_success_step": 53,
      "fixed_duration_steps": null,
      "success": true,
      "reached_tolerance": true,
      "final_ee_error_m": 0.0423353835940361,
      "min_ee_error_m": 0.0423353835940361,
      "mean_ee_error_m": 2.799260377883911,
      "reward_sum": 155.39439392089844,
      "unsafe_action_rate": 0.0,
      "min_clearance_m": 0.12991827726364136,
      "goal_base": [
        2.377190113067627,
        4.167689800262451,
        -3.3385000228881836
      ],
      "contact_kind": null,
      "contact_links": [],
      "joint_limit_labels": [],
      "rollout_index": 0
    }
  ]
}
Actor MLP: Sequential(
  (0): Linear(in_features=26, out_features=256, bias=True)
  (1): ELU(alpha=1.0)
  (2): Linear(in_features=256, out_features=128, bias=True)
  (3): ELU(alpha=1.0)
  (4): Linear(in_features=128, out_features=64, bias=True)
  (5): ELU(alpha=1.0)
  (6): Linear(in_features=64, out_features=4, bias=True)
)
Critic MLP: Sequential(
  (0): Linear(in_features=26, out_features=256, bias=True)
  (1): ELU(alpha=1.0)
  (2): Linear(in_features=256, out_features=128, bias=True)
  (3): ELU(alpha=1.0)
  (4): Linear(in_features=128, out_features=64, bias=True)
  (5): ELU(alpha=1.0)
  (6): Linear(in_features=64, out_features=1, bias=True)
)
!!!!!!!!!!!!!added lock!!!!!!!!!!!!
{"steps": 45, "done_reason": "success", "final_done_reason": "success", "first_done_step": 45, "first_success_step": 45, "fixed_duration_steps": null, "success": true, "reached_tolerance": true, "final_ee_error_m": 0.044277556240558624, "min_ee_error_m": 0.044277556240558624, "mean_ee_error_m": 4.683086395263672, "reward_sum": 151.75872802734375, "unsafe_action_rate": 0.0, "min_clearance_m": 0.13348466157913208, "goal_base": [0.4842100143432617, 5.330689907073975, -1.8292100429534912], "contact_kind": null, "contact_links": [], "joint_limit_labels": [], "rollout_index": 0}
{
  "backend": "chrono_arm_reaching",
  "policy_checkpoint": "/home/harry/NeDM/artifacts/rl_runs/arm_reach_adaptivekl005_lr1e4_tol005_ep150_bonus150_sigma015_8d_rom_20260727/model_1499.pt",
  "pre_roll_time_s": 6.0,
  "render": false,
  "save_render_frames": false,
  "frame_output_dir": null,
  "render_steps": 1,
  "consecutive_goals": false,
  "goal_duration_s": null,
  "goal_duration_steps": null,
  "requested_goals": 1,
  "num_rollouts": 1,
  "success_rate": 1.0,
  "reached_tolerance_rate": 1.0,
  "mean_final_ee_error_m": 0.044277556240558624,
  "mean_min_ee_error_m": 0.044277556240558624,
  "rollouts": [
    {
      "steps": 45,
      "done_reason": "success",
      "final_done_reason": "success",
      "first_done_step": 45,
      "first_success_step": 45,
      "fixed_duration_steps": null,
      "success": true,
      "reached_tolerance": true,
      "final_ee_error_m": 0.044277556240558624,
      "min_ee_error_m": 0.044277556240558624,
      "mean_ee_error_m": 4.683086395263672,
      "reward_sum": 151.75872802734375,
      "unsafe_action_rate": 0.0,
      "min_clearance_m": 0.13348466157913208,
      "goal_base": [
        0.4842100143432617,
        5.330689907073975,
        -1.8292100429534912
      ],
      "contact_kind": null,
      "contact_links": [],
      "joint_limit_labels": [],
      "rollout_index": 0
    }
  ]
}
Actor MLP: Sequential(
  (0): Linear(in_features=26, out_features=256, bias=True)
  (1): ELU(alpha=1.0)
  (2): Linear(in_features=256, out_features=128, bias=True)
  (3): ELU(alpha=1.0)
  (4): Linear(in_features=128, out_features=64, bias=True)
  (5): ELU(alpha=1.0)
  (6): Linear(in_features=64, out_features=4, bias=True)
)
Critic MLP: Sequential(
  (0): Linear(in_features=26, out_features=256, bias=True)
  (1): ELU(alpha=1.0)
  (2): Linear(in_features=256, out_features=128, bias=True)
  (3): ELU(alpha=1.0)
  (4): Linear(in_features=128, out_features=64, bias=True)
  (5): ELU(alpha=1.0)
  (6): Linear(in_features=64, out_features=1, bias=True)
)
!!!!!!!!!!!!!added lock!!!!!!!!!!!!
{"steps": 77, "done_reason": "success", "final_done_reason": "success", "first_done_step": 77, "first_success_step": 77, "fixed_duration_steps": null, "success": true, "reached_tolerance": true, "final_ee_error_m": 0.04545857757329941, "min_ee_error_m": 0.04545857757329941, "mean_ee_error_m": 1.828930139541626, "reward_sum": 159.42123413085938, "unsafe_action_rate": 0.0, "min_clearance_m": 0.12869125604629517, "goal_base": [1.7705600261688232, -3.648469924926758, -4.222529888153076], "contact_kind": null, "contact_links": [], "joint_limit_labels": [], "rollout_index": 0}
{
  "backend": "chrono_arm_reaching",
  "policy_checkpoint": "/home/harry/NeDM/artifacts/rl_runs/arm_reach_adaptivekl005_lr1e4_tol005_ep150_bonus150_sigma015_8d_rom_20260727/model_1499.pt",
  "pre_roll_time_s": 6.0,
  "render": false,
  "save_render_frames": false,
  "frame_output_dir": null,
  "render_steps": 1,
  "consecutive_goals": false,
  "goal_duration_s": null,
  "goal_duration_steps": null,
  "requested_goals": 1,
  "num_rollouts": 1,
  "success_rate": 1.0,
  "reached_tolerance_rate": 1.0,
  "mean_final_ee_error_m": 0.04545857757329941,
  "mean_min_ee_error_m": 0.04545857757329941,
  "rollouts": [
    {
      "steps": 77,
      "done_reason": "success",
      "final_done_reason": "success",
      "first_done_step": 77,
      "first_success_step": 77,
      "fixed_duration_steps": null,
      "success": true,
      "reached_tolerance": true,
      "final_ee_error_m": 0.04545857757329941,
      "min_ee_error_m": 0.04545857757329941,
      "mean_ee_error_m": 1.828930139541626,
      "reward_sum": 159.42123413085938,
      "unsafe_action_rate": 0.0,
      "min_clearance_m": 0.12869125604629517,
      "goal_base": [
        1.7705600261688232,
        -3.648469924926758,
        -4.222529888153076
      ],
      "contact_kind": null,
      "contact_links": [],
      "joint_limit_labels": [],
      "rollout_index": 0
    }
  ]
}
Actor MLP: Sequential(
  (0): Linear(in_features=26, out_features=256, bias=True)
  (1): ELU(alpha=1.0)
  (2): Linear(in_features=256, out_features=128, bias=True)
  (3): ELU(alpha=1.0)
  (4): Linear(in_features=128, out_features=64, bias=True)
  (5): ELU(alpha=1.0)
  (6): Linear(in_features=64, out_features=4, bias=True)
)
Critic MLP: Sequential(
  (0): Linear(in_features=26, out_features=256, bias=True)
  (1): ELU(alpha=1.0)
  (2): Linear(in_features=256, out_features=128, bias=True)
  (3): ELU(alpha=1.0)
  (4): Linear(in_features=128, out_features=64, bias=True)
  (5): ELU(alpha=1.0)
  (6): Linear(in_features=64, out_features=1, bias=True)
)
!!!!!!!!!!!!!added lock!!!!!!!!!!!!
{"steps": 56, "done_reason": "success", "final_done_reason": "success", "first_done_step": 56, "first_success_step": 56, "fixed_duration_steps": null, "success": true, "reached_tolerance": true, "final_ee_error_m": 0.03500604256987572, "min_ee_error_m": 0.03500604256987572, "mean_ee_error_m": 3.615906238555908, "reward_sum": 154.0979766845703, "unsafe_action_rate": 0.0, "min_clearance_m": 0.12882918119430542, "goal_base": [0.5271599888801575, 4.071859836578369, -4.1999101638793945], "contact_kind": null, "contact_links": [], "joint_limit_labels": [], "rollout_index": 0}
{
  "backend": "chrono_arm_reaching",
  "policy_checkpoint": "/home/harry/NeDM/artifacts/rl_runs/arm_reach_adaptivekl005_lr1e4_tol005_ep150_bonus150_sigma015_8d_rom_20260727/model_1499.pt",
  "pre_roll_time_s": 6.0,
  "render": false,
  "save_render_frames": false,
  "frame_output_dir": null,
  "render_steps": 1,
  "consecutive_goals": false,
  "goal_duration_s": null,
  "goal_duration_steps": null,
  "requested_goals": 1,
  "num_rollouts": 1,
  "success_rate": 1.0,
  "reached_tolerance_rate": 1.0,
  "mean_final_ee_error_m": 0.03500604256987572,
  "mean_min_ee_error_m": 0.03500604256987572,
  "rollouts": [
    {
      "steps": 56,
      "done_reason": "success",
      "final_done_reason": "success",
      "first_done_step": 56,
      "first_success_step": 56,
      "fixed_duration_steps": null,
      "success": true,
      "reached_tolerance": true,
      "final_ee_error_m": 0.03500604256987572,
      "min_ee_error_m": 0.03500604256987572,
      "mean_ee_error_m": 3.615906238555908,
      "reward_sum": 154.0979766845703,
      "unsafe_action_rate": 0.0,
      "min_clearance_m": 0.12882918119430542,
      "goal_base": [
        0.5271599888801575,
        4.071859836578369,
        -4.1999101638793945
      ],
      "contact_kind": null,
      "contact_links": [],
      "joint_limit_labels": [],
      "rollout_index": 0
    }
  ]
}
Actor MLP: Sequential(
  (0): Linear(in_features=26, out_features=256, bias=True)
  (1): ELU(alpha=1.0)
  (2): Linear(in_features=256, out_features=128, bias=True)
  (3): ELU(alpha=1.0)
  (4): Linear(in_features=128, out_features=64, bias=True)
  (5): ELU(alpha=1.0)
  (6): Linear(in_features=64, out_features=4, bias=True)
)
Critic MLP: Sequential(
  (0): Linear(in_features=26, out_features=256, bias=True)
  (1): ELU(alpha=1.0)
  (2): Linear(in_features=256, out_features=128, bias=True)
  (3): ELU(alpha=1.0)
  (4): Linear(in_features=128, out_features=64, bias=True)
  (5): ELU(alpha=1.0)
  (6): Linear(in_features=64, out_features=1, bias=True)
)
!!!!!!!!!!!!!added lock!!!!!!!!!!!!
{"steps": 53, "done_reason": "success", "final_done_reason": "success", "first_done_step": 53, "first_success_step": 53, "fixed_duration_steps": null, "success": true, "reached_tolerance": true, "final_ee_error_m": 0.046739816665649414, "min_ee_error_m": 0.046739816665649414, "mean_ee_error_m": 3.1812260150909424, "reward_sum": 155.0692138671875, "unsafe_action_rate": 0.0, "min_clearance_m": 0.13218563795089722, "goal_base": [1.774459958076477, 4.710040092468262, -2.743809938430786], "contact_kind": null, "contact_links": [], "joint_limit_labels": [], "rollout_index": 0}
{
  "backend": "chrono_arm_reaching",
  "policy_checkpoint": "/home/harry/NeDM/artifacts/rl_runs/arm_reach_adaptivekl005_lr1e4_tol005_ep150_bonus150_sigma015_8d_rom_20260727/model_1499.pt",
  "pre_roll_time_s": 6.0,
  "render": false,
  "save_render_frames": false,
  "frame_output_dir": null,
  "render_steps": 1,
  "consecutive_goals": false,
  "goal_duration_s": null,
  "goal_duration_steps": null,
  "requested_goals": 1,
  "num_rollouts": 1,
  "success_rate": 1.0,
  "reached_tolerance_rate": 1.0,
  "mean_final_ee_error_m": 0.046739816665649414,
  "mean_min_ee_error_m": 0.046739816665649414,
  "rollouts": [
    {
      "steps": 53,
      "done_reason": "success",
      "final_done_reason": "success",
      "first_done_step": 53,
      "first_success_step": 53,
      "fixed_duration_steps": null,
      "success": true,
      "reached_tolerance": true,
      "final_ee_error_m": 0.046739816665649414,
      "min_ee_error_m": 0.046739816665649414,
      "mean_ee_error_m": 3.1812260150909424,
      "reward_sum": 155.0692138671875,
      "unsafe_action_rate": 0.0,
      "min_clearance_m": 0.13218563795089722,
      "goal_base": [
        1.774459958076477,
        4.710040092468262,
        -2.743809938430786
      ],
      "contact_kind": null,
      "contact_links": [],
      "joint_limit_labels": [],
      "rollout_index": 0
    }
  ]
}
Actor MLP: Sequential(
  (0): Linear(in_features=26, out_features=256, bias=True)
  (1): ELU(alpha=1.0)
  (2): Linear(in_features=256, out_features=128, bias=True)
  (3): ELU(alpha=1.0)
  (4): Linear(in_features=128, out_features=64, bias=True)
  (5): ELU(alpha=1.0)
  (6): Linear(in_features=64, out_features=4, bias=True)
)
Critic MLP: Sequential(
  (0): Linear(in_features=26, out_features=256, bias=True)
  (1): ELU(alpha=1.0)
  (2): Linear(in_features=256, out_features=128, bias=True)
  (3): ELU(alpha=1.0)
  (4): Linear(in_features=128, out_features=64, bias=True)
  (5): ELU(alpha=1.0)
  (6): Linear(in_features=64, out_features=1, bias=True)
)
!!!!!!!!!!!!!added lock!!!!!!!!!!!!
{"steps": 42, "done_reason": "success", "final_done_reason": "success", "first_done_step": 42, "first_success_step": 42, "fixed_duration_steps": null, "success": true, "reached_tolerance": true, "final_ee_error_m": 0.03521580621600151, "min_ee_error_m": 0.03521580621600151, "mean_ee_error_m": 3.7568359375, "reward_sum": 151.7143096923828, "unsafe_action_rate": 0.0, "min_clearance_m": 0.13348466157913208, "goal_base": [2.0357799530029297, -5.026820182800293, -0.8695999979972839], "contact_kind": null, "contact_links": [], "joint_limit_labels": [], "rollout_index": 0}
{
  "backend": "chrono_arm_reaching",
  "policy_checkpoint": "/home/harry/NeDM/artifacts/rl_runs/arm_reach_adaptivekl005_lr1e4_tol005_ep150_bonus150_sigma015_8d_rom_20260727/model_1499.pt",
  "pre_roll_time_s": 6.0,
  "render": false,
  "save_render_frames": false,
  "frame_output_dir": null,
  "render_steps": 1,
  "consecutive_goals": false,
  "goal_duration_s": null,
  "goal_duration_steps": null,
  "requested_goals": 1,
  "num_rollouts": 1,
  "success_rate": 1.0,
  "reached_tolerance_rate": 1.0,
  "mean_final_ee_error_m": 0.03521580621600151,
  "mean_min_ee_error_m": 0.03521580621600151,
  "rollouts": [
    {
      "steps": 42,
      "done_reason": "success",
      "final_done_reason": "success",
      "first_done_step": 42,
      "first_success_step": 42,
      "fixed_duration_steps": null,
      "success": true,
      "reached_tolerance": true,
      "final_ee_error_m": 0.03521580621600151,
      "min_ee_error_m": 0.03521580621600151,
      "mean_ee_error_m": 3.7568359375,
      "reward_sum": 151.7143096923828,
      "unsafe_action_rate": 0.0,
      "min_clearance_m": 0.13348466157913208,
      "goal_base": [
        2.0357799530029297,
        -5.026820182800293,
        -0.8695999979972839
      ],
      "contact_kind": null,
      "contact_links": [],
      "joint_limit_labels": [],
      "rollout_index": 0
    }
  ]
}
Actor MLP: Sequential(
  (0): Linear(in_features=26, out_features=256, bias=True)
  (1): ELU(alpha=1.0)
  (2): Linear(in_features=256, out_features=128, bias=True)
  (3): ELU(alpha=1.0)
  (4): Linear(in_features=128, out_features=64, bias=True)
  (5): ELU(alpha=1.0)
  (6): Linear(in_features=64, out_features=4, bias=True)
)
Critic MLP: Sequential(
  (0): Linear(in_features=26, out_features=256, bias=True)
  (1): ELU(alpha=1.0)
  (2): Linear(in_features=256, out_features=128, bias=True)
  (3): ELU(alpha=1.0)
  (4): Linear(in_features=128, out_features=64, bias=True)
  (5): ELU(alpha=1.0)
  (6): Linear(in_features=64, out_features=1, bias=True)
)
!!!!!!!!!!!!!added lock!!!!!!!!!!!!
{"steps": 40, "done_reason": "success", "final_done_reason": "success", "first_done_step": 40, "first_success_step": 40, "fixed_duration_steps": null, "success": true, "reached_tolerance": true, "final_ee_error_m": 0.014747167937457561, "min_ee_error_m": 0.014747167937457561, "mean_ee_error_m": 3.3269786834716797, "reward_sum": 151.64132690429688, "unsafe_action_rate": 0.0, "min_clearance_m": 0.1309923529624939, "goal_base": [2.785140037536621, 4.075089931488037, -3.0061800479888916], "contact_kind": null, "contact_links": [], "joint_limit_labels": [], "rollout_index": 0}
{
  "backend": "chrono_arm_reaching",
  "policy_checkpoint": "/home/harry/NeDM/artifacts/rl_runs/arm_reach_adaptivekl005_lr1e4_tol005_ep150_bonus150_sigma015_8d_rom_20260727/model_1499.pt",
  "pre_roll_time_s": 6.0,
  "render": false,
  "save_render_frames": false,
  "frame_output_dir": null,
  "render_steps": 1,
  "consecutive_goals": false,
  "goal_duration_s": null,
  "goal_duration_steps": null,
  "requested_goals": 1,
  "num_rollouts": 1,
  "success_rate": 1.0,
  "reached_tolerance_rate": 1.0,
  "mean_final_ee_error_m": 0.014747167937457561,
  "mean_min_ee_error_m": 0.014747167937457561,
  "rollouts": [
    {
      "steps": 40,
      "done_reason": "success",
      "final_done_reason": "success",
      "first_done_step": 40,
      "first_success_step": 40,
      "fixed_duration_steps": null,
      "success": true,
      "reached_tolerance": true,
      "final_ee_error_m": 0.014747167937457561,
      "min_ee_error_m": 0.014747167937457561,
      "mean_ee_error_m": 3.3269786834716797,
      "reward_sum": 151.64132690429688,
      "unsafe_action_rate": 0.0,
      "min_clearance_m": 0.1309923529624939,
      "goal_base": [
        2.785140037536621,
        4.075089931488037,
        -3.0061800479888916
      ],
      "contact_kind": null,
      "contact_links": [],
      "joint_limit_labels": [],
      "rollout_index": 0
    }
  ]
}
Actor MLP: Sequential(
  (0): Linear(in_features=26, out_features=256, bias=True)
  (1): ELU(alpha=1.0)
  (2): Linear(in_features=256, out_features=128, bias=True)
  (3): ELU(alpha=1.0)
  (4): Linear(in_features=128, out_features=64, bias=True)
  (5): ELU(alpha=1.0)
  (6): Linear(in_features=64, out_features=4, bias=True)
)
Critic MLP: Sequential(
  (0): Linear(in_features=26, out_features=256, bias=True)
  (1): ELU(alpha=1.0)
  (2): Linear(in_features=256, out_features=128, bias=True)
  (3): ELU(alpha=1.0)
  (4): Linear(in_features=128, out_features=64, bias=True)
  (5): ELU(alpha=1.0)
  (6): Linear(in_features=64, out_features=1, bias=True)
)
!!!!!!!!!!!!!added lock!!!!!!!!!!!!
{"steps": 68, "done_reason": "success", "final_done_reason": "success", "first_done_step": 68, "first_success_step": 68, "fixed_duration_steps": null, "success": true, "reached_tolerance": true, "final_ee_error_m": 0.046439383178949356, "min_ee_error_m": 0.046439383178949356, "mean_ee_error_m": 0.6951907277107239, "reward_sum": 167.55636596679688, "unsafe_action_rate": 0.0, "min_clearance_m": 0.1300986409187317, "goal_base": [4.815790176391602, 0.4751499891281128, -3.270750045776367], "contact_kind": null, "contact_links": [], "joint_limit_labels": [], "rollout_index": 0}
{
  "backend": "chrono_arm_reaching",
  "policy_checkpoint": "/home/harry/NeDM/artifacts/rl_runs/arm_reach_adaptivekl005_lr1e4_tol005_ep150_bonus150_sigma015_8d_rom_20260727/model_1499.pt",
  "pre_roll_time_s": 6.0,
  "render": false,
  "save_render_frames": false,
  "frame_output_dir": null,
  "render_steps": 1,
  "consecutive_goals": false,
  "goal_duration_s": null,
  "goal_duration_steps": null,
  "requested_goals": 1,
  "num_rollouts": 1,
  "success_rate": 1.0,
  "reached_tolerance_rate": 1.0,
  "mean_final_ee_error_m": 0.046439383178949356,
  "mean_min_ee_error_m": 0.046439383178949356,
  "rollouts": [
    {
      "steps": 68,
      "done_reason": "success",
      "final_done_reason": "success",
      "first_done_step": 68,
      "first_success_step": 68,
      "fixed_duration_steps": null,
      "success": true,
      "reached_tolerance": true,
      "final_ee_error_m": 0.046439383178949356,
      "min_ee_error_m": 0.046439383178949356,
      "mean_ee_error_m": 0.6951907277107239,
      "reward_sum": 167.55636596679688,
      "unsafe_action_rate": 0.0,
      "min_clearance_m": 0.1300986409187317,
      "goal_base": [
        4.815790176391602,
        0.4751499891281128,
        -3.270750045776367
      ],
      "contact_kind": null,
      "contact_links": [],
      "joint_limit_labels": [],
      "rollout_index": 0
    }
  ]
}
Actor MLP: Sequential(
  (0): Linear(in_features=26, out_features=256, bias=True)
  (1): ELU(alpha=1.0)
  (2): Linear(in_features=256, out_features=128, bias=True)
  (3): ELU(alpha=1.0)
  (4): Linear(in_features=128, out_features=64, bias=True)
  (5): ELU(alpha=1.0)
  (6): Linear(in_features=64, out_features=4, bias=True)
)
Critic MLP: Sequential(
  (0): Linear(in_features=26, out_features=256, bias=True)
  (1): ELU(alpha=1.0)
  (2): Linear(in_features=256, out_features=128, bias=True)
  (3): ELU(alpha=1.0)
  (4): Linear(in_features=128, out_features=64, bias=True)
  (5): ELU(alpha=1.0)
  (6): Linear(in_features=64, out_features=1, bias=True)
)
!!!!!!!!!!!!!added lock!!!!!!!!!!!!
{"steps": 40, "done_reason": "success", "final_done_reason": "success", "first_done_step": 40, "first_success_step": 40, "fixed_duration_steps": null, "success": true, "reached_tolerance": true, "final_ee_error_m": 0.047204554080963135, "min_ee_error_m": 0.047204554080963135, "mean_ee_error_m": 0.5358185768127441, "reward_sum": 160.32244873046875, "unsafe_action_rate": 0.0, "min_clearance_m": 0.13348466157913208, "goal_base": [5.383969783782959, -1.2168400287628174, -0.7548900246620178], "contact_kind": null, "contact_links": [], "joint_limit_labels": [], "rollout_index": 0}
{
  "backend": "chrono_arm_reaching",
  "policy_checkpoint": "/home/harry/NeDM/artifacts/rl_runs/arm_reach_adaptivekl005_lr1e4_tol005_ep150_bonus150_sigma015_8d_rom_20260727/model_1499.pt",
  "pre_roll_time_s": 6.0,
  "render": false,
  "save_render_frames": false,
  "frame_output_dir": null,
  "render_steps": 1,
  "consecutive_goals": false,
  "goal_duration_s": null,
  "goal_duration_steps": null,
  "requested_goals": 1,
  "num_rollouts": 1,
  "success_rate": 1.0,
  "reached_tolerance_rate": 1.0,
  "mean_final_ee_error_m": 0.047204554080963135,
  "mean_min_ee_error_m": 0.047204554080963135,
  "rollouts": [
    {
      "steps": 40,
      "done_reason": "success",
      "final_done_reason": "success",
      "first_done_step": 40,
      "first_success_step": 40,
      "fixed_duration_steps": null,
      "success": true,
      "reached_tolerance": true,
      "final_ee_error_m": 0.047204554080963135,
      "min_ee_error_m": 0.047204554080963135,
      "mean_ee_error_m": 0.5358185768127441,
      "reward_sum": 160.32244873046875,
      "unsafe_action_rate": 0.0,
      "min_clearance_m": 0.13348466157913208,
      "goal_base": [
        5.383969783782959,
        -1.2168400287628174,
        -0.7548900246620178
      ],
      "contact_kind": null,
      "contact_links": [],
      "joint_limit_labels": [],
      "rollout_index": 0
    }
  ]
}
Actor MLP: Sequential(
  (0): Linear(in_features=26, out_features=256, bias=True)
  (1): ELU(alpha=1.0)
  (2): Linear(in_features=256, out_features=128, bias=True)
  (3): ELU(alpha=1.0)
  (4): Linear(in_features=128, out_features=64, bias=True)
  (5): ELU(alpha=1.0)
  (6): Linear(in_features=64, out_features=4, bias=True)
)
Critic MLP: Sequential(
  (0): Linear(in_features=26, out_features=256, bias=True)
  (1): ELU(alpha=1.0)
  (2): Linear(in_features=256, out_features=128, bias=True)
  (3): ELU(alpha=1.0)
  (4): Linear(in_features=128, out_features=64, bias=True)
  (5): ELU(alpha=1.0)
  (6): Linear(in_features=64, out_features=1, bias=True)
)
!!!!!!!!!!!!!added lock!!!!!!!!!!!!
{"steps": 75, "done_reason": "success", "final_done_reason": "success", "first_done_step": 75, "first_success_step": 75, "fixed_duration_steps": null, "success": true, "reached_tolerance": true, "final_ee_error_m": 0.03590844199061394, "min_ee_error_m": 0.03590844199061394, "mean_ee_error_m": 2.4748189449310303, "reward_sum": 156.93373107910156, "unsafe_action_rate": 0.0, "min_clearance_m": 0.12889200448989868, "goal_base": [1.3180400133132935, 3.955940008163452, -4.083250045776367], "contact_kind": null, "contact_links": [], "joint_limit_labels": [], "rollout_index": 0}
{
  "backend": "chrono_arm_reaching",
  "policy_checkpoint": "/home/harry/NeDM/artifacts/rl_runs/arm_reach_adaptivekl005_lr1e4_tol005_ep150_bonus150_sigma015_8d_rom_20260727/model_1499.pt",
  "pre_roll_time_s": 6.0,
  "render": false,
  "save_render_frames": false,
  "frame_output_dir": null,
  "render_steps": 1,
  "consecutive_goals": false,
  "goal_duration_s": null,
  "goal_duration_steps": null,
  "requested_goals": 1,
  "num_rollouts": 1,
  "success_rate": 1.0,
  "reached_tolerance_rate": 1.0,
  "mean_final_ee_error_m": 0.03590844199061394,
  "mean_min_ee_error_m": 0.03590844199061394,
  "rollouts": [
    {
      "steps": 75,
      "done_reason": "success",
      "final_done_reason": "success",
      "first_done_step": 75,
      "first_success_step": 75,
      "fixed_duration_steps": null,
      "success": true,
      "reached_tolerance": true,
      "final_ee_error_m": 0.03590844199061394,
      "min_ee_error_m": 0.03590844199061394,
      "mean_ee_error_m": 2.4748189449310303,
      "reward_sum": 156.93373107910156,
      "unsafe_action_rate": 0.0,
      "min_clearance_m": 0.12889200448989868,
      "goal_base": [
        1.3180400133132935,
        3.955940008163452,
        -4.083250045776367
      ],
      "contact_kind": null,
      "contact_links": [],
      "joint_limit_labels": [],
      "rollout_index": 0
    }
  ]
}
Actor MLP: Sequential(
  (0): Linear(in_features=26, out_features=256, bias=True)
  (1): ELU(alpha=1.0)
  (2): Linear(in_features=256, out_features=128, bias=True)
  (3): ELU(alpha=1.0)
  (4): Linear(in_features=128, out_features=64, bias=True)
  (5): ELU(alpha=1.0)
  (6): Linear(in_features=64, out_features=4, bias=True)
)
Critic MLP: Sequential(
  (0): Linear(in_features=26, out_features=256, bias=True)
  (1): ELU(alpha=1.0)
  (2): Linear(in_features=256, out_features=128, bias=True)
  (3): ELU(alpha=1.0)
  (4): Linear(in_features=128, out_features=64, bias=True)
  (5): ELU(alpha=1.0)
  (6): Linear(in_features=64, out_features=1, bias=True)
)
!!!!!!!!!!!!!added lock!!!!!!!!!!!!
{"steps": 58, "done_reason": "success", "final_done_reason": "success", "first_done_step": 58, "first_success_step": 58, "fixed_duration_steps": null, "success": true, "reached_tolerance": true, "final_ee_error_m": 0.04442895948886871, "min_ee_error_m": 0.04442895948886871, "mean_ee_error_m": 1.334185242652893, "reward_sum": 158.1077117919922, "unsafe_action_rate": 0.0, "min_clearance_m": 0.13348466157913208, "goal_base": [4.540639877319336, 2.877549886703491, -0.745930016040802], "contact_kind": null, "contact_links": [], "joint_limit_labels": [], "rollout_index": 0}
{
  "backend": "chrono_arm_reaching",
  "policy_checkpoint": "/home/harry/NeDM/artifacts/rl_runs/arm_reach_adaptivekl005_lr1e4_tol005_ep150_bonus150_sigma015_8d_rom_20260727/model_1499.pt",
  "pre_roll_time_s": 6.0,
  "render": false,
  "save_render_frames": false,
  "frame_output_dir": null,
  "render_steps": 1,
  "consecutive_goals": false,
  "goal_duration_s": null,
  "goal_duration_steps": null,
  "requested_goals": 1,
  "num_rollouts": 1,
  "success_rate": 1.0,
  "reached_tolerance_rate": 1.0,
  "mean_final_ee_error_m": 0.04442895948886871,
  "mean_min_ee_error_m": 0.04442895948886871,
  "rollouts": [
    {
      "steps": 58,
      "done_reason": "success",
      "final_done_reason": "success",
      "first_done_step": 58,
      "first_success_step": 58,
      "fixed_duration_steps": null,
      "success": true,
      "reached_tolerance": true,
      "final_ee_error_m": 0.04442895948886871,
      "min_ee_error_m": 0.04442895948886871,
      "mean_ee_error_m": 1.334185242652893,
      "reward_sum": 158.1077117919922,
      "unsafe_action_rate": 0.0,
      "min_clearance_m": 0.13348466157913208,
      "goal_base": [
        4.540639877319336,
        2.877549886703491,
        -0.745930016040802
      ],
      "contact_kind": null,
      "contact_links": [],
      "joint_limit_labels": [],
      "rollout_index": 0
    }
  ]
}
Actor MLP: Sequential(
  (0): Linear(in_features=26, out_features=256, bias=True)
  (1): ELU(alpha=1.0)
  (2): Linear(in_features=256, out_features=128, bias=True)
  (3): ELU(alpha=1.0)
  (4): Linear(in_features=128, out_features=64, bias=True)
  (5): ELU(alpha=1.0)
  (6): Linear(in_features=64, out_features=4, bias=True)
)
Critic MLP: Sequential(
  (0): Linear(in_features=26, out_features=256, bias=True)
  (1): ELU(alpha=1.0)
  (2): Linear(in_features=256, out_features=128, bias=True)
  (3): ELU(alpha=1.0)
  (4): Linear(in_features=128, out_features=64, bias=True)
  (5): ELU(alpha=1.0)
  (6): Linear(in_features=64, out_features=1, bias=True)
)
!!!!!!!!!!!!!added lock!!!!!!!!!!!!
{"steps": 52, "done_reason": "success", "final_done_reason": "success", "first_done_step": 52, "first_success_step": 52, "fixed_duration_steps": null, "success": true, "reached_tolerance": true, "final_ee_error_m": 0.03087283857166767, "min_ee_error_m": 0.03087283857166767, "mean_ee_error_m": 2.873368740081787, "reward_sum": 155.217529296875, "unsafe_action_rate": 0.0, "min_clearance_m": 0.13348466157913208, "goal_base": [2.166569948196411, -4.802820205688477, -2.279670000076294], "contact_kind": null, "contact_links": [], "joint_limit_labels": [], "rollout_index": 0}
{
  "backend": "chrono_arm_reaching",
  "policy_checkpoint": "/home/harry/NeDM/artifacts/rl_runs/arm_reach_adaptivekl005_lr1e4_tol005_ep150_bonus150_sigma015_8d_rom_20260727/model_1499.pt",
  "pre_roll_time_s": 6.0,
  "render": false,
  "save_render_frames": false,
  "frame_output_dir": null,
  "render_steps": 1,
  "consecutive_goals": false,
  "goal_duration_s": null,
  "goal_duration_steps": null,
  "requested_goals": 1,
  "num_rollouts": 1,
  "success_rate": 1.0,
  "reached_tolerance_rate": 1.0,
  "mean_final_ee_error_m": 0.03087283857166767,
  "mean_min_ee_error_m": 0.03087283857166767,
  "rollouts": [
    {
      "steps": 52,
      "done_reason": "success",
      "final_done_reason": "success",
      "first_done_step": 52,
      "first_success_step": 52,
      "fixed_duration_steps": null,
      "success": true,
      "reached_tolerance": true,
      "final_ee_error_m": 0.03087283857166767,
      "min_ee_error_m": 0.03087283857166767,
      "mean_ee_error_m": 2.873368740081787,
      "reward_sum": 155.217529296875,
      "unsafe_action_rate": 0.0,
      "min_clearance_m": 0.13348466157913208,
      "goal_base": [
        2.166569948196411,
        -4.802820205688477,
        -2.279670000076294
      ],
      "contact_kind": null,
      "contact_links": [],
      "joint_limit_labels": [],
      "rollout_index": 0
    }
  ]
}
Actor MLP: Sequential(
  (0): Linear(in_features=26, out_features=256, bias=True)
  (1): ELU(alpha=1.0)
  (2): Linear(in_features=256, out_features=128, bias=True)
  (3): ELU(alpha=1.0)
  (4): Linear(in_features=128, out_features=64, bias=True)
  (5): ELU(alpha=1.0)
  (6): Linear(in_features=64, out_features=4, bias=True)
)
Critic MLP: Sequential(
  (0): Linear(in_features=26, out_features=256, bias=True)
  (1): ELU(alpha=1.0)
  (2): Linear(in_features=256, out_features=128, bias=True)
  (3): ELU(alpha=1.0)
  (4): Linear(in_features=128, out_features=64, bias=True)
  (5): ELU(alpha=1.0)
  (6): Linear(in_features=64, out_features=1, bias=True)
)
!!!!!!!!!!!!!added lock!!!!!!!!!!!!
{"steps": 33, "done_reason": "success", "final_done_reason": "success", "first_done_step": 33, "first_success_step": 33, "fixed_duration_steps": null, "success": true, "reached_tolerance": true, "final_ee_error_m": 0.04998965933918953, "min_ee_error_m": 0.04998965933918953, "mean_ee_error_m": 0.6287928223609924, "reward_sum": 158.46536254882812, "unsafe_action_rate": 0.0, "min_clearance_m": 0.13348466157913208, "goal_base": [5.2585601806640625, -0.8332399725914001, -2.0453500747680664], "contact_kind": null, "contact_links": [], "joint_limit_labels": [], "rollout_index": 0}
{
  "backend": "chrono_arm_reaching",
  "policy_checkpoint": "/home/harry/NeDM/artifacts/rl_runs/arm_reach_adaptivekl005_lr1e4_tol005_ep150_bonus150_sigma015_8d_rom_20260727/model_1499.pt",
  "pre_roll_time_s": 6.0,
  "render": false,
  "save_render_frames": false,
  "frame_output_dir": null,
  "render_steps": 1,
  "consecutive_goals": false,
  "goal_duration_s": null,
  "goal_duration_steps": null,
  "requested_goals": 1,
  "num_rollouts": 1,
  "success_rate": 1.0,
  "reached_tolerance_rate": 1.0,
  "mean_final_ee_error_m": 0.04998965933918953,
  "mean_min_ee_error_m": 0.04998965933918953,
  "rollouts": [
    {
      "steps": 33,
      "done_reason": "success",
      "final_done_reason": "success",
      "first_done_step": 33,
      "first_success_step": 33,
      "fixed_duration_steps": null,
      "success": true,
      "reached_tolerance": true,
      "final_ee_error_m": 0.04998965933918953,
      "min_ee_error_m": 0.04998965933918953,
      "mean_ee_error_m": 0.6287928223609924,
      "reward_sum": 158.46536254882812,
      "unsafe_action_rate": 0.0,
      "min_clearance_m": 0.13348466157913208,
      "goal_base": [
        5.2585601806640625,
        -0.8332399725914001,
        -2.0453500747680664
      ],
      "contact_kind": null,
      "contact_links": [],
      "joint_limit_labels": [],
      "rollout_index": 0
    }
  ]
}
Actor MLP: Sequential(
  (0): Linear(in_features=26, out_features=256, bias=True)
  (1): ELU(alpha=1.0)
  (2): Linear(in_features=256, out_features=128, bias=True)
  (3): ELU(alpha=1.0)
  (4): Linear(in_features=128, out_features=64, bias=True)
  (5): ELU(alpha=1.0)
  (6): Linear(in_features=64, out_features=4, bias=True)
)
Critic MLP: Sequential(
  (0): Linear(in_features=26, out_features=256, bias=True)
  (1): ELU(alpha=1.0)
  (2): Linear(in_features=256, out_features=128, bias=True)
  (3): ELU(alpha=1.0)
  (4): Linear(in_features=128, out_features=64, bias=True)
  (5): ELU(alpha=1.0)
  (6): Linear(in_features=64, out_features=1, bias=True)
)
!!!!!!!!!!!!!added lock!!!!!!!!!!!!
{"steps": 42, "done_reason": "success", "final_done_reason": "success", "first_done_step": 42, "first_success_step": 42, "fixed_duration_steps": null, "success": true, "reached_tolerance": true, "final_ee_error_m": 0.0304540004581213, "min_ee_error_m": 0.0304540004581213, "mean_ee_error_m": 4.344942569732666, "reward_sum": 151.5540008544922, "unsafe_action_rate": 0.0, "min_clearance_m": 0.12938076257705688, "goal_base": [0.381989985704422, -4.598010063171387, -3.5705699920654297], "contact_kind": null, "contact_links": [], "joint_limit_labels": [], "rollout_index": 0}
{
  "backend": "chrono_arm_reaching",
  "policy_checkpoint": "/home/harry/NeDM/artifacts/rl_runs/arm_reach_adaptivekl005_lr1e4_tol005_ep150_bonus150_sigma015_8d_rom_20260727/model_1499.pt",
  "pre_roll_time_s": 6.0,
  "render": false,
  "save_render_frames": false,
  "frame_output_dir": null,
  "render_steps": 1,
  "consecutive_goals": false,
  "goal_duration_s": null,
  "goal_duration_steps": null,
  "requested_goals": 1,
  "num_rollouts": 1,
  "success_rate": 1.0,
  "reached_tolerance_rate": 1.0,
  "mean_final_ee_error_m": 0.0304540004581213,
  "mean_min_ee_error_m": 0.0304540004581213,
  "rollouts": [
    {
      "steps": 42,
      "done_reason": "success",
      "final_done_reason": "success",
      "first_done_step": 42,
      "first_success_step": 42,
      "fixed_duration_steps": null,
      "success": true,
      "reached_tolerance": true,
      "final_ee_error_m": 0.0304540004581213,
      "min_ee_error_m": 0.0304540004581213,
      "mean_ee_error_m": 4.344942569732666,
      "reward_sum": 151.5540008544922,
      "unsafe_action_rate": 0.0,
      "min_clearance_m": 0.12938076257705688,
      "goal_base": [
        0.381989985704422,
        -4.598010063171387,
        -3.5705699920654297
      ],
      "contact_kind": null,
      "contact_links": [],
      "joint_limit_labels": [],
      "rollout_index": 0
    }
  ]
}
Actor MLP: Sequential(
  (0): Linear(in_features=26, out_features=256, bias=True)
  (1): ELU(alpha=1.0)
  (2): Linear(in_features=256, out_features=128, bias=True)
  (3): ELU(alpha=1.0)
  (4): Linear(in_features=128, out_features=64, bias=True)
  (5): ELU(alpha=1.0)
  (6): Linear(in_features=64, out_features=4, bias=True)
)
Critic MLP: Sequential(
  (0): Linear(in_features=26, out_features=256, bias=True)
  (1): ELU(alpha=1.0)
  (2): Linear(in_features=256, out_features=128, bias=True)
  (3): ELU(alpha=1.0)
  (4): Linear(in_features=128, out_features=64, bias=True)
  (5): ELU(alpha=1.0)
  (6): Linear(in_features=64, out_features=1, bias=True)
)
!!!!!!!!!!!!!added lock!!!!!!!!!!!!
{"steps": 41, "done_reason": "success", "final_done_reason": "success", "first_done_step": 41, "first_success_step": 41, "fixed_duration_steps": null, "success": true, "reached_tolerance": true, "final_ee_error_m": 0.023084696382284164, "min_ee_error_m": 0.023084696382284164, "mean_ee_error_m": 4.736562252044678, "reward_sum": 151.12245178222656, "unsafe_action_rate": 0.0, "min_clearance_m": 0.13348466157913208, "goal_base": [0.5893300175666809, -5.189260005950928, -2.2530100345611572], "contact_kind": null, "contact_links": [], "joint_limit_labels": [], "rollout_index": 0}
{
  "backend": "chrono_arm_reaching",
  "policy_checkpoint": "/home/harry/NeDM/artifacts/rl_runs/arm_reach_adaptivekl005_lr1e4_tol005_ep150_bonus150_sigma015_8d_rom_20260727/model_1499.pt",
  "pre_roll_time_s": 6.0,
  "render": false,
  "save_render_frames": false,
  "frame_output_dir": null,
  "render_steps": 1,
  "consecutive_goals": false,
  "goal_duration_s": null,
  "goal_duration_steps": null,
  "requested_goals": 1,
  "num_rollouts": 1,
  "success_rate": 1.0,
  "reached_tolerance_rate": 1.0,
  "mean_final_ee_error_m": 0.023084696382284164,
  "mean_min_ee_error_m": 0.023084696382284164,
  "rollouts": [
    {
      "steps": 41,
      "done_reason": "success",
      "final_done_reason": "success",
      "first_done_step": 41,
      "first_success_step": 41,
      "fixed_duration_steps": null,
      "success": true,
      "reached_tolerance": true,
      "final_ee_error_m": 0.023084696382284164,
      "min_ee_error_m": 0.023084696382284164,
      "mean_ee_error_m": 4.736562252044678,
      "reward_sum": 151.12245178222656,
      "unsafe_action_rate": 0.0,
      "min_clearance_m": 0.13348466157913208,
      "goal_base": [
        0.5893300175666809,
        -5.189260005950928,
        -2.2530100345611572
      ],
      "contact_kind": null,
      "contact_links": [],
      "joint_limit_labels": [],
      "rollout_index": 0
    }
  ]
}
Actor MLP: Sequential(
  (0): Linear(in_features=26, out_features=256, bias=True)
  (1): ELU(alpha=1.0)
  (2): Linear(in_features=256, out_features=128, bias=True)
  (3): ELU(alpha=1.0)
  (4): Linear(in_features=128, out_features=64, bias=True)
  (5): ELU(alpha=1.0)
  (6): Linear(in_features=64, out_features=4, bias=True)
)
Critic MLP: Sequential(
  (0): Linear(in_features=26, out_features=256, bias=True)
  (1): ELU(alpha=1.0)
  (2): Linear(in_features=256, out_features=128, bias=True)
  (3): ELU(alpha=1.0)
  (4): Linear(in_features=128, out_features=64, bias=True)
  (5): ELU(alpha=1.0)
  (6): Linear(in_features=64, out_features=1, bias=True)
)
!!!!!!!!!!!!!added lock!!!!!!!!!!!!
{"steps": 41, "done_reason": "success", "final_done_reason": "success", "first_done_step": 41, "first_success_step": 41, "fixed_duration_steps": null, "success": true, "reached_tolerance": true, "final_ee_error_m": 0.045122597366571426, "min_ee_error_m": 0.045122597366571426, "mean_ee_error_m": 3.7447142601013184, "reward_sum": 151.12591552734375, "unsafe_action_rate": 0.0, "min_clearance_m": 0.1289544701576233, "goal_base": [1.977579951286316, 3.8697400093078613, -3.98540997505188], "contact_kind": null, "contact_links": [], "joint_limit_labels": [], "rollout_index": 0}
{
  "backend": "chrono_arm_reaching",
  "policy_checkpoint": "/home/harry/NeDM/artifacts/rl_runs/arm_reach_adaptivekl005_lr1e4_tol005_ep150_bonus150_sigma015_8d_rom_20260727/model_1499.pt",
  "pre_roll_time_s": 6.0,
  "render": false,
  "save_render_frames": false,
  "frame_output_dir": null,
  "render_steps": 1,
  "consecutive_goals": false,
  "goal_duration_s": null,
  "goal_duration_steps": null,
  "requested_goals": 1,
  "num_rollouts": 1,
  "success_rate": 1.0,
  "reached_tolerance_rate": 1.0,
  "mean_final_ee_error_m": 0.045122597366571426,
  "mean_min_ee_error_m": 0.045122597366571426,
  "rollouts": [
    {
      "steps": 41,
      "done_reason": "success",
      "final_done_reason": "success",
      "first_done_step": 41,
      "first_success_step": 41,
      "fixed_duration_steps": null,
      "success": true,
      "reached_tolerance": true,
      "final_ee_error_m": 0.045122597366571426,
      "min_ee_error_m": 0.045122597366571426,
      "mean_ee_error_m": 3.7447142601013184,
      "reward_sum": 151.12591552734375,
      "unsafe_action_rate": 0.0,
      "min_clearance_m": 0.1289544701576233,
      "goal_base": [
        1.977579951286316,
        3.8697400093078613,
        -3.98540997505188
      ],
      "contact_kind": null,
      "contact_links": [],
      "joint_limit_labels": [],
      "rollout_index": 0
    }
  ]
}
Actor MLP: Sequential(
  (0): Linear(in_features=26, out_features=256, bias=True)
  (1): ELU(alpha=1.0)
  (2): Linear(in_features=256, out_features=128, bias=True)
  (3): ELU(alpha=1.0)
  (4): Linear(in_features=128, out_features=64, bias=True)
  (5): ELU(alpha=1.0)
  (6): Linear(in_features=64, out_features=4, bias=True)
)
Critic MLP: Sequential(
  (0): Linear(in_features=26, out_features=256, bias=True)
  (1): ELU(alpha=1.0)
  (2): Linear(in_features=256, out_features=128, bias=True)
  (3): ELU(alpha=1.0)
  (4): Linear(in_features=128, out_features=64, bias=True)
  (5): ELU(alpha=1.0)
  (6): Linear(in_features=64, out_features=1, bias=True)
)
!!!!!!!!!!!!!added lock!!!!!!!!!!!!
{"steps": 42, "done_reason": "success", "final_done_reason": "success", "first_done_step": 42, "first_success_step": 42, "fixed_duration_steps": null, "success": true, "reached_tolerance": true, "final_ee_error_m": 0.03008929453790188, "min_ee_error_m": 0.03008929453790188, "mean_ee_error_m": 3.6661276817321777, "reward_sum": 152.1243896484375, "unsafe_action_rate": 0.0, "min_clearance_m": 0.13348466157913208, "goal_base": [2.3316500186920166, 4.8630900382995605, -1.8044899702072144], "contact_kind": null, "contact_links": [], "joint_limit_labels": [], "rollout_index": 0}
{
  "backend": "chrono_arm_reaching",
  "policy_checkpoint": "/home/harry/NeDM/artifacts/rl_runs/arm_reach_adaptivekl005_lr1e4_tol005_ep150_bonus150_sigma015_8d_rom_20260727/model_1499.pt",
  "pre_roll_time_s": 6.0,
  "render": false,
  "save_render_frames": false,
  "frame_output_dir": null,
  "render_steps": 1,
  "consecutive_goals": false,
  "goal_duration_s": null,
  "goal_duration_steps": null,
  "requested_goals": 1,
  "num_rollouts": 1,
  "success_rate": 1.0,
  "reached_tolerance_rate": 1.0,
  "mean_final_ee_error_m": 0.03008929453790188,
  "mean_min_ee_error_m": 0.03008929453790188,
  "rollouts": [
    {
      "steps": 42,
      "done_reason": "success",
      "final_done_reason": "success",
      "first_done_step": 42,
      "first_success_step": 42,
      "fixed_duration_steps": null,
      "success": true,
      "reached_tolerance": true,
      "final_ee_error_m": 0.03008929453790188,
      "min_ee_error_m": 0.03008929453790188,
      "mean_ee_error_m": 3.6661276817321777,
      "reward_sum": 152.1243896484375,
      "unsafe_action_rate": 0.0,
      "min_clearance_m": 0.13348466157913208,
      "goal_base": [
        2.3316500186920166,
        4.8630900382995605,
        -1.8044899702072144
      ],
      "contact_kind": null,
      "contact_links": [],
      "joint_limit_labels": [],
      "rollout_index": 0
    }
  ]
}
Actor MLP: Sequential(
  (0): Linear(in_features=26, out_features=256, bias=True)
  (1): ELU(alpha=1.0)
  (2): Linear(in_features=256, out_features=128, bias=True)
  (3): ELU(alpha=1.0)
  (4): Linear(in_features=128, out_features=64, bias=True)
  (5): ELU(alpha=1.0)
  (6): Linear(in_features=64, out_features=4, bias=True)
)
Critic MLP: Sequential(
  (0): Linear(in_features=26, out_features=256, bias=True)
  (1): ELU(alpha=1.0)
  (2): Linear(in_features=256, out_features=128, bias=True)
  (3): ELU(alpha=1.0)
  (4): Linear(in_features=128, out_features=64, bias=True)
  (5): ELU(alpha=1.0)
  (6): Linear(in_features=64, out_features=1, bias=True)
)
!!!!!!!!!!!!!added lock!!!!!!!!!!!!
{"steps": 55, "done_reason": "success", "final_done_reason": "success", "first_done_step": 55, "first_success_step": 55, "fixed_duration_steps": null, "success": true, "reached_tolerance": true, "final_ee_error_m": 0.0455378033220768, "min_ee_error_m": 0.0455378033220768, "mean_ee_error_m": 0.6858790516853333, "reward_sum": 160.04727172851562, "unsafe_action_rate": 0.0, "min_clearance_m": 0.13240498304367065, "goal_base": [4.959000110626221, 0.36761000752449036, -2.7255499362945557], "contact_kind": null, "contact_links": [], "joint_limit_labels": [], "rollout_index": 0}
{
  "backend": "chrono_arm_reaching",
  "policy_checkpoint": "/home/harry/NeDM/artifacts/rl_runs/arm_reach_adaptivekl005_lr1e4_tol005_ep150_bonus150_sigma015_8d_rom_20260727/model_1499.pt",
  "pre_roll_time_s": 6.0,
  "render": false,
  "save_render_frames": false,
  "frame_output_dir": null,
  "render_steps": 1,
  "consecutive_goals": false,
  "goal_duration_s": null,
  "goal_duration_steps": null,
  "requested_goals": 1,
  "num_rollouts": 1,
  "success_rate": 1.0,
  "reached_tolerance_rate": 1.0,
  "mean_final_ee_error_m": 0.0455378033220768,
  "mean_min_ee_error_m": 0.0455378033220768,
  "rollouts": [
    {
      "steps": 55,
      "done_reason": "success",
      "final_done_reason": "success",
      "first_done_step": 55,
      "first_success_step": 55,
      "fixed_duration_steps": null,
      "success": true,
      "reached_tolerance": true,
      "final_ee_error_m": 0.0455378033220768,
      "min_ee_error_m": 0.0455378033220768,
      "mean_ee_error_m": 0.6858790516853333,
      "reward_sum": 160.04727172851562,
      "unsafe_action_rate": 0.0,
      "min_clearance_m": 0.13240498304367065,
      "goal_base": [
        4.959000110626221,
        0.36761000752449036,
        -2.7255499362945557
      ],
      "contact_kind": null,
      "contact_links": [],
      "joint_limit_labels": [],
      "rollout_index": 0
    }
  ]
}
Actor MLP: Sequential(
  (0): Linear(in_features=26, out_features=256, bias=True)
  (1): ELU(alpha=1.0)
  (2): Linear(in_features=256, out_features=128, bias=True)
  (3): ELU(alpha=1.0)
  (4): Linear(in_features=128, out_features=64, bias=True)
  (5): ELU(alpha=1.0)
  (6): Linear(in_features=64, out_features=4, bias=True)
)
Critic MLP: Sequential(
  (0): Linear(in_features=26, out_features=256, bias=True)
  (1): ELU(alpha=1.0)
  (2): Linear(in_features=256, out_features=128, bias=True)
  (3): ELU(alpha=1.0)
  (4): Linear(in_features=128, out_features=64, bias=True)
  (5): ELU(alpha=1.0)
  (6): Linear(in_features=64, out_features=1, bias=True)
)
!!!!!!!!!!!!!added lock!!!!!!!!!!!!
{"steps": 47, "done_reason": "success", "final_done_reason": "success", "first_done_step": 47, "first_success_step": 47, "fixed_duration_steps": null, "success": true, "reached_tolerance": true, "final_ee_error_m": 0.027739621698856354, "min_ee_error_m": 0.027739621698856354, "mean_ee_error_m": 2.3196499347686768, "reward_sum": 157.34158325195312, "unsafe_action_rate": 0.0, "min_clearance_m": 0.13348466157913208, "goal_base": [3.4733500480651855, -4.169000148773193, -1.5539000034332275], "contact_kind": null, "contact_links": [], "joint_limit_labels": [], "rollout_index": 0}
{
  "backend": "chrono_arm_reaching",
  "policy_checkpoint": "/home/harry/NeDM/artifacts/rl_runs/arm_reach_adaptivekl005_lr1e4_tol005_ep150_bonus150_sigma015_8d_rom_20260727/model_1499.pt",
  "pre_roll_time_s": 6.0,
  "render": false,
  "save_render_frames": false,
  "frame_output_dir": null,
  "render_steps": 1,
  "consecutive_goals": false,
  "goal_duration_s": null,
  "goal_duration_steps": null,
  "requested_goals": 1,
  "num_rollouts": 1,
  "success_rate": 1.0,
  "reached_tolerance_rate": 1.0,
  "mean_final_ee_error_m": 0.027739621698856354,
  "mean_min_ee_error_m": 0.027739621698856354,
  "rollouts": [
    {
      "steps": 47,
      "done_reason": "success",
      "final_done_reason": "success",
      "first_done_step": 47,
      "first_success_step": 47,
      "fixed_duration_steps": null,
      "success": true,
      "reached_tolerance": true,
      "final_ee_error_m": 0.027739621698856354,
      "min_ee_error_m": 0.027739621698856354,
      "mean_ee_error_m": 2.3196499347686768,
      "reward_sum": 157.34158325195312,
      "unsafe_action_rate": 0.0,
      "min_clearance_m": 0.13348466157913208,
      "goal_base": [
        3.4733500480651855,
        -4.169000148773193,
        -1.5539000034332275
      ],
      "contact_kind": null,
      "contact_links": [],
      "joint_limit_labels": [],
      "rollout_index": 0
    }
  ]
}
Actor MLP: Sequential(
  (0): Linear(in_features=26, out_features=256, bias=True)
  (1): ELU(alpha=1.0)
  (2): Linear(in_features=256, out_features=128, bias=True)
  (3): ELU(alpha=1.0)
  (4): Linear(in_features=128, out_features=64, bias=True)
  (5): ELU(alpha=1.0)
  (6): Linear(in_features=64, out_features=4, bias=True)
)
Critic MLP: Sequential(
  (0): Linear(in_features=26, out_features=256, bias=True)
  (1): ELU(alpha=1.0)
  (2): Linear(in_features=256, out_features=128, bias=True)
  (3): ELU(alpha=1.0)
  (4): Linear(in_features=128, out_features=64, bias=True)
  (5): ELU(alpha=1.0)
  (6): Linear(in_features=64, out_features=1, bias=True)
)
!!!!!!!!!!!!!added lock!!!!!!!!!!!!
{"steps": 41, "done_reason": "success", "final_done_reason": "success", "first_done_step": 41, "first_success_step": 41, "fixed_duration_steps": null, "success": true, "reached_tolerance": true, "final_ee_error_m": 0.04926495626568794, "min_ee_error_m": 0.04926495626568794, "mean_ee_error_m": 3.5688018798828125, "reward_sum": 151.3953857421875, "unsafe_action_rate": 0.0, "min_clearance_m": 0.12901586294174194, "goal_base": [2.217710018157959, 3.788249969482422, -3.9151198863983154], "contact_kind": null, "contact_links": [], "joint_limit_labels": [], "rollout_index": 0}
{
  "backend": "chrono_arm_reaching",
  "policy_checkpoint": "/home/harry/NeDM/artifacts/rl_runs/arm_reach_adaptivekl005_lr1e4_tol005_ep150_bonus150_sigma015_8d_rom_20260727/model_1499.pt",
  "pre_roll_time_s": 6.0,
  "render": false,
  "save_render_frames": false,
  "frame_output_dir": null,
  "render_steps": 1,
  "consecutive_goals": false,
  "goal_duration_s": null,
  "goal_duration_steps": null,
  "requested_goals": 1,
  "num_rollouts": 1,
  "success_rate": 1.0,
  "reached_tolerance_rate": 1.0,
  "mean_final_ee_error_m": 0.04926495626568794,
  "mean_min_ee_error_m": 0.04926495626568794,
  "rollouts": [
    {
      "steps": 41,
      "done_reason": "success",
      "final_done_reason": "success",
      "first_done_step": 41,
      "first_success_step": 41,
      "fixed_duration_steps": null,
      "success": true,
      "reached_tolerance": true,
      "final_ee_error_m": 0.04926495626568794,
      "min_ee_error_m": 0.04926495626568794,
      "mean_ee_error_m": 3.5688018798828125,
      "reward_sum": 151.3953857421875,
      "unsafe_action_rate": 0.0,
      "min_clearance_m": 0.12901586294174194,
      "goal_base": [
        2.217710018157959,
        3.788249969482422,
        -3.9151198863983154
      ],
      "contact_kind": null,
      "contact_links": [],
      "joint_limit_labels": [],
      "rollout_index": 0
    }
  ]
}
Actor MLP: Sequential(
  (0): Linear(in_features=26, out_features=256, bias=True)
  (1): ELU(alpha=1.0)
  (2): Linear(in_features=256, out_features=128, bias=True)
  (3): ELU(alpha=1.0)
  (4): Linear(in_features=128, out_features=64, bias=True)
  (5): ELU(alpha=1.0)
  (6): Linear(in_features=64, out_features=4, bias=True)
)
Critic MLP: Sequential(
  (0): Linear(in_features=26, out_features=256, bias=True)
  (1): ELU(alpha=1.0)
  (2): Linear(in_features=256, out_features=128, bias=True)
  (3): ELU(alpha=1.0)
  (4): Linear(in_features=128, out_features=64, bias=True)
  (5): ELU(alpha=1.0)
  (6): Linear(in_features=64, out_features=1, bias=True)
)
!!!!!!!!!!!!!added lock!!!!!!!!!!!!
{"steps": 56, "done_reason": "success", "final_done_reason": "success", "first_done_step": 56, "first_success_step": 56, "fixed_duration_steps": null, "success": true, "reached_tolerance": true, "final_ee_error_m": 0.0347188264131546, "min_ee_error_m": 0.0347188264131546, "mean_ee_error_m": 3.619450330734253, "reward_sum": 153.84622192382812, "unsafe_action_rate": 0.0, "min_clearance_m": 0.13348466157913208, "goal_base": [0.7334399819374084, -5.39818000793457, -1.507949948310852], "contact_kind": null, "contact_links": [], "joint_limit_labels": [], "rollout_index": 0}
{
  "backend": "chrono_arm_reaching",
  "policy_checkpoint": "/home/harry/NeDM/artifacts/rl_runs/arm_reach_adaptivekl005_lr1e4_tol005_ep150_bonus150_sigma015_8d_rom_20260727/model_1499.pt",
  "pre_roll_time_s": 6.0,
  "render": false,
  "save_render_frames": false,
  "frame_output_dir": null,
  "render_steps": 1,
  "consecutive_goals": false,
  "goal_duration_s": null,
  "goal_duration_steps": null,
  "requested_goals": 1,
  "num_rollouts": 1,
  "success_rate": 1.0,
  "reached_tolerance_rate": 1.0,
  "mean_final_ee_error_m": 0.0347188264131546,
  "mean_min_ee_error_m": 0.0347188264131546,
  "rollouts": [
    {
      "steps": 56,
      "done_reason": "success",
      "final_done_reason": "success",
      "first_done_step": 56,
      "first_success_step": 56,
      "fixed_duration_steps": null,
      "success": true,
      "reached_tolerance": true,
      "final_ee_error_m": 0.0347188264131546,
      "min_ee_error_m": 0.0347188264131546,
      "mean_ee_error_m": 3.619450330734253,
      "reward_sum": 153.84622192382812,
      "unsafe_action_rate": 0.0,
      "min_clearance_m": 0.13348466157913208,
      "goal_base": [
        0.7334399819374084,
        -5.39818000793457,
        -1.507949948310852
      ],
      "contact_kind": null,
      "contact_links": [],
      "joint_limit_labels": [],
      "rollout_index": 0
    }
  ]
}
Actor MLP: Sequential(
  (0): Linear(in_features=26, out_features=256, bias=True)
  (1): ELU(alpha=1.0)
  (2): Linear(in_features=256, out_features=128, bias=True)
  (3): ELU(alpha=1.0)
  (4): Linear(in_features=128, out_features=64, bias=True)
  (5): ELU(alpha=1.0)
  (6): Linear(in_features=64, out_features=4, bias=True)
)
Critic MLP: Sequential(
  (0): Linear(in_features=26, out_features=256, bias=True)
  (1): ELU(alpha=1.0)
  (2): Linear(in_features=256, out_features=128, bias=True)
  (3): ELU(alpha=1.0)
  (4): Linear(in_features=128, out_features=64, bias=True)
  (5): ELU(alpha=1.0)
  (6): Linear(in_features=64, out_features=1, bias=True)
)
!!!!!!!!!!!!!added lock!!!!!!!!!!!!
{"steps": 38, "done_reason": "success", "final_done_reason": "success", "first_done_step": 38, "first_success_step": 38, "fixed_duration_steps": null, "success": true, "reached_tolerance": true, "final_ee_error_m": 0.02610323764383793, "min_ee_error_m": 0.02610323764383793, "mean_ee_error_m": 3.4773783683776855, "reward_sum": 151.58114624023438, "unsafe_action_rate": 0.0, "min_clearance_m": 0.13348466157913208, "goal_base": [2.54436993598938, -4.556970119476318, -2.3395700454711914], "contact_kind": null, "contact_links": [], "joint_limit_labels": [], "rollout_index": 0}
{
  "backend": "chrono_arm_reaching",
  "policy_checkpoint": "/home/harry/NeDM/artifacts/rl_runs/arm_reach_adaptivekl005_lr1e4_tol005_ep150_bonus150_sigma015_8d_rom_20260727/model_1499.pt",
  "pre_roll_time_s": 6.0,
  "render": false,
  "save_render_frames": false,
  "frame_output_dir": null,
  "render_steps": 1,
  "consecutive_goals": false,
  "goal_duration_s": null,
  "goal_duration_steps": null,
  "requested_goals": 1,
  "num_rollouts": 1,
  "success_rate": 1.0,
  "reached_tolerance_rate": 1.0,
  "mean_final_ee_error_m": 0.02610323764383793,
  "mean_min_ee_error_m": 0.02610323764383793,
  "rollouts": [
    {
      "steps": 38,
      "done_reason": "success",
      "final_done_reason": "success",
      "first_done_step": 38,
      "first_success_step": 38,
      "fixed_duration_steps": null,
      "success": true,
      "reached_tolerance": true,
      "final_ee_error_m": 0.02610323764383793,
      "min_ee_error_m": 0.02610323764383793,
      "mean_ee_error_m": 3.4773783683776855,
      "reward_sum": 151.58114624023438,
      "unsafe_action_rate": 0.0,
      "min_clearance_m": 0.13348466157913208,
      "goal_base": [
        2.54436993598938,
        -4.556970119476318,
        -2.3395700454711914
      ],
      "contact_kind": null,
      "contact_links": [],
      "joint_limit_labels": [],
      "rollout_index": 0
    }
  ]
}
Actor MLP: Sequential(
  (0): Linear(in_features=26, out_features=256, bias=True)
  (1): ELU(alpha=1.0)
  (2): Linear(in_features=256, out_features=128, bias=True)
  (3): ELU(alpha=1.0)
  (4): Linear(in_features=128, out_features=64, bias=True)
  (5): ELU(alpha=1.0)
  (6): Linear(in_features=64, out_features=4, bias=True)
)
Critic MLP: Sequential(
  (0): Linear(in_features=26, out_features=256, bias=True)
  (1): ELU(alpha=1.0)
  (2): Linear(in_features=256, out_features=128, bias=True)
  (3): ELU(alpha=1.0)
  (4): Linear(in_features=128, out_features=64, bias=True)
  (5): ELU(alpha=1.0)
  (6): Linear(in_features=64, out_features=1, bias=True)
)
!!!!!!!!!!!!!added lock!!!!!!!!!!!!
{"steps": 49, "done_reason": "success", "final_done_reason": "success", "first_done_step": 49, "first_success_step": 49, "fixed_duration_steps": null, "success": true, "reached_tolerance": true, "final_ee_error_m": 0.02468966320157051, "min_ee_error_m": 0.02468966320157051, "mean_ee_error_m": 2.5113589763641357, "reward_sum": 157.4842529296875, "unsafe_action_rate": 0.0, "min_clearance_m": 0.13348466157913208, "goal_base": [3.129199981689453, -4.4837799072265625, -1.2193000316619873], "contact_kind": null, "contact_links": [], "joint_limit_labels": [], "rollout_index": 0}
{
  "backend": "chrono_arm_reaching",
  "policy_checkpoint": "/home/harry/NeDM/artifacts/rl_runs/arm_reach_adaptivekl005_lr1e4_tol005_ep150_bonus150_sigma015_8d_rom_20260727/model_1499.pt",
  "pre_roll_time_s": 6.0,
  "render": false,
  "save_render_frames": false,
  "frame_output_dir": null,
  "render_steps": 1,
  "consecutive_goals": false,
  "goal_duration_s": null,
  "goal_duration_steps": null,
  "requested_goals": 1,
  "num_rollouts": 1,
  "success_rate": 1.0,
  "reached_tolerance_rate": 1.0,
  "mean_final_ee_error_m": 0.02468966320157051,
  "mean_min_ee_error_m": 0.02468966320157051,
  "rollouts": [
    {
      "steps": 49,
      "done_reason": "success",
      "final_done_reason": "success",
      "first_done_step": 49,
      "first_success_step": 49,
      "fixed_duration_steps": null,
      "success": true,
      "reached_tolerance": true,
      "final_ee_error_m": 0.02468966320157051,
      "min_ee_error_m": 0.02468966320157051,
      "mean_ee_error_m": 2.5113589763641357,
      "reward_sum": 157.4842529296875,
      "unsafe_action_rate": 0.0,
      "min_clearance_m": 0.13348466157913208,
      "goal_base": [
        3.129199981689453,
        -4.4837799072265625,
        -1.2193000316619873
      ],
      "contact_kind": null,
      "contact_links": [],
      "joint_limit_labels": [],
      "rollout_index": 0
    }
  ]
}
Actor MLP: Sequential(
  (0): Linear(in_features=26, out_features=256, bias=True)
  (1): ELU(alpha=1.0)
  (2): Linear(in_features=256, out_features=128, bias=True)
  (3): ELU(alpha=1.0)
  (4): Linear(in_features=128, out_features=64, bias=True)
  (5): ELU(alpha=1.0)
  (6): Linear(in_features=64, out_features=4, bias=True)
)
Critic MLP: Sequential(
  (0): Linear(in_features=26, out_features=256, bias=True)
  (1): ELU(alpha=1.0)
  (2): Linear(in_features=256, out_features=128, bias=True)
  (3): ELU(alpha=1.0)
  (4): Linear(in_features=128, out_features=64, bias=True)
  (5): ELU(alpha=1.0)
  (6): Linear(in_features=64, out_features=1, bias=True)
)
!!!!!!!!!!!!!added lock!!!!!!!!!!!!
{"steps": 68, "done_reason": "success", "final_done_reason": "success", "first_done_step": 68, "first_success_step": 68, "fixed_duration_steps": null, "success": true, "reached_tolerance": true, "final_ee_error_m": 0.030971787869930267, "min_ee_error_m": 0.030971787869930267, "mean_ee_error_m": 0.45840832591056824, "reward_sum": 168.08570861816406, "unsafe_action_rate": 0.0, "min_clearance_m": 0.13348466157913208, "goal_base": [5.3213300704956055, 0.5738999843597412, -1.7543699741363525], "contact_kind": null, "contact_links": [], "joint_limit_labels": [], "rollout_index": 0}
{
  "backend": "chrono_arm_reaching",
  "policy_checkpoint": "/home/harry/NeDM/artifacts/rl_runs/arm_reach_adaptivekl005_lr1e4_tol005_ep150_bonus150_sigma015_8d_rom_20260727/model_1499.pt",
  "pre_roll_time_s": 6.0,
  "render": false,
  "save_render_frames": false,
  "frame_output_dir": null,
  "render_steps": 1,
  "consecutive_goals": false,
  "goal_duration_s": null,
  "goal_duration_steps": null,
  "requested_goals": 1,
  "num_rollouts": 1,
  "success_rate": 1.0,
  "reached_tolerance_rate": 1.0,
  "mean_final_ee_error_m": 0.030971787869930267,
  "mean_min_ee_error_m": 0.030971787869930267,
  "rollouts": [
    {
      "steps": 68,
      "done_reason": "success",
      "final_done_reason": "success",
      "first_done_step": 68,
      "first_success_step": 68,
      "fixed_duration_steps": null,
      "success": true,
      "reached_tolerance": true,
      "final_ee_error_m": 0.030971787869930267,
      "min_ee_error_m": 0.030971787869930267,
      "mean_ee_error_m": 0.45840832591056824,
      "reward_sum": 168.08570861816406,
      "unsafe_action_rate": 0.0,
      "min_clearance_m": 0.13348466157913208,
      "goal_base": [
        5.3213300704956055,
        0.5738999843597412,
        -1.7543699741363525
      ],
      "contact_kind": null,
      "contact_links": [],
      "joint_limit_labels": [],
      "rollout_index": 0
    }
  ]
}
Actor MLP: Sequential(
  (0): Linear(in_features=26, out_features=256, bias=True)
  (1): ELU(alpha=1.0)
  (2): Linear(in_features=256, out_features=128, bias=True)
  (3): ELU(alpha=1.0)
  (4): Linear(in_features=128, out_features=64, bias=True)
  (5): ELU(alpha=1.0)
  (6): Linear(in_features=64, out_features=4, bias=True)
)
Critic MLP: Sequential(
  (0): Linear(in_features=26, out_features=256, bias=True)
  (1): ELU(alpha=1.0)
  (2): Linear(in_features=256, out_features=128, bias=True)
  (3): ELU(alpha=1.0)
  (4): Linear(in_features=128, out_features=64, bias=True)
  (5): ELU(alpha=1.0)
  (6): Linear(in_features=64, out_features=1, bias=True)
)
!!!!!!!!!!!!!added lock!!!!!!!!!!!!
{"steps": 34, "done_reason": "success", "final_done_reason": "success", "first_done_step": 34, "first_success_step": 34, "fixed_duration_steps": null, "success": true, "reached_tolerance": true, "final_ee_error_m": 0.04777354747056961, "min_ee_error_m": 0.04777354747056961, "mean_ee_error_m": 0.7870491147041321, "reward_sum": 156.43482971191406, "unsafe_action_rate": 0.0, "min_clearance_m": 0.13236600160598755, "goal_base": [5.045519828796387, -0.4084799885749817, -2.751970052719116], "contact_kind": null, "contact_links": [], "joint_limit_labels": [], "rollout_index": 0}
{
  "backend": "chrono_arm_reaching",
  "policy_checkpoint": "/home/harry/NeDM/artifacts/rl_runs/arm_reach_adaptivekl005_lr1e4_tol005_ep150_bonus150_sigma015_8d_rom_20260727/model_1499.pt",
  "pre_roll_time_s": 6.0,
  "render": false,
  "save_render_frames": false,
  "frame_output_dir": null,
  "render_steps": 1,
  "consecutive_goals": false,
  "goal_duration_s": null,
  "goal_duration_steps": null,
  "requested_goals": 1,
  "num_rollouts": 1,
  "success_rate": 1.0,
  "reached_tolerance_rate": 1.0,
  "mean_final_ee_error_m": 0.04777354747056961,
  "mean_min_ee_error_m": 0.04777354747056961,
  "rollouts": [
    {
      "steps": 34,
      "done_reason": "success",
      "final_done_reason": "success",
      "first_done_step": 34,
      "first_success_step": 34,
      "fixed_duration_steps": null,
      "success": true,
      "reached_tolerance": true,
      "final_ee_error_m": 0.04777354747056961,
      "min_ee_error_m": 0.04777354747056961,
      "mean_ee_error_m": 0.7870491147041321,
      "reward_sum": 156.43482971191406,
      "unsafe_action_rate": 0.0,
      "min_clearance_m": 0.13236600160598755,
      "goal_base": [
        5.045519828796387,
        -0.4084799885749817,
        -2.751970052719116
      ],
      "contact_kind": null,
      "contact_links": [],
      "joint_limit_labels": [],
      "rollout_index": 0
    }
  ]
}
Actor MLP: Sequential(
  (0): Linear(in_features=26, out_features=256, bias=True)
  (1): ELU(alpha=1.0)
  (2): Linear(in_features=256, out_features=128, bias=True)
  (3): ELU(alpha=1.0)
  (4): Linear(in_features=128, out_features=64, bias=True)
  (5): ELU(alpha=1.0)
  (6): Linear(in_features=64, out_features=4, bias=True)
)
Critic MLP: Sequential(
  (0): Linear(in_features=26, out_features=256, bias=True)
  (1): ELU(alpha=1.0)
  (2): Linear(in_features=256, out_features=128, bias=True)
  (3): ELU(alpha=1.0)
  (4): Linear(in_features=128, out_features=64, bias=True)
  (5): ELU(alpha=1.0)
  (6): Linear(in_features=64, out_features=1, bias=True)
)
!!!!!!!!!!!!!added lock!!!!!!!!!!!!
{"steps": 80, "done_reason": "success", "final_done_reason": "success", "first_done_step": 80, "first_success_step": 80, "fixed_duration_steps": null, "success": true, "reached_tolerance": true, "final_ee_error_m": 0.03557689115405083, "min_ee_error_m": 0.03557689115405083, "mean_ee_error_m": 1.7519164085388184, "reward_sum": 162.7747344970703, "unsafe_action_rate": 0.0, "min_clearance_m": 0.13035351037979126, "goal_base": [2.2316999435424805, -4.143489837646484, -3.2154200077056885], "contact_kind": null, "contact_links": [], "joint_limit_labels": [], "rollout_index": 0}
{
  "backend": "chrono_arm_reaching",
  "policy_checkpoint": "/home/harry/NeDM/artifacts/rl_runs/arm_reach_adaptivekl005_lr1e4_tol005_ep150_bonus150_sigma015_8d_rom_20260727/model_1499.pt",
  "pre_roll_time_s": 6.0,
  "render": false,
  "save_render_frames": false,
  "frame_output_dir": null,
  "render_steps": 1,
  "consecutive_goals": false,
  "goal_duration_s": null,
  "goal_duration_steps": null,
  "requested_goals": 1,
  "num_rollouts": 1,
  "success_rate": 1.0,
  "reached_tolerance_rate": 1.0,
  "mean_final_ee_error_m": 0.03557689115405083,
  "mean_min_ee_error_m": 0.03557689115405083,
  "rollouts": [
    {
      "steps": 80,
      "done_reason": "success",
      "final_done_reason": "success",
      "first_done_step": 80,
      "first_success_step": 80,
      "fixed_duration_steps": null,
      "success": true,
      "reached_tolerance": true,
      "final_ee_error_m": 0.03557689115405083,
      "min_ee_error_m": 0.03557689115405083,
      "mean_ee_error_m": 1.7519164085388184,
      "reward_sum": 162.7747344970703,
      "unsafe_action_rate": 0.0,
      "min_clearance_m": 0.13035351037979126,
      "goal_base": [
        2.2316999435424805,
        -4.143489837646484,
        -3.2154200077056885
      ],
      "contact_kind": null,
      "contact_links": [],
      "joint_limit_labels": [],
      "rollout_index": 0
    }
  ]
}
Actor MLP: Sequential(
  (0): Linear(in_features=26, out_features=256, bias=True)
  (1): ELU(alpha=1.0)
  (2): Linear(in_features=256, out_features=128, bias=True)
  (3): ELU(alpha=1.0)
  (4): Linear(in_features=128, out_features=64, bias=True)
  (5): ELU(alpha=1.0)
  (6): Linear(in_features=64, out_features=4, bias=True)
)
Critic MLP: Sequential(
  (0): Linear(in_features=26, out_features=256, bias=True)
  (1): ELU(alpha=1.0)
  (2): Linear(in_features=256, out_features=128, bias=True)
  (3): ELU(alpha=1.0)
  (4): Linear(in_features=128, out_features=64, bias=True)
  (5): ELU(alpha=1.0)
  (6): Linear(in_features=64, out_features=1, bias=True)
)
!!!!!!!!!!!!!added lock!!!!!!!!!!!!
{"steps": 39, "done_reason": "success", "final_done_reason": "success", "first_done_step": 39, "first_success_step": 39, "fixed_duration_steps": null, "success": true, "reached_tolerance": true, "final_ee_error_m": 0.01948917843401432, "min_ee_error_m": 0.01948917843401432, "mean_ee_error_m": 3.903545379638672, "reward_sum": 151.6063232421875, "unsafe_action_rate": 0.0, "min_clearance_m": 0.12986665964126587, "goal_base": [1.4783600568771362, -4.537290096282959, -3.3691699504852295], "contact_kind": null, "contact_links": [], "joint_limit_labels": [], "rollout_index": 0}
{
  "backend": "chrono_arm_reaching",
  "policy_checkpoint": "/home/harry/NeDM/artifacts/rl_runs/arm_reach_adaptivekl005_lr1e4_tol005_ep150_bonus150_sigma015_8d_rom_20260727/model_1499.pt",
  "pre_roll_time_s": 6.0,
  "render": false,
  "save_render_frames": false,
  "frame_output_dir": null,
  "render_steps": 1,
  "consecutive_goals": false,
  "goal_duration_s": null,
  "goal_duration_steps": null,
  "requested_goals": 1,
  "num_rollouts": 1,
  "success_rate": 1.0,
  "reached_tolerance_rate": 1.0,
  "mean_final_ee_error_m": 0.01948917843401432,
  "mean_min_ee_error_m": 0.01948917843401432,
  "rollouts": [
    {
      "steps": 39,
      "done_reason": "success",
      "final_done_reason": "success",
      "first_done_step": 39,
      "first_success_step": 39,
      "fixed_duration_steps": null,
      "success": true,
      "reached_tolerance": true,
      "final_ee_error_m": 0.01948917843401432,
      "min_ee_error_m": 0.01948917843401432,
      "mean_ee_error_m": 3.903545379638672,
      "reward_sum": 151.6063232421875,
      "unsafe_action_rate": 0.0,
      "min_clearance_m": 0.12986665964126587,
      "goal_base": [
        1.4783600568771362,
        -4.537290096282959,
        -3.3691699504852295
      ],
      "contact_kind": null,
      "contact_links": [],
      "joint_limit_labels": [],
      "rollout_index": 0
    }
  ]
}
Actor MLP: Sequential(
  (0): Linear(in_features=26, out_features=256, bias=True)
  (1): ELU(alpha=1.0)
  (2): Linear(in_features=256, out_features=128, bias=True)
  (3): ELU(alpha=1.0)
  (4): Linear(in_features=128, out_features=64, bias=True)
  (5): ELU(alpha=1.0)
  (6): Linear(in_features=64, out_features=4, bias=True)
)
Critic MLP: Sequential(
  (0): Linear(in_features=26, out_features=256, bias=True)
  (1): ELU(alpha=1.0)
  (2): Linear(in_features=256, out_features=128, bias=True)
  (3): ELU(alpha=1.0)
  (4): Linear(in_features=128, out_features=64, bias=True)
  (5): ELU(alpha=1.0)
  (6): Linear(in_features=64, out_features=1, bias=True)
)
!!!!!!!!!!!!!added lock!!!!!!!!!!!!
{"steps": 35, "done_reason": "success", "final_done_reason": "success", "first_done_step": 35, "first_success_step": 35, "fixed_duration_steps": null, "success": true, "reached_tolerance": true, "final_ee_error_m": 0.03798212110996246, "min_ee_error_m": 0.03798212110996246, "mean_ee_error_m": 0.9806928634643555, "reward_sum": 155.29176330566406, "unsafe_action_rate": 0.0, "min_clearance_m": 0.13015109300613403, "goal_base": [4.804059982299805, -0.3418000042438507, -3.2625598907470703], "contact_kind": null, "contact_links": [], "joint_limit_labels": [], "rollout_index": 0}
{
  "backend": "chrono_arm_reaching",
  "policy_checkpoint": "/home/harry/NeDM/artifacts/rl_runs/arm_reach_adaptivekl005_lr1e4_tol005_ep150_bonus150_sigma015_8d_rom_20260727/model_1499.pt",
  "pre_roll_time_s": 6.0,
  "render": false,
  "save_render_frames": false,
  "frame_output_dir": null,
  "render_steps": 1,
  "consecutive_goals": false,
  "goal_duration_s": null,
  "goal_duration_steps": null,
  "requested_goals": 1,
  "num_rollouts": 1,
  "success_rate": 1.0,
  "reached_tolerance_rate": 1.0,
  "mean_final_ee_error_m": 0.03798212110996246,
  "mean_min_ee_error_m": 0.03798212110996246,
  "rollouts": [
    {
      "steps": 35,
      "done_reason": "success",
      "final_done_reason": "success",
      "first_done_step": 35,
      "first_success_step": 35,
      "fixed_duration_steps": null,
      "success": true,
      "reached_tolerance": true,
      "final_ee_error_m": 0.03798212110996246,
      "min_ee_error_m": 0.03798212110996246,
      "mean_ee_error_m": 0.9806928634643555,
      "reward_sum": 155.29176330566406,
      "unsafe_action_rate": 0.0,
      "min_clearance_m": 0.13015109300613403,
      "goal_base": [
        4.804059982299805,
        -0.3418000042438507,
        -3.2625598907470703
      ],
      "contact_kind": null,
      "contact_links": [],
      "joint_limit_labels": [],
      "rollout_index": 0
    }
  ]
}
Actor MLP: Sequential(
  (0): Linear(in_features=26, out_features=256, bias=True)
  (1): ELU(alpha=1.0)
  (2): Linear(in_features=256, out_features=128, bias=True)
  (3): ELU(alpha=1.0)
  (4): Linear(in_features=128, out_features=64, bias=True)
  (5): ELU(alpha=1.0)
  (6): Linear(in_features=64, out_features=4, bias=True)
)
Critic MLP: Sequential(
  (0): Linear(in_features=26, out_features=256, bias=True)
  (1): ELU(alpha=1.0)
  (2): Linear(in_features=256, out_features=128, bias=True)
  (3): ELU(alpha=1.0)
  (4): Linear(in_features=128, out_features=64, bias=True)
  (5): ELU(alpha=1.0)
  (6): Linear(in_features=64, out_features=1, bias=True)
)
!!!!!!!!!!!!!added lock!!!!!!!!!!!!
{"steps": 47, "done_reason": "success", "final_done_reason": "success", "first_done_step": 47, "first_success_step": 47, "fixed_duration_steps": null, "success": true, "reached_tolerance": true, "final_ee_error_m": 0.04888622462749481, "min_ee_error_m": 0.04888622462749481, "mean_ee_error_m": 2.831324815750122, "reward_sum": 155.4834747314453, "unsafe_action_rate": 0.0, "min_clearance_m": 0.13348466157913208, "goal_base": [3.0138800144195557, 4.4845499992370605, -1.4008300304412842], "contact_kind": null, "contact_links": [], "joint_limit_labels": [], "rollout_index": 0}
{
  "backend": "chrono_arm_reaching",
  "policy_checkpoint": "/home/harry/NeDM/artifacts/rl_runs/arm_reach_adaptivekl005_lr1e4_tol005_ep150_bonus150_sigma015_8d_rom_20260727/model_1499.pt",
  "pre_roll_time_s": 6.0,
  "render": false,
  "save_render_frames": false,
  "frame_output_dir": null,
  "render_steps": 1,
  "consecutive_goals": false,
  "goal_duration_s": null,
  "goal_duration_steps": null,
  "requested_goals": 1,
  "num_rollouts": 1,
  "success_rate": 1.0,
  "reached_tolerance_rate": 1.0,
  "mean_final_ee_error_m": 0.04888622462749481,
  "mean_min_ee_error_m": 0.04888622462749481,
  "rollouts": [
    {
      "steps": 47,
      "done_reason": "success",
      "final_done_reason": "success",
      "first_done_step": 47,
      "first_success_step": 47,
      "fixed_duration_steps": null,
      "success": true,
      "reached_tolerance": true,
      "final_ee_error_m": 0.04888622462749481,
      "min_ee_error_m": 0.04888622462749481,
      "mean_ee_error_m": 2.831324815750122,
      "reward_sum": 155.4834747314453,
      "unsafe_action_rate": 0.0,
      "min_clearance_m": 0.13348466157913208,
      "goal_base": [
        3.0138800144195557,
        4.4845499992370605,
        -1.4008300304412842
      ],
      "contact_kind": null,
      "contact_links": [],
      "joint_limit_labels": [],
      "rollout_index": 0
    }
  ]
}
Actor MLP: Sequential(
  (0): Linear(in_features=26, out_features=256, bias=True)
  (1): ELU(alpha=1.0)
  (2): Linear(in_features=256, out_features=128, bias=True)
  (3): ELU(alpha=1.0)
  (4): Linear(in_features=128, out_features=64, bias=True)
  (5): ELU(alpha=1.0)
  (6): Linear(in_features=64, out_features=4, bias=True)
)
Critic MLP: Sequential(
  (0): Linear(in_features=26, out_features=256, bias=True)
  (1): ELU(alpha=1.0)
  (2): Linear(in_features=256, out_features=128, bias=True)
  (3): ELU(alpha=1.0)
  (4): Linear(in_features=128, out_features=64, bias=True)
  (5): ELU(alpha=1.0)
  (6): Linear(in_features=64, out_features=1, bias=True)
)
!!!!!!!!!!!!!added lock!!!!!!!!!!!!
{"steps": 45, "done_reason": "success", "final_done_reason": "success", "first_done_step": 45, "first_success_step": 45, "fixed_duration_steps": null, "success": true, "reached_tolerance": true, "final_ee_error_m": 0.039449628442525864, "min_ee_error_m": 0.039449628442525864, "mean_ee_error_m": 0.9919217824935913, "reward_sum": 160.02203369140625, "unsafe_action_rate": 0.0, "min_clearance_m": 0.13348466157913208, "goal_base": [5.030109882354736, -2.1834700107574463, -1.140570044517517], "contact_kind": null, "contact_links": [], "joint_limit_labels": [], "rollout_index": 0}
{
  "backend": "chrono_arm_reaching",
  "policy_checkpoint": "/home/harry/NeDM/artifacts/rl_runs/arm_reach_adaptivekl005_lr1e4_tol005_ep150_bonus150_sigma015_8d_rom_20260727/model_1499.pt",
  "pre_roll_time_s": 6.0,
  "render": false,
  "save_render_frames": false,
  "frame_output_dir": null,
  "render_steps": 1,
  "consecutive_goals": false,
  "goal_duration_s": null,
  "goal_duration_steps": null,
  "requested_goals": 1,
  "num_rollouts": 1,
  "success_rate": 1.0,
  "reached_tolerance_rate": 1.0,
  "mean_final_ee_error_m": 0.039449628442525864,
  "mean_min_ee_error_m": 0.039449628442525864,
  "rollouts": [
    {
      "steps": 45,
      "done_reason": "success",
      "final_done_reason": "success",
      "first_done_step": 45,
      "first_success_step": 45,
      "fixed_duration_steps": null,
      "success": true,
      "reached_tolerance": true,
      "final_ee_error_m": 0.039449628442525864,
      "min_ee_error_m": 0.039449628442525864,
      "mean_ee_error_m": 0.9919217824935913,
      "reward_sum": 160.02203369140625,
      "unsafe_action_rate": 0.0,
      "min_clearance_m": 0.13348466157913208,
      "goal_base": [
        5.030109882354736,
        -2.1834700107574463,
        -1.140570044517517
      ],
      "contact_kind": null,
      "contact_links": [],
      "joint_limit_labels": [],
      "rollout_index": 0
    }
  ]
}
Actor MLP: Sequential(
  (0): Linear(in_features=26, out_features=256, bias=True)
  (1): ELU(alpha=1.0)
  (2): Linear(in_features=256, out_features=128, bias=True)
  (3): ELU(alpha=1.0)
  (4): Linear(in_features=128, out_features=64, bias=True)
  (5): ELU(alpha=1.0)
  (6): Linear(in_features=64, out_features=4, bias=True)
)
Critic MLP: Sequential(
  (0): Linear(in_features=26, out_features=256, bias=True)
  (1): ELU(alpha=1.0)
  (2): Linear(in_features=256, out_features=128, bias=True)
  (3): ELU(alpha=1.0)
  (4): Linear(in_features=128, out_features=64, bias=True)
  (5): ELU(alpha=1.0)
  (6): Linear(in_features=64, out_features=1, bias=True)
)
!!!!!!!!!!!!!added lock!!!!!!!!!!!!
{"steps": 36, "done_reason": "success", "final_done_reason": "success", "first_done_step": 36, "first_success_step": 36, "fixed_duration_steps": null, "success": true, "reached_tolerance": true, "final_ee_error_m": 0.046007949858903885, "min_ee_error_m": 0.046007949858903885, "mean_ee_error_m": 0.8650456070899963, "reward_sum": 154.54478454589844, "unsafe_action_rate": 0.0, "min_clearance_m": 0.13177496194839478, "goal_base": [4.971859931945801, -0.03554999828338623, -2.8596200942993164], "contact_kind": null, "contact_links": [], "joint_limit_labels": [], "rollout_index": 0}
{
  "backend": "chrono_arm_reaching",
  "policy_checkpoint": "/home/harry/NeDM/artifacts/rl_runs/arm_reach_adaptivekl005_lr1e4_tol005_ep150_bonus150_sigma015_8d_rom_20260727/model_1499.pt",
  "pre_roll_time_s": 6.0,
  "render": false,
  "save_render_frames": false,
  "frame_output_dir": null,
  "render_steps": 1,
  "consecutive_goals": false,
  "goal_duration_s": null,
  "goal_duration_steps": null,
  "requested_goals": 1,
  "num_rollouts": 1,
  "success_rate": 1.0,
  "reached_tolerance_rate": 1.0,
  "mean_final_ee_error_m": 0.046007949858903885,
  "mean_min_ee_error_m": 0.046007949858903885,
  "rollouts": [
    {
      "steps": 36,
      "done_reason": "success",
      "final_done_reason": "success",
      "first_done_step": 36,
      "first_success_step": 36,
      "fixed_duration_steps": null,
      "success": true,
      "reached_tolerance": true,
      "final_ee_error_m": 0.046007949858903885,
      "min_ee_error_m": 0.046007949858903885,
      "mean_ee_error_m": 0.8650456070899963,
      "reward_sum": 154.54478454589844,
      "unsafe_action_rate": 0.0,
      "min_clearance_m": 0.13177496194839478,
      "goal_base": [
        4.971859931945801,
        -0.03554999828338623,
        -2.8596200942993164
      ],
      "contact_kind": null,
      "contact_links": [],
      "joint_limit_labels": [],
      "rollout_index": 0
    }
  ]
}
Actor MLP: Sequential(
  (0): Linear(in_features=26, out_features=256, bias=True)
  (1): ELU(alpha=1.0)
  (2): Linear(in_features=256, out_features=128, bias=True)
  (3): ELU(alpha=1.0)
  (4): Linear(in_features=128, out_features=64, bias=True)
  (5): ELU(alpha=1.0)
  (6): Linear(in_features=64, out_features=4, bias=True)
)
Critic MLP: Sequential(
  (0): Linear(in_features=26, out_features=256, bias=True)
  (1): ELU(alpha=1.0)
  (2): Linear(in_features=256, out_features=128, bias=True)
  (3): ELU(alpha=1.0)
  (4): Linear(in_features=128, out_features=64, bias=True)
  (5): ELU(alpha=1.0)
  (6): Linear(in_features=64, out_features=1, bias=True)
)
!!!!!!!!!!!!!added lock!!!!!!!!!!!!
{"steps": 45, "done_reason": "success", "final_done_reason": "success", "first_done_step": 45, "first_success_step": 45, "fixed_duration_steps": null, "success": true, "reached_tolerance": true, "final_ee_error_m": 0.046073343604803085, "min_ee_error_m": 0.046073343604803085, "mean_ee_error_m": 2.7170331478118896, "reward_sum": 156.03115844726562, "unsafe_action_rate": 0.0, "min_clearance_m": 0.13087767362594604, "goal_base": [2.5564799308776855, -4.12293004989624, -3.0715699195861816], "contact_kind": null, "contact_links": [], "joint_limit_labels": [], "rollout_index": 0}
{
  "backend": "chrono_arm_reaching",
  "policy_checkpoint": "/home/harry/NeDM/artifacts/rl_runs/arm_reach_adaptivekl005_lr1e4_tol005_ep150_bonus150_sigma015_8d_rom_20260727/model_1499.pt",
  "pre_roll_time_s": 6.0,
  "render": false,
  "save_render_frames": false,
  "frame_output_dir": null,
  "render_steps": 1,
  "consecutive_goals": false,
  "goal_duration_s": null,
  "goal_duration_steps": null,
  "requested_goals": 1,
  "num_rollouts": 1,
  "success_rate": 1.0,
  "reached_tolerance_rate": 1.0,
  "mean_final_ee_error_m": 0.046073343604803085,
  "mean_min_ee_error_m": 0.046073343604803085,
  "rollouts": [
    {
      "steps": 45,
      "done_reason": "success",
      "final_done_reason": "success",
      "first_done_step": 45,
      "first_success_step": 45,
      "fixed_duration_steps": null,
      "success": true,
      "reached_tolerance": true,
      "final_ee_error_m": 0.046073343604803085,
      "min_ee_error_m": 0.046073343604803085,
      "mean_ee_error_m": 2.7170331478118896,
      "reward_sum": 156.03115844726562,
      "unsafe_action_rate": 0.0,
      "min_clearance_m": 0.13087767362594604,
      "goal_base": [
        2.5564799308776855,
        -4.12293004989624,
        -3.0715699195861816
      ],
      "contact_kind": null,
      "contact_links": [],
      "joint_limit_labels": [],
      "rollout_index": 0
    }
  ]
}
Actor MLP: Sequential(
  (0): Linear(in_features=26, out_features=256, bias=True)
  (1): ELU(alpha=1.0)
  (2): Linear(in_features=256, out_features=128, bias=True)
  (3): ELU(alpha=1.0)
  (4): Linear(in_features=128, out_features=64, bias=True)
  (5): ELU(alpha=1.0)
  (6): Linear(in_features=64, out_features=4, bias=True)
)
Critic MLP: Sequential(
  (0): Linear(in_features=26, out_features=256, bias=True)
  (1): ELU(alpha=1.0)
  (2): Linear(in_features=256, out_features=128, bias=True)
  (3): ELU(alpha=1.0)
  (4): Linear(in_features=128, out_features=64, bias=True)
  (5): ELU(alpha=1.0)
  (6): Linear(in_features=64, out_features=1, bias=True)
)
!!!!!!!!!!!!!added lock!!!!!!!!!!!!
{"steps": 55, "done_reason": "success", "final_done_reason": "success", "first_done_step": 55, "first_success_step": 55, "fixed_duration_steps": null, "success": true, "reached_tolerance": true, "final_ee_error_m": 0.024188628420233727, "min_ee_error_m": 0.024188628420233727, "mean_ee_error_m": 1.402944564819336, "reward_sum": 164.06076049804688, "unsafe_action_rate": 0.0, "min_clearance_m": 0.13348466157913208, "goal_base": [4.30109977722168, -3.2632100582122803, -1.7574000358581543], "contact_kind": null, "contact_links": [], "joint_limit_labels": [], "rollout_index": 0}
{
  "backend": "chrono_arm_reaching",
  "policy_checkpoint": "/home/harry/NeDM/artifacts/rl_runs/arm_reach_adaptivekl005_lr1e4_tol005_ep150_bonus150_sigma015_8d_rom_20260727/model_1499.pt",
  "pre_roll_time_s": 6.0,
  "render": false,
  "save_render_frames": false,
  "frame_output_dir": null,
  "render_steps": 1,
  "consecutive_goals": false,
  "goal_duration_s": null,
  "goal_duration_steps": null,
  "requested_goals": 1,
  "num_rollouts": 1,
  "success_rate": 1.0,
  "reached_tolerance_rate": 1.0,
  "mean_final_ee_error_m": 0.024188628420233727,
  "mean_min_ee_error_m": 0.024188628420233727,
  "rollouts": [
    {
      "steps": 55,
      "done_reason": "success",
      "final_done_reason": "success",
      "first_done_step": 55,
      "first_success_step": 55,
      "fixed_duration_steps": null,
      "success": true,
      "reached_tolerance": true,
      "final_ee_error_m": 0.024188628420233727,
      "min_ee_error_m": 0.024188628420233727,
      "mean_ee_error_m": 1.402944564819336,
      "reward_sum": 164.06076049804688,
      "unsafe_action_rate": 0.0,
      "min_clearance_m": 0.13348466157913208,
      "goal_base": [
        4.30109977722168,
        -3.2632100582122803,
        -1.7574000358581543
      ],
      "contact_kind": null,
      "contact_links": [],
      "joint_limit_labels": [],
      "rollout_index": 0
    }
  ]
}
Actor MLP: Sequential(
  (0): Linear(in_features=26, out_features=256, bias=True)
  (1): ELU(alpha=1.0)
  (2): Linear(in_features=256, out_features=128, bias=True)
  (3): ELU(alpha=1.0)
  (4): Linear(in_features=128, out_features=64, bias=True)
  (5): ELU(alpha=1.0)
  (6): Linear(in_features=64, out_features=4, bias=True)
)
Critic MLP: Sequential(
  (0): Linear(in_features=26, out_features=256, bias=True)
  (1): ELU(alpha=1.0)
  (2): Linear(in_features=256, out_features=128, bias=True)
  (3): ELU(alpha=1.0)
  (4): Linear(in_features=128, out_features=64, bias=True)
  (5): ELU(alpha=1.0)
  (6): Linear(in_features=64, out_features=1, bias=True)
)
!!!!!!!!!!!!!added lock!!!!!!!!!!!!
{"steps": 125, "done_reason": "success", "final_done_reason": "success", "first_done_step": 125, "first_success_step": 125, "fixed_duration_steps": null, "success": true, "reached_tolerance": true, "final_ee_error_m": 0.04557451233267784, "min_ee_error_m": 0.04557451233267784, "mean_ee_error_m": 1.6381194591522217, "reward_sum": 176.2344207763672, "unsafe_action_rate": 0.0, "min_clearance_m": 0.13348466157913208, "goal_base": [1.3909499645233154, 5.276010036468506, -0.35868000984191895], "contact_kind": null, "contact_links": [], "joint_limit_labels": [], "rollout_index": 0}
{
  "backend": "chrono_arm_reaching",
  "policy_checkpoint": "/home/harry/NeDM/artifacts/rl_runs/arm_reach_adaptivekl005_lr1e4_tol005_ep150_bonus150_sigma015_8d_rom_20260727/model_1499.pt",
  "pre_roll_time_s": 6.0,
  "render": false,
  "save_render_frames": false,
  "frame_output_dir": null,
  "render_steps": 1,
  "consecutive_goals": false,
  "goal_duration_s": null,
  "goal_duration_steps": null,
  "requested_goals": 1,
  "num_rollouts": 1,
  "success_rate": 1.0,
  "reached_tolerance_rate": 1.0,
  "mean_final_ee_error_m": 0.04557451233267784,
  "mean_min_ee_error_m": 0.04557451233267784,
  "rollouts": [
    {
      "steps": 125,
      "done_reason": "success",
      "final_done_reason": "success",
      "first_done_step": 125,
      "first_success_step": 125,
      "fixed_duration_steps": null,
      "success": true,
      "reached_tolerance": true,
      "final_ee_error_m": 0.04557451233267784,
      "min_ee_error_m": 0.04557451233267784,
      "mean_ee_error_m": 1.6381194591522217,
      "reward_sum": 176.2344207763672,
      "unsafe_action_rate": 0.0,
      "min_clearance_m": 0.13348466157913208,
      "goal_base": [
        1.3909499645233154,
        5.276010036468506,
        -0.35868000984191895
      ],
      "contact_kind": null,
      "contact_links": [],
      "joint_limit_labels": [],
      "rollout_index": 0
    }
  ]
}
Actor MLP: Sequential(
  (0): Linear(in_features=26, out_features=256, bias=True)
  (1): ELU(alpha=1.0)
  (2): Linear(in_features=256, out_features=128, bias=True)
  (3): ELU(alpha=1.0)
  (4): Linear(in_features=128, out_features=64, bias=True)
  (5): ELU(alpha=1.0)
  (6): Linear(in_features=64, out_features=4, bias=True)
)
Critic MLP: Sequential(
  (0): Linear(in_features=26, out_features=256, bias=True)
  (1): ELU(alpha=1.0)
  (2): Linear(in_features=256, out_features=128, bias=True)
  (3): ELU(alpha=1.0)
  (4): Linear(in_features=128, out_features=64, bias=True)
  (5): ELU(alpha=1.0)
  (6): Linear(in_features=64, out_features=1, bias=True)
)
!!!!!!!!!!!!!added lock!!!!!!!!!!!!
{"steps": 54, "done_reason": "success", "final_done_reason": "success", "first_done_step": 54, "first_success_step": 54, "fixed_duration_steps": null, "success": true, "reached_tolerance": true, "final_ee_error_m": 0.045801565051078796, "min_ee_error_m": 0.045801565051078796, "mean_ee_error_m": 3.2061915397644043, "reward_sum": 153.8611602783203, "unsafe_action_rate": 0.0, "min_clearance_m": 0.12876266241073608, "goal_base": [1.3843200206756592, 3.8027000427246094, -4.272640228271484], "contact_kind": null, "contact_links": [], "joint_limit_labels": [], "rollout_index": 0}
{
  "backend": "chrono_arm_reaching",
  "policy_checkpoint": "/home/harry/NeDM/artifacts/rl_runs/arm_reach_adaptivekl005_lr1e4_tol005_ep150_bonus150_sigma015_8d_rom_20260727/model_1499.pt",
  "pre_roll_time_s": 6.0,
  "render": false,
  "save_render_frames": false,
  "frame_output_dir": null,
  "render_steps": 1,
  "consecutive_goals": false,
  "goal_duration_s": null,
  "goal_duration_steps": null,
  "requested_goals": 1,
  "num_rollouts": 1,
  "success_rate": 1.0,
  "reached_tolerance_rate": 1.0,
  "mean_final_ee_error_m": 0.045801565051078796,
  "mean_min_ee_error_m": 0.045801565051078796,
  "rollouts": [
    {
      "steps": 54,
      "done_reason": "success",
      "final_done_reason": "success",
      "first_done_step": 54,
      "first_success_step": 54,
      "fixed_duration_steps": null,
      "success": true,
      "reached_tolerance": true,
      "final_ee_error_m": 0.045801565051078796,
      "min_ee_error_m": 0.045801565051078796,
      "mean_ee_error_m": 3.2061915397644043,
      "reward_sum": 153.8611602783203,
      "unsafe_action_rate": 0.0,
      "min_clearance_m": 0.12876266241073608,
      "goal_base": [
        1.3843200206756592,
        3.8027000427246094,
        -4.272640228271484
      ],
      "contact_kind": null,
      "contact_links": [],
      "joint_limit_labels": [],
      "rollout_index": 0
    }
  ]
}
Actor MLP: Sequential(
  (0): Linear(in_features=26, out_features=256, bias=True)
  (1): ELU(alpha=1.0)
  (2): Linear(in_features=256, out_features=128, bias=True)
  (3): ELU(alpha=1.0)
  (4): Linear(in_features=128, out_features=64, bias=True)
  (5): ELU(alpha=1.0)
  (6): Linear(in_features=64, out_features=4, bias=True)
)
Critic MLP: Sequential(
  (0): Linear(in_features=26, out_features=256, bias=True)
  (1): ELU(alpha=1.0)
  (2): Linear(in_features=256, out_features=128, bias=True)
  (3): ELU(alpha=1.0)
  (4): Linear(in_features=128, out_features=64, bias=True)
  (5): ELU(alpha=1.0)
  (6): Linear(in_features=64, out_features=1, bias=True)
)
!!!!!!!!!!!!!added lock!!!!!!!!!!!!
{"steps": 39, "done_reason": "success", "final_done_reason": "success", "first_done_step": 39, "first_success_step": 39, "fixed_duration_steps": null, "success": true, "reached_tolerance": true, "final_ee_error_m": 0.03723454475402832, "min_ee_error_m": 0.03723454475402832, "mean_ee_error_m": 2.318408489227295, "reward_sum": 151.9593963623047, "unsafe_action_rate": 0.0, "min_clearance_m": 0.13003212213516235, "goal_base": [3.939579963684082, 2.6862399578094482, -3.2849199771881104], "contact_kind": null, "contact_links": [], "joint_limit_labels": [], "rollout_index": 0}
{
  "backend": "chrono_arm_reaching",
  "policy_checkpoint": "/home/harry/NeDM/artifacts/rl_runs/arm_reach_adaptivekl005_lr1e4_tol005_ep150_bonus150_sigma015_8d_rom_20260727/model_1499.pt",
  "pre_roll_time_s": 6.0,
  "render": false,
  "save_render_frames": false,
  "frame_output_dir": null,
  "render_steps": 1,
  "consecutive_goals": false,
  "goal_duration_s": null,
  "goal_duration_steps": null,
  "requested_goals": 1,
  "num_rollouts": 1,
  "success_rate": 1.0,
  "reached_tolerance_rate": 1.0,
  "mean_final_ee_error_m": 0.03723454475402832,
  "mean_min_ee_error_m": 0.03723454475402832,
  "rollouts": [
    {
      "steps": 39,
      "done_reason": "success",
      "final_done_reason": "success",
      "first_done_step": 39,
      "first_success_step": 39,
      "fixed_duration_steps": null,
      "success": true,
      "reached_tolerance": true,
      "final_ee_error_m": 0.03723454475402832,
      "min_ee_error_m": 0.03723454475402832,
      "mean_ee_error_m": 2.318408489227295,
      "reward_sum": 151.9593963623047,
      "unsafe_action_rate": 0.0,
      "min_clearance_m": 0.13003212213516235,
      "goal_base": [
        3.939579963684082,
        2.6862399578094482,
        -3.2849199771881104
      ],
      "contact_kind": null,
      "contact_links": [],
      "joint_limit_labels": [],
      "rollout_index": 0
    }
  ]
}
Actor MLP: Sequential(
  (0): Linear(in_features=26, out_features=256, bias=True)
  (1): ELU(alpha=1.0)
  (2): Linear(in_features=256, out_features=128, bias=True)
  (3): ELU(alpha=1.0)
  (4): Linear(in_features=128, out_features=64, bias=True)
  (5): ELU(alpha=1.0)
  (6): Linear(in_features=64, out_features=4, bias=True)
)
Critic MLP: Sequential(
  (0): Linear(in_features=26, out_features=256, bias=True)
  (1): ELU(alpha=1.0)
  (2): Linear(in_features=256, out_features=128, bias=True)
  (3): ELU(alpha=1.0)
  (4): Linear(in_features=128, out_features=64, bias=True)
  (5): ELU(alpha=1.0)
  (6): Linear(in_features=64, out_features=1, bias=True)
)
!!!!!!!!!!!!!added lock!!!!!!!!!!!!
{"steps": 79, "done_reason": "success", "final_done_reason": "success", "first_done_step": 79, "first_success_step": 79, "fixed_duration_steps": null, "success": true, "reached_tolerance": true, "final_ee_error_m": 0.03607402369379997, "min_ee_error_m": 0.03607402369379997, "mean_ee_error_m": 1.1858103275299072, "reward_sum": 166.8937530517578, "unsafe_action_rate": 0.0, "min_clearance_m": 0.13348466157913208, "goal_base": [4.3737101554870605, 3.3364200592041016, -1.1709599494934082], "contact_kind": null, "contact_links": [], "joint_limit_labels": [], "rollout_index": 0}
{
  "backend": "chrono_arm_reaching",
  "policy_checkpoint": "/home/harry/NeDM/artifacts/rl_runs/arm_reach_adaptivekl005_lr1e4_tol005_ep150_bonus150_sigma015_8d_rom_20260727/model_1499.pt",
  "pre_roll_time_s": 6.0,
  "render": false,
  "save_render_frames": false,
  "frame_output_dir": null,
  "render_steps": 1,
  "consecutive_goals": false,
  "goal_duration_s": null,
  "goal_duration_steps": null,
  "requested_goals": 1,
  "num_rollouts": 1,
  "success_rate": 1.0,
  "reached_tolerance_rate": 1.0,
  "mean_final_ee_error_m": 0.03607402369379997,
  "mean_min_ee_error_m": 0.03607402369379997,
  "rollouts": [
    {
      "steps": 79,
      "done_reason": "success",
      "final_done_reason": "success",
      "first_done_step": 79,
      "first_success_step": 79,
      "fixed_duration_steps": null,
      "success": true,
      "reached_tolerance": true,
      "final_ee_error_m": 0.03607402369379997,
      "min_ee_error_m": 0.03607402369379997,
      "mean_ee_error_m": 1.1858103275299072,
      "reward_sum": 166.8937530517578,
      "unsafe_action_rate": 0.0,
      "min_clearance_m": 0.13348466157913208,
      "goal_base": [
        4.3737101554870605,
        3.3364200592041016,
        -1.1709599494934082
      ],
      "contact_kind": null,
      "contact_links": [],
      "joint_limit_labels": [],
      "rollout_index": 0
    }
  ]
}
[benchmark] 100 arm goals, seed=12345, tol=0.05m -> /home/harry/NeDM/artifacts/rl_runs/arm_reach_adaptivekl005_lr1e4_tol005_ep150_bonus150_sigma015_8d_rom_20260727/chrono_reach_benchmark_N100_seed12345
[1/100] goal=(3.03,4.34,-2.00) rc=0 wall=28s
[2/100] goal=(1.16,-3.87,-4.30) rc=0 wall=30s
[3/100] goal=(4.61,-2.90,-1.00) rc=0 wall=29s
[4/100] goal=(4.94,-0.79,-2.77) rc=0 wall=27s
[5/100] goal=(3.25,-1.16,-4.78) rc=0 wall=29s
[6/100] goal=(2.20,4.85,-1.93) rc=0 wall=28s
[7/100] goal=(4.05,-3.08,-2.67) rc=0 wall=27s
[8/100] goal=(3.65,3.97,-1.59) rc=0 wall=28s
[9/100] goal=(5.18,-0.85,-2.20) rc=0 wall=27s
[10/100] goal=(4.88,0.81,-2.92) rc=0 wall=30s
[11/100] goal=(4.99,0.98,-2.62) rc=0 wall=30s
[12/100] goal=(2.94,3.54,-3.66) rc=0 wall=29s
[13/100] goal=(0.72,-5.05,-2.28) rc=0 wall=32s
[14/100] goal=(2.34,4.03,-3.55) rc=0 wall=29s
[15/100] goal=(4.23,-1.27,-3.76) rc=0 wall=30s
[16/100] goal=(3.37,-2.59,-4.06) rc=0 wall=28s
[17/100] goal=(3.67,3.24,-3.11) rc=0 wall=28s
[18/100] goal=(2.40,2.77,-4.63) rc=0 wall=32s
[19/100] goal=(2.86,4.34,-2.43) rc=0 wall=28s
[20/100] goal=(1.77,-4.73,-2.69) rc=0 wall=28s
[21/100] goal=(1.15,-5.21,-2.04) rc=0 wall=30s
[22/100] goal=(4.89,-1.16,-2.90) rc=0 wall=28s
[23/100] goal=(3.75,3.72,-2.12) rc=0 wall=28s
[24/100] goal=(4.75,1.72,-2.72) rc=0 wall=30s
[25/100] goal=(5.09,-0.03,-2.58) rc=0 wall=31s
[26/100] goal=(4.89,2.22,-1.46) rc=0 wall=32s
[27/100] goal=(1.56,-4.26,-3.71) rc=0 wall=28s
[28/100] goal=(2.52,3.43,-3.85) rc=0 wall=37s
[29/100] goal=(0.78,4.89,-2.58) rc=0 wall=37s
[30/100] goal=(3.32,4.41,-0.79) rc=0 wall=31s
[31/100] goal=(3.72,-3.83,-1.94) rc=0 wall=28s
[32/100] goal=(4.45,1.12,-3.63) rc=0 wall=28s
[33/100] goal=(4.61,0.35,-3.49) rc=0 wall=28s
[34/100] goal=(0.85,-4.04,-4.24) rc=0 wall=30s
[35/100] goal=(4.40,1.58,-3.52) rc=0 wall=28s
[36/100] goal=(0.81,5.39,-1.36) rc=0 wall=28s
[37/100] goal=(2.48,4.30,-2.92) rc=0 wall=28s
[38/100] goal=(4.93,-0.64,-2.91) rc=0 wall=26s
[39/100] goal=(4.77,1.07,-3.02) rc=0 wall=30s
[40/100] goal=(1.26,-5.36,-0.84) rc=0 wall=29s
[41/100] goal=(4.34,-1.45,-3.69) rc=0 wall=27s
[42/100] goal=(4.06,3.54,-1.72) rc=0 wall=28s
[43/100] goal=(0.60,-4.61,-3.59) rc=0 wall=28s
[44/100] goal=(3.19,4.15,-2.01) rc=0 wall=30s
[45/100] goal=(2.83,4.63,-1.37) rc=0 wall=28s
[46/100] goal=(2.41,4.35,-2.90) rc=0 wall=28s
[47/100] goal=(1.08,-4.54,-3.45) rc=0 wall=28s
[48/100] goal=(2.86,4.68,-1.17) rc=0 wall=28s
[49/100] goal=(4.84,0.36,-3.11) rc=0 wall=30s
[50/100] goal=(5.13,1.43,-2.08) rc=0 wall=30s
[51/100] goal=(3.58,-3.12,-3.33) rc=0 wall=28s
[52/100] goal=(3.44,-3.42,-3.21) rc=0 wall=28s
[53/100] goal=(1.10,5.07,-2.11) rc=0 wall=34s
[54/100] goal=(3.27,-3.36,-3.45) rc=0 wall=27s
[55/100] goal=(5.14,-1.84,-0.36) rc=0 wall=28s
[56/100] goal=(2.31,3.38,-4.21) rc=0 wall=29s
[57/100] goal=(4.58,0.80,-3.56) rc=0 wall=28s
[58/100] goal=(4.82,-1.56,-2.67) rc=0 wall=28s
[59/100] goal=(5.36,0.66,-1.76) rc=0 wall=30s
[60/100] goal=(0.31,3.76,-4.36) rc=0 wall=36s
[61/100] goal=(4.72,0.63,-3.28) rc=0 wall=28s
[62/100] goal=(5.01,-2.27,-1.07) rc=0 wall=29s
[63/100] goal=(3.12,3.30,-3.69) rc=0 wall=28s
[64/100] goal=(2.38,4.17,-3.34) rc=0 wall=29s
[65/100] goal=(0.48,5.33,-1.83) rc=0 wall=28s
[66/100] goal=(1.77,-3.65,-4.22) rc=0 wall=31s
[67/100] goal=(0.53,4.07,-4.20) rc=0 wall=30s
[68/100] goal=(1.77,4.71,-2.74) rc=0 wall=29s
[69/100] goal=(2.04,-5.03,-0.87) rc=0 wall=28s
[70/100] goal=(2.79,4.08,-3.01) rc=0 wall=28s
[71/100] goal=(4.82,0.48,-3.27) rc=0 wall=30s
[72/100] goal=(5.38,-1.22,-0.75) rc=0 wall=28s
[73/100] goal=(1.32,3.96,-4.08) rc=0 wall=30s
[74/100] goal=(4.54,2.88,-0.75) rc=0 wall=30s
[75/100] goal=(2.17,-4.80,-2.28) rc=0 wall=29s
[76/100] goal=(5.26,-0.83,-2.05) rc=0 wall=27s
[77/100] goal=(0.38,-4.60,-3.57) rc=0 wall=28s
[78/100] goal=(0.59,-5.19,-2.25) rc=0 wall=28s
[79/100] goal=(1.98,3.87,-3.99) rc=0 wall=28s
[80/100] goal=(2.33,4.86,-1.80) rc=0 wall=28s
[81/100] goal=(4.96,0.37,-2.73) rc=0 wall=29s
[82/100] goal=(3.47,-4.17,-1.55) rc=0 wall=28s
[83/100] goal=(2.22,3.79,-3.92) rc=0 wall=28s
[84/100] goal=(0.73,-5.40,-1.51) rc=0 wall=29s
[85/100] goal=(2.54,-4.56,-2.34) rc=0 wall=27s
[86/100] goal=(3.13,-4.48,-1.22) rc=0 wall=29s
[87/100] goal=(5.32,0.57,-1.75) rc=0 wall=30s
[88/100] goal=(5.05,-0.41,-2.75) rc=0 wall=28s
[89/100] goal=(2.23,-4.14,-3.22) rc=0 wall=32s
[90/100] goal=(1.48,-4.54,-3.37) rc=0 wall=29s
[91/100] goal=(4.80,-0.34,-3.26) rc=0 wall=28s
[92/100] goal=(3.01,4.48,-1.40) rc=0 wall=29s
[93/100] goal=(5.03,-2.18,-1.14) rc=0 wall=28s
[94/100] goal=(4.97,-0.04,-2.86) rc=0 wall=28s
[95/100] goal=(2.56,-4.12,-3.07) rc=0 wall=28s
[96/100] goal=(4.30,-3.26,-1.76) rc=0 wall=29s
[97/100] goal=(1.39,5.28,-0.36) rc=0 wall=34s
[98/100] goal=(1.38,3.80,-4.27) rc=0 wall=29s
[99/100] goal=(3.94,2.69,-3.28) rc=0 wall=28s
[100/100] goal=(4.37,3.34,-1.17) rc=0 wall=31s
[plot] -> /home/harry/NeDM/artifacts/rl_runs/arm_reach_adaptivekl005_lr1e4_tol005_ep150_bonus150_sigma015_8d_rom_20260727/chrono_reach_benchmark_N100_seed12345/benchmark_trajectories.png

[benchmark] success 97/100 = 97%  median_min_err=0.04174225218594074  worst_min_err=0.10935947299003601  failures={'timeout': 3}
[benchmark] -> /home/harry/NeDM/artifacts/rl_runs/arm_reach_adaptivekl005_lr1e4_tol005_ep150_bonus150_sigma015_8d_rom_20260727/chrono_reach_benchmark_N100_seed12345/summary.json
