[benchmark] 100 arm goals, seed=12345, tol=0.05m -> /home/harry/NeDM/artifacts/rl_runs_arm_goal_reach/arm_reach_adaptivekl005_lr1e4_tol005_ep150_bonus150_sigma015_rollsel_rom_20260721/chrono_reach_benchmark_N100_seed12345
Actor MLP: Sequential(
  (0): Linear(in_features=26, out_features=256, bias=True)
  (1): ELU(alpha=1.0)
  (2): Linear(in_features=256, out_features=128, bias=True)
  (3): ELU(alpha=1.0)
  (4): Linear(in_features=128, out_features=64, bias=True)
  (5): ELU(alpha=1.0)
  (6): Linear(in_features=64, out_features=4, bias=True)
)
Critic MLP: Sequential(
  (0): Linear(in_features=26, out_features=256, bias=True)
  (1): ELU(alpha=1.0)
  (2): Linear(in_features=256, out_features=128, bias=True)
  (3): ELU(alpha=1.0)
  (4): Linear(in_features=128, out_features=64, bias=True)
  (5): ELU(alpha=1.0)
  (6): Linear(in_features=64, out_features=1, bias=True)
)
!!!!!!!!!!!!!added lock!!!!!!!!!!!!
{"steps": 38, "done_reason": "success", "final_done_reason": "success", "first_done_step": 38, "first_success_step": 38, "fixed_duration_steps": null, "success": true, "reached_tolerance": true, "final_ee_error_m": 0.03356071189045906, "min_ee_error_m": 0.03356071189045906, "mean_ee_error_m": 3.164870500564575, "reward_sum": 151.6284637451172, "unsafe_action_rate": 0.0, "min_clearance_m": 0.13028544187545776, "goal_base": [3.033780097961426, 4.339529991149902, -1.9987499713897705], "contact_kind": null, "contact_links": [], "joint_limit_labels": [], "rollout_index": 0}
{
  "backend": "chrono_arm_reaching",
  "policy_checkpoint": "/home/harry/NeDM/artifacts/rl_runs_arm_goal_reach/arm_reach_adaptivekl005_lr1e4_tol005_ep150_bonus150_sigma015_rollsel_rom_20260721/model_1499.pt",
  "pre_roll_time_s": 6.0,
  "render": false,
  "save_render_frames": false,
  "frame_output_dir": null,
  "render_steps": 1,
  "consecutive_goals": false,
  "goal_duration_s": null,
  "goal_duration_steps": null,
  "requested_goals": 1,
  "num_rollouts": 1,
  "success_rate": 1.0,
  "reached_tolerance_rate": 1.0,
  "mean_final_ee_error_m": 0.03356071189045906,
  "mean_min_ee_error_m": 0.03356071189045906,
  "rollouts": [
    {
      "steps": 38,
      "done_reason": "success",
      "final_done_reason": "success",
      "first_done_step": 38,
      "first_success_step": 38,
      "fixed_duration_steps": null,
      "success": true,
      "reached_tolerance": true,
      "final_ee_error_m": 0.03356071189045906,
      "min_ee_error_m": 0.03356071189045906,
      "mean_ee_error_m": 3.164870500564575,
      "reward_sum": 151.6284637451172,
      "unsafe_action_rate": 0.0,
      "min_clearance_m": 0.13028544187545776,
      "goal_base": [
        3.033780097961426,
        4.339529991149902,
        -1.9987499713897705
      ],
      "contact_kind": null,
      "contact_links": [],
      "joint_limit_labels": [],
      "rollout_index": 0
    }
  ]
}
[1/100] goal=(3.03,4.34,-2.00) rc=0 wall=28s
Actor MLP: Sequential(
  (0): Linear(in_features=26, out_features=256, bias=True)
  (1): ELU(alpha=1.0)
  (2): Linear(in_features=256, out_features=128, bias=True)
  (3): ELU(alpha=1.0)
  (4): Linear(in_features=128, out_features=64, bias=True)
  (5): ELU(alpha=1.0)
  (6): Linear(in_features=64, out_features=4, bias=True)
)
Critic MLP: Sequential(
  (0): Linear(in_features=26, out_features=256, bias=True)
  (1): ELU(alpha=1.0)
  (2): Linear(in_features=256, out_features=128, bias=True)
  (3): ELU(alpha=1.0)
  (4): Linear(in_features=128, out_features=64, bias=True)
  (5): ELU(alpha=1.0)
  (6): Linear(in_features=64, out_features=1, bias=True)
)
!!!!!!!!!!!!!added lock!!!!!!!!!!!!
{"steps": 39, "done_reason": "success", "final_done_reason": "success", "first_done_step": 39, "first_success_step": 39, "fixed_duration_steps": null, "success": true, "reached_tolerance": true, "final_ee_error_m": 0.04271518439054489, "min_ee_error_m": 0.04271518439054489, "mean_ee_error_m": 3.6803009510040283, "reward_sum": 151.72845458984375, "unsafe_action_rate": 0.0, "min_clearance_m": 0.1284845471382141, "goal_base": [1.1602200269699097, -3.8734800815582275, -4.300270080566406], "contact_kind": null, "contact_links": [], "joint_limit_labels": [], "rollout_index": 0}
{
  "backend": "chrono_arm_reaching",
  "policy_checkpoint": "/home/harry/NeDM/artifacts/rl_runs_arm_goal_reach/arm_reach_adaptivekl005_lr1e4_tol005_ep150_bonus150_sigma015_rollsel_rom_20260721/model_1499.pt",
  "pre_roll_time_s": 6.0,
  "render": false,
  "save_render_frames": false,
  "frame_output_dir": null,
  "render_steps": 1,
  "consecutive_goals": false,
  "goal_duration_s": null,
  "goal_duration_steps": null,
  "requested_goals": 1,
  "num_rollouts": 1,
  "success_rate": 1.0,
  "reached_tolerance_rate": 1.0,
  "mean_final_ee_error_m": 0.04271518439054489,
  "mean_min_ee_error_m": 0.04271518439054489,
  "rollouts": [
    {
      "steps": 39,
      "done_reason": "success",
      "final_done_reason": "success",
      "first_done_step": 39,
      "first_success_step": 39,
      "fixed_duration_steps": null,
      "success": true,
      "reached_tolerance": true,
      "final_ee_error_m": 0.04271518439054489,
      "min_ee_error_m": 0.04271518439054489,
      "mean_ee_error_m": 3.6803009510040283,
      "reward_sum": 151.72845458984375,
      "unsafe_action_rate": 0.0,
      "min_clearance_m": 0.1284845471382141,
      "goal_base": [
        1.1602200269699097,
        -3.8734800815582275,
        -4.300270080566406
      ],
      "contact_kind": null,
      "contact_links": [],
      "joint_limit_labels": [],
      "rollout_index": 0
    }
  ]
}
[2/100] goal=(1.16,-3.87,-4.30) rc=0 wall=28s
Actor MLP: Sequential(
  (0): Linear(in_features=26, out_features=256, bias=True)
  (1): ELU(alpha=1.0)
  (2): Linear(in_features=256, out_features=128, bias=True)
  (3): ELU(alpha=1.0)
  (4): Linear(in_features=128, out_features=64, bias=True)
  (5): ELU(alpha=1.0)
  (6): Linear(in_features=64, out_features=4, bias=True)
)
Critic MLP: Sequential(
  (0): Linear(in_features=26, out_features=256, bias=True)
  (1): ELU(alpha=1.0)
  (2): Linear(in_features=256, out_features=128, bias=True)
  (3): ELU(alpha=1.0)
  (4): Linear(in_features=128, out_features=64, bias=True)
  (5): ELU(alpha=1.0)
  (6): Linear(in_features=64, out_features=1, bias=True)
)
!!!!!!!!!!!!!added lock!!!!!!!!!!!!
{"steps": 110, "done_reason": "success", "final_done_reason": "success", "first_done_step": 110, "first_success_step": 110, "fixed_duration_steps": null, "success": true, "reached_tolerance": true, "final_ee_error_m": 0.049528054893016815, "min_ee_error_m": 0.049528054893016815, "mean_ee_error_m": 0.6642591953277588, "reward_sum": 184.11135864257812, "unsafe_action_rate": 0.0, "min_clearance_m": 0.13348466157913208, "goal_base": [4.614230155944824, -2.8972599506378174, -1.0023399591445923], "contact_kind": null, "contact_links": [], "joint_limit_labels": [], "rollout_index": 0}
{
  "backend": "chrono_arm_reaching",
  "policy_checkpoint": "/home/harry/NeDM/artifacts/rl_runs_arm_goal_reach/arm_reach_adaptivekl005_lr1e4_tol005_ep150_bonus150_sigma015_rollsel_rom_20260721/model_1499.pt",
  "pre_roll_time_s": 6.0,
  "render": false,
  "save_render_frames": false,
  "frame_output_dir": null,
  "render_steps": 1,
  "consecutive_goals": false,
  "goal_duration_s": null,
  "goal_duration_steps": null,
  "requested_goals": 1,
  "num_rollouts": 1,
  "success_rate": 1.0,
  "reached_tolerance_rate": 1.0,
  "mean_final_ee_error_m": 0.049528054893016815,
  "mean_min_ee_error_m": 0.049528054893016815,
  "rollouts": [
    {
      "steps": 110,
      "done_reason": "success",
      "final_done_reason": "success",
      "first_done_step": 110,
      "first_success_step": 110,
      "fixed_duration_steps": null,
      "success": true,
      "reached_tolerance": true,
      "final_ee_error_m": 0.049528054893016815,
      "min_ee_error_m": 0.049528054893016815,
      "mean_ee_error_m": 0.6642591953277588,
      "reward_sum": 184.11135864257812,
      "unsafe_action_rate": 0.0,
      "min_clearance_m": 0.13348466157913208,
      "goal_base": [
        4.614230155944824,
        -2.8972599506378174,
        -1.0023399591445923
      ],
      "contact_kind": null,
      "contact_links": [],
      "joint_limit_labels": [],
      "rollout_index": 0
    }
  ]
}
[3/100] goal=(4.61,-2.90,-1.00) rc=0 wall=33s
Actor MLP: Sequential(
  (0): Linear(in_features=26, out_features=256, bias=True)
  (1): ELU(alpha=1.0)
  (2): Linear(in_features=256, out_features=128, bias=True)
  (3): ELU(alpha=1.0)
  (4): Linear(in_features=128, out_features=64, bias=True)
  (5): ELU(alpha=1.0)
  (6): Linear(in_features=64, out_features=4, bias=True)
)
Critic MLP: Sequential(
  (0): Linear(in_features=26, out_features=256, bias=True)
  (1): ELU(alpha=1.0)
  (2): Linear(in_features=256, out_features=128, bias=True)
  (3): ELU(alpha=1.0)
  (4): Linear(in_features=128, out_features=64, bias=True)
  (5): ELU(alpha=1.0)
  (6): Linear(in_features=64, out_features=1, bias=True)
)
!!!!!!!!!!!!!added lock!!!!!!!!!!!!
{"steps": 42, "done_reason": "success", "final_done_reason": "success", "first_done_step": 42, "first_success_step": 42, "fixed_duration_steps": null, "success": true, "reached_tolerance": true, "final_ee_error_m": 0.047417573630809784, "min_ee_error_m": 0.047417573630809784, "mean_ee_error_m": 0.7317681312561035, "reward_sum": 157.70924377441406, "unsafe_action_rate": 0.0, "min_clearance_m": 0.12893587350845337, "goal_base": [4.941889762878418, -0.7850199937820435, -2.766550064086914], "contact_kind": null, "contact_links": [], "joint_limit_labels": [], "rollout_index": 0}
{
  "backend": "chrono_arm_reaching",
  "policy_checkpoint": "/home/harry/NeDM/artifacts/rl_runs_arm_goal_reach/arm_reach_adaptivekl005_lr1e4_tol005_ep150_bonus150_sigma015_rollsel_rom_20260721/model_1499.pt",
  "pre_roll_time_s": 6.0,
  "render": false,
  "save_render_frames": false,
  "frame_output_dir": null,
  "render_steps": 1,
  "consecutive_goals": false,
  "goal_duration_s": null,
  "goal_duration_steps": null,
  "requested_goals": 1,
  "num_rollouts": 1,
  "success_rate": 1.0,
  "reached_tolerance_rate": 1.0,
  "mean_final_ee_error_m": 0.047417573630809784,
  "mean_min_ee_error_m": 0.047417573630809784,
  "rollouts": [
    {
      "steps": 42,
      "done_reason": "success",
      "final_done_reason": "success",
      "first_done_step": 42,
      "first_success_step": 42,
      "fixed_duration_steps": null,
      "success": true,
      "reached_tolerance": true,
      "final_ee_error_m": 0.047417573630809784,
      "min_ee_error_m": 0.047417573630809784,
      "mean_ee_error_m": 0.7317681312561035,
      "reward_sum": 157.70924377441406,
      "unsafe_action_rate": 0.0,
      "min_clearance_m": 0.12893587350845337,
      "goal_base": [
        4.941889762878418,
        -0.7850199937820435,
        -2.766550064086914
      ],
      "contact_kind": null,
      "contact_links": [],
      "joint_limit_labels": [],
      "rollout_index": 0
    }
  ]
}
[4/100] goal=(4.94,-0.79,-2.77) rc=0 wall=28s
Actor MLP: Sequential(
  (0): Linear(in_features=26, out_features=256, bias=True)
  (1): ELU(alpha=1.0)
  (2): Linear(in_features=256, out_features=128, bias=True)
  (3): ELU(alpha=1.0)
  (4): Linear(in_features=128, out_features=64, bias=True)
  (5): ELU(alpha=1.0)
  (6): Linear(in_features=64, out_features=4, bias=True)
)
Critic MLP: Sequential(
  (0): Linear(in_features=26, out_features=256, bias=True)
  (1): ELU(alpha=1.0)
  (2): Linear(in_features=256, out_features=128, bias=True)
  (3): ELU(alpha=1.0)
  (4): Linear(in_features=128, out_features=64, bias=True)
  (5): ELU(alpha=1.0)
  (6): Linear(in_features=64, out_features=1, bias=True)
)
!!!!!!!!!!!!!added lock!!!!!!!!!!!!
{"steps": 60, "done_reason": "success", "final_done_reason": "success", "first_done_step": 60, "first_success_step": 60, "fixed_duration_steps": null, "success": true, "reached_tolerance": true, "final_ee_error_m": 0.029513169080018997, "min_ee_error_m": 0.029513169080018997, "mean_ee_error_m": 1.2899034023284912, "reward_sum": 159.0074462890625, "unsafe_action_rate": 0.0, "min_clearance_m": 0.12844747304916382, "goal_base": [3.245270013809204, -1.1613500118255615, -4.783160209655762], "contact_kind": null, "contact_links": [], "joint_limit_labels": [], "rollout_index": 0}
{
  "backend": "chrono_arm_reaching",
  "policy_checkpoint": "/home/harry/NeDM/artifacts/rl_runs_arm_goal_reach/arm_reach_adaptivekl005_lr1e4_tol005_ep150_bonus150_sigma015_rollsel_rom_20260721/model_1499.pt",
  "pre_roll_time_s": 6.0,
  "render": false,
  "save_render_frames": false,
  "frame_output_dir": null,
  "render_steps": 1,
  "consecutive_goals": false,
  "goal_duration_s": null,
  "goal_duration_steps": null,
  "requested_goals": 1,
  "num_rollouts": 1,
  "success_rate": 1.0,
  "reached_tolerance_rate": 1.0,
  "mean_final_ee_error_m": 0.029513169080018997,
  "mean_min_ee_error_m": 0.029513169080018997,
  "rollouts": [
    {
      "steps": 60,
      "done_reason": "success",
      "final_done_reason": "success",
      "first_done_step": 60,
      "first_success_step": 60,
      "fixed_duration_steps": null,
      "success": true,
      "reached_tolerance": true,
      "final_ee_error_m": 0.029513169080018997,
      "min_ee_error_m": 0.029513169080018997,
      "mean_ee_error_m": 1.2899034023284912,
      "reward_sum": 159.0074462890625,
      "unsafe_action_rate": 0.0,
      "min_clearance_m": 0.12844747304916382,
      "goal_base": [
        3.245270013809204,
        -1.1613500118255615,
        -4.783160209655762
      ],
      "contact_kind": null,
      "contact_links": [],
      "joint_limit_labels": [],
      "rollout_index": 0
    }
  ]
}
[5/100] goal=(3.25,-1.16,-4.78) rc=0 wall=29s
Actor MLP: Sequential(
  (0): Linear(in_features=26, out_features=256, bias=True)
  (1): ELU(alpha=1.0)
  (2): Linear(in_features=256, out_features=128, bias=True)
  (3): ELU(alpha=1.0)
  (4): Linear(in_features=128, out_features=64, bias=True)
  (5): ELU(alpha=1.0)
  (6): Linear(in_features=64, out_features=4, bias=True)
)
Critic MLP: Sequential(
  (0): Linear(in_features=26, out_features=256, bias=True)
  (1): ELU(alpha=1.0)
  (2): Linear(in_features=256, out_features=128, bias=True)
  (3): ELU(alpha=1.0)
  (4): Linear(in_features=128, out_features=64, bias=True)
  (5): ELU(alpha=1.0)
  (6): Linear(in_features=64, out_features=1, bias=True)
)
!!!!!!!!!!!!!added lock!!!!!!!!!!!!
{"steps": 39, "done_reason": "success", "final_done_reason": "success", "first_done_step": 39, "first_success_step": 39, "fixed_duration_steps": null, "success": true, "reached_tolerance": true, "final_ee_error_m": 0.03250301629304886, "min_ee_error_m": 0.03250301629304886, "mean_ee_error_m": 3.8040003776550293, "reward_sum": 151.29812622070312, "unsafe_action_rate": 0.0, "min_clearance_m": 0.13065916299819946, "goal_base": [2.2004499435424805, 4.849890232086182, -1.9324400424957275], "contact_kind": null, "contact_links": [], "joint_limit_labels": [], "rollout_index": 0}
{
  "backend": "chrono_arm_reaching",
  "policy_checkpoint": "/home/harry/NeDM/artifacts/rl_runs_arm_goal_reach/arm_reach_adaptivekl005_lr1e4_tol005_ep150_bonus150_sigma015_rollsel_rom_20260721/model_1499.pt",
  "pre_roll_time_s": 6.0,
  "render": false,
  "save_render_frames": false,
  "frame_output_dir": null,
  "render_steps": 1,
  "consecutive_goals": false,
  "goal_duration_s": null,
  "goal_duration_steps": null,
  "requested_goals": 1,
  "num_rollouts": 1,
  "success_rate": 1.0,
  "reached_tolerance_rate": 1.0,
  "mean_final_ee_error_m": 0.03250301629304886,
  "mean_min_ee_error_m": 0.03250301629304886,
  "rollouts": [
    {
      "steps": 39,
      "done_reason": "success",
      "final_done_reason": "success",
      "first_done_step": 39,
      "first_success_step": 39,
      "fixed_duration_steps": null,
      "success": true,
      "reached_tolerance": true,
      "final_ee_error_m": 0.03250301629304886,
      "min_ee_error_m": 0.03250301629304886,
      "mean_ee_error_m": 3.8040003776550293,
      "reward_sum": 151.29812622070312,
      "unsafe_action_rate": 0.0,
      "min_clearance_m": 0.13065916299819946,
      "goal_base": [
        2.2004499435424805,
        4.849890232086182,
        -1.9324400424957275
      ],
      "contact_kind": null,
      "contact_links": [],
      "joint_limit_labels": [],
      "rollout_index": 0
    }
  ]
}
[6/100] goal=(2.20,4.85,-1.93) rc=0 wall=28s
Actor MLP: Sequential(
  (0): Linear(in_features=26, out_features=256, bias=True)
  (1): ELU(alpha=1.0)
  (2): Linear(in_features=256, out_features=128, bias=True)
  (3): ELU(alpha=1.0)
  (4): Linear(in_features=128, out_features=64, bias=True)
  (5): ELU(alpha=1.0)
  (6): Linear(in_features=64, out_features=4, bias=True)
)
Critic MLP: Sequential(
  (0): Linear(in_features=26, out_features=256, bias=True)
  (1): ELU(alpha=1.0)
  (2): Linear(in_features=256, out_features=128, bias=True)
  (3): ELU(alpha=1.0)
  (4): Linear(in_features=128, out_features=64, bias=True)
  (5): ELU(alpha=1.0)
  (6): Linear(in_features=64, out_features=1, bias=True)
)
!!!!!!!!!!!!!added lock!!!!!!!!!!!!
{"steps": 34, "done_reason": "success", "final_done_reason": "success", "first_done_step": 34, "first_success_step": 34, "fixed_duration_steps": null, "success": true, "reached_tolerance": true, "final_ee_error_m": 0.02587064728140831, "min_ee_error_m": 0.02587064728140831, "mean_ee_error_m": 2.1624033451080322, "reward_sum": 152.36134338378906, "unsafe_action_rate": 0.0, "min_clearance_m": 0.1290767788887024, "goal_base": [4.048449993133545, -3.0839600563049316, -2.6731600761413574], "contact_kind": null, "contact_links": [], "joint_limit_labels": [], "rollout_index": 0}
{
  "backend": "chrono_arm_reaching",
  "policy_checkpoint": "/home/harry/NeDM/artifacts/rl_runs_arm_goal_reach/arm_reach_adaptivekl005_lr1e4_tol005_ep150_bonus150_sigma015_rollsel_rom_20260721/model_1499.pt",
  "pre_roll_time_s": 6.0,
  "render": false,
  "save_render_frames": false,
  "frame_output_dir": null,
  "render_steps": 1,
  "consecutive_goals": false,
  "goal_duration_s": null,
  "goal_duration_steps": null,
  "requested_goals": 1,
  "num_rollouts": 1,
  "success_rate": 1.0,
  "reached_tolerance_rate": 1.0,
  "mean_final_ee_error_m": 0.02587064728140831,
  "mean_min_ee_error_m": 0.02587064728140831,
  "rollouts": [
    {
      "steps": 34,
      "done_reason": "success",
      "final_done_reason": "success",
      "first_done_step": 34,
      "first_success_step": 34,
      "fixed_duration_steps": null,
      "success": true,
      "reached_tolerance": true,
      "final_ee_error_m": 0.02587064728140831,
      "min_ee_error_m": 0.02587064728140831,
      "mean_ee_error_m": 2.1624033451080322,
      "reward_sum": 152.36134338378906,
      "unsafe_action_rate": 0.0,
      "min_clearance_m": 0.1290767788887024,
      "goal_base": [
        4.048449993133545,
        -3.0839600563049316,
        -2.6731600761413574
      ],
      "contact_kind": null,
      "contact_links": [],
      "joint_limit_labels": [],
      "rollout_index": 0
    }
  ]
}
[7/100] goal=(4.05,-3.08,-2.67) rc=0 wall=27s
Actor MLP: Sequential(
  (0): Linear(in_features=26, out_features=256, bias=True)
  (1): ELU(alpha=1.0)
  (2): Linear(in_features=256, out_features=128, bias=True)
  (3): ELU(alpha=1.0)
  (4): Linear(in_features=128, out_features=64, bias=True)
  (5): ELU(alpha=1.0)
  (6): Linear(in_features=64, out_features=4, bias=True)
)
Critic MLP: Sequential(
  (0): Linear(in_features=26, out_features=256, bias=True)
  (1): ELU(alpha=1.0)
  (2): Linear(in_features=256, out_features=128, bias=True)
  (3): ELU(alpha=1.0)
  (4): Linear(in_features=128, out_features=64, bias=True)
  (5): ELU(alpha=1.0)
  (6): Linear(in_features=64, out_features=1, bias=True)
)
!!!!!!!!!!!!!added lock!!!!!!!!!!!!
{"steps": 39, "done_reason": "success", "final_done_reason": "success", "first_done_step": 39, "first_success_step": 39, "fixed_duration_steps": null, "success": true, "reached_tolerance": true, "final_ee_error_m": 0.04412297531962395, "min_ee_error_m": 0.04412297531962395, "mean_ee_error_m": 2.619183301925659, "reward_sum": 152.46206665039062, "unsafe_action_rate": 0.0, "min_clearance_m": 0.13227850198745728, "goal_base": [3.647160053253174, 3.9679200649261475, -1.588189959526062], "contact_kind": null, "contact_links": [], "joint_limit_labels": [], "rollout_index": 0}
{
  "backend": "chrono_arm_reaching",
  "policy_checkpoint": "/home/harry/NeDM/artifacts/rl_runs_arm_goal_reach/arm_reach_adaptivekl005_lr1e4_tol005_ep150_bonus150_sigma015_rollsel_rom_20260721/model_1499.pt",
  "pre_roll_time_s": 6.0,
  "render": false,
  "save_render_frames": false,
  "frame_output_dir": null,
  "render_steps": 1,
  "consecutive_goals": false,
  "goal_duration_s": null,
  "goal_duration_steps": null,
  "requested_goals": 1,
  "num_rollouts": 1,
  "success_rate": 1.0,
  "reached_tolerance_rate": 1.0,
  "mean_final_ee_error_m": 0.04412297531962395,
  "mean_min_ee_error_m": 0.04412297531962395,
  "rollouts": [
    {
      "steps": 39,
      "done_reason": "success",
      "final_done_reason": "success",
      "first_done_step": 39,
      "first_success_step": 39,
      "fixed_duration_steps": null,
      "success": true,
      "reached_tolerance": true,
      "final_ee_error_m": 0.04412297531962395,
      "min_ee_error_m": 0.04412297531962395,
      "mean_ee_error_m": 2.619183301925659,
      "reward_sum": 152.46206665039062,
      "unsafe_action_rate": 0.0,
      "min_clearance_m": 0.13227850198745728,
      "goal_base": [
        3.647160053253174,
        3.9679200649261475,
        -1.588189959526062
      ],
      "contact_kind": null,
      "contact_links": [],
      "joint_limit_labels": [],
      "rollout_index": 0
    }
  ]
}
[8/100] goal=(3.65,3.97,-1.59) rc=0 wall=27s
Actor MLP: Sequential(
  (0): Linear(in_features=26, out_features=256, bias=True)
  (1): ELU(alpha=1.0)
  (2): Linear(in_features=256, out_features=128, bias=True)
  (3): ELU(alpha=1.0)
  (4): Linear(in_features=128, out_features=64, bias=True)
  (5): ELU(alpha=1.0)
  (6): Linear(in_features=64, out_features=4, bias=True)
)
Critic MLP: Sequential(
  (0): Linear(in_features=26, out_features=256, bias=True)
  (1): ELU(alpha=1.0)
  (2): Linear(in_features=256, out_features=128, bias=True)
  (3): ELU(alpha=1.0)
  (4): Linear(in_features=128, out_features=64, bias=True)
  (5): ELU(alpha=1.0)
  (6): Linear(in_features=64, out_features=1, bias=True)
)
!!!!!!!!!!!!!added lock!!!!!!!!!!!!
{"steps": 29, "done_reason": "success", "final_done_reason": "success", "first_done_step": 29, "first_success_step": 29, "fixed_duration_steps": null, "success": true, "reached_tolerance": true, "final_ee_error_m": 0.04812754690647125, "min_ee_error_m": 0.04812754690647125, "mean_ee_error_m": 0.7575942277908325, "reward_sum": 155.7139892578125, "unsafe_action_rate": 0.0, "min_clearance_m": 0.13005763292312622, "goal_base": [5.175220012664795, -0.8543400168418884, -2.1999599933624268], "contact_kind": null, "contact_links": [], "joint_limit_labels": [], "rollout_index": 0}
{
  "backend": "chrono_arm_reaching",
  "policy_checkpoint": "/home/harry/NeDM/artifacts/rl_runs_arm_goal_reach/arm_reach_adaptivekl005_lr1e4_tol005_ep150_bonus150_sigma015_rollsel_rom_20260721/model_1499.pt",
  "pre_roll_time_s": 6.0,
  "render": false,
  "save_render_frames": false,
  "frame_output_dir": null,
  "render_steps": 1,
  "consecutive_goals": false,
  "goal_duration_s": null,
  "goal_duration_steps": null,
  "requested_goals": 1,
  "num_rollouts": 1,
  "success_rate": 1.0,
  "reached_tolerance_rate": 1.0,
  "mean_final_ee_error_m": 0.04812754690647125,
  "mean_min_ee_error_m": 0.04812754690647125,
  "rollouts": [
    {
      "steps": 29,
      "done_reason": "success",
      "final_done_reason": "success",
      "first_done_step": 29,
      "first_success_step": 29,
      "fixed_duration_steps": null,
      "success": true,
      "reached_tolerance": true,
      "final_ee_error_m": 0.04812754690647125,
      "min_ee_error_m": 0.04812754690647125,
      "mean_ee_error_m": 0.7575942277908325,
      "reward_sum": 155.7139892578125,
      "unsafe_action_rate": 0.0,
      "min_clearance_m": 0.13005763292312622,
      "goal_base": [
        5.175220012664795,
        -0.8543400168418884,
        -2.1999599933624268
      ],
      "contact_kind": null,
      "contact_links": [],
      "joint_limit_labels": [],
      "rollout_index": 0
    }
  ]
}
[9/100] goal=(5.18,-0.85,-2.20) rc=0 wall=27s
Actor MLP: Sequential(
  (0): Linear(in_features=26, out_features=256, bias=True)
  (1): ELU(alpha=1.0)
  (2): Linear(in_features=256, out_features=128, bias=True)
  (3): ELU(alpha=1.0)
  (4): Linear(in_features=128, out_features=64, bias=True)
  (5): ELU(alpha=1.0)
  (6): Linear(in_features=64, out_features=4, bias=True)
)
Critic MLP: Sequential(
  (0): Linear(in_features=26, out_features=256, bias=True)
  (1): ELU(alpha=1.0)
  (2): Linear(in_features=256, out_features=128, bias=True)
  (3): ELU(alpha=1.0)
  (4): Linear(in_features=128, out_features=64, bias=True)
  (5): ELU(alpha=1.0)
  (6): Linear(in_features=64, out_features=1, bias=True)
)
!!!!!!!!!!!!!added lock!!!!!!!!!!!!
{"steps": 36, "done_reason": "success", "final_done_reason": "success", "first_done_step": 36, "first_success_step": 36, "fixed_duration_steps": null, "success": true, "reached_tolerance": true, "final_ee_error_m": 0.04745189845561981, "min_ee_error_m": 0.04745189845561981, "mean_ee_error_m": 0.9921705722808838, "reward_sum": 155.94549560546875, "unsafe_action_rate": 0.0, "min_clearance_m": 0.12879306077957153, "goal_base": [4.8832597732543945, 0.8141199946403503, -2.9161601066589355], "contact_kind": null, "contact_links": [], "joint_limit_labels": [], "rollout_index": 0}
{
  "backend": "chrono_arm_reaching",
  "policy_checkpoint": "/home/harry/NeDM/artifacts/rl_runs_arm_goal_reach/arm_reach_adaptivekl005_lr1e4_tol005_ep150_bonus150_sigma015_rollsel_rom_20260721/model_1499.pt",
  "pre_roll_time_s": 6.0,
  "render": false,
  "save_render_frames": false,
  "frame_output_dir": null,
  "render_steps": 1,
  "consecutive_goals": false,
  "goal_duration_s": null,
  "goal_duration_steps": null,
  "requested_goals": 1,
  "num_rollouts": 1,
  "success_rate": 1.0,
  "reached_tolerance_rate": 1.0,
  "mean_final_ee_error_m": 0.04745189845561981,
  "mean_min_ee_error_m": 0.04745189845561981,
  "rollouts": [
    {
      "steps": 36,
      "done_reason": "success",
      "final_done_reason": "success",
      "first_done_step": 36,
      "first_success_step": 36,
      "fixed_duration_steps": null,
      "success": true,
      "reached_tolerance": true,
      "final_ee_error_m": 0.04745189845561981,
      "min_ee_error_m": 0.04745189845561981,
      "mean_ee_error_m": 0.9921705722808838,
      "reward_sum": 155.94549560546875,
      "unsafe_action_rate": 0.0,
      "min_clearance_m": 0.12879306077957153,
      "goal_base": [
        4.8832597732543945,
        0.8141199946403503,
        -2.9161601066589355
      ],
      "contact_kind": null,
      "contact_links": [],
      "joint_limit_labels": [],
      "rollout_index": 0
    }
  ]
}
[10/100] goal=(4.88,0.81,-2.92) rc=0 wall=27s
Actor MLP: Sequential(
  (0): Linear(in_features=26, out_features=256, bias=True)
  (1): ELU(alpha=1.0)
  (2): Linear(in_features=256, out_features=128, bias=True)
  (3): ELU(alpha=1.0)
  (4): Linear(in_features=128, out_features=64, bias=True)
  (5): ELU(alpha=1.0)
  (6): Linear(in_features=64, out_features=4, bias=True)
)
Critic MLP: Sequential(
  (0): Linear(in_features=26, out_features=256, bias=True)
  (1): ELU(alpha=1.0)
  (2): Linear(in_features=256, out_features=128, bias=True)
  (3): ELU(alpha=1.0)
  (4): Linear(in_features=128, out_features=64, bias=True)
  (5): ELU(alpha=1.0)
  (6): Linear(in_features=64, out_features=1, bias=True)
)
!!!!!!!!!!!!!added lock!!!!!!!!!!!!
{"steps": 59, "done_reason": "success", "final_done_reason": "success", "first_done_step": 59, "first_success_step": 59, "fixed_duration_steps": null, "success": true, "reached_tolerance": true, "final_ee_error_m": 0.049374811351299286, "min_ee_error_m": 0.049374811351299286, "mean_ee_error_m": 0.6315749287605286, "reward_sum": 165.6394805908203, "unsafe_action_rate": 0.0, "min_clearance_m": 0.12902671098709106, "goal_base": [4.9933600425720215, 0.9836500287055969, -2.6203999519348145], "contact_kind": null, "contact_links": [], "joint_limit_labels": [], "rollout_index": 0}
{
  "backend": "chrono_arm_reaching",
  "policy_checkpoint": "/home/harry/NeDM/artifacts/rl_runs_arm_goal_reach/arm_reach_adaptivekl005_lr1e4_tol005_ep150_bonus150_sigma015_rollsel_rom_20260721/model_1499.pt",
  "pre_roll_time_s": 6.0,
  "render": false,
  "save_render_frames": false,
  "frame_output_dir": null,
  "render_steps": 1,
  "consecutive_goals": false,
  "goal_duration_s": null,
  "goal_duration_steps": null,
  "requested_goals": 1,
  "num_rollouts": 1,
  "success_rate": 1.0,
  "reached_tolerance_rate": 1.0,
  "mean_final_ee_error_m": 0.049374811351299286,
  "mean_min_ee_error_m": 0.049374811351299286,
  "rollouts": [
    {
      "steps": 59,
      "done_reason": "success",
      "final_done_reason": "success",
      "first_done_step": 59,
      "first_success_step": 59,
      "fixed_duration_steps": null,
      "success": true,
      "reached_tolerance": true,
      "final_ee_error_m": 0.049374811351299286,
      "min_ee_error_m": 0.049374811351299286,
      "mean_ee_error_m": 0.6315749287605286,
      "reward_sum": 165.6394805908203,
      "unsafe_action_rate": 0.0,
      "min_clearance_m": 0.12902671098709106,
      "goal_base": [
        4.9933600425720215,
        0.9836500287055969,
        -2.6203999519348145
      ],
      "contact_kind": null,
      "contact_links": [],
      "joint_limit_labels": [],
      "rollout_index": 0
    }
  ]
}
[11/100] goal=(4.99,0.98,-2.62) rc=0 wall=29s
Actor MLP: Sequential(
  (0): Linear(in_features=26, out_features=256, bias=True)
  (1): ELU(alpha=1.0)
  (2): Linear(in_features=256, out_features=128, bias=True)
  (3): ELU(alpha=1.0)
  (4): Linear(in_features=128, out_features=64, bias=True)
  (5): ELU(alpha=1.0)
  (6): Linear(in_features=64, out_features=4, bias=True)
)
Critic MLP: Sequential(
  (0): Linear(in_features=26, out_features=256, bias=True)
  (1): ELU(alpha=1.0)
  (2): Linear(in_features=256, out_features=128, bias=True)
  (3): ELU(alpha=1.0)
  (4): Linear(in_features=128, out_features=64, bias=True)
  (5): ELU(alpha=1.0)
  (6): Linear(in_features=64, out_features=1, bias=True)
)
!!!!!!!!!!!!!added lock!!!!!!!!!!!!
{"steps": 48, "done_reason": "success", "final_done_reason": "success", "first_done_step": 48, "first_success_step": 48, "fixed_duration_steps": null, "success": true, "reached_tolerance": true, "final_ee_error_m": 0.04787112772464752, "min_ee_error_m": 0.04787112772464752, "mean_ee_error_m": 2.3505184650421143, "reward_sum": 155.32431030273438, "unsafe_action_rate": 0.0, "min_clearance_m": 0.12857025861740112, "goal_base": [2.9420700073242188, 3.5387699604034424, -3.6560800075531006], "contact_kind": null, "contact_links": [], "joint_limit_labels": [], "rollout_index": 0}
{
  "backend": "chrono_arm_reaching",
  "policy_checkpoint": "/home/harry/NeDM/artifacts/rl_runs_arm_goal_reach/arm_reach_adaptivekl005_lr1e4_tol005_ep150_bonus150_sigma015_rollsel_rom_20260721/model_1499.pt",
  "pre_roll_time_s": 6.0,
  "render": false,
  "save_render_frames": false,
  "frame_output_dir": null,
  "render_steps": 1,
  "consecutive_goals": false,
  "goal_duration_s": null,
  "goal_duration_steps": null,
  "requested_goals": 1,
  "num_rollouts": 1,
  "success_rate": 1.0,
  "reached_tolerance_rate": 1.0,
  "mean_final_ee_error_m": 0.04787112772464752,
  "mean_min_ee_error_m": 0.04787112772464752,
  "rollouts": [
    {
      "steps": 48,
      "done_reason": "success",
      "final_done_reason": "success",
      "first_done_step": 48,
      "first_success_step": 48,
      "fixed_duration_steps": null,
      "success": true,
      "reached_tolerance": true,
      "final_ee_error_m": 0.04787112772464752,
      "min_ee_error_m": 0.04787112772464752,
      "mean_ee_error_m": 2.3505184650421143,
      "reward_sum": 155.32431030273438,
      "unsafe_action_rate": 0.0,
      "min_clearance_m": 0.12857025861740112,
      "goal_base": [
        2.9420700073242188,
        3.5387699604034424,
        -3.6560800075531006
      ],
      "contact_kind": null,
      "contact_links": [],
      "joint_limit_labels": [],
      "rollout_index": 0
    }
  ]
}
[12/100] goal=(2.94,3.54,-3.66) rc=0 wall=28s
Actor MLP: Sequential(
  (0): Linear(in_features=26, out_features=256, bias=True)
  (1): ELU(alpha=1.0)
  (2): Linear(in_features=256, out_features=128, bias=True)
  (3): ELU(alpha=1.0)
  (4): Linear(in_features=128, out_features=64, bias=True)
  (5): ELU(alpha=1.0)
  (6): Linear(in_features=64, out_features=4, bias=True)
)
Critic MLP: Sequential(
  (0): Linear(in_features=26, out_features=256, bias=True)
  (1): ELU(alpha=1.0)
  (2): Linear(in_features=256, out_features=128, bias=True)
  (3): ELU(alpha=1.0)
  (4): Linear(in_features=128, out_features=64, bias=True)
  (5): ELU(alpha=1.0)
  (6): Linear(in_features=64, out_features=1, bias=True)
)
!!!!!!!!!!!!!added lock!!!!!!!!!!!!
{"steps": 150, "done_reason": "timeout", "final_done_reason": "timeout", "first_done_step": 150, "first_success_step": null, "fixed_duration_steps": null, "success": false, "reached_tolerance": false, "final_ee_error_m": 0.1913759708404541, "min_ee_error_m": 0.07329391688108444, "mean_ee_error_m": 1.5038853883743286, "reward_sum": 21.748313903808594, "unsafe_action_rate": 0.0, "min_clearance_m": 0.129755437374115, "goal_base": [0.7213500142097473, -5.052999973297119, -2.2809898853302], "contact_kind": null, "contact_links": [], "joint_limit_labels": [], "rollout_index": 0}
{
  "backend": "chrono_arm_reaching",
  "policy_checkpoint": "/home/harry/NeDM/artifacts/rl_runs_arm_goal_reach/arm_reach_adaptivekl005_lr1e4_tol005_ep150_bonus150_sigma015_rollsel_rom_20260721/model_1499.pt",
  "pre_roll_time_s": 6.0,
  "render": false,
  "save_render_frames": false,
  "frame_output_dir": null,
  "render_steps": 1,
  "consecutive_goals": false,
  "goal_duration_s": null,
  "goal_duration_steps": null,
  "requested_goals": 1,
  "num_rollouts": 1,
  "success_rate": 0.0,
  "reached_tolerance_rate": 0.0,
  "mean_final_ee_error_m": 0.1913759708404541,
  "mean_min_ee_error_m": 0.07329391688108444,
  "rollouts": [
    {
      "steps": 150,
      "done_reason": "timeout",
      "final_done_reason": "timeout",
      "first_done_step": 150,
      "first_success_step": null,
      "fixed_duration_steps": null,
      "success": false,
      "reached_tolerance": false,
      "final_ee_error_m": 0.1913759708404541,
      "min_ee_error_m": 0.07329391688108444,
      "mean_ee_error_m": 1.5038853883743286,
      "reward_sum": 21.748313903808594,
      "unsafe_action_rate": 0.0,
      "min_clearance_m": 0.129755437374115,
      "goal_base": [
        0.7213500142097473,
        -5.052999973297119,
        -2.2809898853302
      ],
      "contact_kind": null,
      "contact_links": [],
      "joint_limit_labels": [],
      "rollout_index": 0
    }
  ]
}
[13/100] goal=(0.72,-5.05,-2.28) rc=0 wall=36s
Actor MLP: Sequential(
  (0): Linear(in_features=26, out_features=256, bias=True)
  (1): ELU(alpha=1.0)
  (2): Linear(in_features=256, out_features=128, bias=True)
  (3): ELU(alpha=1.0)
  (4): Linear(in_features=128, out_features=64, bias=True)
  (5): ELU(alpha=1.0)
  (6): Linear(in_features=64, out_features=4, bias=True)
)
Critic MLP: Sequential(
  (0): Linear(in_features=26, out_features=256, bias=True)
  (1): ELU(alpha=1.0)
  (2): Linear(in_features=256, out_features=128, bias=True)
  (3): ELU(alpha=1.0)
  (4): Linear(in_features=128, out_features=64, bias=True)
  (5): ELU(alpha=1.0)
  (6): Linear(in_features=64, out_features=1, bias=True)
)
!!!!!!!!!!!!!added lock!!!!!!!!!!!!
{"steps": 50, "done_reason": "success", "final_done_reason": "success", "first_done_step": 50, "first_success_step": 50, "fixed_duration_steps": null, "success": true, "reached_tolerance": true, "final_ee_error_m": 0.019718172028660774, "min_ee_error_m": 0.019718172028660774, "mean_ee_error_m": 2.685344934463501, "reward_sum": 154.21339416503906, "unsafe_action_rate": 0.0, "min_clearance_m": 0.12860149145126343, "goal_base": [2.336129903793335, 4.028689861297607, -3.5490899085998535], "contact_kind": null, "contact_links": [], "joint_limit_labels": [], "rollout_index": 0}
{
  "backend": "chrono_arm_reaching",
  "policy_checkpoint": "/home/harry/NeDM/artifacts/rl_runs_arm_goal_reach/arm_reach_adaptivekl005_lr1e4_tol005_ep150_bonus150_sigma015_rollsel_rom_20260721/model_1499.pt",
  "pre_roll_time_s": 6.0,
  "render": false,
  "save_render_frames": false,
  "frame_output_dir": null,
  "render_steps": 1,
  "consecutive_goals": false,
  "goal_duration_s": null,
  "goal_duration_steps": null,
  "requested_goals": 1,
  "num_rollouts": 1,
  "success_rate": 1.0,
  "reached_tolerance_rate": 1.0,
  "mean_final_ee_error_m": 0.019718172028660774,
  "mean_min_ee_error_m": 0.019718172028660774,
  "rollouts": [
    {
      "steps": 50,
      "done_reason": "success",
      "final_done_reason": "success",
      "first_done_step": 50,
      "first_success_step": 50,
      "fixed_duration_steps": null,
      "success": true,
      "reached_tolerance": true,
      "final_ee_error_m": 0.019718172028660774,
      "min_ee_error_m": 0.019718172028660774,
      "mean_ee_error_m": 2.685344934463501,
      "reward_sum": 154.21339416503906,
      "unsafe_action_rate": 0.0,
      "min_clearance_m": 0.12860149145126343,
      "goal_base": [
        2.336129903793335,
        4.028689861297607,
        -3.5490899085998535
      ],
      "contact_kind": null,
      "contact_links": [],
      "joint_limit_labels": [],
      "rollout_index": 0
    }
  ]
}
[14/100] goal=(2.34,4.03,-3.55) rc=0 wall=28s
Actor MLP: Sequential(
  (0): Linear(in_features=26, out_features=256, bias=True)
  (1): ELU(alpha=1.0)
  (2): Linear(in_features=256, out_features=128, bias=True)
  (3): ELU(alpha=1.0)
  (4): Linear(in_features=128, out_features=64, bias=True)
  (5): ELU(alpha=1.0)
  (6): Linear(in_features=64, out_features=4, bias=True)
)
Critic MLP: Sequential(
  (0): Linear(in_features=26, out_features=256, bias=True)
  (1): ELU(alpha=1.0)
  (2): Linear(in_features=256, out_features=128, bias=True)
  (3): ELU(alpha=1.0)
  (4): Linear(in_features=128, out_features=64, bias=True)
  (5): ELU(alpha=1.0)
  (6): Linear(in_features=64, out_features=1, bias=True)
)
!!!!!!!!!!!!!added lock!!!!!!!!!!!!
{"steps": 56, "done_reason": "success", "final_done_reason": "success", "first_done_step": 56, "first_success_step": 56, "fixed_duration_steps": null, "success": true, "reached_tolerance": true, "final_ee_error_m": 0.04825818911194801, "min_ee_error_m": 0.04825818911194801, "mean_ee_error_m": 0.9637199640274048, "reward_sum": 160.5316619873047, "unsafe_action_rate": 0.0, "min_clearance_m": 0.12852436304092407, "goal_base": [4.230569839477539, -1.2664300203323364, -3.7559800148010254], "contact_kind": null, "contact_links": [], "joint_limit_labels": [], "rollout_index": 0}
{
  "backend": "chrono_arm_reaching",
  "policy_checkpoint": "/home/harry/NeDM/artifacts/rl_runs_arm_goal_reach/arm_reach_adaptivekl005_lr1e4_tol005_ep150_bonus150_sigma015_rollsel_rom_20260721/model_1499.pt",
  "pre_roll_time_s": 6.0,
  "render": false,
  "save_render_frames": false,
  "frame_output_dir": null,
  "render_steps": 1,
  "consecutive_goals": false,
  "goal_duration_s": null,
  "goal_duration_steps": null,
  "requested_goals": 1,
  "num_rollouts": 1,
  "success_rate": 1.0,
  "reached_tolerance_rate": 1.0,
  "mean_final_ee_error_m": 0.04825818911194801,
  "mean_min_ee_error_m": 0.04825818911194801,
  "rollouts": [
    {
      "steps": 56,
      "done_reason": "success",
      "final_done_reason": "success",
      "first_done_step": 56,
      "first_success_step": 56,
      "fixed_duration_steps": null,
      "success": true,
      "reached_tolerance": true,
      "final_ee_error_m": 0.04825818911194801,
      "min_ee_error_m": 0.04825818911194801,
      "mean_ee_error_m": 0.9637199640274048,
      "reward_sum": 160.5316619873047,
      "unsafe_action_rate": 0.0,
      "min_clearance_m": 0.12852436304092407,
      "goal_base": [
        4.230569839477539,
        -1.2664300203323364,
        -3.7559800148010254
      ],
      "contact_kind": null,
      "contact_links": [],
      "joint_limit_labels": [],
      "rollout_index": 0
    }
  ]
}
[15/100] goal=(4.23,-1.27,-3.76) rc=0 wall=29s
Actor MLP: Sequential(
  (0): Linear(in_features=26, out_features=256, bias=True)
  (1): ELU(alpha=1.0)
  (2): Linear(in_features=256, out_features=128, bias=True)
  (3): ELU(alpha=1.0)
  (4): Linear(in_features=128, out_features=64, bias=True)
  (5): ELU(alpha=1.0)
  (6): Linear(in_features=64, out_features=4, bias=True)
)
Critic MLP: Sequential(
  (0): Linear(in_features=26, out_features=256, bias=True)
  (1): ELU(alpha=1.0)
  (2): Linear(in_features=256, out_features=128, bias=True)
  (3): ELU(alpha=1.0)
  (4): Linear(in_features=128, out_features=64, bias=True)
  (5): ELU(alpha=1.0)
  (6): Linear(in_features=64, out_features=1, bias=True)
)
!!!!!!!!!!!!!added lock!!!!!!!!!!!!
{"steps": 43, "done_reason": "success", "final_done_reason": "success", "first_done_step": 43, "first_success_step": 43, "fixed_duration_steps": null, "success": true, "reached_tolerance": true, "final_ee_error_m": 0.03867192193865776, "min_ee_error_m": 0.03867192193865776, "mean_ee_error_m": 1.920029878616333, "reward_sum": 154.29783630371094, "unsafe_action_rate": 0.0, "min_clearance_m": 0.12849920988082886, "goal_base": [3.370959997177124, -2.5930399894714355, -4.060629844665527], "contact_kind": null, "contact_links": [], "joint_limit_labels": [], "rollout_index": 0}
{
  "backend": "chrono_arm_reaching",
  "policy_checkpoint": "/home/harry/NeDM/artifacts/rl_runs_arm_goal_reach/arm_reach_adaptivekl005_lr1e4_tol005_ep150_bonus150_sigma015_rollsel_rom_20260721/model_1499.pt",
  "pre_roll_time_s": 6.0,
  "render": false,
  "save_render_frames": false,
  "frame_output_dir": null,
  "render_steps": 1,
  "consecutive_goals": false,
  "goal_duration_s": null,
  "goal_duration_steps": null,
  "requested_goals": 1,
  "num_rollouts": 1,
  "success_rate": 1.0,
  "reached_tolerance_rate": 1.0,
  "mean_final_ee_error_m": 0.03867192193865776,
  "mean_min_ee_error_m": 0.03867192193865776,
  "rollouts": [
    {
      "steps": 43,
      "done_reason": "success",
      "final_done_reason": "success",
      "first_done_step": 43,
      "first_success_step": 43,
      "fixed_duration_steps": null,
      "success": true,
      "reached_tolerance": true,
      "final_ee_error_m": 0.03867192193865776,
      "min_ee_error_m": 0.03867192193865776,
      "mean_ee_error_m": 1.920029878616333,
      "reward_sum": 154.29783630371094,
      "unsafe_action_rate": 0.0,
      "min_clearance_m": 0.12849920988082886,
      "goal_base": [
        3.370959997177124,
        -2.5930399894714355,
        -4.060629844665527
      ],
      "contact_kind": null,
      "contact_links": [],
      "joint_limit_labels": [],
      "rollout_index": 0
    }
  ]
}
[16/100] goal=(3.37,-2.59,-4.06) rc=0 wall=28s
Actor MLP: Sequential(
  (0): Linear(in_features=26, out_features=256, bias=True)
  (1): ELU(alpha=1.0)
  (2): Linear(in_features=256, out_features=128, bias=True)
  (3): ELU(alpha=1.0)
  (4): Linear(in_features=128, out_features=64, bias=True)
  (5): ELU(alpha=1.0)
  (6): Linear(in_features=64, out_features=4, bias=True)
)
Critic MLP: Sequential(
  (0): Linear(in_features=26, out_features=256, bias=True)
  (1): ELU(alpha=1.0)
  (2): Linear(in_features=256, out_features=128, bias=True)
  (3): ELU(alpha=1.0)
  (4): Linear(in_features=128, out_features=64, bias=True)
  (5): ELU(alpha=1.0)
  (6): Linear(in_features=64, out_features=1, bias=True)
)
!!!!!!!!!!!!!added lock!!!!!!!!!!!!
{"steps": 36, "done_reason": "success", "final_done_reason": "success", "first_done_step": 36, "first_success_step": 36, "fixed_duration_steps": null, "success": true, "reached_tolerance": true, "final_ee_error_m": 0.040627408772706985, "min_ee_error_m": 0.040627408772706985, "mean_ee_error_m": 2.4837121963500977, "reward_sum": 152.05776977539062, "unsafe_action_rate": 0.0, "min_clearance_m": 0.12869864702224731, "goal_base": [3.6672399044036865, 3.2400801181793213, -3.1139700412750244], "contact_kind": null, "contact_links": [], "joint_limit_labels": [], "rollout_index": 0}
{
  "backend": "chrono_arm_reaching",
  "policy_checkpoint": "/home/harry/NeDM/artifacts/rl_runs_arm_goal_reach/arm_reach_adaptivekl005_lr1e4_tol005_ep150_bonus150_sigma015_rollsel_rom_20260721/model_1499.pt",
  "pre_roll_time_s": 6.0,
  "render": false,
  "save_render_frames": false,
  "frame_output_dir": null,
  "render_steps": 1,
  "consecutive_goals": false,
  "goal_duration_s": null,
  "goal_duration_steps": null,
  "requested_goals": 1,
  "num_rollouts": 1,
  "success_rate": 1.0,
  "reached_tolerance_rate": 1.0,
  "mean_final_ee_error_m": 0.040627408772706985,
  "mean_min_ee_error_m": 0.040627408772706985,
  "rollouts": [
    {
      "steps": 36,
      "done_reason": "success",
      "final_done_reason": "success",
      "first_done_step": 36,
      "first_success_step": 36,
      "fixed_duration_steps": null,
      "success": true,
      "reached_tolerance": true,
      "final_ee_error_m": 0.040627408772706985,
      "min_ee_error_m": 0.040627408772706985,
      "mean_ee_error_m": 2.4837121963500977,
      "reward_sum": 152.05776977539062,
      "unsafe_action_rate": 0.0,
      "min_clearance_m": 0.12869864702224731,
      "goal_base": [
        3.6672399044036865,
        3.2400801181793213,
        -3.1139700412750244
      ],
      "contact_kind": null,
      "contact_links": [],
      "joint_limit_labels": [],
      "rollout_index": 0
    }
  ]
}
[17/100] goal=(3.67,3.24,-3.11) rc=0 wall=27s
Actor MLP: Sequential(
  (0): Linear(in_features=26, out_features=256, bias=True)
  (1): ELU(alpha=1.0)
  (2): Linear(in_features=256, out_features=128, bias=True)
  (3): ELU(alpha=1.0)
  (4): Linear(in_features=128, out_features=64, bias=True)
  (5): ELU(alpha=1.0)
  (6): Linear(in_features=64, out_features=4, bias=True)
)
Critic MLP: Sequential(
  (0): Linear(in_features=26, out_features=256, bias=True)
  (1): ELU(alpha=1.0)
  (2): Linear(in_features=256, out_features=128, bias=True)
  (3): ELU(alpha=1.0)
  (4): Linear(in_features=128, out_features=64, bias=True)
  (5): ELU(alpha=1.0)
  (6): Linear(in_features=64, out_features=1, bias=True)
)
!!!!!!!!!!!!!added lock!!!!!!!!!!!!
{"steps": 70, "done_reason": "success", "final_done_reason": "success", "first_done_step": 70, "first_success_step": 70, "fixed_duration_steps": null, "success": true, "reached_tolerance": true, "final_ee_error_m": 0.04961477220058441, "min_ee_error_m": 0.04961477220058441, "mean_ee_error_m": 1.856410264968872, "reward_sum": 159.00772094726562, "unsafe_action_rate": 0.0, "min_clearance_m": 0.12848132848739624, "goal_base": [2.403860092163086, 2.7667698860168457, -4.625899791717529], "contact_kind": null, "contact_links": [], "joint_limit_labels": [], "rollout_index": 0}
{
  "backend": "chrono_arm_reaching",
  "policy_checkpoint": "/home/harry/NeDM/artifacts/rl_runs_arm_goal_reach/arm_reach_adaptivekl005_lr1e4_tol005_ep150_bonus150_sigma015_rollsel_rom_20260721/model_1499.pt",
  "pre_roll_time_s": 6.0,
  "render": false,
  "save_render_frames": false,
  "frame_output_dir": null,
  "render_steps": 1,
  "consecutive_goals": false,
  "goal_duration_s": null,
  "goal_duration_steps": null,
  "requested_goals": 1,
  "num_rollouts": 1,
  "success_rate": 1.0,
  "reached_tolerance_rate": 1.0,
  "mean_final_ee_error_m": 0.04961477220058441,
  "mean_min_ee_error_m": 0.04961477220058441,
  "rollouts": [
    {
      "steps": 70,
      "done_reason": "success",
      "final_done_reason": "success",
      "first_done_step": 70,
      "first_success_step": 70,
      "fixed_duration_steps": null,
      "success": true,
      "reached_tolerance": true,
      "final_ee_error_m": 0.04961477220058441,
      "min_ee_error_m": 0.04961477220058441,
      "mean_ee_error_m": 1.856410264968872,
      "reward_sum": 159.00772094726562,
      "unsafe_action_rate": 0.0,
      "min_clearance_m": 0.12848132848739624,
      "goal_base": [
        2.403860092163086,
        2.7667698860168457,
        -4.625899791717529
      ],
      "contact_kind": null,
      "contact_links": [],
      "joint_limit_labels": [],
      "rollout_index": 0
    }
  ]
}
[18/100] goal=(2.40,2.77,-4.63) rc=0 wall=30s
Actor MLP: Sequential(
  (0): Linear(in_features=26, out_features=256, bias=True)
  (1): ELU(alpha=1.0)
  (2): Linear(in_features=256, out_features=128, bias=True)
  (3): ELU(alpha=1.0)
  (4): Linear(in_features=128, out_features=64, bias=True)
  (5): ELU(alpha=1.0)
  (6): Linear(in_features=64, out_features=4, bias=True)
)
Critic MLP: Sequential(
  (0): Linear(in_features=26, out_features=256, bias=True)
  (1): ELU(alpha=1.0)
  (2): Linear(in_features=256, out_features=128, bias=True)
  (3): ELU(alpha=1.0)
  (4): Linear(in_features=128, out_features=64, bias=True)
  (5): ELU(alpha=1.0)
  (6): Linear(in_features=64, out_features=1, bias=True)
)
!!!!!!!!!!!!!added lock!!!!!!!!!!!!
{"steps": 37, "done_reason": "success", "final_done_reason": "success", "first_done_step": 37, "first_success_step": 37, "fixed_duration_steps": null, "success": true, "reached_tolerance": true, "final_ee_error_m": 0.0499151274561882, "min_ee_error_m": 0.0499151274561882, "mean_ee_error_m": 3.331052303314209, "reward_sum": 151.24102783203125, "unsafe_action_rate": 0.0, "min_clearance_m": 0.12929779291152954, "goal_base": [2.857680082321167, 4.3442301750183105, -2.4338901042938232], "contact_kind": null, "contact_links": [], "joint_limit_labels": [], "rollout_index": 0}
{
  "backend": "chrono_arm_reaching",
  "policy_checkpoint": "/home/harry/NeDM/artifacts/rl_runs_arm_goal_reach/arm_reach_adaptivekl005_lr1e4_tol005_ep150_bonus150_sigma015_rollsel_rom_20260721/model_1499.pt",
  "pre_roll_time_s": 6.0,
  "render": false,
  "save_render_frames": false,
  "frame_output_dir": null,
  "render_steps": 1,
  "consecutive_goals": false,
  "goal_duration_s": null,
  "goal_duration_steps": null,
  "requested_goals": 1,
  "num_rollouts": 1,
  "success_rate": 1.0,
  "reached_tolerance_rate": 1.0,
  "mean_final_ee_error_m": 0.0499151274561882,
  "mean_min_ee_error_m": 0.0499151274561882,
  "rollouts": [
    {
      "steps": 37,
      "done_reason": "success",
      "final_done_reason": "success",
      "first_done_step": 37,
      "first_success_step": 37,
      "fixed_duration_steps": null,
      "success": true,
      "reached_tolerance": true,
      "final_ee_error_m": 0.0499151274561882,
      "min_ee_error_m": 0.0499151274561882,
      "mean_ee_error_m": 3.331052303314209,
      "reward_sum": 151.24102783203125,
      "unsafe_action_rate": 0.0,
      "min_clearance_m": 0.12929779291152954,
      "goal_base": [
        2.857680082321167,
        4.3442301750183105,
        -2.4338901042938232
      ],
      "contact_kind": null,
      "contact_links": [],
      "joint_limit_labels": [],
      "rollout_index": 0
    }
  ]
}
[19/100] goal=(2.86,4.34,-2.43) rc=0 wall=27s
Actor MLP: Sequential(
  (0): Linear(in_features=26, out_features=256, bias=True)
  (1): ELU(alpha=1.0)
  (2): Linear(in_features=256, out_features=128, bias=True)
  (3): ELU(alpha=1.0)
  (4): Linear(in_features=128, out_features=64, bias=True)
  (5): ELU(alpha=1.0)
  (6): Linear(in_features=64, out_features=4, bias=True)
)
Critic MLP: Sequential(
  (0): Linear(in_features=26, out_features=256, bias=True)
  (1): ELU(alpha=1.0)
  (2): Linear(in_features=256, out_features=128, bias=True)
  (3): ELU(alpha=1.0)
  (4): Linear(in_features=128, out_features=64, bias=True)
  (5): ELU(alpha=1.0)
  (6): Linear(in_features=64, out_features=1, bias=True)
)
!!!!!!!!!!!!!added lock!!!!!!!!!!!!
{"steps": 52, "done_reason": "success", "final_done_reason": "success", "first_done_step": 52, "first_success_step": 52, "fixed_duration_steps": null, "success": true, "reached_tolerance": true, "final_ee_error_m": 0.02590436488389969, "min_ee_error_m": 0.02590436488389969, "mean_ee_error_m": 2.954263925552368, "reward_sum": 154.45736694335938, "unsafe_action_rate": 0.0, "min_clearance_m": 0.12904220819473267, "goal_base": [1.7694499492645264, -4.730040073394775, -2.6933200359344482], "contact_kind": null, "contact_links": [], "joint_limit_labels": [], "rollout_index": 0}
{
  "backend": "chrono_arm_reaching",
  "policy_checkpoint": "/home/harry/NeDM/artifacts/rl_runs_arm_goal_reach/arm_reach_adaptivekl005_lr1e4_tol005_ep150_bonus150_sigma015_rollsel_rom_20260721/model_1499.pt",
  "pre_roll_time_s": 6.0,
  "render": false,
  "save_render_frames": false,
  "frame_output_dir": null,
  "render_steps": 1,
  "consecutive_goals": false,
  "goal_duration_s": null,
  "goal_duration_steps": null,
  "requested_goals": 1,
  "num_rollouts": 1,
  "success_rate": 1.0,
  "reached_tolerance_rate": 1.0,
  "mean_final_ee_error_m": 0.02590436488389969,
  "mean_min_ee_error_m": 0.02590436488389969,
  "rollouts": [
    {
      "steps": 52,
      "done_reason": "success",
      "final_done_reason": "success",
      "first_done_step": 52,
      "first_success_step": 52,
      "fixed_duration_steps": null,
      "success": true,
      "reached_tolerance": true,
      "final_ee_error_m": 0.02590436488389969,
      "min_ee_error_m": 0.02590436488389969,
      "mean_ee_error_m": 2.954263925552368,
      "reward_sum": 154.45736694335938,
      "unsafe_action_rate": 0.0,
      "min_clearance_m": 0.12904220819473267,
      "goal_base": [
        1.7694499492645264,
        -4.730040073394775,
        -2.6933200359344482
      ],
      "contact_kind": null,
      "contact_links": [],
      "joint_limit_labels": [],
      "rollout_index": 0
    }
  ]
}
[20/100] goal=(1.77,-4.73,-2.69) rc=0 wall=28s
Actor MLP: Sequential(
  (0): Linear(in_features=26, out_features=256, bias=True)
  (1): ELU(alpha=1.0)
  (2): Linear(in_features=256, out_features=128, bias=True)
  (3): ELU(alpha=1.0)
  (4): Linear(in_features=128, out_features=64, bias=True)
  (5): ELU(alpha=1.0)
  (6): Linear(in_features=64, out_features=4, bias=True)
)
Critic MLP: Sequential(
  (0): Linear(in_features=26, out_features=256, bias=True)
  (1): ELU(alpha=1.0)
  (2): Linear(in_features=256, out_features=128, bias=True)
  (3): ELU(alpha=1.0)
  (4): Linear(in_features=128, out_features=64, bias=True)
  (5): ELU(alpha=1.0)
  (6): Linear(in_features=64, out_features=1, bias=True)
)
!!!!!!!!!!!!!added lock!!!!!!!!!!!!
{"steps": 115, "done_reason": "success", "final_done_reason": "success", "first_done_step": 115, "first_success_step": 115, "fixed_duration_steps": null, "success": true, "reached_tolerance": true, "final_ee_error_m": 0.04020238667726517, "min_ee_error_m": 0.04020238667726517, "mean_ee_error_m": 1.8053419589996338, "reward_sum": 165.070068359375, "unsafe_action_rate": 0.0, "min_clearance_m": 0.13073700666427612, "goal_base": [1.146090030670166, -5.212299823760986, -2.037169933319092], "contact_kind": null, "contact_links": [], "joint_limit_labels": [], "rollout_index": 0}
{
  "backend": "chrono_arm_reaching",
  "policy_checkpoint": "/home/harry/NeDM/artifacts/rl_runs_arm_goal_reach/arm_reach_adaptivekl005_lr1e4_tol005_ep150_bonus150_sigma015_rollsel_rom_20260721/model_1499.pt",
  "pre_roll_time_s": 6.0,
  "render": false,
  "save_render_frames": false,
  "frame_output_dir": null,
  "render_steps": 1,
  "consecutive_goals": false,
  "goal_duration_s": null,
  "goal_duration_steps": null,
  "requested_goals": 1,
  "num_rollouts": 1,
  "success_rate": 1.0,
  "reached_tolerance_rate": 1.0,
  "mean_final_ee_error_m": 0.04020238667726517,
  "mean_min_ee_error_m": 0.04020238667726517,
  "rollouts": [
    {
      "steps": 115,
      "done_reason": "success",
      "final_done_reason": "success",
      "first_done_step": 115,
      "first_success_step": 115,
      "fixed_duration_steps": null,
      "success": true,
      "reached_tolerance": true,
      "final_ee_error_m": 0.04020238667726517,
      "min_ee_error_m": 0.04020238667726517,
      "mean_ee_error_m": 1.8053419589996338,
      "reward_sum": 165.070068359375,
      "unsafe_action_rate": 0.0,
      "min_clearance_m": 0.13073700666427612,
      "goal_base": [
        1.146090030670166,
        -5.212299823760986,
        -2.037169933319092
      ],
      "contact_kind": null,
      "contact_links": [],
      "joint_limit_labels": [],
      "rollout_index": 0
    }
  ]
}
[21/100] goal=(1.15,-5.21,-2.04) rc=0 wall=33s
Actor MLP: Sequential(
  (0): Linear(in_features=26, out_features=256, bias=True)
  (1): ELU(alpha=1.0)
  (2): Linear(in_features=256, out_features=128, bias=True)
  (3): ELU(alpha=1.0)
  (4): Linear(in_features=128, out_features=64, bias=True)
  (5): ELU(alpha=1.0)
  (6): Linear(in_features=64, out_features=4, bias=True)
)
Critic MLP: Sequential(
  (0): Linear(in_features=26, out_features=256, bias=True)
  (1): ELU(alpha=1.0)
  (2): Linear(in_features=256, out_features=128, bias=True)
  (3): ELU(alpha=1.0)
  (4): Linear(in_features=128, out_features=64, bias=True)
  (5): ELU(alpha=1.0)
  (6): Linear(in_features=64, out_features=1, bias=True)
)
!!!!!!!!!!!!!added lock!!!!!!!!!!!!
{"steps": 150, "done_reason": "timeout", "final_done_reason": "timeout", "first_done_step": 150, "first_success_step": null, "fixed_duration_steps": null, "success": false, "reached_tolerance": false, "final_ee_error_m": 0.11110544204711914, "min_ee_error_m": 0.05238362029194832, "mean_ee_error_m": 0.32989227771759033, "reward_sum": 58.420318603515625, "unsafe_action_rate": 0.0, "min_clearance_m": 0.12884587049484253, "goal_base": [4.8915300369262695, -1.1596200466156006, -2.9007298946380615], "contact_kind": null, "contact_links": [], "joint_limit_labels": [], "rollout_index": 0}
{
  "backend": "chrono_arm_reaching",
  "policy_checkpoint": "/home/harry/NeDM/artifacts/rl_runs_arm_goal_reach/arm_reach_adaptivekl005_lr1e4_tol005_ep150_bonus150_sigma015_rollsel_rom_20260721/model_1499.pt",
  "pre_roll_time_s": 6.0,
  "render": false,
  "save_render_frames": false,
  "frame_output_dir": null,
  "render_steps": 1,
  "consecutive_goals": false,
  "goal_duration_s": null,
  "goal_duration_steps": null,
  "requested_goals": 1,
  "num_rollouts": 1,
  "success_rate": 0.0,
  "reached_tolerance_rate": 0.0,
  "mean_final_ee_error_m": 0.11110544204711914,
  "mean_min_ee_error_m": 0.05238362029194832,
  "rollouts": [
    {
      "steps": 150,
      "done_reason": "timeout",
      "final_done_reason": "timeout",
      "first_done_step": 150,
      "first_success_step": null,
      "fixed_duration_steps": null,
      "success": false,
      "reached_tolerance": false,
      "final_ee_error_m": 0.11110544204711914,
      "min_ee_error_m": 0.05238362029194832,
      "mean_ee_error_m": 0.32989227771759033,
      "reward_sum": 58.420318603515625,
      "unsafe_action_rate": 0.0,
      "min_clearance_m": 0.12884587049484253,
      "goal_base": [
        4.8915300369262695,
        -1.1596200466156006,
        -2.9007298946380615
      ],
      "contact_kind": null,
      "contact_links": [],
      "joint_limit_labels": [],
      "rollout_index": 0
    }
  ]
}
[22/100] goal=(4.89,-1.16,-2.90) rc=0 wall=36s
Actor MLP: Sequential(
  (0): Linear(in_features=26, out_features=256, bias=True)
  (1): ELU(alpha=1.0)
  (2): Linear(in_features=256, out_features=128, bias=True)
  (3): ELU(alpha=1.0)
  (4): Linear(in_features=128, out_features=64, bias=True)
  (5): ELU(alpha=1.0)
  (6): Linear(in_features=64, out_features=4, bias=True)
)
Critic MLP: Sequential(
  (0): Linear(in_features=26, out_features=256, bias=True)
  (1): ELU(alpha=1.0)
  (2): Linear(in_features=256, out_features=128, bias=True)
  (3): ELU(alpha=1.0)
  (4): Linear(in_features=128, out_features=64, bias=True)
  (5): ELU(alpha=1.0)
  (6): Linear(in_features=64, out_features=1, bias=True)
)
!!!!!!!!!!!!!added lock!!!!!!!!!!!!
{"steps": 37, "done_reason": "success", "final_done_reason": "success", "first_done_step": 37, "first_success_step": 37, "fixed_duration_steps": null, "success": true, "reached_tolerance": true, "final_ee_error_m": 0.04723241180181503, "min_ee_error_m": 0.04723241180181503, "mean_ee_error_m": 2.566927671432495, "reward_sum": 151.87408447265625, "unsafe_action_rate": 0.0, "min_clearance_m": 0.1299230456352234, "goal_base": [3.752000093460083, 3.719249963760376, -2.117650032043457], "contact_kind": null, "contact_links": [], "joint_limit_labels": [], "rollout_index": 0}
{
  "backend": "chrono_arm_reaching",
  "policy_checkpoint": "/home/harry/NeDM/artifacts/rl_runs_arm_goal_reach/arm_reach_adaptivekl005_lr1e4_tol005_ep150_bonus150_sigma015_rollsel_rom_20260721/model_1499.pt",
  "pre_roll_time_s": 6.0,
  "render": false,
  "save_render_frames": false,
  "frame_output_dir": null,
  "render_steps": 1,
  "consecutive_goals": false,
  "goal_duration_s": null,
  "goal_duration_steps": null,
  "requested_goals": 1,
  "num_rollouts": 1,
  "success_rate": 1.0,
  "reached_tolerance_rate": 1.0,
  "mean_final_ee_error_m": 0.04723241180181503,
  "mean_min_ee_error_m": 0.04723241180181503,
  "rollouts": [
    {
      "steps": 37,
      "done_reason": "success",
      "final_done_reason": "success",
      "first_done_step": 37,
      "first_success_step": 37,
      "fixed_duration_steps": null,
      "success": true,
      "reached_tolerance": true,
      "final_ee_error_m": 0.04723241180181503,
      "min_ee_error_m": 0.04723241180181503,
      "mean_ee_error_m": 2.566927671432495,
      "reward_sum": 151.87408447265625,
      "unsafe_action_rate": 0.0,
      "min_clearance_m": 0.1299230456352234,
      "goal_base": [
        3.752000093460083,
        3.719249963760376,
        -2.117650032043457
      ],
      "contact_kind": null,
      "contact_links": [],
      "joint_limit_labels": [],
      "rollout_index": 0
    }
  ]
}
[23/100] goal=(3.75,3.72,-2.12) rc=0 wall=27s
Actor MLP: Sequential(
  (0): Linear(in_features=26, out_features=256, bias=True)
  (1): ELU(alpha=1.0)
  (2): Linear(in_features=256, out_features=128, bias=True)
  (3): ELU(alpha=1.0)
  (4): Linear(in_features=128, out_features=64, bias=True)
  (5): ELU(alpha=1.0)
  (6): Linear(in_features=64, out_features=4, bias=True)
)
Critic MLP: Sequential(
  (0): Linear(in_features=26, out_features=256, bias=True)
  (1): ELU(alpha=1.0)
  (2): Linear(in_features=256, out_features=128, bias=True)
  (3): ELU(alpha=1.0)
  (4): Linear(in_features=128, out_features=64, bias=True)
  (5): ELU(alpha=1.0)
  (6): Linear(in_features=64, out_features=1, bias=True)
)
!!!!!!!!!!!!!added lock!!!!!!!!!!!!
{"steps": 63, "done_reason": "success", "final_done_reason": "success", "first_done_step": 63, "first_success_step": 63, "fixed_duration_steps": null, "success": true, "reached_tolerance": true, "final_ee_error_m": 0.024309052154421806, "min_ee_error_m": 0.024309052154421806, "mean_ee_error_m": 0.8047877550125122, "reward_sum": 168.28463745117188, "unsafe_action_rate": 0.0, "min_clearance_m": 0.12892216444015503, "goal_base": [4.745790004730225, 1.724329948425293, -2.7235400676727295], "contact_kind": null, "contact_links": [], "joint_limit_labels": [], "rollout_index": 0}
{
  "backend": "chrono_arm_reaching",
  "policy_checkpoint": "/home/harry/NeDM/artifacts/rl_runs_arm_goal_reach/arm_reach_adaptivekl005_lr1e4_tol005_ep150_bonus150_sigma015_rollsel_rom_20260721/model_1499.pt",
  "pre_roll_time_s": 6.0,
  "render": false,
  "save_render_frames": false,
  "frame_output_dir": null,
  "render_steps": 1,
  "consecutive_goals": false,
  "goal_duration_s": null,
  "goal_duration_steps": null,
  "requested_goals": 1,
  "num_rollouts": 1,
  "success_rate": 1.0,
  "reached_tolerance_rate": 1.0,
  "mean_final_ee_error_m": 0.024309052154421806,
  "mean_min_ee_error_m": 0.024309052154421806,
  "rollouts": [
    {
      "steps": 63,
      "done_reason": "success",
      "final_done_reason": "success",
      "first_done_step": 63,
      "first_success_step": 63,
      "fixed_duration_steps": null,
      "success": true,
      "reached_tolerance": true,
      "final_ee_error_m": 0.024309052154421806,
      "min_ee_error_m": 0.024309052154421806,
      "mean_ee_error_m": 0.8047877550125122,
      "reward_sum": 168.28463745117188,
      "unsafe_action_rate": 0.0,
      "min_clearance_m": 0.12892216444015503,
      "goal_base": [
        4.745790004730225,
        1.724329948425293,
        -2.7235400676727295
      ],
      "contact_kind": null,
      "contact_links": [],
      "joint_limit_labels": [],
      "rollout_index": 0
    }
  ]
}
[24/100] goal=(4.75,1.72,-2.72) rc=0 wall=29s
Actor MLP: Sequential(
  (0): Linear(in_features=26, out_features=256, bias=True)
  (1): ELU(alpha=1.0)
  (2): Linear(in_features=256, out_features=128, bias=True)
  (3): ELU(alpha=1.0)
  (4): Linear(in_features=128, out_features=64, bias=True)
  (5): ELU(alpha=1.0)
  (6): Linear(in_features=64, out_features=4, bias=True)
)
Critic MLP: Sequential(
  (0): Linear(in_features=26, out_features=256, bias=True)
  (1): ELU(alpha=1.0)
  (2): Linear(in_features=256, out_features=128, bias=True)
  (3): ELU(alpha=1.0)
  (4): Linear(in_features=128, out_features=64, bias=True)
  (5): ELU(alpha=1.0)
  (6): Linear(in_features=64, out_features=1, bias=True)
)
!!!!!!!!!!!!!added lock!!!!!!!!!!!!
{"steps": 38, "done_reason": "success", "final_done_reason": "success", "first_done_step": 38, "first_success_step": 38, "fixed_duration_steps": null, "success": true, "reached_tolerance": true, "final_ee_error_m": 0.04849197342991829, "min_ee_error_m": 0.04849197342991829, "mean_ee_error_m": 0.6234362721443176, "reward_sum": 160.5624237060547, "unsafe_action_rate": 0.0, "min_clearance_m": 0.12912899255752563, "goal_base": [5.088119983673096, -0.02686000056564808, -2.5820701122283936], "contact_kind": null, "contact_links": [], "joint_limit_labels": [], "rollout_index": 0}
{
  "backend": "chrono_arm_reaching",
  "policy_checkpoint": "/home/harry/NeDM/artifacts/rl_runs_arm_goal_reach/arm_reach_adaptivekl005_lr1e4_tol005_ep150_bonus150_sigma015_rollsel_rom_20260721/model_1499.pt",
  "pre_roll_time_s": 6.0,
  "render": false,
  "save_render_frames": false,
  "frame_output_dir": null,
  "render_steps": 1,
  "consecutive_goals": false,
  "goal_duration_s": null,
  "goal_duration_steps": null,
  "requested_goals": 1,
  "num_rollouts": 1,
  "success_rate": 1.0,
  "reached_tolerance_rate": 1.0,
  "mean_final_ee_error_m": 0.04849197342991829,
  "mean_min_ee_error_m": 0.04849197342991829,
  "rollouts": [
    {
      "steps": 38,
      "done_reason": "success",
      "final_done_reason": "success",
      "first_done_step": 38,
      "first_success_step": 38,
      "fixed_duration_steps": null,
      "success": true,
      "reached_tolerance": true,
      "final_ee_error_m": 0.04849197342991829,
      "min_ee_error_m": 0.04849197342991829,
      "mean_ee_error_m": 0.6234362721443176,
      "reward_sum": 160.5624237060547,
      "unsafe_action_rate": 0.0,
      "min_clearance_m": 0.12912899255752563,
      "goal_base": [
        5.088119983673096,
        -0.02686000056564808,
        -2.5820701122283936
      ],
      "contact_kind": null,
      "contact_links": [],
      "joint_limit_labels": [],
      "rollout_index": 0
    }
  ]
}
[25/100] goal=(5.09,-0.03,-2.58) rc=0 wall=27s
Actor MLP: Sequential(
  (0): Linear(in_features=26, out_features=256, bias=True)
  (1): ELU(alpha=1.0)
  (2): Linear(in_features=256, out_features=128, bias=True)
  (3): ELU(alpha=1.0)
  (4): Linear(in_features=128, out_features=64, bias=True)
  (5): ELU(alpha=1.0)
  (6): Linear(in_features=64, out_features=4, bias=True)
)
Critic MLP: Sequential(
  (0): Linear(in_features=26, out_features=256, bias=True)
  (1): ELU(alpha=1.0)
  (2): Linear(in_features=256, out_features=128, bias=True)
  (3): ELU(alpha=1.0)
  (4): Linear(in_features=128, out_features=64, bias=True)
  (5): ELU(alpha=1.0)
  (6): Linear(in_features=64, out_features=1, bias=True)
)
!!!!!!!!!!!!!added lock!!!!!!!!!!!!
{"steps": 46, "done_reason": "success", "final_done_reason": "success", "first_done_step": 46, "first_success_step": 46, "fixed_duration_steps": null, "success": true, "reached_tolerance": true, "final_ee_error_m": 0.044528424739837646, "min_ee_error_m": 0.044528424739837646, "mean_ee_error_m": 1.1245440244674683, "reward_sum": 156.69692993164062, "unsafe_action_rate": 0.0, "min_clearance_m": 0.13348466157913208, "goal_base": [4.892889976501465, 2.2231099605560303, -1.4649100303649902], "contact_kind": null, "contact_links": [], "joint_limit_labels": [], "rollout_index": 0}
{
  "backend": "chrono_arm_reaching",
  "policy_checkpoint": "/home/harry/NeDM/artifacts/rl_runs_arm_goal_reach/arm_reach_adaptivekl005_lr1e4_tol005_ep150_bonus150_sigma015_rollsel_rom_20260721/model_1499.pt",
  "pre_roll_time_s": 6.0,
  "render": false,
  "save_render_frames": false,
  "frame_output_dir": null,
  "render_steps": 1,
  "consecutive_goals": false,
  "goal_duration_s": null,
  "goal_duration_steps": null,
  "requested_goals": 1,
  "num_rollouts": 1,
  "success_rate": 1.0,
  "reached_tolerance_rate": 1.0,
  "mean_final_ee_error_m": 0.044528424739837646,
  "mean_min_ee_error_m": 0.044528424739837646,
  "rollouts": [
    {
      "steps": 46,
      "done_reason": "success",
      "final_done_reason": "success",
      "first_done_step": 46,
      "first_success_step": 46,
      "fixed_duration_steps": null,
      "success": true,
      "reached_tolerance": true,
      "final_ee_error_m": 0.044528424739837646,
      "min_ee_error_m": 0.044528424739837646,
      "mean_ee_error_m": 1.1245440244674683,
      "reward_sum": 156.69692993164062,
      "unsafe_action_rate": 0.0,
      "min_clearance_m": 0.13348466157913208,
      "goal_base": [
        4.892889976501465,
        2.2231099605560303,
        -1.4649100303649902
      ],
      "contact_kind": null,
      "contact_links": [],
      "joint_limit_labels": [],
      "rollout_index": 0
    }
  ]
}
[26/100] goal=(4.89,2.22,-1.46) rc=0 wall=28s
Actor MLP: Sequential(
  (0): Linear(in_features=26, out_features=256, bias=True)
  (1): ELU(alpha=1.0)
  (2): Linear(in_features=256, out_features=128, bias=True)
  (3): ELU(alpha=1.0)
  (4): Linear(in_features=128, out_features=64, bias=True)
  (5): ELU(alpha=1.0)
  (6): Linear(in_features=64, out_features=4, bias=True)
)
Critic MLP: Sequential(
  (0): Linear(in_features=26, out_features=256, bias=True)
  (1): ELU(alpha=1.0)
  (2): Linear(in_features=256, out_features=128, bias=True)
  (3): ELU(alpha=1.0)
  (4): Linear(in_features=128, out_features=64, bias=True)
  (5): ELU(alpha=1.0)
  (6): Linear(in_features=64, out_features=1, bias=True)
)
!!!!!!!!!!!!!added lock!!!!!!!!!!!!
{"steps": 37, "done_reason": "success", "final_done_reason": "success", "first_done_step": 37, "first_success_step": 37, "fixed_duration_steps": null, "success": true, "reached_tolerance": true, "final_ee_error_m": 0.02912900410592556, "min_ee_error_m": 0.02912900410592556, "mean_ee_error_m": 3.8181064128875732, "reward_sum": 151.21322631835938, "unsafe_action_rate": 0.0, "min_clearance_m": 0.12857085466384888, "goal_base": [1.5626499652862549, -4.262810230255127, -3.7067599296569824], "contact_kind": null, "contact_links": [], "joint_limit_labels": [], "rollout_index": 0}
{
  "backend": "chrono_arm_reaching",
  "policy_checkpoint": "/home/harry/NeDM/artifacts/rl_runs_arm_goal_reach/arm_reach_adaptivekl005_lr1e4_tol005_ep150_bonus150_sigma015_rollsel_rom_20260721/model_1499.pt",
  "pre_roll_time_s": 6.0,
  "render": false,
  "save_render_frames": false,
  "frame_output_dir": null,
  "render_steps": 1,
  "consecutive_goals": false,
  "goal_duration_s": null,
  "goal_duration_steps": null,
  "requested_goals": 1,
  "num_rollouts": 1,
  "success_rate": 1.0,
  "reached_tolerance_rate": 1.0,
  "mean_final_ee_error_m": 0.02912900410592556,
  "mean_min_ee_error_m": 0.02912900410592556,
  "rollouts": [
    {
      "steps": 37,
      "done_reason": "success",
      "final_done_reason": "success",
      "first_done_step": 37,
      "first_success_step": 37,
      "fixed_duration_steps": null,
      "success": true,
      "reached_tolerance": true,
      "final_ee_error_m": 0.02912900410592556,
      "min_ee_error_m": 0.02912900410592556,
      "mean_ee_error_m": 3.8181064128875732,
      "reward_sum": 151.21322631835938,
      "unsafe_action_rate": 0.0,
      "min_clearance_m": 0.12857085466384888,
      "goal_base": [
        1.5626499652862549,
        -4.262810230255127,
        -3.7067599296569824
      ],
      "contact_kind": null,
      "contact_links": [],
      "joint_limit_labels": [],
      "rollout_index": 0
    }
  ]
}
[27/100] goal=(1.56,-4.26,-3.71) rc=0 wall=27s
Actor MLP: Sequential(
  (0): Linear(in_features=26, out_features=256, bias=True)
  (1): ELU(alpha=1.0)
  (2): Linear(in_features=256, out_features=128, bias=True)
  (3): ELU(alpha=1.0)
  (4): Linear(in_features=128, out_features=64, bias=True)
  (5): ELU(alpha=1.0)
  (6): Linear(in_features=64, out_features=4, bias=True)
)
Critic MLP: Sequential(
  (0): Linear(in_features=26, out_features=256, bias=True)
  (1): ELU(alpha=1.0)
  (2): Linear(in_features=256, out_features=128, bias=True)
  (3): ELU(alpha=1.0)
  (4): Linear(in_features=128, out_features=64, bias=True)
  (5): ELU(alpha=1.0)
  (6): Linear(in_features=64, out_features=1, bias=True)
)
!!!!!!!!!!!!!added lock!!!!!!!!!!!!
{"steps": 150, "done_reason": "timeout", "final_done_reason": "timeout", "first_done_step": 150, "first_success_step": null, "fixed_duration_steps": null, "success": false, "reached_tolerance": false, "final_ee_error_m": 0.28864312171936035, "min_ee_error_m": 0.07150611281394958, "mean_ee_error_m": 0.9903467297554016, "reward_sum": 29.18943214416504, "unsafe_action_rate": 0.0, "min_clearance_m": 0.12854081392288208, "goal_base": [2.518320083618164, 3.4308600425720215, -3.8484199047088623], "contact_kind": null, "contact_links": [], "joint_limit_labels": [], "rollout_index": 0}
{
  "backend": "chrono_arm_reaching",
  "policy_checkpoint": "/home/harry/NeDM/artifacts/rl_runs_arm_goal_reach/arm_reach_adaptivekl005_lr1e4_tol005_ep150_bonus150_sigma015_rollsel_rom_20260721/model_1499.pt",
  "pre_roll_time_s": 6.0,
  "render": false,
  "save_render_frames": false,
  "frame_output_dir": null,
  "render_steps": 1,
  "consecutive_goals": false,
  "goal_duration_s": null,
  "goal_duration_steps": null,
  "requested_goals": 1,
  "num_rollouts": 1,
  "success_rate": 0.0,
  "reached_tolerance_rate": 0.0,
  "mean_final_ee_error_m": 0.28864312171936035,
  "mean_min_ee_error_m": 0.07150611281394958,
  "rollouts": [
    {
      "steps": 150,
      "done_reason": "timeout",
      "final_done_reason": "timeout",
      "first_done_step": 150,
      "first_success_step": null,
      "fixed_duration_steps": null,
      "success": false,
      "reached_tolerance": false,
      "final_ee_error_m": 0.28864312171936035,
      "min_ee_error_m": 0.07150611281394958,
      "mean_ee_error_m": 0.9903467297554016,
      "reward_sum": 29.18943214416504,
      "unsafe_action_rate": 0.0,
      "min_clearance_m": 0.12854081392288208,
      "goal_base": [
        2.518320083618164,
        3.4308600425720215,
        -3.8484199047088623
      ],
      "contact_kind": null,
      "contact_links": [],
      "joint_limit_labels": [],
      "rollout_index": 0
    }
  ]
}
[28/100] goal=(2.52,3.43,-3.85) rc=0 wall=36s
Actor MLP: Sequential(
  (0): Linear(in_features=26, out_features=256, bias=True)
  (1): ELU(alpha=1.0)
  (2): Linear(in_features=256, out_features=128, bias=True)
  (3): ELU(alpha=1.0)
  (4): Linear(in_features=128, out_features=64, bias=True)
  (5): ELU(alpha=1.0)
  (6): Linear(in_features=64, out_features=4, bias=True)
)
Critic MLP: Sequential(
  (0): Linear(in_features=26, out_features=256, bias=True)
  (1): ELU(alpha=1.0)
  (2): Linear(in_features=256, out_features=128, bias=True)
  (3): ELU(alpha=1.0)
  (4): Linear(in_features=128, out_features=64, bias=True)
  (5): ELU(alpha=1.0)
  (6): Linear(in_features=64, out_features=1, bias=True)
)
!!!!!!!!!!!!!added lock!!!!!!!!!!!!
{"steps": 150, "done_reason": "timeout", "final_done_reason": "timeout", "first_done_step": 150, "first_success_step": null, "fixed_duration_steps": null, "success": false, "reached_tolerance": false, "final_ee_error_m": 0.12744580209255219, "min_ee_error_m": 0.11977799981832504, "mean_ee_error_m": 1.5394691228866577, "reward_sum": 19.29916000366211, "unsafe_action_rate": 0.0, "min_clearance_m": 0.1292538046836853, "goal_base": [0.7841200232505798, 4.893829822540283, -2.575819969177246], "contact_kind": null, "contact_links": [], "joint_limit_labels": [], "rollout_index": 0}
{
  "backend": "chrono_arm_reaching",
  "policy_checkpoint": "/home/harry/NeDM/artifacts/rl_runs_arm_goal_reach/arm_reach_adaptivekl005_lr1e4_tol005_ep150_bonus150_sigma015_rollsel_rom_20260721/model_1499.pt",
  "pre_roll_time_s": 6.0,
  "render": false,
  "save_render_frames": false,
  "frame_output_dir": null,
  "render_steps": 1,
  "consecutive_goals": false,
  "goal_duration_s": null,
  "goal_duration_steps": null,
  "requested_goals": 1,
  "num_rollouts": 1,
  "success_rate": 0.0,
  "reached_tolerance_rate": 0.0,
  "mean_final_ee_error_m": 0.12744580209255219,
  "mean_min_ee_error_m": 0.11977799981832504,
  "rollouts": [
    {
      "steps": 150,
      "done_reason": "timeout",
      "final_done_reason": "timeout",
      "first_done_step": 150,
      "first_success_step": null,
      "fixed_duration_steps": null,
      "success": false,
      "reached_tolerance": false,
      "final_ee_error_m": 0.12744580209255219,
      "min_ee_error_m": 0.11977799981832504,
      "mean_ee_error_m": 1.5394691228866577,
      "reward_sum": 19.29916000366211,
      "unsafe_action_rate": 0.0,
      "min_clearance_m": 0.1292538046836853,
      "goal_base": [
        0.7841200232505798,
        4.893829822540283,
        -2.575819969177246
      ],
      "contact_kind": null,
      "contact_links": [],
      "joint_limit_labels": [],
      "rollout_index": 0
    }
  ]
}
[29/100] goal=(0.78,4.89,-2.58) rc=0 wall=36s
Actor MLP: Sequential(
  (0): Linear(in_features=26, out_features=256, bias=True)
  (1): ELU(alpha=1.0)
  (2): Linear(in_features=256, out_features=128, bias=True)
  (3): ELU(alpha=1.0)
  (4): Linear(in_features=128, out_features=64, bias=True)
  (5): ELU(alpha=1.0)
  (6): Linear(in_features=64, out_features=4, bias=True)
)
Critic MLP: Sequential(
  (0): Linear(in_features=26, out_features=256, bias=True)
  (1): ELU(alpha=1.0)
  (2): Linear(in_features=256, out_features=128, bias=True)
  (3): ELU(alpha=1.0)
  (4): Linear(in_features=128, out_features=64, bias=True)
  (5): ELU(alpha=1.0)
  (6): Linear(in_features=64, out_features=1, bias=True)
)
!!!!!!!!!!!!!added lock!!!!!!!!!!!!
{"steps": 39, "done_reason": "success", "final_done_reason": "success", "first_done_step": 39, "first_success_step": 39, "fixed_duration_steps": null, "success": true, "reached_tolerance": true, "final_ee_error_m": 0.0388009138405323, "min_ee_error_m": 0.0388009138405323, "mean_ee_error_m": 3.0016369819641113, "reward_sum": 151.8749237060547, "unsafe_action_rate": 0.0, "min_clearance_m": 0.13348466157913208, "goal_base": [3.3186700344085693, 4.407609939575195, -0.791700005531311], "contact_kind": null, "contact_links": [], "joint_limit_labels": [], "rollout_index": 0}
{
  "backend": "chrono_arm_reaching",
  "policy_checkpoint": "/home/harry/NeDM/artifacts/rl_runs_arm_goal_reach/arm_reach_adaptivekl005_lr1e4_tol005_ep150_bonus150_sigma015_rollsel_rom_20260721/model_1499.pt",
  "pre_roll_time_s": 6.0,
  "render": false,
  "save_render_frames": false,
  "frame_output_dir": null,
  "render_steps": 1,
  "consecutive_goals": false,
  "goal_duration_s": null,
  "goal_duration_steps": null,
  "requested_goals": 1,
  "num_rollouts": 1,
  "success_rate": 1.0,
  "reached_tolerance_rate": 1.0,
  "mean_final_ee_error_m": 0.0388009138405323,
  "mean_min_ee_error_m": 0.0388009138405323,
  "rollouts": [
    {
      "steps": 39,
      "done_reason": "success",
      "final_done_reason": "success",
      "first_done_step": 39,
      "first_success_step": 39,
      "fixed_duration_steps": null,
      "success": true,
      "reached_tolerance": true,
      "final_ee_error_m": 0.0388009138405323,
      "min_ee_error_m": 0.0388009138405323,
      "mean_ee_error_m": 3.0016369819641113,
      "reward_sum": 151.8749237060547,
      "unsafe_action_rate": 0.0,
      "min_clearance_m": 0.13348466157913208,
      "goal_base": [
        3.3186700344085693,
        4.407609939575195,
        -0.791700005531311
      ],
      "contact_kind": null,
      "contact_links": [],
      "joint_limit_labels": [],
      "rollout_index": 0
    }
  ]
}
[30/100] goal=(3.32,4.41,-0.79) rc=0 wall=27s
Actor MLP: Sequential(
  (0): Linear(in_features=26, out_features=256, bias=True)
  (1): ELU(alpha=1.0)
  (2): Linear(in_features=256, out_features=128, bias=True)
  (3): ELU(alpha=1.0)
  (4): Linear(in_features=128, out_features=64, bias=True)
  (5): ELU(alpha=1.0)
  (6): Linear(in_features=64, out_features=4, bias=True)
)
Critic MLP: Sequential(
  (0): Linear(in_features=26, out_features=256, bias=True)
  (1): ELU(alpha=1.0)
  (2): Linear(in_features=256, out_features=128, bias=True)
  (3): ELU(alpha=1.0)
  (4): Linear(in_features=128, out_features=64, bias=True)
  (5): ELU(alpha=1.0)
  (6): Linear(in_features=64, out_features=1, bias=True)
)
!!!!!!!!!!!!!added lock!!!!!!!!!!!!
{"steps": 35, "done_reason": "success", "final_done_reason": "success", "first_done_step": 35, "first_success_step": 35, "fixed_duration_steps": null, "success": true, "reached_tolerance": true, "final_ee_error_m": 0.033690426498651505, "min_ee_error_m": 0.033690426498651505, "mean_ee_error_m": 2.6514315605163574, "reward_sum": 151.7501983642578, "unsafe_action_rate": 0.0, "min_clearance_m": 0.13158804178237915, "goal_base": [3.7156100273132324, -3.828049898147583, -1.9445500373840332], "contact_kind": null, "contact_links": [], "joint_limit_labels": [], "rollout_index": 0}
{
  "backend": "chrono_arm_reaching",
  "policy_checkpoint": "/home/harry/NeDM/artifacts/rl_runs_arm_goal_reach/arm_reach_adaptivekl005_lr1e4_tol005_ep150_bonus150_sigma015_rollsel_rom_20260721/model_1499.pt",
  "pre_roll_time_s": 6.0,
  "render": false,
  "save_render_frames": false,
  "frame_output_dir": null,
  "render_steps": 1,
  "consecutive_goals": false,
  "goal_duration_s": null,
  "goal_duration_steps": null,
  "requested_goals": 1,
  "num_rollouts": 1,
  "success_rate": 1.0,
  "reached_tolerance_rate": 1.0,
  "mean_final_ee_error_m": 0.033690426498651505,
  "mean_min_ee_error_m": 0.033690426498651505,
  "rollouts": [
    {
      "steps": 35,
      "done_reason": "success",
      "final_done_reason": "success",
      "first_done_step": 35,
      "first_success_step": 35,
      "fixed_duration_steps": null,
      "success": true,
      "reached_tolerance": true,
      "final_ee_error_m": 0.033690426498651505,
      "min_ee_error_m": 0.033690426498651505,
      "mean_ee_error_m": 2.6514315605163574,
      "reward_sum": 151.7501983642578,
      "unsafe_action_rate": 0.0,
      "min_clearance_m": 0.13158804178237915,
      "goal_base": [
        3.7156100273132324,
        -3.828049898147583,
        -1.9445500373840332
      ],
      "contact_kind": null,
      "contact_links": [],
      "joint_limit_labels": [],
      "rollout_index": 0
    }
  ]
}
[31/100] goal=(3.72,-3.83,-1.94) rc=0 wall=27s
Actor MLP: Sequential(
  (0): Linear(in_features=26, out_features=256, bias=True)
  (1): ELU(alpha=1.0)
  (2): Linear(in_features=256, out_features=128, bias=True)
  (3): ELU(alpha=1.0)
  (4): Linear(in_features=128, out_features=64, bias=True)
  (5): ELU(alpha=1.0)
  (6): Linear(in_features=64, out_features=4, bias=True)
)
Critic MLP: Sequential(
  (0): Linear(in_features=26, out_features=256, bias=True)
  (1): ELU(alpha=1.0)
  (2): Linear(in_features=256, out_features=128, bias=True)
  (3): ELU(alpha=1.0)
  (4): Linear(in_features=128, out_features=64, bias=True)
  (5): ELU(alpha=1.0)
  (6): Linear(in_features=64, out_features=1, bias=True)
)
!!!!!!!!!!!!!added lock!!!!!!!!!!!!
{"steps": 38, "done_reason": "success", "final_done_reason": "success", "first_done_step": 38, "first_success_step": 38, "fixed_duration_steps": null, "success": true, "reached_tolerance": true, "final_ee_error_m": 0.04618880897760391, "min_ee_error_m": 0.04618880897760391, "mean_ee_error_m": 1.361933708190918, "reward_sum": 155.3885498046875, "unsafe_action_rate": 0.0, "min_clearance_m": 0.12856334447860718, "goal_base": [4.447999954223633, 1.1222200393676758, -3.6300299167633057], "contact_kind": null, "contact_links": [], "joint_limit_labels": [], "rollout_index": 0}
{
  "backend": "chrono_arm_reaching",
  "policy_checkpoint": "/home/harry/NeDM/artifacts/rl_runs_arm_goal_reach/arm_reach_adaptivekl005_lr1e4_tol005_ep150_bonus150_sigma015_rollsel_rom_20260721/model_1499.pt",
  "pre_roll_time_s": 6.0,
  "render": false,
  "save_render_frames": false,
  "frame_output_dir": null,
  "render_steps": 1,
  "consecutive_goals": false,
  "goal_duration_s": null,
  "goal_duration_steps": null,
  "requested_goals": 1,
  "num_rollouts": 1,
  "success_rate": 1.0,
  "reached_tolerance_rate": 1.0,
  "mean_final_ee_error_m": 0.04618880897760391,
  "mean_min_ee_error_m": 0.04618880897760391,
  "rollouts": [
    {
      "steps": 38,
      "done_reason": "success",
      "final_done_reason": "success",
      "first_done_step": 38,
      "first_success_step": 38,
      "fixed_duration_steps": null,
      "success": true,
      "reached_tolerance": true,
      "final_ee_error_m": 0.04618880897760391,
      "min_ee_error_m": 0.04618880897760391,
      "mean_ee_error_m": 1.361933708190918,
      "reward_sum": 155.3885498046875,
      "unsafe_action_rate": 0.0,
      "min_clearance_m": 0.12856334447860718,
      "goal_base": [
        4.447999954223633,
        1.1222200393676758,
        -3.6300299167633057
      ],
      "contact_kind": null,
      "contact_links": [],
      "joint_limit_labels": [],
      "rollout_index": 0
    }
  ]
}
[32/100] goal=(4.45,1.12,-3.63) rc=0 wall=27s
Actor MLP: Sequential(
  (0): Linear(in_features=26, out_features=256, bias=True)
  (1): ELU(alpha=1.0)
  (2): Linear(in_features=256, out_features=128, bias=True)
  (3): ELU(alpha=1.0)
  (4): Linear(in_features=128, out_features=64, bias=True)
  (5): ELU(alpha=1.0)
  (6): Linear(in_features=64, out_features=4, bias=True)
)
Critic MLP: Sequential(
  (0): Linear(in_features=26, out_features=256, bias=True)
  (1): ELU(alpha=1.0)
  (2): Linear(in_features=256, out_features=128, bias=True)
  (3): ELU(alpha=1.0)
  (4): Linear(in_features=128, out_features=64, bias=True)
  (5): ELU(alpha=1.0)
  (6): Linear(in_features=64, out_features=1, bias=True)
)
!!!!!!!!!!!!!added lock!!!!!!!!!!!!
{"steps": 41, "done_reason": "success", "final_done_reason": "success", "first_done_step": 41, "first_success_step": 41, "fixed_duration_steps": null, "success": true, "reached_tolerance": true, "final_ee_error_m": 0.0482356995344162, "min_ee_error_m": 0.0482356995344162, "mean_ee_error_m": 0.995048999786377, "reward_sum": 157.9243927001953, "unsafe_action_rate": 0.0, "min_clearance_m": 0.1285746693611145, "goal_base": [4.613800048828125, 0.3489600121974945, -3.493220090866089], "contact_kind": null, "contact_links": [], "joint_limit_labels": [], "rollout_index": 0}
{
  "backend": "chrono_arm_reaching",
  "policy_checkpoint": "/home/harry/NeDM/artifacts/rl_runs_arm_goal_reach/arm_reach_adaptivekl005_lr1e4_tol005_ep150_bonus150_sigma015_rollsel_rom_20260721/model_1499.pt",
  "pre_roll_time_s": 6.0,
  "render": false,
  "save_render_frames": false,
  "frame_output_dir": null,
  "render_steps": 1,
  "consecutive_goals": false,
  "goal_duration_s": null,
  "goal_duration_steps": null,
  "requested_goals": 1,
  "num_rollouts": 1,
  "success_rate": 1.0,
  "reached_tolerance_rate": 1.0,
  "mean_final_ee_error_m": 0.0482356995344162,
  "mean_min_ee_error_m": 0.0482356995344162,
  "rollouts": [
    {
      "steps": 41,
      "done_reason": "success",
      "final_done_reason": "success",
      "first_done_step": 41,
      "first_success_step": 41,
      "fixed_duration_steps": null,
      "success": true,
      "reached_tolerance": true,
      "final_ee_error_m": 0.0482356995344162,
      "min_ee_error_m": 0.0482356995344162,
      "mean_ee_error_m": 0.995048999786377,
      "reward_sum": 157.9243927001953,
      "unsafe_action_rate": 0.0,
      "min_clearance_m": 0.1285746693611145,
      "goal_base": [
        4.613800048828125,
        0.3489600121974945,
        -3.493220090866089
      ],
      "contact_kind": null,
      "contact_links": [],
      "joint_limit_labels": [],
      "rollout_index": 0
    }
  ]
}
[33/100] goal=(4.61,0.35,-3.49) rc=0 wall=28s
Actor MLP: Sequential(
  (0): Linear(in_features=26, out_features=256, bias=True)
  (1): ELU(alpha=1.0)
  (2): Linear(in_features=256, out_features=128, bias=True)
  (3): ELU(alpha=1.0)
  (4): Linear(in_features=128, out_features=64, bias=True)
  (5): ELU(alpha=1.0)
  (6): Linear(in_features=64, out_features=4, bias=True)
)
Critic MLP: Sequential(
  (0): Linear(in_features=26, out_features=256, bias=True)
  (1): ELU(alpha=1.0)
  (2): Linear(in_features=256, out_features=128, bias=True)
  (3): ELU(alpha=1.0)
  (4): Linear(in_features=128, out_features=64, bias=True)
  (5): ELU(alpha=1.0)
  (6): Linear(in_features=64, out_features=1, bias=True)
)
!!!!!!!!!!!!!added lock!!!!!!!!!!!!
{"steps": 68, "done_reason": "success", "final_done_reason": "success", "first_done_step": 68, "first_success_step": 68, "fixed_duration_steps": null, "success": true, "reached_tolerance": true, "final_ee_error_m": 0.04294295236468315, "min_ee_error_m": 0.04294295236468315, "mean_ee_error_m": 2.392756700515747, "reward_sum": 160.16439819335938, "unsafe_action_rate": 0.0, "min_clearance_m": 0.12849277257919312, "goal_base": [0.8453800082206726, -4.044680118560791, -4.242239952087402], "contact_kind": null, "contact_links": [], "joint_limit_labels": [], "rollout_index": 0}
{
  "backend": "chrono_arm_reaching",
  "policy_checkpoint": "/home/harry/NeDM/artifacts/rl_runs_arm_goal_reach/arm_reach_adaptivekl005_lr1e4_tol005_ep150_bonus150_sigma015_rollsel_rom_20260721/model_1499.pt",
  "pre_roll_time_s": 6.0,
  "render": false,
  "save_render_frames": false,
  "frame_output_dir": null,
  "render_steps": 1,
  "consecutive_goals": false,
  "goal_duration_s": null,
  "goal_duration_steps": null,
  "requested_goals": 1,
  "num_rollouts": 1,
  "success_rate": 1.0,
  "reached_tolerance_rate": 1.0,
  "mean_final_ee_error_m": 0.04294295236468315,
  "mean_min_ee_error_m": 0.04294295236468315,
  "rollouts": [
    {
      "steps": 68,
      "done_reason": "success",
      "final_done_reason": "success",
      "first_done_step": 68,
      "first_success_step": 68,
      "fixed_duration_steps": null,
      "success": true,
      "reached_tolerance": true,
      "final_ee_error_m": 0.04294295236468315,
      "min_ee_error_m": 0.04294295236468315,
      "mean_ee_error_m": 2.392756700515747,
      "reward_sum": 160.16439819335938,
      "unsafe_action_rate": 0.0,
      "min_clearance_m": 0.12849277257919312,
      "goal_base": [
        0.8453800082206726,
        -4.044680118560791,
        -4.242239952087402
      ],
      "contact_kind": null,
      "contact_links": [],
      "joint_limit_labels": [],
      "rollout_index": 0
    }
  ]
}
[34/100] goal=(0.85,-4.04,-4.24) rc=0 wall=29s
Actor MLP: Sequential(
  (0): Linear(in_features=26, out_features=256, bias=True)
  (1): ELU(alpha=1.0)
  (2): Linear(in_features=256, out_features=128, bias=True)
  (3): ELU(alpha=1.0)
  (4): Linear(in_features=128, out_features=64, bias=True)
  (5): ELU(alpha=1.0)
  (6): Linear(in_features=64, out_features=4, bias=True)
)
Critic MLP: Sequential(
  (0): Linear(in_features=26, out_features=256, bias=True)
  (1): ELU(alpha=1.0)
  (2): Linear(in_features=256, out_features=128, bias=True)
  (3): ELU(alpha=1.0)
  (4): Linear(in_features=128, out_features=64, bias=True)
  (5): ELU(alpha=1.0)
  (6): Linear(in_features=64, out_features=1, bias=True)
)
!!!!!!!!!!!!!added lock!!!!!!!!!!!!
{"steps": 36, "done_reason": "success", "final_done_reason": "success", "first_done_step": 36, "first_success_step": 36, "fixed_duration_steps": null, "success": true, "reached_tolerance": true, "final_ee_error_m": 0.048751309514045715, "min_ee_error_m": 0.048751309514045715, "mean_ee_error_m": 1.5738935470581055, "reward_sum": 153.69400024414062, "unsafe_action_rate": 0.0, "min_clearance_m": 0.12856405973434448, "goal_base": [4.4045000076293945, 1.5764000415802002, -3.523020029067993], "contact_kind": null, "contact_links": [], "joint_limit_labels": [], "rollout_index": 0}
{
  "backend": "chrono_arm_reaching",
  "policy_checkpoint": "/home/harry/NeDM/artifacts/rl_runs_arm_goal_reach/arm_reach_adaptivekl005_lr1e4_tol005_ep150_bonus150_sigma015_rollsel_rom_20260721/model_1499.pt",
  "pre_roll_time_s": 6.0,
  "render": false,
  "save_render_frames": false,
  "frame_output_dir": null,
  "render_steps": 1,
  "consecutive_goals": false,
  "goal_duration_s": null,
  "goal_duration_steps": null,
  "requested_goals": 1,
  "num_rollouts": 1,
  "success_rate": 1.0,
  "reached_tolerance_rate": 1.0,
  "mean_final_ee_error_m": 0.048751309514045715,
  "mean_min_ee_error_m": 0.048751309514045715,
  "rollouts": [
    {
      "steps": 36,
      "done_reason": "success",
      "final_done_reason": "success",
      "first_done_step": 36,
      "first_success_step": 36,
      "fixed_duration_steps": null,
      "success": true,
      "reached_tolerance": true,
      "final_ee_error_m": 0.048751309514045715,
      "min_ee_error_m": 0.048751309514045715,
      "mean_ee_error_m": 1.5738935470581055,
      "reward_sum": 153.69400024414062,
      "unsafe_action_rate": 0.0,
      "min_clearance_m": 0.12856405973434448,
      "goal_base": [
        4.4045000076293945,
        1.5764000415802002,
        -3.523020029067993
      ],
      "contact_kind": null,
      "contact_links": [],
      "joint_limit_labels": [],
      "rollout_index": 0
    }
  ]
}
[35/100] goal=(4.40,1.58,-3.52) rc=0 wall=27s
Actor MLP: Sequential(
  (0): Linear(in_features=26, out_features=256, bias=True)
  (1): ELU(alpha=1.0)
  (2): Linear(in_features=256, out_features=128, bias=True)
  (3): ELU(alpha=1.0)
  (4): Linear(in_features=128, out_features=64, bias=True)
  (5): ELU(alpha=1.0)
  (6): Linear(in_features=64, out_features=4, bias=True)
)
Critic MLP: Sequential(
  (0): Linear(in_features=26, out_features=256, bias=True)
  (1): ELU(alpha=1.0)
  (2): Linear(in_features=256, out_features=128, bias=True)
  (3): ELU(alpha=1.0)
  (4): Linear(in_features=128, out_features=64, bias=True)
  (5): ELU(alpha=1.0)
  (6): Linear(in_features=64, out_features=1, bias=True)
)
!!!!!!!!!!!!!added lock!!!!!!!!!!!!
{"steps": 44, "done_reason": "success", "final_done_reason": "success", "first_done_step": 44, "first_success_step": 44, "fixed_duration_steps": null, "success": true, "reached_tolerance": true, "final_ee_error_m": 0.014385072514414787, "min_ee_error_m": 0.014385072514414787, "mean_ee_error_m": 4.49330997467041, "reward_sum": 151.89561462402344, "unsafe_action_rate": 0.0, "min_clearance_m": 0.13311105966567993, "goal_base": [0.8093500137329102, 5.3915300369262695, -1.3629399538040161], "contact_kind": null, "contact_links": [], "joint_limit_labels": [], "rollout_index": 0}
{
  "backend": "chrono_arm_reaching",
  "policy_checkpoint": "/home/harry/NeDM/artifacts/rl_runs_arm_goal_reach/arm_reach_adaptivekl005_lr1e4_tol005_ep150_bonus150_sigma015_rollsel_rom_20260721/model_1499.pt",
  "pre_roll_time_s": 6.0,
  "render": false,
  "save_render_frames": false,
  "frame_output_dir": null,
  "render_steps": 1,
  "consecutive_goals": false,
  "goal_duration_s": null,
  "goal_duration_steps": null,
  "requested_goals": 1,
  "num_rollouts": 1,
  "success_rate": 1.0,
  "reached_tolerance_rate": 1.0,
  "mean_final_ee_error_m": 0.014385072514414787,
  "mean_min_ee_error_m": 0.014385072514414787,
  "rollouts": [
    {
      "steps": 44,
      "done_reason": "success",
      "final_done_reason": "success",
      "first_done_step": 44,
      "first_success_step": 44,
      "fixed_duration_steps": null,
      "success": true,
      "reached_tolerance": true,
      "final_ee_error_m": 0.014385072514414787,
      "min_ee_error_m": 0.014385072514414787,
      "mean_ee_error_m": 4.49330997467041,
      "reward_sum": 151.89561462402344,
      "unsafe_action_rate": 0.0,
      "min_clearance_m": 0.13311105966567993,
      "goal_base": [
        0.8093500137329102,
        5.3915300369262695,
        -1.3629399538040161
      ],
      "contact_kind": null,
      "contact_links": [],
      "joint_limit_labels": [],
      "rollout_index": 0
    }
  ]
}
[36/100] goal=(0.81,5.39,-1.36) rc=0 wall=28s
Actor MLP: Sequential(
  (0): Linear(in_features=26, out_features=256, bias=True)
  (1): ELU(alpha=1.0)
  (2): Linear(in_features=256, out_features=128, bias=True)
  (3): ELU(alpha=1.0)
  (4): Linear(in_features=128, out_features=64, bias=True)
  (5): ELU(alpha=1.0)
  (6): Linear(in_features=64, out_features=4, bias=True)
)
Critic MLP: Sequential(
  (0): Linear(in_features=26, out_features=256, bias=True)
  (1): ELU(alpha=1.0)
  (2): Linear(in_features=256, out_features=128, bias=True)
  (3): ELU(alpha=1.0)
  (4): Linear(in_features=128, out_features=64, bias=True)
  (5): ELU(alpha=1.0)
  (6): Linear(in_features=64, out_features=1, bias=True)
)
!!!!!!!!!!!!!added lock!!!!!!!!!!!!
{"steps": 37, "done_reason": "success", "final_done_reason": "success", "first_done_step": 37, "first_success_step": 37, "fixed_duration_steps": null, "success": true, "reached_tolerance": true, "final_ee_error_m": 0.04206894338130951, "min_ee_error_m": 0.04206894338130951, "mean_ee_error_m": 3.5211915969848633, "reward_sum": 151.14932250976562, "unsafe_action_rate": 0.0, "min_clearance_m": 0.1288805603981018, "goal_base": [2.4798901081085205, 4.30010986328125, -2.9230101108551025], "contact_kind": null, "contact_links": [], "joint_limit_labels": [], "rollout_index": 0}
{
  "backend": "chrono_arm_reaching",
  "policy_checkpoint": "/home/harry/NeDM/artifacts/rl_runs_arm_goal_reach/arm_reach_adaptivekl005_lr1e4_tol005_ep150_bonus150_sigma015_rollsel_rom_20260721/model_1499.pt",
  "pre_roll_time_s": 6.0,
  "render": false,
  "save_render_frames": false,
  "frame_output_dir": null,
  "render_steps": 1,
  "consecutive_goals": false,
  "goal_duration_s": null,
  "goal_duration_steps": null,
  "requested_goals": 1,
  "num_rollouts": 1,
  "success_rate": 1.0,
  "reached_tolerance_rate": 1.0,
  "mean_final_ee_error_m": 0.04206894338130951,
  "mean_min_ee_error_m": 0.04206894338130951,
  "rollouts": [
    {
      "steps": 37,
      "done_reason": "success",
      "final_done_reason": "success",
      "first_done_step": 37,
      "first_success_step": 37,
      "fixed_duration_steps": null,
      "success": true,
      "reached_tolerance": true,
      "final_ee_error_m": 0.04206894338130951,
      "min_ee_error_m": 0.04206894338130951,
      "mean_ee_error_m": 3.5211915969848633,
      "reward_sum": 151.14932250976562,
      "unsafe_action_rate": 0.0,
      "min_clearance_m": 0.1288805603981018,
      "goal_base": [
        2.4798901081085205,
        4.30010986328125,
        -2.9230101108551025
      ],
      "contact_kind": null,
      "contact_links": [],
      "joint_limit_labels": [],
      "rollout_index": 0
    }
  ]
}
[37/100] goal=(2.48,4.30,-2.92) rc=0 wall=28s
Actor MLP: Sequential(
  (0): Linear(in_features=26, out_features=256, bias=True)
  (1): ELU(alpha=1.0)
  (2): Linear(in_features=256, out_features=128, bias=True)
  (3): ELU(alpha=1.0)
  (4): Linear(in_features=128, out_features=64, bias=True)
  (5): ELU(alpha=1.0)
  (6): Linear(in_features=64, out_features=4, bias=True)
)
Critic MLP: Sequential(
  (0): Linear(in_features=26, out_features=256, bias=True)
  (1): ELU(alpha=1.0)
  (2): Linear(in_features=256, out_features=128, bias=True)
  (3): ELU(alpha=1.0)
  (4): Linear(in_features=128, out_features=64, bias=True)
  (5): ELU(alpha=1.0)
  (6): Linear(in_features=64, out_features=1, bias=True)
)
!!!!!!!!!!!!!added lock!!!!!!!!!!!!
{"steps": 41, "done_reason": "success", "final_done_reason": "success", "first_done_step": 41, "first_success_step": 41, "fixed_duration_steps": null, "success": true, "reached_tolerance": true, "final_ee_error_m": 0.04228827729821205, "min_ee_error_m": 0.04228827729821205, "mean_ee_error_m": 0.7410712242126465, "reward_sum": 158.5027618408203, "unsafe_action_rate": 0.0, "min_clearance_m": 0.1288166642189026, "goal_base": [4.932990074157715, -0.6414700150489807, -2.9068000316619873], "contact_kind": null, "contact_links": [], "joint_limit_labels": [], "rollout_index": 0}
{
  "backend": "chrono_arm_reaching",
  "policy_checkpoint": "/home/harry/NeDM/artifacts/rl_runs_arm_goal_reach/arm_reach_adaptivekl005_lr1e4_tol005_ep150_bonus150_sigma015_rollsel_rom_20260721/model_1499.pt",
  "pre_roll_time_s": 6.0,
  "render": false,
  "save_render_frames": false,
  "frame_output_dir": null,
  "render_steps": 1,
  "consecutive_goals": false,
  "goal_duration_s": null,
  "goal_duration_steps": null,
  "requested_goals": 1,
  "num_rollouts": 1,
  "success_rate": 1.0,
  "reached_tolerance_rate": 1.0,
  "mean_final_ee_error_m": 0.04228827729821205,
  "mean_min_ee_error_m": 0.04228827729821205,
  "rollouts": [
    {
      "steps": 41,
      "done_reason": "success",
      "final_done_reason": "success",
      "first_done_step": 41,
      "first_success_step": 41,
      "fixed_duration_steps": null,
      "success": true,
      "reached_tolerance": true,
      "final_ee_error_m": 0.04228827729821205,
      "min_ee_error_m": 0.04228827729821205,
      "mean_ee_error_m": 0.7410712242126465,
      "reward_sum": 158.5027618408203,
      "unsafe_action_rate": 0.0,
      "min_clearance_m": 0.1288166642189026,
      "goal_base": [
        4.932990074157715,
        -0.6414700150489807,
        -2.9068000316619873
      ],
      "contact_kind": null,
      "contact_links": [],
      "joint_limit_labels": [],
      "rollout_index": 0
    }
  ]
}
[38/100] goal=(4.93,-0.64,-2.91) rc=0 wall=27s
Actor MLP: Sequential(
  (0): Linear(in_features=26, out_features=256, bias=True)
  (1): ELU(alpha=1.0)
  (2): Linear(in_features=256, out_features=128, bias=True)
  (3): ELU(alpha=1.0)
  (4): Linear(in_features=128, out_features=64, bias=True)
  (5): ELU(alpha=1.0)
  (6): Linear(in_features=64, out_features=4, bias=True)
)
Critic MLP: Sequential(
  (0): Linear(in_features=26, out_features=256, bias=True)
  (1): ELU(alpha=1.0)
  (2): Linear(in_features=256, out_features=128, bias=True)
  (3): ELU(alpha=1.0)
  (4): Linear(in_features=128, out_features=64, bias=True)
  (5): ELU(alpha=1.0)
  (6): Linear(in_features=64, out_features=1, bias=True)
)
!!!!!!!!!!!!!added lock!!!!!!!!!!!!
{"steps": 63, "done_reason": "success", "final_done_reason": "success", "first_done_step": 63, "first_success_step": 63, "fixed_duration_steps": null, "success": true, "reached_tolerance": true, "final_ee_error_m": 0.0481574572622776, "min_ee_error_m": 0.0481574572622776, "mean_ee_error_m": 0.6947780847549438, "reward_sum": 169.85276794433594, "unsafe_action_rate": 0.0, "min_clearance_m": 0.1287282109260559, "goal_base": [4.771240234375, 1.0729299783706665, -3.021120071411133], "contact_kind": null, "contact_links": [], "joint_limit_labels": [], "rollout_index": 0}
{
  "backend": "chrono_arm_reaching",
  "policy_checkpoint": "/home/harry/NeDM/artifacts/rl_runs_arm_goal_reach/arm_reach_adaptivekl005_lr1e4_tol005_ep150_bonus150_sigma015_rollsel_rom_20260721/model_1499.pt",
  "pre_roll_time_s": 6.0,
  "render": false,
  "save_render_frames": false,
  "frame_output_dir": null,
  "render_steps": 1,
  "consecutive_goals": false,
  "goal_duration_s": null,
  "goal_duration_steps": null,
  "requested_goals": 1,
  "num_rollouts": 1,
  "success_rate": 1.0,
  "reached_tolerance_rate": 1.0,
  "mean_final_ee_error_m": 0.0481574572622776,
  "mean_min_ee_error_m": 0.0481574572622776,
  "rollouts": [
    {
      "steps": 63,
      "done_reason": "success",
      "final_done_reason": "success",
      "first_done_step": 63,
      "first_success_step": 63,
      "fixed_duration_steps": null,
      "success": true,
      "reached_tolerance": true,
      "final_ee_error_m": 0.0481574572622776,
      "min_ee_error_m": 0.0481574572622776,
      "mean_ee_error_m": 0.6947780847549438,
      "reward_sum": 169.85276794433594,
      "unsafe_action_rate": 0.0,
      "min_clearance_m": 0.1287282109260559,
      "goal_base": [
        4.771240234375,
        1.0729299783706665,
        -3.021120071411133
      ],
      "contact_kind": null,
      "contact_links": [],
      "joint_limit_labels": [],
      "rollout_index": 0
    }
  ]
}
[39/100] goal=(4.77,1.07,-3.02) rc=0 wall=29s
Actor MLP: Sequential(
  (0): Linear(in_features=26, out_features=256, bias=True)
  (1): ELU(alpha=1.0)
  (2): Linear(in_features=256, out_features=128, bias=True)
  (3): ELU(alpha=1.0)
  (4): Linear(in_features=128, out_features=64, bias=True)
  (5): ELU(alpha=1.0)
  (6): Linear(in_features=64, out_features=4, bias=True)
)
Critic MLP: Sequential(
  (0): Linear(in_features=26, out_features=256, bias=True)
  (1): ELU(alpha=1.0)
  (2): Linear(in_features=256, out_features=128, bias=True)
  (3): ELU(alpha=1.0)
  (4): Linear(in_features=128, out_features=64, bias=True)
  (5): ELU(alpha=1.0)
  (6): Linear(in_features=64, out_features=1, bias=True)
)
!!!!!!!!!!!!!added lock!!!!!!!!!!!!
{"steps": 53, "done_reason": "success", "final_done_reason": "success", "first_done_step": 53, "first_success_step": 53, "fixed_duration_steps": null, "success": true, "reached_tolerance": true, "final_ee_error_m": 0.03759526088833809, "min_ee_error_m": 0.03759526088833809, "mean_ee_error_m": 3.454270362854004, "reward_sum": 155.08892822265625, "unsafe_action_rate": 0.0, "min_clearance_m": 0.13348466157913208, "goal_base": [1.2616599798202515, -5.355000019073486, -0.8415899872779846], "contact_kind": null, "contact_links": [], "joint_limit_labels": [], "rollout_index": 0}
{
  "backend": "chrono_arm_reaching",
  "policy_checkpoint": "/home/harry/NeDM/artifacts/rl_runs_arm_goal_reach/arm_reach_adaptivekl005_lr1e4_tol005_ep150_bonus150_sigma015_rollsel_rom_20260721/model_1499.pt",
  "pre_roll_time_s": 6.0,
  "render": false,
  "save_render_frames": false,
  "frame_output_dir": null,
  "render_steps": 1,
  "consecutive_goals": false,
  "goal_duration_s": null,
  "goal_duration_steps": null,
  "requested_goals": 1,
  "num_rollouts": 1,
  "success_rate": 1.0,
  "reached_tolerance_rate": 1.0,
  "mean_final_ee_error_m": 0.03759526088833809,
  "mean_min_ee_error_m": 0.03759526088833809,
  "rollouts": [
    {
      "steps": 53,
      "done_reason": "success",
      "final_done_reason": "success",
      "first_done_step": 53,
      "first_success_step": 53,
      "fixed_duration_steps": null,
      "success": true,
      "reached_tolerance": true,
      "final_ee_error_m": 0.03759526088833809,
      "min_ee_error_m": 0.03759526088833809,
      "mean_ee_error_m": 3.454270362854004,
      "reward_sum": 155.08892822265625,
      "unsafe_action_rate": 0.0,
      "min_clearance_m": 0.13348466157913208,
      "goal_base": [
        1.2616599798202515,
        -5.355000019073486,
        -0.8415899872779846
      ],
      "contact_kind": null,
      "contact_links": [],
      "joint_limit_labels": [],
      "rollout_index": 0
    }
  ]
}
[40/100] goal=(1.26,-5.36,-0.84) rc=0 wall=28s
Actor MLP: Sequential(
  (0): Linear(in_features=26, out_features=256, bias=True)
  (1): ELU(alpha=1.0)
  (2): Linear(in_features=256, out_features=128, bias=True)
  (3): ELU(alpha=1.0)
  (4): Linear(in_features=128, out_features=64, bias=True)
  (5): ELU(alpha=1.0)
  (6): Linear(in_features=64, out_features=4, bias=True)
)
Critic MLP: Sequential(
  (0): Linear(in_features=26, out_features=256, bias=True)
  (1): ELU(alpha=1.0)
  (2): Linear(in_features=256, out_features=128, bias=True)
  (3): ELU(alpha=1.0)
  (4): Linear(in_features=128, out_features=64, bias=True)
  (5): ELU(alpha=1.0)
  (6): Linear(in_features=64, out_features=1, bias=True)
)
!!!!!!!!!!!!!added lock!!!!!!!!!!!!
{"steps": 43, "done_reason": "success", "final_done_reason": "success", "first_done_step": 43, "first_success_step": 43, "fixed_duration_steps": null, "success": true, "reached_tolerance": true, "final_ee_error_m": 0.037756264209747314, "min_ee_error_m": 0.037756264209747314, "mean_ee_error_m": 1.2310367822647095, "reward_sum": 154.46315002441406, "unsafe_action_rate": 0.0, "min_clearance_m": 0.12854760885238647, "goal_base": [4.336180210113525, -1.4462900161743164, -3.6934399604797363], "contact_kind": null, "contact_links": [], "joint_limit_labels": [], "rollout_index": 0}
{
  "backend": "chrono_arm_reaching",
  "policy_checkpoint": "/home/harry/NeDM/artifacts/rl_runs_arm_goal_reach/arm_reach_adaptivekl005_lr1e4_tol005_ep150_bonus150_sigma015_rollsel_rom_20260721/model_1499.pt",
  "pre_roll_time_s": 6.0,
  "render": false,
  "save_render_frames": false,
  "frame_output_dir": null,
  "render_steps": 1,
  "consecutive_goals": false,
  "goal_duration_s": null,
  "goal_duration_steps": null,
  "requested_goals": 1,
  "num_rollouts": 1,
  "success_rate": 1.0,
  "reached_tolerance_rate": 1.0,
  "mean_final_ee_error_m": 0.037756264209747314,
  "mean_min_ee_error_m": 0.037756264209747314,
  "rollouts": [
    {
      "steps": 43,
      "done_reason": "success",
      "final_done_reason": "success",
      "first_done_step": 43,
      "first_success_step": 43,
      "fixed_duration_steps": null,
      "success": true,
      "reached_tolerance": true,
      "final_ee_error_m": 0.037756264209747314,
      "min_ee_error_m": 0.037756264209747314,
      "mean_ee_error_m": 1.2310367822647095,
      "reward_sum": 154.46315002441406,
      "unsafe_action_rate": 0.0,
      "min_clearance_m": 0.12854760885238647,
      "goal_base": [
        4.336180210113525,
        -1.4462900161743164,
        -3.6934399604797363
      ],
      "contact_kind": null,
      "contact_links": [],
      "joint_limit_labels": [],
      "rollout_index": 0
    }
  ]
}
[41/100] goal=(4.34,-1.45,-3.69) rc=0 wall=28s
Actor MLP: Sequential(
  (0): Linear(in_features=26, out_features=256, bias=True)
  (1): ELU(alpha=1.0)
  (2): Linear(in_features=256, out_features=128, bias=True)
  (3): ELU(alpha=1.0)
  (4): Linear(in_features=128, out_features=64, bias=True)
  (5): ELU(alpha=1.0)
  (6): Linear(in_features=64, out_features=4, bias=True)
)
Critic MLP: Sequential(
  (0): Linear(in_features=26, out_features=256, bias=True)
  (1): ELU(alpha=1.0)
  (2): Linear(in_features=256, out_features=128, bias=True)
  (3): ELU(alpha=1.0)
  (4): Linear(in_features=128, out_features=64, bias=True)
  (5): ELU(alpha=1.0)
  (6): Linear(in_features=64, out_features=1, bias=True)
)
!!!!!!!!!!!!!added lock!!!!!!!!!!!!
{"steps": 39, "done_reason": "success", "final_done_reason": "success", "first_done_step": 39, "first_success_step": 39, "fixed_duration_steps": null, "success": true, "reached_tolerance": true, "final_ee_error_m": 0.03450171649456024, "min_ee_error_m": 0.03450171649456024, "mean_ee_error_m": 2.229193925857544, "reward_sum": 153.21905517578125, "unsafe_action_rate": 0.0, "min_clearance_m": 0.13186460733413696, "goal_base": [4.056690216064453, 3.542340040206909, -1.7188800573349], "contact_kind": null, "contact_links": [], "joint_limit_labels": [], "rollout_index": 0}
{
  "backend": "chrono_arm_reaching",
  "policy_checkpoint": "/home/harry/NeDM/artifacts/rl_runs_arm_goal_reach/arm_reach_adaptivekl005_lr1e4_tol005_ep150_bonus150_sigma015_rollsel_rom_20260721/model_1499.pt",
  "pre_roll_time_s": 6.0,
  "render": false,
  "save_render_frames": false,
  "frame_output_dir": null,
  "render_steps": 1,
  "consecutive_goals": false,
  "goal_duration_s": null,
  "goal_duration_steps": null,
  "requested_goals": 1,
  "num_rollouts": 1,
  "success_rate": 1.0,
  "reached_tolerance_rate": 1.0,
  "mean_final_ee_error_m": 0.03450171649456024,
  "mean_min_ee_error_m": 0.03450171649456024,
  "rollouts": [
    {
      "steps": 39,
      "done_reason": "success",
      "final_done_reason": "success",
      "first_done_step": 39,
      "first_success_step": 39,
      "fixed_duration_steps": null,
      "success": true,
      "reached_tolerance": true,
      "final_ee_error_m": 0.03450171649456024,
      "min_ee_error_m": 0.03450171649456024,
      "mean_ee_error_m": 2.229193925857544,
      "reward_sum": 153.21905517578125,
      "unsafe_action_rate": 0.0,
      "min_clearance_m": 0.13186460733413696,
      "goal_base": [
        4.056690216064453,
        3.542340040206909,
        -1.7188800573349
      ],
      "contact_kind": null,
      "contact_links": [],
      "joint_limit_labels": [],
      "rollout_index": 0
    }
  ]
}
[42/100] goal=(4.06,3.54,-1.72) rc=0 wall=27s
Actor MLP: Sequential(
  (0): Linear(in_features=26, out_features=256, bias=True)
  (1): ELU(alpha=1.0)
  (2): Linear(in_features=256, out_features=128, bias=True)
  (3): ELU(alpha=1.0)
  (4): Linear(in_features=128, out_features=64, bias=True)
  (5): ELU(alpha=1.0)
  (6): Linear(in_features=64, out_features=4, bias=True)
)
Critic MLP: Sequential(
  (0): Linear(in_features=26, out_features=256, bias=True)
  (1): ELU(alpha=1.0)
  (2): Linear(in_features=256, out_features=128, bias=True)
  (3): ELU(alpha=1.0)
  (4): Linear(in_features=128, out_features=64, bias=True)
  (5): ELU(alpha=1.0)
  (6): Linear(in_features=64, out_features=1, bias=True)
)
!!!!!!!!!!!!!added lock!!!!!!!!!!!!
{"steps": 150, "done_reason": "timeout", "final_done_reason": "timeout", "first_done_step": 150, "first_success_step": null, "fixed_duration_steps": null, "success": false, "reached_tolerance": false, "final_ee_error_m": 0.2040606588125229, "min_ee_error_m": 0.05270270258188248, "mean_ee_error_m": 1.3480275869369507, "reward_sum": 30.381996154785156, "unsafe_action_rate": 0.0, "min_clearance_m": 0.1286030411720276, "goal_base": [0.5992900133132935, -4.605199813842773, -3.5856900215148926], "contact_kind": null, "contact_links": [], "joint_limit_labels": [], "rollout_index": 0}
{
  "backend": "chrono_arm_reaching",
  "policy_checkpoint": "/home/harry/NeDM/artifacts/rl_runs_arm_goal_reach/arm_reach_adaptivekl005_lr1e4_tol005_ep150_bonus150_sigma015_rollsel_rom_20260721/model_1499.pt",
  "pre_roll_time_s": 6.0,
  "render": false,
  "save_render_frames": false,
  "frame_output_dir": null,
  "render_steps": 1,
  "consecutive_goals": false,
  "goal_duration_s": null,
  "goal_duration_steps": null,
  "requested_goals": 1,
  "num_rollouts": 1,
  "success_rate": 0.0,
  "reached_tolerance_rate": 0.0,
  "mean_final_ee_error_m": 0.2040606588125229,
  "mean_min_ee_error_m": 0.05270270258188248,
  "rollouts": [
    {
      "steps": 150,
      "done_reason": "timeout",
      "final_done_reason": "timeout",
      "first_done_step": 150,
      "first_success_step": null,
      "fixed_duration_steps": null,
      "success": false,
      "reached_tolerance": false,
      "final_ee_error_m": 0.2040606588125229,
      "min_ee_error_m": 0.05270270258188248,
      "mean_ee_error_m": 1.3480275869369507,
      "reward_sum": 30.381996154785156,
      "unsafe_action_rate": 0.0,
      "min_clearance_m": 0.1286030411720276,
      "goal_base": [
        0.5992900133132935,
        -4.605199813842773,
        -3.5856900215148926
      ],
      "contact_kind": null,
      "contact_links": [],
      "joint_limit_labels": [],
      "rollout_index": 0
    }
  ]
}
[43/100] goal=(0.60,-4.61,-3.59) rc=0 wall=36s
Actor MLP: Sequential(
  (0): Linear(in_features=26, out_features=256, bias=True)
  (1): ELU(alpha=1.0)
  (2): Linear(in_features=256, out_features=128, bias=True)
  (3): ELU(alpha=1.0)
  (4): Linear(in_features=128, out_features=64, bias=True)
  (5): ELU(alpha=1.0)
  (6): Linear(in_features=64, out_features=4, bias=True)
)
Critic MLP: Sequential(
  (0): Linear(in_features=26, out_features=256, bias=True)
  (1): ELU(alpha=1.0)
  (2): Linear(in_features=256, out_features=128, bias=True)
  (3): ELU(alpha=1.0)
  (4): Linear(in_features=128, out_features=64, bias=True)
  (5): ELU(alpha=1.0)
  (6): Linear(in_features=64, out_features=1, bias=True)
)
!!!!!!!!!!!!!added lock!!!!!!!!!!!!
{"steps": 67, "done_reason": "success", "final_done_reason": "success", "first_done_step": 67, "first_success_step": 67, "fixed_duration_steps": null, "success": true, "reached_tolerance": true, "final_ee_error_m": 0.047768380492925644, "min_ee_error_m": 0.047768380492925644, "mean_ee_error_m": 1.7885396480560303, "reward_sum": 161.81019592285156, "unsafe_action_rate": 0.0, "min_clearance_m": 0.13025575876235962, "goal_base": [3.1920199394226074, 4.146240234375, -2.014849901199341], "contact_kind": null, "contact_links": [], "joint_limit_labels": [], "rollout_index": 0}
{
  "backend": "chrono_arm_reaching",
  "policy_checkpoint": "/home/harry/NeDM/artifacts/rl_runs_arm_goal_reach/arm_reach_adaptivekl005_lr1e4_tol005_ep150_bonus150_sigma015_rollsel_rom_20260721/model_1499.pt",
  "pre_roll_time_s": 6.0,
  "render": false,
  "save_render_frames": false,
  "frame_output_dir": null,
  "render_steps": 1,
  "consecutive_goals": false,
  "goal_duration_s": null,
  "goal_duration_steps": null,
  "requested_goals": 1,
  "num_rollouts": 1,
  "success_rate": 1.0,
  "reached_tolerance_rate": 1.0,
  "mean_final_ee_error_m": 0.047768380492925644,
  "mean_min_ee_error_m": 0.047768380492925644,
  "rollouts": [
    {
      "steps": 67,
      "done_reason": "success",
      "final_done_reason": "success",
      "first_done_step": 67,
      "first_success_step": 67,
      "fixed_duration_steps": null,
      "success": true,
      "reached_tolerance": true,
      "final_ee_error_m": 0.047768380492925644,
      "min_ee_error_m": 0.047768380492925644,
      "mean_ee_error_m": 1.7885396480560303,
      "reward_sum": 161.81019592285156,
      "unsafe_action_rate": 0.0,
      "min_clearance_m": 0.13025575876235962,
      "goal_base": [
        3.1920199394226074,
        4.146240234375,
        -2.014849901199341
      ],
      "contact_kind": null,
      "contact_links": [],
      "joint_limit_labels": [],
      "rollout_index": 0
    }
  ]
}
[44/100] goal=(3.19,4.15,-2.01) rc=0 wall=30s
Actor MLP: Sequential(
  (0): Linear(in_features=26, out_features=256, bias=True)
  (1): ELU(alpha=1.0)
  (2): Linear(in_features=256, out_features=128, bias=True)
  (3): ELU(alpha=1.0)
  (4): Linear(in_features=128, out_features=64, bias=True)
  (5): ELU(alpha=1.0)
  (6): Linear(in_features=64, out_features=4, bias=True)
)
Critic MLP: Sequential(
  (0): Linear(in_features=26, out_features=256, bias=True)
  (1): ELU(alpha=1.0)
  (2): Linear(in_features=256, out_features=128, bias=True)
  (3): ELU(alpha=1.0)
  (4): Linear(in_features=128, out_features=64, bias=True)
  (5): ELU(alpha=1.0)
  (6): Linear(in_features=64, out_features=1, bias=True)
)
!!!!!!!!!!!!!added lock!!!!!!!!!!!!
{"steps": 40, "done_reason": "success", "final_done_reason": "success", "first_done_step": 40, "first_success_step": 40, "fixed_duration_steps": null, "success": true, "reached_tolerance": true, "final_ee_error_m": 0.041621118783950806, "min_ee_error_m": 0.041621118783950806, "mean_ee_error_m": 3.2912991046905518, "reward_sum": 151.8774871826172, "unsafe_action_rate": 0.0, "min_clearance_m": 0.13318747282028198, "goal_base": [2.827159881591797, 4.6319499015808105, -1.3711899518966675], "contact_kind": null, "contact_links": [], "joint_limit_labels": [], "rollout_index": 0}
{
  "backend": "chrono_arm_reaching",
  "policy_checkpoint": "/home/harry/NeDM/artifacts/rl_runs_arm_goal_reach/arm_reach_adaptivekl005_lr1e4_tol005_ep150_bonus150_sigma015_rollsel_rom_20260721/model_1499.pt",
  "pre_roll_time_s": 6.0,
  "render": false,
  "save_render_frames": false,
  "frame_output_dir": null,
  "render_steps": 1,
  "consecutive_goals": false,
  "goal_duration_s": null,
  "goal_duration_steps": null,
  "requested_goals": 1,
  "num_rollouts": 1,
  "success_rate": 1.0,
  "reached_tolerance_rate": 1.0,
  "mean_final_ee_error_m": 0.041621118783950806,
  "mean_min_ee_error_m": 0.041621118783950806,
  "rollouts": [
    {
      "steps": 40,
      "done_reason": "success",
      "final_done_reason": "success",
      "first_done_step": 40,
      "first_success_step": 40,
      "fixed_duration_steps": null,
      "success": true,
      "reached_tolerance": true,
      "final_ee_error_m": 0.041621118783950806,
      "min_ee_error_m": 0.041621118783950806,
      "mean_ee_error_m": 3.2912991046905518,
      "reward_sum": 151.8774871826172,
      "unsafe_action_rate": 0.0,
      "min_clearance_m": 0.13318747282028198,
      "goal_base": [
        2.827159881591797,
        4.6319499015808105,
        -1.3711899518966675
      ],
      "contact_kind": null,
      "contact_links": [],
      "joint_limit_labels": [],
      "rollout_index": 0
    }
  ]
}
[45/100] goal=(2.83,4.63,-1.37) rc=0 wall=27s
Actor MLP: Sequential(
  (0): Linear(in_features=26, out_features=256, bias=True)
  (1): ELU(alpha=1.0)
  (2): Linear(in_features=256, out_features=128, bias=True)
  (3): ELU(alpha=1.0)
  (4): Linear(in_features=128, out_features=64, bias=True)
  (5): ELU(alpha=1.0)
  (6): Linear(in_features=64, out_features=4, bias=True)
)
Critic MLP: Sequential(
  (0): Linear(in_features=26, out_features=256, bias=True)
  (1): ELU(alpha=1.0)
  (2): Linear(in_features=256, out_features=128, bias=True)
  (3): ELU(alpha=1.0)
  (4): Linear(in_features=128, out_features=64, bias=True)
  (5): ELU(alpha=1.0)
  (6): Linear(in_features=64, out_features=1, bias=True)
)
!!!!!!!!!!!!!added lock!!!!!!!!!!!!
{"steps": 37, "done_reason": "success", "final_done_reason": "success", "first_done_step": 37, "first_success_step": 37, "fixed_duration_steps": null, "success": true, "reached_tolerance": true, "final_ee_error_m": 0.04856349527835846, "min_ee_error_m": 0.04856349527835846, "mean_ee_error_m": 3.587648391723633, "reward_sum": 151.02951049804688, "unsafe_action_rate": 0.0, "min_clearance_m": 0.1288478970527649, "goal_base": [2.4091200828552246, 4.350629806518555, -2.9029600620269775], "contact_kind": null, "contact_links": [], "joint_limit_labels": [], "rollout_index": 0}
{
  "backend": "chrono_arm_reaching",
  "policy_checkpoint": "/home/harry/NeDM/artifacts/rl_runs_arm_goal_reach/arm_reach_adaptivekl005_lr1e4_tol005_ep150_bonus150_sigma015_rollsel_rom_20260721/model_1499.pt",
  "pre_roll_time_s": 6.0,
  "render": false,
  "save_render_frames": false,
  "frame_output_dir": null,
  "render_steps": 1,
  "consecutive_goals": false,
  "goal_duration_s": null,
  "goal_duration_steps": null,
  "requested_goals": 1,
  "num_rollouts": 1,
  "success_rate": 1.0,
  "reached_tolerance_rate": 1.0,
  "mean_final_ee_error_m": 0.04856349527835846,
  "mean_min_ee_error_m": 0.04856349527835846,
  "rollouts": [
    {
      "steps": 37,
      "done_reason": "success",
      "final_done_reason": "success",
      "first_done_step": 37,
      "first_success_step": 37,
      "fixed_duration_steps": null,
      "success": true,
      "reached_tolerance": true,
      "final_ee_error_m": 0.04856349527835846,
      "min_ee_error_m": 0.04856349527835846,
      "mean_ee_error_m": 3.587648391723633,
      "reward_sum": 151.02951049804688,
      "unsafe_action_rate": 0.0,
      "min_clearance_m": 0.1288478970527649,
      "goal_base": [
        2.4091200828552246,
        4.350629806518555,
        -2.9029600620269775
      ],
      "contact_kind": null,
      "contact_links": [],
      "joint_limit_labels": [],
      "rollout_index": 0
    }
  ]
}
[46/100] goal=(2.41,4.35,-2.90) rc=0 wall=27s
Actor MLP: Sequential(
  (0): Linear(in_features=26, out_features=256, bias=True)
  (1): ELU(alpha=1.0)
  (2): Linear(in_features=256, out_features=128, bias=True)
  (3): ELU(alpha=1.0)
  (4): Linear(in_features=128, out_features=64, bias=True)
  (5): ELU(alpha=1.0)
  (6): Linear(in_features=64, out_features=4, bias=True)
)
Critic MLP: Sequential(
  (0): Linear(in_features=26, out_features=256, bias=True)
  (1): ELU(alpha=1.0)
  (2): Linear(in_features=256, out_features=128, bias=True)
  (3): ELU(alpha=1.0)
  (4): Linear(in_features=128, out_features=64, bias=True)
  (5): ELU(alpha=1.0)
  (6): Linear(in_features=64, out_features=1, bias=True)
)
!!!!!!!!!!!!!added lock!!!!!!!!!!!!
{"steps": 52, "done_reason": "success", "final_done_reason": "success", "first_done_step": 52, "first_success_step": 52, "fixed_duration_steps": null, "success": true, "reached_tolerance": true, "final_ee_error_m": 0.04516115039587021, "min_ee_error_m": 0.04516115039587021, "mean_ee_error_m": 3.1400935649871826, "reward_sum": 154.98365783691406, "unsafe_action_rate": 0.0, "min_clearance_m": 0.12863677740097046, "goal_base": [1.0782699584960938, -4.54157018661499, -3.4533700942993164], "contact_kind": null, "contact_links": [], "joint_limit_labels": [], "rollout_index": 0}
{
  "backend": "chrono_arm_reaching",
  "policy_checkpoint": "/home/harry/NeDM/artifacts/rl_runs_arm_goal_reach/arm_reach_adaptivekl005_lr1e4_tol005_ep150_bonus150_sigma015_rollsel_rom_20260721/model_1499.pt",
  "pre_roll_time_s": 6.0,
  "render": false,
  "save_render_frames": false,
  "frame_output_dir": null,
  "render_steps": 1,
  "consecutive_goals": false,
  "goal_duration_s": null,
  "goal_duration_steps": null,
  "requested_goals": 1,
  "num_rollouts": 1,
  "success_rate": 1.0,
  "reached_tolerance_rate": 1.0,
  "mean_final_ee_error_m": 0.04516115039587021,
  "mean_min_ee_error_m": 0.04516115039587021,
  "rollouts": [
    {
      "steps": 52,
      "done_reason": "success",
      "final_done_reason": "success",
      "first_done_step": 52,
      "first_success_step": 52,
      "fixed_duration_steps": null,
      "success": true,
      "reached_tolerance": true,
      "final_ee_error_m": 0.04516115039587021,
      "min_ee_error_m": 0.04516115039587021,
      "mean_ee_error_m": 3.1400935649871826,
      "reward_sum": 154.98365783691406,
      "unsafe_action_rate": 0.0,
      "min_clearance_m": 0.12863677740097046,
      "goal_base": [
        1.0782699584960938,
        -4.54157018661499,
        -3.4533700942993164
      ],
      "contact_kind": null,
      "contact_links": [],
      "joint_limit_labels": [],
      "rollout_index": 0
    }
  ]
}
[47/100] goal=(1.08,-4.54,-3.45) rc=0 wall=28s
Actor MLP: Sequential(
  (0): Linear(in_features=26, out_features=256, bias=True)
  (1): ELU(alpha=1.0)
  (2): Linear(in_features=256, out_features=128, bias=True)
  (3): ELU(alpha=1.0)
  (4): Linear(in_features=128, out_features=64, bias=True)
  (5): ELU(alpha=1.0)
  (6): Linear(in_features=64, out_features=4, bias=True)
)
Critic MLP: Sequential(
  (0): Linear(in_features=26, out_features=256, bias=True)
  (1): ELU(alpha=1.0)
  (2): Linear(in_features=256, out_features=128, bias=True)
  (3): ELU(alpha=1.0)
  (4): Linear(in_features=128, out_features=64, bias=True)
  (5): ELU(alpha=1.0)
  (6): Linear(in_features=64, out_features=1, bias=True)
)
!!!!!!!!!!!!!added lock!!!!!!!!!!!!
{"steps": 40, "done_reason": "success", "final_done_reason": "success", "first_done_step": 40, "first_success_step": 40, "fixed_duration_steps": null, "success": true, "reached_tolerance": true, "final_ee_error_m": 0.023718761280179024, "min_ee_error_m": 0.023718761280179024, "mean_ee_error_m": 3.3002583980560303, "reward_sum": 151.98333740234375, "unsafe_action_rate": 0.0, "min_clearance_m": 0.13348466157913208, "goal_base": [2.857800006866455, 4.675640106201172, -1.1743700504302979], "contact_kind": null, "contact_links": [], "joint_limit_labels": [], "rollout_index": 0}
{
  "backend": "chrono_arm_reaching",
  "policy_checkpoint": "/home/harry/NeDM/artifacts/rl_runs_arm_goal_reach/arm_reach_adaptivekl005_lr1e4_tol005_ep150_bonus150_sigma015_rollsel_rom_20260721/model_1499.pt",
  "pre_roll_time_s": 6.0,
  "render": false,
  "save_render_frames": false,
  "frame_output_dir": null,
  "render_steps": 1,
  "consecutive_goals": false,
  "goal_duration_s": null,
  "goal_duration_steps": null,
  "requested_goals": 1,
  "num_rollouts": 1,
  "success_rate": 1.0,
  "reached_tolerance_rate": 1.0,
  "mean_final_ee_error_m": 0.023718761280179024,
  "mean_min_ee_error_m": 0.023718761280179024,
  "rollouts": [
    {
      "steps": 40,
      "done_reason": "success",
      "final_done_reason": "success",
      "first_done_step": 40,
      "first_success_step": 40,
      "fixed_duration_steps": null,
      "success": true,
      "reached_tolerance": true,
      "final_ee_error_m": 0.023718761280179024,
      "min_ee_error_m": 0.023718761280179024,
      "mean_ee_error_m": 3.3002583980560303,
      "reward_sum": 151.98333740234375,
      "unsafe_action_rate": 0.0,
      "min_clearance_m": 0.13348466157913208,
      "goal_base": [
        2.857800006866455,
        4.675640106201172,
        -1.1743700504302979
      ],
      "contact_kind": null,
      "contact_links": [],
      "joint_limit_labels": [],
      "rollout_index": 0
    }
  ]
}
[48/100] goal=(2.86,4.68,-1.17) rc=0 wall=27s
Actor MLP: Sequential(
  (0): Linear(in_features=26, out_features=256, bias=True)
  (1): ELU(alpha=1.0)
  (2): Linear(in_features=256, out_features=128, bias=True)
  (3): ELU(alpha=1.0)
  (4): Linear(in_features=128, out_features=64, bias=True)
  (5): ELU(alpha=1.0)
  (6): Linear(in_features=64, out_features=4, bias=True)
)
Critic MLP: Sequential(
  (0): Linear(in_features=26, out_features=256, bias=True)
  (1): ELU(alpha=1.0)
  (2): Linear(in_features=256, out_features=128, bias=True)
  (3): ELU(alpha=1.0)
  (4): Linear(in_features=128, out_features=64, bias=True)
  (5): ELU(alpha=1.0)
  (6): Linear(in_features=64, out_features=1, bias=True)
)
!!!!!!!!!!!!!added lock!!!!!!!!!!!!
{"steps": 37, "done_reason": "success", "final_done_reason": "success", "first_done_step": 37, "first_success_step": 37, "fixed_duration_steps": null, "success": true, "reached_tolerance": true, "final_ee_error_m": 0.04374685510993004, "min_ee_error_m": 0.04374685510993004, "mean_ee_error_m": 0.9118822813034058, "reward_sum": 157.32257080078125, "unsafe_action_rate": 0.0, "min_clearance_m": 0.12869340181350708, "goal_base": [4.836999893188477, 0.36434999108314514, -3.106760025024414], "contact_kind": null, "contact_links": [], "joint_limit_labels": [], "rollout_index": 0}
{
  "backend": "chrono_arm_reaching",
  "policy_checkpoint": "/home/harry/NeDM/artifacts/rl_runs_arm_goal_reach/arm_reach_adaptivekl005_lr1e4_tol005_ep150_bonus150_sigma015_rollsel_rom_20260721/model_1499.pt",
  "pre_roll_time_s": 6.0,
  "render": false,
  "save_render_frames": false,
  "frame_output_dir": null,
  "render_steps": 1,
  "consecutive_goals": false,
  "goal_duration_s": null,
  "goal_duration_steps": null,
  "requested_goals": 1,
  "num_rollouts": 1,
  "success_rate": 1.0,
  "reached_tolerance_rate": 1.0,
  "mean_final_ee_error_m": 0.04374685510993004,
  "mean_min_ee_error_m": 0.04374685510993004,
  "rollouts": [
    {
      "steps": 37,
      "done_reason": "success",
      "final_done_reason": "success",
      "first_done_step": 37,
      "first_success_step": 37,
      "fixed_duration_steps": null,
      "success": true,
      "reached_tolerance": true,
      "final_ee_error_m": 0.04374685510993004,
      "min_ee_error_m": 0.04374685510993004,
      "mean_ee_error_m": 0.9118822813034058,
      "reward_sum": 157.32257080078125,
      "unsafe_action_rate": 0.0,
      "min_clearance_m": 0.12869340181350708,
      "goal_base": [
        4.836999893188477,
        0.36434999108314514,
        -3.106760025024414
      ],
      "contact_kind": null,
      "contact_links": [],
      "joint_limit_labels": [],
      "rollout_index": 0
    }
  ]
}
[49/100] goal=(4.84,0.36,-3.11) rc=0 wall=27s
Actor MLP: Sequential(
  (0): Linear(in_features=26, out_features=256, bias=True)
  (1): ELU(alpha=1.0)
  (2): Linear(in_features=256, out_features=128, bias=True)
  (3): ELU(alpha=1.0)
  (4): Linear(in_features=128, out_features=64, bias=True)
  (5): ELU(alpha=1.0)
  (6): Linear(in_features=64, out_features=4, bias=True)
)
Critic MLP: Sequential(
  (0): Linear(in_features=26, out_features=256, bias=True)
  (1): ELU(alpha=1.0)
  (2): Linear(in_features=256, out_features=128, bias=True)
  (3): ELU(alpha=1.0)
  (4): Linear(in_features=128, out_features=64, bias=True)
  (5): ELU(alpha=1.0)
  (6): Linear(in_features=64, out_features=1, bias=True)
)
!!!!!!!!!!!!!added lock!!!!!!!!!!!!
{"steps": 150, "done_reason": "timeout", "final_done_reason": "timeout", "first_done_step": 150, "first_success_step": null, "fixed_duration_steps": null, "success": false, "reached_tolerance": false, "final_ee_error_m": 0.0707678347826004, "min_ee_error_m": 0.0506628043949604, "mean_ee_error_m": 0.3485860526561737, "reward_sum": 51.85722732543945, "unsafe_action_rate": 0.0, "min_clearance_m": 0.13025659322738647, "goal_base": [5.1273698806762695, 1.4296400547027588, -2.081010103225708], "contact_kind": null, "contact_links": [], "joint_limit_labels": [], "rollout_index": 0}
{
  "backend": "chrono_arm_reaching",
  "policy_checkpoint": "/home/harry/NeDM/artifacts/rl_runs_arm_goal_reach/arm_reach_adaptivekl005_lr1e4_tol005_ep150_bonus150_sigma015_rollsel_rom_20260721/model_1499.pt",
  "pre_roll_time_s": 6.0,
  "render": false,
  "save_render_frames": false,
  "frame_output_dir": null,
  "render_steps": 1,
  "consecutive_goals": false,
  "goal_duration_s": null,
  "goal_duration_steps": null,
  "requested_goals": 1,
  "num_rollouts": 1,
  "success_rate": 0.0,
  "reached_tolerance_rate": 0.0,
  "mean_final_ee_error_m": 0.0707678347826004,
  "mean_min_ee_error_m": 0.0506628043949604,
  "rollouts": [
    {
      "steps": 150,
      "done_reason": "timeout",
      "final_done_reason": "timeout",
      "first_done_step": 150,
      "first_success_step": null,
      "fixed_duration_steps": null,
      "success": false,
      "reached_tolerance": false,
      "final_ee_error_m": 0.0707678347826004,
      "min_ee_error_m": 0.0506628043949604,
      "mean_ee_error_m": 0.3485860526561737,
      "reward_sum": 51.85722732543945,
      "unsafe_action_rate": 0.0,
      "min_clearance_m": 0.13025659322738647,
      "goal_base": [
        5.1273698806762695,
        1.4296400547027588,
        -2.081010103225708
      ],
      "contact_kind": null,
      "contact_links": [],
      "joint_limit_labels": [],
      "rollout_index": 0
    }
  ]
}
[50/100] goal=(5.13,1.43,-2.08) rc=0 wall=36s
Actor MLP: Sequential(
  (0): Linear(in_features=26, out_features=256, bias=True)
  (1): ELU(alpha=1.0)
  (2): Linear(in_features=256, out_features=128, bias=True)
  (3): ELU(alpha=1.0)
  (4): Linear(in_features=128, out_features=64, bias=True)
  (5): ELU(alpha=1.0)
  (6): Linear(in_features=64, out_features=4, bias=True)
)
Critic MLP: Sequential(
  (0): Linear(in_features=26, out_features=256, bias=True)
  (1): ELU(alpha=1.0)
  (2): Linear(in_features=256, out_features=128, bias=True)
  (3): ELU(alpha=1.0)
  (4): Linear(in_features=128, out_features=64, bias=True)
  (5): ELU(alpha=1.0)
  (6): Linear(in_features=64, out_features=1, bias=True)
)
!!!!!!!!!!!!!added lock!!!!!!!!!!!!
{"steps": 82, "done_reason": "success", "final_done_reason": "success", "first_done_step": 82, "first_success_step": 82, "fixed_duration_steps": null, "success": true, "reached_tolerance": true, "final_ee_error_m": 0.0370754674077034, "min_ee_error_m": 0.0370754674077034, "mean_ee_error_m": 1.1273030042648315, "reward_sum": 168.88613891601562, "unsafe_action_rate": 0.0, "min_clearance_m": 0.12864011526107788, "goal_base": [3.5790998935699463, -3.119189977645874, -3.330739974975586], "contact_kind": null, "contact_links": [], "joint_limit_labels": [], "rollout_index": 0}
{
  "backend": "chrono_arm_reaching",
  "policy_checkpoint": "/home/harry/NeDM/artifacts/rl_runs_arm_goal_reach/arm_reach_adaptivekl005_lr1e4_tol005_ep150_bonus150_sigma015_rollsel_rom_20260721/model_1499.pt",
  "pre_roll_time_s": 6.0,
  "render": false,
  "save_render_frames": false,
  "frame_output_dir": null,
  "render_steps": 1,
  "consecutive_goals": false,
  "goal_duration_s": null,
  "goal_duration_steps": null,
  "requested_goals": 1,
  "num_rollouts": 1,
  "success_rate": 1.0,
  "reached_tolerance_rate": 1.0,
  "mean_final_ee_error_m": 0.0370754674077034,
  "mean_min_ee_error_m": 0.0370754674077034,
  "rollouts": [
    {
      "steps": 82,
      "done_reason": "success",
      "final_done_reason": "success",
      "first_done_step": 82,
      "first_success_step": 82,
      "fixed_duration_steps": null,
      "success": true,
      "reached_tolerance": true,
      "final_ee_error_m": 0.0370754674077034,
      "min_ee_error_m": 0.0370754674077034,
      "mean_ee_error_m": 1.1273030042648315,
      "reward_sum": 168.88613891601562,
      "unsafe_action_rate": 0.0,
      "min_clearance_m": 0.12864011526107788,
      "goal_base": [
        3.5790998935699463,
        -3.119189977645874,
        -3.330739974975586
      ],
      "contact_kind": null,
      "contact_links": [],
      "joint_limit_labels": [],
      "rollout_index": 0
    }
  ]
}
[51/100] goal=(3.58,-3.12,-3.33) rc=0 wall=30s
Actor MLP: Sequential(
  (0): Linear(in_features=26, out_features=256, bias=True)
  (1): ELU(alpha=1.0)
  (2): Linear(in_features=256, out_features=128, bias=True)
  (3): ELU(alpha=1.0)
  (4): Linear(in_features=128, out_features=64, bias=True)
  (5): ELU(alpha=1.0)
  (6): Linear(in_features=64, out_features=4, bias=True)
)
Critic MLP: Sequential(
  (0): Linear(in_features=26, out_features=256, bias=True)
  (1): ELU(alpha=1.0)
  (2): Linear(in_features=256, out_features=128, bias=True)
  (3): ELU(alpha=1.0)
  (4): Linear(in_features=128, out_features=64, bias=True)
  (5): ELU(alpha=1.0)
  (6): Linear(in_features=64, out_features=1, bias=True)
)
!!!!!!!!!!!!!added lock!!!!!!!!!!!!
{"steps": 86, "done_reason": "success", "final_done_reason": "success", "first_done_step": 86, "first_success_step": 86, "fixed_duration_steps": null, "success": true, "reached_tolerance": true, "final_ee_error_m": 0.03948374465107918, "min_ee_error_m": 0.03948374465107918, "mean_ee_error_m": 1.1783478260040283, "reward_sum": 167.65359497070312, "unsafe_action_rate": 0.0, "min_clearance_m": 0.12868446111679077, "goal_base": [3.4384799003601074, -3.4228999614715576, -3.211019992828369], "contact_kind": null, "contact_links": [], "joint_limit_labels": [], "rollout_index": 0}
{
  "backend": "chrono_arm_reaching",
  "policy_checkpoint": "/home/harry/NeDM/artifacts/rl_runs_arm_goal_reach/arm_reach_adaptivekl005_lr1e4_tol005_ep150_bonus150_sigma015_rollsel_rom_20260721/model_1499.pt",
  "pre_roll_time_s": 6.0,
  "render": false,
  "save_render_frames": false,
  "frame_output_dir": null,
  "render_steps": 1,
  "consecutive_goals": false,
  "goal_duration_s": null,
  "goal_duration_steps": null,
  "requested_goals": 1,
  "num_rollouts": 1,
  "success_rate": 1.0,
  "reached_tolerance_rate": 1.0,
  "mean_final_ee_error_m": 0.03948374465107918,
  "mean_min_ee_error_m": 0.03948374465107918,
  "rollouts": [
    {
      "steps": 86,
      "done_reason": "success",
      "final_done_reason": "success",
      "first_done_step": 86,
      "first_success_step": 86,
      "fixed_duration_steps": null,
      "success": true,
      "reached_tolerance": true,
      "final_ee_error_m": 0.03948374465107918,
      "min_ee_error_m": 0.03948374465107918,
      "mean_ee_error_m": 1.1783478260040283,
      "reward_sum": 167.65359497070312,
      "unsafe_action_rate": 0.0,
      "min_clearance_m": 0.12868446111679077,
      "goal_base": [
        3.4384799003601074,
        -3.4228999614715576,
        -3.211019992828369
      ],
      "contact_kind": null,
      "contact_links": [],
      "joint_limit_labels": [],
      "rollout_index": 0
    }
  ]
}
[52/100] goal=(3.44,-3.42,-3.21) rc=0 wall=31s
Actor MLP: Sequential(
  (0): Linear(in_features=26, out_features=256, bias=True)
  (1): ELU(alpha=1.0)
  (2): Linear(in_features=256, out_features=128, bias=True)
  (3): ELU(alpha=1.0)
  (4): Linear(in_features=128, out_features=64, bias=True)
  (5): ELU(alpha=1.0)
  (6): Linear(in_features=64, out_features=4, bias=True)
)
Critic MLP: Sequential(
  (0): Linear(in_features=26, out_features=256, bias=True)
  (1): ELU(alpha=1.0)
  (2): Linear(in_features=256, out_features=128, bias=True)
  (3): ELU(alpha=1.0)
  (4): Linear(in_features=128, out_features=64, bias=True)
  (5): ELU(alpha=1.0)
  (6): Linear(in_features=64, out_features=1, bias=True)
)
!!!!!!!!!!!!!added lock!!!!!!!!!!!!
{"steps": 150, "done_reason": "timeout", "final_done_reason": "timeout", "first_done_step": 150, "first_success_step": null, "fixed_duration_steps": null, "success": false, "reached_tolerance": false, "final_ee_error_m": 0.10848961770534515, "min_ee_error_m": 0.054947953671216965, "mean_ee_error_m": 1.4156855344772339, "reward_sum": 34.290916442871094, "unsafe_action_rate": 0.0, "min_clearance_m": 0.1301383376121521, "goal_base": [1.0955400466918945, 5.0665998458862305, -2.1110899448394775], "contact_kind": null, "contact_links": [], "joint_limit_labels": [], "rollout_index": 0}
{
  "backend": "chrono_arm_reaching",
  "policy_checkpoint": "/home/harry/NeDM/artifacts/rl_runs_arm_goal_reach/arm_reach_adaptivekl005_lr1e4_tol005_ep150_bonus150_sigma015_rollsel_rom_20260721/model_1499.pt",
  "pre_roll_time_s": 6.0,
  "render": false,
  "save_render_frames": false,
  "frame_output_dir": null,
  "render_steps": 1,
  "consecutive_goals": false,
  "goal_duration_s": null,
  "goal_duration_steps": null,
  "requested_goals": 1,
  "num_rollouts": 1,
  "success_rate": 0.0,
  "reached_tolerance_rate": 0.0,
  "mean_final_ee_error_m": 0.10848961770534515,
  "mean_min_ee_error_m": 0.054947953671216965,
  "rollouts": [
    {
      "steps": 150,
      "done_reason": "timeout",
      "final_done_reason": "timeout",
      "first_done_step": 150,
      "first_success_step": null,
      "fixed_duration_steps": null,
      "success": false,
      "reached_tolerance": false,
      "final_ee_error_m": 0.10848961770534515,
      "min_ee_error_m": 0.054947953671216965,
      "mean_ee_error_m": 1.4156855344772339,
      "reward_sum": 34.290916442871094,
      "unsafe_action_rate": 0.0,
      "min_clearance_m": 0.1301383376121521,
      "goal_base": [
        1.0955400466918945,
        5.0665998458862305,
        -2.1110899448394775
      ],
      "contact_kind": null,
      "contact_links": [],
      "joint_limit_labels": [],
      "rollout_index": 0
    }
  ]
}
[53/100] goal=(1.10,5.07,-2.11) rc=0 wall=36s
Actor MLP: Sequential(
  (0): Linear(in_features=26, out_features=256, bias=True)
  (1): ELU(alpha=1.0)
  (2): Linear(in_features=256, out_features=128, bias=True)
  (3): ELU(alpha=1.0)
  (4): Linear(in_features=128, out_features=64, bias=True)
  (5): ELU(alpha=1.0)
  (6): Linear(in_features=64, out_features=4, bias=True)
)
Critic MLP: Sequential(
  (0): Linear(in_features=26, out_features=256, bias=True)
  (1): ELU(alpha=1.0)
  (2): Linear(in_features=256, out_features=128, bias=True)
  (3): ELU(alpha=1.0)
  (4): Linear(in_features=128, out_features=64, bias=True)
  (5): ELU(alpha=1.0)
  (6): Linear(in_features=64, out_features=1, bias=True)
)
!!!!!!!!!!!!!added lock!!!!!!!!!!!!
{"steps": 84, "done_reason": "success", "final_done_reason": "success", "first_done_step": 84, "first_success_step": 84, "fixed_duration_steps": null, "success": true, "reached_tolerance": true, "final_ee_error_m": 0.03816552460193634, "min_ee_error_m": 0.03816552460193634, "mean_ee_error_m": 1.2208994626998901, "reward_sum": 167.5728302001953, "unsafe_action_rate": 0.0, "min_clearance_m": 0.1285971999168396, "goal_base": [3.2704501152038574, -3.358829975128174, -3.450740098953247], "contact_kind": null, "contact_links": [], "joint_limit_labels": [], "rollout_index": 0}
{
  "backend": "chrono_arm_reaching",
  "policy_checkpoint": "/home/harry/NeDM/artifacts/rl_runs_arm_goal_reach/arm_reach_adaptivekl005_lr1e4_tol005_ep150_bonus150_sigma015_rollsel_rom_20260721/model_1499.pt",
  "pre_roll_time_s": 6.0,
  "render": false,
  "save_render_frames": false,
  "frame_output_dir": null,
  "render_steps": 1,
  "consecutive_goals": false,
  "goal_duration_s": null,
  "goal_duration_steps": null,
  "requested_goals": 1,
  "num_rollouts": 1,
  "success_rate": 1.0,
  "reached_tolerance_rate": 1.0,
  "mean_final_ee_error_m": 0.03816552460193634,
  "mean_min_ee_error_m": 0.03816552460193634,
  "rollouts": [
    {
      "steps": 84,
      "done_reason": "success",
      "final_done_reason": "success",
      "first_done_step": 84,
      "first_success_step": 84,
      "fixed_duration_steps": null,
      "success": true,
      "reached_tolerance": true,
      "final_ee_error_m": 0.03816552460193634,
      "min_ee_error_m": 0.03816552460193634,
      "mean_ee_error_m": 1.2208994626998901,
      "reward_sum": 167.5728302001953,
      "unsafe_action_rate": 0.0,
      "min_clearance_m": 0.1285971999168396,
      "goal_base": [
        3.2704501152038574,
        -3.358829975128174,
        -3.450740098953247
      ],
      "contact_kind": null,
      "contact_links": [],
      "joint_limit_labels": [],
      "rollout_index": 0
    }
  ]
}
[54/100] goal=(3.27,-3.36,-3.45) rc=0 wall=31s
Actor MLP: Sequential(
  (0): Linear(in_features=26, out_features=256, bias=True)
  (1): ELU(alpha=1.0)
  (2): Linear(in_features=256, out_features=128, bias=True)
  (3): ELU(alpha=1.0)
  (4): Linear(in_features=128, out_features=64, bias=True)
  (5): ELU(alpha=1.0)
  (6): Linear(in_features=64, out_features=4, bias=True)
)
Critic MLP: Sequential(
  (0): Linear(in_features=26, out_features=256, bias=True)
  (1): ELU(alpha=1.0)
  (2): Linear(in_features=256, out_features=128, bias=True)
  (3): ELU(alpha=1.0)
  (4): Linear(in_features=128, out_features=64, bias=True)
  (5): ELU(alpha=1.0)
  (6): Linear(in_features=64, out_features=1, bias=True)
)
!!!!!!!!!!!!!added lock!!!!!!!!!!!!
{"steps": 29, "done_reason": "success", "final_done_reason": "success", "first_done_step": 29, "first_success_step": 29, "fixed_duration_steps": null, "success": true, "reached_tolerance": true, "final_ee_error_m": 0.04891691356897354, "min_ee_error_m": 0.04891691356897354, "mean_ee_error_m": 1.0991202592849731, "reward_sum": 152.6371307373047, "unsafe_action_rate": 0.0, "min_clearance_m": 0.13348466157913208, "goal_base": [5.136099815368652, -1.8376100063323975, -0.3647199869155884], "contact_kind": null, "contact_links": [], "joint_limit_labels": [], "rollout_index": 0}
{
  "backend": "chrono_arm_reaching",
  "policy_checkpoint": "/home/harry/NeDM/artifacts/rl_runs_arm_goal_reach/arm_reach_adaptivekl005_lr1e4_tol005_ep150_bonus150_sigma015_rollsel_rom_20260721/model_1499.pt",
  "pre_roll_time_s": 6.0,
  "render": false,
  "save_render_frames": false,
  "frame_output_dir": null,
  "render_steps": 1,
  "consecutive_goals": false,
  "goal_duration_s": null,
  "goal_duration_steps": null,
  "requested_goals": 1,
  "num_rollouts": 1,
  "success_rate": 1.0,
  "reached_tolerance_rate": 1.0,
  "mean_final_ee_error_m": 0.04891691356897354,
  "mean_min_ee_error_m": 0.04891691356897354,
  "rollouts": [
    {
      "steps": 29,
      "done_reason": "success",
      "final_done_reason": "success",
      "first_done_step": 29,
      "first_success_step": 29,
      "fixed_duration_steps": null,
      "success": true,
      "reached_tolerance": true,
      "final_ee_error_m": 0.04891691356897354,
      "min_ee_error_m": 0.04891691356897354,
      "mean_ee_error_m": 1.0991202592849731,
      "reward_sum": 152.6371307373047,
      "unsafe_action_rate": 0.0,
      "min_clearance_m": 0.13348466157913208,
      "goal_base": [
        5.136099815368652,
        -1.8376100063323975,
        -0.3647199869155884
      ],
      "contact_kind": null,
      "contact_links": [],
      "joint_limit_labels": [],
      "rollout_index": 0
    }
  ]
}
[55/100] goal=(5.14,-1.84,-0.36) rc=0 wall=26s
Actor MLP: Sequential(
  (0): Linear(in_features=26, out_features=256, bias=True)
  (1): ELU(alpha=1.0)
  (2): Linear(in_features=256, out_features=128, bias=True)
  (3): ELU(alpha=1.0)
  (4): Linear(in_features=128, out_features=64, bias=True)
  (5): ELU(alpha=1.0)
  (6): Linear(in_features=64, out_features=4, bias=True)
)
Critic MLP: Sequential(
  (0): Linear(in_features=26, out_features=256, bias=True)
  (1): ELU(alpha=1.0)
  (2): Linear(in_features=256, out_features=128, bias=True)
  (3): ELU(alpha=1.0)
  (4): Linear(in_features=128, out_features=64, bias=True)
  (5): ELU(alpha=1.0)
  (6): Linear(in_features=64, out_features=1, bias=True)
)
!!!!!!!!!!!!!added lock!!!!!!!!!!!!
{"steps": 142, "done_reason": "success", "final_done_reason": "success", "first_done_step": 142, "first_success_step": 142, "fixed_duration_steps": null, "success": true, "reached_tolerance": true, "final_ee_error_m": 0.0443090945482254, "min_ee_error_m": 0.0443090945482254, "mean_ee_error_m": 1.0579614639282227, "reward_sum": 185.4325714111328, "unsafe_action_rate": 0.0, "min_clearance_m": 0.12850326299667358, "goal_base": [2.305219888687134, 3.376889944076538, -4.21150016784668], "contact_kind": null, "contact_links": [], "joint_limit_labels": [], "rollout_index": 0}
{
  "backend": "chrono_arm_reaching",
  "policy_checkpoint": "/home/harry/NeDM/artifacts/rl_runs_arm_goal_reach/arm_reach_adaptivekl005_lr1e4_tol005_ep150_bonus150_sigma015_rollsel_rom_20260721/model_1499.pt",
  "pre_roll_time_s": 6.0,
  "render": false,
  "save_render_frames": false,
  "frame_output_dir": null,
  "render_steps": 1,
  "consecutive_goals": false,
  "goal_duration_s": null,
  "goal_duration_steps": null,
  "requested_goals": 1,
  "num_rollouts": 1,
  "success_rate": 1.0,
  "reached_tolerance_rate": 1.0,
  "mean_final_ee_error_m": 0.0443090945482254,
  "mean_min_ee_error_m": 0.0443090945482254,
  "rollouts": [
    {
      "steps": 142,
      "done_reason": "success",
      "final_done_reason": "success",
      "first_done_step": 142,
      "first_success_step": 142,
      "fixed_duration_steps": null,
      "success": true,
      "reached_tolerance": true,
      "final_ee_error_m": 0.0443090945482254,
      "min_ee_error_m": 0.0443090945482254,
      "mean_ee_error_m": 1.0579614639282227,
      "reward_sum": 185.4325714111328,
      "unsafe_action_rate": 0.0,
      "min_clearance_m": 0.12850326299667358,
      "goal_base": [
        2.305219888687134,
        3.376889944076538,
        -4.21150016784668
      ],
      "contact_kind": null,
      "contact_links": [],
      "joint_limit_labels": [],
      "rollout_index": 0
    }
  ]
}
[56/100] goal=(2.31,3.38,-4.21) rc=0 wall=35s
Actor MLP: Sequential(
  (0): Linear(in_features=26, out_features=256, bias=True)
  (1): ELU(alpha=1.0)
  (2): Linear(in_features=256, out_features=128, bias=True)
  (3): ELU(alpha=1.0)
  (4): Linear(in_features=128, out_features=64, bias=True)
  (5): ELU(alpha=1.0)
  (6): Linear(in_features=64, out_features=4, bias=True)
)
Critic MLP: Sequential(
  (0): Linear(in_features=26, out_features=256, bias=True)
  (1): ELU(alpha=1.0)
  (2): Linear(in_features=256, out_features=128, bias=True)
  (3): ELU(alpha=1.0)
  (4): Linear(in_features=128, out_features=64, bias=True)
  (5): ELU(alpha=1.0)
  (6): Linear(in_features=64, out_features=1, bias=True)
)
!!!!!!!!!!!!!added lock!!!!!!!!!!!!
{"steps": 38, "done_reason": "success", "final_done_reason": "success", "first_done_step": 38, "first_success_step": 38, "fixed_duration_steps": null, "success": true, "reached_tolerance": true, "final_ee_error_m": 0.048360977321863174, "min_ee_error_m": 0.048360977321863174, "mean_ee_error_m": 1.2115851640701294, "reward_sum": 155.57577514648438, "unsafe_action_rate": 0.0, "min_clearance_m": 0.12856358289718628, "goal_base": [4.582640171051025, 0.7995700240135193, -3.561389923095703], "contact_kind": null, "contact_links": [], "joint_limit_labels": [], "rollout_index": 0}
{
  "backend": "chrono_arm_reaching",
  "policy_checkpoint": "/home/harry/NeDM/artifacts/rl_runs_arm_goal_reach/arm_reach_adaptivekl005_lr1e4_tol005_ep150_bonus150_sigma015_rollsel_rom_20260721/model_1499.pt",
  "pre_roll_time_s": 6.0,
  "render": false,
  "save_render_frames": false,
  "frame_output_dir": null,
  "render_steps": 1,
  "consecutive_goals": false,
  "goal_duration_s": null,
  "goal_duration_steps": null,
  "requested_goals": 1,
  "num_rollouts": 1,
  "success_rate": 1.0,
  "reached_tolerance_rate": 1.0,
  "mean_final_ee_error_m": 0.048360977321863174,
  "mean_min_ee_error_m": 0.048360977321863174,
  "rollouts": [
    {
      "steps": 38,
      "done_reason": "success",
      "final_done_reason": "success",
      "first_done_step": 38,
      "first_success_step": 38,
      "fixed_duration_steps": null,
      "success": true,
      "reached_tolerance": true,
      "final_ee_error_m": 0.048360977321863174,
      "min_ee_error_m": 0.048360977321863174,
      "mean_ee_error_m": 1.2115851640701294,
      "reward_sum": 155.57577514648438,
      "unsafe_action_rate": 0.0,
      "min_clearance_m": 0.12856358289718628,
      "goal_base": [
        4.582640171051025,
        0.7995700240135193,
        -3.561389923095703
      ],
      "contact_kind": null,
      "contact_links": [],
      "joint_limit_labels": [],
      "rollout_index": 0
    }
  ]
}
[57/100] goal=(4.58,0.80,-3.56) rc=0 wall=27s
Actor MLP: Sequential(
  (0): Linear(in_features=26, out_features=256, bias=True)
  (1): ELU(alpha=1.0)
  (2): Linear(in_features=256, out_features=128, bias=True)
  (3): ELU(alpha=1.0)
  (4): Linear(in_features=128, out_features=64, bias=True)
  (5): ELU(alpha=1.0)
  (6): Linear(in_features=64, out_features=4, bias=True)
)
Critic MLP: Sequential(
  (0): Linear(in_features=26, out_features=256, bias=True)
  (1): ELU(alpha=1.0)
  (2): Linear(in_features=256, out_features=128, bias=True)
  (3): ELU(alpha=1.0)
  (4): Linear(in_features=128, out_features=64, bias=True)
  (5): ELU(alpha=1.0)
  (6): Linear(in_features=64, out_features=1, bias=True)
)
!!!!!!!!!!!!!added lock!!!!!!!!!!!!
{"steps": 43, "done_reason": "success", "final_done_reason": "success", "first_done_step": 43, "first_success_step": 43, "fixed_duration_steps": null, "success": true, "reached_tolerance": true, "final_ee_error_m": 0.037126678973436356, "min_ee_error_m": 0.037126678973436356, "mean_ee_error_m": 0.9528873562812805, "reward_sum": 156.47303771972656, "unsafe_action_rate": 0.0, "min_clearance_m": 0.12906783819198608, "goal_base": [4.824689865112305, -1.5617899894714355, -2.666759967803955], "contact_kind": null, "contact_links": [], "joint_limit_labels": [], "rollout_index": 0}
{
  "backend": "chrono_arm_reaching",
  "policy_checkpoint": "/home/harry/NeDM/artifacts/rl_runs_arm_goal_reach/arm_reach_adaptivekl005_lr1e4_tol005_ep150_bonus150_sigma015_rollsel_rom_20260721/model_1499.pt",
  "pre_roll_time_s": 6.0,
  "render": false,
  "save_render_frames": false,
  "frame_output_dir": null,
  "render_steps": 1,
  "consecutive_goals": false,
  "goal_duration_s": null,
  "goal_duration_steps": null,
  "requested_goals": 1,
  "num_rollouts": 1,
  "success_rate": 1.0,
  "reached_tolerance_rate": 1.0,
  "mean_final_ee_error_m": 0.037126678973436356,
  "mean_min_ee_error_m": 0.037126678973436356,
  "rollouts": [
    {
      "steps": 43,
      "done_reason": "success",
      "final_done_reason": "success",
      "first_done_step": 43,
      "first_success_step": 43,
      "fixed_duration_steps": null,
      "success": true,
      "reached_tolerance": true,
      "final_ee_error_m": 0.037126678973436356,
      "min_ee_error_m": 0.037126678973436356,
      "mean_ee_error_m": 0.9528873562812805,
      "reward_sum": 156.47303771972656,
      "unsafe_action_rate": 0.0,
      "min_clearance_m": 0.12906783819198608,
      "goal_base": [
        4.824689865112305,
        -1.5617899894714355,
        -2.666759967803955
      ],
      "contact_kind": null,
      "contact_links": [],
      "joint_limit_labels": [],
      "rollout_index": 0
    }
  ]
}
[58/100] goal=(4.82,-1.56,-2.67) rc=0 wall=28s
Actor MLP: Sequential(
  (0): Linear(in_features=26, out_features=256, bias=True)
  (1): ELU(alpha=1.0)
  (2): Linear(in_features=256, out_features=128, bias=True)
  (3): ELU(alpha=1.0)
  (4): Linear(in_features=128, out_features=64, bias=True)
  (5): ELU(alpha=1.0)
  (6): Linear(in_features=64, out_features=4, bias=True)
)
Critic MLP: Sequential(
  (0): Linear(in_features=26, out_features=256, bias=True)
  (1): ELU(alpha=1.0)
  (2): Linear(in_features=256, out_features=128, bias=True)
  (3): ELU(alpha=1.0)
  (4): Linear(in_features=128, out_features=64, bias=True)
  (5): ELU(alpha=1.0)
  (6): Linear(in_features=64, out_features=1, bias=True)
)
!!!!!!!!!!!!!added lock!!!!!!!!!!!!
{"steps": 150, "done_reason": "timeout", "final_done_reason": "timeout", "first_done_step": 150, "first_success_step": null, "fixed_duration_steps": null, "success": false, "reached_tolerance": false, "final_ee_error_m": 0.05596701428294182, "min_ee_error_m": 0.05260886996984482, "mean_ee_error_m": 0.21849703788757324, "reward_sum": 66.90660095214844, "unsafe_action_rate": 0.0, "min_clearance_m": 0.13234275579452515, "goal_base": [5.359399795532227, 0.6585900187492371, -1.7612299919128418], "contact_kind": null, "contact_links": [], "joint_limit_labels": [], "rollout_index": 0}
{
  "backend": "chrono_arm_reaching",
  "policy_checkpoint": "/home/harry/NeDM/artifacts/rl_runs_arm_goal_reach/arm_reach_adaptivekl005_lr1e4_tol005_ep150_bonus150_sigma015_rollsel_rom_20260721/model_1499.pt",
  "pre_roll_time_s": 6.0,
  "render": false,
  "save_render_frames": false,
  "frame_output_dir": null,
  "render_steps": 1,
  "consecutive_goals": false,
  "goal_duration_s": null,
  "goal_duration_steps": null,
  "requested_goals": 1,
  "num_rollouts": 1,
  "success_rate": 0.0,
  "reached_tolerance_rate": 0.0,
  "mean_final_ee_error_m": 0.05596701428294182,
  "mean_min_ee_error_m": 0.05260886996984482,
  "rollouts": [
    {
      "steps": 150,
      "done_reason": "timeout",
      "final_done_reason": "timeout",
      "first_done_step": 150,
      "first_success_step": null,
      "fixed_duration_steps": null,
      "success": false,
      "reached_tolerance": false,
      "final_ee_error_m": 0.05596701428294182,
      "min_ee_error_m": 0.05260886996984482,
      "mean_ee_error_m": 0.21849703788757324,
      "reward_sum": 66.90660095214844,
      "unsafe_action_rate": 0.0,
      "min_clearance_m": 0.13234275579452515,
      "goal_base": [
        5.359399795532227,
        0.6585900187492371,
        -1.7612299919128418
      ],
      "contact_kind": null,
      "contact_links": [],
      "joint_limit_labels": [],
      "rollout_index": 0
    }
  ]
}
[59/100] goal=(5.36,0.66,-1.76) rc=0 wall=37s
Actor MLP: Sequential(
  (0): Linear(in_features=26, out_features=256, bias=True)
  (1): ELU(alpha=1.0)
  (2): Linear(in_features=256, out_features=128, bias=True)
  (3): ELU(alpha=1.0)
  (4): Linear(in_features=128, out_features=64, bias=True)
  (5): ELU(alpha=1.0)
  (6): Linear(in_features=64, out_features=4, bias=True)
)
Critic MLP: Sequential(
  (0): Linear(in_features=26, out_features=256, bias=True)
  (1): ELU(alpha=1.0)
  (2): Linear(in_features=256, out_features=128, bias=True)
  (3): ELU(alpha=1.0)
  (4): Linear(in_features=128, out_features=64, bias=True)
  (5): ELU(alpha=1.0)
  (6): Linear(in_features=64, out_features=1, bias=True)
)
!!!!!!!!!!!!!added lock!!!!!!!!!!!!
{"steps": 150, "done_reason": "timeout", "final_done_reason": "timeout", "first_done_step": 150, "first_success_step": null, "fixed_duration_steps": null, "success": false, "reached_tolerance": false, "final_ee_error_m": 0.331830233335495, "min_ee_error_m": 0.1377873420715332, "mean_ee_error_m": 1.6007757186889648, "reward_sum": 12.835522651672363, "unsafe_action_rate": 0.0, "min_clearance_m": 0.1285129189491272, "goal_base": [0.3077000081539154, 3.75846004486084, -4.362649917602539], "contact_kind": null, "contact_links": [], "joint_limit_labels": [], "rollout_index": 0}
{
  "backend": "chrono_arm_reaching",
  "policy_checkpoint": "/home/harry/NeDM/artifacts/rl_runs_arm_goal_reach/arm_reach_adaptivekl005_lr1e4_tol005_ep150_bonus150_sigma015_rollsel_rom_20260721/model_1499.pt",
  "pre_roll_time_s": 6.0,
  "render": false,
  "save_render_frames": false,
  "frame_output_dir": null,
  "render_steps": 1,
  "consecutive_goals": false,
  "goal_duration_s": null,
  "goal_duration_steps": null,
  "requested_goals": 1,
  "num_rollouts": 1,
  "success_rate": 0.0,
  "reached_tolerance_rate": 0.0,
  "mean_final_ee_error_m": 0.331830233335495,
  "mean_min_ee_error_m": 0.1377873420715332,
  "rollouts": [
    {
      "steps": 150,
      "done_reason": "timeout",
      "final_done_reason": "timeout",
      "first_done_step": 150,
      "first_success_step": null,
      "fixed_duration_steps": null,
      "success": false,
      "reached_tolerance": false,
      "final_ee_error_m": 0.331830233335495,
      "min_ee_error_m": 0.1377873420715332,
      "mean_ee_error_m": 1.6007757186889648,
      "reward_sum": 12.835522651672363,
      "unsafe_action_rate": 0.0,
      "min_clearance_m": 0.1285129189491272,
      "goal_base": [
        0.3077000081539154,
        3.75846004486084,
        -4.362649917602539
      ],
      "contact_kind": null,
      "contact_links": [],
      "joint_limit_labels": [],
      "rollout_index": 0
    }
  ]
}
[60/100] goal=(0.31,3.76,-4.36) rc=0 wall=36s
Actor MLP: Sequential(
  (0): Linear(in_features=26, out_features=256, bias=True)
  (1): ELU(alpha=1.0)
  (2): Linear(in_features=256, out_features=128, bias=True)
  (3): ELU(alpha=1.0)
  (4): Linear(in_features=128, out_features=64, bias=True)
  (5): ELU(alpha=1.0)
  (6): Linear(in_features=64, out_features=4, bias=True)
)
Critic MLP: Sequential(
  (0): Linear(in_features=26, out_features=256, bias=True)
  (1): ELU(alpha=1.0)
  (2): Linear(in_features=256, out_features=128, bias=True)
  (3): ELU(alpha=1.0)
  (4): Linear(in_features=128, out_features=64, bias=True)
  (5): ELU(alpha=1.0)
  (6): Linear(in_features=64, out_features=1, bias=True)
)
!!!!!!!!!!!!!added lock!!!!!!!!!!!!
{"steps": 39, "done_reason": "success", "final_done_reason": "success", "first_done_step": 39, "first_success_step": 39, "fixed_duration_steps": null, "success": true, "reached_tolerance": true, "final_ee_error_m": 0.04639348015189171, "min_ee_error_m": 0.04639348015189171, "mean_ee_error_m": 1.0121524333953857, "reward_sum": 157.54319763183594, "unsafe_action_rate": 0.0, "min_clearance_m": 0.12863117456436157, "goal_base": [4.716569900512695, 0.6273000240325928, -3.2800099849700928], "contact_kind": null, "contact_links": [], "joint_limit_labels": [], "rollout_index": 0}
{
  "backend": "chrono_arm_reaching",
  "policy_checkpoint": "/home/harry/NeDM/artifacts/rl_runs_arm_goal_reach/arm_reach_adaptivekl005_lr1e4_tol005_ep150_bonus150_sigma015_rollsel_rom_20260721/model_1499.pt",
  "pre_roll_time_s": 6.0,
  "render": false,
  "save_render_frames": false,
  "frame_output_dir": null,
  "render_steps": 1,
  "consecutive_goals": false,
  "goal_duration_s": null,
  "goal_duration_steps": null,
  "requested_goals": 1,
  "num_rollouts": 1,
  "success_rate": 1.0,
  "reached_tolerance_rate": 1.0,
  "mean_final_ee_error_m": 0.04639348015189171,
  "mean_min_ee_error_m": 0.04639348015189171,
  "rollouts": [
    {
      "steps": 39,
      "done_reason": "success",
      "final_done_reason": "success",
      "first_done_step": 39,
      "first_success_step": 39,
      "fixed_duration_steps": null,
      "success": true,
      "reached_tolerance": true,
      "final_ee_error_m": 0.04639348015189171,
      "min_ee_error_m": 0.04639348015189171,
      "mean_ee_error_m": 1.0121524333953857,
      "reward_sum": 157.54319763183594,
      "unsafe_action_rate": 0.0,
      "min_clearance_m": 0.12863117456436157,
      "goal_base": [
        4.716569900512695,
        0.6273000240325928,
        -3.2800099849700928
      ],
      "contact_kind": null,
      "contact_links": [],
      "joint_limit_labels": [],
      "rollout_index": 0
    }
  ]
}
[61/100] goal=(4.72,0.63,-3.28) rc=0 wall=28s
Actor MLP: Sequential(
  (0): Linear(in_features=26, out_features=256, bias=True)
  (1): ELU(alpha=1.0)
  (2): Linear(in_features=256, out_features=128, bias=True)
  (3): ELU(alpha=1.0)
  (4): Linear(in_features=128, out_features=64, bias=True)
  (5): ELU(alpha=1.0)
  (6): Linear(in_features=64, out_features=4, bias=True)
)
Critic MLP: Sequential(
  (0): Linear(in_features=26, out_features=256, bias=True)
  (1): ELU(alpha=1.0)
  (2): Linear(in_features=256, out_features=128, bias=True)
  (3): ELU(alpha=1.0)
  (4): Linear(in_features=128, out_features=64, bias=True)
  (5): ELU(alpha=1.0)
  (6): Linear(in_features=64, out_features=1, bias=True)
)
!!!!!!!!!!!!!added lock!!!!!!!!!!!!
{"steps": 30, "done_reason": "success", "final_done_reason": "success", "first_done_step": 30, "first_success_step": 30, "fixed_duration_steps": null, "success": true, "reached_tolerance": true, "final_ee_error_m": 0.028742197901010513, "min_ee_error_m": 0.028742197901010513, "mean_ee_error_m": 1.4049186706542969, "reward_sum": 152.65232849121094, "unsafe_action_rate": 0.0, "min_clearance_m": 0.13348466157913208, "goal_base": [5.007190227508545, -2.268280029296875, -1.06768000125885], "contact_kind": null, "contact_links": [], "joint_limit_labels": [], "rollout_index": 0}
{
  "backend": "chrono_arm_reaching",
  "policy_checkpoint": "/home/harry/NeDM/artifacts/rl_runs_arm_goal_reach/arm_reach_adaptivekl005_lr1e4_tol005_ep150_bonus150_sigma015_rollsel_rom_20260721/model_1499.pt",
  "pre_roll_time_s": 6.0,
  "render": false,
  "save_render_frames": false,
  "frame_output_dir": null,
  "render_steps": 1,
  "consecutive_goals": false,
  "goal_duration_s": null,
  "goal_duration_steps": null,
  "requested_goals": 1,
  "num_rollouts": 1,
  "success_rate": 1.0,
  "reached_tolerance_rate": 1.0,
  "mean_final_ee_error_m": 0.028742197901010513,
  "mean_min_ee_error_m": 0.028742197901010513,
  "rollouts": [
    {
      "steps": 30,
      "done_reason": "success",
      "final_done_reason": "success",
      "first_done_step": 30,
      "first_success_step": 30,
      "fixed_duration_steps": null,
      "success": true,
      "reached_tolerance": true,
      "final_ee_error_m": 0.028742197901010513,
      "min_ee_error_m": 0.028742197901010513,
      "mean_ee_error_m": 1.4049186706542969,
      "reward_sum": 152.65232849121094,
      "unsafe_action_rate": 0.0,
      "min_clearance_m": 0.13348466157913208,
      "goal_base": [
        5.007190227508545,
        -2.268280029296875,
        -1.06768000125885
      ],
      "contact_kind": null,
      "contact_links": [],
      "joint_limit_labels": [],
      "rollout_index": 0
    }
  ]
}
[62/100] goal=(5.01,-2.27,-1.07) rc=0 wall=27s
Actor MLP: Sequential(
  (0): Linear(in_features=26, out_features=256, bias=True)
  (1): ELU(alpha=1.0)
  (2): Linear(in_features=256, out_features=128, bias=True)
  (3): ELU(alpha=1.0)
  (4): Linear(in_features=128, out_features=64, bias=True)
  (5): ELU(alpha=1.0)
  (6): Linear(in_features=64, out_features=4, bias=True)
)
Critic MLP: Sequential(
  (0): Linear(in_features=26, out_features=256, bias=True)
  (1): ELU(alpha=1.0)
  (2): Linear(in_features=256, out_features=128, bias=True)
  (3): ELU(alpha=1.0)
  (4): Linear(in_features=128, out_features=64, bias=True)
  (5): ELU(alpha=1.0)
  (6): Linear(in_features=64, out_features=1, bias=True)
)
!!!!!!!!!!!!!added lock!!!!!!!!!!!!
{"steps": 46, "done_reason": "success", "final_done_reason": "success", "first_done_step": 46, "first_success_step": 46, "fixed_duration_steps": null, "success": true, "reached_tolerance": true, "final_ee_error_m": 0.024737264961004257, "min_ee_error_m": 0.024737264961004257, "mean_ee_error_m": 2.284472942352295, "reward_sum": 155.60281372070312, "unsafe_action_rate": 0.0, "min_clearance_m": 0.12856823205947876, "goal_base": [3.1166000366210938, 3.3030800819396973, -3.690619945526123], "contact_kind": null, "contact_links": [], "joint_limit_labels": [], "rollout_index": 0}
{
  "backend": "chrono_arm_reaching",
  "policy_checkpoint": "/home/harry/NeDM/artifacts/rl_runs_arm_goal_reach/arm_reach_adaptivekl005_lr1e4_tol005_ep150_bonus150_sigma015_rollsel_rom_20260721/model_1499.pt",
  "pre_roll_time_s": 6.0,
  "render": false,
  "save_render_frames": false,
  "frame_output_dir": null,
  "render_steps": 1,
  "consecutive_goals": false,
  "goal_duration_s": null,
  "goal_duration_steps": null,
  "requested_goals": 1,
  "num_rollouts": 1,
  "success_rate": 1.0,
  "reached_tolerance_rate": 1.0,
  "mean_final_ee_error_m": 0.024737264961004257,
  "mean_min_ee_error_m": 0.024737264961004257,
  "rollouts": [
    {
      "steps": 46,
      "done_reason": "success",
      "final_done_reason": "success",
      "first_done_step": 46,
      "first_success_step": 46,
      "fixed_duration_steps": null,
      "success": true,
      "reached_tolerance": true,
      "final_ee_error_m": 0.024737264961004257,
      "min_ee_error_m": 0.024737264961004257,
      "mean_ee_error_m": 2.284472942352295,
      "reward_sum": 155.60281372070312,
      "unsafe_action_rate": 0.0,
      "min_clearance_m": 0.12856823205947876,
      "goal_base": [
        3.1166000366210938,
        3.3030800819396973,
        -3.690619945526123
      ],
      "contact_kind": null,
      "contact_links": [],
      "joint_limit_labels": [],
      "rollout_index": 0
    }
  ]
}
[63/100] goal=(3.12,3.30,-3.69) rc=0 wall=29s
Actor MLP: Sequential(
  (0): Linear(in_features=26, out_features=256, bias=True)
  (1): ELU(alpha=1.0)
  (2): Linear(in_features=256, out_features=128, bias=True)
  (3): ELU(alpha=1.0)
  (4): Linear(in_features=128, out_features=64, bias=True)
  (5): ELU(alpha=1.0)
  (6): Linear(in_features=64, out_features=4, bias=True)
)
Critic MLP: Sequential(
  (0): Linear(in_features=26, out_features=256, bias=True)
  (1): ELU(alpha=1.0)
  (2): Linear(in_features=256, out_features=128, bias=True)
  (3): ELU(alpha=1.0)
  (4): Linear(in_features=128, out_features=64, bias=True)
  (5): ELU(alpha=1.0)
  (6): Linear(in_features=64, out_features=1, bias=True)
)
!!!!!!!!!!!!!added lock!!!!!!!!!!!!
{"steps": 50, "done_reason": "success", "final_done_reason": "success", "first_done_step": 50, "first_success_step": 50, "fixed_duration_steps": null, "success": true, "reached_tolerance": true, "final_ee_error_m": 0.034224994480609894, "min_ee_error_m": 0.034224994480609894, "mean_ee_error_m": 2.7072150707244873, "reward_sum": 153.77320861816406, "unsafe_action_rate": 0.0, "min_clearance_m": 0.12865310907363892, "goal_base": [2.377190113067627, 4.167689800262451, -3.3385000228881836], "contact_kind": null, "contact_links": [], "joint_limit_labels": [], "rollout_index": 0}
{
  "backend": "chrono_arm_reaching",
  "policy_checkpoint": "/home/harry/NeDM/artifacts/rl_runs_arm_goal_reach/arm_reach_adaptivekl005_lr1e4_tol005_ep150_bonus150_sigma015_rollsel_rom_20260721/model_1499.pt",
  "pre_roll_time_s": 6.0,
  "render": false,
  "save_render_frames": false,
  "frame_output_dir": null,
  "render_steps": 1,
  "consecutive_goals": false,
  "goal_duration_s": null,
  "goal_duration_steps": null,
  "requested_goals": 1,
  "num_rollouts": 1,
  "success_rate": 1.0,
  "reached_tolerance_rate": 1.0,
  "mean_final_ee_error_m": 0.034224994480609894,
  "mean_min_ee_error_m": 0.034224994480609894,
  "rollouts": [
    {
      "steps": 50,
      "done_reason": "success",
      "final_done_reason": "success",
      "first_done_step": 50,
      "first_success_step": 50,
      "fixed_duration_steps": null,
      "success": true,
      "reached_tolerance": true,
      "final_ee_error_m": 0.034224994480609894,
      "min_ee_error_m": 0.034224994480609894,
      "mean_ee_error_m": 2.7072150707244873,
      "reward_sum": 153.77320861816406,
      "unsafe_action_rate": 0.0,
      "min_clearance_m": 0.12865310907363892,
      "goal_base": [
        2.377190113067627,
        4.167689800262451,
        -3.3385000228881836
      ],
      "contact_kind": null,
      "contact_links": [],
      "joint_limit_labels": [],
      "rollout_index": 0
    }
  ]
}
[64/100] goal=(2.38,4.17,-3.34) rc=0 wall=30s
Actor MLP: Sequential(
  (0): Linear(in_features=26, out_features=256, bias=True)
  (1): ELU(alpha=1.0)
  (2): Linear(in_features=256, out_features=128, bias=True)
  (3): ELU(alpha=1.0)
  (4): Linear(in_features=128, out_features=64, bias=True)
  (5): ELU(alpha=1.0)
  (6): Linear(in_features=64, out_features=4, bias=True)
)
Critic MLP: Sequential(
  (0): Linear(in_features=26, out_features=256, bias=True)
  (1): ELU(alpha=1.0)
  (2): Linear(in_features=256, out_features=128, bias=True)
  (3): ELU(alpha=1.0)
  (4): Linear(in_features=128, out_features=64, bias=True)
  (5): ELU(alpha=1.0)
  (6): Linear(in_features=64, out_features=1, bias=True)
)
!!!!!!!!!!!!!added lock!!!!!!!!!!!!
{"steps": 43, "done_reason": "success", "final_done_reason": "success", "first_done_step": 43, "first_success_step": 43, "fixed_duration_steps": null, "success": true, "reached_tolerance": true, "final_ee_error_m": 0.045879848301410675, "min_ee_error_m": 0.045879848301410675, "mean_ee_error_m": 4.766469955444336, "reward_sum": 151.10853576660156, "unsafe_action_rate": 0.0, "min_clearance_m": 0.13140088319778442, "goal_base": [0.4842100143432617, 5.330689907073975, -1.8292100429534912], "contact_kind": null, "contact_links": [], "joint_limit_labels": [], "rollout_index": 0}
{
  "backend": "chrono_arm_reaching",
  "policy_checkpoint": "/home/harry/NeDM/artifacts/rl_runs_arm_goal_reach/arm_reach_adaptivekl005_lr1e4_tol005_ep150_bonus150_sigma015_rollsel_rom_20260721/model_1499.pt",
  "pre_roll_time_s": 6.0,
  "render": false,
  "save_render_frames": false,
  "frame_output_dir": null,
  "render_steps": 1,
  "consecutive_goals": false,
  "goal_duration_s": null,
  "goal_duration_steps": null,
  "requested_goals": 1,
  "num_rollouts": 1,
  "success_rate": 1.0,
  "reached_tolerance_rate": 1.0,
  "mean_final_ee_error_m": 0.045879848301410675,
  "mean_min_ee_error_m": 0.045879848301410675,
  "rollouts": [
    {
      "steps": 43,
      "done_reason": "success",
      "final_done_reason": "success",
      "first_done_step": 43,
      "first_success_step": 43,
      "fixed_duration_steps": null,
      "success": true,
      "reached_tolerance": true,
      "final_ee_error_m": 0.045879848301410675,
      "min_ee_error_m": 0.045879848301410675,
      "mean_ee_error_m": 4.766469955444336,
      "reward_sum": 151.10853576660156,
      "unsafe_action_rate": 0.0,
      "min_clearance_m": 0.13140088319778442,
      "goal_base": [
        0.4842100143432617,
        5.330689907073975,
        -1.8292100429534912
      ],
      "contact_kind": null,
      "contact_links": [],
      "joint_limit_labels": [],
      "rollout_index": 0
    }
  ]
}
[65/100] goal=(0.48,5.33,-1.83) rc=0 wall=29s
Actor MLP: Sequential(
  (0): Linear(in_features=26, out_features=256, bias=True)
  (1): ELU(alpha=1.0)
  (2): Linear(in_features=256, out_features=128, bias=True)
  (3): ELU(alpha=1.0)
  (4): Linear(in_features=128, out_features=64, bias=True)
  (5): ELU(alpha=1.0)
  (6): Linear(in_features=64, out_features=4, bias=True)
)
Critic MLP: Sequential(
  (0): Linear(in_features=26, out_features=256, bias=True)
  (1): ELU(alpha=1.0)
  (2): Linear(in_features=256, out_features=128, bias=True)
  (3): ELU(alpha=1.0)
  (4): Linear(in_features=128, out_features=64, bias=True)
  (5): ELU(alpha=1.0)
  (6): Linear(in_features=64, out_features=1, bias=True)
)
!!!!!!!!!!!!!added lock!!!!!!!!!!!!
{"steps": 37, "done_reason": "success", "final_done_reason": "success", "first_done_step": 37, "first_success_step": 37, "fixed_duration_steps": null, "success": true, "reached_tolerance": true, "final_ee_error_m": 0.04841502755880356, "min_ee_error_m": 0.04841502755880356, "mean_ee_error_m": 3.39337158203125, "reward_sum": 151.44253540039062, "unsafe_action_rate": 0.0, "min_clearance_m": 0.12849265336990356, "goal_base": [1.7705600261688232, -3.648469924926758, -4.222529888153076], "contact_kind": null, "contact_links": [], "joint_limit_labels": [], "rollout_index": 0}
{
  "backend": "chrono_arm_reaching",
  "policy_checkpoint": "/home/harry/NeDM/artifacts/rl_runs_arm_goal_reach/arm_reach_adaptivekl005_lr1e4_tol005_ep150_bonus150_sigma015_rollsel_rom_20260721/model_1499.pt",
  "pre_roll_time_s": 6.0,
  "render": false,
  "save_render_frames": false,
  "frame_output_dir": null,
  "render_steps": 1,
  "consecutive_goals": false,
  "goal_duration_s": null,
  "goal_duration_steps": null,
  "requested_goals": 1,
  "num_rollouts": 1,
  "success_rate": 1.0,
  "reached_tolerance_rate": 1.0,
  "mean_final_ee_error_m": 0.04841502755880356,
  "mean_min_ee_error_m": 0.04841502755880356,
  "rollouts": [
    {
      "steps": 37,
      "done_reason": "success",
      "final_done_reason": "success",
      "first_done_step": 37,
      "first_success_step": 37,
      "fixed_duration_steps": null,
      "success": true,
      "reached_tolerance": true,
      "final_ee_error_m": 0.04841502755880356,
      "min_ee_error_m": 0.04841502755880356,
      "mean_ee_error_m": 3.39337158203125,
      "reward_sum": 151.44253540039062,
      "unsafe_action_rate": 0.0,
      "min_clearance_m": 0.12849265336990356,
      "goal_base": [
        1.7705600261688232,
        -3.648469924926758,
        -4.222529888153076
      ],
      "contact_kind": null,
      "contact_links": [],
      "joint_limit_labels": [],
      "rollout_index": 0
    }
  ]
}
[66/100] goal=(1.77,-3.65,-4.22) rc=0 wall=29s
Actor MLP: Sequential(
  (0): Linear(in_features=26, out_features=256, bias=True)
  (1): ELU(alpha=1.0)
  (2): Linear(in_features=256, out_features=128, bias=True)
  (3): ELU(alpha=1.0)
  (4): Linear(in_features=128, out_features=64, bias=True)
  (5): ELU(alpha=1.0)
  (6): Linear(in_features=64, out_features=4, bias=True)
)
Critic MLP: Sequential(
  (0): Linear(in_features=26, out_features=256, bias=True)
  (1): ELU(alpha=1.0)
  (2): Linear(in_features=256, out_features=128, bias=True)
  (3): ELU(alpha=1.0)
  (4): Linear(in_features=128, out_features=64, bias=True)
  (5): ELU(alpha=1.0)
  (6): Linear(in_features=64, out_features=1, bias=True)
)
!!!!!!!!!!!!!added lock!!!!!!!!!!!!
{"steps": 46, "done_reason": "success", "final_done_reason": "success", "first_done_step": 46, "first_success_step": 46, "fixed_duration_steps": null, "success": true, "reached_tolerance": true, "final_ee_error_m": 0.04752728343009949, "min_ee_error_m": 0.04752728343009949, "mean_ee_error_m": 4.011288642883301, "reward_sum": 152.1166229248047, "unsafe_action_rate": 0.0, "min_clearance_m": 0.12848812341690063, "goal_base": [0.5271599888801575, 4.071859836578369, -4.1999101638793945], "contact_kind": null, "contact_links": [], "joint_limit_labels": [], "rollout_index": 0}
{
  "backend": "chrono_arm_reaching",
  "policy_checkpoint": "/home/harry/NeDM/artifacts/rl_runs_arm_goal_reach/arm_reach_adaptivekl005_lr1e4_tol005_ep150_bonus150_sigma015_rollsel_rom_20260721/model_1499.pt",
  "pre_roll_time_s": 6.0,
  "render": false,
  "save_render_frames": false,
  "frame_output_dir": null,
  "render_steps": 1,
  "consecutive_goals": false,
  "goal_duration_s": null,
  "goal_duration_steps": null,
  "requested_goals": 1,
  "num_rollouts": 1,
  "success_rate": 1.0,
  "reached_tolerance_rate": 1.0,
  "mean_final_ee_error_m": 0.04752728343009949,
  "mean_min_ee_error_m": 0.04752728343009949,
  "rollouts": [
    {
      "steps": 46,
      "done_reason": "success",
      "final_done_reason": "success",
      "first_done_step": 46,
      "first_success_step": 46,
      "fixed_duration_steps": null,
      "success": true,
      "reached_tolerance": true,
      "final_ee_error_m": 0.04752728343009949,
      "min_ee_error_m": 0.04752728343009949,
      "mean_ee_error_m": 4.011288642883301,
      "reward_sum": 152.1166229248047,
      "unsafe_action_rate": 0.0,
      "min_clearance_m": 0.12848812341690063,
      "goal_base": [
        0.5271599888801575,
        4.071859836578369,
        -4.1999101638793945
      ],
      "contact_kind": null,
      "contact_links": [],
      "joint_limit_labels": [],
      "rollout_index": 0
    }
  ]
}
[67/100] goal=(0.53,4.07,-4.20) rc=0 wall=29s
Actor MLP: Sequential(
  (0): Linear(in_features=26, out_features=256, bias=True)
  (1): ELU(alpha=1.0)
  (2): Linear(in_features=256, out_features=128, bias=True)
  (3): ELU(alpha=1.0)
  (4): Linear(in_features=128, out_features=64, bias=True)
  (5): ELU(alpha=1.0)
  (6): Linear(in_features=64, out_features=4, bias=True)
)
Critic MLP: Sequential(
  (0): Linear(in_features=26, out_features=256, bias=True)
  (1): ELU(alpha=1.0)
  (2): Linear(in_features=256, out_features=128, bias=True)
  (3): ELU(alpha=1.0)
  (4): Linear(in_features=128, out_features=64, bias=True)
  (5): ELU(alpha=1.0)
  (6): Linear(in_features=64, out_features=1, bias=True)
)
!!!!!!!!!!!!!added lock!!!!!!!!!!!!
{"steps": 78, "done_reason": "success", "final_done_reason": "success", "first_done_step": 78, "first_success_step": 78, "fixed_duration_steps": null, "success": true, "reached_tolerance": true, "final_ee_error_m": 0.03849945217370987, "min_ee_error_m": 0.03849945217370987, "mean_ee_error_m": 2.2475814819335938, "reward_sum": 157.1680450439453, "unsafe_action_rate": 0.0, "min_clearance_m": 0.12900489568710327, "goal_base": [1.774459958076477, 4.710040092468262, -2.743809938430786], "contact_kind": null, "contact_links": [], "joint_limit_labels": [], "rollout_index": 0}
{
  "backend": "chrono_arm_reaching",
  "policy_checkpoint": "/home/harry/NeDM/artifacts/rl_runs_arm_goal_reach/arm_reach_adaptivekl005_lr1e4_tol005_ep150_bonus150_sigma015_rollsel_rom_20260721/model_1499.pt",
  "pre_roll_time_s": 6.0,
  "render": false,
  "save_render_frames": false,
  "frame_output_dir": null,
  "render_steps": 1,
  "consecutive_goals": false,
  "goal_duration_s": null,
  "goal_duration_steps": null,
  "requested_goals": 1,
  "num_rollouts": 1,
  "success_rate": 1.0,
  "reached_tolerance_rate": 1.0,
  "mean_final_ee_error_m": 0.03849945217370987,
  "mean_min_ee_error_m": 0.03849945217370987,
  "rollouts": [
    {
      "steps": 78,
      "done_reason": "success",
      "final_done_reason": "success",
      "first_done_step": 78,
      "first_success_step": 78,
      "fixed_duration_steps": null,
      "success": true,
      "reached_tolerance": true,
      "final_ee_error_m": 0.03849945217370987,
      "min_ee_error_m": 0.03849945217370987,
      "mean_ee_error_m": 2.2475814819335938,
      "reward_sum": 157.1680450439453,
      "unsafe_action_rate": 0.0,
      "min_clearance_m": 0.12900489568710327,
      "goal_base": [
        1.774459958076477,
        4.710040092468262,
        -2.743809938430786
      ],
      "contact_kind": null,
      "contact_links": [],
      "joint_limit_labels": [],
      "rollout_index": 0
    }
  ]
}
[68/100] goal=(1.77,4.71,-2.74) rc=0 wall=32s
Actor MLP: Sequential(
  (0): Linear(in_features=26, out_features=256, bias=True)
  (1): ELU(alpha=1.0)
  (2): Linear(in_features=256, out_features=128, bias=True)
  (3): ELU(alpha=1.0)
  (4): Linear(in_features=128, out_features=64, bias=True)
  (5): ELU(alpha=1.0)
  (6): Linear(in_features=64, out_features=4, bias=True)
)
Critic MLP: Sequential(
  (0): Linear(in_features=26, out_features=256, bias=True)
  (1): ELU(alpha=1.0)
  (2): Linear(in_features=256, out_features=128, bias=True)
  (3): ELU(alpha=1.0)
  (4): Linear(in_features=128, out_features=64, bias=True)
  (5): ELU(alpha=1.0)
  (6): Linear(in_features=64, out_features=1, bias=True)
)
!!!!!!!!!!!!!added lock!!!!!!!!!!!!
{"steps": 74, "done_reason": "success", "final_done_reason": "success", "first_done_step": 74, "first_success_step": 74, "fixed_duration_steps": null, "success": true, "reached_tolerance": true, "final_ee_error_m": 0.044811125844717026, "min_ee_error_m": 0.044811125844717026, "mean_ee_error_m": 2.2217817306518555, "reward_sum": 159.58551025390625, "unsafe_action_rate": 0.0, "min_clearance_m": 0.13348466157913208, "goal_base": [2.0357799530029297, -5.026820182800293, -0.8695999979972839], "contact_kind": null, "contact_links": [], "joint_limit_labels": [], "rollout_index": 0}
{
  "backend": "chrono_arm_reaching",
  "policy_checkpoint": "/home/harry/NeDM/artifacts/rl_runs_arm_goal_reach/arm_reach_adaptivekl005_lr1e4_tol005_ep150_bonus150_sigma015_rollsel_rom_20260721/model_1499.pt",
  "pre_roll_time_s": 6.0,
  "render": false,
  "save_render_frames": false,
  "frame_output_dir": null,
  "render_steps": 1,
  "consecutive_goals": false,
  "goal_duration_s": null,
  "goal_duration_steps": null,
  "requested_goals": 1,
  "num_rollouts": 1,
  "success_rate": 1.0,
  "reached_tolerance_rate": 1.0,
  "mean_final_ee_error_m": 0.044811125844717026,
  "mean_min_ee_error_m": 0.044811125844717026,
  "rollouts": [
    {
      "steps": 74,
      "done_reason": "success",
      "final_done_reason": "success",
      "first_done_step": 74,
      "first_success_step": 74,
      "fixed_duration_steps": null,
      "success": true,
      "reached_tolerance": true,
      "final_ee_error_m": 0.044811125844717026,
      "min_ee_error_m": 0.044811125844717026,
      "mean_ee_error_m": 2.2217817306518555,
      "reward_sum": 159.58551025390625,
      "unsafe_action_rate": 0.0,
      "min_clearance_m": 0.13348466157913208,
      "goal_base": [
        2.0357799530029297,
        -5.026820182800293,
        -0.8695999979972839
      ],
      "contact_kind": null,
      "contact_links": [],
      "joint_limit_labels": [],
      "rollout_index": 0
    }
  ]
}
[69/100] goal=(2.04,-5.03,-0.87) rc=0 wall=32s
Actor MLP: Sequential(
  (0): Linear(in_features=26, out_features=256, bias=True)
  (1): ELU(alpha=1.0)
  (2): Linear(in_features=256, out_features=128, bias=True)
  (3): ELU(alpha=1.0)
  (4): Linear(in_features=128, out_features=64, bias=True)
  (5): ELU(alpha=1.0)
  (6): Linear(in_features=64, out_features=4, bias=True)
)
Critic MLP: Sequential(
  (0): Linear(in_features=26, out_features=256, bias=True)
  (1): ELU(alpha=1.0)
  (2): Linear(in_features=256, out_features=128, bias=True)
  (3): ELU(alpha=1.0)
  (4): Linear(in_features=128, out_features=64, bias=True)
  (5): ELU(alpha=1.0)
  (6): Linear(in_features=64, out_features=1, bias=True)
)
!!!!!!!!!!!!!added lock!!!!!!!!!!!!
{"steps": 48, "done_reason": "success", "final_done_reason": "success", "first_done_step": 48, "first_success_step": 48, "fixed_duration_steps": null, "success": true, "reached_tolerance": true, "final_ee_error_m": 0.044328320771455765, "min_ee_error_m": 0.044328320771455765, "mean_ee_error_m": 2.5598855018615723, "reward_sum": 154.75926208496094, "unsafe_action_rate": 0.0, "min_clearance_m": 0.12877875566482544, "goal_base": [2.785140037536621, 4.075089931488037, -3.0061800479888916], "contact_kind": null, "contact_links": [], "joint_limit_labels": [], "rollout_index": 0}
{
  "backend": "chrono_arm_reaching",
  "policy_checkpoint": "/home/harry/NeDM/artifacts/rl_runs_arm_goal_reach/arm_reach_adaptivekl005_lr1e4_tol005_ep150_bonus150_sigma015_rollsel_rom_20260721/model_1499.pt",
  "pre_roll_time_s": 6.0,
  "render": false,
  "save_render_frames": false,
  "frame_output_dir": null,
  "render_steps": 1,
  "consecutive_goals": false,
  "goal_duration_s": null,
  "goal_duration_steps": null,
  "requested_goals": 1,
  "num_rollouts": 1,
  "success_rate": 1.0,
  "reached_tolerance_rate": 1.0,
  "mean_final_ee_error_m": 0.044328320771455765,
  "mean_min_ee_error_m": 0.044328320771455765,
  "rollouts": [
    {
      "steps": 48,
      "done_reason": "success",
      "final_done_reason": "success",
      "first_done_step": 48,
      "first_success_step": 48,
      "fixed_duration_steps": null,
      "success": true,
      "reached_tolerance": true,
      "final_ee_error_m": 0.044328320771455765,
      "min_ee_error_m": 0.044328320771455765,
      "mean_ee_error_m": 2.5598855018615723,
      "reward_sum": 154.75926208496094,
      "unsafe_action_rate": 0.0,
      "min_clearance_m": 0.12877875566482544,
      "goal_base": [
        2.785140037536621,
        4.075089931488037,
        -3.0061800479888916
      ],
      "contact_kind": null,
      "contact_links": [],
      "joint_limit_labels": [],
      "rollout_index": 0
    }
  ]
}
[70/100] goal=(2.79,4.08,-3.01) rc=0 wall=29s
Actor MLP: Sequential(
  (0): Linear(in_features=26, out_features=256, bias=True)
  (1): ELU(alpha=1.0)
  (2): Linear(in_features=256, out_features=128, bias=True)
  (3): ELU(alpha=1.0)
  (4): Linear(in_features=128, out_features=64, bias=True)
  (5): ELU(alpha=1.0)
  (6): Linear(in_features=64, out_features=4, bias=True)
)
Critic MLP: Sequential(
  (0): Linear(in_features=26, out_features=256, bias=True)
  (1): ELU(alpha=1.0)
  (2): Linear(in_features=256, out_features=128, bias=True)
  (3): ELU(alpha=1.0)
  (4): Linear(in_features=128, out_features=64, bias=True)
  (5): ELU(alpha=1.0)
  (6): Linear(in_features=64, out_features=1, bias=True)
)
!!!!!!!!!!!!!added lock!!!!!!!!!!!!
{"steps": 37, "done_reason": "success", "final_done_reason": "success", "first_done_step": 37, "first_success_step": 37, "fixed_duration_steps": null, "success": true, "reached_tolerance": true, "final_ee_error_m": 0.048602454364299774, "min_ee_error_m": 0.048602454364299774, "mean_ee_error_m": 1.004600167274475, "reward_sum": 156.03382873535156, "unsafe_action_rate": 0.0, "min_clearance_m": 0.12861591577529907, "goal_base": [4.815790176391602, 0.4751499891281128, -3.270750045776367], "contact_kind": null, "contact_links": [], "joint_limit_labels": [], "rollout_index": 0}
{
  "backend": "chrono_arm_reaching",
  "policy_checkpoint": "/home/harry/NeDM/artifacts/rl_runs_arm_goal_reach/arm_reach_adaptivekl005_lr1e4_tol005_ep150_bonus150_sigma015_rollsel_rom_20260721/model_1499.pt",
  "pre_roll_time_s": 6.0,
  "render": false,
  "save_render_frames": false,
  "frame_output_dir": null,
  "render_steps": 1,
  "consecutive_goals": false,
  "goal_duration_s": null,
  "goal_duration_steps": null,
  "requested_goals": 1,
  "num_rollouts": 1,
  "success_rate": 1.0,
  "reached_tolerance_rate": 1.0,
  "mean_final_ee_error_m": 0.048602454364299774,
  "mean_min_ee_error_m": 0.048602454364299774,
  "rollouts": [
    {
      "steps": 37,
      "done_reason": "success",
      "final_done_reason": "success",
      "first_done_step": 37,
      "first_success_step": 37,
      "fixed_duration_steps": null,
      "success": true,
      "reached_tolerance": true,
      "final_ee_error_m": 0.048602454364299774,
      "min_ee_error_m": 0.048602454364299774,
      "mean_ee_error_m": 1.004600167274475,
      "reward_sum": 156.03382873535156,
      "unsafe_action_rate": 0.0,
      "min_clearance_m": 0.12861591577529907,
      "goal_base": [
        4.815790176391602,
        0.4751499891281128,
        -3.270750045776367
      ],
      "contact_kind": null,
      "contact_links": [],
      "joint_limit_labels": [],
      "rollout_index": 0
    }
  ]
}
[71/100] goal=(4.82,0.48,-3.27) rc=0 wall=29s
Actor MLP: Sequential(
  (0): Linear(in_features=26, out_features=256, bias=True)
  (1): ELU(alpha=1.0)
  (2): Linear(in_features=256, out_features=128, bias=True)
  (3): ELU(alpha=1.0)
  (4): Linear(in_features=128, out_features=64, bias=True)
  (5): ELU(alpha=1.0)
  (6): Linear(in_features=64, out_features=4, bias=True)
)
Critic MLP: Sequential(
  (0): Linear(in_features=26, out_features=256, bias=True)
  (1): ELU(alpha=1.0)
  (2): Linear(in_features=256, out_features=128, bias=True)
  (3): ELU(alpha=1.0)
  (4): Linear(in_features=128, out_features=64, bias=True)
  (5): ELU(alpha=1.0)
  (6): Linear(in_features=64, out_features=1, bias=True)
)
!!!!!!!!!!!!!added lock!!!!!!!!!!!!
{"steps": 33, "done_reason": "success", "final_done_reason": "success", "first_done_step": 33, "first_success_step": 33, "fixed_duration_steps": null, "success": true, "reached_tolerance": true, "final_ee_error_m": 0.04038707911968231, "min_ee_error_m": 0.04038707911968231, "mean_ee_error_m": 0.5904229283332825, "reward_sum": 157.27743530273438, "unsafe_action_rate": 0.0, "min_clearance_m": 0.13348466157913208, "goal_base": [5.383969783782959, -1.2168400287628174, -0.7548900246620178], "contact_kind": null, "contact_links": [], "joint_limit_labels": [], "rollout_index": 0}
{
  "backend": "chrono_arm_reaching",
  "policy_checkpoint": "/home/harry/NeDM/artifacts/rl_runs_arm_goal_reach/arm_reach_adaptivekl005_lr1e4_tol005_ep150_bonus150_sigma015_rollsel_rom_20260721/model_1499.pt",
  "pre_roll_time_s": 6.0,
  "render": false,
  "save_render_frames": false,
  "frame_output_dir": null,
  "render_steps": 1,
  "consecutive_goals": false,
  "goal_duration_s": null,
  "goal_duration_steps": null,
  "requested_goals": 1,
  "num_rollouts": 1,
  "success_rate": 1.0,
  "reached_tolerance_rate": 1.0,
  "mean_final_ee_error_m": 0.04038707911968231,
  "mean_min_ee_error_m": 0.04038707911968231,
  "rollouts": [
    {
      "steps": 33,
      "done_reason": "success",
      "final_done_reason": "success",
      "first_done_step": 33,
      "first_success_step": 33,
      "fixed_duration_steps": null,
      "success": true,
      "reached_tolerance": true,
      "final_ee_error_m": 0.04038707911968231,
      "min_ee_error_m": 0.04038707911968231,
      "mean_ee_error_m": 0.5904229283332825,
      "reward_sum": 157.27743530273438,
      "unsafe_action_rate": 0.0,
      "min_clearance_m": 0.13348466157913208,
      "goal_base": [
        5.383969783782959,
        -1.2168400287628174,
        -0.7548900246620178
      ],
      "contact_kind": null,
      "contact_links": [],
      "joint_limit_labels": [],
      "rollout_index": 0
    }
  ]
}
[72/100] goal=(5.38,-1.22,-0.75) rc=0 wall=28s
Actor MLP: Sequential(
  (0): Linear(in_features=26, out_features=256, bias=True)
  (1): ELU(alpha=1.0)
  (2): Linear(in_features=256, out_features=128, bias=True)
  (3): ELU(alpha=1.0)
  (4): Linear(in_features=128, out_features=64, bias=True)
  (5): ELU(alpha=1.0)
  (6): Linear(in_features=64, out_features=4, bias=True)
)
Critic MLP: Sequential(
  (0): Linear(in_features=26, out_features=256, bias=True)
  (1): ELU(alpha=1.0)
  (2): Linear(in_features=256, out_features=128, bias=True)
  (3): ELU(alpha=1.0)
  (4): Linear(in_features=128, out_features=64, bias=True)
  (5): ELU(alpha=1.0)
  (6): Linear(in_features=64, out_features=1, bias=True)
)
!!!!!!!!!!!!!added lock!!!!!!!!!!!!
{"steps": 108, "done_reason": "success", "final_done_reason": "success", "first_done_step": 108, "first_success_step": 108, "fixed_duration_steps": null, "success": true, "reached_tolerance": true, "final_ee_error_m": 0.04400098696351051, "min_ee_error_m": 0.04400098696351051, "mean_ee_error_m": 1.6984542608261108, "reward_sum": 166.24932861328125, "unsafe_action_rate": 0.0, "min_clearance_m": 0.1285344958305359, "goal_base": [1.3180400133132935, 3.955940008163452, -4.083250045776367], "contact_kind": null, "contact_links": [], "joint_limit_labels": [], "rollout_index": 0}
{
  "backend": "chrono_arm_reaching",
  "policy_checkpoint": "/home/harry/NeDM/artifacts/rl_runs_arm_goal_reach/arm_reach_adaptivekl005_lr1e4_tol005_ep150_bonus150_sigma015_rollsel_rom_20260721/model_1499.pt",
  "pre_roll_time_s": 6.0,
  "render": false,
  "save_render_frames": false,
  "frame_output_dir": null,
  "render_steps": 1,
  "consecutive_goals": false,
  "goal_duration_s": null,
  "goal_duration_steps": null,
  "requested_goals": 1,
  "num_rollouts": 1,
  "success_rate": 1.0,
  "reached_tolerance_rate": 1.0,
  "mean_final_ee_error_m": 0.04400098696351051,
  "mean_min_ee_error_m": 0.04400098696351051,
  "rollouts": [
    {
      "steps": 108,
      "done_reason": "success",
      "final_done_reason": "success",
      "first_done_step": 108,
      "first_success_step": 108,
      "fixed_duration_steps": null,
      "success": true,
      "reached_tolerance": true,
      "final_ee_error_m": 0.04400098696351051,
      "min_ee_error_m": 0.04400098696351051,
      "mean_ee_error_m": 1.6984542608261108,
      "reward_sum": 166.24932861328125,
      "unsafe_action_rate": 0.0,
      "min_clearance_m": 0.1285344958305359,
      "goal_base": [
        1.3180400133132935,
        3.955940008163452,
        -4.083250045776367
      ],
      "contact_kind": null,
      "contact_links": [],
      "joint_limit_labels": [],
      "rollout_index": 0
    }
  ]
}
[73/100] goal=(1.32,3.96,-4.08) rc=0 wall=35s
Actor MLP: Sequential(
  (0): Linear(in_features=26, out_features=256, bias=True)
  (1): ELU(alpha=1.0)
  (2): Linear(in_features=256, out_features=128, bias=True)
  (3): ELU(alpha=1.0)
  (4): Linear(in_features=128, out_features=64, bias=True)
  (5): ELU(alpha=1.0)
  (6): Linear(in_features=64, out_features=4, bias=True)
)
Critic MLP: Sequential(
  (0): Linear(in_features=26, out_features=256, bias=True)
  (1): ELU(alpha=1.0)
  (2): Linear(in_features=256, out_features=128, bias=True)
  (3): ELU(alpha=1.0)
  (4): Linear(in_features=128, out_features=64, bias=True)
  (5): ELU(alpha=1.0)
  (6): Linear(in_features=64, out_features=1, bias=True)
)
!!!!!!!!!!!!!added lock!!!!!!!!!!!!
{"steps": 49, "done_reason": "success", "final_done_reason": "success", "first_done_step": 49, "first_success_step": 49, "fixed_duration_steps": null, "success": true, "reached_tolerance": true, "final_ee_error_m": 0.046848516911268234, "min_ee_error_m": 0.046848516911268234, "mean_ee_error_m": 1.376975417137146, "reward_sum": 157.96339416503906, "unsafe_action_rate": 0.0, "min_clearance_m": 0.13348466157913208, "goal_base": [4.540639877319336, 2.877549886703491, -0.745930016040802], "contact_kind": null, "contact_links": [], "joint_limit_labels": [], "rollout_index": 0}
{
  "backend": "chrono_arm_reaching",
  "policy_checkpoint": "/home/harry/NeDM/artifacts/rl_runs_arm_goal_reach/arm_reach_adaptivekl005_lr1e4_tol005_ep150_bonus150_sigma015_rollsel_rom_20260721/model_1499.pt",
  "pre_roll_time_s": 6.0,
  "render": false,
  "save_render_frames": false,
  "frame_output_dir": null,
  "render_steps": 1,
  "consecutive_goals": false,
  "goal_duration_s": null,
  "goal_duration_steps": null,
  "requested_goals": 1,
  "num_rollouts": 1,
  "success_rate": 1.0,
  "reached_tolerance_rate": 1.0,
  "mean_final_ee_error_m": 0.046848516911268234,
  "mean_min_ee_error_m": 0.046848516911268234,
  "rollouts": [
    {
      "steps": 49,
      "done_reason": "success",
      "final_done_reason": "success",
      "first_done_step": 49,
      "first_success_step": 49,
      "fixed_duration_steps": null,
      "success": true,
      "reached_tolerance": true,
      "final_ee_error_m": 0.046848516911268234,
      "min_ee_error_m": 0.046848516911268234,
      "mean_ee_error_m": 1.376975417137146,
      "reward_sum": 157.96339416503906,
      "unsafe_action_rate": 0.0,
      "min_clearance_m": 0.13348466157913208,
      "goal_base": [
        4.540639877319336,
        2.877549886703491,
        -0.745930016040802
      ],
      "contact_kind": null,
      "contact_links": [],
      "joint_limit_labels": [],
      "rollout_index": 0
    }
  ]
}
[74/100] goal=(4.54,2.88,-0.75) rc=0 wall=30s
Actor MLP: Sequential(
  (0): Linear(in_features=26, out_features=256, bias=True)
  (1): ELU(alpha=1.0)
  (2): Linear(in_features=256, out_features=128, bias=True)
  (3): ELU(alpha=1.0)
  (4): Linear(in_features=128, out_features=64, bias=True)
  (5): ELU(alpha=1.0)
  (6): Linear(in_features=64, out_features=4, bias=True)
)
Critic MLP: Sequential(
  (0): Linear(in_features=26, out_features=256, bias=True)
  (1): ELU(alpha=1.0)
  (2): Linear(in_features=256, out_features=128, bias=True)
  (3): ELU(alpha=1.0)
  (4): Linear(in_features=128, out_features=64, bias=True)
  (5): ELU(alpha=1.0)
  (6): Linear(in_features=64, out_features=1, bias=True)
)
!!!!!!!!!!!!!added lock!!!!!!!!!!!!
{"steps": 72, "done_reason": "success", "final_done_reason": "success", "first_done_step": 72, "first_success_step": 72, "fixed_duration_steps": null, "success": true, "reached_tolerance": true, "final_ee_error_m": 0.03453096002340317, "min_ee_error_m": 0.03453096002340317, "mean_ee_error_m": 2.1445088386535645, "reward_sum": 158.41119384765625, "unsafe_action_rate": 0.0, "min_clearance_m": 0.12983447313308716, "goal_base": [2.166569948196411, -4.802820205688477, -2.279670000076294], "contact_kind": null, "contact_links": [], "joint_limit_labels": [], "rollout_index": 0}
{
  "backend": "chrono_arm_reaching",
  "policy_checkpoint": "/home/harry/NeDM/artifacts/rl_runs_arm_goal_reach/arm_reach_adaptivekl005_lr1e4_tol005_ep150_bonus150_sigma015_rollsel_rom_20260721/model_1499.pt",
  "pre_roll_time_s": 6.0,
  "render": false,
  "save_render_frames": false,
  "frame_output_dir": null,
  "render_steps": 1,
  "consecutive_goals": false,
  "goal_duration_s": null,
  "goal_duration_steps": null,
  "requested_goals": 1,
  "num_rollouts": 1,
  "success_rate": 1.0,
  "reached_tolerance_rate": 1.0,
  "mean_final_ee_error_m": 0.03453096002340317,
  "mean_min_ee_error_m": 0.03453096002340317,
  "rollouts": [
    {
      "steps": 72,
      "done_reason": "success",
      "final_done_reason": "success",
      "first_done_step": 72,
      "first_success_step": 72,
      "fixed_duration_steps": null,
      "success": true,
      "reached_tolerance": true,
      "final_ee_error_m": 0.03453096002340317,
      "min_ee_error_m": 0.03453096002340317,
      "mean_ee_error_m": 2.1445088386535645,
      "reward_sum": 158.41119384765625,
      "unsafe_action_rate": 0.0,
      "min_clearance_m": 0.12983447313308716,
      "goal_base": [
        2.166569948196411,
        -4.802820205688477,
        -2.279670000076294
      ],
      "contact_kind": null,
      "contact_links": [],
      "joint_limit_labels": [],
      "rollout_index": 0
    }
  ]
}
[75/100] goal=(2.17,-4.80,-2.28) rc=0 wall=32s
Actor MLP: Sequential(
  (0): Linear(in_features=26, out_features=256, bias=True)
  (1): ELU(alpha=1.0)
  (2): Linear(in_features=256, out_features=128, bias=True)
  (3): ELU(alpha=1.0)
  (4): Linear(in_features=128, out_features=64, bias=True)
  (5): ELU(alpha=1.0)
  (6): Linear(in_features=64, out_features=4, bias=True)
)
Critic MLP: Sequential(
  (0): Linear(in_features=26, out_features=256, bias=True)
  (1): ELU(alpha=1.0)
  (2): Linear(in_features=256, out_features=128, bias=True)
  (3): ELU(alpha=1.0)
  (4): Linear(in_features=128, out_features=64, bias=True)
  (5): ELU(alpha=1.0)
  (6): Linear(in_features=64, out_features=1, bias=True)
)
!!!!!!!!!!!!!added lock!!!!!!!!!!!!
{"steps": 31, "done_reason": "success", "final_done_reason": "success", "first_done_step": 31, "first_success_step": 31, "fixed_duration_steps": null, "success": true, "reached_tolerance": true, "final_ee_error_m": 0.04464207589626312, "min_ee_error_m": 0.04464207589626312, "mean_ee_error_m": 0.6506697535514832, "reward_sum": 157.52023315429688, "unsafe_action_rate": 0.0, "min_clearance_m": 0.13074737787246704, "goal_base": [5.2585601806640625, -0.8332399725914001, -2.0453500747680664], "contact_kind": null, "contact_links": [], "joint_limit_labels": [], "rollout_index": 0}
{
  "backend": "chrono_arm_reaching",
  "policy_checkpoint": "/home/harry/NeDM/artifacts/rl_runs_arm_goal_reach/arm_reach_adaptivekl005_lr1e4_tol005_ep150_bonus150_sigma015_rollsel_rom_20260721/model_1499.pt",
  "pre_roll_time_s": 6.0,
  "render": false,
  "save_render_frames": false,
  "frame_output_dir": null,
  "render_steps": 1,
  "consecutive_goals": false,
  "goal_duration_s": null,
  "goal_duration_steps": null,
  "requested_goals": 1,
  "num_rollouts": 1,
  "success_rate": 1.0,
  "reached_tolerance_rate": 1.0,
  "mean_final_ee_error_m": 0.04464207589626312,
  "mean_min_ee_error_m": 0.04464207589626312,
  "rollouts": [
    {
      "steps": 31,
      "done_reason": "success",
      "final_done_reason": "success",
      "first_done_step": 31,
      "first_success_step": 31,
      "fixed_duration_steps": null,
      "success": true,
      "reached_tolerance": true,
      "final_ee_error_m": 0.04464207589626312,
      "min_ee_error_m": 0.04464207589626312,
      "mean_ee_error_m": 0.6506697535514832,
      "reward_sum": 157.52023315429688,
      "unsafe_action_rate": 0.0,
      "min_clearance_m": 0.13074737787246704,
      "goal_base": [
        5.2585601806640625,
        -0.8332399725914001,
        -2.0453500747680664
      ],
      "contact_kind": null,
      "contact_links": [],
      "joint_limit_labels": [],
      "rollout_index": 0
    }
  ]
}
[76/100] goal=(5.26,-0.83,-2.05) rc=0 wall=28s
Actor MLP: Sequential(
  (0): Linear(in_features=26, out_features=256, bias=True)
  (1): ELU(alpha=1.0)
  (2): Linear(in_features=256, out_features=128, bias=True)
  (3): ELU(alpha=1.0)
  (4): Linear(in_features=128, out_features=64, bias=True)
  (5): ELU(alpha=1.0)
  (6): Linear(in_features=64, out_features=4, bias=True)
)
Critic MLP: Sequential(
  (0): Linear(in_features=26, out_features=256, bias=True)
  (1): ELU(alpha=1.0)
  (2): Linear(in_features=256, out_features=128, bias=True)
  (3): ELU(alpha=1.0)
  (4): Linear(in_features=128, out_features=64, bias=True)
  (5): ELU(alpha=1.0)
  (6): Linear(in_features=64, out_features=1, bias=True)
)
!!!!!!!!!!!!!added lock!!!!!!!!!!!!
{"steps": 41, "done_reason": "success", "final_done_reason": "success", "first_done_step": 41, "first_success_step": 41, "fixed_duration_steps": null, "success": true, "reached_tolerance": true, "final_ee_error_m": 0.04028179123997688, "min_ee_error_m": 0.04028179123997688, "mean_ee_error_m": 4.3698296546936035, "reward_sum": 151.57061767578125, "unsafe_action_rate": 0.0, "min_clearance_m": 0.12861305475234985, "goal_base": [0.381989985704422, -4.598010063171387, -3.5705699920654297], "contact_kind": null, "contact_links": [], "joint_limit_labels": [], "rollout_index": 0}
{
  "backend": "chrono_arm_reaching",
  "policy_checkpoint": "/home/harry/NeDM/artifacts/rl_runs_arm_goal_reach/arm_reach_adaptivekl005_lr1e4_tol005_ep150_bonus150_sigma015_rollsel_rom_20260721/model_1499.pt",
  "pre_roll_time_s": 6.0,
  "render": false,
  "save_render_frames": false,
  "frame_output_dir": null,
  "render_steps": 1,
  "consecutive_goals": false,
  "goal_duration_s": null,
  "goal_duration_steps": null,
  "requested_goals": 1,
  "num_rollouts": 1,
  "success_rate": 1.0,
  "reached_tolerance_rate": 1.0,
  "mean_final_ee_error_m": 0.04028179123997688,
  "mean_min_ee_error_m": 0.04028179123997688,
  "rollouts": [
    {
      "steps": 41,
      "done_reason": "success",
      "final_done_reason": "success",
      "first_done_step": 41,
      "first_success_step": 41,
      "fixed_duration_steps": null,
      "success": true,
      "reached_tolerance": true,
      "final_ee_error_m": 0.04028179123997688,
      "min_ee_error_m": 0.04028179123997688,
      "mean_ee_error_m": 4.3698296546936035,
      "reward_sum": 151.57061767578125,
      "unsafe_action_rate": 0.0,
      "min_clearance_m": 0.12861305475234985,
      "goal_base": [
        0.381989985704422,
        -4.598010063171387,
        -3.5705699920654297
      ],
      "contact_kind": null,
      "contact_links": [],
      "joint_limit_labels": [],
      "rollout_index": 0
    }
  ]
}
[77/100] goal=(0.38,-4.60,-3.57) rc=0 wall=29s
Actor MLP: Sequential(
  (0): Linear(in_features=26, out_features=256, bias=True)
  (1): ELU(alpha=1.0)
  (2): Linear(in_features=256, out_features=128, bias=True)
  (3): ELU(alpha=1.0)
  (4): Linear(in_features=128, out_features=64, bias=True)
  (5): ELU(alpha=1.0)
  (6): Linear(in_features=64, out_features=4, bias=True)
)
Critic MLP: Sequential(
  (0): Linear(in_features=26, out_features=256, bias=True)
  (1): ELU(alpha=1.0)
  (2): Linear(in_features=256, out_features=128, bias=True)
  (3): ELU(alpha=1.0)
  (4): Linear(in_features=128, out_features=64, bias=True)
  (5): ELU(alpha=1.0)
  (6): Linear(in_features=64, out_features=1, bias=True)
)
!!!!!!!!!!!!!added lock!!!!!!!!!!!!
{"steps": 55, "done_reason": "success", "final_done_reason": "success", "first_done_step": 55, "first_success_step": 55, "fixed_duration_steps": null, "success": true, "reached_tolerance": true, "final_ee_error_m": 0.02922484464943409, "min_ee_error_m": 0.02922484464943409, "mean_ee_error_m": 3.577814817428589, "reward_sum": 153.62841796875, "unsafe_action_rate": 0.0, "min_clearance_m": 0.12985068559646606, "goal_base": [0.5893300175666809, -5.189260005950928, -2.2530100345611572], "contact_kind": null, "contact_links": [], "joint_limit_labels": [], "rollout_index": 0}
{
  "backend": "chrono_arm_reaching",
  "policy_checkpoint": "/home/harry/NeDM/artifacts/rl_runs_arm_goal_reach/arm_reach_adaptivekl005_lr1e4_tol005_ep150_bonus150_sigma015_rollsel_rom_20260721/model_1499.pt",
  "pre_roll_time_s": 6.0,
  "render": false,
  "save_render_frames": false,
  "frame_output_dir": null,
  "render_steps": 1,
  "consecutive_goals": false,
  "goal_duration_s": null,
  "goal_duration_steps": null,
  "requested_goals": 1,
  "num_rollouts": 1,
  "success_rate": 1.0,
  "reached_tolerance_rate": 1.0,
  "mean_final_ee_error_m": 0.02922484464943409,
  "mean_min_ee_error_m": 0.02922484464943409,
  "rollouts": [
    {
      "steps": 55,
      "done_reason": "success",
      "final_done_reason": "success",
      "first_done_step": 55,
      "first_success_step": 55,
      "fixed_duration_steps": null,
      "success": true,
      "reached_tolerance": true,
      "final_ee_error_m": 0.02922484464943409,
      "min_ee_error_m": 0.02922484464943409,
      "mean_ee_error_m": 3.577814817428589,
      "reward_sum": 153.62841796875,
      "unsafe_action_rate": 0.0,
      "min_clearance_m": 0.12985068559646606,
      "goal_base": [
        0.5893300175666809,
        -5.189260005950928,
        -2.2530100345611572
      ],
      "contact_kind": null,
      "contact_links": [],
      "joint_limit_labels": [],
      "rollout_index": 0
    }
  ]
}
[78/100] goal=(0.59,-5.19,-2.25) rc=0 wall=30s
Actor MLP: Sequential(
  (0): Linear(in_features=26, out_features=256, bias=True)
  (1): ELU(alpha=1.0)
  (2): Linear(in_features=256, out_features=128, bias=True)
  (3): ELU(alpha=1.0)
  (4): Linear(in_features=128, out_features=64, bias=True)
  (5): ELU(alpha=1.0)
  (6): Linear(in_features=64, out_features=4, bias=True)
)
Critic MLP: Sequential(
  (0): Linear(in_features=26, out_features=256, bias=True)
  (1): ELU(alpha=1.0)
  (2): Linear(in_features=256, out_features=128, bias=True)
  (3): ELU(alpha=1.0)
  (4): Linear(in_features=128, out_features=64, bias=True)
  (5): ELU(alpha=1.0)
  (6): Linear(in_features=64, out_features=1, bias=True)
)
!!!!!!!!!!!!!added lock!!!!!!!!!!!!
{"steps": 50, "done_reason": "success", "final_done_reason": "success", "first_done_step": 50, "first_success_step": 50, "fixed_duration_steps": null, "success": true, "reached_tolerance": true, "final_ee_error_m": 0.02891663648188114, "min_ee_error_m": 0.02891663648188114, "mean_ee_error_m": 2.8288066387176514, "reward_sum": 154.30047607421875, "unsafe_action_rate": 0.0, "min_clearance_m": 0.12853771448135376, "goal_base": [1.977579951286316, 3.8697400093078613, -3.98540997505188], "contact_kind": null, "contact_links": [], "joint_limit_labels": [], "rollout_index": 0}
{
  "backend": "chrono_arm_reaching",
  "policy_checkpoint": "/home/harry/NeDM/artifacts/rl_runs_arm_goal_reach/arm_reach_adaptivekl005_lr1e4_tol005_ep150_bonus150_sigma015_rollsel_rom_20260721/model_1499.pt",
  "pre_roll_time_s": 6.0,
  "render": false,
  "save_render_frames": false,
  "frame_output_dir": null,
  "render_steps": 1,
  "consecutive_goals": false,
  "goal_duration_s": null,
  "goal_duration_steps": null,
  "requested_goals": 1,
  "num_rollouts": 1,
  "success_rate": 1.0,
  "reached_tolerance_rate": 1.0,
  "mean_final_ee_error_m": 0.02891663648188114,
  "mean_min_ee_error_m": 0.02891663648188114,
  "rollouts": [
    {
      "steps": 50,
      "done_reason": "success",
      "final_done_reason": "success",
      "first_done_step": 50,
      "first_success_step": 50,
      "fixed_duration_steps": null,
      "success": true,
      "reached_tolerance": true,
      "final_ee_error_m": 0.02891663648188114,
      "min_ee_error_m": 0.02891663648188114,
      "mean_ee_error_m": 2.8288066387176514,
      "reward_sum": 154.30047607421875,
      "unsafe_action_rate": 0.0,
      "min_clearance_m": 0.12853771448135376,
      "goal_base": [
        1.977579951286316,
        3.8697400093078613,
        -3.98540997505188
      ],
      "contact_kind": null,
      "contact_links": [],
      "joint_limit_labels": [],
      "rollout_index": 0
    }
  ]
}
[79/100] goal=(1.98,3.87,-3.99) rc=0 wall=30s
Actor MLP: Sequential(
  (0): Linear(in_features=26, out_features=256, bias=True)
  (1): ELU(alpha=1.0)
  (2): Linear(in_features=256, out_features=128, bias=True)
  (3): ELU(alpha=1.0)
  (4): Linear(in_features=128, out_features=64, bias=True)
  (5): ELU(alpha=1.0)
  (6): Linear(in_features=64, out_features=4, bias=True)
)
Critic MLP: Sequential(
  (0): Linear(in_features=26, out_features=256, bias=True)
  (1): ELU(alpha=1.0)
  (2): Linear(in_features=256, out_features=128, bias=True)
  (3): ELU(alpha=1.0)
  (4): Linear(in_features=128, out_features=64, bias=True)
  (5): ELU(alpha=1.0)
  (6): Linear(in_features=64, out_features=1, bias=True)
)
!!!!!!!!!!!!!added lock!!!!!!!!!!!!
{"steps": 39, "done_reason": "success", "final_done_reason": "success", "first_done_step": 39, "first_success_step": 39, "fixed_duration_steps": null, "success": true, "reached_tolerance": true, "final_ee_error_m": 0.04007676616311073, "min_ee_error_m": 0.04007676616311073, "mean_ee_error_m": 3.7412636280059814, "reward_sum": 151.32049560546875, "unsafe_action_rate": 0.0, "min_clearance_m": 0.13127559423446655, "goal_base": [2.3316500186920166, 4.8630900382995605, -1.8044899702072144], "contact_kind": null, "contact_links": [], "joint_limit_labels": [], "rollout_index": 0}
{
  "backend": "chrono_arm_reaching",
  "policy_checkpoint": "/home/harry/NeDM/artifacts/rl_runs_arm_goal_reach/arm_reach_adaptivekl005_lr1e4_tol005_ep150_bonus150_sigma015_rollsel_rom_20260721/model_1499.pt",
  "pre_roll_time_s": 6.0,
  "render": false,
  "save_render_frames": false,
  "frame_output_dir": null,
  "render_steps": 1,
  "consecutive_goals": false,
  "goal_duration_s": null,
  "goal_duration_steps": null,
  "requested_goals": 1,
  "num_rollouts": 1,
  "success_rate": 1.0,
  "reached_tolerance_rate": 1.0,
  "mean_final_ee_error_m": 0.04007676616311073,
  "mean_min_ee_error_m": 0.04007676616311073,
  "rollouts": [
    {
      "steps": 39,
      "done_reason": "success",
      "final_done_reason": "success",
      "first_done_step": 39,
      "first_success_step": 39,
      "fixed_duration_steps": null,
      "success": true,
      "reached_tolerance": true,
      "final_ee_error_m": 0.04007676616311073,
      "min_ee_error_m": 0.04007676616311073,
      "mean_ee_error_m": 3.7412636280059814,
      "reward_sum": 151.32049560546875,
      "unsafe_action_rate": 0.0,
      "min_clearance_m": 0.13127559423446655,
      "goal_base": [
        2.3316500186920166,
        4.8630900382995605,
        -1.8044899702072144
      ],
      "contact_kind": null,
      "contact_links": [],
      "joint_limit_labels": [],
      "rollout_index": 0
    }
  ]
}
[80/100] goal=(2.33,4.86,-1.80) rc=0 wall=29s
Actor MLP: Sequential(
  (0): Linear(in_features=26, out_features=256, bias=True)
  (1): ELU(alpha=1.0)
  (2): Linear(in_features=256, out_features=128, bias=True)
  (3): ELU(alpha=1.0)
  (4): Linear(in_features=128, out_features=64, bias=True)
  (5): ELU(alpha=1.0)
  (6): Linear(in_features=64, out_features=4, bias=True)
)
Critic MLP: Sequential(
  (0): Linear(in_features=26, out_features=256, bias=True)
  (1): ELU(alpha=1.0)
  (2): Linear(in_features=256, out_features=128, bias=True)
  (3): ELU(alpha=1.0)
  (4): Linear(in_features=128, out_features=64, bias=True)
  (5): ELU(alpha=1.0)
  (6): Linear(in_features=64, out_features=1, bias=True)
)
!!!!!!!!!!!!!added lock!!!!!!!!!!!!
{"steps": 34, "done_reason": "success", "final_done_reason": "success", "first_done_step": 34, "first_success_step": 34, "fixed_duration_steps": null, "success": true, "reached_tolerance": true, "final_ee_error_m": 0.04888724535703659, "min_ee_error_m": 0.04888724535703659, "mean_ee_error_m": 0.8392435312271118, "reward_sum": 155.74569702148438, "unsafe_action_rate": 0.0, "min_clearance_m": 0.12895160913467407, "goal_base": [4.959000110626221, 0.36761000752449036, -2.7255499362945557], "contact_kind": null, "contact_links": [], "joint_limit_labels": [], "rollout_index": 0}
{
  "backend": "chrono_arm_reaching",
  "policy_checkpoint": "/home/harry/NeDM/artifacts/rl_runs_arm_goal_reach/arm_reach_adaptivekl005_lr1e4_tol005_ep150_bonus150_sigma015_rollsel_rom_20260721/model_1499.pt",
  "pre_roll_time_s": 6.0,
  "render": false,
  "save_render_frames": false,
  "frame_output_dir": null,
  "render_steps": 1,
  "consecutive_goals": false,
  "goal_duration_s": null,
  "goal_duration_steps": null,
  "requested_goals": 1,
  "num_rollouts": 1,
  "success_rate": 1.0,
  "reached_tolerance_rate": 1.0,
  "mean_final_ee_error_m": 0.04888724535703659,
  "mean_min_ee_error_m": 0.04888724535703659,
  "rollouts": [
    {
      "steps": 34,
      "done_reason": "success",
      "final_done_reason": "success",
      "first_done_step": 34,
      "first_success_step": 34,
      "fixed_duration_steps": null,
      "success": true,
      "reached_tolerance": true,
      "final_ee_error_m": 0.04888724535703659,
      "min_ee_error_m": 0.04888724535703659,
      "mean_ee_error_m": 0.8392435312271118,
      "reward_sum": 155.74569702148438,
      "unsafe_action_rate": 0.0,
      "min_clearance_m": 0.12895160913467407,
      "goal_base": [
        4.959000110626221,
        0.36761000752449036,
        -2.7255499362945557
      ],
      "contact_kind": null,
      "contact_links": [],
      "joint_limit_labels": [],
      "rollout_index": 0
    }
  ]
}
[81/100] goal=(4.96,0.37,-2.73) rc=0 wall=28s
Actor MLP: Sequential(
  (0): Linear(in_features=26, out_features=256, bias=True)
  (1): ELU(alpha=1.0)
  (2): Linear(in_features=256, out_features=128, bias=True)
  (3): ELU(alpha=1.0)
  (4): Linear(in_features=128, out_features=64, bias=True)
  (5): ELU(alpha=1.0)
  (6): Linear(in_features=64, out_features=4, bias=True)
)
Critic MLP: Sequential(
  (0): Linear(in_features=26, out_features=256, bias=True)
  (1): ELU(alpha=1.0)
  (2): Linear(in_features=256, out_features=128, bias=True)
  (3): ELU(alpha=1.0)
  (4): Linear(in_features=128, out_features=64, bias=True)
  (5): ELU(alpha=1.0)
  (6): Linear(in_features=64, out_features=1, bias=True)
)
!!!!!!!!!!!!!added lock!!!!!!!!!!!!
{"steps": 36, "done_reason": "success", "final_done_reason": "success", "first_done_step": 36, "first_success_step": 36, "fixed_duration_steps": null, "success": true, "reached_tolerance": true, "final_ee_error_m": 0.022793933749198914, "min_ee_error_m": 0.022793933749198914, "mean_ee_error_m": 2.899199962615967, "reward_sum": 151.73350524902344, "unsafe_action_rate": 0.0, "min_clearance_m": 0.13348466157913208, "goal_base": [3.4733500480651855, -4.169000148773193, -1.5539000034332275], "contact_kind": null, "contact_links": [], "joint_limit_labels": [], "rollout_index": 0}
{
  "backend": "chrono_arm_reaching",
  "policy_checkpoint": "/home/harry/NeDM/artifacts/rl_runs_arm_goal_reach/arm_reach_adaptivekl005_lr1e4_tol005_ep150_bonus150_sigma015_rollsel_rom_20260721/model_1499.pt",
  "pre_roll_time_s": 6.0,
  "render": false,
  "save_render_frames": false,
  "frame_output_dir": null,
  "render_steps": 1,
  "consecutive_goals": false,
  "goal_duration_s": null,
  "goal_duration_steps": null,
  "requested_goals": 1,
  "num_rollouts": 1,
  "success_rate": 1.0,
  "reached_tolerance_rate": 1.0,
  "mean_final_ee_error_m": 0.022793933749198914,
  "mean_min_ee_error_m": 0.022793933749198914,
  "rollouts": [
    {
      "steps": 36,
      "done_reason": "success",
      "final_done_reason": "success",
      "first_done_step": 36,
      "first_success_step": 36,
      "fixed_duration_steps": null,
      "success": true,
      "reached_tolerance": true,
      "final_ee_error_m": 0.022793933749198914,
      "min_ee_error_m": 0.022793933749198914,
      "mean_ee_error_m": 2.899199962615967,
      "reward_sum": 151.73350524902344,
      "unsafe_action_rate": 0.0,
      "min_clearance_m": 0.13348466157913208,
      "goal_base": [
        3.4733500480651855,
        -4.169000148773193,
        -1.5539000034332275
      ],
      "contact_kind": null,
      "contact_links": [],
      "joint_limit_labels": [],
      "rollout_index": 0
    }
  ]
}
[82/100] goal=(3.47,-4.17,-1.55) rc=0 wall=28s
Actor MLP: Sequential(
  (0): Linear(in_features=26, out_features=256, bias=True)
  (1): ELU(alpha=1.0)
  (2): Linear(in_features=256, out_features=128, bias=True)
  (3): ELU(alpha=1.0)
  (4): Linear(in_features=128, out_features=64, bias=True)
  (5): ELU(alpha=1.0)
  (6): Linear(in_features=64, out_features=4, bias=True)
)
Critic MLP: Sequential(
  (0): Linear(in_features=26, out_features=256, bias=True)
  (1): ELU(alpha=1.0)
  (2): Linear(in_features=256, out_features=128, bias=True)
  (3): ELU(alpha=1.0)
  (4): Linear(in_features=128, out_features=64, bias=True)
  (5): ELU(alpha=1.0)
  (6): Linear(in_features=64, out_features=1, bias=True)
)
!!!!!!!!!!!!!added lock!!!!!!!!!!!!
{"steps": 49, "done_reason": "success", "final_done_reason": "success", "first_done_step": 49, "first_success_step": 49, "fixed_duration_steps": null, "success": true, "reached_tolerance": true, "final_ee_error_m": 0.02383953519165516, "min_ee_error_m": 0.02383953519165516, "mean_ee_error_m": 2.7354958057403564, "reward_sum": 154.1531524658203, "unsafe_action_rate": 0.0, "min_clearance_m": 0.12854987382888794, "goal_base": [2.217710018157959, 3.788249969482422, -3.9151198863983154], "contact_kind": null, "contact_links": [], "joint_limit_labels": [], "rollout_index": 0}
{
  "backend": "chrono_arm_reaching",
  "policy_checkpoint": "/home/harry/NeDM/artifacts/rl_runs_arm_goal_reach/arm_reach_adaptivekl005_lr1e4_tol005_ep150_bonus150_sigma015_rollsel_rom_20260721/model_1499.pt",
  "pre_roll_time_s": 6.0,
  "render": false,
  "save_render_frames": false,
  "frame_output_dir": null,
  "render_steps": 1,
  "consecutive_goals": false,
  "goal_duration_s": null,
  "goal_duration_steps": null,
  "requested_goals": 1,
  "num_rollouts": 1,
  "success_rate": 1.0,
  "reached_tolerance_rate": 1.0,
  "mean_final_ee_error_m": 0.02383953519165516,
  "mean_min_ee_error_m": 0.02383953519165516,
  "rollouts": [
    {
      "steps": 49,
      "done_reason": "success",
      "final_done_reason": "success",
      "first_done_step": 49,
      "first_success_step": 49,
      "fixed_duration_steps": null,
      "success": true,
      "reached_tolerance": true,
      "final_ee_error_m": 0.02383953519165516,
      "min_ee_error_m": 0.02383953519165516,
      "mean_ee_error_m": 2.7354958057403564,
      "reward_sum": 154.1531524658203,
      "unsafe_action_rate": 0.0,
      "min_clearance_m": 0.12854987382888794,
      "goal_base": [
        2.217710018157959,
        3.788249969482422,
        -3.9151198863983154
      ],
      "contact_kind": null,
      "contact_links": [],
      "joint_limit_labels": [],
      "rollout_index": 0
    }
  ]
}
[83/100] goal=(2.22,3.79,-3.92) rc=0 wall=30s
Actor MLP: Sequential(
  (0): Linear(in_features=26, out_features=256, bias=True)
  (1): ELU(alpha=1.0)
  (2): Linear(in_features=256, out_features=128, bias=True)
  (3): ELU(alpha=1.0)
  (4): Linear(in_features=128, out_features=64, bias=True)
  (5): ELU(alpha=1.0)
  (6): Linear(in_features=64, out_features=4, bias=True)
)
Critic MLP: Sequential(
  (0): Linear(in_features=26, out_features=256, bias=True)
  (1): ELU(alpha=1.0)
  (2): Linear(in_features=256, out_features=128, bias=True)
  (3): ELU(alpha=1.0)
  (4): Linear(in_features=128, out_features=64, bias=True)
  (5): ELU(alpha=1.0)
  (6): Linear(in_features=64, out_features=1, bias=True)
)
!!!!!!!!!!!!!added lock!!!!!!!!!!!!
{"steps": 56, "done_reason": "success", "final_done_reason": "success", "first_done_step": 56, "first_success_step": 56, "fixed_duration_steps": null, "success": true, "reached_tolerance": true, "final_ee_error_m": 0.04605654627084732, "min_ee_error_m": 0.04605654627084732, "mean_ee_error_m": 3.5687928199768066, "reward_sum": 153.67459106445312, "unsafe_action_rate": 0.0, "min_clearance_m": 0.13348466157913208, "goal_base": [0.7334399819374084, -5.39818000793457, -1.507949948310852], "contact_kind": null, "contact_links": [], "joint_limit_labels": [], "rollout_index": 0}
{
  "backend": "chrono_arm_reaching",
  "policy_checkpoint": "/home/harry/NeDM/artifacts/rl_runs_arm_goal_reach/arm_reach_adaptivekl005_lr1e4_tol005_ep150_bonus150_sigma015_rollsel_rom_20260721/model_1499.pt",
  "pre_roll_time_s": 6.0,
  "render": false,
  "save_render_frames": false,
  "frame_output_dir": null,
  "render_steps": 1,
  "consecutive_goals": false,
  "goal_duration_s": null,
  "goal_duration_steps": null,
  "requested_goals": 1,
  "num_rollouts": 1,
  "success_rate": 1.0,
  "reached_tolerance_rate": 1.0,
  "mean_final_ee_error_m": 0.04605654627084732,
  "mean_min_ee_error_m": 0.04605654627084732,
  "rollouts": [
    {
      "steps": 56,
      "done_reason": "success",
      "final_done_reason": "success",
      "first_done_step": 56,
      "first_success_step": 56,
      "fixed_duration_steps": null,
      "success": true,
      "reached_tolerance": true,
      "final_ee_error_m": 0.04605654627084732,
      "min_ee_error_m": 0.04605654627084732,
      "mean_ee_error_m": 3.5687928199768066,
      "reward_sum": 153.67459106445312,
      "unsafe_action_rate": 0.0,
      "min_clearance_m": 0.13348466157913208,
      "goal_base": [
        0.7334399819374084,
        -5.39818000793457,
        -1.507949948310852
      ],
      "contact_kind": null,
      "contact_links": [],
      "joint_limit_labels": [],
      "rollout_index": 0
    }
  ]
}
[84/100] goal=(0.73,-5.40,-1.51) rc=0 wall=30s
Actor MLP: Sequential(
  (0): Linear(in_features=26, out_features=256, bias=True)
  (1): ELU(alpha=1.0)
  (2): Linear(in_features=256, out_features=128, bias=True)
  (3): ELU(alpha=1.0)
  (4): Linear(in_features=128, out_features=64, bias=True)
  (5): ELU(alpha=1.0)
  (6): Linear(in_features=64, out_features=4, bias=True)
)
Critic MLP: Sequential(
  (0): Linear(in_features=26, out_features=256, bias=True)
  (1): ELU(alpha=1.0)
  (2): Linear(in_features=256, out_features=128, bias=True)
  (3): ELU(alpha=1.0)
  (4): Linear(in_features=128, out_features=64, bias=True)
  (5): ELU(alpha=1.0)
  (6): Linear(in_features=64, out_features=1, bias=True)
)
!!!!!!!!!!!!!added lock!!!!!!!!!!!!
{"steps": 37, "done_reason": "success", "final_done_reason": "success", "first_done_step": 37, "first_success_step": 37, "fixed_duration_steps": null, "success": true, "reached_tolerance": true, "final_ee_error_m": 0.03117159567773342, "min_ee_error_m": 0.03117159567773342, "mean_ee_error_m": 3.4967446327209473, "reward_sum": 151.4122314453125, "unsafe_action_rate": 0.0, "min_clearance_m": 0.12966257333755493, "goal_base": [2.54436993598938, -4.556970119476318, -2.3395700454711914], "contact_kind": null, "contact_links": [], "joint_limit_labels": [], "rollout_index": 0}
{
  "backend": "chrono_arm_reaching",
  "policy_checkpoint": "/home/harry/NeDM/artifacts/rl_runs_arm_goal_reach/arm_reach_adaptivekl005_lr1e4_tol005_ep150_bonus150_sigma015_rollsel_rom_20260721/model_1499.pt",
  "pre_roll_time_s": 6.0,
  "render": false,
  "save_render_frames": false,
  "frame_output_dir": null,
  "render_steps": 1,
  "consecutive_goals": false,
  "goal_duration_s": null,
  "goal_duration_steps": null,
  "requested_goals": 1,
  "num_rollouts": 1,
  "success_rate": 1.0,
  "reached_tolerance_rate": 1.0,
  "mean_final_ee_error_m": 0.03117159567773342,
  "mean_min_ee_error_m": 0.03117159567773342,
  "rollouts": [
    {
      "steps": 37,
      "done_reason": "success",
      "final_done_reason": "success",
      "first_done_step": 37,
      "first_success_step": 37,
      "fixed_duration_steps": null,
      "success": true,
      "reached_tolerance": true,
      "final_ee_error_m": 0.03117159567773342,
      "min_ee_error_m": 0.03117159567773342,
      "mean_ee_error_m": 3.4967446327209473,
      "reward_sum": 151.4122314453125,
      "unsafe_action_rate": 0.0,
      "min_clearance_m": 0.12966257333755493,
      "goal_base": [
        2.54436993598938,
        -4.556970119476318,
        -2.3395700454711914
      ],
      "contact_kind": null,
      "contact_links": [],
      "joint_limit_labels": [],
      "rollout_index": 0
    }
  ]
}
[85/100] goal=(2.54,-4.56,-2.34) rc=0 wall=29s
Actor MLP: Sequential(
  (0): Linear(in_features=26, out_features=256, bias=True)
  (1): ELU(alpha=1.0)
  (2): Linear(in_features=256, out_features=128, bias=True)
  (3): ELU(alpha=1.0)
  (4): Linear(in_features=128, out_features=64, bias=True)
  (5): ELU(alpha=1.0)
  (6): Linear(in_features=64, out_features=4, bias=True)
)
Critic MLP: Sequential(
  (0): Linear(in_features=26, out_features=256, bias=True)
  (1): ELU(alpha=1.0)
  (2): Linear(in_features=256, out_features=128, bias=True)
  (3): ELU(alpha=1.0)
  (4): Linear(in_features=128, out_features=64, bias=True)
  (5): ELU(alpha=1.0)
  (6): Linear(in_features=64, out_features=1, bias=True)
)
!!!!!!!!!!!!!added lock!!!!!!!!!!!!
{"steps": 37, "done_reason": "success", "final_done_reason": "success", "first_done_step": 37, "first_success_step": 37, "fixed_duration_steps": null, "success": true, "reached_tolerance": true, "final_ee_error_m": 0.03512680530548096, "min_ee_error_m": 0.03512680530548096, "mean_ee_error_m": 3.184116840362549, "reward_sum": 151.4757537841797, "unsafe_action_rate": 0.0, "min_clearance_m": 0.13348466157913208, "goal_base": [3.129199981689453, -4.4837799072265625, -1.2193000316619873], "contact_kind": null, "contact_links": [], "joint_limit_labels": [], "rollout_index": 0}
{
  "backend": "chrono_arm_reaching",
  "policy_checkpoint": "/home/harry/NeDM/artifacts/rl_runs_arm_goal_reach/arm_reach_adaptivekl005_lr1e4_tol005_ep150_bonus150_sigma015_rollsel_rom_20260721/model_1499.pt",
  "pre_roll_time_s": 6.0,
  "render": false,
  "save_render_frames": false,
  "frame_output_dir": null,
  "render_steps": 1,
  "consecutive_goals": false,
  "goal_duration_s": null,
  "goal_duration_steps": null,
  "requested_goals": 1,
  "num_rollouts": 1,
  "success_rate": 1.0,
  "reached_tolerance_rate": 1.0,
  "mean_final_ee_error_m": 0.03512680530548096,
  "mean_min_ee_error_m": 0.03512680530548096,
  "rollouts": [
    {
      "steps": 37,
      "done_reason": "success",
      "final_done_reason": "success",
      "first_done_step": 37,
      "first_success_step": 37,
      "fixed_duration_steps": null,
      "success": true,
      "reached_tolerance": true,
      "final_ee_error_m": 0.03512680530548096,
      "min_ee_error_m": 0.03512680530548096,
      "mean_ee_error_m": 3.184116840362549,
      "reward_sum": 151.4757537841797,
      "unsafe_action_rate": 0.0,
      "min_clearance_m": 0.13348466157913208,
      "goal_base": [
        3.129199981689453,
        -4.4837799072265625,
        -1.2193000316619873
      ],
      "contact_kind": null,
      "contact_links": [],
      "joint_limit_labels": [],
      "rollout_index": 0
    }
  ]
}
[86/100] goal=(3.13,-4.48,-1.22) rc=0 wall=29s
Actor MLP: Sequential(
  (0): Linear(in_features=26, out_features=256, bias=True)
  (1): ELU(alpha=1.0)
  (2): Linear(in_features=256, out_features=128, bias=True)
  (3): ELU(alpha=1.0)
  (4): Linear(in_features=128, out_features=64, bias=True)
  (5): ELU(alpha=1.0)
  (6): Linear(in_features=64, out_features=4, bias=True)
)
Critic MLP: Sequential(
  (0): Linear(in_features=26, out_features=256, bias=True)
  (1): ELU(alpha=1.0)
  (2): Linear(in_features=256, out_features=128, bias=True)
  (3): ELU(alpha=1.0)
  (4): Linear(in_features=128, out_features=64, bias=True)
  (5): ELU(alpha=1.0)
  (6): Linear(in_features=64, out_features=1, bias=True)
)
!!!!!!!!!!!!!added lock!!!!!!!!!!!!
{"steps": 39, "done_reason": "success", "final_done_reason": "success", "first_done_step": 39, "first_success_step": 39, "fixed_duration_steps": null, "success": true, "reached_tolerance": true, "final_ee_error_m": 0.03874107077717781, "min_ee_error_m": 0.03874107077717781, "mean_ee_error_m": 0.530387282371521, "reward_sum": 158.8150634765625, "unsafe_action_rate": 0.0, "min_clearance_m": 0.13237863779067993, "goal_base": [5.3213300704956055, 0.5738999843597412, -1.7543699741363525], "contact_kind": null, "contact_links": [], "joint_limit_labels": [], "rollout_index": 0}
{
  "backend": "chrono_arm_reaching",
  "policy_checkpoint": "/home/harry/NeDM/artifacts/rl_runs_arm_goal_reach/arm_reach_adaptivekl005_lr1e4_tol005_ep150_bonus150_sigma015_rollsel_rom_20260721/model_1499.pt",
  "pre_roll_time_s": 6.0,
  "render": false,
  "save_render_frames": false,
  "frame_output_dir": null,
  "render_steps": 1,
  "consecutive_goals": false,
  "goal_duration_s": null,
  "goal_duration_steps": null,
  "requested_goals": 1,
  "num_rollouts": 1,
  "success_rate": 1.0,
  "reached_tolerance_rate": 1.0,
  "mean_final_ee_error_m": 0.03874107077717781,
  "mean_min_ee_error_m": 0.03874107077717781,
  "rollouts": [
    {
      "steps": 39,
      "done_reason": "success",
      "final_done_reason": "success",
      "first_done_step": 39,
      "first_success_step": 39,
      "fixed_duration_steps": null,
      "success": true,
      "reached_tolerance": true,
      "final_ee_error_m": 0.03874107077717781,
      "min_ee_error_m": 0.03874107077717781,
      "mean_ee_error_m": 0.530387282371521,
      "reward_sum": 158.8150634765625,
      "unsafe_action_rate": 0.0,
      "min_clearance_m": 0.13237863779067993,
      "goal_base": [
        5.3213300704956055,
        0.5738999843597412,
        -1.7543699741363525
      ],
      "contact_kind": null,
      "contact_links": [],
      "joint_limit_labels": [],
      "rollout_index": 0
    }
  ]
}
[87/100] goal=(5.32,0.57,-1.75) rc=0 wall=29s
Actor MLP: Sequential(
  (0): Linear(in_features=26, out_features=256, bias=True)
  (1): ELU(alpha=1.0)
  (2): Linear(in_features=256, out_features=128, bias=True)
  (3): ELU(alpha=1.0)
  (4): Linear(in_features=128, out_features=64, bias=True)
  (5): ELU(alpha=1.0)
  (6): Linear(in_features=64, out_features=4, bias=True)
)
Critic MLP: Sequential(
  (0): Linear(in_features=26, out_features=256, bias=True)
  (1): ELU(alpha=1.0)
  (2): Linear(in_features=256, out_features=128, bias=True)
  (3): ELU(alpha=1.0)
  (4): Linear(in_features=128, out_features=64, bias=True)
  (5): ELU(alpha=1.0)
  (6): Linear(in_features=64, out_features=1, bias=True)
)
!!!!!!!!!!!!!added lock!!!!!!!!!!!!
{"steps": 41, "done_reason": "success", "final_done_reason": "success", "first_done_step": 41, "first_success_step": 41, "fixed_duration_steps": null, "success": true, "reached_tolerance": true, "final_ee_error_m": 0.043265581130981445, "min_ee_error_m": 0.043265581130981445, "mean_ee_error_m": 0.6409609913825989, "reward_sum": 160.96372985839844, "unsafe_action_rate": 0.0, "min_clearance_m": 0.12893825769424438, "goal_base": [5.045519828796387, -0.4084799885749817, -2.751970052719116], "contact_kind": null, "contact_links": [], "joint_limit_labels": [], "rollout_index": 0}
{
  "backend": "chrono_arm_reaching",
  "policy_checkpoint": "/home/harry/NeDM/artifacts/rl_runs_arm_goal_reach/arm_reach_adaptivekl005_lr1e4_tol005_ep150_bonus150_sigma015_rollsel_rom_20260721/model_1499.pt",
  "pre_roll_time_s": 6.0,
  "render": false,
  "save_render_frames": false,
  "frame_output_dir": null,
  "render_steps": 1,
  "consecutive_goals": false,
  "goal_duration_s": null,
  "goal_duration_steps": null,
  "requested_goals": 1,
  "num_rollouts": 1,
  "success_rate": 1.0,
  "reached_tolerance_rate": 1.0,
  "mean_final_ee_error_m": 0.043265581130981445,
  "mean_min_ee_error_m": 0.043265581130981445,
  "rollouts": [
    {
      "steps": 41,
      "done_reason": "success",
      "final_done_reason": "success",
      "first_done_step": 41,
      "first_success_step": 41,
      "fixed_duration_steps": null,
      "success": true,
      "reached_tolerance": true,
      "final_ee_error_m": 0.043265581130981445,
      "min_ee_error_m": 0.043265581130981445,
      "mean_ee_error_m": 0.6409609913825989,
      "reward_sum": 160.96372985839844,
      "unsafe_action_rate": 0.0,
      "min_clearance_m": 0.12893825769424438,
      "goal_base": [
        5.045519828796387,
        -0.4084799885749817,
        -2.751970052719116
      ],
      "contact_kind": null,
      "contact_links": [],
      "joint_limit_labels": [],
      "rollout_index": 0
    }
  ]
}
[88/100] goal=(5.05,-0.41,-2.75) rc=0 wall=29s
Actor MLP: Sequential(
  (0): Linear(in_features=26, out_features=256, bias=True)
  (1): ELU(alpha=1.0)
  (2): Linear(in_features=256, out_features=128, bias=True)
  (3): ELU(alpha=1.0)
  (4): Linear(in_features=128, out_features=64, bias=True)
  (5): ELU(alpha=1.0)
  (6): Linear(in_features=64, out_features=4, bias=True)
)
Critic MLP: Sequential(
  (0): Linear(in_features=26, out_features=256, bias=True)
  (1): ELU(alpha=1.0)
  (2): Linear(in_features=256, out_features=128, bias=True)
  (3): ELU(alpha=1.0)
  (4): Linear(in_features=128, out_features=64, bias=True)
  (5): ELU(alpha=1.0)
  (6): Linear(in_features=64, out_features=1, bias=True)
)
!!!!!!!!!!!!!added lock!!!!!!!!!!!!
{"steps": 85, "done_reason": "success", "final_done_reason": "success", "first_done_step": 85, "first_success_step": 85, "fixed_duration_steps": null, "success": true, "reached_tolerance": true, "final_ee_error_m": 0.025681570172309875, "min_ee_error_m": 0.025681570172309875, "mean_ee_error_m": 1.6161302328109741, "reward_sum": 165.30674743652344, "unsafe_action_rate": 0.0, "min_clearance_m": 0.1286751627922058, "goal_base": [2.2316999435424805, -4.143489837646484, -3.2154200077056885], "contact_kind": null, "contact_links": [], "joint_limit_labels": [], "rollout_index": 0}
{
  "backend": "chrono_arm_reaching",
  "policy_checkpoint": "/home/harry/NeDM/artifacts/rl_runs_arm_goal_reach/arm_reach_adaptivekl005_lr1e4_tol005_ep150_bonus150_sigma015_rollsel_rom_20260721/model_1499.pt",
  "pre_roll_time_s": 6.0,
  "render": false,
  "save_render_frames": false,
  "frame_output_dir": null,
  "render_steps": 1,
  "consecutive_goals": false,
  "goal_duration_s": null,
  "goal_duration_steps": null,
  "requested_goals": 1,
  "num_rollouts": 1,
  "success_rate": 1.0,
  "reached_tolerance_rate": 1.0,
  "mean_final_ee_error_m": 0.025681570172309875,
  "mean_min_ee_error_m": 0.025681570172309875,
  "rollouts": [
    {
      "steps": 85,
      "done_reason": "success",
      "final_done_reason": "success",
      "first_done_step": 85,
      "first_success_step": 85,
      "fixed_duration_steps": null,
      "success": true,
      "reached_tolerance": true,
      "final_ee_error_m": 0.025681570172309875,
      "min_ee_error_m": 0.025681570172309875,
      "mean_ee_error_m": 1.6161302328109741,
      "reward_sum": 165.30674743652344,
      "unsafe_action_rate": 0.0,
      "min_clearance_m": 0.1286751627922058,
      "goal_base": [
        2.2316999435424805,
        -4.143489837646484,
        -3.2154200077056885
      ],
      "contact_kind": null,
      "contact_links": [],
      "joint_limit_labels": [],
      "rollout_index": 0
    }
  ]
}
[89/100] goal=(2.23,-4.14,-3.22) rc=0 wall=33s
Actor MLP: Sequential(
  (0): Linear(in_features=26, out_features=256, bias=True)
  (1): ELU(alpha=1.0)
  (2): Linear(in_features=256, out_features=128, bias=True)
  (3): ELU(alpha=1.0)
  (4): Linear(in_features=128, out_features=64, bias=True)
  (5): ELU(alpha=1.0)
  (6): Linear(in_features=64, out_features=4, bias=True)
)
Critic MLP: Sequential(
  (0): Linear(in_features=26, out_features=256, bias=True)
  (1): ELU(alpha=1.0)
  (2): Linear(in_features=256, out_features=128, bias=True)
  (3): ELU(alpha=1.0)
  (4): Linear(in_features=128, out_features=64, bias=True)
  (5): ELU(alpha=1.0)
  (6): Linear(in_features=64, out_features=1, bias=True)
)
!!!!!!!!!!!!!added lock!!!!!!!!!!!!
{"steps": 70, "done_reason": "success", "final_done_reason": "success", "first_done_step": 70, "first_success_step": 70, "fixed_duration_steps": null, "success": true, "reached_tolerance": true, "final_ee_error_m": 0.026948386803269386, "min_ee_error_m": 0.026948386803269386, "mean_ee_error_m": 2.2837023735046387, "reward_sum": 158.29612731933594, "unsafe_action_rate": 0.0, "min_clearance_m": 0.1286516785621643, "goal_base": [1.4783600568771362, -4.537290096282959, -3.3691699504852295], "contact_kind": null, "contact_links": [], "joint_limit_labels": [], "rollout_index": 0}
{
  "backend": "chrono_arm_reaching",
  "policy_checkpoint": "/home/harry/NeDM/artifacts/rl_runs_arm_goal_reach/arm_reach_adaptivekl005_lr1e4_tol005_ep150_bonus150_sigma015_rollsel_rom_20260721/model_1499.pt",
  "pre_roll_time_s": 6.0,
  "render": false,
  "save_render_frames": false,
  "frame_output_dir": null,
  "render_steps": 1,
  "consecutive_goals": false,
  "goal_duration_s": null,
  "goal_duration_steps": null,
  "requested_goals": 1,
  "num_rollouts": 1,
  "success_rate": 1.0,
  "reached_tolerance_rate": 1.0,
  "mean_final_ee_error_m": 0.026948386803269386,
  "mean_min_ee_error_m": 0.026948386803269386,
  "rollouts": [
    {
      "steps": 70,
      "done_reason": "success",
      "final_done_reason": "success",
      "first_done_step": 70,
      "first_success_step": 70,
      "fixed_duration_steps": null,
      "success": true,
      "reached_tolerance": true,
      "final_ee_error_m": 0.026948386803269386,
      "min_ee_error_m": 0.026948386803269386,
      "mean_ee_error_m": 2.2837023735046387,
      "reward_sum": 158.29612731933594,
      "unsafe_action_rate": 0.0,
      "min_clearance_m": 0.1286516785621643,
      "goal_base": [
        1.4783600568771362,
        -4.537290096282959,
        -3.3691699504852295
      ],
      "contact_kind": null,
      "contact_links": [],
      "joint_limit_labels": [],
      "rollout_index": 0
    }
  ]
}
[90/100] goal=(1.48,-4.54,-3.37) rc=0 wall=31s
Actor MLP: Sequential(
  (0): Linear(in_features=26, out_features=256, bias=True)
  (1): ELU(alpha=1.0)
  (2): Linear(in_features=256, out_features=128, bias=True)
  (3): ELU(alpha=1.0)
  (4): Linear(in_features=128, out_features=64, bias=True)
  (5): ELU(alpha=1.0)
  (6): Linear(in_features=64, out_features=4, bias=True)
)
Critic MLP: Sequential(
  (0): Linear(in_features=26, out_features=256, bias=True)
  (1): ELU(alpha=1.0)
  (2): Linear(in_features=256, out_features=128, bias=True)
  (3): ELU(alpha=1.0)
  (4): Linear(in_features=128, out_features=64, bias=True)
  (5): ELU(alpha=1.0)
  (6): Linear(in_features=64, out_features=1, bias=True)
)
!!!!!!!!!!!!!added lock!!!!!!!!!!!!
{"steps": 40, "done_reason": "success", "final_done_reason": "success", "first_done_step": 40, "first_success_step": 40, "fixed_duration_steps": null, "success": true, "reached_tolerance": true, "final_ee_error_m": 0.048803117126226425, "min_ee_error_m": 0.048803117126226425, "mean_ee_error_m": 0.8372502326965332, "reward_sum": 158.3893585205078, "unsafe_action_rate": 0.0, "min_clearance_m": 0.12864309549331665, "goal_base": [4.804059982299805, -0.3418000042438507, -3.2625598907470703], "contact_kind": null, "contact_links": [], "joint_limit_labels": [], "rollout_index": 0}
{
  "backend": "chrono_arm_reaching",
  "policy_checkpoint": "/home/harry/NeDM/artifacts/rl_runs_arm_goal_reach/arm_reach_adaptivekl005_lr1e4_tol005_ep150_bonus150_sigma015_rollsel_rom_20260721/model_1499.pt",
  "pre_roll_time_s": 6.0,
  "render": false,
  "save_render_frames": false,
  "frame_output_dir": null,
  "render_steps": 1,
  "consecutive_goals": false,
  "goal_duration_s": null,
  "goal_duration_steps": null,
  "requested_goals": 1,
  "num_rollouts": 1,
  "success_rate": 1.0,
  "reached_tolerance_rate": 1.0,
  "mean_final_ee_error_m": 0.048803117126226425,
  "mean_min_ee_error_m": 0.048803117126226425,
  "rollouts": [
    {
      "steps": 40,
      "done_reason": "success",
      "final_done_reason": "success",
      "first_done_step": 40,
      "first_success_step": 40,
      "fixed_duration_steps": null,
      "success": true,
      "reached_tolerance": true,
      "final_ee_error_m": 0.048803117126226425,
      "min_ee_error_m": 0.048803117126226425,
      "mean_ee_error_m": 0.8372502326965332,
      "reward_sum": 158.3893585205078,
      "unsafe_action_rate": 0.0,
      "min_clearance_m": 0.12864309549331665,
      "goal_base": [
        4.804059982299805,
        -0.3418000042438507,
        -3.2625598907470703
      ],
      "contact_kind": null,
      "contact_links": [],
      "joint_limit_labels": [],
      "rollout_index": 0
    }
  ]
}
[91/100] goal=(4.80,-0.34,-3.26) rc=0 wall=29s
Actor MLP: Sequential(
  (0): Linear(in_features=26, out_features=256, bias=True)
  (1): ELU(alpha=1.0)
  (2): Linear(in_features=256, out_features=128, bias=True)
  (3): ELU(alpha=1.0)
  (4): Linear(in_features=128, out_features=64, bias=True)
  (5): ELU(alpha=1.0)
  (6): Linear(in_features=64, out_features=4, bias=True)
)
Critic MLP: Sequential(
  (0): Linear(in_features=26, out_features=256, bias=True)
  (1): ELU(alpha=1.0)
  (2): Linear(in_features=256, out_features=128, bias=True)
  (3): ELU(alpha=1.0)
  (4): Linear(in_features=128, out_features=64, bias=True)
  (5): ELU(alpha=1.0)
  (6): Linear(in_features=64, out_features=1, bias=True)
)
!!!!!!!!!!!!!added lock!!!!!!!!!!!!
{"steps": 47, "done_reason": "success", "final_done_reason": "success", "first_done_step": 47, "first_success_step": 47, "fixed_duration_steps": null, "success": true, "reached_tolerance": true, "final_ee_error_m": 0.038688190281391144, "min_ee_error_m": 0.038688190281391144, "mean_ee_error_m": 2.675429105758667, "reward_sum": 156.60324096679688, "unsafe_action_rate": 0.0, "min_clearance_m": 0.13304954767227173, "goal_base": [3.0138800144195557, 4.4845499992370605, -1.4008300304412842], "contact_kind": null, "contact_links": [], "joint_limit_labels": [], "rollout_index": 0}
{
  "backend": "chrono_arm_reaching",
  "policy_checkpoint": "/home/harry/NeDM/artifacts/rl_runs_arm_goal_reach/arm_reach_adaptivekl005_lr1e4_tol005_ep150_bonus150_sigma015_rollsel_rom_20260721/model_1499.pt",
  "pre_roll_time_s": 6.0,
  "render": false,
  "save_render_frames": false,
  "frame_output_dir": null,
  "render_steps": 1,
  "consecutive_goals": false,
  "goal_duration_s": null,
  "goal_duration_steps": null,
  "requested_goals": 1,
  "num_rollouts": 1,
  "success_rate": 1.0,
  "reached_tolerance_rate": 1.0,
  "mean_final_ee_error_m": 0.038688190281391144,
  "mean_min_ee_error_m": 0.038688190281391144,
  "rollouts": [
    {
      "steps": 47,
      "done_reason": "success",
      "final_done_reason": "success",
      "first_done_step": 47,
      "first_success_step": 47,
      "fixed_duration_steps": null,
      "success": true,
      "reached_tolerance": true,
      "final_ee_error_m": 0.038688190281391144,
      "min_ee_error_m": 0.038688190281391144,
      "mean_ee_error_m": 2.675429105758667,
      "reward_sum": 156.60324096679688,
      "unsafe_action_rate": 0.0,
      "min_clearance_m": 0.13304954767227173,
      "goal_base": [
        3.0138800144195557,
        4.4845499992370605,
        -1.4008300304412842
      ],
      "contact_kind": null,
      "contact_links": [],
      "joint_limit_labels": [],
      "rollout_index": 0
    }
  ]
}
[92/100] goal=(3.01,4.48,-1.40) rc=0 wall=29s
Actor MLP: Sequential(
  (0): Linear(in_features=26, out_features=256, bias=True)
  (1): ELU(alpha=1.0)
  (2): Linear(in_features=256, out_features=128, bias=True)
  (3): ELU(alpha=1.0)
  (4): Linear(in_features=128, out_features=64, bias=True)
  (5): ELU(alpha=1.0)
  (6): Linear(in_features=64, out_features=4, bias=True)
)
Critic MLP: Sequential(
  (0): Linear(in_features=26, out_features=256, bias=True)
  (1): ELU(alpha=1.0)
  (2): Linear(in_features=256, out_features=128, bias=True)
  (3): ELU(alpha=1.0)
  (4): Linear(in_features=128, out_features=64, bias=True)
  (5): ELU(alpha=1.0)
  (6): Linear(in_features=64, out_features=1, bias=True)
)
!!!!!!!!!!!!!added lock!!!!!!!!!!!!
{"steps": 29, "done_reason": "success", "final_done_reason": "success", "first_done_step": 29, "first_success_step": 29, "fixed_duration_steps": null, "success": true, "reached_tolerance": true, "final_ee_error_m": 0.03264465555548668, "min_ee_error_m": 0.03264465555548668, "mean_ee_error_m": 1.3846639394760132, "reward_sum": 152.29124450683594, "unsafe_action_rate": 0.0, "min_clearance_m": 0.13348466157913208, "goal_base": [5.030109882354736, -2.1834700107574463, -1.140570044517517], "contact_kind": null, "contact_links": [], "joint_limit_labels": [], "rollout_index": 0}
{
  "backend": "chrono_arm_reaching",
  "policy_checkpoint": "/home/harry/NeDM/artifacts/rl_runs_arm_goal_reach/arm_reach_adaptivekl005_lr1e4_tol005_ep150_bonus150_sigma015_rollsel_rom_20260721/model_1499.pt",
  "pre_roll_time_s": 6.0,
  "render": false,
  "save_render_frames": false,
  "frame_output_dir": null,
  "render_steps": 1,
  "consecutive_goals": false,
  "goal_duration_s": null,
  "goal_duration_steps": null,
  "requested_goals": 1,
  "num_rollouts": 1,
  "success_rate": 1.0,
  "reached_tolerance_rate": 1.0,
  "mean_final_ee_error_m": 0.03264465555548668,
  "mean_min_ee_error_m": 0.03264465555548668,
  "rollouts": [
    {
      "steps": 29,
      "done_reason": "success",
      "final_done_reason": "success",
      "first_done_step": 29,
      "first_success_step": 29,
      "fixed_duration_steps": null,
      "success": true,
      "reached_tolerance": true,
      "final_ee_error_m": 0.03264465555548668,
      "min_ee_error_m": 0.03264465555548668,
      "mean_ee_error_m": 1.3846639394760132,
      "reward_sum": 152.29124450683594,
      "unsafe_action_rate": 0.0,
      "min_clearance_m": 0.13348466157913208,
      "goal_base": [
        5.030109882354736,
        -2.1834700107574463,
        -1.140570044517517
      ],
      "contact_kind": null,
      "contact_links": [],
      "joint_limit_labels": [],
      "rollout_index": 0
    }
  ]
}
[93/100] goal=(5.03,-2.18,-1.14) rc=0 wall=28s
Actor MLP: Sequential(
  (0): Linear(in_features=26, out_features=256, bias=True)
  (1): ELU(alpha=1.0)
  (2): Linear(in_features=256, out_features=128, bias=True)
  (3): ELU(alpha=1.0)
  (4): Linear(in_features=128, out_features=64, bias=True)
  (5): ELU(alpha=1.0)
  (6): Linear(in_features=64, out_features=4, bias=True)
)
Critic MLP: Sequential(
  (0): Linear(in_features=26, out_features=256, bias=True)
  (1): ELU(alpha=1.0)
  (2): Linear(in_features=256, out_features=128, bias=True)
  (3): ELU(alpha=1.0)
  (4): Linear(in_features=128, out_features=64, bias=True)
  (5): ELU(alpha=1.0)
  (6): Linear(in_features=64, out_features=1, bias=True)
)
!!!!!!!!!!!!!added lock!!!!!!!!!!!!
{"steps": 38, "done_reason": "success", "final_done_reason": "success", "first_done_step": 38, "first_success_step": 38, "fixed_duration_steps": null, "success": true, "reached_tolerance": true, "final_ee_error_m": 0.04878117889165878, "min_ee_error_m": 0.04878117889165878, "mean_ee_error_m": 0.7211520075798035, "reward_sum": 159.62440490722656, "unsafe_action_rate": 0.0, "min_clearance_m": 0.1288403868675232, "goal_base": [4.971859931945801, -0.03554999828338623, -2.8596200942993164], "contact_kind": null, "contact_links": [], "joint_limit_labels": [], "rollout_index": 0}
{
  "backend": "chrono_arm_reaching",
  "policy_checkpoint": "/home/harry/NeDM/artifacts/rl_runs_arm_goal_reach/arm_reach_adaptivekl005_lr1e4_tol005_ep150_bonus150_sigma015_rollsel_rom_20260721/model_1499.pt",
  "pre_roll_time_s": 6.0,
  "render": false,
  "save_render_frames": false,
  "frame_output_dir": null,
  "render_steps": 1,
  "consecutive_goals": false,
  "goal_duration_s": null,
  "goal_duration_steps": null,
  "requested_goals": 1,
  "num_rollouts": 1,
  "success_rate": 1.0,
  "reached_tolerance_rate": 1.0,
  "mean_final_ee_error_m": 0.04878117889165878,
  "mean_min_ee_error_m": 0.04878117889165878,
  "rollouts": [
    {
      "steps": 38,
      "done_reason": "success",
      "final_done_reason": "success",
      "first_done_step": 38,
      "first_success_step": 38,
      "fixed_duration_steps": null,
      "success": true,
      "reached_tolerance": true,
      "final_ee_error_m": 0.04878117889165878,
      "min_ee_error_m": 0.04878117889165878,
      "mean_ee_error_m": 0.7211520075798035,
      "reward_sum": 159.62440490722656,
      "unsafe_action_rate": 0.0,
      "min_clearance_m": 0.1288403868675232,
      "goal_base": [
        4.971859931945801,
        -0.03554999828338623,
        -2.8596200942993164
      ],
      "contact_kind": null,
      "contact_links": [],
      "joint_limit_labels": [],
      "rollout_index": 0
    }
  ]
}
[94/100] goal=(4.97,-0.04,-2.86) rc=0 wall=29s
Actor MLP: Sequential(
  (0): Linear(in_features=26, out_features=256, bias=True)
  (1): ELU(alpha=1.0)
  (2): Linear(in_features=256, out_features=128, bias=True)
  (3): ELU(alpha=1.0)
  (4): Linear(in_features=128, out_features=64, bias=True)
  (5): ELU(alpha=1.0)
  (6): Linear(in_features=64, out_features=4, bias=True)
)
Critic MLP: Sequential(
  (0): Linear(in_features=26, out_features=256, bias=True)
  (1): ELU(alpha=1.0)
  (2): Linear(in_features=256, out_features=128, bias=True)
  (3): ELU(alpha=1.0)
  (4): Linear(in_features=128, out_features=64, bias=True)
  (5): ELU(alpha=1.0)
  (6): Linear(in_features=64, out_features=1, bias=True)
)
!!!!!!!!!!!!!added lock!!!!!!!!!!!!
{"steps": 52, "done_reason": "success", "final_done_reason": "success", "first_done_step": 52, "first_success_step": 52, "fixed_duration_steps": null, "success": true, "reached_tolerance": true, "final_ee_error_m": 0.020772146061062813, "min_ee_error_m": 0.020772146061062813, "mean_ee_error_m": 2.3655006885528564, "reward_sum": 156.11715698242188, "unsafe_action_rate": 0.0, "min_clearance_m": 0.12876969575881958, "goal_base": [2.5564799308776855, -4.12293004989624, -3.0715699195861816], "contact_kind": null, "contact_links": [], "joint_limit_labels": [], "rollout_index": 0}
{
  "backend": "chrono_arm_reaching",
  "policy_checkpoint": "/home/harry/NeDM/artifacts/rl_runs_arm_goal_reach/arm_reach_adaptivekl005_lr1e4_tol005_ep150_bonus150_sigma015_rollsel_rom_20260721/model_1499.pt",
  "pre_roll_time_s": 6.0,
  "render": false,
  "save_render_frames": false,
  "frame_output_dir": null,
  "render_steps": 1,
  "consecutive_goals": false,
  "goal_duration_s": null,
  "goal_duration_steps": null,
  "requested_goals": 1,
  "num_rollouts": 1,
  "success_rate": 1.0,
  "reached_tolerance_rate": 1.0,
  "mean_final_ee_error_m": 0.020772146061062813,
  "mean_min_ee_error_m": 0.020772146061062813,
  "rollouts": [
    {
      "steps": 52,
      "done_reason": "success",
      "final_done_reason": "success",
      "first_done_step": 52,
      "first_success_step": 52,
      "fixed_duration_steps": null,
      "success": true,
      "reached_tolerance": true,
      "final_ee_error_m": 0.020772146061062813,
      "min_ee_error_m": 0.020772146061062813,
      "mean_ee_error_m": 2.3655006885528564,
      "reward_sum": 156.11715698242188,
      "unsafe_action_rate": 0.0,
      "min_clearance_m": 0.12876969575881958,
      "goal_base": [
        2.5564799308776855,
        -4.12293004989624,
        -3.0715699195861816
      ],
      "contact_kind": null,
      "contact_links": [],
      "joint_limit_labels": [],
      "rollout_index": 0
    }
  ]
}
[95/100] goal=(2.56,-4.12,-3.07) rc=0 wall=30s
Actor MLP: Sequential(
  (0): Linear(in_features=26, out_features=256, bias=True)
  (1): ELU(alpha=1.0)
  (2): Linear(in_features=256, out_features=128, bias=True)
  (3): ELU(alpha=1.0)
  (4): Linear(in_features=128, out_features=64, bias=True)
  (5): ELU(alpha=1.0)
  (6): Linear(in_features=64, out_features=4, bias=True)
)
Critic MLP: Sequential(
  (0): Linear(in_features=26, out_features=256, bias=True)
  (1): ELU(alpha=1.0)
  (2): Linear(in_features=256, out_features=128, bias=True)
  (3): ELU(alpha=1.0)
  (4): Linear(in_features=128, out_features=64, bias=True)
  (5): ELU(alpha=1.0)
  (6): Linear(in_features=64, out_features=1, bias=True)
)
!!!!!!!!!!!!!added lock!!!!!!!!!!!!
{"steps": 33, "done_reason": "success", "final_done_reason": "success", "first_done_step": 33, "first_success_step": 33, "fixed_duration_steps": null, "success": true, "reached_tolerance": true, "final_ee_error_m": 0.0250751581043005, "min_ee_error_m": 0.0250751581043005, "mean_ee_error_m": 2.1806275844573975, "reward_sum": 151.8797149658203, "unsafe_action_rate": 0.0, "min_clearance_m": 0.13292771577835083, "goal_base": [4.30109977722168, -3.2632100582122803, -1.7574000358581543], "contact_kind": null, "contact_links": [], "joint_limit_labels": [], "rollout_index": 0}
{
  "backend": "chrono_arm_reaching",
  "policy_checkpoint": "/home/harry/NeDM/artifacts/rl_runs_arm_goal_reach/arm_reach_adaptivekl005_lr1e4_tol005_ep150_bonus150_sigma015_rollsel_rom_20260721/model_1499.pt",
  "pre_roll_time_s": 6.0,
  "render": false,
  "save_render_frames": false,
  "frame_output_dir": null,
  "render_steps": 1,
  "consecutive_goals": false,
  "goal_duration_s": null,
  "goal_duration_steps": null,
  "requested_goals": 1,
  "num_rollouts": 1,
  "success_rate": 1.0,
  "reached_tolerance_rate": 1.0,
  "mean_final_ee_error_m": 0.0250751581043005,
  "mean_min_ee_error_m": 0.0250751581043005,
  "rollouts": [
    {
      "steps": 33,
      "done_reason": "success",
      "final_done_reason": "success",
      "first_done_step": 33,
      "first_success_step": 33,
      "fixed_duration_steps": null,
      "success": true,
      "reached_tolerance": true,
      "final_ee_error_m": 0.0250751581043005,
      "min_ee_error_m": 0.0250751581043005,
      "mean_ee_error_m": 2.1806275844573975,
      "reward_sum": 151.8797149658203,
      "unsafe_action_rate": 0.0,
      "min_clearance_m": 0.13292771577835083,
      "goal_base": [
        4.30109977722168,
        -3.2632100582122803,
        -1.7574000358581543
      ],
      "contact_kind": null,
      "contact_links": [],
      "joint_limit_labels": [],
      "rollout_index": 0
    }
  ]
}
[96/100] goal=(4.30,-3.26,-1.76) rc=0 wall=28s
Actor MLP: Sequential(
  (0): Linear(in_features=26, out_features=256, bias=True)
  (1): ELU(alpha=1.0)
  (2): Linear(in_features=256, out_features=128, bias=True)
  (3): ELU(alpha=1.0)
  (4): Linear(in_features=128, out_features=64, bias=True)
  (5): ELU(alpha=1.0)
  (6): Linear(in_features=64, out_features=4, bias=True)
)
Critic MLP: Sequential(
  (0): Linear(in_features=26, out_features=256, bias=True)
  (1): ELU(alpha=1.0)
  (2): Linear(in_features=256, out_features=128, bias=True)
  (3): ELU(alpha=1.0)
  (4): Linear(in_features=128, out_features=64, bias=True)
  (5): ELU(alpha=1.0)
  (6): Linear(in_features=64, out_features=1, bias=True)
)
!!!!!!!!!!!!!added lock!!!!!!!!!!!!
{"steps": 47, "done_reason": "success", "final_done_reason": "success", "first_done_step": 47, "first_success_step": 47, "fixed_duration_steps": null, "success": true, "reached_tolerance": true, "final_ee_error_m": 0.03550231456756592, "min_ee_error_m": 0.03550231456756592, "mean_ee_error_m": 3.8704376220703125, "reward_sum": 152.4723358154297, "unsafe_action_rate": 0.0, "min_clearance_m": 0.13348466157913208, "goal_base": [1.3909499645233154, 5.276010036468506, -0.35868000984191895], "contact_kind": null, "contact_links": [], "joint_limit_labels": [], "rollout_index": 0}
{
  "backend": "chrono_arm_reaching",
  "policy_checkpoint": "/home/harry/NeDM/artifacts/rl_runs_arm_goal_reach/arm_reach_adaptivekl005_lr1e4_tol005_ep150_bonus150_sigma015_rollsel_rom_20260721/model_1499.pt",
  "pre_roll_time_s": 6.0,
  "render": false,
  "save_render_frames": false,
  "frame_output_dir": null,
  "render_steps": 1,
  "consecutive_goals": false,
  "goal_duration_s": null,
  "goal_duration_steps": null,
  "requested_goals": 1,
  "num_rollouts": 1,
  "success_rate": 1.0,
  "reached_tolerance_rate": 1.0,
  "mean_final_ee_error_m": 0.03550231456756592,
  "mean_min_ee_error_m": 0.03550231456756592,
  "rollouts": [
    {
      "steps": 47,
      "done_reason": "success",
      "final_done_reason": "success",
      "first_done_step": 47,
      "first_success_step": 47,
      "fixed_duration_steps": null,
      "success": true,
      "reached_tolerance": true,
      "final_ee_error_m": 0.03550231456756592,
      "min_ee_error_m": 0.03550231456756592,
      "mean_ee_error_m": 3.8704376220703125,
      "reward_sum": 152.4723358154297,
      "unsafe_action_rate": 0.0,
      "min_clearance_m": 0.13348466157913208,
      "goal_base": [
        1.3909499645233154,
        5.276010036468506,
        -0.35868000984191895
      ],
      "contact_kind": null,
      "contact_links": [],
      "joint_limit_labels": [],
      "rollout_index": 0
    }
  ]
}
[97/100] goal=(1.39,5.28,-0.36) rc=0 wall=29s
Actor MLP: Sequential(
  (0): Linear(in_features=26, out_features=256, bias=True)
  (1): ELU(alpha=1.0)
  (2): Linear(in_features=256, out_features=128, bias=True)
  (3): ELU(alpha=1.0)
  (4): Linear(in_features=128, out_features=64, bias=True)
  (5): ELU(alpha=1.0)
  (6): Linear(in_features=64, out_features=4, bias=True)
)
Critic MLP: Sequential(
  (0): Linear(in_features=26, out_features=256, bias=True)
  (1): ELU(alpha=1.0)
  (2): Linear(in_features=256, out_features=128, bias=True)
  (3): ELU(alpha=1.0)
  (4): Linear(in_features=128, out_features=64, bias=True)
  (5): ELU(alpha=1.0)
  (6): Linear(in_features=64, out_features=1, bias=True)
)
!!!!!!!!!!!!!added lock!!!!!!!!!!!!
{"steps": 48, "done_reason": "success", "final_done_reason": "success", "first_done_step": 48, "first_success_step": 48, "fixed_duration_steps": null, "success": true, "reached_tolerance": true, "final_ee_error_m": 0.04752909019589424, "min_ee_error_m": 0.04752909019589424, "mean_ee_error_m": 3.2458930015563965, "reward_sum": 154.65847778320312, "unsafe_action_rate": 0.0, "min_clearance_m": 0.12851876020431519, "goal_base": [1.3843200206756592, 3.8027000427246094, -4.272640228271484], "contact_kind": null, "contact_links": [], "joint_limit_labels": [], "rollout_index": 0}
{
  "backend": "chrono_arm_reaching",
  "policy_checkpoint": "/home/harry/NeDM/artifacts/rl_runs_arm_goal_reach/arm_reach_adaptivekl005_lr1e4_tol005_ep150_bonus150_sigma015_rollsel_rom_20260721/model_1499.pt",
  "pre_roll_time_s": 6.0,
  "render": false,
  "save_render_frames": false,
  "frame_output_dir": null,
  "render_steps": 1,
  "consecutive_goals": false,
  "goal_duration_s": null,
  "goal_duration_steps": null,
  "requested_goals": 1,
  "num_rollouts": 1,
  "success_rate": 1.0,
  "reached_tolerance_rate": 1.0,
  "mean_final_ee_error_m": 0.04752909019589424,
  "mean_min_ee_error_m": 0.04752909019589424,
  "rollouts": [
    {
      "steps": 48,
      "done_reason": "success",
      "final_done_reason": "success",
      "first_done_step": 48,
      "first_success_step": 48,
      "fixed_duration_steps": null,
      "success": true,
      "reached_tolerance": true,
      "final_ee_error_m": 0.04752909019589424,
      "min_ee_error_m": 0.04752909019589424,
      "mean_ee_error_m": 3.2458930015563965,
      "reward_sum": 154.65847778320312,
      "unsafe_action_rate": 0.0,
      "min_clearance_m": 0.12851876020431519,
      "goal_base": [
        1.3843200206756592,
        3.8027000427246094,
        -4.272640228271484
      ],
      "contact_kind": null,
      "contact_links": [],
      "joint_limit_labels": [],
      "rollout_index": 0
    }
  ]
}
[98/100] goal=(1.38,3.80,-4.27) rc=0 wall=29s
Actor MLP: Sequential(
  (0): Linear(in_features=26, out_features=256, bias=True)
  (1): ELU(alpha=1.0)
  (2): Linear(in_features=256, out_features=128, bias=True)
  (3): ELU(alpha=1.0)
  (4): Linear(in_features=128, out_features=64, bias=True)
  (5): ELU(alpha=1.0)
  (6): Linear(in_features=64, out_features=4, bias=True)
)
Critic MLP: Sequential(
  (0): Linear(in_features=26, out_features=256, bias=True)
  (1): ELU(alpha=1.0)
  (2): Linear(in_features=256, out_features=128, bias=True)
  (3): ELU(alpha=1.0)
  (4): Linear(in_features=128, out_features=64, bias=True)
  (5): ELU(alpha=1.0)
  (6): Linear(in_features=64, out_features=1, bias=True)
)
!!!!!!!!!!!!!added lock!!!!!!!!!!!!
{"steps": 40, "done_reason": "success", "final_done_reason": "success", "first_done_step": 40, "first_success_step": 40, "fixed_duration_steps": null, "success": true, "reached_tolerance": true, "final_ee_error_m": 0.04453495889902115, "min_ee_error_m": 0.04453495889902115, "mean_ee_error_m": 1.933574914932251, "reward_sum": 155.2062530517578, "unsafe_action_rate": 0.0, "min_clearance_m": 0.12862461805343628, "goal_base": [3.939579963684082, 2.6862399578094482, -3.2849199771881104], "contact_kind": null, "contact_links": [], "joint_limit_labels": [], "rollout_index": 0}
{
  "backend": "chrono_arm_reaching",
  "policy_checkpoint": "/home/harry/NeDM/artifacts/rl_runs_arm_goal_reach/arm_reach_adaptivekl005_lr1e4_tol005_ep150_bonus150_sigma015_rollsel_rom_20260721/model_1499.pt",
  "pre_roll_time_s": 6.0,
  "render": false,
  "save_render_frames": false,
  "frame_output_dir": null,
  "render_steps": 1,
  "consecutive_goals": false,
  "goal_duration_s": null,
  "goal_duration_steps": null,
  "requested_goals": 1,
  "num_rollouts": 1,
  "success_rate": 1.0,
  "reached_tolerance_rate": 1.0,
  "mean_final_ee_error_m": 0.04453495889902115,
  "mean_min_ee_error_m": 0.04453495889902115,
  "rollouts": [
    {
      "steps": 40,
      "done_reason": "success",
      "final_done_reason": "success",
      "first_done_step": 40,
      "first_success_step": 40,
      "fixed_duration_steps": null,
      "success": true,
      "reached_tolerance": true,
      "final_ee_error_m": 0.04453495889902115,
      "min_ee_error_m": 0.04453495889902115,
      "mean_ee_error_m": 1.933574914932251,
      "reward_sum": 155.2062530517578,
      "unsafe_action_rate": 0.0,
      "min_clearance_m": 0.12862461805343628,
      "goal_base": [
        3.939579963684082,
        2.6862399578094482,
        -3.2849199771881104
      ],
      "contact_kind": null,
      "contact_links": [],
      "joint_limit_labels": [],
      "rollout_index": 0
    }
  ]
}
[99/100] goal=(3.94,2.69,-3.28) rc=0 wall=29s
Actor MLP: Sequential(
  (0): Linear(in_features=26, out_features=256, bias=True)
  (1): ELU(alpha=1.0)
  (2): Linear(in_features=256, out_features=128, bias=True)
  (3): ELU(alpha=1.0)
  (4): Linear(in_features=128, out_features=64, bias=True)
  (5): ELU(alpha=1.0)
  (6): Linear(in_features=64, out_features=4, bias=True)
)
Critic MLP: Sequential(
  (0): Linear(in_features=26, out_features=256, bias=True)
  (1): ELU(alpha=1.0)
  (2): Linear(in_features=256, out_features=128, bias=True)
  (3): ELU(alpha=1.0)
  (4): Linear(in_features=128, out_features=64, bias=True)
  (5): ELU(alpha=1.0)
  (6): Linear(in_features=64, out_features=1, bias=True)
)
!!!!!!!!!!!!!added lock!!!!!!!!!!!!
{"steps": 39, "done_reason": "success", "final_done_reason": "success", "first_done_step": 39, "first_success_step": 39, "fixed_duration_steps": null, "success": true, "reached_tolerance": true, "final_ee_error_m": 0.04009618982672691, "min_ee_error_m": 0.04009618982672691, "mean_ee_error_m": 2.0002634525299072, "reward_sum": 153.57203674316406, "unsafe_action_rate": 0.0, "min_clearance_m": 0.13348466157913208, "goal_base": [4.3737101554870605, 3.3364200592041016, -1.1709599494934082], "contact_kind": null, "contact_links": [], "joint_limit_labels": [], "rollout_index": 0}
{
  "backend": "chrono_arm_reaching",
  "policy_checkpoint": "/home/harry/NeDM/artifacts/rl_runs_arm_goal_reach/arm_reach_adaptivekl005_lr1e4_tol005_ep150_bonus150_sigma015_rollsel_rom_20260721/model_1499.pt",
  "pre_roll_time_s": 6.0,
  "render": false,
  "save_render_frames": false,
  "frame_output_dir": null,
  "render_steps": 1,
  "consecutive_goals": false,
  "goal_duration_s": null,
  "goal_duration_steps": null,
  "requested_goals": 1,
  "num_rollouts": 1,
  "success_rate": 1.0,
  "reached_tolerance_rate": 1.0,
  "mean_final_ee_error_m": 0.04009618982672691,
  "mean_min_ee_error_m": 0.04009618982672691,
  "rollouts": [
    {
      "steps": 39,
      "done_reason": "success",
      "final_done_reason": "success",
      "first_done_step": 39,
      "first_success_step": 39,
      "fixed_duration_steps": null,
      "success": true,
      "reached_tolerance": true,
      "final_ee_error_m": 0.04009618982672691,
      "min_ee_error_m": 0.04009618982672691,
      "mean_ee_error_m": 2.0002634525299072,
      "reward_sum": 153.57203674316406,
      "unsafe_action_rate": 0.0,
      "min_clearance_m": 0.13348466157913208,
      "goal_base": [
        4.3737101554870605,
        3.3364200592041016,
        -1.1709599494934082
      ],
      "contact_kind": null,
      "contact_links": [],
      "joint_limit_labels": [],
      "rollout_index": 0
    }
  ]
}
[100/100] goal=(4.37,3.34,-1.17) rc=0 wall=29s
[plot] -> /home/harry/NeDM/artifacts/rl_runs_arm_goal_reach/arm_reach_adaptivekl005_lr1e4_tol005_ep150_bonus150_sigma015_rollsel_rom_20260721/chrono_reach_benchmark_N100_seed12345/benchmark_trajectories.png

[benchmark] success 91/100 = 91%  median_min_err=0.0431042667478323  worst_min_err=0.1377873420715332  failures={'timeout': 9}
[benchmark] -> /home/harry/NeDM/artifacts/rl_runs_arm_goal_reach/arm_reach_adaptivekl005_lr1e4_tol005_ep150_bonus150_sigma015_rollsel_rom_20260721/chrono_reach_benchmark_N100_seed12345/summary.json
