ci_grad: 5 members from artifacts/traverse/crm_improve_20260922/deploy_v1/deploy_a1_haux_gru_s*.pt on cuda: kinds ['ci_train'] conds ['hist_aux'] hist_T 40; steps 60 starts 17 lr 0.02/0.1 keep pessimistic abstain 0.3
  [1/800] f104_crm_eval_group_0000 B z -11.908 (pess -11.163) -> G z -13.093 (pess -12.218) gain 1.055 from round0/anchor step 54 | valid 17/17 | 3.88s (cem 0.76 refine 3.06 [60 steps] finals 0.06)
  [2/800] f104_crm_eval_group_0001 B z -13.319 (pess -12.965) -> G z -13.478 (pess -13.319) gain 0.353 from B/sample step 25 | valid 17/17 | 2.62s (cem 0.36 refine 2.20 [60 steps] finals 0.05)
  [3/800] f104_crm_eval_group_0002 B z -13.362 (pess -13.082) -> G abstain | valid 17/17 | 2.56s (cem 0.35 refine 2.15 [60 steps] finals 0.05)
  [4/800] f104_crm_eval_group_0003 B z -13.047 (pess -11.456) -> G z -13.258 (pess -12.642) gain 1.185 from B/mean step 42 | valid 17/17 | 2.56s (cem 0.36 refine 2.14 [60 steps] finals 0.05)
  [5/800] f104_crm_eval_group_0004 B z -12.731 (pess -11.537) -> G z -13.461 (pess -13.256) gain 1.719 from B/sample step 42 | valid 17/17 | 2.57s (cem 0.35 refine 2.15 [60 steps] finals 0.05)
  [6/800] f104_crm_eval_group_0005 B z -12.112 (pess -9.098) -> G z -13.026 (pess -12.378) gain 3.279 from B/sample step 40 | valid 17/17 | 2.59s (cem 0.35 refine 2.18 [60 steps] finals 0.05)
  [7/800] f104_crm_eval_group_0006 B z -12.267 (pess -11.843) -> G z -12.690 (pess -12.378) gain 0.535 from round0/sample step 47 | valid 17/17 | 2.57s (cem 0.34 refine 2.16 [60 steps] finals 0.05)
  [8/800] f104_crm_eval_group_0007 B z -12.768 (pess -12.495) -> G z -13.184 (pess -13.029) gain 0.534 from B/sample step 25 | valid 17/17 | 2.58s (cem 0.35 refine 2.16 [60 steps] finals 0.05)
  [9/800] f104_crm_eval_group_0008 B z -13.184 (pess -12.869) -> G z -13.416 (pess -13.253) gain 0.383 from B/mean step 19 | valid 17/17 | 2.55s (cem 0.36 refine 2.14 [60 steps] finals 0.05)
  [10/800] f104_crm_eval_group_0009 B z -13.191 (pess -13.058) -> G abstain | valid 17/17 | 2.56s (cem 0.35 refine 2.15 [60 steps] finals 0.05)
  [11/800] f104_crm_eval_group_0010 B z -10.867 (pess -8.737) -> G z -11.919 (pess -11.271) gain 2.531 from round0/sample step 60 | valid 17/17 | 2.57s (cem 0.35 refine 2.16 [60 steps] finals 0.05)
  [12/800] f104_crm_eval_group_0011 B z -12.873 (pess -11.968) -> G z -13.284 (pess -13.016) gain 1.051 from B/sample step 51 | valid 17/17 | 2.59s (cem 0.36 refine 2.17 [60 steps] finals 0.05)
  [13/800] f104_crm_eval_group_0012 B z -12.935 (pess -12.663) -> G abstain | valid 17/17 | 2.57s (cem 0.36 refine 2.16 [60 steps] finals 0.05)
  [14/800] f104_crm_eval_group_0013 B z -8.194 (pess -6.811) -> G z -9.405 (pess -7.514) gain 0.702 from round0/sample step 60 | valid 17/17 | 2.61s (cem 0.36 refine 2.18 [60 steps] finals 0.05)
  [15/800] f104_crm_eval_group_0014 B z -10.474 (pess -9.516) -> G z -12.137 (pess -11.527) gain 2.011 from round0/sample step 60 | valid 17/17 | 2.57s (cem 0.36 refine 2.15 [60 steps] finals 0.05)
  [16/800] f104_crm_eval_group_0015 B z -13.252 (pess -12.782) -> G abstain | valid 17/17 | 2.59s (cem 0.36 refine 2.16 [60 steps] finals 0.06)
  [17/800] f104_crm_eval_group_0016 B z -12.355 (pess -10.761) -> G z -13.376 (pess -13.271) gain 2.509 from round0/anchor step 51 | valid 17/17 | 2.57s (cem 0.36 refine 2.15 [60 steps] finals 0.05)
  [18/800] f104_crm_eval_group_0017 B z -8.977 (pess -5.186) -> G z -11.507 (pess -9.041) gain 3.849 from B/sample step 37 | valid 17/17 | 2.57s (cem 0.36 refine 2.14 [60 steps] finals 0.05)
  [19/800] f104_crm_eval_group_0018 B z -11.789 (pess -11.120) -> G z -12.223 (pess -11.878) gain 0.757 from B/sample step 24 | valid 17/17 | 2.55s (cem 0.35 refine 2.14 [60 steps] finals 0.05)
  [20/800] f104_crm_eval_group_0019 B z -12.702 (pess -12.387) -> G abstain | valid 17/17 | 2.56s (cem 0.35 refine 2.15 [60 steps] finals 0.05)
  [21/800] f104_crm_eval_group_0020 B z -13.282 (pess -13.116) -> G abstain | valid 17/17 | 2.56s (cem 0.35 refine 2.15 [60 steps] finals 0.05)
  [22/800] f104_crm_eval_group_0021 B z -13.113 (pess -12.693) -> G z -13.265 (pess -12.992) gain 0.301 from B/sample step 28 | valid 17/17 | 2.56s (cem 0.34 refine 2.15 [60 steps] finals 0.05)
  [23/800] f104_crm_eval_group_0022 B z -13.186 (pess -12.671) -> G z -13.457 (pess -13.179) gain 0.509 from round0/sample step 50 | valid 17/17 | 2.59s (cem 0.37 refine 2.16 [60 steps] finals 0.05)
  [24/800] f104_crm_eval_group_0023 B z -7.105 (pess -4.558) -> G z -12.901 (pess -12.566) gain 8.005 from B/sample step 57 | valid 17/17 | 2.56s (cem 0.36 refine 2.14 [60 steps] finals 0.05)
  [25/800] f104_crm_eval_group_0024 B z -8.818 (pess -6.948) -> G z -10.646 (pess -9.634) gain 2.685 from round0/anchor step 30 | valid 17/17 | 2.58s (cem 0.35 refine 2.17 [60 steps] finals 0.06)
  [26/800] f104_crm_eval_group_0025 B z -11.255 (pess -9.976) -> G z -11.855 (pess -11.185) gain 1.206 from B/sample step 15 | valid 17/17 | 2.55s (cem 0.35 refine 2.13 [60 steps] finals 0.06)
  [27/800] f104_crm_eval_group_0026 B z -10.670 (pess -8.162) -> G z -12.106 (pess -10.831) gain 2.670 from round0/anchor step 59 | valid 17/17 | 2.57s (cem 0.36 refine 2.14 [60 steps] finals 0.05)
  [28/800] f104_crm_eval_group_0027 B z -11.806 (pess -11.228) -> G z -12.723 (pess -12.272) gain 1.043 from B/sample step 23 | valid 17/17 | 2.54s (cem 0.35 refine 2.13 [60 steps] finals 0.05)
  [29/800] f104_crm_eval_group_0028 B z -13.400 (pess -13.178) -> G abstain | valid 17/17 | 2.58s (cem 0.35 refine 2.17 [60 steps] finals 0.06)
  [30/800] f104_crm_eval_group_0029 B z -13.129 (pess -12.690) -> G abstain | valid 17/17 | 2.55s (cem 0.35 refine 2.15 [60 steps] finals 0.05)
  [31/800] f104_crm_eval_group_0030 B z -13.238 (pess -12.634) -> G z -13.395 (pess -13.288) gain 0.654 from round0/sample step 58 | valid 17/17 | 2.54s (cem 0.34 refine 2.14 [60 steps] finals 0.05)
  [32/800] f104_crm_eval_group_0031 B z -12.735 (pess -11.543) -> G z -12.961 (pess -12.121) gain 0.578 from B/sample step 34 | valid 17/17 | 2.55s (cem 0.35 refine 2.14 [60 steps] finals 0.05)
  [33/800] f104_crm_eval_group_0032 B z -13.375 (pess -13.118) -> G abstain | valid 17/17 | 2.61s (cem 0.34 refine 2.20 [60 steps] finals 0.05)
  [34/800] f104_crm_eval_group_0033 B z -6.570 (pess -2.837) -> G z -11.214 (pess -10.600) gain 7.752 from round0/sample step 60 | valid 17/17 | 2.58s (cem 0.35 refine 2.17 [60 steps] finals 0.05)
  [35/800] f104_crm_eval_group_0034 B z -12.716 (pess -11.747) -> G z -12.991 (pess -12.671) gain 0.924 from B/mean step 14 | valid 17/17 | 2.57s (cem 0.35 refine 2.16 [60 steps] finals 0.05)
  [36/800] f104_crm_eval_group_0035 B z -7.759 (pess -4.048) -> G z -10.455 (pess -9.412) gain 5.364 from B/sample step 60 | valid 17/17 | 2.57s (cem 0.35 refine 2.16 [60 steps] finals 0.05)
  [37/800] f104_crm_eval_group_0036 B z -11.305 (pess -10.092) -> G z -12.493 (pess -11.940) gain 1.850 from round0/sample step 56 | valid 17/17 | 2.60s (cem 0.37 refine 2.17 [60 steps] finals 0.05)
  [38/800] f104_crm_eval_group_0037 B z -10.899 (pess -8.385) -> G z -12.088 (pess -10.978) gain 2.589 from B/sample step 21 | valid 17/17 | 2.56s (cem 0.35 refine 2.15 [60 steps] finals 0.05)
  [39/800] f104_crm_eval_group_0038 B z -12.371 (pess -11.623) -> G z -12.739 (pess -12.084) gain 0.463 from B/sample step 27 | valid 17/17 | 2.57s (cem 0.35 refine 2.16 [60 steps] finals 0.05)
  [40/800] f104_crm_eval_group_0039 B z -10.557 (pess -9.031) -> G z -12.974 (pess -12.638) gain 3.605 from round0/sample step 48 | valid 17/17 | 2.57s (cem 0.35 refine 2.16 [60 steps] finals 0.05)
  [41/800] f104_crm_eval_group_0040 B z -13.387 (pess -13.184) -> G abstain | valid 17/17 | 2.58s (cem 0.35 refine 2.16 [60 steps] finals 0.06)
  [42/800] f104_crm_eval_group_0041 B z -12.962 (pess -12.796) -> G z -13.396 (pess -13.240) gain 0.444 from round0/anchor step 54 | valid 17/17 | 2.57s (cem 0.35 refine 2.15 [60 steps] finals 0.05)
  [43/800] f104_crm_eval_group_0042 B z -12.697 (pess -10.524) -> G z -13.245 (pess -12.558) gain 2.033 from B/sample step 43 | valid 17/17 | 2.57s (cem 0.35 refine 2.16 [60 steps] finals 0.06)
  [44/800] f104_crm_eval_group_0043 B z -9.344 (pess -6.762) -> G z -11.281 (pess -10.639) gain 3.869 from round0/sample step 49 | valid 17/17 | 2.64s (cem 0.36 refine 2.21 [60 steps] finals 0.05)
  [45/800] f104_crm_eval_group_0044 B z -4.350 (pess 0.609) -> G z -10.714 (pess -9.661) gain 10.270 from round0/sample step 60 | valid 17/17 | 1.49s (cem 0.35 refine 1.09 [60 steps] finals 0.04)
  [46/800] f104_crm_eval_group_0045 B z -12.709 (pess -10.985) -> G z -13.020 (pess -12.646) gain 1.659 from round0/sample step 50 | valid 17/17 | 1.50s (cem 0.36 refine 1.09 [60 steps] finals 0.04)
  [47/800] f104_crm_eval_group_0046 B z -12.543 (pess -11.492) -> G z -13.183 (pess -12.927) gain 1.436 from B/sample step 58 | valid 17/17 | 1.49s (cem 0.35 refine 1.09 [60 steps] finals 0.04)
  [48/800] f104_crm_eval_group_0047 B z -12.705 (pess -11.778) -> G z -13.076 (pess -12.935) gain 1.158 from B/sample step 19 | valid 17/17 | 2.25s (cem 0.35 refine 1.84 [60 steps] finals 0.05)
  [49/800] f104_crm_eval_group_0048 B z -13.072 (pess -12.707) -> G z -13.379 (pess -13.295) gain 0.588 from B/sample step 34 | valid 17/17 | 1.49s (cem 0.35 refine 1.09 [60 steps] finals 0.04)
  [50/800] f104_crm_eval_group_0049 B z -12.955 (pess -12.709) -> G abstain | valid 17/17 | 1.49s (cem 0.35 refine 1.09 [60 steps] finals 0.04)
  [51/800] f104_crm_eval_group_0050 B z -13.181 (pess -12.819) -> G z -13.347 (pess -13.228) gain 0.410 from round0/anchor step 42 | valid 17/17 | 1.51s (cem 0.36 refine 1.10 [60 steps] finals 0.04)
  [52/800] f104_crm_eval_group_0051 B z -13.312 (pess -13.042) -> G abstain | valid 17/17 | 1.50s (cem 0.35 refine 1.10 [60 steps] finals 0.04)
  [53/800] f104_crm_eval_group_0052 B z -13.048 (pess -12.698) -> G z -13.329 (pess -13.134) gain 0.437 from round0/sample step 58 | valid 17/17 | 1.50s (cem 0.36 refine 1.09 [60 steps] finals 0.04)
  [54/800] f104_crm_eval_group_0053 B z -12.457 (pess -11.569) -> G z -12.972 (pess -12.357) gain 0.791 from B/sample step 43 | valid 17/17 | 1.49s (cem 0.35 refine 1.09 [60 steps] finals 0.04)
  [55/800] f104_crm_eval_group_0054 B z -9.162 (pess -4.957) -> G z -12.993 (pess -12.386) gain 7.429 from B/sample step 60 | valid 17/17 | 1.50s (cem 0.35 refine 1.09 [60 steps] finals 0.04)
  [56/800] f104_crm_eval_group_0055 B z -8.593 (pess -5.396) -> G z -11.076 (pess -9.261) gain 3.865 from B/sample step 43 | valid 17/17 | 1.50s (cem 0.36 refine 1.09 [60 steps] finals 0.04)
  [57/800] f104_crm_eval_group_0056 B z -12.510 (pess -11.863) -> G z -13.011 (pess -12.844) gain 0.980 from B/sample step 60 | valid 17/17 | 1.49s (cem 0.34 refine 1.10 [60 steps] finals 0.04)
  [58/800] f104_crm_eval_group_0057 B z -12.370 (pess -11.664) -> G z -12.924 (pess -12.261) gain 0.593 from B/sample step 32 | valid 17/17 | 1.50s (cem 0.35 refine 1.10 [60 steps] finals 0.04)
  [59/800] f104_crm_eval_group_0058 B z -13.248 (pess -13.053) -> G z -13.544 (pess -13.405) gain 0.352 from round0/sample step 52 | valid 17/17 | 1.50s (cem 0.36 refine 1.09 [60 steps] finals 0.04)
  [60/800] f104_crm_eval_group_0059 B z -12.558 (pess -11.668) -> G z -12.965 (pess -12.834) gain 1.165 from round0/anchor step 53 | valid 17/17 | 1.52s (cem 0.35 refine 1.12 [60 steps] finals 0.05)
  [61/800] f104_crm_eval_group_0060 B z -13.333 (pess -12.766) -> G z -13.561 (pess -13.454) gain 0.688 from round0/anchor step 60 | valid 17/17 | 2.57s (cem 0.34 refine 2.16 [60 steps] finals 0.05)
  [62/800] f104_crm_eval_group_0061 B z -12.132 (pess -10.653) -> G abstain | valid 17/17 | 2.44s (cem 0.35 refine 2.02 [60 steps] finals 0.05)
  [63/800] f104_crm_eval_group_0062 B z -13.403 (pess -13.233) -> G abstain | valid 17/17 | 2.57s (cem 0.34 refine 2.16 [60 steps] finals 0.06)
  [64/800] f104_crm_eval_group_0063 B z -12.312 (pess -10.823) -> G z -12.879 (pess -11.989) gain 1.165 from round0/sample step 59 | valid 17/17 | 2.59s (cem 0.36 refine 2.16 [60 steps] finals 0.05)
  [65/800] f104_crm_eval_group_0064 B z -12.719 (pess -11.846) -> G z -13.154 (pess -12.779) gain 0.934 from round0/sample step 58 | valid 17/17 | 2.57s (cem 0.36 refine 2.15 [60 steps] finals 0.05)
  [66/800] f104_crm_eval_group_0065 B z -12.907 (pess -12.495) -> G z -13.413 (pess -13.150) gain 0.655 from B/mean step 59 | valid 17/17 | 2.58s (cem 0.36 refine 2.15 [60 steps] finals 0.05)
  [67/800] f104_crm_eval_group_0066 B z -13.043 (pess -12.413) -> G z -13.344 (pess -13.201) gain 0.788 from round0/sample step 55 | valid 17/17 | 2.56s (cem 0.34 refine 2.15 [60 steps] finals 0.05)
  [68/800] f104_crm_eval_group_0067 B z -11.243 (pess -8.714) -> G z -12.235 (pess -11.698) gain 2.984 from round0/sample step 51 | valid 17/17 | 2.55s (cem 0.35 refine 2.14 [60 steps] finals 0.05)
  [69/800] f104_crm_eval_group_0068 B z -13.356 (pess -13.111) -> G z -13.542 (pess -13.468) gain 0.357 from B/sample step 19 | valid 17/17 | 2.57s (cem 0.35 refine 2.15 [60 steps] finals 0.05)
  [70/800] f104_crm_eval_group_0069 B z -13.396 (pess -13.030) -> G z -13.426 (pess -13.349) gain 0.319 from round0/anchor step 45 | valid 17/17 | 2.55s (cem 0.34 refine 2.14 [60 steps] finals 0.05)
  [71/800] f104_crm_eval_group_0070 B z -13.099 (pess -12.769) -> G abstain | valid 17/17 | 2.55s (cem 0.34 refine 2.14 [60 steps] finals 0.05)
  [72/800] f104_crm_eval_group_0071 B z -13.181 (pess -12.550) -> G z -13.437 (pess -13.164) gain 0.614 from round0/sample step 60 | valid 17/17 | 2.61s (cem 0.38 refine 2.16 [60 steps] finals 0.05)
  [73/800] f104_crm_eval_group_0072 B z -9.712 (pess -8.233) -> G z -10.046 (pess -9.334) gain 1.100 from round0/sample step 53 | valid 17/17 | 2.58s (cem 0.36 refine 2.15 [60 steps] finals 0.05)
  [74/800] f104_crm_eval_group_0073 B z -7.527 (pess -4.049) -> G z -8.911 (pess -7.254) gain 3.207 from round0/sample step 60 | valid 17/17 | 2.55s (cem 0.34 refine 2.15 [60 steps] finals 0.05)
  [75/800] f104_crm_eval_group_0074 B z -12.121 (pess -10.935) -> G z -12.646 (pess -12.139) gain 1.205 from B/sample step 60 | valid 17/17 | 2.56s (cem 0.35 refine 2.14 [60 steps] finals 0.05)
  [76/800] f104_crm_eval_group_0075 B z -11.674 (pess -10.440) -> G z -12.570 (pess -11.640) gain 1.199 from round0/sample step 54 | valid 17/17 | 2.55s (cem 0.35 refine 2.14 [60 steps] finals 0.05)
  [77/800] f104_crm_eval_group_0076 B z -12.699 (pess -11.823) -> G z -13.358 (pess -13.079) gain 1.258 from round0/anchor step 60 | valid 17/17 | 2.56s (cem 0.36 refine 2.14 [60 steps] finals 0.05)
  [78/800] f104_crm_eval_group_0077 B z -12.774 (pess -11.975) -> G z -12.895 (pess -12.726) gain 0.751 from round0/anchor step 24 | valid 17/17 | 2.62s (cem 0.35 refine 2.21 [60 steps] finals 0.06)
  [79/800] f104_crm_eval_group_0078 B z -12.510 (pess -11.804) -> G z -12.720 (pess -12.437) gain 0.633 from round0/sample step 51 | valid 17/17 | 2.66s (cem 0.36 refine 2.23 [60 steps] finals 0.06)
  [80/800] f104_crm_eval_group_0079 B z -12.981 (pess -12.306) -> G z -13.231 (pess -13.022) gain 0.715 from B/sample step 32 | valid 17/17 | 2.63s (cem 0.38 refine 2.18 [60 steps] finals 0.06)
  [81/800] f104_crm_eval_group_0080 B z -13.287 (pess -13.178) -> G abstain | valid 17/17 | 2.57s (cem 0.35 refine 2.16 [60 steps] finals 0.05)
  [82/800] f104_crm_eval_group_0081 B z -13.531 (pess -13.314) -> G abstain | valid 17/17 | 2.61s (cem 0.37 refine 2.16 [60 steps] finals 0.06)
  [83/800] f104_crm_eval_group_0082 B z -9.498 (pess -8.548) -> G z -10.114 (pess -9.156) gain 0.609 from round0/sample step 44 | valid 17/17 | 2.58s (cem 0.36 refine 2.16 [60 steps] finals 0.06)
  [84/800] f104_crm_eval_group_0083 B z -1.451 (pess 1.794) -> G z -7.443 (pess -5.471) gain 7.264 from B/sample step 60 | valid 17/17 | 2.57s (cem 0.35 refine 2.15 [60 steps] finals 0.05)
  [85/800] f104_crm_eval_group_0084 B z -8.326 (pess -6.982) -> G z -9.893 (pess -9.211) gain 2.231 from B/sample step 18 | valid 17/17 | 2.58s (cem 0.36 refine 2.16 [60 steps] finals 0.06)
  [86/800] f104_crm_eval_group_0085 B z -10.594 (pess -9.507) -> G z -12.797 (pess -12.414) gain 2.907 from round0/sample step 52 | valid 17/17 | 2.55s (cem 0.35 refine 2.14 [60 steps] finals 0.05)
  [87/800] f104_crm_eval_group_0086 B z -12.654 (pess -12.291) -> G z -12.842 (pess -12.644) gain 0.353 from round0/sample step 43 | valid 17/17 | 2.55s (cem 0.34 refine 2.14 [60 steps] finals 0.05)
  [88/800] f104_crm_eval_group_0087 B z -11.341 (pess -9.573) -> G z -12.107 (pess -11.412) gain 1.839 from B/sample step 44 | valid 17/17 | 2.56s (cem 0.35 refine 2.15 [60 steps] finals 0.05)
  [89/800] f104_crm_eval_group_0088 B z -13.170 (pess -12.609) -> G z -13.263 (pess -12.969) gain 0.361 from round0/anchor step 60 | valid 17/17 | 2.57s (cem 0.36 refine 2.15 [60 steps] finals 0.06)
  [90/800] f104_crm_eval_group_0089 B z -12.423 (pess -11.733) -> G z -12.726 (pess -12.458) gain 0.725 from round0/sample step 58 | valid 17/17 | 2.56s (cem 0.34 refine 2.15 [60 steps] finals 0.05)
  [91/800] f104_crm_eval_group_0090 B z -12.817 (pess -12.173) -> G z -12.930 (pess -12.623) gain 0.450 from B/sample step 21 | valid 17/17 | 2.58s (cem 0.35 refine 2.17 [60 steps] finals 0.05)
  [92/800] f104_crm_eval_group_0091 B z -9.502 (pess -4.849) -> G z -10.739 (pess -10.173) gain 5.327 from round0/anchor step 30 | valid 17/17 | 2.60s (cem 0.37 refine 2.17 [60 steps] finals 0.05)
  [93/800] f104_crm_eval_group_0092 B z -5.825 (pess -4.510) -> G z -8.959 (pess -8.541) gain 4.032 from round0/sample step 60 | valid 17/17 | 2.58s (cem 0.35 refine 2.17 [60 steps] finals 0.05)
  [94/800] f104_crm_eval_group_0093 B z -8.819 (pess -5.300) -> G z -10.669 (pess -9.056) gain 3.753 from round0/sample step 42 | valid 17/17 | 2.58s (cem 0.36 refine 2.16 [60 steps] finals 0.05)
  [95/800] f104_crm_eval_group_0094 B z -12.759 (pess -12.335) -> G z -12.963 (pess -12.739) gain 0.405 from B/sample step 6 | valid 17/17 | 2.56s (cem 0.34 refine 2.15 [60 steps] finals 0.05)
  [96/800] f104_crm_eval_group_0095 B z -11.019 (pess -7.530) -> G z -11.131 (pess -10.098) gain 2.567 from round0/sample step 46 | valid 17/17 | 2.56s (cem 0.36 refine 2.14 [60 steps] finals 0.05)
  [97/800] f104_crm_eval_group_0096 B z -13.125 (pess -12.265) -> G z -13.298 (pess -12.908) gain 0.644 from B/sample step 31 | valid 17/17 | 2.60s (cem 0.36 refine 2.18 [60 steps] finals 0.05)
  [98/800] f104_crm_eval_group_0097 B z -12.609 (pess -11.626) -> G z -13.097 (pess -12.547) gain 0.922 from B/sample step 59 | valid 17/17 | 2.59s (cem 0.36 refine 2.16 [60 steps] finals 0.05)
  [99/800] f104_crm_eval_group_0098 B z -11.094 (pess -9.397) -> G z -12.540 (pess -12.265) gain 2.867 from round0/sample step 48 | valid 17/17 | 2.57s (cem 0.36 refine 2.15 [60 steps] finals 0.05)
  [100/800] f104_crm_eval_group_0099 B z -12.944 (pess -12.464) -> G z -13.104 (pess -13.016) gain 0.552 from B/sample step 9 | valid 17/17 | 2.55s (cem 0.34 refine 2.14 [60 steps] finals 0.05)
  [101/800] f104_crm_eval_group_0100 B z -12.660 (pess -11.790) -> G z -12.951 (pess -12.723) gain 0.932 from B/sample step 60 | valid 17/17 | 2.59s (cem 0.35 refine 2.17 [60 steps] finals 0.06)
  [102/800] f104_crm_eval_group_0101 B z -12.872 (pess -11.741) -> G z -13.009 (pess -12.222) gain 0.481 from B/sample step 44 | valid 17/17 | 2.60s (cem 0.35 refine 2.19 [60 steps] finals 0.05)
  [103/800] f104_crm_eval_group_0102 B z -12.475 (pess -10.698) -> G z -12.687 (pess -12.097) gain 1.398 from B/mean step 60 | valid 17/17 | 2.58s (cem 0.37 refine 2.15 [60 steps] finals 0.05)
  [104/800] f104_crm_eval_group_0103 B z -13.453 (pess -13.240) -> G abstain | valid 17/17 | 2.55s (cem 0.35 refine 2.14 [60 steps] finals 0.05)
  [105/800] f104_crm_eval_group_0104 B z -12.081 (pess -11.512) -> G z -12.782 (pess -12.336) gain 0.825 from round0/anchor step 53 | valid 17/17 | 2.57s (cem 0.36 refine 2.14 [60 steps] finals 0.05)
  [106/800] f104_crm_eval_group_0105 B z -13.133 (pess -12.752) -> G abstain | valid 17/17 | 2.44s (cem 0.35 refine 2.03 [60 steps] finals 0.05)
  [107/800] f104_crm_eval_group_0106 B z -13.148 (pess -12.771) -> G z -13.357 (pess -13.250) gain 0.477 from round0/sample step 55 | valid 17/17 | 2.57s (cem 0.36 refine 2.14 [60 steps] finals 0.05)
  [108/800] f104_crm_eval_group_0107 B z -13.013 (pess -12.675) -> G z -13.202 (pess -13.052) gain 0.378 from round0/sample step 60 | valid 17/17 | 2.58s (cem 0.37 refine 2.14 [60 steps] finals 0.06)
  [109/800] f104_crm_eval_group_0108 B z -13.254 (pess -12.707) -> G z -13.430 (pess -13.316) gain 0.609 from round0/sample step 59 | valid 17/17 | 2.58s (cem 0.37 refine 2.15 [60 steps] finals 0.05)
  [110/800] f104_crm_eval_group_0109 B z -11.273 (pess -10.019) -> G z -11.804 (pess -10.694) gain 0.676 from B/mean step 45 | valid 17/17 | 2.56s (cem 0.36 refine 2.14 [60 steps] finals 0.05)
  [111/800] f104_crm_eval_group_0110 B z -10.726 (pess -10.160) -> G z -12.438 (pess -12.185) gain 2.026 from round0/sample step 60 | valid 17/17 | 2.56s (cem 0.36 refine 2.14 [60 steps] finals 0.05)
  [112/800] f104_crm_eval_group_0111 B z -12.970 (pess -12.446) -> G z -13.284 (pess -12.996) gain 0.550 from B/mean step 56 | valid 17/17 | 2.58s (cem 0.37 refine 2.14 [60 steps] finals 0.05)
  [113/800] f104_crm_eval_group_0112 B z -13.328 (pess -13.239) -> G abstain | valid 17/17 | 2.56s (cem 0.35 refine 2.15 [60 steps] finals 0.05)
  [114/800] f104_crm_eval_group_0113 B z -10.105 (pess -8.400) -> G z -12.096 (pess -11.106) gain 2.700 from round0/sample step 46 | valid 17/17 | 2.58s (cem 0.35 refine 2.16 [60 steps] finals 0.05)
  [115/800] f104_crm_eval_group_0114 B z -9.680 (pess -8.209) -> G z -11.442 (pess -10.260) gain 2.053 from B/sample step 54 | valid 17/17 | 2.56s (cem 0.35 refine 2.15 [60 steps] finals 0.05)
  [116/800] f104_crm_eval_group_0115 B z -10.718 (pess -9.774) -> G z -13.119 (pess -12.850) gain 3.078 from round0/sample step 8 | valid 17/17 | 2.58s (cem 0.35 refine 2.16 [60 steps] finals 0.06)
  [117/800] f104_crm_eval_group_0116 B z -12.031 (pess -11.211) -> G z -12.532 (pess -11.672) gain 0.459 from B/sample step 43 | valid 17/17 | 2.56s (cem 0.35 refine 2.15 [60 steps] finals 0.05)
  [118/800] f104_crm_eval_group_0117 B z -12.389 (pess -11.100) -> G z -13.100 (pess -12.792) gain 1.693 from round0/sample step 49 | valid 17/17 | 2.57s (cem 0.36 refine 2.15 [60 steps] finals 0.05)
  [119/800] f104_crm_eval_group_0118 B z -12.496 (pess -10.790) -> G z -13.301 (pess -12.460) gain 1.673 from B/sample step 22 | valid 17/17 | 2.58s (cem 0.37 refine 2.14 [60 steps] finals 0.05)
  [120/800] f104_crm_eval_group_0119 B z -10.890 (pess -8.038) -> G z -12.124 (pess -11.471) gain 3.439 from B/sample step 28 | valid 17/17 | 2.56s (cem 0.35 refine 2.15 [60 steps] finals 0.05)
  [121/800] f104_crm_eval_group_0120 B z -12.854 (pess -12.155) -> G z -13.140 (pess -12.572) gain 0.416 from round0/sample step 45 | valid 17/17 | 2.58s (cem 0.37 refine 2.15 [60 steps] finals 0.05)
  [122/800] f104_crm_eval_group_0121 B z -11.976 (pess -11.218) -> G z -12.461 (pess -11.530) gain 0.312 from B/sample step 60 | valid 17/17 | 2.57s (cem 0.35 refine 2.15 [60 steps] finals 0.06)
  [123/800] f104_crm_eval_group_0122 B z -12.960 (pess -12.496) -> G z -13.160 (pess -12.797) gain 0.302 from round0/sample step 59 | valid 17/17 | 2.59s (cem 0.37 refine 2.16 [60 steps] finals 0.05)
  [124/800] f104_crm_eval_group_0123 B z -12.372 (pess -10.850) -> G z -12.326 (pess -11.417) gain 0.565 from round0/sample step 60 | valid 17/17 | 2.57s (cem 0.35 refine 2.15 [60 steps] finals 0.05)
  [125/800] f104_crm_eval_group_0124 B z -4.977 (pess -2.801) -> G z -9.893 (pess -8.692) gain 5.891 from round0/sample step 55 | valid 17/17 | 2.59s (cem 0.35 refine 2.18 [60 steps] finals 0.05)
  [126/800] f104_crm_eval_group_0125 B z -5.917 (pess -4.179) -> G z -9.285 (pess -8.231) gain 4.053 from round0/sample step 60 | valid 17/17 | 2.55s (cem 0.35 refine 2.14 [60 steps] finals 0.05)
  [127/800] f104_crm_eval_group_0126 B z -12.250 (pess -11.519) -> G z -12.987 (pess -12.772) gain 1.250 from round0/sample step 60 | valid 17/17 | 2.57s (cem 0.36 refine 2.14 [60 steps] finals 0.05)
  [128/800] f104_crm_eval_group_0127 B z -12.889 (pess -12.481) -> G abstain | valid 17/17 | 2.56s (cem 0.35 refine 2.15 [60 steps] finals 0.06)
  [129/800] f104_crm_eval_group_0128 B z -13.376 (pess -13.190) -> G abstain | valid 17/17 | 2.57s (cem 0.35 refine 2.16 [60 steps] finals 0.05)
  [130/800] f104_crm_eval_group_0129 B z -13.147 (pess -12.824) -> G z -13.341 (pess -13.189) gain 0.365 from B/sample step 43 | valid 17/17 | 2.57s (cem 0.36 refine 2.14 [60 steps] finals 0.05)
  [131/800] f104_crm_eval_group_0130 B z -12.553 (pess -10.878) -> G z -12.922 (pess -12.439) gain 1.561 from B/sample step 55 | valid 17/17 | 2.55s (cem 0.35 refine 2.14 [60 steps] finals 0.05)
  [132/800] f104_crm_eval_group_0131 B z -13.585 (pess -13.423) -> G abstain | valid 17/17 | 2.57s (cem 0.36 refine 2.14 [60 steps] finals 0.06)
  [133/800] f104_crm_eval_group_0132 B z -12.964 (pess -12.317) -> G abstain | valid 17/17 | 2.55s (cem 0.35 refine 2.14 [60 steps] finals 0.05)
  [134/800] f104_crm_eval_group_0133 B z -7.518 (pess -4.232) -> G z -8.339 (pess -7.897) gain 3.664 from round0/sample step 47 | valid 17/17 | 2.57s (cem 0.36 refine 2.14 [60 steps] finals 0.05)
  [135/800] f104_crm_eval_group_0134 B z -12.522 (pess -9.641) -> G z -13.166 (pess -12.255) gain 2.614 from B/sample step 24 | valid 17/17 | 2.57s (cem 0.36 refine 2.15 [60 steps] finals 0.05)
  [136/800] f104_crm_eval_group_0135 B z -6.387 (pess -4.719) -> G z -8.947 (pess -8.294) gain 3.569 from round0/anchor step 60 | valid 17/17 | 2.55s (cem 0.35 refine 2.14 [60 steps] finals 0.05)
  [137/800] f104_crm_eval_group_0136 B z -13.394 (pess -13.035) -> G z -13.464 (pess -13.383) gain 0.348 from round0/anchor step 51 | valid 17/17 | 2.58s (cem 0.36 refine 2.16 [60 steps] finals 0.06)
  [138/800] f104_crm_eval_group_0137 B z -1.127 (pess 0.224) -> G z -10.546 (pess -7.745) gain 7.967 from round0/sample step 60 | valid 17/17 | 2.57s (cem 0.35 refine 2.16 [60 steps] finals 0.05)
  [139/800] f104_crm_eval_group_0138 B z -12.123 (pess -11.594) -> G z -12.693 (pess -12.105) gain 0.511 from round0/sample step 60 | valid 17/17 | 2.58s (cem 0.36 refine 2.16 [60 steps] finals 0.05)
  [140/800] f104_crm_eval_group_0139 B z -13.246 (pess -12.889) -> G z -13.393 (pess -13.337) gain 0.449 from round0/sample step 33 | valid 17/17 | 2.57s (cem 0.35 refine 2.15 [60 steps] finals 0.05)
  [141/800] f104_crm_eval_group_0140 B z -12.874 (pess -12.049) -> G z -13.214 (pess -12.922) gain 0.873 from round0/sample step 44 | valid 17/17 | 2.57s (cem 0.35 refine 2.15 [60 steps] finals 0.05)
  [142/800] f104_crm_eval_group_0141 B z -11.681 (pess -10.550) -> G z -11.934 (pess -11.397) gain 0.847 from round0/sample step 59 | valid 17/17 | 2.57s (cem 0.36 refine 2.15 [60 steps] finals 0.05)
  [143/800] f104_crm_eval_group_0142 B z -13.004 (pess -11.458) -> G z -12.968 (pess -12.310) gain 0.850 from round0/sample step 60 | valid 17/17 | 2.57s (cem 0.35 refine 2.15 [60 steps] finals 0.05)
  [144/800] f104_crm_eval_group_0143 B z -11.147 (pess -9.599) -> G z -11.753 (pess -10.606) gain 1.002 from B/sample step 37 | valid 17/17 | 2.58s (cem 0.37 refine 2.14 [60 steps] finals 0.05)
  [145/800] f104_crm_eval_group_0144 B z -11.414 (pess -10.263) -> G z -11.658 (pess -10.742) gain 0.479 from B/sample step 2 | valid 17/17 | 2.56s (cem 0.35 refine 2.14 [60 steps] finals 0.06)
  [146/800] f104_crm_eval_group_0145 B z -12.484 (pess -11.978) -> G z -12.779 (pess -12.545) gain 0.565 from B/sample step 55 | valid 17/17 | 2.61s (cem 0.37 refine 2.17 [60 steps] finals 0.06)
  [147/800] f104_crm_eval_group_0146 B z -13.185 (pess -12.840) -> G abstain | valid 17/17 | 2.58s (cem 0.35 refine 2.17 [60 steps] finals 0.05)
  [148/800] f104_crm_eval_group_0147 B z -3.212 (pess 1.919) -> G z -11.085 (pess -8.878) gain 10.796 from B/sample step 54 | valid 17/17 | 2.62s (cem 0.36 refine 2.19 [60 steps] finals 0.05)
  [149/800] f104_crm_eval_group_0148 B z -9.800 (pess -8.348) -> G z -10.840 (pess -10.139) gain 1.791 from round0/sample step 43 | valid 17/17 | 2.57s (cem 0.35 refine 2.15 [60 steps] finals 0.05)
  [150/800] f104_crm_eval_group_0149 B z -12.431 (pess -11.669) -> G z -12.413 (pess -12.027) gain 0.359 from round0/sample step 60 | valid 17/17 | 2.55s (cem 0.34 refine 2.14 [60 steps] finals 0.05)
  [151/800] f104_crm_eval_group_0150 B z -13.119 (pess -12.646) -> G z -13.427 (pess -13.341) gain 0.695 from B/sample step 55 | valid 17/17 | 2.55s (cem 0.34 refine 2.15 [60 steps] finals 0.05)
  [152/800] f104_crm_eval_group_0151 B z -11.688 (pess -10.370) -> G z -12.817 (pess -12.346) gain 1.977 from B/mean step 35 | valid 17/17 | 2.57s (cem 0.35 refine 2.15 [60 steps] finals 0.05)
  [153/800] f104_crm_eval_group_0152 B z -13.000 (pess -12.442) -> G z -13.331 (pess -13.148) gain 0.705 from round0/sample step 60 | valid 17/17 | 2.57s (cem 0.36 refine 2.15 [60 steps] finals 0.05)
  [154/800] f104_crm_eval_group_0153 B z -3.421 (pess 1.856) -> G z -4.981 (pess -2.107) gain 3.962 from round0/sample step 60 | valid 17/17 | 2.56s (cem 0.35 refine 2.14 [60 steps] finals 0.05)
  [155/800] f104_crm_eval_group_0154 B z -9.289 (pess -8.446) -> G z -11.912 (pess -11.451) gain 3.006 from round0/sample step 60 | valid 17/17 | 2.57s (cem 0.36 refine 2.15 [60 steps] finals 0.05)
  [156/800] f104_crm_eval_group_0155 B z -13.261 (pess -12.810) -> G z -13.460 (pess -13.280) gain 0.468 from B/sample step 53 | valid 17/17 | 2.57s (cem 0.36 refine 2.15 [60 steps] finals 0.05)
  [157/800] f104_crm_eval_group_0156 B z -12.658 (pess -11.932) -> G z -13.154 (pess -13.054) gain 1.120 from B/sample step 37 | valid 17/17 | 2.58s (cem 0.36 refine 2.15 [60 steps] finals 0.06)
  [158/800] f104_crm_eval_group_0157 B z -12.678 (pess -12.184) -> G z -12.986 (pess -12.864) gain 0.681 from round0/sample step 34 | valid 17/17 | 2.56s (cem 0.35 refine 2.15 [60 steps] finals 0.05)
  [159/800] f104_crm_eval_group_0158 B z -13.249 (pess -13.103) -> G abstain | valid 17/17 | 2.57s (cem 0.35 refine 2.15 [60 steps] finals 0.06)
  [160/800] f104_crm_eval_group_0159 B z -12.825 (pess -12.447) -> G z -13.038 (pess -12.907) gain 0.460 from round0/sample step 60 | valid 17/17 | 2.59s (cem 0.36 refine 2.17 [60 steps] finals 0.05)
  [161/800] f104_crm_eval_group_0160 B z -12.868 (pess -12.552) -> G abstain | valid 17/17 | 2.55s (cem 0.34 refine 2.15 [60 steps] finals 0.05)
  [162/800] f104_crm_eval_group_0161 B z -13.365 (pess -13.085) -> G abstain | valid 17/17 | 2.55s (cem 0.35 refine 2.15 [60 steps] finals 0.05)
  [163/800] f104_crm_eval_group_0162 B z -7.579 (pess -4.483) -> G z -9.578 (pess -4.917) gain 0.429 from B/sample step 30 | valid 17/17 | 2.59s (cem 0.35 refine 2.18 [60 steps] finals 0.05)
  [164/800] f104_crm_eval_group_0163 B z -11.838 (pess -11.082) -> G z -12.625 (pess -11.615) gain 0.533 from B/sample step 60 | valid 17/17 | 2.56s (cem 0.35 refine 2.15 [60 steps] finals 0.05)
  [165/800] f104_crm_eval_group_0164 B z -12.305 (pess -11.179) -> G z -12.830 (pess -12.477) gain 1.298 from round0/anchor step 60 | valid 17/17 | 2.56s (cem 0.34 refine 2.15 [60 steps] finals 0.05)
  [166/800] f104_crm_eval_group_0165 B z -9.670 (pess -7.354) -> G z -11.848 (pess -11.187) gain 3.836 from B/sample step 58 | valid 17/17 | 2.57s (cem 0.34 refine 2.16 [60 steps] finals 0.05)
  [167/800] f104_crm_eval_group_0166 B z -13.286 (pess -12.983) -> G z -13.485 (pess -13.329) gain 0.346 from round0/sample step 59 | valid 17/17 | 2.58s (cem 0.35 refine 2.17 [60 steps] finals 0.06)
  [168/800] f104_crm_eval_group_0167 B z -10.467 (pess -6.636) -> G z -11.608 (pess -11.224) gain 4.586 from round0/sample step 51 | valid 17/17 | 2.58s (cem 0.35 refine 2.16 [60 steps] finals 0.05)
  [169/800] f104_crm_eval_group_0168 B z -13.075 (pess -12.727) -> G z -13.201 (pess -13.052) gain 0.326 from round0/sample step 60 | valid 17/17 | 2.58s (cem 0.35 refine 2.17 [60 steps] finals 0.05)
  [170/800] f104_crm_eval_group_0169 B z -13.310 (pess -12.878) -> G z -13.553 (pess -13.395) gain 0.518 from round0/anchor step 49 | valid 17/17 | 2.57s (cem 0.35 refine 2.15 [60 steps] finals 0.05)
  [171/800] f104_crm_eval_group_0170 B z -13.140 (pess -12.971) -> G abstain | valid 17/17 | 2.59s (cem 0.36 refine 2.17 [60 steps] finals 0.05)
  [172/800] f104_crm_eval_group_0171 B z -8.229 (pess -3.603) -> G z -8.530 (pess -6.202) gain 2.599 from round0/sample step 44 | valid 17/17 | 2.59s (cem 0.35 refine 2.18 [60 steps] finals 0.05)
  [173/800] f104_crm_eval_group_0172 B z -10.240 (pess -7.288) -> G z -11.131 (pess -9.422) gain 2.136 from B/sample step 60 | valid 17/17 | 2.58s (cem 0.36 refine 2.16 [60 steps] finals 0.05)
  [174/800] f104_crm_eval_group_0173 B z -13.094 (pess -12.411) -> G z -13.391 (pess -12.991) gain 0.580 from B/mean step 54 | valid 17/17 | 1.49s (cem 0.35 refine 1.09 [60 steps] finals 0.04)
  [175/800] f104_crm_eval_group_0174 B z -6.753 (pess -5.878) -> G z -11.090 (pess -10.636) gain 4.761 from B/sample step 56 | valid 17/17 | 2.42s (cem 0.36 refine 2.00 [60 steps] finals 0.05)
  [176/800] f104_crm_eval_group_0175 B z -12.608 (pess -10.704) -> G z -13.332 (pess -13.110) gain 2.406 from B/mean step 55 | valid 17/17 | 2.56s (cem 0.34 refine 2.15 [60 steps] finals 0.06)
  [177/800] f104_crm_eval_group_0176 B z -12.142 (pess -11.160) -> G z -12.575 (pess -12.236) gain 1.076 from round0/anchor step 50 | valid 17/17 | 2.57s (cem 0.35 refine 2.15 [60 steps] finals 0.05)
  [178/800] f104_crm_eval_group_0177 B z -11.940 (pess -10.534) -> G z -12.756 (pess -11.934) gain 1.400 from round0/sample step 60 | valid 17/17 | 2.56s (cem 0.35 refine 2.15 [60 steps] finals 0.06)
  [179/800] f104_crm_eval_group_0178 B z -13.129 (pess -12.606) -> G z -13.407 (pess -13.324) gain 0.717 from round0/sample step 60 | valid 17/17 | 2.58s (cem 0.35 refine 2.16 [60 steps] finals 0.05)
  [180/800] f104_crm_eval_group_0179 B z -13.459 (pess -13.196) -> G z -13.592 (pess -13.514) gain 0.318 from round0/sample step 53 | valid 17/17 | 2.57s (cem 0.34 refine 2.16 [60 steps] finals 0.05)
  [181/800] f104_crm_eval_group_0180 B z -13.400 (pess -13.280) -> G abstain | valid 17/17 | 2.58s (cem 0.35 refine 2.16 [60 steps] finals 0.06)
  [182/800] f104_crm_eval_group_0181 B z -13.013 (pess -12.379) -> G z -13.210 (pess -12.895) gain 0.514 from B/sample step 12 | valid 17/17 | 2.54s (cem 0.34 refine 2.14 [60 steps] finals 0.05)
  [183/800] f104_crm_eval_group_0182 B z -13.125 (pess -12.966) -> G abstain | valid 17/17 | 2.57s (cem 0.36 refine 2.14 [60 steps] finals 0.05)
  [184/800] f104_crm_eval_group_0183 B z -2.654 (pess 0.729) -> G z -7.169 (pess -5.865) gain 6.593 from round0/sample step 38 | valid 17/17 | 2.58s (cem 0.37 refine 2.15 [60 steps] finals 0.05)
  [185/800] f104_crm_eval_group_0184 B z -10.374 (pess -8.155) -> G z -11.338 (pess -10.074) gain 1.919 from round0/sample step 49 | valid 17/17 | 2.56s (cem 0.35 refine 2.15 [60 steps] finals 0.05)
  [186/800] f104_crm_eval_group_0185 B z -13.124 (pess -11.681) -> G z -13.235 (pess -12.570) gain 0.889 from round0/sample step 58 | valid 17/17 | 2.59s (cem 0.36 refine 2.17 [60 steps] finals 0.05)
  [187/800] f104_crm_eval_group_0186 B z -12.288 (pess -10.341) -> G z -12.604 (pess -12.166) gain 1.826 from round0/anchor step 27 | valid 17/17 | 2.58s (cem 0.36 refine 2.16 [60 steps] finals 0.05)
  [188/800] f104_crm_eval_group_0187 B z -12.642 (pess -12.152) -> G z -12.928 (pess -12.573) gain 0.423 from B/sample step 20 | valid 17/17 | 2.57s (cem 0.36 refine 2.15 [60 steps] finals 0.05)
  [189/800] f104_crm_eval_group_0188 B z -2.567 (pess -1.627) -> G z -4.479 (pess -3.304) gain 1.677 from round0/sample step 60 | valid 17/17 | 2.56s (cem 0.35 refine 2.15 [60 steps] finals 0.05)
  [190/800] f104_crm_eval_group_0189 B z -13.030 (pess -12.670) -> G z -13.257 (pess -13.178) gain 0.506 from B/sample step 19 | valid 17/17 | 2.57s (cem 0.35 refine 2.15 [60 steps] finals 0.05)
  [191/800] f104_crm_eval_group_0190 B z -13.377 (pess -13.099) -> G z -13.570 (pess -13.487) gain 0.388 from round0/sample step 60 | valid 17/17 | 2.57s (cem 0.35 refine 2.16 [60 steps] finals 0.05)
  [192/800] f104_crm_eval_group_0191 B z -12.644 (pess -12.174) -> G abstain | valid 17/17 | 2.57s (cem 0.35 refine 2.15 [60 steps] finals 0.05)
  [193/800] f104_crm_eval_group_0192 B z -5.451 (pess -3.594) -> G z -6.979 (pess -5.529) gain 1.935 from B/sample step 40 | valid 17/17 | 2.57s (cem 0.36 refine 2.15 [60 steps] finals 0.05)
  [194/800] f104_crm_eval_group_0193 B z -12.731 (pess -12.012) -> G z -13.087 (pess -12.678) gain 0.667 from B/mean step 17 | valid 17/17 | 2.58s (cem 0.36 refine 2.15 [60 steps] finals 0.06)
  [195/800] f104_crm_eval_group_0194 B z -7.365 (pess -2.936) -> G z -6.531 (pess -5.710) gain 2.775 from round0/sample step 52 | valid 17/17 | 2.57s (cem 0.34 refine 2.17 [60 steps] finals 0.06)
  [196/800] f104_crm_eval_group_0195 B z -10.304 (pess -7.876) -> G z -12.223 (pess -12.006) gain 4.130 from B/sample step 32 | valid 17/17 | 2.56s (cem 0.35 refine 2.15 [60 steps] finals 0.05)
  [197/800] f104_crm_eval_group_0196 B z -12.068 (pess -11.556) -> G z -12.481 (pess -12.022) gain 0.465 from B/sample step 53 | valid 17/17 | 2.55s (cem 0.34 refine 2.14 [60 steps] finals 0.05)
  [198/800] f104_crm_eval_group_0197 B z -12.887 (pess -12.343) -> G z -13.077 (pess -12.855) gain 0.512 from B/mean step 57 | valid 17/17 | 2.56s (cem 0.35 refine 2.15 [60 steps] finals 0.05)
  [199/800] f104_crm_eval_group_0198 B z -12.250 (pess -10.492) -> G z -12.431 (pess -11.400) gain 0.914 from B/sample step 9 | valid 17/17 | 2.55s (cem 0.35 refine 2.14 [60 steps] finals 0.05)
  [200/800] f104_crm_eval_group_0199 B z -10.173 (pess -7.928) -> G z -9.994 (pess -9.686) gain 1.758 from round0/sample step 60 | valid 17/17 | 2.58s (cem 0.36 refine 2.16 [60 steps] finals 0.05)
  [201/800] f104_pair_group_0000 B z -10.942 (pess -9.100) -> G z -11.420 (pess -10.936) gain 1.839 from round0/sample step 26 | valid 17/17 | 2.56s (cem 0.35 refine 2.15 [60 steps] finals 0.05)
  [202/800] f104_pair_group_0001 B z -12.820 (pess -12.327) -> G z -13.322 (pess -12.689) gain 0.362 from B/sample step 51 | valid 17/17 | 2.57s (cem 0.35 refine 2.16 [60 steps] finals 0.05)
  [203/800] f104_pair_group_0002 B z -12.815 (pess -11.993) -> G z -13.166 (pess -13.114) gain 1.124 from B/sample step 23 | valid 17/17 | 2.56s (cem 0.35 refine 2.15 [60 steps] finals 0.05)
  [204/800] f104_pair_group_0003 B z -10.779 (pess -8.403) -> G z -12.972 (pess -12.434) gain 4.030 from round0/sample step 40 | valid 17/17 | 2.60s (cem 0.38 refine 2.15 [60 steps] finals 0.05)
  [205/800] f104_pair_group_0004 B z -4.908 (pess -1.043) -> G z -7.692 (pess -6.892) gain 5.851 from B/sample step 28 | valid 17/17 | 2.54s (cem 0.36 refine 2.12 [60 steps] finals 0.05)
  [206/800] f104_pair_group_0005 B z -12.682 (pess -11.471) -> G z -12.852 (pess -12.531) gain 1.061 from round0/sample step 36 | valid 17/17 | 2.56s (cem 0.35 refine 2.15 [60 steps] finals 0.05)
  [207/800] f104_pair_group_0006 B z -11.701 (pess -10.771) -> G z -12.410 (pess -11.687) gain 0.917 from B/sample step 29 | valid 17/17 | 2.56s (cem 0.35 refine 2.16 [60 steps] finals 0.05)
  [208/800] f104_pair_group_0007 B z -12.715 (pess -12.295) -> G z -13.069 (pess -12.597) gain 0.302 from B/sample step 36 | valid 17/17 | 2.55s (cem 0.34 refine 2.15 [60 steps] finals 0.05)
  [209/800] f104_pair_group_0008 B z -9.743 (pess -5.907) -> G z -12.873 (pess -12.450) gain 6.537 from B/sample step 42 | valid 17/17 | 2.57s (cem 0.36 refine 2.14 [60 steps] finals 0.05)
  [210/800] f104_pair_group_0009 B z -13.573 (pess -13.459) -> G abstain | valid 17/17 | 2.57s (cem 0.36 refine 2.14 [60 steps] finals 0.06)
  [211/800] f104_pair_group_0010 B z -13.303 (pess -12.933) -> G abstain | valid 17/17 | 2.57s (cem 0.36 refine 2.15 [60 steps] finals 0.05)
  [212/800] f104_pair_group_0011 B z -12.757 (pess -12.338) -> G abstain | valid 17/17 | 2.57s (cem 0.35 refine 2.16 [60 steps] finals 0.05)
  [213/800] f104_pair_group_0012 B z -13.052 (pess -12.829) -> G abstain | valid 17/17 | 2.55s (cem 0.35 refine 2.13 [60 steps] finals 0.05)
  [214/800] f104_pair_group_0013 B z -13.450 (pess -13.052) -> G abstain | valid 17/17 | 2.57s (cem 0.35 refine 2.16 [60 steps] finals 0.05)
  [215/800] f104_pair_group_0014 B z -12.856 (pess -12.370) -> G z -13.329 (pess -13.200) gain 0.830 from round0/sample step 54 | valid 17/17 | 2.55s (cem 0.34 refine 2.15 [60 steps] finals 0.05)
  [216/800] f104_pair_group_0015 B z -12.824 (pess -12.371) -> G z -13.230 (pess -13.025) gain 0.654 from round0/sample step 58 | valid 17/17 | 2.59s (cem 0.37 refine 2.15 [60 steps] finals 0.05)
  [217/800] f104_pair_group_0016 B z -10.139 (pess -7.256) -> G z -10.371 (pess -9.489) gain 2.233 from round0/sample step 50 | valid 17/17 | 2.56s (cem 0.35 refine 2.15 [60 steps] finals 0.05)
  [218/800] f104_pair_group_0017 B z -11.440 (pess -10.074) -> G z -12.370 (pess -11.609) gain 1.538 from B/sample step 51 | valid 17/17 | 2.55s (cem 0.34 refine 2.14 [60 steps] finals 0.05)
  [219/800] f104_pair_group_0018 B z -13.189 (pess -12.853) -> G z -13.432 (pess -13.327) gain 0.475 from round0/sample step 55 | valid 17/17 | 2.47s (cem 0.35 refine 2.05 [60 steps] finals 0.06)
  [220/800] f104_pair_group_0019 B z -13.043 (pess -12.481) -> G z -12.972 (pess -12.837) gain 0.356 from round0/sample step 59 | valid 17/17 | 2.51s (cem 0.36 refine 2.08 [60 steps] finals 0.05)
  [221/800] f104_pair_group_0020 B z -13.457 (pess -13.290) -> G abstain | valid 17/17 | 2.57s (cem 0.36 refine 2.14 [60 steps] finals 0.06)
  [222/800] f104_pair_group_0021 B z -4.435 (pess 1.915) -> G z -7.094 (pess -2.310) gain 4.224 from B/sample step 56 | valid 17/17 | 2.52s (cem 0.36 refine 2.10 [60 steps] finals 0.05)
  [223/800] f104_pair_group_0022 B z -12.893 (pess -11.850) -> G z -12.844 (pess -12.491) gain 0.640 from round0/anchor step 59 | valid 17/17 | 2.63s (cem 0.38 refine 2.19 [60 steps] finals 0.05)
  [224/800] f104_pair_group_0023 B z -13.326 (pess -12.803) -> G z -13.532 (pess -13.419) gain 0.616 from B/sample step 57 | valid 17/17 | 2.60s (cem 0.37 refine 2.16 [60 steps] finals 0.06)
  [225/800] f104_pair_group_0024 B z -13.318 (pess -13.110) -> G abstain | valid 17/17 | 2.57s (cem 0.35 refine 2.16 [60 steps] finals 0.05)
  [226/800] f104_pair_group_0025 B z -11.904 (pess -9.327) -> G z -12.915 (pess -12.625) gain 3.301 from B/sample step 12 | valid 17/17 | 2.56s (cem 0.35 refine 2.15 [60 steps] finals 0.05)
  [227/800] f104_pair_group_0026 B z -13.155 (pess -12.713) -> G z -13.321 (pess -13.224) gain 0.512 from round0/sample step 59 | valid 17/17 | 2.55s (cem 0.35 refine 2.14 [60 steps] finals 0.05)
  [228/800] f104_pair_group_0027 B z -11.382 (pess -9.352) -> G z -12.326 (pess -11.707) gain 2.353 from round0/sample step 53 | valid 17/17 | 2.58s (cem 0.36 refine 2.15 [60 steps] finals 0.05)
  [229/800] f104_pair_group_0028 B z -1.390 (pess 0.512) -> G z -2.250 (pess -1.147) gain 1.658 from round0/sample step 40 | valid 17/17 | 2.56s (cem 0.34 refine 2.15 [60 steps] finals 0.05)
  [230/800] f104_pair_group_0029 B z -11.014 (pess -9.696) -> G z -11.217 (pess -10.744) gain 1.049 from round0/sample step 53 | valid 17/17 | 2.57s (cem 0.35 refine 2.15 [60 steps] finals 0.06)
  [231/800] f104_pair_group_0030 B z -13.141 (pess -12.911) -> G abstain | valid 17/17 | 2.58s (cem 0.36 refine 2.16 [60 steps] finals 0.05)
  [232/800] f104_pair_group_0031 B z -10.321 (pess -6.010) -> G z -11.073 (pess -9.387) gain 3.380 from round0/sample step 60 | valid 17/17 | 2.58s (cem 0.35 refine 2.16 [60 steps] finals 0.05)
  [233/800] f104_pair_group_0032 B z -8.415 (pess -2.635) -> G z -10.228 (pess -8.594) gain 5.957 from round0/sample step 60 | valid 17/17 | 2.57s (cem 0.34 refine 2.16 [60 steps] finals 0.05)
  [234/800] f104_pair_group_0033 B z -6.153 (pess 0.528) -> G z -9.081 (pess -7.260) gain 7.789 from round0/sample step 53 | valid 17/17 | 2.57s (cem 0.35 refine 2.15 [60 steps] finals 0.05)
  [235/800] f104_pair_group_0034 B z -12.845 (pess -12.192) -> G abstain | valid 17/17 | 2.63s (cem 0.39 refine 2.16 [60 steps] finals 0.06)
  [236/800] f104_pair_group_0035 B z -12.990 (pess -11.813) -> G z -13.356 (pess -13.245) gain 1.431 from B/sample step 50 | valid 17/17 | 2.61s (cem 0.37 refine 2.17 [60 steps] finals 0.06)
  [237/800] f104_pair_group_0036 B z -11.088 (pess -9.395) -> G z -12.856 (pess -12.053) gain 2.659 from B/sample step 60 | valid 17/17 | 2.56s (cem 0.34 refine 2.16 [60 steps] finals 0.05)
  [238/800] f104_pair_group_0037 B z -12.126 (pess -10.749) -> G z -13.195 (pess -12.797) gain 2.047 from B/sample step 18 | valid 17/17 | 1.49s (cem 0.34 refine 1.09 [60 steps] finals 0.04)
  [239/800] f104_pair_group_0038 B z -8.214 (pess -6.348) -> G z -9.135 (pess -8.328) gain 1.986 from round0/sample step 59 | valid 17/17 | 1.48s (cem 0.34 refine 1.09 [60 steps] finals 0.04)
  [240/800] f104_pair_group_0039 B z -11.124 (pess -10.159) -> G z -11.443 (pess -10.486) gain 0.325 from B/sample step 21 | valid 17/17 | 1.51s (cem 0.36 refine 1.10 [60 steps] finals 0.04)
  [241/800] f104_pair_group_0040 B z -7.423 (pess -5.864) -> G z -9.670 (pess -9.253) gain 3.390 from round0/sample step 52 | valid 17/17 | 1.49s (cem 0.35 refine 1.09 [60 steps] finals 0.04)
  [242/800] f104_pair_group_0041 B z -13.164 (pess -12.849) -> G z -13.382 (pess -13.173) gain 0.325 from B/sample step 59 | valid 17/17 | 1.49s (cem 0.34 refine 1.09 [60 steps] finals 0.04)
  [243/800] f104_pair_group_0042 B z -12.510 (pess -11.463) -> G z -12.951 (pess -12.712) gain 1.250 from B/sample step 16 | valid 17/17 | 1.49s (cem 0.34 refine 1.09 [60 steps] finals 0.04)
  [244/800] f104_pair_group_0043 B z -12.938 (pess -12.005) -> G z -13.088 (pess -12.357) gain 0.351 from B/sample step 37 | valid 17/17 | 1.50s (cem 0.36 refine 1.09 [60 steps] finals 0.04)
  [245/800] f104_pair_group_0044 B z -13.320 (pess -12.951) -> G z -13.447 (pess -13.273) gain 0.322 from B/mean step 34 | valid 17/17 | 1.51s (cem 0.36 refine 1.09 [60 steps] finals 0.04)
  [246/800] f104_pair_group_0045 B z -13.544 (pess -13.369) -> G abstain | valid 17/17 | 1.58s (cem 0.38 refine 1.14 [60 steps] finals 0.05)
  [247/800] f104_pair_group_0046 B z -9.758 (pess -7.622) -> G z -12.676 (pess -12.318) gain 4.702 from round0/sample step 34 | valid 17/17 | 2.60s (cem 0.38 refine 2.16 [60 steps] finals 0.06)
  [248/800] f104_pair_group_0047 B z -13.487 (pess -13.245) -> G z -13.622 (pess -13.577) gain 0.332 from round0/sample step 52 | valid 17/17 | 2.60s (cem 0.37 refine 2.16 [60 steps] finals 0.05)
  [249/800] f104_pair_group_0048 B z -13.002 (pess -12.751) -> G abstain | valid 17/17 | 2.58s (cem 0.35 refine 2.16 [60 steps] finals 0.06)
  [250/800] f104_pair_group_0049 B z -12.962 (pess -11.854) -> G z -13.380 (pess -12.963) gain 1.115 from B/sample step 47 | valid 17/17 | 2.60s (cem 0.36 refine 2.18 [60 steps] finals 0.05)
  [251/800] f104_pair_group_0050 B z -12.955 (pess -12.374) -> G z -13.320 (pess -13.250) gain 0.875 from round0/sample step 34 | valid 17/17 | 2.58s (cem 0.35 refine 2.17 [60 steps] finals 0.05)
  [252/800] f104_pair_group_0051 B z -12.847 (pess -11.473) -> G z -13.195 (pess -12.870) gain 1.398 from B/sample step 24 | valid 17/17 | 2.56s (cem 0.35 refine 2.15 [60 steps] finals 0.05)
  [253/800] f104_pair_group_0052 B z -12.719 (pess -12.246) -> G z -12.942 (pess -12.691) gain 0.445 from B/sample step 5 | valid 17/17 | 2.58s (cem 0.35 refine 2.17 [60 steps] finals 0.05)
  [254/800] f104_pair_group_0053 B z -8.245 (pess -3.476) -> G z -12.110 (pess -10.769) gain 7.296 from B/sample step 33 | valid 17/17 | 2.58s (cem 0.35 refine 2.16 [60 steps] finals 0.05)
  [255/800] f104_pair_group_0054 B z -12.492 (pess -11.428) -> G z -13.132 (pess -12.824) gain 1.396 from round0/anchor step 59 | valid 17/17 | 2.56s (cem 0.34 refine 2.15 [60 steps] finals 0.05)
  [256/800] f104_pair_group_0055 B z -11.316 (pess -10.526) -> G z -11.879 (pess -11.267) gain 0.742 from B/sample step 9 | valid 17/17 | 2.57s (cem 0.35 refine 2.16 [60 steps] finals 0.05)
  [257/800] f104_pair_group_0056 B z -13.190 (pess -12.714) -> G z -13.404 (pess -13.155) gain 0.439 from round0/sample step 47 | valid 17/17 | 2.56s (cem 0.35 refine 2.15 [60 steps] finals 0.05)
  [258/800] f104_pair_group_0057 B z -10.733 (pess -7.656) -> G z -12.840 (pess -12.359) gain 4.702 from round0/sample step 53 | valid 17/17 | 2.61s (cem 0.36 refine 2.18 [60 steps] finals 0.05)
  [259/800] f104_pair_group_0058 B z -12.581 (pess -11.441) -> G z -13.038 (pess -12.762) gain 1.320 from B/sample step 45 | valid 17/17 | 2.59s (cem 0.35 refine 2.17 [60 steps] finals 0.06)
  [260/800] f104_pair_group_0059 B z -12.007 (pess -10.476) -> G z -12.479 (pess -11.856) gain 1.380 from round0/sample step 49 | valid 17/17 | 2.62s (cem 0.38 refine 2.17 [60 steps] finals 0.06)
  [261/800] f104_pair_group_0060 B z -12.956 (pess -12.539) -> G z -13.142 (pess -12.929) gain 0.390 from B/sample step 60 | valid 17/17 | 2.66s (cem 0.43 refine 2.17 [60 steps] finals 0.05)
  [262/800] f104_pair_group_0061 B z -12.335 (pess -11.618) -> G z -13.372 (pess -13.198) gain 1.582 from round0/sample step 53 | valid 17/17 | 2.56s (cem 0.35 refine 2.15 [60 steps] finals 0.05)
  [263/800] f104_pair_group_0062 B z -6.298 (pess -1.607) -> G z -12.561 (pess -12.283) gain 10.678 from B/sample step 55 | valid 17/17 | 2.57s (cem 0.35 refine 2.16 [60 steps] finals 0.05)
  [264/800] f104_pair_group_0063 B z -11.283 (pess -9.391) -> G z -12.643 (pess -12.031) gain 2.641 from B/sample step 51 | valid 17/17 | 2.56s (cem 0.35 refine 2.14 [60 steps] finals 0.06)
  [265/800] f104_pair_group_0064 B z -7.757 (pess -5.655) -> G z -10.085 (pess -8.679) gain 3.024 from round0/sample step 60 | valid 17/17 | 2.56s (cem 0.35 refine 2.15 [60 steps] finals 0.05)
  [266/800] f104_pair_group_0065 B z -8.608 (pess -6.735) -> G z -9.945 (pess -9.536) gain 2.797 from round0/sample step 60 | valid 17/17 | 2.55s (cem 0.34 refine 2.15 [60 steps] finals 0.05)
  [267/800] f104_pair_group_0066 B z -12.650 (pess -12.141) -> G z -13.341 (pess -13.126) gain 0.985 from round0/sample step 52 | valid 17/17 | 2.55s (cem 0.34 refine 2.15 [60 steps] finals 0.05)
  [268/800] f104_pair_group_0067 B z -12.831 (pess -12.114) -> G z -12.979 (pess -12.706) gain 0.592 from round0/sample step 54 | valid 17/17 | 2.56s (cem 0.35 refine 2.15 [60 steps] finals 0.05)
  [269/800] f104_pair_group_0068 B z -12.345 (pess -11.553) -> G z -12.453 (pess -12.256) gain 0.701 from round0/sample step 18 | valid 17/17 | 2.64s (cem 0.36 refine 2.22 [60 steps] finals 0.05)
  [270/800] f104_pair_group_0069 B z -12.416 (pess -11.919) -> G z -12.984 (pess -12.855) gain 0.934 from round0/sample step 56 | valid 17/17 | 2.60s (cem 0.36 refine 2.17 [60 steps] finals 0.06)
  [271/800] f104_pair_group_0070 B z -12.995 (pess -12.628) -> G z -13.270 (pess -13.192) gain 0.564 from round0/anchor step 40 | valid 17/17 | 2.58s (cem 0.36 refine 2.15 [60 steps] finals 0.05)
  [272/800] f104_pair_group_0071 B z -12.908 (pess -12.425) -> G abstain | valid 17/17 | 2.58s (cem 0.37 refine 2.14 [60 steps] finals 0.06)
  [273/800] f104_pair_group_0072 B z -12.011 (pess -9.429) -> G z -12.424 (pess -11.630) gain 2.202 from round0/anchor step 44 | valid 17/17 | 2.56s (cem 0.35 refine 2.15 [60 steps] finals 0.05)
  [274/800] f104_pair_group_0073 B z -12.789 (pess -11.637) -> G z -13.015 (pess -12.703) gain 1.068 from B/sample step 49 | valid 17/17 | 2.55s (cem 0.34 refine 2.15 [60 steps] finals 0.05)
  [275/800] f104_pair_group_0074 B z -12.027 (pess -10.067) -> G z -12.227 (pess -11.915) gain 1.847 from round0/sample step 45 | valid 17/17 | 2.56s (cem 0.35 refine 2.15 [60 steps] finals 0.05)
  [276/800] f104_pair_group_0075 B z -2.411 (pess 0.807) -> G z -9.031 (pess -7.256) gain 8.064 from B/sample step 60 | valid 17/17 | 2.57s (cem 0.35 refine 2.15 [60 steps] finals 0.05)
  [277/800] f104_pair_group_0076 B z -9.916 (pess -8.407) -> G z -10.060 (pess -9.084) gain 0.676 from round0/sample step 38 | valid 17/17 | 2.57s (cem 0.35 refine 2.15 [60 steps] finals 0.06)
  [278/800] f104_pair_group_0077 B z -12.849 (pess -12.210) -> G z -13.233 (pess -12.776) gain 0.566 from B/sample step 60 | valid 17/17 | 2.56s (cem 0.36 refine 2.14 [60 steps] finals 0.05)
  [279/800] f104_pair_group_0078 B z -12.136 (pess -10.891) -> G z -12.311 (pess -11.622) gain 0.737 from round0/sample step 60 | valid 17/17 | 2.56s (cem 0.36 refine 2.14 [60 steps] finals 0.05)
  [280/800] f104_pair_group_0079 B z -12.207 (pess -11.226) -> G z -12.866 (pess -12.515) gain 1.293 from B/sample step 54 | valid 17/17 | 2.56s (cem 0.35 refine 2.15 [60 steps] finals 0.05)
  [281/800] f104_pair_group_0080 B z -11.460 (pess -9.497) -> G z -11.881 (pess -11.228) gain 1.731 from round0/sample step 56 | valid 17/17 | 2.56s (cem 0.35 refine 2.15 [60 steps] finals 0.05)
  [282/800] f104_pair_group_0081 B z -8.620 (pess -7.157) -> G z -9.843 (pess -9.285) gain 2.121 from round0/anchor step 47 | valid 17/17 | 2.59s (cem 0.37 refine 2.15 [60 steps] finals 0.05)
  [283/800] f104_pair_group_0082 B z -13.203 (pess -12.668) -> G z -13.398 (pess -13.093) gain 0.427 from B/sample step 16 | valid 17/17 | 2.59s (cem 0.37 refine 2.14 [60 steps] finals 0.06)
  [284/800] f104_pair_group_0083 B z -10.546 (pess -9.540) -> G z -11.859 (pess -11.088) gain 1.548 from B/sample step 26 | valid 17/17 | 2.57s (cem 0.36 refine 2.14 [60 steps] finals 0.05)
  [285/800] f104_pair_group_0084 B z -12.932 (pess -12.545) -> G z -13.350 (pess -12.944) gain 0.400 from B/sample step 60 | valid 17/17 | 2.55s (cem 0.34 refine 2.15 [60 steps] finals 0.05)
  [286/800] f104_pair_group_0085 B z -12.410 (pess -11.004) -> G z -12.771 (pess -12.245) gain 1.241 from round0/sample step 52 | valid 17/17 | 2.52s (cem 0.36 refine 2.10 [60 steps] finals 0.05)
  [287/800] f104_pair_group_0086 B z -11.065 (pess -9.598) -> G z -12.604 (pess -12.087) gain 2.485 from B/sample step 16 | valid 17/17 | 2.56s (cem 0.35 refine 2.14 [60 steps] finals 0.05)
  [288/800] f104_pair_group_0087 B z -10.004 (pess -8.129) -> G z -10.081 (pess -9.101) gain 0.972 from round0/sample step 57 | valid 17/17 | 2.59s (cem 0.37 refine 2.15 [60 steps] finals 0.06)
  [289/800] f104_pair_group_0088 B z -12.190 (pess -10.604) -> G z -12.387 (pess -11.181) gain 0.577 from B/mean step 60 | valid 17/17 | 2.56s (cem 0.35 refine 2.15 [60 steps] finals 0.05)
  [290/800] f104_pair_group_0089 B z -10.863 (pess -8.726) -> G z -13.132 (pess -12.780) gain 4.053 from round0/sample step 50 | valid 17/17 | 2.56s (cem 0.36 refine 2.14 [60 steps] finals 0.05)
  [291/800] f104_pair_group_0090 B z -11.090 (pess -9.874) -> G z -12.576 (pess -12.361) gain 2.487 from B/mean step 60 | valid 17/17 | 2.57s (cem 0.36 refine 2.15 [60 steps] finals 0.05)
  [292/800] f104_pair_group_0091 B z -12.973 (pess -12.410) -> G z -13.102 (pess -12.810) gain 0.401 from round0/sample step 60 | valid 17/17 | 2.58s (cem 0.36 refine 2.15 [60 steps] finals 0.06)
  [293/800] f104_pair_group_0092 B z -11.238 (pess -9.537) -> G z -13.049 (pess -12.588) gain 3.045 from round0/sample step 56 | valid 17/17 | 2.59s (cem 0.35 refine 2.17 [60 steps] finals 0.05)
  [294/800] f104_pair_group_0093 B z -12.911 (pess -12.368) -> G abstain | valid 17/17 | 2.55s (cem 0.34 refine 2.14 [60 steps] finals 0.05)
  [295/800] f104_pair_group_0094 B z -13.462 (pess -13.328) -> G abstain | valid 17/17 | 2.57s (cem 0.36 refine 2.15 [60 steps] finals 0.06)
  [296/800] f104_pair_group_0095 B z -13.275 (pess -13.005) -> G z -13.498 (pess -13.375) gain 0.370 from B/sample step 16 | valid 17/17 | 2.56s (cem 0.35 refine 2.14 [60 steps] finals 0.05)
  [297/800] f104_pair_group_0096 B z -13.042 (pess -12.335) -> G z -13.265 (pess -13.109) gain 0.773 from round0/anchor step 32 | valid 17/17 | 2.55s (cem 0.35 refine 2.14 [60 steps] finals 0.05)
  [298/800] f104_pair_group_0097 B z -13.096 (pess -12.709) -> G z -13.308 (pess -13.150) gain 0.441 from B/sample step 59 | valid 17/17 | 2.58s (cem 0.38 refine 2.14 [60 steps] finals 0.06)
  [299/800] f104_pair_group_0098 B z -8.464 (pess -6.597) -> G z -11.396 (pess -10.751) gain 4.152 from B/sample step 28 | valid 17/17 | 2.57s (cem 0.36 refine 2.15 [60 steps] finals 0.06)
  [300/800] f104_pair_group_0099 B z -13.553 (pess -13.509) -> G abstain | valid 17/17 | 2.56s (cem 0.35 refine 2.15 [60 steps] finals 0.05)
  [301/800] f104_pair_group_0100 B z -5.318 (pess -4.593) -> G z -7.762 (pess -7.200) gain 2.609 from round0/sample step 42 | valid 17/17 | 2.56s (cem 0.35 refine 2.15 [60 steps] finals 0.05)
  [302/800] f104_pair_group_0101 B z -10.226 (pess -7.339) -> G z -9.783 (pess -8.524) gain 1.186 from round0/sample step 42 | valid 17/17 | 2.55s (cem 0.34 refine 2.14 [60 steps] finals 0.05)
  [303/800] f104_pair_group_0102 B z -13.169 (pess -12.946) -> G z -13.509 (pess -13.394) gain 0.447 from B/sample step 23 | valid 17/17 | 2.56s (cem 0.35 refine 2.15 [60 steps] finals 0.05)
  [304/800] f104_pair_group_0103 B z -11.432 (pess -10.554) -> G z -13.119 (pess -12.418) gain 1.854 from B/sample step 60 | valid 17/17 | 2.56s (cem 0.35 refine 2.15 [60 steps] finals 0.05)
  [305/800] f104_pair_group_0104 B z -8.538 (pess -6.430) -> G z -10.753 (pess -8.668) gain 2.233 from round0/sample step 60 | valid 17/17 | 2.58s (cem 0.37 refine 2.15 [60 steps] finals 0.05)
  [306/800] f104_pair_group_0105 B z -13.347 (pess -13.039) -> G z -13.506 (pess -13.459) gain 0.420 from round0/sample step 44 | valid 17/17 | 2.59s (cem 0.36 refine 2.16 [60 steps] finals 0.05)
  [307/800] f104_pair_group_0106 B z -13.388 (pess -13.246) -> G abstain | valid 17/17 | 2.58s (cem 0.36 refine 2.15 [60 steps] finals 0.06)
  [308/800] f104_pair_group_0107 B z -11.248 (pess -8.635) -> G z -12.151 (pess -11.699) gain 3.068 from round0/sample step 10 | valid 17/17 | 2.56s (cem 0.35 refine 2.14 [60 steps] finals 0.05)
  [309/800] f104_pair_group_0108 B z -13.366 (pess -13.037) -> G z -13.472 (pess -13.371) gain 0.334 from B/sample step 9 | valid 17/17 | 2.56s (cem 0.34 refine 2.15 [60 steps] finals 0.05)
  [310/800] f104_pair_group_0109 B z -12.598 (pess -11.247) -> G z -13.253 (pess -13.030) gain 1.784 from round0/anchor step 60 | valid 17/17 | 2.56s (cem 0.35 refine 2.15 [60 steps] finals 0.05)
  [311/800] f104_pair_group_0110 B z -3.734 (pess -1.288) -> G z -11.154 (pess -9.909) gain 8.631 from B/sample step 16 | valid 17/17 | 2.56s (cem 0.35 refine 2.15 [60 steps] finals 0.05)
  [312/800] f104_pair_group_0111 B z -4.838 (pess 1.569) -> G z -8.079 (pess -7.478) gain 9.048 from round0/sample step 60 | valid 17/17 | 2.56s (cem 0.35 refine 2.14 [60 steps] finals 0.05)
  [313/800] f104_pair_group_0112 B z -12.946 (pess -11.842) -> G z -13.134 (pess -12.630) gain 0.788 from B/sample step 37 | valid 17/17 | 2.56s (cem 0.36 refine 2.14 [60 steps] finals 0.05)
  [314/800] f104_pair_group_0113 B z -13.331 (pess -12.941) -> G abstain | valid 17/17 | 2.55s (cem 0.35 refine 2.14 [60 steps] finals 0.05)
  [315/800] f104_pair_group_0114 B z -11.749 (pess -10.693) -> G z -12.432 (pess -11.980) gain 1.287 from B/sample step 30 | valid 17/17 | 2.56s (cem 0.35 refine 2.15 [60 steps] finals 0.05)
  [316/800] f104_pair_group_0115 B z -12.838 (pess -10.910) -> G z -13.272 (pess -13.061) gain 2.152 from round0/sample step 49 | valid 17/17 | 2.61s (cem 0.34 refine 2.20 [60 steps] finals 0.05)
  [317/800] f104_pair_group_0116 B z -10.894 (pess -9.676) -> G z -12.525 (pess -12.145) gain 2.470 from round0/sample step 60 | valid 17/17 | 2.57s (cem 0.36 refine 2.14 [60 steps] finals 0.05)
  [318/800] f104_pair_group_0117 B z -13.048 (pess -12.426) -> G z -13.272 (pess -13.095) gain 0.669 from B/sample step 45 | valid 17/17 | 2.60s (cem 0.37 refine 2.15 [60 steps] finals 0.06)
  [319/800] f104_pair_group_0118 B z -13.239 (pess -12.914) -> G abstain | valid 17/17 | 2.60s (cem 0.38 refine 2.15 [60 steps] finals 0.06)
  [320/800] f104_pair_group_0119 B z -13.055 (pess -12.599) -> G z -13.298 (pess -13.090) gain 0.489 from B/sample step 60 | valid 17/17 | 2.62s (cem 0.38 refine 2.17 [60 steps] finals 0.06)
  [321/800] f104_pair_group_0120 B z -12.993 (pess -12.556) -> G z -13.122 (pess -12.889) gain 0.334 from B/sample step 3 | valid 17/17 | 2.58s (cem 0.37 refine 2.15 [60 steps] finals 0.05)
  [322/800] f104_pair_group_0121 B z -13.569 (pess -13.476) -> G abstain | valid 17/17 | 2.56s (cem 0.35 refine 2.14 [60 steps] finals 0.05)
  [323/800] f104_pair_group_0122 B z -13.259 (pess -12.851) -> G z -13.275 (pess -13.180) gain 0.329 from round0/sample step 49 | valid 17/17 | 2.56s (cem 0.35 refine 2.15 [60 steps] finals 0.05)
  [324/800] f104_pair_group_0123 B z -12.746 (pess -11.559) -> G z -13.142 (pess -12.811) gain 1.252 from B/sample step 28 | valid 17/17 | 2.57s (cem 0.35 refine 2.15 [60 steps] finals 0.06)
  [325/800] f104_pair_group_0124 B z -5.300 (pess -2.427) -> G z -10.134 (pess -8.267) gain 5.843 from round0/sample step 51 | valid 17/17 | 2.57s (cem 0.35 refine 2.15 [60 steps] finals 0.05)
  [326/800] f104_pair_group_0125 B z -9.583 (pess -6.440) -> G z -11.570 (pess -11.182) gain 4.739 from round0/anchor step 22 | valid 17/17 | 2.56s (cem 0.35 refine 2.15 [60 steps] finals 0.05)
  [327/800] f104_pair_group_0126 B z -13.098 (pess -12.610) -> G z -13.296 (pess -12.973) gain 0.363 from B/sample step 56 | valid 17/17 | 2.57s (cem 0.35 refine 2.15 [60 steps] finals 0.06)
  [328/800] f104_pair_group_0127 B z -12.531 (pess -11.664) -> G z -12.990 (pess -12.911) gain 1.245 from round0/anchor step 56 | valid 17/17 | 2.58s (cem 0.35 refine 2.16 [60 steps] finals 0.05)
  [329/800] f104_pair_group_0128 B z -13.311 (pess -13.198) -> G abstain | valid 17/17 | 2.58s (cem 0.37 refine 2.14 [60 steps] finals 0.06)
  [330/800] f104_pair_group_0129 B z -12.979 (pess -12.170) -> G z -13.039 (pess -12.803) gain 0.634 from round0/sample step 10 | valid 17/17 | 2.61s (cem 0.39 refine 2.15 [60 steps] finals 0.06)
  [331/800] f104_pair_group_0130 B z -13.183 (pess -12.791) -> G z -13.314 (pess -13.152) gain 0.362 from round0/sample step 46 | valid 17/17 | 2.57s (cem 0.36 refine 2.14 [60 steps] finals 0.06)
  [332/800] f104_pair_group_0131 B z -13.073 (pess -12.062) -> G z -13.417 (pess -13.261) gain 1.198 from round0/sample step 54 | valid 17/17 | 2.61s (cem 0.39 refine 2.14 [60 steps] finals 0.06)
  [333/800] f104_pair_group_0132 B z -13.390 (pess -13.107) -> G abstain | valid 17/17 | 2.55s (cem 0.34 refine 2.14 [60 steps] finals 0.05)
  [334/800] f104_pair_group_0133 B z -12.578 (pess -11.308) -> G z -12.804 (pess -12.512) gain 1.204 from B/sample step 12 | valid 17/17 | 2.55s (cem 0.35 refine 2.14 [60 steps] finals 0.05)
  [335/800] f104_pair_group_0134 B z -9.284 (pess -5.107) -> G z -9.217 (pess -8.387) gain 3.279 from round0/anchor step 16 | valid 17/17 | 2.56s (cem 0.36 refine 2.15 [60 steps] finals 0.05)
  [336/800] f104_pair_group_0135 B z -13.628 (pess -13.544) -> G abstain | valid 17/17 | 2.55s (cem 0.34 refine 2.15 [60 steps] finals 0.05)
  [337/800] f104_pair_group_0136 B z -8.566 (pess -7.586) -> G z -10.606 (pess -8.968) gain 1.383 from round0/anchor step 60 | valid 17/17 | 2.56s (cem 0.35 refine 2.14 [60 steps] finals 0.06)
  [338/800] f104_pair_group_0137 B z -11.012 (pess -7.234) -> G z -12.358 (pess -10.779) gain 3.542 from B/sample step 60 | valid 17/17 | 2.55s (cem 0.35 refine 2.14 [60 steps] finals 0.05)
  [339/800] f104_pair_group_0138 B z -11.789 (pess -10.175) -> G z -12.591 (pess -11.801) gain 1.628 from round0/anchor step 58 | valid 17/17 | 2.60s (cem 0.35 refine 2.18 [60 steps] finals 0.06)
  [340/800] f104_pair_group_0139 B z -11.609 (pess -10.610) -> G z -13.007 (pess -12.772) gain 2.161 from round0/sample step 60 | valid 17/17 | 2.60s (cem 0.35 refine 2.20 [60 steps] finals 0.05)
  [341/800] f104_pair_group_0140 B z -12.059 (pess -10.370) -> G z -13.341 (pess -13.186) gain 2.816 from round0/anchor step 38 | valid 17/17 | 2.62s (cem 0.38 refine 2.18 [60 steps] finals 0.06)
  [342/800] f104_pair_group_0141 B z -13.170 (pess -12.880) -> G abstain | valid 17/17 | 2.61s (cem 0.39 refine 2.15 [60 steps] finals 0.06)
  [343/800] f104_pair_group_0142 B z -10.545 (pess -9.150) -> G z -12.963 (pess -12.591) gain 3.440 from round0/sample step 30 | valid 17/17 | 2.60s (cem 0.38 refine 2.15 [60 steps] finals 0.06)
  [344/800] f104_pair_group_0143 B z -7.996 (pess -3.449) -> G z -9.318 (pess -8.149) gain 4.700 from round0/sample step 43 | valid 17/17 | 2.66s (cem 0.39 refine 2.20 [60 steps] finals 0.06)
  [345/800] f104_pair_group_0144 B z -10.993 (pess -9.620) -> G z -12.593 (pess -12.049) gain 2.432 from B/sample step 50 | valid 17/17 | 2.59s (cem 0.37 refine 2.17 [60 steps] finals 0.05)
  [346/800] f104_pair_group_0145 B z -4.151 (pess 2.381) -> G z -8.670 (pess -5.203) gain 7.583 from B/sample step 60 | valid 17/17 | 2.62s (cem 0.37 refine 2.18 [60 steps] finals 0.06)
  [347/800] f104_pair_group_0146 B z -11.556 (pess -10.561) -> G z -12.432 (pess -11.921) gain 1.360 from round0/sample step 30 | valid 17/17 | 2.62s (cem 0.37 refine 2.19 [60 steps] finals 0.05)
  [348/800] f104_pair_group_0147 B z -12.424 (pess -11.597) -> G z -13.470 (pess -13.266) gain 1.668 from B/sample step 46 | valid 17/17 | 2.60s (cem 0.36 refine 2.17 [60 steps] finals 0.05)
  [349/800] f104_pair_group_0148 B z -7.371 (pess -4.758) -> G z -10.301 (pess -9.869) gain 5.116 from round0/sample step 55 | valid 17/17 | 2.58s (cem 0.36 refine 2.16 [60 steps] finals 0.05)
  [350/800] f104_pair_group_0149 B z -11.429 (pess -9.052) -> G z -12.595 (pess -11.971) gain 2.919 from B/sample step 41 | valid 17/17 | 2.59s (cem 0.35 refine 2.17 [60 steps] finals 0.05)
  [351/800] f104_pair_group_0150 B z -13.143 (pess -12.679) -> G z -13.395 (pess -13.263) gain 0.584 from round0/anchor step 60 | valid 17/17 | 2.63s (cem 0.36 refine 2.20 [60 steps] finals 0.05)
  [352/800] f104_pair_group_0151 B z -12.494 (pess -11.447) -> G z -13.107 (pess -12.308) gain 0.858 from B/sample step 44 | valid 17/17 | 2.35s (cem 0.36 refine 1.93 [60 steps] finals 0.06)
  [353/800] f104_pair_group_0152 B z -9.225 (pess -7.466) -> G z -11.086 (pess -10.150) gain 2.685 from round0/sample step 46 | valid 17/17 | 2.33s (cem 0.36 refine 1.91 [60 steps] finals 0.05)
  [354/800] f104_pair_group_0153 B z -12.865 (pess -11.876) -> G z -13.248 (pess -12.934) gain 1.061 from round0/sample step 60 | valid 17/17 | 2.63s (cem 0.40 refine 2.16 [60 steps] finals 0.06)
  [355/800] f104_pair_group_0154 B z -11.647 (pess -11.201) -> G z -13.146 (pess -12.728) gain 1.526 from B/sample step 54 | valid 17/17 | 2.47s (cem 0.35 refine 2.05 [60 steps] finals 0.06)
  [356/800] f104_pair_group_0155 B z -13.469 (pess -13.217) -> G abstain | valid 17/17 | 2.47s (cem 0.37 refine 2.03 [60 steps] finals 0.06)
  [357/800] f104_pair_group_0156 B z -12.633 (pess -12.151) -> G z -12.867 (pess -12.694) gain 0.545 from B/sample step 23 | valid 17/17 | 2.44s (cem 0.36 refine 2.01 [60 steps] finals 0.05)
  [358/800] f104_pair_group_0157 B z -11.407 (pess -11.244) -> G z -13.004 (pess -12.359) gain 1.116 from round0/sample step 44 | valid 17/17 | 2.42s (cem 0.36 refine 1.99 [60 steps] finals 0.06)
  [359/800] f104_pair_group_0158 B z -13.186 (pess -12.941) -> G abstain | valid 17/17 | 2.41s (cem 0.35 refine 1.99 [60 steps] finals 0.06)
  [360/800] f104_pair_group_0159 B z -12.246 (pess -11.479) -> G abstain | valid 17/17 | 2.42s (cem 0.35 refine 2.00 [60 steps] finals 0.06)
  [361/800] f104_pair_group_0160 B z -7.721 (pess -5.168) -> G z -10.873 (pess -10.132) gain 4.964 from round0/sample step 54 | valid 17/17 | 2.43s (cem 0.35 refine 2.00 [60 steps] finals 0.06)
  [362/800] f104_pair_group_0161 B z -11.526 (pess -9.737) -> G z -12.191 (pess -11.707) gain 1.971 from round0/anchor step 60 | valid 17/17 | 2.51s (cem 0.35 refine 2.10 [60 steps] finals 0.05)
  [363/800] f104_pair_group_0162 B z -12.107 (pess -11.051) -> G z -12.940 (pess -12.589) gain 1.536 from round0/anchor step 59 | valid 17/17 | 2.47s (cem 0.37 refine 2.03 [60 steps] finals 0.05)
  [364/800] f104_pair_group_0163 B z -4.406 (pess -0.652) -> G z -9.430 (pess -7.436) gain 6.787 from B/sample step 54 | valid 17/17 | 2.44s (cem 0.36 refine 2.02 [60 steps] finals 0.06)
  [365/800] f104_pair_group_0164 B z -12.716 (pess -11.935) -> G z -13.060 (pess -12.502) gain 0.567 from round0/sample step 60 | valid 17/17 | 2.46s (cem 0.36 refine 2.03 [60 steps] finals 0.06)
  [366/800] f104_pair_group_0165 B z -13.428 (pess -13.026) -> G abstain | valid 17/17 | 2.45s (cem 0.36 refine 2.01 [60 steps] finals 0.06)
  [367/800] f104_pair_group_0166 B z -13.478 (pess -13.316) -> G abstain | valid 17/17 | 2.46s (cem 0.36 refine 2.03 [60 steps] finals 0.06)
  [368/800] f104_pair_group_0167 B z -4.469 (pess 0.976) -> G z -11.785 (pess -10.573) gain 11.547 from round0/sample step 60 | valid 17/17 | 2.53s (cem 0.39 refine 2.06 [60 steps] finals 0.06)
  [369/800] f104_pair_group_0168 B z -12.854 (pess -12.181) -> G z -13.089 (pess -12.558) gain 0.377 from round0/sample step 31 | valid 17/17 | 2.44s (cem 0.36 refine 2.01 [60 steps] finals 0.06)
  [370/800] f104_pair_group_0169 B z -12.381 (pess -10.867) -> G z -12.506 (pess -12.372) gain 1.507 from round0/sample step 47 | valid 17/17 | 2.43s (cem 0.35 refine 2.00 [60 steps] finals 0.06)
  [371/800] f104_pair_group_0170 B z -9.932 (pess -3.921) -> G z -13.274 (pess -12.927) gain 9.015 from round0/sample step 57 | valid 17/17 | 2.31s (cem 0.35 refine 1.89 [60 steps] finals 0.06)
  [372/800] f104_pair_group_0171 B z -13.497 (pess -13.054) -> G z -13.602 (pess -13.485) gain 0.431 from B/sample step 60 | valid 17/17 | 2.43s (cem 0.35 refine 2.01 [60 steps] finals 0.06)
  [373/800] f104_pair_group_0172 B z -12.886 (pess -12.314) -> G z -12.974 (pess -12.891) gain 0.577 from B/mean step 7 | valid 17/17 | 2.45s (cem 0.35 refine 2.03 [60 steps] finals 0.06)
  [374/800] f104_pair_group_0173 B z -9.131 (pess -6.858) -> G z -10.401 (pess -9.613) gain 2.754 from B/sample step 55 | valid 17/17 | 2.50s (cem 0.36 refine 2.08 [60 steps] finals 0.06)
  [375/800] f104_pair_group_0174 B z -11.590 (pess -8.383) -> G z -12.075 (pess -11.806) gain 3.424 from round0/sample step 56 | valid 17/17 | 2.51s (cem 0.37 refine 2.08 [60 steps] finals 0.05)
  [376/800] f104_pair_group_0175 B z -12.911 (pess -12.488) -> G z -13.352 (pess -13.045) gain 0.557 from round0/sample step 60 | valid 17/17 | 2.48s (cem 0.37 refine 2.04 [60 steps] finals 0.06)
  [377/800] f104_pair_group_0176 B z -11.580 (pess -9.470) -> G z -12.405 (pess -11.739) gain 2.267 from B/sample step 27 | valid 17/17 | 2.47s (cem 0.36 refine 2.05 [60 steps] finals 0.06)
  [378/800] f104_pair_group_0177 B z -13.374 (pess -13.088) -> G z -13.489 (pess -13.436) gain 0.348 from B/sample step 38 | valid 17/17 | 2.50s (cem 0.38 refine 2.05 [60 steps] finals 0.06)
  [379/800] f104_pair_group_0178 B z -5.185 (pess -1.587) -> G z -11.920 (pess -10.651) gain 9.065 from B/sample step 28 | valid 17/17 | 2.47s (cem 0.37 refine 2.03 [60 steps] finals 0.06)
  [380/800] f104_pair_group_0179 B z -7.690 (pess -5.377) -> G z -11.791 (pess -9.557) gain 4.180 from round0/sample step 60 | valid 17/17 | 2.36s (cem 0.37 refine 1.92 [60 steps] finals 0.06)
  [381/800] f104_pair_group_0180 B z -13.460 (pess -13.175) -> G z -13.554 (pess -13.510) gain 0.335 from round0/anchor step 36 | valid 17/17 | 2.55s (cem 0.36 refine 2.12 [60 steps] finals 0.05)
  [382/800] f104_pair_group_0181 B z -12.423 (pess -11.796) -> G z -12.614 (pess -12.191) gain 0.394 from B/sample step 3 | valid 17/17 | 2.58s (cem 0.37 refine 2.15 [60 steps] finals 0.05)
  [383/800] f104_pair_group_0182 B z -11.269 (pess -10.046) -> G z -11.871 (pess -11.090) gain 1.044 from B/mean step 5 | valid 17/17 | 2.60s (cem 0.36 refine 2.17 [60 steps] finals 0.06)
  [384/800] f104_pair_group_0183 B z -3.722 (pess 0.978) -> G z -7.170 (pess -4.041) gain 5.021 from B/sample step 23 | valid 17/17 | 2.59s (cem 0.36 refine 2.17 [60 steps] finals 0.06)
  [385/800] f104_pair_group_0184 B z -9.848 (pess -8.683) -> G z -12.097 (pess -11.123) gain 2.438 from B/mean step 26 | valid 17/17 | 2.62s (cem 0.38 refine 2.18 [60 steps] finals 0.06)
  [386/800] f104_pair_group_0185 B z -12.653 (pess -12.236) -> G abstain | valid 17/17 | 2.61s (cem 0.37 refine 2.18 [60 steps] finals 0.05)
  [387/800] f104_pair_group_0186 B z -12.622 (pess -12.225) -> G z -13.401 (pess -13.124) gain 0.901 from B/sample step 60 | valid 17/17 | 2.62s (cem 0.36 refine 2.20 [60 steps] finals 0.05)
  [388/800] f104_pair_group_0187 B z -7.344 (pess -3.422) -> G z -8.938 (pess -7.323) gain 3.900 from round0/sample step 55 | valid 17/17 | 2.63s (cem 0.37 refine 2.19 [60 steps] finals 0.05)
  [389/800] f104_pair_group_0188 B z -10.284 (pess -8.998) -> G z -12.075 (pess -11.483) gain 2.483 from round0/sample step 60 | valid 17/17 | 2.52s (cem 0.36 refine 2.10 [60 steps] finals 0.04)
  [390/800] f104_pair_group_0189 B z -12.886 (pess -12.490) -> G abstain | valid 17/17 | 2.83s (cem 0.36 refine 2.41 [60 steps] finals 0.05)
  [391/800] f104_pair_group_0190 B z -12.549 (pess -12.006) -> G z -12.825 (pess -12.544) gain 0.538 from round0/sample step 27 | valid 17/17 | 2.87s (cem 0.36 refine 2.46 [60 steps] finals 0.05)
  [392/800] f104_pair_group_0191 B z -13.318 (pess -13.041) -> G abstain | valid 17/17 | 2.90s (cem 0.37 refine 2.46 [60 steps] finals 0.06)
  [393/800] f104_pair_group_0192 B z -12.902 (pess -12.406) -> G abstain | valid 17/17 | 2.77s (cem 0.36 refine 2.35 [60 steps] finals 0.05)
  [394/800] f104_pair_group_0193 B z -13.402 (pess -13.154) -> G abstain | valid 17/17 | 2.62s (cem 0.39 refine 2.16 [60 steps] finals 0.05)
  [395/800] f104_pair_group_0194 B z -11.953 (pess -9.900) -> G z -12.610 (pess -12.049) gain 2.144 from round0/sample step 59 | valid 17/17 | 2.58s (cem 0.34 refine 2.17 [60 steps] finals 0.05)
  [396/800] f104_pair_group_0195 B z -6.046 (pess -0.612) -> G z -7.644 (pess -6.852) gain 6.239 from round0/anchor step 57 | valid 17/17 | 2.57s (cem 0.35 refine 2.16 [60 steps] finals 0.06)
  [397/800] f104_pair_group_0196 B z -8.371 (pess -5.596) -> G z -12.454 (pess -12.024) gain 6.425 from B/sample step 41 | valid 17/17 | 2.55s (cem 0.35 refine 2.14 [60 steps] finals 0.05)
  [398/800] f104_pair_group_0197 B z -9.235 (pess -6.204) -> G z -11.752 (pess -10.711) gain 4.507 from B/sample step 11 | valid 17/17 | 2.54s (cem 0.35 refine 2.13 [60 steps] finals 0.05)
  [399/800] f104_pair_group_0198 B z -12.736 (pess -12.250) -> G z -13.079 (pess -12.799) gain 0.549 from B/mean step 59 | valid 17/17 | 2.56s (cem 0.34 refine 2.15 [60 steps] finals 0.05)
  [400/800] f104_pair_group_0199 B z -10.834 (pess -7.904) -> G z -12.397 (pess -12.098) gain 4.195 from round0/sample step 60 | valid 17/17 | 2.55s (cem 0.34 refine 2.15 [60 steps] finals 0.05)
  [401/800] f104_pair_group_0200 B z -12.477 (pess -9.671) -> G z -13.091 (pess -12.768) gain 3.096 from round0/sample step 60 | valid 17/17 | 2.57s (cem 0.35 refine 2.15 [60 steps] finals 0.05)
  [402/800] f104_pair_group_0201 B z -5.844 (pess -2.174) -> G z -10.347 (pess -8.765) gain 6.592 from round0/sample step 60 | valid 17/17 | 2.22s (cem 0.36 refine 1.80 [60 steps] finals 0.06)
  [403/800] f104_pair_group_0202 B z -13.449 (pess -13.241) -> G abstain | valid 17/17 | 2.28s (cem 0.35 refine 1.86 [60 steps] finals 0.05)
  [404/800] f104_pair_group_0203 B z -6.830 (pess -2.785) -> G z -8.629 (pess -6.723) gain 3.937 from round0/sample step 60 | valid 17/17 | 2.56s (cem 0.36 refine 2.13 [60 steps] finals 0.05)
  [405/800] f104_pair_group_0204 B z -13.271 (pess -13.148) -> G abstain | valid 17/17 | 2.56s (cem 0.35 refine 2.15 [60 steps] finals 0.05)
  [406/800] f104_pair_group_0205 B z -11.375 (pess -9.194) -> G z -12.442 (pess -12.048) gain 2.854 from B/sample step 47 | valid 17/17 | 2.56s (cem 0.36 refine 2.14 [60 steps] finals 0.05)
  [407/800] f104_pair_group_0206 B z -12.029 (pess -10.045) -> G z -12.574 (pess -12.147) gain 2.103 from round0/anchor step 43 | valid 17/17 | 2.55s (cem 0.35 refine 2.14 [60 steps] finals 0.05)
  [408/800] f104_pair_group_0207 B z -13.309 (pess -13.062) -> G abstain | valid 17/17 | 2.55s (cem 0.35 refine 2.14 [60 steps] finals 0.05)
  [409/800] f104_pair_group_0208 B z -5.749 (pess -1.718) -> G z -11.076 (pess -9.186) gain 7.464 from round0/sample step 60 | valid 17/17 | 2.56s (cem 0.35 refine 2.14 [60 steps] finals 0.05)
  [410/800] f104_pair_group_0209 B z -12.473 (pess -11.116) -> G z -12.973 (pess -12.686) gain 1.571 from round0/sample step 52 | valid 17/17 | 2.58s (cem 0.35 refine 2.17 [60 steps] finals 0.06)
  [411/800] f104_pair_group_0210 B z -11.777 (pess -10.431) -> G z -11.994 (pess -11.388) gain 0.959 from B/sample step 5 | valid 17/17 | 2.57s (cem 0.37 refine 2.14 [60 steps] finals 0.05)
  [412/800] f104_pair_group_0211 B z -11.324 (pess -8.191) -> G z -12.846 (pess -12.071) gain 3.878 from B/sample step 43 | valid 17/17 | 2.56s (cem 0.36 refine 2.14 [60 steps] finals 0.05)
  [413/800] f104_pair_group_0212 B z -12.048 (pess -11.008) -> G z -12.099 (pess -11.426) gain 0.416 from B/sample step 1 | valid 17/17 | 2.57s (cem 0.35 refine 2.15 [60 steps] finals 0.05)
  [414/800] f104_pair_group_0213 B z -11.173 (pess -9.570) -> G z -12.036 (pess -11.625) gain 2.051 from B/sample step 60 | valid 17/17 | 2.56s (cem 0.35 refine 2.14 [60 steps] finals 0.05)
  [415/800] f104_pair_group_0214 B z -8.976 (pess 0.243) -> G z -12.555 (pess -12.069) gain 12.314 from B/sample step 57 | valid 17/17 | 2.61s (cem 0.38 refine 2.16 [60 steps] finals 0.06)
  [416/800] f104_pair_group_0215 B z -13.267 (pess -12.851) -> G z -13.500 (pess -13.385) gain 0.533 from B/sample step 39 | valid 17/17 | 2.56s (cem 0.35 refine 2.15 [60 steps] finals 0.05)
  [417/800] f104_pair_group_0216 B z -13.331 (pess -13.059) -> G abstain | valid 17/17 | 2.55s (cem 0.34 refine 2.15 [60 steps] finals 0.05)
  [418/800] f104_pair_group_0217 B z -12.015 (pess -9.823) -> G z -12.524 (pess -11.968) gain 2.145 from round0/sample step 43 | valid 17/17 | 2.57s (cem 0.34 refine 2.16 [60 steps] finals 0.05)
  [419/800] f104_pair_group_0218 B z -13.493 (pess -13.273) -> G abstain | valid 17/17 | 2.60s (cem 0.38 refine 2.16 [60 steps] finals 0.05)
  [420/800] f104_pair_group_0219 B z -13.013 (pess -12.085) -> G z -13.158 (pess -12.737) gain 0.652 from round0/sample step 43 | valid 17/17 | 2.56s (cem 0.36 refine 2.14 [60 steps] finals 0.05)
  [421/800] f104_pair_group_0220 B z -3.892 (pess -1.149) -> G z -8.931 (pess -7.334) gain 6.186 from round0/anchor step 48 | valid 17/17 | 2.55s (cem 0.35 refine 2.14 [60 steps] finals 0.05)
  [422/800] f104_pair_group_0221 B z -12.289 (pess -11.004) -> G z -12.697 (pess -12.114) gain 1.108 from round0/sample step 41 | valid 17/17 | 2.58s (cem 0.36 refine 2.15 [60 steps] finals 0.05)
  [423/800] f104_pair_group_0222 B z -12.527 (pess -11.183) -> G z -13.041 (pess -12.788) gain 1.605 from round0/sample step 46 | valid 17/17 | 2.57s (cem 0.35 refine 2.15 [60 steps] finals 0.06)
  [424/800] f104_pair_group_0223 B z -12.605 (pess -11.867) -> G z -13.125 (pess -12.883) gain 1.016 from B/mean step 14 | valid 17/17 | 2.57s (cem 0.36 refine 2.15 [60 steps] finals 0.05)
  [425/800] f104_pair_group_0224 B z -11.000 (pess -9.227) -> G z -13.296 (pess -13.171) gain 3.946 from round0/sample step 46 | valid 17/17 | 2.57s (cem 0.36 refine 2.15 [60 steps] finals 0.05)
  [426/800] f104_pair_group_0225 B z -12.575 (pess -11.784) -> G z -13.061 (pess -12.749) gain 0.965 from round0/sample step 57 | valid 17/17 | 2.56s (cem 0.35 refine 2.14 [60 steps] finals 0.06)
  [427/800] f104_pair_group_0226 B z -12.940 (pess -12.756) -> G z -13.351 (pess -13.251) gain 0.496 from round0/sample step 60 | valid 17/17 | 2.59s (cem 0.38 refine 2.14 [60 steps] finals 0.06)
  [428/800] f104_pair_group_0227 B z -13.217 (pess -12.918) -> G z -13.349 (pess -13.333) gain 0.415 from B/sample step 24 | valid 17/17 | 2.58s (cem 0.36 refine 2.15 [60 steps] finals 0.06)
  [429/800] f104_pair_group_0228 B z -12.973 (pess -12.585) -> G abstain | valid 17/17 | 2.56s (cem 0.36 refine 2.14 [60 steps] finals 0.05)
  [430/800] f104_pair_group_0229 B z -13.258 (pess -12.934) -> G abstain | valid 17/17 | 2.56s (cem 0.35 refine 2.15 [60 steps] finals 0.05)
  [431/800] f104_pair_group_0230 B z -13.205 (pess -12.726) -> G z -13.484 (pess -13.273) gain 0.547 from B/sample step 49 | valid 17/17 | 2.56s (cem 0.35 refine 2.14 [60 steps] finals 0.05)
  [432/800] f104_pair_group_0231 B z -8.516 (pess -6.218) -> G z -10.228 (pess -6.828) gain 0.611 from B/sample step 19 | valid 17/17 | 2.55s (cem 0.35 refine 2.14 [60 steps] finals 0.05)
  [433/800] f104_pair_group_0232 B z -9.130 (pess -7.726) -> G z -9.870 (pess -9.227) gain 1.501 from B/mean step 54 | valid 17/17 | 2.55s (cem 0.35 refine 2.14 [60 steps] finals 0.05)
  [434/800] f104_pair_group_0233 B z -12.654 (pess -12.354) -> G abstain | valid 17/17 | 2.65s (cem 0.35 refine 2.24 [60 steps] finals 0.05)
  [435/800] f104_pair_group_0234 B z -12.825 (pess -11.470) -> G z -13.521 (pess -13.450) gain 1.979 from B/sample step 40 | valid 17/17 | 2.55s (cem 0.35 refine 2.15 [60 steps] finals 0.05)
  [436/800] f104_pair_group_0235 B z -11.831 (pess -10.752) -> G z -12.798 (pess -12.349) gain 1.595 from round0/anchor step 60 | valid 17/17 | 2.56s (cem 0.36 refine 2.14 [60 steps] finals 0.05)
  [437/800] f104_pair_group_0236 B z -13.406 (pess -13.275) -> G abstain | valid 17/17 | 2.58s (cem 0.36 refine 2.16 [60 steps] finals 0.05)
  [438/800] f104_pair_group_0237 B z -13.229 (pess -12.678) -> G z -13.305 (pess -13.114) gain 0.437 from B/sample step 30 | valid 17/17 | 2.59s (cem 0.35 refine 2.17 [60 steps] finals 0.05)
  [439/800] f104_pair_group_0238 B z -12.843 (pess -11.223) -> G z -12.747 (pess -12.266) gain 1.045 from round0/sample step 60 | valid 17/17 | 2.60s (cem 0.35 refine 2.18 [60 steps] finals 0.05)
  [440/800] f104_pair_group_0239 B z -13.187 (pess -11.977) -> G z -13.383 (pess -13.226) gain 1.249 from round0/anchor step 37 | valid 17/17 | 2.57s (cem 0.36 refine 2.14 [60 steps] finals 0.05)
  [441/800] f104_pair_group_0240 B z -13.430 (pess -12.774) -> G z -13.536 (pess -13.396) gain 0.622 from B/sample step 55 | valid 17/17 | 2.58s (cem 0.35 refine 2.18 [60 steps] finals 0.05)
  [442/800] f104_pair_group_0241 B z -12.671 (pess -11.506) -> G z -13.312 (pess -13.030) gain 1.523 from round0/sample step 60 | valid 17/17 | 2.56s (cem 0.35 refine 2.15 [60 steps] finals 0.05)
  [443/800] f104_pair_group_0242 B z -11.798 (pess -10.657) -> G abstain | valid 17/17 | 2.55s (cem 0.35 refine 2.15 [60 steps] finals 0.05)
  [444/800] f104_pair_group_0243 B z -11.184 (pess -7.629) -> G z -12.232 (pess -11.547) gain 3.912 from round0/sample step 29 | valid 17/17 | 2.56s (cem 0.35 refine 2.15 [60 steps] finals 0.05)
  [445/800] f104_pair_group_0244 B z -7.277 (pess -5.693) -> G z -9.989 (pess -9.442) gain 3.748 from round0/anchor step 54 | valid 17/17 | 2.42s (cem 0.35 refine 2.02 [60 steps] finals 0.04)
  [446/800] f104_pair_group_0245 B z -11.618 (pess -10.703) -> G z -12.722 (pess -12.195) gain 1.492 from round0/sample step 60 | valid 17/17 | 2.56s (cem 0.35 refine 2.14 [60 steps] finals 0.05)
  [447/800] f104_pair_group_0246 B z -11.770 (pess -10.895) -> G z -12.187 (pess -11.619) gain 0.724 from round0/anchor step 30 | valid 17/17 | 2.55s (cem 0.35 refine 2.14 [60 steps] finals 0.05)
  [448/800] f104_pair_group_0247 B z -11.969 (pess -10.636) -> G z -12.820 (pess -12.264) gain 1.631 from B/sample step 53 | valid 17/17 | 2.55s (cem 0.35 refine 2.14 [60 steps] finals 0.05)
  [449/800] f104_pair_group_0248 B z -12.971 (pess -12.376) -> G z -13.243 (pess -12.997) gain 0.620 from round0/sample step 59 | valid 17/17 | 2.57s (cem 0.35 refine 2.15 [60 steps] finals 0.05)
  [450/800] f104_pair_group_0249 B z -13.166 (pess -12.840) -> G abstain | valid 17/17 | 2.59s (cem 0.36 refine 2.15 [60 steps] finals 0.06)
  [451/800] f104_pair_group_0250 B z -13.356 (pess -13.135) -> G abstain | valid 17/17 | 2.57s (cem 0.35 refine 2.14 [60 steps] finals 0.06)
  [452/800] f104_pair_group_0251 B z -12.530 (pess -11.509) -> G z -12.905 (pess -12.280) gain 0.771 from B/sample step 50 | valid 17/17 | 2.60s (cem 0.38 refine 2.15 [60 steps] finals 0.06)
  [453/800] f104_pair_group_0252 B z -13.297 (pess -12.965) -> G abstain | valid 17/17 | 2.56s (cem 0.35 refine 2.15 [60 steps] finals 0.05)
  [454/800] f104_pair_group_0253 B z -12.818 (pess -12.249) -> G z -13.085 (pess -12.762) gain 0.512 from B/sample step 12 | valid 17/17 | 2.54s (cem 0.34 refine 2.14 [60 steps] finals 0.05)
  [455/800] f104_pair_group_0254 B z -12.922 (pess -12.074) -> G z -12.984 (pess -12.725) gain 0.651 from round0/sample step 55 | valid 17/17 | 2.55s (cem 0.35 refine 2.14 [60 steps] finals 0.05)
  [456/800] f104_pair_group_0255 B z -13.308 (pess -13.127) -> G abstain | valid 17/17 | 2.56s (cem 0.36 refine 2.14 [60 steps] finals 0.05)
  [457/800] f104_pair_group_0256 B z -12.319 (pess -11.166) -> G z -12.757 (pess -11.799) gain 0.634 from B/sample step 5 | valid 17/17 | 2.64s (cem 0.37 refine 2.21 [60 steps] finals 0.06)
  [458/800] f104_pair_group_0257 B z -13.230 (pess -12.735) -> G z -13.433 (pess -13.331) gain 0.596 from B/sample step 50 | valid 17/17 | 2.57s (cem 0.36 refine 2.15 [60 steps] finals 0.05)
  [459/800] f104_pair_group_0258 B z -12.441 (pess -10.559) -> G z -12.587 (pess -12.391) gain 1.832 from round0/sample step 52 | valid 17/17 | 2.59s (cem 0.36 refine 2.17 [60 steps] finals 0.05)
  [460/800] f104_pair_group_0259 B z -12.864 (pess -12.462) -> G abstain | valid 17/17 | 2.56s (cem 0.35 refine 2.15 [60 steps] finals 0.06)
  [461/800] f104_pair_group_0260 B z -11.836 (pess -10.818) -> G z -13.502 (pess -13.308) gain 2.489 from B/sample step 60 | valid 17/17 | 2.49s (cem 0.39 refine 2.03 [60 steps] finals 0.06)
  [462/800] f104_pair_group_0261 B z -13.199 (pess -12.967) -> G abstain | valid 17/17 | 2.57s (cem 0.35 refine 2.15 [60 steps] finals 0.05)
  [463/800] f104_pair_group_0262 B z -13.006 (pess -12.513) -> G z -13.059 (pess -12.884) gain 0.370 from round0/sample step 58 | valid 17/17 | 2.59s (cem 0.36 refine 2.16 [60 steps] finals 0.06)
  [464/800] f104_pair_group_0263 B z -12.721 (pess -12.491) -> G abstain | valid 17/17 | 2.60s (cem 0.37 refine 2.16 [60 steps] finals 0.06)
  [465/800] f104_pair_group_0264 B z -13.078 (pess -12.349) -> G z -13.321 (pess -13.005) gain 0.656 from B/sample step 14 | valid 17/17 | 2.60s (cem 0.38 refine 2.15 [60 steps] finals 0.05)
  [466/800] f104_pair_group_0265 B z -13.409 (pess -13.083) -> G abstain | valid 17/17 | 2.57s (cem 0.36 refine 2.14 [60 steps] finals 0.06)
  [467/800] f104_pair_group_0266 B z -8.099 (pess -6.183) -> G z -10.979 (pess -9.983) gain 3.797 from round0/sample step 60 | valid 17/17 | 2.56s (cem 0.36 refine 2.15 [60 steps] finals 0.05)
  [468/800] f104_pair_group_0267 B z -13.086 (pess -12.535) -> G z -13.252 (pess -13.012) gain 0.477 from round0/sample step 60 | valid 17/17 | 2.57s (cem 0.36 refine 2.16 [60 steps] finals 0.05)
  [469/800] f104_pair_group_0268 B z -12.997 (pess -12.152) -> G abstain | valid 17/17 | 2.58s (cem 0.37 refine 2.15 [60 steps] finals 0.05)
  [470/800] f104_pair_group_0269 B z -13.105 (pess -12.533) -> G z -13.356 (pess -13.133) gain 0.600 from B/sample step 40 | valid 17/17 | 2.58s (cem 0.36 refine 2.15 [60 steps] finals 0.05)
  [471/800] f104_pair_group_0270 B z -11.843 (pess -10.197) -> G z -12.592 (pess -11.817) gain 1.619 from B/sample step 24 | valid 17/17 | 2.56s (cem 0.35 refine 2.15 [60 steps] finals 0.06)
  [472/800] f104_pair_group_0271 B z -11.170 (pess -9.713) -> G z -12.094 (pess -11.800) gain 2.084 from B/sample step 46 | valid 17/17 | 2.56s (cem 0.34 refine 2.15 [60 steps] finals 0.05)
  [473/800] f104_pair_group_0272 B z -13.001 (pess -12.755) -> G z -13.461 (pess -13.321) gain 0.567 from B/sample step 36 | valid 17/17 | 2.57s (cem 0.35 refine 2.15 [60 steps] finals 0.06)
  [474/800] f104_pair_group_0273 B z -13.313 (pess -12.875) -> G z -13.266 (pess -13.176) gain 0.300 from round0/sample step 56 | valid 17/17 | 2.59s (cem 0.36 refine 2.15 [60 steps] finals 0.06)
  [475/800] f104_pair_group_0274 B z -13.045 (pess -12.531) -> G z -13.332 (pess -13.151) gain 0.620 from B/sample step 8 | valid 17/17 | 2.61s (cem 0.36 refine 2.19 [60 steps] finals 0.06)
  [476/800] f104_pair_group_0275 B z -13.122 (pess -12.334) -> G z -13.450 (pess -13.278) gain 0.943 from B/sample step 57 | valid 17/17 | 2.59s (cem 0.36 refine 2.15 [60 steps] finals 0.06)
  [477/800] f104_pair_group_0276 B z -13.390 (pess -13.046) -> G z -13.535 (pess -13.412) gain 0.366 from round0/sample step 27 | valid 17/17 | 2.58s (cem 0.35 refine 2.16 [60 steps] finals 0.05)
  [478/800] f104_pair_group_0277 B z -11.590 (pess -9.680) -> G z -12.497 (pess -11.929) gain 2.249 from B/sample step 37 | valid 17/17 | 2.58s (cem 0.36 refine 2.15 [60 steps] finals 0.05)
  [479/800] f104_pair_group_0278 B z -6.466 (pess -2.333) -> G z -8.113 (pess -6.740) gain 4.405 from round0/sample step 60 | valid 17/17 | 2.57s (cem 0.35 refine 2.15 [60 steps] finals 0.06)
  [480/800] f104_pair_group_0279 B z -8.066 (pess -4.571) -> G z -11.458 (pess -10.847) gain 6.274 from round0/sample step 58 | valid 17/17 | 2.58s (cem 0.37 refine 2.15 [60 steps] finals 0.05)
  [481/800] f104_pair_group_0280 B z -11.418 (pess -7.956) -> G z -12.343 (pess -10.487) gain 2.534 from B/sample step 40 | valid 17/17 | 2.60s (cem 0.37 refine 2.17 [60 steps] finals 0.05)
  [482/800] f104_pair_group_0281 B z -9.720 (pess -8.359) -> G z -11.166 (pess -10.450) gain 2.088 from B/sample step 59 | valid 17/17 | 2.56s (cem 0.35 refine 2.15 [60 steps] finals 0.05)
  [483/800] f104_pair_group_0282 B z -12.057 (pess -10.158) -> G z -12.904 (pess -12.600) gain 2.442 from round0/anchor step 50 | valid 17/17 | 2.58s (cem 0.36 refine 2.16 [60 steps] finals 0.05)
  [484/800] f104_pair_group_0283 B z -12.811 (pess -12.489) -> G abstain | valid 17/17 | 2.58s (cem 0.36 refine 2.16 [60 steps] finals 0.05)
  [485/800] f104_pair_group_0284 B z -8.516 (pess -4.263) -> G z -9.808 (pess -7.269) gain 3.006 from B/sample step 50 | valid 17/17 | 2.60s (cem 0.36 refine 2.18 [60 steps] finals 0.05)
  [486/800] f104_pair_group_0285 B z -12.536 (pess -11.775) -> G z -12.877 (pess -12.239) gain 0.464 from B/mean step 48 | valid 17/17 | 2.59s (cem 0.37 refine 2.15 [60 steps] finals 0.06)
  [487/800] f104_pair_group_0286 B z -13.222 (pess -12.934) -> G z -13.435 (pess -13.313) gain 0.378 from B/sample step 47 | valid 17/17 | 2.60s (cem 0.37 refine 2.16 [60 steps] finals 0.06)
  [488/800] f104_pair_group_0287 B z -12.128 (pess -10.312) -> G z -13.230 (pess -12.946) gain 2.632 from round0/sample step 60 | valid 17/17 | 2.58s (cem 0.36 refine 2.15 [60 steps] finals 0.06)
  [489/800] f104_pair_group_0288 B z -13.195 (pess -12.916) -> G abstain | valid 17/17 | 2.57s (cem 0.35 refine 2.16 [60 steps] finals 0.05)
  [490/800] f104_pair_group_0289 B z -13.086 (pess -12.659) -> G z -13.414 (pess -13.166) gain 0.508 from B/sample step 48 | valid 17/17 | 2.57s (cem 0.36 refine 2.15 [60 steps] finals 0.06)
  [491/800] f104_pair_group_0290 B z -12.705 (pess -11.944) -> G z -12.861 (pess -12.529) gain 0.587 from B/sample step 15 | valid 17/17 | 2.59s (cem 0.35 refine 2.17 [60 steps] finals 0.05)
  [492/800] f104_pair_group_0291 B z -12.782 (pess -11.898) -> G z -13.094 (pess -12.714) gain 0.816 from B/mean step 46 | valid 17/17 | 2.59s (cem 0.35 refine 2.17 [60 steps] finals 0.05)
  [493/800] f104_pair_group_0292 B z -11.935 (pess -9.818) -> G z -12.989 (pess -12.078) gain 2.263 from B/sample step 60 | valid 17/17 | 2.58s (cem 0.35 refine 2.17 [60 steps] finals 0.05)
  [494/800] f104_pair_group_0293 B z -12.117 (pess -11.275) -> G z -12.311 (pess -12.061) gain 0.786 from round0/sample step 34 | valid 17/17 | 2.56s (cem 0.34 refine 2.16 [60 steps] finals 0.05)
  [495/800] f104_pair_group_0294 B z -11.795 (pess -9.238) -> G z -12.658 (pess -12.399) gain 3.163 from round0/sample step 58 | valid 17/17 | 2.57s (cem 0.35 refine 2.15 [60 steps] finals 0.05)
  [496/800] f104_pair_group_0295 B z -13.148 (pess -12.393) -> G z -13.378 (pess -12.948) gain 0.555 from B/sample step 49 | valid 17/17 | 2.59s (cem 0.36 refine 2.16 [60 steps] finals 0.06)
  [497/800] f104_pair_group_0296 B z -0.986 (pess 0.965) -> G z -5.994 (pess -4.540) gain 5.505 from round0/sample step 53 | valid 17/17 | 2.58s (cem 0.35 refine 2.17 [60 steps] finals 0.05)
  [498/800] f104_pair_group_0297 B z -13.314 (pess -12.979) -> G abstain | valid 17/17 | 2.57s (cem 0.35 refine 2.16 [60 steps] finals 0.05)
  [499/800] f104_pair_group_0298 B z -12.940 (pess -12.492) -> G z -13.443 (pess -13.294) gain 0.802 from B/sample step 36 | valid 17/17 | 2.58s (cem 0.36 refine 2.16 [60 steps] finals 0.05)
  [500/800] f104_pair_group_0299 B z -12.655 (pess -12.230) -> G z -12.908 (pess -12.684) gain 0.449 from B/sample step 35 | valid 17/17 | 2.61s (cem 0.36 refine 2.18 [60 steps] finals 0.06)
  [501/800] f104_pair_group_0300 B z -13.171 (pess -12.477) -> G z -13.087 (pess -12.900) gain 0.424 from round0/sample step 58 | valid 17/17 | 2.56s (cem 0.34 refine 2.16 [60 steps] finals 0.05)
  [502/800] f104_pair_group_0301 B z -13.073 (pess -12.684) -> G abstain | valid 17/17 | 2.55s (cem 0.35 refine 2.14 [60 steps] finals 0.05)
  [503/800] f104_pair_group_0302 B z -13.096 (pess -12.400) -> G abstain | valid 17/17 | 2.56s (cem 0.36 refine 2.14 [60 steps] finals 0.05)
  [504/800] f104_pair_group_0303 B z -13.009 (pess -12.594) -> G abstain | valid 17/17 | 2.63s (cem 0.35 refine 2.22 [60 steps] finals 0.05)
  [505/800] f104_pair_group_0304 B z -12.005 (pess -10.927) -> G z -11.654 (pess -11.545) gain 0.621 from round0/sample step 53 | valid 17/17 | 2.58s (cem 0.35 refine 2.17 [60 steps] finals 0.05)
  [506/800] f104_pair_group_0305 B z -12.163 (pess -11.193) -> G z -12.428 (pess -12.247) gain 1.053 from B/mean step 20 | valid 17/17 | 2.57s (cem 0.35 refine 2.15 [60 steps] finals 0.05)
  [507/800] f104_pair_group_0306 B z -12.160 (pess -10.998) -> G z -12.546 (pess -12.041) gain 1.044 from B/sample step 29 | valid 17/17 | 2.58s (cem 0.36 refine 2.15 [60 steps] finals 0.06)
  [508/800] f104_pair_group_0307 B z -12.397 (pess -11.792) -> G z -12.991 (pess -12.478) gain 0.686 from round0/sample step 55 | valid 17/17 | 2.60s (cem 0.35 refine 2.18 [60 steps] finals 0.06)
  [509/800] f104_pair_group_0308 B z -12.871 (pess -11.712) -> G z -13.212 (pess -13.073) gain 1.361 from round0/sample step 42 | valid 17/17 | 2.58s (cem 0.37 refine 2.15 [60 steps] finals 0.05)
  [510/800] f104_pair_group_0309 B z -13.225 (pess -12.714) -> G z -13.404 (pess -13.279) gain 0.566 from B/mean step 13 | valid 17/17 | 2.58s (cem 0.36 refine 2.16 [60 steps] finals 0.05)
  [511/800] f104_pair_group_0310 B z -13.343 (pess -13.142) -> G abstain | valid 17/17 | 2.58s (cem 0.36 refine 2.15 [60 steps] finals 0.06)
  [512/800] f104_pair_group_0311 B z -13.185 (pess -12.807) -> G abstain | valid 17/17 | 2.58s (cem 0.36 refine 2.15 [60 steps] finals 0.06)
  [513/800] f104_pair_group_0312 B z -13.360 (pess -13.072) -> G abstain | valid 17/17 | 2.56s (cem 0.35 refine 2.15 [60 steps] finals 0.05)
  [514/800] f104_pair_group_0313 B z -12.964 (pess -12.583) -> G abstain | valid 17/17 | 2.58s (cem 0.35 refine 2.17 [60 steps] finals 0.05)
  [515/800] f104_pair_group_0314 B z -3.546 (pess -0.093) -> G z -7.637 (pess -7.108) gain 7.014 from round0/sample step 48 | valid 17/17 | 2.59s (cem 0.36 refine 2.16 [60 steps] finals 0.06)
  [516/800] f104_pair_group_0315 B z -7.898 (pess -2.938) -> G z -12.127 (pess -11.757) gain 8.827 from round0/sample step 60 | valid 17/17 | 2.58s (cem 0.36 refine 2.16 [60 steps] finals 0.05)
  [517/800] f104_pair_group_0316 B z -10.419 (pess -9.131) -> G z -11.740 (pess -10.909) gain 1.775 from round0/anchor step 60 | valid 17/17 | 2.58s (cem 0.36 refine 2.15 [60 steps] finals 0.05)
  [518/800] f104_pair_group_0317 B z -13.287 (pess -12.968) -> G abstain | valid 17/17 | 2.57s (cem 0.35 refine 2.16 [60 steps] finals 0.05)
  [519/800] f104_pair_group_0318 B z -13.089 (pess -12.747) -> G z -13.403 (pess -13.302) gain 0.555 from B/sample step 24 | valid 17/17 | 2.57s (cem 0.35 refine 2.15 [60 steps] finals 0.05)
  [520/800] f104_pair_group_0319 B z -12.794 (pess -12.051) -> G z -13.057 (pess -12.657) gain 0.606 from round0/anchor step 39 | valid 17/17 | 2.57s (cem 0.35 refine 2.15 [60 steps] finals 0.06)
  [521/800] f104_pair_group_0320 B z -10.786 (pess -8.030) -> G z -12.282 (pess -11.858) gain 3.830 from round0/sample step 60 | valid 17/17 | 2.56s (cem 0.35 refine 2.15 [60 steps] finals 0.05)
  [522/800] f104_pair_group_0321 B z -12.961 (pess -12.654) -> G abstain | valid 17/17 | 2.56s (cem 0.35 refine 2.15 [60 steps] finals 0.05)
  [523/800] f104_pair_group_0322 B z -13.122 (pess -12.817) -> G abstain | valid 17/17 | 2.61s (cem 0.38 refine 2.15 [60 steps] finals 0.06)
  [524/800] f104_pair_group_0323 B z -12.951 (pess -12.078) -> G z -13.227 (pess -13.036) gain 0.959 from B/sample step 9 | valid 17/17 | 2.59s (cem 0.38 refine 2.15 [60 steps] finals 0.05)
  [525/800] f104_pair_group_0324 B z -13.177 (pess -12.884) -> G z -13.405 (pess -13.229) gain 0.346 from B/sample step 30 | valid 17/17 | 2.57s (cem 0.35 refine 2.15 [60 steps] finals 0.05)
  [526/800] f104_pair_group_0325 B z -12.857 (pess -12.645) -> G abstain | valid 17/17 | 2.59s (cem 0.36 refine 2.16 [60 steps] finals 0.05)
  [527/800] f104_pair_group_0326 B z -12.849 (pess -12.374) -> G z -13.365 (pess -13.172) gain 0.798 from B/sample step 59 | valid 17/17 | 2.62s (cem 0.37 refine 2.19 [60 steps] finals 0.05)
  [528/800] f104_pair_group_0327 B z -12.865 (pess -10.626) -> G z -13.431 (pess -13.261) gain 2.638 from B/sample step 47 | valid 17/17 | 2.58s (cem 0.37 refine 2.14 [60 steps] finals 0.05)
  [529/800] f104_pair_group_0328 B z -12.528 (pess -12.046) -> G z -12.953 (pess -12.417) gain 0.372 from B/sample step 25 | valid 17/17 | 2.57s (cem 0.35 refine 2.15 [60 steps] finals 0.05)
  [530/800] f104_pair_group_0329 B z -12.959 (pess -12.632) -> G abstain | valid 17/17 | 2.57s (cem 0.35 refine 2.16 [60 steps] finals 0.06)
  [531/800] f104_pair_group_0330 B z -12.876 (pess -11.798) -> G z -13.018 (pess -12.660) gain 0.862 from round0/sample step 59 | valid 17/17 | 2.59s (cem 0.35 refine 2.17 [60 steps] finals 0.06)
  [532/800] f104_pair_group_0331 B z -12.552 (pess -12.195) -> G abstain | valid 17/17 | 2.56s (cem 0.35 refine 2.15 [60 steps] finals 0.05)
  [533/800] f104_pair_group_0332 B z -11.953 (pess -11.124) -> G z -12.389 (pess -11.750) gain 0.626 from B/mean step 55 | valid 17/17 | 2.58s (cem 0.36 refine 2.15 [60 steps] finals 0.06)
  [534/800] f104_pair_group_0333 B z -13.420 (pess -13.300) -> G abstain | valid 17/17 | 2.60s (cem 0.37 refine 2.16 [60 steps] finals 0.06)
  [535/800] f104_pair_group_0334 B z -12.896 (pess -12.523) -> G z -13.307 (pess -13.103) gain 0.580 from round0/anchor step 60 | valid 17/17 | 2.60s (cem 0.37 refine 2.16 [60 steps] finals 0.06)
  [536/800] f104_pair_group_0335 B z -13.307 (pess -13.061) -> G abstain | valid 17/17 | 2.57s (cem 0.36 refine 2.15 [60 steps] finals 0.05)
  [537/800] f104_pair_group_0336 B z -13.311 (pess -13.119) -> G abstain | valid 17/17 | 2.57s (cem 0.35 refine 2.16 [60 steps] finals 0.05)
  [538/800] f104_pair_group_0337 B z -10.620 (pess -9.910) -> G z -12.328 (pess -11.621) gain 1.709 from B/mean step 32 | valid 17/17 | 2.57s (cem 0.35 refine 2.15 [60 steps] finals 0.05)
  [539/800] f104_pair_group_0338 B z -13.334 (pess -13.132) -> G abstain | valid 17/17 | 2.57s (cem 0.35 refine 2.15 [60 steps] finals 0.05)
  [540/800] f104_pair_group_0339 B z -11.745 (pess -10.468) -> G z -12.630 (pess -12.098) gain 1.628 from B/mean step 7 | valid 17/17 | 2.56s (cem 0.35 refine 2.15 [60 steps] finals 0.05)
  [541/800] f104_pair_group_0340 B z -9.923 (pess -6.539) -> G z -10.531 (pess -10.075) gain 3.534 from round0/sample step 48 | valid 17/17 | 2.53s (cem 0.36 refine 2.11 [60 steps] finals 0.05)
  [542/800] f104_pair_group_0341 B z -10.456 (pess -6.510) -> G z -12.540 (pess -11.389) gain 4.879 from round0/sample step 60 | valid 17/17 | 2.56s (cem 0.35 refine 2.15 [60 steps] finals 0.05)
  [543/800] f104_pair_group_0342 B z -12.714 (pess -11.853) -> G z -13.094 (pess -12.736) gain 0.883 from B/sample step 24 | valid 17/17 | 2.57s (cem 0.36 refine 2.15 [60 steps] finals 0.05)
  [544/800] f104_pair_group_0343 B z -12.692 (pess -11.839) -> G z -13.259 (pess -12.900) gain 1.064 from B/sample step 19 | valid 17/17 | 2.57s (cem 0.35 refine 2.15 [60 steps] finals 0.06)
  [545/800] f104_pair_group_0344 B z -12.326 (pess -11.144) -> G z -12.840 (pess -12.350) gain 1.203 from round0/anchor step 51 | valid 17/17 | 2.57s (cem 0.36 refine 2.15 [60 steps] finals 0.05)
  [546/800] f104_pair_group_0345 B z -13.109 (pess -12.583) -> G z -13.025 (pess -12.893) gain 0.309 from round0/sample step 42 | valid 17/17 | 2.59s (cem 0.36 refine 2.16 [60 steps] finals 0.06)
  [547/800] f104_pair_group_0346 B z -13.425 (pess -12.972) -> G z -13.449 (pess -13.340) gain 0.368 from round0/sample step 60 | valid 17/17 | 2.58s (cem 0.35 refine 2.16 [60 steps] finals 0.06)
  [548/800] f104_pair_group_0347 B z -12.265 (pess -11.033) -> G z -12.504 (pess -11.982) gain 0.949 from round0/anchor step 52 | valid 17/17 | 2.56s (cem 0.35 refine 2.15 [60 steps] finals 0.05)
  [549/800] f104_pair_group_0348 B z -13.145 (pess -12.812) -> G z -13.404 (pess -13.232) gain 0.420 from round0/sample step 51 | valid 17/17 | 2.56s (cem 0.35 refine 2.15 [60 steps] finals 0.06)
  [550/800] f104_pair_group_0349 B z -13.007 (pess -12.357) -> G z -13.294 (pess -13.048) gain 0.689 from round0/sample step 55 | valid 17/17 | 2.59s (cem 0.35 refine 2.16 [60 steps] finals 0.06)
  [551/800] f104_pair_group_0350 B z -13.214 (pess -12.674) -> G z -13.358 (pess -13.130) gain 0.456 from B/mean step 50 | valid 17/17 | 2.58s (cem 0.35 refine 2.16 [60 steps] finals 0.06)
  [552/800] f104_pair_group_0351 B z -3.953 (pess 1.138) -> G z -6.671 (pess -4.507) gain 5.645 from B/sample step 31 | valid 17/17 | 2.56s (cem 0.35 refine 2.15 [60 steps] finals 0.05)
  [553/800] f104_pair_group_0352 B z -12.520 (pess -12.111) -> G z -12.805 (pess -12.629) gain 0.517 from round0/sample step 52 | valid 17/17 | 2.56s (cem 0.35 refine 2.15 [60 steps] finals 0.05)
  [554/800] f104_pair_group_0353 B z -9.938 (pess -8.396) -> G z -10.794 (pess -10.422) gain 2.020 from round0/sample step 52 | valid 17/17 | 2.57s (cem 0.36 refine 2.15 [60 steps] finals 0.05)
  [555/800] f104_pair_group_0354 B z -12.505 (pess -11.645) -> G z -12.615 (pess -12.553) gain 0.907 from round0/sample step 46 | valid 17/17 | 2.58s (cem 0.35 refine 2.16 [60 steps] finals 0.05)
  [556/800] f104_pair_group_0355 B z -12.282 (pess -11.304) -> G z -12.853 (pess -12.289) gain 0.989 from B/sample step 25 | valid 17/17 | 2.57s (cem 0.36 refine 2.15 [60 steps] finals 0.05)
  [557/800] f104_pair_group_0356 B z -11.847 (pess -11.015) -> G z -12.974 (pess -12.479) gain 1.464 from B/mean step 60 | valid 17/17 | 2.61s (cem 0.35 refine 2.20 [60 steps] finals 0.05)
  [558/800] f104_pair_group_0357 B z -12.312 (pess -10.953) -> G z -12.604 (pess -12.073) gain 1.120 from B/sample step 41 | valid 17/17 | 2.60s (cem 0.35 refine 2.18 [60 steps] finals 0.05)
  [559/800] f104_pair_group_0358 B z -9.650 (pess -6.370) -> G z -12.570 (pess -11.909) gain 5.542 from B/sample step 44 | valid 17/17 | 2.67s (cem 0.40 refine 2.19 [60 steps] finals 0.06)
  [560/800] f104_pair_group_0359 B z -12.788 (pess -12.328) -> G z -13.015 (pess -12.840) gain 0.511 from B/sample step 32 | valid 17/17 | 2.63s (cem 0.37 refine 2.19 [60 steps] finals 0.06)
  [561/800] f104_pair_group_0360 B z -11.826 (pess -11.248) -> G z -12.732 (pess -12.344) gain 1.097 from B/sample step 60 | valid 17/17 | 2.59s (cem 0.35 refine 2.17 [60 steps] finals 0.05)
  [562/800] f104_pair_group_0361 B z -13.506 (pess -13.329) -> G abstain | valid 17/17 | 2.57s (cem 0.36 refine 2.15 [60 steps] finals 0.05)
  [563/800] f104_pair_group_0362 B z -12.120 (pess -10.862) -> G z -12.839 (pess -12.246) gain 1.384 from round0/sample step 54 | valid 17/17 | 2.56s (cem 0.35 refine 2.15 [60 steps] finals 0.05)
  [564/800] f104_pair_group_0363 B z -9.791 (pess -7.768) -> G z -12.513 (pess -11.865) gain 4.100 from B/sample step 53 | valid 17/17 | 2.57s (cem 0.36 refine 2.15 [60 steps] finals 0.05)
  [565/800] f104_pair_group_0364 B z -12.383 (pess -11.384) -> G z -13.280 (pess -12.863) gain 1.478 from B/sample step 48 | valid 17/17 | 2.58s (cem 0.36 refine 2.16 [60 steps] finals 0.05)
  [566/800] f104_pair_group_0365 B z -10.411 (pess -8.220) -> G z -12.109 (pess -11.763) gain 3.543 from round0/anchor step 50 | valid 17/17 | 2.58s (cem 0.36 refine 2.16 [60 steps] finals 0.05)
  [567/800] f104_pair_group_0366 B z -12.400 (pess -11.577) -> G z -12.926 (pess -12.386) gain 0.810 from round0/sample step 53 | valid 17/17 | 2.56s (cem 0.34 refine 2.15 [60 steps] finals 0.05)
  [568/800] f104_pair_group_0367 B z -12.542 (pess -11.418) -> G z -13.186 (pess -12.631) gain 1.213 from B/sample step 60 | valid 17/17 | 2.56s (cem 0.35 refine 2.15 [60 steps] finals 0.05)
  [569/800] f104_pair_group_0368 B z -12.585 (pess -11.244) -> G z -13.129 (pess -12.199) gain 0.955 from B/mean step 60 | valid 17/17 | 2.58s (cem 0.36 refine 2.15 [60 steps] finals 0.05)
  [570/800] f104_pair_group_0369 B z -12.164 (pess -10.525) -> G z -11.982 (pess -11.110) gain 0.586 from round0/sample step 52 | valid 17/17 | 2.60s (cem 0.36 refine 2.17 [60 steps] finals 0.05)
  [571/800] f104_pair_group_0370 B z -13.541 (pess -13.303) -> G abstain | valid 17/17 | 2.57s (cem 0.36 refine 2.15 [60 steps] finals 0.05)
  [572/800] f104_pair_group_0371 B z -13.170 (pess -12.454) -> G z -13.223 (pess -13.007) gain 0.554 from round0/anchor step 53 | valid 17/17 | 2.60s (cem 0.38 refine 2.15 [60 steps] finals 0.06)
  [573/800] f104_pair_group_0372 B z -12.539 (pess -11.370) -> G z -12.743 (pess -11.853) gain 0.483 from B/sample step 17 | valid 17/17 | 2.56s (cem 0.35 refine 2.15 [60 steps] finals 0.05)
  [574/800] f104_pair_group_0373 B z -11.065 (pess -9.840) -> G z -12.068 (pess -11.231) gain 1.394 from B/sample step 57 | valid 17/17 | 2.60s (cem 0.35 refine 2.19 [60 steps] finals 0.05)
  [575/800] f104_pair_group_0374 B z -13.342 (pess -13.074) -> G abstain | valid 17/17 | 2.57s (cem 0.36 refine 2.15 [60 steps] finals 0.05)
  [576/800] f104_pair_group_0375 B z -11.333 (pess -7.511) -> G z -12.570 (pess -12.104) gain 4.596 from B/sample step 60 | valid 17/17 | 2.57s (cem 0.35 refine 2.16 [60 steps] finals 0.05)
  [577/800] f104_pair_group_0376 B z -7.919 (pess -6.225) -> G z -9.849 (pess -9.178) gain 2.954 from B/sample step 28 | valid 17/17 | 2.58s (cem 0.36 refine 2.16 [60 steps] finals 0.05)
  [578/800] f104_pair_group_0377 B z -9.681 (pess -6.378) -> G z -10.457 (pess -9.927) gain 3.546 from round0/sample step 60 | valid 17/17 | 2.60s (cem 0.35 refine 2.19 [60 steps] finals 0.05)
  [579/800] f104_pair_group_0378 B z -11.525 (pess -10.714) -> G z -12.757 (pess -12.278) gain 1.565 from round0/anchor step 56 | valid 17/17 | 2.57s (cem 0.35 refine 2.15 [60 steps] finals 0.05)
  [580/800] f104_pair_group_0379 B z -12.760 (pess -12.318) -> G abstain | valid 17/17 | 2.58s (cem 0.36 refine 2.16 [60 steps] finals 0.05)
  [581/800] f104_pair_group_0380 B z -13.413 (pess -12.919) -> G z -13.548 (pess -13.417) gain 0.498 from round0/sample step 52 | valid 17/17 | 2.60s (cem 0.37 refine 2.17 [60 steps] finals 0.05)
  [582/800] f104_pair_group_0381 B z -11.540 (pess -10.107) -> G z -11.949 (pess -11.327) gain 1.224 from B/sample step 17 | valid 17/17 | 2.59s (cem 0.36 refine 2.16 [60 steps] finals 0.06)
  [583/800] f104_pair_group_0382 B z -13.262 (pess -12.657) -> G z -13.258 (pess -13.037) gain 0.381 from round0/anchor step 59 | valid 17/17 | 2.57s (cem 0.36 refine 2.15 [60 steps] finals 0.05)
  [584/800] f104_pair_group_0383 B z -13.329 (pess -13.167) -> G abstain | valid 17/17 | 2.62s (cem 0.39 refine 2.16 [60 steps] finals 0.06)
  [585/800] f104_pair_group_0384 B z -13.305 (pess -12.985) -> G abstain | valid 17/17 | 2.61s (cem 0.36 refine 2.19 [60 steps] finals 0.06)
  [586/800] f104_pair_group_0385 B z -10.839 (pess -8.030) -> G z -12.553 (pess -12.058) gain 4.034 from round0/sample step 36 | valid 17/17 | 2.57s (cem 0.36 refine 2.15 [60 steps] finals 0.05)
  [587/800] f104_pair_group_0386 B z -12.849 (pess -12.110) -> G z -13.145 (pess -13.083) gain 0.973 from B/sample step 46 | valid 17/17 | 2.57s (cem 0.35 refine 2.15 [60 steps] finals 0.05)
  [588/800] f104_pair_group_0387 B z -13.117 (pess -12.487) -> G z -13.228 (pess -12.928) gain 0.442 from B/sample step 29 | valid 17/17 | 2.57s (cem 0.35 refine 2.16 [60 steps] finals 0.05)
  [589/800] f104_pair_group_0388 B z -13.305 (pess -13.020) -> G abstain | valid 17/17 | 2.56s (cem 0.34 refine 2.15 [60 steps] finals 0.06)
  [590/800] f104_pair_group_0389 B z -12.388 (pess -11.797) -> G z -12.654 (pess -12.414) gain 0.617 from round0/sample step 30 | valid 17/17 | 2.55s (cem 0.35 refine 2.14 [60 steps] finals 0.05)
  [591/800] f104_pair_group_0390 B z -12.365 (pess -11.309) -> G z -13.032 (pess -12.842) gain 1.531 from round0/sample step 27 | valid 17/17 | 2.56s (cem 0.35 refine 2.15 [60 steps] finals 0.05)
  [592/800] f104_pair_group_0391 B z -12.172 (pess -11.615) -> G z -12.581 (pess -12.320) gain 0.706 from round0/anchor step 56 | valid 17/17 | 2.57s (cem 0.36 refine 2.15 [60 steps] finals 0.05)
  [593/800] f104_pair_group_0392 B z -13.467 (pess -13.392) -> G abstain | valid 17/17 | 2.56s (cem 0.35 refine 2.15 [60 steps] finals 0.05)
  [594/800] f104_pair_group_0393 B z -12.921 (pess -12.278) -> G z -12.844 (pess -12.646) gain 0.368 from round0/sample step 37 | valid 17/17 | 2.57s (cem 0.35 refine 2.16 [60 steps] finals 0.05)
  [595/800] f104_pair_group_0394 B z -13.176 (pess -12.665) -> G z -13.172 (pess -13.095) gain 0.430 from round0/sample step 8 | valid 17/17 | 2.59s (cem 0.36 refine 2.16 [60 steps] finals 0.05)
  [596/800] f104_pair_group_0395 B z -13.202 (pess -12.643) -> G z -13.374 (pess -13.166) gain 0.524 from B/sample step 34 | valid 17/17 | 2.59s (cem 0.37 refine 2.15 [60 steps] finals 0.06)
  [597/800] f104_pair_group_0396 B z -12.464 (pess -11.733) -> G z -13.138 (pess -12.549) gain 0.818 from round0/sample step 54 | valid 17/17 | 2.64s (cem 0.35 refine 2.22 [60 steps] finals 0.05)
  [598/800] f104_pair_group_0397 B z -13.224 (pess -12.404) -> G z -13.294 (pess -13.132) gain 0.727 from round0/sample step 51 | valid 17/17 | 2.56s (cem 0.34 refine 2.15 [60 steps] finals 0.05)
  [599/800] f104_pair_group_0398 B z -13.250 (pess -12.147) -> G z -13.469 (pess -13.418) gain 1.271 from round0/sample step 59 | valid 17/17 | 2.58s (cem 0.37 refine 2.15 [60 steps] finals 0.05)
  [600/800] f104_pair_group_0399 B z -13.182 (pess -12.902) -> G z -13.519 (pess -13.336) gain 0.434 from B/sample step 60 | valid 17/17 | 2.56s (cem 0.35 refine 2.15 [60 steps] finals 0.05)
  [601/800] f104_pair_group_0400 B z -8.267 (pess -5.786) -> G z -11.419 (pess -10.596) gain 4.815 from round0/sample step 60 | valid 17/17 | 2.62s (cem 0.37 refine 2.19 [60 steps] finals 0.05)
  [602/800] f104_pair_group_0401 B z -13.535 (pess -13.438) -> G abstain | valid 17/17 | 2.63s (cem 0.36 refine 2.20 [60 steps] finals 0.05)
  [603/800] f104_pair_group_0402 B z -11.751 (pess -10.728) -> G z -12.888 (pess -12.746) gain 2.020 from B/sample step 36 | valid 17/17 | 2.56s (cem 0.35 refine 2.15 [60 steps] finals 0.05)
  [604/800] f104_pair_group_0403 B z -12.921 (pess -11.833) -> G z -12.620 (pess -12.228) gain 0.395 from round0/sample step 55 | valid 17/17 | 2.57s (cem 0.35 refine 2.15 [60 steps] finals 0.05)
  [605/800] f104_pair_group_0404 B z -10.107 (pess -7.399) -> G z -12.355 (pess -11.064) gain 3.665 from round0/sample step 60 | valid 17/17 | 2.56s (cem 0.34 refine 2.16 [60 steps] finals 0.05)
  [606/800] f104_pair_group_0405 B z -13.223 (pess -13.059) -> G abstain | valid 17/17 | 2.56s (cem 0.35 refine 2.15 [60 steps] finals 0.06)
  [607/800] f104_pair_group_0406 B z -13.446 (pess -13.221) -> G abstain | valid 17/17 | 2.61s (cem 0.38 refine 2.16 [60 steps] finals 0.06)
  [608/800] f104_pair_group_0407 B z -13.379 (pess -13.171) -> G abstain | valid 17/17 | 2.61s (cem 0.38 refine 2.16 [60 steps] finals 0.06)
  [609/800] f104_pair_group_0408 B z -13.355 (pess -13.136) -> G abstain | valid 17/17 | 2.57s (cem 0.35 refine 2.15 [60 steps] finals 0.05)
  [610/800] f104_pair_group_0409 B z -13.467 (pess -13.276) -> G abstain | valid 17/17 | 2.56s (cem 0.35 refine 2.15 [60 steps] finals 0.06)
  [611/800] f104_pair_group_0410 B z -13.423 (pess -13.221) -> G abstain | valid 17/17 | 2.57s (cem 0.35 refine 2.15 [60 steps] finals 0.05)
  [612/800] f104_pair_group_0411 B z -11.974 (pess -9.260) -> G z -11.069 (pess -10.599) gain 1.332 from round0/sample step 60 | valid 17/17 | 2.56s (cem 0.35 refine 2.15 [60 steps] finals 0.05)
  [613/800] f104_pair_group_0412 B z -13.087 (pess -12.648) -> G abstain | valid 17/17 | 2.56s (cem 0.35 refine 2.15 [60 steps] finals 0.06)
  [614/800] f104_pair_group_0413 B z -13.196 (pess -12.345) -> G z -13.175 (pess -13.024) gain 0.681 from round0/sample step 57 | valid 17/17 | 2.57s (cem 0.36 refine 2.15 [60 steps] finals 0.05)
  [615/800] f104_pair_group_0414 B z -12.849 (pess -12.562) -> G z -13.170 (pess -13.023) gain 0.459 from round0/sample step 47 | valid 17/17 | 2.57s (cem 0.35 refine 2.15 [60 steps] finals 0.06)
  [616/800] f104_pair_group_0415 B z -12.773 (pess -12.147) -> G z -12.712 (pess -12.595) gain 0.448 from round0/sample step 47 | valid 17/17 | 2.57s (cem 0.35 refine 2.15 [60 steps] finals 0.06)
  [617/800] f104_pair_group_0416 B z -13.079 (pess -11.973) -> G z -13.041 (pess -12.728) gain 0.755 from round0/anchor step 52 | valid 17/17 | 2.58s (cem 0.35 refine 2.16 [60 steps] finals 0.05)
  [618/800] f104_pair_group_0417 B z -11.991 (pess -10.111) -> G z -13.299 (pess -13.041) gain 2.930 from round0/sample step 59 | valid 17/17 | 2.58s (cem 0.36 refine 2.15 [60 steps] finals 0.05)
  [619/800] f104_pair_group_0418 B z -13.293 (pess -13.133) -> G abstain | valid 17/17 | 2.58s (cem 0.36 refine 2.15 [60 steps] finals 0.06)
  [620/800] f104_pair_group_0419 B z -13.311 (pess -13.092) -> G abstain | valid 17/17 | 2.61s (cem 0.34 refine 2.20 [60 steps] finals 0.05)
  [621/800] f104_pair_group_0420 B z -13.343 (pess -13.106) -> G abstain | valid 17/17 | 2.56s (cem 0.35 refine 2.15 [60 steps] finals 0.05)
  [622/800] f104_pair_group_0421 B z -13.082 (pess -12.164) -> G z -13.384 (pess -13.088) gain 0.924 from B/mean step 40 | valid 17/17 | 2.56s (cem 0.35 refine 2.15 [60 steps] finals 0.05)
  [623/800] f104_pair_group_0422 B z -8.790 (pess -7.501) -> G z -12.680 (pess -12.306) gain 4.809 from round0/sample step 60 | valid 17/17 | 2.58s (cem 0.35 refine 2.17 [60 steps] finals 0.05)
  [624/800] f104_pair_group_0423 B z -12.517 (pess -11.299) -> G z -12.971 (pess -12.606) gain 1.306 from B/sample step 25 | valid 17/17 | 2.58s (cem 0.35 refine 2.16 [60 steps] finals 0.06)
  [625/800] f104_pair_group_0424 B z -13.169 (pess -12.670) -> G abstain | valid 17/17 | 2.57s (cem 0.35 refine 2.16 [60 steps] finals 0.05)
  [626/800] f104_pair_group_0425 B z -11.787 (pess -10.232) -> G z -12.522 (pess -12.096) gain 1.864 from round0/sample step 33 | valid 17/17 | 2.59s (cem 0.36 refine 2.18 [60 steps] finals 0.05)
  [627/800] f104_pair_group_0426 B z -12.611 (pess -11.722) -> G z -12.842 (pess -12.588) gain 0.865 from round0/sample step 56 | valid 17/17 | 2.58s (cem 0.34 refine 2.17 [60 steps] finals 0.05)
  [628/800] f104_pair_group_0427 B z -12.956 (pess -11.985) -> G z -13.206 (pess -12.724) gain 0.739 from B/sample step 21 | valid 17/17 | 2.56s (cem 0.35 refine 2.15 [60 steps] finals 0.05)
  [629/800] f104_pair_group_0428 B z -12.930 (pess -12.691) -> G abstain | valid 17/17 | 2.58s (cem 0.36 refine 2.15 [60 steps] finals 0.06)
  [630/800] f104_pair_group_0429 B z -12.905 (pess -12.618) -> G z -13.164 (pess -13.061) gain 0.442 from round0/sample step 34 | valid 17/17 | 2.63s (cem 0.39 refine 2.17 [60 steps] finals 0.06)
  [631/800] f104_pair_group_0430 B z -12.088 (pess -11.650) -> G z -12.895 (pess -12.305) gain 0.658 from round0/sample step 54 | valid 17/17 | 2.59s (cem 0.36 refine 2.17 [60 steps] finals 0.05)
  [632/800] f104_pair_group_0431 B z -13.169 (pess -12.211) -> G z -13.150 (pess -13.091) gain 0.879 from round0/sample step 21 | valid 17/17 | 2.59s (cem 0.36 refine 2.16 [60 steps] finals 0.06)
  [633/800] f104_pair_group_0432 B z -13.031 (pess -12.843) -> G z -13.241 (pess -13.177) gain 0.334 from round0/sample step 56 | valid 17/17 | 2.58s (cem 0.35 refine 2.16 [60 steps] finals 0.05)
  [634/800] f104_pair_group_0433 B z -12.538 (pess -11.876) -> G z -12.955 (pess -12.647) gain 0.770 from B/sample step 32 | valid 17/17 | 2.60s (cem 0.35 refine 2.19 [60 steps] finals 0.06)
  [635/800] f104_pair_group_0434 B z -11.984 (pess -11.364) -> G z -12.483 (pess -12.395) gain 1.033 from round0/sample step 55 | valid 17/17 | 2.61s (cem 0.37 refine 2.17 [60 steps] finals 0.06)
  [636/800] f104_pair_group_0435 B z -10.759 (pess -10.220) -> G z -11.565 (pess -10.829) gain 0.610 from round0/sample step 60 | valid 17/17 | 2.58s (cem 0.36 refine 2.16 [60 steps] finals 0.05)
  [637/800] f104_pair_group_0436 B z -2.856 (pess 0.221) -> G z -3.869 (pess -3.185) gain 3.406 from round0/anchor step 43 | valid 17/17 | 2.57s (cem 0.36 refine 2.15 [60 steps] finals 0.05)
  [638/800] f104_pair_group_0437 B z -11.642 (pess -10.060) -> G z -13.080 (pess -12.441) gain 2.378 from B/sample step 48 | valid 17/17 | 2.57s (cem 0.36 refine 2.15 [60 steps] finals 0.05)
  [639/800] f104_pair_group_0438 B z -13.098 (pess -12.584) -> G z -13.411 (pess -13.262) gain 0.678 from B/sample step 23 | valid 17/17 | 2.56s (cem 0.35 refine 2.15 [60 steps] finals 0.05)
  [640/800] f104_pair_group_0439 B z -10.690 (pess -8.989) -> G z -11.507 (pess -11.366) gain 2.375 from B/sample step 15 | valid 17/17 | 2.56s (cem 0.35 refine 2.15 [60 steps] finals 0.05)
  [641/800] f104_pair_group_0440 B z -8.895 (pess -6.470) -> G z -10.310 (pess -8.873) gain 2.402 from B/sample step 51 | valid 17/17 | 2.56s (cem 0.35 refine 2.15 [60 steps] finals 0.05)
  [642/800] f104_pair_group_0441 B z -12.792 (pess -12.062) -> G z -12.978 (pess -12.616) gain 0.553 from round0/sample step 59 | valid 17/17 | 2.56s (cem 0.35 refine 2.15 [60 steps] finals 0.06)
  [643/800] f104_pair_group_0442 B z -13.371 (pess -12.838) -> G z -13.356 (pess -13.152) gain 0.315 from round0/sample step 60 | valid 17/17 | 2.57s (cem 0.35 refine 2.15 [60 steps] finals 0.05)
  [644/800] f104_pair_group_0443 B z -13.594 (pess -13.393) -> G abstain | valid 17/17 | 2.60s (cem 0.36 refine 2.16 [60 steps] finals 0.06)
  [645/800] f104_pair_group_0444 B z -12.145 (pess -10.980) -> G z -12.738 (pess -12.221) gain 1.241 from round0/sample step 50 | valid 17/17 | 2.57s (cem 0.35 refine 2.16 [60 steps] finals 0.05)
  [646/800] f104_pair_group_0445 B z -11.065 (pess -9.666) -> G z -13.256 (pess -12.890) gain 3.223 from round0/sample step 42 | valid 17/17 | 2.58s (cem 0.36 refine 2.16 [60 steps] finals 0.06)
  [647/800] f104_pair_group_0446 B z -5.823 (pess -2.938) -> G z -8.416 (pess -6.772) gain 3.835 from round0/sample step 58 | valid 17/17 | 2.57s (cem 0.35 refine 2.16 [60 steps] finals 0.05)
  [648/800] f104_pair_group_0447 B z -9.959 (pess -6.418) -> G z -12.369 (pess -11.839) gain 5.425 from round0/sample step 37 | valid 17/17 | 2.57s (cem 0.36 refine 2.15 [60 steps] finals 0.05)
  [649/800] f104_pair_group_0448 B z -4.029 (pess 1.754) -> G z -9.193 (pess -7.180) gain 8.933 from round0/anchor step 60 | valid 17/17 | 2.57s (cem 0.36 refine 2.16 [60 steps] finals 0.05)
  [650/800] f104_pair_group_0449 B z -12.817 (pess -12.276) -> G z -13.132 (pess -12.899) gain 0.622 from round0/anchor step 60 | valid 17/17 | 2.60s (cem 0.37 refine 2.17 [60 steps] finals 0.06)
  [651/800] f104_pair_group_0450 B z -12.645 (pess -12.378) -> G z -12.860 (pess -12.719) gain 0.341 from B/sample step 15 | valid 17/17 | 2.58s (cem 0.35 refine 2.16 [60 steps] finals 0.06)
  [652/800] f104_pair_group_0451 B z -12.845 (pess -12.399) -> G z -13.314 (pess -13.171) gain 0.773 from round0/anchor step 60 | valid 17/17 | 2.56s (cem 0.35 refine 2.15 [60 steps] finals 0.05)
  [653/800] f104_pair_group_0452 B z -7.542 (pess -2.174) -> G z -10.858 (pess -9.911) gain 7.731 from round0/sample step 60 | valid 17/17 | 2.58s (cem 0.36 refine 2.16 [60 steps] finals 0.05)
  [654/800] f104_pair_group_0453 B z -12.487 (pess -12.145) -> G z -12.991 (pess -12.698) gain 0.553 from B/sample step 40 | valid 17/17 | 2.58s (cem 0.35 refine 2.16 [60 steps] finals 0.06)
  [655/800] f104_pair_group_0454 B z -13.280 (pess -12.860) -> G z -13.423 (pess -13.279) gain 0.420 from B/sample step 4 | valid 17/17 | 2.58s (cem 0.35 refine 2.16 [60 steps] finals 0.05)
  [656/800] f104_pair_group_0455 B z -12.867 (pess -12.527) -> G z -13.362 (pess -13.081) gain 0.555 from round0/sample step 34 | valid 17/17 | 2.57s (cem 0.35 refine 2.16 [60 steps] finals 0.05)
  [657/800] f104_pair_group_0456 B z -13.320 (pess -12.741) -> G z -13.490 (pess -13.275) gain 0.535 from round0/sample step 47 | valid 17/17 | 2.56s (cem 0.35 refine 2.15 [60 steps] finals 0.05)
  [658/800] f104_pair_group_0457 B z -12.580 (pess -11.957) -> G z -12.714 (pess -12.379) gain 0.422 from round0/sample step 33 | valid 17/17 | 2.57s (cem 0.36 refine 2.15 [60 steps] finals 0.05)
  [659/800] f104_pair_group_0458 B z -12.486 (pess -10.985) -> G z -13.058 (pess -12.678) gain 1.692 from round0/anchor step 48 | valid 17/17 | 2.58s (cem 0.36 refine 2.16 [60 steps] finals 0.05)
  [660/800] f104_pair_group_0459 B z -1.384 (pess 2.456) -> G z -7.773 (pess -6.677) gain 9.133 from B/sample step 38 | valid 17/17 | 2.57s (cem 0.35 refine 2.16 [60 steps] finals 0.05)
  [661/800] f104_pair_group_0460 B z -10.241 (pess -8.443) -> G z -12.680 (pess -12.098) gain 3.658 from round0/sample step 60 | valid 17/17 | 2.59s (cem 0.36 refine 2.17 [60 steps] finals 0.05)
  [662/800] f104_pair_group_0461 B z -6.182 (pess -5.104) -> G z -8.197 (pess -7.441) gain 2.335 from round0/sample step 59 | valid 17/17 | 2.56s (cem 0.35 refine 2.15 [60 steps] finals 0.05)
  [663/800] f104_pair_group_0462 B z -11.948 (pess -10.593) -> G z -12.221 (pess -11.598) gain 1.006 from round0/sample step 60 | valid 17/17 | 2.55s (cem 0.34 refine 2.15 [60 steps] finals 0.05)
  [664/800] f104_pair_group_0463 B z -12.999 (pess -12.479) -> G z -13.278 (pess -13.007) gain 0.528 from B/sample step 13 | valid 17/17 | 2.57s (cem 0.36 refine 2.15 [60 steps] finals 0.06)
  [665/800] f104_pair_group_0464 B z -12.057 (pess -9.957) -> G z -12.673 (pess -11.808) gain 1.853 from round0/sample step 55 | valid 17/17 | 2.57s (cem 0.35 refine 2.15 [60 steps] finals 0.05)
  [666/800] f104_pair_group_0465 B z -13.332 (pess -13.139) -> G abstain | valid 17/17 | 2.57s (cem 0.35 refine 2.15 [60 steps] finals 0.06)
  [667/800] f104_pair_group_0466 B z -13.479 (pess -13.268) -> G abstain | valid 17/17 | 2.67s (cem 0.38 refine 2.23 [60 steps] finals 0.06)
  [668/800] f104_pair_group_0467 B z -13.227 (pess -12.811) -> G z -13.457 (pess -13.365) gain 0.554 from B/sample step 47 | valid 17/17 | 2.57s (cem 0.35 refine 2.15 [60 steps] finals 0.06)
  [669/800] f104_pair_group_0468 B z -13.150 (pess -12.885) -> G abstain | valid 17/17 | 2.56s (cem 0.35 refine 2.15 [60 steps] finals 0.05)
  [670/800] f104_pair_group_0469 B z -12.741 (pess -12.173) -> G z -13.022 (pess -12.518) gain 0.345 from B/sample step 47 | valid 17/17 | 2.57s (cem 0.35 refine 2.15 [60 steps] finals 0.06)
  [671/800] f104_pair_group_0470 B z -12.393 (pess -11.442) -> G z -12.896 (pess -12.311) gain 0.868 from B/sample step 48 | valid 17/17 | 2.58s (cem 0.35 refine 2.17 [60 steps] finals 0.05)
  [672/800] f104_pair_group_0471 B z -13.473 (pess -13.281) -> G abstain | valid 17/17 | 1.50s (cem 0.35 refine 1.09 [60 steps] finals 0.04)
  [673/800] f104_pair_group_0472 B z -12.296 (pess -11.040) -> G z -13.197 (pess -12.742) gain 1.702 from round0/sample step 53 | valid 17/17 | 1.50s (cem 0.35 refine 1.09 [60 steps] finals 0.04)
  [674/800] f104_pair_group_0473 B z -11.319 (pess -9.572) -> G z -12.753 (pess -12.483) gain 2.907 from B/sample step 31 | valid 17/17 | 1.51s (cem 0.35 refine 1.11 [60 steps] finals 0.04)
  [675/800] f104_pair_group_0474 B z -12.304 (pess -11.391) -> G z -12.330 (pess -11.938) gain 0.547 from round0/sample step 57 | valid 17/17 | 1.54s (cem 0.36 refine 1.13 [60 steps] finals 0.04)
  [676/800] f104_pair_group_0475 B z -12.393 (pess -11.315) -> G z -12.942 (pess -12.723) gain 1.409 from B/sample step 16 | valid 17/17 | 2.56s (cem 0.35 refine 2.15 [60 steps] finals 0.05)
  [677/800] f104_pair_group_0476 B z -12.819 (pess -12.316) -> G z -13.343 (pess -13.012) gain 0.695 from B/sample step 60 | valid 17/17 | 2.57s (cem 0.35 refine 2.15 [60 steps] finals 0.05)
  [678/800] f104_pair_group_0477 B z -13.400 (pess -13.175) -> G abstain | valid 17/17 | 2.59s (cem 0.37 refine 2.16 [60 steps] finals 0.06)
  [679/800] f104_pair_group_0478 B z -12.725 (pess -11.572) -> G z -13.092 (pess -12.964) gain 1.395 from B/sample step 4 | valid 17/17 | 2.58s (cem 0.35 refine 2.16 [60 steps] finals 0.05)
  [680/800] f104_pair_group_0479 B z -13.263 (pess -12.840) -> G z -13.426 (pess -13.313) gain 0.473 from round0/sample step 60 | valid 17/17 | 2.59s (cem 0.37 refine 2.15 [60 steps] finals 0.06)
  [681/800] f104_pair_group_0480 B z -13.364 (pess -12.917) -> G z -13.564 (pess -13.446) gain 0.528 from round0/anchor step 60 | valid 17/17 | 2.58s (cem 0.36 refine 2.15 [60 steps] finals 0.05)
  [682/800] f104_pair_group_0481 B z -13.473 (pess -13.320) -> G abstain | valid 17/17 | 2.58s (cem 0.36 refine 2.16 [60 steps] finals 0.06)
  [683/800] f104_pair_group_0482 B z -5.965 (pess 0.167) -> G z -9.949 (pess -8.988) gain 9.153 from B/sample step 60 | valid 17/17 | 2.60s (cem 0.37 refine 2.16 [60 steps] finals 0.06)
  [684/800] f104_pair_group_0483 B z -11.766 (pess -9.738) -> G z -12.918 (pess -11.592) gain 1.847 from B/sample step 58 | valid 17/17 | 2.58s (cem 0.36 refine 2.16 [60 steps] finals 0.05)
  [685/800] f104_pair_group_0484 B z -7.478 (pess -5.796) -> G z -9.208 (pess -8.694) gain 2.900 from round0/anchor step 51 | valid 17/17 | 2.57s (cem 0.35 refine 2.16 [60 steps] finals 0.05)
  [686/800] f104_pair_group_0485 B z -9.760 (pess -7.131) -> G z -12.296 (pess -11.357) gain 4.221 from B/sample step 21 | valid 17/17 | 2.56s (cem 0.35 refine 2.15 [60 steps] finals 0.05)
  [687/800] f104_pair_group_0486 B z -12.625 (pess -11.345) -> G z -12.863 (pess -12.568) gain 1.223 from round0/sample step 54 | valid 17/17 | 2.56s (cem 0.35 refine 2.15 [60 steps] finals 0.05)
  [688/800] f104_pair_group_0487 B z -12.923 (pess -12.495) -> G z -13.341 (pess -13.142) gain 0.648 from round0/anchor step 60 | valid 17/17 | 2.56s (cem 0.35 refine 2.15 [60 steps] finals 0.05)
  [689/800] f104_pair_group_0488 B z -12.811 (pess -11.960) -> G z -13.234 (pess -12.996) gain 1.038 from B/sample step 30 | valid 17/17 | 2.57s (cem 0.35 refine 2.15 [60 steps] finals 0.06)
  [690/800] f104_pair_group_0489 B z -13.025 (pess -12.548) -> G z -13.426 (pess -13.183) gain 0.634 from round0/anchor step 41 | valid 17/17 | 2.57s (cem 0.35 refine 2.15 [60 steps] finals 0.05)
  [691/800] f104_pair_group_0490 B z -13.589 (pess -13.477) -> G abstain | valid 17/17 | 2.57s (cem 0.35 refine 2.15 [60 steps] finals 0.06)
  [692/800] f104_pair_group_0491 B z -13.505 (pess -13.258) -> G abstain | valid 17/17 | 2.64s (cem 0.39 refine 2.19 [60 steps] finals 0.06)
  [693/800] f104_pair_group_0492 B z -13.366 (pess -12.876) -> G z -13.468 (pess -13.365) gain 0.490 from B/sample step 14 | valid 17/17 | 2.56s (cem 0.34 refine 2.15 [60 steps] finals 0.05)
  [694/800] f104_pair_group_0493 B z -13.130 (pess -12.640) -> G z -13.296 (pess -13.157) gain 0.517 from B/sample step 59 | valid 17/17 | 2.57s (cem 0.35 refine 2.15 [60 steps] finals 0.05)
  [695/800] f104_pair_group_0494 B z -10.623 (pess -8.795) -> G z -11.509 (pess -11.042) gain 2.245 from B/sample step 31 | valid 17/17 | 2.57s (cem 0.36 refine 2.15 [60 steps] finals 0.05)
  [696/800] f104_pair_group_0495 B z -11.016 (pess -8.171) -> G z -10.237 (pess -9.127) gain 0.960 from round0/sample step 49 | valid 17/17 | 2.58s (cem 0.35 refine 2.17 [60 steps] finals 0.05)
  [697/800] f104_pair_group_0496 B z -10.544 (pess -10.277) -> G z -12.484 (pess -12.250) gain 1.971 from round0/sample step 42 | valid 17/17 | 2.57s (cem 0.35 refine 2.15 [60 steps] finals 0.05)
  [698/800] f104_pair_group_0497 B z -11.674 (pess -9.439) -> G z -13.026 (pess -12.346) gain 2.903 from round0/anchor step 60 | valid 17/17 | 2.57s (cem 0.35 refine 2.16 [60 steps] finals 0.05)
  [699/800] f104_pair_group_0498 B z -12.079 (pess -10.696) -> G z -13.087 (pess -12.583) gain 1.885 from B/sample step 60 | valid 17/17 | 2.56s (cem 0.35 refine 2.15 [60 steps] finals 0.05)
  [700/800] f104_pair_group_0499 B z -2.146 (pess 0.118) -> G z -7.378 (pess -6.433) gain 6.546 from round0/sample step 58 | valid 17/17 | 2.60s (cem 0.38 refine 2.15 [60 steps] finals 0.06)
  [701/800] f104_pair_group_0500 B z -10.064 (pess -6.016) -> G z -11.246 (pess -10.721) gain 4.710 from B/sample step 28 | valid 17/17 | 2.58s (cem 0.36 refine 2.16 [60 steps] finals 0.05)
  [702/800] f104_pair_group_0501 B z -10.702 (pess -10.089) -> G z -12.139 (pess -11.413) gain 1.321 from round0/sample step 42 | valid 17/17 | 2.60s (cem 0.37 refine 2.16 [60 steps] finals 0.06)
  [703/800] f104_pair_group_0502 B z -13.125 (pess -12.740) -> G z -13.446 (pess -13.294) gain 0.555 from B/sample step 6 | valid 17/17 | 2.61s (cem 0.38 refine 2.16 [60 steps] finals 0.06)
  [704/800] f104_pair_group_0503 B z -13.246 (pess -12.808) -> G abstain | valid 17/17 | 2.57s (cem 0.35 refine 2.15 [60 steps] finals 0.05)
  [705/800] f104_pair_group_0504 B z -13.152 (pess -12.910) -> G abstain | valid 17/17 | 2.58s (cem 0.36 refine 2.15 [60 steps] finals 0.06)
  [706/800] f104_pair_group_0505 B z -13.390 (pess -13.073) -> G z -13.486 (pess -13.390) gain 0.317 from B/sample step 60 | valid 17/17 | 2.56s (cem 0.35 refine 2.15 [60 steps] finals 0.05)
  [707/800] f104_pair_group_0506 B z -4.849 (pess -2.381) -> G z -6.940 (pess -5.670) gain 3.290 from round0/sample step 60 | valid 17/17 | 2.56s (cem 0.35 refine 2.15 [60 steps] finals 0.05)
  [708/800] f104_pair_group_0507 B z -5.155 (pess -3.739) -> G z -7.293 (pess -6.087) gain 2.350 from round0/sample step 43 | valid 17/17 | 2.56s (cem 0.35 refine 2.15 [60 steps] finals 0.05)
  [709/800] f104_pair_group_0508 B z -12.042 (pess -10.602) -> G z -13.139 (pess -12.630) gain 2.030 from B/sample step 41 | valid 17/17 | 2.57s (cem 0.36 refine 2.15 [60 steps] finals 0.05)
  [710/800] f104_pair_group_0509 B z -11.807 (pess -11.511) -> G z -12.634 (pess -12.139) gain 0.627 from B/sample step 60 | valid 17/17 | 2.55s (cem 0.35 refine 2.15 [60 steps] finals 0.05)
  [711/800] f104_pair_group_0510 B z -12.790 (pess -12.164) -> G z -13.234 (pess -13.045) gain 0.881 from round0/sample step 55 | valid 17/17 | 2.56s (cem 0.35 refine 2.15 [60 steps] finals 0.05)
  [712/800] f104_pair_group_0511 B z -12.566 (pess -11.905) -> G z -13.029 (pess -12.840) gain 0.937 from B/sample step 28 | valid 17/17 | 2.59s (cem 0.36 refine 2.16 [60 steps] finals 0.06)
  [713/800] f104_pair_group_0512 B z -11.947 (pess -10.013) -> G z -13.010 (pess -12.669) gain 2.659 from round0/sample step 60 | valid 17/17 | 2.60s (cem 0.38 refine 2.16 [60 steps] finals 0.06)
  [714/800] f104_pair_group_0513 B z -13.224 (pess -12.797) -> G z -13.436 (pess -13.327) gain 0.531 from round0/sample step 46 | valid 17/17 | 2.56s (cem 0.35 refine 2.15 [60 steps] finals 0.05)
  [715/800] f104_pair_group_0514 B z -12.373 (pess -11.503) -> G z -12.280 (pess -11.978) gain 0.476 from round0/sample step 53 | valid 17/17 | 2.64s (cem 0.36 refine 2.21 [60 steps] finals 0.06)
  [716/800] f104_pair_group_0515 B z -13.039 (pess -12.768) -> G z -13.348 (pess -13.160) gain 0.392 from round0/sample step 60 | valid 17/17 | 2.58s (cem 0.35 refine 2.16 [60 steps] finals 0.06)
  [717/800] f104_pair_group_0516 B z -13.258 (pess -12.910) -> G z -13.428 (pess -13.299) gain 0.388 from B/sample step 15 | valid 17/17 | 2.57s (cem 0.35 refine 2.16 [60 steps] finals 0.05)
  [718/800] f104_pair_group_0517 B z -12.283 (pess -11.862) -> G z -12.623 (pess -12.234) gain 0.370 from B/sample step 59 | valid 17/17 | 2.59s (cem 0.36 refine 2.16 [60 steps] finals 0.05)
  [719/800] f104_pair_group_0518 B z -13.274 (pess -12.886) -> G abstain | valid 17/17 | 2.60s (cem 0.34 refine 2.19 [60 steps] finals 0.05)
  [720/800] f104_pair_group_0519 B z -8.884 (pess -5.375) -> G z -11.813 (pess -10.898) gain 5.523 from round0/sample step 53 | valid 17/17 | 2.58s (cem 0.36 refine 2.16 [60 steps] finals 0.05)
  [721/800] f104_pair_group_0520 B z -3.753 (pess -1.223) -> G z -12.475 (pess -11.610) gain 10.391 from B/sample step 60 | valid 17/17 | 2.59s (cem 0.37 refine 2.16 [60 steps] finals 0.05)
  [722/800] f104_pair_group_0521 B z -10.385 (pess -8.589) -> G z -12.182 (pess -11.447) gain 2.859 from B/sample step 52 | valid 17/17 | 2.57s (cem 0.35 refine 2.16 [60 steps] finals 0.05)
  [723/800] f104_pair_group_0522 B z -12.187 (pess -11.485) -> G z -12.619 (pess -12.086) gain 0.601 from B/mean step 16 | valid 17/17 | 2.58s (cem 0.36 refine 2.16 [60 steps] finals 0.05)
  [724/800] f104_pair_group_0523 B z -12.876 (pess -12.598) -> G z -13.251 (pess -13.225) gain 0.627 from B/sample step 14 | valid 17/17 | 2.57s (cem 0.35 refine 2.16 [60 steps] finals 0.05)
  [725/800] f104_pair_group_0524 B z -12.969 (pess -12.191) -> G z -13.118 (pess -12.590) gain 0.400 from B/sample step 54 | valid 17/17 | 2.60s (cem 0.38 refine 2.16 [60 steps] finals 0.06)
  [726/800] f104_pair_group_0525 B z -13.177 (pess -12.768) -> G z -13.380 (pess -13.139) gain 0.371 from B/sample step 60 | valid 17/17 | 2.58s (cem 0.36 refine 2.15 [60 steps] finals 0.06)
  [727/800] f104_pair_group_0526 B z -12.726 (pess -12.139) -> G z -13.106 (pess -12.741) gain 0.601 from round0/anchor step 59 | valid 17/17 | 2.57s (cem 0.35 refine 2.15 [60 steps] finals 0.06)
  [728/800] f104_pair_group_0527 B z -12.954 (pess -12.768) -> G abstain | valid 17/17 | 2.62s (cem 0.38 refine 2.16 [60 steps] finals 0.06)
  [729/800] f104_pair_group_0528 B z -13.405 (pess -13.153) -> G abstain | valid 17/17 | 2.55s (cem 0.34 refine 2.15 [60 steps] finals 0.05)
  [730/800] f104_pair_group_0529 B z -12.816 (pess -12.234) -> G z -13.006 (pess -12.799) gain 0.565 from round0/sample step 60 | valid 17/17 | 2.57s (cem 0.35 refine 2.16 [60 steps] finals 0.05)
  [731/800] f104_pair_group_0530 B z -12.975 (pess -12.422) -> G z -13.148 (pess -12.979) gain 0.556 from B/sample step 9 | valid 17/17 | 2.57s (cem 0.35 refine 2.16 [60 steps] finals 0.05)
  [732/800] f104_pair_group_0531 B z -9.446 (pess -6.476) -> G z -9.963 (pess -9.213) gain 2.734 from round0/sample step 51 | valid 17/17 | 2.57s (cem 0.35 refine 2.15 [60 steps] finals 0.05)
  [733/800] f104_pair_group_0532 B z -12.389 (pess -11.655) -> G abstain | valid 17/17 | 2.57s (cem 0.35 refine 2.16 [60 steps] finals 0.05)
  [734/800] f104_pair_group_0533 B z -12.039 (pess -11.267) -> G abstain | valid 17/17 | 2.58s (cem 0.36 refine 2.16 [60 steps] finals 0.06)
  [735/800] f104_pair_group_0534 B z -12.564 (pess -11.936) -> G z -12.828 (pess -12.378) gain 0.443 from B/sample step 48 | valid 17/17 | 2.57s (cem 0.35 refine 2.16 [60 steps] finals 0.05)
  [736/800] f104_pair_group_0535 B z -12.172 (pess -10.702) -> G z -12.866 (pess -12.449) gain 1.747 from B/sample step 56 | valid 17/17 | 2.52s (cem 0.35 refine 2.11 [60 steps] finals 0.05)
  [737/800] f104_pair_group_0536 B z -12.990 (pess -11.895) -> G z -13.395 (pess -13.251) gain 1.355 from B/sample step 26 | valid 17/17 | 2.56s (cem 0.34 refine 2.15 [60 steps] finals 0.05)
  [738/800] f104_pair_group_0537 B z -8.362 (pess -5.707) -> G z -10.057 (pess -8.457) gain 2.757 from round0/sample step 46 | valid 17/17 | 2.61s (cem 0.36 refine 2.18 [60 steps] finals 0.06)
  [739/800] f104_pair_group_0538 B z -13.214 (pess -12.847) -> G z -13.396 (pess -13.351) gain 0.505 from B/sample step 54 | valid 17/17 | 2.55s (cem 0.38 refine 2.10 [60 steps] finals 0.06)
  [740/800] f104_pair_group_0539 B z -12.731 (pess -12.238) -> G z -13.225 (pess -13.029) gain 0.790 from round0/sample step 50 | valid 17/17 | 2.61s (cem 0.38 refine 2.16 [60 steps] finals 0.06)
  [741/800] f104_pair_group_0540 B z -13.344 (pess -13.016) -> G abstain | valid 17/17 | 2.56s (cem 0.34 refine 2.16 [60 steps] finals 0.05)
  [742/800] f104_pair_group_0541 B z -12.675 (pess -12.178) -> G z -13.120 (pess -12.798) gain 0.621 from round0/sample step 60 | valid 17/17 | 2.58s (cem 0.37 refine 2.16 [60 steps] finals 0.05)
  [743/800] f104_pair_group_0542 B z -7.123 (pess -2.370) -> G z -9.187 (pess -8.191) gain 5.810 from round0/sample step 55 | valid 17/17 | 2.58s (cem 0.35 refine 2.17 [60 steps] finals 0.05)
  [744/800] f104_pair_group_0543 B z -12.547 (pess -12.214) -> G abstain | valid 17/17 | 2.59s (cem 0.36 refine 2.16 [60 steps] finals 0.05)
  [745/800] f104_pair_group_0544 B z -3.320 (pess -1.659) -> G z -7.323 (pess -6.331) gain 4.672 from round0/sample step 60 | valid 17/17 | 2.56s (cem 0.35 refine 2.15 [60 steps] finals 0.05)
  [746/800] f104_pair_group_0545 B z -12.305 (pess -11.947) -> G abstain | valid 17/17 | 2.55s (cem 0.34 refine 2.15 [60 steps] finals 0.05)
  [747/800] f104_pair_group_0546 B z -12.749 (pess -12.256) -> G z -13.073 (pess -12.902) gain 0.646 from round0/sample step 46 | valid 17/17 | 2.57s (cem 0.35 refine 2.15 [60 steps] finals 0.05)
  [748/800] f104_pair_group_0547 B z -10.968 (pess -8.840) -> G z -12.709 (pess -12.465) gain 3.626 from round0/sample step 54 | valid 17/17 | 2.57s (cem 0.35 refine 2.16 [60 steps] finals 0.05)
  [749/800] f104_pair_group_0548 B z -11.368 (pess -8.880) -> G z -13.064 (pess -12.493) gain 3.614 from B/sample step 60 | valid 17/17 | 2.58s (cem 0.36 refine 2.16 [60 steps] finals 0.05)
  [750/800] f104_pair_group_0549 B z -12.593 (pess -11.706) -> G z -12.913 (pess -12.604) gain 0.899 from B/sample step 12 | valid 17/17 | 2.58s (cem 0.36 refine 2.16 [60 steps] finals 0.05)
  [751/800] f104_pair_group_0550 B z -10.862 (pess -9.198) -> G z -12.278 (pess -11.881) gain 2.683 from round0/anchor step 60 | valid 17/17 | 2.57s (cem 0.35 refine 2.16 [60 steps] finals 0.05)
  [752/800] f104_pair_group_0551 B z -13.034 (pess -12.528) -> G z -13.372 (pess -13.151) gain 0.623 from round0/sample step 60 | valid 17/17 | 2.57s (cem 0.35 refine 2.15 [60 steps] finals 0.06)
  [753/800] f104_pair_group_0552 B z -12.879 (pess -11.325) -> G z -13.089 (pess -12.216) gain 0.891 from B/mean step 60 | valid 17/17 | 2.56s (cem 0.34 refine 2.15 [60 steps] finals 0.05)
  [754/800] f104_pair_group_0553 B z -13.298 (pess -12.984) -> G z -13.557 (pess -13.450) gain 0.466 from B/sample step 57 | valid 17/17 | 2.56s (cem 0.35 refine 2.15 [60 steps] finals 0.05)
  [755/800] f104_pair_group_0554 B z -13.181 (pess -12.826) -> G z -13.404 (pess -13.253) gain 0.427 from B/sample step 30 | valid 17/17 | 2.57s (cem 0.35 refine 2.15 [60 steps] finals 0.05)
  [756/800] f104_pair_group_0555 B z -11.303 (pess -9.003) -> G z -12.476 (pess -12.150) gain 3.146 from round0/sample step 60 | valid 17/17 | 2.57s (cem 0.35 refine 2.15 [60 steps] finals 0.06)
  [757/800] f104_pair_group_0556 B z -5.442 (pess -2.371) -> G z -9.994 (pess -8.997) gain 6.626 from round0/sample step 57 | valid 17/17 | 2.57s (cem 0.35 refine 2.15 [60 steps] finals 0.06)
  [758/800] f104_pair_group_0557 B z -12.404 (pess -11.673) -> G z -13.266 (pess -13.153) gain 1.480 from B/anchor step 39 | valid 17/17 | 2.56s (cem 0.34 refine 2.15 [60 steps] finals 0.05)
  [759/800] f104_pair_group_0558 B z -11.261 (pess -9.663) -> G z -11.896 (pess -10.659) gain 0.995 from B/sample step 53 | valid 17/17 | 2.58s (cem 0.36 refine 2.16 [60 steps] finals 0.05)
  [760/800] f104_pair_group_0559 B z -12.953 (pess -12.205) -> G z -13.218 (pess -13.115) gain 0.910 from round0/sample step 57 | valid 17/17 | 2.57s (cem 0.35 refine 2.15 [60 steps] finals 0.05)
  [761/800] f104_pair_group_0560 B z -13.025 (pess -12.496) -> G z -13.281 (pess -12.998) gain 0.501 from B/sample step 51 | valid 17/17 | 2.56s (cem 0.35 refine 2.15 [60 steps] finals 0.05)
  [762/800] f104_pair_group_0561 B z -12.251 (pess -11.669) -> G z -12.877 (pess -12.287) gain 0.618 from B/sample step 60 | valid 17/17 | 2.62s (cem 0.35 refine 2.21 [60 steps] finals 0.05)
  [763/800] f104_pair_group_0562 B z -13.180 (pess -12.523) -> G z -13.118 (pess -12.928) gain 0.406 from round0/anchor step 19 | valid 17/17 | 2.58s (cem 0.36 refine 2.16 [60 steps] finals 0.06)
  [764/800] f104_pair_group_0563 B z -13.195 (pess -12.883) -> G z -13.350 (pess -13.239) gain 0.356 from B/sample step 44 | valid 17/17 | 2.57s (cem 0.36 refine 2.15 [60 steps] finals 0.06)
  [765/800] f104_pair_group_0564 B z -13.169 (pess -12.850) -> G z -13.345 (pess -13.252) gain 0.401 from round0/anchor step 58 | valid 17/17 | 2.55s (cem 0.34 refine 2.15 [60 steps] finals 0.05)
  [766/800] f104_pair_group_0565 B z -13.219 (pess -12.840) -> G z -13.367 (pess -13.256) gain 0.417 from round0/sample step 60 | valid 17/17 | 2.59s (cem 0.35 refine 2.17 [60 steps] finals 0.05)
  [767/800] f104_pair_group_0566 B z -7.390 (pess -5.757) -> G z -9.588 (pess -8.497) gain 2.740 from round0/sample step 54 | valid 17/17 | 2.58s (cem 0.35 refine 2.15 [60 steps] finals 0.06)
  [768/800] f104_pair_group_0567 B z -13.532 (pess -13.330) -> G abstain | valid 17/17 | 2.57s (cem 0.35 refine 2.15 [60 steps] finals 0.05)
  [769/800] f104_pair_group_0568 B z -13.162 (pess -12.641) -> G z -13.385 (pess -13.291) gain 0.651 from B/sample step 5 | valid 17/17 | 2.57s (cem 0.35 refine 2.15 [60 steps] finals 0.05)
  [770/800] f104_pair_group_0569 B z -13.396 (pess -13.150) -> G abstain | valid 17/17 | 2.58s (cem 0.36 refine 2.16 [60 steps] finals 0.05)
  [771/800] f104_pair_group_0570 B z -12.126 (pess -11.954) -> G z -12.534 (pess -12.332) gain 0.380 from round0/sample step 45 | valid 17/17 | 2.56s (cem 0.34 refine 2.15 [60 steps] finals 0.05)
  [772/800] f104_pair_group_0571 B z -11.565 (pess -9.749) -> G z -12.737 (pess -11.980) gain 2.231 from round0/sample step 60 | valid 17/17 | 2.57s (cem 0.35 refine 2.16 [60 steps] finals 0.05)
  [773/800] f104_pair_group_0572 B z -12.251 (pess -10.809) -> G z -13.264 (pess -13.138) gain 2.330 from round0/sample step 60 | valid 17/17 | 2.61s (cem 0.38 refine 2.16 [60 steps] finals 0.06)
  [774/800] f104_pair_group_0573 B z -13.545 (pess -13.421) -> G abstain | valid 17/17 | 2.59s (cem 0.36 refine 2.15 [60 steps] finals 0.06)
  [775/800] f104_pair_group_0574 B z -12.431 (pess -11.331) -> G z -12.731 (pess -12.163) gain 0.832 from round0/anchor step 42 | valid 17/17 | 2.57s (cem 0.35 refine 2.15 [60 steps] finals 0.06)
  [776/800] f104_pair_group_0575 B z -11.449 (pess -8.812) -> G z -12.165 (pess -11.394) gain 2.583 from B/sample step 49 | valid 17/17 | 2.57s (cem 0.35 refine 2.16 [60 steps] finals 0.05)
  [777/800] f104_pair_group_0576 B z -10.089 (pess -7.494) -> G z -11.864 (pess -11.401) gain 3.908 from round0/sample step 54 | valid 17/17 | 2.56s (cem 0.35 refine 2.15 [60 steps] finals 0.05)
  [778/800] f104_pair_group_0577 B z -12.758 (pess -12.259) -> G z -13.062 (pess -12.819) gain 0.559 from round0/sample step 60 | valid 17/17 | 2.57s (cem 0.35 refine 2.16 [60 steps] finals 0.05)
  [779/800] f104_pair_group_0578 B z -13.055 (pess -12.681) -> G z -13.349 (pess -13.200) gain 0.520 from B/sample step 15 | valid 17/17 | 2.56s (cem 0.35 refine 2.15 [60 steps] finals 0.05)
  [780/800] f104_pair_group_0579 B z -9.880 (pess -3.684) -> G z -12.062 (pess -9.907) gain 6.219 from B/sample step 60 | valid 17/17 | 2.56s (cem 0.35 refine 2.15 [60 steps] finals 0.05)
  [781/800] f104_pair_group_0580 B z -11.355 (pess -10.478) -> G z -11.699 (pess -11.124) gain 0.649 from B/sample step 20 | valid 17/17 | 2.56s (cem 0.34 refine 2.15 [60 steps] finals 0.05)
  [782/800] f104_pair_group_0581 B z -11.836 (pess -11.034) -> G z -13.020 (pess -12.575) gain 1.540 from round0/sample step 54 | valid 17/17 | 2.56s (cem 0.34 refine 2.15 [60 steps] finals 0.05)
  [783/800] f104_pair_group_0582 B z -12.857 (pess -11.492) -> G z -13.303 (pess -12.945) gain 1.454 from B/sample step 28 | valid 17/17 | 2.56s (cem 0.35 refine 2.15 [60 steps] finals 0.05)
  [784/800] f104_pair_group_0583 B z -12.322 (pess -11.731) -> G z -12.639 (pess -12.402) gain 0.672 from round0/sample step 49 | valid 17/17 | 2.56s (cem 0.34 refine 2.15 [60 steps] finals 0.05)
  [785/800] f104_pair_group_0584 B z -12.321 (pess -11.014) -> G z -13.042 (pess -12.683) gain 1.669 from B/sample step 48 | valid 17/17 | 2.66s (cem 0.36 refine 2.22 [60 steps] finals 0.06)
  [786/800] f104_pair_group_0585 B z -13.198 (pess -12.277) -> G z -13.389 (pess -13.301) gain 1.023 from round0/sample step 60 | valid 17/17 | 2.59s (cem 0.37 refine 2.15 [60 steps] finals 0.06)
  [787/800] f104_pair_group_0586 B z -12.985 (pess -12.597) -> G z -13.290 (pess -13.173) gain 0.577 from B/sample step 8 | valid 17/17 | 2.59s (cem 0.37 refine 2.15 [60 steps] finals 0.06)
  [788/800] f104_pair_group_0587 B z -13.241 (pess -12.999) -> G abstain | valid 17/17 | 2.59s (cem 0.37 refine 2.15 [60 steps] finals 0.05)
  [789/800] f104_pair_group_0588 B z -13.523 (pess -13.287) -> G abstain | valid 17/17 | 2.59s (cem 0.36 refine 2.17 [60 steps] finals 0.06)
  [790/800] f104_pair_group_0589 B z -13.344 (pess -12.708) -> G z -13.445 (pess -13.340) gain 0.632 from B/sample step 14 | valid 17/17 | 2.56s (cem 0.35 refine 2.15 [60 steps] finals 0.06)
  [791/800] f104_pair_group_0590 B z -13.301 (pess -13.072) -> G abstain | valid 17/17 | 2.57s (cem 0.36 refine 2.15 [60 steps] finals 0.05)
  [792/800] f104_pair_group_0591 B z -12.199 (pess -11.699) -> G z -12.674 (pess -12.379) gain 0.682 from B/sample step 51 | valid 17/17 | 2.58s (cem 0.37 refine 2.15 [60 steps] finals 0.06)
  [793/800] f104_pair_group_0592 B z -13.245 (pess -12.799) -> G z -13.389 (pess -13.200) gain 0.401 from B/mean step 27 | valid 17/17 | 2.57s (cem 0.36 refine 2.15 [60 steps] finals 0.05)
  [794/800] f104_pair_group_0593 B z -11.216 (pess -10.220) -> G z -12.656 (pess -12.184) gain 1.963 from round0/sample step 49 | valid 17/17 | 2.57s (cem 0.35 refine 2.16 [60 steps] finals 0.05)
  [795/800] f104_pair_group_0594 B z -12.362 (pess -10.078) -> G z -13.056 (pess -12.626) gain 2.545 from B/sample step 51 | valid 17/17 | 2.58s (cem 0.35 refine 2.16 [60 steps] finals 0.06)
  [796/800] f104_pair_group_0595 B z -12.556 (pess -11.249) -> G z -13.021 (pess -12.585) gain 1.336 from B/sample step 40 | valid 17/17 | 2.57s (cem 0.34 refine 2.16 [60 steps] finals 0.05)
  [797/800] f104_pair_group_0596 B z -12.791 (pess -11.600) -> G z -12.768 (pess -12.276) gain 0.676 from round0/sample step 58 | valid 17/17 | 2.58s (cem 0.36 refine 2.16 [60 steps] finals 0.05)
  [798/800] f104_pair_group_0597 B z -12.462 (pess -11.733) -> G z -13.206 (pess -12.972) gain 1.241 from round0/sample step 52 | valid 17/17 | 2.60s (cem 0.37 refine 2.16 [60 steps] finals 0.06)
  [799/800] f104_pair_group_0598 B z -13.291 (pess -12.937) -> G z -13.476 (pess -13.414) gain 0.476 from B/sample step 57 | valid 17/17 | 2.57s (cem 0.36 refine 2.15 [60 steps] finals 0.06)
  [800/800] f104_pair_group_0599 B z -12.846 (pess -11.875) -> G z -13.160 (pess -12.890) gain 1.014 from B/sample step 26 | valid 17/17 | 2.59s (cem 0.37 refine 2.16 [60 steps] finals 0.06)
B z_mean -11.678 P 0.0026 | G z_mean -12.486 P 0.0002 changed 650/800 abstained 150 | s/group 2.53 (median 2.57) | GPU peak 0.448 GB | ref B 800/800 | lock c0f31cae403cac6f
