terrain_conditioning: one-hot over ['flat', 'crm']
loss: type=huber huber_delta=1.0 channel_weights={'vel_body_x_mps': 1.62196, 'vel_body_y_mps': 2.35058, 'roll_rad': 0.16566, 'pitch_rad': 0.01578, 'roll_rate_radps': 0.02387, 'ang_vel_body_y_radps': 0.01794, 'yaw_rate_radps': 2.14412, 'tire_fl_force_wheel_fz_n': 0.00463, 'tire_fr_force_wheel_fz_n': 0.00536, 'tire_rl_force_wheel_fz_n': 0.00382, 'tire_rr_force_wheel_fz_n': 0.00356, 'tire_fl_spindle_omega_radps': 1.73764, 'tire_fr_spindle_omega_radps': 1.69314, 'tire_rl_spindle_omega_radps': 2.63328, 'tire_rr_spindle_omega_radps': 2.57865}
{
  "epoch": 1,
  "timestamp_utc": "2026-07-10T22:13:58.761391+00:00",
  "train_loss": 0.32627187836915256,
  "val_loss": 0.6795629383315099,
  "val_rmse": {
    "vel_body_x_mps": 0.010052907705964615,
    "vel_body_y_mps": 0.02596271010013173,
    "roll_rad": 0.0006690353729820931,
    "pitch_rad": 0.00015233722718964503,
    "roll_rate_radps": 0.04871088572011846,
    "ang_vel_body_y_radps": 0.006295359150194087,
    "yaw_rate_radps": 0.01270040880414126,
    "tire_fl_force_wheel_fz_n": 845.926140230812,
    "tire_fr_force_wheel_fz_n": 1108.5741444671744,
    "tire_rl_force_wheel_fz_n": 689.4022857726062,
    "tire_rr_force_wheel_fz_n": 781.5730754976366,
    "tire_fl_spindle_omega_radps": 0.9054815972409318,
    "tire_fr_spindle_omega_radps": 0.8749485126751178,
    "tire_rl_spindle_omega_radps": 1.0547287701184511,
    "tire_rr_spindle_omega_radps": 1.019726941354461
  },
  "val_flat_loss": 0.6795629383315099,
  "val_flat_rmse": {
    "vel_body_x_mps": 0.010052907705964615,
    "vel_body_y_mps": 0.02596271010013173,
    "roll_rad": 0.0006690353729820931,
    "pitch_rad": 0.00015233722718964503,
    "roll_rate_radps": 0.04871088572011846,
    "ang_vel_body_y_radps": 0.006295359150194087,
    "yaw_rate_radps": 0.01270040880414126,
    "tire_fl_force_wheel_fz_n": 845.926140230812,
    "tire_fr_force_wheel_fz_n": 1108.5741444671744,
    "tire_rl_force_wheel_fz_n": 689.4022857726062,
    "tire_rr_force_wheel_fz_n": 781.5730754976366,
    "tire_fl_spindle_omega_radps": 0.9054815972409318,
    "tire_fr_spindle_omega_radps": 0.8749485126751178,
    "tire_rl_spindle_omega_radps": 1.0547287701184511,
    "tire_rr_spindle_omega_radps": 1.019726941354461
  },
  "val_crm_loss": 0.14604981878539547,
  "val_crm_rmse": {
    "vel_body_x_mps": 0.0052105590026515864,
    "vel_body_y_mps": 0.0036693630184635863,
    "roll_rad": 0.00012081895230006478,
    "pitch_rad": 6.720958910390967e-05,
    "roll_rate_radps": 0.006437663568304682,
    "ang_vel_body_y_radps": 0.004165818728485607,
    "yaw_rate_radps": 0.0030210989604910073,
    "tire_fl_force_wheel_fz_n": 1042.9793632442208,
    "tire_fr_force_wheel_fz_n": 1074.356611869529,
    "tire_rl_force_wheel_fz_n": 1024.9346976709035,
    "tire_rr_force_wheel_fz_n": 1096.0366196484551,
    "tire_fl_spindle_omega_radps": 0.1864206549131109,
    "tire_fr_spindle_omega_radps": 0.18418691225760914,
    "tire_rl_spindle_omega_radps": 0.1823743454948052,
    "tire_rr_spindle_omega_radps": 0.18315314061453578
  },
  "val_mixed_loss": 0.14604981878539547,
  "rollout_flat_5.0s": {
    "xy_rmse_m": 2.1816059481586447,
    "yaw_rmse_rad": 0.6888565302328089,
    "errdist": 0.28734942331960384,
    "mean_dist_m": 7.592170963684718,
    "episodes": 12
  },
  "rollout_flat_10.0s": {
    "xy_rmse_m": 16.212306263750644,
    "yaw_rmse_rad": 1.3277602516908134,
    "errdist": 0.46035311636336895,
    "mean_dist_m": 35.2171098391215,
    "episodes": 12
  },
  "rollout_crm_5.0s": {
    "xy_rmse_m": 0.9014444580021178,
    "yaw_rmse_rad": 0.17251265882493,
    "errdist": 0.12596160332093653,
    "mean_dist_m": 7.1565019357949495,
    "episodes": 12
  },
  "rollout_crm_10.0s": {
    "xy_rmse_m": 4.935392804757056,
    "yaw_rmse_rad": 0.34535138516823705,
    "errdist": 0.19712552454382065,
    "mean_dist_m": 25.036802393694717,
    "episodes": 12
  },
  "rollout_sel": 0.19712552454382065
}
{
  "epoch": 2,
  "timestamp_utc": "2026-07-10T22:15:01.948650+00:00",
  "train_loss": 0.1483737574517727,
  "val_loss": 0.5541168010002002,
  "val_rmse": {
    "vel_body_x_mps": 0.008980315484299256,
    "vel_body_y_mps": 0.01770411359005667,
    "roll_rad": 0.00047029812174699163,
    "pitch_rad": 0.00019250868214520323,
    "roll_rate_radps": 0.03310948960201026,
    "ang_vel_body_y_radps": 0.005377172193432574,
    "yaw_rate_radps": 0.011325773532370173,
    "tire_fl_force_wheel_fz_n": 1008.1634036150449,
    "tire_fr_force_wheel_fz_n": 903.4625481221537,
    "tire_rl_force_wheel_fz_n": 576.3516259780813,
    "tire_rr_force_wheel_fz_n": 676.6836334616952,
    "tire_fl_spindle_omega_radps": 0.9003012337475553,
    "tire_fr_spindle_omega_radps": 0.8646665502224751,
    "tire_rl_spindle_omega_radps": 1.048089171435794,
    "tire_rr_spindle_omega_radps": 1.0177225744444627
  },
  "val_flat_loss": 0.5541168010002002,
  "val_flat_rmse": {
    "vel_body_x_mps": 0.008980315484299256,
    "vel_body_y_mps": 0.01770411359005667,
    "roll_rad": 0.00047029812174699163,
    "pitch_rad": 0.00019250868214520323,
    "roll_rate_radps": 0.03310948960201026,
    "ang_vel_body_y_radps": 0.005377172193432574,
    "yaw_rate_radps": 0.011325773532370173,
    "tire_fl_force_wheel_fz_n": 1008.1634036150449,
    "tire_fr_force_wheel_fz_n": 903.4625481221537,
    "tire_rl_force_wheel_fz_n": 576.3516259780813,
    "tire_rr_force_wheel_fz_n": 676.6836334616952,
    "tire_fl_spindle_omega_radps": 0.9003012337475553,
    "tire_fr_spindle_omega_radps": 0.8646665502224751,
    "tire_rl_spindle_omega_radps": 1.048089171435794,
    "tire_rr_spindle_omega_radps": 1.0177225744444627
  },
  "val_crm_loss": 0.11210630978632252,
  "val_crm_rmse": {
    "vel_body_x_mps": 0.00354708237755583,
    "vel_body_y_mps": 0.002952127476190642,
    "roll_rad": 7.611269676028889e-05,
    "pitch_rad": 7.256937341588737e-05,
    "roll_rate_radps": 0.004927394115039291,
    "ang_vel_body_y_radps": 0.00343097578652008,
    "yaw_rate_radps": 0.0026603480316133156,
    "tire_fl_force_wheel_fz_n": 804.5131445391854,
    "tire_fr_force_wheel_fz_n": 821.1256488436863,
    "tire_rl_force_wheel_fz_n": 964.5381318071157,
    "tire_rr_force_wheel_fz_n": 1013.2975004699351,
    "tire_fl_spindle_omega_radps": 0.15802429806923807,
    "tire_fr_spindle_omega_radps": 0.1567629981884617,
    "tire_rl_spindle_omega_radps": 0.16774958987390048,
    "tire_rr_spindle_omega_radps": 0.16770086200624265
  },
  "val_mixed_loss": 0.11210630978632252,
  "rollout_flat_5.0s": {
    "xy_rmse_m": 5.299022188016251,
    "yaw_rmse_rad": 0.7389105847008988,
    "errdist": 0.6979587542697366,
    "mean_dist_m": 7.592170963684718,
    "episodes": 12
  },
  "rollout_flat_10.0s": {
    "xy_rmse_m": 18.710134564365557,
    "yaw_rmse_rad": 1.2236044230129797,
    "errdist": 0.5312796720070737,
    "mean_dist_m": 35.2171098391215,
    "episodes": 12
  },
  "rollout_crm_5.0s": {
    "xy_rmse_m": 0.7435830240317036,
    "yaw_rmse_rad": 0.0768959417416444,
    "errdist": 0.1039031402077174,
    "mean_dist_m": 7.1565019357949495,
    "episodes": 12
  },
  "rollout_crm_10.0s": {
    "xy_rmse_m": 3.7780969577166164,
    "yaw_rmse_rad": 0.16897439095626812,
    "errdist": 0.15090173650402314,
    "mean_dist_m": 25.036802393694717,
    "episodes": 12
  },
  "rollout_sel": 0.15090173650402314
}
{
  "epoch": 3,
  "timestamp_utc": "2026-07-10T22:16:05.413017+00:00",
  "train_loss": 0.12673476327955724,
  "val_loss": 0.5071931866183877,
  "val_rmse": {
    "vel_body_x_mps": 0.00850093043511918,
    "vel_body_y_mps": 0.018587943993644433,
    "roll_rad": 0.0004241697072919505,
    "pitch_rad": 0.00017407373061404521,
    "roll_rate_radps": 0.026134024004038484,
    "ang_vel_body_y_radps": 0.005524706958400752,
    "yaw_rate_radps": 0.013225004214262657,
    "tire_fl_force_wheel_fz_n": 854.5888880726144,
    "tire_fr_force_wheel_fz_n": 802.852554989838,
    "tire_rl_force_wheel_fz_n": 539.495583792528,
    "tire_rr_force_wheel_fz_n": 574.7389358396707,
    "tire_fl_spindle_omega_radps": 0.8572857337676117,
    "tire_fr_spindle_omega_radps": 0.8238065328141125,
    "tire_rl_spindle_omega_radps": 1.0450839919191612,
    "tire_rr_spindle_omega_radps": 1.0059110235443165
  },
  "val_flat_loss": 0.5071931866183877,
  "val_flat_rmse": {
    "vel_body_x_mps": 0.00850093043511918,
    "vel_body_y_mps": 0.018587943993644433,
    "roll_rad": 0.0004241697072919505,
    "pitch_rad": 0.00017407373061404521,
    "roll_rate_radps": 0.026134024004038484,
    "ang_vel_body_y_radps": 0.005524706958400752,
    "yaw_rate_radps": 0.013225004214262657,
    "tire_fl_force_wheel_fz_n": 854.5888880726144,
    "tire_fr_force_wheel_fz_n": 802.852554989838,
    "tire_rl_force_wheel_fz_n": 539.495583792528,
    "tire_rr_force_wheel_fz_n": 574.7389358396707,
    "tire_fl_spindle_omega_radps": 0.8572857337676117,
    "tire_fr_spindle_omega_radps": 0.8238065328141125,
    "tire_rl_spindle_omega_radps": 1.0450839919191612,
    "tire_rr_spindle_omega_radps": 1.0059110235443165
  },
  "val_crm_loss": 0.10247335218416992,
  "val_crm_rmse": {
    "vel_body_x_mps": 0.003327898612645128,
    "vel_body_y_mps": 0.0027132969959914382,
    "roll_rad": 8.209434426274288e-05,
    "pitch_rad": 4.900180807669978e-05,
    "roll_rate_radps": 0.004521905254533453,
    "ang_vel_body_y_radps": 0.0031964372060846263,
    "yaw_rate_radps": 0.0024639012205810444,
    "tire_fl_force_wheel_fz_n": 728.5709731287283,
    "tire_fr_force_wheel_fz_n": 741.3480469893358,
    "tire_rl_force_wheel_fz_n": 952.3664356275692,
    "tire_rr_force_wheel_fz_n": 999.5547804753587,
    "tire_fl_spindle_omega_radps": 0.14893145846197453,
    "tire_fr_spindle_omega_radps": 0.14596650032083486,
    "tire_rl_spindle_omega_radps": 0.16348221884254285,
    "tire_rr_spindle_omega_radps": 0.16312456280646342
  },
  "val_mixed_loss": 0.10247335218416992,
  "rollout_flat_5.0s": {
    "xy_rmse_m": 3.293783197398524,
    "yaw_rmse_rad": 1.0984719354143577,
    "errdist": 0.43383943975359957,
    "mean_dist_m": 7.592170963684718,
    "episodes": 12
  },
  "rollout_flat_10.0s": {
    "xy_rmse_m": 11.807839799436927,
    "yaw_rmse_rad": 1.3191815877437258,
    "errdist": 0.33528701967246605,
    "mean_dist_m": 35.2171098391215,
    "episodes": 12
  },
  "rollout_crm_5.0s": {
    "xy_rmse_m": 0.7570215317634142,
    "yaw_rmse_rad": 0.08393219860323059,
    "errdist": 0.105780944175672,
    "mean_dist_m": 7.1565019357949495,
    "episodes": 12
  },
  "rollout_crm_10.0s": {
    "xy_rmse_m": 3.6658292759754865,
    "yaw_rmse_rad": 0.5524876604457116,
    "errdist": 0.14641763026810048,
    "mean_dist_m": 25.036802393694717,
    "episodes": 12
  },
  "rollout_sel": 0.14641763026810048
}
{
  "epoch": 4,
  "timestamp_utc": "2026-07-10T22:17:08.583285+00:00",
  "train_loss": 0.11517579557001591,
  "val_loss": 0.47956761640496554,
  "val_rmse": {
    "vel_body_x_mps": 0.007887350750228823,
    "vel_body_y_mps": 0.017529246140074416,
    "roll_rad": 0.0004104636401791664,
    "pitch_rad": 0.00014989158745409346,
    "roll_rate_radps": 0.02358517629579994,
    "ang_vel_body_y_radps": 0.0059660716540057305,
    "yaw_rate_radps": 0.01263233239008933,
    "tire_fl_force_wheel_fz_n": 697.7884803265007,
    "tire_fr_force_wheel_fz_n": 741.495218624614,
    "tire_rl_force_wheel_fz_n": 649.2919976391532,
    "tire_rr_force_wheel_fz_n": 564.3655861033981,
    "tire_fl_spindle_omega_radps": 0.8476548694814837,
    "tire_fr_spindle_omega_radps": 0.830209635589046,
    "tire_rl_spindle_omega_radps": 1.0540710301023555,
    "tire_rr_spindle_omega_radps": 0.99967278000127
  },
  "val_flat_loss": 0.47956761640496554,
  "val_flat_rmse": {
    "vel_body_x_mps": 0.007887350750228823,
    "vel_body_y_mps": 0.017529246140074416,
    "roll_rad": 0.0004104636401791664,
    "pitch_rad": 0.00014989158745409346,
    "roll_rate_radps": 0.02358517629579994,
    "ang_vel_body_y_radps": 0.0059660716540057305,
    "yaw_rate_radps": 0.01263233239008933,
    "tire_fl_force_wheel_fz_n": 697.7884803265007,
    "tire_fr_force_wheel_fz_n": 741.495218624614,
    "tire_rl_force_wheel_fz_n": 649.2919976391532,
    "tire_rr_force_wheel_fz_n": 564.3655861033981,
    "tire_fl_spindle_omega_radps": 0.8476548694814837,
    "tire_fr_spindle_omega_radps": 0.830209635589046,
    "tire_rl_spindle_omega_radps": 1.0540710301023555,
    "tire_rr_spindle_omega_radps": 0.99967278000127
  },
  "val_crm_loss": 0.09790592093311716,
  "val_crm_rmse": {
    "vel_body_x_mps": 0.003334834020029201,
    "vel_body_y_mps": 0.0027217408280431257,
    "roll_rad": 6.221648487199051e-05,
    "pitch_rad": 4.173941858534491e-05,
    "roll_rate_radps": 0.004323819327391759,
    "ang_vel_body_y_radps": 0.0029380460758501423,
    "yaw_rate_radps": 0.0024206365372462565,
    "tire_fl_force_wheel_fz_n": 701.6140020384751,
    "tire_fr_force_wheel_fz_n": 678.8552618286545,
    "tire_rl_force_wheel_fz_n": 937.7314234871384,
    "tire_rr_force_wheel_fz_n": 986.5301989858432,
    "tire_fl_spindle_omega_radps": 0.1436586206819384,
    "tire_fr_spindle_omega_radps": 0.14125486257885517,
    "tire_rl_spindle_omega_radps": 0.16071842659641952,
    "tire_rr_spindle_omega_radps": 0.16363628610026096
  },
  "val_mixed_loss": 0.09790592093311716,
  "rollout_flat_5.0s": {
    "xy_rmse_m": 2.5559716287151693,
    "yaw_rmse_rad": 1.2308480400871824,
    "errdist": 0.33665886094254605,
    "mean_dist_m": 7.592170963684718,
    "episodes": 12
  },
  "rollout_flat_10.0s": {
    "xy_rmse_m": 16.145269146728786,
    "yaw_rmse_rad": 1.7264744745660519,
    "errdist": 0.45844957807393816,
    "mean_dist_m": 35.2171098391215,
    "episodes": 12
  },
  "rollout_crm_5.0s": {
    "xy_rmse_m": 2.2301648490428345,
    "yaw_rmse_rad": 0.1251725943728067,
    "errdist": 0.31162778534134583,
    "mean_dist_m": 7.1565019357949495,
    "episodes": 12
  },
  "rollout_crm_10.0s": {
    "xy_rmse_m": 7.35168632832748,
    "yaw_rmse_rad": 0.27921562927592714,
    "errdist": 0.29363519401259214,
    "mean_dist_m": 25.036802393694717,
    "episodes": 12
  },
  "rollout_sel": 0.29363519401259214
}
{
  "epoch": 5,
  "timestamp_utc": "2026-07-10T22:18:11.618156+00:00",
  "train_loss": 0.10734203416854143,
  "val_loss": 0.4839752038940787,
  "val_rmse": {
    "vel_body_x_mps": 0.007720817060992988,
    "vel_body_y_mps": 0.017574219424697553,
    "roll_rad": 0.000391307400283296,
    "pitch_rad": 0.00017253556495941877,
    "roll_rate_radps": 0.02304248298646435,
    "ang_vel_body_y_radps": 0.005858437924190398,
    "yaw_rate_radps": 0.012507679624041507,
    "tire_fl_force_wheel_fz_n": 622.0021960273074,
    "tire_fr_force_wheel_fz_n": 818.9050994792528,
    "tire_rl_force_wheel_fz_n": 581.9858161566478,
    "tire_rr_force_wheel_fz_n": 483.5898752924337,
    "tire_fl_spindle_omega_radps": 0.8837355971129074,
    "tire_fr_spindle_omega_radps": 0.8695727580604499,
    "tire_rl_spindle_omega_radps": 1.0923770446838106,
    "tire_rr_spindle_omega_radps": 1.0465046481375462
  },
  "val_flat_loss": 0.4839752038940787,
  "val_flat_rmse": {
    "vel_body_x_mps": 0.007720817060992988,
    "vel_body_y_mps": 0.017574219424697553,
    "roll_rad": 0.000391307400283296,
    "pitch_rad": 0.00017253556495941877,
    "roll_rate_radps": 0.02304248298646435,
    "ang_vel_body_y_radps": 0.005858437924190398,
    "yaw_rate_radps": 0.012507679624041507,
    "tire_fl_force_wheel_fz_n": 622.0021960273074,
    "tire_fr_force_wheel_fz_n": 818.9050994792528,
    "tire_rl_force_wheel_fz_n": 581.9858161566478,
    "tire_rr_force_wheel_fz_n": 483.5898752924337,
    "tire_fl_spindle_omega_radps": 0.8837355971129074,
    "tire_fr_spindle_omega_radps": 0.8695727580604499,
    "tire_rl_spindle_omega_radps": 1.0923770446838106,
    "tire_rr_spindle_omega_radps": 1.0465046481375462
  },
  "val_crm_loss": 0.09479829309275374,
  "val_crm_rmse": {
    "vel_body_x_mps": 0.003152738798253583,
    "vel_body_y_mps": 0.002534230638422827,
    "roll_rad": 7.195892840992727e-05,
    "pitch_rad": 6.52064680374256e-05,
    "roll_rate_radps": 0.004091704068256566,
    "ang_vel_body_y_radps": 0.0027918014689213583,
    "yaw_rate_radps": 0.0023823951643067555,
    "tire_fl_force_wheel_fz_n": 665.0838964898468,
    "tire_fr_force_wheel_fz_n": 677.2171350193875,
    "tire_rl_force_wheel_fz_n": 928.99773109315,
    "tire_rr_force_wheel_fz_n": 976.6333781777012,
    "tire_fl_spindle_omega_radps": 0.14051237379209117,
    "tire_fr_spindle_omega_radps": 0.13989535437986375,
    "tire_rl_spindle_omega_radps": 0.1591864622967522,
    "tire_rr_spindle_omega_radps": 0.16124591553787082
  },
  "val_mixed_loss": 0.09479829309275374,
  "rollout_flat_5.0s": {
    "xy_rmse_m": 2.1634007994834725,
    "yaw_rmse_rad": 0.6287852790697999,
    "errdist": 0.28495153887228936,
    "mean_dist_m": 7.592170963684718,
    "episodes": 12
  },
  "rollout_flat_10.0s": {
    "xy_rmse_m": 13.371797647688554,
    "yaw_rmse_rad": 1.2583173825766678,
    "errdist": 0.3796960542410631,
    "mean_dist_m": 35.2171098391215,
    "episodes": 12
  },
  "rollout_crm_5.0s": {
    "xy_rmse_m": 0.8425278324544466,
    "yaw_rmse_rad": 0.04711691782292319,
    "errdist": 0.11772900224344843,
    "mean_dist_m": 7.1565019357949495,
    "episodes": 12
  },
  "rollout_crm_10.0s": {
    "xy_rmse_m": 3.488452996833487,
    "yaw_rmse_rad": 0.36333727704687213,
    "errdist": 0.13933300834422932,
    "mean_dist_m": 25.036802393694717,
    "episodes": 12
  },
  "rollout_sel": 0.13933300834422932
}
{
  "epoch": 6,
  "timestamp_utc": "2026-07-10T22:19:14.745507+00:00",
  "train_loss": 0.10132856618613005,
  "val_loss": 0.4753559385985136,
  "val_rmse": {
    "vel_body_x_mps": 0.008185549340180929,
    "vel_body_y_mps": 0.01762179349916971,
    "roll_rad": 0.0003829619650463632,
    "pitch_rad": 0.0001292045278378058,
    "roll_rate_radps": 0.020927572371318485,
    "ang_vel_body_y_radps": 0.0058929297151195425,
    "yaw_rate_radps": 0.012685715461708338,
    "tire_fl_force_wheel_fz_n": 677.8739960361019,
    "tire_fr_force_wheel_fz_n": 648.4628570164459,
    "tire_rl_force_wheel_fz_n": 593.7211662334792,
    "tire_rr_force_wheel_fz_n": 544.8188307858918,
    "tire_fl_spindle_omega_radps": 0.8664730066901704,
    "tire_fr_spindle_omega_radps": 0.8463183795001697,
    "tire_rl_spindle_omega_radps": 1.0616216852399902,
    "tire_rr_spindle_omega_radps": 1.0423589110236378
  },
  "val_flat_loss": 0.4753559385985136,
  "val_flat_rmse": {
    "vel_body_x_mps": 0.008185549340180929,
    "vel_body_y_mps": 0.01762179349916971,
    "roll_rad": 0.0003829619650463632,
    "pitch_rad": 0.0001292045278378058,
    "roll_rate_radps": 0.020927572371318485,
    "ang_vel_body_y_radps": 0.0058929297151195425,
    "yaw_rate_radps": 0.012685715461708338,
    "tire_fl_force_wheel_fz_n": 677.8739960361019,
    "tire_fr_force_wheel_fz_n": 648.4628570164459,
    "tire_rl_force_wheel_fz_n": 593.7211662334792,
    "tire_rr_force_wheel_fz_n": 544.8188307858918,
    "tire_fl_spindle_omega_radps": 0.8664730066901704,
    "tire_fr_spindle_omega_radps": 0.8463183795001697,
    "tire_rl_spindle_omega_radps": 1.0616216852399902,
    "tire_rr_spindle_omega_radps": 1.0423589110236378
  },
  "val_crm_loss": 0.09235919468861539,
  "val_crm_rmse": {
    "vel_body_x_mps": 0.0031593283362827606,
    "vel_body_y_mps": 0.002491778550763203,
    "roll_rad": 6.380907902982993e-05,
    "pitch_rad": 4.649708920615188e-05,
    "roll_rate_radps": 0.004067070449755422,
    "ang_vel_body_y_radps": 0.002712784171368217,
    "yaw_rate_radps": 0.002381241864248712,
    "tire_fl_force_wheel_fz_n": 640.8841443844882,
    "tire_fr_force_wheel_fz_n": 642.1426222267709,
    "tire_rl_force_wheel_fz_n": 929.0407755807333,
    "tire_rr_force_wheel_fz_n": 965.9380747010155,
    "tire_fl_spindle_omega_radps": 0.13802122624646357,
    "tire_fr_spindle_omega_radps": 0.13733501948427201,
    "tire_rl_spindle_omega_radps": 0.15857021980687663,
    "tire_rr_spindle_omega_radps": 0.15850969271658966
  },
  "val_mixed_loss": 0.09235919468861539,
  "rollout_flat_5.0s": {
    "xy_rmse_m": 2.6659863704133633,
    "yaw_rmse_rad": 1.5695263501665677,
    "errdist": 0.351149412093781,
    "mean_dist_m": 7.592170963684718,
    "episodes": 12
  },
  "rollout_flat_10.0s": {
    "xy_rmse_m": 17.28684058530867,
    "yaw_rmse_rad": 1.8852962956511194,
    "errdist": 0.4908648286096806,
    "mean_dist_m": 35.2171098391215,
    "episodes": 12
  },
  "rollout_crm_5.0s": {
    "xy_rmse_m": 1.0950358385233578,
    "yaw_rmse_rad": 0.08476716341946021,
    "errdist": 0.15301272162678742,
    "mean_dist_m": 7.1565019357949495,
    "episodes": 12
  },
  "rollout_crm_10.0s": {
    "xy_rmse_m": 4.75290138910785,
    "yaw_rmse_rad": 0.2076529085705166,
    "errdist": 0.18983659791574758,
    "mean_dist_m": 25.036802393694717,
    "episodes": 12
  },
  "rollout_sel": 0.18983659791574758
}
{
  "epoch": 7,
  "timestamp_utc": "2026-07-10T22:20:17.933866+00:00",
  "train_loss": 0.09630591186508536,
  "val_loss": 0.4789569268003106,
  "val_rmse": {
    "vel_body_x_mps": 0.007987766565201048,
    "vel_body_y_mps": 0.017505254543076686,
    "roll_rad": 0.00035572658323830027,
    "pitch_rad": 9.629099500059266e-05,
    "roll_rate_radps": 0.024327748913290367,
    "ang_vel_body_y_radps": 0.006656682991481383,
    "yaw_rate_radps": 0.012495882161002494,
    "tire_fl_force_wheel_fz_n": 624.8839843104128,
    "tire_fr_force_wheel_fz_n": 691.521779717552,
    "tire_rl_force_wheel_fz_n": 722.8878262992267,
    "tire_rr_force_wheel_fz_n": 597.993201216512,
    "tire_fl_spindle_omega_radps": 0.8823635694678915,
    "tire_fr_spindle_omega_radps": 0.8561655037955667,
    "tire_rl_spindle_omega_radps": 1.0514979400297029,
    "tire_rr_spindle_omega_radps": 1.01775849218329
  },
  "val_flat_loss": 0.4789569268003106,
  "val_flat_rmse": {
    "vel_body_x_mps": 0.007987766565201048,
    "vel_body_y_mps": 0.017505254543076686,
    "roll_rad": 0.00035572658323830027,
    "pitch_rad": 9.629099500059266e-05,
    "roll_rate_radps": 0.024327748913290367,
    "ang_vel_body_y_radps": 0.006656682991481383,
    "yaw_rate_radps": 0.012495882161002494,
    "tire_fl_force_wheel_fz_n": 624.8839843104128,
    "tire_fr_force_wheel_fz_n": 691.521779717552,
    "tire_rl_force_wheel_fz_n": 722.8878262992267,
    "tire_rr_force_wheel_fz_n": 597.993201216512,
    "tire_fl_spindle_omega_radps": 0.8823635694678915,
    "tire_fr_spindle_omega_radps": 0.8561655037955667,
    "tire_rl_spindle_omega_radps": 1.0514979400297029,
    "tire_rr_spindle_omega_radps": 1.01775849218329
  },
  "val_crm_loss": 0.09192700561659876,
  "val_crm_rmse": {
    "vel_body_x_mps": 0.003142799984574905,
    "vel_body_y_mps": 0.0024580531548358754,
    "roll_rad": 9.152911005943525e-05,
    "pitch_rad": 4.3718809657064515e-05,
    "roll_rate_radps": 0.003869389169819448,
    "ang_vel_body_y_radps": 0.002678040240702991,
    "yaw_rate_radps": 0.0023518266371753585,
    "tire_fl_force_wheel_fz_n": 631.622197690387,
    "tire_fr_force_wheel_fz_n": 634.8128704898403,
    "tire_rl_force_wheel_fz_n": 928.2052429787615,
    "tire_rr_force_wheel_fz_n": 980.0114144942713,
    "tire_fl_spindle_omega_radps": 0.1360029075863487,
    "tire_fr_spindle_omega_radps": 0.13572021317392785,
    "tire_rl_spindle_omega_radps": 0.15726750412418017,
    "tire_rr_spindle_omega_radps": 0.15945535592324966
  },
  "val_mixed_loss": 0.09192700561659876,
  "rollout_flat_5.0s": {
    "xy_rmse_m": 2.976937396078817,
    "yaw_rmse_rad": 0.41699145846038865,
    "errdist": 0.3921062118224503,
    "mean_dist_m": 7.592170963684718,
    "episodes": 12
  },
  "rollout_flat_10.0s": {
    "xy_rmse_m": 13.98032436680357,
    "yaw_rmse_rad": 1.0416176090641285,
    "errdist": 0.3969753460936564,
    "mean_dist_m": 35.2171098391215,
    "episodes": 12
  },
  "rollout_crm_5.0s": {
    "xy_rmse_m": 0.5847228489487593,
    "yaw_rmse_rad": 0.041180867385449765,
    "errdist": 0.08170511993074837,
    "mean_dist_m": 7.1565019357949495,
    "episodes": 12
  },
  "rollout_crm_10.0s": {
    "xy_rmse_m": 2.7301824963533416,
    "yaw_rmse_rad": 0.11355746787767801,
    "errdist": 0.10904677256393222,
    "mean_dist_m": 25.036802393694717,
    "episodes": 12
  },
  "rollout_sel": 0.10904677256393222
}
{
  "epoch": 8,
  "timestamp_utc": "2026-07-10T22:21:20.962420+00:00",
  "train_loss": 0.09162844023108482,
  "val_loss": 0.4801505051087588,
  "val_rmse": {
    "vel_body_x_mps": 0.008152826468636017,
    "vel_body_y_mps": 0.01721756265083241,
    "roll_rad": 0.00039787109926203647,
    "pitch_rad": 0.00015062622869064184,
    "roll_rate_radps": 0.02359321022629609,
    "ang_vel_body_y_radps": 0.00611295225748447,
    "yaw_rate_radps": 0.01247413852826194,
    "tire_fl_force_wheel_fz_n": 603.1663404387559,
    "tire_fr_force_wheel_fz_n": 786.6752963452474,
    "tire_rl_force_wheel_fz_n": 649.3352833194683,
    "tire_rr_force_wheel_fz_n": 619.0648319519273,
    "tire_fl_spindle_omega_radps": 0.8829629278527379,
    "tire_fr_spindle_omega_radps": 0.8637579087526163,
    "tire_rl_spindle_omega_radps": 1.089403316645807,
    "tire_rr_spindle_omega_radps": 1.0414453043110292
  },
  "val_flat_loss": 0.4801505051087588,
  "val_flat_rmse": {
    "vel_body_x_mps": 0.008152826468636017,
    "vel_body_y_mps": 0.01721756265083241,
    "roll_rad": 0.00039787109926203647,
    "pitch_rad": 0.00015062622869064184,
    "roll_rate_radps": 0.02359321022629609,
    "ang_vel_body_y_radps": 0.00611295225748447,
    "yaw_rate_radps": 0.01247413852826194,
    "tire_fl_force_wheel_fz_n": 603.1663404387559,
    "tire_fr_force_wheel_fz_n": 786.6752963452474,
    "tire_rl_force_wheel_fz_n": 649.3352833194683,
    "tire_rr_force_wheel_fz_n": 619.0648319519273,
    "tire_fl_spindle_omega_radps": 0.8829629278527379,
    "tire_fr_spindle_omega_radps": 0.8637579087526163,
    "tire_rl_spindle_omega_radps": 1.089403316645807,
    "tire_rr_spindle_omega_radps": 1.0414453043110292
  },
  "val_crm_loss": 0.0915579034620896,
  "val_crm_rmse": {
    "vel_body_x_mps": 0.00301913280922069,
    "vel_body_y_mps": 0.002417895840762091,
    "roll_rad": 6.072243661156681e-05,
    "pitch_rad": 4.170328402477397e-05,
    "roll_rate_radps": 0.004022549572064067,
    "ang_vel_body_y_radps": 0.002636297672798345,
    "yaw_rate_radps": 0.002410141000948683,
    "tire_fl_force_wheel_fz_n": 629.3870057293501,
    "tire_fr_force_wheel_fz_n": 631.3320629730388,
    "tire_rl_force_wheel_fz_n": 934.8742314414711,
    "tire_rr_force_wheel_fz_n": 973.8660773232499,
    "tire_fl_spindle_omega_radps": 0.1352014078357689,
    "tire_fr_spindle_omega_radps": 0.1339387859364989,
    "tire_rl_spindle_omega_radps": 0.15903687404728678,
    "tire_rr_spindle_omega_radps": 0.15850026350175453
  },
  "val_mixed_loss": 0.0915579034620896,
  "rollout_flat_5.0s": {
    "xy_rmse_m": 2.6289394887076534,
    "yaw_rmse_rad": 0.636763314807482,
    "errdist": 0.34626979572543065,
    "mean_dist_m": 7.592170963684718,
    "episodes": 12
  },
  "rollout_flat_10.0s": {
    "xy_rmse_m": 14.376541799110191,
    "yaw_rmse_rad": 1.0685931302179588,
    "errdist": 0.4082260544600334,
    "mean_dist_m": 35.2171098391215,
    "episodes": 12
  },
  "rollout_crm_5.0s": {
    "xy_rmse_m": 0.7954297923674815,
    "yaw_rmse_rad": 0.059578354902346614,
    "errdist": 0.11114784841864568,
    "mean_dist_m": 7.1565019357949495,
    "episodes": 12
  },
  "rollout_crm_10.0s": {
    "xy_rmse_m": 3.836397273606351,
    "yaw_rmse_rad": 0.2099274198052752,
    "errdist": 0.15323032123992447,
    "mean_dist_m": 25.036802393694717,
    "episodes": 12
  },
  "rollout_sel": 0.15323032123992447
}
{
  "epoch": 9,
  "timestamp_utc": "2026-07-10T22:22:24.355147+00:00",
  "train_loss": 0.08760717533901334,
  "val_loss": 0.4896158368978649,
  "val_rmse": {
    "vel_body_x_mps": 0.008526929059517912,
    "vel_body_y_mps": 0.017091893921616984,
    "roll_rad": 0.0003549519029876661,
    "pitch_rad": 0.00011034924427765938,
    "roll_rate_radps": 0.026250020739166578,
    "ang_vel_body_y_radps": 0.005502095144825675,
    "yaw_rate_radps": 0.01268357607127705,
    "tire_fl_force_wheel_fz_n": 681.8168384248573,
    "tire_fr_force_wheel_fz_n": 717.881710973129,
    "tire_rl_force_wheel_fz_n": 717.3975899495549,
    "tire_rr_force_wheel_fz_n": 565.818403856377,
    "tire_fl_spindle_omega_radps": 0.8780749784104164,
    "tire_fr_spindle_omega_radps": 0.8595403177634834,
    "tire_rl_spindle_omega_radps": 1.0874355328419563,
    "tire_rr_spindle_omega_radps": 1.0423390675490871
  },
  "val_flat_loss": 0.4896158368978649,
  "val_flat_rmse": {
    "vel_body_x_mps": 0.008526929059517912,
    "vel_body_y_mps": 0.017091893921616984,
    "roll_rad": 0.0003549519029876661,
    "pitch_rad": 0.00011034924427765938,
    "roll_rate_radps": 0.026250020739166578,
    "ang_vel_body_y_radps": 0.005502095144825675,
    "yaw_rate_radps": 0.01268357607127705,
    "tire_fl_force_wheel_fz_n": 681.8168384248573,
    "tire_fr_force_wheel_fz_n": 717.881710973129,
    "tire_rl_force_wheel_fz_n": 717.3975899495549,
    "tire_rr_force_wheel_fz_n": 565.818403856377,
    "tire_fl_spindle_omega_radps": 0.8780749784104164,
    "tire_fr_spindle_omega_radps": 0.8595403177634834,
    "tire_rl_spindle_omega_radps": 1.0874355328419563,
    "tire_rr_spindle_omega_radps": 1.0423390675490871
  },
  "val_crm_loss": 0.09347276904038154,
  "val_crm_rmse": {
    "vel_body_x_mps": 0.0031521132214309905,
    "vel_body_y_mps": 0.002439773697730064,
    "roll_rad": 8.647819864358308e-05,
    "pitch_rad": 3.674691635639226e-05,
    "roll_rate_radps": 0.0038973629573226037,
    "ang_vel_body_y_radps": 0.0026391629469063272,
    "yaw_rate_radps": 0.002397017521066454,
    "tire_fl_force_wheel_fz_n": 618.443488092378,
    "tire_fr_force_wheel_fz_n": 629.6623599762024,
    "tire_rl_force_wheel_fz_n": 946.1889413597396,
    "tire_rr_force_wheel_fz_n": 998.5384804825474,
    "tire_fl_spindle_omega_radps": 0.13812936138905513,
    "tire_fr_spindle_omega_radps": 0.14045647535673317,
    "tire_rl_spindle_omega_radps": 0.1576475551246842,
    "tire_rr_spindle_omega_radps": 0.15864972689009182
  },
  "val_mixed_loss": 0.09347276904038154,
  "rollout_flat_5.0s": {
    "xy_rmse_m": 2.679814298278607,
    "yaw_rmse_rad": 1.1066842023387045,
    "errdist": 0.35297075251556365,
    "mean_dist_m": 7.592170963684718,
    "episodes": 12
  },
  "rollout_flat_10.0s": {
    "xy_rmse_m": 18.014920618999522,
    "yaw_rmse_rad": 1.785160757425017,
    "errdist": 0.5115388713410932,
    "mean_dist_m": 35.2171098391215,
    "episodes": 12
  },
  "rollout_crm_5.0s": {
    "xy_rmse_m": 1.418913023064735,
    "yaw_rmse_rad": 0.10668588285779285,
    "errdist": 0.19826907556158177,
    "mean_dist_m": 7.1565019357949495,
    "episodes": 12
  },
  "rollout_crm_10.0s": {
    "xy_rmse_m": 5.357081487356196,
    "yaw_rmse_rad": 0.2965498900873022,
    "errdist": 0.21396827770248036,
    "mean_dist_m": 25.036802393694717,
    "episodes": 12
  },
  "rollout_sel": 0.21396827770248036
}
{
  "epoch": 10,
  "timestamp_utc": "2026-07-10T22:23:27.857996+00:00",
  "train_loss": 0.08390689943730831,
  "val_loss": 0.5149803984537721,
  "val_rmse": {
    "vel_body_x_mps": 0.008663941348216233,
    "vel_body_y_mps": 0.01709290760165373,
    "roll_rad": 0.00033819747759870477,
    "pitch_rad": 0.00017626792407577982,
    "roll_rate_radps": 0.028203348935374715,
    "ang_vel_body_y_radps": 0.006591993519987719,
    "yaw_rate_radps": 0.012544713639769913,
    "tire_fl_force_wheel_fz_n": 742.3331322860046,
    "tire_fr_force_wheel_fz_n": 985.0771087511611,
    "tire_rl_force_wheel_fz_n": 816.7828744585609,
    "tire_rr_force_wheel_fz_n": 586.306935763858,
    "tire_fl_spindle_omega_radps": 0.8733388350759366,
    "tire_fr_spindle_omega_radps": 0.8660170521617382,
    "tire_rl_spindle_omega_radps": 1.0799783298665453,
    "tire_rr_spindle_omega_radps": 1.034848582811768
  },
  "val_flat_loss": 0.5149803984537721,
  "val_flat_rmse": {
    "vel_body_x_mps": 0.008663941348216233,
    "vel_body_y_mps": 0.01709290760165373,
    "roll_rad": 0.00033819747759870477,
    "pitch_rad": 0.00017626792407577982,
    "roll_rate_radps": 0.028203348935374715,
    "ang_vel_body_y_radps": 0.006591993519987719,
    "yaw_rate_radps": 0.012544713639769913,
    "tire_fl_force_wheel_fz_n": 742.3331322860046,
    "tire_fr_force_wheel_fz_n": 985.0771087511611,
    "tire_rl_force_wheel_fz_n": 816.7828744585609,
    "tire_rr_force_wheel_fz_n": 586.306935763858,
    "tire_fl_spindle_omega_radps": 0.8733388350759366,
    "tire_fr_spindle_omega_radps": 0.8660170521617382,
    "tire_rl_spindle_omega_radps": 1.0799783298665453,
    "tire_rr_spindle_omega_radps": 1.034848582811768
  },
  "val_crm_loss": 0.09215252998052165,
  "val_crm_rmse": {
    "vel_body_x_mps": 0.003019330725920234,
    "vel_body_y_mps": 0.0024360313656667043,
    "roll_rad": 6.015060079272553e-05,
    "pitch_rad": 3.697229158718663e-05,
    "roll_rate_radps": 0.003926182763802505,
    "ang_vel_body_y_radps": 0.0026990532298727214,
    "yaw_rate_radps": 0.0023591045469289885,
    "tire_fl_force_wheel_fz_n": 628.8014665406963,
    "tire_fr_force_wheel_fz_n": 624.9075293751671,
    "tire_rl_force_wheel_fz_n": 940.2819634891638,
    "tire_rr_force_wheel_fz_n": 991.2727215668975,
    "tire_fl_spindle_omega_radps": 0.135050533145174,
    "tire_fr_spindle_omega_radps": 0.13659922216840803,
    "tire_rl_spindle_omega_radps": 0.15537445915011505,
    "tire_rr_spindle_omega_radps": 0.1563140389629266
  },
  "val_mixed_loss": 0.09215252998052165,
  "rollout_flat_5.0s": {
    "xy_rmse_m": 2.738447984031602,
    "yaw_rmse_rad": 0.7919133344813857,
    "errdist": 0.36069366682208476,
    "mean_dist_m": 7.592170963684718,
    "episodes": 12
  },
  "rollout_flat_10.0s": {
    "xy_rmse_m": 17.409152080784263,
    "yaw_rmse_rad": 1.727819967269285,
    "errdist": 0.49433789883135226,
    "mean_dist_m": 35.2171098391215,
    "episodes": 12
  },
  "rollout_crm_5.0s": {
    "xy_rmse_m": 0.814804361378279,
    "yaw_rmse_rad": 0.03888029352982234,
    "errdist": 0.11385511646448958,
    "mean_dist_m": 7.1565019357949495,
    "episodes": 12
  },
  "rollout_crm_10.0s": {
    "xy_rmse_m": 2.0854781736690353,
    "yaw_rmse_rad": 0.10406955352138748,
    "errdist": 0.08329650651371692,
    "mean_dist_m": 25.036802393694717,
    "episodes": 12
  },
  "rollout_sel": 0.08329650651371692
}
{
  "epoch": 11,
  "timestamp_utc": "2026-07-10T22:24:31.236185+00:00",
  "train_loss": 0.08017706940323115,
  "val_loss": 0.5200794049911202,
  "val_rmse": {
    "vel_body_x_mps": 0.008143573028497835,
    "vel_body_y_mps": 0.017314000004413056,
    "roll_rad": 0.00037796602241103123,
    "pitch_rad": 0.00014266025444330173,
    "roll_rate_radps": 0.031344158559035905,
    "ang_vel_body_y_radps": 0.006285767459553487,
    "yaw_rate_radps": 0.012584816832214308,
    "tire_fl_force_wheel_fz_n": 808.691771453018,
    "tire_fr_force_wheel_fz_n": 934.7769480666063,
    "tire_rl_force_wheel_fz_n": 818.4270095559549,
    "tire_rr_force_wheel_fz_n": 652.2345264269433,
    "tire_fl_spindle_omega_radps": 0.8789226390264261,
    "tire_fr_spindle_omega_radps": 0.8550191140243831,
    "tire_rl_spindle_omega_radps": 1.064614694442359,
    "tire_rr_spindle_omega_radps": 1.031838809682271
  },
  "val_flat_loss": 0.5200794049911202,
  "val_flat_rmse": {
    "vel_body_x_mps": 0.008143573028497835,
    "vel_body_y_mps": 0.017314000004413056,
    "roll_rad": 0.00037796602241103123,
    "pitch_rad": 0.00014266025444330173,
    "roll_rate_radps": 0.031344158559035905,
    "ang_vel_body_y_radps": 0.006285767459553487,
    "yaw_rate_radps": 0.012584816832214308,
    "tire_fl_force_wheel_fz_n": 808.691771453018,
    "tire_fr_force_wheel_fz_n": 934.7769480666063,
    "tire_rl_force_wheel_fz_n": 818.4270095559549,
    "tire_rr_force_wheel_fz_n": 652.2345264269433,
    "tire_fl_spindle_omega_radps": 0.8789226390264261,
    "tire_fr_spindle_omega_radps": 0.8550191140243831,
    "tire_rl_spindle_omega_radps": 1.064614694442359,
    "tire_rr_spindle_omega_radps": 1.031838809682271
  },
  "val_crm_loss": 0.093987465625396,
  "val_crm_rmse": {
    "vel_body_x_mps": 0.003098674719777259,
    "vel_body_y_mps": 0.002425406933501849,
    "roll_rad": 5.9145049547350235e-05,
    "pitch_rad": 6.289497675851965e-05,
    "roll_rate_radps": 0.003912042731072123,
    "ang_vel_body_y_radps": 0.0027698857225979764,
    "yaw_rate_radps": 0.0023593609130011517,
    "tire_fl_force_wheel_fz_n": 625.8343164921677,
    "tire_fr_force_wheel_fz_n": 625.9074844568653,
    "tire_rl_force_wheel_fz_n": 958.8950911231266,
    "tire_rr_force_wheel_fz_n": 1007.0782813251395,
    "tire_fl_spindle_omega_radps": 0.13470141935436183,
    "tire_fr_spindle_omega_radps": 0.1322924162467894,
    "tire_rl_spindle_omega_radps": 0.1551336427538905,
    "tire_rr_spindle_omega_radps": 0.15550757219432562
  },
  "val_mixed_loss": 0.093987465625396,
  "rollout_flat_5.0s": {
    "xy_rmse_m": 3.1800922909825537,
    "yaw_rmse_rad": 1.2076587016170883,
    "errdist": 0.41886468392160064,
    "mean_dist_m": 7.592170963684718,
    "episodes": 12
  },
  "rollout_flat_10.0s": {
    "xy_rmse_m": 17.931513292115433,
    "yaw_rmse_rad": 1.7063049322468407,
    "errdist": 0.5091704962170382,
    "mean_dist_m": 35.2171098391215,
    "episodes": 12
  },
  "rollout_crm_5.0s": {
    "xy_rmse_m": 1.428236203639452,
    "yaw_rmse_rad": 0.11662758805666422,
    "errdist": 0.19957183222375563,
    "mean_dist_m": 7.1565019357949495,
    "episodes": 12
  },
  "rollout_crm_10.0s": {
    "xy_rmse_m": 5.973927762109368,
    "yaw_rmse_rad": 0.32395132078183747,
    "errdist": 0.23860585981274693,
    "mean_dist_m": 25.036802393694717,
    "episodes": 12
  },
  "rollout_sel": 0.23860585981274693
}
{
  "epoch": 12,
  "timestamp_utc": "2026-07-10T22:25:34.633421+00:00",
  "train_loss": 0.07738959265872836,
  "val_loss": 0.5242270145192742,
  "val_rmse": {
    "vel_body_x_mps": 0.009133606761939873,
    "vel_body_y_mps": 0.01722989976617009,
    "roll_rad": 0.00035617976176510616,
    "pitch_rad": 0.00012258648468032248,
    "roll_rate_radps": 0.02887943991439098,
    "ang_vel_body_y_radps": 0.0057012459796222225,
    "yaw_rate_radps": 0.012728387739749155,
    "tire_fl_force_wheel_fz_n": 763.7399918006674,
    "tire_fr_force_wheel_fz_n": 897.9798317623581,
    "tire_rl_force_wheel_fz_n": 854.0242201904317,
    "tire_rr_force_wheel_fz_n": 716.4679971464592,
    "tire_fl_spindle_omega_radps": 0.8864983179385806,
    "tire_fr_spindle_omega_radps": 0.8589730174136753,
    "tire_rl_spindle_omega_radps": 1.0807856290755131,
    "tire_rr_spindle_omega_radps": 1.04590772667846
  },
  "val_flat_loss": 0.5242270145192742,
  "val_flat_rmse": {
    "vel_body_x_mps": 0.009133606761939873,
    "vel_body_y_mps": 0.01722989976617009,
    "roll_rad": 0.00035617976176510616,
    "pitch_rad": 0.00012258648468032248,
    "roll_rate_radps": 0.02887943991439098,
    "ang_vel_body_y_radps": 0.0057012459796222225,
    "yaw_rate_radps": 0.012728387739749155,
    "tire_fl_force_wheel_fz_n": 763.7399918006674,
    "tire_fr_force_wheel_fz_n": 897.9798317623581,
    "tire_rl_force_wheel_fz_n": 854.0242201904317,
    "tire_rr_force_wheel_fz_n": 716.4679971464592,
    "tire_fl_spindle_omega_radps": 0.8864983179385806,
    "tire_fr_spindle_omega_radps": 0.8589730174136753,
    "tire_rl_spindle_omega_radps": 1.0807856290755131,
    "tire_rr_spindle_omega_radps": 1.04590772667846
  },
  "val_crm_loss": 0.09451120839687065,
  "val_crm_rmse": {
    "vel_body_x_mps": 0.0030094775601851856,
    "vel_body_y_mps": 0.0024538538807962647,
    "roll_rad": 6.668495185573533e-05,
    "pitch_rad": 3.8827333145591205e-05,
    "roll_rate_radps": 0.003943581045529436,
    "ang_vel_body_y_radps": 0.0026447761739452095,
    "yaw_rate_radps": 0.0023647855607441836,
    "tire_fl_force_wheel_fz_n": 620.089998825224,
    "tire_fr_force_wheel_fz_n": 624.7963023351059,
    "tire_rl_force_wheel_fz_n": 974.811575934262,
    "tire_rr_force_wheel_fz_n": 1025.0846800370412,
    "tire_fl_spindle_omega_radps": 0.13910519608853256,
    "tire_fr_spindle_omega_radps": 0.13827899639463104,
    "tire_rl_spindle_omega_radps": 0.160628591796251,
    "tire_rr_spindle_omega_radps": 0.16151292053134267
  },
  "val_mixed_loss": 0.09451120839687065,
  "rollout_flat_5.0s": {
    "xy_rmse_m": 2.554125623098384,
    "yaw_rmse_rad": 0.6236216349346244,
    "errdist": 0.3364157149931707,
    "mean_dist_m": 7.592170963684718,
    "episodes": 12
  },
  "rollout_flat_10.0s": {
    "xy_rmse_m": 14.022490758432058,
    "yaw_rmse_rad": 1.0548772540408353,
    "errdist": 0.3981726729561137,
    "mean_dist_m": 35.2171098391215,
    "episodes": 12
  },
  "rollout_crm_5.0s": {
    "xy_rmse_m": 0.9085497992948383,
    "yaw_rmse_rad": 0.050745627612369,
    "errdist": 0.12695445448711612,
    "mean_dist_m": 7.1565019357949495,
    "episodes": 12
  },
  "rollout_crm_10.0s": {
    "xy_rmse_m": 4.012042366780312,
    "yaw_rmse_rad": 0.14352487668898858,
    "errdist": 0.160245797514091,
    "mean_dist_m": 25.036802393694717,
    "episodes": 12
  },
  "rollout_sel": 0.160245797514091
}
{
  "epoch": 13,
  "timestamp_utc": "2026-07-10T22:26:37.913902+00:00",
  "train_loss": 0.07494014111347497,
  "val_loss": 0.5429397775791586,
  "val_rmse": {
    "vel_body_x_mps": 0.008839150312890747,
    "vel_body_y_mps": 0.017378370834119784,
    "roll_rad": 0.0003802337549816723,
    "pitch_rad": 8.465103747721823e-05,
    "roll_rate_radps": 0.03201145393024411,
    "ang_vel_body_y_radps": 0.0070549466613206695,
    "yaw_rate_radps": 0.012824509069626231,
    "tire_fl_force_wheel_fz_n": 809.2520697753005,
    "tire_fr_force_wheel_fz_n": 999.947231990337,
    "tire_rl_force_wheel_fz_n": 856.8074203497576,
    "tire_rr_force_wheel_fz_n": 790.954405166471,
    "tire_fl_spindle_omega_radps": 0.874857151110222,
    "tire_fr_spindle_omega_radps": 0.8648390669905085,
    "tire_rl_spindle_omega_radps": 1.094833666608528,
    "tire_rr_spindle_omega_radps": 1.048735097440351
  },
  "val_flat_loss": 0.5429397775791586,
  "val_flat_rmse": {
    "vel_body_x_mps": 0.008839150312890747,
    "vel_body_y_mps": 0.017378370834119784,
    "roll_rad": 0.0003802337549816723,
    "pitch_rad": 8.465103747721823e-05,
    "roll_rate_radps": 0.03201145393024411,
    "ang_vel_body_y_radps": 0.0070549466613206695,
    "yaw_rate_radps": 0.012824509069626231,
    "tire_fl_force_wheel_fz_n": 809.2520697753005,
    "tire_fr_force_wheel_fz_n": 999.947231990337,
    "tire_rl_force_wheel_fz_n": 856.8074203497576,
    "tire_rr_force_wheel_fz_n": 790.954405166471,
    "tire_fl_spindle_omega_radps": 0.874857151110222,
    "tire_fr_spindle_omega_radps": 0.8648390669905085,
    "tire_rl_spindle_omega_radps": 1.094833666608528,
    "tire_rr_spindle_omega_radps": 1.048735097440351
  },
  "val_crm_loss": 0.09444661126181017,
  "val_crm_rmse": {
    "vel_body_x_mps": 0.0030259362605181707,
    "vel_body_y_mps": 0.002421493095344377,
    "roll_rad": 6.0715848950733026e-05,
    "pitch_rad": 3.620756239578252e-05,
    "roll_rate_radps": 0.0039051737553594756,
    "ang_vel_body_y_radps": 0.0026379449024591735,
    "yaw_rate_radps": 0.0023372333822691,
    "tire_fl_force_wheel_fz_n": 628.9847273183245,
    "tire_fr_force_wheel_fz_n": 633.1438690638214,
    "tire_rl_force_wheel_fz_n": 965.5992027475373,
    "tire_rr_force_wheel_fz_n": 1017.3554924780503,
    "tire_fl_spindle_omega_radps": 0.1412754416397796,
    "tire_fr_spindle_omega_radps": 0.13917590392855697,
    "tire_rl_spindle_omega_radps": 0.1617383469023395,
    "tire_rr_spindle_omega_radps": 0.1631974123473627
  },
  "val_mixed_loss": 0.09444661126181017,
  "rollout_flat_5.0s": {
    "xy_rmse_m": 2.3894772805778643,
    "yaw_rmse_rad": 0.47330687026923796,
    "errdist": 0.3147291192476225,
    "mean_dist_m": 7.592170963684718,
    "episodes": 12
  },
  "rollout_flat_10.0s": {
    "xy_rmse_m": 13.159377742692463,
    "yaw_rmse_rad": 1.1279118389528464,
    "errdist": 0.373664329719475,
    "mean_dist_m": 35.2171098391215,
    "episodes": 12
  },
  "rollout_crm_5.0s": {
    "xy_rmse_m": 0.6916440124325351,
    "yaw_rmse_rad": 0.05132290364818151,
    "errdist": 0.09664554256222763,
    "mean_dist_m": 7.1565019357949495,
    "episodes": 12
  },
  "rollout_crm_10.0s": {
    "xy_rmse_m": 3.1414403416661276,
    "yaw_rmse_rad": 0.16607585856225424,
    "errdist": 0.12547290553594295,
    "mean_dist_m": 25.036802393694717,
    "episodes": 12
  },
  "rollout_sel": 0.12547290553594295
}
{
  "epoch": 14,
  "timestamp_utc": "2026-07-10T22:27:41.150569+00:00",
  "train_loss": 0.07230505834706127,
  "val_loss": 0.5587903660908341,
  "val_rmse": {
    "vel_body_x_mps": 0.009405225937524,
    "vel_body_y_mps": 0.017707181978029663,
    "roll_rad": 0.00036981939957837534,
    "pitch_rad": 0.00012706142978538294,
    "roll_rate_radps": 0.032313166709587185,
    "ang_vel_body_y_radps": 0.0061440680204275355,
    "yaw_rate_radps": 0.012859186788155385,
    "tire_fl_force_wheel_fz_n": 899.3815133130421,
    "tire_fr_force_wheel_fz_n": 1035.3162854841846,
    "tire_rl_force_wheel_fz_n": 993.0444542935251,
    "tire_rr_force_wheel_fz_n": 747.7836046721698,
    "tire_fl_spindle_omega_radps": 0.8854945025584763,
    "tire_fr_spindle_omega_radps": 0.8676226673616652,
    "tire_rl_spindle_omega_radps": 1.090618333964048,
    "tire_rr_spindle_omega_radps": 1.0464345818818643
  },
  "val_flat_loss": 0.5587903660908341,
  "val_flat_rmse": {
    "vel_body_x_mps": 0.009405225937524,
    "vel_body_y_mps": 0.017707181978029663,
    "roll_rad": 0.00036981939957837534,
    "pitch_rad": 0.00012706142978538294,
    "roll_rate_radps": 0.032313166709587185,
    "ang_vel_body_y_radps": 0.0061440680204275355,
    "yaw_rate_radps": 0.012859186788155385,
    "tire_fl_force_wheel_fz_n": 899.3815133130421,
    "tire_fr_force_wheel_fz_n": 1035.3162854841846,
    "tire_rl_force_wheel_fz_n": 993.0444542935251,
    "tire_rr_force_wheel_fz_n": 747.7836046721698,
    "tire_fl_spindle_omega_radps": 0.8854945025584763,
    "tire_fr_spindle_omega_radps": 0.8676226673616652,
    "tire_rl_spindle_omega_radps": 1.090618333964048,
    "tire_rr_spindle_omega_radps": 1.0464345818818643
  },
  "val_crm_loss": 0.09584296863991768,
  "val_crm_rmse": {
    "vel_body_x_mps": 0.003057247023211821,
    "vel_body_y_mps": 0.0024928236912751616,
    "roll_rad": 5.67568482012619e-05,
    "pitch_rad": 3.676734492252918e-05,
    "roll_rate_radps": 0.003941434892417431,
    "ang_vel_body_y_radps": 0.002702613221407165,
    "yaw_rate_radps": 0.0023261903206788334,
    "tire_fl_force_wheel_fz_n": 623.2668880427299,
    "tire_fr_force_wheel_fz_n": 630.9959420989271,
    "tire_rl_force_wheel_fz_n": 983.0543395971711,
    "tire_rr_force_wheel_fz_n": 1033.540436177122,
    "tire_fl_spindle_omega_radps": 0.14284544794726445,
    "tire_fr_spindle_omega_radps": 0.14427502011166754,
    "tire_rl_spindle_omega_radps": 0.16449377031260534,
    "tire_rr_spindle_omega_radps": 0.16631182488601137
  },
  "val_mixed_loss": 0.09584296863991768,
  "rollout_flat_5.0s": {
    "xy_rmse_m": 2.789263876148061,
    "yaw_rmse_rad": 1.130041633277856,
    "errdist": 0.367386863321416,
    "mean_dist_m": 7.592170963684718,
    "episodes": 12
  },
  "rollout_flat_10.0s": {
    "xy_rmse_m": 14.341948711334233,
    "yaw_rmse_rad": 1.4700788103979066,
    "errdist": 0.40724377374665327,
    "mean_dist_m": 35.2171098391215,
    "episodes": 12
  },
  "rollout_crm_5.0s": {
    "xy_rmse_m": 0.9078120034326452,
    "yaw_rmse_rad": 0.0756742860710717,
    "errdist": 0.12685136000481007,
    "mean_dist_m": 7.1565019357949495,
    "episodes": 12
  },
  "rollout_crm_10.0s": {
    "xy_rmse_m": 2.6254051956614717,
    "yaw_rmse_rad": 0.4844869470285986,
    "errdist": 0.10486184115598784,
    "mean_dist_m": 25.036802393694717,
    "episodes": 12
  },
  "rollout_sel": 0.10486184115598784
}
{
  "epoch": 15,
  "timestamp_utc": "2026-07-10T22:28:44.583821+00:00",
  "train_loss": 0.07023466913402081,
  "val_loss": 0.5547542447596788,
  "val_rmse": {
    "vel_body_x_mps": 0.008646467350497247,
    "vel_body_y_mps": 0.01761697362817828,
    "roll_rad": 0.00036207402541508143,
    "pitch_rad": 0.00010038367908076058,
    "roll_rate_radps": 0.03495881403054526,
    "ang_vel_body_y_radps": 0.006093183870797752,
    "yaw_rate_radps": 0.012547846507603131,
    "tire_fl_force_wheel_fz_n": 879.7711000614978,
    "tire_fr_force_wheel_fz_n": 1051.421258684116,
    "tire_rl_force_wheel_fz_n": 1012.6471946584404,
    "tire_rr_force_wheel_fz_n": 719.8102075428026,
    "tire_fl_spindle_omega_radps": 0.8864187074893617,
    "tire_fr_spindle_omega_radps": 0.8723855501518247,
    "tire_rl_spindle_omega_radps": 1.0693023806037245,
    "tire_rr_spindle_omega_radps": 1.038547099431214
  },
  "val_flat_loss": 0.5547542447596788,
  "val_flat_rmse": {
    "vel_body_x_mps": 0.008646467350497247,
    "vel_body_y_mps": 0.01761697362817828,
    "roll_rad": 0.00036207402541508143,
    "pitch_rad": 0.00010038367908076058,
    "roll_rate_radps": 0.03495881403054526,
    "ang_vel_body_y_radps": 0.006093183870797752,
    "yaw_rate_radps": 0.012547846507603131,
    "tire_fl_force_wheel_fz_n": 879.7711000614978,
    "tire_fr_force_wheel_fz_n": 1051.421258684116,
    "tire_rl_force_wheel_fz_n": 1012.6471946584404,
    "tire_rr_force_wheel_fz_n": 719.8102075428026,
    "tire_fl_spindle_omega_radps": 0.8864187074893617,
    "tire_fr_spindle_omega_radps": 0.8723855501518247,
    "tire_rl_spindle_omega_radps": 1.0693023806037245,
    "tire_rr_spindle_omega_radps": 1.038547099431214
  },
  "val_crm_loss": 0.09616594298917334,
  "val_crm_rmse": {
    "vel_body_x_mps": 0.0030566642187668824,
    "vel_body_y_mps": 0.002488729851796917,
    "roll_rad": 5.7848839728754555e-05,
    "pitch_rad": 4.22294420978347e-05,
    "roll_rate_radps": 0.003962358155422145,
    "ang_vel_body_y_radps": 0.0026044185788728852,
    "yaw_rate_radps": 0.00235129379879302,
    "tire_fl_force_wheel_fz_n": 631.8120919727544,
    "tire_fr_force_wheel_fz_n": 620.0839825145412,
    "tire_rl_force_wheel_fz_n": 991.0294413915432,
    "tire_rr_force_wheel_fz_n": 1044.4976277765534,
    "tire_fl_spindle_omega_radps": 0.1347822121054619,
    "tire_fr_spindle_omega_radps": 0.13425845712219797,
    "tire_rl_spindle_omega_radps": 0.15742361488952988,
    "tire_rr_spindle_omega_radps": 0.15886470678581652
  },
  "val_mixed_loss": 0.09616594298917334,
  "rollout_flat_5.0s": {
    "xy_rmse_m": 2.794776265351557,
    "yaw_rmse_rad": 1.642622135136729,
    "errdist": 0.36811292563348236,
    "mean_dist_m": 7.592170963684718,
    "episodes": 12
  },
  "rollout_flat_10.0s": {
    "xy_rmse_m": 15.457258406426215,
    "yaw_rmse_rad": 1.7394157931421377,
    "errdist": 0.438913314495083,
    "mean_dist_m": 35.2171098391215,
    "episodes": 12
  },
  "rollout_crm_5.0s": {
    "xy_rmse_m": 0.7247888332076543,
    "yaw_rmse_rad": 0.04421572217414979,
    "errdist": 0.10127697018880834,
    "mean_dist_m": 7.1565019357949495,
    "episodes": 12
  },
  "rollout_crm_10.0s": {
    "xy_rmse_m": 2.5223334092528824,
    "yaw_rmse_rad": 0.1928644735624609,
    "errdist": 0.10074503003978288,
    "mean_dist_m": 25.036802393694717,
    "episodes": 12
  },
  "rollout_sel": 0.10074503003978288
}
{
  "epoch": 16,
  "timestamp_utc": "2026-07-10T22:29:47.602693+00:00",
  "train_loss": 0.06805179226957261,
  "val_loss": 0.5817862211167812,
  "val_rmse": {
    "vel_body_x_mps": 0.009556869646311333,
    "vel_body_y_mps": 0.01744177990197206,
    "roll_rad": 0.0004047639197681596,
    "pitch_rad": 0.00011268501509484052,
    "roll_rate_radps": 0.035172489868220205,
    "ang_vel_body_y_radps": 0.005914255058585069,
    "yaw_rate_radps": 0.012657576374202178,
    "tire_fl_force_wheel_fz_n": 955.4656176736013,
    "tire_fr_force_wheel_fz_n": 1158.9541405729442,
    "tire_rl_force_wheel_fz_n": 1068.9516959851878,
    "tire_rr_force_wheel_fz_n": 893.4875018252739,
    "tire_fl_spindle_omega_radps": 0.8943246769922536,
    "tire_fr_spindle_omega_radps": 0.8737457519840677,
    "tire_rl_spindle_omega_radps": 1.0800795573468978,
    "tire_rr_spindle_omega_radps": 1.0466155643792023
  },
  "val_flat_loss": 0.5817862211167812,
  "val_flat_rmse": {
    "vel_body_x_mps": 0.009556869646311333,
    "vel_body_y_mps": 0.01744177990197206,
    "roll_rad": 0.0004047639197681596,
    "pitch_rad": 0.00011268501509484052,
    "roll_rate_radps": 0.035172489868220205,
    "ang_vel_body_y_radps": 0.005914255058585069,
    "yaw_rate_radps": 0.012657576374202178,
    "tire_fl_force_wheel_fz_n": 955.4656176736013,
    "tire_fr_force_wheel_fz_n": 1158.9541405729442,
    "tire_rl_force_wheel_fz_n": 1068.9516959851878,
    "tire_rr_force_wheel_fz_n": 893.4875018252739,
    "tire_fl_spindle_omega_radps": 0.8943246769922536,
    "tire_fr_spindle_omega_radps": 0.8737457519840677,
    "tire_rl_spindle_omega_radps": 1.0800795573468978,
    "tire_rr_spindle_omega_radps": 1.0466155643792023
  },
  "val_crm_loss": 0.09631882521032821,
  "val_crm_rmse": {
    "vel_body_x_mps": 0.0030140929573738455,
    "vel_body_y_mps": 0.0024014860880385925,
    "roll_rad": 5.42568029743247e-05,
    "pitch_rad": 3.770023369686639e-05,
    "roll_rate_radps": 0.004071661602518122,
    "ang_vel_body_y_radps": 0.0026085809018797056,
    "yaw_rate_radps": 0.002347948895107541,
    "tire_fl_force_wheel_fz_n": 629.9246196048201,
    "tire_fr_force_wheel_fz_n": 629.3938076746228,
    "tire_rl_force_wheel_fz_n": 986.96294925365,
    "tire_rr_force_wheel_fz_n": 1041.1085179542627,
    "tire_fl_spindle_omega_radps": 0.13670333987213915,
    "tire_fr_spindle_omega_radps": 0.1395428789751518,
    "tire_rl_spindle_omega_radps": 0.15947733949260967,
    "tire_rr_spindle_omega_radps": 0.16061248333084535
  },
  "val_mixed_loss": 0.09631882521032821,
  "rollout_flat_5.0s": {
    "xy_rmse_m": 2.9208945643327993,
    "yaw_rmse_rad": 0.5309345468158704,
    "errdist": 0.38472455089646684,
    "mean_dist_m": 7.592170963684718,
    "episodes": 12
  },
  "rollout_flat_10.0s": {
    "xy_rmse_m": 13.947861774605315,
    "yaw_rmse_rad": 0.9548269253493167,
    "errdist": 0.39605356141721504,
    "mean_dist_m": 35.2171098391215,
    "episodes": 12
  },
  "rollout_crm_5.0s": {
    "xy_rmse_m": 0.4180680526704543,
    "yaw_rmse_rad": 0.027858435523205174,
    "errdist": 0.0584179332893613,
    "mean_dist_m": 7.1565019357949495,
    "episodes": 12
  },
  "rollout_crm_10.0s": {
    "xy_rmse_m": 2.3073651354755715,
    "yaw_rmse_rad": 0.09522303851475068,
    "errdist": 0.09215893863733413,
    "mean_dist_m": 25.036802393694717,
    "episodes": 12
  },
  "rollout_sel": 0.09215893863733413
}
{
  "epoch": 17,
  "timestamp_utc": "2026-07-10T22:30:50.592303+00:00",
  "train_loss": 0.06586303766816855,
  "val_loss": 0.5854820130579174,
  "val_rmse": {
    "vel_body_x_mps": 0.00925494613943221,
    "vel_body_y_mps": 0.01738707360957004,
    "roll_rad": 0.0003944784727819858,
    "pitch_rad": 0.00014318757615242739,
    "roll_rate_radps": 0.03631467151257409,
    "ang_vel_body_y_radps": 0.006540039038851263,
    "yaw_rate_radps": 0.012897108931913545,
    "tire_fl_force_wheel_fz_n": 873.8075298506146,
    "tire_fr_force_wheel_fz_n": 1094.3654392139301,
    "tire_rl_force_wheel_fz_n": 1102.6511832018348,
    "tire_rr_force_wheel_fz_n": 917.8041523270684,
    "tire_fl_spindle_omega_radps": 0.9010881316328031,
    "tire_fr_spindle_omega_radps": 0.8885647627041433,
    "tire_rl_spindle_omega_radps": 1.0733909620276352,
    "tire_rr_spindle_omega_radps": 1.0475127603583385
  },
  "val_flat_loss": 0.5854820130579174,
  "val_flat_rmse": {
    "vel_body_x_mps": 0.00925494613943221,
    "vel_body_y_mps": 0.01738707360957004,
    "roll_rad": 0.0003944784727819858,
    "pitch_rad": 0.00014318757615242739,
    "roll_rate_radps": 0.03631467151257409,
    "ang_vel_body_y_radps": 0.006540039038851263,
    "yaw_rate_radps": 0.012897108931913545,
    "tire_fl_force_wheel_fz_n": 873.8075298506146,
    "tire_fr_force_wheel_fz_n": 1094.3654392139301,
    "tire_rl_force_wheel_fz_n": 1102.6511832018348,
    "tire_rr_force_wheel_fz_n": 917.8041523270684,
    "tire_fl_spindle_omega_radps": 0.9010881316328031,
    "tire_fr_spindle_omega_radps": 0.8885647627041433,
    "tire_rl_spindle_omega_radps": 1.0733909620276352,
    "tire_rr_spindle_omega_radps": 1.0475127603583385
  },
  "val_crm_loss": 0.096350282644853,
  "val_crm_rmse": {
    "vel_body_x_mps": 0.0030163390533997137,
    "vel_body_y_mps": 0.0023995322008004286,
    "roll_rad": 6.407518732916852e-05,
    "pitch_rad": 3.4695746765007754e-05,
    "roll_rate_radps": 0.0037990720076552216,
    "ang_vel_body_y_radps": 0.0025946794028406037,
    "yaw_rate_radps": 0.0023610661444231234,
    "tire_fl_force_wheel_fz_n": 620.0337970032517,
    "tire_fr_force_wheel_fz_n": 617.4461556836005,
    "tire_rl_force_wheel_fz_n": 1004.7557267512602,
    "tire_rr_force_wheel_fz_n": 1048.407512397005,
    "tire_fl_spindle_omega_radps": 0.13572360178133053,
    "tire_fr_spindle_omega_radps": 0.13654437842958522,
    "tire_rl_spindle_omega_radps": 0.15943795321782325,
    "tire_rr_spindle_omega_radps": 0.159315070210987
  },
  "val_mixed_loss": 0.096350282644853,
  "rollout_flat_5.0s": {
    "xy_rmse_m": 2.8286434622028667,
    "yaw_rmse_rad": 1.6718278900829608,
    "errdist": 0.37257373098327035,
    "mean_dist_m": 7.592170963684718,
    "episodes": 12
  },
  "rollout_flat_10.0s": {
    "xy_rmse_m": 15.482578543725532,
    "yaw_rmse_rad": 1.6654841833845695,
    "errdist": 0.43963228710285757,
    "mean_dist_m": 35.2171098391215,
    "episodes": 12
  },
  "rollout_crm_5.0s": {
    "xy_rmse_m": 0.96285396078486,
    "yaw_rmse_rad": 0.0808141766949765,
    "errdist": 0.1345425417925085,
    "mean_dist_m": 7.1565019357949495,
    "episodes": 12
  },
  "rollout_crm_10.0s": {
    "xy_rmse_m": 4.050410325099969,
    "yaw_rmse_rad": 0.1666951297257759,
    "errdist": 0.1617782599154925,
    "mean_dist_m": 25.036802393694717,
    "episodes": 12
  },
  "rollout_sel": 0.1617782599154925
}
{
  "epoch": 18,
  "timestamp_utc": "2026-07-10T22:31:53.855714+00:00",
  "train_loss": 0.06442405986972154,
  "val_loss": 0.5996251655369997,
  "val_rmse": {
    "vel_body_x_mps": 0.009304173678184287,
    "vel_body_y_mps": 0.017258596444520963,
    "roll_rad": 0.00041116549393358057,
    "pitch_rad": 0.00010285354464379316,
    "roll_rate_radps": 0.03477788793004247,
    "ang_vel_body_y_radps": 0.007379777509174844,
    "yaw_rate_radps": 0.01273286429795381,
    "tire_fl_force_wheel_fz_n": 951.0106173936476,
    "tire_fr_force_wheel_fz_n": 1262.3152030188264,
    "tire_rl_force_wheel_fz_n": 1146.3696299137864,
    "tire_rr_force_wheel_fz_n": 856.2017335934321,
    "tire_fl_spindle_omega_radps": 0.9077257829530753,
    "tire_fr_spindle_omega_radps": 0.8950065759751601,
    "tire_rl_spindle_omega_radps": 1.081904900953595,
    "tire_rr_spindle_omega_radps": 1.049837599055747
  },
  "val_flat_loss": 0.5996251655369997,
  "val_flat_rmse": {
    "vel_body_x_mps": 0.009304173678184287,
    "vel_body_y_mps": 0.017258596444520963,
    "roll_rad": 0.00041116549393358057,
    "pitch_rad": 0.00010285354464379316,
    "roll_rate_radps": 0.03477788793004247,
    "ang_vel_body_y_radps": 0.007379777509174844,
    "yaw_rate_radps": 0.01273286429795381,
    "tire_fl_force_wheel_fz_n": 951.0106173936476,
    "tire_fr_force_wheel_fz_n": 1262.3152030188264,
    "tire_rl_force_wheel_fz_n": 1146.3696299137864,
    "tire_rr_force_wheel_fz_n": 856.2017335934321,
    "tire_fl_spindle_omega_radps": 0.9077257829530753,
    "tire_fr_spindle_omega_radps": 0.8950065759751601,
    "tire_rl_spindle_omega_radps": 1.081904900953595,
    "tire_rr_spindle_omega_radps": 1.049837599055747
  },
  "val_crm_loss": 0.09851174168812576,
  "val_crm_rmse": {
    "vel_body_x_mps": 0.00313986428667655,
    "vel_body_y_mps": 0.0024519862592057235,
    "roll_rad": 5.550054615792351e-05,
    "pitch_rad": 3.5374329271012146e-05,
    "roll_rate_radps": 0.0038731699493371624,
    "ang_vel_body_y_radps": 0.0027643915836767312,
    "yaw_rate_radps": 0.0023882712608450847,
    "tire_fl_force_wheel_fz_n": 628.9195972807256,
    "tire_fr_force_wheel_fz_n": 632.3289978125385,
    "tire_rl_force_wheel_fz_n": 1009.1821942385889,
    "tire_rr_force_wheel_fz_n": 1054.3739368256531,
    "tire_fl_spindle_omega_radps": 0.13894084030447984,
    "tire_fr_spindle_omega_radps": 0.13822485714274532,
    "tire_rl_spindle_omega_radps": 0.1608200550277778,
    "tire_rr_spindle_omega_radps": 0.16142005257592598
  },
  "val_mixed_loss": 0.09851174168812576,
  "rollout_flat_5.0s": {
    "xy_rmse_m": 2.622035417889319,
    "yaw_rmse_rad": 0.9746689820596962,
    "errdist": 0.3453604285824411,
    "mean_dist_m": 7.592170963684718,
    "episodes": 12
  },
  "rollout_flat_10.0s": {
    "xy_rmse_m": 16.420985624505256,
    "yaw_rmse_rad": 1.4848249228182153,
    "errdist": 0.46627862705143786,
    "mean_dist_m": 35.2171098391215,
    "episodes": 12
  },
  "rollout_crm_5.0s": {
    "xy_rmse_m": 1.2563248339073934,
    "yaw_rmse_rad": 0.09963454752475007,
    "errdist": 0.17555012842567475,
    "mean_dist_m": 7.1565019357949495,
    "episodes": 12
  },
  "rollout_crm_10.0s": {
    "xy_rmse_m": 4.252284028797724,
    "yaw_rmse_rad": 0.4207625990222432,
    "errdist": 0.169841338439793,
    "mean_dist_m": 25.036802393694717,
    "episodes": 12
  },
  "rollout_sel": 0.169841338439793
}
{
  "epoch": 19,
  "timestamp_utc": "2026-07-10T22:32:56.781441+00:00",
  "train_loss": 0.06301277905516327,
  "val_loss": 0.60037209443748,
  "val_rmse": {
    "vel_body_x_mps": 0.009011367843252984,
    "vel_body_y_mps": 0.017054479587774007,
    "roll_rad": 0.00040508800042295514,
    "pitch_rad": 0.00014029718057167318,
    "roll_rate_radps": 0.03655064697769989,
    "ang_vel_body_y_radps": 0.007093059690794937,
    "yaw_rate_radps": 0.013279134209578014,
    "tire_fl_force_wheel_fz_n": 937.7326843924817,
    "tire_fr_force_wheel_fz_n": 1117.4327662546903,
    "tire_rl_force_wheel_fz_n": 1136.8700629144791,
    "tire_rr_force_wheel_fz_n": 822.3954827826562,
    "tire_fl_spindle_omega_radps": 0.9071735583142817,
    "tire_fr_spindle_omega_radps": 0.8961348200297079,
    "tire_rl_spindle_omega_radps": 1.0917658809109014,
    "tire_rr_spindle_omega_radps": 1.0559977211695726
  },
  "val_flat_loss": 0.60037209443748,
  "val_flat_rmse": {
    "vel_body_x_mps": 0.009011367843252984,
    "vel_body_y_mps": 0.017054479587774007,
    "roll_rad": 0.00040508800042295514,
    "pitch_rad": 0.00014029718057167318,
    "roll_rate_radps": 0.03655064697769989,
    "ang_vel_body_y_radps": 0.007093059690794937,
    "yaw_rate_radps": 0.013279134209578014,
    "tire_fl_force_wheel_fz_n": 937.7326843924817,
    "tire_fr_force_wheel_fz_n": 1117.4327662546903,
    "tire_rl_force_wheel_fz_n": 1136.8700629144791,
    "tire_rr_force_wheel_fz_n": 822.3954827826562,
    "tire_fl_spindle_omega_radps": 0.9071735583142817,
    "tire_fr_spindle_omega_radps": 0.8961348200297079,
    "tire_rl_spindle_omega_radps": 1.0917658809109014,
    "tire_rr_spindle_omega_radps": 1.0559977211695726
  },
  "val_crm_loss": 0.09750520098314155,
  "val_crm_rmse": {
    "vel_body_x_mps": 0.0030651830779057777,
    "vel_body_y_mps": 0.0023896077977675063,
    "roll_rad": 5.766639434851548e-05,
    "pitch_rad": 3.677721518010035e-05,
    "roll_rate_radps": 0.0038170860223188797,
    "ang_vel_body_y_radps": 0.0026236616662254,
    "yaw_rate_radps": 0.002375686184582214,
    "tire_fl_force_wheel_fz_n": 636.652333096569,
    "tire_fr_force_wheel_fz_n": 632.589793567893,
    "tire_rl_force_wheel_fz_n": 1004.5937180192257,
    "tire_rr_force_wheel_fz_n": 1055.1344288922396,
    "tire_fl_spindle_omega_radps": 0.1362848472963578,
    "tire_fr_spindle_omega_radps": 0.136447728251124,
    "tire_rl_spindle_omega_radps": 0.15831098375525582,
    "tire_rr_spindle_omega_radps": 0.16010210484324194
  },
  "val_mixed_loss": 0.09750520098314155,
  "rollout_flat_5.0s": {
    "xy_rmse_m": 2.79491815891903,
    "yaw_rmse_rad": 1.5489936531450748,
    "errdist": 0.36813161509242,
    "mean_dist_m": 7.592170963684718,
    "episodes": 12
  },
  "rollout_flat_10.0s": {
    "xy_rmse_m": 15.792654521283408,
    "yaw_rmse_rad": 1.7016415557851776,
    "errdist": 0.44843698399520227,
    "mean_dist_m": 35.2171098391215,
    "episodes": 12
  },
  "rollout_crm_5.0s": {
    "xy_rmse_m": 0.5247999461047022,
    "yaw_rmse_rad": 0.029891721731266713,
    "errdist": 0.07333190863538934,
    "mean_dist_m": 7.1565019357949495,
    "episodes": 12
  },
  "rollout_crm_10.0s": {
    "xy_rmse_m": 2.026754344917491,
    "yaw_rmse_rad": 0.20902596657575742,
    "errdist": 0.0809510061647453,
    "mean_dist_m": 25.036802393694717,
    "episodes": 12
  },
  "rollout_sel": 0.0809510061647453
}
{
  "epoch": 20,
  "timestamp_utc": "2026-07-10T22:33:59.848829+00:00",
  "train_loss": 0.06160332007333636,
  "val_loss": 0.5998242289014161,
  "val_rmse": {
    "vel_body_x_mps": 0.008908756875773614,
    "vel_body_y_mps": 0.01753049099774547,
    "roll_rad": 0.00038998097897522993,
    "pitch_rad": 9.280368511957815e-05,
    "roll_rate_radps": 0.038667590800525335,
    "ang_vel_body_y_radps": 0.0067817684666155375,
    "yaw_rate_radps": 0.013153082619667019,
    "tire_fl_force_wheel_fz_n": 860.3410131768464,
    "tire_fr_force_wheel_fz_n": 1141.9485997977658,
    "tire_rl_force_wheel_fz_n": 1087.6204287328692,
    "tire_rr_force_wheel_fz_n": 839.8185419094776,
    "tire_fl_spindle_omega_radps": 0.9084130074933942,
    "tire_fr_spindle_omega_radps": 0.8945519929528242,
    "tire_rl_spindle_omega_radps": 1.0824185934891097,
    "tire_rr_spindle_omega_radps": 1.0548195622527294
  },
  "val_flat_loss": 0.5998242289014161,
  "val_flat_rmse": {
    "vel_body_x_mps": 0.008908756875773614,
    "vel_body_y_mps": 0.01753049099774547,
    "roll_rad": 0.00038998097897522993,
    "pitch_rad": 9.280368511957815e-05,
    "roll_rate_radps": 0.038667590800525335,
    "ang_vel_body_y_radps": 0.0067817684666155375,
    "yaw_rate_radps": 0.013153082619667019,
    "tire_fl_force_wheel_fz_n": 860.3410131768464,
    "tire_fr_force_wheel_fz_n": 1141.9485997977658,
    "tire_rl_force_wheel_fz_n": 1087.6204287328692,
    "tire_rr_force_wheel_fz_n": 839.8185419094776,
    "tire_fl_spindle_omega_radps": 0.9084130074933942,
    "tire_fr_spindle_omega_radps": 0.8945519929528242,
    "tire_rl_spindle_omega_radps": 1.0824185934891097,
    "tire_rr_spindle_omega_radps": 1.0548195622527294
  },
  "val_crm_loss": 0.09801751590392087,
  "val_crm_rmse": {
    "vel_body_x_mps": 0.0030354567378363035,
    "vel_body_y_mps": 0.0023989659205851128,
    "roll_rad": 5.8339942267004424e-05,
    "pitch_rad": 3.594437986539619e-05,
    "roll_rate_radps": 0.0037941407009106226,
    "ang_vel_body_y_radps": 0.0025593352749726803,
    "yaw_rate_radps": 0.0023798250144474627,
    "tire_fl_force_wheel_fz_n": 634.5637810028591,
    "tire_fr_force_wheel_fz_n": 627.1014950042944,
    "tire_rl_force_wheel_fz_n": 1008.0813208295834,
    "tire_rr_force_wheel_fz_n": 1065.923714699498,
    "tire_fl_spindle_omega_radps": 0.13715868422504116,
    "tire_fr_spindle_omega_radps": 0.13678067621964723,
    "tire_rl_spindle_omega_radps": 0.15881204254890596,
    "tire_rr_spindle_omega_radps": 0.16038145256096875
  },
  "val_mixed_loss": 0.09801751590392087,
  "rollout_flat_5.0s": {
    "xy_rmse_m": 2.8084325885683774,
    "yaw_rmse_rad": 1.2667043110415215,
    "errdist": 0.36991166321225166,
    "mean_dist_m": 7.592170963684718,
    "episodes": 12
  },
  "rollout_flat_10.0s": {
    "xy_rmse_m": 15.476164198033866,
    "yaw_rmse_rad": 1.5374791495917537,
    "errdist": 0.4394501499053144,
    "mean_dist_m": 35.2171098391215,
    "episodes": 12
  },
  "rollout_crm_5.0s": {
    "xy_rmse_m": 0.4947329337614278,
    "yaw_rmse_rad": 0.06107575649565767,
    "errdist": 0.06913055263590487,
    "mean_dist_m": 7.1565019357949495,
    "episodes": 12
  },
  "rollout_crm_10.0s": {
    "xy_rmse_m": 2.333329472493202,
    "yaw_rmse_rad": 0.236889626274539,
    "errdist": 0.09319598548578348,
    "mean_dist_m": 25.036802393694717,
    "episodes": 12
  },
  "rollout_sel": 0.09319598548578348
}
{
  "epoch": 21,
  "timestamp_utc": "2026-07-10T22:35:03.081672+00:00",
  "train_loss": 0.060090282142162325,
  "val_loss": 0.6287641864642501,
  "val_rmse": {
    "vel_body_x_mps": 0.009563864271488644,
    "vel_body_y_mps": 0.01816773711778504,
    "roll_rad": 0.00040937308778114513,
    "pitch_rad": 8.407459449522359e-05,
    "roll_rate_radps": 0.03913951644796428,
    "ang_vel_body_y_radps": 0.006857195363401587,
    "yaw_rate_radps": 0.013723590086993531,
    "tire_fl_force_wheel_fz_n": 1126.0311479386037,
    "tire_fr_force_wheel_fz_n": 1014.2941125737434,
    "tire_rl_force_wheel_fz_n": 1318.314369802193,
    "tire_rr_force_wheel_fz_n": 870.6826001268053,
    "tire_fl_spindle_omega_radps": 0.9069153899031709,
    "tire_fr_spindle_omega_radps": 0.8808098060602257,
    "tire_rl_spindle_omega_radps": 1.085170704604035,
    "tire_rr_spindle_omega_radps": 1.0492206119289516
  },
  "val_flat_loss": 0.6287641864642501,
  "val_flat_rmse": {
    "vel_body_x_mps": 0.009563864271488644,
    "vel_body_y_mps": 0.01816773711778504,
    "roll_rad": 0.00040937308778114513,
    "pitch_rad": 8.407459449522359e-05,
    "roll_rate_radps": 0.03913951644796428,
    "ang_vel_body_y_radps": 0.006857195363401587,
    "yaw_rate_radps": 0.013723590086993531,
    "tire_fl_force_wheel_fz_n": 1126.0311479386037,
    "tire_fr_force_wheel_fz_n": 1014.2941125737434,
    "tire_rl_force_wheel_fz_n": 1318.314369802193,
    "tire_rr_force_wheel_fz_n": 870.6826001268053,
    "tire_fl_spindle_omega_radps": 0.9069153899031709,
    "tire_fr_spindle_omega_radps": 0.8808098060602257,
    "tire_rl_spindle_omega_radps": 1.085170704604035,
    "tire_rr_spindle_omega_radps": 1.0492206119289516
  },
  "val_crm_loss": 0.097861105488264,
  "val_crm_rmse": {
    "vel_body_x_mps": 0.003012870627936408,
    "vel_body_y_mps": 0.0023857428400007132,
    "roll_rad": 4.934173794555766e-05,
    "pitch_rad": 4.0173528502050605e-05,
    "roll_rate_radps": 0.003829493332322539,
    "ang_vel_body_y_radps": 0.002578035482692418,
    "yaw_rate_radps": 0.0023700717904672273,
    "tire_fl_force_wheel_fz_n": 636.7337265282366,
    "tire_fr_force_wheel_fz_n": 632.9540373351814,
    "tire_rl_force_wheel_fz_n": 1008.9869370636268,
    "tire_rr_force_wheel_fz_n": 1048.7359486932266,
    "tire_fl_spindle_omega_radps": 0.1354363027119892,
    "tire_fr_spindle_omega_radps": 0.13543010403176114,
    "tire_rl_spindle_omega_radps": 0.15885454644567149,
    "tire_rr_spindle_omega_radps": 0.1595413691647524
  },
  "val_mixed_loss": 0.097861105488264,
  "rollout_flat_5.0s": {
    "xy_rmse_m": 2.8647725659561436,
    "yaw_rmse_rad": 1.5384373321316147,
    "errdist": 0.37733246256690983,
    "mean_dist_m": 7.592170963684718,
    "episodes": 12
  },
  "rollout_flat_10.0s": {
    "xy_rmse_m": 14.951952387843313,
    "yaw_rmse_rad": 1.6010176926825994,
    "errdist": 0.4245650042308042,
    "mean_dist_m": 35.2171098391215,
    "episodes": 12
  },
  "rollout_crm_5.0s": {
    "xy_rmse_m": 0.615847663405101,
    "yaw_rmse_rad": 0.02634610729787487,
    "errdist": 0.08605428586902103,
    "mean_dist_m": 7.1565019357949495,
    "episodes": 12
  },
  "rollout_crm_10.0s": {
    "xy_rmse_m": 1.8001862046392574,
    "yaw_rmse_rad": 0.07592928916099757,
    "errdist": 0.07190160214279669,
    "mean_dist_m": 25.036802393694717,
    "episodes": 12
  },
  "rollout_sel": 0.07190160214279669
}
{
  "epoch": 22,
  "timestamp_utc": "2026-07-10T22:36:06.503178+00:00",
  "train_loss": 0.059265151876956225,
  "val_loss": 0.6094226093031466,
  "val_rmse": {
    "vel_body_x_mps": 0.009038547542116103,
    "vel_body_y_mps": 0.018042450494394825,
    "roll_rad": 0.00041683689264194074,
    "pitch_rad": 9.770361213856024e-05,
    "roll_rate_radps": 0.03923787859147183,
    "ang_vel_body_y_radps": 0.006896588509316948,
    "yaw_rate_radps": 0.013419396132123331,
    "tire_fl_force_wheel_fz_n": 1073.8163360415992,
    "tire_fr_force_wheel_fz_n": 997.9597399242946,
    "tire_rl_force_wheel_fz_n": 1256.0584352620576,
    "tire_rr_force_wheel_fz_n": 853.44993128619,
    "tire_fl_spindle_omega_radps": 0.9054415207414805,
    "tire_fr_spindle_omega_radps": 0.8913201343067556,
    "tire_rl_spindle_omega_radps": 1.0792289989901254,
    "tire_rr_spindle_omega_radps": 1.0542828219584142
  },
  "val_flat_loss": 0.6094226093031466,
  "val_flat_rmse": {
    "vel_body_x_mps": 0.009038547542116103,
    "vel_body_y_mps": 0.018042450494394825,
    "roll_rad": 0.00041683689264194074,
    "pitch_rad": 9.770361213856024e-05,
    "roll_rate_radps": 0.03923787859147183,
    "ang_vel_body_y_radps": 0.006896588509316948,
    "yaw_rate_radps": 0.013419396132123331,
    "tire_fl_force_wheel_fz_n": 1073.8163360415992,
    "tire_fr_force_wheel_fz_n": 997.9597399242946,
    "tire_rl_force_wheel_fz_n": 1256.0584352620576,
    "tire_rr_force_wheel_fz_n": 853.44993128619,
    "tire_fl_spindle_omega_radps": 0.9054415207414805,
    "tire_fr_spindle_omega_radps": 0.8913201343067556,
    "tire_rl_spindle_omega_radps": 1.0792289989901254,
    "tire_rr_spindle_omega_radps": 1.0542828219584142
  },
  "val_crm_loss": 0.09851016516971868,
  "val_crm_rmse": {
    "vel_body_x_mps": 0.0030700193930569054,
    "vel_body_y_mps": 0.0023969219652905933,
    "roll_rad": 5.676491691833316e-05,
    "pitch_rad": 3.30164549538737e-05,
    "roll_rate_radps": 0.0037957698297036054,
    "ang_vel_body_y_radps": 0.0025934453017290244,
    "yaw_rate_radps": 0.002379325219832978,
    "tire_fl_force_wheel_fz_n": 635.0114205189172,
    "tire_fr_force_wheel_fz_n": 623.5698108336823,
    "tire_rl_force_wheel_fz_n": 1016.958794860606,
    "tire_rr_force_wheel_fz_n": 1068.264372975837,
    "tire_fl_spindle_omega_radps": 0.13388241643128226,
    "tire_fr_spindle_omega_radps": 0.13455397887501536,
    "tire_rl_spindle_omega_radps": 0.15722590132113007,
    "tire_rr_spindle_omega_radps": 0.15893457074786216
  },
  "val_mixed_loss": 0.09851016516971868,
  "rollout_flat_5.0s": {
    "xy_rmse_m": 2.79785623499828,
    "yaw_rmse_rad": 1.5780772887215866,
    "errdist": 0.36851860270022063,
    "mean_dist_m": 7.592170963684718,
    "episodes": 12
  },
  "rollout_flat_10.0s": {
    "xy_rmse_m": 15.34362324855891,
    "yaw_rmse_rad": 1.6430200926406724,
    "errdist": 0.4356866113843958,
    "mean_dist_m": 35.2171098391215,
    "episodes": 12
  },
  "rollout_crm_5.0s": {
    "xy_rmse_m": 0.6509430048125755,
    "yaw_rmse_rad": 0.04934968378310491,
    "errdist": 0.09095826573548858,
    "mean_dist_m": 7.1565019357949495,
    "episodes": 12
  },
  "rollout_crm_10.0s": {
    "xy_rmse_m": 3.2242687742843135,
    "yaw_rmse_rad": 0.13535557154249847,
    "errdist": 0.1287811727545653,
    "mean_dist_m": 25.036802393694717,
    "episodes": 12
  },
  "rollout_sel": 0.1287811727545653
}
{
  "epoch": 23,
  "timestamp_utc": "2026-07-10T22:37:09.924971+00:00",
  "train_loss": 0.057966383839026095,
  "val_loss": 0.6194113225489855,
  "val_rmse": {
    "vel_body_x_mps": 0.0087838147286253,
    "vel_body_y_mps": 0.01807738217097994,
    "roll_rad": 0.00040370913078047237,
    "pitch_rad": 0.00010126675396545244,
    "roll_rate_radps": 0.0382722529687905,
    "ang_vel_body_y_radps": 0.007492753908558801,
    "yaw_rate_radps": 0.013802353946890068,
    "tire_fl_force_wheel_fz_n": 1143.689073606722,
    "tire_fr_force_wheel_fz_n": 1095.8451967836154,
    "tire_rl_force_wheel_fz_n": 1096.9748107499652,
    "tire_rr_force_wheel_fz_n": 1030.5481385217029,
    "tire_fl_spindle_omega_radps": 0.9146796576293684,
    "tire_fr_spindle_omega_radps": 0.899748834695491,
    "tire_rl_spindle_omega_radps": 1.0774880344234425,
    "tire_rr_spindle_omega_radps": 1.0422885047752612
  },
  "val_flat_loss": 0.6194113225489855,
  "val_flat_rmse": {
    "vel_body_x_mps": 0.0087838147286253,
    "vel_body_y_mps": 0.01807738217097994,
    "roll_rad": 0.00040370913078047237,
    "pitch_rad": 0.00010126675396545244,
    "roll_rate_radps": 0.0382722529687905,
    "ang_vel_body_y_radps": 0.007492753908558801,
    "yaw_rate_radps": 0.013802353946890068,
    "tire_fl_force_wheel_fz_n": 1143.689073606722,
    "tire_fr_force_wheel_fz_n": 1095.8451967836154,
    "tire_rl_force_wheel_fz_n": 1096.9748107499652,
    "tire_rr_force_wheel_fz_n": 1030.5481385217029,
    "tire_fl_spindle_omega_radps": 0.9146796576293684,
    "tire_fr_spindle_omega_radps": 0.899748834695491,
    "tire_rl_spindle_omega_radps": 1.0774880344234425,
    "tire_rr_spindle_omega_radps": 1.0422885047752612
  },
  "val_crm_loss": 0.09958019184472505,
  "val_crm_rmse": {
    "vel_body_x_mps": 0.0031075358209944766,
    "vel_body_y_mps": 0.0024142990046919777,
    "roll_rad": 5.295556457233815e-05,
    "pitch_rad": 3.734439678166082e-05,
    "roll_rate_radps": 0.003841026373882833,
    "ang_vel_body_y_radps": 0.0026251126477544757,
    "yaw_rate_radps": 0.002388249873819069,
    "tire_fl_force_wheel_fz_n": 643.9736487813045,
    "tire_fr_force_wheel_fz_n": 634.9443681762292,
    "tire_rl_force_wheel_fz_n": 1011.5826070959326,
    "tire_rr_force_wheel_fz_n": 1071.239688279081,
    "tire_fl_spindle_omega_radps": 0.1364600915429082,
    "tire_fr_spindle_omega_radps": 0.1373818978687338,
    "tire_rl_spindle_omega_radps": 0.16022392004074834,
    "tire_rr_spindle_omega_radps": 0.16210335818746432
  },
  "val_mixed_loss": 0.09958019184472505,
  "rollout_flat_5.0s": {
    "xy_rmse_m": 3.0333402623806576,
    "yaw_rmse_rad": 1.6367406584154243,
    "errdist": 0.3995352945672449,
    "mean_dist_m": 7.592170963684718,
    "episodes": 12
  },
  "rollout_flat_10.0s": {
    "xy_rmse_m": 15.77331073693801,
    "yaw_rmse_rad": 1.7050020118321159,
    "errdist": 0.44788771165474717,
    "mean_dist_m": 35.2171098391215,
    "episodes": 12
  },
  "rollout_crm_5.0s": {
    "xy_rmse_m": 0.7944963613956565,
    "yaw_rmse_rad": 0.04894611561708204,
    "errdist": 0.11101741724148688,
    "mean_dist_m": 7.1565019357949495,
    "episodes": 12
  },
  "rollout_crm_10.0s": {
    "xy_rmse_m": 2.6677167416020136,
    "yaw_rmse_rad": 0.12477597487908659,
    "errdist": 0.10655181519002015,
    "mean_dist_m": 25.036802393694717,
    "episodes": 12
  },
  "rollout_sel": 0.10655181519002015
}
{
  "epoch": 24,
  "timestamp_utc": "2026-07-10T22:38:13.160522+00:00",
  "train_loss": 0.05691910584457219,
  "val_loss": 0.6220558733679354,
  "val_rmse": {
    "vel_body_x_mps": 0.00847163482722342,
    "vel_body_y_mps": 0.017860381680043346,
    "roll_rad": 0.0004433690169507308,
    "pitch_rad": 6.523884432765807e-05,
    "roll_rate_radps": 0.03766239050783307,
    "ang_vel_body_y_radps": 0.008341969646061076,
    "yaw_rate_radps": 0.014087479249294647,
    "tire_fl_force_wheel_fz_n": 1238.4793402502953,
    "tire_fr_force_wheel_fz_n": 975.793727463509,
    "tire_rl_force_wheel_fz_n": 1255.1850066632203,
    "tire_rr_force_wheel_fz_n": 973.3639397416842,
    "tire_fl_spindle_omega_radps": 0.9126551897389412,
    "tire_fr_spindle_omega_radps": 0.8805127245251977,
    "tire_rl_spindle_omega_radps": 1.0844339699320102,
    "tire_rr_spindle_omega_radps": 1.0507386827931595
  },
  "val_flat_loss": 0.6220558733679354,
  "val_flat_rmse": {
    "vel_body_x_mps": 0.00847163482722342,
    "vel_body_y_mps": 0.017860381680043346,
    "roll_rad": 0.0004433690169507308,
    "pitch_rad": 6.523884432765807e-05,
    "roll_rate_radps": 0.03766239050783307,
    "ang_vel_body_y_radps": 0.008341969646061076,
    "yaw_rate_radps": 0.014087479249294647,
    "tire_fl_force_wheel_fz_n": 1238.4793402502953,
    "tire_fr_force_wheel_fz_n": 975.793727463509,
    "tire_rl_force_wheel_fz_n": 1255.1850066632203,
    "tire_rr_force_wheel_fz_n": 973.3639397416842,
    "tire_fl_spindle_omega_radps": 0.9126551897389412,
    "tire_fr_spindle_omega_radps": 0.8805127245251977,
    "tire_rl_spindle_omega_radps": 1.0844339699320102,
    "tire_rr_spindle_omega_radps": 1.0507386827931595
  },
  "val_crm_loss": 0.09891605881100986,
  "val_crm_rmse": {
    "vel_body_x_mps": 0.0030676472151392885,
    "vel_body_y_mps": 0.0024079777163430968,
    "roll_rad": 6.588402355728038e-05,
    "pitch_rad": 3.4964702952385875e-05,
    "roll_rate_radps": 0.0037689587298902977,
    "ang_vel_body_y_radps": 0.0025887909556213014,
    "yaw_rate_radps": 0.0023739215474646454,
    "tire_fl_force_wheel_fz_n": 640.4464843081702,
    "tire_fr_force_wheel_fz_n": 631.1720197463939,
    "tire_rl_force_wheel_fz_n": 1013.4566249122917,
    "tire_rr_force_wheel_fz_n": 1070.797290821232,
    "tire_fl_spindle_omega_radps": 0.13608321453469846,
    "tire_fr_spindle_omega_radps": 0.13610843751622395,
    "tire_rl_spindle_omega_radps": 0.1585115032489123,
    "tire_rr_spindle_omega_radps": 0.16119733350119334
  },
  "val_mixed_loss": 0.09891605881100986,
  "rollout_flat_5.0s": {
    "xy_rmse_m": 3.053726014896554,
    "yaw_rmse_rad": 1.5787533154506912,
    "errdist": 0.40222039644566765,
    "mean_dist_m": 7.592170963684718,
    "episodes": 12
  },
  "rollout_flat_10.0s": {
    "xy_rmse_m": 15.005879461609078,
    "yaw_rmse_rad": 1.6520479813104956,
    "errdist": 0.42609627905750386,
    "mean_dist_m": 35.2171098391215,
    "episodes": 12
  },
  "rollout_crm_5.0s": {
    "xy_rmse_m": 0.42438925401273225,
    "yaw_rmse_rad": 0.03140450410276107,
    "errdist": 0.059301214171416386,
    "mean_dist_m": 7.1565019357949495,
    "episodes": 12
  },
  "rollout_crm_10.0s": {
    "xy_rmse_m": 1.9311237116964575,
    "yaw_rmse_rad": 0.1842766252836242,
    "errdist": 0.07713140365651457,
    "mean_dist_m": 25.036802393694717,
    "episodes": 12
  },
  "rollout_sel": 0.07713140365651457
}
{
  "epoch": 25,
  "timestamp_utc": "2026-07-10T22:39:16.184485+00:00",
  "train_loss": 0.05591332447342574,
  "val_loss": 0.6424111298564822,
  "val_rmse": {
    "vel_body_x_mps": 0.009175947764022349,
    "vel_body_y_mps": 0.018305525652333,
    "roll_rad": 0.0004166173630721455,
    "pitch_rad": 8.9080688315509e-05,
    "roll_rate_radps": 0.040204728077418726,
    "ang_vel_body_y_radps": 0.007760483424894114,
    "yaw_rate_radps": 0.013856697268227679,
    "tire_fl_force_wheel_fz_n": 1198.7653963995033,
    "tire_fr_force_wheel_fz_n": 1070.5170905944858,
    "tire_rl_force_wheel_fz_n": 1219.1989741163368,
    "tire_rr_force_wheel_fz_n": 1089.1952620208158,
    "tire_fl_spindle_omega_radps": 0.9187405077372944,
    "tire_fr_spindle_omega_radps": 0.9058135085551865,
    "tire_rl_spindle_omega_radps": 1.0825267520265929,
    "tire_rr_spindle_omega_radps": 1.0479865340385468
  },
  "val_flat_loss": 0.6424111298564822,
  "val_flat_rmse": {
    "vel_body_x_mps": 0.009175947764022349,
    "vel_body_y_mps": 0.018305525652333,
    "roll_rad": 0.0004166173630721455,
    "pitch_rad": 8.9080688315509e-05,
    "roll_rate_radps": 0.040204728077418726,
    "ang_vel_body_y_radps": 0.007760483424894114,
    "yaw_rate_radps": 0.013856697268227679,
    "tire_fl_force_wheel_fz_n": 1198.7653963995033,
    "tire_fr_force_wheel_fz_n": 1070.5170905944858,
    "tire_rl_force_wheel_fz_n": 1219.1989741163368,
    "tire_rr_force_wheel_fz_n": 1089.1952620208158,
    "tire_fl_spindle_omega_radps": 0.9187405077372944,
    "tire_fr_spindle_omega_radps": 0.9058135085551865,
    "tire_rl_spindle_omega_radps": 1.0825267520265929,
    "tire_rr_spindle_omega_radps": 1.0479865340385468
  },
  "val_crm_loss": 0.09884915710892528,
  "val_crm_rmse": {
    "vel_body_x_mps": 0.003023298521398255,
    "vel_body_y_mps": 0.002395262570971607,
    "roll_rad": 4.977949959791925e-05,
    "pitch_rad": 3.246146781645076e-05,
    "roll_rate_radps": 0.0037402371701072763,
    "ang_vel_body_y_radps": 0.002550325520583277,
    "yaw_rate_radps": 0.002356369353137921,
    "tire_fl_force_wheel_fz_n": 641.3370554656724,
    "tire_fr_force_wheel_fz_n": 632.2032722096416,
    "tire_rl_force_wheel_fz_n": 1022.865560814562,
    "tire_rr_force_wheel_fz_n": 1069.2991005116298,
    "tire_fl_spindle_omega_radps": 0.13675488002412356,
    "tire_fr_spindle_omega_radps": 0.1366944371530477,
    "tire_rl_spindle_omega_radps": 0.15874117405819038,
    "tire_rr_spindle_omega_radps": 0.16220275055337907
  },
  "val_mixed_loss": 0.09884915710892528,
  "rollout_flat_5.0s": {
    "xy_rmse_m": 3.0300457447992715,
    "yaw_rmse_rad": 1.5295149455226213,
    "errdist": 0.3991013583983751,
    "mean_dist_m": 7.592170963684718,
    "episodes": 12
  },
  "rollout_flat_10.0s": {
    "xy_rmse_m": 15.25126303856986,
    "yaw_rmse_rad": 1.6179067583916213,
    "errdist": 0.4330640165601479,
    "mean_dist_m": 35.2171098391215,
    "episodes": 12
  },
  "rollout_crm_5.0s": {
    "xy_rmse_m": 0.9905314365811257,
    "yaw_rmse_rad": 0.051702221460287655,
    "errdist": 0.13841000050971086,
    "mean_dist_m": 7.1565019357949495,
    "episodes": 12
  },
  "rollout_crm_10.0s": {
    "xy_rmse_m": 3.0829254576194276,
    "yaw_rmse_rad": 0.1441003403715649,
    "errdist": 0.1231357506897859,
    "mean_dist_m": 25.036802393694717,
    "episodes": 12
  },
  "rollout_sel": 0.1231357506897859
}
{
  "epoch": 26,
  "timestamp_utc": "2026-07-10T22:40:19.554371+00:00",
  "train_loss": 0.05517575678415596,
  "val_loss": 0.6277570701017976,
  "val_rmse": {
    "vel_body_x_mps": 0.008715695413030274,
    "vel_body_y_mps": 0.017709734053318275,
    "roll_rad": 0.0003930214590452105,
    "pitch_rad": 9.81216522701454e-05,
    "roll_rate_radps": 0.03833830788305975,
    "ang_vel_body_y_radps": 0.006995893017719138,
    "yaw_rate_radps": 0.013835498818107615,
    "tire_fl_force_wheel_fz_n": 1194.3273050873643,
    "tire_fr_force_wheel_fz_n": 1132.0933714256862,
    "tire_rl_force_wheel_fz_n": 1181.8771339859602,
    "tire_rr_force_wheel_fz_n": 1000.1157302222032,
    "tire_fl_spindle_omega_radps": 0.913196334931342,
    "tire_fr_spindle_omega_radps": 0.899423098196873,
    "tire_rl_spindle_omega_radps": 1.0913179225685583,
    "tire_rr_spindle_omega_radps": 1.055002550729402
  },
  "val_flat_loss": 0.6277570701017976,
  "val_flat_rmse": {
    "vel_body_x_mps": 0.008715695413030274,
    "vel_body_y_mps": 0.017709734053318275,
    "roll_rad": 0.0003930214590452105,
    "pitch_rad": 9.81216522701454e-05,
    "roll_rate_radps": 0.03833830788305975,
    "ang_vel_body_y_radps": 0.006995893017719138,
    "yaw_rate_radps": 0.013835498818107615,
    "tire_fl_force_wheel_fz_n": 1194.3273050873643,
    "tire_fr_force_wheel_fz_n": 1132.0933714256862,
    "tire_rl_force_wheel_fz_n": 1181.8771339859602,
    "tire_rr_force_wheel_fz_n": 1000.1157302222032,
    "tire_fl_spindle_omega_radps": 0.913196334931342,
    "tire_fr_spindle_omega_radps": 0.899423098196873,
    "tire_rl_spindle_omega_radps": 1.0913179225685583,
    "tire_rr_spindle_omega_radps": 1.055002550729402
  },
  "val_crm_loss": 0.09960247149167117,
  "val_crm_rmse": {
    "vel_body_x_mps": 0.003041304627847416,
    "vel_body_y_mps": 0.002422615010582299,
    "roll_rad": 6.97644072834976e-05,
    "pitch_rad": 4.1458502314663526e-05,
    "roll_rate_radps": 0.0037670676872110804,
    "ang_vel_body_y_radps": 0.00257962568815296,
    "yaw_rate_radps": 0.0023746321373821176,
    "tire_fl_force_wheel_fz_n": 643.3688692301884,
    "tire_fr_force_wheel_fz_n": 643.2342646558055,
    "tire_rl_force_wheel_fz_n": 1013.9138991244013,
    "tire_rr_force_wheel_fz_n": 1072.588808972448,
    "tire_fl_spindle_omega_radps": 0.13640661601400672,
    "tire_fr_spindle_omega_radps": 0.13740261003730517,
    "tire_rl_spindle_omega_radps": 0.15863368918294254,
    "tire_rr_spindle_omega_radps": 0.16114056620238143
  },
  "val_mixed_loss": 0.09960247149167117,
  "rollout_flat_5.0s": {
    "xy_rmse_m": 3.1103781980642626,
    "yaw_rmse_rad": 1.553188809287178,
    "errdist": 0.4096823178695516,
    "mean_dist_m": 7.592170963684718,
    "episodes": 12
  },
  "rollout_flat_10.0s": {
    "xy_rmse_m": 15.336136703526668,
    "yaw_rmse_rad": 1.6797503500838364,
    "errdist": 0.43547402877706537,
    "mean_dist_m": 35.2171098391215,
    "episodes": 12
  },
  "rollout_crm_5.0s": {
    "xy_rmse_m": 0.6894919911381187,
    "yaw_rmse_rad": 0.04537564722331128,
    "errdist": 0.09634483401582834,
    "mean_dist_m": 7.1565019357949495,
    "episodes": 12
  },
  "rollout_crm_10.0s": {
    "xy_rmse_m": 2.4071642090682026,
    "yaw_rmse_rad": 0.13442084768131748,
    "errdist": 0.09614503366749519,
    "mean_dist_m": 25.036802393694717,
    "episodes": 12
  },
  "rollout_sel": 0.09614503366749519
}
{
  "epoch": 27,
  "timestamp_utc": "2026-07-10T22:41:22.778827+00:00",
  "train_loss": 0.05425511088222265,
  "val_loss": 0.6301213003136218,
  "val_rmse": {
    "vel_body_x_mps": 0.008673795641887331,
    "vel_body_y_mps": 0.017994876477614757,
    "roll_rad": 0.0004057611254709692,
    "pitch_rad": 0.0001160017240454432,
    "roll_rate_radps": 0.03807213767845901,
    "ang_vel_body_y_radps": 0.00623023863832044,
    "yaw_rate_radps": 0.014033208008434255,
    "tire_fl_force_wheel_fz_n": 1333.4996728720619,
    "tire_fr_force_wheel_fz_n": 1072.7353205880327,
    "tire_rl_force_wheel_fz_n": 1225.0023580493887,
    "tire_rr_force_wheel_fz_n": 1104.1567358992295,
    "tire_fl_spindle_omega_radps": 0.9072170413477205,
    "tire_fr_spindle_omega_radps": 0.8841237796829279,
    "tire_rl_spindle_omega_radps": 1.069108078933996,
    "tire_rr_spindle_omega_radps": 1.0401702128189627
  },
  "val_flat_loss": 0.6301213003136218,
  "val_flat_rmse": {
    "vel_body_x_mps": 0.008673795641887331,
    "vel_body_y_mps": 0.017994876477614757,
    "roll_rad": 0.0004057611254709692,
    "pitch_rad": 0.0001160017240454432,
    "roll_rate_radps": 0.03807213767845901,
    "ang_vel_body_y_radps": 0.00623023863832044,
    "yaw_rate_radps": 0.014033208008434255,
    "tire_fl_force_wheel_fz_n": 1333.4996728720619,
    "tire_fr_force_wheel_fz_n": 1072.7353205880327,
    "tire_rl_force_wheel_fz_n": 1225.0023580493887,
    "tire_rr_force_wheel_fz_n": 1104.1567358992295,
    "tire_fl_spindle_omega_radps": 0.9072170413477205,
    "tire_fr_spindle_omega_radps": 0.8841237796829279,
    "tire_rl_spindle_omega_radps": 1.069108078933996,
    "tire_rr_spindle_omega_radps": 1.0401702128189627
  },
  "val_crm_loss": 0.09989427638764027,
  "val_crm_rmse": {
    "vel_body_x_mps": 0.0030832123982264133,
    "vel_body_y_mps": 0.002405839986817834,
    "roll_rad": 4.854687300991978e-05,
    "pitch_rad": 3.615370477264874e-05,
    "roll_rate_radps": 0.003811780671657704,
    "ang_vel_body_y_radps": 0.0026215076642904255,
    "yaw_rate_radps": 0.002371801663215325,
    "tire_fl_force_wheel_fz_n": 643.8079227316719,
    "tire_fr_force_wheel_fz_n": 633.3795666948783,
    "tire_rl_force_wheel_fz_n": 1021.3490259134608,
    "tire_rr_force_wheel_fz_n": 1073.1142005985407,
    "tire_fl_spindle_omega_radps": 0.14013796543336157,
    "tire_fr_spindle_omega_radps": 0.13670159275355998,
    "tire_rl_spindle_omega_radps": 0.16030007618091882,
    "tire_rr_spindle_omega_radps": 0.1616923962877468
  },
  "val_mixed_loss": 0.09989427638764027,
  "rollout_flat_5.0s": {
    "xy_rmse_m": 3.045964514068334,
    "yaw_rmse_rad": 1.5652882720601493,
    "errdist": 0.4011980932249755,
    "mean_dist_m": 7.592170963684718,
    "episodes": 12
  },
  "rollout_flat_10.0s": {
    "xy_rmse_m": 15.17778645254706,
    "yaw_rmse_rad": 1.6233893862739646,
    "errdist": 0.4309776276895548,
    "mean_dist_m": 35.2171098391215,
    "episodes": 12
  },
  "rollout_crm_5.0s": {
    "xy_rmse_m": 0.538844148503531,
    "yaw_rmse_rad": 0.06468221278666646,
    "errdist": 0.07529434817985217,
    "mean_dist_m": 7.1565019357949495,
    "episodes": 12
  },
  "rollout_crm_10.0s": {
    "xy_rmse_m": 2.059118767920596,
    "yaw_rmse_rad": 0.46040600657438835,
    "errdist": 0.08224368014499989,
    "mean_dist_m": 25.036802393694717,
    "episodes": 12
  },
  "rollout_sel": 0.08224368014499989
}
{
  "epoch": 28,
  "timestamp_utc": "2026-07-10T22:42:26.028023+00:00",
  "train_loss": 0.05345462705567479,
  "val_loss": 0.6276758416555822,
  "val_rmse": {
    "vel_body_x_mps": 0.00913060354364146,
    "vel_body_y_mps": 0.018472815880232984,
    "roll_rad": 0.0004347218279919111,
    "pitch_rad": 8.695699839855908e-05,
    "roll_rate_radps": 0.03983759888159173,
    "ang_vel_body_y_radps": 0.007714422126391626,
    "yaw_rate_radps": 0.014005144884101728,
    "tire_fl_force_wheel_fz_n": 1168.3757357310064,
    "tire_fr_force_wheel_fz_n": 942.1463612624309,
    "tire_rl_force_wheel_fz_n": 1260.1862731331285,
    "tire_rr_force_wheel_fz_n": 946.9000529224874,
    "tire_fl_spindle_omega_radps": 0.9090471856908334,
    "tire_fr_spindle_omega_radps": 0.8854152955950451,
    "tire_rl_spindle_omega_radps": 1.0813058339501584,
    "tire_rr_spindle_omega_radps": 1.0541443979980076
  },
  "val_flat_loss": 0.6276758416555822,
  "val_flat_rmse": {
    "vel_body_x_mps": 0.00913060354364146,
    "vel_body_y_mps": 0.018472815880232984,
    "roll_rad": 0.0004347218279919111,
    "pitch_rad": 8.695699839855908e-05,
    "roll_rate_radps": 0.03983759888159173,
    "ang_vel_body_y_radps": 0.007714422126391626,
    "yaw_rate_radps": 0.014005144884101728,
    "tire_fl_force_wheel_fz_n": 1168.3757357310064,
    "tire_fr_force_wheel_fz_n": 942.1463612624309,
    "tire_rl_force_wheel_fz_n": 1260.1862731331285,
    "tire_rr_force_wheel_fz_n": 946.9000529224874,
    "tire_fl_spindle_omega_radps": 0.9090471856908334,
    "tire_fr_spindle_omega_radps": 0.8854152955950451,
    "tire_rl_spindle_omega_radps": 1.0813058339501584,
    "tire_rr_spindle_omega_radps": 1.0541443979980076
  },
  "val_crm_loss": 0.10002772117732092,
  "val_crm_rmse": {
    "vel_body_x_mps": 0.0030365191005798284,
    "vel_body_y_mps": 0.0023820947106165183,
    "roll_rad": 4.808729162216435e-05,
    "pitch_rad": 3.174041493813599e-05,
    "roll_rate_radps": 0.0036954569137521397,
    "ang_vel_body_y_radps": 0.0026190721775354187,
    "yaw_rate_radps": 0.002387040970133645,
    "tire_fl_force_wheel_fz_n": 650.7780654896575,
    "tire_fr_force_wheel_fz_n": 637.4500289525612,
    "tire_rl_force_wheel_fz_n": 1023.1024399554633,
    "tire_rr_force_wheel_fz_n": 1073.5085899088242,
    "tire_fl_spindle_omega_radps": 0.13614487359785946,
    "tire_fr_spindle_omega_radps": 0.13741491239728804,
    "tire_rl_spindle_omega_radps": 0.15915701635579618,
    "tire_rr_spindle_omega_radps": 0.1610387758471448
  },
  "val_mixed_loss": 0.10002772117732092,
  "rollout_flat_5.0s": {
    "xy_rmse_m": 2.6141746242484363,
    "yaw_rmse_rad": 1.3889387663637913,
    "errdist": 0.3443250470455285,
    "mean_dist_m": 7.592170963684718,
    "episodes": 12
  },
  "rollout_flat_10.0s": {
    "xy_rmse_m": 15.507628756258226,
    "yaw_rmse_rad": 1.6527335871639972,
    "errdist": 0.44034359511896476,
    "mean_dist_m": 35.2171098391215,
    "episodes": 12
  },
  "rollout_crm_5.0s": {
    "xy_rmse_m": 0.6448783595197343,
    "yaw_rmse_rad": 0.06710427850341676,
    "errdist": 0.09011083421835206,
    "mean_dist_m": 7.1565019357949495,
    "episodes": 12
  },
  "rollout_crm_10.0s": {
    "xy_rmse_m": 1.9291193001234752,
    "yaw_rmse_rad": 0.16703623170385196,
    "errdist": 0.07705134504753314,
    "mean_dist_m": 25.036802393694717,
    "episodes": 12
  },
  "rollout_sel": 0.07705134504753314
}
{
  "epoch": 29,
  "timestamp_utc": "2026-07-10T22:43:29.167541+00:00",
  "train_loss": 0.05274882949516177,
  "val_loss": 0.6233005728852004,
  "val_rmse": {
    "vel_body_x_mps": 0.008720126621969084,
    "vel_body_y_mps": 0.01869571565753929,
    "roll_rad": 0.00044562157396716345,
    "pitch_rad": 8.966177497177047e-05,
    "roll_rate_radps": 0.03905265312386079,
    "ang_vel_body_y_radps": 0.005889867301421154,
    "yaw_rate_radps": 0.01432598212177831,
    "tire_fl_force_wheel_fz_n": 1105.6081953239054,
    "tire_fr_force_wheel_fz_n": 1016.918218621467,
    "tire_rl_force_wheel_fz_n": 1099.6390104720963,
    "tire_rr_force_wheel_fz_n": 1078.6338028494258,
    "tire_fl_spindle_omega_radps": 0.9066520546732916,
    "tire_fr_spindle_omega_radps": 0.8837279842805355,
    "tire_rl_spindle_omega_radps": 1.0736760715107894,
    "tire_rr_spindle_omega_radps": 1.0442326781018123
  },
  "val_flat_loss": 0.6233005728852004,
  "val_flat_rmse": {
    "vel_body_x_mps": 0.008720126621969084,
    "vel_body_y_mps": 0.01869571565753929,
    "roll_rad": 0.00044562157396716345,
    "pitch_rad": 8.966177497177047e-05,
    "roll_rate_radps": 0.03905265312386079,
    "ang_vel_body_y_radps": 0.005889867301421154,
    "yaw_rate_radps": 0.01432598212177831,
    "tire_fl_force_wheel_fz_n": 1105.6081953239054,
    "tire_fr_force_wheel_fz_n": 1016.918218621467,
    "tire_rl_force_wheel_fz_n": 1099.6390104720963,
    "tire_rr_force_wheel_fz_n": 1078.6338028494258,
    "tire_fl_spindle_omega_radps": 0.9066520546732916,
    "tire_fr_spindle_omega_radps": 0.8837279842805355,
    "tire_rl_spindle_omega_radps": 1.0736760715107894,
    "tire_rr_spindle_omega_radps": 1.0442326781018123
  },
  "val_crm_loss": 0.10095229239785113,
  "val_crm_rmse": {
    "vel_body_x_mps": 0.003125612789235191,
    "vel_body_y_mps": 0.0023776263726997962,
    "roll_rad": 6.162729690186733e-05,
    "pitch_rad": 3.2293675151315135e-05,
    "roll_rate_radps": 0.0037973944239863807,
    "ang_vel_body_y_radps": 0.0025884610274858675,
    "yaw_rate_radps": 0.0023844464778688744,
    "tire_fl_force_wheel_fz_n": 647.7008535379803,
    "tire_fr_force_wheel_fz_n": 635.3637076940164,
    "tire_rl_force_wheel_fz_n": 1020.2399019138957,
    "tire_rr_force_wheel_fz_n": 1081.6335232444776,
    "tire_fl_spindle_omega_radps": 0.13816339722116933,
    "tire_fr_spindle_omega_radps": 0.13638164561973218,
    "tire_rl_spindle_omega_radps": 0.15905011772972608,
    "tire_rr_spindle_omega_radps": 0.16191323082950115
  },
  "val_mixed_loss": 0.10095229239785113,
  "rollout_flat_5.0s": {
    "xy_rmse_m": 2.8216986562857427,
    "yaw_rmse_rad": 1.587548752584301,
    "errdist": 0.3716589984317587,
    "mean_dist_m": 7.592170963684718,
    "episodes": 12
  },
  "rollout_flat_10.0s": {
    "xy_rmse_m": 15.195738894510205,
    "yaw_rmse_rad": 1.6253185910648218,
    "errdist": 0.43148739246142714,
    "mean_dist_m": 35.2171098391215,
    "episodes": 12
  },
  "rollout_crm_5.0s": {
    "xy_rmse_m": 0.5873548923858644,
    "yaw_rmse_rad": 0.037155340513026,
    "errdist": 0.08207290344575593,
    "mean_dist_m": 7.1565019357949495,
    "episodes": 12
  },
  "rollout_crm_10.0s": {
    "xy_rmse_m": 2.8923802930041416,
    "yaw_rmse_rad": 0.18967523562937635,
    "errdist": 0.11552514764155986,
    "mean_dist_m": 25.036802393694717,
    "episodes": 12
  },
  "rollout_sel": 0.11552514764155986
}
{
  "epoch": 30,
  "timestamp_utc": "2026-07-10T22:44:32.156340+00:00",
  "train_loss": 0.0518758063968271,
  "val_loss": 0.6342657121829689,
  "val_rmse": {
    "vel_body_x_mps": 0.008973947656690807,
    "vel_body_y_mps": 0.019093418054568507,
    "roll_rad": 0.0004412326068206526,
    "pitch_rad": 9.375807945542152e-05,
    "roll_rate_radps": 0.03779805642329806,
    "ang_vel_body_y_radps": 0.007187862862880795,
    "yaw_rate_radps": 0.014513582536086853,
    "tire_fl_force_wheel_fz_n": 1289.8964373641613,
    "tire_fr_force_wheel_fz_n": 1024.2237578586573,
    "tire_rl_force_wheel_fz_n": 1285.7032634023442,
    "tire_rr_force_wheel_fz_n": 991.5959685618756,
    "tire_fl_spindle_omega_radps": 0.9014985269561991,
    "tire_fr_spindle_omega_radps": 0.8816167365324248,
    "tire_rl_spindle_omega_radps": 1.0630477657428363,
    "tire_rr_spindle_omega_radps": 1.0341707664213935
  },
  "val_flat_loss": 0.6342657121829689,
  "val_flat_rmse": {
    "vel_body_x_mps": 0.008973947656690807,
    "vel_body_y_mps": 0.019093418054568507,
    "roll_rad": 0.0004412326068206526,
    "pitch_rad": 9.375807945542152e-05,
    "roll_rate_radps": 0.03779805642329806,
    "ang_vel_body_y_radps": 0.007187862862880795,
    "yaw_rate_radps": 0.014513582536086853,
    "tire_fl_force_wheel_fz_n": 1289.8964373641613,
    "tire_fr_force_wheel_fz_n": 1024.2237578586573,
    "tire_rl_force_wheel_fz_n": 1285.7032634023442,
    "tire_rr_force_wheel_fz_n": 991.5959685618756,
    "tire_fl_spindle_omega_radps": 0.9014985269561991,
    "tire_fr_spindle_omega_radps": 0.8816167365324248,
    "tire_rl_spindle_omega_radps": 1.0630477657428363,
    "tire_rr_spindle_omega_radps": 1.0341707664213935
  },
  "val_crm_loss": 0.10061899860971607,
  "val_crm_rmse": {
    "vel_body_x_mps": 0.0031256926129190625,
    "vel_body_y_mps": 0.002359532519978808,
    "roll_rad": 5.1355346122555495e-05,
    "pitch_rad": 3.4746283863660126e-05,
    "roll_rate_radps": 0.003809820165282989,
    "ang_vel_body_y_radps": 0.0025423061521997214,
    "yaw_rate_radps": 0.002376177714249946,
    "tire_fl_force_wheel_fz_n": 644.1165434893593,
    "tire_fr_force_wheel_fz_n": 644.0866173879427,
    "tire_rl_force_wheel_fz_n": 1030.807536495015,
    "tire_rr_force_wheel_fz_n": 1080.8990671306801,
    "tire_fl_spindle_omega_radps": 0.1379172236664818,
    "tire_fr_spindle_omega_radps": 0.13700204005668348,
    "tire_rl_spindle_omega_radps": 0.15965030825537377,
    "tire_rr_spindle_omega_radps": 0.1616516187281253
  },
  "val_mixed_loss": 0.10061899860971607,
  "rollout_flat_5.0s": {
    "xy_rmse_m": 2.996903605982587,
    "yaw_rmse_rad": 1.5801164297672117,
    "errdist": 0.39473605380036064,
    "mean_dist_m": 7.592170963684718,
    "episodes": 12
  },
  "rollout_flat_10.0s": {
    "xy_rmse_m": 15.306741616290438,
    "yaw_rmse_rad": 1.686936604205408,
    "errdist": 0.43463934678951693,
    "mean_dist_m": 35.2171098391215,
    "episodes": 12
  },
  "rollout_crm_5.0s": {
    "xy_rmse_m": 0.8808013335712753,
    "yaw_rmse_rad": 0.06537676036046808,
    "errdist": 0.12307707612929406,
    "mean_dist_m": 7.1565019357949495,
    "episodes": 12
  },
  "rollout_crm_10.0s": {
    "xy_rmse_m": 2.1587363441505114,
    "yaw_rmse_rad": 0.18492349194229507,
    "errdist": 0.08622252595220262,
    "mean_dist_m": 25.036802393694717,
    "episodes": 12
  },
  "rollout_sel": 0.08622252595220262
}
{
  "epoch": 31,
  "timestamp_utc": "2026-07-10T22:45:35.393568+00:00",
  "train_loss": 0.051209339728578926,
  "val_loss": 0.6269415089860558,
  "val_rmse": {
    "vel_body_x_mps": 0.009031225747750352,
    "vel_body_y_mps": 0.019032687748547546,
    "roll_rad": 0.00042903757657356185,
    "pitch_rad": 8.835364274149635e-05,
    "roll_rate_radps": 0.03774222941018896,
    "ang_vel_body_y_radps": 0.007652962342949313,
    "yaw_rate_radps": 0.014596520948495876,
    "tire_fl_force_wheel_fz_n": 1160.1088583418045,
    "tire_fr_force_wheel_fz_n": 978.5028655580286,
    "tire_rl_force_wheel_fz_n": 1091.7949894974774,
    "tire_rr_force_wheel_fz_n": 1053.678460814389,
    "tire_fl_spindle_omega_radps": 0.8996108761959475,
    "tire_fr_spindle_omega_radps": 0.8721023609601667,
    "tire_rl_spindle_omega_radps": 1.0751966935473944,
    "tire_rr_spindle_omega_radps": 1.0408759758374062
  },
  "val_flat_loss": 0.6269415089860558,
  "val_flat_rmse": {
    "vel_body_x_mps": 0.009031225747750352,
    "vel_body_y_mps": 0.019032687748547546,
    "roll_rad": 0.00042903757657356185,
    "pitch_rad": 8.835364274149635e-05,
    "roll_rate_radps": 0.03774222941018896,
    "ang_vel_body_y_radps": 0.007652962342949313,
    "yaw_rate_radps": 0.014596520948495876,
    "tire_fl_force_wheel_fz_n": 1160.1088583418045,
    "tire_fr_force_wheel_fz_n": 978.5028655580286,
    "tire_rl_force_wheel_fz_n": 1091.7949894974774,
    "tire_rr_force_wheel_fz_n": 1053.678460814389,
    "tire_fl_spindle_omega_radps": 0.8996108761959475,
    "tire_fr_spindle_omega_radps": 0.8721023609601667,
    "tire_rl_spindle_omega_radps": 1.0751966935473944,
    "tire_rr_spindle_omega_radps": 1.0408759758374062
  },
  "val_crm_loss": 0.10048335763451177,
  "val_crm_rmse": {
    "vel_body_x_mps": 0.003075623731948746,
    "vel_body_y_mps": 0.0023717387867934893,
    "roll_rad": 4.841035820688516e-05,
    "pitch_rad": 3.8282794131096566e-05,
    "roll_rate_radps": 0.0037179832758259027,
    "ang_vel_body_y_radps": 0.0025599961023155806,
    "yaw_rate_radps": 0.0023817663350783743,
    "tire_fl_force_wheel_fz_n": 645.9891847896793,
    "tire_fr_force_wheel_fz_n": 637.9918123787746,
    "tire_rl_force_wheel_fz_n": 1031.5764292999838,
    "tire_rr_force_wheel_fz_n": 1084.3453719443098,
    "tire_fl_spindle_omega_radps": 0.1359470120446409,
    "tire_fr_spindle_omega_radps": 0.13702977765544966,
    "tire_rl_spindle_omega_radps": 0.15984189599791523,
    "tire_rr_spindle_omega_radps": 0.1608923229260382
  },
  "val_mixed_loss": 0.10048335763451177,
  "rollout_flat_5.0s": {
    "xy_rmse_m": 2.7501095300305245,
    "yaw_rmse_rad": 0.9964630615505156,
    "errdist": 0.3622296630548755,
    "mean_dist_m": 7.592170963684718,
    "episodes": 12
  },
  "rollout_flat_10.0s": {
    "xy_rmse_m": 14.468084139195975,
    "yaw_rmse_rad": 1.420353415235247,
    "errdist": 0.4108254256322837,
    "mean_dist_m": 35.2171098391215,
    "episodes": 12
  },
  "rollout_crm_5.0s": {
    "xy_rmse_m": 0.3745398600257973,
    "yaw_rmse_rad": 0.031538598096856336,
    "errdist": 0.05233560521411263,
    "mean_dist_m": 7.1565019357949495,
    "episodes": 12
  },
  "rollout_crm_10.0s": {
    "xy_rmse_m": 1.5142180126150209,
    "yaw_rmse_rad": 0.08050347413823167,
    "errdist": 0.06047968861216728,
    "mean_dist_m": 25.036802393694717,
    "episodes": 12
  },
  "rollout_sel": 0.06047968861216728
}
{
  "epoch": 32,
  "timestamp_utc": "2026-07-10T22:46:38.521487+00:00",
  "train_loss": 0.05036659212969243,
  "val_loss": 0.6553472534380853,
  "val_rmse": {
    "vel_body_x_mps": 0.009774785297518788,
    "vel_body_y_mps": 0.019532653364779797,
    "roll_rad": 0.00041832957575893174,
    "pitch_rad": 8.077013966986381e-05,
    "roll_rate_radps": 0.04016525861381254,
    "ang_vel_body_y_radps": 0.007550828100701864,
    "yaw_rate_radps": 0.014695445137624582,
    "tire_fl_force_wheel_fz_n": 1224.2313330115737,
    "tire_fr_force_wheel_fz_n": 1073.269715271399,
    "tire_rl_force_wheel_fz_n": 1205.6937633076263,
    "tire_rr_force_wheel_fz_n": 1134.6537640584427,
    "tire_fl_spindle_omega_radps": 0.9061094455371872,
    "tire_fr_spindle_omega_radps": 0.8830626873615355,
    "tire_rl_spindle_omega_radps": 1.0742738361160329,
    "tire_rr_spindle_omega_radps": 1.050595455580661
  },
  "val_flat_loss": 0.6553472534380853,
  "val_flat_rmse": {
    "vel_body_x_mps": 0.009774785297518788,
    "vel_body_y_mps": 0.019532653364779797,
    "roll_rad": 0.00041832957575893174,
    "pitch_rad": 8.077013966986381e-05,
    "roll_rate_radps": 0.04016525861381254,
    "ang_vel_body_y_radps": 0.007550828100701864,
    "yaw_rate_radps": 0.014695445137624582,
    "tire_fl_force_wheel_fz_n": 1224.2313330115737,
    "tire_fr_force_wheel_fz_n": 1073.269715271399,
    "tire_rl_force_wheel_fz_n": 1205.6937633076263,
    "tire_rr_force_wheel_fz_n": 1134.6537640584427,
    "tire_fl_spindle_omega_radps": 0.9061094455371872,
    "tire_fr_spindle_omega_radps": 0.8830626873615355,
    "tire_rl_spindle_omega_radps": 1.0742738361160329,
    "tire_rr_spindle_omega_radps": 1.050595455580661
  },
  "val_crm_loss": 0.10196074293286074,
  "val_crm_rmse": {
    "vel_body_x_mps": 0.00307844995984222,
    "vel_body_y_mps": 0.0023627206796567254,
    "roll_rad": 4.862359364983519e-05,
    "pitch_rad": 3.191755837419899e-05,
    "roll_rate_radps": 0.0037430182358696657,
    "ang_vel_body_y_radps": 0.0025894565218475356,
    "yaw_rate_radps": 0.0024062860211162885,
    "tire_fl_force_wheel_fz_n": 652.7430344746513,
    "tire_fr_force_wheel_fz_n": 638.1605014552968,
    "tire_rl_force_wheel_fz_n": 1039.9701882441263,
    "tire_rr_force_wheel_fz_n": 1092.449640824989,
    "tire_fl_spindle_omega_radps": 0.1382769360786407,
    "tire_fr_spindle_omega_radps": 0.13612770176355393,
    "tire_rl_spindle_omega_radps": 0.16008773471136026,
    "tire_rr_spindle_omega_radps": 0.1625870274865018
  },
  "val_mixed_loss": 0.10196074293286074,
  "rollout_flat_5.0s": {
    "xy_rmse_m": 2.4994066983974697,
    "yaw_rmse_rad": 1.3431806977091374,
    "errdist": 0.32920843199563954,
    "mean_dist_m": 7.592170963684718,
    "episodes": 12
  },
  "rollout_flat_10.0s": {
    "xy_rmse_m": 14.862938335126605,
    "yaw_rmse_rad": 1.586041348970616,
    "errdist": 0.42203742450823917,
    "mean_dist_m": 35.2171098391215,
    "episodes": 12
  },
  "rollout_crm_5.0s": {
    "xy_rmse_m": 0.9164142324929793,
    "yaw_rmse_rad": 0.06570783959179848,
    "errdist": 0.12805337589714258,
    "mean_dist_m": 7.1565019357949495,
    "episodes": 12
  },
  "rollout_crm_10.0s": {
    "xy_rmse_m": 2.686526055864773,
    "yaw_rmse_rad": 0.1938766533393549,
    "errdist": 0.10730308182411302,
    "mean_dist_m": 25.036802393694717,
    "episodes": 12
  },
  "rollout_sel": 0.10730308182411302
}
{
  "epoch": 33,
  "timestamp_utc": "2026-07-10T22:47:41.779920+00:00",
  "train_loss": 0.049722846485674384,
  "val_loss": 0.6284521797113121,
  "val_rmse": {
    "vel_body_x_mps": 0.009209608510281828,
    "vel_body_y_mps": 0.019036266417812565,
    "roll_rad": 0.0004258727127414843,
    "pitch_rad": 0.00010390964235417167,
    "roll_rate_radps": 0.037409115527214036,
    "ang_vel_body_y_radps": 0.007408934976910657,
    "yaw_rate_radps": 0.014549267598167276,
    "tire_fl_force_wheel_fz_n": 1167.9049161909284,
    "tire_fr_force_wheel_fz_n": 1096.0784643958227,
    "tire_rl_force_wheel_fz_n": 1096.9806643961788,
    "tire_rr_force_wheel_fz_n": 1091.4892969298874,
    "tire_fl_spindle_omega_radps": 0.8958956058311444,
    "tire_fr_spindle_omega_radps": 0.8798597700593963,
    "tire_rl_spindle_omega_radps": 1.0591490209488255,
    "tire_rr_spindle_omega_radps": 1.035782182472887
  },
  "val_flat_loss": 0.6284521797113121,
  "val_flat_rmse": {
    "vel_body_x_mps": 0.009209608510281828,
    "vel_body_y_mps": 0.019036266417812565,
    "roll_rad": 0.0004258727127414843,
    "pitch_rad": 0.00010390964235417167,
    "roll_rate_radps": 0.037409115527214036,
    "ang_vel_body_y_radps": 0.007408934976910657,
    "yaw_rate_radps": 0.014549267598167276,
    "tire_fl_force_wheel_fz_n": 1167.9049161909284,
    "tire_fr_force_wheel_fz_n": 1096.0784643958227,
    "tire_rl_force_wheel_fz_n": 1096.9806643961788,
    "tire_rr_force_wheel_fz_n": 1091.4892969298874,
    "tire_fl_spindle_omega_radps": 0.8958956058311444,
    "tire_fr_spindle_omega_radps": 0.8798597700593963,
    "tire_rl_spindle_omega_radps": 1.0591490209488255,
    "tire_rr_spindle_omega_radps": 1.035782182472887
  },
  "val_crm_loss": 0.10103550135041588,
  "val_crm_rmse": {
    "vel_body_x_mps": 0.00304558080746335,
    "vel_body_y_mps": 0.0023360540613101334,
    "roll_rad": 5.261427669473381e-05,
    "pitch_rad": 3.296142060503004e-05,
    "roll_rate_radps": 0.0036333574271962955,
    "ang_vel_body_y_radps": 0.0025405646380334593,
    "yaw_rate_radps": 0.0024120537586986013,
    "tire_fl_force_wheel_fz_n": 653.0417136863871,
    "tire_fr_force_wheel_fz_n": 637.7598197991499,
    "tire_rl_force_wheel_fz_n": 1042.4768279459256,
    "tire_rr_force_wheel_fz_n": 1080.6927760247306,
    "tire_fl_spindle_omega_radps": 0.13567749373679336,
    "tire_fr_spindle_omega_radps": 0.13515322232441604,
    "tire_rl_spindle_omega_radps": 0.1572866242390751,
    "tire_rr_spindle_omega_radps": 0.16066882311364825
  },
  "val_mixed_loss": 0.10103550135041588,
  "rollout_flat_5.0s": {
    "xy_rmse_m": 2.954196881640557,
    "yaw_rmse_rad": 1.6210578403402254,
    "errdist": 0.3891109533453911,
    "mean_dist_m": 7.592170963684718,
    "episodes": 12
  },
  "rollout_flat_10.0s": {
    "xy_rmse_m": 15.631720172044705,
    "yaw_rmse_rad": 1.712227057542904,
    "errdist": 0.44386720669167334,
    "mean_dist_m": 35.2171098391215,
    "episodes": 12
  },
  "rollout_crm_5.0s": {
    "xy_rmse_m": 0.6370980655111543,
    "yaw_rmse_rad": 0.041457770840135286,
    "errdist": 0.08902366983575545,
    "mean_dist_m": 7.1565019357949495,
    "episodes": 12
  },
  "rollout_crm_10.0s": {
    "xy_rmse_m": 2.0325111022245603,
    "yaw_rmse_rad": 0.09822871366695077,
    "errdist": 0.08118093797538735,
    "mean_dist_m": 25.036802393694717,
    "episodes": 12
  },
  "rollout_sel": 0.08118093797538735
}
{
  "epoch": 34,
  "timestamp_utc": "2026-07-10T22:48:44.880898+00:00",
  "train_loss": 0.04900188371352852,
  "val_loss": 0.6415112446807325,
  "val_rmse": {
    "vel_body_x_mps": 0.008830613004613899,
    "vel_body_y_mps": 0.01966158481563993,
    "roll_rad": 0.0004320498543151526,
    "pitch_rad": 7.28764110363058e-05,
    "roll_rate_radps": 0.0401357937893308,
    "ang_vel_body_y_radps": 0.0073334214957564816,
    "yaw_rate_radps": 0.01472108734895268,
    "tire_fl_force_wheel_fz_n": 1171.5699736282506,
    "tire_fr_force_wheel_fz_n": 1147.788555214099,
    "tire_rl_force_wheel_fz_n": 1059.075420320826,
    "tire_rr_force_wheel_fz_n": 1094.129019377935,
    "tire_fl_spindle_omega_radps": 0.8957213633722696,
    "tire_fr_spindle_omega_radps": 0.8776332137212792,
    "tire_rl_spindle_omega_radps": 1.0680858021245088,
    "tire_rr_spindle_omega_radps": 1.046782294241296
  },
  "val_flat_loss": 0.6415112446807325,
  "val_flat_rmse": {
    "vel_body_x_mps": 0.008830613004613899,
    "vel_body_y_mps": 0.01966158481563993,
    "roll_rad": 0.0004320498543151526,
    "pitch_rad": 7.28764110363058e-05,
    "roll_rate_radps": 0.0401357937893308,
    "ang_vel_body_y_radps": 0.0073334214957564816,
    "yaw_rate_radps": 0.01472108734895268,
    "tire_fl_force_wheel_fz_n": 1171.5699736282506,
    "tire_fr_force_wheel_fz_n": 1147.788555214099,
    "tire_rl_force_wheel_fz_n": 1059.075420320826,
    "tire_rr_force_wheel_fz_n": 1094.129019377935,
    "tire_fl_spindle_omega_radps": 0.8957213633722696,
    "tire_fr_spindle_omega_radps": 0.8776332137212792,
    "tire_rl_spindle_omega_radps": 1.0680858021245088,
    "tire_rr_spindle_omega_radps": 1.046782294241296
  },
  "val_crm_loss": 0.10105019967537374,
  "val_crm_rmse": {
    "vel_body_x_mps": 0.003077511192542774,
    "vel_body_y_mps": 0.002395303994214321,
    "roll_rad": 6.032212915946034e-05,
    "pitch_rad": 3.65728541529596e-05,
    "roll_rate_radps": 0.0037040889662008506,
    "ang_vel_body_y_radps": 0.0025371137772169975,
    "yaw_rate_radps": 0.0023884708652760723,
    "tire_fl_force_wheel_fz_n": 649.0873962429295,
    "tire_fr_force_wheel_fz_n": 643.0238521147002,
    "tire_rl_force_wheel_fz_n": 1030.0871178835737,
    "tire_rr_force_wheel_fz_n": 1088.0213578803762,
    "tire_fl_spindle_omega_radps": 0.1367896660677375,
    "tire_fr_spindle_omega_radps": 0.1363995081841611,
    "tire_rl_spindle_omega_radps": 0.15920531461488666,
    "tire_rr_spindle_omega_radps": 0.16180569971791658
  },
  "val_mixed_loss": 0.10105019967537374,
  "rollout_flat_5.0s": {
    "xy_rmse_m": 3.04721219421548,
    "yaw_rmse_rad": 1.4260122564871598,
    "errdist": 0.40136243095566076,
    "mean_dist_m": 7.592170963684718,
    "episodes": 12
  },
  "rollout_flat_10.0s": {
    "xy_rmse_m": 14.42043433859299,
    "yaw_rmse_rad": 1.563718632902611,
    "errdist": 0.40947239578910066,
    "mean_dist_m": 35.2171098391215,
    "episodes": 12
  },
  "rollout_crm_5.0s": {
    "xy_rmse_m": 0.3926944037411461,
    "yaw_rmse_rad": 0.03779255870889078,
    "errdist": 0.054872395377550516,
    "mean_dist_m": 7.1565019357949495,
    "episodes": 12
  },
  "rollout_crm_10.0s": {
    "xy_rmse_m": 1.7734430195054527,
    "yaw_rmse_rad": 0.07750149155342778,
    "errdist": 0.070833447163847,
    "mean_dist_m": 25.036802393694717,
    "episodes": 12
  },
  "rollout_sel": 0.070833447163847
}
{
  "epoch": 35,
  "timestamp_utc": "2026-07-10T22:49:48.003508+00:00",
  "train_loss": 0.048377545271068814,
  "val_loss": 0.6373083705827594,
  "val_rmse": {
    "vel_body_x_mps": 0.009307251022311454,
    "vel_body_y_mps": 0.01875582265053035,
    "roll_rad": 0.00042192680694952926,
    "pitch_rad": 7.32830909367103e-05,
    "roll_rate_radps": 0.03722514538147947,
    "ang_vel_body_y_radps": 0.0072491784094134565,
    "yaw_rate_radps": 0.014556952709838844,
    "tire_fl_force_wheel_fz_n": 1160.5555047548132,
    "tire_fr_force_wheel_fz_n": 1107.2240798117782,
    "tire_rl_force_wheel_fz_n": 1229.1878992271463,
    "tire_rr_force_wheel_fz_n": 1089.8270209311925,
    "tire_fl_spindle_omega_radps": 0.9022441866932138,
    "tire_fr_spindle_omega_radps": 0.8808332638937109,
    "tire_rl_spindle_omega_radps": 1.077519773831618,
    "tire_rr_spindle_omega_radps": 1.0463160087887171
  },
  "val_flat_loss": 0.6373083705827594,
  "val_flat_rmse": {
    "vel_body_x_mps": 0.009307251022311454,
    "vel_body_y_mps": 0.01875582265053035,
    "roll_rad": 0.00042192680694952926,
    "pitch_rad": 7.32830909367103e-05,
    "roll_rate_radps": 0.03722514538147947,
    "ang_vel_body_y_radps": 0.0072491784094134565,
    "yaw_rate_radps": 0.014556952709838844,
    "tire_fl_force_wheel_fz_n": 1160.5555047548132,
    "tire_fr_force_wheel_fz_n": 1107.2240798117782,
    "tire_rl_force_wheel_fz_n": 1229.1878992271463,
    "tire_rr_force_wheel_fz_n": 1089.8270209311925,
    "tire_fl_spindle_omega_radps": 0.9022441866932138,
    "tire_fr_spindle_omega_radps": 0.8808332638937109,
    "tire_rl_spindle_omega_radps": 1.077519773831618,
    "tire_rr_spindle_omega_radps": 1.0463160087887171
  },
  "val_crm_loss": 0.10154742261336651,
  "val_crm_rmse": {
    "vel_body_x_mps": 0.003127104050544291,
    "vel_body_y_mps": 0.0023560444031893177,
    "roll_rad": 5.5939475361423064e-05,
    "pitch_rad": 3.0000594032736786e-05,
    "roll_rate_radps": 0.0037462602571620754,
    "ang_vel_body_y_radps": 0.0025080925427807153,
    "yaw_rate_radps": 0.002403114056010618,
    "tire_fl_force_wheel_fz_n": 655.660423085297,
    "tire_fr_force_wheel_fz_n": 640.7134972477323,
    "tire_rl_force_wheel_fz_n": 1034.3460006172595,
    "tire_rr_force_wheel_fz_n": 1085.347276941782,
    "tire_fl_spindle_omega_radps": 0.13637701973658878,
    "tire_fr_spindle_omega_radps": 0.1380974349915314,
    "tire_rl_spindle_omega_radps": 0.160153946474597,
    "tire_rr_spindle_omega_radps": 0.1614555712728544
  },
  "val_mixed_loss": 0.10154742261336651,
  "rollout_flat_5.0s": {
    "xy_rmse_m": 2.6715698134519688,
    "yaw_rmse_rad": 1.5436107668463335,
    "errdist": 0.35188483323554826,
    "mean_dist_m": 7.592170963684718,
    "episodes": 12
  },
  "rollout_flat_10.0s": {
    "xy_rmse_m": 14.87828180025501,
    "yaw_rmse_rad": 1.60910714201208,
    "errdist": 0.4224731066297561,
    "mean_dist_m": 35.2171098391215,
    "episodes": 12
  },
  "rollout_crm_5.0s": {
    "xy_rmse_m": 0.6705484232654465,
    "yaw_rmse_rad": 0.04596223130037797,
    "errdist": 0.0936977910830344,
    "mean_dist_m": 7.1565019357949495,
    "episodes": 12
  },
  "rollout_crm_10.0s": {
    "xy_rmse_m": 2.0798251842126474,
    "yaw_rmse_rad": 0.134189900320078,
    "errdist": 0.0830707193158353,
    "mean_dist_m": 25.036802393694717,
    "episodes": 12
  },
  "rollout_sel": 0.0830707193158353
}
{
  "epoch": 36,
  "timestamp_utc": "2026-07-10T22:50:51.148510+00:00",
  "train_loss": 0.04796758409217,
  "val_loss": 0.6584115901216865,
  "val_rmse": {
    "vel_body_x_mps": 0.009315400081905486,
    "vel_body_y_mps": 0.019506678486875637,
    "roll_rad": 0.00043404470995626887,
    "pitch_rad": 7.189168855117477e-05,
    "roll_rate_radps": 0.039996238280115455,
    "ang_vel_body_y_radps": 0.007371914059647132,
    "yaw_rate_radps": 0.01501395331837574,
    "tire_fl_force_wheel_fz_n": 1245.78129979795,
    "tire_fr_force_wheel_fz_n": 1088.1068600741517,
    "tire_rl_force_wheel_fz_n": 1222.7661423218235,
    "tire_rr_force_wheel_fz_n": 1099.5631739761263,
    "tire_fl_spindle_omega_radps": 0.9119755122828159,
    "tire_fr_spindle_omega_radps": 0.8870187732288433,
    "tire_rl_spindle_omega_radps": 1.0830731408936192,
    "tire_rr_spindle_omega_radps": 1.0616009095217371
  },
  "val_flat_loss": 0.6584115901216865,
  "val_flat_rmse": {
    "vel_body_x_mps": 0.009315400081905486,
    "vel_body_y_mps": 0.019506678486875637,
    "roll_rad": 0.00043404470995626887,
    "pitch_rad": 7.189168855117477e-05,
    "roll_rate_radps": 0.039996238280115455,
    "ang_vel_body_y_radps": 0.007371914059647132,
    "yaw_rate_radps": 0.01501395331837574,
    "tire_fl_force_wheel_fz_n": 1245.78129979795,
    "tire_fr_force_wheel_fz_n": 1088.1068600741517,
    "tire_rl_force_wheel_fz_n": 1222.7661423218235,
    "tire_rr_force_wheel_fz_n": 1099.5631739761263,
    "tire_fl_spindle_omega_radps": 0.9119755122828159,
    "tire_fr_spindle_omega_radps": 0.8870187732288433,
    "tire_rl_spindle_omega_radps": 1.0830731408936192,
    "tire_rr_spindle_omega_radps": 1.0616009095217371
  },
  "val_crm_loss": 0.1015560724149691,
  "val_crm_rmse": {
    "vel_body_x_mps": 0.003082204967817917,
    "vel_body_y_mps": 0.0024211101574227534,
    "roll_rad": 4.4821931467010975e-05,
    "pitch_rad": 2.9648449564050694e-05,
    "roll_rate_radps": 0.0037511815111502126,
    "ang_vel_body_y_radps": 0.0025217438500996234,
    "yaw_rate_radps": 0.0023828288218839216,
    "tire_fl_force_wheel_fz_n": 658.0497664107496,
    "tire_fr_force_wheel_fz_n": 646.0530095264351,
    "tire_rl_force_wheel_fz_n": 1037.1366493647627,
    "tire_rr_force_wheel_fz_n": 1090.6047241980268,
    "tire_fl_spindle_omega_radps": 0.13465422699103896,
    "tire_fr_spindle_omega_radps": 0.13651833152270104,
    "tire_rl_spindle_omega_radps": 0.15939985678282456,
    "tire_rr_spindle_omega_radps": 0.1615978519919195
  },
  "val_mixed_loss": 0.1015560724149691,
  "rollout_flat_5.0s": {
    "xy_rmse_m": 2.361948484603527,
    "yaw_rmse_rad": 1.1349664362788046,
    "errdist": 0.3111031740330041,
    "mean_dist_m": 7.592170963684718,
    "episodes": 12
  },
  "rollout_flat_10.0s": {
    "xy_rmse_m": 15.294805076797795,
    "yaw_rmse_rad": 1.6178446669484985,
    "errdist": 0.43430040530490416,
    "mean_dist_m": 35.2171098391215,
    "episodes": 12
  },
  "rollout_crm_5.0s": {
    "xy_rmse_m": 0.5671455190515913,
    "yaw_rmse_rad": 0.030967381899995792,
    "errdist": 0.07924898562730456,
    "mean_dist_m": 7.1565019357949495,
    "episodes": 12
  },
  "rollout_crm_10.0s": {
    "xy_rmse_m": 1.2791668986134934,
    "yaw_rmse_rad": 0.0754556460362268,
    "errdist": 0.05109146441702314,
    "mean_dist_m": 25.036802393694717,
    "episodes": 12
  },
  "rollout_sel": 0.05109146441702314
}
{
  "epoch": 37,
  "timestamp_utc": "2026-07-10T22:51:54.433586+00:00",
  "train_loss": 0.04723310630954802,
  "val_loss": 0.651820052517578,
  "val_rmse": {
    "vel_body_x_mps": 0.009068161203743805,
    "vel_body_y_mps": 0.019193043072458657,
    "roll_rad": 0.0004255479399712728,
    "pitch_rad": 6.505108713313363e-05,
    "roll_rate_radps": 0.03898853302267476,
    "ang_vel_body_y_radps": 0.00719887314496159,
    "yaw_rate_radps": 0.015086564308089084,
    "tire_fl_force_wheel_fz_n": 1287.3552887189692,
    "tire_fr_force_wheel_fz_n": 1053.2470837318508,
    "tire_rl_force_wheel_fz_n": 1239.1083610769167,
    "tire_rr_force_wheel_fz_n": 1083.3149957444894,
    "tire_fl_spindle_omega_radps": 0.901581358800815,
    "tire_fr_spindle_omega_radps": 0.8853335109145235,
    "tire_rl_spindle_omega_radps": 1.0804890357494021,
    "tire_rr_spindle_omega_radps": 1.0538845917868964
  },
  "val_flat_loss": 0.651820052517578,
  "val_flat_rmse": {
    "vel_body_x_mps": 0.009068161203743805,
    "vel_body_y_mps": 0.019193043072458657,
    "roll_rad": 0.0004255479399712728,
    "pitch_rad": 6.505108713313363e-05,
    "roll_rate_radps": 0.03898853302267476,
    "ang_vel_body_y_radps": 0.00719887314496159,
    "yaw_rate_radps": 0.015086564308089084,
    "tire_fl_force_wheel_fz_n": 1287.3552887189692,
    "tire_fr_force_wheel_fz_n": 1053.2470837318508,
    "tire_rl_force_wheel_fz_n": 1239.1083610769167,
    "tire_rr_force_wheel_fz_n": 1083.3149957444894,
    "tire_fl_spindle_omega_radps": 0.901581358800815,
    "tire_fr_spindle_omega_radps": 0.8853335109145235,
    "tire_rl_spindle_omega_radps": 1.0804890357494021,
    "tire_rr_spindle_omega_radps": 1.0538845917868964
  },
  "val_crm_loss": 0.10126842666883022,
  "val_crm_rmse": {
    "vel_body_x_mps": 0.0030844411602629113,
    "vel_body_y_mps": 0.0023227267196210847,
    "roll_rad": 4.8054454144832334e-05,
    "pitch_rad": 2.9147017481983055e-05,
    "roll_rate_radps": 0.0036401621359628037,
    "ang_vel_body_y_radps": 0.002504313558288512,
    "yaw_rate_radps": 0.0023833929089660897,
    "tire_fl_force_wheel_fz_n": 654.115679660662,
    "tire_fr_force_wheel_fz_n": 647.2140071913898,
    "tire_rl_force_wheel_fz_n": 1036.399517901068,
    "tire_rr_force_wheel_fz_n": 1088.6346258474673,
    "tire_fl_spindle_omega_radps": 0.13456224169567307,
    "tire_fr_spindle_omega_radps": 0.13602352249649174,
    "tire_rl_spindle_omega_radps": 0.15898387111730528,
    "tire_rr_spindle_omega_radps": 0.16216622237113928
  },
  "val_mixed_loss": 0.10126842666883022,
  "rollout_flat_5.0s": {
    "xy_rmse_m": 3.325484617477689,
    "yaw_rmse_rad": 1.1703346843170246,
    "errdist": 0.4380149806141519,
    "mean_dist_m": 7.592170963684718,
    "episodes": 12
  },
  "rollout_flat_10.0s": {
    "xy_rmse_m": 13.752675597870416,
    "yaw_rmse_rad": 1.5053758512247102,
    "errdist": 0.3905111935844614,
    "mean_dist_m": 35.2171098391215,
    "episodes": 12
  },
  "rollout_crm_5.0s": {
    "xy_rmse_m": 0.7347859179628176,
    "yaw_rmse_rad": 0.05054550111054178,
    "errdist": 0.10267389355232487,
    "mean_dist_m": 7.1565019357949495,
    "episodes": 12
  },
  "rollout_crm_10.0s": {
    "xy_rmse_m": 2.2746850541203805,
    "yaw_rmse_rad": 0.15748256713965453,
    "errdist": 0.09085365688284693,
    "mean_dist_m": 25.036802393694717,
    "episodes": 12
  },
  "rollout_sel": 0.09085365688284693
}
{
  "epoch": 38,
  "timestamp_utc": "2026-07-10T22:52:57.220513+00:00",
  "train_loss": 0.04669119972921908,
  "val_loss": 0.6431730125844478,
  "val_rmse": {
    "vel_body_x_mps": 0.009069798678915943,
    "vel_body_y_mps": 0.019591419442482605,
    "roll_rad": 0.00044300606338862217,
    "pitch_rad": 8.692353328347908e-05,
    "roll_rate_radps": 0.038593767871790335,
    "ang_vel_body_y_radps": 0.006557352096741014,
    "yaw_rate_radps": 0.01475443869422436,
    "tire_fl_force_wheel_fz_n": 1185.0973734273462,
    "tire_fr_force_wheel_fz_n": 1077.7455490540704,
    "tire_rl_force_wheel_fz_n": 1241.6533788159238,
    "tire_rr_force_wheel_fz_n": 970.2649732045052,
    "tire_fl_spindle_omega_radps": 0.9065231352765849,
    "tire_fr_spindle_omega_radps": 0.887493537353354,
    "tire_rl_spindle_omega_radps": 1.0774798954134317,
    "tire_rr_spindle_omega_radps": 1.0555977283586302
  },
  "val_flat_loss": 0.6431730125844478,
  "val_flat_rmse": {
    "vel_body_x_mps": 0.009069798678915943,
    "vel_body_y_mps": 0.019591419442482605,
    "roll_rad": 0.00044300606338862217,
    "pitch_rad": 8.692353328347908e-05,
    "roll_rate_radps": 0.038593767871790335,
    "ang_vel_body_y_radps": 0.006557352096741014,
    "yaw_rate_radps": 0.01475443869422436,
    "tire_fl_force_wheel_fz_n": 1185.0973734273462,
    "tire_fr_force_wheel_fz_n": 1077.7455490540704,
    "tire_rl_force_wheel_fz_n": 1241.6533788159238,
    "tire_rr_force_wheel_fz_n": 970.2649732045052,
    "tire_fl_spindle_omega_radps": 0.9065231352765849,
    "tire_fr_spindle_omega_radps": 0.887493537353354,
    "tire_rl_spindle_omega_radps": 1.0774798954134317,
    "tire_rr_spindle_omega_radps": 1.0555977283586302
  },
  "val_crm_loss": 0.10246928321023006,
  "val_crm_rmse": {
    "vel_body_x_mps": 0.0030998061382200913,
    "vel_body_y_mps": 0.002352236151791404,
    "roll_rad": 4.955644705152845e-05,
    "pitch_rad": 3.163144333978403e-05,
    "roll_rate_radps": 0.0036442430402490937,
    "ang_vel_body_y_radps": 0.0025440223037291798,
    "yaw_rate_radps": 0.002381599368430765,
    "tire_fl_force_wheel_fz_n": 655.2002117189245,
    "tire_fr_force_wheel_fz_n": 653.4184271991554,
    "tire_rl_force_wheel_fz_n": 1040.6400033840073,
    "tire_rr_force_wheel_fz_n": 1100.5254605698533,
    "tire_fl_spindle_omega_radps": 0.13549402266886537,
    "tire_fr_spindle_omega_radps": 0.1366907911844713,
    "tire_rl_spindle_omega_radps": 0.1597908396663605,
    "tire_rr_spindle_omega_radps": 0.16322203314611705
  },
  "val_mixed_loss": 0.10246928321023006,
  "rollout_flat_5.0s": {
    "xy_rmse_m": 3.9264545235269845,
    "yaw_rmse_rad": 0.8395764157662596,
    "errdist": 0.5171715102713327,
    "mean_dist_m": 7.592170963684718,
    "episodes": 12
  },
  "rollout_flat_10.0s": {
    "xy_rmse_m": 14.089416970652714,
    "yaw_rmse_rad": 1.2169056975481956,
    "errdist": 0.40007306207169946,
    "mean_dist_m": 35.2171098391215,
    "episodes": 12
  },
  "rollout_crm_5.0s": {
    "xy_rmse_m": 0.5140355628163137,
    "yaw_rmse_rad": 0.07337566770667323,
    "errdist": 0.0718277682907123,
    "mean_dist_m": 7.1565019357949495,
    "episodes": 12
  },
  "rollout_crm_10.0s": {
    "xy_rmse_m": 1.9499208091892797,
    "yaw_rmse_rad": 0.1381856589191083,
    "errdist": 0.07788218233812273,
    "mean_dist_m": 25.036802393694717,
    "episodes": 12
  },
  "rollout_sel": 0.07788218233812273
}
{
  "epoch": 39,
  "timestamp_utc": "2026-07-10T22:54:00.464561+00:00",
  "train_loss": 0.046041370790451765,
  "val_loss": 0.667236876245588,
  "val_rmse": {
    "vel_body_x_mps": 0.009764595135759356,
    "vel_body_y_mps": 0.019032944699663174,
    "roll_rad": 0.0004400976145876347,
    "pitch_rad": 9.153855887237385e-05,
    "roll_rate_radps": 0.037695629777767005,
    "ang_vel_body_y_radps": 0.007079055437735964,
    "yaw_rate_radps": 0.015316651661131738,
    "tire_fl_force_wheel_fz_n": 1181.4541172324418,
    "tire_fr_force_wheel_fz_n": 1210.2660762623905,
    "tire_rl_force_wheel_fz_n": 1321.9695905558842,
    "tire_rr_force_wheel_fz_n": 1094.5087654453566,
    "tire_fl_spindle_omega_radps": 0.9169392151926579,
    "tire_fr_spindle_omega_radps": 0.8981352951257962,
    "tire_rl_spindle_omega_radps": 1.0888274306226027,
    "tire_rr_spindle_omega_radps": 1.069805936872606
  },
  "val_flat_loss": 0.667236876245588,
  "val_flat_rmse": {
    "vel_body_x_mps": 0.009764595135759356,
    "vel_body_y_mps": 0.019032944699663174,
    "roll_rad": 0.0004400976145876347,
    "pitch_rad": 9.153855887237385e-05,
    "roll_rate_radps": 0.037695629777767005,
    "ang_vel_body_y_radps": 0.007079055437735964,
    "yaw_rate_radps": 0.015316651661131738,
    "tire_fl_force_wheel_fz_n": 1181.4541172324418,
    "tire_fr_force_wheel_fz_n": 1210.2660762623905,
    "tire_rl_force_wheel_fz_n": 1321.9695905558842,
    "tire_rr_force_wheel_fz_n": 1094.5087654453566,
    "tire_fl_spindle_omega_radps": 0.9169392151926579,
    "tire_fr_spindle_omega_radps": 0.8981352951257962,
    "tire_rl_spindle_omega_radps": 1.0888274306226027,
    "tire_rr_spindle_omega_radps": 1.069805936872606
  },
  "val_crm_loss": 0.102662494139513,
  "val_crm_rmse": {
    "vel_body_x_mps": 0.0030704614642362653,
    "vel_body_y_mps": 0.002341867441362013,
    "roll_rad": 4.962389253072881e-05,
    "pitch_rad": 2.979347837088224e-05,
    "roll_rate_radps": 0.003662906101636662,
    "ang_vel_body_y_radps": 0.0025076454150378467,
    "yaw_rate_radps": 0.0023796995987869322,
    "tire_fl_force_wheel_fz_n": 661.3920046950309,
    "tire_fr_force_wheel_fz_n": 648.2078166967049,
    "tire_rl_force_wheel_fz_n": 1052.016440375488,
    "tire_rr_force_wheel_fz_n": 1098.9091222605384,
    "tire_fl_spindle_omega_radps": 0.13664300438157484,
    "tire_fr_spindle_omega_radps": 0.13675832698345708,
    "tire_rl_spindle_omega_radps": 0.15986849217441845,
    "tire_rr_spindle_omega_radps": 0.1625321076191521
  },
  "val_mixed_loss": 0.102662494139513,
  "rollout_flat_5.0s": {
    "xy_rmse_m": 3.1942195205303148,
    "yaw_rmse_rad": 1.489187581165032,
    "errdist": 0.4207254467541732,
    "mean_dist_m": 7.592170963684718,
    "episodes": 12
  },
  "rollout_flat_10.0s": {
    "xy_rmse_m": 15.114247469275472,
    "yaw_rmse_rad": 1.630522679191176,
    "errdist": 0.42917341991776864,
    "mean_dist_m": 35.2171098391215,
    "episodes": 12
  },
  "rollout_crm_5.0s": {
    "xy_rmse_m": 0.48873341645239343,
    "yaw_rmse_rad": 0.027233011683927867,
    "errdist": 0.06829222165201644,
    "mean_dist_m": 7.1565019357949495,
    "episodes": 12
  },
  "rollout_crm_10.0s": {
    "xy_rmse_m": 1.974528722749118,
    "yaw_rmse_rad": 0.24379431091775045,
    "errdist": 0.07886505200226306,
    "mean_dist_m": 25.036802393694717,
    "episodes": 12
  },
  "rollout_sel": 0.07886505200226306
}
{
  "epoch": 40,
  "timestamp_utc": "2026-07-10T22:55:03.670960+00:00",
  "train_loss": 0.04543403065390885,
  "val_loss": 0.6640128112025558,
  "val_rmse": {
    "vel_body_x_mps": 0.009320305321053886,
    "vel_body_y_mps": 0.020155678198297285,
    "roll_rad": 0.0004598887878294214,
    "pitch_rad": 8.52190373163771e-05,
    "roll_rate_radps": 0.03975212643451915,
    "ang_vel_body_y_radps": 0.006008671119214955,
    "yaw_rate_radps": 0.015069517986543744,
    "tire_fl_force_wheel_fz_n": 1277.907561707149,
    "tire_fr_force_wheel_fz_n": 1032.4831200832466,
    "tire_rl_force_wheel_fz_n": 1392.7864977888216,
    "tire_rr_force_wheel_fz_n": 1058.0598669548651,
    "tire_fl_spindle_omega_radps": 0.907351381502231,
    "tire_fr_spindle_omega_radps": 0.8899937279684802,
    "tire_rl_spindle_omega_radps": 1.082432603411842,
    "tire_rr_spindle_omega_radps": 1.0569761169122807
  },
  "val_flat_loss": 0.6640128112025558,
  "val_flat_rmse": {
    "vel_body_x_mps": 0.009320305321053886,
    "vel_body_y_mps": 0.020155678198297285,
    "roll_rad": 0.0004598887878294214,
    "pitch_rad": 8.52190373163771e-05,
    "roll_rate_radps": 0.03975212643451915,
    "ang_vel_body_y_radps": 0.006008671119214955,
    "yaw_rate_radps": 0.015069517986543744,
    "tire_fl_force_wheel_fz_n": 1277.907561707149,
    "tire_fr_force_wheel_fz_n": 1032.4831200832466,
    "tire_rl_force_wheel_fz_n": 1392.7864977888216,
    "tire_rr_force_wheel_fz_n": 1058.0598669548651,
    "tire_fl_spindle_omega_radps": 0.907351381502231,
    "tire_fr_spindle_omega_radps": 0.8899937279684802,
    "tire_rl_spindle_omega_radps": 1.082432603411842,
    "tire_rr_spindle_omega_radps": 1.0569761169122807
  },
  "val_crm_loss": 0.10331552212883252,
  "val_crm_rmse": {
    "vel_body_x_mps": 0.0030893058310630652,
    "vel_body_y_mps": 0.002366265391501539,
    "roll_rad": 5.098984706139262e-05,
    "pitch_rad": 3.1416033654728654e-05,
    "roll_rate_radps": 0.003655288383936086,
    "ang_vel_body_y_radps": 0.002555291041075898,
    "yaw_rate_radps": 0.002413396457277494,
    "tire_fl_force_wheel_fz_n": 661.9792249995877,
    "tire_fr_force_wheel_fz_n": 652.5944257586407,
    "tire_rl_force_wheel_fz_n": 1056.405588446514,
    "tire_rr_force_wheel_fz_n": 1101.2994720805486,
    "tire_fl_spindle_omega_radps": 0.13646041189946254,
    "tire_fr_spindle_omega_radps": 0.13684924672670873,
    "tire_rl_spindle_omega_radps": 0.16081231672952237,
    "tire_rr_spindle_omega_radps": 0.16271843594495033
  },
  "val_mixed_loss": 0.10331552212883252,
  "rollout_flat_5.0s": {
    "xy_rmse_m": 3.048574325799172,
    "yaw_rmse_rad": 1.2808766938023954,
    "errdist": 0.4015418436151237,
    "mean_dist_m": 7.592170963684718,
    "episodes": 12
  },
  "rollout_flat_10.0s": {
    "xy_rmse_m": 14.397420592820177,
    "yaw_rmse_rad": 1.5525143417211966,
    "errdist": 0.4088189138345069,
    "mean_dist_m": 35.2171098391215,
    "episodes": 12
  },
  "rollout_crm_5.0s": {
    "xy_rmse_m": 0.420169767893133,
    "yaw_rmse_rad": 0.059961888184606064,
    "errdist": 0.05871161241381823,
    "mean_dist_m": 7.1565019357949495,
    "episodes": 12
  },
  "rollout_crm_10.0s": {
    "xy_rmse_m": 1.9086292078568614,
    "yaw_rmse_rad": 0.12635233576119767,
    "errdist": 0.07623294611845208,
    "mean_dist_m": 25.036802393694717,
    "episodes": 12
  },
  "rollout_sel": 0.07623294611845208
}
{
  "epoch": 41,
  "timestamp_utc": "2026-07-10T22:56:06.768069+00:00",
  "train_loss": 0.04494650882668793,
  "val_loss": 0.6612675904855132,
  "val_rmse": {
    "vel_body_x_mps": 0.009536277731505184,
    "vel_body_y_mps": 0.019851675799778864,
    "roll_rad": 0.0004549020660815437,
    "pitch_rad": 8.699808963030459e-05,
    "roll_rate_radps": 0.039597205535391936,
    "ang_vel_body_y_radps": 0.007862077920538878,
    "yaw_rate_radps": 0.015457940488566985,
    "tire_fl_force_wheel_fz_n": 1118.0087275903807,
    "tire_fr_force_wheel_fz_n": 946.1827621615292,
    "tire_rl_force_wheel_fz_n": 1275.556225876027,
    "tire_rr_force_wheel_fz_n": 1113.2882626840535,
    "tire_fl_spindle_omega_radps": 0.9041870887455449,
    "tire_fr_spindle_omega_radps": 0.8922358276601502,
    "tire_rl_spindle_omega_radps": 1.085749241968785,
    "tire_rr_spindle_omega_radps": 1.0627580168155766
  },
  "val_flat_loss": 0.6612675904855132,
  "val_flat_rmse": {
    "vel_body_x_mps": 0.009536277731505184,
    "vel_body_y_mps": 0.019851675799778864,
    "roll_rad": 0.0004549020660815437,
    "pitch_rad": 8.699808963030459e-05,
    "roll_rate_radps": 0.039597205535391936,
    "ang_vel_body_y_radps": 0.007862077920538878,
    "yaw_rate_radps": 0.015457940488566985,
    "tire_fl_force_wheel_fz_n": 1118.0087275903807,
    "tire_fr_force_wheel_fz_n": 946.1827621615292,
    "tire_rl_force_wheel_fz_n": 1275.556225876027,
    "tire_rr_force_wheel_fz_n": 1113.2882626840535,
    "tire_fl_spindle_omega_radps": 0.9041870887455449,
    "tire_fr_spindle_omega_radps": 0.8922358276601502,
    "tire_rl_spindle_omega_radps": 1.085749241968785,
    "tire_rr_spindle_omega_radps": 1.0627580168155766
  },
  "val_crm_loss": 0.10365412853774615,
  "val_crm_rmse": {
    "vel_body_x_mps": 0.0031189333511353282,
    "vel_body_y_mps": 0.0023542860144729434,
    "roll_rad": 4.503438464547433e-05,
    "pitch_rad": 3.24010050907405e-05,
    "roll_rate_radps": 0.0036202339715869438,
    "ang_vel_body_y_radps": 0.0025053983448671572,
    "yaw_rate_radps": 0.002389788175289824,
    "tire_fl_force_wheel_fz_n": 657.4859729299245,
    "tire_fr_force_wheel_fz_n": 654.3115548437166,
    "tire_rl_force_wheel_fz_n": 1058.1495682368186,
    "tire_rr_force_wheel_fz_n": 1104.7493940962827,
    "tire_fl_spindle_omega_radps": 0.13716810035020077,
    "tire_fr_spindle_omega_radps": 0.13878577041791385,
    "tire_rl_spindle_omega_radps": 0.16122285581267706,
    "tire_rr_spindle_omega_radps": 0.16321566932382617
  },
  "val_mixed_loss": 0.10365412853774615,
  "rollout_flat_5.0s": {
    "xy_rmse_m": 2.565020621788804,
    "yaw_rmse_rad": 1.217350233345784,
    "errdist": 0.33785074572977203,
    "mean_dist_m": 7.592170963684718,
    "episodes": 12
  },
  "rollout_flat_10.0s": {
    "xy_rmse_m": 15.025523916917658,
    "yaw_rmse_rad": 1.5785496863076331,
    "errdist": 0.4266540890367531,
    "mean_dist_m": 35.2171098391215,
    "episodes": 12
  },
  "rollout_crm_5.0s": {
    "xy_rmse_m": 0.565331328538704,
    "yaw_rmse_rad": 0.039029443522564704,
    "errdist": 0.07899548321381214,
    "mean_dist_m": 7.1565019357949495,
    "episodes": 12
  },
  "rollout_crm_10.0s": {
    "xy_rmse_m": 1.882589090053651,
    "yaw_rmse_rad": 0.21133875593897244,
    "errdist": 0.07519287249428319,
    "mean_dist_m": 25.036802393694717,
    "episodes": 12
  },
  "rollout_sel": 0.07519287249428319
}
{
  "epoch": 42,
  "timestamp_utc": "2026-07-10T22:57:09.917466+00:00",
  "train_loss": 0.04427152877300978,
  "val_loss": 0.6674615549016744,
  "val_rmse": {
    "vel_body_x_mps": 0.009780475044881177,
    "vel_body_y_mps": 0.019802352168019004,
    "roll_rad": 0.00043715318789253266,
    "pitch_rad": 0.00010183620409567683,
    "roll_rate_radps": 0.03761725848355112,
    "ang_vel_body_y_radps": 0.007319105392019815,
    "yaw_rate_radps": 0.015192318793513201,
    "tire_fl_force_wheel_fz_n": 1106.049557457642,
    "tire_fr_force_wheel_fz_n": 1056.4812941725581,
    "tire_rl_force_wheel_fz_n": 1353.4813265549724,
    "tire_rr_force_wheel_fz_n": 1134.6534366466024,
    "tire_fl_spindle_omega_radps": 0.9257895417561394,
    "tire_fr_spindle_omega_radps": 0.9012850949480322,
    "tire_rl_spindle_omega_radps": 1.0948441695871334,
    "tire_rr_spindle_omega_radps": 1.066738278449934
  },
  "val_flat_loss": 0.6674615549016744,
  "val_flat_rmse": {
    "vel_body_x_mps": 0.009780475044881177,
    "vel_body_y_mps": 0.019802352168019004,
    "roll_rad": 0.00043715318789253266,
    "pitch_rad": 0.00010183620409567683,
    "roll_rate_radps": 0.03761725848355112,
    "ang_vel_body_y_radps": 0.007319105392019815,
    "yaw_rate_radps": 0.015192318793513201,
    "tire_fl_force_wheel_fz_n": 1106.049557457642,
    "tire_fr_force_wheel_fz_n": 1056.4812941725581,
    "tire_rl_force_wheel_fz_n": 1353.4813265549724,
    "tire_rr_force_wheel_fz_n": 1134.6534366466024,
    "tire_fl_spindle_omega_radps": 0.9257895417561394,
    "tire_fr_spindle_omega_radps": 0.9012850949480322,
    "tire_rl_spindle_omega_radps": 1.0948441695871334,
    "tire_rr_spindle_omega_radps": 1.066738278449934
  },
  "val_crm_loss": 0.10290829993144143,
  "val_crm_rmse": {
    "vel_body_x_mps": 0.0031033356195507766,
    "vel_body_y_mps": 0.0023330947576495125,
    "roll_rad": 5.148300468249249e-05,
    "pitch_rad": 3.074442735987791e-05,
    "roll_rate_radps": 0.0036352662623425095,
    "ang_vel_body_y_radps": 0.00252583314394361,
    "yaw_rate_radps": 0.0023764280444795276,
    "tire_fl_force_wheel_fz_n": 663.1930562722256,
    "tire_fr_force_wheel_fz_n": 652.8407122417403,
    "tire_rl_force_wheel_fz_n": 1055.0662791362263,
    "tire_rr_force_wheel_fz_n": 1099.9263571286317,
    "tire_fl_spindle_omega_radps": 0.1351302847209469,
    "tire_fr_spindle_omega_radps": 0.13615370863424592,
    "tire_rl_spindle_omega_radps": 0.160301062437726,
    "tire_rr_spindle_omega_radps": 0.16120513848464213
  },
  "val_mixed_loss": 0.10290829993144143,
  "rollout_flat_5.0s": {
    "xy_rmse_m": 2.7265034690959387,
    "yaw_rmse_rad": 1.2437664834724171,
    "errdist": 0.3591203994400939,
    "mean_dist_m": 7.592170963684718,
    "episodes": 12
  },
  "rollout_flat_10.0s": {
    "xy_rmse_m": 14.000308549659794,
    "yaw_rmse_rad": 1.5666694565335586,
    "errdist": 0.39754280273469017,
    "mean_dist_m": 35.2171098391215,
    "episodes": 12
  },
  "rollout_crm_5.0s": {
    "xy_rmse_m": 0.428104260260183,
    "yaw_rmse_rad": 0.027001366318620483,
    "errdist": 0.059820323406735564,
    "mean_dist_m": 7.1565019357949495,
    "episodes": 12
  },
  "rollout_crm_10.0s": {
    "xy_rmse_m": 1.1038802081701466,
    "yaw_rmse_rad": 0.160253550482399,
    "errdist": 0.04409030317897738,
    "mean_dist_m": 25.036802393694717,
    "episodes": 12
  },
  "rollout_sel": 0.04409030317897738
}
{
  "epoch": 43,
  "timestamp_utc": "2026-07-10T22:58:12.889493+00:00",
  "train_loss": 0.043860600479878484,
  "val_loss": 0.6741473948676139,
  "val_rmse": {
    "vel_body_x_mps": 0.009792281977977242,
    "vel_body_y_mps": 0.02014276354207783,
    "roll_rad": 0.0004462592282184853,
    "pitch_rad": 9.508418312757539e-05,
    "roll_rate_radps": 0.03958580309288365,
    "ang_vel_body_y_radps": 0.00704457051744661,
    "yaw_rate_radps": 0.015340455279211353,
    "tire_fl_force_wheel_fz_n": 1163.2010303256627,
    "tire_fr_force_wheel_fz_n": 1090.164466405632,
    "tire_rl_force_wheel_fz_n": 1279.9670139148918,
    "tire_rr_force_wheel_fz_n": 1140.9234377749708,
    "tire_fl_spindle_omega_radps": 0.91565470785188,
    "tire_fr_spindle_omega_radps": 0.893278601783002,
    "tire_rl_spindle_omega_radps": 1.0976541164167886,
    "tire_rr_spindle_omega_radps": 1.0624699281688557
  },
  "val_flat_loss": 0.6741473948676139,
  "val_flat_rmse": {
    "vel_body_x_mps": 0.009792281977977242,
    "vel_body_y_mps": 0.02014276354207783,
    "roll_rad": 0.0004462592282184853,
    "pitch_rad": 9.508418312757539e-05,
    "roll_rate_radps": 0.03958580309288365,
    "ang_vel_body_y_radps": 0.00704457051744661,
    "yaw_rate_radps": 0.015340455279211353,
    "tire_fl_force_wheel_fz_n": 1163.2010303256627,
    "tire_fr_force_wheel_fz_n": 1090.164466405632,
    "tire_rl_force_wheel_fz_n": 1279.9670139148918,
    "tire_rr_force_wheel_fz_n": 1140.9234377749708,
    "tire_fl_spindle_omega_radps": 0.91565470785188,
    "tire_fr_spindle_omega_radps": 0.893278601783002,
    "tire_rl_spindle_omega_radps": 1.0976541164167886,
    "tire_rr_spindle_omega_radps": 1.0624699281688557
  },
  "val_crm_loss": 0.10287133811798413,
  "val_crm_rmse": {
    "vel_body_x_mps": 0.0031140638226245625,
    "vel_body_y_mps": 0.002437138634956679,
    "roll_rad": 4.3221015851821786e-05,
    "pitch_rad": 2.868844993284589e-05,
    "roll_rate_radps": 0.00360027627465035,
    "ang_vel_body_y_radps": 0.0025039306806765734,
    "yaw_rate_radps": 0.002406123093904703,
    "tire_fl_force_wheel_fz_n": 656.8396008558265,
    "tire_fr_force_wheel_fz_n": 651.3949238931627,
    "tire_rl_force_wheel_fz_n": 1049.0575294386965,
    "tire_rr_force_wheel_fz_n": 1099.9617222848908,
    "tire_fl_spindle_omega_radps": 0.13586295478846952,
    "tire_fr_spindle_omega_radps": 0.1357432144629722,
    "tire_rl_spindle_omega_radps": 0.15996949482478662,
    "tire_rr_spindle_omega_radps": 0.1611887988420295
  },
  "val_mixed_loss": 0.10287133811798413,
  "rollout_flat_5.0s": {
    "xy_rmse_m": 3.129442259279865,
    "yaw_rmse_rad": 1.5998243299050023,
    "errdist": 0.41219333366553285,
    "mean_dist_m": 7.592170963684718,
    "episodes": 12
  },
  "rollout_flat_10.0s": {
    "xy_rmse_m": 15.493617679615156,
    "yaw_rmse_rad": 1.6512174395869927,
    "errdist": 0.4399457465531092,
    "mean_dist_m": 35.2171098391215,
    "episodes": 12
  },
  "rollout_crm_5.0s": {
    "xy_rmse_m": 0.6027241517883359,
    "yaw_rmse_rad": 0.039393435689574825,
    "errdist": 0.08422049727586427,
    "mean_dist_m": 7.1565019357949495,
    "episodes": 12
  },
  "rollout_crm_10.0s": {
    "xy_rmse_m": 1.579183218608394,
    "yaw_rmse_rad": 0.0686359515093781,
    "errdist": 0.06307447707483989,
    "mean_dist_m": 25.036802393694717,
    "episodes": 12
  },
  "rollout_sel": 0.06307447707483989
}
{
  "epoch": 44,
  "timestamp_utc": "2026-07-10T22:59:15.803287+00:00",
  "train_loss": 0.043180086795240644,
  "val_loss": 0.6679407765250653,
  "val_rmse": {
    "vel_body_x_mps": 0.009349916680953014,
    "vel_body_y_mps": 0.019944188927545056,
    "roll_rad": 0.0004169385072740105,
    "pitch_rad": 8.826085824043991e-05,
    "roll_rate_radps": 0.03990934883028486,
    "ang_vel_body_y_radps": 0.0071533092754250014,
    "yaw_rate_radps": 0.015213000604372669,
    "tire_fl_force_wheel_fz_n": 1095.784474541968,
    "tire_fr_force_wheel_fz_n": 1107.4810871030782,
    "tire_rl_force_wheel_fz_n": 1278.8548022705813,
    "tire_rr_force_wheel_fz_n": 1051.5740449681998,
    "tire_fl_spindle_omega_radps": 0.9212903741721218,
    "tire_fr_spindle_omega_radps": 0.8989081107642731,
    "tire_rl_spindle_omega_radps": 1.1053156702956897,
    "tire_rr_spindle_omega_radps": 1.0769706940748511
  },
  "val_flat_loss": 0.6679407765250653,
  "val_flat_rmse": {
    "vel_body_x_mps": 0.009349916680953014,
    "vel_body_y_mps": 0.019944188927545056,
    "roll_rad": 0.0004169385072740105,
    "pitch_rad": 8.826085824043991e-05,
    "roll_rate_radps": 0.03990934883028486,
    "ang_vel_body_y_radps": 0.0071533092754250014,
    "yaw_rate_radps": 0.015213000604372669,
    "tire_fl_force_wheel_fz_n": 1095.784474541968,
    "tire_fr_force_wheel_fz_n": 1107.4810871030782,
    "tire_rl_force_wheel_fz_n": 1278.8548022705813,
    "tire_rr_force_wheel_fz_n": 1051.5740449681998,
    "tire_fl_spindle_omega_radps": 0.9212903741721218,
    "tire_fr_spindle_omega_radps": 0.8989081107642731,
    "tire_rl_spindle_omega_radps": 1.1053156702956897,
    "tire_rr_spindle_omega_radps": 1.0769706940748511
  },
  "val_crm_loss": 0.10344459399813787,
  "val_crm_rmse": {
    "vel_body_x_mps": 0.003111059497396669,
    "vel_body_y_mps": 0.0023252733368121026,
    "roll_rad": 4.33337024974679e-05,
    "pitch_rad": 3.3156118725732525e-05,
    "roll_rate_radps": 0.0036390380476609575,
    "ang_vel_body_y_radps": 0.0025238851614541955,
    "yaw_rate_radps": 0.0024013097483638157,
    "tire_fl_force_wheel_fz_n": 660.930861450851,
    "tire_fr_force_wheel_fz_n": 650.5307734784202,
    "tire_rl_force_wheel_fz_n": 1061.7949922812525,
    "tire_rr_force_wheel_fz_n": 1109.1911294730319,
    "tire_fl_spindle_omega_radps": 0.13448938675556155,
    "tire_fr_spindle_omega_radps": 0.1359364685309113,
    "tire_rl_spindle_omega_radps": 0.16045356173934847,
    "tire_rr_spindle_omega_radps": 0.1619943967871646
  },
  "val_mixed_loss": 0.10344459399813787,
  "rollout_flat_5.0s": {
    "xy_rmse_m": 3.05061174438406,
    "yaw_rmse_rad": 1.6044185408323686,
    "errdist": 0.4018102014530377,
    "mean_dist_m": 7.592170963684718,
    "episodes": 12
  },
  "rollout_flat_10.0s": {
    "xy_rmse_m": 14.887837056471705,
    "yaw_rmse_rad": 1.6650350187817466,
    "errdist": 0.4227444308883436,
    "mean_dist_m": 35.2171098391215,
    "episodes": 12
  },
  "rollout_crm_5.0s": {
    "xy_rmse_m": 0.5778623807182355,
    "yaw_rmse_rad": 0.051349089955439374,
    "errdist": 0.0807464856297906,
    "mean_dist_m": 7.1565019357949495,
    "episodes": 12
  },
  "rollout_crm_10.0s": {
    "xy_rmse_m": 1.55755695559321,
    "yaw_rmse_rad": 0.15038603802906428,
    "errdist": 0.062210698119559635,
    "mean_dist_m": 25.036802393694717,
    "episodes": 12
  },
  "rollout_sel": 0.062210698119559635
}
{
  "epoch": 45,
  "timestamp_utc": "2026-07-10T23:00:18.966161+00:00",
  "train_loss": 0.042688020264729856,
  "val_loss": 0.6837344985362143,
  "val_rmse": {
    "vel_body_x_mps": 0.009681043310224803,
    "vel_body_y_mps": 0.019718910706885064,
    "roll_rad": 0.0004304870922780517,
    "pitch_rad": 0.00010015502504540618,
    "roll_rate_radps": 0.038001577071336265,
    "ang_vel_body_y_radps": 0.00643946439545256,
    "yaw_rate_radps": 0.015579052476123253,
    "tire_fl_force_wheel_fz_n": 1168.443388073557,
    "tire_fr_force_wheel_fz_n": 1145.2739379955162,
    "tire_rl_force_wheel_fz_n": 1298.432747078771,
    "tire_rr_force_wheel_fz_n": 1228.5106417426755,
    "tire_fl_spindle_omega_radps": 0.9178178516096513,
    "tire_fr_spindle_omega_radps": 0.8989988515544123,
    "tire_rl_spindle_omega_radps": 1.112546789071385,
    "tire_rr_spindle_omega_radps": 1.0820693234732501
  },
  "val_flat_loss": 0.6837344985362143,
  "val_flat_rmse": {
    "vel_body_x_mps": 0.009681043310224803,
    "vel_body_y_mps": 0.019718910706885064,
    "roll_rad": 0.0004304870922780517,
    "pitch_rad": 0.00010015502504540618,
    "roll_rate_radps": 0.038001577071336265,
    "ang_vel_body_y_radps": 0.00643946439545256,
    "yaw_rate_radps": 0.015579052476123253,
    "tire_fl_force_wheel_fz_n": 1168.443388073557,
    "tire_fr_force_wheel_fz_n": 1145.2739379955162,
    "tire_rl_force_wheel_fz_n": 1298.432747078771,
    "tire_rr_force_wheel_fz_n": 1228.5106417426755,
    "tire_fl_spindle_omega_radps": 0.9178178516096513,
    "tire_fr_spindle_omega_radps": 0.8989988515544123,
    "tire_rl_spindle_omega_radps": 1.112546789071385,
    "tire_rr_spindle_omega_radps": 1.0820693234732501
  },
  "val_crm_loss": 0.10364874705846887,
  "val_crm_rmse": {
    "vel_body_x_mps": 0.003117986161544042,
    "vel_body_y_mps": 0.0023025111603618953,
    "roll_rad": 4.0657912120278674e-05,
    "pitch_rad": 2.7985532673507768e-05,
    "roll_rate_radps": 0.0035841034142923525,
    "ang_vel_body_y_radps": 0.002490304133978536,
    "yaw_rate_radps": 0.0023986211806320467,
    "tire_fl_force_wheel_fz_n": 661.5197637076907,
    "tire_fr_force_wheel_fz_n": 651.5320144359454,
    "tire_rl_force_wheel_fz_n": 1061.3025359205851,
    "tire_rr_force_wheel_fz_n": 1107.7638990082883,
    "tire_fl_spindle_omega_radps": 0.13619872126901686,
    "tire_fr_spindle_omega_radps": 0.1360835783918032,
    "tire_rl_spindle_omega_radps": 0.1593346486748139,
    "tire_rr_spindle_omega_radps": 0.16125490778796098
  },
  "val_mixed_loss": 0.10364874705846887,
  "rollout_flat_5.0s": {
    "xy_rmse_m": 2.916757379774233,
    "yaw_rmse_rad": 1.221823006163558,
    "errdist": 0.38417962315730564,
    "mean_dist_m": 7.592170963684718,
    "episodes": 12
  },
  "rollout_flat_10.0s": {
    "xy_rmse_m": 14.010778066125706,
    "yaw_rmse_rad": 1.5370364466763493,
    "errdist": 0.3978400876769736,
    "mean_dist_m": 35.2171098391215,
    "episodes": 12
  },
  "rollout_crm_5.0s": {
    "xy_rmse_m": 0.639324464587625,
    "yaw_rmse_rad": 0.03805002132933993,
    "errdist": 0.08933477141812697,
    "mean_dist_m": 7.1565019357949495,
    "episodes": 12
  },
  "rollout_crm_10.0s": {
    "xy_rmse_m": 1.7320694648726436,
    "yaw_rmse_rad": 0.10057839789419472,
    "errdist": 0.06918093763079142,
    "mean_dist_m": 25.036802393694717,
    "episodes": 12
  },
  "rollout_sel": 0.06918093763079142
}
{
  "epoch": 46,
  "timestamp_utc": "2026-07-10T23:01:22.154505+00:00",
  "train_loss": 0.04222341797873378,
  "val_loss": 0.6996950841508806,
  "val_rmse": {
    "vel_body_x_mps": 0.009772986827083874,
    "vel_body_y_mps": 0.020766957528230302,
    "roll_rad": 0.00042441746289700763,
    "pitch_rad": 0.0001012473614863748,
    "roll_rate_radps": 0.04024167862135747,
    "ang_vel_body_y_radps": 0.0064407943691573225,
    "yaw_rate_radps": 0.015529297746272859,
    "tire_fl_force_wheel_fz_n": 1181.2791479133116,
    "tire_fr_force_wheel_fz_n": 1233.9648434846329,
    "tire_rl_force_wheel_fz_n": 1320.7989808575992,
    "tire_rr_force_wheel_fz_n": 1123.9883559414627,
    "tire_fl_spindle_omega_radps": 0.9280766736119437,
    "tire_fr_spindle_omega_radps": 0.9134636913005095,
    "tire_rl_spindle_omega_radps": 1.1136841640473636,
    "tire_rr_spindle_omega_radps": 1.0838179148909088
  },
  "val_flat_loss": 0.6996950841508806,
  "val_flat_rmse": {
    "vel_body_x_mps": 0.009772986827083874,
    "vel_body_y_mps": 0.020766957528230302,
    "roll_rad": 0.00042441746289700763,
    "pitch_rad": 0.0001012473614863748,
    "roll_rate_radps": 0.04024167862135747,
    "ang_vel_body_y_radps": 0.0064407943691573225,
    "yaw_rate_radps": 0.015529297746272859,
    "tire_fl_force_wheel_fz_n": 1181.2791479133116,
    "tire_fr_force_wheel_fz_n": 1233.9648434846329,
    "tire_rl_force_wheel_fz_n": 1320.7989808575992,
    "tire_rr_force_wheel_fz_n": 1123.9883559414627,
    "tire_fl_spindle_omega_radps": 0.9280766736119437,
    "tire_fr_spindle_omega_radps": 0.9134636913005095,
    "tire_rl_spindle_omega_radps": 1.1136841640473636,
    "tire_rr_spindle_omega_radps": 1.0838179148909088
  },
  "val_crm_loss": 0.10352730511978735,
  "val_crm_rmse": {
    "vel_body_x_mps": 0.0030892204954338686,
    "vel_body_y_mps": 0.00231638371654483,
    "roll_rad": 4.170946510645215e-05,
    "pitch_rad": 2.9410579400503553e-05,
    "roll_rate_radps": 0.003578474611840096,
    "ang_vel_body_y_radps": 0.002503622093977078,
    "yaw_rate_radps": 0.002396187852869563,
    "tire_fl_force_wheel_fz_n": 667.7524683439906,
    "tire_fr_force_wheel_fz_n": 656.9047407476583,
    "tire_rl_force_wheel_fz_n": 1060.500352230634,
    "tire_rr_force_wheel_fz_n": 1103.3530803251406,
    "tire_fl_spindle_omega_radps": 0.13410755938682772,
    "tire_fr_spindle_omega_radps": 0.13511998034730366,
    "tire_rl_spindle_omega_radps": 0.15913733711816325,
    "tire_rr_spindle_omega_radps": 0.1608282896933768
  },
  "val_mixed_loss": 0.10352730511978735,
  "rollout_flat_5.0s": {
    "xy_rmse_m": 2.5367022423206596,
    "yaw_rmse_rad": 0.6888641224104265,
    "errdist": 0.3341208008163081,
    "mean_dist_m": 7.592170963684718,
    "episodes": 12
  },
  "rollout_flat_10.0s": {
    "xy_rmse_m": 16.84054324568824,
    "yaw_rmse_rad": 1.4682910419627577,
    "errdist": 0.47819208681856823,
    "mean_dist_m": 35.2171098391215,
    "episodes": 12
  },
  "rollout_crm_5.0s": {
    "xy_rmse_m": 0.3976778979051758,
    "yaw_rmse_rad": 0.02660617456492671,
    "errdist": 0.05556875432620161,
    "mean_dist_m": 7.1565019357949495,
    "episodes": 12
  },
  "rollout_crm_10.0s": {
    "xy_rmse_m": 1.2905454011005733,
    "yaw_rmse_rad": 0.04989490498380638,
    "errdist": 0.05154593549157,
    "mean_dist_m": 25.036802393694717,
    "episodes": 12
  },
  "rollout_sel": 0.05154593549157
}
{
  "epoch": 47,
  "timestamp_utc": "2026-07-10T23:02:25.287260+00:00",
  "train_loss": 0.041658691193908456,
  "val_loss": 0.7052040684781968,
  "val_rmse": {
    "vel_body_x_mps": 0.009971603943564283,
    "vel_body_y_mps": 0.020891972146481034,
    "roll_rad": 0.00042530421332439113,
    "pitch_rad": 8.914395766707999e-05,
    "roll_rate_radps": 0.04080386921663935,
    "ang_vel_body_y_radps": 0.007680320744431965,
    "yaw_rate_radps": 0.01569940510330994,
    "tire_fl_force_wheel_fz_n": 1215.7475592590092,
    "tire_fr_force_wheel_fz_n": 1212.0035376891826,
    "tire_rl_force_wheel_fz_n": 1331.628754789057,
    "tire_rr_force_wheel_fz_n": 1110.0136640861713,
    "tire_fl_spindle_omega_radps": 0.9289922381395702,
    "tire_fr_spindle_omega_radps": 0.9154655400723822,
    "tire_rl_spindle_omega_radps": 1.1079042533133663,
    "tire_rr_spindle_omega_radps": 1.0753651737579928
  },
  "val_flat_loss": 0.7052040684781968,
  "val_flat_rmse": {
    "vel_body_x_mps": 0.009971603943564283,
    "vel_body_y_mps": 0.020891972146481034,
    "roll_rad": 0.00042530421332439113,
    "pitch_rad": 8.914395766707999e-05,
    "roll_rate_radps": 0.04080386921663935,
    "ang_vel_body_y_radps": 0.007680320744431965,
    "yaw_rate_radps": 0.01569940510330994,
    "tire_fl_force_wheel_fz_n": 1215.7475592590092,
    "tire_fr_force_wheel_fz_n": 1212.0035376891826,
    "tire_rl_force_wheel_fz_n": 1331.628754789057,
    "tire_rr_force_wheel_fz_n": 1110.0136640861713,
    "tire_fl_spindle_omega_radps": 0.9289922381395702,
    "tire_fr_spindle_omega_radps": 0.9154655400723822,
    "tire_rl_spindle_omega_radps": 1.1079042533133663,
    "tire_rr_spindle_omega_radps": 1.0753651737579928
  },
  "val_crm_loss": 0.10398381023027468,
  "val_crm_rmse": {
    "vel_body_x_mps": 0.0030858962718038688,
    "vel_body_y_mps": 0.0023430786209437428,
    "roll_rad": 4.137958694224273e-05,
    "pitch_rad": 2.7676886470804413e-05,
    "roll_rate_radps": 0.0036860188450174,
    "ang_vel_body_y_radps": 0.002496012990759098,
    "yaw_rate_radps": 0.0023750528637399423,
    "tire_fl_force_wheel_fz_n": 662.8001767440865,
    "tire_fr_force_wheel_fz_n": 664.9155255276015,
    "tire_rl_force_wheel_fz_n": 1059.1517708784152,
    "tire_rr_force_wheel_fz_n": 1104.086641577961,
    "tire_fl_spindle_omega_radps": 0.13911173710897043,
    "tire_fr_spindle_omega_radps": 0.14021167892032776,
    "tire_rl_spindle_omega_radps": 0.1642634925005244,
    "tire_rr_spindle_omega_radps": 0.16479629673569196
  },
  "val_mixed_loss": 0.10398381023027468,
  "rollout_flat_5.0s": {
    "xy_rmse_m": 3.03366102300075,
    "yaw_rmse_rad": 0.6486934794536203,
    "errdist": 0.39957754343408775,
    "mean_dist_m": 7.592170963684718,
    "episodes": 12
  },
  "rollout_flat_10.0s": {
    "xy_rmse_m": 18.145049197621773,
    "yaw_rmse_rad": 1.2861532432808398,
    "errdist": 0.5152339098952706,
    "mean_dist_m": 35.2171098391215,
    "episodes": 12
  },
  "rollout_crm_5.0s": {
    "xy_rmse_m": 0.5744704227237434,
    "yaw_rmse_rad": 0.045703830625243774,
    "errdist": 0.0802725169192497,
    "mean_dist_m": 7.1565019357949495,
    "episodes": 12
  },
  "rollout_crm_10.0s": {
    "xy_rmse_m": 2.233405539450886,
    "yaw_rmse_rad": 0.11937454090396286,
    "errdist": 0.08920490341903038,
    "mean_dist_m": 25.036802393694717,
    "episodes": 12
  },
  "rollout_sel": 0.08920490341903038
}
{
  "epoch": 48,
  "timestamp_utc": "2026-07-10T23:03:28.477793+00:00",
  "train_loss": 0.041077882999554276,
  "val_loss": 0.691546824136749,
  "val_rmse": {
    "vel_body_x_mps": 0.010195730923240325,
    "vel_body_y_mps": 0.020681990425804028,
    "roll_rad": 0.000430455686415279,
    "pitch_rad": 9.204523361662368e-05,
    "roll_rate_radps": 0.03910381502351762,
    "ang_vel_body_y_radps": 0.006653814981617122,
    "yaw_rate_radps": 0.015876704855173184,
    "tire_fl_force_wheel_fz_n": 1065.6592157263503,
    "tire_fr_force_wheel_fz_n": 1135.1231371718968,
    "tire_rl_force_wheel_fz_n": 1398.1807285941297,
    "tire_rr_force_wheel_fz_n": 1091.0985391068102,
    "tire_fl_spindle_omega_radps": 0.9219968656904342,
    "tire_fr_spindle_omega_radps": 0.9045331533205497,
    "tire_rl_spindle_omega_radps": 1.107878790757018,
    "tire_rr_spindle_omega_radps": 1.0776930761962213
  },
  "val_flat_loss": 0.691546824136749,
  "val_flat_rmse": {
    "vel_body_x_mps": 0.010195730923240325,
    "vel_body_y_mps": 0.020681990425804028,
    "roll_rad": 0.000430455686415279,
    "pitch_rad": 9.204523361662368e-05,
    "roll_rate_radps": 0.03910381502351762,
    "ang_vel_body_y_radps": 0.006653814981617122,
    "yaw_rate_radps": 0.015876704855173184,
    "tire_fl_force_wheel_fz_n": 1065.6592157263503,
    "tire_fr_force_wheel_fz_n": 1135.1231371718968,
    "tire_rl_force_wheel_fz_n": 1398.1807285941297,
    "tire_rr_force_wheel_fz_n": 1091.0985391068102,
    "tire_fl_spindle_omega_radps": 0.9219968656904342,
    "tire_fr_spindle_omega_radps": 0.9045331533205497,
    "tire_rl_spindle_omega_radps": 1.107878790757018,
    "tire_rr_spindle_omega_radps": 1.0776930761962213
  },
  "val_crm_loss": 0.10427669444587082,
  "val_crm_rmse": {
    "vel_body_x_mps": 0.003094674508220498,
    "vel_body_y_mps": 0.002299217833412333,
    "roll_rad": 4.1888693675974215e-05,
    "pitch_rad": 2.7787962749223374e-05,
    "roll_rate_radps": 0.0035854846302294453,
    "ang_vel_body_y_radps": 0.00250092646583558,
    "yaw_rate_radps": 0.0023925710199128977,
    "tire_fl_force_wheel_fz_n": 662.0192763623961,
    "tire_fr_force_wheel_fz_n": 661.7713875795366,
    "tire_rl_force_wheel_fz_n": 1066.0321247509273,
    "tire_rr_force_wheel_fz_n": 1114.690036893079,
    "tire_fl_spindle_omega_radps": 0.13590682070252189,
    "tire_fr_spindle_omega_radps": 0.1363671124573837,
    "tire_rl_spindle_omega_radps": 0.16107210251002269,
    "tire_rr_spindle_omega_radps": 0.1621794284293468
  },
  "val_mixed_loss": 0.10427669444587082,
  "rollout_flat_5.0s": {
    "xy_rmse_m": 2.397283887407694,
    "yaw_rmse_rad": 1.406983277786103,
    "errdist": 0.31575736358869044,
    "mean_dist_m": 7.592170963684718,
    "episodes": 12
  },
  "rollout_flat_10.0s": {
    "xy_rmse_m": 14.922134113697057,
    "yaw_rmse_rad": 1.6412953491608644,
    "errdist": 0.4237183057287842,
    "mean_dist_m": 35.2171098391215,
    "episodes": 12
  },
  "rollout_crm_5.0s": {
    "xy_rmse_m": 0.6173995922092838,
    "yaw_rmse_rad": 0.029926823641473883,
    "errdist": 0.08627114164829784,
    "mean_dist_m": 7.1565019357949495,
    "episodes": 12
  },
  "rollout_crm_10.0s": {
    "xy_rmse_m": 2.05369886146196,
    "yaw_rmse_rad": 0.06572736567363932,
    "errdist": 0.0820272025623833,
    "mean_dist_m": 25.036802393694717,
    "episodes": 12
  },
  "rollout_sel": 0.0820272025623833
}
{
  "epoch": 49,
  "timestamp_utc": "2026-07-10T23:04:31.491219+00:00",
  "train_loss": 0.0406197860725224,
  "val_loss": 0.7125220991298556,
  "val_rmse": {
    "vel_body_x_mps": 0.009752685561475412,
    "vel_body_y_mps": 0.021382702430818995,
    "roll_rad": 0.000449496602069058,
    "pitch_rad": 9.259525531774431e-05,
    "roll_rate_radps": 0.04184575132698755,
    "ang_vel_body_y_radps": 0.007208421129177772,
    "yaw_rate_radps": 0.015780463187722096,
    "tire_fl_force_wheel_fz_n": 1185.9841119833575,
    "tire_fr_force_wheel_fz_n": 1109.3543640378243,
    "tire_rl_force_wheel_fz_n": 1369.7537649079459,
    "tire_rr_force_wheel_fz_n": 1155.8467814200724,
    "tire_fl_spindle_omega_radps": 0.9236929809507919,
    "tire_fr_spindle_omega_radps": 0.9095198451286749,
    "tire_rl_spindle_omega_radps": 1.1175888630137132,
    "tire_rr_spindle_omega_radps": 1.0845430452595097
  },
  "val_flat_loss": 0.7125220991298556,
  "val_flat_rmse": {
    "vel_body_x_mps": 0.009752685561475412,
    "vel_body_y_mps": 0.021382702430818995,
    "roll_rad": 0.000449496602069058,
    "pitch_rad": 9.259525531774431e-05,
    "roll_rate_radps": 0.04184575132698755,
    "ang_vel_body_y_radps": 0.007208421129177772,
    "yaw_rate_radps": 0.015780463187722096,
    "tire_fl_force_wheel_fz_n": 1185.9841119833575,
    "tire_fr_force_wheel_fz_n": 1109.3543640378243,
    "tire_rl_force_wheel_fz_n": 1369.7537649079459,
    "tire_rr_force_wheel_fz_n": 1155.8467814200724,
    "tire_fl_spindle_omega_radps": 0.9236929809507919,
    "tire_fr_spindle_omega_radps": 0.9095198451286749,
    "tire_rl_spindle_omega_radps": 1.1175888630137132,
    "tire_rr_spindle_omega_radps": 1.0845430452595097
  },
  "val_crm_loss": 0.1043533861200558,
  "val_crm_rmse": {
    "vel_body_x_mps": 0.0031064926634182346,
    "vel_body_y_mps": 0.002302920629749322,
    "roll_rad": 4.182050218622393e-05,
    "pitch_rad": 2.9501271179384816e-05,
    "roll_rate_radps": 0.0035778293769130206,
    "ang_vel_body_y_radps": 0.002483742426968981,
    "yaw_rate_radps": 0.0023864513863703697,
    "tire_fl_force_wheel_fz_n": 664.7646752934954,
    "tire_fr_force_wheel_fz_n": 661.3044888994586,
    "tire_rl_force_wheel_fz_n": 1065.1522094348375,
    "tire_rr_force_wheel_fz_n": 1117.5816451980015,
    "tire_fl_spindle_omega_radps": 0.13589662591284402,
    "tire_fr_spindle_omega_radps": 0.13638564997525124,
    "tire_rl_spindle_omega_radps": 0.16142684498584312,
    "tire_rr_spindle_omega_radps": 0.16293931309803708
  },
  "val_mixed_loss": 0.1043533861200558,
  "rollout_flat_5.0s": {
    "xy_rmse_m": 2.817846433817291,
    "yaw_rmse_rad": 0.9053497381938499,
    "errdist": 0.3711516043692596,
    "mean_dist_m": 7.592170963684718,
    "episodes": 12
  },
  "rollout_flat_10.0s": {
    "xy_rmse_m": 13.208025921025017,
    "yaw_rmse_rad": 1.4241795641986779,
    "errdist": 0.3750457087864907,
    "mean_dist_m": 35.2171098391215,
    "episodes": 12
  },
  "rollout_crm_5.0s": {
    "xy_rmse_m": 0.6049096523953268,
    "yaw_rmse_rad": 0.051937278706729095,
    "errdist": 0.08452588398945678,
    "mean_dist_m": 7.1565019357949495,
    "episodes": 12
  },
  "rollout_crm_10.0s": {
    "xy_rmse_m": 2.9938086212089114,
    "yaw_rmse_rad": 0.11281512271037399,
    "errdist": 0.1195763170604755,
    "mean_dist_m": 25.036802393694717,
    "episodes": 12
  },
  "rollout_sel": 0.1195763170604755
}
{
  "epoch": 50,
  "timestamp_utc": "2026-07-10T23:05:34.454512+00:00",
  "train_loss": 0.04016904558148235,
  "val_loss": 0.708114068545401,
  "val_rmse": {
    "vel_body_x_mps": 0.00992941682134383,
    "vel_body_y_mps": 0.020756328933365698,
    "roll_rad": 0.0004573784277844671,
    "pitch_rad": 8.831892016271687e-05,
    "roll_rate_radps": 0.041215540530223756,
    "ang_vel_body_y_radps": 0.0068896957550777195,
    "yaw_rate_radps": 0.01570883317377311,
    "tire_fl_force_wheel_fz_n": 1135.279309894534,
    "tire_fr_force_wheel_fz_n": 1169.2196921393038,
    "tire_rl_force_wheel_fz_n": 1283.979991614818,
    "tire_rr_force_wheel_fz_n": 1202.2057899692327,
    "tire_fl_spindle_omega_radps": 0.9408826425642367,
    "tire_fr_spindle_omega_radps": 0.9202528060017559,
    "tire_rl_spindle_omega_radps": 1.1267797795069268,
    "tire_rr_spindle_omega_radps": 1.098273374942161
  },
  "val_flat_loss": 0.708114068545401,
  "val_flat_rmse": {
    "vel_body_x_mps": 0.00992941682134383,
    "vel_body_y_mps": 0.020756328933365698,
    "roll_rad": 0.0004573784277844671,
    "pitch_rad": 8.831892016271687e-05,
    "roll_rate_radps": 0.041215540530223756,
    "ang_vel_body_y_radps": 0.0068896957550777195,
    "yaw_rate_radps": 0.01570883317377311,
    "tire_fl_force_wheel_fz_n": 1135.279309894534,
    "tire_fr_force_wheel_fz_n": 1169.2196921393038,
    "tire_rl_force_wheel_fz_n": 1283.979991614818,
    "tire_rr_force_wheel_fz_n": 1202.2057899692327,
    "tire_fl_spindle_omega_radps": 0.9408826425642367,
    "tire_fr_spindle_omega_radps": 0.9202528060017559,
    "tire_rl_spindle_omega_radps": 1.1267797795069268,
    "tire_rr_spindle_omega_radps": 1.098273374942161
  },
  "val_crm_loss": 0.10466168603568804,
  "val_crm_rmse": {
    "vel_body_x_mps": 0.003093077513616333,
    "vel_body_y_mps": 0.002320840593359774,
    "roll_rad": 4.325400286946367e-05,
    "pitch_rad": 2.7135220642513565e-05,
    "roll_rate_radps": 0.003630934694339561,
    "ang_vel_body_y_radps": 0.0024650737059651352,
    "yaw_rate_radps": 0.0023984349963828452,
    "tire_fl_force_wheel_fz_n": 667.1895225196218,
    "tire_fr_force_wheel_fz_n": 662.0264230835804,
    "tire_rl_force_wheel_fz_n": 1067.8373283976514,
    "tire_rr_force_wheel_fz_n": 1112.538220037272,
    "tire_fl_spindle_omega_radps": 0.13579444953341543,
    "tire_fr_spindle_omega_radps": 0.1360790512489544,
    "tire_rl_spindle_omega_radps": 0.16169487990152823,
    "tire_rr_spindle_omega_radps": 0.16322695293670866
  },
  "val_mixed_loss": 0.10466168603568804,
  "rollout_flat_5.0s": {
    "xy_rmse_m": 3.515390614293268,
    "yaw_rmse_rad": 0.9642906290833969,
    "errdist": 0.46302837898517746,
    "mean_dist_m": 7.592170963684718,
    "episodes": 12
  },
  "rollout_flat_10.0s": {
    "xy_rmse_m": 23.73724572555579,
    "yaw_rmse_rad": 1.5855688601349018,
    "errdist": 0.6740259446045423,
    "mean_dist_m": 35.2171098391215,
    "episodes": 12
  },
  "rollout_crm_5.0s": {
    "xy_rmse_m": 0.6054105002983392,
    "yaw_rmse_rad": 0.04211449829622613,
    "errdist": 0.0845958690055311,
    "mean_dist_m": 7.1565019357949495,
    "episodes": 12
  },
  "rollout_crm_10.0s": {
    "xy_rmse_m": 1.445265237121377,
    "yaw_rmse_rad": 0.07858425506460479,
    "errdist": 0.0577256318277031,
    "mean_dist_m": 25.036802393694717,
    "episodes": 12
  },
  "rollout_sel": 0.0577256318277031
}
{
  "epoch": 51,
  "timestamp_utc": "2026-07-10T23:06:37.567791+00:00",
  "train_loss": 0.039578361947089434,
  "val_loss": 0.7104312418587506,
  "val_rmse": {
    "vel_body_x_mps": 0.009547804637453194,
    "vel_body_y_mps": 0.02101375421214624,
    "roll_rad": 0.00044324540750253106,
    "pitch_rad": 7.880490109453417e-05,
    "roll_rate_radps": 0.03962290944222005,
    "ang_vel_body_y_radps": 0.006993756429075031,
    "yaw_rate_radps": 0.015852768118738415,
    "tire_fl_force_wheel_fz_n": 1229.234307597064,
    "tire_fr_force_wheel_fz_n": 1229.916258669607,
    "tire_rl_force_wheel_fz_n": 1290.782157000574,
    "tire_rr_force_wheel_fz_n": 1127.2248666071296,
    "tire_fl_spindle_omega_radps": 0.9442609440737998,
    "tire_fr_spindle_omega_radps": 0.9278505004944683,
    "tire_rl_spindle_omega_radps": 1.13490041098447,
    "tire_rr_spindle_omega_radps": 1.099444226329185
  },
  "val_flat_loss": 0.7104312418587506,
  "val_flat_rmse": {
    "vel_body_x_mps": 0.009547804637453194,
    "vel_body_y_mps": 0.02101375421214624,
    "roll_rad": 0.00044324540750253106,
    "pitch_rad": 7.880490109453417e-05,
    "roll_rate_radps": 0.03962290944222005,
    "ang_vel_body_y_radps": 0.006993756429075031,
    "yaw_rate_radps": 0.015852768118738415,
    "tire_fl_force_wheel_fz_n": 1229.234307597064,
    "tire_fr_force_wheel_fz_n": 1229.916258669607,
    "tire_rl_force_wheel_fz_n": 1290.782157000574,
    "tire_rr_force_wheel_fz_n": 1127.2248666071296,
    "tire_fl_spindle_omega_radps": 0.9442609440737998,
    "tire_fr_spindle_omega_radps": 0.9278505004944683,
    "tire_rl_spindle_omega_radps": 1.13490041098447,
    "tire_rr_spindle_omega_radps": 1.099444226329185
  },
  "val_crm_loss": 0.1042843199564959,
  "val_crm_rmse": {
    "vel_body_x_mps": 0.00309736898382176,
    "vel_body_y_mps": 0.002301971090386413,
    "roll_rad": 4.05576615298207e-05,
    "pitch_rad": 2.681461014142084e-05,
    "roll_rate_radps": 0.0035586779894952866,
    "ang_vel_body_y_radps": 0.00247540853849422,
    "yaw_rate_radps": 0.002394862949335124,
    "tire_fl_force_wheel_fz_n": 660.4262904977845,
    "tire_fr_force_wheel_fz_n": 666.8391466206976,
    "tire_rl_force_wheel_fz_n": 1065.4965908909307,
    "tire_rr_force_wheel_fz_n": 1111.0321254334265,
    "tire_fl_spindle_omega_radps": 0.13504655253275724,
    "tire_fr_spindle_omega_radps": 0.13597361355836962,
    "tire_rl_spindle_omega_radps": 0.16050617960361543,
    "tire_rr_spindle_omega_radps": 0.1620755643523029
  },
  "val_mixed_loss": 0.1042843199564959,
  "rollout_flat_5.0s": {
    "xy_rmse_m": 2.9170784633032603,
    "yaw_rmse_rad": 0.7855921264771873,
    "errdist": 0.38422191455597976,
    "mean_dist_m": 7.592170963684718,
    "episodes": 12
  },
  "rollout_flat_10.0s": {
    "xy_rmse_m": 14.14520621289554,
    "yaw_rmse_rad": 1.202883171845821,
    "errdist": 0.40165721370985724,
    "mean_dist_m": 35.2171098391215,
    "episodes": 12
  },
  "rollout_crm_5.0s": {
    "xy_rmse_m": 0.48903574414337103,
    "yaw_rmse_rad": 0.030509182235375548,
    "errdist": 0.06833446682901631,
    "mean_dist_m": 7.1565019357949495,
    "episodes": 12
  },
  "rollout_crm_10.0s": {
    "xy_rmse_m": 1.559880770789413,
    "yaw_rmse_rad": 0.11418405959160774,
    "errdist": 0.06230351409340732,
    "mean_dist_m": 25.036802393694717,
    "episodes": 12
  },
  "rollout_sel": 0.06230351409340732
}
{
  "epoch": 52,
  "timestamp_utc": "2026-07-10T23:07:40.661201+00:00",
  "train_loss": 0.039112875666469336,
  "val_loss": 0.7184681022819132,
  "val_rmse": {
    "vel_body_x_mps": 0.010058854751912745,
    "vel_body_y_mps": 0.021098582239258236,
    "roll_rad": 0.00043762267556735334,
    "pitch_rad": 9.315842714765509e-05,
    "roll_rate_radps": 0.040174238457258586,
    "ang_vel_body_y_radps": 0.006825011845595294,
    "yaw_rate_radps": 0.01591272508405682,
    "tire_fl_force_wheel_fz_n": 1175.8018704472975,
    "tire_fr_force_wheel_fz_n": 1231.0466593711337,
    "tire_rl_force_wheel_fz_n": 1295.6415861102187,
    "tire_rr_force_wheel_fz_n": 1206.7061788643393,
    "tire_fl_spindle_omega_radps": 0.9476459900330783,
    "tire_fr_spindle_omega_radps": 0.9210015479494276,
    "tire_rl_spindle_omega_radps": 1.1321709418219528,
    "tire_rr_spindle_omega_radps": 1.1083553352041682
  },
  "val_flat_loss": 0.7184681022819132,
  "val_flat_rmse": {
    "vel_body_x_mps": 0.010058854751912745,
    "vel_body_y_mps": 0.021098582239258236,
    "roll_rad": 0.00043762267556735334,
    "pitch_rad": 9.315842714765509e-05,
    "roll_rate_radps": 0.040174238457258586,
    "ang_vel_body_y_radps": 0.006825011845595294,
    "yaw_rate_radps": 0.01591272508405682,
    "tire_fl_force_wheel_fz_n": 1175.8018704472975,
    "tire_fr_force_wheel_fz_n": 1231.0466593711337,
    "tire_rl_force_wheel_fz_n": 1295.6415861102187,
    "tire_rr_force_wheel_fz_n": 1206.7061788643393,
    "tire_fl_spindle_omega_radps": 0.9476459900330783,
    "tire_fr_spindle_omega_radps": 0.9210015479494276,
    "tire_rl_spindle_omega_radps": 1.1321709418219528,
    "tire_rr_spindle_omega_radps": 1.1083553352041682
  },
  "val_crm_loss": 0.1050008594855899,
  "val_crm_rmse": {
    "vel_body_x_mps": 0.0031138080648416685,
    "vel_body_y_mps": 0.0023274937283838753,
    "roll_rad": 4.176309656440943e-05,
    "pitch_rad": 2.8503771104821032e-05,
    "roll_rate_radps": 0.003566647417427473,
    "ang_vel_body_y_radps": 0.0024951232436207353,
    "yaw_rate_radps": 0.0023951833128571217,
    "tire_fl_force_wheel_fz_n": 669.5496589049584,
    "tire_fr_force_wheel_fz_n": 664.9539842899992,
    "tire_rl_force_wheel_fz_n": 1069.6831529134938,
    "tire_rr_force_wheel_fz_n": 1115.912649737504,
    "tire_fl_spindle_omega_radps": 0.1357975502088545,
    "tire_fr_spindle_omega_radps": 0.1370338904096491,
    "tire_rl_spindle_omega_radps": 0.16108150542924954,
    "tire_rr_spindle_omega_radps": 0.16219201894284063
  },
  "val_mixed_loss": 0.1050008594855899,
  "rollout_flat_5.0s": {
    "xy_rmse_m": 2.319804020200558,
    "yaw_rmse_rad": 1.3531415212091027,
    "errdist": 0.3055521314386583,
    "mean_dist_m": 7.592170963684718,
    "episodes": 12
  },
  "rollout_flat_10.0s": {
    "xy_rmse_m": 15.10301894166672,
    "yaw_rmse_rad": 1.6163492584629287,
    "errdist": 0.42885458263498066,
    "mean_dist_m": 35.2171098391215,
    "episodes": 12
  },
  "rollout_crm_5.0s": {
    "xy_rmse_m": 0.7439580687222687,
    "yaw_rmse_rad": 0.0431324926204528,
    "errdist": 0.10395554635445359,
    "mean_dist_m": 7.1565019357949495,
    "episodes": 12
  },
  "rollout_crm_10.0s": {
    "xy_rmse_m": 2.613222357496418,
    "yaw_rmse_rad": 0.1482963564064541,
    "errdist": 0.10437524394706785,
    "mean_dist_m": 25.036802393694717,
    "episodes": 12
  },
  "rollout_sel": 0.10437524394706785
}
{
  "epoch": 53,
  "timestamp_utc": "2026-07-10T23:08:43.863802+00:00",
  "train_loss": 0.03876510988269001,
  "val_loss": 0.7206964843161404,
  "val_rmse": {
    "vel_body_x_mps": 0.009881680691588809,
    "vel_body_y_mps": 0.02161713934741678,
    "roll_rad": 0.00043308265832409624,
    "pitch_rad": 9.547506498618947e-05,
    "roll_rate_radps": 0.04073530804209029,
    "ang_vel_body_y_radps": 0.006766039847262421,
    "yaw_rate_radps": 0.015872340014356192,
    "tire_fl_force_wheel_fz_n": 1166.795187027989,
    "tire_fr_force_wheel_fz_n": 1271.3604583068836,
    "tire_rl_force_wheel_fz_n": 1257.9665239663263,
    "tire_rr_force_wheel_fz_n": 1179.0173689617454,
    "tire_fl_spindle_omega_radps": 0.9478785345714807,
    "tire_fr_spindle_omega_radps": 0.9287262204050437,
    "tire_rl_spindle_omega_radps": 1.1388119869308835,
    "tire_rr_spindle_omega_radps": 1.1114966450537012
  },
  "val_flat_loss": 0.7206964843161404,
  "val_flat_rmse": {
    "vel_body_x_mps": 0.009881680691588809,
    "vel_body_y_mps": 0.02161713934741678,
    "roll_rad": 0.00043308265832409624,
    "pitch_rad": 9.547506498618947e-05,
    "roll_rate_radps": 0.04073530804209029,
    "ang_vel_body_y_radps": 0.006766039847262421,
    "yaw_rate_radps": 0.015872340014356192,
    "tire_fl_force_wheel_fz_n": 1166.795187027989,
    "tire_fr_force_wheel_fz_n": 1271.3604583068836,
    "tire_rl_force_wheel_fz_n": 1257.9665239663263,
    "tire_rr_force_wheel_fz_n": 1179.0173689617454,
    "tire_fl_spindle_omega_radps": 0.9478785345714807,
    "tire_fr_spindle_omega_radps": 0.9287262204050437,
    "tire_rl_spindle_omega_radps": 1.1388119869308835,
    "tire_rr_spindle_omega_radps": 1.1114966450537012
  },
  "val_crm_loss": 0.105235337553313,
  "val_crm_rmse": {
    "vel_body_x_mps": 0.003100970554073322,
    "vel_body_y_mps": 0.002311488463808818,
    "roll_rad": 4.093946179703297e-05,
    "pitch_rad": 2.6752163621657863e-05,
    "roll_rate_radps": 0.003560493145083993,
    "ang_vel_body_y_radps": 0.0024970419384327575,
    "yaw_rate_radps": 0.0024027882502119483,
    "tire_fl_force_wheel_fz_n": 671.2525361807593,
    "tire_fr_force_wheel_fz_n": 672.0670160101514,
    "tire_rl_force_wheel_fz_n": 1070.8165523527941,
    "tire_rr_force_wheel_fz_n": 1116.882031744426,
    "tire_fl_spindle_omega_radps": 0.13491817817566742,
    "tire_fr_spindle_omega_radps": 0.13595382739316111,
    "tire_rl_spindle_omega_radps": 0.16076951698083847,
    "tire_rr_spindle_omega_radps": 0.1627260928847145
  },
  "val_mixed_loss": 0.105235337553313,
  "rollout_flat_5.0s": {
    "xy_rmse_m": 2.9889699778218435,
    "yaw_rmse_rad": 0.4541570002142515,
    "errdist": 0.3936910788915115,
    "mean_dist_m": 7.592170963684718,
    "episodes": 12
  },
  "rollout_flat_10.0s": {
    "xy_rmse_m": 12.780955553861835,
    "yaw_rmse_rad": 0.9787561959321857,
    "errdist": 0.3629189224285493,
    "mean_dist_m": 35.2171098391215,
    "episodes": 12
  },
  "rollout_crm_5.0s": {
    "xy_rmse_m": 0.46933028404121163,
    "yaw_rmse_rad": 0.033934753244025465,
    "errdist": 0.06558096235449115,
    "mean_dist_m": 7.1565019357949495,
    "episodes": 12
  },
  "rollout_crm_10.0s": {
    "xy_rmse_m": 2.1403461502629915,
    "yaw_rmse_rad": 0.10263528679484893,
    "errdist": 0.0854879994899835,
    "mean_dist_m": 25.036802393694717,
    "episodes": 12
  },
  "rollout_sel": 0.0854879994899835
}
{
  "epoch": 54,
  "timestamp_utc": "2026-07-10T23:09:47.027230+00:00",
  "train_loss": 0.03837752710003406,
  "val_loss": 0.7233168440125882,
  "val_rmse": {
    "vel_body_x_mps": 0.00947066617819417,
    "vel_body_y_mps": 0.021432700113062926,
    "roll_rad": 0.0004347421306133418,
    "pitch_rad": 9.301655062345531e-05,
    "roll_rate_radps": 0.04074124650418846,
    "ang_vel_body_y_radps": 0.006649837072844842,
    "yaw_rate_radps": 0.016029528064183698,
    "tire_fl_force_wheel_fz_n": 1193.1221374642357,
    "tire_fr_force_wheel_fz_n": 1236.596367442376,
    "tire_rl_force_wheel_fz_n": 1247.3839872774977,
    "tire_rr_force_wheel_fz_n": 1246.3092686625969,
    "tire_fl_spindle_omega_radps": 0.9518978985047724,
    "tire_fr_spindle_omega_radps": 0.9336106138051133,
    "tire_rl_spindle_omega_radps": 1.1401098974231245,
    "tire_rr_spindle_omega_radps": 1.109693207084909
  },
  "val_flat_loss": 0.7233168440125882,
  "val_flat_rmse": {
    "vel_body_x_mps": 0.00947066617819417,
    "vel_body_y_mps": 0.021432700113062926,
    "roll_rad": 0.0004347421306133418,
    "pitch_rad": 9.301655062345531e-05,
    "roll_rate_radps": 0.04074124650418846,
    "ang_vel_body_y_radps": 0.006649837072844842,
    "yaw_rate_radps": 0.016029528064183698,
    "tire_fl_force_wheel_fz_n": 1193.1221374642357,
    "tire_fr_force_wheel_fz_n": 1236.596367442376,
    "tire_rl_force_wheel_fz_n": 1247.3839872774977,
    "tire_rr_force_wheel_fz_n": 1246.3092686625969,
    "tire_fl_spindle_omega_radps": 0.9518978985047724,
    "tire_fr_spindle_omega_radps": 0.9336106138051133,
    "tire_rl_spindle_omega_radps": 1.1401098974231245,
    "tire_rr_spindle_omega_radps": 1.109693207084909
  },
  "val_crm_loss": 0.1059986346057849,
  "val_crm_rmse": {
    "vel_body_x_mps": 0.003091021503324106,
    "vel_body_y_mps": 0.0023025569119643732,
    "roll_rad": 3.881935262637656e-05,
    "pitch_rad": 3.0290124919521433e-05,
    "roll_rate_radps": 0.003541033025386076,
    "ang_vel_body_y_radps": 0.002474229179422272,
    "yaw_rate_radps": 0.0023879706320203294,
    "tire_fl_force_wheel_fz_n": 670.9129286171526,
    "tire_fr_force_wheel_fz_n": 671.526213867072,
    "tire_rl_force_wheel_fz_n": 1079.0651587174023,
    "tire_rr_force_wheel_fz_n": 1125.557205048752,
    "tire_fl_spindle_omega_radps": 0.13530271277154107,
    "tire_fr_spindle_omega_radps": 0.1361873626538021,
    "tire_rl_spindle_omega_radps": 0.16139238792681504,
    "tire_rr_spindle_omega_radps": 0.16420248705720938
  },
  "val_mixed_loss": 0.1059986346057849,
  "rollout_flat_5.0s": {
    "xy_rmse_m": 2.6132171619959803,
    "yaw_rmse_rad": 0.4064508186296111,
    "errdist": 0.3441989352578678,
    "mean_dist_m": 7.592170963684718,
    "episodes": 12
  },
  "rollout_flat_10.0s": {
    "xy_rmse_m": 13.929611586070951,
    "yaw_rmse_rad": 1.0468336064140387,
    "errdist": 0.39553534204550245,
    "mean_dist_m": 35.2171098391215,
    "episodes": 12
  },
  "rollout_crm_5.0s": {
    "xy_rmse_m": 0.5168455882624164,
    "yaw_rmse_rad": 0.026560019524544932,
    "errdist": 0.07222042177859131,
    "mean_dist_m": 7.1565019357949495,
    "episodes": 12
  },
  "rollout_crm_10.0s": {
    "xy_rmse_m": 1.043358909295484,
    "yaw_rmse_rad": 0.05199957923067475,
    "errdist": 0.04167300971142562,
    "mean_dist_m": 25.036802393694717,
    "episodes": 12
  },
  "rollout_sel": 0.04167300971142562
}
{
  "epoch": 55,
  "timestamp_utc": "2026-07-10T23:10:50.396558+00:00",
  "train_loss": 0.03792993733007461,
  "val_loss": 0.7426599406823516,
  "val_rmse": {
    "vel_body_x_mps": 0.00972933388185578,
    "vel_body_y_mps": 0.02137491377036978,
    "roll_rad": 0.0004336777883293591,
    "pitch_rad": 9.618975187610239e-05,
    "roll_rate_radps": 0.041153533532161335,
    "ang_vel_body_y_radps": 0.007089397751262764,
    "yaw_rate_radps": 0.016157914055457023,
    "tire_fl_force_wheel_fz_n": 1177.4598886417964,
    "tire_fr_force_wheel_fz_n": 1294.7529361725885,
    "tire_rl_force_wheel_fz_n": 1324.7922546123445,
    "tire_rr_force_wheel_fz_n": 1205.066804312709,
    "tire_fl_spindle_omega_radps": 0.9654248302609035,
    "tire_fr_spindle_omega_radps": 0.9503468382652352,
    "tire_rl_spindle_omega_radps": 1.1521559153144163,
    "tire_rr_spindle_omega_radps": 1.1279061436487219
  },
  "val_flat_loss": 0.7426599406823516,
  "val_flat_rmse": {
    "vel_body_x_mps": 0.00972933388185578,
    "vel_body_y_mps": 0.02137491377036978,
    "roll_rad": 0.0004336777883293591,
    "pitch_rad": 9.618975187610239e-05,
    "roll_rate_radps": 0.041153533532161335,
    "ang_vel_body_y_radps": 0.007089397751262764,
    "yaw_rate_radps": 0.016157914055457023,
    "tire_fl_force_wheel_fz_n": 1177.4598886417964,
    "tire_fr_force_wheel_fz_n": 1294.7529361725885,
    "tire_rl_force_wheel_fz_n": 1324.7922546123445,
    "tire_rr_force_wheel_fz_n": 1205.066804312709,
    "tire_fl_spindle_omega_radps": 0.9654248302609035,
    "tire_fr_spindle_omega_radps": 0.9503468382652352,
    "tire_rl_spindle_omega_radps": 1.1521559153144163,
    "tire_rr_spindle_omega_radps": 1.1279061436487219
  },
  "val_crm_loss": 0.1059531638759654,
  "val_crm_rmse": {
    "vel_body_x_mps": 0.0031004539502633636,
    "vel_body_y_mps": 0.0023048044387848324,
    "roll_rad": 3.9129521742535634e-05,
    "pitch_rad": 3.0068420219892755e-05,
    "roll_rate_radps": 0.0035498103853280594,
    "ang_vel_body_y_radps": 0.0025103582426122552,
    "yaw_rate_radps": 0.002387227418374345,
    "tire_fl_force_wheel_fz_n": 673.5696336130984,
    "tire_fr_force_wheel_fz_n": 669.8062282633763,
    "tire_rl_force_wheel_fz_n": 1076.526674761656,
    "tire_rr_force_wheel_fz_n": 1125.0669525102119,
    "tire_fl_spindle_omega_radps": 0.13582782402127544,
    "tire_fr_spindle_omega_radps": 0.13679395956571286,
    "tire_rl_spindle_omega_radps": 0.1617109901393587,
    "tire_rr_spindle_omega_radps": 0.16453276882789997
  },
  "val_mixed_loss": 0.1059531638759654,
  "rollout_flat_5.0s": {
    "xy_rmse_m": 1.9630347836522442,
    "yaw_rmse_rad": 0.9247369449756526,
    "errdist": 0.2585604029521909,
    "mean_dist_m": 7.592170963684718,
    "episodes": 12
  },
  "rollout_flat_10.0s": {
    "xy_rmse_m": 11.733938854660947,
    "yaw_rmse_rad": 1.3310926264960277,
    "errdist": 0.33318858101257676,
    "mean_dist_m": 35.2171098391215,
    "episodes": 12
  },
  "rollout_crm_5.0s": {
    "xy_rmse_m": 0.6294623687622193,
    "yaw_rmse_rad": 0.024463142054579782,
    "errdist": 0.0879567104724465,
    "mean_dist_m": 7.1565019357949495,
    "episodes": 12
  },
  "rollout_crm_10.0s": {
    "xy_rmse_m": 2.342560640606649,
    "yaw_rmse_rad": 0.09767815052826169,
    "errdist": 0.09356468944279404,
    "mean_dist_m": 25.036802393694717,
    "episodes": 12
  },
  "rollout_sel": 0.09356468944279404
}
{
  "epoch": 56,
  "timestamp_utc": "2026-07-10T23:11:53.584413+00:00",
  "train_loss": 0.03733964940626174,
  "val_loss": 0.7322151833772659,
  "val_rmse": {
    "vel_body_x_mps": 0.00974326804162274,
    "vel_body_y_mps": 0.021373409924910033,
    "roll_rad": 0.00043999143214946024,
    "pitch_rad": 8.6394567080882e-05,
    "roll_rate_radps": 0.04064002933526134,
    "ang_vel_body_y_radps": 0.006505184908471207,
    "yaw_rate_radps": 0.015916632523949197,
    "tire_fl_force_wheel_fz_n": 1189.9816018346999,
    "tire_fr_force_wheel_fz_n": 1314.8699192508668,
    "tire_rl_force_wheel_fz_n": 1311.4317418959874,
    "tire_rr_force_wheel_fz_n": 1171.5531789106396,
    "tire_fl_spindle_omega_radps": 0.9557329976397992,
    "tire_fr_spindle_omega_radps": 0.9396993968046982,
    "tire_rl_spindle_omega_radps": 1.1465680319691964,
    "tire_rr_spindle_omega_radps": 1.1225478174190957
  },
  "val_flat_loss": 0.7322151833772659,
  "val_flat_rmse": {
    "vel_body_x_mps": 0.00974326804162274,
    "vel_body_y_mps": 0.021373409924910033,
    "roll_rad": 0.00043999143214946024,
    "pitch_rad": 8.6394567080882e-05,
    "roll_rate_radps": 0.04064002933526134,
    "ang_vel_body_y_radps": 0.006505184908471207,
    "yaw_rate_radps": 0.015916632523949197,
    "tire_fl_force_wheel_fz_n": 1189.9816018346999,
    "tire_fr_force_wheel_fz_n": 1314.8699192508668,
    "tire_rl_force_wheel_fz_n": 1311.4317418959874,
    "tire_rr_force_wheel_fz_n": 1171.5531789106396,
    "tire_fl_spindle_omega_radps": 0.9557329976397992,
    "tire_fr_spindle_omega_radps": 0.9396993968046982,
    "tire_rl_spindle_omega_radps": 1.1465680319691964,
    "tire_rr_spindle_omega_radps": 1.1225478174190957
  },
  "val_crm_loss": 0.10635452871007146,
  "val_crm_rmse": {
    "vel_body_x_mps": 0.003110676976764079,
    "vel_body_y_mps": 0.002325503619479012,
    "roll_rad": 3.933691075537812e-05,
    "pitch_rad": 2.5994791625040617e-05,
    "roll_rate_radps": 0.0035995042172583245,
    "ang_vel_body_y_radps": 0.0024722618496873816,
    "yaw_rate_radps": 0.002396320373599258,
    "tire_fl_force_wheel_fz_n": 676.8090911435013,
    "tire_fr_force_wheel_fz_n": 668.6035370336346,
    "tire_rl_force_wheel_fz_n": 1081.6052129478783,
    "tire_rr_force_wheel_fz_n": 1127.879073580979,
    "tire_fl_spindle_omega_radps": 0.1353153077697225,
    "tire_fr_spindle_omega_radps": 0.13571100234016956,
    "tire_rl_spindle_omega_radps": 0.16116421115228674,
    "tire_rr_spindle_omega_radps": 0.1633529038730296
  },
  "val_mixed_loss": 0.10635452871007146,
  "rollout_flat_5.0s": {
    "xy_rmse_m": 3.054250911229051,
    "yaw_rmse_rad": 0.4788204604884135,
    "errdist": 0.4022895329726252,
    "mean_dist_m": 7.592170963684718,
    "episodes": 12
  },
  "rollout_flat_10.0s": {
    "xy_rmse_m": 13.25473048418312,
    "yaw_rmse_rad": 1.0949684154768697,
    "errdist": 0.3763718983395647,
    "mean_dist_m": 35.2171098391215,
    "episodes": 12
  },
  "rollout_crm_5.0s": {
    "xy_rmse_m": 0.6448205802630342,
    "yaw_rmse_rad": 0.05943743292720846,
    "errdist": 0.0901027605453176,
    "mean_dist_m": 7.1565019357949495,
    "episodes": 12
  },
  "rollout_crm_10.0s": {
    "xy_rmse_m": 2.0604024101152385,
    "yaw_rmse_rad": 0.13993437879601803,
    "errdist": 0.08229495035812287,
    "mean_dist_m": 25.036802393694717,
    "episodes": 12
  },
  "rollout_sel": 0.08229495035812287
}
{
  "epoch": 57,
  "timestamp_utc": "2026-07-10T23:12:56.782602+00:00",
  "train_loss": 0.037044215775094924,
  "val_loss": 0.7241746642440557,
  "val_rmse": {
    "vel_body_x_mps": 0.0100468078316429,
    "vel_body_y_mps": 0.021484977838364682,
    "roll_rad": 0.0004429272777355609,
    "pitch_rad": 9.700308578556453e-05,
    "roll_rate_radps": 0.04103024372626146,
    "ang_vel_body_y_radps": 0.006742830637173739,
    "yaw_rate_radps": 0.015749767053571596,
    "tire_fl_force_wheel_fz_n": 1153.8048723387406,
    "tire_fr_force_wheel_fz_n": 1260.337453976318,
    "tire_rl_force_wheel_fz_n": 1322.7030016582344,
    "tire_rr_force_wheel_fz_n": 1196.5018670407628,
    "tire_fl_spindle_omega_radps": 0.951298899542832,
    "tire_fr_spindle_omega_radps": 0.9352763300414493,
    "tire_rl_spindle_omega_radps": 1.1356325934358387,
    "tire_rr_spindle_omega_radps": 1.1101256215504072
  },
  "val_flat_loss": 0.7241746642440557,
  "val_flat_rmse": {
    "vel_body_x_mps": 0.0100468078316429,
    "vel_body_y_mps": 0.021484977838364682,
    "roll_rad": 0.0004429272777355609,
    "pitch_rad": 9.700308578556453e-05,
    "roll_rate_radps": 0.04103024372626146,
    "ang_vel_body_y_radps": 0.006742830637173739,
    "yaw_rate_radps": 0.015749767053571596,
    "tire_fl_force_wheel_fz_n": 1153.8048723387406,
    "tire_fr_force_wheel_fz_n": 1260.337453976318,
    "tire_rl_force_wheel_fz_n": 1322.7030016582344,
    "tire_rr_force_wheel_fz_n": 1196.5018670407628,
    "tire_fl_spindle_omega_radps": 0.951298899542832,
    "tire_fr_spindle_omega_radps": 0.9352763300414493,
    "tire_rl_spindle_omega_radps": 1.1356325934358387,
    "tire_rr_spindle_omega_radps": 1.1101256215504072
  },
  "val_crm_loss": 0.10643292397086043,
  "val_crm_rmse": {
    "vel_body_x_mps": 0.0031171672755292102,
    "vel_body_y_mps": 0.0023009088018025974,
    "roll_rad": 3.7152651259303e-05,
    "pitch_rad": 2.676854178306511e-05,
    "roll_rate_radps": 0.0035615027473792442,
    "ang_vel_body_y_radps": 0.0024881965672059387,
    "yaw_rate_radps": 0.002392044153328382,
    "tire_fl_force_wheel_fz_n": 672.4214625830181,
    "tire_fr_force_wheel_fz_n": 672.2260005318268,
    "tire_rl_force_wheel_fz_n": 1084.2388666935105,
    "tire_rr_force_wheel_fz_n": 1133.3369062439042,
    "tire_fl_spindle_omega_radps": 0.13505543161277153,
    "tire_fr_spindle_omega_radps": 0.13574207039049083,
    "tire_rl_spindle_omega_radps": 0.16124993414045935,
    "tire_rr_spindle_omega_radps": 0.16342403246157186
  },
  "val_mixed_loss": 0.10643292397086043,
  "rollout_flat_5.0s": {
    "xy_rmse_m": 2.6285819357904865,
    "yaw_rmse_rad": 0.580902672782704,
    "errdist": 0.3462227007747404,
    "mean_dist_m": 7.592170963684718,
    "episodes": 12
  },
  "rollout_flat_10.0s": {
    "xy_rmse_m": 13.870027086029339,
    "yaw_rmse_rad": 1.1418805527930502,
    "errdist": 0.3938434229665716,
    "mean_dist_m": 35.2171098391215,
    "episodes": 12
  },
  "rollout_crm_5.0s": {
    "xy_rmse_m": 0.6568140523204125,
    "yaw_rmse_rad": 0.024807074872624346,
    "errdist": 0.09177864523940117,
    "mean_dist_m": 7.1565019357949495,
    "episodes": 12
  },
  "rollout_crm_10.0s": {
    "xy_rmse_m": 1.6543268322534754,
    "yaw_rmse_rad": 0.05995473115095321,
    "errdist": 0.0660758033809502,
    "mean_dist_m": 25.036802393694717,
    "episodes": 12
  },
  "rollout_sel": 0.0660758033809502
}
{
  "epoch": 58,
  "timestamp_utc": "2026-07-10T23:13:59.807255+00:00",
  "train_loss": 0.036560988535173235,
  "val_loss": 0.7415527500025928,
  "val_rmse": {
    "vel_body_x_mps": 0.009535141418950883,
    "vel_body_y_mps": 0.022085239596800883,
    "roll_rad": 0.0004550192161687188,
    "pitch_rad": 0.00010731761723305634,
    "roll_rate_radps": 0.04216988496217499,
    "ang_vel_body_y_radps": 0.006461544718108895,
    "yaw_rate_radps": 0.0157893310358324,
    "tire_fl_force_wheel_fz_n": 1150.267651447184,
    "tire_fr_force_wheel_fz_n": 1258.0863064734997,
    "tire_rl_force_wheel_fz_n": 1303.6449972940204,
    "tire_rr_force_wheel_fz_n": 1202.0323060976123,
    "tire_fl_spindle_omega_radps": 0.9740707780330766,
    "tire_fr_spindle_omega_radps": 0.952708358625894,
    "tire_rl_spindle_omega_radps": 1.1574814913379095,
    "tire_rr_spindle_omega_radps": 1.1336876158749922
  },
  "val_flat_loss": 0.7415527500025928,
  "val_flat_rmse": {
    "vel_body_x_mps": 0.009535141418950883,
    "vel_body_y_mps": 0.022085239596800883,
    "roll_rad": 0.0004550192161687188,
    "pitch_rad": 0.00010731761723305634,
    "roll_rate_radps": 0.04216988496217499,
    "ang_vel_body_y_radps": 0.006461544718108895,
    "yaw_rate_radps": 0.0157893310358324,
    "tire_fl_force_wheel_fz_n": 1150.267651447184,
    "tire_fr_force_wheel_fz_n": 1258.0863064734997,
    "tire_rl_force_wheel_fz_n": 1303.6449972940204,
    "tire_rr_force_wheel_fz_n": 1202.0323060976123,
    "tire_fl_spindle_omega_radps": 0.9740707780330766,
    "tire_fr_spindle_omega_radps": 0.952708358625894,
    "tire_rl_spindle_omega_radps": 1.1574814913379095,
    "tire_rr_spindle_omega_radps": 1.1336876158749922
  },
  "val_crm_loss": 0.10691050776513293,
  "val_crm_rmse": {
    "vel_body_x_mps": 0.0031026931941921434,
    "vel_body_y_mps": 0.0022965572557474986,
    "roll_rad": 3.7079143439376806e-05,
    "pitch_rad": 2.555613621592667e-05,
    "roll_rate_radps": 0.0035472721965213046,
    "ang_vel_body_y_radps": 0.0024451489761332292,
    "yaw_rate_radps": 0.0023975232586467953,
    "tire_fl_force_wheel_fz_n": 673.525633810187,
    "tire_fr_force_wheel_fz_n": 674.4157420618748,
    "tire_rl_force_wheel_fz_n": 1090.185406445732,
    "tire_rr_force_wheel_fz_n": 1138.4072023860876,
    "tire_fl_spindle_omega_radps": 0.1360354819421402,
    "tire_fr_spindle_omega_radps": 0.13589552221563095,
    "tire_rl_spindle_omega_radps": 0.1615608953930578,
    "tire_rr_spindle_omega_radps": 0.1638409688960538
  },
  "val_mixed_loss": 0.10691050776513293,
  "rollout_flat_5.0s": {
    "xy_rmse_m": 2.522082058246449,
    "yaw_rmse_rad": 0.5332095882783259,
    "errdist": 0.3321951086599878,
    "mean_dist_m": 7.592170963684718,
    "episodes": 12
  },
  "rollout_flat_10.0s": {
    "xy_rmse_m": 13.074593136196757,
    "yaw_rmse_rad": 1.1245011541853391,
    "errdist": 0.371256846343269,
    "mean_dist_m": 35.2171098391215,
    "episodes": 12
  },
  "rollout_crm_5.0s": {
    "xy_rmse_m": 0.6868776914447215,
    "yaw_rmse_rad": 0.046095271758913474,
    "errdist": 0.09597952988863723,
    "mean_dist_m": 7.1565019357949495,
    "episodes": 12
  },
  "rollout_crm_10.0s": {
    "xy_rmse_m": 2.2198727974519774,
    "yaw_rmse_rad": 0.20430440325691274,
    "errdist": 0.0886643894274227,
    "mean_dist_m": 25.036802393694717,
    "episodes": 12
  },
  "rollout_sel": 0.0886643894274227
}
{
  "epoch": 59,
  "timestamp_utc": "2026-07-10T23:15:03.029798+00:00",
  "train_loss": 0.03613272101804614,
  "val_loss": 0.7416148390807211,
  "val_rmse": {
    "vel_body_x_mps": 0.009879656625251247,
    "vel_body_y_mps": 0.021589679594551263,
    "roll_rad": 0.0004353525033521205,
    "pitch_rad": 9.805888467978818e-05,
    "roll_rate_radps": 0.04042805320120748,
    "ang_vel_body_y_radps": 0.006493730303478273,
    "yaw_rate_radps": 0.016108752338686676,
    "tire_fl_force_wheel_fz_n": 1262.6859769985526,
    "tire_fr_force_wheel_fz_n": 1249.5367731390531,
    "tire_rl_force_wheel_fz_n": 1345.9557494699632,
    "tire_rr_force_wheel_fz_n": 1163.1401182416012,
    "tire_fl_spindle_omega_radps": 0.9633182374942288,
    "tire_fr_spindle_omega_radps": 0.9462241895759371,
    "tire_rl_spindle_omega_radps": 1.1511273154192734,
    "tire_rr_spindle_omega_radps": 1.1357458414054242
  },
  "val_flat_loss": 0.7416148390807211,
  "val_flat_rmse": {
    "vel_body_x_mps": 0.009879656625251247,
    "vel_body_y_mps": 0.021589679594551263,
    "roll_rad": 0.0004353525033521205,
    "pitch_rad": 9.805888467978818e-05,
    "roll_rate_radps": 0.04042805320120748,
    "ang_vel_body_y_radps": 0.006493730303478273,
    "yaw_rate_radps": 0.016108752338686676,
    "tire_fl_force_wheel_fz_n": 1262.6859769985526,
    "tire_fr_force_wheel_fz_n": 1249.5367731390531,
    "tire_rl_force_wheel_fz_n": 1345.9557494699632,
    "tire_rr_force_wheel_fz_n": 1163.1401182416012,
    "tire_fl_spindle_omega_radps": 0.9633182374942288,
    "tire_fr_spindle_omega_radps": 0.9462241895759371,
    "tire_rl_spindle_omega_radps": 1.1511273154192734,
    "tire_rr_spindle_omega_radps": 1.1357458414054242
  },
  "val_crm_loss": 0.10686751455301419,
  "val_crm_rmse": {
    "vel_body_x_mps": 0.003123929578092151,
    "vel_body_y_mps": 0.002307538986970934,
    "roll_rad": 3.85486468680912e-05,
    "pitch_rad": 2.7624879231559112e-05,
    "roll_rate_radps": 0.0035379054417571327,
    "ang_vel_body_y_radps": 0.002481656053058381,
    "yaw_rate_radps": 0.002395211184767474,
    "tire_fl_force_wheel_fz_n": 673.1984238423094,
    "tire_fr_force_wheel_fz_n": 670.2396840931614,
    "tire_rl_force_wheel_fz_n": 1088.0856298470442,
    "tire_rr_force_wheel_fz_n": 1137.4454479820163,
    "tire_fl_spindle_omega_radps": 0.1351511510249639,
    "tire_fr_spindle_omega_radps": 0.13607152122533941,
    "tire_rl_spindle_omega_radps": 0.1617726982654264,
    "tire_rr_spindle_omega_radps": 0.16350172211652014
  },
  "val_mixed_loss": 0.10686751455301419,
  "rollout_flat_5.0s": {
    "xy_rmse_m": 2.4819369793436725,
    "yaw_rmse_rad": 0.5094163760053314,
    "errdist": 0.3269074143898244,
    "mean_dist_m": 7.592170963684718,
    "episodes": 12
  },
  "rollout_flat_10.0s": {
    "xy_rmse_m": 14.05553757620069,
    "yaw_rmse_rad": 1.1480429591072847,
    "errdist": 0.39911104688627425,
    "mean_dist_m": 35.2171098391215,
    "episodes": 12
  },
  "rollout_crm_5.0s": {
    "xy_rmse_m": 0.5638677897822818,
    "yaw_rmse_rad": 0.033150099150101586,
    "errdist": 0.0787909784474399,
    "mean_dist_m": 7.1565019357949495,
    "episodes": 12
  },
  "rollout_crm_10.0s": {
    "xy_rmse_m": 1.9186842411134157,
    "yaw_rmse_rad": 0.07827528432092654,
    "errdist": 0.07663455624016181,
    "mean_dist_m": 25.036802393694717,
    "episodes": 12
  },
  "rollout_sel": 0.07663455624016181
}
{
  "epoch": 60,
  "timestamp_utc": "2026-07-10T23:16:05.992632+00:00",
  "train_loss": 0.03573260189220309,
  "val_loss": 0.7347099325992167,
  "val_rmse": {
    "vel_body_x_mps": 0.009471511111456186,
    "vel_body_y_mps": 0.021412731233420943,
    "roll_rad": 0.000450577701368525,
    "pitch_rad": 8.373361704990495e-05,
    "roll_rate_radps": 0.03942268902695934,
    "ang_vel_body_y_radps": 0.0061258574169159785,
    "yaw_rate_radps": 0.01557836246400982,
    "tire_fl_force_wheel_fz_n": 1196.671909064609,
    "tire_fr_force_wheel_fz_n": 1283.7109729397416,
    "tire_rl_force_wheel_fz_n": 1279.015882263594,
    "tire_rr_force_wheel_fz_n": 1202.8856576077048,
    "tire_fl_spindle_omega_radps": 0.9816153341619305,
    "tire_fr_spindle_omega_radps": 0.9580463270873663,
    "tire_rl_spindle_omega_radps": 1.1641133436267799,
    "tire_rr_spindle_omega_radps": 1.1490526846011313
  },
  "val_flat_loss": 0.7347099325992167,
  "val_flat_rmse": {
    "vel_body_x_mps": 0.009471511111456186,
    "vel_body_y_mps": 0.021412731233420943,
    "roll_rad": 0.000450577701368525,
    "pitch_rad": 8.373361704990495e-05,
    "roll_rate_radps": 0.03942268902695934,
    "ang_vel_body_y_radps": 0.0061258574169159785,
    "yaw_rate_radps": 0.01557836246400982,
    "tire_fl_force_wheel_fz_n": 1196.671909064609,
    "tire_fr_force_wheel_fz_n": 1283.7109729397416,
    "tire_rl_force_wheel_fz_n": 1279.015882263594,
    "tire_rr_force_wheel_fz_n": 1202.8856576077048,
    "tire_fl_spindle_omega_radps": 0.9816153341619305,
    "tire_fr_spindle_omega_radps": 0.9580463270873663,
    "tire_rl_spindle_omega_radps": 1.1641133436267799,
    "tire_rr_spindle_omega_radps": 1.1490526846011313
  },
  "val_crm_loss": 0.10719411043624859,
  "val_crm_rmse": {
    "vel_body_x_mps": 0.0031188604177770974,
    "vel_body_y_mps": 0.0023155233598284577,
    "roll_rad": 3.7839885453445504e-05,
    "pitch_rad": 2.6308570595096484e-05,
    "roll_rate_radps": 0.0035651860873094814,
    "ang_vel_body_y_radps": 0.002461650069784403,
    "yaw_rate_radps": 0.0024001844961557914,
    "tire_fl_force_wheel_fz_n": 681.123731704178,
    "tire_fr_force_wheel_fz_n": 676.5092970465953,
    "tire_rl_force_wheel_fz_n": 1087.8728436215144,
    "tire_rr_force_wheel_fz_n": 1137.6446236332774,
    "tire_fl_spindle_omega_radps": 0.1350579259955852,
    "tire_fr_spindle_omega_radps": 0.13574824081436007,
    "tire_rl_spindle_omega_radps": 0.1611135907807825,
    "tire_rr_spindle_omega_radps": 0.16353009412490516
  },
  "val_mixed_loss": 0.10719411043624859,
  "rollout_flat_5.0s": {
    "xy_rmse_m": 2.530101098816235,
    "yaw_rmse_rad": 0.3736452505324985,
    "errdist": 0.33325133363281084,
    "mean_dist_m": 7.592170963684718,
    "episodes": 12
  },
  "rollout_flat_10.0s": {
    "xy_rmse_m": 14.610444457290933,
    "yaw_rmse_rad": 1.0133575028801753,
    "errdist": 0.414867787959723,
    "mean_dist_m": 35.2171098391215,
    "episodes": 12
  },
  "rollout_crm_5.0s": {
    "xy_rmse_m": 0.7782932588286066,
    "yaw_rmse_rad": 0.035357298886147866,
    "errdist": 0.10875330794445641,
    "mean_dist_m": 7.1565019357949495,
    "episodes": 12
  },
  "rollout_crm_10.0s": {
    "xy_rmse_m": 1.8886230964029112,
    "yaw_rmse_rad": 0.11050220674401307,
    "errdist": 0.07543387796512477,
    "mean_dist_m": 25.036802393694717,
    "episodes": 12
  },
  "rollout_sel": 0.07543387796512477
}
{
  "epoch": 61,
  "timestamp_utc": "2026-07-10T23:17:09.164594+00:00",
  "train_loss": 0.035404804880730806,
  "val_loss": 0.7493016577139496,
  "val_rmse": {
    "vel_body_x_mps": 0.009710088314922505,
    "vel_body_y_mps": 0.021615896953913742,
    "roll_rad": 0.00043427728735155277,
    "pitch_rad": 0.00010415881230732508,
    "roll_rate_radps": 0.04041413569386576,
    "ang_vel_body_y_radps": 0.006493135633438792,
    "yaw_rate_radps": 0.015980160928726225,
    "tire_fl_force_wheel_fz_n": 1221.5506987850108,
    "tire_fr_force_wheel_fz_n": 1235.112726972756,
    "tire_rl_force_wheel_fz_n": 1344.197954640523,
    "tire_rr_force_wheel_fz_n": 1317.1168478067416,
    "tire_fl_spindle_omega_radps": 0.9678983595813649,
    "tire_fr_spindle_omega_radps": 0.9560302840183557,
    "tire_rl_spindle_omega_radps": 1.158189817872,
    "tire_rr_spindle_omega_radps": 1.1492423502390587
  },
  "val_flat_loss": 0.7493016577139496,
  "val_flat_rmse": {
    "vel_body_x_mps": 0.009710088314922505,
    "vel_body_y_mps": 0.021615896953913742,
    "roll_rad": 0.00043427728735155277,
    "pitch_rad": 0.00010415881230732508,
    "roll_rate_radps": 0.04041413569386576,
    "ang_vel_body_y_radps": 0.006493135633438792,
    "yaw_rate_radps": 0.015980160928726225,
    "tire_fl_force_wheel_fz_n": 1221.5506987850108,
    "tire_fr_force_wheel_fz_n": 1235.112726972756,
    "tire_rl_force_wheel_fz_n": 1344.197954640523,
    "tire_rr_force_wheel_fz_n": 1317.1168478067416,
    "tire_fl_spindle_omega_radps": 0.9678983595813649,
    "tire_fr_spindle_omega_radps": 0.9560302840183557,
    "tire_rl_spindle_omega_radps": 1.158189817872,
    "tire_rr_spindle_omega_radps": 1.1492423502390587
  },
  "val_crm_loss": 0.10763163093739422,
  "val_crm_rmse": {
    "vel_body_x_mps": 0.003121962211835547,
    "vel_body_y_mps": 0.0023162954367303445,
    "roll_rad": 3.6705834178713235e-05,
    "pitch_rad": 2.5948503615453478e-05,
    "roll_rate_radps": 0.0035256596077492754,
    "ang_vel_body_y_radps": 0.0024585370406354705,
    "yaw_rate_radps": 0.0024030343544270984,
    "tire_fl_force_wheel_fz_n": 684.1839675501295,
    "tire_fr_force_wheel_fz_n": 678.8544673676312,
    "tire_rl_force_wheel_fz_n": 1091.223913742315,
    "tire_rr_force_wheel_fz_n": 1139.9988328737677,
    "tire_fl_spindle_omega_radps": 0.13525934417798052,
    "tire_fr_spindle_omega_radps": 0.13604251097846698,
    "tire_rl_spindle_omega_radps": 0.16157128642795804,
    "tire_rr_spindle_omega_radps": 0.16392958983677647
  },
  "val_mixed_loss": 0.10763163093739422,
  "rollout_flat_5.0s": {
    "xy_rmse_m": 2.5865427828483494,
    "yaw_rmse_rad": 0.43200173744541037,
    "errdist": 0.34068552924064016,
    "mean_dist_m": 7.592170963684718,
    "episodes": 12
  },
  "rollout_flat_10.0s": {
    "xy_rmse_m": 14.413983169384224,
    "yaw_rmse_rad": 1.1576943709033949,
    "errdist": 0.40928921297715964,
    "mean_dist_m": 35.2171098391215,
    "episodes": 12
  },
  "rollout_crm_5.0s": {
    "xy_rmse_m": 0.42687149301701544,
    "yaw_rmse_rad": 0.02704862669800603,
    "errdist": 0.059648065052832024,
    "mean_dist_m": 7.1565019357949495,
    "episodes": 12
  },
  "rollout_crm_10.0s": {
    "xy_rmse_m": 1.26320028724645,
    "yaw_rmse_rad": 0.05963679007374383,
    "errdist": 0.05045373875557588,
    "mean_dist_m": 25.036802393694717,
    "episodes": 12
  },
  "rollout_sel": 0.05045373875557588
}
{
  "epoch": 62,
  "timestamp_utc": "2026-07-10T23:18:12.415584+00:00",
  "train_loss": 0.035043804147280755,
  "val_loss": 0.7459971720352769,
  "val_rmse": {
    "vel_body_x_mps": 0.009651423201359876,
    "vel_body_y_mps": 0.02178917016868618,
    "roll_rad": 0.00044235252927181157,
    "pitch_rad": 0.00010343664032257117,
    "roll_rate_radps": 0.03986250435698673,
    "ang_vel_body_y_radps": 0.006484400185180451,
    "yaw_rate_radps": 0.01597728649559466,
    "tire_fl_force_wheel_fz_n": 1275.058644249124,
    "tire_fr_force_wheel_fz_n": 1217.0505000894852,
    "tire_rl_force_wheel_fz_n": 1397.6032768521163,
    "tire_rr_force_wheel_fz_n": 1239.2807186387772,
    "tire_fl_spindle_omega_radps": 0.9653170193239113,
    "tire_fr_spindle_omega_radps": 0.9421794872235801,
    "tire_rl_spindle_omega_radps": 1.1616332040939574,
    "tire_rr_spindle_omega_radps": 1.1468803271020016
  },
  "val_flat_loss": 0.7459971720352769,
  "val_flat_rmse": {
    "vel_body_x_mps": 0.009651423201359876,
    "vel_body_y_mps": 0.02178917016868618,
    "roll_rad": 0.00044235252927181157,
    "pitch_rad": 0.00010343664032257117,
    "roll_rate_radps": 0.03986250435698673,
    "ang_vel_body_y_radps": 0.006484400185180451,
    "yaw_rate_radps": 0.01597728649559466,
    "tire_fl_force_wheel_fz_n": 1275.058644249124,
    "tire_fr_force_wheel_fz_n": 1217.0505000894852,
    "tire_rl_force_wheel_fz_n": 1397.6032768521163,
    "tire_rr_force_wheel_fz_n": 1239.2807186387772,
    "tire_fl_spindle_omega_radps": 0.9653170193239113,
    "tire_fr_spindle_omega_radps": 0.9421794872235801,
    "tire_rl_spindle_omega_radps": 1.1616332040939574,
    "tire_rr_spindle_omega_radps": 1.1468803271020016
  },
  "val_crm_loss": 0.10791620952048106,
  "val_crm_rmse": {
    "vel_body_x_mps": 0.0031264344873953385,
    "vel_body_y_mps": 0.0022879993924893056,
    "roll_rad": 3.8255780512711204e-05,
    "pitch_rad": 2.5760353046293728e-05,
    "roll_rate_radps": 0.0035167701080200753,
    "ang_vel_body_y_radps": 0.002474217626886933,
    "yaw_rate_radps": 0.002405607488627155,
    "tire_fl_force_wheel_fz_n": 682.5470986299367,
    "tire_fr_force_wheel_fz_n": 682.7033372228917,
    "tire_rl_force_wheel_fz_n": 1095.391021393619,
    "tire_rr_force_wheel_fz_n": 1141.8668134330514,
    "tire_fl_spindle_omega_radps": 0.1355689537772448,
    "tire_fr_spindle_omega_radps": 0.13601948512069972,
    "tire_rl_spindle_omega_radps": 0.16133718289954682,
    "tire_rr_spindle_omega_radps": 0.1640125691548104
  },
  "val_mixed_loss": 0.10791620952048106,
  "rollout_flat_5.0s": {
    "xy_rmse_m": 2.33531621911503,
    "yaw_rmse_rad": 0.7768948022973784,
    "errdist": 0.30759531500086607,
    "mean_dist_m": 7.592170963684718,
    "episodes": 12
  },
  "rollout_flat_10.0s": {
    "xy_rmse_m": 13.716251688566908,
    "yaw_rmse_rad": 1.4470420492423035,
    "errdist": 0.38947692616530355,
    "mean_dist_m": 35.2171098391215,
    "episodes": 12
  },
  "rollout_crm_5.0s": {
    "xy_rmse_m": 0.5260522051517282,
    "yaw_rmse_rad": 0.02933940655135786,
    "errdist": 0.07350689063892414,
    "mean_dist_m": 7.1565019357949495,
    "episodes": 12
  },
  "rollout_crm_10.0s": {
    "xy_rmse_m": 1.4780219480737187,
    "yaw_rmse_rad": 0.07901091900112384,
    "errdist": 0.05903397426046485,
    "mean_dist_m": 25.036802393694717,
    "episodes": 12
  },
  "rollout_sel": 0.05903397426046485
}
{
  "epoch": 63,
  "timestamp_utc": "2026-07-10T23:19:15.808424+00:00",
  "train_loss": 0.0345996670499444,
  "val_loss": 0.7391550671309233,
  "val_rmse": {
    "vel_body_x_mps": 0.00945752545219265,
    "vel_body_y_mps": 0.021894538374946388,
    "roll_rad": 0.00044350968231160687,
    "pitch_rad": 9.354086145936791e-05,
    "roll_rate_radps": 0.03978660192907869,
    "ang_vel_body_y_radps": 0.0065064711518477295,
    "yaw_rate_radps": 0.015857699844024287,
    "tire_fl_force_wheel_fz_n": 1233.0830678632224,
    "tire_fr_force_wheel_fz_n": 1245.3980863596591,
    "tire_rl_force_wheel_fz_n": 1385.068727419435,
    "tire_rr_force_wheel_fz_n": 1140.8676328088286,
    "tire_fl_spindle_omega_radps": 0.9720253854470086,
    "tire_fr_spindle_omega_radps": 0.950143719446925,
    "tire_rl_spindle_omega_radps": 1.1540963624102167,
    "tire_rr_spindle_omega_radps": 1.1398847843384954
  },
  "val_flat_loss": 0.7391550671309233,
  "val_flat_rmse": {
    "vel_body_x_mps": 0.00945752545219265,
    "vel_body_y_mps": 0.021894538374946388,
    "roll_rad": 0.00044350968231160687,
    "pitch_rad": 9.354086145936791e-05,
    "roll_rate_radps": 0.03978660192907869,
    "ang_vel_body_y_radps": 0.0065064711518477295,
    "yaw_rate_radps": 0.015857699844024287,
    "tire_fl_force_wheel_fz_n": 1233.0830678632224,
    "tire_fr_force_wheel_fz_n": 1245.3980863596591,
    "tire_rl_force_wheel_fz_n": 1385.068727419435,
    "tire_rr_force_wheel_fz_n": 1140.8676328088286,
    "tire_fl_spindle_omega_radps": 0.9720253854470086,
    "tire_fr_spindle_omega_radps": 0.950143719446925,
    "tire_rl_spindle_omega_radps": 1.1540963624102167,
    "tire_rr_spindle_omega_radps": 1.1398847843384954
  },
  "val_crm_loss": 0.10800907541939524,
  "val_crm_rmse": {
    "vel_body_x_mps": 0.0031304567857417644,
    "vel_body_y_mps": 0.0022937892636009636,
    "roll_rad": 3.604794057116851e-05,
    "pitch_rad": 2.5447072982416347e-05,
    "roll_rate_radps": 0.0034992054662729903,
    "ang_vel_body_y_radps": 0.002458259041049066,
    "yaw_rate_radps": 0.002400589722920267,
    "tire_fl_force_wheel_fz_n": 678.4155152130132,
    "tire_fr_force_wheel_fz_n": 679.2427504458204,
    "tire_rl_force_wheel_fz_n": 1098.7833374993058,
    "tire_rr_force_wheel_fz_n": 1147.4816058154547,
    "tire_fl_spindle_omega_radps": 0.13551288066945988,
    "tire_fr_spindle_omega_radps": 0.13642324529945882,
    "tire_rl_spindle_omega_radps": 0.16151396295558612,
    "tire_rr_spindle_omega_radps": 0.16388160622339576
  },
  "val_mixed_loss": 0.10800907541939524,
  "rollout_flat_5.0s": {
    "xy_rmse_m": 2.394541243946654,
    "yaw_rmse_rad": 0.5830347923455675,
    "errdist": 0.31539611731616063,
    "mean_dist_m": 7.592170963684718,
    "episodes": 12
  },
  "rollout_flat_10.0s": {
    "xy_rmse_m": 15.005509025247056,
    "yaw_rmse_rad": 1.3965509950054804,
    "errdist": 0.4260857604100704,
    "mean_dist_m": 35.2171098391215,
    "episodes": 12
  },
  "rollout_crm_5.0s": {
    "xy_rmse_m": 0.38137870684955794,
    "yaw_rmse_rad": 0.024737174584009442,
    "errdist": 0.05329121828948323,
    "mean_dist_m": 7.1565019357949495,
    "episodes": 12
  },
  "rollout_crm_10.0s": {
    "xy_rmse_m": 1.9004515220971274,
    "yaw_rmse_rad": 0.06495766560933354,
    "errdist": 0.0759063195136987,
    "mean_dist_m": 25.036802393694717,
    "episodes": 12
  },
  "rollout_sel": 0.0759063195136987
}
{
  "epoch": 64,
  "timestamp_utc": "2026-07-10T23:20:18.770186+00:00",
  "train_loss": 0.03435196671262383,
  "val_loss": 0.7430172201991081,
  "val_rmse": {
    "vel_body_x_mps": 0.009448903978358262,
    "vel_body_y_mps": 0.02148045237666519,
    "roll_rad": 0.0004227349317511987,
    "pitch_rad": 0.00011462907892525917,
    "roll_rate_radps": 0.038743381981896224,
    "ang_vel_body_y_radps": 0.006433486323013956,
    "yaw_rate_radps": 0.015590654055732124,
    "tire_fl_force_wheel_fz_n": 1278.7077041953546,
    "tire_fr_force_wheel_fz_n": 1241.532666718559,
    "tire_rl_force_wheel_fz_n": 1445.7156833350793,
    "tire_rr_force_wheel_fz_n": 1166.3447978411753,
    "tire_fl_spindle_omega_radps": 0.9630283015409813,
    "tire_fr_spindle_omega_radps": 0.9466992428705807,
    "tire_rl_spindle_omega_radps": 1.1635847109155686,
    "tire_rr_spindle_omega_radps": 1.1479440707063302
  },
  "val_flat_loss": 0.7430172201991081,
  "val_flat_rmse": {
    "vel_body_x_mps": 0.009448903978358262,
    "vel_body_y_mps": 0.02148045237666519,
    "roll_rad": 0.0004227349317511987,
    "pitch_rad": 0.00011462907892525917,
    "roll_rate_radps": 0.038743381981896224,
    "ang_vel_body_y_radps": 0.006433486323013956,
    "yaw_rate_radps": 0.015590654055732124,
    "tire_fl_force_wheel_fz_n": 1278.7077041953546,
    "tire_fr_force_wheel_fz_n": 1241.532666718559,
    "tire_rl_force_wheel_fz_n": 1445.7156833350793,
    "tire_rr_force_wheel_fz_n": 1166.3447978411753,
    "tire_fl_spindle_omega_radps": 0.9630283015409813,
    "tire_fr_spindle_omega_radps": 0.9466992428705807,
    "tire_rl_spindle_omega_radps": 1.1635847109155686,
    "tire_rr_spindle_omega_radps": 1.1479440707063302
  },
  "val_crm_loss": 0.1084956522588618,
  "val_crm_rmse": {
    "vel_body_x_mps": 0.003141859137871423,
    "vel_body_y_mps": 0.0023112953180322022,
    "roll_rad": 3.725683423855665e-05,
    "pitch_rad": 2.6089680517033726e-05,
    "roll_rate_radps": 0.0035059879711725394,
    "ang_vel_body_y_radps": 0.0024571960965395984,
    "yaw_rate_radps": 0.002406580043437925,
    "tire_fl_force_wheel_fz_n": 680.7640288858559,
    "tire_fr_force_wheel_fz_n": 680.9124513502514,
    "tire_rl_force_wheel_fz_n": 1100.5343733783625,
    "tire_rr_force_wheel_fz_n": 1150.3537595199252,
    "tire_fl_spindle_omega_radps": 0.13620787269181905,
    "tire_fr_spindle_omega_radps": 0.1364713650313641,
    "tire_rl_spindle_omega_radps": 0.16208530991215195,
    "tire_rr_spindle_omega_radps": 0.16478406663414966
  },
  "val_mixed_loss": 0.1084956522588618,
  "rollout_flat_5.0s": {
    "xy_rmse_m": 2.5338011975503685,
    "yaw_rmse_rad": 0.4887625249410685,
    "errdist": 0.33373869077371715,
    "mean_dist_m": 7.592170963684718,
    "episodes": 12
  },
  "rollout_flat_10.0s": {
    "xy_rmse_m": 16.493897407608316,
    "yaw_rmse_rad": 1.2991793786080092,
    "errdist": 0.4683489781800834,
    "mean_dist_m": 35.2171098391215,
    "episodes": 12
  },
  "rollout_crm_5.0s": {
    "xy_rmse_m": 0.8236899429660578,
    "yaw_rmse_rad": 0.042627252524519925,
    "errdist": 0.11509672607593052,
    "mean_dist_m": 7.1565019357949495,
    "episodes": 12
  },
  "rollout_crm_10.0s": {
    "xy_rmse_m": 2.9393752528423094,
    "yaw_rmse_rad": 0.12431696112040201,
    "errdist": 0.11740218285952377,
    "mean_dist_m": 25.036802393694717,
    "episodes": 12
  },
  "rollout_sel": 0.11740218285952377
}
{
  "epoch": 65,
  "timestamp_utc": "2026-07-10T23:21:21.863394+00:00",
  "train_loss": 0.03399092134740204,
  "val_loss": 0.7449197925627231,
  "val_rmse": {
    "vel_body_x_mps": 0.00964965072291119,
    "vel_body_y_mps": 0.02178624191307905,
    "roll_rad": 0.0004122776600672281,
    "pitch_rad": 9.661799510085741e-05,
    "roll_rate_radps": 0.039346386167013275,
    "ang_vel_body_y_radps": 0.006292070113409826,
    "yaw_rate_radps": 0.015801411449612626,
    "tire_fl_force_wheel_fz_n": 1275.7495746412246,
    "tire_fr_force_wheel_fz_n": 1267.0954780455174,
    "tire_rl_force_wheel_fz_n": 1390.7259327960226,
    "tire_rr_force_wheel_fz_n": 1191.7004817909497,
    "tire_fl_spindle_omega_radps": 0.9709321493293869,
    "tire_fr_spindle_omega_radps": 0.9512069675198831,
    "tire_rl_spindle_omega_radps": 1.1591024485460772,
    "tire_rr_spindle_omega_radps": 1.1402762483931035
  },
  "val_flat_loss": 0.7449197925627231,
  "val_flat_rmse": {
    "vel_body_x_mps": 0.00964965072291119,
    "vel_body_y_mps": 0.02178624191307905,
    "roll_rad": 0.0004122776600672281,
    "pitch_rad": 9.661799510085741e-05,
    "roll_rate_radps": 0.039346386167013275,
    "ang_vel_body_y_radps": 0.006292070113409826,
    "yaw_rate_radps": 0.015801411449612626,
    "tire_fl_force_wheel_fz_n": 1275.7495746412246,
    "tire_fr_force_wheel_fz_n": 1267.0954780455174,
    "tire_rl_force_wheel_fz_n": 1390.7259327960226,
    "tire_rr_force_wheel_fz_n": 1191.7004817909497,
    "tire_fl_spindle_omega_radps": 0.9709321493293869,
    "tire_fr_spindle_omega_radps": 0.9512069675198831,
    "tire_rl_spindle_omega_radps": 1.1591024485460772,
    "tire_rr_spindle_omega_radps": 1.1402762483931035
  },
  "val_crm_loss": 0.1086059214969282,
  "val_crm_rmse": {
    "vel_body_x_mps": 0.0031457370237271405,
    "vel_body_y_mps": 0.0022888898864698434,
    "roll_rad": 3.774846138887254e-05,
    "pitch_rad": 2.5609549241894233e-05,
    "roll_rate_radps": 0.0034952185778054684,
    "ang_vel_body_y_radps": 0.0024567606461232358,
    "yaw_rate_radps": 0.0024144145915275155,
    "tire_fl_force_wheel_fz_n": 681.2062196493547,
    "tire_fr_force_wheel_fz_n": 682.2241918223912,
    "tire_rl_force_wheel_fz_n": 1101.2860471756906,
    "tire_rr_force_wheel_fz_n": 1151.2954431897401,
    "tire_fl_spindle_omega_radps": 0.13506843379178898,
    "tire_fr_spindle_omega_radps": 0.1359930050710895,
    "tire_rl_spindle_omega_radps": 0.1622243522197339,
    "tire_rr_spindle_omega_radps": 0.16377072353564928
  },
  "val_mixed_loss": 0.1086059214969282,
  "rollout_flat_5.0s": {
    "xy_rmse_m": 2.535773799655804,
    "yaw_rmse_rad": 0.4741144792780915,
    "errdist": 0.3339985113329315,
    "mean_dist_m": 7.592170963684718,
    "episodes": 12
  },
  "rollout_flat_10.0s": {
    "xy_rmse_m": 14.859540701845116,
    "yaw_rmse_rad": 1.132236757652046,
    "errdist": 0.42194094773041696,
    "mean_dist_m": 35.2171098391215,
    "episodes": 12
  },
  "rollout_crm_5.0s": {
    "xy_rmse_m": 0.395601702925431,
    "yaw_rmse_rad": 0.02923600614139736,
    "errdist": 0.05527864122368707,
    "mean_dist_m": 7.1565019357949495,
    "episodes": 12
  },
  "rollout_crm_10.0s": {
    "xy_rmse_m": 1.4051493653149585,
    "yaw_rmse_rad": 0.09770593678556083,
    "errdist": 0.05612335565938053,
    "mean_dist_m": 25.036802393694717,
    "episodes": 12
  },
  "rollout_sel": 0.05612335565938053
}
{
  "epoch": 66,
  "timestamp_utc": "2026-07-10T23:22:25.324282+00:00",
  "train_loss": 0.033709917806088924,
  "val_loss": 0.7443988814204932,
  "val_rmse": {
    "vel_body_x_mps": 0.009473465927705359,
    "vel_body_y_mps": 0.02167691817349967,
    "roll_rad": 0.0004225562801453691,
    "pitch_rad": 9.944487888927846e-05,
    "roll_rate_radps": 0.03954307578544206,
    "ang_vel_body_y_radps": 0.006461635909350446,
    "yaw_rate_radps": 0.015547507355684533,
    "tire_fl_force_wheel_fz_n": 1277.7178377464672,
    "tire_fr_force_wheel_fz_n": 1279.8701347657247,
    "tire_rl_force_wheel_fz_n": 1373.7695010594084,
    "tire_rr_force_wheel_fz_n": 1156.3565597160084,
    "tire_fl_spindle_omega_radps": 0.9717170200149058,
    "tire_fr_spindle_omega_radps": 0.9589713182138323,
    "tire_rl_spindle_omega_radps": 1.1698090494223088,
    "tire_rr_spindle_omega_radps": 1.1489302824866836
  },
  "val_flat_loss": 0.7443988814204932,
  "val_flat_rmse": {
    "vel_body_x_mps": 0.009473465927705359,
    "vel_body_y_mps": 0.02167691817349967,
    "roll_rad": 0.0004225562801453691,
    "pitch_rad": 9.944487888927846e-05,
    "roll_rate_radps": 0.03954307578544206,
    "ang_vel_body_y_radps": 0.006461635909350446,
    "yaw_rate_radps": 0.015547507355684533,
    "tire_fl_force_wheel_fz_n": 1277.7178377464672,
    "tire_fr_force_wheel_fz_n": 1279.8701347657247,
    "tire_rl_force_wheel_fz_n": 1373.7695010594084,
    "tire_rr_force_wheel_fz_n": 1156.3565597160084,
    "tire_fl_spindle_omega_radps": 0.9717170200149058,
    "tire_fr_spindle_omega_radps": 0.9589713182138323,
    "tire_rl_spindle_omega_radps": 1.1698090494223088,
    "tire_rr_spindle_omega_radps": 1.1489302824866836
  },
  "val_crm_loss": 0.10890203571558231,
  "val_crm_rmse": {
    "vel_body_x_mps": 0.0031327222339607537,
    "vel_body_y_mps": 0.002295731878576753,
    "roll_rad": 3.5876402162428054e-05,
    "pitch_rad": 2.4894552004246656e-05,
    "roll_rate_radps": 0.003507233499242301,
    "ang_vel_body_y_radps": 0.0024578072840473367,
    "yaw_rate_radps": 0.0024052441908238337,
    "tire_fl_force_wheel_fz_n": 685.1174293841154,
    "tire_fr_force_wheel_fz_n": 684.4762907901256,
    "tire_rl_force_wheel_fz_n": 1106.749175226263,
    "tire_rr_force_wheel_fz_n": 1151.46806476974,
    "tire_fl_spindle_omega_radps": 0.1354617619539567,
    "tire_fr_spindle_omega_radps": 0.13599368821929333,
    "tire_rl_spindle_omega_radps": 0.1620167883540278,
    "tire_rr_spindle_omega_radps": 0.16434689923406945
  },
  "val_mixed_loss": 0.10890203571558231,
  "rollout_flat_5.0s": {
    "xy_rmse_m": 2.630122215225889,
    "yaw_rmse_rad": 0.5626094387405185,
    "errdist": 0.3464255781128259,
    "mean_dist_m": 7.592170963684718,
    "episodes": 12
  },
  "rollout_flat_10.0s": {
    "xy_rmse_m": 14.442993092817245,
    "yaw_rmse_rad": 1.2979235052639906,
    "errdist": 0.4101129581273308,
    "mean_dist_m": 35.2171098391215,
    "episodes": 12
  },
  "rollout_crm_5.0s": {
    "xy_rmse_m": 0.5324599760998974,
    "yaw_rmse_rad": 0.02908230209267166,
    "errdist": 0.07440226815794906,
    "mean_dist_m": 7.1565019357949495,
    "episodes": 12
  },
  "rollout_crm_10.0s": {
    "xy_rmse_m": 1.2779207579094607,
    "yaw_rmse_rad": 0.06262697637127186,
    "errdist": 0.05104169205853911,
    "mean_dist_m": 25.036802393694717,
    "episodes": 12
  },
  "rollout_sel": 0.05104169205853911
}
{
  "epoch": 67,
  "timestamp_utc": "2026-07-10T23:23:28.735761+00:00",
  "train_loss": 0.03341974916215986,
  "val_loss": 0.7423338239267468,
  "val_rmse": {
    "vel_body_x_mps": 0.009521865472033356,
    "vel_body_y_mps": 0.021790030117871846,
    "roll_rad": 0.00042625277288894415,
    "pitch_rad": 9.376787529655649e-05,
    "roll_rate_radps": 0.038491457261973845,
    "ang_vel_body_y_radps": 0.006538869190279407,
    "yaw_rate_radps": 0.015589070760810664,
    "tire_fl_force_wheel_fz_n": 1306.4381060208254,
    "tire_fr_force_wheel_fz_n": 1229.1793403932597,
    "tire_rl_force_wheel_fz_n": 1445.876037654905,
    "tire_rr_force_wheel_fz_n": 1192.8856844464294,
    "tire_fl_spindle_omega_radps": 0.9602617787741156,
    "tire_fr_spindle_omega_radps": 0.9451491200233498,
    "tire_rl_spindle_omega_radps": 1.1543771524100783,
    "tire_rr_spindle_omega_radps": 1.1487867894931372
  },
  "val_flat_loss": 0.7423338239267468,
  "val_flat_rmse": {
    "vel_body_x_mps": 0.009521865472033356,
    "vel_body_y_mps": 0.021790030117871846,
    "roll_rad": 0.00042625277288894415,
    "pitch_rad": 9.376787529655649e-05,
    "roll_rate_radps": 0.038491457261973845,
    "ang_vel_body_y_radps": 0.006538869190279407,
    "yaw_rate_radps": 0.015589070760810664,
    "tire_fl_force_wheel_fz_n": 1306.4381060208254,
    "tire_fr_force_wheel_fz_n": 1229.1793403932597,
    "tire_rl_force_wheel_fz_n": 1445.876037654905,
    "tire_rr_force_wheel_fz_n": 1192.8856844464294,
    "tire_fl_spindle_omega_radps": 0.9602617787741156,
    "tire_fr_spindle_omega_radps": 0.9451491200233498,
    "tire_rl_spindle_omega_radps": 1.1543771524100783,
    "tire_rr_spindle_omega_radps": 1.1487867894931372
  },
  "val_crm_loss": 0.10947041012666886,
  "val_crm_rmse": {
    "vel_body_x_mps": 0.0031496569895609005,
    "vel_body_y_mps": 0.0022847763379721885,
    "roll_rad": 3.5775100511906756e-05,
    "pitch_rad": 2.561116056125678e-05,
    "roll_rate_radps": 0.00349643130089006,
    "ang_vel_body_y_radps": 0.0024563329794646334,
    "yaw_rate_radps": 0.0024176717694566786,
    "tire_fl_force_wheel_fz_n": 687.6362066033433,
    "tire_fr_force_wheel_fz_n": 684.8988618542436,
    "tire_rl_force_wheel_fz_n": 1107.7416007399966,
    "tire_rr_force_wheel_fz_n": 1156.231196037975,
    "tire_fl_spindle_omega_radps": 0.13601197399346007,
    "tire_fr_spindle_omega_radps": 0.13659767163755335,
    "tire_rl_spindle_omega_radps": 0.1624006682245339,
    "tire_rr_spindle_omega_radps": 0.1648770699542928
  },
  "val_mixed_loss": 0.10947041012666886,
  "rollout_flat_5.0s": {
    "xy_rmse_m": 2.511398506185048,
    "yaw_rmse_rad": 0.5101611623094268,
    "errdist": 0.33078792853818817,
    "mean_dist_m": 7.592170963684718,
    "episodes": 12
  },
  "rollout_flat_10.0s": {
    "xy_rmse_m": 14.879664977756066,
    "yaw_rmse_rad": 1.2385678800221023,
    "errdist": 0.42251238235418026,
    "mean_dist_m": 35.2171098391215,
    "episodes": 12
  },
  "rollout_crm_5.0s": {
    "xy_rmse_m": 0.41148201976474114,
    "yaw_rmse_rad": 0.02076178232669516,
    "errdist": 0.05749764667939455,
    "mean_dist_m": 7.1565019357949495,
    "episodes": 12
  },
  "rollout_crm_10.0s": {
    "xy_rmse_m": 1.7296623180822635,
    "yaw_rmse_rad": 0.05607185583230518,
    "errdist": 0.06908479329284728,
    "mean_dist_m": 25.036802393694717,
    "episodes": 12
  },
  "rollout_sel": 0.06908479329284728
}
{
  "epoch": 68,
  "timestamp_utc": "2026-07-10T23:24:31.948841+00:00",
  "train_loss": 0.033210595161654054,
  "val_loss": 0.736490735039115,
  "val_rmse": {
    "vel_body_x_mps": 0.009313193010471033,
    "vel_body_y_mps": 0.02162450150098439,
    "roll_rad": 0.00042071787649500394,
    "pitch_rad": 0.00010052163547869711,
    "roll_rate_radps": 0.038245318007196,
    "ang_vel_body_y_radps": 0.006088280755778781,
    "yaw_rate_radps": 0.015574534032318581,
    "tire_fl_force_wheel_fz_n": 1321.8305738028016,
    "tire_fr_force_wheel_fz_n": 1230.3468611176725,
    "tire_rl_force_wheel_fz_n": 1457.233532231858,
    "tire_rr_force_wheel_fz_n": 1240.1952868171043,
    "tire_fl_spindle_omega_radps": 0.9600353479499529,
    "tire_fr_spindle_omega_radps": 0.9412126683590363,
    "tire_rl_spindle_omega_radps": 1.1482586850265766,
    "tire_rr_spindle_omega_radps": 1.1360019918788784
  },
  "val_flat_loss": 0.736490735039115,
  "val_flat_rmse": {
    "vel_body_x_mps": 0.009313193010471033,
    "vel_body_y_mps": 0.02162450150098439,
    "roll_rad": 0.00042071787649500394,
    "pitch_rad": 0.00010052163547869711,
    "roll_rate_radps": 0.038245318007196,
    "ang_vel_body_y_radps": 0.006088280755778781,
    "yaw_rate_radps": 0.015574534032318581,
    "tire_fl_force_wheel_fz_n": 1321.8305738028016,
    "tire_fr_force_wheel_fz_n": 1230.3468611176725,
    "tire_rl_force_wheel_fz_n": 1457.233532231858,
    "tire_rr_force_wheel_fz_n": 1240.1952868171043,
    "tire_fl_spindle_omega_radps": 0.9600353479499529,
    "tire_fr_spindle_omega_radps": 0.9412126683590363,
    "tire_rl_spindle_omega_radps": 1.1482586850265766,
    "tire_rr_spindle_omega_radps": 1.1360019918788784
  },
  "val_crm_loss": 0.10943946328130551,
  "val_crm_rmse": {
    "vel_body_x_mps": 0.0031432394620845424,
    "vel_body_y_mps": 0.0022996255947694486,
    "roll_rad": 4.0851554011624634e-05,
    "pitch_rad": 2.501631091859651e-05,
    "roll_rate_radps": 0.0034905914872542087,
    "ang_vel_body_y_radps": 0.0024413577713228605,
    "yaw_rate_radps": 0.002418565254650551,
    "tire_fl_force_wheel_fz_n": 684.3071049048389,
    "tire_fr_force_wheel_fz_n": 683.2684234232295,
    "tire_rl_force_wheel_fz_n": 1106.6638785039256,
    "tire_rr_force_wheel_fz_n": 1160.8506895380124,
    "tire_fl_spindle_omega_radps": 0.13506116836557283,
    "tire_fr_spindle_omega_radps": 0.13573274041784475,
    "tire_rl_spindle_omega_radps": 0.16219917619849875,
    "tire_rr_spindle_omega_radps": 0.16503354560962744
  },
  "val_mixed_loss": 0.10943946328130551,
  "rollout_flat_5.0s": {
    "xy_rmse_m": 2.65130030561362,
    "yaw_rmse_rad": 0.5957426769529806,
    "errdist": 0.3492150424819808,
    "mean_dist_m": 7.592170963684718,
    "episodes": 12
  },
  "rollout_flat_10.0s": {
    "xy_rmse_m": 13.628935525011551,
    "yaw_rmse_rad": 1.1623663055628597,
    "errdist": 0.3869975584956045,
    "mean_dist_m": 35.2171098391215,
    "episodes": 12
  },
  "rollout_crm_5.0s": {
    "xy_rmse_m": 0.5717360055576038,
    "yaw_rmse_rad": 0.03554340820515621,
    "errdist": 0.07989042840859582,
    "mean_dist_m": 7.1565019357949495,
    "episodes": 12
  },
  "rollout_crm_10.0s": {
    "xy_rmse_m": 2.623291963043444,
    "yaw_rmse_rad": 0.12429125499313153,
    "errdist": 0.10477743610358548,
    "mean_dist_m": 25.036802393694717,
    "episodes": 12
  },
  "rollout_sel": 0.10477743610358548
}
{
  "epoch": 69,
  "timestamp_utc": "2026-07-10T23:25:35.150515+00:00",
  "train_loss": 0.03293562639784068,
  "val_loss": 0.740833951458335,
  "val_rmse": {
    "vel_body_x_mps": 0.009519035355777285,
    "vel_body_y_mps": 0.021690267669226135,
    "roll_rad": 0.0004223477855342342,
    "pitch_rad": 9.543876486278014e-05,
    "roll_rate_radps": 0.03881507724612171,
    "ang_vel_body_y_radps": 0.006303818609605754,
    "yaw_rate_radps": 0.015652674214889386,
    "tire_fl_force_wheel_fz_n": 1338.8236277131678,
    "tire_fr_force_wheel_fz_n": 1248.8630044491813,
    "tire_rl_force_wheel_fz_n": 1462.1459106943316,
    "tire_rr_force_wheel_fz_n": 1212.8022541035261,
    "tire_fl_spindle_omega_radps": 0.9651604170975477,
    "tire_fr_spindle_omega_radps": 0.9460567952586152,
    "tire_rl_spindle_omega_radps": 1.1464075070581414,
    "tire_rr_spindle_omega_radps": 1.1388954085359373
  },
  "val_flat_loss": 0.740833951458335,
  "val_flat_rmse": {
    "vel_body_x_mps": 0.009519035355777285,
    "vel_body_y_mps": 0.021690267669226135,
    "roll_rad": 0.0004223477855342342,
    "pitch_rad": 9.543876486278014e-05,
    "roll_rate_radps": 0.03881507724612171,
    "ang_vel_body_y_radps": 0.006303818609605754,
    "yaw_rate_radps": 0.015652674214889386,
    "tire_fl_force_wheel_fz_n": 1338.8236277131678,
    "tire_fr_force_wheel_fz_n": 1248.8630044491813,
    "tire_rl_force_wheel_fz_n": 1462.1459106943316,
    "tire_rr_force_wheel_fz_n": 1212.8022541035261,
    "tire_fl_spindle_omega_radps": 0.9651604170975477,
    "tire_fr_spindle_omega_radps": 0.9460567952586152,
    "tire_rl_spindle_omega_radps": 1.1464075070581414,
    "tire_rr_spindle_omega_radps": 1.1388954085359373
  },
  "val_crm_loss": 0.10987657186458819,
  "val_crm_rmse": {
    "vel_body_x_mps": 0.0031357728879523026,
    "vel_body_y_mps": 0.0022926010915287403,
    "roll_rad": 3.5909455314740254e-05,
    "pitch_rad": 2.5494267296743116e-05,
    "roll_rate_radps": 0.003502919433541789,
    "ang_vel_body_y_radps": 0.0024459549418748604,
    "yaw_rate_radps": 0.002418167786161568,
    "tire_fl_force_wheel_fz_n": 689.4924250980413,
    "tire_fr_force_wheel_fz_n": 684.9840079804527,
    "tire_rl_force_wheel_fz_n": 1112.9806117077483,
    "tire_rr_force_wheel_fz_n": 1160.3551226330358,
    "tire_fl_spindle_omega_radps": 0.13608363564407322,
    "tire_fr_spindle_omega_radps": 0.13624129045593422,
    "tire_rl_spindle_omega_radps": 0.1622923307455792,
    "tire_rr_spindle_omega_radps": 0.1645528461408885
  },
  "val_mixed_loss": 0.10987657186458819,
  "rollout_flat_5.0s": {
    "xy_rmse_m": 2.2805208661931986,
    "yaw_rmse_rad": 1.123104644050311,
    "errdist": 0.3003779652883884,
    "mean_dist_m": 7.592170963684718,
    "episodes": 12
  },
  "rollout_flat_10.0s": {
    "xy_rmse_m": 14.817898341772016,
    "yaw_rmse_rad": 1.5440695487765257,
    "errdist": 0.420758500895247,
    "mean_dist_m": 35.2171098391215,
    "episodes": 12
  },
  "rollout_crm_5.0s": {
    "xy_rmse_m": 0.6692540609333671,
    "yaw_rmse_rad": 0.033036617890319024,
    "errdist": 0.09351692585813937,
    "mean_dist_m": 7.1565019357949495,
    "episodes": 12
  },
  "rollout_crm_10.0s": {
    "xy_rmse_m": 2.5251057498137945,
    "yaw_rmse_rad": 0.11495845757869814,
    "errdist": 0.10085576065614987,
    "mean_dist_m": 25.036802393694717,
    "episodes": 12
  },
  "rollout_sel": 0.10085576065614987
}
{
  "epoch": 70,
  "timestamp_utc": "2026-07-10T23:26:38.563027+00:00",
  "train_loss": 0.03267559286765754,
  "val_loss": 0.7447766670957208,
  "val_rmse": {
    "vel_body_x_mps": 0.009709055608296888,
    "vel_body_y_mps": 0.021689623661430527,
    "roll_rad": 0.00041769475871054017,
    "pitch_rad": 0.00010217979581447505,
    "roll_rate_radps": 0.0387692566726267,
    "ang_vel_body_y_radps": 0.006436495465599418,
    "yaw_rate_radps": 0.015635033240599044,
    "tire_fl_force_wheel_fz_n": 1330.4898848658972,
    "tire_fr_force_wheel_fz_n": 1253.1870517796006,
    "tire_rl_force_wheel_fz_n": 1493.779049415167,
    "tire_rr_force_wheel_fz_n": 1206.3425157688685,
    "tire_fl_spindle_omega_radps": 0.9589554959302514,
    "tire_fr_spindle_omega_radps": 0.9418428554116849,
    "tire_rl_spindle_omega_radps": 1.1503288219937338,
    "tire_rr_spindle_omega_radps": 1.1414572501664693
  },
  "val_flat_loss": 0.7447766670957208,
  "val_flat_rmse": {
    "vel_body_x_mps": 0.009709055608296888,
    "vel_body_y_mps": 0.021689623661430527,
    "roll_rad": 0.00041769475871054017,
    "pitch_rad": 0.00010217979581447505,
    "roll_rate_radps": 0.0387692566726267,
    "ang_vel_body_y_radps": 0.006436495465599418,
    "yaw_rate_radps": 0.015635033240599044,
    "tire_fl_force_wheel_fz_n": 1330.4898848658972,
    "tire_fr_force_wheel_fz_n": 1253.1870517796006,
    "tire_rl_force_wheel_fz_n": 1493.779049415167,
    "tire_rr_force_wheel_fz_n": 1206.3425157688685,
    "tire_fl_spindle_omega_radps": 0.9589554959302514,
    "tire_fr_spindle_omega_radps": 0.9418428554116849,
    "tire_rl_spindle_omega_radps": 1.1503288219937338,
    "tire_rr_spindle_omega_radps": 1.1414572501664693
  },
  "val_crm_loss": 0.1102843528491212,
  "val_crm_rmse": {
    "vel_body_x_mps": 0.00314565922256026,
    "vel_body_y_mps": 0.002286843774167198,
    "roll_rad": 3.494141219820697e-05,
    "pitch_rad": 2.429724435981117e-05,
    "roll_rate_radps": 0.003479272781002817,
    "ang_vel_body_y_radps": 0.002438050086845322,
    "yaw_rate_radps": 0.002421445141666338,
    "tire_fl_force_wheel_fz_n": 693.9854758835409,
    "tire_fr_force_wheel_fz_n": 693.5768336975676,
    "tire_rl_force_wheel_fz_n": 1113.7307844161667,
    "tire_rr_force_wheel_fz_n": 1164.0284336386087,
    "tire_fl_spindle_omega_radps": 0.13585928626145674,
    "tire_fr_spindle_omega_radps": 0.13652570522445492,
    "tire_rl_spindle_omega_radps": 0.1621448468663109,
    "tire_rr_spindle_omega_radps": 0.16458314537375066
  },
  "val_mixed_loss": 0.1102843528491212,
  "rollout_flat_5.0s": {
    "xy_rmse_m": 2.4068047281891793,
    "yaw_rmse_rad": 0.7779297083149852,
    "errdist": 0.3170113976228325,
    "mean_dist_m": 7.592170963684718,
    "episodes": 12
  },
  "rollout_flat_10.0s": {
    "xy_rmse_m": 14.78886325308201,
    "yaw_rmse_rad": 1.3172773202218158,
    "errdist": 0.41993404117033933,
    "mean_dist_m": 35.2171098391215,
    "episodes": 12
  },
  "rollout_crm_5.0s": {
    "xy_rmse_m": 0.49257685391662664,
    "yaw_rmse_rad": 0.026010203722643684,
    "errdist": 0.06882927697579262,
    "mean_dist_m": 7.1565019357949495,
    "episodes": 12
  },
  "rollout_crm_10.0s": {
    "xy_rmse_m": 2.126436311937845,
    "yaw_rmse_rad": 0.0896293139786132,
    "errdist": 0.08493242381756258,
    "mean_dist_m": 25.036802393694717,
    "episodes": 12
  },
  "rollout_sel": 0.08493242381756258
}
{
  "epoch": 71,
  "timestamp_utc": "2026-07-10T23:27:41.831897+00:00",
  "train_loss": 0.03249510437157005,
  "val_loss": 0.7360298461094499,
  "val_rmse": {
    "vel_body_x_mps": 0.009519649367094854,
    "vel_body_y_mps": 0.021435241058933442,
    "roll_rad": 0.00041712221841594133,
    "pitch_rad": 0.000102910144687978,
    "roll_rate_radps": 0.037297987767044884,
    "ang_vel_body_y_radps": 0.006226154891489902,
    "yaw_rate_radps": 0.015456196365303801,
    "tire_fl_force_wheel_fz_n": 1333.2262218223461,
    "tire_fr_force_wheel_fz_n": 1229.0868030478032,
    "tire_rl_force_wheel_fz_n": 1510.1002910949455,
    "tire_rr_force_wheel_fz_n": 1170.953173644516,
    "tire_fl_spindle_omega_radps": 0.9590475012953631,
    "tire_fr_spindle_omega_radps": 0.9472905385130689,
    "tire_rl_spindle_omega_radps": 1.1583056709512622,
    "tire_rr_spindle_omega_radps": 1.145707024376779
  },
  "val_flat_loss": 0.7360298461094499,
  "val_flat_rmse": {
    "vel_body_x_mps": 0.009519649367094854,
    "vel_body_y_mps": 0.021435241058933442,
    "roll_rad": 0.00041712221841594133,
    "pitch_rad": 0.000102910144687978,
    "roll_rate_radps": 0.037297987767044884,
    "ang_vel_body_y_radps": 0.006226154891489902,
    "yaw_rate_radps": 0.015456196365303801,
    "tire_fl_force_wheel_fz_n": 1333.2262218223461,
    "tire_fr_force_wheel_fz_n": 1229.0868030478032,
    "tire_rl_force_wheel_fz_n": 1510.1002910949455,
    "tire_rr_force_wheel_fz_n": 1170.953173644516,
    "tire_fl_spindle_omega_radps": 0.9590475012953631,
    "tire_fr_spindle_omega_radps": 0.9472905385130689,
    "tire_rl_spindle_omega_radps": 1.1583056709512622,
    "tire_rr_spindle_omega_radps": 1.145707024376779
  },
  "val_crm_loss": 0.1101918603150989,
  "val_crm_rmse": {
    "vel_body_x_mps": 0.003156385945247282,
    "vel_body_y_mps": 0.0022947949718860857,
    "roll_rad": 3.5911647172439996e-05,
    "pitch_rad": 2.465832262553004e-05,
    "roll_rate_radps": 0.0034907129357170524,
    "ang_vel_body_y_radps": 0.002465078734956892,
    "yaw_rate_radps": 0.0024163539138996903,
    "tire_fl_force_wheel_fz_n": 691.3854372962113,
    "tire_fr_force_wheel_fz_n": 693.0757724545891,
    "tire_rl_force_wheel_fz_n": 1111.4889873060317,
    "tire_rr_force_wheel_fz_n": 1163.4645520753315,
    "tire_fl_spindle_omega_radps": 0.13575420185927323,
    "tire_fr_spindle_omega_radps": 0.13696365338967756,
    "tire_rl_spindle_omega_radps": 0.16247219299600132,
    "tire_rr_spindle_omega_radps": 0.16492462569347505
  },
  "val_mixed_loss": 0.1101918603150989,
  "rollout_flat_5.0s": {
    "xy_rmse_m": 2.400218891122455,
    "yaw_rmse_rad": 0.7641892564264123,
    "errdist": 0.316143946521135,
    "mean_dist_m": 7.592170963684718,
    "episodes": 12
  },
  "rollout_flat_10.0s": {
    "xy_rmse_m": 15.243884881676562,
    "yaw_rmse_rad": 1.443698900978139,
    "errdist": 0.4328545116653112,
    "mean_dist_m": 35.2171098391215,
    "episodes": 12
  },
  "rollout_crm_5.0s": {
    "xy_rmse_m": 0.44030555540031663,
    "yaw_rmse_rad": 0.030193975929175193,
    "errdist": 0.061525247858597434,
    "mean_dist_m": 7.1565019357949495,
    "episodes": 12
  },
  "rollout_crm_10.0s": {
    "xy_rmse_m": 1.9755852930555362,
    "yaw_rmse_rad": 0.10569890620331342,
    "errdist": 0.07890725269106524,
    "mean_dist_m": 25.036802393694717,
    "episodes": 12
  },
  "rollout_sel": 0.07890725269106524
}
{
  "epoch": 72,
  "timestamp_utc": "2026-07-10T23:28:45.080477+00:00",
  "train_loss": 0.03231074358988553,
  "val_loss": 0.7413345849514008,
  "val_rmse": {
    "vel_body_x_mps": 0.00963434571675013,
    "vel_body_y_mps": 0.02154437619886427,
    "roll_rad": 0.0004117394570305922,
    "pitch_rad": 0.00010484308845076592,
    "roll_rate_radps": 0.03737835368913273,
    "ang_vel_body_y_radps": 0.0063557308222775355,
    "yaw_rate_radps": 0.015543277570042141,
    "tire_fl_force_wheel_fz_n": 1349.2619124212122,
    "tire_fr_force_wheel_fz_n": 1262.102898200845,
    "tire_rl_force_wheel_fz_n": 1506.2041585817979,
    "tire_rr_force_wheel_fz_n": 1208.9421948033646,
    "tire_fl_spindle_omega_radps": 0.9566719831784396,
    "tire_fr_spindle_omega_radps": 0.9404610186980981,
    "tire_rl_spindle_omega_radps": 1.145790270520357,
    "tire_rr_spindle_omega_radps": 1.1391951055455094
  },
  "val_flat_loss": 0.7413345849514008,
  "val_flat_rmse": {
    "vel_body_x_mps": 0.00963434571675013,
    "vel_body_y_mps": 0.02154437619886427,
    "roll_rad": 0.0004117394570305922,
    "pitch_rad": 0.00010484308845076592,
    "roll_rate_radps": 0.03737835368913273,
    "ang_vel_body_y_radps": 0.0063557308222775355,
    "yaw_rate_radps": 0.015543277570042141,
    "tire_fl_force_wheel_fz_n": 1349.2619124212122,
    "tire_fr_force_wheel_fz_n": 1262.102898200845,
    "tire_rl_force_wheel_fz_n": 1506.2041585817979,
    "tire_rr_force_wheel_fz_n": 1208.9421948033646,
    "tire_fl_spindle_omega_radps": 0.9566719831784396,
    "tire_fr_spindle_omega_radps": 0.9404610186980981,
    "tire_rl_spindle_omega_radps": 1.145790270520357,
    "tire_rr_spindle_omega_radps": 1.1391951055455094
  },
  "val_crm_loss": 0.11037480667670024,
  "val_crm_rmse": {
    "vel_body_x_mps": 0.003159905662597454,
    "vel_body_y_mps": 0.002292296903492739,
    "roll_rad": 3.594748861188112e-05,
    "pitch_rad": 2.476225492849637e-05,
    "roll_rate_radps": 0.0034766557298604854,
    "ang_vel_body_y_radps": 0.002449299993444941,
    "yaw_rate_radps": 0.002415334346184672,
    "tire_fl_force_wheel_fz_n": 692.1799974921427,
    "tire_fr_force_wheel_fz_n": 689.2635763767926,
    "tire_rl_force_wheel_fz_n": 1115.4964463092276,
    "tire_rr_force_wheel_fz_n": 1165.9351101466552,
    "tire_fl_spindle_omega_radps": 0.13538138143268247,
    "tire_fr_spindle_omega_radps": 0.13636158808827906,
    "tire_rl_spindle_omega_radps": 0.16230562971973203,
    "tire_rr_spindle_omega_radps": 0.16492372903716013
  },
  "val_mixed_loss": 0.11037480667670024,
  "rollout_flat_5.0s": {
    "xy_rmse_m": 2.3081547541576635,
    "yaw_rmse_rad": 0.822865429470209,
    "errdist": 0.30401775265574943,
    "mean_dist_m": 7.592170963684718,
    "episodes": 12
  },
  "rollout_flat_10.0s": {
    "xy_rmse_m": 13.735184833443421,
    "yaw_rmse_rad": 1.2352370706167355,
    "errdist": 0.3900145382795004,
    "mean_dist_m": 35.2171098391215,
    "episodes": 12
  },
  "rollout_crm_5.0s": {
    "xy_rmse_m": 0.2750554500653813,
    "yaw_rmse_rad": 0.03788991630848396,
    "errdist": 0.03843434299788643,
    "mean_dist_m": 7.1565019357949495,
    "episodes": 12
  },
  "rollout_crm_10.0s": {
    "xy_rmse_m": 1.9314113919865752,
    "yaw_rmse_rad": 0.08049296611915434,
    "errdist": 0.07714289395330223,
    "mean_dist_m": 25.036802393694717,
    "episodes": 12
  },
  "rollout_sel": 0.07714289395330223
}
{
  "epoch": 73,
  "timestamp_utc": "2026-07-10T23:29:48.120425+00:00",
  "train_loss": 0.03211692269518972,
  "val_loss": 0.7292413720488549,
  "val_rmse": {
    "vel_body_x_mps": 0.009393925950845677,
    "vel_body_y_mps": 0.021407540052732654,
    "roll_rad": 0.0004148011293209165,
    "pitch_rad": 0.00010260124687684869,
    "roll_rate_radps": 0.036618417416909875,
    "ang_vel_body_y_radps": 0.006327058794465129,
    "yaw_rate_radps": 0.01538474711769154,
    "tire_fl_force_wheel_fz_n": 1349.1003915514868,
    "tire_fr_force_wheel_fz_n": 1221.3003291310238,
    "tire_rl_force_wheel_fz_n": 1500.1863477445008,
    "tire_rr_force_wheel_fz_n": 1170.942923982884,
    "tire_fl_spindle_omega_radps": 0.9560780013405795,
    "tire_fr_spindle_omega_radps": 0.9406817205098233,
    "tire_rl_spindle_omega_radps": 1.1451815870286302,
    "tire_rr_spindle_omega_radps": 1.1340037117727602
  },
  "val_flat_loss": 0.7292413720488549,
  "val_flat_rmse": {
    "vel_body_x_mps": 0.009393925950845677,
    "vel_body_y_mps": 0.021407540052732654,
    "roll_rad": 0.0004148011293209165,
    "pitch_rad": 0.00010260124687684869,
    "roll_rate_radps": 0.036618417416909875,
    "ang_vel_body_y_radps": 0.006327058794465129,
    "yaw_rate_radps": 0.01538474711769154,
    "tire_fl_force_wheel_fz_n": 1349.1003915514868,
    "tire_fr_force_wheel_fz_n": 1221.3003291310238,
    "tire_rl_force_wheel_fz_n": 1500.1863477445008,
    "tire_rr_force_wheel_fz_n": 1170.942923982884,
    "tire_fl_spindle_omega_radps": 0.9560780013405795,
    "tire_fr_spindle_omega_radps": 0.9406817205098233,
    "tire_rl_spindle_omega_radps": 1.1451815870286302,
    "tire_rr_spindle_omega_radps": 1.1340037117727602
  },
  "val_crm_loss": 0.1107104560919106,
  "val_crm_rmse": {
    "vel_body_x_mps": 0.003150729936794732,
    "vel_body_y_mps": 0.0023018214075582804,
    "roll_rad": 3.560501137244661e-05,
    "pitch_rad": 2.4710795991459868e-05,
    "roll_rate_radps": 0.00349576689443255,
    "ang_vel_body_y_radps": 0.002443942053204992,
    "yaw_rate_radps": 0.0024265115741371563,
    "tire_fl_force_wheel_fz_n": 693.0379808956123,
    "tire_fr_force_wheel_fz_n": 692.631210064575,
    "tire_rl_force_wheel_fz_n": 1117.1722188159445,
    "tire_rr_force_wheel_fz_n": 1168.9418977474663,
    "tire_fl_spindle_omega_radps": 0.13596180818233686,
    "tire_fr_spindle_omega_radps": 0.13645925229975572,
    "tire_rl_spindle_omega_radps": 0.16272129473660316,
    "tire_rr_spindle_omega_radps": 0.1648617894560179
  },
  "val_mixed_loss": 0.1107104560919106,
  "rollout_flat_5.0s": {
    "xy_rmse_m": 2.7203465196124514,
    "yaw_rmse_rad": 0.45460686876517714,
    "errdist": 0.35830943910833407,
    "mean_dist_m": 7.592170963684718,
    "episodes": 12
  },
  "rollout_flat_10.0s": {
    "xy_rmse_m": 12.979857116132223,
    "yaw_rmse_rad": 1.0661203328362676,
    "errdist": 0.36856678970610296,
    "mean_dist_m": 35.2171098391215,
    "episodes": 12
  },
  "rollout_crm_5.0s": {
    "xy_rmse_m": 0.5236120166701872,
    "yaw_rmse_rad": 0.027999846264564008,
    "errdist": 0.07316591560622893,
    "mean_dist_m": 7.1565019357949495,
    "episodes": 12
  },
  "rollout_crm_10.0s": {
    "xy_rmse_m": 1.5071217793876384,
    "yaw_rmse_rad": 0.046268408918583546,
    "errdist": 0.06019625652224634,
    "mean_dist_m": 25.036802393694717,
    "episodes": 12
  },
  "rollout_sel": 0.06019625652224634
}
{
  "epoch": 74,
  "timestamp_utc": "2026-07-10T23:30:51.017750+00:00",
  "train_loss": 0.03187589421868324,
  "val_loss": 0.7226427176222205,
  "val_rmse": {
    "vel_body_x_mps": 0.009368314734202677,
    "vel_body_y_mps": 0.021427539115403117,
    "roll_rad": 0.00041261291038843215,
    "pitch_rad": 0.00010426652000218608,
    "roll_rate_radps": 0.0358186749024765,
    "ang_vel_body_y_radps": 0.006226308770999537,
    "yaw_rate_radps": 0.0152846883578325,
    "tire_fl_force_wheel_fz_n": 1303.8512644787413,
    "tire_fr_force_wheel_fz_n": 1176.605446209478,
    "tire_rl_force_wheel_fz_n": 1508.1390572979208,
    "tire_rr_force_wheel_fz_n": 1214.1418493615538,
    "tire_fl_spindle_omega_radps": 0.9543534703803488,
    "tire_fr_spindle_omega_radps": 0.941029014133136,
    "tire_rl_spindle_omega_radps": 1.1459614838317844,
    "tire_rr_spindle_omega_radps": 1.1302083408892063
  },
  "val_flat_loss": 0.7226427176222205,
  "val_flat_rmse": {
    "vel_body_x_mps": 0.009368314734202677,
    "vel_body_y_mps": 0.021427539115403117,
    "roll_rad": 0.00041261291038843215,
    "pitch_rad": 0.00010426652000218608,
    "roll_rate_radps": 0.0358186749024765,
    "ang_vel_body_y_radps": 0.006226308770999537,
    "yaw_rate_radps": 0.0152846883578325,
    "tire_fl_force_wheel_fz_n": 1303.8512644787413,
    "tire_fr_force_wheel_fz_n": 1176.605446209478,
    "tire_rl_force_wheel_fz_n": 1508.1390572979208,
    "tire_rr_force_wheel_fz_n": 1214.1418493615538,
    "tire_fl_spindle_omega_radps": 0.9543534703803488,
    "tire_fr_spindle_omega_radps": 0.941029014133136,
    "tire_rl_spindle_omega_radps": 1.1459614838317844,
    "tire_rr_spindle_omega_radps": 1.1302083408892063
  },
  "val_crm_loss": 0.11052875872148434,
  "val_crm_rmse": {
    "vel_body_x_mps": 0.003159223417469524,
    "vel_body_y_mps": 0.002294648257038424,
    "roll_rad": 3.592131236699904e-05,
    "pitch_rad": 2.529801785330005e-05,
    "roll_rate_radps": 0.003475816916297258,
    "ang_vel_body_y_radps": 0.002449221043587046,
    "yaw_rate_radps": 0.002416471275825839,
    "tire_fl_force_wheel_fz_n": 691.8182374542582,
    "tire_fr_force_wheel_fz_n": 690.2142051744938,
    "tire_rl_force_wheel_fz_n": 1118.9067555889708,
    "tire_rr_force_wheel_fz_n": 1166.7397263205746,
    "tire_fl_spindle_omega_radps": 0.13563695483922747,
    "tire_fr_spindle_omega_radps": 0.1364947864284442,
    "tire_rl_spindle_omega_radps": 0.1622889235455155,
    "tire_rr_spindle_omega_radps": 0.1646512563424423
  },
  "val_mixed_loss": 0.11052875872148434,
  "rollout_flat_5.0s": {
    "xy_rmse_m": 2.5213822557103094,
    "yaw_rmse_rad": 0.7045199619251012,
    "errdist": 0.33210293442688804,
    "mean_dist_m": 7.592170963684718,
    "episodes": 12
  },
  "rollout_flat_10.0s": {
    "xy_rmse_m": 13.46392868862658,
    "yaw_rmse_rad": 1.164241314085138,
    "errdist": 0.382312141743953,
    "mean_dist_m": 35.2171098391215,
    "episodes": 12
  },
  "rollout_crm_5.0s": {
    "xy_rmse_m": 0.46189013455053474,
    "yaw_rmse_rad": 0.030192823540512927,
    "errdist": 0.06454132741029261,
    "mean_dist_m": 7.1565019357949495,
    "episodes": 12
  },
  "rollout_crm_10.0s": {
    "xy_rmse_m": 1.3877536108883635,
    "yaw_rmse_rad": 0.058537684924723304,
    "errdist": 0.05542854830526825,
    "mean_dist_m": 25.036802393694717,
    "episodes": 12
  },
  "rollout_sel": 0.05542854830526825
}
{
  "epoch": 75,
  "timestamp_utc": "2026-07-10T23:31:54.049710+00:00",
  "train_loss": 0.031792462395504116,
  "val_loss": 0.7279301499947906,
  "val_rmse": {
    "vel_body_x_mps": 0.009507134034696111,
    "vel_body_y_mps": 0.02134753513262329,
    "roll_rad": 0.0004201183607236011,
    "pitch_rad": 0.00010644795236296137,
    "roll_rate_radps": 0.0361104015981377,
    "ang_vel_body_y_radps": 0.006197617106236987,
    "yaw_rate_radps": 0.015430806174936468,
    "tire_fl_force_wheel_fz_n": 1351.0316393021697,
    "tire_fr_force_wheel_fz_n": 1225.5094425480424,
    "tire_rl_force_wheel_fz_n": 1506.1160793146448,
    "tire_rr_force_wheel_fz_n": 1182.5820019899948,
    "tire_fl_spindle_omega_radps": 0.956873542814532,
    "tire_fr_spindle_omega_radps": 0.937701826900043,
    "tire_rl_spindle_omega_radps": 1.143970612664953,
    "tire_rr_spindle_omega_radps": 1.1303924285325373
  },
  "val_flat_loss": 0.7279301499947906,
  "val_flat_rmse": {
    "vel_body_x_mps": 0.009507134034696111,
    "vel_body_y_mps": 0.02134753513262329,
    "roll_rad": 0.0004201183607236011,
    "pitch_rad": 0.00010644795236296137,
    "roll_rate_radps": 0.0361104015981377,
    "ang_vel_body_y_radps": 0.006197617106236987,
    "yaw_rate_radps": 0.015430806174936468,
    "tire_fl_force_wheel_fz_n": 1351.0316393021697,
    "tire_fr_force_wheel_fz_n": 1225.5094425480424,
    "tire_rl_force_wheel_fz_n": 1506.1160793146448,
    "tire_rr_force_wheel_fz_n": 1182.5820019899948,
    "tire_fl_spindle_omega_radps": 0.956873542814532,
    "tire_fr_spindle_omega_radps": 0.937701826900043,
    "tire_rl_spindle_omega_radps": 1.143970612664953,
    "tire_rr_spindle_omega_radps": 1.1303924285325373
  },
  "val_crm_loss": 0.11130931512394454,
  "val_crm_rmse": {
    "vel_body_x_mps": 0.003172694706023538,
    "vel_body_y_mps": 0.002289887144463675,
    "roll_rad": 3.5479367771599094e-05,
    "pitch_rad": 2.782688028869209e-05,
    "roll_rate_radps": 0.0034774426091119634,
    "ang_vel_body_y_radps": 0.0024660453327689427,
    "yaw_rate_radps": 0.002422001474476389,
    "tire_fl_force_wheel_fz_n": 696.7989739656832,
    "tire_fr_force_wheel_fz_n": 694.5409605040376,
    "tire_rl_force_wheel_fz_n": 1123.2329138250673,
    "tire_rr_force_wheel_fz_n": 1170.4770634087117,
    "tire_fl_spindle_omega_radps": 0.13617107611286025,
    "tire_fr_spindle_omega_radps": 0.13698769963064253,
    "tire_rl_spindle_omega_radps": 0.16256973820492848,
    "tire_rr_spindle_omega_radps": 0.1655567297590002
  },
  "val_mixed_loss": 0.11130931512394454,
  "rollout_flat_5.0s": {
    "xy_rmse_m": 2.392780607928574,
    "yaw_rmse_rad": 1.2280083844419487,
    "errdist": 0.3151642157920114,
    "mean_dist_m": 7.592170963684718,
    "episodes": 12
  },
  "rollout_flat_10.0s": {
    "xy_rmse_m": 15.736641768974696,
    "yaw_rmse_rad": 1.6002723283275229,
    "errdist": 0.44684648572420305,
    "mean_dist_m": 35.2171098391215,
    "episodes": 12
  },
  "rollout_crm_5.0s": {
    "xy_rmse_m": 0.5845325380698781,
    "yaw_rmse_rad": 0.018522443763208867,
    "errdist": 0.08167852720701428,
    "mean_dist_m": 7.1565019357949495,
    "episodes": 12
  },
  "rollout_crm_10.0s": {
    "xy_rmse_m": 1.28406871030099,
    "yaw_rmse_rad": 0.08992513619217198,
    "errdist": 0.051287248671354715,
    "mean_dist_m": 25.036802393694717,
    "episodes": 12
  },
  "rollout_sel": 0.051287248671354715
}
{
  "epoch": 76,
  "timestamp_utc": "2026-07-10T23:32:56.918722+00:00",
  "train_loss": 0.03154846496414393,
  "val_loss": 0.7243982835114002,
  "val_rmse": {
    "vel_body_x_mps": 0.009294327246896831,
    "vel_body_y_mps": 0.02148283703795886,
    "roll_rad": 0.00041266107934897334,
    "pitch_rad": 9.933404360808868e-05,
    "roll_rate_radps": 0.036384859126650966,
    "ang_vel_body_y_radps": 0.00612092288862669,
    "yaw_rate_radps": 0.015491523298392932,
    "tire_fl_force_wheel_fz_n": 1305.066372329976,
    "tire_fr_force_wheel_fz_n": 1198.2017839734622,
    "tire_rl_force_wheel_fz_n": 1498.3791399626448,
    "tire_rr_force_wheel_fz_n": 1191.362594771919,
    "tire_fl_spindle_omega_radps": 0.9589396001516323,
    "tire_fr_spindle_omega_radps": 0.9373931886852025,
    "tire_rl_spindle_omega_radps": 1.1430379220254168,
    "tire_rr_spindle_omega_radps": 1.1374360298046244
  },
  "val_flat_loss": 0.7243982835114002,
  "val_flat_rmse": {
    "vel_body_x_mps": 0.009294327246896831,
    "vel_body_y_mps": 0.02148283703795886,
    "roll_rad": 0.00041266107934897334,
    "pitch_rad": 9.933404360808868e-05,
    "roll_rate_radps": 0.036384859126650966,
    "ang_vel_body_y_radps": 0.00612092288862669,
    "yaw_rate_radps": 0.015491523298392932,
    "tire_fl_force_wheel_fz_n": 1305.066372329976,
    "tire_fr_force_wheel_fz_n": 1198.2017839734622,
    "tire_rl_force_wheel_fz_n": 1498.3791399626448,
    "tire_rr_force_wheel_fz_n": 1191.362594771919,
    "tire_fl_spindle_omega_radps": 0.9589396001516323,
    "tire_fr_spindle_omega_radps": 0.9373931886852025,
    "tire_rl_spindle_omega_radps": 1.1430379220254168,
    "tire_rr_spindle_omega_radps": 1.1374360298046244
  },
  "val_crm_loss": 0.11115549562644446,
  "val_crm_rmse": {
    "vel_body_x_mps": 0.0031581018063890484,
    "vel_body_y_mps": 0.0022867800636373185,
    "roll_rad": 3.7322041680240374e-05,
    "pitch_rad": 2.410514369139587e-05,
    "roll_rate_radps": 0.0034853232484240455,
    "ang_vel_body_y_radps": 0.0024460282879510313,
    "yaw_rate_radps": 0.0024227234585188434,
    "tire_fl_force_wheel_fz_n": 696.5463014901658,
    "tire_fr_force_wheel_fz_n": 694.9040497380089,
    "tire_rl_force_wheel_fz_n": 1119.5457197375924,
    "tire_rr_force_wheel_fz_n": 1173.9549493051454,
    "tire_fl_spindle_omega_radps": 0.135680558677508,
    "tire_fr_spindle_omega_radps": 0.13619438925021088,
    "tire_rl_spindle_omega_radps": 0.16260776300405227,
    "tire_rr_spindle_omega_radps": 0.1654755109789842
  },
  "val_mixed_loss": 0.11115549562644446,
  "rollout_flat_5.0s": {
    "xy_rmse_m": 2.357486797038243,
    "yaw_rmse_rad": 0.48113737150774627,
    "errdist": 0.31051550449992515,
    "mean_dist_m": 7.592170963684718,
    "episodes": 12
  },
  "rollout_flat_10.0s": {
    "xy_rmse_m": 13.818093100717775,
    "yaw_rmse_rad": 1.1401596163664753,
    "errdist": 0.39236874246187353,
    "mean_dist_m": 35.2171098391215,
    "episodes": 12
  },
  "rollout_crm_5.0s": {
    "xy_rmse_m": 0.45768817250926314,
    "yaw_rmse_rad": 0.04722253174851769,
    "errdist": 0.06395417434599251,
    "mean_dist_m": 7.1565019357949495,
    "episodes": 12
  },
  "rollout_crm_10.0s": {
    "xy_rmse_m": 2.270072401613049,
    "yaw_rmse_rad": 0.10586461552766425,
    "errdist": 0.0906694219939502,
    "mean_dist_m": 25.036802393694717,
    "episodes": 12
  },
  "rollout_sel": 0.0906694219939502
}
{
  "epoch": 77,
  "timestamp_utc": "2026-07-10T23:33:59.990489+00:00",
  "train_loss": 0.03152782262675464,
  "val_loss": 0.7132793043553829,
  "val_rmse": {
    "vel_body_x_mps": 0.009058089843715941,
    "vel_body_y_mps": 0.021092955998874757,
    "roll_rad": 0.0004146510623930905,
    "pitch_rad": 0.00010589606909459229,
    "roll_rate_radps": 0.03517104931774183,
    "ang_vel_body_y_radps": 0.00607636201673559,
    "yaw_rate_radps": 0.015420902342954705,
    "tire_fl_force_wheel_fz_n": 1323.4621054899792,
    "tire_fr_force_wheel_fz_n": 1208.7698274210825,
    "tire_rl_force_wheel_fz_n": 1532.3823637160308,
    "tire_rr_force_wheel_fz_n": 1175.118009632437,
    "tire_fl_spindle_omega_radps": 0.947566113113627,
    "tire_fr_spindle_omega_radps": 0.9298478243340494,
    "tire_rl_spindle_omega_radps": 1.1351924606840178,
    "tire_rr_spindle_omega_radps": 1.1251864939329
  },
  "val_flat_loss": 0.7132793043553829,
  "val_flat_rmse": {
    "vel_body_x_mps": 0.009058089843715941,
    "vel_body_y_mps": 0.021092955998874757,
    "roll_rad": 0.0004146510623930905,
    "pitch_rad": 0.00010589606909459229,
    "roll_rate_radps": 0.03517104931774183,
    "ang_vel_body_y_radps": 0.00607636201673559,
    "yaw_rate_radps": 0.015420902342954705,
    "tire_fl_force_wheel_fz_n": 1323.4621054899792,
    "tire_fr_force_wheel_fz_n": 1208.7698274210825,
    "tire_rl_force_wheel_fz_n": 1532.3823637160308,
    "tire_rr_force_wheel_fz_n": 1175.118009632437,
    "tire_fl_spindle_omega_radps": 0.947566113113627,
    "tire_fr_spindle_omega_radps": 0.9298478243340494,
    "tire_rl_spindle_omega_radps": 1.1351924606840178,
    "tire_rr_spindle_omega_radps": 1.1251864939329
  },
  "val_crm_loss": 0.1112707031093305,
  "val_crm_rmse": {
    "vel_body_x_mps": 0.003171825311980998,
    "vel_body_y_mps": 0.0022884023110287138,
    "roll_rad": 3.502347494090079e-05,
    "pitch_rad": 2.4460226046498004e-05,
    "roll_rate_radps": 0.0034743339618396956,
    "ang_vel_body_y_radps": 0.0024714449392962746,
    "yaw_rate_radps": 0.002426549257847102,
    "tire_fl_force_wheel_fz_n": 692.6046424315776,
    "tire_fr_force_wheel_fz_n": 696.7735264510886,
    "tire_rl_force_wheel_fz_n": 1121.0463594632997,
    "tire_rr_force_wheel_fz_n": 1174.7312920307595,
    "tire_fl_spindle_omega_radps": 0.13618878094989761,
    "tire_fr_spindle_omega_radps": 0.13715875667337546,
    "tire_rl_spindle_omega_radps": 0.16350033402258826,
    "tire_rr_spindle_omega_radps": 0.16551535194694797
  },
  "val_mixed_loss": 0.1112707031093305,
  "rollout_flat_5.0s": {
    "xy_rmse_m": 2.4073393160501726,
    "yaw_rmse_rad": 0.5149646234321337,
    "errdist": 0.3170818106658936,
    "mean_dist_m": 7.592170963684718,
    "episodes": 12
  },
  "rollout_flat_10.0s": {
    "xy_rmse_m": 13.671446898059413,
    "yaw_rmse_rad": 1.1586761397298981,
    "errdist": 0.38820468120505064,
    "mean_dist_m": 35.2171098391215,
    "episodes": 12
  },
  "rollout_crm_5.0s": {
    "xy_rmse_m": 0.5120551085653928,
    "yaw_rmse_rad": 0.028428242113857364,
    "errdist": 0.07155103333434834,
    "mean_dist_m": 7.1565019357949495,
    "episodes": 12
  },
  "rollout_crm_10.0s": {
    "xy_rmse_m": 1.6816703594206286,
    "yaw_rmse_rad": 0.06893618748429302,
    "errdist": 0.0671679367427584,
    "mean_dist_m": 25.036802393694717,
    "episodes": 12
  },
  "rollout_sel": 0.0671679367427584
}
{
  "epoch": 78,
  "timestamp_utc": "2026-07-10T23:35:03.028821+00:00",
  "train_loss": 0.03137255701888353,
  "val_loss": 0.7146235278621316,
  "val_rmse": {
    "vel_body_x_mps": 0.009108217104054132,
    "vel_body_y_mps": 0.02125064099841584,
    "roll_rad": 0.0004146237593970977,
    "pitch_rad": 0.00010240638214022019,
    "roll_rate_radps": 0.03544943680751005,
    "ang_vel_body_y_radps": 0.006113906337605137,
    "yaw_rate_radps": 0.015358714772191827,
    "tire_fl_force_wheel_fz_n": 1357.542759906879,
    "tire_fr_force_wheel_fz_n": 1177.139163706833,
    "tire_rl_force_wheel_fz_n": 1511.5024599970548,
    "tire_rr_force_wheel_fz_n": 1164.3912473894118,
    "tire_fl_spindle_omega_radps": 0.9472316254217773,
    "tire_fr_spindle_omega_radps": 0.928361027754421,
    "tire_rl_spindle_omega_radps": 1.1390322560913502,
    "tire_rr_spindle_omega_radps": 1.1299750057060707
  },
  "val_flat_loss": 0.7146235278621316,
  "val_flat_rmse": {
    "vel_body_x_mps": 0.009108217104054132,
    "vel_body_y_mps": 0.02125064099841584,
    "roll_rad": 0.0004146237593970977,
    "pitch_rad": 0.00010240638214022019,
    "roll_rate_radps": 0.03544943680751005,
    "ang_vel_body_y_radps": 0.006113906337605137,
    "yaw_rate_radps": 0.015358714772191827,
    "tire_fl_force_wheel_fz_n": 1357.542759906879,
    "tire_fr_force_wheel_fz_n": 1177.139163706833,
    "tire_rl_force_wheel_fz_n": 1511.5024599970548,
    "tire_rr_force_wheel_fz_n": 1164.3912473894118,
    "tire_fl_spindle_omega_radps": 0.9472316254217773,
    "tire_fr_spindle_omega_radps": 0.928361027754421,
    "tire_rl_spindle_omega_radps": 1.1390322560913502,
    "tire_rr_spindle_omega_radps": 1.1299750057060707
  },
  "val_crm_loss": 0.11132163687172579,
  "val_crm_rmse": {
    "vel_body_x_mps": 0.003165131613316767,
    "vel_body_y_mps": 0.002293352220254083,
    "roll_rad": 3.517338190080549e-05,
    "pitch_rad": 2.406075829177153e-05,
    "roll_rate_radps": 0.0034684552453640395,
    "ang_vel_body_y_radps": 0.0024442863678980223,
    "yaw_rate_radps": 0.0024256842031750484,
    "tire_fl_force_wheel_fz_n": 694.8234743131114,
    "tire_fr_force_wheel_fz_n": 697.1408564034905,
    "tire_rl_force_wheel_fz_n": 1121.0507374087608,
    "tire_rr_force_wheel_fz_n": 1173.4510646913575,
    "tire_fl_spindle_omega_radps": 0.1360410736203177,
    "tire_fr_spindle_omega_radps": 0.13655795515683583,
    "tire_rl_spindle_omega_radps": 0.16257993092782172,
    "tire_rr_spindle_omega_radps": 0.16518402912692032
  },
  "val_mixed_loss": 0.11132163687172579,
  "rollout_flat_5.0s": {
    "xy_rmse_m": 2.4853705687510006,
    "yaw_rmse_rad": 0.5994934749359526,
    "errdist": 0.32735966835298613,
    "mean_dist_m": 7.592170963684718,
    "episodes": 12
  },
  "rollout_flat_10.0s": {
    "xy_rmse_m": 13.961518696515471,
    "yaw_rmse_rad": 1.1997812739352305,
    "errdist": 0.3964413536571957,
    "mean_dist_m": 35.2171098391215,
    "episodes": 12
  },
  "rollout_crm_5.0s": {
    "xy_rmse_m": 0.5890006676963169,
    "yaw_rmse_rad": 0.029651563322937537,
    "errdist": 0.08230287268564684,
    "mean_dist_m": 7.1565019357949495,
    "episodes": 12
  },
  "rollout_crm_10.0s": {
    "xy_rmse_m": 1.7934525565515578,
    "yaw_rmse_rad": 0.07099530473862731,
    "errdist": 0.071632652139445,
    "mean_dist_m": 25.036802393694717,
    "episodes": 12
  },
  "rollout_sel": 0.071632652139445
}
{
  "epoch": 79,
  "timestamp_utc": "2026-07-10T23:36:06.007124+00:00",
  "train_loss": 0.031347488410770896,
  "val_loss": 0.7122571909055114,
  "val_rmse": {
    "vel_body_x_mps": 0.008949750335132126,
    "vel_body_y_mps": 0.021315120036796215,
    "roll_rad": 0.000420095925801906,
    "pitch_rad": 0.00010317364027200556,
    "roll_rate_radps": 0.03536479902094223,
    "ang_vel_body_y_radps": 0.005976785709797607,
    "yaw_rate_radps": 0.015323260800793484,
    "tire_fl_force_wheel_fz_n": 1332.9083586223592,
    "tire_fr_force_wheel_fz_n": 1176.3876688715945,
    "tire_rl_force_wheel_fz_n": 1523.4628111006323,
    "tire_rr_force_wheel_fz_n": 1146.6006987474602,
    "tire_fl_spindle_omega_radps": 0.9500037826001579,
    "tire_fr_spindle_omega_radps": 0.925444591386485,
    "tire_rl_spindle_omega_radps": 1.135975934421124,
    "tire_rr_spindle_omega_radps": 1.1319276353432242
  },
  "val_flat_loss": 0.7122571909055114,
  "val_flat_rmse": {
    "vel_body_x_mps": 0.008949750335132126,
    "vel_body_y_mps": 0.021315120036796215,
    "roll_rad": 0.000420095925801906,
    "pitch_rad": 0.00010317364027200556,
    "roll_rate_radps": 0.03536479902094223,
    "ang_vel_body_y_radps": 0.005976785709797607,
    "yaw_rate_radps": 0.015323260800793484,
    "tire_fl_force_wheel_fz_n": 1332.9083586223592,
    "tire_fr_force_wheel_fz_n": 1176.3876688715945,
    "tire_rl_force_wheel_fz_n": 1523.4628111006323,
    "tire_rr_force_wheel_fz_n": 1146.6006987474602,
    "tire_fl_spindle_omega_radps": 0.9500037826001579,
    "tire_fr_spindle_omega_radps": 0.925444591386485,
    "tire_rl_spindle_omega_radps": 1.135975934421124,
    "tire_rr_spindle_omega_radps": 1.1319276353432242
  },
  "val_crm_loss": 0.11175517507974292,
  "val_crm_rmse": {
    "vel_body_x_mps": 0.003162479329804707,
    "vel_body_y_mps": 0.0022894772499344644,
    "roll_rad": 3.533276121255878e-05,
    "pitch_rad": 2.433621154233872e-05,
    "roll_rate_radps": 0.0034741205235631688,
    "ang_vel_body_y_radps": 0.002447192831818349,
    "yaw_rate_radps": 0.0024329759530955144,
    "tire_fl_force_wheel_fz_n": 697.996134737784,
    "tire_fr_force_wheel_fz_n": 697.86253088655,
    "tire_rl_force_wheel_fz_n": 1124.5735717332889,
    "tire_rr_force_wheel_fz_n": 1176.1085660090725,
    "tire_fl_spindle_omega_radps": 0.13664883414209344,
    "tire_fr_spindle_omega_radps": 0.13733052676547458,
    "tire_rl_spindle_omega_radps": 0.16303934737746245,
    "tire_rr_spindle_omega_radps": 0.16582520427911587
  },
  "val_mixed_loss": 0.11175517507974292,
  "rollout_flat_5.0s": {
    "xy_rmse_m": 2.442805825918482,
    "yaw_rmse_rad": 0.8261761115696759,
    "errdist": 0.3217532689402073,
    "mean_dist_m": 7.592170963684718,
    "episodes": 12
  },
  "rollout_flat_10.0s": {
    "xy_rmse_m": 14.82085137286879,
    "yaw_rmse_rad": 1.227777344448038,
    "errdist": 0.420842353065691,
    "mean_dist_m": 35.2171098391215,
    "episodes": 12
  },
  "rollout_crm_5.0s": {
    "xy_rmse_m": 0.3431574108656611,
    "yaw_rmse_rad": 0.02245368257781287,
    "errdist": 0.04795043918723441,
    "mean_dist_m": 7.1565019357949495,
    "episodes": 12
  },
  "rollout_crm_10.0s": {
    "xy_rmse_m": 1.1241842795948853,
    "yaw_rmse_rad": 0.05522781960859037,
    "errdist": 0.04490127221190197,
    "mean_dist_m": 25.036802393694717,
    "episodes": 12
  },
  "rollout_sel": 0.04490127221190197
}
{
  "epoch": 80,
  "timestamp_utc": "2026-07-10T23:37:08.999754+00:00",
  "train_loss": 0.03129600880481303,
  "val_loss": 0.7209264584258199,
  "val_rmse": {
    "vel_body_x_mps": 0.009056900134870937,
    "vel_body_y_mps": 0.021299327646704516,
    "roll_rad": 0.0004097985288475951,
    "pitch_rad": 0.00010548316238067025,
    "roll_rate_radps": 0.0357778772145361,
    "ang_vel_body_y_radps": 0.006226794175183935,
    "yaw_rate_radps": 0.015403446738319481,
    "tire_fl_force_wheel_fz_n": 1351.380910595699,
    "tire_fr_force_wheel_fz_n": 1183.885188794328,
    "tire_rl_force_wheel_fz_n": 1522.1364995016822,
    "tire_rr_force_wheel_fz_n": 1177.7058107336238,
    "tire_fl_spindle_omega_radps": 0.9570752543190683,
    "tire_fr_spindle_omega_radps": 0.9301844985815005,
    "tire_rl_spindle_omega_radps": 1.1433840086175173,
    "tire_rr_spindle_omega_radps": 1.1313997370146456
  },
  "val_flat_loss": 0.7209264584258199,
  "val_flat_rmse": {
    "vel_body_x_mps": 0.009056900134870937,
    "vel_body_y_mps": 0.021299327646704516,
    "roll_rad": 0.0004097985288475951,
    "pitch_rad": 0.00010548316238067025,
    "roll_rate_radps": 0.0357778772145361,
    "ang_vel_body_y_radps": 0.006226794175183935,
    "yaw_rate_radps": 0.015403446738319481,
    "tire_fl_force_wheel_fz_n": 1351.380910595699,
    "tire_fr_force_wheel_fz_n": 1183.885188794328,
    "tire_rl_force_wheel_fz_n": 1522.1364995016822,
    "tire_rr_force_wheel_fz_n": 1177.7058107336238,
    "tire_fl_spindle_omega_radps": 0.9570752543190683,
    "tire_fr_spindle_omega_radps": 0.9301844985815005,
    "tire_rl_spindle_omega_radps": 1.1433840086175173,
    "tire_rr_spindle_omega_radps": 1.1313997370146456
  },
  "val_crm_loss": 0.11164896684931591,
  "val_crm_rmse": {
    "vel_body_x_mps": 0.0031530539206135566,
    "vel_body_y_mps": 0.0022949460977735236,
    "roll_rad": 3.4472349718193747e-05,
    "pitch_rad": 2.4512068543390817e-05,
    "roll_rate_radps": 0.0034635882759866533,
    "ang_vel_body_y_radps": 0.0024512695721692055,
    "yaw_rate_radps": 0.00242881625020359,
    "tire_fl_force_wheel_fz_n": 698.7738910987929,
    "tire_fr_force_wheel_fz_n": 693.4166363969645,
    "tire_rl_force_wheel_fz_n": 1125.7695594639363,
    "tire_rr_force_wheel_fz_n": 1177.1379369209253,
    "tire_fl_spindle_omega_radps": 0.136403381877626,
    "tire_fr_spindle_omega_radps": 0.1369518001142534,
    "tire_rl_spindle_omega_radps": 0.16347525578689465,
    "tire_rr_spindle_omega_radps": 0.1657705945783556
  },
  "val_mixed_loss": 0.11164896684931591,
  "rollout_flat_5.0s": {
    "xy_rmse_m": 2.6769642286906734,
    "yaw_rmse_rad": 0.7822795180144849,
    "errdist": 0.35259535665032743,
    "mean_dist_m": 7.592170963684718,
    "episodes": 12
  },
  "rollout_flat_10.0s": {
    "xy_rmse_m": 15.013941906733756,
    "yaw_rmse_rad": 1.282098465760868,
    "errdist": 0.42632521451420397,
    "mean_dist_m": 35.2171098391215,
    "episodes": 12
  },
  "rollout_crm_5.0s": {
    "xy_rmse_m": 0.4703142037260472,
    "yaw_rmse_rad": 0.02156044994512096,
    "errdist": 0.0657184484746184,
    "mean_dist_m": 7.1565019357949495,
    "episodes": 12
  },
  "rollout_crm_10.0s": {
    "xy_rmse_m": 1.4823492228882547,
    "yaw_rmse_rad": 0.05325487523899665,
    "errdist": 0.05920681082108034,
    "mean_dist_m": 25.036802393694717,
    "episodes": 12
  },
  "rollout_sel": 0.05920681082108034
}
training completed; last checkpoint: /home/harry/NeDM/artifacts/training_runs/ablation_ofat/L8_H8_E256_ctx128_mix100/checkpoints/last.pt
