terrain_conditioning: one-hot over ['flat', 'crm']
loss: type=huber huber_delta=1.0 channel_weights={'vel_body_x_mps': 1.62196, 'vel_body_y_mps': 2.35058, 'roll_rad': 0.16566, 'pitch_rad': 0.01578, 'roll_rate_radps': 0.02387, 'ang_vel_body_y_radps': 0.01794, 'yaw_rate_radps': 2.14412, 'tire_fl_force_wheel_fz_n': 0.00463, 'tire_fr_force_wheel_fz_n': 0.00536, 'tire_rl_force_wheel_fz_n': 0.00382, 'tire_rr_force_wheel_fz_n': 0.00356, 'tire_fl_spindle_omega_radps': 1.73764, 'tire_fr_spindle_omega_radps': 1.69314, 'tire_rl_spindle_omega_radps': 2.63328, 'tire_rr_spindle_omega_radps': 2.57865}
{
  "epoch": 1,
  "timestamp_utc": "2026-07-13T20:40:28.078507+00:00",
  "train_loss": 0.13163258827477695,
  "val_loss": 0.011571639900794253,
  "val_rmse": {
    "vel_body_x_mps": 0.0018166155496999348,
    "vel_body_y_mps": 0.0014835385951469395,
    "roll_rad": 4.307907199642581e-05,
    "pitch_rad": 2.1707619136279904e-05,
    "roll_rate_radps": 0.002238706272909115,
    "ang_vel_body_y_radps": 0.0012910732566951202,
    "yaw_rate_radps": 0.0018583439727395785,
    "tire_fl_force_wheel_fz_n": 70.72296770964324,
    "tire_fr_force_wheel_fz_n": 72.38835229953231,
    "tire_rl_force_wheel_fz_n": 40.09240144431464,
    "tire_rr_force_wheel_fz_n": 40.27508175330741,
    "tire_fl_spindle_omega_radps": 0.09739367658641865,
    "tire_fr_spindle_omega_radps": 0.10061141258430709,
    "tire_rl_spindle_omega_radps": 0.10422522518819591,
    "tire_rr_spindle_omega_radps": 0.10016912973213449
  },
  "val_flat_loss": 0.011571639900794253,
  "val_flat_rmse": {
    "vel_body_x_mps": 0.0018166155496999348,
    "vel_body_y_mps": 0.0014835385951469395,
    "roll_rad": 4.307907199642581e-05,
    "pitch_rad": 2.1707619136279904e-05,
    "roll_rate_radps": 0.002238706272909115,
    "ang_vel_body_y_radps": 0.0012910732566951202,
    "yaw_rate_radps": 0.0018583439727395785,
    "tire_fl_force_wheel_fz_n": 70.72296770964324,
    "tire_fr_force_wheel_fz_n": 72.38835229953231,
    "tire_rl_force_wheel_fz_n": 40.09240144431464,
    "tire_rr_force_wheel_fz_n": 40.27508175330741,
    "tire_fl_spindle_omega_radps": 0.09739367658641865,
    "tire_fr_spindle_omega_radps": 0.10061141258430709,
    "tire_rl_spindle_omega_radps": 0.10422522518819591,
    "tire_rr_spindle_omega_radps": 0.10016912973213449
  },
  "val_crm_loss": 0.1780660720448941,
  "val_crm_rmse": {
    "vel_body_x_mps": 0.005259196897190964,
    "vel_body_y_mps": 0.0046402459757837545,
    "roll_rad": 0.00012034028201620338,
    "pitch_rad": 8.450877811410563e-05,
    "roll_rate_radps": 0.008418722455563915,
    "ang_vel_body_y_radps": 0.005215945229633436,
    "yaw_rate_radps": 0.0035641317049878367,
    "tire_fl_force_wheel_fz_n": 1231.1306122202075,
    "tire_fr_force_wheel_fz_n": 1271.7771199514602,
    "tire_rl_force_wheel_fz_n": 1092.4842551000913,
    "tire_rr_force_wheel_fz_n": 1178.364611323742,
    "tire_fl_spindle_omega_radps": 0.22227246604286754,
    "tire_fr_spindle_omega_radps": 0.21673825455696566,
    "tire_rl_spindle_omega_radps": 0.21257412417713525,
    "tire_rr_spindle_omega_radps": 0.21925813476377556
  },
  "val_mixed_loss": 0.09481885597284417,
  "rollout_flat_5.0s": {
    "xy_rmse_m": 1.5618725921339567,
    "yaw_rmse_rad": 0.08817513232017066,
    "errdist": 0.20572147276514055,
    "mean_dist_m": 7.592170963684718,
    "episodes": 12
  },
  "rollout_flat_10.0s": {
    "xy_rmse_m": 5.796374286972372,
    "yaw_rmse_rad": 0.16806431711580458,
    "errdist": 0.16458972111713085,
    "mean_dist_m": 35.2171098391215,
    "episodes": 12
  },
  "rollout_crm_5.0s": {
    "xy_rmse_m": 1.682971483546587,
    "yaw_rmse_rad": 0.08381172347983239,
    "errdist": 0.23516677542261313,
    "mean_dist_m": 7.1565019357949495,
    "episodes": 12
  },
  "rollout_crm_10.0s": {
    "xy_rmse_m": 4.630608410995411,
    "yaw_rmse_rad": 0.34629491254236716,
    "errdist": 0.18495206928507715,
    "mean_dist_m": 25.036802393694717,
    "episodes": 12
  },
  "rollout_sel": 0.174770895201104
}
{
  "epoch": 2,
  "timestamp_utc": "2026-07-13T20:42:21.715110+00:00",
  "train_loss": 0.054509636074304584,
  "val_loss": 0.009665075814918964,
  "val_rmse": {
    "vel_body_x_mps": 0.00139208199888321,
    "vel_body_y_mps": 0.0013176340042275656,
    "roll_rad": 3.8052558866862043e-05,
    "pitch_rad": 2.9414622725797065e-05,
    "roll_rate_radps": 0.002063908749550598,
    "ang_vel_body_y_radps": 0.0011378011510286513,
    "yaw_rate_radps": 0.0017805760475421502,
    "tire_fl_force_wheel_fz_n": 66.72656731806833,
    "tire_fr_force_wheel_fz_n": 63.74166871918389,
    "tire_rl_force_wheel_fz_n": 34.55371538823788,
    "tire_rr_force_wheel_fz_n": 33.685146763410934,
    "tire_fl_spindle_omega_radps": 0.09361910958364866,
    "tire_fr_spindle_omega_radps": 0.09370728109777053,
    "tire_rl_spindle_omega_radps": 0.10091453127551787,
    "tire_rr_spindle_omega_radps": 0.09244989187401212
  },
  "val_flat_loss": 0.009665075814918964,
  "val_flat_rmse": {
    "vel_body_x_mps": 0.00139208199888321,
    "vel_body_y_mps": 0.0013176340042275656,
    "roll_rad": 3.8052558866862043e-05,
    "pitch_rad": 2.9414622725797065e-05,
    "roll_rate_radps": 0.002063908749550598,
    "ang_vel_body_y_radps": 0.0011378011510286513,
    "yaw_rate_radps": 0.0017805760475421502,
    "tire_fl_force_wheel_fz_n": 66.72656731806833,
    "tire_fr_force_wheel_fz_n": 63.74166871918389,
    "tire_rl_force_wheel_fz_n": 34.55371538823788,
    "tire_rr_force_wheel_fz_n": 33.685146763410934,
    "tire_fl_spindle_omega_radps": 0.09361910958364866,
    "tire_fr_spindle_omega_radps": 0.09370728109777053,
    "tire_rl_spindle_omega_radps": 0.10091453127551787,
    "tire_rr_spindle_omega_radps": 0.09244989187401212
  },
  "val_crm_loss": 0.13951241789618507,
  "val_crm_rmse": {
    "vel_body_x_mps": 0.0042925003182545905,
    "vel_body_y_mps": 0.0036085428629323026,
    "roll_rad": 0.00010479065384512005,
    "pitch_rad": 6.412625016561037e-05,
    "roll_rate_radps": 0.006179986024699677,
    "ang_vel_body_y_radps": 0.004228106158961699,
    "yaw_rate_radps": 0.002981196412284528,
    "tire_fl_force_wheel_fz_n": 1064.0645182433136,
    "tire_fr_force_wheel_fz_n": 1024.5546272973472,
    "tire_rl_force_wheel_fz_n": 1021.9150607614768,
    "tire_rr_force_wheel_fz_n": 1080.635476597849,
    "tire_fl_spindle_omega_radps": 0.1836163888931088,
    "tire_fr_spindle_omega_radps": 0.18394310563018412,
    "tire_rl_spindle_omega_radps": 0.18508887574879812,
    "tire_rr_spindle_omega_radps": 0.18463698612984522
  },
  "val_mixed_loss": 0.07458874685555202,
  "rollout_flat_5.0s": {
    "xy_rmse_m": 4.156000781854991,
    "yaw_rmse_rad": 0.19292391852150326,
    "errdist": 0.547406111076028,
    "mean_dist_m": 7.592170963684718,
    "episodes": 12
  },
  "rollout_flat_10.0s": {
    "xy_rmse_m": 8.465214873469185,
    "yaw_rmse_rad": 0.23009061588389454,
    "errdist": 0.24037221998454464,
    "mean_dist_m": 35.2171098391215,
    "episodes": 12
  },
  "rollout_crm_5.0s": {
    "xy_rmse_m": 0.7270514656509447,
    "yaw_rmse_rad": 0.08735909006532513,
    "errdist": 0.10159313477083316,
    "mean_dist_m": 7.1565019357949495,
    "episodes": 12
  },
  "rollout_crm_10.0s": {
    "xy_rmse_m": 2.4812934715376875,
    "yaw_rmse_rad": 0.23426639223334622,
    "errdist": 0.09910584556766634,
    "mean_dist_m": 25.036802393694717,
    "episodes": 12
  },
  "rollout_sel": 0.1697390327761055
}
{
  "epoch": 3,
  "timestamp_utc": "2026-07-13T20:44:18.740517+00:00",
  "train_loss": 0.04507838364411145,
  "val_loss": 0.006238326043894631,
  "val_rmse": {
    "vel_body_x_mps": 0.0012112759319639374,
    "vel_body_y_mps": 0.0012140454096026118,
    "roll_rad": 3.008481232800038e-05,
    "pitch_rad": 1.432182200527457e-05,
    "roll_rate_radps": 0.0019761827445066624,
    "ang_vel_body_y_radps": 0.0010257103965689404,
    "yaw_rate_radps": 0.00165328900796996,
    "tire_fl_force_wheel_fz_n": 56.63075921233625,
    "tire_fr_force_wheel_fz_n": 59.53435523813885,
    "tire_rl_force_wheel_fz_n": 28.492254138363396,
    "tire_rr_force_wheel_fz_n": 27.700899608580936,
    "tire_fl_spindle_omega_radps": 0.07788259887041955,
    "tire_fr_spindle_omega_radps": 0.08319488061680717,
    "tire_rl_spindle_omega_radps": 0.0809125814501595,
    "tire_rr_spindle_omega_radps": 0.06489914272912979
  },
  "val_flat_loss": 0.006238326043894631,
  "val_flat_rmse": {
    "vel_body_x_mps": 0.0012112759319639374,
    "vel_body_y_mps": 0.0012140454096026118,
    "roll_rad": 3.008481232800038e-05,
    "pitch_rad": 1.432182200527457e-05,
    "roll_rate_radps": 0.0019761827445066624,
    "ang_vel_body_y_radps": 0.0010257103965689404,
    "yaw_rate_radps": 0.00165328900796996,
    "tire_fl_force_wheel_fz_n": 56.63075921233625,
    "tire_fr_force_wheel_fz_n": 59.53435523813885,
    "tire_rl_force_wheel_fz_n": 28.492254138363396,
    "tire_rr_force_wheel_fz_n": 27.700899608580936,
    "tire_fl_spindle_omega_radps": 0.07788259887041955,
    "tire_fr_spindle_omega_radps": 0.08319488061680717,
    "tire_rl_spindle_omega_radps": 0.0809125814501595,
    "tire_rr_spindle_omega_radps": 0.06489914272912979
  },
  "val_crm_loss": 0.12531233069428707,
  "val_crm_rmse": {
    "vel_body_x_mps": 0.003862529578190873,
    "vel_body_y_mps": 0.003372608973361626,
    "roll_rad": 0.00013483358035587577,
    "pitch_rad": 6.439622749689465e-05,
    "roll_rate_radps": 0.005655432011378908,
    "ang_vel_body_y_radps": 0.003587903615277003,
    "yaw_rate_radps": 0.0028604320365160584,
    "tire_fl_force_wheel_fz_n": 893.7680291013714,
    "tire_fr_force_wheel_fz_n": 916.3179216503395,
    "tire_rl_force_wheel_fz_n": 992.7459805026658,
    "tire_rr_force_wheel_fz_n": 1051.0073460347778,
    "tire_fl_spindle_omega_radps": 0.16905493800163213,
    "tire_fr_spindle_omega_radps": 0.16986862723160923,
    "tire_rl_spindle_omega_radps": 0.1770432853393184,
    "tire_rr_spindle_omega_radps": 0.1751331408802116
  },
  "val_mixed_loss": 0.06577532836909085,
  "rollout_flat_5.0s": {
    "xy_rmse_m": 2.53759345072029,
    "yaw_rmse_rad": 0.21366198817898172,
    "errdist": 0.33423818600216515,
    "mean_dist_m": 7.592170963684718,
    "episodes": 12
  },
  "rollout_flat_10.0s": {
    "xy_rmse_m": 10.669326303146832,
    "yaw_rmse_rad": 0.6423347974960805,
    "errdist": 0.3029586002907779,
    "mean_dist_m": 35.2171098391215,
    "episodes": 12
  },
  "rollout_crm_5.0s": {
    "xy_rmse_m": 1.3343467331809935,
    "yaw_rmse_rad": 0.07103901799896031,
    "errdist": 0.1864523680915868,
    "mean_dist_m": 7.1565019357949495,
    "episodes": 12
  },
  "rollout_crm_10.0s": {
    "xy_rmse_m": 4.411640492875514,
    "yaw_rmse_rad": 0.1597072063611631,
    "errdist": 0.17620622727711202,
    "mean_dist_m": 25.036802393694717,
    "episodes": 12
  },
  "rollout_sel": 0.23958241378394496
}
{
  "epoch": 4,
  "timestamp_utc": "2026-07-13T20:46:12.550733+00:00",
  "train_loss": 0.040161574044264854,
  "val_loss": 0.006419533832013258,
  "val_rmse": {
    "vel_body_x_mps": 0.001188225638406018,
    "vel_body_y_mps": 0.0011414967720781144,
    "roll_rad": 2.3491346934576512e-05,
    "pitch_rad": 1.6721841011573162e-05,
    "roll_rate_radps": 0.0018576551325947754,
    "ang_vel_body_y_radps": 0.0010188296662908551,
    "yaw_rate_radps": 0.0016166887016289707,
    "tire_fl_force_wheel_fz_n": 52.95973519101307,
    "tire_fr_force_wheel_fz_n": 53.27400042922168,
    "tire_rl_force_wheel_fz_n": 27.571943822708025,
    "tire_rr_force_wheel_fz_n": 26.036737317119766,
    "tire_fl_spindle_omega_radps": 0.07798803447822618,
    "tire_fr_spindle_omega_radps": 0.08559568860741709,
    "tire_rl_spindle_omega_radps": 0.08327817333182995,
    "tire_rr_spindle_omega_radps": 0.07234759500176033
  },
  "val_flat_loss": 0.006419533832013258,
  "val_flat_rmse": {
    "vel_body_x_mps": 0.001188225638406018,
    "vel_body_y_mps": 0.0011414967720781144,
    "roll_rad": 2.3491346934576512e-05,
    "pitch_rad": 1.6721841011573162e-05,
    "roll_rate_radps": 0.0018576551325947754,
    "ang_vel_body_y_radps": 0.0010188296662908551,
    "yaw_rate_radps": 0.0016166887016289707,
    "tire_fl_force_wheel_fz_n": 52.95973519101307,
    "tire_fr_force_wheel_fz_n": 53.27400042922168,
    "tire_rl_force_wheel_fz_n": 27.571943822708025,
    "tire_rr_force_wheel_fz_n": 26.036737317119766,
    "tire_fl_spindle_omega_radps": 0.07798803447822618,
    "tire_fr_spindle_omega_radps": 0.08559568860741709,
    "tire_rl_spindle_omega_radps": 0.08327817333182995,
    "tire_rr_spindle_omega_radps": 0.07234759500176033
  },
  "val_crm_loss": 0.11668210085714235,
  "val_crm_rmse": {
    "vel_body_x_mps": 0.0037270512585409234,
    "vel_body_y_mps": 0.003170913907753082,
    "roll_rad": 8.185224964762443e-05,
    "pitch_rad": 6.315222158216499e-05,
    "roll_rate_radps": 0.005404312539897387,
    "ang_vel_body_y_radps": 0.0034939638607417948,
    "yaw_rate_radps": 0.0026812247827924488,
    "tire_fl_force_wheel_fz_n": 825.3520449780289,
    "tire_fr_force_wheel_fz_n": 875.3774063119549,
    "tire_rl_force_wheel_fz_n": 992.8152523335414,
    "tire_rr_force_wheel_fz_n": 1033.7687320337013,
    "tire_fl_spindle_omega_radps": 0.16115023396404085,
    "tire_fr_spindle_omega_radps": 0.16177943042502194,
    "tire_rl_spindle_omega_radps": 0.17380108798853272,
    "tire_rr_spindle_omega_radps": 0.17077730565041402
  },
  "val_mixed_loss": 0.061550817344577805,
  "rollout_flat_5.0s": {
    "xy_rmse_m": 1.0680394183657953,
    "yaw_rmse_rad": 0.07451481089044272,
    "errdist": 0.14067641830966388,
    "mean_dist_m": 7.592170963684718,
    "episodes": 12
  },
  "rollout_flat_10.0s": {
    "xy_rmse_m": 5.259280367940729,
    "yaw_rmse_rad": 0.2001981036232006,
    "errdist": 0.14933878424340125,
    "mean_dist_m": 35.2171098391215,
    "episodes": 12
  },
  "rollout_crm_5.0s": {
    "xy_rmse_m": 0.9077082678201153,
    "yaw_rmse_rad": 0.07559280356108666,
    "errdist": 0.12683686470899924,
    "mean_dist_m": 7.1565019357949495,
    "episodes": 12
  },
  "rollout_crm_10.0s": {
    "xy_rmse_m": 3.727039294735209,
    "yaw_rmse_rad": 0.18720749532781028,
    "errdist": 0.1488624320362024,
    "mean_dist_m": 25.036802393694717,
    "episodes": 12
  },
  "rollout_sel": 0.1491006081398018
}
{
  "epoch": 5,
  "timestamp_utc": "2026-07-13T20:48:09.516913+00:00",
  "train_loss": 0.03724314457550645,
  "val_loss": 0.006052491681839456,
  "val_rmse": {
    "vel_body_x_mps": 0.0013162019606474083,
    "vel_body_y_mps": 0.0010843873053350123,
    "roll_rad": 3.478628372977525e-05,
    "pitch_rad": 2.057444725953851e-05,
    "roll_rate_radps": 0.001808902112153246,
    "ang_vel_body_y_radps": 0.001032988563473304,
    "yaw_rate_radps": 0.0016938540718391133,
    "tire_fl_force_wheel_fz_n": 48.91229558941472,
    "tire_fr_force_wheel_fz_n": 50.0703904489478,
    "tire_rl_force_wheel_fz_n": 30.40673609314648,
    "tire_rr_force_wheel_fz_n": 26.945474099514964,
    "tire_fl_spindle_omega_radps": 0.07198251894360232,
    "tire_fr_spindle_omega_radps": 0.08077780184802051,
    "tire_rl_spindle_omega_radps": 0.07853868248410742,
    "tire_rr_spindle_omega_radps": 0.061808572928803394
  },
  "val_flat_loss": 0.006052491681839456,
  "val_flat_rmse": {
    "vel_body_x_mps": 0.0013162019606474083,
    "vel_body_y_mps": 0.0010843873053350123,
    "roll_rad": 3.478628372977525e-05,
    "pitch_rad": 2.057444725953851e-05,
    "roll_rate_radps": 0.001808902112153246,
    "ang_vel_body_y_radps": 0.001032988563473304,
    "yaw_rate_radps": 0.0016938540718391133,
    "tire_fl_force_wheel_fz_n": 48.91229558941472,
    "tire_fr_force_wheel_fz_n": 50.0703904489478,
    "tire_rl_force_wheel_fz_n": 30.40673609314648,
    "tire_rr_force_wheel_fz_n": 26.945474099514964,
    "tire_fl_spindle_omega_radps": 0.07198251894360232,
    "tire_fr_spindle_omega_radps": 0.08077780184802051,
    "tire_rl_spindle_omega_radps": 0.07853868248410742,
    "tire_rr_spindle_omega_radps": 0.061808572928803394
  },
  "val_crm_loss": 0.11291828411747701,
  "val_crm_rmse": {
    "vel_body_x_mps": 0.0037011372697648747,
    "vel_body_y_mps": 0.0030340858715290162,
    "roll_rad": 8.125519784917376e-05,
    "pitch_rad": 4.7401942630071874e-05,
    "roll_rate_radps": 0.004974609953409596,
    "ang_vel_body_y_radps": 0.0033588524499561824,
    "yaw_rate_radps": 0.0026335941740175456,
    "tire_fl_force_wheel_fz_n": 790.8140198394369,
    "tire_fr_force_wheel_fz_n": 816.1838240755677,
    "tire_rl_force_wheel_fz_n": 969.2081526000524,
    "tire_rr_force_wheel_fz_n": 1035.8083925056349,
    "tire_fl_spindle_omega_radps": 0.15574611670904828,
    "tire_fr_spindle_omega_radps": 0.15741383489904234,
    "tire_rl_spindle_omega_radps": 0.17503696615864045,
    "tire_rr_spindle_omega_radps": 0.17100221318391723
  },
  "val_mixed_loss": 0.05948538789965823,
  "rollout_flat_5.0s": {
    "xy_rmse_m": 1.8671405072756322,
    "yaw_rmse_rad": 0.20555633713563617,
    "errdist": 0.24592972368597063,
    "mean_dist_m": 7.592170963684718,
    "episodes": 12
  },
  "rollout_flat_10.0s": {
    "xy_rmse_m": 8.8823085004336,
    "yaw_rmse_rad": 0.4948600714396594,
    "errdist": 0.2522157139245579,
    "mean_dist_m": 35.2171098391215,
    "episodes": 12
  },
  "rollout_crm_5.0s": {
    "xy_rmse_m": 0.7988859949765458,
    "yaw_rmse_rad": 0.054510325918942795,
    "errdist": 0.11163079422653785,
    "mean_dist_m": 7.1565019357949495,
    "episodes": 12
  },
  "rollout_crm_10.0s": {
    "xy_rmse_m": 2.6433736272613415,
    "yaw_rmse_rad": 0.13702167959659048,
    "errdist": 0.10557952192517404,
    "mean_dist_m": 25.036802393694717,
    "episodes": 12
  },
  "rollout_sel": 0.17889761792486597
}
{
  "epoch": 6,
  "timestamp_utc": "2026-07-13T20:50:03.293470+00:00",
  "train_loss": 0.03462960570305586,
  "val_loss": 0.004973025590043107,
  "val_rmse": {
    "vel_body_x_mps": 0.0011076035325000607,
    "vel_body_y_mps": 0.0009151668194502127,
    "roll_rad": 2.7763198094263623e-05,
    "pitch_rad": 1.2871487063194284e-05,
    "roll_rate_radps": 0.0018016012746016976,
    "ang_vel_body_y_radps": 0.0009846261069931272,
    "yaw_rate_radps": 0.0014866865368169844,
    "tire_fl_force_wheel_fz_n": 46.34786090328206,
    "tire_fr_force_wheel_fz_n": 46.861622761706506,
    "tire_rl_force_wheel_fz_n": 27.77193503409282,
    "tire_rr_force_wheel_fz_n": 25.955912376980166,
    "tire_fl_spindle_omega_radps": 0.07246217205784235,
    "tire_fr_spindle_omega_radps": 0.07889646678049668,
    "tire_rl_spindle_omega_radps": 0.0800452507177238,
    "tire_rr_spindle_omega_radps": 0.06403140311820146
  },
  "val_flat_loss": 0.004973025590043107,
  "val_flat_rmse": {
    "vel_body_x_mps": 0.0011076035325000607,
    "vel_body_y_mps": 0.0009151668194502127,
    "roll_rad": 2.7763198094263623e-05,
    "pitch_rad": 1.2871487063194284e-05,
    "roll_rate_radps": 0.0018016012746016976,
    "ang_vel_body_y_radps": 0.0009846261069931272,
    "yaw_rate_radps": 0.0014866865368169844,
    "tire_fl_force_wheel_fz_n": 46.34786090328206,
    "tire_fr_force_wheel_fz_n": 46.861622761706506,
    "tire_rl_force_wheel_fz_n": 27.77193503409282,
    "tire_rr_force_wheel_fz_n": 25.955912376980166,
    "tire_fl_spindle_omega_radps": 0.07246217205784235,
    "tire_fr_spindle_omega_radps": 0.07889646678049668,
    "tire_rl_spindle_omega_radps": 0.0800452507177238,
    "tire_rr_spindle_omega_radps": 0.06403140311820146
  },
  "val_crm_loss": 0.1091113463405054,
  "val_crm_rmse": {
    "vel_body_x_mps": 0.003476911712341122,
    "vel_body_y_mps": 0.0030111125535699623,
    "roll_rad": 9.779753137023002e-05,
    "pitch_rad": 5.858602440971823e-05,
    "roll_rate_radps": 0.004920466985831506,
    "ang_vel_body_y_radps": 0.0033447190429699244,
    "yaw_rate_radps": 0.002616333202177511,
    "tire_fl_force_wheel_fz_n": 776.0915688387912,
    "tire_fr_force_wheel_fz_n": 772.5292383536872,
    "tire_rl_force_wheel_fz_n": 966.733489621651,
    "tire_rr_force_wheel_fz_n": 1015.2685008759257,
    "tire_fl_spindle_omega_radps": 0.1550448997816324,
    "tire_fr_spindle_omega_radps": 0.15273511836748416,
    "tire_rl_spindle_omega_radps": 0.16961575086609224,
    "tire_rr_spindle_omega_radps": 0.1681149843129445
  },
  "val_mixed_loss": 0.05704218596527425,
  "rollout_flat_5.0s": {
    "xy_rmse_m": 1.4641245392608373,
    "yaw_rmse_rad": 0.0789078903657224,
    "errdist": 0.19284662401098668,
    "mean_dist_m": 7.592170963684718,
    "episodes": 12
  },
  "rollout_flat_10.0s": {
    "xy_rmse_m": 5.078334118290385,
    "yaw_rmse_rad": 0.4681759489611679,
    "errdist": 0.14420076325085132,
    "mean_dist_m": 35.2171098391215,
    "episodes": 12
  },
  "rollout_crm_5.0s": {
    "xy_rmse_m": 0.4429529277615334,
    "yaw_rmse_rad": 0.0410541270756483,
    "errdist": 0.061895173331261016,
    "mean_dist_m": 7.1565019357949495,
    "episodes": 12
  },
  "rollout_crm_10.0s": {
    "xy_rmse_m": 1.4685906999923444,
    "yaw_rmse_rad": 0.09016603716986331,
    "errdist": 0.05865727886889402,
    "mean_dist_m": 25.036802393694717,
    "episodes": 12
  },
  "rollout_sel": 0.10142902105987267
}
{
  "epoch": 7,
  "timestamp_utc": "2026-07-13T20:51:56.552769+00:00",
  "train_loss": 0.03296006138715893,
  "val_loss": 0.004753009441919857,
  "val_rmse": {
    "vel_body_x_mps": 0.0010804065346663406,
    "vel_body_y_mps": 0.0009388063990375397,
    "roll_rad": 3.1878018022917525e-05,
    "pitch_rad": 1.3901223549573472e-05,
    "roll_rate_radps": 0.001752573654140892,
    "ang_vel_body_y_radps": 0.0009526437368491724,
    "yaw_rate_radps": 0.0014571373200662986,
    "tire_fl_force_wheel_fz_n": 45.35420224341541,
    "tire_fr_force_wheel_fz_n": 47.13236983905954,
    "tire_rl_force_wheel_fz_n": 26.925678926796728,
    "tire_rr_force_wheel_fz_n": 26.401852891842893,
    "tire_fl_spindle_omega_radps": 0.07009275687520253,
    "tire_fr_spindle_omega_radps": 0.07791991838862965,
    "tire_rl_spindle_omega_radps": 0.0778855450554553,
    "tire_rr_spindle_omega_radps": 0.06526493202703167
  },
  "val_flat_loss": 0.004753009441919857,
  "val_flat_rmse": {
    "vel_body_x_mps": 0.0010804065346663406,
    "vel_body_y_mps": 0.0009388063990375397,
    "roll_rad": 3.1878018022917525e-05,
    "pitch_rad": 1.3901223549573472e-05,
    "roll_rate_radps": 0.001752573654140892,
    "ang_vel_body_y_radps": 0.0009526437368491724,
    "yaw_rate_radps": 0.0014571373200662986,
    "tire_fl_force_wheel_fz_n": 45.35420224341541,
    "tire_fr_force_wheel_fz_n": 47.13236983905954,
    "tire_rl_force_wheel_fz_n": 26.925678926796728,
    "tire_rr_force_wheel_fz_n": 26.401852891842893,
    "tire_fl_spindle_omega_radps": 0.07009275687520253,
    "tire_fr_spindle_omega_radps": 0.07791991838862965,
    "tire_rl_spindle_omega_radps": 0.0778855450554553,
    "tire_rr_spindle_omega_radps": 0.06526493202703167
  },
  "val_crm_loss": 0.10754931752861012,
  "val_crm_rmse": {
    "vel_body_x_mps": 0.003445296542490006,
    "vel_body_y_mps": 0.0028950703348834903,
    "roll_rad": 7.241168617291904e-05,
    "pitch_rad": 4.885602903974075e-05,
    "roll_rate_radps": 0.004660038830778425,
    "ang_vel_body_y_radps": 0.0031647552342792934,
    "yaw_rate_radps": 0.0025804974092881092,
    "tire_fl_force_wheel_fz_n": 770.0942590439822,
    "tire_fr_force_wheel_fz_n": 765.0312913043523,
    "tire_rl_force_wheel_fz_n": 976.3640501637432,
    "tire_rr_force_wheel_fz_n": 1031.5413806255822,
    "tire_fl_spindle_omega_radps": 0.14948717440194023,
    "tire_fr_spindle_omega_radps": 0.15058268683844653,
    "tire_rl_spindle_omega_radps": 0.16927209378081595,
    "tire_rr_spindle_omega_radps": 0.17040970998771102
  },
  "val_mixed_loss": 0.056151163485264985,
  "rollout_flat_5.0s": {
    "xy_rmse_m": 3.30813900111772,
    "yaw_rmse_rad": 0.14212706031490002,
    "errdist": 0.43573030914891,
    "mean_dist_m": 7.592170963684718,
    "episodes": 12
  },
  "rollout_flat_10.0s": {
    "xy_rmse_m": 9.972278005214317,
    "yaw_rmse_rad": 0.24592893160151016,
    "errdist": 0.28316571265415,
    "mean_dist_m": 35.2171098391215,
    "episodes": 12
  },
  "rollout_crm_5.0s": {
    "xy_rmse_m": 0.7870865328797603,
    "yaw_rmse_rad": 0.058480855722166054,
    "errdist": 0.10998201914023938,
    "mean_dist_m": 7.1565019357949495,
    "episodes": 12
  },
  "rollout_crm_10.0s": {
    "xy_rmse_m": 2.457108438109235,
    "yaw_rmse_rad": 0.49019854459488155,
    "errdist": 0.0981398662445822,
    "mean_dist_m": 25.036802393694717,
    "episodes": 12
  },
  "rollout_sel": 0.19065278944936612
}
{
  "epoch": 8,
  "timestamp_utc": "2026-07-13T20:53:50.659814+00:00",
  "train_loss": 0.03115477083437145,
  "val_loss": 0.004630957297049463,
  "val_rmse": {
    "vel_body_x_mps": 0.001114370031396736,
    "vel_body_y_mps": 0.001107072705895481,
    "roll_rad": 2.7666156740234052e-05,
    "pitch_rad": 1.5038006935836956e-05,
    "roll_rate_radps": 0.0016748789679934643,
    "ang_vel_body_y_radps": 0.0009559760054310716,
    "yaw_rate_radps": 0.0014736249347704201,
    "tire_fl_force_wheel_fz_n": 46.61762692783457,
    "tire_fr_force_wheel_fz_n": 44.81254923776558,
    "tire_rl_force_wheel_fz_n": 26.887373931142303,
    "tire_rr_force_wheel_fz_n": 25.012081804263445,
    "tire_fl_spindle_omega_radps": 0.06869658412531013,
    "tire_fr_spindle_omega_radps": 0.0774868106356928,
    "tire_rl_spindle_omega_radps": 0.07624184623545636,
    "tire_rr_spindle_omega_radps": 0.05876081365110759
  },
  "val_flat_loss": 0.004630957297049463,
  "val_flat_rmse": {
    "vel_body_x_mps": 0.001114370031396736,
    "vel_body_y_mps": 0.001107072705895481,
    "roll_rad": 2.7666156740234052e-05,
    "pitch_rad": 1.5038006935836956e-05,
    "roll_rate_radps": 0.0016748789679934643,
    "ang_vel_body_y_radps": 0.0009559760054310716,
    "yaw_rate_radps": 0.0014736249347704201,
    "tire_fl_force_wheel_fz_n": 46.61762692783457,
    "tire_fr_force_wheel_fz_n": 44.81254923776558,
    "tire_rl_force_wheel_fz_n": 26.887373931142303,
    "tire_rr_force_wheel_fz_n": 25.012081804263445,
    "tire_fl_spindle_omega_radps": 0.06869658412531013,
    "tire_fr_spindle_omega_radps": 0.0774868106356928,
    "tire_rl_spindle_omega_radps": 0.07624184623545636,
    "tire_rr_spindle_omega_radps": 0.05876081365110759
  },
  "val_crm_loss": 0.10607986791233998,
  "val_crm_rmse": {
    "vel_body_x_mps": 0.003353348541303379,
    "vel_body_y_mps": 0.0028610291815853784,
    "roll_rad": 7.362772158163944e-05,
    "pitch_rad": 5.5660409582120796e-05,
    "roll_rate_radps": 0.0045606669006249744,
    "ang_vel_body_y_radps": 0.0031214329843264506,
    "yaw_rate_radps": 0.0025494604962775376,
    "tire_fl_force_wheel_fz_n": 730.430017111469,
    "tire_fr_force_wheel_fz_n": 755.0973285856645,
    "tire_rl_force_wheel_fz_n": 983.3408114080363,
    "tire_rr_force_wheel_fz_n": 1036.388482412976,
    "tire_fl_spindle_omega_radps": 0.1490325441132887,
    "tire_fr_spindle_omega_radps": 0.14864612909813965,
    "tire_rl_spindle_omega_radps": 0.16750449329301123,
    "tire_rr_spindle_omega_radps": 0.16848107787226624
  },
  "val_mixed_loss": 0.05535541260469472,
  "rollout_flat_5.0s": {
    "xy_rmse_m": 1.2477024524138443,
    "yaw_rmse_rad": 0.08293351972377003,
    "errdist": 0.16434066861533045,
    "mean_dist_m": 7.592170963684718,
    "episodes": 12
  },
  "rollout_flat_10.0s": {
    "xy_rmse_m": 3.3468906559653666,
    "yaw_rmse_rad": 0.14084615412972937,
    "errdist": 0.0950359263225916,
    "mean_dist_m": 35.2171098391215,
    "episodes": 12
  },
  "rollout_crm_5.0s": {
    "xy_rmse_m": 0.6085816107515795,
    "yaw_rmse_rad": 0.0592503041263446,
    "errdist": 0.0850389780106973,
    "mean_dist_m": 7.1565019357949495,
    "episodes": 12
  },
  "rollout_crm_10.0s": {
    "xy_rmse_m": 2.119317735734397,
    "yaw_rmse_rad": 0.11009995072442672,
    "errdist": 0.08464809932230512,
    "mean_dist_m": 25.036802393694717,
    "episodes": 12
  },
  "rollout_sel": 0.08984201282244836
}
{
  "epoch": 9,
  "timestamp_utc": "2026-07-13T20:55:48.965158+00:00",
  "train_loss": 0.02973277369979769,
  "val_loss": 0.004970105913671432,
  "val_rmse": {
    "vel_body_x_mps": 0.0011532478685389543,
    "vel_body_y_mps": 0.0008143547514522302,
    "roll_rad": 2.0583197033247383e-05,
    "pitch_rad": 1.5024657560574103e-05,
    "roll_rate_radps": 0.0016256429302444278,
    "ang_vel_body_y_radps": 0.0009570481770990634,
    "yaw_rate_radps": 0.0014217354834069411,
    "tire_fl_force_wheel_fz_n": 44.276032772113425,
    "tire_fr_force_wheel_fz_n": 44.47263829874473,
    "tire_rl_force_wheel_fz_n": 25.63418214179705,
    "tire_rr_force_wheel_fz_n": 24.44137490481305,
    "tire_fl_spindle_omega_radps": 0.07645385449818198,
    "tire_fr_spindle_omega_radps": 0.08643352131580154,
    "tire_rl_spindle_omega_radps": 0.07735291028308346,
    "tire_rr_spindle_omega_radps": 0.059111569555453006
  },
  "val_flat_loss": 0.004970105913671432,
  "val_flat_rmse": {
    "vel_body_x_mps": 0.0011532478685389543,
    "vel_body_y_mps": 0.0008143547514522302,
    "roll_rad": 2.0583197033247383e-05,
    "pitch_rad": 1.5024657560574103e-05,
    "roll_rate_radps": 0.0016256429302444278,
    "ang_vel_body_y_radps": 0.0009570481770990634,
    "yaw_rate_radps": 0.0014217354834069411,
    "tire_fl_force_wheel_fz_n": 44.276032772113425,
    "tire_fr_force_wheel_fz_n": 44.47263829874473,
    "tire_rl_force_wheel_fz_n": 25.63418214179705,
    "tire_rr_force_wheel_fz_n": 24.44137490481305,
    "tire_fl_spindle_omega_radps": 0.07645385449818198,
    "tire_fr_spindle_omega_radps": 0.08643352131580154,
    "tire_rl_spindle_omega_radps": 0.07735291028308346,
    "tire_rr_spindle_omega_radps": 0.059111569555453006
  },
  "val_crm_loss": 0.10571765879634767,
  "val_crm_rmse": {
    "vel_body_x_mps": 0.003316258629958926,
    "vel_body_y_mps": 0.0028354331651810677,
    "roll_rad": 6.924575887143022e-05,
    "pitch_rad": 4.668669998949526e-05,
    "roll_rate_radps": 0.004578396252395088,
    "ang_vel_body_y_radps": 0.003034757224308884,
    "yaw_rate_radps": 0.0025936889272204656,
    "tire_fl_force_wheel_fz_n": 730.483513348471,
    "tire_fr_force_wheel_fz_n": 739.8848295188573,
    "tire_rl_force_wheel_fz_n": 988.7732894968699,
    "tire_rr_force_wheel_fz_n": 1034.6666401755274,
    "tire_fl_spindle_omega_radps": 0.1467506744536701,
    "tire_fr_spindle_omega_radps": 0.14922923603362415,
    "tire_rl_spindle_omega_radps": 0.1691556822352592,
    "tire_rr_spindle_omega_radps": 0.16626636602438394
  },
  "val_mixed_loss": 0.055343882355009553,
  "rollout_flat_5.0s": {
    "xy_rmse_m": 1.607991108959916,
    "yaw_rmse_rad": 0.1707573317379794,
    "errdist": 0.21179595620954084,
    "mean_dist_m": 7.592170963684718,
    "episodes": 12
  },
  "rollout_flat_10.0s": {
    "xy_rmse_m": 6.523203569907436,
    "yaw_rmse_rad": 0.6296263529556175,
    "errdist": 0.1852282484197789,
    "mean_dist_m": 35.2171098391215,
    "episodes": 12
  },
  "rollout_crm_5.0s": {
    "xy_rmse_m": 0.7102059031726831,
    "yaw_rmse_rad": 0.05293622716689335,
    "errdist": 0.09923925257679579,
    "mean_dist_m": 7.1565019357949495,
    "episodes": 12
  },
  "rollout_crm_10.0s": {
    "xy_rmse_m": 2.945699951375208,
    "yaw_rmse_rad": 0.14756548229458447,
    "errdist": 0.1176547989258027,
    "mean_dist_m": 25.036802393694717,
    "episodes": 12
  },
  "rollout_sel": 0.1514415236727908
}
{
  "epoch": 10,
  "timestamp_utc": "2026-07-13T20:57:44.041260+00:00",
  "train_loss": 0.028162936868611724,
  "val_loss": 0.004071949830213271,
  "val_rmse": {
    "vel_body_x_mps": 0.0010172871713449937,
    "vel_body_y_mps": 0.0008915121472933354,
    "roll_rad": 2.4017151995199495e-05,
    "pitch_rad": 1.680899299251728e-05,
    "roll_rate_radps": 0.0016381038995090284,
    "ang_vel_body_y_radps": 0.0009432097241377999,
    "yaw_rate_radps": 0.001408664162848884,
    "tire_fl_force_wheel_fz_n": 42.56829746595564,
    "tire_fr_force_wheel_fz_n": 43.75758401793028,
    "tire_rl_force_wheel_fz_n": 24.619784042575645,
    "tire_rr_force_wheel_fz_n": 24.440077104220535,
    "tire_fl_spindle_omega_radps": 0.06819506955777463,
    "tire_fr_spindle_omega_radps": 0.07623195684865111,
    "tire_rl_spindle_omega_radps": 0.07662678841800492,
    "tire_rr_spindle_omega_radps": 0.05756453395885499
  },
  "val_flat_loss": 0.004071949830213271,
  "val_flat_rmse": {
    "vel_body_x_mps": 0.0010172871713449937,
    "vel_body_y_mps": 0.0008915121472933354,
    "roll_rad": 2.4017151995199495e-05,
    "pitch_rad": 1.680899299251728e-05,
    "roll_rate_radps": 0.0016381038995090284,
    "ang_vel_body_y_radps": 0.0009432097241377999,
    "yaw_rate_radps": 0.001408664162848884,
    "tire_fl_force_wheel_fz_n": 42.56829746595564,
    "tire_fr_force_wheel_fz_n": 43.75758401793028,
    "tire_rl_force_wheel_fz_n": 24.619784042575645,
    "tire_rr_force_wheel_fz_n": 24.440077104220535,
    "tire_fl_spindle_omega_radps": 0.06819506955777463,
    "tire_fr_spindle_omega_radps": 0.07623195684865111,
    "tire_rl_spindle_omega_radps": 0.07662678841800492,
    "tire_rr_spindle_omega_radps": 0.05756453395885499
  },
  "val_crm_loss": 0.10566862705978565,
  "val_crm_rmse": {
    "vel_body_x_mps": 0.0033062061798999373,
    "vel_body_y_mps": 0.002798839780887235,
    "roll_rad": 8.038735988353496e-05,
    "pitch_rad": 4.803589518482465e-05,
    "roll_rate_radps": 0.004734127922182343,
    "ang_vel_body_y_radps": 0.0030147348646802816,
    "yaw_rate_radps": 0.0025541174480485066,
    "tire_fl_force_wheel_fz_n": 728.0431735422727,
    "tire_fr_force_wheel_fz_n": 732.2585003154143,
    "tire_rl_force_wheel_fz_n": 1002.4328460591034,
    "tire_rr_force_wheel_fz_n": 1041.4543196510056,
    "tire_fl_spindle_omega_radps": 0.14725557622758442,
    "tire_fr_spindle_omega_radps": 0.14660716986000707,
    "tire_rl_spindle_omega_radps": 0.16861114461249724,
    "tire_rr_spindle_omega_radps": 0.16690852540996787
  },
  "val_mixed_loss": 0.05487028844499946,
  "rollout_flat_5.0s": {
    "xy_rmse_m": 1.2199617107824108,
    "yaw_rmse_rad": 0.10255684665074974,
    "errdist": 0.160686807056611,
    "mean_dist_m": 7.592170963684718,
    "episodes": 12
  },
  "rollout_flat_10.0s": {
    "xy_rmse_m": 5.298044093803799,
    "yaw_rmse_rad": 0.4532712889595601,
    "errdist": 0.15043949142920243,
    "mean_dist_m": 35.2171098391215,
    "episodes": 12
  },
  "rollout_crm_5.0s": {
    "xy_rmse_m": 0.7175072830663499,
    "yaw_rmse_rad": 0.07236243672635297,
    "errdist": 0.10025949681890901,
    "mean_dist_m": 7.1565019357949495,
    "episodes": 12
  },
  "rollout_crm_10.0s": {
    "xy_rmse_m": 1.5784831193036029,
    "yaw_rmse_rad": 0.16011988991582338,
    "errdist": 0.06304651426657938,
    "mean_dist_m": 25.036802393694717,
    "episodes": 12
  },
  "rollout_sel": 0.1067430028478909
}
{
  "epoch": 11,
  "timestamp_utc": "2026-07-13T20:59:36.786637+00:00",
  "train_loss": 0.02690945649705827,
  "val_loss": 0.00453500483679818,
  "val_rmse": {
    "vel_body_x_mps": 0.0010287835476860427,
    "vel_body_y_mps": 0.0010428481739311272,
    "roll_rad": 3.089764994167239e-05,
    "pitch_rad": 1.2859285792226696e-05,
    "roll_rate_radps": 0.0016419749016460536,
    "ang_vel_body_y_radps": 0.0009830195238412424,
    "yaw_rate_radps": 0.001502240106262772,
    "tire_fl_force_wheel_fz_n": 43.62732290548854,
    "tire_fr_force_wheel_fz_n": 44.344775085967036,
    "tire_rl_force_wheel_fz_n": 25.482441423083657,
    "tire_rr_force_wheel_fz_n": 23.84269887884647,
    "tire_fl_spindle_omega_radps": 0.0690402382403991,
    "tire_fr_spindle_omega_radps": 0.0770239500891013,
    "tire_rl_spindle_omega_radps": 0.07765904266892594,
    "tire_rr_spindle_omega_radps": 0.05784274157469028
  },
  "val_flat_loss": 0.00453500483679818,
  "val_flat_rmse": {
    "vel_body_x_mps": 0.0010287835476860427,
    "vel_body_y_mps": 0.0010428481739311272,
    "roll_rad": 3.089764994167239e-05,
    "pitch_rad": 1.2859285792226696e-05,
    "roll_rate_radps": 0.0016419749016460536,
    "ang_vel_body_y_radps": 0.0009830195238412424,
    "yaw_rate_radps": 0.001502240106262772,
    "tire_fl_force_wheel_fz_n": 43.62732290548854,
    "tire_fr_force_wheel_fz_n": 44.344775085967036,
    "tire_rl_force_wheel_fz_n": 25.482441423083657,
    "tire_rr_force_wheel_fz_n": 23.84269887884647,
    "tire_fl_spindle_omega_radps": 0.0690402382403991,
    "tire_fr_spindle_omega_radps": 0.0770239500891013,
    "tire_rl_spindle_omega_radps": 0.07765904266892594,
    "tire_rr_spindle_omega_radps": 0.05784274157469028
  },
  "val_crm_loss": 0.10798792211629916,
  "val_crm_rmse": {
    "vel_body_x_mps": 0.0033402045816694217,
    "vel_body_y_mps": 0.0028795125729980785,
    "roll_rad": 7.606864646937576e-05,
    "pitch_rad": 6.430919253409648e-05,
    "roll_rate_radps": 0.004695531654866574,
    "ang_vel_body_y_radps": 0.003245643870530049,
    "yaw_rate_radps": 0.0025682966544929918,
    "tire_fl_force_wheel_fz_n": 721.9262859183094,
    "tire_fr_force_wheel_fz_n": 735.9438631168982,
    "tire_rl_force_wheel_fz_n": 1004.6782708788293,
    "tire_rr_force_wheel_fz_n": 1067.9451447074362,
    "tire_fl_spindle_omega_radps": 0.14618963179113822,
    "tire_fr_spindle_omega_radps": 0.14781046301610168,
    "tire_rl_spindle_omega_radps": 0.17042360458385572,
    "tire_rr_spindle_omega_radps": 0.16811977707998185
  },
  "val_mixed_loss": 0.05626146347654867,
  "rollout_flat_5.0s": {
    "xy_rmse_m": 0.8911224146934903,
    "yaw_rmse_rad": 0.0754236497364812,
    "errdist": 0.1173738603827489,
    "mean_dist_m": 7.592170963684718,
    "episodes": 12
  },
  "rollout_flat_10.0s": {
    "xy_rmse_m": 4.430889283901304,
    "yaw_rmse_rad": 0.2010671604110162,
    "errdist": 0.12581638028056405,
    "mean_dist_m": 35.2171098391215,
    "episodes": 12
  },
  "rollout_crm_5.0s": {
    "xy_rmse_m": 0.3936101367467525,
    "yaw_rmse_rad": 0.053875398169172424,
    "errdist": 0.05500035356352209,
    "mean_dist_m": 7.1565019357949495,
    "episodes": 12
  },
  "rollout_crm_10.0s": {
    "xy_rmse_m": 2.080211848614326,
    "yaw_rmse_rad": 0.10156218093430701,
    "errdist": 0.08308616315708942,
    "mean_dist_m": 25.036802393694717,
    "episodes": 12
  },
  "rollout_sel": 0.10445127171882673
}
{
  "epoch": 12,
  "timestamp_utc": "2026-07-13T21:01:31.816942+00:00",
  "train_loss": 0.025563409997150302,
  "val_loss": 0.004050031355400279,
  "val_rmse": {
    "vel_body_x_mps": 0.001023179741993957,
    "vel_body_y_mps": 0.0008652916899247366,
    "roll_rad": 1.9836459258497403e-05,
    "pitch_rad": 1.260540421732432e-05,
    "roll_rate_radps": 0.001613800791733968,
    "ang_vel_body_y_radps": 0.0009500231006178902,
    "yaw_rate_radps": 0.0013947398172011382,
    "tire_fl_force_wheel_fz_n": 42.860673147047365,
    "tire_fr_force_wheel_fz_n": 43.48360872482426,
    "tire_rl_force_wheel_fz_n": 27.246752471945836,
    "tire_rr_force_wheel_fz_n": 24.14393332537937,
    "tire_fl_spindle_omega_radps": 0.06718253837757969,
    "tire_fr_spindle_omega_radps": 0.0759581430712679,
    "tire_rl_spindle_omega_radps": 0.07603270150707439,
    "tire_rr_spindle_omega_radps": 0.059557158350980424
  },
  "val_flat_loss": 0.004050031355400279,
  "val_flat_rmse": {
    "vel_body_x_mps": 0.001023179741993957,
    "vel_body_y_mps": 0.0008652916899247366,
    "roll_rad": 1.9836459258497403e-05,
    "pitch_rad": 1.260540421732432e-05,
    "roll_rate_radps": 0.001613800791733968,
    "ang_vel_body_y_radps": 0.0009500231006178902,
    "yaw_rate_radps": 0.0013947398172011382,
    "tire_fl_force_wheel_fz_n": 42.860673147047365,
    "tire_fr_force_wheel_fz_n": 43.48360872482426,
    "tire_rl_force_wheel_fz_n": 27.246752471945836,
    "tire_rr_force_wheel_fz_n": 24.14393332537937,
    "tire_fl_spindle_omega_radps": 0.06718253837757969,
    "tire_fr_spindle_omega_radps": 0.0759581430712679,
    "tire_rl_spindle_omega_radps": 0.07603270150707439,
    "tire_rr_spindle_omega_radps": 0.059557158350980424
  },
  "val_crm_loss": 0.10755066534096841,
  "val_crm_rmse": {
    "vel_body_x_mps": 0.003284210226037569,
    "vel_body_y_mps": 0.00277279914238894,
    "roll_rad": 6.712133785568091e-05,
    "pitch_rad": 4.629979076217728e-05,
    "roll_rate_radps": 0.004518253722170302,
    "ang_vel_body_y_radps": 0.00307434103899025,
    "yaw_rate_radps": 0.0025548091692093816,
    "tire_fl_force_wheel_fz_n": 728.6251522408675,
    "tire_fr_force_wheel_fz_n": 739.964817452083,
    "tire_rl_force_wheel_fz_n": 1016.6396017583031,
    "tire_rr_force_wheel_fz_n": 1070.4449818389953,
    "tire_fl_spindle_omega_radps": 0.14726243075644632,
    "tire_fr_spindle_omega_radps": 0.14882009065903676,
    "tire_rl_spindle_omega_radps": 0.16955732897951814,
    "tire_rr_spindle_omega_radps": 0.16965501300263022
  },
  "val_mixed_loss": 0.05580034834818434,
  "rollout_flat_5.0s": {
    "xy_rmse_m": 0.9915066648212143,
    "yaw_rmse_rad": 0.064130466373304,
    "errdist": 0.1305959348865881,
    "mean_dist_m": 7.592170963684718,
    "episodes": 12
  },
  "rollout_flat_10.0s": {
    "xy_rmse_m": 5.529864734929142,
    "yaw_rmse_rad": 0.11479546935549799,
    "errdist": 0.1570221054535884,
    "mean_dist_m": 35.2171098391215,
    "episodes": 12
  },
  "rollout_crm_5.0s": {
    "xy_rmse_m": 0.6094276246391023,
    "yaw_rmse_rad": 0.09203932216715482,
    "errdist": 0.0851571941301245,
    "mean_dist_m": 7.1565019357949495,
    "episodes": 12
  },
  "rollout_crm_10.0s": {
    "xy_rmse_m": 2.966830247233854,
    "yaw_rmse_rad": 0.38152447461298133,
    "errdist": 0.1184987683563386,
    "mean_dist_m": 25.036802393694717,
    "episodes": 12
  },
  "rollout_sel": 0.1377604369049635
}
{
  "epoch": 13,
  "timestamp_utc": "2026-07-13T21:03:26.497040+00:00",
  "train_loss": 0.024255232610739766,
  "val_loss": 0.0039831235081510385,
  "val_rmse": {
    "vel_body_x_mps": 0.0009893130758891785,
    "vel_body_y_mps": 0.0008272658426941176,
    "roll_rad": 2.1952504479457573e-05,
    "pitch_rad": 1.0379698479791941e-05,
    "roll_rate_radps": 0.0015816228205462375,
    "ang_vel_body_y_radps": 0.0009458147831868794,
    "yaw_rate_radps": 0.0013940531443554433,
    "tire_fl_force_wheel_fz_n": 41.79338827385949,
    "tire_fr_force_wheel_fz_n": 42.684271399187026,
    "tire_rl_force_wheel_fz_n": 25.127627010128837,
    "tire_rr_force_wheel_fz_n": 23.96089763865655,
    "tire_fl_spindle_omega_radps": 0.06819053191943139,
    "tire_fr_spindle_omega_radps": 0.07629772261254295,
    "tire_rl_spindle_omega_radps": 0.07622344761332289,
    "tire_rr_spindle_omega_radps": 0.05902082141381077
  },
  "val_flat_loss": 0.0039831235081510385,
  "val_flat_rmse": {
    "vel_body_x_mps": 0.0009893130758891785,
    "vel_body_y_mps": 0.0008272658426941176,
    "roll_rad": 2.1952504479457573e-05,
    "pitch_rad": 1.0379698479791941e-05,
    "roll_rate_radps": 0.0015816228205462375,
    "ang_vel_body_y_radps": 0.0009458147831868794,
    "yaw_rate_radps": 0.0013940531443554433,
    "tire_fl_force_wheel_fz_n": 41.79338827385949,
    "tire_fr_force_wheel_fz_n": 42.684271399187026,
    "tire_rl_force_wheel_fz_n": 25.127627010128837,
    "tire_rr_force_wheel_fz_n": 23.96089763865655,
    "tire_fl_spindle_omega_radps": 0.06819053191943139,
    "tire_fr_spindle_omega_radps": 0.07629772261254295,
    "tire_rl_spindle_omega_radps": 0.07622344761332289,
    "tire_rr_spindle_omega_radps": 0.05902082141381077
  },
  "val_crm_loss": 0.10826851500198245,
  "val_crm_rmse": {
    "vel_body_x_mps": 0.003400320484195777,
    "vel_body_y_mps": 0.002792194362433422,
    "roll_rad": 7.428026779205936e-05,
    "pitch_rad": 4.220660564888602e-05,
    "roll_rate_radps": 0.004558984263883334,
    "ang_vel_body_y_radps": 0.0029845792142115914,
    "yaw_rate_radps": 0.002542560886321255,
    "tire_fl_force_wheel_fz_n": 725.7499039029469,
    "tire_fr_force_wheel_fz_n": 736.8286887963177,
    "tire_rl_force_wheel_fz_n": 1021.8224207062633,
    "tire_rr_force_wheel_fz_n": 1078.0095476630065,
    "tire_fl_spindle_omega_radps": 0.14664197253661787,
    "tire_fr_spindle_omega_radps": 0.14689312339406552,
    "tire_rl_spindle_omega_radps": 0.17068471882462316,
    "tire_rr_spindle_omega_radps": 0.1709127937349598
  },
  "val_mixed_loss": 0.056125819255066746,
  "rollout_flat_5.0s": {
    "xy_rmse_m": 1.2644811787997672,
    "yaw_rmse_rad": 0.07582478691680714,
    "errdist": 0.16655067237659713,
    "mean_dist_m": 7.592170963684718,
    "episodes": 12
  },
  "rollout_flat_10.0s": {
    "xy_rmse_m": 5.68335125127002,
    "yaw_rmse_rad": 0.29847311090374834,
    "errdist": 0.16138039939201873,
    "mean_dist_m": 35.2171098391215,
    "episodes": 12
  },
  "rollout_crm_5.0s": {
    "xy_rmse_m": 0.6023638701552242,
    "yaw_rmse_rad": 0.09064292308452371,
    "errdist": 0.0841701540164976,
    "mean_dist_m": 7.1565019357949495,
    "episodes": 12
  },
  "rollout_crm_10.0s": {
    "xy_rmse_m": 2.5913941918637784,
    "yaw_rmse_rad": 0.20256789578230264,
    "errdist": 0.10350340075841301,
    "mean_dist_m": 25.036802393694717,
    "episodes": 12
  },
  "rollout_sel": 0.13244190007521586
}
{
  "epoch": 14,
  "timestamp_utc": "2026-07-13T21:05:21.247102+00:00",
  "train_loss": 0.023299435063265265,
  "val_loss": 0.003977243460321915,
  "val_rmse": {
    "vel_body_x_mps": 0.0009684245416064056,
    "vel_body_y_mps": 0.0007861746910155248,
    "roll_rad": 2.3280547933358795e-05,
    "pitch_rad": 1.313831336389116e-05,
    "roll_rate_radps": 0.0015591886196482086,
    "ang_vel_body_y_radps": 0.0009398363081812035,
    "yaw_rate_radps": 0.0014407545662296491,
    "tire_fl_force_wheel_fz_n": 42.145312562114526,
    "tire_fr_force_wheel_fz_n": 42.302220942425215,
    "tire_rl_force_wheel_fz_n": 24.31339394443472,
    "tire_rr_force_wheel_fz_n": 23.43938950513393,
    "tire_fl_spindle_omega_radps": 0.06734681598942806,
    "tire_fr_spindle_omega_radps": 0.07568700300589894,
    "tire_rl_spindle_omega_radps": 0.07620049900762131,
    "tire_rr_spindle_omega_radps": 0.056942061267051244
  },
  "val_flat_loss": 0.003977243460321915,
  "val_flat_rmse": {
    "vel_body_x_mps": 0.0009684245416064056,
    "vel_body_y_mps": 0.0007861746910155248,
    "roll_rad": 2.3280547933358795e-05,
    "pitch_rad": 1.313831336389116e-05,
    "roll_rate_radps": 0.0015591886196482086,
    "ang_vel_body_y_radps": 0.0009398363081812035,
    "yaw_rate_radps": 0.0014407545662296491,
    "tire_fl_force_wheel_fz_n": 42.145312562114526,
    "tire_fr_force_wheel_fz_n": 42.302220942425215,
    "tire_rl_force_wheel_fz_n": 24.31339394443472,
    "tire_rr_force_wheel_fz_n": 23.43938950513393,
    "tire_fl_spindle_omega_radps": 0.06734681598942806,
    "tire_fr_spindle_omega_radps": 0.07568700300589894,
    "tire_rl_spindle_omega_radps": 0.07620049900762131,
    "tire_rr_spindle_omega_radps": 0.056942061267051244
  },
  "val_crm_loss": 0.10918471315468196,
  "val_crm_rmse": {
    "vel_body_x_mps": 0.0033410015278085995,
    "vel_body_y_mps": 0.00277813373542015,
    "roll_rad": 6.210418618088497e-05,
    "pitch_rad": 4.577752075520214e-05,
    "roll_rate_radps": 0.004451964980751519,
    "ang_vel_body_y_radps": 0.0030279227165356452,
    "yaw_rate_radps": 0.0025402307870510095,
    "tire_fl_force_wheel_fz_n": 725.5705027110025,
    "tire_fr_force_wheel_fz_n": 733.6623180040875,
    "tire_rl_force_wheel_fz_n": 1036.5025134005439,
    "tire_rr_force_wheel_fz_n": 1090.6873041242425,
    "tire_fl_spindle_omega_radps": 0.14826171611926092,
    "tire_fr_spindle_omega_radps": 0.14754645241945544,
    "tire_rl_spindle_omega_radps": 0.17202392639786085,
    "tire_rr_spindle_omega_radps": 0.1696684335991402
  },
  "val_mixed_loss": 0.05658097830750194,
  "rollout_flat_5.0s": {
    "xy_rmse_m": 1.4237535792242424,
    "yaw_rmse_rad": 0.15648785375066604,
    "errdist": 0.1875291778905424,
    "mean_dist_m": 7.592170963684718,
    "episodes": 12
  },
  "rollout_flat_10.0s": {
    "xy_rmse_m": 7.742374277725161,
    "yaw_rmse_rad": 0.7517460298659607,
    "errdist": 0.21984695260609996,
    "mean_dist_m": 35.2171098391215,
    "episodes": 12
  },
  "rollout_crm_5.0s": {
    "xy_rmse_m": 0.4305142718625111,
    "yaw_rmse_rad": 0.03735747984085589,
    "errdist": 0.06015708173139609,
    "mean_dist_m": 7.1565019357949495,
    "episodes": 12
  },
  "rollout_crm_10.0s": {
    "xy_rmse_m": 2.029333305122452,
    "yaw_rmse_rad": 0.11566606106116327,
    "errdist": 0.08105401293711215,
    "mean_dist_m": 25.036802393694717,
    "episodes": 12
  },
  "rollout_sel": 0.15045048277160605
}
{
  "epoch": 15,
  "timestamp_utc": "2026-07-13T21:07:18.815620+00:00",
  "train_loss": 0.022364163588732482,
  "val_loss": 0.004117661693817354,
  "val_rmse": {
    "vel_body_x_mps": 0.0010606951223254735,
    "vel_body_y_mps": 0.0008327054014905927,
    "roll_rad": 2.452051562776265e-05,
    "pitch_rad": 1.2960614371916745e-05,
    "roll_rate_radps": 0.0015570395456580995,
    "ang_vel_body_y_radps": 0.0009310886559858766,
    "yaw_rate_radps": 0.0014143937701640913,
    "tire_fl_force_wheel_fz_n": 42.69269325440681,
    "tire_fr_force_wheel_fz_n": 41.695320505588526,
    "tire_rl_force_wheel_fz_n": 24.405614926700185,
    "tire_rr_force_wheel_fz_n": 23.2396367353176,
    "tire_fl_spindle_omega_radps": 0.067099480452292,
    "tire_fr_spindle_omega_radps": 0.07551030447812626,
    "tire_rl_spindle_omega_radps": 0.0773845027500781,
    "tire_rr_spindle_omega_radps": 0.058753462600647226
  },
  "val_flat_loss": 0.004117661693817354,
  "val_flat_rmse": {
    "vel_body_x_mps": 0.0010606951223254735,
    "vel_body_y_mps": 0.0008327054014905927,
    "roll_rad": 2.452051562776265e-05,
    "pitch_rad": 1.2960614371916745e-05,
    "roll_rate_radps": 0.0015570395456580995,
    "ang_vel_body_y_radps": 0.0009310886559858766,
    "yaw_rate_radps": 0.0014143937701640913,
    "tire_fl_force_wheel_fz_n": 42.69269325440681,
    "tire_fr_force_wheel_fz_n": 41.695320505588526,
    "tire_rl_force_wheel_fz_n": 24.405614926700185,
    "tire_rr_force_wheel_fz_n": 23.2396367353176,
    "tire_fl_spindle_omega_radps": 0.067099480452292,
    "tire_fr_spindle_omega_radps": 0.07551030447812626,
    "tire_rl_spindle_omega_radps": 0.0773845027500781,
    "tire_rr_spindle_omega_radps": 0.058753462600647226
  },
  "val_crm_loss": 0.10970361575542484,
  "val_crm_rmse": {
    "vel_body_x_mps": 0.0034155535749162687,
    "vel_body_y_mps": 0.002815360991448071,
    "roll_rad": 6.750045364533754e-05,
    "pitch_rad": 4.2178967334060626e-05,
    "roll_rate_radps": 0.004493717903139382,
    "ang_vel_body_y_radps": 0.0030715363734686797,
    "yaw_rate_radps": 0.0025678846892634895,
    "tire_fl_force_wheel_fz_n": 728.535942513265,
    "tire_fr_force_wheel_fz_n": 736.5580066204557,
    "tire_rl_force_wheel_fz_n": 1039.777843404077,
    "tire_rr_force_wheel_fz_n": 1083.2918631095322,
    "tire_fl_spindle_omega_radps": 0.14797493973961087,
    "tire_fr_spindle_omega_radps": 0.1467640871073442,
    "tire_rl_spindle_omega_radps": 0.17165011201930938,
    "tire_rr_spindle_omega_radps": 0.16889273301781174
  },
  "val_mixed_loss": 0.0569106387246211,
  "rollout_flat_5.0s": {
    "xy_rmse_m": 1.5689096898924915,
    "yaw_rmse_rad": 0.127768336641024,
    "errdist": 0.20664836150252477,
    "mean_dist_m": 7.592170963684718,
    "episodes": 12
  },
  "rollout_flat_10.0s": {
    "xy_rmse_m": 9.881621741505162,
    "yaw_rmse_rad": 0.5616227623354175,
    "errdist": 0.28059150187639764,
    "mean_dist_m": 35.2171098391215,
    "episodes": 12
  },
  "rollout_crm_5.0s": {
    "xy_rmse_m": 1.1701447358229013,
    "yaw_rmse_rad": 0.04042139779212118,
    "errdist": 0.16350791857822936,
    "mean_dist_m": 7.1565019357949495,
    "episodes": 12
  },
  "rollout_crm_10.0s": {
    "xy_rmse_m": 4.024372531799075,
    "yaw_rmse_rad": 0.220294827074804,
    "errdist": 0.16073827913474187,
    "mean_dist_m": 25.036802393694717,
    "episodes": 12
  },
  "rollout_sel": 0.22066489050556976
}
{
  "epoch": 16,
  "timestamp_utc": "2026-07-13T21:09:12.978339+00:00",
  "train_loss": 0.021561121773906053,
  "val_loss": 0.0042154603039671204,
  "val_rmse": {
    "vel_body_x_mps": 0.001031237416431832,
    "vel_body_y_mps": 0.0009162647480479432,
    "roll_rad": 2.2217865278937027e-05,
    "pitch_rad": 1.1218492928478088e-05,
    "roll_rate_radps": 0.0015647415223762392,
    "ang_vel_body_y_radps": 0.00094648828844405,
    "yaw_rate_radps": 0.001389571607121259,
    "tire_fl_force_wheel_fz_n": 42.1660656306563,
    "tire_fr_force_wheel_fz_n": 41.48703756611997,
    "tire_rl_force_wheel_fz_n": 26.482979684268578,
    "tire_rr_force_wheel_fz_n": 23.593727358977716,
    "tire_fl_spindle_omega_radps": 0.07063498159064671,
    "tire_fr_spindle_omega_radps": 0.07713887400682441,
    "tire_rl_spindle_omega_radps": 0.07632227989385271,
    "tire_rr_spindle_omega_radps": 0.058708837295489626
  },
  "val_flat_loss": 0.0042154603039671204,
  "val_flat_rmse": {
    "vel_body_x_mps": 0.001031237416431832,
    "vel_body_y_mps": 0.0009162647480479432,
    "roll_rad": 2.2217865278937027e-05,
    "pitch_rad": 1.1218492928478088e-05,
    "roll_rate_radps": 0.0015647415223762392,
    "ang_vel_body_y_radps": 0.00094648828844405,
    "yaw_rate_radps": 0.001389571607121259,
    "tire_fl_force_wheel_fz_n": 42.1660656306563,
    "tire_fr_force_wheel_fz_n": 41.48703756611997,
    "tire_rl_force_wheel_fz_n": 26.482979684268578,
    "tire_rr_force_wheel_fz_n": 23.593727358977716,
    "tire_fl_spindle_omega_radps": 0.07063498159064671,
    "tire_fr_spindle_omega_radps": 0.07713887400682441,
    "tire_rl_spindle_omega_radps": 0.07632227989385271,
    "tire_rr_spindle_omega_radps": 0.058708837295489626
  },
  "val_crm_loss": 0.11094757303362712,
  "val_crm_rmse": {
    "vel_body_x_mps": 0.003372463991850333,
    "vel_body_y_mps": 0.002895110384141757,
    "roll_rad": 6.475056609915893e-05,
    "pitch_rad": 4.75437045413611e-05,
    "roll_rate_radps": 0.00443223463065754,
    "ang_vel_body_y_radps": 0.002990797018760293,
    "yaw_rate_radps": 0.002574161363312532,
    "tire_fl_force_wheel_fz_n": 729.4857507246141,
    "tire_fr_force_wheel_fz_n": 735.8391878966055,
    "tire_rl_force_wheel_fz_n": 1052.091341988521,
    "tire_rr_force_wheel_fz_n": 1095.7249392798424,
    "tire_fl_spindle_omega_radps": 0.1487451981530985,
    "tire_fr_spindle_omega_radps": 0.14767891371872233,
    "tire_rl_spindle_omega_radps": 0.1735330216258765,
    "tire_rr_spindle_omega_radps": 0.1710772291892782
  },
  "val_mixed_loss": 0.05758151666879712,
  "rollout_flat_5.0s": {
    "xy_rmse_m": 1.2306009011325092,
    "yaw_rmse_rad": 0.07363520890711737,
    "errdist": 0.16208814409195813,
    "mean_dist_m": 7.592170963684718,
    "episodes": 12
  },
  "rollout_flat_10.0s": {
    "xy_rmse_m": 5.884568179527297,
    "yaw_rmse_rad": 0.253412159798648,
    "errdist": 0.1670940121551465,
    "mean_dist_m": 35.2171098391215,
    "episodes": 12
  },
  "rollout_crm_5.0s": {
    "xy_rmse_m": 0.5417044911994215,
    "yaw_rmse_rad": 0.0554317709849561,
    "errdist": 0.07569403265161677,
    "mean_dist_m": 7.1565019357949495,
    "episodes": 12
  },
  "rollout_crm_10.0s": {
    "xy_rmse_m": 1.5471663252212942,
    "yaw_rmse_rad": 0.08809533790112639,
    "errdist": 0.061795683845431215,
    "mean_dist_m": 25.036802393694717,
    "episodes": 12
  },
  "rollout_sel": 0.11444484800028885
}
{
  "epoch": 17,
  "timestamp_utc": "2026-07-13T21:11:07.196685+00:00",
  "train_loss": 0.0207546978010796,
  "val_loss": 0.004019155043024512,
  "val_rmse": {
    "vel_body_x_mps": 0.0009727650070867672,
    "vel_body_y_mps": 0.0011692427755391412,
    "roll_rad": 2.248043854929542e-05,
    "pitch_rad": 1.1912944756266965e-05,
    "roll_rate_radps": 0.0015469127676412083,
    "ang_vel_body_y_radps": 0.0009299027042901759,
    "yaw_rate_radps": 0.0013861774821204572,
    "tire_fl_force_wheel_fz_n": 41.56422482179887,
    "tire_fr_force_wheel_fz_n": 41.22985691806726,
    "tire_rl_force_wheel_fz_n": 24.81602208504718,
    "tire_rr_force_wheel_fz_n": 23.0324845879347,
    "tire_fl_spindle_omega_radps": 0.0680252158807397,
    "tire_fr_spindle_omega_radps": 0.07537314238490442,
    "tire_rl_spindle_omega_radps": 0.07532468456516164,
    "tire_rr_spindle_omega_radps": 0.055962773762546096
  },
  "val_flat_loss": 0.004019155043024512,
  "val_flat_rmse": {
    "vel_body_x_mps": 0.0009727650070867672,
    "vel_body_y_mps": 0.0011692427755391412,
    "roll_rad": 2.248043854929542e-05,
    "pitch_rad": 1.1912944756266965e-05,
    "roll_rate_radps": 0.0015469127676412083,
    "ang_vel_body_y_radps": 0.0009299027042901759,
    "yaw_rate_radps": 0.0013861774821204572,
    "tire_fl_force_wheel_fz_n": 41.56422482179887,
    "tire_fr_force_wheel_fz_n": 41.22985691806726,
    "tire_rl_force_wheel_fz_n": 24.81602208504718,
    "tire_rr_force_wheel_fz_n": 23.0324845879347,
    "tire_fl_spindle_omega_radps": 0.0680252158807397,
    "tire_fr_spindle_omega_radps": 0.07537314238490442,
    "tire_rl_spindle_omega_radps": 0.07532468456516164,
    "tire_rr_spindle_omega_radps": 0.055962773762546096
  },
  "val_crm_loss": 0.11094917812384665,
  "val_crm_rmse": {
    "vel_body_x_mps": 0.0033453936657884113,
    "vel_body_y_mps": 0.0027867329854038884,
    "roll_rad": 6.479213953652654e-05,
    "pitch_rad": 4.316767270861241e-05,
    "roll_rate_radps": 0.004473079641462336,
    "ang_vel_body_y_radps": 0.0029646251916814,
    "yaw_rate_radps": 0.0025706766053664606,
    "tire_fl_force_wheel_fz_n": 727.9131693507529,
    "tire_fr_force_wheel_fz_n": 738.8898109228106,
    "tire_rl_force_wheel_fz_n": 1056.8900109174094,
    "tire_rr_force_wheel_fz_n": 1100.4902645367144,
    "tire_fl_spindle_omega_radps": 0.1467581037836794,
    "tire_fr_spindle_omega_radps": 0.14763656896031335,
    "tire_rl_spindle_omega_radps": 0.1718575491041876,
    "tire_rr_spindle_omega_radps": 0.1684730819753586
  },
  "val_mixed_loss": 0.05748416658343558,
  "rollout_flat_5.0s": {
    "xy_rmse_m": 1.0372390559861802,
    "yaw_rmse_rad": 0.12108965197032912,
    "errdist": 0.13661955993187694,
    "mean_dist_m": 7.592170963684718,
    "episodes": 12
  },
  "rollout_flat_10.0s": {
    "xy_rmse_m": 5.302523960393319,
    "yaw_rmse_rad": 0.5904459417816524,
    "errdist": 0.1505666985342143,
    "mean_dist_m": 35.2171098391215,
    "episodes": 12
  },
  "rollout_crm_5.0s": {
    "xy_rmse_m": 0.6238591789043831,
    "yaw_rmse_rad": 0.035249948120882196,
    "errdist": 0.0871737595408174,
    "mean_dist_m": 7.1565019357949495,
    "episodes": 12
  },
  "rollout_crm_10.0s": {
    "xy_rmse_m": 2.9765765644318587,
    "yaw_rmse_rad": 0.09711994749373018,
    "errdist": 0.11888804798736924,
    "mean_dist_m": 25.036802393694717,
    "episodes": 12
  },
  "rollout_sel": 0.13472737326079176
}
{
  "epoch": 18,
  "timestamp_utc": "2026-07-13T21:12:59.705600+00:00",
  "train_loss": 0.02003444502223283,
  "val_loss": 0.00410807339798339,
  "val_rmse": {
    "vel_body_x_mps": 0.001077821192447548,
    "vel_body_y_mps": 0.0008313200260433355,
    "roll_rad": 3.054502347573896e-05,
    "pitch_rad": 1.337530386740908e-05,
    "roll_rate_radps": 0.001578732924263755,
    "ang_vel_body_y_radps": 0.0009327245751571319,
    "yaw_rate_radps": 0.0014211412619399618,
    "tire_fl_force_wheel_fz_n": 43.44551133520363,
    "tire_fr_force_wheel_fz_n": 43.193673635113626,
    "tire_rl_force_wheel_fz_n": 23.976899685643748,
    "tire_rr_force_wheel_fz_n": 24.7139667188606,
    "tire_fl_spindle_omega_radps": 0.06825113327624319,
    "tire_fr_spindle_omega_radps": 0.07468955847301617,
    "tire_rl_spindle_omega_radps": 0.07566772129071714,
    "tire_rr_spindle_omega_radps": 0.05725179050063384
  },
  "val_flat_loss": 0.00410807339798339,
  "val_flat_rmse": {
    "vel_body_x_mps": 0.001077821192447548,
    "vel_body_y_mps": 0.0008313200260433355,
    "roll_rad": 3.054502347573896e-05,
    "pitch_rad": 1.337530386740908e-05,
    "roll_rate_radps": 0.001578732924263755,
    "ang_vel_body_y_radps": 0.0009327245751571319,
    "yaw_rate_radps": 0.0014211412619399618,
    "tire_fl_force_wheel_fz_n": 43.44551133520363,
    "tire_fr_force_wheel_fz_n": 43.193673635113626,
    "tire_rl_force_wheel_fz_n": 23.976899685643748,
    "tire_rr_force_wheel_fz_n": 24.7139667188606,
    "tire_fl_spindle_omega_radps": 0.06825113327624319,
    "tire_fr_spindle_omega_radps": 0.07468955847301617,
    "tire_rl_spindle_omega_radps": 0.07566772129071714,
    "tire_rr_spindle_omega_radps": 0.05725179050063384
  },
  "val_crm_loss": 0.11242818067024928,
  "val_crm_rmse": {
    "vel_body_x_mps": 0.00340742428816917,
    "vel_body_y_mps": 0.0028464441144381205,
    "roll_rad": 6.633311371946522e-05,
    "pitch_rad": 4.622738170567532e-05,
    "roll_rate_radps": 0.004555981373737601,
    "ang_vel_body_y_radps": 0.0029996483664100743,
    "yaw_rate_radps": 0.002565415973328918,
    "tire_fl_force_wheel_fz_n": 736.022324958227,
    "tire_fr_force_wheel_fz_n": 748.1548096649874,
    "tire_rl_force_wheel_fz_n": 1059.0995907900588,
    "tire_rr_force_wheel_fz_n": 1104.5920424628348,
    "tire_fl_spindle_omega_radps": 0.14781297950971922,
    "tire_fr_spindle_omega_radps": 0.1474769036793604,
    "tire_rl_spindle_omega_radps": 0.17202462332672272,
    "tire_rr_spindle_omega_radps": 0.16980756612984804
  },
  "val_mixed_loss": 0.05826812703411633,
  "rollout_flat_5.0s": {
    "xy_rmse_m": 1.0235788051131658,
    "yaw_rmse_rad": 0.0652030197328275,
    "errdist": 0.13482030502331985,
    "mean_dist_m": 7.592170963684718,
    "episodes": 12
  },
  "rollout_flat_10.0s": {
    "xy_rmse_m": 3.8259265556990067,
    "yaw_rmse_rad": 0.1501558373822998,
    "errdist": 0.10863828897875413,
    "mean_dist_m": 35.2171098391215,
    "episodes": 12
  },
  "rollout_crm_5.0s": {
    "xy_rmse_m": 0.6739481058676215,
    "yaw_rmse_rad": 0.03274145696898036,
    "errdist": 0.09417283917673655,
    "mean_dist_m": 7.1565019357949495,
    "episodes": 12
  },
  "rollout_crm_10.0s": {
    "xy_rmse_m": 1.4864010433000368,
    "yaw_rmse_rad": 0.08766396352303807,
    "errdist": 0.059368645401553864,
    "mean_dist_m": 25.036802393694717,
    "episodes": 12
  },
  "rollout_sel": 0.084003467190154
}
{
  "epoch": 19,
  "timestamp_utc": "2026-07-13T21:14:54.542540+00:00",
  "train_loss": 0.019455405444372444,
  "val_loss": 0.0050795806262249246,
  "val_rmse": {
    "vel_body_x_mps": 0.0009906218462181762,
    "vel_body_y_mps": 0.0008575042961285558,
    "roll_rad": 2.871853162224344e-05,
    "pitch_rad": 9.926025786653442e-06,
    "roll_rate_radps": 0.0015329203635381062,
    "ang_vel_body_y_radps": 0.0009371114635602917,
    "yaw_rate_radps": 0.0015276278263934536,
    "tire_fl_force_wheel_fz_n": 40.94717690700725,
    "tire_fr_force_wheel_fz_n": 43.78848757369305,
    "tire_rl_force_wheel_fz_n": 24.137096906009525,
    "tire_rr_force_wheel_fz_n": 23.24953257183152,
    "tire_fl_spindle_omega_radps": 0.06708563414719405,
    "tire_fr_spindle_omega_radps": 0.07494410838999913,
    "tire_rl_spindle_omega_radps": 0.08804618224667807,
    "tire_rr_spindle_omega_radps": 0.07374832139972233
  },
  "val_flat_loss": 0.0050795806262249246,
  "val_flat_rmse": {
    "vel_body_x_mps": 0.0009906218462181762,
    "vel_body_y_mps": 0.0008575042961285558,
    "roll_rad": 2.871853162224344e-05,
    "pitch_rad": 9.926025786653442e-06,
    "roll_rate_radps": 0.0015329203635381062,
    "ang_vel_body_y_radps": 0.0009371114635602917,
    "yaw_rate_radps": 0.0015276278263934536,
    "tire_fl_force_wheel_fz_n": 40.94717690700725,
    "tire_fr_force_wheel_fz_n": 43.78848757369305,
    "tire_rl_force_wheel_fz_n": 24.137096906009525,
    "tire_rr_force_wheel_fz_n": 23.24953257183152,
    "tire_fl_spindle_omega_radps": 0.06708563414719405,
    "tire_fr_spindle_omega_radps": 0.07494410838999913,
    "tire_rl_spindle_omega_radps": 0.08804618224667807,
    "tire_rr_spindle_omega_radps": 0.07374832139972233
  },
  "val_crm_loss": 0.11150634123012423,
  "val_crm_rmse": {
    "vel_body_x_mps": 0.0033712575228351913,
    "vel_body_y_mps": 0.002788271148162016,
    "roll_rad": 6.519876091685994e-05,
    "pitch_rad": 3.969565328220412e-05,
    "roll_rate_radps": 0.004404194692377071,
    "ang_vel_body_y_radps": 0.002930688789079715,
    "yaw_rate_radps": 0.002548777746177491,
    "tire_fl_force_wheel_fz_n": 739.1887610683391,
    "tire_fr_force_wheel_fz_n": 741.1247938957063,
    "tire_rl_force_wheel_fz_n": 1055.6241952798146,
    "tire_rr_force_wheel_fz_n": 1102.8337374407074,
    "tire_fl_spindle_omega_radps": 0.14713089295513787,
    "tire_fr_spindle_omega_radps": 0.14703385414317022,
    "tire_rl_spindle_omega_radps": 0.17097334336330583,
    "tire_rr_spindle_omega_radps": 0.16998341124844274
  },
  "val_mixed_loss": 0.05829296092817458,
  "rollout_flat_5.0s": {
    "xy_rmse_m": 2.194445806360694,
    "yaw_rmse_rad": 0.13720435222938054,
    "errdist": 0.28904062050990237,
    "mean_dist_m": 7.592170963684718,
    "episodes": 12
  },
  "rollout_flat_10.0s": {
    "xy_rmse_m": 7.194006441363909,
    "yaw_rmse_rad": 0.2172824374368138,
    "errdist": 0.204275889595356,
    "mean_dist_m": 35.2171098391215,
    "episodes": 12
  },
  "rollout_crm_5.0s": {
    "xy_rmse_m": 0.9192133717215049,
    "yaw_rmse_rad": 0.05927857772154466,
    "errdist": 0.1284445082203975,
    "mean_dist_m": 7.1565019357949495,
    "episodes": 12
  },
  "rollout_crm_10.0s": {
    "xy_rmse_m": 3.455585431020559,
    "yaw_rmse_rad": 0.1497099127246437,
    "errdist": 0.1380202382350078,
    "mean_dist_m": 25.036802393694717,
    "episodes": 12
  },
  "rollout_sel": 0.1711480639151819
}
{
  "epoch": 20,
  "timestamp_utc": "2026-07-13T21:16:48.628764+00:00",
  "train_loss": 0.018745384083129465,
  "val_loss": 0.0037049187284719665,
  "val_rmse": {
    "vel_body_x_mps": 0.000939129386356234,
    "vel_body_y_mps": 0.0007818890789865028,
    "roll_rad": 1.8109991353175683e-05,
    "pitch_rad": 1.0636647597455031e-05,
    "roll_rate_radps": 0.0015958989135291376,
    "ang_vel_body_y_radps": 0.0009465135844547589,
    "yaw_rate_radps": 0.0013836164675190721,
    "tire_fl_force_wheel_fz_n": 41.81544605727423,
    "tire_fr_force_wheel_fz_n": 41.73445516597885,
    "tire_rl_force_wheel_fz_n": 24.342139918957077,
    "tire_rr_force_wheel_fz_n": 22.705502762326194,
    "tire_fl_spindle_omega_radps": 0.06671375178442321,
    "tire_fr_spindle_omega_radps": 0.07469970942775415,
    "tire_rl_spindle_omega_radps": 0.07569414499514837,
    "tire_rr_spindle_omega_radps": 0.056595537498042865
  },
  "val_flat_loss": 0.0037049187284719665,
  "val_flat_rmse": {
    "vel_body_x_mps": 0.000939129386356234,
    "vel_body_y_mps": 0.0007818890789865028,
    "roll_rad": 1.8109991353175683e-05,
    "pitch_rad": 1.0636647597455031e-05,
    "roll_rate_radps": 0.0015958989135291376,
    "ang_vel_body_y_radps": 0.0009465135844547589,
    "yaw_rate_radps": 0.0013836164675190721,
    "tire_fl_force_wheel_fz_n": 41.81544605727423,
    "tire_fr_force_wheel_fz_n": 41.73445516597885,
    "tire_rl_force_wheel_fz_n": 24.342139918957077,
    "tire_rr_force_wheel_fz_n": 22.705502762326194,
    "tire_fl_spindle_omega_radps": 0.06671375178442321,
    "tire_fr_spindle_omega_radps": 0.07469970942775415,
    "tire_rl_spindle_omega_radps": 0.07569414499514837,
    "tire_rr_spindle_omega_radps": 0.056595537498042865
  },
  "val_crm_loss": 0.11125359954312444,
  "val_crm_rmse": {
    "vel_body_x_mps": 0.00338058941817554,
    "vel_body_y_mps": 0.002785147469076165,
    "roll_rad": 6.456784630097377e-05,
    "pitch_rad": 3.877240417118652e-05,
    "roll_rate_radps": 0.004497107198253359,
    "ang_vel_body_y_radps": 0.0029296413601761578,
    "yaw_rate_radps": 0.002542478141047871,
    "tire_fl_force_wheel_fz_n": 734.0694478937635,
    "tire_fr_force_wheel_fz_n": 741.7888608399038,
    "tire_rl_force_wheel_fz_n": 1048.7256535603326,
    "tire_rr_force_wheel_fz_n": 1093.2120253947317,
    "tire_fl_spindle_omega_radps": 0.14721105034922224,
    "tire_fr_spindle_omega_radps": 0.14762254635350489,
    "tire_rl_spindle_omega_radps": 0.17256907405320454,
    "tire_rr_spindle_omega_radps": 0.17155859390695705
  },
  "val_mixed_loss": 0.057479259135798204,
  "rollout_flat_5.0s": {
    "xy_rmse_m": 1.1251029050174988,
    "yaw_rmse_rad": 0.061175990674678334,
    "errdist": 0.14819251442033532,
    "mean_dist_m": 7.592170963684718,
    "episodes": 12
  },
  "rollout_flat_10.0s": {
    "xy_rmse_m": 3.3445098987002666,
    "yaw_rmse_rad": 0.08430206687643015,
    "errdist": 0.09496832403279623,
    "mean_dist_m": 35.2171098391215,
    "episodes": 12
  },
  "rollout_crm_5.0s": {
    "xy_rmse_m": 0.8222125197029998,
    "yaw_rmse_rad": 0.056573715086032136,
    "errdist": 0.11489028118479337,
    "mean_dist_m": 7.1565019357949495,
    "episodes": 12
  },
  "rollout_crm_10.0s": {
    "xy_rmse_m": 3.5753934068452615,
    "yaw_rmse_rad": 0.1652152396230152,
    "errdist": 0.1428055128855309,
    "mean_dist_m": 25.036802393694717,
    "episodes": 12
  },
  "rollout_sel": 0.11888691845916356
}
{
  "epoch": 21,
  "timestamp_utc": "2026-07-13T21:18:42.729112+00:00",
  "train_loss": 0.01820162132335827,
  "val_loss": 0.003810795194003731,
  "val_rmse": {
    "vel_body_x_mps": 0.0009371554541913362,
    "vel_body_y_mps": 0.0010005940754281664,
    "roll_rad": 1.9684164928705956e-05,
    "pitch_rad": 9.931274294291148e-06,
    "roll_rate_radps": 0.0015408430447948266,
    "ang_vel_body_y_radps": 0.0009296641543149014,
    "yaw_rate_radps": 0.0013644891782600662,
    "tire_fl_force_wheel_fz_n": 40.32778324648965,
    "tire_fr_force_wheel_fz_n": 41.30594355036183,
    "tire_rl_force_wheel_fz_n": 23.796578560458688,
    "tire_rr_force_wheel_fz_n": 23.489330083921182,
    "tire_fl_spindle_omega_radps": 0.06775478135300879,
    "tire_fr_spindle_omega_radps": 0.07479255554091199,
    "tire_rl_spindle_omega_radps": 0.07523532415087163,
    "tire_rr_spindle_omega_radps": 0.0570324052488323
  },
  "val_flat_loss": 0.003810795194003731,
  "val_flat_rmse": {
    "vel_body_x_mps": 0.0009371554541913362,
    "vel_body_y_mps": 0.0010005940754281664,
    "roll_rad": 1.9684164928705956e-05,
    "pitch_rad": 9.931274294291148e-06,
    "roll_rate_radps": 0.0015408430447948266,
    "ang_vel_body_y_radps": 0.0009296641543149014,
    "yaw_rate_radps": 0.0013644891782600662,
    "tire_fl_force_wheel_fz_n": 40.32778324648965,
    "tire_fr_force_wheel_fz_n": 41.30594355036183,
    "tire_rl_force_wheel_fz_n": 23.796578560458688,
    "tire_rr_force_wheel_fz_n": 23.489330083921182,
    "tire_fl_spindle_omega_radps": 0.06775478135300879,
    "tire_fr_spindle_omega_radps": 0.07479255554091199,
    "tire_rl_spindle_omega_radps": 0.07523532415087163,
    "tire_rr_spindle_omega_radps": 0.0570324052488323
  },
  "val_crm_loss": 0.11147925193945411,
  "val_crm_rmse": {
    "vel_body_x_mps": 0.0034158716089134006,
    "vel_body_y_mps": 0.0027932608188265574,
    "roll_rad": 6.485073915465323e-05,
    "pitch_rad": 3.8504646785998745e-05,
    "roll_rate_radps": 0.00445157169955717,
    "ang_vel_body_y_radps": 0.002905688780607906,
    "yaw_rate_radps": 0.002535062879636824,
    "tire_fl_force_wheel_fz_n": 737.3109311656166,
    "tire_fr_force_wheel_fz_n": 739.9291249710805,
    "tire_rl_force_wheel_fz_n": 1056.6971329818448,
    "tire_rr_force_wheel_fz_n": 1100.4359882550307,
    "tire_fl_spindle_omega_radps": 0.14653479504821867,
    "tire_fr_spindle_omega_radps": 0.14636506545838116,
    "tire_rl_spindle_omega_radps": 0.170835139223608,
    "tire_rr_spindle_omega_radps": 0.17047300779146304
  },
  "val_mixed_loss": 0.057645023566728924,
  "rollout_flat_5.0s": {
    "xy_rmse_m": 1.768904912520335,
    "yaw_rmse_rad": 0.11413386720691432,
    "errdist": 0.23299065853251416,
    "mean_dist_m": 7.592170963684718,
    "episodes": 12
  },
  "rollout_flat_10.0s": {
    "xy_rmse_m": 6.233054426892707,
    "yaw_rmse_rad": 0.23665872519952616,
    "errdist": 0.17698937974656334,
    "mean_dist_m": 35.2171098391215,
    "episodes": 12
  },
  "rollout_crm_5.0s": {
    "xy_rmse_m": 0.5550491394879351,
    "yaw_rmse_rad": 0.04328688356767239,
    "errdist": 0.07755872135124069,
    "mean_dist_m": 7.1565019357949495,
    "episodes": 12
  },
  "rollout_crm_10.0s": {
    "xy_rmse_m": 2.2492372972051196,
    "yaw_rmse_rad": 0.08534277254550807,
    "errdist": 0.08983724286499017,
    "mean_dist_m": 25.036802393694717,
    "episodes": 12
  },
  "rollout_sel": 0.13341331130577677
}
{
  "epoch": 22,
  "timestamp_utc": "2026-07-13T21:20:35.581778+00:00",
  "train_loss": 0.01774133683834225,
  "val_loss": 0.004197674056231335,
  "val_rmse": {
    "vel_body_x_mps": 0.0009547225888895409,
    "vel_body_y_mps": 0.000835045595805737,
    "roll_rad": 2.3916724940167943e-05,
    "pitch_rad": 1.1863793954891042e-05,
    "roll_rate_radps": 0.0015574583969174783,
    "ang_vel_body_y_radps": 0.0009295731711468008,
    "yaw_rate_radps": 0.00147572999558209,
    "tire_fl_force_wheel_fz_n": 41.0749835197151,
    "tire_fr_force_wheel_fz_n": 41.374267664072455,
    "tire_rl_force_wheel_fz_n": 24.5178410239321,
    "tire_rr_force_wheel_fz_n": 23.045899342100018,
    "tire_fl_spindle_omega_radps": 0.06865960556024453,
    "tire_fr_spindle_omega_radps": 0.07652919102345591,
    "tire_rl_spindle_omega_radps": 0.07742102279269703,
    "tire_rr_spindle_omega_radps": 0.057649591445721834
  },
  "val_flat_loss": 0.004197674056231335,
  "val_flat_rmse": {
    "vel_body_x_mps": 0.0009547225888895409,
    "vel_body_y_mps": 0.000835045595805737,
    "roll_rad": 2.3916724940167943e-05,
    "pitch_rad": 1.1863793954891042e-05,
    "roll_rate_radps": 0.0015574583969174783,
    "ang_vel_body_y_radps": 0.0009295731711468008,
    "yaw_rate_radps": 0.00147572999558209,
    "tire_fl_force_wheel_fz_n": 41.0749835197151,
    "tire_fr_force_wheel_fz_n": 41.374267664072455,
    "tire_rl_force_wheel_fz_n": 24.5178410239321,
    "tire_rr_force_wheel_fz_n": 23.045899342100018,
    "tire_fl_spindle_omega_radps": 0.06865960556024453,
    "tire_fr_spindle_omega_radps": 0.07652919102345591,
    "tire_rl_spindle_omega_radps": 0.07742102279269703,
    "tire_rr_spindle_omega_radps": 0.057649591445721834
  },
  "val_crm_loss": 0.11205414468131494,
  "val_crm_rmse": {
    "vel_body_x_mps": 0.0033834180679439122,
    "vel_body_y_mps": 0.0027680673818360584,
    "roll_rad": 6.378877503698181e-05,
    "pitch_rad": 4.13311717004258e-05,
    "roll_rate_radps": 0.004278445385754826,
    "ang_vel_body_y_radps": 0.002899274489237154,
    "yaw_rate_radps": 0.002548256214281511,
    "tire_fl_force_wheel_fz_n": 739.2854551568987,
    "tire_fr_force_wheel_fz_n": 738.2613592112176,
    "tire_rl_force_wheel_fz_n": 1071.9584945557795,
    "tire_rr_force_wheel_fz_n": 1098.2279862957043,
    "tire_fl_spindle_omega_radps": 0.14737113171026067,
    "tire_fr_spindle_omega_radps": 0.1456827431638846,
    "tire_rl_spindle_omega_radps": 0.17320182514666754,
    "tire_rr_spindle_omega_radps": 0.17038595422214844
  },
  "val_mixed_loss": 0.05812590936877314,
  "rollout_flat_5.0s": {
    "xy_rmse_m": 1.0313645393649564,
    "yaw_rmse_rad": 0.07478718354466216,
    "errdist": 0.13584580014046507,
    "mean_dist_m": 7.592170963684718,
    "episodes": 12
  },
  "rollout_flat_10.0s": {
    "xy_rmse_m": 5.053504087705196,
    "yaw_rmse_rad": 0.2557260260159276,
    "errdist": 0.14349570736470343,
    "mean_dist_m": 35.2171098391215,
    "episodes": 12
  },
  "rollout_crm_5.0s": {
    "xy_rmse_m": 0.8215691678915755,
    "yaw_rmse_rad": 0.04915841709541903,
    "errdist": 0.11480038365982989,
    "mean_dist_m": 7.1565019357949495,
    "episodes": 12
  },
  "rollout_crm_10.0s": {
    "xy_rmse_m": 3.711068445726292,
    "yaw_rmse_rad": 0.12331820890468942,
    "errdist": 0.14822453711824196,
    "mean_dist_m": 25.036802393694717,
    "episodes": 12
  },
  "rollout_sel": 0.1458601222414727
}
{
  "epoch": 23,
  "timestamp_utc": "2026-07-13T21:22:29.496563+00:00",
  "train_loss": 0.017279024076182394,
  "val_loss": 0.003984329661616357,
  "val_rmse": {
    "vel_body_x_mps": 0.0009876602350230995,
    "vel_body_y_mps": 0.0007851282703705593,
    "roll_rad": 1.8791537035950835e-05,
    "pitch_rad": 1.0386053624285973e-05,
    "roll_rate_radps": 0.0015679856197466722,
    "ang_vel_body_y_radps": 0.0009277916392709969,
    "yaw_rate_radps": 0.0014386799000002824,
    "tire_fl_force_wheel_fz_n": 40.56703152094138,
    "tire_fr_force_wheel_fz_n": 42.607917092606314,
    "tire_rl_force_wheel_fz_n": 24.419585940031926,
    "tire_rr_force_wheel_fz_n": 23.24684558409645,
    "tire_fl_spindle_omega_radps": 0.06622445933527155,
    "tire_fr_spindle_omega_radps": 0.07515055608872633,
    "tire_rl_spindle_omega_radps": 0.07674224527827986,
    "tire_rr_spindle_omega_radps": 0.057973694301719836
  },
  "val_flat_loss": 0.003984329661616357,
  "val_flat_rmse": {
    "vel_body_x_mps": 0.0009876602350230995,
    "vel_body_y_mps": 0.0007851282703705593,
    "roll_rad": 1.8791537035950835e-05,
    "pitch_rad": 1.0386053624285973e-05,
    "roll_rate_radps": 0.0015679856197466722,
    "ang_vel_body_y_radps": 0.0009277916392709969,
    "yaw_rate_radps": 0.0014386799000002824,
    "tire_fl_force_wheel_fz_n": 40.56703152094138,
    "tire_fr_force_wheel_fz_n": 42.607917092606314,
    "tire_rl_force_wheel_fz_n": 24.419585940031926,
    "tire_rr_force_wheel_fz_n": 23.24684558409645,
    "tire_fl_spindle_omega_radps": 0.06622445933527155,
    "tire_fr_spindle_omega_radps": 0.07515055608872633,
    "tire_rl_spindle_omega_radps": 0.07674224527827986,
    "tire_rr_spindle_omega_radps": 0.057973694301719836
  },
  "val_crm_loss": 0.11347424022853375,
  "val_crm_rmse": {
    "vel_body_x_mps": 0.0033912746559115457,
    "vel_body_y_mps": 0.0028280616494243344,
    "roll_rad": 7.562939391915843e-05,
    "pitch_rad": 3.981655789932514e-05,
    "roll_rate_radps": 0.004423218193847311,
    "ang_vel_body_y_radps": 0.0029326027490152165,
    "yaw_rate_radps": 0.002566939274664955,
    "tire_fl_force_wheel_fz_n": 742.219136090551,
    "tire_fr_force_wheel_fz_n": 751.6644441011421,
    "tire_rl_force_wheel_fz_n": 1068.9649201141121,
    "tire_rr_force_wheel_fz_n": 1111.1065695253847,
    "tire_fl_spindle_omega_radps": 0.1465613930173976,
    "tire_fr_spindle_omega_radps": 0.14764348536488997,
    "tire_rl_spindle_omega_radps": 0.17188609584692519,
    "tire_rr_spindle_omega_radps": 0.17202281530467575
  },
  "val_mixed_loss": 0.05872928494507505,
  "rollout_flat_5.0s": {
    "xy_rmse_m": 2.3922366122655427,
    "yaw_rmse_rad": 0.11138436710444435,
    "errdist": 0.31509256360377264,
    "mean_dist_m": 7.592170963684718,
    "episodes": 12
  },
  "rollout_flat_10.0s": {
    "xy_rmse_m": 6.555292669222837,
    "yaw_rmse_rad": 0.20005630736165023,
    "errdist": 0.1861394276579955,
    "mean_dist_m": 35.2171098391215,
    "episodes": 12
  },
  "rollout_crm_5.0s": {
    "xy_rmse_m": 1.1041720299980373,
    "yaw_rmse_rad": 0.0781365002274038,
    "errdist": 0.15428934972758937,
    "mean_dist_m": 7.1565019357949495,
    "episodes": 12
  },
  "rollout_crm_10.0s": {
    "xy_rmse_m": 4.340206639868407,
    "yaw_rmse_rad": 0.1967023436280084,
    "errdist": 0.17335307327270544,
    "mean_dist_m": 25.036802393694717,
    "episodes": 12
  },
  "rollout_sel": 0.17974625046535048
}
{
  "epoch": 24,
  "timestamp_utc": "2026-07-13T21:24:23.956176+00:00",
  "train_loss": 0.016887376988772303,
  "val_loss": 0.003846132558428508,
  "val_rmse": {
    "vel_body_x_mps": 0.0009593178084544162,
    "vel_body_y_mps": 0.0008486502280518419,
    "roll_rad": 2.0206294171373075e-05,
    "pitch_rad": 1.0516042890176898e-05,
    "roll_rate_radps": 0.0016122403400873084,
    "ang_vel_body_y_radps": 0.000929520430909478,
    "yaw_rate_radps": 0.0014066077422001935,
    "tire_fl_force_wheel_fz_n": 42.98515473280139,
    "tire_fr_force_wheel_fz_n": 42.09986996517351,
    "tire_rl_force_wheel_fz_n": 24.595285468925454,
    "tire_rr_force_wheel_fz_n": 22.39321798362827,
    "tire_fl_spindle_omega_radps": 0.06521680858916162,
    "tire_fr_spindle_omega_radps": 0.07522937584495466,
    "tire_rl_spindle_omega_radps": 0.07613980387355836,
    "tire_rr_spindle_omega_radps": 0.05728592956056099
  },
  "val_flat_loss": 0.003846132558428508,
  "val_flat_rmse": {
    "vel_body_x_mps": 0.0009593178084544162,
    "vel_body_y_mps": 0.0008486502280518419,
    "roll_rad": 2.0206294171373075e-05,
    "pitch_rad": 1.0516042890176898e-05,
    "roll_rate_radps": 0.0016122403400873084,
    "ang_vel_body_y_radps": 0.000929520430909478,
    "yaw_rate_radps": 0.0014066077422001935,
    "tire_fl_force_wheel_fz_n": 42.98515473280139,
    "tire_fr_force_wheel_fz_n": 42.09986996517351,
    "tire_rl_force_wheel_fz_n": 24.595285468925454,
    "tire_rr_force_wheel_fz_n": 22.39321798362827,
    "tire_fl_spindle_omega_radps": 0.06521680858916162,
    "tire_fr_spindle_omega_radps": 0.07522937584495466,
    "tire_rl_spindle_omega_radps": 0.07613980387355836,
    "tire_rr_spindle_omega_radps": 0.05728592956056099
  },
  "val_crm_loss": 0.11379447992832865,
  "val_crm_rmse": {
    "vel_body_x_mps": 0.003412391553328525,
    "vel_body_y_mps": 0.0027546799020005176,
    "roll_rad": 6.311173268192609e-05,
    "pitch_rad": 4.111187646100258e-05,
    "roll_rate_radps": 0.00426156543177365,
    "ang_vel_body_y_radps": 0.002901302490747355,
    "yaw_rate_radps": 0.002555633766591652,
    "tire_fl_force_wheel_fz_n": 739.9126379936979,
    "tire_fr_force_wheel_fz_n": 744.9551463286255,
    "tire_rl_force_wheel_fz_n": 1072.813530183337,
    "tire_rr_force_wheel_fz_n": 1113.5193996602843,
    "tire_fl_spindle_omega_radps": 0.1496619156314323,
    "tire_fr_spindle_omega_radps": 0.1480635143685612,
    "tire_rl_spindle_omega_radps": 0.17247000616807256,
    "tire_rr_spindle_omega_radps": 0.17115339311080724
  },
  "val_mixed_loss": 0.058820306243378584,
  "rollout_flat_5.0s": {
    "xy_rmse_m": 1.6695513085585558,
    "yaw_rmse_rad": 0.09085692167591675,
    "errdist": 0.21990433520852518,
    "mean_dist_m": 7.592170963684718,
    "episodes": 12
  },
  "rollout_flat_10.0s": {
    "xy_rmse_m": 5.367437264855077,
    "yaw_rmse_rad": 0.1778526969240638,
    "errdist": 0.1524099305529204,
    "mean_dist_m": 35.2171098391215,
    "episodes": 12
  },
  "rollout_crm_5.0s": {
    "xy_rmse_m": 0.7306468656437142,
    "yaw_rmse_rad": 0.04969864675259701,
    "errdist": 0.1020955310567597,
    "mean_dist_m": 7.1565019357949495,
    "episodes": 12
  },
  "rollout_crm_10.0s": {
    "xy_rmse_m": 2.037494138619509,
    "yaw_rmse_rad": 0.15095033362688587,
    "errdist": 0.08137996644222557,
    "mean_dist_m": 25.036802393694717,
    "episodes": 12
  },
  "rollout_sel": 0.11689494849757298
}
{
  "epoch": 25,
  "timestamp_utc": "2026-07-13T21:26:18.942362+00:00",
  "train_loss": 0.01640061256615445,
  "val_loss": 0.0037127404507555184,
  "val_rmse": {
    "vel_body_x_mps": 0.000941699281732874,
    "vel_body_y_mps": 0.0007895594964302769,
    "roll_rad": 2.7772720570147896e-05,
    "pitch_rad": 1.2933852800226307e-05,
    "roll_rate_radps": 0.0015300226424274756,
    "ang_vel_body_y_radps": 0.0009350116702332484,
    "yaw_rate_radps": 0.0014104470327782495,
    "tire_fl_force_wheel_fz_n": 40.89387947947045,
    "tire_fr_force_wheel_fz_n": 40.41582136879998,
    "tire_rl_force_wheel_fz_n": 24.05132526792953,
    "tire_rr_force_wheel_fz_n": 22.562978424325696,
    "tire_fl_spindle_omega_radps": 0.0645007477662395,
    "tire_fr_spindle_omega_radps": 0.07353227523288944,
    "tire_rl_spindle_omega_radps": 0.07636909438207508,
    "tire_rr_spindle_omega_radps": 0.05682452951377265
  },
  "val_flat_loss": 0.0037127404507555184,
  "val_flat_rmse": {
    "vel_body_x_mps": 0.000941699281732874,
    "vel_body_y_mps": 0.0007895594964302769,
    "roll_rad": 2.7772720570147896e-05,
    "pitch_rad": 1.2933852800226307e-05,
    "roll_rate_radps": 0.0015300226424274756,
    "ang_vel_body_y_radps": 0.0009350116702332484,
    "yaw_rate_radps": 0.0014104470327782495,
    "tire_fl_force_wheel_fz_n": 40.89387947947045,
    "tire_fr_force_wheel_fz_n": 40.41582136879998,
    "tire_rl_force_wheel_fz_n": 24.05132526792953,
    "tire_rr_force_wheel_fz_n": 22.562978424325696,
    "tire_fl_spindle_omega_radps": 0.0645007477662395,
    "tire_fr_spindle_omega_radps": 0.07353227523288944,
    "tire_rl_spindle_omega_radps": 0.07636909438207508,
    "tire_rr_spindle_omega_radps": 0.05682452951377265
  },
  "val_crm_loss": 0.11416331762971822,
  "val_crm_rmse": {
    "vel_body_x_mps": 0.003409910258537881,
    "vel_body_y_mps": 0.002802409443570674,
    "roll_rad": 6.6611385221343e-05,
    "pitch_rad": 3.859773965222681e-05,
    "roll_rate_radps": 0.004392636233985685,
    "ang_vel_body_y_radps": 0.002915625030500633,
    "yaw_rate_radps": 0.002537135102465642,
    "tire_fl_force_wheel_fz_n": 746.8735431569212,
    "tire_fr_force_wheel_fz_n": 741.0873925973892,
    "tire_rl_force_wheel_fz_n": 1071.8741006328223,
    "tire_rr_force_wheel_fz_n": 1117.1907990144691,
    "tire_fl_spindle_omega_radps": 0.14874051966726534,
    "tire_fr_spindle_omega_radps": 0.14797286233244494,
    "tire_rl_spindle_omega_radps": 0.1728058562323868,
    "tire_rr_spindle_omega_radps": 0.17314007731505554
  },
  "val_mixed_loss": 0.05893802904023687,
  "rollout_flat_5.0s": {
    "xy_rmse_m": 2.067126722915287,
    "yaw_rmse_rad": 0.07533540395733493,
    "errdist": 0.27227083436383076,
    "mean_dist_m": 7.592170963684718,
    "episodes": 12
  },
  "rollout_flat_10.0s": {
    "xy_rmse_m": 5.591290387579792,
    "yaw_rmse_rad": 0.11944990584736823,
    "errdist": 0.15876630459233815,
    "mean_dist_m": 35.2171098391215,
    "episodes": 12
  },
  "rollout_crm_5.0s": {
    "xy_rmse_m": 0.8064018156849576,
    "yaw_rmse_rad": 0.04856985761541835,
    "errdist": 0.11268100294244969,
    "mean_dist_m": 7.1565019357949495,
    "episodes": 12
  },
  "rollout_crm_10.0s": {
    "xy_rmse_m": 3.9496250731152114,
    "yaw_rmse_rad": 0.2349294271080867,
    "errdist": 0.1577527757342482,
    "mean_dist_m": 25.036802393694717,
    "episodes": 12
  },
  "rollout_sel": 0.1582595401632932
}
{
  "epoch": 26,
  "timestamp_utc": "2026-07-13T21:28:13.488100+00:00",
  "train_loss": 0.015949113146867602,
  "val_loss": 0.003504616484933649,
  "val_rmse": {
    "vel_body_x_mps": 0.0009325418726722714,
    "vel_body_y_mps": 0.0007482794554260571,
    "roll_rad": 1.9366796636801797e-05,
    "pitch_rad": 9.280847861584556e-06,
    "roll_rate_radps": 0.0015051196170417478,
    "ang_vel_body_y_radps": 0.0009249024562767954,
    "yaw_rate_radps": 0.0013408377450558927,
    "tire_fl_force_wheel_fz_n": 40.280586826378766,
    "tire_fr_force_wheel_fz_n": 40.7347189629083,
    "tire_rl_force_wheel_fz_n": 24.222263828661337,
    "tire_rr_force_wheel_fz_n": 22.285177924584456,
    "tire_fl_spindle_omega_radps": 0.06524756774094899,
    "tire_fr_spindle_omega_radps": 0.07418674855087466,
    "tire_rl_spindle_omega_radps": 0.07517011876387024,
    "tire_rr_spindle_omega_radps": 0.05615002085326969
  },
  "val_flat_loss": 0.003504616484933649,
  "val_flat_rmse": {
    "vel_body_x_mps": 0.0009325418726722714,
    "vel_body_y_mps": 0.0007482794554260571,
    "roll_rad": 1.9366796636801797e-05,
    "pitch_rad": 9.280847861584556e-06,
    "roll_rate_radps": 0.0015051196170417478,
    "ang_vel_body_y_radps": 0.0009249024562767954,
    "yaw_rate_radps": 0.0013408377450558927,
    "tire_fl_force_wheel_fz_n": 40.280586826378766,
    "tire_fr_force_wheel_fz_n": 40.7347189629083,
    "tire_rl_force_wheel_fz_n": 24.222263828661337,
    "tire_rr_force_wheel_fz_n": 22.285177924584456,
    "tire_fl_spindle_omega_radps": 0.06524756774094899,
    "tire_fr_spindle_omega_radps": 0.07418674855087466,
    "tire_rl_spindle_omega_radps": 0.07517011876387024,
    "tire_rr_spindle_omega_radps": 0.05615002085326969
  },
  "val_crm_loss": 0.11393467534042429,
  "val_crm_rmse": {
    "vel_body_x_mps": 0.003369014148957171,
    "vel_body_y_mps": 0.002759683834093289,
    "roll_rad": 5.743798363862992e-05,
    "pitch_rad": 3.6094335742598095e-05,
    "roll_rate_radps": 0.0043311335452096275,
    "ang_vel_body_y_radps": 0.0029286092239058908,
    "yaw_rate_radps": 0.002557753417876818,
    "tire_fl_force_wheel_fz_n": 752.0264809527649,
    "tire_fr_force_wheel_fz_n": 748.3481941148851,
    "tire_rl_force_wheel_fz_n": 1074.2846529824137,
    "tire_rr_force_wheel_fz_n": 1108.7972763628075,
    "tire_fl_spindle_omega_radps": 0.1470355945385707,
    "tire_fr_spindle_omega_radps": 0.14898836457647738,
    "tire_rl_spindle_omega_radps": 0.1725577654487939,
    "tire_rr_spindle_omega_radps": 0.17194629355967012
  },
  "val_mixed_loss": 0.05871964591267897,
  "rollout_flat_5.0s": {
    "xy_rmse_m": 1.188512293825718,
    "yaw_rmse_rad": 0.056623806243134844,
    "errdist": 0.15654445869444644,
    "mean_dist_m": 7.592170963684718,
    "episodes": 12
  },
  "rollout_flat_10.0s": {
    "xy_rmse_m": 3.586559352569249,
    "yaw_rmse_rad": 0.0987124085250678,
    "errdist": 0.1018413881477878,
    "mean_dist_m": 35.2171098391215,
    "episodes": 12
  },
  "rollout_crm_5.0s": {
    "xy_rmse_m": 0.8219473903864344,
    "yaw_rmse_rad": 0.03794556587721862,
    "errdist": 0.11485323385092215,
    "mean_dist_m": 7.1565019357949495,
    "episodes": 12
  },
  "rollout_crm_10.0s": {
    "xy_rmse_m": 2.440356727538333,
    "yaw_rmse_rad": 0.2104589245262602,
    "errdist": 0.09747078277667415,
    "mean_dist_m": 25.036802393694717,
    "episodes": 12
  },
  "rollout_sel": 0.09965608546223098
}
{
  "epoch": 27,
  "timestamp_utc": "2026-07-13T21:30:08.534275+00:00",
  "train_loss": 0.015544465923216193,
  "val_loss": 0.003617027351137949,
  "val_rmse": {
    "vel_body_x_mps": 0.000942169854289515,
    "vel_body_y_mps": 0.0007879987512238233,
    "roll_rad": 2.079412581231381e-05,
    "pitch_rad": 8.84111008437747e-06,
    "roll_rate_radps": 0.0015362408443140793,
    "ang_vel_body_y_radps": 0.000921755617781199,
    "yaw_rate_radps": 0.0013805868424416091,
    "tire_fl_force_wheel_fz_n": 40.38587614261336,
    "tire_fr_force_wheel_fz_n": 39.90305409729506,
    "tire_rl_force_wheel_fz_n": 24.000217657592373,
    "tire_rr_force_wheel_fz_n": 22.213268035765605,
    "tire_fl_spindle_omega_radps": 0.06581322790039099,
    "tire_fr_spindle_omega_radps": 0.07448637200089972,
    "tire_rl_spindle_omega_radps": 0.07479839404429553,
    "tire_rr_spindle_omega_radps": 0.05646462691127919
  },
  "val_flat_loss": 0.003617027351137949,
  "val_flat_rmse": {
    "vel_body_x_mps": 0.000942169854289515,
    "vel_body_y_mps": 0.0007879987512238233,
    "roll_rad": 2.079412581231381e-05,
    "pitch_rad": 8.84111008437747e-06,
    "roll_rate_radps": 0.0015362408443140793,
    "ang_vel_body_y_radps": 0.000921755617781199,
    "yaw_rate_radps": 0.0013805868424416091,
    "tire_fl_force_wheel_fz_n": 40.38587614261336,
    "tire_fr_force_wheel_fz_n": 39.90305409729506,
    "tire_rl_force_wheel_fz_n": 24.000217657592373,
    "tire_rr_force_wheel_fz_n": 22.213268035765605,
    "tire_fl_spindle_omega_radps": 0.06581322790039099,
    "tire_fr_spindle_omega_radps": 0.07448637200089972,
    "tire_rl_spindle_omega_radps": 0.07479839404429553,
    "tire_rr_spindle_omega_radps": 0.05646462691127919
  },
  "val_crm_loss": 0.11451256661850494,
  "val_crm_rmse": {
    "vel_body_x_mps": 0.0033969260700972667,
    "vel_body_y_mps": 0.002783606828831509,
    "roll_rad": 5.8353730851818675e-05,
    "pitch_rad": 3.649526139631495e-05,
    "roll_rate_radps": 0.004279251731754781,
    "ang_vel_body_y_radps": 0.002887470790393808,
    "yaw_rate_radps": 0.0025649972447761476,
    "tire_fl_force_wheel_fz_n": 736.1048144267673,
    "tire_fr_force_wheel_fz_n": 747.8371285708812,
    "tire_rl_force_wheel_fz_n": 1078.9243153979494,
    "tire_rr_force_wheel_fz_n": 1123.4799235474557,
    "tire_fl_spindle_omega_radps": 0.14755964673393876,
    "tire_fr_spindle_omega_radps": 0.14793406764149988,
    "tire_rl_spindle_omega_radps": 0.17260804924241147,
    "tire_rr_spindle_omega_radps": 0.17102100074943444
  },
  "val_mixed_loss": 0.05906479698482144,
  "rollout_flat_5.0s": {
    "xy_rmse_m": 0.4673308444539582,
    "yaw_rmse_rad": 0.05163462360634447,
    "errdist": 0.061554309918641234,
    "mean_dist_m": 7.592170963684718,
    "episodes": 12
  },
  "rollout_flat_10.0s": {
    "xy_rmse_m": 3.4693082291762356,
    "yaw_rmse_rad": 0.15552495240873676,
    "errdist": 0.09851200865217788,
    "mean_dist_m": 35.2171098391215,
    "episodes": 12
  },
  "rollout_crm_5.0s": {
    "xy_rmse_m": 0.8197756608097677,
    "yaw_rmse_rad": 0.04891856269097119,
    "errdist": 0.11454977140570094,
    "mean_dist_m": 7.1565019357949495,
    "episodes": 12
  },
  "rollout_crm_10.0s": {
    "xy_rmse_m": 2.2432474719427646,
    "yaw_rmse_rad": 0.12553200718172802,
    "errdist": 0.08959800203989729,
    "mean_dist_m": 25.036802393694717,
    "episodes": 12
  },
  "rollout_sel": 0.09405500534603758
}
{
  "epoch": 28,
  "timestamp_utc": "2026-07-13T21:32:02.797615+00:00",
  "train_loss": 0.015270878977607935,
  "val_loss": 0.003555208117359143,
  "val_rmse": {
    "vel_body_x_mps": 0.0009659980704857901,
    "vel_body_y_mps": 0.0008038839832702992,
    "roll_rad": 2.3227973994278263e-05,
    "pitch_rad": 1.0740490782335247e-05,
    "roll_rate_radps": 0.0015449697771626255,
    "ang_vel_body_y_radps": 0.0009133052218664395,
    "yaw_rate_radps": 0.0013654283097613352,
    "tire_fl_force_wheel_fz_n": 39.87626432548967,
    "tire_fr_force_wheel_fz_n": 40.772069846095775,
    "tire_rl_force_wheel_fz_n": 24.15314621363619,
    "tire_rr_force_wheel_fz_n": 22.114341521148702,
    "tire_fl_spindle_omega_radps": 0.0636539065521971,
    "tire_fr_spindle_omega_radps": 0.07319128460114077,
    "tire_rl_spindle_omega_radps": 0.07525374446020586,
    "tire_rr_spindle_omega_radps": 0.05552157705093365
  },
  "val_flat_loss": 0.003555208117359143,
  "val_flat_rmse": {
    "vel_body_x_mps": 0.0009659980704857901,
    "vel_body_y_mps": 0.0008038839832702992,
    "roll_rad": 2.3227973994278263e-05,
    "pitch_rad": 1.0740490782335247e-05,
    "roll_rate_radps": 0.0015449697771626255,
    "ang_vel_body_y_radps": 0.0009133052218664395,
    "yaw_rate_radps": 0.0013654283097613352,
    "tire_fl_force_wheel_fz_n": 39.87626432548967,
    "tire_fr_force_wheel_fz_n": 40.772069846095775,
    "tire_rl_force_wheel_fz_n": 24.15314621363619,
    "tire_rr_force_wheel_fz_n": 22.114341521148702,
    "tire_fl_spindle_omega_radps": 0.0636539065521971,
    "tire_fr_spindle_omega_radps": 0.07319128460114077,
    "tire_rl_spindle_omega_radps": 0.07525374446020586,
    "tire_rr_spindle_omega_radps": 0.05552157705093365
  },
  "val_crm_loss": 0.11439576941600535,
  "val_crm_rmse": {
    "vel_body_x_mps": 0.0033719206359353825,
    "vel_body_y_mps": 0.002762018730227678,
    "roll_rad": 6.017492507198913e-05,
    "pitch_rad": 4.046616089002093e-05,
    "roll_rate_radps": 0.004267384950743724,
    "ang_vel_body_y_radps": 0.0028938090349179776,
    "yaw_rate_radps": 0.002566483899412639,
    "tire_fl_force_wheel_fz_n": 755.3171788245263,
    "tire_fr_force_wheel_fz_n": 749.5621235815977,
    "tire_rl_force_wheel_fz_n": 1081.7825539765997,
    "tire_rr_force_wheel_fz_n": 1106.2280441548855,
    "tire_fl_spindle_omega_radps": 0.14905367519181847,
    "tire_fr_spindle_omega_radps": 0.14683132377611002,
    "tire_rl_spindle_omega_radps": 0.17250642980595987,
    "tire_rr_spindle_omega_radps": 0.17155052761991493
  },
  "val_mixed_loss": 0.058975488766682245,
  "rollout_flat_5.0s": {
    "xy_rmse_m": 0.6926932193187614,
    "yaw_rmse_rad": 0.08625950043410537,
    "errdist": 0.09123783205516432,
    "mean_dist_m": 7.592170963684718,
    "episodes": 12
  },
  "rollout_flat_10.0s": {
    "xy_rmse_m": 3.196893213841076,
    "yaw_rmse_rad": 0.15273087038147865,
    "errdist": 0.09077670565373185,
    "mean_dist_m": 35.2171098391215,
    "episodes": 12
  },
  "rollout_crm_5.0s": {
    "xy_rmse_m": 0.6273798547143831,
    "yaw_rmse_rad": 0.029949198028546006,
    "errdist": 0.0876657143871356,
    "mean_dist_m": 7.1565019357949495,
    "episodes": 12
  },
  "rollout_crm_10.0s": {
    "xy_rmse_m": 1.5514422640739431,
    "yaw_rmse_rad": 0.08686548913093135,
    "errdist": 0.06196646998598588,
    "mean_dist_m": 25.036802393694717,
    "episodes": 12
  },
  "rollout_sel": 0.07637158781985887
}
{
  "epoch": 29,
  "timestamp_utc": "2026-07-13T21:33:55.810151+00:00",
  "train_loss": 0.014929826380684972,
  "val_loss": 0.003722100487721036,
  "val_rmse": {
    "vel_body_x_mps": 0.000940871675707612,
    "vel_body_y_mps": 0.000720943067658298,
    "roll_rad": 1.583812360016894e-05,
    "pitch_rad": 9.07387132312289e-06,
    "roll_rate_radps": 0.0015112948499552516,
    "ang_vel_body_y_radps": 0.0009178010971015858,
    "yaw_rate_radps": 0.0013465163158797521,
    "tire_fl_force_wheel_fz_n": 40.400139719891435,
    "tire_fr_force_wheel_fz_n": 41.55506440116703,
    "tire_rl_force_wheel_fz_n": 23.805489686044908,
    "tire_rr_force_wheel_fz_n": 22.643333509143726,
    "tire_fl_spindle_omega_radps": 0.0677082311170925,
    "tire_fr_spindle_omega_radps": 0.0745803984178198,
    "tire_rl_spindle_omega_radps": 0.07725868543442412,
    "tire_rr_spindle_omega_radps": 0.05851540385677722
  },
  "val_flat_loss": 0.003722100487721036,
  "val_flat_rmse": {
    "vel_body_x_mps": 0.000940871675707612,
    "vel_body_y_mps": 0.000720943067658298,
    "roll_rad": 1.583812360016894e-05,
    "pitch_rad": 9.07387132312289e-06,
    "roll_rate_radps": 0.0015112948499552516,
    "ang_vel_body_y_radps": 0.0009178010971015858,
    "yaw_rate_radps": 0.0013465163158797521,
    "tire_fl_force_wheel_fz_n": 40.400139719891435,
    "tire_fr_force_wheel_fz_n": 41.55506440116703,
    "tire_rl_force_wheel_fz_n": 23.805489686044908,
    "tire_rr_force_wheel_fz_n": 22.643333509143726,
    "tire_fl_spindle_omega_radps": 0.0677082311170925,
    "tire_fr_spindle_omega_radps": 0.0745803984178198,
    "tire_rl_spindle_omega_radps": 0.07725868543442412,
    "tire_rr_spindle_omega_radps": 0.05851540385677722
  },
  "val_crm_loss": 0.11473435232765042,
  "val_crm_rmse": {
    "vel_body_x_mps": 0.003391733135793011,
    "vel_body_y_mps": 0.002770541272289072,
    "roll_rad": 6.455008591948573e-05,
    "pitch_rad": 3.832797919686485e-05,
    "roll_rate_radps": 0.004333298347238325,
    "ang_vel_body_y_radps": 0.002920712478666803,
    "yaw_rate_radps": 0.0025788317529579614,
    "tire_fl_force_wheel_fz_n": 746.8454594200514,
    "tire_fr_force_wheel_fz_n": 754.9073423238012,
    "tire_rl_force_wheel_fz_n": 1075.960230603044,
    "tire_rr_force_wheel_fz_n": 1112.6855118974704,
    "tire_fl_spindle_omega_radps": 0.14769980378526873,
    "tire_fr_spindle_omega_radps": 0.14842020781595688,
    "tire_rl_spindle_omega_radps": 0.17187137160615493,
    "tire_rr_spindle_omega_radps": 0.17191471729078564
  },
  "val_mixed_loss": 0.05922822640768573,
  "rollout_flat_5.0s": {
    "xy_rmse_m": 1.3198898889873756,
    "yaw_rmse_rad": 0.06064886266051657,
    "errdist": 0.17384881021525256,
    "mean_dist_m": 7.592170963684718,
    "episodes": 12
  },
  "rollout_flat_10.0s": {
    "xy_rmse_m": 3.580978209615934,
    "yaw_rmse_rad": 0.10937143292741137,
    "errdist": 0.10168290998252066,
    "mean_dist_m": 35.2171098391215,
    "episodes": 12
  },
  "rollout_crm_5.0s": {
    "xy_rmse_m": 0.8653762467308456,
    "yaw_rmse_rad": 0.029944900571161694,
    "errdist": 0.12092168135977999,
    "mean_dist_m": 7.1565019357949495,
    "episodes": 12
  },
  "rollout_crm_10.0s": {
    "xy_rmse_m": 2.40843180190038,
    "yaw_rmse_rad": 0.18185182665545283,
    "errdist": 0.09619566284977833,
    "mean_dist_m": 25.036802393694717,
    "episodes": 12
  },
  "rollout_sel": 0.09893928641614949
}
{
  "epoch": 30,
  "timestamp_utc": "2026-07-13T21:35:52.055853+00:00",
  "train_loss": 0.01467159879859537,
  "val_loss": 0.003853319732079399,
  "val_rmse": {
    "vel_body_x_mps": 0.0009409575164898471,
    "vel_body_y_mps": 0.0007572700709097252,
    "roll_rad": 1.7223013364637397e-05,
    "pitch_rad": 9.436831519018106e-06,
    "roll_rate_radps": 0.0015464564741397011,
    "ang_vel_body_y_radps": 0.0009129941139618874,
    "yaw_rate_radps": 0.00136003648843804,
    "tire_fl_force_wheel_fz_n": 40.88293740592959,
    "tire_fr_force_wheel_fz_n": 40.360262640017226,
    "tire_rl_force_wheel_fz_n": 23.4911528906223,
    "tire_rr_force_wheel_fz_n": 22.308193415845558,
    "tire_fl_spindle_omega_radps": 0.0643104434741505,
    "tire_fr_spindle_omega_radps": 0.07276975400924654,
    "tire_rl_spindle_omega_radps": 0.08060866402237528,
    "tire_rr_spindle_omega_radps": 0.062313608094844944
  },
  "val_flat_loss": 0.003853319732079399,
  "val_flat_rmse": {
    "vel_body_x_mps": 0.0009409575164898471,
    "vel_body_y_mps": 0.0007572700709097252,
    "roll_rad": 1.7223013364637397e-05,
    "pitch_rad": 9.436831519018106e-06,
    "roll_rate_radps": 0.0015464564741397011,
    "ang_vel_body_y_radps": 0.0009129941139618874,
    "yaw_rate_radps": 0.00136003648843804,
    "tire_fl_force_wheel_fz_n": 40.88293740592959,
    "tire_fr_force_wheel_fz_n": 40.360262640017226,
    "tire_rl_force_wheel_fz_n": 23.4911528906223,
    "tire_rr_force_wheel_fz_n": 22.308193415845558,
    "tire_fl_spindle_omega_radps": 0.0643104434741505,
    "tire_fr_spindle_omega_radps": 0.07276975400924654,
    "tire_rl_spindle_omega_radps": 0.08060866402237528,
    "tire_rr_spindle_omega_radps": 0.062313608094844944
  },
  "val_crm_loss": 0.11449269702774473,
  "val_crm_rmse": {
    "vel_body_x_mps": 0.00336538070092189,
    "vel_body_y_mps": 0.002729003482133015,
    "roll_rad": 6.381218278237076e-05,
    "pitch_rad": 3.712579845901301e-05,
    "roll_rate_radps": 0.0042373314630773555,
    "ang_vel_body_y_radps": 0.0028692949225331437,
    "yaw_rate_radps": 0.0025600642893971897,
    "tire_fl_force_wheel_fz_n": 747.5181618985348,
    "tire_fr_force_wheel_fz_n": 753.8653479173369,
    "tire_rl_force_wheel_fz_n": 1071.810625381036,
    "tire_rr_force_wheel_fz_n": 1114.4878322427585,
    "tire_fl_spindle_omega_radps": 0.1481763061358413,
    "tire_fr_spindle_omega_radps": 0.14832411990883462,
    "tire_rl_spindle_omega_radps": 0.1729309078598508,
    "tire_rr_spindle_omega_radps": 0.1736467723490324
  },
  "val_mixed_loss": 0.059173008379912066,
  "rollout_flat_5.0s": {
    "xy_rmse_m": 0.7429488488068067,
    "yaw_rmse_rad": 0.03565320597870633,
    "errdist": 0.09785723376890743,
    "mean_dist_m": 7.592170963684718,
    "episodes": 12
  },
  "rollout_flat_10.0s": {
    "xy_rmse_m": 5.014948463263876,
    "yaw_rmse_rad": 0.12408665234974413,
    "errdist": 0.14240090927884544,
    "mean_dist_m": 35.2171098391215,
    "episodes": 12
  },
  "rollout_crm_5.0s": {
    "xy_rmse_m": 1.0692213356154134,
    "yaw_rmse_rad": 0.050403085134253685,
    "errdist": 0.14940558183425456,
    "mean_dist_m": 7.1565019357949495,
    "episodes": 12
  },
  "rollout_crm_10.0s": {
    "xy_rmse_m": 3.431239053144752,
    "yaw_rmse_rad": 0.2085017977328126,
    "errdist": 0.1370478146206433,
    "mean_dist_m": 25.036802393694717,
    "episodes": 12
  },
  "rollout_sel": 0.13972436194974436
}
{
  "epoch": 31,
  "timestamp_utc": "2026-07-13T21:37:45.361636+00:00",
  "train_loss": 0.014432784911245108,
  "val_loss": 0.003500908525966224,
  "val_rmse": {
    "vel_body_x_mps": 0.0009497963615395261,
    "vel_body_y_mps": 0.0008862239594879985,
    "roll_rad": 2.174802439595378e-05,
    "pitch_rad": 1.2406147470250719e-05,
    "roll_rate_radps": 0.0015115053902220676,
    "ang_vel_body_y_radps": 0.000928910009149778,
    "yaw_rate_radps": 0.0013472619022707045,
    "tire_fl_force_wheel_fz_n": 40.90048233414691,
    "tire_fr_force_wheel_fz_n": 40.68563666423467,
    "tire_rl_force_wheel_fz_n": 23.72660627685769,
    "tire_rr_force_wheel_fz_n": 22.202621643782095,
    "tire_fl_spindle_omega_radps": 0.06280101240949387,
    "tire_fr_spindle_omega_radps": 0.07275055538139032,
    "tire_rl_spindle_omega_radps": 0.07439521665021094,
    "tire_rr_spindle_omega_radps": 0.05564283945077206
  },
  "val_flat_loss": 0.003500908525966224,
  "val_flat_rmse": {
    "vel_body_x_mps": 0.0009497963615395261,
    "vel_body_y_mps": 0.0008862239594879985,
    "roll_rad": 2.174802439595378e-05,
    "pitch_rad": 1.2406147470250719e-05,
    "roll_rate_radps": 0.0015115053902220676,
    "ang_vel_body_y_radps": 0.000928910009149778,
    "yaw_rate_radps": 0.0013472619022707045,
    "tire_fl_force_wheel_fz_n": 40.90048233414691,
    "tire_fr_force_wheel_fz_n": 40.68563666423467,
    "tire_rl_force_wheel_fz_n": 23.72660627685769,
    "tire_rr_force_wheel_fz_n": 22.202621643782095,
    "tire_fl_spindle_omega_radps": 0.06280101240949387,
    "tire_fr_spindle_omega_radps": 0.07275055538139032,
    "tire_rl_spindle_omega_radps": 0.07439521665021094,
    "tire_rr_spindle_omega_radps": 0.05564283945077206
  },
  "val_crm_loss": 0.1157227256509941,
  "val_crm_rmse": {
    "vel_body_x_mps": 0.0034731043327823896,
    "vel_body_y_mps": 0.0027963778206087156,
    "roll_rad": 5.271627987180475e-05,
    "pitch_rad": 3.68475733731391e-05,
    "roll_rate_radps": 0.004238686582040028,
    "ang_vel_body_y_radps": 0.0029038288892667013,
    "yaw_rate_radps": 0.002572413181740508,
    "tire_fl_force_wheel_fz_n": 754.1084747109393,
    "tire_fr_force_wheel_fz_n": 762.4442365871942,
    "tire_rl_force_wheel_fz_n": 1080.4315633231483,
    "tire_rr_force_wheel_fz_n": 1117.2942878935623,
    "tire_fl_spindle_omega_radps": 0.1489298998046286,
    "tire_fr_spindle_omega_radps": 0.1474826081007476,
    "tire_rl_spindle_omega_radps": 0.17286155778486517,
    "tire_rr_spindle_omega_radps": 0.17354999208390812
  },
  "val_mixed_loss": 0.059611817088480165,
  "rollout_flat_5.0s": {
    "xy_rmse_m": 0.7391246532411632,
    "yaw_rmse_rad": 0.046164736390877585,
    "errdist": 0.09735353125958096,
    "mean_dist_m": 7.592170963684718,
    "episodes": 12
  },
  "rollout_flat_10.0s": {
    "xy_rmse_m": 2.700185787260927,
    "yaw_rmse_rad": 0.06283020556810097,
    "errdist": 0.07667255489152554,
    "mean_dist_m": 35.2171098391215,
    "episodes": 12
  },
  "rollout_crm_5.0s": {
    "xy_rmse_m": 0.3809198991205371,
    "yaw_rmse_rad": 0.03097151170111496,
    "errdist": 0.053227107676066636,
    "mean_dist_m": 7.1565019357949495,
    "episodes": 12
  },
  "rollout_crm_10.0s": {
    "xy_rmse_m": 1.5959410163796337,
    "yaw_rmse_rad": 0.07303813759673834,
    "errdist": 0.06374380367285067,
    "mean_dist_m": 25.036802393694717,
    "episodes": 12
  },
  "rollout_sel": 0.0702081792821881
}
{
  "epoch": 32,
  "timestamp_utc": "2026-07-13T21:39:40.055696+00:00",
  "train_loss": 0.014056387393036857,
  "val_loss": 0.003418105308301165,
  "val_rmse": {
    "vel_body_x_mps": 0.0009218257171717456,
    "vel_body_y_mps": 0.0007587440636743872,
    "roll_rad": 2.7304762657091127e-05,
    "pitch_rad": 8.435248377877645e-06,
    "roll_rate_radps": 0.0014924131652142045,
    "ang_vel_body_y_radps": 0.0009012484030333248,
    "yaw_rate_radps": 0.0013521693650896144,
    "tire_fl_force_wheel_fz_n": 40.54981159949604,
    "tire_fr_force_wheel_fz_n": 39.27552496864592,
    "tire_rl_force_wheel_fz_n": 23.733988789975342,
    "tire_rr_force_wheel_fz_n": 21.92857726762693,
    "tire_fl_spindle_omega_radps": 0.0640563858700832,
    "tire_fr_spindle_omega_radps": 0.07375936902584176,
    "tire_rl_spindle_omega_radps": 0.07406943335664294,
    "tire_rr_spindle_omega_radps": 0.054629677001893924
  },
  "val_flat_loss": 0.003418105308301165,
  "val_flat_rmse": {
    "vel_body_x_mps": 0.0009218257171717456,
    "vel_body_y_mps": 0.0007587440636743872,
    "roll_rad": 2.7304762657091127e-05,
    "pitch_rad": 8.435248377877645e-06,
    "roll_rate_radps": 0.0014924131652142045,
    "ang_vel_body_y_radps": 0.0009012484030333248,
    "yaw_rate_radps": 0.0013521693650896144,
    "tire_fl_force_wheel_fz_n": 40.54981159949604,
    "tire_fr_force_wheel_fz_n": 39.27552496864592,
    "tire_rl_force_wheel_fz_n": 23.733988789975342,
    "tire_rr_force_wheel_fz_n": 21.92857726762693,
    "tire_fl_spindle_omega_radps": 0.0640563858700832,
    "tire_fr_spindle_omega_radps": 0.07375936902584176,
    "tire_rl_spindle_omega_radps": 0.07406943335664294,
    "tire_rr_spindle_omega_radps": 0.054629677001893924
  },
  "val_crm_loss": 0.1155335646966705,
  "val_crm_rmse": {
    "vel_body_x_mps": 0.0034193167188923583,
    "vel_body_y_mps": 0.002787893689226356,
    "roll_rad": 6.153291794615501e-05,
    "pitch_rad": 3.700731937956421e-05,
    "roll_rate_radps": 0.004339731275587148,
    "ang_vel_body_y_radps": 0.0029502769906637333,
    "yaw_rate_radps": 0.0025798168335255684,
    "tire_fl_force_wheel_fz_n": 750.8086038802729,
    "tire_fr_force_wheel_fz_n": 750.4680195081222,
    "tire_rl_force_wheel_fz_n": 1083.3681347241543,
    "tire_rr_force_wheel_fz_n": 1107.8269232469156,
    "tire_fl_spindle_omega_radps": 0.14786631137809264,
    "tire_fr_spindle_omega_radps": 0.1482705807521897,
    "tire_rl_spindle_omega_radps": 0.17329194309384158,
    "tire_rr_spindle_omega_radps": 0.17472748347387193
  },
  "val_mixed_loss": 0.059475835002485836,
  "rollout_flat_5.0s": {
    "xy_rmse_m": 0.6128960306137093,
    "yaw_rmse_rad": 0.041288731235942476,
    "errdist": 0.08072737475820115,
    "mean_dist_m": 7.592170963684718,
    "episodes": 12
  },
  "rollout_flat_10.0s": {
    "xy_rmse_m": 2.2577536543027126,
    "yaw_rmse_rad": 0.06679107774707681,
    "errdist": 0.06410956675935543,
    "mean_dist_m": 35.2171098391215,
    "episodes": 12
  },
  "rollout_crm_5.0s": {
    "xy_rmse_m": 0.5887588463730811,
    "yaw_rmse_rad": 0.028661524708734724,
    "errdist": 0.08226908224928486,
    "mean_dist_m": 7.1565019357949495,
    "episodes": 12
  },
  "rollout_crm_10.0s": {
    "xy_rmse_m": 2.3996837481776434,
    "yaw_rmse_rad": 0.10390612124193671,
    "errdist": 0.09584625506258664,
    "mean_dist_m": 25.036802393694717,
    "episodes": 12
  },
  "rollout_sel": 0.07997791091097103
}
{
  "epoch": 33,
  "timestamp_utc": "2026-07-13T21:41:34.169506+00:00",
  "train_loss": 0.0138827492184937,
  "val_loss": 0.003399415234944172,
  "val_rmse": {
    "vel_body_x_mps": 0.0009477993221614347,
    "vel_body_y_mps": 0.0007404295293847456,
    "roll_rad": 2.007729901500764e-05,
    "pitch_rad": 8.730515046737804e-06,
    "roll_rate_radps": 0.001486859907052969,
    "ang_vel_body_y_radps": 0.000863546586152622,
    "yaw_rate_radps": 0.0013359754818453294,
    "tire_fl_force_wheel_fz_n": 40.38531746688885,
    "tire_fr_force_wheel_fz_n": 39.664730481783245,
    "tire_rl_force_wheel_fz_n": 23.838885150346492,
    "tire_rr_force_wheel_fz_n": 22.37411686203986,
    "tire_fl_spindle_omega_radps": 0.06169597420064565,
    "tire_fr_spindle_omega_radps": 0.07091494508271569,
    "tire_rl_spindle_omega_radps": 0.07175575059415312,
    "tire_rr_spindle_omega_radps": 0.05321040641104828
  },
  "val_flat_loss": 0.003399415234944172,
  "val_flat_rmse": {
    "vel_body_x_mps": 0.0009477993221614347,
    "vel_body_y_mps": 0.0007404295293847456,
    "roll_rad": 2.007729901500764e-05,
    "pitch_rad": 8.730515046737804e-06,
    "roll_rate_radps": 0.001486859907052969,
    "ang_vel_body_y_radps": 0.000863546586152622,
    "yaw_rate_radps": 0.0013359754818453294,
    "tire_fl_force_wheel_fz_n": 40.38531746688885,
    "tire_fr_force_wheel_fz_n": 39.664730481783245,
    "tire_rl_force_wheel_fz_n": 23.838885150346492,
    "tire_rr_force_wheel_fz_n": 22.37411686203986,
    "tire_fl_spindle_omega_radps": 0.06169597420064565,
    "tire_fr_spindle_omega_radps": 0.07091494508271569,
    "tire_rl_spindle_omega_radps": 0.07175575059415312,
    "tire_rr_spindle_omega_radps": 0.05321040641104828
  },
  "val_crm_loss": 0.11604303950851318,
  "val_crm_rmse": {
    "vel_body_x_mps": 0.0034536105618408657,
    "vel_body_y_mps": 0.0027037166934927737,
    "roll_rad": 5.673322334531061e-05,
    "pitch_rad": 3.8460720935437204e-05,
    "roll_rate_radps": 0.00422254822270725,
    "ang_vel_body_y_radps": 0.0028978199855560793,
    "yaw_rate_radps": 0.0025685806187058747,
    "tire_fl_force_wheel_fz_n": 751.9695444668381,
    "tire_fr_force_wheel_fz_n": 761.7985477352546,
    "tire_rl_force_wheel_fz_n": 1088.111736351618,
    "tire_rr_force_wheel_fz_n": 1115.9134253394316,
    "tire_fl_spindle_omega_radps": 0.14887412098050598,
    "tire_fr_spindle_omega_radps": 0.14924906366150878,
    "tire_rl_spindle_omega_radps": 0.17390619204606253,
    "tire_rr_spindle_omega_radps": 0.17396513029240188
  },
  "val_mixed_loss": 0.05972122737172868,
  "rollout_flat_5.0s": {
    "xy_rmse_m": 0.8502485302750984,
    "yaw_rmse_rad": 0.04615553010414871,
    "errdist": 0.11199017176273467,
    "mean_dist_m": 7.592170963684718,
    "episodes": 12
  },
  "rollout_flat_10.0s": {
    "xy_rmse_m": 3.5805848897306634,
    "yaw_rmse_rad": 0.08763580636919086,
    "errdist": 0.1016717415508388,
    "mean_dist_m": 35.2171098391215,
    "episodes": 12
  },
  "rollout_crm_5.0s": {
    "xy_rmse_m": 0.6703570409054143,
    "yaw_rmse_rad": 0.0621558524718885,
    "errdist": 0.09367104863794752,
    "mean_dist_m": 7.1565019357949495,
    "episodes": 12
  },
  "rollout_crm_10.0s": {
    "xy_rmse_m": 1.5341128852751524,
    "yaw_rmse_rad": 0.14245454225061452,
    "errdist": 0.061274313754279754,
    "mean_dist_m": 25.036802393694717,
    "episodes": 12
  },
  "rollout_sel": 0.08147302765255927
}
{
  "epoch": 34,
  "timestamp_utc": "2026-07-13T21:43:26.951284+00:00",
  "train_loss": 0.013616314588580281,
  "val_loss": 0.0033566877633711555,
  "val_rmse": {
    "vel_body_x_mps": 0.0009045143670035209,
    "vel_body_y_mps": 0.0007511201612292719,
    "roll_rad": 2.6563697075022128e-05,
    "pitch_rad": 7.931775289869019e-06,
    "roll_rate_radps": 0.0014808733053201424,
    "ang_vel_body_y_radps": 0.0007225071446462801,
    "yaw_rate_radps": 0.0013439395450078225,
    "tire_fl_force_wheel_fz_n": 40.31595556810962,
    "tire_fr_force_wheel_fz_n": 41.54592479524475,
    "tire_rl_force_wheel_fz_n": 24.54823417392411,
    "tire_rr_force_wheel_fz_n": 22.63282330724414,
    "tire_fl_spindle_omega_radps": 0.055991715978966454,
    "tire_fr_spindle_omega_radps": 0.05734115566545129,
    "tire_rl_spindle_omega_radps": 0.0529677082141885,
    "tire_rr_spindle_omega_radps": 0.04854107543138955
  },
  "val_flat_loss": 0.0033566877633711555,
  "val_flat_rmse": {
    "vel_body_x_mps": 0.0009045143670035209,
    "vel_body_y_mps": 0.0007511201612292719,
    "roll_rad": 2.6563697075022128e-05,
    "pitch_rad": 7.931775289869019e-06,
    "roll_rate_radps": 0.0014808733053201424,
    "ang_vel_body_y_radps": 0.0007225071446462801,
    "yaw_rate_radps": 0.0013439395450078225,
    "tire_fl_force_wheel_fz_n": 40.31595556810962,
    "tire_fr_force_wheel_fz_n": 41.54592479524475,
    "tire_rl_force_wheel_fz_n": 24.54823417392411,
    "tire_rr_force_wheel_fz_n": 22.63282330724414,
    "tire_fl_spindle_omega_radps": 0.055991715978966454,
    "tire_fr_spindle_omega_radps": 0.05734115566545129,
    "tire_rl_spindle_omega_radps": 0.0529677082141885,
    "tire_rr_spindle_omega_radps": 0.04854107543138955
  },
  "val_crm_loss": 0.11595781622570939,
  "val_crm_rmse": {
    "vel_body_x_mps": 0.003480222187656573,
    "vel_body_y_mps": 0.0027302751663420342,
    "roll_rad": 5.337772681623638e-05,
    "pitch_rad": 3.437686906289452e-05,
    "roll_rate_radps": 0.004236947022150473,
    "ang_vel_body_y_radps": 0.002859958494374407,
    "yaw_rate_radps": 0.0025825622934623825,
    "tire_fl_force_wheel_fz_n": 759.6510919054257,
    "tire_fr_force_wheel_fz_n": 759.8994272909856,
    "tire_rl_force_wheel_fz_n": 1087.9260232498389,
    "tire_rr_force_wheel_fz_n": 1109.1025462516109,
    "tire_fl_spindle_omega_radps": 0.14870762525535763,
    "tire_fr_spindle_omega_radps": 0.14950045791965896,
    "tire_rl_spindle_omega_radps": 0.17295673895087413,
    "tire_rr_spindle_omega_radps": 0.17217027214154082
  },
  "val_mixed_loss": 0.05965725199454027,
  "rollout_flat_5.0s": {
    "xy_rmse_m": 1.2711778479361484,
    "yaw_rmse_rad": 0.08203565311724928,
    "errdist": 0.1674327216834967,
    "mean_dist_m": 7.592170963684718,
    "episodes": 12
  },
  "rollout_flat_10.0s": {
    "xy_rmse_m": 4.779795489970676,
    "yaw_rmse_rad": 0.1825002489676149,
    "errdist": 0.13572367272060928,
    "mean_dist_m": 35.2171098391215,
    "episodes": 12
  },
  "rollout_crm_5.0s": {
    "xy_rmse_m": 0.6776941391052294,
    "yaw_rmse_rad": 0.03266430655029919,
    "errdist": 0.09469628390870415,
    "mean_dist_m": 7.1565019357949495,
    "episodes": 12
  },
  "rollout_crm_10.0s": {
    "xy_rmse_m": 2.082049206454085,
    "yaw_rmse_rad": 0.13509718089277203,
    "errdist": 0.08315954943904616,
    "mean_dist_m": 25.036802393694717,
    "episodes": 12
  },
  "rollout_sel": 0.10944161107982772
}
{
  "epoch": 35,
  "timestamp_utc": "2026-07-13T21:45:22.971729+00:00",
  "train_loss": 0.013256171888438984,
  "val_loss": 0.003386493858906761,
  "val_rmse": {
    "vel_body_x_mps": 0.000868059447786186,
    "vel_body_y_mps": 0.000687969419687876,
    "roll_rad": 1.613145013979282e-05,
    "pitch_rad": 8.020172430097125e-06,
    "roll_rate_radps": 0.001457428090371841,
    "ang_vel_body_y_radps": 0.000793898115283196,
    "yaw_rate_radps": 0.001339752668124007,
    "tire_fl_force_wheel_fz_n": 40.07583156551078,
    "tire_fr_force_wheel_fz_n": 39.58268732689524,
    "tire_rl_force_wheel_fz_n": 23.470593314385756,
    "tire_rr_force_wheel_fz_n": 21.738207990798823,
    "tire_fl_spindle_omega_radps": 0.0581120786626197,
    "tire_fr_spindle_omega_radps": 0.0656217700616034,
    "tire_rl_spindle_omega_radps": 0.06695585051455527,
    "tire_rr_spindle_omega_radps": 0.053649055839389066
  },
  "val_flat_loss": 0.003386493858906761,
  "val_flat_rmse": {
    "vel_body_x_mps": 0.000868059447786186,
    "vel_body_y_mps": 0.000687969419687876,
    "roll_rad": 1.613145013979282e-05,
    "pitch_rad": 8.020172430097125e-06,
    "roll_rate_radps": 0.001457428090371841,
    "ang_vel_body_y_radps": 0.000793898115283196,
    "yaw_rate_radps": 0.001339752668124007,
    "tire_fl_force_wheel_fz_n": 40.07583156551078,
    "tire_fr_force_wheel_fz_n": 39.58268732689524,
    "tire_rl_force_wheel_fz_n": 23.470593314385756,
    "tire_rr_force_wheel_fz_n": 21.738207990798823,
    "tire_fl_spindle_omega_radps": 0.0581120786626197,
    "tire_fr_spindle_omega_radps": 0.0656217700616034,
    "tire_rl_spindle_omega_radps": 0.06695585051455527,
    "tire_rr_spindle_omega_radps": 0.053649055839389066
  },
  "val_crm_loss": 0.11569510957342573,
  "val_crm_rmse": {
    "vel_body_x_mps": 0.0034280070143831195,
    "vel_body_y_mps": 0.0027465719617459946,
    "roll_rad": 5.186068723418831e-05,
    "pitch_rad": 3.483917498815687e-05,
    "roll_rate_radps": 0.004195773659389472,
    "ang_vel_body_y_radps": 0.002848511923703992,
    "yaw_rate_radps": 0.00256684146087529,
    "tire_fl_force_wheel_fz_n": 750.5131708336147,
    "tire_fr_force_wheel_fz_n": 760.591001058462,
    "tire_rl_force_wheel_fz_n": 1085.7732528756435,
    "tire_rr_force_wheel_fz_n": 1109.4371173831207,
    "tire_fl_spindle_omega_radps": 0.14776856657279921,
    "tire_fr_spindle_omega_radps": 0.1493447987190005,
    "tire_rl_spindle_omega_radps": 0.17456605076022072,
    "tire_rr_spindle_omega_radps": 0.17468295071348935
  },
  "val_mixed_loss": 0.05954080171616624,
  "rollout_flat_5.0s": {
    "xy_rmse_m": 0.6117105300760287,
    "yaw_rmse_rad": 0.07755434526232384,
    "errdist": 0.0805712269918572,
    "mean_dist_m": 7.592170963684718,
    "episodes": 12
  },
  "rollout_flat_10.0s": {
    "xy_rmse_m": 3.256287761134918,
    "yaw_rmse_rad": 0.20204992899800248,
    "errdist": 0.09246323096955611,
    "mean_dist_m": 35.2171098391215,
    "episodes": 12
  },
  "rollout_crm_5.0s": {
    "xy_rmse_m": 0.7054274995951813,
    "yaw_rmse_rad": 0.05325859943138854,
    "errdist": 0.098571551565831,
    "mean_dist_m": 7.1565019357949495,
    "episodes": 12
  },
  "rollout_crm_10.0s": {
    "xy_rmse_m": 3.1606128245672305,
    "yaw_rmse_rad": 0.30729192265066163,
    "errdist": 0.12623867756224338,
    "mean_dist_m": 25.036802393694717,
    "episodes": 12
  },
  "rollout_sel": 0.10935095426589975
}
{
  "epoch": 36,
  "timestamp_utc": "2026-07-13T21:47:17.095818+00:00",
  "train_loss": 0.0130297955814749,
  "val_loss": 0.003125678788601363,
  "val_rmse": {
    "vel_body_x_mps": 0.0008406207500165619,
    "vel_body_y_mps": 0.0007209644795385454,
    "roll_rad": 1.8890045608203117e-05,
    "pitch_rad": 8.236495072306743e-06,
    "roll_rate_radps": 0.0014034717695851997,
    "ang_vel_body_y_radps": 0.0007301368953679892,
    "yaw_rate_radps": 0.0013491266686682655,
    "tire_fl_force_wheel_fz_n": 40.278377392413375,
    "tire_fr_force_wheel_fz_n": 40.433669604640386,
    "tire_rl_force_wheel_fz_n": 23.752295963738785,
    "tire_rr_force_wheel_fz_n": 21.881337983347596,
    "tire_fl_spindle_omega_radps": 0.05425338959928933,
    "tire_fr_spindle_omega_radps": 0.05552353052209576,
    "tire_rl_spindle_omega_radps": 0.05303690782862573,
    "tire_rr_spindle_omega_radps": 0.04853327641186124
  },
  "val_flat_loss": 0.003125678788601363,
  "val_flat_rmse": {
    "vel_body_x_mps": 0.0008406207500165619,
    "vel_body_y_mps": 0.0007209644795385454,
    "roll_rad": 1.8890045608203117e-05,
    "pitch_rad": 8.236495072306743e-06,
    "roll_rate_radps": 0.0014034717695851997,
    "ang_vel_body_y_radps": 0.0007301368953679892,
    "yaw_rate_radps": 0.0013491266686682655,
    "tire_fl_force_wheel_fz_n": 40.278377392413375,
    "tire_fr_force_wheel_fz_n": 40.433669604640386,
    "tire_rl_force_wheel_fz_n": 23.752295963738785,
    "tire_rr_force_wheel_fz_n": 21.881337983347596,
    "tire_fl_spindle_omega_radps": 0.05425338959928933,
    "tire_fr_spindle_omega_radps": 0.05552353052209576,
    "tire_rl_spindle_omega_radps": 0.05303690782862573,
    "tire_rr_spindle_omega_radps": 0.04853327641186124
  },
  "val_crm_loss": 0.11563627188035752,
  "val_crm_rmse": {
    "vel_body_x_mps": 0.003489118626661569,
    "vel_body_y_mps": 0.002720951070555551,
    "roll_rad": 5.561995271928167e-05,
    "pitch_rad": 3.656591530810133e-05,
    "roll_rate_radps": 0.00416137649033975,
    "ang_vel_body_y_radps": 0.0028518596475289267,
    "yaw_rate_radps": 0.002590475861984739,
    "tire_fl_force_wheel_fz_n": 752.2399223170352,
    "tire_fr_force_wheel_fz_n": 764.6379400971646,
    "tire_rl_force_wheel_fz_n": 1079.3917009075237,
    "tire_rr_force_wheel_fz_n": 1112.7504735289067,
    "tire_fl_spindle_omega_radps": 0.14790241468890716,
    "tire_fr_spindle_omega_radps": 0.14927853835093916,
    "tire_rl_spindle_omega_radps": 0.1734261988579722,
    "tire_rr_spindle_omega_radps": 0.17459979064827985
  },
  "val_mixed_loss": 0.05938097533447944,
  "rollout_flat_5.0s": {
    "xy_rmse_m": 0.8394303418300364,
    "yaw_rmse_rad": 0.06645024899873385,
    "errdist": 0.1105652580592883,
    "mean_dist_m": 7.592170963684718,
    "episodes": 12
  },
  "rollout_flat_10.0s": {
    "xy_rmse_m": 3.411491394410808,
    "yaw_rmse_rad": 0.20636855990071265,
    "errdist": 0.09687028293903599,
    "mean_dist_m": 35.2171098391215,
    "episodes": 12
  },
  "rollout_crm_5.0s": {
    "xy_rmse_m": 0.5984995827871263,
    "yaw_rmse_rad": 0.05830391271073751,
    "errdist": 0.08363018527160429,
    "mean_dist_m": 7.1565019357949495,
    "episodes": 12
  },
  "rollout_crm_10.0s": {
    "xy_rmse_m": 2.921778528045449,
    "yaw_rmse_rad": 0.14106219860197383,
    "errdist": 0.11669934850711093,
    "mean_dist_m": 25.036802393694717,
    "episodes": 12
  },
  "rollout_sel": 0.10678481572307347
}
{
  "epoch": 37,
  "timestamp_utc": "2026-07-13T21:49:11.180013+00:00",
  "train_loss": 0.012748747436096892,
  "val_loss": 0.0032835764002447834,
  "val_rmse": {
    "vel_body_x_mps": 0.0009126159566685733,
    "vel_body_y_mps": 0.0006939868423657328,
    "roll_rad": 1.8311356031952216e-05,
    "pitch_rad": 8.355845477255697e-06,
    "roll_rate_radps": 0.0015187401751339269,
    "ang_vel_body_y_radps": 0.000898874006963491,
    "yaw_rate_radps": 0.0013507606677432052,
    "tire_fl_force_wheel_fz_n": 39.82596847454552,
    "tire_fr_force_wheel_fz_n": 39.59569819245105,
    "tire_rl_force_wheel_fz_n": 23.672901065557966,
    "tire_rr_force_wheel_fz_n": 21.74518268324706,
    "tire_fl_spindle_omega_radps": 0.0619987424711267,
    "tire_fr_spindle_omega_radps": 0.07235665863580931,
    "tire_rl_spindle_omega_radps": 0.0739399086609002,
    "tire_rr_spindle_omega_radps": 0.054188945882427626
  },
  "val_flat_loss": 0.0032835764002447834,
  "val_flat_rmse": {
    "vel_body_x_mps": 0.0009126159566685733,
    "vel_body_y_mps": 0.0006939868423657328,
    "roll_rad": 1.8311356031952216e-05,
    "pitch_rad": 8.355845477255697e-06,
    "roll_rate_radps": 0.0015187401751339269,
    "ang_vel_body_y_radps": 0.000898874006963491,
    "yaw_rate_radps": 0.0013507606677432052,
    "tire_fl_force_wheel_fz_n": 39.82596847454552,
    "tire_fr_force_wheel_fz_n": 39.59569819245105,
    "tire_rl_force_wheel_fz_n": 23.672901065557966,
    "tire_rr_force_wheel_fz_n": 21.74518268324706,
    "tire_fl_spindle_omega_radps": 0.0619987424711267,
    "tire_fr_spindle_omega_radps": 0.07235665863580931,
    "tire_rl_spindle_omega_radps": 0.0739399086609002,
    "tire_rr_spindle_omega_radps": 0.054188945882427626
  },
  "val_crm_loss": 0.11710196214902681,
  "val_crm_rmse": {
    "vel_body_x_mps": 0.003461936413575247,
    "vel_body_y_mps": 0.002783674922884575,
    "roll_rad": 5.374243755369545e-05,
    "pitch_rad": 3.855811379313446e-05,
    "roll_rate_radps": 0.0042711836883979094,
    "ang_vel_body_y_radps": 0.002857712011321209,
    "yaw_rate_radps": 0.0025701248429646976,
    "tire_fl_force_wheel_fz_n": 752.4964034625821,
    "tire_fr_force_wheel_fz_n": 762.1488954386534,
    "tire_rl_force_wheel_fz_n": 1096.302355580373,
    "tire_rr_force_wheel_fz_n": 1115.296548003583,
    "tire_fl_spindle_omega_radps": 0.14769964138246164,
    "tire_fr_spindle_omega_radps": 0.14913199182491574,
    "tire_rl_spindle_omega_radps": 0.17529508808892708,
    "tire_rr_spindle_omega_radps": 0.17507256409181765
  },
  "val_mixed_loss": 0.06019276927463579,
  "rollout_flat_5.0s": {
    "xy_rmse_m": 0.9643128725428988,
    "yaw_rmse_rad": 0.04321164519101137,
    "errdist": 0.12701411456030853,
    "mean_dist_m": 7.592170963684718,
    "episodes": 12
  },
  "rollout_flat_10.0s": {
    "xy_rmse_m": 3.3852449958977826,
    "yaw_rmse_rad": 0.1025129454761165,
    "errdist": 0.09612500887671448,
    "mean_dist_m": 35.2171098391215,
    "episodes": 12
  },
  "rollout_crm_5.0s": {
    "xy_rmse_m": 0.6173369441280406,
    "yaw_rmse_rad": 0.04458522881080058,
    "errdist": 0.08626238763945313,
    "mean_dist_m": 7.1565019357949495,
    "episodes": 12
  },
  "rollout_crm_10.0s": {
    "xy_rmse_m": 1.9716616052910318,
    "yaw_rmse_rad": 0.2373795663594824,
    "errdist": 0.07875053588263237,
    "mean_dist_m": 25.036802393694717,
    "episodes": 12
  },
  "rollout_sel": 0.08743777237967343
}
{
  "epoch": 38,
  "timestamp_utc": "2026-07-13T21:51:06.508008+00:00",
  "train_loss": 0.012535642383620142,
  "val_loss": 0.0031281110168856685,
  "val_rmse": {
    "vel_body_x_mps": 0.0008043337605634346,
    "vel_body_y_mps": 0.0008803922471312786,
    "roll_rad": 1.6761468645533968e-05,
    "pitch_rad": 1.1292590235213604e-05,
    "roll_rate_radps": 0.0014470640255205493,
    "ang_vel_body_y_radps": 0.0007428455401833879,
    "yaw_rate_radps": 0.0013114574449372134,
    "tire_fl_force_wheel_fz_n": 38.94343015245262,
    "tire_fr_force_wheel_fz_n": 39.570369552345234,
    "tire_rl_force_wheel_fz_n": 23.15590465911055,
    "tire_rr_force_wheel_fz_n": 22.135222786040085,
    "tire_fl_spindle_omega_radps": 0.05814506066641186,
    "tire_fr_spindle_omega_radps": 0.055736481183967346,
    "tire_rl_spindle_omega_radps": 0.05548246918875912,
    "tire_rr_spindle_omega_radps": 0.05188128304484129
  },
  "val_flat_loss": 0.0031281110168856685,
  "val_flat_rmse": {
    "vel_body_x_mps": 0.0008043337605634346,
    "vel_body_y_mps": 0.0008803922471312786,
    "roll_rad": 1.6761468645533968e-05,
    "pitch_rad": 1.1292590235213604e-05,
    "roll_rate_radps": 0.0014470640255205493,
    "ang_vel_body_y_radps": 0.0007428455401833879,
    "yaw_rate_radps": 0.0013114574449372134,
    "tire_fl_force_wheel_fz_n": 38.94343015245262,
    "tire_fr_force_wheel_fz_n": 39.570369552345234,
    "tire_rl_force_wheel_fz_n": 23.15590465911055,
    "tire_rr_force_wheel_fz_n": 22.135222786040085,
    "tire_fl_spindle_omega_radps": 0.05814506066641186,
    "tire_fr_spindle_omega_radps": 0.055736481183967346,
    "tire_rl_spindle_omega_radps": 0.05548246918875912,
    "tire_rr_spindle_omega_radps": 0.05188128304484129
  },
  "val_crm_loss": 0.1173808305041166,
  "val_crm_rmse": {
    "vel_body_x_mps": 0.0034278935833274566,
    "vel_body_y_mps": 0.002783548865098627,
    "roll_rad": 5.47854646416758e-05,
    "pitch_rad": 3.683108771878667e-05,
    "roll_rate_radps": 0.004235167069841315,
    "ang_vel_body_y_radps": 0.0028500119556964486,
    "yaw_rate_radps": 0.002585795662123051,
    "tire_fl_force_wheel_fz_n": 756.1488839634945,
    "tire_fr_force_wheel_fz_n": 770.0718666508528,
    "tire_rl_force_wheel_fz_n": 1085.6364032727918,
    "tire_rr_force_wheel_fz_n": 1122.5777884042943,
    "tire_fl_spindle_omega_radps": 0.14839143756284817,
    "tire_fr_spindle_omega_radps": 0.15022040738224943,
    "tire_rl_spindle_omega_radps": 0.1783041808942294,
    "tire_rr_spindle_omega_radps": 0.17526622261784114
  },
  "val_mixed_loss": 0.06025447076050113,
  "rollout_flat_5.0s": {
    "xy_rmse_m": 1.9964141720310105,
    "yaw_rmse_rad": 0.0732396067524927,
    "errdist": 0.26295695678882447,
    "mean_dist_m": 7.592170963684718,
    "episodes": 12
  },
  "rollout_flat_10.0s": {
    "xy_rmse_m": 5.223771394538381,
    "yaw_rmse_rad": 0.13778972824687669,
    "errdist": 0.14833049669327122,
    "mean_dist_m": 35.2171098391215,
    "episodes": 12
  },
  "rollout_crm_5.0s": {
    "xy_rmse_m": 0.7739451705477334,
    "yaw_rmse_rad": 0.049615493106796874,
    "errdist": 0.10814573621180233,
    "mean_dist_m": 7.1565019357949495,
    "episodes": 12
  },
  "rollout_crm_10.0s": {
    "xy_rmse_m": 2.6332445224642336,
    "yaw_rmse_rad": 0.12770290200889875,
    "errdist": 0.10517495329704689,
    "mean_dist_m": 25.036802393694717,
    "episodes": 12
  },
  "rollout_sel": 0.12675272499515905
}
{
  "epoch": 39,
  "timestamp_utc": "2026-07-13T21:53:01.856423+00:00",
  "train_loss": 0.01229156053927727,
  "val_loss": 0.0028333258779639436,
  "val_rmse": {
    "vel_body_x_mps": 0.0007831098521965656,
    "vel_body_y_mps": 0.0006438109981314286,
    "roll_rad": 1.6091404328718478e-05,
    "pitch_rad": 7.181642169299636e-06,
    "roll_rate_radps": 0.001413493539279518,
    "ang_vel_body_y_radps": 0.000715167135454318,
    "yaw_rate_radps": 0.001305431591663703,
    "tire_fl_force_wheel_fz_n": 38.2084498279644,
    "tire_fr_force_wheel_fz_n": 39.19630509608267,
    "tire_rl_force_wheel_fz_n": 23.56041110698115,
    "tire_rr_force_wheel_fz_n": 21.934476073646742,
    "tire_fl_spindle_omega_radps": 0.054263626296992856,
    "tire_fr_spindle_omega_radps": 0.05200093473530499,
    "tire_rl_spindle_omega_radps": 0.0524030612088229,
    "tire_rr_spindle_omega_radps": 0.04834445280714474
  },
  "val_flat_loss": 0.0028333258779639436,
  "val_flat_rmse": {
    "vel_body_x_mps": 0.0007831098521965656,
    "vel_body_y_mps": 0.0006438109981314286,
    "roll_rad": 1.6091404328718478e-05,
    "pitch_rad": 7.181642169299636e-06,
    "roll_rate_radps": 0.001413493539279518,
    "ang_vel_body_y_radps": 0.000715167135454318,
    "yaw_rate_radps": 0.001305431591663703,
    "tire_fl_force_wheel_fz_n": 38.2084498279644,
    "tire_fr_force_wheel_fz_n": 39.19630509608267,
    "tire_rl_force_wheel_fz_n": 23.56041110698115,
    "tire_rr_force_wheel_fz_n": 21.934476073646742,
    "tire_fl_spindle_omega_radps": 0.054263626296992856,
    "tire_fr_spindle_omega_radps": 0.05200093473530499,
    "tire_rl_spindle_omega_radps": 0.0524030612088229,
    "tire_rr_spindle_omega_radps": 0.04834445280714474
  },
  "val_crm_loss": 0.11689767450618092,
  "val_crm_rmse": {
    "vel_body_x_mps": 0.003478675489447056,
    "vel_body_y_mps": 0.0027065028559648393,
    "roll_rad": 5.2548962627799594e-05,
    "pitch_rad": 3.3978867007481236e-05,
    "roll_rate_radps": 0.004139253737214384,
    "ang_vel_body_y_radps": 0.0028597479090643548,
    "yaw_rate_radps": 0.0025681301097129016,
    "tire_fl_force_wheel_fz_n": 763.1921038445074,
    "tire_fr_force_wheel_fz_n": 766.3542643540599,
    "tire_rl_force_wheel_fz_n": 1092.0509922236686,
    "tire_rr_force_wheel_fz_n": 1115.7092684344486,
    "tire_fl_spindle_omega_radps": 0.14824517060061282,
    "tire_fr_spindle_omega_radps": 0.14941278071244243,
    "tire_rl_spindle_omega_radps": 0.1746622492687603,
    "tire_rr_spindle_omega_radps": 0.17470209769531336
  },
  "val_mixed_loss": 0.059865500192072436,
  "rollout_flat_5.0s": {
    "xy_rmse_m": 1.1380315798929297,
    "yaw_rmse_rad": 0.04261018964538685,
    "errdist": 0.14989541006603035,
    "mean_dist_m": 7.592170963684718,
    "episodes": 12
  },
  "rollout_flat_10.0s": {
    "xy_rmse_m": 3.4322153749607236,
    "yaw_rmse_rad": 0.0810581594206159,
    "errdist": 0.0974587463491394,
    "mean_dist_m": 35.2171098391215,
    "episodes": 12
  },
  "rollout_crm_5.0s": {
    "xy_rmse_m": 0.673375199129009,
    "yaw_rmse_rad": 0.032818457388107666,
    "errdist": 0.09409278515820173,
    "mean_dist_m": 7.1565019357949495,
    "episodes": 12
  },
  "rollout_crm_10.0s": {
    "xy_rmse_m": 2.075084091688659,
    "yaw_rmse_rad": 0.08236286464456442,
    "errdist": 0.08288135437819524,
    "mean_dist_m": 25.036802393694717,
    "episodes": 12
  },
  "rollout_sel": 0.09017005036366732
}
{
  "epoch": 40,
  "timestamp_utc": "2026-07-13T21:54:55.287152+00:00",
  "train_loss": 0.012070810188772157,
  "val_loss": 0.00281470664202061,
  "val_rmse": {
    "vel_body_x_mps": 0.000800319667463646,
    "vel_body_y_mps": 0.0006397970752948106,
    "roll_rad": 1.638712146788641e-05,
    "pitch_rad": 8.36365236648268e-06,
    "roll_rate_radps": 0.0013894659255055926,
    "ang_vel_body_y_radps": 0.000694919725916615,
    "yaw_rate_radps": 0.0013135979269385597,
    "tire_fl_force_wheel_fz_n": 38.04683206243266,
    "tire_fr_force_wheel_fz_n": 38.801960467000235,
    "tire_rl_force_wheel_fz_n": 23.06043836874226,
    "tire_rr_force_wheel_fz_n": 21.95352440489043,
    "tire_fl_spindle_omega_radps": 0.05201365089612557,
    "tire_fr_spindle_omega_radps": 0.051345350575015936,
    "tire_rl_spindle_omega_radps": 0.050250858522792534,
    "tire_rr_spindle_omega_radps": 0.04751352447898452
  },
  "val_flat_loss": 0.00281470664202061,
  "val_flat_rmse": {
    "vel_body_x_mps": 0.000800319667463646,
    "vel_body_y_mps": 0.0006397970752948106,
    "roll_rad": 1.638712146788641e-05,
    "pitch_rad": 8.36365236648268e-06,
    "roll_rate_radps": 0.0013894659255055926,
    "ang_vel_body_y_radps": 0.000694919725916615,
    "yaw_rate_radps": 0.0013135979269385597,
    "tire_fl_force_wheel_fz_n": 38.04683206243266,
    "tire_fr_force_wheel_fz_n": 38.801960467000235,
    "tire_rl_force_wheel_fz_n": 23.06043836874226,
    "tire_rr_force_wheel_fz_n": 21.95352440489043,
    "tire_fl_spindle_omega_radps": 0.05201365089612557,
    "tire_fr_spindle_omega_radps": 0.051345350575015936,
    "tire_rl_spindle_omega_radps": 0.050250858522792534,
    "tire_rr_spindle_omega_radps": 0.04751352447898452
  },
  "val_crm_loss": 0.11729266441776418,
  "val_crm_rmse": {
    "vel_body_x_mps": 0.0034662482652153426,
    "vel_body_y_mps": 0.0027106738395673738,
    "roll_rad": 4.958183683173021e-05,
    "pitch_rad": 3.374241389399323e-05,
    "roll_rate_radps": 0.004147046555710959,
    "ang_vel_body_y_radps": 0.0028513001764940704,
    "yaw_rate_radps": 0.00259596619324033,
    "tire_fl_force_wheel_fz_n": 757.6576512734516,
    "tire_fr_force_wheel_fz_n": 763.9376520778427,
    "tire_rl_force_wheel_fz_n": 1091.2392648009018,
    "tire_rr_force_wheel_fz_n": 1125.5552538606926,
    "tire_fl_spindle_omega_radps": 0.149238154728713,
    "tire_fr_spindle_omega_radps": 0.1487162866641692,
    "tire_rl_spindle_omega_radps": 0.17432842465953458,
    "tire_rr_spindle_omega_radps": 0.17515847104292318
  },
  "val_mixed_loss": 0.06005368552989239,
  "rollout_flat_5.0s": {
    "xy_rmse_m": 1.2397815997565906,
    "yaw_rmse_rad": 0.10218815090419205,
    "errdist": 0.16329737642721442,
    "mean_dist_m": 7.592170963684718,
    "episodes": 12
  },
  "rollout_flat_10.0s": {
    "xy_rmse_m": 5.6361313643116935,
    "yaw_rmse_rad": 0.3485921007689734,
    "errdist": 0.16003957707087893,
    "mean_dist_m": 35.2171098391215,
    "episodes": 12
  },
  "rollout_crm_5.0s": {
    "xy_rmse_m": 0.2975321792648394,
    "yaw_rmse_rad": 0.03148066273205189,
    "errdist": 0.04157508541661413,
    "mean_dist_m": 7.1565019357949495,
    "episodes": 12
  },
  "rollout_crm_10.0s": {
    "xy_rmse_m": 1.322923108943762,
    "yaw_rmse_rad": 0.07429499589687759,
    "errdist": 0.052839140084315554,
    "mean_dist_m": 25.036802393694717,
    "episodes": 12
  },
  "rollout_sel": 0.10643935857759725
}
{
  "epoch": 41,
  "timestamp_utc": "2026-07-13T21:56:49.651286+00:00",
  "train_loss": 0.011874205564847216,
  "val_loss": 0.0028182844421826302,
  "val_rmse": {
    "vel_body_x_mps": 0.0007754897476331097,
    "vel_body_y_mps": 0.0006597724422941095,
    "roll_rad": 1.9267265979119104e-05,
    "pitch_rad": 7.266980233322019e-06,
    "roll_rate_radps": 0.0014079906707874562,
    "ang_vel_body_y_radps": 0.0007004652151404321,
    "yaw_rate_radps": 0.001315157877549782,
    "tire_fl_force_wheel_fz_n": 37.8372548409501,
    "tire_fr_force_wheel_fz_n": 38.52659681261188,
    "tire_rl_force_wheel_fz_n": 23.23290532782616,
    "tire_rr_force_wheel_fz_n": 21.852810348215844,
    "tire_fl_spindle_omega_radps": 0.052656273693134595,
    "tire_fr_spindle_omega_radps": 0.05150573280716397,
    "tire_rl_spindle_omega_radps": 0.05145920503823983,
    "tire_rr_spindle_omega_radps": 0.04839104079458763
  },
  "val_flat_loss": 0.0028182844421826302,
  "val_flat_rmse": {
    "vel_body_x_mps": 0.0007754897476331097,
    "vel_body_y_mps": 0.0006597724422941095,
    "roll_rad": 1.9267265979119104e-05,
    "pitch_rad": 7.266980233322019e-06,
    "roll_rate_radps": 0.0014079906707874562,
    "ang_vel_body_y_radps": 0.0007004652151404321,
    "yaw_rate_radps": 0.001315157877549782,
    "tire_fl_force_wheel_fz_n": 37.8372548409501,
    "tire_fr_force_wheel_fz_n": 38.52659681261188,
    "tire_rl_force_wheel_fz_n": 23.23290532782616,
    "tire_rr_force_wheel_fz_n": 21.852810348215844,
    "tire_fl_spindle_omega_radps": 0.052656273693134595,
    "tire_fr_spindle_omega_radps": 0.05150573280716397,
    "tire_rl_spindle_omega_radps": 0.05145920503823983,
    "tire_rr_spindle_omega_radps": 0.04839104079458763
  },
  "val_crm_loss": 0.11726380893611349,
  "val_crm_rmse": {
    "vel_body_x_mps": 0.0034961500932008606,
    "vel_body_y_mps": 0.0027319904531105522,
    "roll_rad": 5.547468883675154e-05,
    "pitch_rad": 3.3806577079265675e-05,
    "roll_rate_radps": 0.004189932586465522,
    "ang_vel_body_y_radps": 0.002875235699085467,
    "yaw_rate_radps": 0.002586204642611897,
    "tire_fl_force_wheel_fz_n": 762.220980199476,
    "tire_fr_force_wheel_fz_n": 759.9732122065122,
    "tire_rl_force_wheel_fz_n": 1091.2152545287793,
    "tire_rr_force_wheel_fz_n": 1114.0833109484342,
    "tire_fl_spindle_omega_radps": 0.1483797589590162,
    "tire_fr_spindle_omega_radps": 0.14817271181854638,
    "tire_rl_spindle_omega_radps": 0.17411389510747124,
    "tire_rr_spindle_omega_radps": 0.1745500011145025
  },
  "val_mixed_loss": 0.06004104668914806,
  "rollout_flat_5.0s": {
    "xy_rmse_m": 1.596764441916258,
    "yaw_rmse_rad": 0.08177112613335,
    "errdist": 0.21031723989804602,
    "mean_dist_m": 7.592170963684718,
    "episodes": 12
  },
  "rollout_flat_10.0s": {
    "xy_rmse_m": 7.402224649987341,
    "yaw_rmse_rad": 0.20675280847144908,
    "errdist": 0.21018830573553934,
    "mean_dist_m": 35.2171098391215,
    "episodes": 12
  },
  "rollout_crm_5.0s": {
    "xy_rmse_m": 0.49360689849906875,
    "yaw_rmse_rad": 0.03719961661536261,
    "errdist": 0.06897320826955643,
    "mean_dist_m": 7.1565019357949495,
    "episodes": 12
  },
  "rollout_crm_10.0s": {
    "xy_rmse_m": 3.063806558307709,
    "yaw_rmse_rad": 0.09956815219409795,
    "errdist": 0.12237211885649182,
    "mean_dist_m": 25.036802393694717,
    "episodes": 12
  },
  "rollout_sel": 0.16628021229601558
}
{
  "epoch": 42,
  "timestamp_utc": "2026-07-13T21:58:44.193663+00:00",
  "train_loss": 0.011638065179809929,
  "val_loss": 0.002843913317901752,
  "val_rmse": {
    "vel_body_x_mps": 0.000804923791792239,
    "vel_body_y_mps": 0.0006989113829861764,
    "roll_rad": 1.5165545357797824e-05,
    "pitch_rad": 8.215236181384515e-06,
    "roll_rate_radps": 0.001389995476764922,
    "ang_vel_body_y_radps": 0.0006866144420998936,
    "yaw_rate_radps": 0.0013078786468274778,
    "tire_fl_force_wheel_fz_n": 38.60143174705758,
    "tire_fr_force_wheel_fz_n": 39.37875072974142,
    "tire_rl_force_wheel_fz_n": 23.722325731924414,
    "tire_rr_force_wheel_fz_n": 21.64339406257549,
    "tire_fl_spindle_omega_radps": 0.05304773439436972,
    "tire_fr_spindle_omega_radps": 0.052362274030021264,
    "tire_rl_spindle_omega_radps": 0.05117815110687838,
    "tire_rr_spindle_omega_radps": 0.04580304322740997
  },
  "val_flat_loss": 0.002843913317901752,
  "val_flat_rmse": {
    "vel_body_x_mps": 0.000804923791792239,
    "vel_body_y_mps": 0.0006989113829861764,
    "roll_rad": 1.5165545357797824e-05,
    "pitch_rad": 8.215236181384515e-06,
    "roll_rate_radps": 0.001389995476764922,
    "ang_vel_body_y_radps": 0.0006866144420998936,
    "yaw_rate_radps": 0.0013078786468274778,
    "tire_fl_force_wheel_fz_n": 38.60143174705758,
    "tire_fr_force_wheel_fz_n": 39.37875072974142,
    "tire_rl_force_wheel_fz_n": 23.722325731924414,
    "tire_rr_force_wheel_fz_n": 21.64339406257549,
    "tire_fl_spindle_omega_radps": 0.05304773439436972,
    "tire_fr_spindle_omega_radps": 0.052362274030021264,
    "tire_rl_spindle_omega_radps": 0.05117815110687838,
    "tire_rr_spindle_omega_radps": 0.04580304322740997
  },
  "val_crm_loss": 0.11751932886661962,
  "val_crm_rmse": {
    "vel_body_x_mps": 0.003449882427343331,
    "vel_body_y_mps": 0.0027364224114449823,
    "roll_rad": 4.986255283009946e-05,
    "pitch_rad": 3.3035957280541726e-05,
    "roll_rate_radps": 0.004155965078157278,
    "ang_vel_body_y_radps": 0.002829655164547412,
    "yaw_rate_radps": 0.0025973079288304137,
    "tire_fl_force_wheel_fz_n": 766.1929930826344,
    "tire_fr_force_wheel_fz_n": 764.8550537269595,
    "tire_rl_force_wheel_fz_n": 1097.2642745869894,
    "tire_rr_force_wheel_fz_n": 1113.8657645243409,
    "tire_fl_spindle_omega_radps": 0.15037802357916685,
    "tire_fr_spindle_omega_radps": 0.1504944678180764,
    "tire_rl_spindle_omega_radps": 0.175334384239366,
    "tire_rr_spindle_omega_radps": 0.17617388923312552
  },
  "val_mixed_loss": 0.06018162109226068,
  "rollout_flat_5.0s": {
    "xy_rmse_m": 0.6815803084043027,
    "yaw_rmse_rad": 0.04556491933315927,
    "errdist": 0.08977409909029636,
    "mean_dist_m": 7.592170963684718,
    "episodes": 12
  },
  "rollout_flat_10.0s": {
    "xy_rmse_m": 2.13917349164008,
    "yaw_rmse_rad": 0.07146255180893482,
    "errdist": 0.0607424488100311,
    "mean_dist_m": 35.2171098391215,
    "episodes": 12
  },
  "rollout_crm_5.0s": {
    "xy_rmse_m": 0.38952543048512905,
    "yaw_rmse_rad": 0.029069394402425897,
    "errdist": 0.05442958500951768,
    "mean_dist_m": 7.1565019357949495,
    "episodes": 12
  },
  "rollout_crm_10.0s": {
    "xy_rmse_m": 1.9486141220888447,
    "yaw_rmse_rad": 0.21409905017199332,
    "errdist": 0.07782999168374571,
    "mean_dist_m": 25.036802393694717,
    "episodes": 12
  },
  "rollout_sel": 0.06928622024688841
}
{
  "epoch": 43,
  "timestamp_utc": "2026-07-13T22:00:35.147969+00:00",
  "train_loss": 0.01139931201399304,
  "val_loss": 0.0027606659749653773,
  "val_rmse": {
    "vel_body_x_mps": 0.0007614713411711772,
    "vel_body_y_mps": 0.0007215311386752351,
    "roll_rad": 1.5575956380186833e-05,
    "pitch_rad": 7.218905328531077e-06,
    "roll_rate_radps": 0.001384776556403108,
    "ang_vel_body_y_radps": 0.0006860146675996675,
    "yaw_rate_radps": 0.0012866204798769644,
    "tire_fl_force_wheel_fz_n": 39.041068659381935,
    "tire_fr_force_wheel_fz_n": 37.94865008649732,
    "tire_rl_force_wheel_fz_n": 22.437425276969236,
    "tire_rr_force_wheel_fz_n": 21.35217706392546,
    "tire_fl_spindle_omega_radps": 0.05245985390588607,
    "tire_fr_spindle_omega_radps": 0.051141547477727846,
    "tire_rl_spindle_omega_radps": 0.05083596005606553,
    "tire_rr_spindle_omega_radps": 0.04792008167617492
  },
  "val_flat_loss": 0.0027606659749653773,
  "val_flat_rmse": {
    "vel_body_x_mps": 0.0007614713411711772,
    "vel_body_y_mps": 0.0007215311386752351,
    "roll_rad": 1.5575956380186833e-05,
    "pitch_rad": 7.218905328531077e-06,
    "roll_rate_radps": 0.001384776556403108,
    "ang_vel_body_y_radps": 0.0006860146675996675,
    "yaw_rate_radps": 0.0012866204798769644,
    "tire_fl_force_wheel_fz_n": 39.041068659381935,
    "tire_fr_force_wheel_fz_n": 37.94865008649732,
    "tire_rl_force_wheel_fz_n": 22.437425276969236,
    "tire_rr_force_wheel_fz_n": 21.35217706392546,
    "tire_fl_spindle_omega_radps": 0.05245985390588607,
    "tire_fr_spindle_omega_radps": 0.051141547477727846,
    "tire_rl_spindle_omega_radps": 0.05083596005606553,
    "tire_rr_spindle_omega_radps": 0.04792008167617492
  },
  "val_crm_loss": 0.11783025957411156,
  "val_crm_rmse": {
    "vel_body_x_mps": 0.0034998668708990034,
    "vel_body_y_mps": 0.0027079175246389857,
    "roll_rad": 4.7692360800971216e-05,
    "pitch_rad": 3.260077101831771e-05,
    "roll_rate_radps": 0.0040724826469788495,
    "ang_vel_body_y_radps": 0.0028298670973376195,
    "yaw_rate_radps": 0.002604306338430461,
    "tire_fl_force_wheel_fz_n": 766.8798992877832,
    "tire_fr_force_wheel_fz_n": 758.9968982955822,
    "tire_rl_force_wheel_fz_n": 1098.4380337364234,
    "tire_rr_force_wheel_fz_n": 1119.3464765680944,
    "tire_fl_spindle_omega_radps": 0.14755375768083612,
    "tire_fr_spindle_omega_radps": 0.14975830198335133,
    "tire_rl_spindle_omega_radps": 0.17477092793111773,
    "tire_rr_spindle_omega_radps": 0.1748401868857881
  },
  "val_mixed_loss": 0.06029546277453847,
  "rollout_flat_5.0s": {
    "xy_rmse_m": 1.5777715508001573,
    "yaw_rmse_rad": 0.0741249339298803,
    "errdist": 0.20781559824548726,
    "mean_dist_m": 7.592170963684718,
    "episodes": 12
  },
  "rollout_flat_10.0s": {
    "xy_rmse_m": 4.78899021683657,
    "yaw_rmse_rad": 0.12775379729303954,
    "errdist": 0.13598475964420687,
    "mean_dist_m": 35.2171098391215,
    "episodes": 12
  },
  "rollout_crm_5.0s": {
    "xy_rmse_m": 0.6455682211199013,
    "yaw_rmse_rad": 0.06364748791985622,
    "errdist": 0.09020723069897292,
    "mean_dist_m": 7.1565019357949495,
    "episodes": 12
  },
  "rollout_crm_10.0s": {
    "xy_rmse_m": 1.7962154968954684,
    "yaw_rmse_rad": 0.13565106965014245,
    "errdist": 0.07174300729983907,
    "mean_dist_m": 25.036802393694717,
    "episodes": 12
  },
  "rollout_sel": 0.10386388347202297
}
{
  "epoch": 44,
  "timestamp_utc": "2026-07-13T22:02:30.087207+00:00",
  "train_loss": 0.011212847465649246,
  "val_loss": 0.0030444846777390924,
  "val_rmse": {
    "vel_body_x_mps": 0.0007862256197824684,
    "vel_body_y_mps": 0.0007752647311333225,
    "roll_rad": 1.8805757900585156e-05,
    "pitch_rad": 7.434435852938895e-06,
    "roll_rate_radps": 0.0014439178571268082,
    "ang_vel_body_y_radps": 0.0007212965875137972,
    "yaw_rate_radps": 0.0013570251090132782,
    "tire_fl_force_wheel_fz_n": 38.23371008652992,
    "tire_fr_force_wheel_fz_n": 38.90323526343992,
    "tire_rl_force_wheel_fz_n": 23.185575915705563,
    "tire_rr_force_wheel_fz_n": 21.41552951345583,
    "tire_fl_spindle_omega_radps": 0.053539393010961465,
    "tire_fr_spindle_omega_radps": 0.057280855797242854,
    "tire_rl_spindle_omega_radps": 0.057734788000982334,
    "tire_rr_spindle_omega_radps": 0.04838054466916387
  },
  "val_flat_loss": 0.0030444846777390924,
  "val_flat_rmse": {
    "vel_body_x_mps": 0.0007862256197824684,
    "vel_body_y_mps": 0.0007752647311333225,
    "roll_rad": 1.8805757900585156e-05,
    "pitch_rad": 7.434435852938895e-06,
    "roll_rate_radps": 0.0014439178571268082,
    "ang_vel_body_y_radps": 0.0007212965875137972,
    "yaw_rate_radps": 0.0013570251090132782,
    "tire_fl_force_wheel_fz_n": 38.23371008652992,
    "tire_fr_force_wheel_fz_n": 38.90323526343992,
    "tire_rl_force_wheel_fz_n": 23.185575915705563,
    "tire_rr_force_wheel_fz_n": 21.41552951345583,
    "tire_fl_spindle_omega_radps": 0.053539393010961465,
    "tire_fr_spindle_omega_radps": 0.057280855797242854,
    "tire_rl_spindle_omega_radps": 0.057734788000982334,
    "tire_rr_spindle_omega_radps": 0.04838054466916387
  },
  "val_crm_loss": 0.1182797082856996,
  "val_crm_rmse": {
    "vel_body_x_mps": 0.0035155856608194464,
    "vel_body_y_mps": 0.0027350654825193167,
    "roll_rad": 5.0277939251081364e-05,
    "pitch_rad": 3.398395997342451e-05,
    "roll_rate_radps": 0.004211264487272102,
    "ang_vel_body_y_radps": 0.002857713949603219,
    "yaw_rate_radps": 0.0026111317422774275,
    "tire_fl_force_wheel_fz_n": 763.504483452744,
    "tire_fr_force_wheel_fz_n": 762.6189265469915,
    "tire_rl_force_wheel_fz_n": 1098.076913061326,
    "tire_rr_force_wheel_fz_n": 1122.8355055808836,
    "tire_fl_spindle_omega_radps": 0.15140068738811835,
    "tire_fr_spindle_omega_radps": 0.15102272854040588,
    "tire_rl_spindle_omega_radps": 0.17715016798032954,
    "tire_rr_spindle_omega_radps": 0.17734806676519138
  },
  "val_mixed_loss": 0.060662096481719344,
  "rollout_flat_5.0s": {
    "xy_rmse_m": 0.7252334035411935,
    "yaw_rmse_rad": 0.061999071328324724,
    "errdist": 0.09552385042567785,
    "mean_dist_m": 7.592170963684718,
    "episodes": 12
  },
  "rollout_flat_10.0s": {
    "xy_rmse_m": 3.4702494893085225,
    "yaw_rmse_rad": 0.12704646520298707,
    "errdist": 0.09853873600534759,
    "mean_dist_m": 35.2171098391215,
    "episodes": 12
  },
  "rollout_crm_5.0s": {
    "xy_rmse_m": 0.8744034035727247,
    "yaw_rmse_rad": 0.056818837808485144,
    "errdist": 0.12218307371639037,
    "mean_dist_m": 7.1565019357949495,
    "episodes": 12
  },
  "rollout_crm_10.0s": {
    "xy_rmse_m": 3.209940385750176,
    "yaw_rmse_rad": 0.1725033899563867,
    "errdist": 0.12820887968339637,
    "mean_dist_m": 25.036802393694717,
    "episodes": 12
  },
  "rollout_sel": 0.11337380784437198
}
{
  "epoch": 45,
  "timestamp_utc": "2026-07-13T22:04:23.723608+00:00",
  "train_loss": 0.010989824158372357,
  "val_loss": 0.0029082265126453423,
  "val_rmse": {
    "vel_body_x_mps": 0.0007945197649149233,
    "vel_body_y_mps": 0.0007563433229287336,
    "roll_rad": 1.9933451825160348e-05,
    "pitch_rad": 8.452465993398736e-06,
    "roll_rate_radps": 0.0014106404979241116,
    "ang_vel_body_y_radps": 0.0007026212728375758,
    "yaw_rate_radps": 0.0013068577232289208,
    "tire_fl_force_wheel_fz_n": 38.215978637551395,
    "tire_fr_force_wheel_fz_n": 38.494284521901676,
    "tire_rl_force_wheel_fz_n": 23.161102217542943,
    "tire_rr_force_wheel_fz_n": 21.944555854722456,
    "tire_fl_spindle_omega_radps": 0.05270638085896216,
    "tire_fr_spindle_omega_radps": 0.05363352737337446,
    "tire_rl_spindle_omega_radps": 0.05287710543999162,
    "tire_rr_spindle_omega_radps": 0.04752764705406168
  },
  "val_flat_loss": 0.0029082265126453423,
  "val_flat_rmse": {
    "vel_body_x_mps": 0.0007945197649149233,
    "vel_body_y_mps": 0.0007563433229287336,
    "roll_rad": 1.9933451825160348e-05,
    "pitch_rad": 8.452465993398736e-06,
    "roll_rate_radps": 0.0014106404979241116,
    "ang_vel_body_y_radps": 0.0007026212728375758,
    "yaw_rate_radps": 0.0013068577232289208,
    "tire_fl_force_wheel_fz_n": 38.215978637551395,
    "tire_fr_force_wheel_fz_n": 38.494284521901676,
    "tire_rl_force_wheel_fz_n": 23.161102217542943,
    "tire_rr_force_wheel_fz_n": 21.944555854722456,
    "tire_fl_spindle_omega_radps": 0.05270638085896216,
    "tire_fr_spindle_omega_radps": 0.05363352737337446,
    "tire_rl_spindle_omega_radps": 0.05287710543999162,
    "tire_rr_spindle_omega_radps": 0.04752764705406168
  },
  "val_crm_loss": 0.11864827862125821,
  "val_crm_rmse": {
    "vel_body_x_mps": 0.0034622374468826355,
    "vel_body_y_mps": 0.002711023857966502,
    "roll_rad": 4.849303942858031e-05,
    "pitch_rad": 3.457916621400459e-05,
    "roll_rate_radps": 0.004108874934784792,
    "ang_vel_body_y_radps": 0.0028393619708333216,
    "yaw_rate_radps": 0.002629351420228618,
    "tire_fl_force_wheel_fz_n": 774.9494682823605,
    "tire_fr_force_wheel_fz_n": 775.0039421034444,
    "tire_rl_force_wheel_fz_n": 1101.9642560547572,
    "tire_rr_force_wheel_fz_n": 1115.150594972887,
    "tire_fl_spindle_omega_radps": 0.1505848680545038,
    "tire_fr_spindle_omega_radps": 0.1506899442795858,
    "tire_rl_spindle_omega_radps": 0.17577227050719202,
    "tire_rr_spindle_omega_radps": 0.17551848880104942
  },
  "val_mixed_loss": 0.060778252566951775,
  "rollout_flat_5.0s": {
    "xy_rmse_m": 1.0965797749290407,
    "yaw_rmse_rad": 0.08285531499680938,
    "errdist": 0.14443560085438806,
    "mean_dist_m": 7.592170963684718,
    "episodes": 12
  },
  "rollout_flat_10.0s": {
    "xy_rmse_m": 4.05144711649019,
    "yaw_rmse_rad": 0.18885821074251605,
    "errdist": 0.11504201040340836,
    "mean_dist_m": 35.2171098391215,
    "episodes": 12
  },
  "rollout_crm_5.0s": {
    "xy_rmse_m": 0.9404442626415218,
    "yaw_rmse_rad": 0.06719544988366166,
    "errdist": 0.1314111658291694,
    "mean_dist_m": 7.1565019357949495,
    "episodes": 12
  },
  "rollout_crm_10.0s": {
    "xy_rmse_m": 3.7569841189041617,
    "yaw_rmse_rad": 0.16686667927733176,
    "errdist": 0.15005846432890818,
    "mean_dist_m": 25.036802393694717,
    "episodes": 12
  },
  "rollout_sel": 0.13255023736615829
}
{
  "epoch": 46,
  "timestamp_utc": "2026-07-13T22:06:18.574391+00:00",
  "train_loss": 0.010765856672544032,
  "val_loss": 0.0027239085582550617,
  "val_rmse": {
    "vel_body_x_mps": 0.0007720486953083121,
    "vel_body_y_mps": 0.0006762515336786052,
    "roll_rad": 1.437698858013176e-05,
    "pitch_rad": 7.446953950777424e-06,
    "roll_rate_radps": 0.0013833534332874414,
    "ang_vel_body_y_radps": 0.0006903034342554865,
    "yaw_rate_radps": 0.0012969711956936874,
    "tire_fl_force_wheel_fz_n": 37.56705122460755,
    "tire_fr_force_wheel_fz_n": 37.939823095093224,
    "tire_rl_force_wheel_fz_n": 22.556851807871695,
    "tire_rr_force_wheel_fz_n": 21.44485002518623,
    "tire_fl_spindle_omega_radps": 0.05195929011267063,
    "tire_fr_spindle_omega_radps": 0.05239052680330014,
    "tire_rl_spindle_omega_radps": 0.05246338087415615,
    "tire_rr_spindle_omega_radps": 0.04660734727984315
  },
  "val_flat_loss": 0.0027239085582550617,
  "val_flat_rmse": {
    "vel_body_x_mps": 0.0007720486953083121,
    "vel_body_y_mps": 0.0006762515336786052,
    "roll_rad": 1.437698858013176e-05,
    "pitch_rad": 7.446953950777424e-06,
    "roll_rate_radps": 0.0013833534332874414,
    "ang_vel_body_y_radps": 0.0006903034342554865,
    "yaw_rate_radps": 0.0012969711956936874,
    "tire_fl_force_wheel_fz_n": 37.56705122460755,
    "tire_fr_force_wheel_fz_n": 37.939823095093224,
    "tire_rl_force_wheel_fz_n": 22.556851807871695,
    "tire_rr_force_wheel_fz_n": 21.44485002518623,
    "tire_fl_spindle_omega_radps": 0.05195929011267063,
    "tire_fr_spindle_omega_radps": 0.05239052680330014,
    "tire_rl_spindle_omega_radps": 0.05246338087415615,
    "tire_rr_spindle_omega_radps": 0.04660734727984315
  },
  "val_crm_loss": 0.11835066406347323,
  "val_crm_rmse": {
    "vel_body_x_mps": 0.003521631045820355,
    "vel_body_y_mps": 0.002707490772018864,
    "roll_rad": 4.9961756567150886e-05,
    "pitch_rad": 3.15793860380544e-05,
    "roll_rate_radps": 0.004091696952549741,
    "ang_vel_body_y_radps": 0.0028059363019769814,
    "yaw_rate_radps": 0.0026181104080088427,
    "tire_fl_force_wheel_fz_n": 767.8573660356429,
    "tire_fr_force_wheel_fz_n": 772.365149623562,
    "tire_rl_force_wheel_fz_n": 1098.1679762412252,
    "tire_rr_force_wheel_fz_n": 1123.1857922225993,
    "tire_fl_spindle_omega_radps": 0.14847175000003876,
    "tire_fr_spindle_omega_radps": 0.14870989129901252,
    "tire_rl_spindle_omega_radps": 0.17423875591661045,
    "tire_rr_spindle_omega_radps": 0.17446435707407157
  },
  "val_mixed_loss": 0.06053728631086415,
  "rollout_flat_5.0s": {
    "xy_rmse_m": 1.6147436279794827,
    "yaw_rmse_rad": 0.10783386046508252,
    "errdist": 0.21268536176321787,
    "mean_dist_m": 7.592170963684718,
    "episodes": 12
  },
  "rollout_flat_10.0s": {
    "xy_rmse_m": 5.9970396851573,
    "yaw_rmse_rad": 0.25275250255384674,
    "errdist": 0.17028767302464415,
    "mean_dist_m": 35.2171098391215,
    "episodes": 12
  },
  "rollout_crm_5.0s": {
    "xy_rmse_m": 0.6453355148066083,
    "yaw_rmse_rad": 0.03166035674649606,
    "errdist": 0.09017471393095124,
    "mean_dist_m": 7.1565019357949495,
    "episodes": 12
  },
  "rollout_crm_10.0s": {
    "xy_rmse_m": 1.6764995228226025,
    "yaw_rmse_rad": 0.07439120339551553,
    "errdist": 0.0669614073099372,
    "mean_dist_m": 25.036802393694717,
    "episodes": 12
  },
  "rollout_sel": 0.11862454016729068
}
{
  "epoch": 47,
  "timestamp_utc": "2026-07-13T22:08:13.789604+00:00",
  "train_loss": 0.010595538842491805,
  "val_loss": 0.0026249428578194057,
  "val_rmse": {
    "vel_body_x_mps": 0.000734782316770471,
    "vel_body_y_mps": 0.0006559820553815952,
    "roll_rad": 1.6743874659206684e-05,
    "pitch_rad": 7.405427722364879e-06,
    "roll_rate_radps": 0.0013474857150860228,
    "ang_vel_body_y_radps": 0.0006333100504374525,
    "yaw_rate_radps": 0.0013008587059309892,
    "tire_fl_force_wheel_fz_n": 37.25487548527269,
    "tire_fr_force_wheel_fz_n": 37.758723331375954,
    "tire_rl_force_wheel_fz_n": 22.891461854603328,
    "tire_rr_force_wheel_fz_n": 21.370759783342006,
    "tire_fl_spindle_omega_radps": 0.04935197817770011,
    "tire_fr_spindle_omega_radps": 0.04816058507453208,
    "tire_rl_spindle_omega_radps": 0.046458706337951204,
    "tire_rr_spindle_omega_radps": 0.04418001157099184
  },
  "val_flat_loss": 0.0026249428578194057,
  "val_flat_rmse": {
    "vel_body_x_mps": 0.000734782316770471,
    "vel_body_y_mps": 0.0006559820553815952,
    "roll_rad": 1.6743874659206684e-05,
    "pitch_rad": 7.405427722364879e-06,
    "roll_rate_radps": 0.0013474857150860228,
    "ang_vel_body_y_radps": 0.0006333100504374525,
    "yaw_rate_radps": 0.0013008587059309892,
    "tire_fl_force_wheel_fz_n": 37.25487548527269,
    "tire_fr_force_wheel_fz_n": 37.758723331375954,
    "tire_rl_force_wheel_fz_n": 22.891461854603328,
    "tire_rr_force_wheel_fz_n": 21.370759783342006,
    "tire_fl_spindle_omega_radps": 0.04935197817770011,
    "tire_fr_spindle_omega_radps": 0.04816058507453208,
    "tire_rl_spindle_omega_radps": 0.046458706337951204,
    "tire_rr_spindle_omega_radps": 0.04418001157099184
  },
  "val_crm_loss": 0.11887343647133093,
  "val_crm_rmse": {
    "vel_body_x_mps": 0.0035267220744001336,
    "vel_body_y_mps": 0.0027161755722720456,
    "roll_rad": 5.141013557591814e-05,
    "pitch_rad": 3.351158829627845e-05,
    "roll_rate_radps": 0.004146357666339124,
    "ang_vel_body_y_radps": 0.0028480021874642825,
    "yaw_rate_radps": 0.0026152227222698767,
    "tire_fl_force_wheel_fz_n": 777.926886892398,
    "tire_fr_force_wheel_fz_n": 769.9272410930454,
    "tire_rl_force_wheel_fz_n": 1102.3929398630341,
    "tire_rr_force_wheel_fz_n": 1118.047888305111,
    "tire_fl_spindle_omega_radps": 0.15153632454543128,
    "tire_fr_spindle_omega_radps": 0.15089480341364395,
    "tire_rl_spindle_omega_radps": 0.17613396446049176,
    "tire_rr_spindle_omega_radps": 0.17681297840334864
  },
  "val_mixed_loss": 0.06074918966457517,
  "rollout_flat_5.0s": {
    "xy_rmse_m": 0.7522573782163461,
    "yaw_rmse_rad": 0.03984425038759009,
    "errdist": 0.09908330328895176,
    "mean_dist_m": 7.592170963684718,
    "episodes": 12
  },
  "rollout_flat_10.0s": {
    "xy_rmse_m": 2.9258382338444164,
    "yaw_rmse_rad": 0.12940000888098582,
    "errdist": 0.08308002125132374,
    "mean_dist_m": 35.2171098391215,
    "episodes": 12
  },
  "rollout_crm_5.0s": {
    "xy_rmse_m": 0.5597956110715113,
    "yaw_rmse_rad": 0.024293734235017236,
    "errdist": 0.07822196040660036,
    "mean_dist_m": 7.1565019357949495,
    "episodes": 12
  },
  "rollout_crm_10.0s": {
    "xy_rmse_m": 1.387872568691767,
    "yaw_rmse_rad": 0.09098194864484917,
    "errdist": 0.05543329962300975,
    "mean_dist_m": 25.036802393694717,
    "episodes": 12
  },
  "rollout_sel": 0.06925666043716674
}
{
  "epoch": 48,
  "timestamp_utc": "2026-07-13T22:10:09.113842+00:00",
  "train_loss": 0.010366113635478541,
  "val_loss": 0.0027664743398418067,
  "val_rmse": {
    "vel_body_x_mps": 0.000779544187526389,
    "vel_body_y_mps": 0.0007192501282639589,
    "roll_rad": 1.4341765897751344e-05,
    "pitch_rad": 8.642897431619621e-06,
    "roll_rate_radps": 0.0013617390941012702,
    "ang_vel_body_y_radps": 0.0006770663526773342,
    "yaw_rate_radps": 0.0013092784352450389,
    "tire_fl_force_wheel_fz_n": 38.0880805394793,
    "tire_fr_force_wheel_fz_n": 37.83762291219437,
    "tire_rl_force_wheel_fz_n": 22.708244201193587,
    "tire_rr_force_wheel_fz_n": 21.38359009493686,
    "tire_fl_spindle_omega_radps": 0.051739309261411376,
    "tire_fr_spindle_omega_radps": 0.05162869816828021,
    "tire_rl_spindle_omega_radps": 0.05021558436749439,
    "tire_rr_spindle_omega_radps": 0.04610720001471658
  },
  "val_flat_loss": 0.0027664743398418067,
  "val_flat_rmse": {
    "vel_body_x_mps": 0.000779544187526389,
    "vel_body_y_mps": 0.0007192501282639589,
    "roll_rad": 1.4341765897751344e-05,
    "pitch_rad": 8.642897431619621e-06,
    "roll_rate_radps": 0.0013617390941012702,
    "ang_vel_body_y_radps": 0.0006770663526773342,
    "yaw_rate_radps": 0.0013092784352450389,
    "tire_fl_force_wheel_fz_n": 38.0880805394793,
    "tire_fr_force_wheel_fz_n": 37.83762291219437,
    "tire_rl_force_wheel_fz_n": 22.708244201193587,
    "tire_rr_force_wheel_fz_n": 21.38359009493686,
    "tire_fl_spindle_omega_radps": 0.051739309261411376,
    "tire_fr_spindle_omega_radps": 0.05162869816828021,
    "tire_rl_spindle_omega_radps": 0.05021558436749439,
    "tire_rr_spindle_omega_radps": 0.04610720001471658
  },
  "val_crm_loss": 0.11892773020023015,
  "val_crm_rmse": {
    "vel_body_x_mps": 0.003520406310690164,
    "vel_body_y_mps": 0.0026994159907130022,
    "roll_rad": 4.660694331106554e-05,
    "pitch_rad": 3.2321813468014274e-05,
    "roll_rate_radps": 0.004114687723711307,
    "ang_vel_body_y_radps": 0.0028231465210682713,
    "yaw_rate_radps": 0.002626999140902955,
    "tire_fl_force_wheel_fz_n": 769.4763230032472,
    "tire_fr_force_wheel_fz_n": 768.9701883763586,
    "tire_rl_force_wheel_fz_n": 1100.810194439036,
    "tire_rr_force_wheel_fz_n": 1122.042289963535,
    "tire_fl_spindle_omega_radps": 0.14928066523824213,
    "tire_fr_spindle_omega_radps": 0.14939816773563372,
    "tire_rl_spindle_omega_radps": 0.17545750473307534,
    "tire_rr_spindle_omega_radps": 0.17558881792915673
  },
  "val_mixed_loss": 0.06084710227003598,
  "rollout_flat_5.0s": {
    "xy_rmse_m": 1.1367782459048235,
    "yaw_rmse_rad": 0.04695064338181298,
    "errdist": 0.14973032764176708,
    "mean_dist_m": 7.592170963684718,
    "episodes": 12
  },
  "rollout_flat_10.0s": {
    "xy_rmse_m": 2.612827578119648,
    "yaw_rmse_rad": 0.08305035492773394,
    "errdist": 0.07419199332527697,
    "mean_dist_m": 35.2171098391215,
    "episodes": 12
  },
  "rollout_crm_5.0s": {
    "xy_rmse_m": 0.47847767673453734,
    "yaw_rmse_rad": 0.03532407330264368,
    "errdist": 0.06685915563598428,
    "mean_dist_m": 7.1565019357949495,
    "episodes": 12
  },
  "rollout_crm_10.0s": {
    "xy_rmse_m": 2.1613646784213065,
    "yaw_rmse_rad": 0.18905787057699588,
    "errdist": 0.08632750478414232,
    "mean_dist_m": 25.036802393694717,
    "episodes": 12
  },
  "rollout_sel": 0.08025974905470964
}
{
  "epoch": 49,
  "timestamp_utc": "2026-07-13T22:12:04.366953+00:00",
  "train_loss": 0.01013157484913245,
  "val_loss": 0.0025420710143043835,
  "val_rmse": {
    "vel_body_x_mps": 0.0007374011368296438,
    "vel_body_y_mps": 0.0006252465171070067,
    "roll_rad": 1.4529949934637598e-05,
    "pitch_rad": 6.593664901395977e-06,
    "roll_rate_radps": 0.0013672920207073206,
    "ang_vel_body_y_radps": 0.0006768237649223438,
    "yaw_rate_radps": 0.001267033655662384,
    "tire_fl_force_wheel_fz_n": 36.47249588551055,
    "tire_fr_force_wheel_fz_n": 38.34566669203378,
    "tire_rl_force_wheel_fz_n": 22.242007175326915,
    "tire_rr_force_wheel_fz_n": 21.283283216058468,
    "tire_fl_spindle_omega_radps": 0.05049854268139992,
    "tire_fr_spindle_omega_radps": 0.05055941088943589,
    "tire_rl_spindle_omega_radps": 0.0493559987027738,
    "tire_rr_spindle_omega_radps": 0.046512977742645234
  },
  "val_flat_loss": 0.0025420710143043835,
  "val_flat_rmse": {
    "vel_body_x_mps": 0.0007374011368296438,
    "vel_body_y_mps": 0.0006252465171070067,
    "roll_rad": 1.4529949934637598e-05,
    "pitch_rad": 6.593664901395977e-06,
    "roll_rate_radps": 0.0013672920207073206,
    "ang_vel_body_y_radps": 0.0006768237649223438,
    "yaw_rate_radps": 0.001267033655662384,
    "tire_fl_force_wheel_fz_n": 36.47249588551055,
    "tire_fr_force_wheel_fz_n": 38.34566669203378,
    "tire_rl_force_wheel_fz_n": 22.242007175326915,
    "tire_rr_force_wheel_fz_n": 21.283283216058468,
    "tire_fl_spindle_omega_radps": 0.05049854268139992,
    "tire_fr_spindle_omega_radps": 0.05055941088943589,
    "tire_rl_spindle_omega_radps": 0.0493559987027738,
    "tire_rr_spindle_omega_radps": 0.046512977742645234
  },
  "val_crm_loss": 0.11982649015670177,
  "val_crm_rmse": {
    "vel_body_x_mps": 0.0035231973367268214,
    "vel_body_y_mps": 0.0027063250275856225,
    "roll_rad": 4.986430676503668e-05,
    "pitch_rad": 3.229707216024289e-05,
    "roll_rate_radps": 0.004084907793619912,
    "ang_vel_body_y_radps": 0.002811119109577784,
    "yaw_rate_radps": 0.0026337859905226028,
    "tire_fl_force_wheel_fz_n": 773.3166790700493,
    "tire_fr_force_wheel_fz_n": 777.5847193076029,
    "tire_rl_force_wheel_fz_n": 1104.2569841884208,
    "tire_rr_force_wheel_fz_n": 1128.8060252647265,
    "tire_fl_spindle_omega_radps": 0.1504064737421865,
    "tire_fr_spindle_omega_radps": 0.14984623055716498,
    "tire_rl_spindle_omega_radps": 0.17802103757013987,
    "tire_rr_spindle_omega_radps": 0.17672320665072191
  },
  "val_mixed_loss": 0.06118428058550308,
  "rollout_flat_5.0s": {
    "xy_rmse_m": 0.37021847133390395,
    "yaw_rmse_rad": 0.0285414026998956,
    "errdist": 0.048763189488850146,
    "mean_dist_m": 7.592170963684718,
    "episodes": 12
  },
  "rollout_flat_10.0s": {
    "xy_rmse_m": 1.379923304578099,
    "yaw_rmse_rad": 0.052194392717292155,
    "errdist": 0.03918332057576141,
    "mean_dist_m": 35.2171098391215,
    "episodes": 12
  },
  "rollout_crm_5.0s": {
    "xy_rmse_m": 0.5692486638681855,
    "yaw_rmse_rad": 0.03986692716724194,
    "errdist": 0.079542864513311,
    "mean_dist_m": 7.1565019357949495,
    "episodes": 12
  },
  "rollout_crm_10.0s": {
    "xy_rmse_m": 2.3201516649395,
    "yaw_rmse_rad": 0.23928950072660038,
    "errdist": 0.092669648002806,
    "mean_dist_m": 25.036802393694717,
    "episodes": 12
  },
  "rollout_sel": 0.0659264842892837
}
{
  "epoch": 50,
  "timestamp_utc": "2026-07-13T22:13:58.857048+00:00",
  "train_loss": 0.010045802337583154,
  "val_loss": 0.002748673125170171,
  "val_rmse": {
    "vel_body_x_mps": 0.0007474059548681598,
    "vel_body_y_mps": 0.0007026062624557979,
    "roll_rad": 1.2976591657011106e-05,
    "pitch_rad": 6.5242024148220995e-06,
    "roll_rate_radps": 0.0013884303899096481,
    "ang_vel_body_y_radps": 0.000639547994126595,
    "yaw_rate_radps": 0.001307218938745196,
    "tire_fl_force_wheel_fz_n": 37.71994189050341,
    "tire_fr_force_wheel_fz_n": 38.0285741874328,
    "tire_rl_force_wheel_fz_n": 22.587952605812674,
    "tire_rr_force_wheel_fz_n": 21.317495053924777,
    "tire_fl_spindle_omega_radps": 0.04931908846814176,
    "tire_fr_spindle_omega_radps": 0.04941519088573837,
    "tire_rl_spindle_omega_radps": 0.04729697730300177,
    "tire_rr_spindle_omega_radps": 0.045192290381936374
  },
  "val_flat_loss": 0.002748673125170171,
  "val_flat_rmse": {
    "vel_body_x_mps": 0.0007474059548681598,
    "vel_body_y_mps": 0.0007026062624557979,
    "roll_rad": 1.2976591657011106e-05,
    "pitch_rad": 6.5242024148220995e-06,
    "roll_rate_radps": 0.0013884303899096481,
    "ang_vel_body_y_radps": 0.000639547994126595,
    "yaw_rate_radps": 0.001307218938745196,
    "tire_fl_force_wheel_fz_n": 37.71994189050341,
    "tire_fr_force_wheel_fz_n": 38.0285741874328,
    "tire_rl_force_wheel_fz_n": 22.587952605812674,
    "tire_rr_force_wheel_fz_n": 21.317495053924777,
    "tire_fl_spindle_omega_radps": 0.04931908846814176,
    "tire_fr_spindle_omega_radps": 0.04941519088573837,
    "tire_rl_spindle_omega_radps": 0.04729697730300177,
    "tire_rr_spindle_omega_radps": 0.045192290381936374
  },
  "val_crm_loss": 0.11896540582121816,
  "val_crm_rmse": {
    "vel_body_x_mps": 0.0035104597467844833,
    "vel_body_y_mps": 0.0027022174971549247,
    "roll_rad": 4.7794062697795364e-05,
    "pitch_rad": 3.21439333497736e-05,
    "roll_rate_radps": 0.004053656205759377,
    "ang_vel_body_y_radps": 0.0028069140312978777,
    "yaw_rate_radps": 0.002623645493563311,
    "tire_fl_force_wheel_fz_n": 777.5533373658237,
    "tire_fr_force_wheel_fz_n": 774.2452592049674,
    "tire_rl_force_wheel_fz_n": 1101.9221889500584,
    "tire_rr_force_wheel_fz_n": 1119.5819819637009,
    "tire_fl_spindle_omega_radps": 0.1504201229441674,
    "tire_fr_spindle_omega_radps": 0.1491646376830743,
    "tire_rl_spindle_omega_radps": 0.17589082879697313,
    "tire_rr_spindle_omega_radps": 0.17610654899942674
  },
  "val_mixed_loss": 0.060857039473194166,
  "rollout_flat_5.0s": {
    "xy_rmse_m": 1.6226530782454005,
    "yaw_rmse_rad": 0.10221165474792085,
    "errdist": 0.21372715208956203,
    "mean_dist_m": 7.592170963684718,
    "episodes": 12
  },
  "rollout_flat_10.0s": {
    "xy_rmse_m": 5.030850878441592,
    "yaw_rmse_rad": 0.23891164204325951,
    "errdist": 0.14285246294836465,
    "mean_dist_m": 35.2171098391215,
    "episodes": 12
  },
  "rollout_crm_5.0s": {
    "xy_rmse_m": 0.7865092678797201,
    "yaw_rmse_rad": 0.04549674161408954,
    "errdist": 0.10990135612844686,
    "mean_dist_m": 7.1565019357949495,
    "episodes": 12
  },
  "rollout_crm_10.0s": {
    "xy_rmse_m": 1.7683291517106978,
    "yaw_rmse_rad": 0.09525840422748616,
    "errdist": 0.07062919313354628,
    "mean_dist_m": 25.036802393694717,
    "episodes": 12
  },
  "rollout_sel": 0.10674082804095547
}
{
  "epoch": 51,
  "timestamp_utc": "2026-07-13T22:15:51.588886+00:00",
  "train_loss": 0.009850863350555301,
  "val_loss": 0.002801473710642313,
  "val_rmse": {
    "vel_body_x_mps": 0.0007726679528706972,
    "vel_body_y_mps": 0.0007213905166873132,
    "roll_rad": 1.4767349996609924e-05,
    "pitch_rad": 6.660535776854e-06,
    "roll_rate_radps": 0.0013895084390180559,
    "ang_vel_body_y_radps": 0.0006711734758424587,
    "yaw_rate_radps": 0.001312931962253449,
    "tire_fl_force_wheel_fz_n": 36.828465882035886,
    "tire_fr_force_wheel_fz_n": 37.350074278771665,
    "tire_rl_force_wheel_fz_n": 22.413136413631733,
    "tire_rr_force_wheel_fz_n": 21.350510129373067,
    "tire_fl_spindle_omega_radps": 0.0518498979301497,
    "tire_fr_spindle_omega_radps": 0.05123630956032869,
    "tire_rl_spindle_omega_radps": 0.05098930186067676,
    "tire_rr_spindle_omega_radps": 0.0477552291875696
  },
  "val_flat_loss": 0.002801473710642313,
  "val_flat_rmse": {
    "vel_body_x_mps": 0.0007726679528706972,
    "vel_body_y_mps": 0.0007213905166873132,
    "roll_rad": 1.4767349996609924e-05,
    "pitch_rad": 6.660535776854e-06,
    "roll_rate_radps": 0.0013895084390180559,
    "ang_vel_body_y_radps": 0.0006711734758424587,
    "yaw_rate_radps": 0.001312931962253449,
    "tire_fl_force_wheel_fz_n": 36.828465882035886,
    "tire_fr_force_wheel_fz_n": 37.350074278771665,
    "tire_rl_force_wheel_fz_n": 22.413136413631733,
    "tire_rr_force_wheel_fz_n": 21.350510129373067,
    "tire_fl_spindle_omega_radps": 0.0518498979301497,
    "tire_fr_spindle_omega_radps": 0.05123630956032869,
    "tire_rl_spindle_omega_radps": 0.05098930186067676,
    "tire_rr_spindle_omega_radps": 0.0477552291875696
  },
  "val_crm_loss": 0.1194344166450901,
  "val_crm_rmse": {
    "vel_body_x_mps": 0.003518091099516521,
    "vel_body_y_mps": 0.002711987658845321,
    "roll_rad": 4.7681453927193325e-05,
    "pitch_rad": 3.159771453966727e-05,
    "roll_rate_radps": 0.0041033227029064505,
    "ang_vel_body_y_radps": 0.0028214202011413916,
    "yaw_rate_radps": 0.002640747342260723,
    "tire_fl_force_wheel_fz_n": 772.4839257009227,
    "tire_fr_force_wheel_fz_n": 779.7196479712263,
    "tire_rl_force_wheel_fz_n": 1106.7955312613162,
    "tire_rr_force_wheel_fz_n": 1120.1457498472594,
    "tire_fl_spindle_omega_radps": 0.15008542738051797,
    "tire_fr_spindle_omega_radps": 0.14984683190943868,
    "tire_rl_spindle_omega_radps": 0.17665709703952168,
    "tire_rr_spindle_omega_radps": 0.1759398940186797
  },
  "val_mixed_loss": 0.0611179451778662,
  "rollout_flat_5.0s": {
    "xy_rmse_m": 0.6977163561893838,
    "yaw_rmse_rad": 0.034408580825702244,
    "errdist": 0.09189945267654513,
    "mean_dist_m": 7.592170963684718,
    "episodes": 12
  },
  "rollout_flat_10.0s": {
    "xy_rmse_m": 2.3798562171523825,
    "yaw_rmse_rad": 0.07852163301321984,
    "errdist": 0.06757670427880146,
    "mean_dist_m": 35.2171098391215,
    "episodes": 12
  },
  "rollout_crm_5.0s": {
    "xy_rmse_m": 0.5497486559614492,
    "yaw_rmse_rad": 0.03723398268761503,
    "errdist": 0.0768180685051939,
    "mean_dist_m": 7.1565019357949495,
    "episodes": 12
  },
  "rollout_crm_10.0s": {
    "xy_rmse_m": 2.1538909224540306,
    "yaw_rmse_rad": 0.23232983329437884,
    "errdist": 0.08602899398193388,
    "mean_dist_m": 25.036802393694717,
    "episodes": 12
  },
  "rollout_sel": 0.07680284913036767
}
{
  "epoch": 52,
  "timestamp_utc": "2026-07-13T22:17:45.400273+00:00",
  "train_loss": 0.009734815654577688,
  "val_loss": 0.0025096399482936248,
  "val_rmse": {
    "vel_body_x_mps": 0.0007144771038434083,
    "vel_body_y_mps": 0.000633846306203371,
    "roll_rad": 1.227049862042377e-05,
    "pitch_rad": 6.698007266017688e-06,
    "roll_rate_radps": 0.0013565549044388257,
    "ang_vel_body_y_radps": 0.0006409208710254483,
    "yaw_rate_radps": 0.0012801757165144046,
    "tire_fl_force_wheel_fz_n": 37.19928619099851,
    "tire_fr_force_wheel_fz_n": 37.52565725921267,
    "tire_rl_force_wheel_fz_n": 22.33059754132477,
    "tire_rr_force_wheel_fz_n": 20.994443798156308,
    "tire_fl_spindle_omega_radps": 0.04934127595376774,
    "tire_fr_spindle_omega_radps": 0.049040620288366865,
    "tire_rl_spindle_omega_radps": 0.04706472069698711,
    "tire_rr_spindle_omega_radps": 0.04529196625509957
  },
  "val_flat_loss": 0.0025096399482936248,
  "val_flat_rmse": {
    "vel_body_x_mps": 0.0007144771038434083,
    "vel_body_y_mps": 0.000633846306203371,
    "roll_rad": 1.227049862042377e-05,
    "pitch_rad": 6.698007266017688e-06,
    "roll_rate_radps": 0.0013565549044388257,
    "ang_vel_body_y_radps": 0.0006409208710254483,
    "yaw_rate_radps": 0.0012801757165144046,
    "tire_fl_force_wheel_fz_n": 37.19928619099851,
    "tire_fr_force_wheel_fz_n": 37.52565725921267,
    "tire_rl_force_wheel_fz_n": 22.33059754132477,
    "tire_rr_force_wheel_fz_n": 20.994443798156308,
    "tire_fl_spindle_omega_radps": 0.04934127595376774,
    "tire_fr_spindle_omega_radps": 0.049040620288366865,
    "tire_rl_spindle_omega_radps": 0.04706472069698711,
    "tire_rr_spindle_omega_radps": 0.04529196625509957
  },
  "val_crm_loss": 0.12014040044916328,
  "val_crm_rmse": {
    "vel_body_x_mps": 0.0035272061733694483,
    "vel_body_y_mps": 0.002699239050726352,
    "roll_rad": 4.540448038667933e-05,
    "pitch_rad": 3.1634592425406463e-05,
    "roll_rate_radps": 0.004065742775125834,
    "ang_vel_body_y_radps": 0.00279768785657166,
    "yaw_rate_radps": 0.002628179243828862,
    "tire_fl_force_wheel_fz_n": 775.8771104828967,
    "tire_fr_force_wheel_fz_n": 781.3369199444384,
    "tire_rl_force_wheel_fz_n": 1110.5971167693383,
    "tire_rr_force_wheel_fz_n": 1130.149517782333,
    "tire_fl_spindle_omega_radps": 0.1522798911028283,
    "tire_fr_spindle_omega_radps": 0.1513075309157228,
    "tire_rl_spindle_omega_radps": 0.17849087340830047,
    "tire_rr_spindle_omega_radps": 0.17832700348027625
  },
  "val_mixed_loss": 0.06132502019872845,
  "rollout_flat_5.0s": {
    "xy_rmse_m": 0.4627700642653624,
    "yaw_rmse_rad": 0.04023699248755482,
    "errdist": 0.060953588437208425,
    "mean_dist_m": 7.592170963684718,
    "episodes": 12
  },
  "rollout_flat_10.0s": {
    "xy_rmse_m": 2.9199883170743313,
    "yaw_rmse_rad": 0.10471344233760124,
    "errdist": 0.08291391117594252,
    "mean_dist_m": 35.2171098391215,
    "episodes": 12
  },
  "rollout_crm_5.0s": {
    "xy_rmse_m": 0.4662578722891752,
    "yaw_rmse_rad": 0.04897936169433248,
    "errdist": 0.06515164482204293,
    "mean_dist_m": 7.1565019357949495,
    "episodes": 12
  },
  "rollout_crm_10.0s": {
    "xy_rmse_m": 1.8395756405604373,
    "yaw_rmse_rad": 0.2676041706430938,
    "errdist": 0.07347486358816001,
    "mean_dist_m": 25.036802393694717,
    "episodes": 12
  },
  "rollout_sel": 0.07819438738205126
}
{
  "epoch": 53,
  "timestamp_utc": "2026-07-13T22:19:39.951503+00:00",
  "train_loss": 0.00950891749211587,
  "val_loss": 0.0024653951473737833,
  "val_rmse": {
    "vel_body_x_mps": 0.0006963908253076175,
    "vel_body_y_mps": 0.0006216726779773609,
    "roll_rad": 1.6087452367212364e-05,
    "pitch_rad": 6.7255182853412335e-06,
    "roll_rate_radps": 0.0013623436372527315,
    "ang_vel_body_y_radps": 0.0006007757929140326,
    "yaw_rate_radps": 0.0012815511706613723,
    "tire_fl_force_wheel_fz_n": 37.224239510491515,
    "tire_fr_force_wheel_fz_n": 38.45061625779253,
    "tire_rl_force_wheel_fz_n": 22.15075186945207,
    "tire_rr_force_wheel_fz_n": 21.18811185510344,
    "tire_fl_spindle_omega_radps": 0.04699315006902626,
    "tire_fr_spindle_omega_radps": 0.04596478704750739,
    "tire_rl_spindle_omega_radps": 0.045220198150591265,
    "tire_rr_spindle_omega_radps": 0.04181548814119157
  },
  "val_flat_loss": 0.0024653951473737833,
  "val_flat_rmse": {
    "vel_body_x_mps": 0.0006963908253076175,
    "vel_body_y_mps": 0.0006216726779773609,
    "roll_rad": 1.6087452367212364e-05,
    "pitch_rad": 6.7255182853412335e-06,
    "roll_rate_radps": 0.0013623436372527315,
    "ang_vel_body_y_radps": 0.0006007757929140326,
    "yaw_rate_radps": 0.0012815511706613723,
    "tire_fl_force_wheel_fz_n": 37.224239510491515,
    "tire_fr_force_wheel_fz_n": 38.45061625779253,
    "tire_rl_force_wheel_fz_n": 22.15075186945207,
    "tire_rr_force_wheel_fz_n": 21.18811185510344,
    "tire_fl_spindle_omega_radps": 0.04699315006902626,
    "tire_fr_spindle_omega_radps": 0.04596478704750739,
    "tire_rl_spindle_omega_radps": 0.045220198150591265,
    "tire_rr_spindle_omega_radps": 0.04181548814119157
  },
  "val_crm_loss": 0.11976129591173958,
  "val_crm_rmse": {
    "vel_body_x_mps": 0.003506540189677957,
    "vel_body_y_mps": 0.002694971820423873,
    "roll_rad": 4.626712048294064e-05,
    "pitch_rad": 3.2800197090488526e-05,
    "roll_rate_radps": 0.004064250026295885,
    "ang_vel_body_y_radps": 0.0027678011715840836,
    "yaw_rate_radps": 0.002635772136957987,
    "tire_fl_force_wheel_fz_n": 771.2826969777208,
    "tire_fr_force_wheel_fz_n": 778.1733162678911,
    "tire_rl_force_wheel_fz_n": 1107.9233722583826,
    "tire_rr_force_wheel_fz_n": 1125.4615348604768,
    "tire_fl_spindle_omega_radps": 0.15170601807143055,
    "tire_fr_spindle_omega_radps": 0.15052564960316606,
    "tire_rl_spindle_omega_radps": 0.17872979921373544,
    "tire_rr_spindle_omega_radps": 0.17835571280804033
  },
  "val_mixed_loss": 0.06111334552955668,
  "rollout_flat_5.0s": {
    "xy_rmse_m": 0.9521531194796746,
    "yaw_rmse_rad": 0.051358107343259074,
    "errdist": 0.12541249716768296,
    "mean_dist_m": 7.592170963684718,
    "episodes": 12
  },
  "rollout_flat_10.0s": {
    "xy_rmse_m": 3.0651844293180877,
    "yaw_rmse_rad": 0.09185877279254656,
    "errdist": 0.08703679669684529,
    "mean_dist_m": 35.2171098391215,
    "episodes": 12
  },
  "rollout_crm_5.0s": {
    "xy_rmse_m": 0.6991097222327117,
    "yaw_rmse_rad": 0.04180407214069766,
    "errdist": 0.09768874912699288,
    "mean_dist_m": 7.1565019357949495,
    "episodes": 12
  },
  "rollout_crm_10.0s": {
    "xy_rmse_m": 2.934615954878086,
    "yaw_rmse_rad": 0.11828610055225564,
    "errdist": 0.11721209077470457,
    "mean_dist_m": 25.036802393694717,
    "episodes": 12
  },
  "rollout_sel": 0.10212444373577492
}
{
  "epoch": 54,
  "timestamp_utc": "2026-07-13T22:21:34.038891+00:00",
  "train_loss": 0.009302947438089177,
  "val_loss": 0.0024764853348460745,
  "val_rmse": {
    "vel_body_x_mps": 0.0007254734434801674,
    "vel_body_y_mps": 0.0005997846334267649,
    "roll_rad": 1.3097972373247085e-05,
    "pitch_rad": 7.681783085730376e-06,
    "roll_rate_radps": 0.001339588947300732,
    "ang_vel_body_y_radps": 0.000673222947444022,
    "yaw_rate_radps": 0.0012642140611899989,
    "tire_fl_force_wheel_fz_n": 36.53027569400753,
    "tire_fr_force_wheel_fz_n": 37.59833407680895,
    "tire_rl_force_wheel_fz_n": 22.44594265152482,
    "tire_rr_force_wheel_fz_n": 20.95274373878926,
    "tire_fl_spindle_omega_radps": 0.05083388196880962,
    "tire_fr_spindle_omega_radps": 0.049896882954684633,
    "tire_rl_spindle_omega_radps": 0.04861941438871892,
    "tire_rr_spindle_omega_radps": 0.04524149633205591
  },
  "val_flat_loss": 0.0024764853348460745,
  "val_flat_rmse": {
    "vel_body_x_mps": 0.0007254734434801674,
    "vel_body_y_mps": 0.0005997846334267649,
    "roll_rad": 1.3097972373247085e-05,
    "pitch_rad": 7.681783085730376e-06,
    "roll_rate_radps": 0.001339588947300732,
    "ang_vel_body_y_radps": 0.000673222947444022,
    "yaw_rate_radps": 0.0012642140611899989,
    "tire_fl_force_wheel_fz_n": 36.53027569400753,
    "tire_fr_force_wheel_fz_n": 37.59833407680895,
    "tire_rl_force_wheel_fz_n": 22.44594265152482,
    "tire_rr_force_wheel_fz_n": 20.95274373878926,
    "tire_fl_spindle_omega_radps": 0.05083388196880962,
    "tire_fr_spindle_omega_radps": 0.049896882954684633,
    "tire_rl_spindle_omega_radps": 0.04861941438871892,
    "tire_rr_spindle_omega_radps": 0.04524149633205591
  },
  "val_crm_loss": 0.12040973997325637,
  "val_crm_rmse": {
    "vel_body_x_mps": 0.003552189951917386,
    "vel_body_y_mps": 0.002697584238778556,
    "roll_rad": 4.453786574894744e-05,
    "pitch_rad": 3.1826260725079984e-05,
    "roll_rate_radps": 0.004056299911434006,
    "ang_vel_body_y_radps": 0.002821564269973534,
    "yaw_rate_radps": 0.002638896431786426,
    "tire_fl_force_wheel_fz_n": 775.488477415052,
    "tire_fr_force_wheel_fz_n": 779.4851942620401,
    "tire_rl_force_wheel_fz_n": 1107.6036488212198,
    "tire_rr_force_wheel_fz_n": 1133.2853358101681,
    "tire_fl_spindle_omega_radps": 0.15116896219079656,
    "tire_fr_spindle_omega_radps": 0.1519001718928189,
    "tire_rl_spindle_omega_radps": 0.17795939880094977,
    "tire_rr_spindle_omega_radps": 0.17790561761299048
  },
  "val_mixed_loss": 0.06144311265405122,
  "rollout_flat_5.0s": {
    "xy_rmse_m": 0.44330628907145336,
    "yaw_rmse_rad": 0.03479614277886332,
    "errdist": 0.0583899244619095,
    "mean_dist_m": 7.592170963684718,
    "episodes": 12
  },
  "rollout_flat_10.0s": {
    "xy_rmse_m": 2.2048761636642378,
    "yaw_rmse_rad": 0.06614178492454725,
    "errdist": 0.06260809514853814,
    "mean_dist_m": 35.2171098391215,
    "episodes": 12
  },
  "rollout_crm_5.0s": {
    "xy_rmse_m": 0.6014272877056314,
    "yaw_rmse_rad": 0.03796235606302644,
    "errdist": 0.08403928247366908,
    "mean_dist_m": 7.1565019357949495,
    "episodes": 12
  },
  "rollout_crm_10.0s": {
    "xy_rmse_m": 2.231025077816808,
    "yaw_rmse_rad": 0.19518227399177462,
    "errdist": 0.08910982491832385,
    "mean_dist_m": 25.036802393694717,
    "episodes": 12
  },
  "rollout_sel": 0.075858960033431
}
{
  "epoch": 55,
  "timestamp_utc": "2026-07-13T22:23:28.630146+00:00",
  "train_loss": 0.009212577616097405,
  "val_loss": 0.0023561449211592844,
  "val_rmse": {
    "vel_body_x_mps": 0.0006991138686495537,
    "vel_body_y_mps": 0.0006143372905313282,
    "roll_rad": 1.277880574715441e-05,
    "pitch_rad": 6.116308199781236e-06,
    "roll_rate_radps": 0.0013203369924518942,
    "ang_vel_body_y_radps": 0.0005789824382758494,
    "yaw_rate_radps": 0.00126423436178819,
    "tire_fl_force_wheel_fz_n": 36.357708478504456,
    "tire_fr_force_wheel_fz_n": 36.897017947127075,
    "tire_rl_force_wheel_fz_n": 22.04663336974922,
    "tire_rr_force_wheel_fz_n": 21.249223114846878,
    "tire_fl_spindle_omega_radps": 0.04614438599311969,
    "tire_fr_spindle_omega_radps": 0.044084619438839956,
    "tire_rl_spindle_omega_radps": 0.04294067082663191,
    "tire_rr_spindle_omega_radps": 0.040268315892715505
  },
  "val_flat_loss": 0.0023561449211592844,
  "val_flat_rmse": {
    "vel_body_x_mps": 0.0006991138686495537,
    "vel_body_y_mps": 0.0006143372905313282,
    "roll_rad": 1.277880574715441e-05,
    "pitch_rad": 6.116308199781236e-06,
    "roll_rate_radps": 0.0013203369924518942,
    "ang_vel_body_y_radps": 0.0005789824382758494,
    "yaw_rate_radps": 0.00126423436178819,
    "tire_fl_force_wheel_fz_n": 36.357708478504456,
    "tire_fr_force_wheel_fz_n": 36.897017947127075,
    "tire_rl_force_wheel_fz_n": 22.04663336974922,
    "tire_rr_force_wheel_fz_n": 21.249223114846878,
    "tire_fl_spindle_omega_radps": 0.04614438599311969,
    "tire_fr_spindle_omega_radps": 0.044084619438839956,
    "tire_rl_spindle_omega_radps": 0.04294067082663191,
    "tire_rr_spindle_omega_radps": 0.040268315892715505
  },
  "val_crm_loss": 0.12053333026997279,
  "val_crm_rmse": {
    "vel_body_x_mps": 0.00353227294447342,
    "vel_body_y_mps": 0.002707085759499906,
    "roll_rad": 4.440496367829347e-05,
    "pitch_rad": 3.0185806001681135e-05,
    "roll_rate_radps": 0.00408234793596659,
    "ang_vel_body_y_radps": 0.002803855377688276,
    "yaw_rate_radps": 0.0026352520394099807,
    "tire_fl_force_wheel_fz_n": 779.5903003306473,
    "tire_fr_force_wheel_fz_n": 776.2595397036722,
    "tire_rl_force_wheel_fz_n": 1109.7686655581367,
    "tire_rr_force_wheel_fz_n": 1133.6894660454261,
    "tire_fl_spindle_omega_radps": 0.1499979872377348,
    "tire_fr_spindle_omega_radps": 0.15032992135289952,
    "tire_rl_spindle_omega_radps": 0.17791091544814114,
    "tire_rr_spindle_omega_radps": 0.17904483549805056
  },
  "val_mixed_loss": 0.06144473759556603,
  "rollout_flat_5.0s": {
    "xy_rmse_m": 1.6665476650987154,
    "yaw_rmse_rad": 0.0747892280121712,
    "errdist": 0.21950871141735825,
    "mean_dist_m": 7.592170963684718,
    "episodes": 12
  },
  "rollout_flat_10.0s": {
    "xy_rmse_m": 4.914609406668773,
    "yaw_rmse_rad": 0.12382463548559003,
    "errdist": 0.13955175280196613,
    "mean_dist_m": 35.2171098391215,
    "episodes": 12
  },
  "rollout_crm_5.0s": {
    "xy_rmse_m": 0.5188613698515891,
    "yaw_rmse_rad": 0.048894446815400956,
    "errdist": 0.0725020931324535,
    "mean_dist_m": 7.1565019357949495,
    "episodes": 12
  },
  "rollout_crm_10.0s": {
    "xy_rmse_m": 2.0343289162162135,
    "yaw_rmse_rad": 0.22262491708440163,
    "errdist": 0.08125354365254486,
    "mean_dist_m": 25.036802393694717,
    "episodes": 12
  },
  "rollout_sel": 0.1104026482272555
}
{
  "epoch": 56,
  "timestamp_utc": "2026-07-13T22:25:21.695013+00:00",
  "train_loss": 0.008984098204877227,
  "val_loss": 0.00241004274930674,
  "val_rmse": {
    "vel_body_x_mps": 0.000688948825051297,
    "vel_body_y_mps": 0.0006077151933213809,
    "roll_rad": 1.4943399954873396e-05,
    "pitch_rad": 7.783997180362876e-06,
    "roll_rate_radps": 0.0013261317419973803,
    "ang_vel_body_y_radps": 0.0005963878368420867,
    "yaw_rate_radps": 0.0012574651103165605,
    "tire_fl_force_wheel_fz_n": 36.32446523858218,
    "tire_fr_force_wheel_fz_n": 36.90588261165466,
    "tire_rl_force_wheel_fz_n": 22.031476426496372,
    "tire_rr_force_wheel_fz_n": 21.05192706660869,
    "tire_fl_spindle_omega_radps": 0.047184486780733836,
    "tire_fr_spindle_omega_radps": 0.04676369349621574,
    "tire_rl_spindle_omega_radps": 0.04413551633027077,
    "tire_rr_spindle_omega_radps": 0.04152379448480657
  },
  "val_flat_loss": 0.00241004274930674,
  "val_flat_rmse": {
    "vel_body_x_mps": 0.000688948825051297,
    "vel_body_y_mps": 0.0006077151933213809,
    "roll_rad": 1.4943399954873396e-05,
    "pitch_rad": 7.783997180362876e-06,
    "roll_rate_radps": 0.0013261317419973803,
    "ang_vel_body_y_radps": 0.0005963878368420867,
    "yaw_rate_radps": 0.0012574651103165605,
    "tire_fl_force_wheel_fz_n": 36.32446523858218,
    "tire_fr_force_wheel_fz_n": 36.90588261165466,
    "tire_rl_force_wheel_fz_n": 22.031476426496372,
    "tire_rr_force_wheel_fz_n": 21.05192706660869,
    "tire_fl_spindle_omega_radps": 0.047184486780733836,
    "tire_fr_spindle_omega_radps": 0.04676369349621574,
    "tire_rl_spindle_omega_radps": 0.04413551633027077,
    "tire_rr_spindle_omega_radps": 0.04152379448480657
  },
  "val_crm_loss": 0.12087412984285038,
  "val_crm_rmse": {
    "vel_body_x_mps": 0.003565390891994407,
    "vel_body_y_mps": 0.0026949172165161087,
    "roll_rad": 4.583049304444829e-05,
    "pitch_rad": 2.9744162451211576e-05,
    "roll_rate_radps": 0.004042728194835219,
    "ang_vel_body_y_radps": 0.002810053149301403,
    "yaw_rate_radps": 0.0026524867041044274,
    "tire_fl_force_wheel_fz_n": 781.00480846141,
    "tire_fr_force_wheel_fz_n": 784.3899291688066,
    "tire_rl_force_wheel_fz_n": 1110.905777011691,
    "tire_rr_force_wheel_fz_n": 1133.3655728910135,
    "tire_fl_spindle_omega_radps": 0.15141946486239413,
    "tire_fr_spindle_omega_radps": 0.15173545517653417,
    "tire_rl_spindle_omega_radps": 0.17847763647410897,
    "tire_rr_spindle_omega_radps": 0.17860466065885894
  },
  "val_mixed_loss": 0.06164208629607856,
  "rollout_flat_5.0s": {
    "xy_rmse_m": 0.6845476535996062,
    "yaw_rmse_rad": 0.052852565802143564,
    "errdist": 0.09016494186892939,
    "mean_dist_m": 7.592170963684718,
    "episodes": 12
  },
  "rollout_flat_10.0s": {
    "xy_rmse_m": 3.604166481209164,
    "yaw_rmse_rad": 0.1580499142957811,
    "errdist": 0.10234134764816552,
    "mean_dist_m": 35.2171098391215,
    "episodes": 12
  },
  "rollout_crm_5.0s": {
    "xy_rmse_m": 0.5335302574237335,
    "yaw_rmse_rad": 0.04132562251017096,
    "errdist": 0.07455182185519364,
    "mean_dist_m": 7.1565019357949495,
    "episodes": 12
  },
  "rollout_crm_10.0s": {
    "xy_rmse_m": 2.0287376441628764,
    "yaw_rmse_rad": 0.1962951562039971,
    "errdist": 0.08103022152197019,
    "mean_dist_m": 25.036802393694717,
    "episodes": 12
  },
  "rollout_sel": 0.09168578458506785
}
{
  "epoch": 57,
  "timestamp_utc": "2026-07-13T22:27:15.685472+00:00",
  "train_loss": 0.008848346316022798,
  "val_loss": 0.0025357343476571257,
  "val_rmse": {
    "vel_body_x_mps": 0.0007242284547188563,
    "vel_body_y_mps": 0.0007717177109057384,
    "roll_rad": 1.5794981450820986e-05,
    "pitch_rad": 6.3019555380782144e-06,
    "roll_rate_radps": 0.001386797092091436,
    "ang_vel_body_y_radps": 0.0006035785188209423,
    "yaw_rate_radps": 0.0012602970916831134,
    "tire_fl_force_wheel_fz_n": 35.99468132134971,
    "tire_fr_force_wheel_fz_n": 36.8912481761551,
    "tire_rl_force_wheel_fz_n": 22.492390995145218,
    "tire_rr_force_wheel_fz_n": 20.817910854018447,
    "tire_fl_spindle_omega_radps": 0.04774645579735937,
    "tire_fr_spindle_omega_radps": 0.04641017518059355,
    "tire_rl_spindle_omega_radps": 0.04567250063866288,
    "tire_rr_spindle_omega_radps": 0.04261689093936978
  },
  "val_flat_loss": 0.0025357343476571257,
  "val_flat_rmse": {
    "vel_body_x_mps": 0.0007242284547188563,
    "vel_body_y_mps": 0.0007717177109057384,
    "roll_rad": 1.5794981450820986e-05,
    "pitch_rad": 6.3019555380782144e-06,
    "roll_rate_radps": 0.001386797092091436,
    "ang_vel_body_y_radps": 0.0006035785188209423,
    "yaw_rate_radps": 0.0012602970916831134,
    "tire_fl_force_wheel_fz_n": 35.99468132134971,
    "tire_fr_force_wheel_fz_n": 36.8912481761551,
    "tire_rl_force_wheel_fz_n": 22.492390995145218,
    "tire_rr_force_wheel_fz_n": 20.817910854018447,
    "tire_fl_spindle_omega_radps": 0.04774645579735937,
    "tire_fr_spindle_omega_radps": 0.04641017518059355,
    "tire_rl_spindle_omega_radps": 0.04567250063866288,
    "tire_rr_spindle_omega_radps": 0.04261689093936978
  },
  "val_crm_loss": 0.1207996968284715,
  "val_crm_rmse": {
    "vel_body_x_mps": 0.003520923724062503,
    "vel_body_y_mps": 0.002693628927198134,
    "roll_rad": 4.8696671251268236e-05,
    "pitch_rad": 2.927846590134515e-05,
    "roll_rate_radps": 0.004048209620953882,
    "ang_vel_body_y_radps": 0.0027828209624944683,
    "yaw_rate_radps": 0.0026432303627903393,
    "tire_fl_force_wheel_fz_n": 776.4663101533914,
    "tire_fr_force_wheel_fz_n": 780.0232146047101,
    "tire_rl_force_wheel_fz_n": 1111.8148550332285,
    "tire_rr_force_wheel_fz_n": 1137.7443524151797,
    "tire_fl_spindle_omega_radps": 0.15130767822265626,
    "tire_fr_spindle_omega_radps": 0.15109350422177903,
    "tire_rl_spindle_omega_radps": 0.17810546533090943,
    "tire_rr_spindle_omega_radps": 0.17781695688751195
  },
  "val_mixed_loss": 0.06166771558806431,
  "rollout_flat_5.0s": {
    "xy_rmse_m": 0.9240467213038333,
    "yaw_rmse_rad": 0.04006856253368924,
    "errdist": 0.12171047329199822,
    "mean_dist_m": 7.592170963684718,
    "episodes": 12
  },
  "rollout_flat_10.0s": {
    "xy_rmse_m": 3.5827398517894276,
    "yaw_rmse_rad": 0.07116072599874095,
    "errdist": 0.10173293232057001,
    "mean_dist_m": 35.2171098391215,
    "episodes": 12
  },
  "rollout_crm_5.0s": {
    "xy_rmse_m": 0.5283753628915661,
    "yaw_rmse_rad": 0.028615268881269286,
    "errdist": 0.07383151260656702,
    "mean_dist_m": 7.1565019357949495,
    "episodes": 12
  },
  "rollout_crm_10.0s": {
    "xy_rmse_m": 1.6400568777587665,
    "yaw_rmse_rad": 0.11353251983243236,
    "errdist": 0.06550584423559613,
    "mean_dist_m": 25.036802393694717,
    "episodes": 12
  },
  "rollout_sel": 0.08361938827808307
}
{
  "epoch": 58,
  "timestamp_utc": "2026-07-13T22:29:11.793082+00:00",
  "train_loss": 0.008667447335319593,
  "val_loss": 0.002299604470063059,
  "val_rmse": {
    "vel_body_x_mps": 0.0006449476666941533,
    "vel_body_y_mps": 0.0005917548429377345,
    "roll_rad": 1.4588857097954443e-05,
    "pitch_rad": 6.632494690546482e-06,
    "roll_rate_radps": 0.0013481240049913758,
    "ang_vel_body_y_radps": 0.0005716837884159926,
    "yaw_rate_radps": 0.0012567582701138716,
    "tire_fl_force_wheel_fz_n": 36.55491357422407,
    "tire_fr_force_wheel_fz_n": 36.83065403408064,
    "tire_rl_force_wheel_fz_n": 22.062852693499703,
    "tire_rr_force_wheel_fz_n": 21.108211944186863,
    "tire_fl_spindle_omega_radps": 0.04529610963376394,
    "tire_fr_spindle_omega_radps": 0.04492785490464458,
    "tire_rl_spindle_omega_radps": 0.042763430820382274,
    "tire_rr_spindle_omega_radps": 0.041191977186912476
  },
  "val_flat_loss": 0.002299604470063059,
  "val_flat_rmse": {
    "vel_body_x_mps": 0.0006449476666941533,
    "vel_body_y_mps": 0.0005917548429377345,
    "roll_rad": 1.4588857097954443e-05,
    "pitch_rad": 6.632494690546482e-06,
    "roll_rate_radps": 0.0013481240049913758,
    "ang_vel_body_y_radps": 0.0005716837884159926,
    "yaw_rate_radps": 0.0012567582701138716,
    "tire_fl_force_wheel_fz_n": 36.55491357422407,
    "tire_fr_force_wheel_fz_n": 36.83065403408064,
    "tire_rl_force_wheel_fz_n": 22.062852693499703,
    "tire_rr_force_wheel_fz_n": 21.108211944186863,
    "tire_fl_spindle_omega_radps": 0.04529610963376394,
    "tire_fr_spindle_omega_radps": 0.04492785490464458,
    "tire_rl_spindle_omega_radps": 0.042763430820382274,
    "tire_rr_spindle_omega_radps": 0.041191977186912476
  },
  "val_crm_loss": 0.12095368494046851,
  "val_crm_rmse": {
    "vel_body_x_mps": 0.0035428202407685517,
    "vel_body_y_mps": 0.002687004229367669,
    "roll_rad": 4.3660070103801086e-05,
    "pitch_rad": 3.0272967658526106e-05,
    "roll_rate_radps": 0.004030918463978971,
    "ang_vel_body_y_radps": 0.002761197827477295,
    "yaw_rate_radps": 0.002659421828780879,
    "tire_fl_force_wheel_fz_n": 778.3671422329634,
    "tire_fr_force_wheel_fz_n": 786.1063695195573,
    "tire_rl_force_wheel_fz_n": 1113.837975436141,
    "tire_rr_force_wheel_fz_n": 1131.0439903205186,
    "tire_fl_spindle_omega_radps": 0.15066664426415116,
    "tire_fr_spindle_omega_radps": 0.15055639364965395,
    "tire_rl_spindle_omega_radps": 0.1780885067994622,
    "tire_rr_spindle_omega_radps": 0.17757169340776674
  },
  "val_mixed_loss": 0.061626644705265785,
  "rollout_flat_5.0s": {
    "xy_rmse_m": 2.0103513265740736,
    "yaw_rmse_rad": 0.1182011828690563,
    "errdist": 0.2647926839622151,
    "mean_dist_m": 7.592170963684718,
    "episodes": 12
  },
  "rollout_flat_10.0s": {
    "xy_rmse_m": 9.27600963872442,
    "yaw_rmse_rad": 0.4132079582841657,
    "errdist": 0.2633949713959779,
    "mean_dist_m": 35.2171098391215,
    "episodes": 12
  },
  "rollout_crm_5.0s": {
    "xy_rmse_m": 0.6734346351651107,
    "yaw_rmse_rad": 0.058745251380814274,
    "errdist": 0.09410109033811155,
    "mean_dist_m": 7.1565019357949495,
    "episodes": 12
  },
  "rollout_crm_10.0s": {
    "xy_rmse_m": 2.4168430104426832,
    "yaw_rmse_rad": 0.13419747727471285,
    "errdist": 0.09653161663533129,
    "mean_dist_m": 25.036802393694717,
    "episodes": 12
  },
  "rollout_sel": 0.17996329401565458
}
{
  "epoch": 59,
  "timestamp_utc": "2026-07-13T22:31:07.471656+00:00",
  "train_loss": 0.00854282219731249,
  "val_loss": 0.0023303365820356702,
  "val_rmse": {
    "vel_body_x_mps": 0.000656009212003401,
    "vel_body_y_mps": 0.0006169570453490622,
    "roll_rad": 1.4148416439368887e-05,
    "pitch_rad": 7.96933149156613e-06,
    "roll_rate_radps": 0.0013831960921054703,
    "ang_vel_body_y_radps": 0.0005746595873801914,
    "yaw_rate_radps": 0.001257923879672401,
    "tire_fl_force_wheel_fz_n": 36.456039861697676,
    "tire_fr_force_wheel_fz_n": 37.54333956376455,
    "tire_rl_force_wheel_fz_n": 22.22273058198435,
    "tire_rr_force_wheel_fz_n": 21.061805398280924,
    "tire_fl_spindle_omega_radps": 0.04572558285545624,
    "tire_fr_spindle_omega_radps": 0.04468800591059739,
    "tire_rl_spindle_omega_radps": 0.04330832029784581,
    "tire_rr_spindle_omega_radps": 0.04049193290718597
  },
  "val_flat_loss": 0.0023303365820356702,
  "val_flat_rmse": {
    "vel_body_x_mps": 0.000656009212003401,
    "vel_body_y_mps": 0.0006169570453490622,
    "roll_rad": 1.4148416439368887e-05,
    "pitch_rad": 7.96933149156613e-06,
    "roll_rate_radps": 0.0013831960921054703,
    "ang_vel_body_y_radps": 0.0005746595873801914,
    "yaw_rate_radps": 0.001257923879672401,
    "tire_fl_force_wheel_fz_n": 36.456039861697676,
    "tire_fr_force_wheel_fz_n": 37.54333956376455,
    "tire_rl_force_wheel_fz_n": 22.22273058198435,
    "tire_rr_force_wheel_fz_n": 21.061805398280924,
    "tire_fl_spindle_omega_radps": 0.04572558285545624,
    "tire_fr_spindle_omega_radps": 0.04468800591059739,
    "tire_rl_spindle_omega_radps": 0.04330832029784581,
    "tire_rr_spindle_omega_radps": 0.04049193290718597
  },
  "val_crm_loss": 0.12102866245782934,
  "val_crm_rmse": {
    "vel_body_x_mps": 0.003550957756329458,
    "vel_body_y_mps": 0.0026768602905697845,
    "roll_rad": 4.506773303830243e-05,
    "pitch_rad": 3.114028760417221e-05,
    "roll_rate_radps": 0.004004030621530931,
    "ang_vel_body_y_radps": 0.002786687542510618,
    "yaw_rate_radps": 0.002660514548833033,
    "tire_fl_force_wheel_fz_n": 779.8577740142299,
    "tire_fr_force_wheel_fz_n": 783.7481607147976,
    "tire_rl_force_wheel_fz_n": 1116.2182031713444,
    "tire_rr_force_wheel_fz_n": 1128.2387184419908,
    "tire_fl_spindle_omega_radps": 0.15149071833418862,
    "tire_fr_spindle_omega_radps": 0.15138369211317357,
    "tire_rl_spindle_omega_radps": 0.17933195920446418,
    "tire_rr_spindle_omega_radps": 0.17873586247228224
  },
  "val_mixed_loss": 0.061679499519932506,
  "rollout_flat_5.0s": {
    "xy_rmse_m": 1.6520389101334376,
    "yaw_rmse_rad": 0.10694937283587162,
    "errdist": 0.21759769610504812,
    "mean_dist_m": 7.592170963684718,
    "episodes": 12
  },
  "rollout_flat_10.0s": {
    "xy_rmse_m": 8.289135686946185,
    "yaw_rmse_rad": 0.5080765150180004,
    "errdist": 0.23537240065447007,
    "mean_dist_m": 35.2171098391215,
    "episodes": 12
  },
  "rollout_crm_5.0s": {
    "xy_rmse_m": 0.5242148957961211,
    "yaw_rmse_rad": 0.03468653083462598,
    "errdist": 0.07325015775851823,
    "mean_dist_m": 7.1565019357949495,
    "episodes": 12
  },
  "rollout_crm_10.0s": {
    "xy_rmse_m": 2.013865104178217,
    "yaw_rmse_rad": 0.20590915999937628,
    "errdist": 0.08043619438740268,
    "mean_dist_m": 25.036802393694717,
    "episodes": 12
  },
  "rollout_sel": 0.15790429752093638
}
{
  "epoch": 60,
  "timestamp_utc": "2026-07-13T22:33:01.964028+00:00",
  "train_loss": 0.008397864295169711,
  "val_loss": 0.0022930735831141647,
  "val_rmse": {
    "vel_body_x_mps": 0.0006595732072671223,
    "vel_body_y_mps": 0.0006105618828078019,
    "roll_rad": 1.1800651851882476e-05,
    "pitch_rad": 6.568524564033864e-06,
    "roll_rate_radps": 0.0013390211182947934,
    "ang_vel_body_y_radps": 0.0005796562240514092,
    "yaw_rate_radps": 0.0012509724535140067,
    "tire_fl_force_wheel_fz_n": 35.99873609496416,
    "tire_fr_force_wheel_fz_n": 36.617119541581275,
    "tire_rl_force_wheel_fz_n": 22.10718502346149,
    "tire_rr_force_wheel_fz_n": 21.07885351733257,
    "tire_fl_spindle_omega_radps": 0.04698137857352771,
    "tire_fr_spindle_omega_radps": 0.04487610707453992,
    "tire_rl_spindle_omega_radps": 0.043267458775843794,
    "tire_rr_spindle_omega_radps": 0.039897451045247924
  },
  "val_flat_loss": 0.0022930735831141647,
  "val_flat_rmse": {
    "vel_body_x_mps": 0.0006595732072671223,
    "vel_body_y_mps": 0.0006105618828078019,
    "roll_rad": 1.1800651851882476e-05,
    "pitch_rad": 6.568524564033864e-06,
    "roll_rate_radps": 0.0013390211182947934,
    "ang_vel_body_y_radps": 0.0005796562240514092,
    "yaw_rate_radps": 0.0012509724535140067,
    "tire_fl_force_wheel_fz_n": 35.99873609496416,
    "tire_fr_force_wheel_fz_n": 36.617119541581275,
    "tire_rl_force_wheel_fz_n": 22.10718502346149,
    "tire_rr_force_wheel_fz_n": 21.07885351733257,
    "tire_fl_spindle_omega_radps": 0.04698137857352771,
    "tire_fr_spindle_omega_radps": 0.04487610707453992,
    "tire_rl_spindle_omega_radps": 0.043267458775843794,
    "tire_rr_spindle_omega_radps": 0.039897451045247924
  },
  "val_crm_loss": 0.12174224652757402,
  "val_crm_rmse": {
    "vel_body_x_mps": 0.003555804065348414,
    "vel_body_y_mps": 0.0026741822260042455,
    "roll_rad": 4.371503919056108e-05,
    "pitch_rad": 2.824750213499582e-05,
    "roll_rate_radps": 0.004017742583611826,
    "ang_vel_body_y_radps": 0.0028060867979110425,
    "yaw_rate_radps": 0.002664521649702099,
    "tire_fl_force_wheel_fz_n": 780.9722124091072,
    "tire_fr_force_wheel_fz_n": 788.8235897367025,
    "tire_rl_force_wheel_fz_n": 1116.6487277345204,
    "tire_rr_force_wheel_fz_n": 1136.3970751024178,
    "tire_fl_spindle_omega_radps": 0.1516713319789913,
    "tire_fr_spindle_omega_radps": 0.15209268518977573,
    "tire_rl_spindle_omega_radps": 0.17939385642689284,
    "tire_rr_spindle_omega_radps": 0.17925019492778738
  },
  "val_mixed_loss": 0.06201766005534409,
  "rollout_flat_5.0s": {
    "xy_rmse_m": 0.8414214193003297,
    "yaw_rmse_rad": 0.048389805184805026,
    "errdist": 0.11082751209437484,
    "mean_dist_m": 7.592170963684718,
    "episodes": 12
  },
  "rollout_flat_10.0s": {
    "xy_rmse_m": 4.564713368214025,
    "yaw_rmse_rad": 0.13057006659616124,
    "errdist": 0.12961635378560335,
    "mean_dist_m": 35.2171098391215,
    "episodes": 12
  },
  "rollout_crm_5.0s": {
    "xy_rmse_m": 0.610136377661824,
    "yaw_rmse_rad": 0.03609057371020165,
    "errdist": 0.08525623036725269,
    "mean_dist_m": 7.1565019357949495,
    "episodes": 12
  },
  "rollout_crm_10.0s": {
    "xy_rmse_m": 2.3138615575576855,
    "yaw_rmse_rad": 0.21169118820300367,
    "errdist": 0.09241841354870499,
    "mean_dist_m": 25.036802393694717,
    "episodes": 12
  },
  "rollout_sel": 0.11101738366715416
}
{
  "epoch": 61,
  "timestamp_utc": "2026-07-13T22:34:57.791477+00:00",
  "train_loss": 0.008305427435785532,
  "val_loss": 0.0022747747471294133,
  "val_rmse": {
    "vel_body_x_mps": 0.0006497418158097635,
    "vel_body_y_mps": 0.00062382501195851,
    "roll_rad": 1.1400700686634376e-05,
    "pitch_rad": 5.7740739102971814e-06,
    "roll_rate_radps": 0.0013302195084380004,
    "ang_vel_body_y_radps": 0.000575415976380721,
    "yaw_rate_radps": 0.0012642787911970985,
    "tire_fl_force_wheel_fz_n": 35.8018797891066,
    "tire_fr_force_wheel_fz_n": 36.612558605958576,
    "tire_rl_force_wheel_fz_n": 21.88293582117482,
    "tire_rr_force_wheel_fz_n": 20.879088701955094,
    "tire_fl_spindle_omega_radps": 0.046098939386635895,
    "tire_fr_spindle_omega_radps": 0.044549645083579045,
    "tire_rl_spindle_omega_radps": 0.04301444775501959,
    "tire_rr_spindle_omega_radps": 0.04021328834731808
  },
  "val_flat_loss": 0.0022747747471294133,
  "val_flat_rmse": {
    "vel_body_x_mps": 0.0006497418158097635,
    "vel_body_y_mps": 0.00062382501195851,
    "roll_rad": 1.1400700686634376e-05,
    "pitch_rad": 5.7740739102971814e-06,
    "roll_rate_radps": 0.0013302195084380004,
    "ang_vel_body_y_radps": 0.000575415976380721,
    "yaw_rate_radps": 0.0012642787911970985,
    "tire_fl_force_wheel_fz_n": 35.8018797891066,
    "tire_fr_force_wheel_fz_n": 36.612558605958576,
    "tire_rl_force_wheel_fz_n": 21.88293582117482,
    "tire_rr_force_wheel_fz_n": 20.879088701955094,
    "tire_fl_spindle_omega_radps": 0.046098939386635895,
    "tire_fr_spindle_omega_radps": 0.044549645083579045,
    "tire_rl_spindle_omega_radps": 0.04301444775501959,
    "tire_rr_spindle_omega_radps": 0.04021328834731808
  },
  "val_crm_loss": 0.12233138602692634,
  "val_crm_rmse": {
    "vel_body_x_mps": 0.0035727892470895696,
    "vel_body_y_mps": 0.002674397028173457,
    "roll_rad": 4.290441493073052e-05,
    "pitch_rad": 2.9811397718782255e-05,
    "roll_rate_radps": 0.003993497739255873,
    "ang_vel_body_y_radps": 0.002772157482937462,
    "yaw_rate_radps": 0.002681474122196155,
    "tire_fl_force_wheel_fz_n": 789.2083118292973,
    "tire_fr_force_wheel_fz_n": 789.5760871334991,
    "tire_rl_force_wheel_fz_n": 1117.6947535499294,
    "tire_rr_force_wheel_fz_n": 1137.4856285049218,
    "tire_fl_spindle_omega_radps": 0.15090810470889252,
    "tire_fr_spindle_omega_radps": 0.15086348557350204,
    "tire_rl_spindle_omega_radps": 0.1784864390851167,
    "tire_rr_spindle_omega_radps": 0.17856564779430184
  },
  "val_mixed_loss": 0.06230308038702787,
  "rollout_flat_5.0s": {
    "xy_rmse_m": 0.7602708315246458,
    "yaw_rmse_rad": 0.06652629545437597,
    "errdist": 0.10013879233768763,
    "mean_dist_m": 7.592170963684718,
    "episodes": 12
  },
  "rollout_flat_10.0s": {
    "xy_rmse_m": 4.25899113918797,
    "yaw_rmse_rad": 0.1390886996088046,
    "errdist": 0.12093528283961565,
    "mean_dist_m": 35.2171098391215,
    "episodes": 12
  },
  "rollout_crm_5.0s": {
    "xy_rmse_m": 0.7369417843093851,
    "yaw_rmse_rad": 0.05158835798253636,
    "errdist": 0.10297513937967306,
    "mean_dist_m": 7.1565019357949495,
    "episodes": 12
  },
  "rollout_crm_10.0s": {
    "xy_rmse_m": 2.881898344606243,
    "yaw_rmse_rad": 0.12013135008810676,
    "errdist": 0.1151064860156432,
    "mean_dist_m": 25.036802393694717,
    "episodes": 12
  },
  "rollout_sel": 0.11802088442762942
}
{
  "epoch": 62,
  "timestamp_utc": "2026-07-13T22:36:54.356779+00:00",
  "train_loss": 0.008176765333628282,
  "val_loss": 0.00229357433381665,
  "val_rmse": {
    "vel_body_x_mps": 0.0006635428347469275,
    "vel_body_y_mps": 0.0006123572207837649,
    "roll_rad": 1.1388228249946489e-05,
    "pitch_rad": 7.1810325787325265e-06,
    "roll_rate_radps": 0.0013420257900090477,
    "ang_vel_body_y_radps": 0.0005930982673256856,
    "yaw_rate_radps": 0.0012478587308858737,
    "tire_fl_force_wheel_fz_n": 36.256641195653096,
    "tire_fr_force_wheel_fz_n": 36.92828933680545,
    "tire_rl_force_wheel_fz_n": 22.415277613095608,
    "tire_rr_force_wheel_fz_n": 21.037106483437316,
    "tire_fl_spindle_omega_radps": 0.04695986556216503,
    "tire_fr_spindle_omega_radps": 0.04468231438166637,
    "tire_rl_spindle_omega_radps": 0.04516102018895602,
    "tire_rr_spindle_omega_radps": 0.040005591843929614
  },
  "val_flat_loss": 0.00229357433381665,
  "val_flat_rmse": {
    "vel_body_x_mps": 0.0006635428347469275,
    "vel_body_y_mps": 0.0006123572207837649,
    "roll_rad": 1.1388228249946489e-05,
    "pitch_rad": 7.1810325787325265e-06,
    "roll_rate_radps": 0.0013420257900090477,
    "ang_vel_body_y_radps": 0.0005930982673256856,
    "yaw_rate_radps": 0.0012478587308858737,
    "tire_fl_force_wheel_fz_n": 36.256641195653096,
    "tire_fr_force_wheel_fz_n": 36.92828933680545,
    "tire_rl_force_wheel_fz_n": 22.415277613095608,
    "tire_rr_force_wheel_fz_n": 21.037106483437316,
    "tire_fl_spindle_omega_radps": 0.04695986556216503,
    "tire_fr_spindle_omega_radps": 0.04468231438166637,
    "tire_rl_spindle_omega_radps": 0.04516102018895602,
    "tire_rr_spindle_omega_radps": 0.040005591843929614
  },
  "val_crm_loss": 0.12223746489966288,
  "val_crm_rmse": {
    "vel_body_x_mps": 0.0035467256899754367,
    "vel_body_y_mps": 0.002682534023687307,
    "roll_rad": 4.169901028913962e-05,
    "pitch_rad": 2.9078601965863497e-05,
    "roll_rate_radps": 0.004029958544916327,
    "ang_vel_body_y_radps": 0.0027730937698444836,
    "yaw_rate_radps": 0.002675450034930048,
    "tire_fl_force_wheel_fz_n": 782.8846438827635,
    "tire_fr_force_wheel_fz_n": 791.2226452046655,
    "tire_rl_force_wheel_fz_n": 1118.8661437595506,
    "tire_rr_force_wheel_fz_n": 1144.1450009634598,
    "tire_fl_spindle_omega_radps": 0.15174757078540865,
    "tire_fr_spindle_omega_radps": 0.15255180290436768,
    "tire_rl_spindle_omega_radps": 0.1796392172804168,
    "tire_rr_spindle_omega_radps": 0.18002539972792841
  },
  "val_mixed_loss": 0.06226551961673976,
  "rollout_flat_5.0s": {
    "xy_rmse_m": 0.5957533857644501,
    "yaw_rmse_rad": 0.050823993608032844,
    "errdist": 0.07846943761067683,
    "mean_dist_m": 7.592170963684718,
    "episodes": 12
  },
  "rollout_flat_10.0s": {
    "xy_rmse_m": 2.4515182949511396,
    "yaw_rmse_rad": 0.08370560194418698,
    "errdist": 0.06961156966457908,
    "mean_dist_m": 35.2171098391215,
    "episodes": 12
  },
  "rollout_crm_5.0s": {
    "xy_rmse_m": 0.45726086001740723,
    "yaw_rmse_rad": 0.02910112128894032,
    "errdist": 0.0638944646588172,
    "mean_dist_m": 7.1565019357949495,
    "episodes": 12
  },
  "rollout_crm_10.0s": {
    "xy_rmse_m": 2.3439763749555946,
    "yaw_rmse_rad": 0.18691823397306137,
    "errdist": 0.09362123557543046,
    "mean_dist_m": 25.036802393694717,
    "episodes": 12
  },
  "rollout_sel": 0.08161640262000477
}
{
  "epoch": 63,
  "timestamp_utc": "2026-07-13T22:38:49.845472+00:00",
  "train_loss": 0.008038376345997677,
  "val_loss": 0.0022070252070989227,
  "val_rmse": {
    "vel_body_x_mps": 0.0006513902934865386,
    "vel_body_y_mps": 0.0006123464775033782,
    "roll_rad": 1.0687441356084022e-05,
    "pitch_rad": 6.028493526955139e-06,
    "roll_rate_radps": 0.0013166215511361966,
    "ang_vel_body_y_radps": 0.0005655486024983628,
    "yaw_rate_radps": 0.0012309409952838838,
    "tire_fl_force_wheel_fz_n": 35.7625703930287,
    "tire_fr_force_wheel_fz_n": 36.201455603558664,
    "tire_rl_force_wheel_fz_n": 22.01626241796775,
    "tire_rr_force_wheel_fz_n": 20.84849071025598,
    "tire_fl_spindle_omega_radps": 0.04504383852412547,
    "tire_fr_spindle_omega_radps": 0.043802001940729196,
    "tire_rl_spindle_omega_radps": 0.04281646789680552,
    "tire_rr_spindle_omega_radps": 0.03997449526226797
  },
  "val_flat_loss": 0.0022070252070989227,
  "val_flat_rmse": {
    "vel_body_x_mps": 0.0006513902934865386,
    "vel_body_y_mps": 0.0006123464775033782,
    "roll_rad": 1.0687441356084022e-05,
    "pitch_rad": 6.028493526955139e-06,
    "roll_rate_radps": 0.0013166215511361966,
    "ang_vel_body_y_radps": 0.0005655486024983628,
    "yaw_rate_radps": 0.0012309409952838838,
    "tire_fl_force_wheel_fz_n": 35.7625703930287,
    "tire_fr_force_wheel_fz_n": 36.201455603558664,
    "tire_rl_force_wheel_fz_n": 22.01626241796775,
    "tire_rr_force_wheel_fz_n": 20.84849071025598,
    "tire_fl_spindle_omega_radps": 0.04504383852412547,
    "tire_fr_spindle_omega_radps": 0.043802001940729196,
    "tire_rl_spindle_omega_radps": 0.04281646789680552,
    "tire_rr_spindle_omega_radps": 0.03997449526226797
  },
  "val_crm_loss": 0.12281276191875805,
  "val_crm_rmse": {
    "vel_body_x_mps": 0.0035881511194058467,
    "vel_body_y_mps": 0.0026853129614285713,
    "roll_rad": 4.298002432932097e-05,
    "pitch_rad": 2.9399537478931134e-05,
    "roll_rate_radps": 0.004032484023505499,
    "ang_vel_body_y_radps": 0.0027616518849871738,
    "yaw_rate_radps": 0.0026796904467688925,
    "tire_fl_force_wheel_fz_n": 790.0090611330754,
    "tire_fr_force_wheel_fz_n": 788.4279396343675,
    "tire_rl_force_wheel_fz_n": 1125.584370613173,
    "tire_rr_force_wheel_fz_n": 1141.6780575515702,
    "tire_fl_spindle_omega_radps": 0.14974941437563083,
    "tire_fr_spindle_omega_radps": 0.14942117427393464,
    "tire_rl_spindle_omega_radps": 0.179560736076436,
    "tire_rr_spindle_omega_radps": 0.1784062997123072
  },
  "val_mixed_loss": 0.06250989356292849,
  "rollout_flat_5.0s": {
    "xy_rmse_m": 1.4917432747602926,
    "yaw_rmse_rad": 0.10259112811589717,
    "errdist": 0.1964844155770042,
    "mean_dist_m": 7.592170963684718,
    "episodes": 12
  },
  "rollout_flat_10.0s": {
    "xy_rmse_m": 8.515301813200125,
    "yaw_rmse_rad": 0.4425469386051754,
    "errdist": 0.24179445309679456,
    "mean_dist_m": 35.2171098391215,
    "episodes": 12
  },
  "rollout_crm_5.0s": {
    "xy_rmse_m": 0.5577464580976994,
    "yaw_rmse_rad": 0.025420521347313582,
    "errdist": 0.07793562596664687,
    "mean_dist_m": 7.1565019357949495,
    "episodes": 12
  },
  "rollout_crm_10.0s": {
    "xy_rmse_m": 1.9208736053707989,
    "yaw_rmse_rad": 0.10027727770117459,
    "errdist": 0.07672200208180549,
    "mean_dist_m": 25.036802393694717,
    "episodes": 12
  },
  "rollout_sel": 0.15925822758930003
}
{
  "epoch": 64,
  "timestamp_utc": "2026-07-13T22:40:44.456043+00:00",
  "train_loss": 0.007907732216641306,
  "val_loss": 0.002235663016199396,
  "val_rmse": {
    "vel_body_x_mps": 0.0006471888658045601,
    "vel_body_y_mps": 0.0005817261057225968,
    "roll_rad": 1.1846323294452483e-05,
    "pitch_rad": 5.627739587750706e-06,
    "roll_rate_radps": 0.001315036034310935,
    "ang_vel_body_y_radps": 0.00057173136224432,
    "yaw_rate_radps": 0.0012350260594429943,
    "tire_fl_force_wheel_fz_n": 36.20242179605844,
    "tire_fr_force_wheel_fz_n": 36.22123571527304,
    "tire_rl_force_wheel_fz_n": 21.61077003130034,
    "tire_rr_force_wheel_fz_n": 20.56219067036515,
    "tire_fl_spindle_omega_radps": 0.045170785138162285,
    "tire_fr_spindle_omega_radps": 0.047112351397815264,
    "tire_rl_spindle_omega_radps": 0.04715371509834954,
    "tire_rr_spindle_omega_radps": 0.039894145738278146
  },
  "val_flat_loss": 0.002235663016199396,
  "val_flat_rmse": {
    "vel_body_x_mps": 0.0006471888658045601,
    "vel_body_y_mps": 0.0005817261057225968,
    "roll_rad": 1.1846323294452483e-05,
    "pitch_rad": 5.627739587750706e-06,
    "roll_rate_radps": 0.001315036034310935,
    "ang_vel_body_y_radps": 0.00057173136224432,
    "yaw_rate_radps": 0.0012350260594429943,
    "tire_fl_force_wheel_fz_n": 36.20242179605844,
    "tire_fr_force_wheel_fz_n": 36.22123571527304,
    "tire_rl_force_wheel_fz_n": 21.61077003130034,
    "tire_rr_force_wheel_fz_n": 20.56219067036515,
    "tire_fl_spindle_omega_radps": 0.045170785138162285,
    "tire_fr_spindle_omega_radps": 0.047112351397815264,
    "tire_rl_spindle_omega_radps": 0.04715371509834954,
    "tire_rr_spindle_omega_radps": 0.039894145738278146
  },
  "val_crm_loss": 0.12312989128229673,
  "val_crm_rmse": {
    "vel_body_x_mps": 0.0035882649228122817,
    "vel_body_y_mps": 0.0026674658831408833,
    "roll_rad": 4.223983941746357e-05,
    "pitch_rad": 2.8701338377924163e-05,
    "roll_rate_radps": 0.003961087020951029,
    "ang_vel_body_y_radps": 0.0027625575981039133,
    "yaw_rate_radps": 0.0026941155825185737,
    "tire_fl_force_wheel_fz_n": 788.7550889823202,
    "tire_fr_force_wheel_fz_n": 793.2091428251912,
    "tire_rl_force_wheel_fz_n": 1125.7711781498842,
    "tire_rr_force_wheel_fz_n": 1143.523316529032,
    "tire_fl_spindle_omega_radps": 0.15138083813771216,
    "tire_fr_spindle_omega_radps": 0.15092857167475815,
    "tire_rl_spindle_omega_radps": 0.1805727678175399,
    "tire_rr_spindle_omega_radps": 0.17975888584600205
  },
  "val_mixed_loss": 0.06268277714924807,
  "rollout_flat_5.0s": {
    "xy_rmse_m": 1.6433192860052597,
    "yaw_rmse_rad": 0.07602877810850471,
    "errdist": 0.21644919402706725,
    "mean_dist_m": 7.592170963684718,
    "episodes": 12
  },
  "rollout_flat_10.0s": {
    "xy_rmse_m": 4.7459966339515205,
    "yaw_rmse_rad": 0.10566654497968737,
    "errdist": 0.13476394444723436,
    "mean_dist_m": 35.2171098391215,
    "episodes": 12
  },
  "rollout_crm_5.0s": {
    "xy_rmse_m": 0.4400798822470918,
    "yaw_rmse_rad": 0.028870314522062693,
    "errdist": 0.06149371385563769,
    "mean_dist_m": 7.1565019357949495,
    "episodes": 12
  },
  "rollout_crm_10.0s": {
    "xy_rmse_m": 1.8365861813812794,
    "yaw_rmse_rad": 0.08242345226881875,
    "errdist": 0.07335546099304623,
    "mean_dist_m": 25.036802393694717,
    "episodes": 12
  },
  "rollout_sel": 0.10405970272014028
}
{
  "epoch": 65,
  "timestamp_utc": "2026-07-13T22:42:42.315693+00:00",
  "train_loss": 0.00780988557706587,
  "val_loss": 0.002229092392117309,
  "val_rmse": {
    "vel_body_x_mps": 0.0006575824168108875,
    "vel_body_y_mps": 0.000602601618465834,
    "roll_rad": 1.141981824626578e-05,
    "pitch_rad": 6.083066970276948e-06,
    "roll_rate_radps": 0.0013387837721098481,
    "ang_vel_body_y_radps": 0.0005638277683420512,
    "yaw_rate_radps": 0.0012502368020662462,
    "tire_fl_force_wheel_fz_n": 36.97569995163445,
    "tire_fr_force_wheel_fz_n": 36.83285596392912,
    "tire_rl_force_wheel_fz_n": 21.937885576321182,
    "tire_rr_force_wheel_fz_n": 20.907358353547906,
    "tire_fl_spindle_omega_radps": 0.04474698583093206,
    "tire_fr_spindle_omega_radps": 0.04369737408929374,
    "tire_rl_spindle_omega_radps": 0.0429959374884546,
    "tire_rr_spindle_omega_radps": 0.040163594717990796
  },
  "val_flat_loss": 0.002229092392117309,
  "val_flat_rmse": {
    "vel_body_x_mps": 0.0006575824168108875,
    "vel_body_y_mps": 0.000602601618465834,
    "roll_rad": 1.141981824626578e-05,
    "pitch_rad": 6.083066970276948e-06,
    "roll_rate_radps": 0.0013387837721098481,
    "ang_vel_body_y_radps": 0.0005638277683420512,
    "yaw_rate_radps": 0.0012502368020662462,
    "tire_fl_force_wheel_fz_n": 36.97569995163445,
    "tire_fr_force_wheel_fz_n": 36.83285596392912,
    "tire_rl_force_wheel_fz_n": 21.937885576321182,
    "tire_rr_force_wheel_fz_n": 20.907358353547906,
    "tire_fl_spindle_omega_radps": 0.04474698583093206,
    "tire_fr_spindle_omega_radps": 0.04369737408929374,
    "tire_rl_spindle_omega_radps": 0.0429959374884546,
    "tire_rr_spindle_omega_radps": 0.040163594717990796
  },
  "val_crm_loss": 0.1232540980837075,
  "val_crm_rmse": {
    "vel_body_x_mps": 0.0035743821452515518,
    "vel_body_y_mps": 0.0026637120886901047,
    "roll_rad": 4.131073954190395e-05,
    "pitch_rad": 2.9479533311377333e-05,
    "roll_rate_radps": 0.003985056793028783,
    "ang_vel_body_y_radps": 0.0027736750277455287,
    "yaw_rate_radps": 0.002687054455880664,
    "tire_fl_force_wheel_fz_n": 788.8854985077742,
    "tire_fr_force_wheel_fz_n": 795.9432882270762,
    "tire_rl_force_wheel_fz_n": 1125.6445190052248,
    "tire_rr_force_wheel_fz_n": 1148.1343171854587,
    "tire_fl_spindle_omega_radps": 0.15088109744670777,
    "tire_fr_spindle_omega_radps": 0.15062292378273934,
    "tire_rl_spindle_omega_radps": 0.1796056447185374,
    "tire_rr_spindle_omega_radps": 0.179972214760351
  },
  "val_mixed_loss": 0.06274159523791241,
  "rollout_flat_5.0s": {
    "xy_rmse_m": 0.644492277997804,
    "yaw_rmse_rad": 0.03988168868772485,
    "errdist": 0.0848890628359891,
    "mean_dist_m": 7.592170963684718,
    "episodes": 12
  },
  "rollout_flat_10.0s": {
    "xy_rmse_m": 3.692463572982561,
    "yaw_rmse_rad": 0.06789597173809152,
    "errdist": 0.1048485690577802,
    "mean_dist_m": 35.2171098391215,
    "episodes": 12
  },
  "rollout_crm_5.0s": {
    "xy_rmse_m": 0.6489281739094419,
    "yaw_rmse_rad": 0.030860359527278478,
    "errdist": 0.09067672722390711,
    "mean_dist_m": 7.1565019357949495,
    "episodes": 12
  },
  "rollout_crm_10.0s": {
    "xy_rmse_m": 1.9113207335738165,
    "yaw_rmse_rad": 0.055928700405823525,
    "errdist": 0.07634044889275336,
    "mean_dist_m": 25.036802393694717,
    "episodes": 12
  },
  "rollout_sel": 0.09059450897526677
}
{
  "epoch": 66,
  "timestamp_utc": "2026-07-13T22:44:40.179438+00:00",
  "train_loss": 0.007676440088078379,
  "val_loss": 0.0021694784357896425,
  "val_rmse": {
    "vel_body_x_mps": 0.0006316189607800523,
    "vel_body_y_mps": 0.0006154001490818244,
    "roll_rad": 1.0894265524844309e-05,
    "pitch_rad": 6.005969282260557e-06,
    "roll_rate_radps": 0.001323626967124121,
    "ang_vel_body_y_radps": 0.0005576355741842256,
    "yaw_rate_radps": 0.0012447069210356986,
    "tire_fl_force_wheel_fz_n": 36.06870898216505,
    "tire_fr_force_wheel_fz_n": 36.22335146443039,
    "tire_rl_force_wheel_fz_n": 21.7445980230119,
    "tire_rr_force_wheel_fz_n": 20.66464138069644,
    "tire_fl_spindle_omega_radps": 0.04446420708690304,
    "tire_fr_spindle_omega_radps": 0.04304031622761585,
    "tire_rl_spindle_omega_radps": 0.04229614896511587,
    "tire_rr_spindle_omega_radps": 0.039337361751380126
  },
  "val_flat_loss": 0.0021694784357896425,
  "val_flat_rmse": {
    "vel_body_x_mps": 0.0006316189607800523,
    "vel_body_y_mps": 0.0006154001490818244,
    "roll_rad": 1.0894265524844309e-05,
    "pitch_rad": 6.005969282260557e-06,
    "roll_rate_radps": 0.001323626967124121,
    "ang_vel_body_y_radps": 0.0005576355741842256,
    "yaw_rate_radps": 0.0012447069210356986,
    "tire_fl_force_wheel_fz_n": 36.06870898216505,
    "tire_fr_force_wheel_fz_n": 36.22335146443039,
    "tire_rl_force_wheel_fz_n": 21.7445980230119,
    "tire_rr_force_wheel_fz_n": 20.66464138069644,
    "tire_fl_spindle_omega_radps": 0.04446420708690304,
    "tire_fr_spindle_omega_radps": 0.04304031622761585,
    "tire_rl_spindle_omega_radps": 0.04229614896511587,
    "tire_rr_spindle_omega_radps": 0.039337361751380126
  },
  "val_crm_loss": 0.12368192202528007,
  "val_crm_rmse": {
    "vel_body_x_mps": 0.0036037291648042375,
    "vel_body_y_mps": 0.002677558150081684,
    "roll_rad": 4.114234868267436e-05,
    "pitch_rad": 2.854335001861613e-05,
    "roll_rate_radps": 0.003964721582154378,
    "ang_vel_body_y_radps": 0.0027710415923497887,
    "yaw_rate_radps": 0.0027027974044774917,
    "tire_fl_force_wheel_fz_n": 792.608861555933,
    "tire_fr_force_wheel_fz_n": 794.6783542026192,
    "tire_rl_force_wheel_fz_n": 1126.5232242752668,
    "tire_rr_force_wheel_fz_n": 1149.3302053355278,
    "tire_fl_spindle_omega_radps": 0.15076809619044154,
    "tire_fr_spindle_omega_radps": 0.1505200152880021,
    "tire_rl_spindle_omega_radps": 0.17944172948542883,
    "tire_rr_spindle_omega_radps": 0.17886659625002124
  },
  "val_mixed_loss": 0.06292570023053486,
  "rollout_flat_5.0s": {
    "xy_rmse_m": 0.7195954650985695,
    "yaw_rmse_rad": 0.04435546093639292,
    "errdist": 0.09478125144185733,
    "mean_dist_m": 7.592170963684718,
    "episodes": 12
  },
  "rollout_flat_10.0s": {
    "xy_rmse_m": 3.155866340811779,
    "yaw_rmse_rad": 0.07738995057728892,
    "errdist": 0.08961173575084329,
    "mean_dist_m": 35.2171098391215,
    "episodes": 12
  },
  "rollout_crm_5.0s": {
    "xy_rmse_m": 0.528204648804137,
    "yaw_rmse_rad": 0.028513672875620934,
    "errdist": 0.07380765820270313,
    "mean_dist_m": 7.1565019357949495,
    "episodes": 12
  },
  "rollout_crm_10.0s": {
    "xy_rmse_m": 1.9782052366226035,
    "yaw_rmse_rad": 0.19707381429040524,
    "errdist": 0.07901189638820634,
    "mean_dist_m": 25.036802393694717,
    "episodes": 12
  },
  "rollout_sel": 0.08431181606952481
}
{
  "epoch": 67,
  "timestamp_utc": "2026-07-13T22:46:34.885302+00:00",
  "train_loss": 0.007603583567077294,
  "val_loss": 0.002141737509282393,
  "val_rmse": {
    "vel_body_x_mps": 0.0006296396572810757,
    "vel_body_y_mps": 0.0005852775827745984,
    "roll_rad": 1.1178441828166837e-05,
    "pitch_rad": 5.593350511033426e-06,
    "roll_rate_radps": 0.001339977638315484,
    "ang_vel_body_y_radps": 0.0005530311346965499,
    "yaw_rate_radps": 0.0012300010557274258,
    "tire_fl_force_wheel_fz_n": 35.55415833574179,
    "tire_fr_force_wheel_fz_n": 36.957466520869595,
    "tire_rl_force_wheel_fz_n": 21.623110580150644,
    "tire_rr_force_wheel_fz_n": 21.05001749901033,
    "tire_fl_spindle_omega_radps": 0.04427262097566245,
    "tire_fr_spindle_omega_radps": 0.043280248735670615,
    "tire_rl_spindle_omega_radps": 0.04170014279440781,
    "tire_rr_spindle_omega_radps": 0.038671865179227195
  },
  "val_flat_loss": 0.002141737509282393,
  "val_flat_rmse": {
    "vel_body_x_mps": 0.0006296396572810757,
    "vel_body_y_mps": 0.0005852775827745984,
    "roll_rad": 1.1178441828166837e-05,
    "pitch_rad": 5.593350511033426e-06,
    "roll_rate_radps": 0.001339977638315484,
    "ang_vel_body_y_radps": 0.0005530311346965499,
    "yaw_rate_radps": 0.0012300010557274258,
    "tire_fl_force_wheel_fz_n": 35.55415833574179,
    "tire_fr_force_wheel_fz_n": 36.957466520869595,
    "tire_rl_force_wheel_fz_n": 21.623110580150644,
    "tire_rr_force_wheel_fz_n": 21.05001749901033,
    "tire_fl_spindle_omega_radps": 0.04427262097566245,
    "tire_fr_spindle_omega_radps": 0.043280248735670615,
    "tire_rl_spindle_omega_radps": 0.04170014279440781,
    "tire_rr_spindle_omega_radps": 0.038671865179227195
  },
  "val_crm_loss": 0.12329934229957872,
  "val_crm_rmse": {
    "vel_body_x_mps": 0.0035848055606062987,
    "vel_body_y_mps": 0.0026745584045065125,
    "roll_rad": 4.109665164821795e-05,
    "pitch_rad": 2.676287327180071e-05,
    "roll_rate_radps": 0.003944027162721582,
    "ang_vel_body_y_radps": 0.0027485245506314853,
    "yaw_rate_radps": 0.0027048348496660646,
    "tire_fl_force_wheel_fz_n": 791.9671578273612,
    "tire_fr_force_wheel_fz_n": 795.8662228802524,
    "tire_rl_force_wheel_fz_n": 1127.2974015577424,
    "tire_rr_force_wheel_fz_n": 1146.0805512525774,
    "tire_fl_spindle_omega_radps": 0.1502852352368765,
    "tire_fr_spindle_omega_radps": 0.1499627063103557,
    "tire_rl_spindle_omega_radps": 0.17960900586834241,
    "tire_rr_spindle_omega_radps": 0.17893133021674096
  },
  "val_mixed_loss": 0.06272053990443055,
  "rollout_flat_5.0s": {
    "xy_rmse_m": 2.8979924751273556,
    "yaw_rmse_rad": 0.1612841724841035,
    "errdist": 0.3817080106585046,
    "mean_dist_m": 7.592170963684718,
    "episodes": 12
  },
  "rollout_flat_10.0s": {
    "xy_rmse_m": 10.283292158426692,
    "yaw_rmse_rad": 0.5358669145551183,
    "errdist": 0.29199704931502724,
    "mean_dist_m": 35.2171098391215,
    "episodes": 12
  },
  "rollout_crm_5.0s": {
    "xy_rmse_m": 0.5072160959712351,
    "yaw_rmse_rad": 0.03684866393435611,
    "errdist": 0.07087486323929752,
    "mean_dist_m": 7.1565019357949495,
    "episodes": 12
  },
  "rollout_crm_10.0s": {
    "xy_rmse_m": 2.059892383159412,
    "yaw_rmse_rad": 0.20189929950130908,
    "errdist": 0.08227457926808482,
    "mean_dist_m": 25.036802393694717,
    "episodes": 12
  },
  "rollout_sel": 0.187135814291556
}
{
  "epoch": 68,
  "timestamp_utc": "2026-07-13T22:48:28.159034+00:00",
  "train_loss": 0.007505962096853181,
  "val_loss": 0.002191578435631527,
  "val_rmse": {
    "vel_body_x_mps": 0.0006426870512860068,
    "vel_body_y_mps": 0.0005921658455754152,
    "roll_rad": 1.0344265855385224e-05,
    "pitch_rad": 5.925508629638548e-06,
    "roll_rate_radps": 0.0013141726905595633,
    "ang_vel_body_y_radps": 0.0005676773927783905,
    "yaw_rate_radps": 0.0012465888594753072,
    "tire_fl_force_wheel_fz_n": 35.90936805327327,
    "tire_fr_force_wheel_fz_n": 36.590087305526744,
    "tire_rl_force_wheel_fz_n": 21.506616941479482,
    "tire_rr_force_wheel_fz_n": 20.97882133838612,
    "tire_fl_spindle_omega_radps": 0.04540294991576807,
    "tire_fr_spindle_omega_radps": 0.04423096505867823,
    "tire_rl_spindle_omega_radps": 0.04316758409359546,
    "tire_rr_spindle_omega_radps": 0.03971055783660861
  },
  "val_flat_loss": 0.002191578435631527,
  "val_flat_rmse": {
    "vel_body_x_mps": 0.0006426870512860068,
    "vel_body_y_mps": 0.0005921658455754152,
    "roll_rad": 1.0344265855385224e-05,
    "pitch_rad": 5.925508629638548e-06,
    "roll_rate_radps": 0.0013141726905595633,
    "ang_vel_body_y_radps": 0.0005676773927783905,
    "yaw_rate_radps": 0.0012465888594753072,
    "tire_fl_force_wheel_fz_n": 35.90936805327327,
    "tire_fr_force_wheel_fz_n": 36.590087305526744,
    "tire_rl_force_wheel_fz_n": 21.506616941479482,
    "tire_rr_force_wheel_fz_n": 20.97882133838612,
    "tire_fl_spindle_omega_radps": 0.04540294991576807,
    "tire_fr_spindle_omega_radps": 0.04423096505867823,
    "tire_rl_spindle_omega_radps": 0.04316758409359546,
    "tire_rr_spindle_omega_radps": 0.03971055783660861
  },
  "val_crm_loss": 0.12394400866527576,
  "val_crm_rmse": {
    "vel_body_x_mps": 0.00358141327313554,
    "vel_body_y_mps": 0.002678562892976038,
    "roll_rad": 4.110360501875204e-05,
    "pitch_rad": 2.6800007122093647e-05,
    "roll_rate_radps": 0.004002210388740437,
    "ang_vel_body_y_radps": 0.0027505126278763764,
    "yaw_rate_radps": 0.0027086277815325864,
    "tire_fl_force_wheel_fz_n": 793.0208940013838,
    "tire_fr_force_wheel_fz_n": 799.3098913177532,
    "tire_rl_force_wheel_fz_n": 1132.2024096817927,
    "tire_rr_force_wheel_fz_n": 1148.8217679842342,
    "tire_fl_spindle_omega_radps": 0.15027730135742717,
    "tire_fr_spindle_omega_radps": 0.14983181588385508,
    "tire_rl_spindle_omega_radps": 0.17994601676126912,
    "tire_rr_spindle_omega_radps": 0.17945971797142266
  },
  "val_mixed_loss": 0.06306779355045364,
  "rollout_flat_5.0s": {
    "xy_rmse_m": 0.9142941733093859,
    "yaw_rmse_rad": 0.04941071434027123,
    "errdist": 0.12042592002770842,
    "mean_dist_m": 7.592170963684718,
    "episodes": 12
  },
  "rollout_flat_10.0s": {
    "xy_rmse_m": 2.8574937837165417,
    "yaw_rmse_rad": 0.1346126282197918,
    "errdist": 0.08113936086095994,
    "mean_dist_m": 35.2171098391215,
    "episodes": 12
  },
  "rollout_crm_5.0s": {
    "xy_rmse_m": 0.37023155808609765,
    "yaw_rmse_rad": 0.02866610752599625,
    "errdist": 0.05173359294913291,
    "mean_dist_m": 7.1565019357949495,
    "episodes": 12
  },
  "rollout_crm_10.0s": {
    "xy_rmse_m": 1.2041483585765442,
    "yaw_rmse_rad": 0.04219825500102947,
    "errdist": 0.048095133701250826,
    "mean_dist_m": 25.036802393694717,
    "episodes": 12
  },
  "rollout_sel": 0.06461724728110538
}
{
  "epoch": 69,
  "timestamp_utc": "2026-07-13T22:50:23.032421+00:00",
  "train_loss": 0.007410165518056601,
  "val_loss": 0.002145938147441484,
  "val_rmse": {
    "vel_body_x_mps": 0.0006374563244824382,
    "vel_body_y_mps": 0.0005902841431336951,
    "roll_rad": 1.0569412960175299e-05,
    "pitch_rad": 5.707359623999464e-06,
    "roll_rate_radps": 0.0013336247625671818,
    "ang_vel_body_y_radps": 0.0005593468949186925,
    "yaw_rate_radps": 0.0012250020295704888,
    "tire_fl_force_wheel_fz_n": 35.98419357042048,
    "tire_fr_force_wheel_fz_n": 35.97991939918392,
    "tire_rl_force_wheel_fz_n": 21.605708456935673,
    "tire_rr_force_wheel_fz_n": 20.809850610492866,
    "tire_fl_spindle_omega_radps": 0.04450364957833101,
    "tire_fr_spindle_omega_radps": 0.04322163521785889,
    "tire_rl_spindle_omega_radps": 0.04272413201495155,
    "tire_rr_spindle_omega_radps": 0.039202002728328925
  },
  "val_flat_loss": 0.002145938147441484,
  "val_flat_rmse": {
    "vel_body_x_mps": 0.0006374563244824382,
    "vel_body_y_mps": 0.0005902841431336951,
    "roll_rad": 1.0569412960175299e-05,
    "pitch_rad": 5.707359623999464e-06,
    "roll_rate_radps": 0.0013336247625671818,
    "ang_vel_body_y_radps": 0.0005593468949186925,
    "yaw_rate_radps": 0.0012250020295704888,
    "tire_fl_force_wheel_fz_n": 35.98419357042048,
    "tire_fr_force_wheel_fz_n": 35.97991939918392,
    "tire_rl_force_wheel_fz_n": 21.605708456935673,
    "tire_rr_force_wheel_fz_n": 20.809850610492866,
    "tire_fl_spindle_omega_radps": 0.04450364957833101,
    "tire_fr_spindle_omega_radps": 0.04322163521785889,
    "tire_rl_spindle_omega_radps": 0.04272413201495155,
    "tire_rr_spindle_omega_radps": 0.039202002728328925
  },
  "val_crm_loss": 0.12486651686369442,
  "val_crm_rmse": {
    "vel_body_x_mps": 0.003592176044146634,
    "vel_body_y_mps": 0.0026789405082627525,
    "roll_rad": 4.143947306399554e-05,
    "pitch_rad": 2.7806161572956757e-05,
    "roll_rate_radps": 0.003986117882263786,
    "ang_vel_body_y_radps": 0.0027805767765103346,
    "yaw_rate_radps": 0.002715049889178394,
    "tire_fl_force_wheel_fz_n": 795.7907004580708,
    "tire_fr_force_wheel_fz_n": 796.8682467674935,
    "tire_rl_force_wheel_fz_n": 1132.2421151257377,
    "tire_rr_force_wheel_fz_n": 1156.7319875745575,
    "tire_fl_spindle_omega_radps": 0.15357419289061308,
    "tire_fr_spindle_omega_radps": 0.153272976274229,
    "tire_rl_spindle_omega_radps": 0.1830340999672166,
    "tire_rr_spindle_omega_radps": 0.18262366897884733
  },
  "val_mixed_loss": 0.06350622750556795,
  "rollout_flat_5.0s": {
    "xy_rmse_m": 1.0352574281393003,
    "yaw_rmse_rad": 0.06488420240562104,
    "errdist": 0.13635855055045515,
    "mean_dist_m": 7.592170963684718,
    "episodes": 12
  },
  "rollout_flat_10.0s": {
    "xy_rmse_m": 5.430539932102755,
    "yaw_rmse_rad": 0.1760357163408111,
    "errdist": 0.1542017490052563,
    "mean_dist_m": 35.2171098391215,
    "episodes": 12
  },
  "rollout_crm_5.0s": {
    "xy_rmse_m": 0.4857941833611621,
    "yaw_rmse_rad": 0.02716834709302603,
    "errdist": 0.06788151358296247,
    "mean_dist_m": 7.1565019357949495,
    "episodes": 12
  },
  "rollout_crm_10.0s": {
    "xy_rmse_m": 1.9532952881494148,
    "yaw_rmse_rad": 0.19237953279413827,
    "errdist": 0.07801696308636177,
    "mean_dist_m": 25.036802393694717,
    "episodes": 12
  },
  "rollout_sel": 0.11610935604580903
}
{
  "epoch": 70,
  "timestamp_utc": "2026-07-13T22:52:17.700482+00:00",
  "train_loss": 0.007339565120870247,
  "val_loss": 0.0021934933418197035,
  "val_rmse": {
    "vel_body_x_mps": 0.0006269523417240189,
    "vel_body_y_mps": 0.0005892087446253797,
    "roll_rad": 1.112951599236106e-05,
    "pitch_rad": 5.653917634441067e-06,
    "roll_rate_radps": 0.001337052808861449,
    "ang_vel_body_y_radps": 0.0005615336912097989,
    "yaw_rate_radps": 0.0012580669034287092,
    "tire_fl_force_wheel_fz_n": 36.24909646420928,
    "tire_fr_force_wheel_fz_n": 36.53705998161306,
    "tire_rl_force_wheel_fz_n": 21.67956873702778,
    "tire_rr_force_wheel_fz_n": 20.554115614204818,
    "tire_fl_spindle_omega_radps": 0.04547264048903381,
    "tire_fr_spindle_omega_radps": 0.04326248170167257,
    "tire_rl_spindle_omega_radps": 0.042972802536458646,
    "tire_rr_spindle_omega_radps": 0.03921428154331138
  },
  "val_flat_loss": 0.0021934933418197035,
  "val_flat_rmse": {
    "vel_body_x_mps": 0.0006269523417240189,
    "vel_body_y_mps": 0.0005892087446253797,
    "roll_rad": 1.112951599236106e-05,
    "pitch_rad": 5.653917634441067e-06,
    "roll_rate_radps": 0.001337052808861449,
    "ang_vel_body_y_radps": 0.0005615336912097989,
    "yaw_rate_radps": 0.0012580669034287092,
    "tire_fl_force_wheel_fz_n": 36.24909646420928,
    "tire_fr_force_wheel_fz_n": 36.53705998161306,
    "tire_rl_force_wheel_fz_n": 21.67956873702778,
    "tire_rr_force_wheel_fz_n": 20.554115614204818,
    "tire_fl_spindle_omega_radps": 0.04547264048903381,
    "tire_fr_spindle_omega_radps": 0.04326248170167257,
    "tire_rl_spindle_omega_radps": 0.042972802536458646,
    "tire_rr_spindle_omega_radps": 0.03921428154331138
  },
  "val_crm_loss": 0.12428842686931603,
  "val_crm_rmse": {
    "vel_body_x_mps": 0.003594503293189423,
    "vel_body_y_mps": 0.002668126223678646,
    "roll_rad": 4.14098107991523e-05,
    "pitch_rad": 2.644795331665631e-05,
    "roll_rate_radps": 0.003955351534000181,
    "ang_vel_body_y_radps": 0.0027576893139665197,
    "yaw_rate_radps": 0.002714952709263255,
    "tire_fl_force_wheel_fz_n": 791.6972456236206,
    "tire_fr_force_wheel_fz_n": 802.0259167813499,
    "tire_rl_force_wheel_fz_n": 1132.0843996483857,
    "tire_rr_force_wheel_fz_n": 1153.4895564956712,
    "tire_fl_spindle_omega_radps": 0.1495799608120967,
    "tire_fr_spindle_omega_radps": 0.15013063090863119,
    "tire_rl_spindle_omega_radps": 0.1798528103327421,
    "tire_rr_spindle_omega_radps": 0.17966501086375722
  },
  "val_mixed_loss": 0.06324096010556787,
  "rollout_flat_5.0s": {
    "xy_rmse_m": 2.533837462341093,
    "yaw_rmse_rad": 0.1390682632434313,
    "errdist": 0.33374346737726024,
    "mean_dist_m": 7.592170963684718,
    "episodes": 12
  },
  "rollout_flat_10.0s": {
    "xy_rmse_m": 11.318035524828328,
    "yaw_rmse_rad": 0.5664638391091324,
    "errdist": 0.3213788859032238,
    "mean_dist_m": 35.2171098391215,
    "episodes": 12
  },
  "rollout_crm_5.0s": {
    "xy_rmse_m": 0.5200901489067438,
    "yaw_rmse_rad": 0.019758126120480963,
    "errdist": 0.07267379420459442,
    "mean_dist_m": 7.1565019357949495,
    "episodes": 12
  },
  "rollout_crm_10.0s": {
    "xy_rmse_m": 1.1376223691856726,
    "yaw_rmse_rad": 0.0477172488536682,
    "errdist": 0.045438005672488437,
    "mean_dist_m": 25.036802393694717,
    "episodes": 12
  },
  "rollout_sel": 0.18340844578785612
}
{
  "epoch": 71,
  "timestamp_utc": "2026-07-13T22:54:12.166633+00:00",
  "train_loss": 0.007265013940865174,
  "val_loss": 0.002118643851536035,
  "val_rmse": {
    "vel_body_x_mps": 0.000613120850345938,
    "vel_body_y_mps": 0.0005793754592659187,
    "roll_rad": 1.2393702860619263e-05,
    "pitch_rad": 5.493990867337389e-06,
    "roll_rate_radps": 0.0012979383730358565,
    "ang_vel_body_y_radps": 0.0005543013649989715,
    "yaw_rate_radps": 0.001224149703972725,
    "tire_fl_force_wheel_fz_n": 35.62988703418867,
    "tire_fr_force_wheel_fz_n": 36.04432666364227,
    "tire_rl_force_wheel_fz_n": 21.497850467661166,
    "tire_rr_force_wheel_fz_n": 20.340441113178645,
    "tire_fl_spindle_omega_radps": 0.04467548943512743,
    "tire_fr_spindle_omega_radps": 0.04383014869342824,
    "tire_rl_spindle_omega_radps": 0.04190958194212217,
    "tire_rr_spindle_omega_radps": 0.03899383470736045
  },
  "val_flat_loss": 0.002118643851536035,
  "val_flat_rmse": {
    "vel_body_x_mps": 0.000613120850345938,
    "vel_body_y_mps": 0.0005793754592659187,
    "roll_rad": 1.2393702860619263e-05,
    "pitch_rad": 5.493990867337389e-06,
    "roll_rate_radps": 0.0012979383730358565,
    "ang_vel_body_y_radps": 0.0005543013649989715,
    "yaw_rate_radps": 0.001224149703972725,
    "tire_fl_force_wheel_fz_n": 35.62988703418867,
    "tire_fr_force_wheel_fz_n": 36.04432666364227,
    "tire_rl_force_wheel_fz_n": 21.497850467661166,
    "tire_rr_force_wheel_fz_n": 20.340441113178645,
    "tire_fl_spindle_omega_radps": 0.04467548943512743,
    "tire_fr_spindle_omega_radps": 0.04383014869342824,
    "tire_rl_spindle_omega_radps": 0.04190958194212217,
    "tire_rr_spindle_omega_radps": 0.03899383470736045
  },
  "val_crm_loss": 0.12485804392083083,
  "val_crm_rmse": {
    "vel_body_x_mps": 0.0036057316538648542,
    "vel_body_y_mps": 0.002666496978468706,
    "roll_rad": 4.0633021844998834e-05,
    "pitch_rad": 2.6633648217190594e-05,
    "roll_rate_radps": 0.0039453308895754935,
    "ang_vel_body_y_radps": 0.0027523811618966314,
    "yaw_rate_radps": 0.002723781931542802,
    "tire_fl_force_wheel_fz_n": 793.0395677152018,
    "tire_fr_force_wheel_fz_n": 802.765776342178,
    "tire_rl_force_wheel_fz_n": 1138.9286162990647,
    "tire_rr_force_wheel_fz_n": 1153.2393082609633,
    "tire_fl_spindle_omega_radps": 0.1506278079142354,
    "tire_fr_spindle_omega_radps": 0.15053095311567163,
    "tire_rl_spindle_omega_radps": 0.18111615668195347,
    "tire_rr_spindle_omega_radps": 0.18034931045957117
  },
  "val_mixed_loss": 0.06348834388618343,
  "rollout_flat_5.0s": {
    "xy_rmse_m": 1.9263139146997832,
    "yaw_rmse_rad": 0.1291515132516337,
    "errdist": 0.25372372723346615,
    "mean_dist_m": 7.592170963684718,
    "episodes": 12
  },
  "rollout_flat_10.0s": {
    "xy_rmse_m": 7.7257645463423765,
    "yaw_rmse_rad": 0.28605008733730747,
    "errdist": 0.219375314488757,
    "mean_dist_m": 35.2171098391215,
    "episodes": 12
  },
  "rollout_crm_5.0s": {
    "xy_rmse_m": 0.4983472108131316,
    "yaw_rmse_rad": 0.032159696259149814,
    "errdist": 0.06963558667126593,
    "mean_dist_m": 7.1565019357949495,
    "episodes": 12
  },
  "rollout_crm_10.0s": {
    "xy_rmse_m": 2.0395466689151376,
    "yaw_rmse_rad": 0.19950064464236048,
    "errdist": 0.0814619469708631,
    "mean_dist_m": 25.036802393694717,
    "episodes": 12
  },
  "rollout_sel": 0.15041863072981004
}
{
  "epoch": 72,
  "timestamp_utc": "2026-07-13T22:56:05.188458+00:00",
  "train_loss": 0.007182996195042506,
  "val_loss": 0.0021477394878274937,
  "val_rmse": {
    "vel_body_x_mps": 0.0006240322932486289,
    "vel_body_y_mps": 0.0005790482744031695,
    "roll_rad": 1.088525370751639e-05,
    "pitch_rad": 5.7083291273520145e-06,
    "roll_rate_radps": 0.0013030941904014959,
    "ang_vel_body_y_radps": 0.0005502113728800827,
    "yaw_rate_radps": 0.001239004200024055,
    "tire_fl_force_wheel_fz_n": 35.264665574530234,
    "tire_fr_force_wheel_fz_n": 36.043704350672286,
    "tire_rl_force_wheel_fz_n": 21.463154970082993,
    "tire_rr_force_wheel_fz_n": 20.685971198280352,
    "tire_fl_spindle_omega_radps": 0.044092413009576524,
    "tire_fr_spindle_omega_radps": 0.043618705167421126,
    "tire_rl_spindle_omega_radps": 0.04292354810019794,
    "tire_rr_spindle_omega_radps": 0.039125497200598075
  },
  "val_flat_loss": 0.0021477394878274937,
  "val_flat_rmse": {
    "vel_body_x_mps": 0.0006240322932486289,
    "vel_body_y_mps": 0.0005790482744031695,
    "roll_rad": 1.088525370751639e-05,
    "pitch_rad": 5.7083291273520145e-06,
    "roll_rate_radps": 0.0013030941904014959,
    "ang_vel_body_y_radps": 0.0005502113728800827,
    "yaw_rate_radps": 0.001239004200024055,
    "tire_fl_force_wheel_fz_n": 35.264665574530234,
    "tire_fr_force_wheel_fz_n": 36.043704350672286,
    "tire_rl_force_wheel_fz_n": 21.463154970082993,
    "tire_rr_force_wheel_fz_n": 20.685971198280352,
    "tire_fl_spindle_omega_radps": 0.044092413009576524,
    "tire_fr_spindle_omega_radps": 0.043618705167421126,
    "tire_rl_spindle_omega_radps": 0.04292354810019794,
    "tire_rr_spindle_omega_radps": 0.039125497200598075
  },
  "val_crm_loss": 0.12550731613941024,
  "val_crm_rmse": {
    "vel_body_x_mps": 0.0036135001281764785,
    "vel_body_y_mps": 0.0026728479965419795,
    "roll_rad": 4.088047081803951e-05,
    "pitch_rad": 2.6926098141834946e-05,
    "roll_rate_radps": 0.003972989851664879,
    "ang_vel_body_y_radps": 0.0027790981365492734,
    "yaw_rate_radps": 0.0027284132707242935,
    "tire_fl_force_wheel_fz_n": 794.6749867342093,
    "tire_fr_force_wheel_fz_n": 804.8129986936164,
    "tire_rl_force_wheel_fz_n": 1140.1901276904282,
    "tire_rr_force_wheel_fz_n": 1155.652478543193,
    "tire_fl_spindle_omega_radps": 0.15337929720635626,
    "tire_fr_spindle_omega_radps": 0.15299034908642925,
    "tire_rl_spindle_omega_radps": 0.18300409307094387,
    "tire_rr_spindle_omega_radps": 0.18261021157555793
  },
  "val_mixed_loss": 0.06382752781361886,
  "rollout_flat_5.0s": {
    "xy_rmse_m": 0.8396181521204371,
    "yaw_rmse_rad": 0.045246286117315265,
    "errdist": 0.11058999542246137,
    "mean_dist_m": 7.592170963684718,
    "episodes": 12
  },
  "rollout_flat_10.0s": {
    "xy_rmse_m": 4.617361759965948,
    "yaw_rmse_rad": 0.1453780689664848,
    "errdist": 0.13111132006740306,
    "mean_dist_m": 35.2171098391215,
    "episodes": 12
  },
  "rollout_crm_5.0s": {
    "xy_rmse_m": 0.4571248829096892,
    "yaw_rmse_rad": 0.02152220193326795,
    "errdist": 0.06387546415983907,
    "mean_dist_m": 7.1565019357949495,
    "episodes": 12
  },
  "rollout_crm_10.0s": {
    "xy_rmse_m": 1.359199707078231,
    "yaw_rmse_rad": 0.05619591988972519,
    "errdist": 0.05428807104458885,
    "mean_dist_m": 25.036802393694717,
    "episodes": 12
  },
  "rollout_sel": 0.09269969555599596
}
{
  "epoch": 73,
  "timestamp_utc": "2026-07-13T22:57:59.159089+00:00",
  "train_loss": 0.0071451157683040945,
  "val_loss": 0.002091774018981596,
  "val_rmse": {
    "vel_body_x_mps": 0.0006120815890141814,
    "vel_body_y_mps": 0.0005854995060692881,
    "roll_rad": 9.84818296170529e-06,
    "pitch_rad": 5.253961752325063e-06,
    "roll_rate_radps": 0.0013043345105714606,
    "ang_vel_body_y_radps": 0.0005475064428606694,
    "yaw_rate_radps": 0.0012166183000098458,
    "tire_fl_force_wheel_fz_n": 35.416351839364175,
    "tire_fr_force_wheel_fz_n": 35.48323702285481,
    "tire_rl_force_wheel_fz_n": 21.34054946796671,
    "tire_rr_force_wheel_fz_n": 20.543557111196087,
    "tire_fl_spindle_omega_radps": 0.04451175321450107,
    "tire_fr_spindle_omega_radps": 0.043316477522742605,
    "tire_rl_spindle_omega_radps": 0.04174038488729472,
    "tire_rr_spindle_omega_radps": 0.03889606068088052
  },
  "val_flat_loss": 0.002091774018981596,
  "val_flat_rmse": {
    "vel_body_x_mps": 0.0006120815890141814,
    "vel_body_y_mps": 0.0005854995060692881,
    "roll_rad": 9.84818296170529e-06,
    "pitch_rad": 5.253961752325063e-06,
    "roll_rate_radps": 0.0013043345105714606,
    "ang_vel_body_y_radps": 0.0005475064428606694,
    "yaw_rate_radps": 0.0012166183000098458,
    "tire_fl_force_wheel_fz_n": 35.416351839364175,
    "tire_fr_force_wheel_fz_n": 35.48323702285481,
    "tire_rl_force_wheel_fz_n": 21.34054946796671,
    "tire_rr_force_wheel_fz_n": 20.543557111196087,
    "tire_fl_spindle_omega_radps": 0.04451175321450107,
    "tire_fr_spindle_omega_radps": 0.043316477522742605,
    "tire_rl_spindle_omega_radps": 0.04174038488729472,
    "tire_rr_spindle_omega_radps": 0.03889606068088052
  },
  "val_crm_loss": 0.12573105786170344,
  "val_crm_rmse": {
    "vel_body_x_mps": 0.0036380714437726667,
    "vel_body_y_mps": 0.0026682507415511686,
    "roll_rad": 4.0486098263124395e-05,
    "pitch_rad": 2.6837577672370443e-05,
    "roll_rate_radps": 0.003941529865355956,
    "ang_vel_body_y_radps": 0.0027608943491025007,
    "yaw_rate_radps": 0.0027364565026453446,
    "tire_fl_force_wheel_fz_n": 796.538064236933,
    "tire_fr_force_wheel_fz_n": 804.7195116144799,
    "tire_rl_force_wheel_fz_n": 1143.9968794154574,
    "tire_rr_force_wheel_fz_n": 1160.1642382971509,
    "tire_fl_spindle_omega_radps": 0.15041481137797816,
    "tire_fr_spindle_omega_radps": 0.15052548105341926,
    "tire_rl_spindle_omega_radps": 0.18141564716622713,
    "tire_rr_spindle_omega_radps": 0.1809713605788758
  },
  "val_mixed_loss": 0.06391141594034251,
  "rollout_flat_5.0s": {
    "xy_rmse_m": 0.5102729066173707,
    "yaw_rmse_rad": 0.03240039370782246,
    "errdist": 0.06721040780800848,
    "mean_dist_m": 7.592170963684718,
    "episodes": 12
  },
  "rollout_flat_10.0s": {
    "xy_rmse_m": 4.227610681289191,
    "yaw_rmse_rad": 0.07559155463220195,
    "errdist": 0.12004422567898745,
    "mean_dist_m": 35.2171098391215,
    "episodes": 12
  },
  "rollout_crm_5.0s": {
    "xy_rmse_m": 0.4887612628370774,
    "yaw_rmse_rad": 0.03851408590518243,
    "errdist": 0.0682961127128914,
    "mean_dist_m": 7.1565019357949495,
    "episodes": 12
  },
  "rollout_crm_10.0s": {
    "xy_rmse_m": 1.9882152465177396,
    "yaw_rmse_rad": 0.20306851467595982,
    "errdist": 0.07941170822271029,
    "mean_dist_m": 25.036802393694717,
    "episodes": 12
  },
  "rollout_sel": 0.09972796695084887
}
{
  "epoch": 74,
  "timestamp_utc": "2026-07-13T22:59:53.963972+00:00",
  "train_loss": 0.007084519881522283,
  "val_loss": 0.002085598668545572,
  "val_rmse": {
    "vel_body_x_mps": 0.0006094519387213031,
    "vel_body_y_mps": 0.0005761934321097255,
    "roll_rad": 9.981152283138161e-06,
    "pitch_rad": 5.286468183381566e-06,
    "roll_rate_radps": 0.0013000892339632142,
    "ang_vel_body_y_radps": 0.0005461250260718552,
    "yaw_rate_radps": 0.0012284305154293372,
    "tire_fl_force_wheel_fz_n": 35.086189945580934,
    "tire_fr_force_wheel_fz_n": 35.91025295152013,
    "tire_rl_force_wheel_fz_n": 21.593471233152933,
    "tire_rr_force_wheel_fz_n": 20.558080406962848,
    "tire_fl_spindle_omega_radps": 0.044229324533498524,
    "tire_fr_spindle_omega_radps": 0.04287672639122439,
    "tire_rl_spindle_omega_radps": 0.04164114265885848,
    "tire_rr_spindle_omega_radps": 0.03865311337882314
  },
  "val_flat_loss": 0.002085598668545572,
  "val_flat_rmse": {
    "vel_body_x_mps": 0.0006094519387213031,
    "vel_body_y_mps": 0.0005761934321097255,
    "roll_rad": 9.981152283138161e-06,
    "pitch_rad": 5.286468183381566e-06,
    "roll_rate_radps": 0.0013000892339632142,
    "ang_vel_body_y_radps": 0.0005461250260718552,
    "yaw_rate_radps": 0.0012284305154293372,
    "tire_fl_force_wheel_fz_n": 35.086189945580934,
    "tire_fr_force_wheel_fz_n": 35.91025295152013,
    "tire_rl_force_wheel_fz_n": 21.593471233152933,
    "tire_rr_force_wheel_fz_n": 20.558080406962848,
    "tire_fl_spindle_omega_radps": 0.044229324533498524,
    "tire_fr_spindle_omega_radps": 0.04287672639122439,
    "tire_rl_spindle_omega_radps": 0.04164114265885848,
    "tire_rr_spindle_omega_radps": 0.03865311337882314
  },
  "val_crm_loss": 0.12577713398321066,
  "val_crm_rmse": {
    "vel_body_x_mps": 0.003620332960683099,
    "vel_body_y_mps": 0.0026664929532358426,
    "roll_rad": 3.993705052950455e-05,
    "pitch_rad": 2.5983630409352604e-05,
    "roll_rate_radps": 0.003952293026247162,
    "ang_vel_body_y_radps": 0.0027511221178955552,
    "yaw_rate_radps": 0.0027348866958947643,
    "tire_fl_force_wheel_fz_n": 799.136712523417,
    "tire_fr_force_wheel_fz_n": 802.8358246553885,
    "tire_rl_force_wheel_fz_n": 1144.214199221969,
    "tire_rr_force_wheel_fz_n": 1160.8613956911927,
    "tire_fl_spindle_omega_radps": 0.15094943378832626,
    "tire_fr_spindle_omega_radps": 0.15062293506382893,
    "tire_rl_spindle_omega_radps": 0.1816418602668627,
    "tire_rr_spindle_omega_radps": 0.18136735161689982
  },
  "val_mixed_loss": 0.06393136632587812,
  "rollout_flat_5.0s": {
    "xy_rmse_m": 1.1636612630161547,
    "yaw_rmse_rad": 0.05879894371044585,
    "errdist": 0.15327121433147936,
    "mean_dist_m": 7.592170963684718,
    "episodes": 12
  },
  "rollout_flat_10.0s": {
    "xy_rmse_m": 5.741108657599812,
    "yaw_rmse_rad": 0.15789050601205712,
    "errdist": 0.16302043761757554,
    "mean_dist_m": 35.2171098391215,
    "episodes": 12
  },
  "rollout_crm_5.0s": {
    "xy_rmse_m": 0.627409987129808,
    "yaw_rmse_rad": 0.028329790173723706,
    "errdist": 0.0876699248821086,
    "mean_dist_m": 7.1565019357949495,
    "episodes": 12
  },
  "rollout_crm_10.0s": {
    "xy_rmse_m": 1.8497038939352586,
    "yaw_rmse_rad": 0.06549480936241037,
    "errdist": 0.07387939820945702,
    "mean_dist_m": 25.036802393694717,
    "episodes": 12
  },
  "rollout_sel": 0.11844991791351628
}
{
  "epoch": 75,
  "timestamp_utc": "2026-07-13T23:01:48.287226+00:00",
  "train_loss": 0.007053141337120906,
  "val_loss": 0.00210879966196444,
  "val_rmse": {
    "vel_body_x_mps": 0.0006070469189067639,
    "vel_body_y_mps": 0.0005945241496771199,
    "roll_rad": 1.0366764028234886e-05,
    "pitch_rad": 5.44518818753361e-06,
    "roll_rate_radps": 0.0013136756901462139,
    "ang_vel_body_y_radps": 0.0005523989165346821,
    "yaw_rate_radps": 0.00123665971217946,
    "tire_fl_force_wheel_fz_n": 35.88318813207926,
    "tire_fr_force_wheel_fz_n": 35.63025510496696,
    "tire_rl_force_wheel_fz_n": 21.615660064854126,
    "tire_rr_force_wheel_fz_n": 20.39448657259078,
    "tire_fl_spindle_omega_radps": 0.044872621635353854,
    "tire_fr_spindle_omega_radps": 0.043430578858861923,
    "tire_rl_spindle_omega_radps": 0.041811267845025604,
    "tire_rr_spindle_omega_radps": 0.03875697816660738
  },
  "val_flat_loss": 0.00210879966196444,
  "val_flat_rmse": {
    "vel_body_x_mps": 0.0006070469189067639,
    "vel_body_y_mps": 0.0005945241496771199,
    "roll_rad": 1.0366764028234886e-05,
    "pitch_rad": 5.44518818753361e-06,
    "roll_rate_radps": 0.0013136756901462139,
    "ang_vel_body_y_radps": 0.0005523989165346821,
    "yaw_rate_radps": 0.00123665971217946,
    "tire_fl_force_wheel_fz_n": 35.88318813207926,
    "tire_fr_force_wheel_fz_n": 35.63025510496696,
    "tire_rl_force_wheel_fz_n": 21.615660064854126,
    "tire_rr_force_wheel_fz_n": 20.39448657259078,
    "tire_fl_spindle_omega_radps": 0.044872621635353854,
    "tire_fr_spindle_omega_radps": 0.043430578858861923,
    "tire_rl_spindle_omega_radps": 0.041811267845025604,
    "tire_rr_spindle_omega_radps": 0.03875697816660738
  },
  "val_crm_loss": 0.12606515903200488,
  "val_crm_rmse": {
    "vel_body_x_mps": 0.003625005427739542,
    "vel_body_y_mps": 0.0026700220867486393,
    "roll_rad": 4.39358581176298e-05,
    "pitch_rad": 2.6293652790768053e-05,
    "roll_rate_radps": 0.003981780065899783,
    "ang_vel_body_y_radps": 0.0027733734288593543,
    "yaw_rate_radps": 0.0027422229853140113,
    "tire_fl_force_wheel_fz_n": 802.2049565613161,
    "tire_fr_force_wheel_fz_n": 804.5843300845034,
    "tire_rl_force_wheel_fz_n": 1142.9598375218563,
    "tire_rr_force_wheel_fz_n": 1159.4959285920233,
    "tire_fl_spindle_omega_radps": 0.15200857794762637,
    "tire_fr_spindle_omega_radps": 0.15192781258040008,
    "tire_rl_spindle_omega_radps": 0.1821140263088143,
    "tire_rr_spindle_omega_radps": 0.18169352430984445
  },
  "val_mixed_loss": 0.06408697934698467,
  "rollout_flat_5.0s": {
    "xy_rmse_m": 1.0870565698637695,
    "yaw_rmse_rad": 0.05548859101481694,
    "errdist": 0.14318125540947868,
    "mean_dist_m": 7.592170963684718,
    "episodes": 12
  },
  "rollout_flat_10.0s": {
    "xy_rmse_m": 3.4276539119829517,
    "yaw_rmse_rad": 0.10146197807884012,
    "errdist": 0.09732922229112868,
    "mean_dist_m": 35.2171098391215,
    "episodes": 12
  },
  "rollout_crm_5.0s": {
    "xy_rmse_m": 0.5799305782172951,
    "yaw_rmse_rad": 0.04056459860890633,
    "errdist": 0.08103548121976104,
    "mean_dist_m": 7.1565019357949495,
    "episodes": 12
  },
  "rollout_crm_10.0s": {
    "xy_rmse_m": 2.000356120670056,
    "yaw_rmse_rad": 0.1892953693824893,
    "errdist": 0.0798966293384904,
    "mean_dist_m": 25.036802393694717,
    "episodes": 12
  },
  "rollout_sel": 0.08861292581480953
}
{
  "epoch": 76,
  "timestamp_utc": "2026-07-13T23:03:43.219643+00:00",
  "train_loss": 0.006993936199462042,
  "val_loss": 0.0020616012739446887,
  "val_rmse": {
    "vel_body_x_mps": 0.0006066160457826002,
    "vel_body_y_mps": 0.0005776592352035072,
    "roll_rad": 1.0351788418466094e-05,
    "pitch_rad": 5.612374281386995e-06,
    "roll_rate_radps": 0.0012920444050712326,
    "ang_vel_body_y_radps": 0.0005435006476389451,
    "yaw_rate_radps": 0.0012301968714070791,
    "tire_fl_force_wheel_fz_n": 35.173037282413844,
    "tire_fr_force_wheel_fz_n": 35.53143038171293,
    "tire_rl_force_wheel_fz_n": 21.590942463298724,
    "tire_rr_force_wheel_fz_n": 20.369228317389474,
    "tire_fl_spindle_omega_radps": 0.04389864960009692,
    "tire_fr_spindle_omega_radps": 0.042808043969768034,
    "tire_rl_spindle_omega_radps": 0.04160691948986532,
    "tire_rr_spindle_omega_radps": 0.03871047799553986
  },
  "val_flat_loss": 0.0020616012739446887,
  "val_flat_rmse": {
    "vel_body_x_mps": 0.0006066160457826002,
    "vel_body_y_mps": 0.0005776592352035072,
    "roll_rad": 1.0351788418466094e-05,
    "pitch_rad": 5.612374281386995e-06,
    "roll_rate_radps": 0.0012920444050712326,
    "ang_vel_body_y_radps": 0.0005435006476389451,
    "yaw_rate_radps": 0.0012301968714070791,
    "tire_fl_force_wheel_fz_n": 35.173037282413844,
    "tire_fr_force_wheel_fz_n": 35.53143038171293,
    "tire_rl_force_wheel_fz_n": 21.590942463298724,
    "tire_rr_force_wheel_fz_n": 20.369228317389474,
    "tire_fl_spindle_omega_radps": 0.04389864960009692,
    "tire_fr_spindle_omega_radps": 0.042808043969768034,
    "tire_rl_spindle_omega_radps": 0.04160691948986532,
    "tire_rr_spindle_omega_radps": 0.03871047799553986
  },
  "val_crm_loss": 0.12671816836926156,
  "val_crm_rmse": {
    "vel_body_x_mps": 0.003637733577155591,
    "vel_body_y_mps": 0.00268824811464766,
    "roll_rad": 4.0917066746332245e-05,
    "pitch_rad": 2.7847714917484102e-05,
    "roll_rate_radps": 0.003968469324727825,
    "ang_vel_body_y_radps": 0.002767365545450093,
    "yaw_rate_radps": 0.0027456966200952574,
    "tire_fl_force_wheel_fz_n": 801.2779028055211,
    "tire_fr_force_wheel_fz_n": 808.6000019081978,
    "tire_rl_force_wheel_fz_n": 1145.3735182101257,
    "tire_rr_force_wheel_fz_n": 1163.272006901004,
    "tire_fl_spindle_omega_radps": 0.15220693313624775,
    "tire_fr_spindle_omega_radps": 0.15233104007480544,
    "tire_rl_spindle_omega_radps": 0.18265780861383263,
    "tire_rr_spindle_omega_radps": 0.1821132719259681
  },
  "val_mixed_loss": 0.06438988482160313,
  "rollout_flat_5.0s": {
    "xy_rmse_m": 2.775807403661699,
    "yaw_rmse_rad": 0.15137487986717635,
    "errdist": 0.36561444900794393,
    "mean_dist_m": 7.592170963684718,
    "episodes": 12
  },
  "rollout_flat_10.0s": {
    "xy_rmse_m": 12.245156179999874,
    "yaw_rmse_rad": 0.5901916440218159,
    "errdist": 0.347704744538609,
    "mean_dist_m": 35.2171098391215,
    "episodes": 12
  },
  "rollout_crm_5.0s": {
    "xy_rmse_m": 0.6027198467782308,
    "yaw_rmse_rad": 0.032757122086686546,
    "errdist": 0.08421989572357744,
    "mean_dist_m": 7.1565019357949495,
    "episodes": 12
  },
  "rollout_crm_10.0s": {
    "xy_rmse_m": 2.0043669977078924,
    "yaw_rmse_rad": 0.19680019247132668,
    "errdist": 0.0800568285913649,
    "mean_dist_m": 25.036802393694717,
    "episodes": 12
  },
  "rollout_sel": 0.21388078656498694
}
{
  "epoch": 77,
  "timestamp_utc": "2026-07-13T23:05:38.759354+00:00",
  "train_loss": 0.0069109805363696064,
  "val_loss": 0.0020690398700753576,
  "val_rmse": {
    "vel_body_x_mps": 0.0006306002632355658,
    "vel_body_y_mps": 0.0005723327670534633,
    "roll_rad": 1.064884054172821e-05,
    "pitch_rad": 5.1417640643037635e-06,
    "roll_rate_radps": 0.0012885414383935442,
    "ang_vel_body_y_radps": 0.0005426907167917166,
    "yaw_rate_radps": 0.0012131153212715528,
    "tire_fl_force_wheel_fz_n": 34.71159867368963,
    "tire_fr_force_wheel_fz_n": 35.420601973776286,
    "tire_rl_force_wheel_fz_n": 21.488133620750304,
    "tire_rr_force_wheel_fz_n": 20.386889212444423,
    "tire_fl_spindle_omega_radps": 0.04415103361124703,
    "tire_fr_spindle_omega_radps": 0.04267181558634182,
    "tire_rl_spindle_omega_radps": 0.04143737377684982,
    "tire_rr_spindle_omega_radps": 0.039184453651306524
  },
  "val_flat_loss": 0.0020690398700753576,
  "val_flat_rmse": {
    "vel_body_x_mps": 0.0006306002632355658,
    "vel_body_y_mps": 0.0005723327670534633,
    "roll_rad": 1.064884054172821e-05,
    "pitch_rad": 5.1417640643037635e-06,
    "roll_rate_radps": 0.0012885414383935442,
    "ang_vel_body_y_radps": 0.0005426907167917166,
    "yaw_rate_radps": 0.0012131153212715528,
    "tire_fl_force_wheel_fz_n": 34.71159867368963,
    "tire_fr_force_wheel_fz_n": 35.420601973776286,
    "tire_rl_force_wheel_fz_n": 21.488133620750304,
    "tire_rr_force_wheel_fz_n": 20.386889212444423,
    "tire_fl_spindle_omega_radps": 0.04415103361124703,
    "tire_fr_spindle_omega_radps": 0.04267181558634182,
    "tire_rl_spindle_omega_radps": 0.04143737377684982,
    "tire_rr_spindle_omega_radps": 0.039184453651306524
  },
  "val_crm_loss": 0.12679726275906433,
  "val_crm_rmse": {
    "vel_body_x_mps": 0.00362606842499481,
    "vel_body_y_mps": 0.0026823632335832162,
    "roll_rad": 3.988105381649043e-05,
    "pitch_rad": 2.6737487125201777e-05,
    "roll_rate_radps": 0.003998490293146059,
    "ang_vel_body_y_radps": 0.0027819379197947503,
    "yaw_rate_radps": 0.0027503861656568746,
    "tire_fl_force_wheel_fz_n": 801.1512628382144,
    "tire_fr_force_wheel_fz_n": 807.9937143243723,
    "tire_rl_force_wheel_fz_n": 1144.2950926695728,
    "tire_rr_force_wheel_fz_n": 1166.3382380278201,
    "tire_fl_spindle_omega_radps": 0.15328240957006214,
    "tire_fr_spindle_omega_radps": 0.15300492370119906,
    "tire_rl_spindle_omega_radps": 0.1837699103028401,
    "tire_rr_spindle_omega_radps": 0.1839506871253204
  },
  "val_mixed_loss": 0.06443315131456985,
  "rollout_flat_5.0s": {
    "xy_rmse_m": 0.6393768420399532,
    "yaw_rmse_rad": 0.0385183462319078,
    "errdist": 0.08421528507435554,
    "mean_dist_m": 7.592170963684718,
    "episodes": 12
  },
  "rollout_flat_10.0s": {
    "xy_rmse_m": 3.456712023278987,
    "yaw_rmse_rad": 0.09581125519062686,
    "errdist": 0.09815433574958052,
    "mean_dist_m": 35.2171098391215,
    "episodes": 12
  },
  "rollout_crm_5.0s": {
    "xy_rmse_m": 0.530548597402393,
    "yaw_rmse_rad": 0.03035374487948904,
    "errdist": 0.07413518534086154,
    "mean_dist_m": 7.1565019357949495,
    "episodes": 12
  },
  "rollout_crm_10.0s": {
    "xy_rmse_m": 1.5392113944127568,
    "yaw_rmse_rad": 0.1046675500910613,
    "errdist": 0.06147795434134164,
    "mean_dist_m": 25.036802393694717,
    "episodes": 12
  },
  "rollout_sel": 0.07981614504546108
}
{
  "epoch": 78,
  "timestamp_utc": "2026-07-13T23:07:34.682254+00:00",
  "train_loss": 0.006924157479312271,
  "val_loss": 0.0020706535116005397,
  "val_rmse": {
    "vel_body_x_mps": 0.0006016910927577177,
    "vel_body_y_mps": 0.0005842898192738357,
    "roll_rad": 1.230390000072053e-05,
    "pitch_rad": 5.404162804220572e-06,
    "roll_rate_radps": 0.0013081922564353672,
    "ang_vel_body_y_radps": 0.0005466534529584738,
    "yaw_rate_radps": 0.001221259973895095,
    "tire_fl_force_wheel_fz_n": 35.06887759013974,
    "tire_fr_force_wheel_fz_n": 35.71783663485523,
    "tire_rl_force_wheel_fz_n": 21.606495616996526,
    "tire_rr_force_wheel_fz_n": 20.468109530846363,
    "tire_fl_spindle_omega_radps": 0.044093920570832355,
    "tire_fr_spindle_omega_radps": 0.043018437750166165,
    "tire_rl_spindle_omega_radps": 0.04174202935968149,
    "tire_rr_spindle_omega_radps": 0.038863718772493054
  },
  "val_flat_loss": 0.0020706535116005397,
  "val_flat_rmse": {
    "vel_body_x_mps": 0.0006016910927577177,
    "vel_body_y_mps": 0.0005842898192738357,
    "roll_rad": 1.230390000072053e-05,
    "pitch_rad": 5.404162804220572e-06,
    "roll_rate_radps": 0.0013081922564353672,
    "ang_vel_body_y_radps": 0.0005466534529584738,
    "yaw_rate_radps": 0.001221259973895095,
    "tire_fl_force_wheel_fz_n": 35.06887759013974,
    "tire_fr_force_wheel_fz_n": 35.71783663485523,
    "tire_rl_force_wheel_fz_n": 21.606495616996526,
    "tire_rr_force_wheel_fz_n": 20.468109530846363,
    "tire_fl_spindle_omega_radps": 0.044093920570832355,
    "tire_fr_spindle_omega_radps": 0.043018437750166165,
    "tire_rl_spindle_omega_radps": 0.04174202935968149,
    "tire_rr_spindle_omega_radps": 0.038863718772493054
  },
  "val_crm_loss": 0.12672668834595244,
  "val_crm_rmse": {
    "vel_body_x_mps": 0.0036312091445671866,
    "vel_body_y_mps": 0.002678910134704553,
    "roll_rad": 4.105007997049729e-05,
    "pitch_rad": 2.746398263008283e-05,
    "roll_rate_radps": 0.003961863577366018,
    "ang_vel_body_y_radps": 0.0027554905955699286,
    "yaw_rate_radps": 0.002748175116707744,
    "tire_fl_force_wheel_fz_n": 803.685495736441,
    "tire_fr_force_wheel_fz_n": 809.0206615873566,
    "tire_rl_force_wheel_fz_n": 1148.171705892528,
    "tire_rr_force_wheel_fz_n": 1164.1938159592924,
    "tire_fl_spindle_omega_radps": 0.15228009159899966,
    "tire_fr_spindle_omega_radps": 0.15188623865664017,
    "tire_rl_spindle_omega_radps": 0.18276678395601925,
    "tire_rr_spindle_omega_radps": 0.18231929263880858
  },
  "val_mixed_loss": 0.06439867092877649,
  "rollout_flat_5.0s": {
    "xy_rmse_m": 1.4793738753917929,
    "yaw_rmse_rad": 0.09527951914455465,
    "errdist": 0.19485518469855512,
    "mean_dist_m": 7.592170963684718,
    "episodes": 12
  },
  "rollout_flat_10.0s": {
    "xy_rmse_m": 6.45398139242763,
    "yaw_rmse_rad": 0.20794516368583607,
    "errdist": 0.18326266470788355,
    "mean_dist_m": 35.2171098391215,
    "episodes": 12
  },
  "rollout_crm_5.0s": {
    "xy_rmse_m": 0.3974702983131927,
    "yaw_rmse_rad": 0.03222148182825503,
    "errdist": 0.05553974579747548,
    "mean_dist_m": 7.1565019357949495,
    "episodes": 12
  },
  "rollout_crm_10.0s": {
    "xy_rmse_m": 1.5681061519981607,
    "yaw_rmse_rad": 0.07916893301196021,
    "errdist": 0.06263204571175884,
    "mean_dist_m": 25.036802393694717,
    "episodes": 12
  },
  "rollout_sel": 0.1229473552098212
}
{
  "epoch": 79,
  "timestamp_utc": "2026-07-13T23:09:28.822101+00:00",
  "train_loss": 0.006914368637837469,
  "val_loss": 0.0020571235231182073,
  "val_rmse": {
    "vel_body_x_mps": 0.0006092826653753024,
    "vel_body_y_mps": 0.0005760264972621443,
    "roll_rad": 1.082634715758118e-05,
    "pitch_rad": 5.321016960343338e-06,
    "roll_rate_radps": 0.0012975748739410388,
    "ang_vel_body_y_radps": 0.0005480192376194884,
    "yaw_rate_radps": 0.0012107320811408945,
    "tire_fl_force_wheel_fz_n": 34.71148913322714,
    "tire_fr_force_wheel_fz_n": 35.39455432021725,
    "tire_rl_force_wheel_fz_n": 21.376359491337208,
    "tire_rr_force_wheel_fz_n": 20.303344721615836,
    "tire_fl_spindle_omega_radps": 0.04398524528536108,
    "tire_fr_spindle_omega_radps": 0.04297400077877121,
    "tire_rl_spindle_omega_radps": 0.04153721520060381,
    "tire_rr_spindle_omega_radps": 0.03899698445520729
  },
  "val_flat_loss": 0.0020571235231182073,
  "val_flat_rmse": {
    "vel_body_x_mps": 0.0006092826653753024,
    "vel_body_y_mps": 0.0005760264972621443,
    "roll_rad": 1.082634715758118e-05,
    "pitch_rad": 5.321016960343338e-06,
    "roll_rate_radps": 0.0012975748739410388,
    "ang_vel_body_y_radps": 0.0005480192376194884,
    "yaw_rate_radps": 0.0012107320811408945,
    "tire_fl_force_wheel_fz_n": 34.71148913322714,
    "tire_fr_force_wheel_fz_n": 35.39455432021725,
    "tire_rl_force_wheel_fz_n": 21.376359491337208,
    "tire_rr_force_wheel_fz_n": 20.303344721615836,
    "tire_fl_spindle_omega_radps": 0.04398524528536108,
    "tire_fr_spindle_omega_radps": 0.04297400077877121,
    "tire_rl_spindle_omega_radps": 0.04153721520060381,
    "tire_rr_spindle_omega_radps": 0.03899698445520729
  },
  "val_crm_loss": 0.12676845473382856,
  "val_crm_rmse": {
    "vel_body_x_mps": 0.0036325437280407113,
    "vel_body_y_mps": 0.0026781256719454138,
    "roll_rad": 3.9862186169690624e-05,
    "pitch_rad": 2.657734646869455e-05,
    "roll_rate_radps": 0.003970299419794267,
    "ang_vel_body_y_radps": 0.0027557239014546504,
    "yaw_rate_radps": 0.002744429590896199,
    "tire_fl_force_wheel_fz_n": 803.9776048507586,
    "tire_fr_force_wheel_fz_n": 808.3019404988214,
    "tire_rl_force_wheel_fz_n": 1147.4357257294091,
    "tire_rr_force_wheel_fz_n": 1164.6134970484088,
    "tire_fl_spindle_omega_radps": 0.15295686386463309,
    "tire_fr_spindle_omega_radps": 0.152806454016143,
    "tire_rl_spindle_omega_radps": 0.18335057090222207,
    "tire_rr_spindle_omega_radps": 0.18270476385593876
  },
  "val_mixed_loss": 0.06441278912847338,
  "rollout_flat_5.0s": {
    "xy_rmse_m": 0.7434459042164301,
    "yaw_rmse_rad": 0.04476944471737596,
    "errdist": 0.09792270323897086,
    "mean_dist_m": 7.592170963684718,
    "episodes": 12
  },
  "rollout_flat_10.0s": {
    "xy_rmse_m": 4.8225142400388625,
    "yaw_rmse_rad": 0.0991748000597543,
    "errdist": 0.13693668396041103,
    "mean_dist_m": 35.2171098391215,
    "episodes": 12
  },
  "rollout_crm_5.0s": {
    "xy_rmse_m": 0.5255403006444735,
    "yaw_rmse_rad": 0.05323486323459774,
    "errdist": 0.07343536064957358,
    "mean_dist_m": 7.1565019357949495,
    "episodes": 12
  },
  "rollout_crm_10.0s": {
    "xy_rmse_m": 2.4097754759558048,
    "yaw_rmse_rad": 0.1404375295180367,
    "errdist": 0.09624933080762278,
    "mean_dist_m": 25.036802393694717,
    "episodes": 12
  },
  "rollout_sel": 0.1165930073840169
}
{
  "epoch": 80,
  "timestamp_utc": "2026-07-13T23:11:23.194848+00:00",
  "train_loss": 0.0068530437382869425,
  "val_loss": 0.00205689270836956,
  "val_rmse": {
    "vel_body_x_mps": 0.0006105019871491934,
    "vel_body_y_mps": 0.0005673305322615511,
    "roll_rad": 1.0336063038765725e-05,
    "pitch_rad": 5.377946967013433e-06,
    "roll_rate_radps": 0.001295147932947446,
    "ang_vel_body_y_radps": 0.0005479914095236936,
    "yaw_rate_radps": 0.0012218156445838334,
    "tire_fl_force_wheel_fz_n": 34.6432854038518,
    "tire_fr_force_wheel_fz_n": 35.645379376147,
    "tire_rl_force_wheel_fz_n": 21.329074726911365,
    "tire_rr_force_wheel_fz_n": 20.291270178250976,
    "tire_fl_spindle_omega_radps": 0.04399452076806852,
    "tire_fr_spindle_omega_radps": 0.04271445645304488,
    "tire_rl_spindle_omega_radps": 0.04225566975957691,
    "tire_rr_spindle_omega_radps": 0.03903868306782409
  },
  "val_flat_loss": 0.00205689270836956,
  "val_flat_rmse": {
    "vel_body_x_mps": 0.0006105019871491934,
    "vel_body_y_mps": 0.0005673305322615511,
    "roll_rad": 1.0336063038765725e-05,
    "pitch_rad": 5.377946967013433e-06,
    "roll_rate_radps": 0.001295147932947446,
    "ang_vel_body_y_radps": 0.0005479914095236936,
    "yaw_rate_radps": 0.0012218156445838334,
    "tire_fl_force_wheel_fz_n": 34.6432854038518,
    "tire_fr_force_wheel_fz_n": 35.645379376147,
    "tire_rl_force_wheel_fz_n": 21.329074726911365,
    "tire_rr_force_wheel_fz_n": 20.291270178250976,
    "tire_fl_spindle_omega_radps": 0.04399452076806852,
    "tire_fr_spindle_omega_radps": 0.04271445645304488,
    "tire_rl_spindle_omega_radps": 0.04225566975957691,
    "tire_rr_spindle_omega_radps": 0.03903868306782409
  },
  "val_crm_loss": 0.12729252319055376,
  "val_crm_rmse": {
    "vel_body_x_mps": 0.0036413779082379825,
    "vel_body_y_mps": 0.002678245159270069,
    "roll_rad": 4.075286217604555e-05,
    "pitch_rad": 2.6361042488761692e-05,
    "roll_rate_radps": 0.003968585163669132,
    "ang_vel_body_y_radps": 0.0027713187193982316,
    "yaw_rate_radps": 0.00275414872407187,
    "tire_fl_force_wheel_fz_n": 806.637663189175,
    "tire_fr_force_wheel_fz_n": 811.8486557744692,
    "tire_rl_force_wheel_fz_n": 1150.4335126290352,
    "tire_rr_force_wheel_fz_n": 1166.723005443569,
    "tire_fl_spindle_omega_radps": 0.1521044506542494,
    "tire_fr_spindle_omega_radps": 0.15146640513217022,
    "tire_rl_spindle_omega_radps": 0.18332266264982258,
    "tire_rr_spindle_omega_radps": 0.18290607841571177
  },
  "val_mixed_loss": 0.06467470794946166,
  "rollout_flat_5.0s": {
    "xy_rmse_m": 1.5193161496045309,
    "yaw_rmse_rad": 0.10026212946452615,
    "errdist": 0.20011616662372408,
    "mean_dist_m": 7.592170963684718,
    "episodes": 12
  },
  "rollout_flat_10.0s": {
    "xy_rmse_m": 6.253121983522485,
    "yaw_rmse_rad": 0.21228976387042178,
    "errdist": 0.17755920380996462,
    "mean_dist_m": 35.2171098391215,
    "episodes": 12
  },
  "rollout_crm_5.0s": {
    "xy_rmse_m": 0.42472854472055377,
    "yaw_rmse_rad": 0.024462657707340286,
    "errdist": 0.05934862430430889,
    "mean_dist_m": 7.1565019357949495,
    "episodes": 12
  },
  "rollout_crm_10.0s": {
    "xy_rmse_m": 0.9565598053319413,
    "yaw_rmse_rad": 0.04492426266708561,
    "errdist": 0.0382061491036428,
    "mean_dist_m": 25.036802393694717,
    "episodes": 12
  },
  "rollout_sel": 0.10788267645680372
}
training completed; last checkpoint: /home/harry/NeDM/artifacts/training_runs/ablation_ofat/L8_H8_E256_ctx128_data40/checkpoints/last.pt
