world,route_id,stratum,arm,status,completed,unsafe,outcome_code,near_stop_40s_fired,xtrack_station_winsor_mean_m,speed_abs_err_mean_mps,mean_abs_action_change,positive_work_kj
rigid,f104_v2_group_0001_route_01,infeasible,pid_native,prolonged_blockage_terminated,0,1,U,na,3.6179,3.8222,0.003469,2637.34
rigid,f104_v2_group_0001_route_01,infeasible,pid_held_50ms,prolonged_blockage_terminated,0,1,U,0,3.7797,3.8016,0.002951,1271.66
rigid,f104_v2_group_0001_route_01,infeasible,nrd_policy_v2,prolonged_blockage_terminated,0,1,U,0,3.7065,3.9346,0.023970,3556.43
rigid,f104_v2_group_0001_route_06,infeasible,pid_native,goal_reached,1,0,S,na,0.1445,1.1975,0.026439,352.96
rigid,f104_v2_group_0001_route_06,infeasible,pid_held_50ms,goal_reached,1,0,S,0,0.1370,1.1864,0.026216,354.49
rigid,f104_v2_group_0001_route_06,infeasible,nrd_policy_v2,goal_reached,1,0,S,0,0.0759,0.6024,0.055930,357.82
rigid,f104_v2_group_0001_route_08,infeasible,pid_native,goal_reached,1,0,S,na,0.5994,1.5896,0.005940,2010.30
rigid,f104_v2_group_0001_route_08,infeasible,pid_held_50ms,prolonged_blockage_terminated,0,1,U,0,3.9900,1.6883,0.003721,610.05
rigid,f104_v2_group_0001_route_08,infeasible,nrd_policy_v2,goal_reached,1,0,S,0,0.1567,0.6581,0.086227,498.30
rigid,f104_v2_group_0001_route_09,infeasible,pid_native,goal_reached,1,0,S,na,0.1819,0.2524,0.018193,265.98
rigid,f104_v2_group_0001_route_09,infeasible,pid_held_50ms,goal_reached,1,0,S,0,0.1858,0.2509,0.017648,267.58
rigid,f104_v2_group_0001_route_09,infeasible,nrd_policy_v2,goal_reached,1,0,S,0,0.0470,0.3099,0.060975,300.51
rigid,f104_v2_group_0001_route_10,infeasible,pid_native,goal_reached,1,0,S,na,0.2058,0.5747,0.022651,311.31
rigid,f104_v2_group_0001_route_10,infeasible,pid_held_50ms,goal_reached,1,0,S,0,0.2084,0.6090,0.022236,314.48
rigid,f104_v2_group_0001_route_10,infeasible,nrd_policy_v2,goal_reached,1,0,S,0,0.1059,0.4413,0.059629,346.07
rigid,f104_v2_group_0001_route_11,infeasible,pid_native,goal_reached,1,0,S,na,0.2257,1.3436,0.015976,529.85
rigid,f104_v2_group_0001_route_11,infeasible,pid_held_50ms,goal_reached,1,0,S,0,0.2350,1.2915,0.016503,521.58
rigid,f104_v2_group_0001_route_11,infeasible,nrd_policy_v2,goal_reached,1,0,S,0,0.1435,0.9023,0.057256,493.53
rigid,f104_v2_group_0048_route_00,feasible,pid_native,goal_reached,1,0,S,na,0.0632,0.1190,0.010700,121.34
rigid,f104_v2_group_0048_route_00,feasible,pid_held_50ms,goal_reached,1,0,S,0,0.0651,0.1193,0.010343,125.50
rigid,f104_v2_group_0048_route_00,feasible,nrd_policy_v2,goal_reached,1,0,S,0,0.0263,0.1753,0.047368,127.83
rigid,f104_v2_group_0048_route_02,feasible,pid_native,goal_reached,1,0,S,na,0.0583,0.4055,0.016107,182.10
rigid,f104_v2_group_0048_route_02,feasible,pid_held_50ms,goal_reached,1,0,S,0,0.0617,0.4480,0.017059,181.95
rigid,f104_v2_group_0048_route_02,feasible,nrd_policy_v2,goal_reached,1,0,S,0,0.0677,0.3232,0.067450,251.60
rigid,f104_v2_group_0048_route_03,feasible,pid_native,goal_reached,1,0,S,na,0.0645,0.2500,0.017306,163.18
rigid,f104_v2_group_0048_route_03,feasible,pid_held_50ms,goal_reached,1,0,S,0,0.0667,0.2675,0.017897,167.57
rigid,f104_v2_group_0048_route_03,feasible,nrd_policy_v2,goal_reached,1,0,S,0,0.0622,0.1834,0.067068,204.00
rigid,f104_v2_group_0048_route_08,infeasible,pid_native,prolonged_blockage_terminated,0,1,U,na,2.6747,1.3165,0.004813,1195.31
rigid,f104_v2_group_0048_route_08,infeasible,pid_held_50ms,prolonged_blockage_terminated,0,1,U,0,2.6766,1.5515,0.003634,2275.46
rigid,f104_v2_group_0048_route_08,infeasible,nrd_policy_v2,prolonged_blockage_terminated,0,1,U,1,2.5754,1.6131,0.164146,1705.58
rigid,f104_v2_group_0048_route_09,feasible,pid_native,goal_reached,1,0,S,na,0.1829,0.2154,0.013374,189.72
rigid,f104_v2_group_0048_route_09,feasible,pid_held_50ms,goal_reached,1,0,S,0,0.1810,0.2239,0.013545,194.17
rigid,f104_v2_group_0048_route_09,feasible,nrd_policy_v2,goal_reached,1,0,S,0,0.0668,0.1452,0.060894,223.37
rigid,f104_v2_group_0048_route_10,feasible,pid_native,goal_reached,1,0,S,na,0.1691,0.4223,0.016149,184.57
rigid,f104_v2_group_0048_route_10,feasible,pid_held_50ms,goal_reached,1,0,S,0,0.1657,0.4697,0.017005,188.10
rigid,f104_v2_group_0048_route_10,feasible,nrd_policy_v2,goal_reached,1,0,S,0,0.0556,0.2386,0.066692,291.03
rigid,f104_v2_group_0063_route_00,infeasible,pid_native,goal_reached,1,0,S,na,0.9714,1.7855,0.002741,3912.31
rigid,f104_v2_group_0063_route_00,infeasible,pid_held_50ms,prolonged_blockage_terminated,0,1,U,0,3.3065,1.8331,0.003126,2522.11
rigid,f104_v2_group_0063_route_00,infeasible,nrd_policy_v2,goal_reached,1,0,S,0,1.3146,1.3922,0.041277,1136.65
rigid,f104_v2_group_0063_route_01,infeasible,pid_native,goal_reached,1,0,S,na,0.8397,2.5448,0.011674,926.66
rigid,f104_v2_group_0063_route_01,infeasible,pid_held_50ms,goal_reached,1,0,S,0,0.8784,2.5414,0.010588,931.23
rigid,f104_v2_group_0063_route_01,infeasible,nrd_policy_v2,prolonged_blockage_terminated,0,1,U,0,2.8093,3.8053,0.023772,1094.96
rigid,f104_v2_group_0063_route_02,infeasible,pid_native,goal_reached,1,0,S,na,0.2392,1.0683,0.026988,306.56
rigid,f104_v2_group_0063_route_02,infeasible,pid_held_50ms,goal_reached,1,0,S,0,0.2296,1.0993,0.025021,283.53
rigid,f104_v2_group_0063_route_02,infeasible,nrd_policy_v2,goal_reached,1,0,S,0,0.2970,1.0646,0.054624,335.04
rigid,f104_v2_group_0063_route_04,infeasible,pid_native,goal_reached,1,0,S,na,0.2059,0.2538,0.014078,330.91
rigid,f104_v2_group_0063_route_04,infeasible,pid_held_50ms,goal_reached,1,0,S,0,0.2032,0.2365,0.014115,326.14
rigid,f104_v2_group_0063_route_04,infeasible,nrd_policy_v2,goal_reached,1,0,S,0,0.3220,0.4704,0.063963,314.95
rigid,f104_v2_group_0063_route_05,infeasible,pid_native,goal_reached,1,0,S,na,0.1813,0.2391,0.018591,185.96
rigid,f104_v2_group_0063_route_05,infeasible,pid_held_50ms,goal_reached,1,0,S,0,0.1696,0.2914,0.018857,191.90
rigid,f104_v2_group_0063_route_05,infeasible,nrd_policy_v2,goal_reached,1,0,S,0,0.1381,0.5515,0.074838,237.94
rigid,f104_v2_group_0063_route_06,infeasible,pid_native,goal_reached,1,0,S,na,0.3367,1.0314,0.025086,292.85
rigid,f104_v2_group_0063_route_06,infeasible,pid_held_50ms,goal_reached,1,0,S,0,0.3368,1.0470,0.025696,305.35
rigid,f104_v2_group_0063_route_06,infeasible,nrd_policy_v2,goal_reached,1,0,S,0,0.3816,0.8922,0.060119,292.99
rigid,f104_v2_group_0063_route_08,infeasible,pid_native,prolonged_blockage_terminated,0,1,U,na,3.6359,1.7145,0.005516,1921.25
rigid,f104_v2_group_0063_route_08,infeasible,pid_held_50ms,prolonged_blockage_terminated,0,1,U,0,3.6419,1.7251,0.003918,1181.74
rigid,f104_v2_group_0063_route_08,infeasible,nrd_policy_v2,prolonged_blockage_terminated,0,1,U,1,3.4886,1.8579,0.183982,2962.95
rigid,f104_v2_group_0063_route_10,infeasible,pid_native,goal_reached,1,0,S,na,0.2982,1.0876,0.029303,316.76
rigid,f104_v2_group_0063_route_10,infeasible,pid_held_50ms,goal_reached,1,0,S,0,0.2717,1.0483,0.029243,312.98
rigid,f104_v2_group_0063_route_10,infeasible,nrd_policy_v2,goal_reached,1,0,S,0,0.2308,0.9015,0.047615,343.29
rigid,f104_v2_group_0063_route_11,infeasible,pid_native,goal_reached,1,0,S,na,0.2894,3.8173,0.013591,921.15
rigid,f104_v2_group_0063_route_11,infeasible,pid_held_50ms,goal_reached,1,0,S,0,0.3889,3.1773,0.017033,751.56
rigid,f104_v2_group_0063_route_11,infeasible,nrd_policy_v2,goal_reached,1,0,S,0,0.2206,1.3783,0.064600,407.78
rigid,f104_v2_group_0069_route_00,infeasible,pid_native,goal_reached,1,0,S,na,0.0720,0.2891,0.016690,250.66
rigid,f104_v2_group_0069_route_00,infeasible,pid_held_50ms,goal_reached,1,0,S,0,0.0734,0.3975,0.017194,351.45
rigid,f104_v2_group_0069_route_00,infeasible,nrd_policy_v2,goal_reached,1,0,S,0,0.0639,0.1813,0.065279,225.32
rigid,f104_v2_group_0069_route_01,infeasible,pid_native,goal_reached,1,0,S,na,0.0613,0.2901,0.020007,206.19
rigid,f104_v2_group_0069_route_01,infeasible,pid_held_50ms,goal_reached,1,0,S,0,0.0557,0.2900,0.019873,206.07
rigid,f104_v2_group_0069_route_01,infeasible,nrd_policy_v2,goal_reached,1,0,S,0,0.0771,0.1999,0.058902,213.57
rigid,f104_v2_group_0069_route_02,infeasible,pid_native,goal_reached,1,0,S,na,0.0647,0.6481,0.023332,253.48
rigid,f104_v2_group_0069_route_02,infeasible,pid_held_50ms,goal_reached,1,0,S,0,0.0675,0.7102,0.022764,244.83
rigid,f104_v2_group_0069_route_02,infeasible,nrd_policy_v2,goal_reached,1,0,S,0,0.0664,0.4700,0.051929,252.99
rigid,f104_v2_group_0069_route_04,infeasible,pid_native,goal_reached,1,0,S,na,0.6284,2.0716,0.005898,2206.13
rigid,f104_v2_group_0069_route_04,infeasible,pid_held_50ms,prolonged_blockage_terminated,0,1,U,0,4.3775,1.9152,0.001280,4526.43
rigid,f104_v2_group_0069_route_04,infeasible,nrd_policy_v2,timeout,0,0,F,0,4.3818,1.8554,0.072285,3778.40
rigid,f104_v2_group_0069_route_05,infeasible,pid_native,prolonged_blockage_terminated,0,1,U,na,4.0748,2.5017,0.009471,1941.30
rigid,f104_v2_group_0069_route_05,infeasible,pid_held_50ms,prolonged_blockage_terminated,0,1,U,0,4.1706,3.7993,0.002323,2035.30
rigid,f104_v2_group_0069_route_05,infeasible,nrd_policy_v2,goal_reached,1,0,S,0,0.3917,2.1510,0.041283,803.32
rigid,f104_v2_group_0069_route_06,infeasible,pid_native,goal_reached,1,0,S,na,0.2445,0.8645,0.020817,307.19
rigid,f104_v2_group_0069_route_06,infeasible,pid_held_50ms,goal_reached,1,0,S,0,0.2218,0.9293,0.022032,314.88
rigid,f104_v2_group_0069_route_06,infeasible,nrd_policy_v2,goal_reached,1,0,S,0,0.1117,0.4736,0.053250,273.58
rigid,f104_v2_group_0069_route_09,infeasible,pid_native,goal_reached,1,0,S,na,0.2175,0.7989,0.017415,446.40
rigid,f104_v2_group_0069_route_09,infeasible,pid_held_50ms,goal_reached,1,0,S,0,0.2206,0.8270,0.017504,460.52
rigid,f104_v2_group_0069_route_09,infeasible,nrd_policy_v2,goal_reached,1,0,S,0,0.0795,0.4216,0.060248,392.48
rigid,f104_v2_group_0069_route_10,infeasible,pid_native,goal_reached,1,0,S,na,0.2042,0.9172,0.023865,321.13
rigid,f104_v2_group_0069_route_10,infeasible,pid_held_50ms,goal_reached,1,0,S,0,0.2022,0.8908,0.025335,320.22
rigid,f104_v2_group_0069_route_10,infeasible,nrd_policy_v2,goal_reached,1,0,S,0,0.0430,0.6627,0.053554,334.17
rigid,f104_v2_group_0070_route_00,infeasible,pid_native,goal_reached,1,0,S,na,0.0507,0.2037,0.015521,178.53
rigid,f104_v2_group_0070_route_00,infeasible,pid_held_50ms,goal_reached,1,0,S,0,0.0487,0.1904,0.015005,169.79
rigid,f104_v2_group_0070_route_00,infeasible,nrd_policy_v2,goal_reached,1,0,S,0,0.0598,0.1844,0.056823,164.75
rigid,f104_v2_group_0070_route_01,feasible,pid_native,goal_reached,1,0,S,na,0.0561,0.2447,0.018123,185.48
rigid,f104_v2_group_0070_route_01,feasible,pid_held_50ms,goal_reached,1,0,S,0,0.0525,0.2527,0.019187,190.95
rigid,f104_v2_group_0070_route_01,feasible,nrd_policy_v2,goal_reached,1,0,S,0,0.0857,0.1025,0.065405,201.80
rigid,f104_v2_group_0070_route_02,feasible,pid_native,goal_reached,1,0,S,na,0.0568,0.5971,0.021386,233.03
rigid,f104_v2_group_0070_route_02,feasible,pid_held_50ms,goal_reached,1,0,S,0,0.0640,0.6047,0.021308,230.10
rigid,f104_v2_group_0070_route_02,feasible,nrd_policy_v2,goal_reached,1,0,S,0,0.0988,0.3110,0.057416,262.22
rigid,f104_v2_group_0070_route_04,infeasible,pid_native,goal_reached,1,0,S,na,0.2959,0.2078,0.013439,181.27
rigid,f104_v2_group_0070_route_04,infeasible,pid_held_50ms,goal_reached,1,0,S,0,0.2845,0.2062,0.012221,180.29
rigid,f104_v2_group_0070_route_04,infeasible,nrd_policy_v2,goal_reached,1,0,S,0,0.0553,0.1567,0.063080,184.81
rigid,f104_v2_group_0070_route_05,feasible,pid_native,goal_reached,1,0,S,na,0.2460,0.2688,0.016723,190.27
rigid,f104_v2_group_0070_route_05,feasible,pid_held_50ms,goal_reached,1,0,S,0,0.2458,0.2757,0.017262,192.04
rigid,f104_v2_group_0070_route_05,feasible,nrd_policy_v2,goal_reached,1,0,S,0,0.0968,0.1609,0.084677,220.71
rigid,f104_v2_group_0070_route_06,feasible,pid_native,goal_reached,1,0,S,na,0.2303,0.5895,0.022932,234.24
rigid,f104_v2_group_0070_route_06,feasible,pid_held_50ms,goal_reached,1,0,S,0,0.2320,0.6173,0.022269,236.56
rigid,f104_v2_group_0070_route_06,feasible,nrd_policy_v2,goal_reached,1,0,S,0,0.1021,0.2655,0.059590,267.70
rigid,f104_v2_group_0070_route_08,infeasible,pid_native,goal_reached,1,0,S,na,0.2310,0.1863,0.010703,162.27
rigid,f104_v2_group_0070_route_08,infeasible,pid_held_50ms,goal_reached,1,0,S,0,0.2277,0.1861,0.010708,163.73
rigid,f104_v2_group_0070_route_08,infeasible,nrd_policy_v2,goal_reached,1,0,S,0,0.0700,0.1417,0.059964,174.39
rigid,f104_v2_group_0070_route_10,feasible,pid_native,goal_reached,1,0,S,na,0.1918,0.5498,0.018473,237.88
rigid,f104_v2_group_0070_route_10,feasible,pid_held_50ms,goal_reached,1,0,S,0,0.1898,0.5687,0.019265,236.77
rigid,f104_v2_group_0070_route_10,feasible,nrd_policy_v2,goal_reached,1,0,S,0,0.0859,0.2997,0.063828,280.22
rigid,f104_v2_group_0097_route_01,infeasible,pid_native,goal_reached,1,0,S,na,0.2367,1.1218,0.017325,517.62
rigid,f104_v2_group_0097_route_01,infeasible,pid_held_50ms,goal_reached,1,0,S,0,0.2341,1.0907,0.017328,492.51
rigid,f104_v2_group_0097_route_01,infeasible,nrd_policy_v2,goal_reached,1,0,S,0,0.1706,0.6423,0.062701,404.10
rigid,f104_v2_group_0097_route_02,infeasible,pid_native,goal_reached,1,0,S,na,0.2654,1.5179,0.021166,415.39
rigid,f104_v2_group_0097_route_02,infeasible,pid_held_50ms,goal_reached,1,0,S,0,0.2650,1.4978,0.022541,398.83
rigid,f104_v2_group_0097_route_02,infeasible,nrd_policy_v2,goal_reached,1,0,S,0,0.2203,1.0356,0.054174,375.46
rigid,f104_v2_group_0097_route_03,infeasible,pid_native,goal_reached,1,0,S,na,0.1944,1.0129,0.019017,379.56
rigid,f104_v2_group_0097_route_03,infeasible,pid_held_50ms,goal_reached,1,0,S,0,0.2075,0.9319,0.019809,383.60
rigid,f104_v2_group_0097_route_03,infeasible,nrd_policy_v2,goal_reached,1,0,S,0,0.2008,0.5713,0.067273,315.57
rigid,f104_v2_group_0097_route_04,infeasible,pid_native,timeout,0,0,F,na,2.2657,1.8684,0.003004,5012.82
rigid,f104_v2_group_0097_route_04,infeasible,pid_held_50ms,prolonged_blockage_terminated,0,1,U,0,2.2912,1.7403,0.004495,4443.85
rigid,f104_v2_group_0097_route_04,infeasible,nrd_policy_v2,goal_reached,1,0,S,0,0.3068,0.9171,0.105430,882.90
rigid,f104_v2_group_0097_route_08,feasible,pid_native,goal_reached,1,0,S,na,0.2400,0.1789,0.012954,175.80
rigid,f104_v2_group_0097_route_08,feasible,pid_held_50ms,goal_reached,1,0,S,0,0.2371,0.1790,0.012806,173.35
rigid,f104_v2_group_0097_route_08,feasible,nrd_policy_v2,goal_reached,1,0,S,0,0.0686,0.1015,0.062620,166.51
rigid,f104_v2_group_0097_route_10,feasible,pid_native,goal_reached,1,0,S,na,0.2051,1.0967,0.018578,257.86
rigid,f104_v2_group_0097_route_10,feasible,pid_held_50ms,goal_reached,1,0,S,0,0.2042,1.0642,0.019239,255.52
rigid,f104_v2_group_0097_route_10,feasible,nrd_policy_v2,goal_reached,1,0,S,0,0.1101,0.7685,0.076385,342.33
rigid,f104_v2_group_0097_route_11,feasible,pid_native,goal_reached,1,0,S,na,0.2086,0.3686,0.020361,219.20
rigid,f104_v2_group_0097_route_11,feasible,pid_held_50ms,goal_reached,1,0,S,0,0.2087,0.3846,0.019626,222.16
rigid,f104_v2_group_0097_route_11,feasible,nrd_policy_v2,goal_reached,1,0,S,0,0.0809,0.2145,0.072204,247.36
rigid,f104_v2_group_0152_route_01,infeasible,pid_native,goal_reached,1,0,S,na,0.1237,0.6173,0.026816,287.19
rigid,f104_v2_group_0152_route_01,infeasible,pid_held_50ms,goal_reached,1,0,S,0,0.1134,0.5602,0.027966,340.35
rigid,f104_v2_group_0152_route_01,infeasible,nrd_policy_v2,goal_reached,1,0,S,0,0.1485,0.3866,0.065606,290.52
rigid,f104_v2_group_0152_route_04,infeasible,pid_native,prolonged_blockage_terminated,0,1,U,na,3.3947,1.8027,0.005216,1445.47
rigid,f104_v2_group_0152_route_04,infeasible,pid_held_50ms,prolonged_blockage_terminated,0,1,U,0,3.3966,1.8568,0.003318,1661.36
rigid,f104_v2_group_0152_route_04,infeasible,nrd_policy_v2,timeout,0,0,F,0,2.3199,1.8896,0.187066,4333.62
rigid,f104_v2_group_0152_route_05,infeasible,pid_native,prolonged_blockage_terminated,0,1,U,na,2.6509,3.5960,0.004028,2338.62
rigid,f104_v2_group_0152_route_05,infeasible,pid_held_50ms,prolonged_blockage_terminated,0,1,U,0,2.6223,3.7648,0.002570,4025.16
rigid,f104_v2_group_0152_route_05,infeasible,nrd_policy_v2,timeout,0,0,F,0,1.8679,3.8824,0.073995,6077.38
rigid,f104_v2_group_0152_route_06,infeasible,pid_native,goal_reached,1,0,S,na,0.3376,0.9678,0.026008,294.94
rigid,f104_v2_group_0152_route_06,infeasible,pid_held_50ms,goal_reached,1,0,S,0,0.3382,1.0064,0.025368,293.00
rigid,f104_v2_group_0152_route_06,infeasible,nrd_policy_v2,goal_reached,1,0,S,0,0.3090,0.7334,0.053451,301.50
rigid,f104_v2_group_0152_route_08,infeasible,pid_native,goal_reached,1,0,S,na,0.6623,1.4848,0.006914,2883.18
rigid,f104_v2_group_0152_route_08,infeasible,pid_held_50ms,goal_reached,1,0,S,0,0.6801,1.1520,0.010911,1592.11
rigid,f104_v2_group_0152_route_08,infeasible,nrd_policy_v2,prolonged_blockage_terminated,0,1,U,0,2.2106,1.8720,0.046215,2339.87
rigid,f104_v2_group_0152_route_09,infeasible,pid_native,goal_reached,1,0,S,na,0.5438,3.4488,0.006156,3107.87
rigid,f104_v2_group_0152_route_09,infeasible,pid_held_50ms,goal_reached,1,0,S,0,0.4216,2.5600,0.011960,1125.99
rigid,f104_v2_group_0152_route_09,infeasible,nrd_policy_v2,prolonged_blockage_terminated,0,1,U,0,2.4218,3.6406,0.015416,2756.81
rigid,f104_v2_group_0152_route_11,infeasible,pid_native,timeout,0,0,F,na,2.3228,2.3508,0.003462,3513.88
rigid,f104_v2_group_0152_route_11,infeasible,pid_held_50ms,prolonged_blockage_terminated,0,1,U,0,2.3504,5.4487,0.004864,3300.35
rigid,f104_v2_group_0152_route_11,infeasible,nrd_policy_v2,prolonged_blockage_terminated,0,1,U,0,1.9584,4.9171,0.023273,2397.40
rigid,f104_v2_group_0164_route_00,infeasible,pid_native,terrain_bounds_exit,0,1,U,na,0.1549,1.6152,0.010360,1996.67
rigid,f104_v2_group_0164_route_00,infeasible,pid_held_50ms,goal_reached,1,0,S,0,0.2055,0.9819,0.010736,1373.23
rigid,f104_v2_group_0164_route_00,infeasible,nrd_policy_v2,timeout,0,0,F,0,0.1788,1.6847,0.136438,3206.38
rigid,f104_v2_group_0164_route_01,infeasible,pid_native,prolonged_blockage_terminated,0,1,U,na,0.2772,2.9778,0.005825,1818.15
rigid,f104_v2_group_0164_route_01,infeasible,pid_held_50ms,prolonged_blockage_terminated,0,1,U,0,0.1433,2.9655,0.004319,3167.36
rigid,f104_v2_group_0164_route_01,infeasible,nrd_policy_v2,prolonged_blockage_terminated,0,1,U,0,0.3709,3.6034,0.035163,4039.38
rigid,f104_v2_group_0164_route_05,infeasible,pid_native,goal_reached,1,0,S,na,0.2582,0.3174,0.020068,289.84
rigid,f104_v2_group_0164_route_05,infeasible,pid_held_50ms,goal_reached,1,0,S,0,0.2542,0.3953,0.018177,249.59
rigid,f104_v2_group_0164_route_05,infeasible,nrd_policy_v2,goal_reached,1,0,S,0,0.1058,0.3696,0.071413,307.72
rigid,f104_v2_group_0164_route_07,infeasible,pid_native,goal_reached,1,0,S,na,0.2857,1.2918,0.012813,1349.54
rigid,f104_v2_group_0164_route_07,infeasible,pid_held_50ms,goal_reached,1,0,S,0,0.2605,0.9912,0.017654,834.61
rigid,f104_v2_group_0164_route_07,infeasible,nrd_policy_v2,timeout,0,0,F,0,0.1960,1.8129,0.176598,4004.34
rigid,f104_v2_group_0164_route_08,infeasible,pid_native,prolonged_blockage_terminated,0,1,U,na,0.5841,1.6058,0.004366,5369.87
rigid,f104_v2_group_0164_route_08,infeasible,pid_held_50ms,prolonged_blockage_terminated,0,1,U,0,0.9723,1.6501,0.002133,5196.06
rigid,f104_v2_group_0164_route_08,infeasible,nrd_policy_v2,prolonged_blockage_terminated,0,1,U,0,0.8497,1.4816,0.034885,1701.07
rigid,f104_v2_group_0164_route_11,infeasible,pid_native,goal_reached,1,0,S,na,0.4035,0.8121,0.018059,686.34
rigid,f104_v2_group_0164_route_11,infeasible,pid_held_50ms,prolonged_blockage_terminated,0,1,U,0,1.0230,1.7649,0.003718,2402.39
rigid,f104_v2_group_0164_route_11,infeasible,nrd_policy_v2,prolonged_blockage_terminated,0,1,U,0,0.7959,1.4998,0.050749,1667.19
rigid,f104_v2_group_0185_route_00,infeasible,pid_native,goal_reached,1,0,S,na,0.1798,1.2074,0.011494,1211.52
rigid,f104_v2_group_0185_route_00,infeasible,pid_held_50ms,goal_reached,1,0,S,0,0.1963,0.7840,0.015422,760.77
rigid,f104_v2_group_0185_route_00,infeasible,nrd_policy_v2,timeout,0,0,F,0,1.0643,1.8302,0.183910,3551.45
rigid,f104_v2_group_0185_route_01,infeasible,pid_native,goal_reached,1,0,S,na,0.1760,0.4411,0.023154,208.06
rigid,f104_v2_group_0185_route_01,infeasible,pid_held_50ms,goal_reached,1,0,S,0,0.1766,0.4622,0.023825,221.27
rigid,f104_v2_group_0185_route_01,infeasible,nrd_policy_v2,goal_reached,1,0,S,0,0.1494,0.3675,0.059281,192.43
rigid,f104_v2_group_0185_route_02,feasible,pid_native,goal_reached,1,0,S,na,0.1630,0.6808,0.029784,233.95
rigid,f104_v2_group_0185_route_02,feasible,pid_held_50ms,goal_reached,1,0,S,0,0.1551,0.7430,0.032556,232.83
rigid,f104_v2_group_0185_route_02,feasible,nrd_policy_v2,goal_reached,1,0,S,0,0.1553,0.5952,0.051332,212.76
rigid,f104_v2_group_0185_route_04,infeasible,pid_native,prolonged_blockage_terminated,0,1,U,na,2.6464,1.8035,0.002206,4282.16
rigid,f104_v2_group_0185_route_04,infeasible,pid_held_50ms,goal_reached,1,0,S,0,0.8363,1.4532,0.006552,1977.47
rigid,f104_v2_group_0185_route_04,infeasible,nrd_policy_v2,goal_reached,1,0,S,0,0.3315,1.0830,0.045490,388.60
rigid,f104_v2_group_0185_route_05,infeasible,pid_native,goal_reached,1,0,S,na,0.4308,0.5457,0.021592,276.73
rigid,f104_v2_group_0185_route_05,infeasible,pid_held_50ms,goal_reached,1,0,S,0,0.4219,0.5564,0.021736,276.13
rigid,f104_v2_group_0185_route_05,infeasible,nrd_policy_v2,goal_reached,1,0,S,0,0.1574,0.2895,0.059339,155.36
rigid,f104_v2_group_0185_route_06,feasible,pid_native,goal_reached,1,0,S,na,0.4034,0.7388,0.028803,212.24
rigid,f104_v2_group_0185_route_06,feasible,pid_held_50ms,goal_reached,1,0,S,0,0.4138,0.7943,0.030338,214.09
rigid,f104_v2_group_0185_route_06,feasible,nrd_policy_v2,goal_reached,1,0,S,0,0.2979,0.6828,0.046290,202.36
rigid,f104_v2_group_0185_route_09,infeasible,pid_native,goal_reached,1,0,S,na,0.6405,0.4319,0.024500,281.73
rigid,f104_v2_group_0185_route_09,infeasible,pid_held_50ms,goal_reached,1,0,S,0,0.6542,0.4230,0.025400,287.41
rigid,f104_v2_group_0185_route_09,infeasible,nrd_policy_v2,goal_reached,1,0,S,0,0.1697,0.4195,0.065534,200.03
rigid,f104_v2_group_0187_route_02,infeasible,pid_native,goal_reached,1,0,S,na,0.2564,1.2638,0.031304,524.53
rigid,f104_v2_group_0187_route_02,infeasible,pid_held_50ms,prolonged_blockage_terminated,0,1,U,1,0.7555,1.0384,0.003025,1500.32
rigid,f104_v2_group_0187_route_02,infeasible,nrd_policy_v2,goal_reached,1,0,S,0,0.1078,2.2798,0.051094,525.41
rigid,f104_v2_group_0187_route_03,infeasible,pid_native,goal_reached,1,0,S,na,1.0352,3.4625,0.007214,2855.59
rigid,f104_v2_group_0187_route_03,infeasible,pid_held_50ms,prolonged_blockage_terminated,0,1,U,1,1.1551,1.6971,0.005772,2302.39
rigid,f104_v2_group_0187_route_03,infeasible,nrd_policy_v2,goal_reached,1,0,S,0,1.5858,3.1766,0.029790,1789.96
rigid,f104_v2_group_0187_route_05,infeasible,pid_native,rollover,0,1,U,na,4.2159,3.4262,0.010467,682.27
rigid,f104_v2_group_0187_route_05,infeasible,pid_held_50ms,goal_reached,1,0,S,0,0.3022,1.4359,0.018412,727.84
rigid,f104_v2_group_0187_route_05,infeasible,nrd_policy_v2,goal_reached,1,0,S,0,0.1518,0.7272,0.055508,365.75
rigid,f104_v2_group_0187_route_06,infeasible,pid_native,goal_reached,1,0,S,na,0.3073,1.8057,0.020674,448.94
rigid,f104_v2_group_0187_route_06,infeasible,pid_held_50ms,goal_reached,1,0,S,0,0.2898,1.8598,0.021411,537.10
rigid,f104_v2_group_0187_route_06,infeasible,nrd_policy_v2,goal_reached,1,0,S,0,0.2062,1.1290,0.053795,411.50
rigid,f104_v2_group_0187_route_07,infeasible,pid_native,goal_reached,1,0,S,na,0.7205,2.0683,0.005708,1757.79
rigid,f104_v2_group_0187_route_07,infeasible,pid_held_50ms,prolonged_blockage_terminated,0,1,U,0,4.6061,2.1920,0.003152,1734.81
rigid,f104_v2_group_0187_route_07,infeasible,nrd_policy_v2,goal_reached,1,0,S,0,1.0060,1.9554,0.032010,1791.23
rigid,f104_v2_group_0187_route_08,infeasible,pid_native,goal_reached,1,0,S,na,0.5146,1.6343,0.011049,1823.34
rigid,f104_v2_group_0187_route_08,infeasible,pid_held_50ms,goal_reached,1,0,S,0,0.4974,1.9004,0.008352,2222.40
rigid,f104_v2_group_0187_route_08,infeasible,nrd_policy_v2,goal_reached,1,0,S,0,1.3166,1.4182,0.070562,2302.16
rigid,f104_v2_group_0187_route_09,infeasible,pid_native,goal_reached,1,0,S,na,0.3177,1.4352,0.019966,725.71
rigid,f104_v2_group_0187_route_09,infeasible,pid_held_50ms,goal_reached,1,0,S,0,0.4610,3.0413,0.015692,1081.41
rigid,f104_v2_group_0187_route_09,infeasible,nrd_policy_v2,goal_reached,1,0,S,0,0.1264,0.7122,0.066477,474.36
rigid,f104_v2_group_0187_route_10,infeasible,pid_native,goal_reached,1,0,S,na,0.3285,1.6070,0.028288,465.61
rigid,f104_v2_group_0187_route_10,infeasible,pid_held_50ms,goal_reached,1,0,S,0,0.3172,1.0928,0.032758,426.85
rigid,f104_v2_group_0187_route_10,infeasible,nrd_policy_v2,goal_reached,1,0,S,0,0.1498,1.0058,0.048953,378.70
rigid,f104_v2_group_0187_route_11,infeasible,pid_native,goal_reached,1,0,S,na,0.6702,2.5383,0.006620,2267.56
rigid,f104_v2_group_0187_route_11,infeasible,pid_held_50ms,rollover,0,1,U,0,0.9966,2.6454,0.005337,2217.00
rigid,f104_v2_group_0187_route_11,infeasible,nrd_policy_v2,goal_reached,1,0,S,0,0.2432,0.7651,0.085938,571.81
rigid,f104_v2_group_0220_route_00,infeasible,pid_native,goal_reached,1,0,S,na,0.0542,0.2054,0.018981,233.89
rigid,f104_v2_group_0220_route_00,infeasible,pid_held_50ms,goal_reached,1,0,S,0,0.0589,0.2070,0.018915,236.05
rigid,f104_v2_group_0220_route_00,infeasible,nrd_policy_v2,goal_reached,1,0,S,0,0.0726,0.1539,0.059870,230.31
rigid,f104_v2_group_0220_route_02,feasible,pid_native,goal_reached,1,0,S,na,0.0689,1.0024,0.024804,293.93
rigid,f104_v2_group_0220_route_02,feasible,pid_held_50ms,goal_reached,1,0,S,0,0.0657,1.0174,0.024624,296.59
rigid,f104_v2_group_0220_route_02,feasible,nrd_policy_v2,goal_reached,1,0,S,0,0.0522,0.4889,0.054505,296.88
rigid,f104_v2_group_0220_route_03,infeasible,pid_native,goal_reached,1,0,S,na,0.0495,0.8402,0.023885,324.55
rigid,f104_v2_group_0220_route_03,infeasible,pid_held_50ms,goal_reached,1,0,S,0,0.0561,0.8223,0.024654,322.11
rigid,f104_v2_group_0220_route_03,infeasible,nrd_policy_v2,goal_reached,1,0,S,0,0.0672,0.3238,0.062929,281.90
rigid,f104_v2_group_0220_route_04,infeasible,pid_native,prolonged_blockage_terminated,0,1,U,na,3.4661,1.6037,0.004021,1831.09
rigid,f104_v2_group_0220_route_04,infeasible,pid_held_50ms,prolonged_blockage_terminated,0,1,U,0,3.4555,1.6947,0.002689,2617.92
rigid,f104_v2_group_0220_route_04,infeasible,nrd_policy_v2,prolonged_blockage_terminated,0,1,U,1,3.4669,1.7705,0.136259,1540.59
rigid,f104_v2_group_0220_route_05,infeasible,pid_native,goal_reached,1,0,S,na,0.9210,2.8853,0.004336,1713.25
rigid,f104_v2_group_0220_route_05,infeasible,pid_held_50ms,goal_reached,1,0,S,0,0.8840,3.0473,0.003910,2347.69
rigid,f104_v2_group_0220_route_05,infeasible,nrd_policy_v2,goal_reached,1,0,S,0,0.9074,2.3319,0.043248,1261.73
rigid,f104_v2_group_0220_route_07,infeasible,pid_native,goal_reached,1,0,S,na,0.8499,4.3453,0.006320,1955.53
rigid,f104_v2_group_0220_route_07,infeasible,pid_held_50ms,prolonged_blockage_terminated,0,1,U,1,1.6517,1.7362,0.003090,1592.67
rigid,f104_v2_group_0220_route_07,infeasible,nrd_policy_v2,goal_reached,1,0,S,0,0.6640,2.8387,0.042032,915.77
rigid,f104_v2_group_0220_route_08,infeasible,pid_native,prolonged_blockage_terminated,0,1,U,na,3.6034,1.6942,0.003655,2157.81
rigid,f104_v2_group_0220_route_08,infeasible,pid_held_50ms,prolonged_blockage_terminated,0,1,U,0,3.5996,1.7924,0.002656,3380.37
rigid,f104_v2_group_0220_route_08,infeasible,nrd_policy_v2,timeout,0,0,F,0,3.5212,1.8862,0.175891,3950.06
rigid,f104_v2_group_0220_route_09,infeasible,pid_native,goal_reached,1,0,S,na,0.4366,3.0047,0.005721,1632.96
rigid,f104_v2_group_0220_route_09,infeasible,pid_held_50ms,goal_reached,1,0,S,0,0.2747,2.9940,0.005499,1699.58
rigid,f104_v2_group_0220_route_09,infeasible,nrd_policy_v2,goal_reached,1,0,S,0,0.1838,2.6500,0.058762,1304.22
rigid,f104_v2_group_0220_route_10,infeasible,pid_native,goal_reached,1,0,S,na,0.1663,1.4756,0.015507,361.04
rigid,f104_v2_group_0220_route_10,infeasible,pid_held_50ms,goal_reached,1,0,S,0,0.1713,1.4621,0.015276,354.03
rigid,f104_v2_group_0220_route_10,infeasible,nrd_policy_v2,goal_reached,1,0,S,0,0.1273,0.8433,0.049744,419.19
rigid,f104_v2_group_0220_route_11,infeasible,pid_native,goal_reached,1,0,S,na,0.3020,4.2179,0.007340,1678.82
rigid,f104_v2_group_0220_route_11,infeasible,pid_held_50ms,goal_reached,1,0,S,0,1.1350,2.3977,0.008018,1892.75
rigid,f104_v2_group_0220_route_11,infeasible,nrd_policy_v2,goal_reached,1,0,S,0,0.1463,2.6757,0.042947,780.53
rigid,f104_v2_group_0248_route_01,infeasible,pid_native,prolonged_blockage_terminated,0,1,U,na,0.6855,3.1231,0.005394,1651.85
rigid,f104_v2_group_0248_route_01,infeasible,pid_held_50ms,prolonged_blockage_terminated,0,1,U,0,0.3608,3.3185,0.005794,2458.52
rigid,f104_v2_group_0248_route_01,infeasible,nrd_policy_v2,prolonged_blockage_terminated,0,1,U,1,0.5291,3.6271,0.170550,3888.67
rigid,f104_v2_group_0248_route_02,infeasible,pid_native,goal_reached,1,0,S,na,0.0939,0.7697,0.022070,249.14
rigid,f104_v2_group_0248_route_02,infeasible,pid_held_50ms,goal_reached,1,0,S,0,0.0932,0.8328,0.022526,262.85
rigid,f104_v2_group_0248_route_02,infeasible,nrd_policy_v2,goal_reached,1,0,S,0,0.1293,0.6063,0.066902,258.82
rigid,f104_v2_group_0248_route_03,infeasible,pid_native,prolonged_blockage_terminated,0,1,U,na,0.5837,1.5317,0.008451,1745.04
rigid,f104_v2_group_0248_route_03,infeasible,pid_held_50ms,prolonged_blockage_terminated,0,1,U,0,0.4940,1.6582,0.007469,2294.76
rigid,f104_v2_group_0248_route_03,infeasible,nrd_policy_v2,prolonged_blockage_terminated,0,1,U,1,0.4176,1.8632,0.245063,4470.05
rigid,f104_v2_group_0248_route_06,infeasible,pid_native,goal_reached,1,0,S,na,0.2781,0.6258,0.019545,171.64
rigid,f104_v2_group_0248_route_06,infeasible,pid_held_50ms,goal_reached,1,0,S,0,0.2786,0.6560,0.019441,176.62
rigid,f104_v2_group_0248_route_06,infeasible,nrd_policy_v2,goal_reached,1,0,S,0,0.1015,0.4741,0.053812,208.67
rigid,f104_v2_group_0248_route_07,infeasible,pid_native,prolonged_blockage_terminated,0,1,U,na,0.6284,1.8413,0.004227,1764.45
rigid,f104_v2_group_0248_route_07,infeasible,pid_held_50ms,prolonged_blockage_terminated,0,1,U,0,0.6111,1.8847,0.006880,3756.23
rigid,f104_v2_group_0248_route_07,infeasible,nrd_policy_v2,timeout,0,0,F,0,0.5041,1.8837,0.152175,3932.27
rigid,f104_v2_group_0248_route_08,infeasible,pid_native,timeout,0,0,F,na,0.3059,1.7897,0.004195,6479.19
rigid,f104_v2_group_0248_route_08,infeasible,pid_held_50ms,timeout,0,0,F,0,0.4355,1.7426,0.003100,6491.07
rigid,f104_v2_group_0248_route_08,infeasible,nrd_policy_v2,prolonged_blockage_terminated,0,1,U,1,0.2776,1.7036,0.230508,3683.07
rigid,f104_v2_group_0248_route_09,infeasible,pid_native,goal_reached,1,0,S,na,0.3038,0.4614,0.020593,283.75
rigid,f104_v2_group_0248_route_09,infeasible,pid_held_50ms,goal_reached,1,0,S,0,0.3064,0.5906,0.018189,315.53
rigid,f104_v2_group_0248_route_09,infeasible,nrd_policy_v2,goal_reached,1,0,S,0,0.1578,0.6522,0.092793,344.43
rigid,f104_v2_group_0248_route_10,infeasible,pid_native,goal_reached,1,0,S,na,0.2933,0.7519,0.025055,238.28
rigid,f104_v2_group_0248_route_10,infeasible,pid_held_50ms,goal_reached,1,0,S,0,0.2951,0.7873,0.026395,238.13
rigid,f104_v2_group_0248_route_10,infeasible,nrd_policy_v2,goal_reached,1,0,S,0,0.1668,0.8856,0.054409,271.29
rigid,f104_v2_group_0248_route_11,infeasible,pid_native,prolonged_blockage_terminated,0,1,U,na,0.3660,1.7627,0.006376,3772.69
rigid,f104_v2_group_0248_route_11,infeasible,pid_held_50ms,prolonged_blockage_terminated,0,1,U,0,0.3575,1.8990,0.004259,4499.64
rigid,f104_v2_group_0248_route_11,infeasible,nrd_policy_v2,prolonged_blockage_terminated,0,1,U,1,0.2606,1.6989,0.224586,1996.63
rigid,f104_v2_group_0249_route_02,feasible,pid_native,goal_reached,1,0,S,na,0.0345,0.4346,0.020328,194.17
rigid,f104_v2_group_0249_route_02,feasible,pid_held_50ms,goal_reached,1,0,S,0,0.0318,0.4652,0.018668,187.00
rigid,f104_v2_group_0249_route_02,feasible,nrd_policy_v2,goal_reached,1,0,S,0,0.0463,0.3462,0.071829,256.94
rigid,f104_v2_group_0249_route_04,feasible,pid_native,goal_reached,1,0,S,na,0.1251,0.1495,0.009718,103.22
rigid,f104_v2_group_0249_route_04,feasible,pid_held_50ms,goal_reached,1,0,S,0,0.1269,0.1458,0.009897,104.92
rigid,f104_v2_group_0249_route_04,feasible,nrd_policy_v2,goal_reached,1,0,S,0,0.0358,0.1838,0.048778,97.40
rigid,f104_v2_group_0249_route_05,feasible,pid_native,goal_reached,1,0,S,na,0.1416,0.1081,0.013063,122.40
rigid,f104_v2_group_0249_route_05,feasible,pid_held_50ms,goal_reached,1,0,S,0,0.1458,0.1090,0.012694,125.97
rigid,f104_v2_group_0249_route_05,feasible,nrd_policy_v2,goal_reached,1,0,S,0,0.0735,0.1205,0.059820,153.42
rigid,f104_v2_group_0249_route_06,feasible,pid_native,goal_reached,1,0,S,na,0.1312,0.3779,0.015869,158.83
rigid,f104_v2_group_0249_route_06,feasible,pid_held_50ms,goal_reached,1,0,S,0,0.1293,0.4131,0.016830,163.89
rigid,f104_v2_group_0249_route_06,feasible,nrd_policy_v2,goal_reached,1,0,S,0,0.0679,0.2581,0.058170,190.63
rigid,f104_v2_group_0249_route_08,infeasible,pid_native,goal_reached,1,0,S,na,0.1744,0.1482,0.008979,138.26
rigid,f104_v2_group_0249_route_08,infeasible,pid_held_50ms,goal_reached,1,0,S,0,0.1765,0.1496,0.009599,143.03
rigid,f104_v2_group_0249_route_08,infeasible,nrd_policy_v2,goal_reached,1,0,S,0,0.0394,0.1569,0.049024,131.25
rigid,f104_v2_group_0249_route_09,feasible,pid_native,goal_reached,1,0,S,na,0.1660,0.2039,0.013302,200.42
rigid,f104_v2_group_0249_route_09,feasible,pid_held_50ms,goal_reached,1,0,S,0,0.1635,0.1376,0.011235,153.17
rigid,f104_v2_group_0249_route_09,feasible,nrd_policy_v2,goal_reached,1,0,S,0,0.0719,0.0965,0.055215,176.75
rigid,f104_v2_group_0249_route_10,feasible,pid_native,goal_reached,1,0,S,na,0.1537,0.4825,0.016380,206.30
rigid,f104_v2_group_0249_route_10,feasible,pid_held_50ms,goal_reached,1,0,S,0,0.1515,0.5191,0.017100,209.02
rigid,f104_v2_group_0249_route_10,feasible,nrd_policy_v2,goal_reached,1,0,S,0,0.0754,0.2845,0.062396,262.99
rigid,f104_v2_group_0303_route_00,infeasible,pid_native,prolonged_blockage_terminated,0,1,U,na,1.3382,2.1105,0.007129,2983.92
rigid,f104_v2_group_0303_route_00,infeasible,pid_held_50ms,goal_reached,1,0,S,0,0.5257,2.0837,0.007505,1715.84
rigid,f104_v2_group_0303_route_00,infeasible,nrd_policy_v2,goal_reached,1,0,S,0,0.8222,1.8091,0.065397,2756.43
rigid,f104_v2_group_0303_route_04,infeasible,pid_native,goal_reached,1,0,S,na,0.2642,1.2827,0.014632,923.82
rigid,f104_v2_group_0303_route_04,infeasible,pid_held_50ms,goal_reached,1,0,S,0,0.2920,2.0915,0.004107,4190.89
rigid,f104_v2_group_0303_route_04,infeasible,nrd_policy_v2,timeout,0,0,F,0,0.7648,1.7060,0.117263,2760.24
rigid,f104_v2_group_0303_route_05,feasible,pid_native,goal_reached,1,0,S,na,0.2819,0.6533,0.022614,355.24
rigid,f104_v2_group_0303_route_05,feasible,pid_held_50ms,goal_reached,1,0,S,0,0.2806,0.6390,0.022475,374.40
rigid,f104_v2_group_0303_route_05,feasible,nrd_policy_v2,goal_reached,1,0,S,0,0.1009,0.3707,0.064734,334.39
rigid,f104_v2_group_0303_route_06,feasible,pid_native,goal_reached,1,0,S,na,0.2849,1.4232,0.021021,410.24
rigid,f104_v2_group_0303_route_06,feasible,pid_held_50ms,goal_reached,1,0,S,0,0.3092,1.4360,0.021124,405.95
rigid,f104_v2_group_0303_route_06,feasible,nrd_policy_v2,goal_reached,1,0,S,0,0.0965,0.9471,0.048497,350.93
rigid,f104_v2_group_0303_route_07,infeasible,pid_native,goal_reached,1,0,S,na,0.3106,2.3114,0.009449,1314.49
rigid,f104_v2_group_0303_route_07,infeasible,pid_held_50ms,timeout,0,0,F,0,4.5402,2.5053,0.002874,5809.57
rigid,f104_v2_group_0303_route_07,infeasible,nrd_policy_v2,prolonged_blockage_terminated,0,1,U,0,4.6379,2.0267,0.013990,1674.67
rigid,f104_v2_group_0303_route_08,infeasible,pid_native,goal_reached,1,0,S,na,1.1339,1.0955,0.013273,1215.06
rigid,f104_v2_group_0303_route_08,infeasible,pid_held_50ms,goal_reached,1,0,S,0,1.0627,1.1050,0.012175,1306.54
rigid,f104_v2_group_0303_route_08,infeasible,nrd_policy_v2,goal_reached,1,0,S,0,1.0314,1.4536,0.037561,1558.53
rigid,f104_v2_group_0303_route_09,infeasible,pid_native,goal_reached,1,0,S,na,0.3027,0.6242,0.020427,402.28
rigid,f104_v2_group_0303_route_09,infeasible,pid_held_50ms,goal_reached,1,0,S,0,0.3030,0.8255,0.019838,415.10
rigid,f104_v2_group_0303_route_09,infeasible,nrd_policy_v2,goal_reached,1,0,S,0,0.1104,0.3741,0.054380,311.78
rigid,f104_v2_group_0303_route_10,infeasible,pid_native,goal_reached,1,0,S,na,0.3203,1.2458,0.019990,374.12
rigid,f104_v2_group_0303_route_10,infeasible,pid_held_50ms,goal_reached,1,0,S,0,0.3094,1.3058,0.019856,373.27
rigid,f104_v2_group_0303_route_10,infeasible,nrd_policy_v2,goal_reached,1,0,S,0,0.2289,0.8248,0.040867,372.35
rigid,f104_v2_group_0344_route_03,infeasible,pid_native,goal_reached,1,0,S,na,0.2431,0.6403,0.025427,258.66
rigid,f104_v2_group_0344_route_03,infeasible,pid_held_50ms,goal_reached,1,0,S,0,0.2349,0.6900,0.025833,270.07
rigid,f104_v2_group_0344_route_03,infeasible,nrd_policy_v2,goal_reached,1,0,S,0,0.1938,0.2829,0.063601,214.54
rigid,f104_v2_group_0344_route_04,infeasible,pid_native,prolonged_blockage_terminated,0,1,U,na,2.3716,1.4750,0.008646,1641.38
rigid,f104_v2_group_0344_route_04,infeasible,pid_held_50ms,prolonged_blockage_terminated,0,1,U,0,2.3044,1.4565,0.008333,1653.06
rigid,f104_v2_group_0344_route_04,infeasible,nrd_policy_v2,prolonged_blockage_terminated,0,1,U,1,1.5315,1.8046,0.122820,4011.97
rigid,f104_v2_group_0344_route_05,infeasible,pid_native,prolonged_blockage_terminated,0,1,U,na,1.6891,3.8075,0.002888,2994.36
rigid,f104_v2_group_0344_route_05,infeasible,pid_held_50ms,prolonged_blockage_terminated,0,1,U,0,1.7402,3.7940,0.003573,2478.85
rigid,f104_v2_group_0344_route_05,infeasible,nrd_policy_v2,goal_reached,1,0,S,0,0.4490,2.7874,0.063337,1246.70
rigid,f104_v2_group_0344_route_06,infeasible,pid_native,goal_reached,1,0,S,na,0.3652,3.0364,0.014784,616.29
rigid,f104_v2_group_0344_route_06,infeasible,pid_held_50ms,goal_reached,1,0,S,0,0.3284,2.9709,0.014577,615.92
rigid,f104_v2_group_0344_route_06,infeasible,nrd_policy_v2,goal_reached,1,0,S,0,0.1579,1.5580,0.046466,344.61
rigid,f104_v2_group_0344_route_08,infeasible,pid_native,goal_reached,1,0,S,na,0.3778,0.2761,0.016196,282.86
rigid,f104_v2_group_0344_route_08,infeasible,pid_held_50ms,goal_reached,1,0,S,0,0.3783,0.2775,0.015921,289.42
rigid,f104_v2_group_0344_route_08,infeasible,nrd_policy_v2,goal_reached,1,0,S,0,0.8747,0.9631,0.082380,465.67
rigid,f104_v2_group_0344_route_10,feasible,pid_native,goal_reached,1,0,S,na,0.2927,0.5590,0.026844,213.82
rigid,f104_v2_group_0344_route_10,feasible,pid_held_50ms,goal_reached,1,0,S,0,0.2976,0.5733,0.026234,209.84
rigid,f104_v2_group_0344_route_10,feasible,nrd_policy_v2,goal_reached,1,0,S,0,0.1112,0.3625,0.066436,261.26
rigid,f104_v2_group_0344_route_11,feasible,pid_native,goal_reached,1,0,S,na,0.3104,0.3796,0.026052,184.48
rigid,f104_v2_group_0344_route_11,feasible,pid_held_50ms,goal_reached,1,0,S,0,0.3100,0.3844,0.026512,183.50
rigid,f104_v2_group_0344_route_11,feasible,nrd_policy_v2,goal_reached,1,0,S,0,0.1087,0.1916,0.065192,200.22
rigid,f104_v2_group_0353_route_00,infeasible,pid_native,goal_reached,1,0,S,na,0.4809,1.4802,0.004336,3446.00
rigid,f104_v2_group_0353_route_00,infeasible,pid_held_50ms,prolonged_blockage_terminated,0,1,U,0,1.1950,1.5725,0.004036,3541.66
rigid,f104_v2_group_0353_route_00,infeasible,nrd_policy_v2,goal_reached,1,0,S,0,0.1624,0.4870,0.056514,372.25
rigid,f104_v2_group_0353_route_01,infeasible,pid_native,goal_reached,1,0,S,na,0.1967,1.2787,0.015028,501.69
rigid,f104_v2_group_0353_route_01,infeasible,pid_held_50ms,goal_reached,1,0,S,0,0.1948,1.5651,0.014461,649.90
rigid,f104_v2_group_0353_route_01,infeasible,nrd_policy_v2,goal_reached,1,0,S,0,0.1172,0.7434,0.061539,332.80
rigid,f104_v2_group_0353_route_04,infeasible,pid_native,goal_reached,1,0,S,na,0.9275,1.3830,0.004256,2166.03
rigid,f104_v2_group_0353_route_04,infeasible,pid_held_50ms,prolonged_blockage_terminated,0,1,U,0,1.5029,1.3145,0.005355,853.74
rigid,f104_v2_group_0353_route_04,infeasible,nrd_policy_v2,goal_reached,1,0,S,0,0.4900,1.2606,0.025807,1394.72
rigid,f104_v2_group_0353_route_05,infeasible,pid_native,goal_reached,1,0,S,na,0.3705,0.3214,0.019131,232.59
rigid,f104_v2_group_0353_route_05,infeasible,pid_held_50ms,goal_reached,1,0,S,0,0.3712,0.3392,0.018952,246.59
rigid,f104_v2_group_0353_route_05,infeasible,nrd_policy_v2,goal_reached,1,0,S,0,0.1267,0.2627,0.077447,275.57
rigid,f104_v2_group_0353_route_07,infeasible,pid_native,goal_reached,1,0,S,na,0.3502,0.3899,0.022515,207.25
rigid,f104_v2_group_0353_route_07,infeasible,pid_held_50ms,goal_reached,1,0,S,0,0.3517,0.4003,0.023170,221.59
rigid,f104_v2_group_0353_route_07,infeasible,nrd_policy_v2,goal_reached,1,0,S,0,0.1677,0.2542,0.051642,237.37
rigid,f104_v2_group_0353_route_09,feasible,pid_native,goal_reached,1,0,S,na,0.2759,0.3340,0.021676,190.11
rigid,f104_v2_group_0353_route_09,feasible,pid_held_50ms,goal_reached,1,0,S,0,0.2818,0.3077,0.021204,178.45
rigid,f104_v2_group_0353_route_09,feasible,nrd_policy_v2,goal_reached,1,0,S,0,0.1026,0.2634,0.068332,289.74
rigid,f104_v2_group_0353_route_10,feasible,pid_native,goal_reached,1,0,S,na,0.2925,0.9233,0.025202,244.97
rigid,f104_v2_group_0353_route_10,feasible,pid_held_50ms,goal_reached,1,0,S,0,0.2884,1.0068,0.023841,213.95
rigid,f104_v2_group_0353_route_10,feasible,nrd_policy_v2,goal_reached,1,0,S,0,0.1494,0.7453,0.066599,286.87
rigid,f104_v2_group_0353_route_11,infeasible,pid_native,goal_reached,1,0,S,na,0.2904,0.2860,0.022863,180.82
rigid,f104_v2_group_0353_route_11,infeasible,pid_held_50ms,goal_reached,1,0,S,0,0.2847,0.2977,0.023583,184.01
rigid,f104_v2_group_0353_route_11,infeasible,nrd_policy_v2,goal_reached,1,0,S,0,0.1016,0.2376,0.065327,212.86
rigid,f104_v2_group_0366_route_00,feasible,pid_native,goal_reached,1,0,S,na,0.0278,0.2302,0.012527,255.86
rigid,f104_v2_group_0366_route_00,feasible,pid_held_50ms,goal_reached,1,0,S,0,0.0323,0.2545,0.012900,282.53
rigid,f104_v2_group_0366_route_00,feasible,nrd_policy_v2,goal_reached,1,0,S,0,0.0315,0.1290,0.047919,178.21
rigid,f104_v2_group_0366_route_01,feasible,pid_native,goal_reached,1,0,S,na,0.0469,0.1759,0.017172,177.78
rigid,f104_v2_group_0366_route_01,feasible,pid_held_50ms,goal_reached,1,0,S,0,0.0462,0.1969,0.018209,190.14
rigid,f104_v2_group_0366_route_01,feasible,nrd_policy_v2,goal_reached,1,0,S,0,0.0426,0.2035,0.065554,259.98
rigid,f104_v2_group_0366_route_03,feasible,pid_native,goal_reached,1,0,S,na,0.0369,0.1814,0.018813,152.03
rigid,f104_v2_group_0366_route_03,feasible,pid_held_50ms,goal_reached,1,0,S,0,0.0379,0.2012,0.018528,146.79
rigid,f104_v2_group_0366_route_03,feasible,nrd_policy_v2,goal_reached,1,0,S,0,0.0397,0.1172,0.055897,191.09
rigid,f104_v2_group_0366_route_04,infeasible,pid_native,prolonged_blockage_terminated,0,1,U,na,1.6250,1.4798,0.003406,2031.69
rigid,f104_v2_group_0366_route_04,infeasible,pid_held_50ms,goal_reached,1,0,S,0,0.3527,1.2524,0.006378,1242.69
rigid,f104_v2_group_0366_route_04,infeasible,nrd_policy_v2,goal_reached,1,0,S,0,0.1081,0.8984,0.106154,738.77
rigid,f104_v2_group_0366_route_05,feasible,pid_native,goal_reached,1,0,S,na,0.2396,0.1877,0.013766,188.75
rigid,f104_v2_group_0366_route_05,feasible,pid_held_50ms,goal_reached,1,0,S,0,0.2399,0.2036,0.013752,194.84
rigid,f104_v2_group_0366_route_05,feasible,nrd_policy_v2,goal_reached,1,0,S,0,0.0563,0.2326,0.057338,207.24
rigid,f104_v2_group_0366_route_07,feasible,pid_native,goal_reached,1,0,S,na,0.2573,0.2003,0.016045,147.36
rigid,f104_v2_group_0366_route_07,feasible,pid_held_50ms,goal_reached,1,0,S,0,0.2606,0.2109,0.016123,146.21
rigid,f104_v2_group_0366_route_07,feasible,nrd_policy_v2,goal_reached,1,0,S,0,0.1230,0.1814,0.056338,206.41
rigid,f104_v2_group_0366_route_09,feasible,pid_native,goal_reached,1,0,S,na,0.2130,0.2579,0.015653,210.33
rigid,f104_v2_group_0366_route_09,feasible,pid_held_50ms,goal_reached,1,0,S,0,0.2115,0.2689,0.015422,199.03
rigid,f104_v2_group_0366_route_09,feasible,nrd_policy_v2,goal_reached,1,0,S,0,0.0882,0.2911,0.061590,279.73
rigid,f104_v2_group_0374_route_01,infeasible,pid_native,goal_reached,1,0,S,na,0.3790,2.5893,0.010666,799.12
rigid,f104_v2_group_0374_route_01,infeasible,pid_held_50ms,goal_reached,1,0,S,0,0.4191,2.8252,0.010760,942.11
rigid,f104_v2_group_0374_route_01,infeasible,nrd_policy_v2,goal_reached,1,0,S,0,0.1806,0.6273,0.053079,395.64
rigid,f104_v2_group_0374_route_02,infeasible,pid_native,goal_reached,1,0,S,na,0.1595,0.7210,0.023449,226.74
rigid,f104_v2_group_0374_route_02,infeasible,pid_held_50ms,goal_reached,1,0,S,0,0.1737,0.7172,0.023580,225.98
rigid,f104_v2_group_0374_route_02,infeasible,nrd_policy_v2,goal_reached,1,0,S,0,0.1033,0.4341,0.054414,241.56
rigid,f104_v2_group_0374_route_04,infeasible,pid_native,prolonged_blockage_terminated,0,1,U,na,3.4904,1.7317,0.004447,2054.82
rigid,f104_v2_group_0374_route_04,infeasible,pid_held_50ms,prolonged_blockage_terminated,0,1,U,0,3.5177,1.7112,0.004438,2077.12
rigid,f104_v2_group_0374_route_04,infeasible,nrd_policy_v2,goal_reached,1,0,S,0,2.8564,2.0107,0.095897,3152.34
rigid,f104_v2_group_0374_route_05,infeasible,pid_native,goal_reached,1,0,S,na,1.1028,3.5657,0.002146,3829.17
rigid,f104_v2_group_0374_route_05,infeasible,pid_held_50ms,prolonged_blockage_terminated,0,1,U,0,3.1432,3.8472,0.003816,3476.10
rigid,f104_v2_group_0374_route_05,infeasible,nrd_policy_v2,goal_reached,1,0,S,0,1.5935,3.4282,0.024313,3104.11
rigid,f104_v2_group_0374_route_08,infeasible,pid_native,goal_reached,1,0,S,na,0.3551,0.1231,0.010734,145.14
rigid,f104_v2_group_0374_route_08,infeasible,pid_held_50ms,goal_reached,1,0,S,0,0.3533,0.1279,0.010585,150.66
rigid,f104_v2_group_0374_route_08,infeasible,nrd_policy_v2,goal_reached,1,0,S,0,0.1134,0.1685,0.052446,161.63
rigid,f104_v2_group_0374_route_09,infeasible,pid_native,goal_reached,1,0,S,na,0.3008,0.1270,0.015959,158.80
rigid,f104_v2_group_0374_route_09,infeasible,pid_held_50ms,goal_reached,1,0,S,0,0.3063,0.1249,0.015590,160.63
rigid,f104_v2_group_0374_route_09,infeasible,nrd_policy_v2,goal_reached,1,0,S,0,0.1504,0.1307,0.065204,214.11
rigid,f104_v2_group_0374_route_10,infeasible,pid_native,goal_reached,1,0,S,na,0.2618,0.3685,0.019931,172.65
rigid,f104_v2_group_0374_route_10,infeasible,pid_held_50ms,goal_reached,1,0,S,0,0.2722,0.4070,0.020956,175.87
rigid,f104_v2_group_0374_route_10,infeasible,nrd_policy_v2,goal_reached,1,0,S,0,0.1581,0.3543,0.098572,315.30
rigid,f104_v2_group_0374_route_11,infeasible,pid_native,goal_reached,1,0,S,na,0.3124,0.3456,0.024852,214.98
rigid,f104_v2_group_0374_route_11,infeasible,pid_held_50ms,goal_reached,1,0,S,0,0.3270,0.3764,0.025023,222.64
rigid,f104_v2_group_0374_route_11,infeasible,nrd_policy_v2,goal_reached,1,0,S,0,0.1166,0.2087,0.072506,263.27
rigid,f104_v2_group_0415_route_00,feasible,pid_native,goal_reached,1,0,S,na,0.2119,1.3241,0.009382,1206.80
rigid,f104_v2_group_0415_route_00,feasible,pid_held_50ms,goal_reached,1,0,S,0,0.2102,1.0159,0.012804,713.67
rigid,f104_v2_group_0415_route_00,feasible,nrd_policy_v2,goal_reached,1,0,S,0,0.2285,0.8941,0.099401,496.62
rigid,f104_v2_group_0415_route_01,feasible,pid_native,goal_reached,1,0,S,na,0.1640,0.4940,0.024635,194.43
rigid,f104_v2_group_0415_route_01,feasible,pid_held_50ms,goal_reached,1,0,S,0,0.1746,0.5543,0.024400,202.61
rigid,f104_v2_group_0415_route_01,feasible,nrd_policy_v2,goal_reached,1,0,S,0,0.1789,0.4437,0.061744,214.18
rigid,f104_v2_group_0415_route_05,infeasible,pid_native,goal_reached,1,0,S,na,0.5067,0.2307,0.025658,143.14
rigid,f104_v2_group_0415_route_05,infeasible,pid_held_50ms,goal_reached,1,0,S,0,0.4970,0.2514,0.026890,148.15
rigid,f104_v2_group_0415_route_05,infeasible,nrd_policy_v2,goal_reached,1,0,S,0,0.2794,0.3237,0.067371,193.01
rigid,f104_v2_group_0415_route_06,infeasible,pid_native,goal_reached,1,0,S,na,0.4451,0.6613,0.028840,187.65
rigid,f104_v2_group_0415_route_06,infeasible,pid_held_50ms,goal_reached,1,0,S,0,0.4563,0.7019,0.029475,180.54
rigid,f104_v2_group_0415_route_06,infeasible,nrd_policy_v2,goal_reached,1,0,S,0,0.4208,0.5647,0.052683,215.34
rigid,f104_v2_group_0415_route_07,infeasible,pid_native,goal_reached,1,0,S,na,0.5022,0.7157,0.028684,220.95
rigid,f104_v2_group_0415_route_07,infeasible,pid_held_50ms,goal_reached,1,0,S,0,0.4767,0.7455,0.030170,227.97
rigid,f104_v2_group_0415_route_07,infeasible,nrd_policy_v2,goal_reached,1,0,S,0,0.3867,0.4405,0.058980,199.78
rigid,f104_v2_group_0415_route_10,infeasible,pid_native,goal_reached,1,0,S,na,0.3890,0.6723,0.025936,140.87
rigid,f104_v2_group_0415_route_10,infeasible,pid_held_50ms,goal_reached,1,0,S,0,0.3937,0.7454,0.025522,143.84
rigid,f104_v2_group_0415_route_10,infeasible,nrd_policy_v2,goal_reached,1,0,S,0,0.1900,0.5491,0.047626,157.15
rigid,f104_v2_group_0439_route_00,infeasible,pid_native,prolonged_blockage_terminated,0,1,U,na,1.4785,1.2975,0.004913,2170.55
rigid,f104_v2_group_0439_route_00,infeasible,pid_held_50ms,prolonged_blockage_terminated,0,1,U,0,1.4699,1.5634,0.003968,4246.17
rigid,f104_v2_group_0439_route_00,infeasible,nrd_policy_v2,goal_reached,1,0,S,0,0.0300,0.9165,0.090254,600.27
rigid,f104_v2_group_0439_route_01,feasible,pid_native,goal_reached,1,0,S,na,0.0594,0.2321,0.014805,198.15
rigid,f104_v2_group_0439_route_01,feasible,pid_held_50ms,goal_reached,1,0,S,0,0.0746,0.3288,0.016206,241.75
rigid,f104_v2_group_0439_route_01,feasible,nrd_policy_v2,goal_reached,1,0,S,0,0.0714,0.2732,0.062066,254.27
rigid,f104_v2_group_0439_route_02,feasible,pid_native,goal_reached,1,0,S,na,0.0884,0.6328,0.019589,222.72
rigid,f104_v2_group_0439_route_02,feasible,pid_held_50ms,goal_reached,1,0,S,0,0.0735,0.6339,0.019956,216.07
rigid,f104_v2_group_0439_route_02,feasible,nrd_policy_v2,goal_reached,1,0,S,0,0.0757,0.4156,0.076482,315.74
rigid,f104_v2_group_0439_route_04,infeasible,pid_native,goal_reached,1,0,S,na,0.6414,0.5803,0.010357,458.34
rigid,f104_v2_group_0439_route_04,infeasible,pid_held_50ms,goal_reached,1,0,S,0,0.5781,0.6514,0.009975,468.50
rigid,f104_v2_group_0439_route_04,infeasible,nrd_policy_v2,goal_reached,1,0,S,0,0.1877,0.8765,0.045742,433.17
rigid,f104_v2_group_0439_route_05,infeasible,pid_native,goal_reached,1,0,S,na,0.2749,0.2499,0.014242,203.08
rigid,f104_v2_group_0439_route_05,infeasible,pid_held_50ms,goal_reached,1,0,S,0,0.2765,0.2672,0.014907,214.03
rigid,f104_v2_group_0439_route_05,infeasible,nrd_policy_v2,goal_reached,1,0,S,0,0.0789,0.2339,0.067848,257.10
rigid,f104_v2_group_0439_route_06,infeasible,pid_native,goal_reached,1,0,S,na,0.2799,0.5751,0.021754,220.10
rigid,f104_v2_group_0439_route_06,infeasible,pid_held_50ms,goal_reached,1,0,S,0,0.2771,0.6377,0.021518,227.84
rigid,f104_v2_group_0439_route_06,infeasible,nrd_policy_v2,goal_reached,1,0,S,0,0.1066,0.4261,0.065479,296.00
rigid,f104_v2_group_0439_route_07,infeasible,pid_native,goal_reached,1,0,S,na,0.3028,0.2945,0.017790,209.89
rigid,f104_v2_group_0439_route_07,infeasible,pid_held_50ms,goal_reached,1,0,S,0,0.2862,0.3205,0.017751,203.29
rigid,f104_v2_group_0439_route_07,infeasible,nrd_policy_v2,goal_reached,1,0,S,0,0.0894,0.2578,0.059187,236.01
rigid,f104_v2_group_0439_route_08,infeasible,pid_native,goal_reached,1,0,S,na,0.3231,1.1737,0.005436,1884.24
rigid,f104_v2_group_0439_route_08,infeasible,pid_held_50ms,prolonged_blockage_terminated,0,1,U,0,1.6150,1.0217,0.004939,428.85
rigid,f104_v2_group_0439_route_08,infeasible,nrd_policy_v2,goal_reached,1,0,S,0,0.1765,0.7121,0.071473,511.61
rigid,f104_v2_group_0481_route_00,infeasible,pid_native,timeout,0,0,F,na,3.2527,1.8580,0.001567,7016.07
rigid,f104_v2_group_0481_route_00,infeasible,pid_held_50ms,timeout,0,0,F,0,2.8218,1.8734,0.002335,6842.43
rigid,f104_v2_group_0481_route_00,infeasible,nrd_policy_v2,timeout,0,0,F,0,3.2754,1.8183,0.016401,6023.37
rigid,f104_v2_group_0481_route_01,infeasible,pid_native,goal_reached,1,0,S,na,0.1468,2.0960,0.013499,906.01
rigid,f104_v2_group_0481_route_01,infeasible,pid_held_50ms,prolonged_blockage_terminated,0,1,U,0,2.4380,3.6020,0.007163,2425.33
rigid,f104_v2_group_0481_route_01,infeasible,nrd_policy_v2,prolonged_blockage_terminated,0,1,U,0,2.9735,3.6145,0.015020,2368.37
rigid,f104_v2_group_0481_route_02,infeasible,pid_native,goal_reached,1,0,S,na,0.2253,1.7322,0.019031,482.92
rigid,f104_v2_group_0481_route_02,infeasible,pid_held_50ms,goal_reached,1,0,S,0,0.2721,1.9921,0.017951,533.98
rigid,f104_v2_group_0481_route_02,infeasible,nrd_policy_v2,goal_reached,1,0,S,0,0.1709,1.1147,0.048693,422.69
rigid,f104_v2_group_0481_route_03,infeasible,pid_native,prolonged_blockage_terminated,0,1,U,na,2.6355,5.3122,0.004484,3279.74
rigid,f104_v2_group_0481_route_03,infeasible,pid_held_50ms,terrain_bounds_exit,0,1,U,0,2.5052,4.0306,0.005779,3840.31
rigid,f104_v2_group_0481_route_03,infeasible,nrd_policy_v2,goal_reached,1,0,S,0,0.1441,0.7844,0.062071,375.65
rigid,f104_v2_group_0481_route_05,infeasible,pid_native,goal_reached,1,0,S,na,0.1880,1.5536,0.016368,653.14
rigid,f104_v2_group_0481_route_05,infeasible,pid_held_50ms,goal_reached,1,0,S,0,0.1453,2.7168,0.011302,1372.70
rigid,f104_v2_group_0481_route_05,infeasible,nrd_policy_v2,goal_reached,1,0,S,0,0.0843,0.3321,0.069663,362.49
rigid,f104_v2_group_0481_route_06,infeasible,pid_native,goal_reached,1,0,S,na,0.1889,1.0333,0.025147,353.10
rigid,f104_v2_group_0481_route_06,infeasible,pid_held_50ms,goal_reached,1,0,S,0,0.2116,1.1268,0.025255,369.12
rigid,f104_v2_group_0481_route_06,infeasible,nrd_policy_v2,goal_reached,1,0,S,0,0.1364,0.6975,0.058674,356.04
rigid,f104_v2_group_0481_route_07,infeasible,pid_native,goal_reached,1,0,S,na,0.1733,0.7274,0.021360,332.51
rigid,f104_v2_group_0481_route_07,infeasible,pid_held_50ms,goal_reached,1,0,S,0,0.1665,0.8010,0.021672,345.77
rigid,f104_v2_group_0481_route_07,infeasible,nrd_policy_v2,goal_reached,1,0,S,0,0.1143,0.3735,0.066514,283.37
rigid,f104_v2_group_0481_route_09,feasible,pid_native,goal_reached,1,0,S,na,0.1764,0.1829,0.013719,168.72
rigid,f104_v2_group_0481_route_09,feasible,pid_held_50ms,goal_reached,1,0,S,0,0.1782,0.1923,0.013922,173.64
rigid,f104_v2_group_0481_route_09,feasible,nrd_policy_v2,goal_reached,1,0,S,0,0.0925,0.1717,0.055465,219.64
rigid,f104_v2_group_0481_route_10,feasible,pid_native,goal_reached,1,0,S,na,0.1598,0.6543,0.015978,196.66
rigid,f104_v2_group_0481_route_10,feasible,pid_held_50ms,goal_reached,1,0,S,0,0.1609,0.6947,0.014871,197.11
rigid,f104_v2_group_0481_route_10,feasible,nrd_policy_v2,goal_reached,1,0,S,0,0.0704,0.4815,0.080151,304.02
rigid,f104_v2_group_0481_route_11,feasible,pid_native,goal_reached,1,0,S,na,0.1712,0.2735,0.015910,152.00
rigid,f104_v2_group_0481_route_11,feasible,pid_held_50ms,goal_reached,1,0,S,0,0.1710,0.2944,0.016487,158.19
rigid,f104_v2_group_0481_route_11,feasible,nrd_policy_v2,goal_reached,1,0,S,0,0.0582,0.1760,0.069951,208.60
rigid,f104_v2_group_0491_route_03,feasible,pid_native,goal_reached,1,0,S,na,0.0647,0.3087,0.023319,179.80
rigid,f104_v2_group_0491_route_03,feasible,pid_held_50ms,goal_reached,1,0,S,0,0.0649,0.3406,0.023946,178.90
rigid,f104_v2_group_0491_route_03,feasible,nrd_policy_v2,goal_reached,1,0,S,0,0.0997,0.2155,0.055941,158.00
rigid,f104_v2_group_0491_route_04,infeasible,pid_native,goal_reached,1,0,S,na,0.3436,1.8768,0.002740,3907.76
rigid,f104_v2_group_0491_route_04,infeasible,pid_held_50ms,goal_reached,1,0,S,0,0.3404,1.3604,0.009947,1147.44
rigid,f104_v2_group_0491_route_04,infeasible,nrd_policy_v2,goal_reached,1,0,S,0,0.1163,0.9232,0.078994,510.83
rigid,f104_v2_group_0491_route_07,feasible,pid_native,goal_reached,1,0,S,na,0.1962,0.2707,0.021254,167.31
rigid,f104_v2_group_0491_route_07,feasible,pid_held_50ms,goal_reached,1,0,S,0,0.2022,0.2853,0.021080,171.72
rigid,f104_v2_group_0491_route_07,feasible,nrd_policy_v2,goal_reached,1,0,S,0,0.1074,0.3794,0.055561,174.21
rigid,f104_v2_group_0491_route_08,infeasible,pid_native,goal_reached,1,0,S,na,0.3488,0.2781,0.011423,325.50
rigid,f104_v2_group_0491_route_08,infeasible,pid_held_50ms,goal_reached,1,0,S,0,0.3492,0.2820,0.011652,329.32
rigid,f104_v2_group_0491_route_08,infeasible,nrd_policy_v2,goal_reached,1,0,S,0,0.1228,0.2533,0.053348,208.82
rigid,f104_v2_group_0491_route_09,feasible,pid_native,goal_reached,1,0,S,na,0.2788,0.2562,0.017414,199.33
rigid,f104_v2_group_0491_route_09,feasible,pid_held_50ms,goal_reached,1,0,S,0,0.2814,0.2793,0.018063,205.46
rigid,f104_v2_group_0491_route_09,feasible,nrd_policy_v2,goal_reached,1,0,S,0,0.0984,0.1567,0.056778,197.55
rigid,f104_v2_group_0491_route_10,feasible,pid_native,goal_reached,1,0,S,na,0.2598,0.5963,0.023880,220.95
rigid,f104_v2_group_0491_route_10,feasible,pid_held_50ms,goal_reached,1,0,S,0,0.2498,0.6411,0.025403,225.70
rigid,f104_v2_group_0491_route_10,feasible,nrd_policy_v2,goal_reached,1,0,S,0,0.1107,0.4302,0.060033,235.82
rigid,f104_v2_group_0491_route_11,infeasible,pid_native,goal_reached,1,0,S,na,0.2358,0.3353,0.020020,238.55
rigid,f104_v2_group_0491_route_11,infeasible,pid_held_50ms,goal_reached,1,0,S,0,0.2557,0.3497,0.020578,241.18
rigid,f104_v2_group_0491_route_11,infeasible,nrd_policy_v2,goal_reached,1,0,S,0,0.1795,0.2981,0.056036,231.40
rigid,f104_v2_group_0498_route_00,infeasible,pid_native,goal_reached,1,0,S,na,0.2550,0.1688,0.016331,194.95
rigid,f104_v2_group_0498_route_00,infeasible,pid_held_50ms,goal_reached,1,0,S,0,0.2670,0.2166,0.017141,225.97
rigid,f104_v2_group_0498_route_00,infeasible,nrd_policy_v2,goal_reached,1,0,S,0,0.0804,0.2298,0.052983,163.66
rigid,f104_v2_group_0498_route_03,feasible,pid_native,goal_reached,1,0,S,na,0.1887,0.6297,0.025422,298.33
rigid,f104_v2_group_0498_route_03,feasible,pid_held_50ms,goal_reached,1,0,S,0,0.1866,0.7034,0.025058,295.69
rigid,f104_v2_group_0498_route_03,feasible,nrd_policy_v2,goal_reached,1,0,S,0,0.1637,0.3736,0.053315,266.96
rigid,f104_v2_group_0498_route_04,infeasible,pid_native,goal_reached,1,0,S,na,0.4467,0.2023,0.015385,202.60
rigid,f104_v2_group_0498_route_04,infeasible,pid_held_50ms,goal_reached,1,0,S,0,0.4489,0.2085,0.015739,208.49
rigid,f104_v2_group_0498_route_04,infeasible,nrd_policy_v2,goal_reached,1,0,S,0,0.1528,0.4026,0.077571,276.60
rigid,f104_v2_group_0498_route_06,feasible,pid_native,goal_reached,1,0,S,na,0.3536,0.7443,0.025348,237.83
rigid,f104_v2_group_0498_route_06,feasible,pid_held_50ms,goal_reached,1,0,S,0,0.3549,0.7862,0.026245,240.66
rigid,f104_v2_group_0498_route_06,feasible,nrd_policy_v2,goal_reached,1,0,S,0,0.1588,0.5977,0.050506,275.32
rigid,f104_v2_group_0498_route_08,infeasible,pid_native,goal_reached,1,0,S,na,0.3162,0.1593,0.014176,153.11
rigid,f104_v2_group_0498_route_08,infeasible,pid_held_50ms,goal_reached,1,0,S,0,0.3053,0.1669,0.014896,161.03
rigid,f104_v2_group_0498_route_08,infeasible,nrd_policy_v2,prolonged_blockage_terminated,0,1,U,1,2.5196,1.7475,0.182201,2376.88
rigid,f104_v2_group_0498_route_09,feasible,pid_native,goal_reached,1,0,S,na,0.2978,0.2519,0.021210,188.21
rigid,f104_v2_group_0498_route_09,feasible,pid_held_50ms,goal_reached,1,0,S,0,0.2976,0.3873,0.025332,238.04
rigid,f104_v2_group_0498_route_09,feasible,nrd_policy_v2,goal_reached,1,0,S,0,0.1144,0.1975,0.057470,219.95
rigid,f104_v2_group_0498_route_10,feasible,pid_native,goal_reached,1,0,S,na,0.2854,0.6265,0.025561,204.58
rigid,f104_v2_group_0498_route_10,feasible,pid_held_50ms,goal_reached,1,0,S,0,0.2783,0.5814,0.026765,210.14
rigid,f104_v2_group_0498_route_10,feasible,nrd_policy_v2,goal_reached,1,0,S,0,0.1234,0.4875,0.054367,219.62
rigid,f104_v2_group_0502_route_00,infeasible,pid_native,goal_reached,1,0,S,na,0.1929,0.1980,0.009824,315.22
rigid,f104_v2_group_0502_route_00,infeasible,pid_held_50ms,goal_reached,1,0,S,0,0.1926,0.1614,0.010332,240.15
rigid,f104_v2_group_0502_route_00,infeasible,nrd_policy_v2,goal_reached,1,0,S,0,0.0695,0.2658,0.059913,219.25
rigid,f104_v2_group_0502_route_01,infeasible,pid_native,goal_reached,1,0,S,na,0.1000,0.3218,0.013916,230.36
rigid,f104_v2_group_0502_route_01,infeasible,pid_held_50ms,goal_reached,1,0,S,0,0.1059,0.2721,0.014712,241.50
rigid,f104_v2_group_0502_route_01,infeasible,nrd_policy_v2,goal_reached,1,0,S,0,0.0729,0.1998,0.065504,275.00
rigid,f104_v2_group_0502_route_02,feasible,pid_native,goal_reached,1,0,S,na,0.1368,0.5113,0.018548,219.13
rigid,f104_v2_group_0502_route_02,feasible,pid_held_50ms,goal_reached,1,0,S,0,0.1406,0.5336,0.018589,227.32
rigid,f104_v2_group_0502_route_02,feasible,nrd_policy_v2,goal_reached,1,0,S,0,0.1729,0.3067,0.067513,316.21
rigid,f104_v2_group_0502_route_03,infeasible,pid_native,goal_reached,1,0,S,na,0.1723,0.3069,0.017979,286.82
rigid,f104_v2_group_0502_route_03,infeasible,pid_held_50ms,goal_reached,1,0,S,0,0.1738,0.3001,0.018166,274.69
rigid,f104_v2_group_0502_route_03,infeasible,nrd_policy_v2,goal_reached,1,0,S,0,0.0696,0.1959,0.063893,221.91
rigid,f104_v2_group_0502_route_04,infeasible,pid_native,goal_reached,1,0,S,na,0.6137,0.7929,0.007124,1095.25
rigid,f104_v2_group_0502_route_04,infeasible,pid_held_50ms,goal_reached,1,0,S,0,0.6615,1.0046,0.004683,1125.14
rigid,f104_v2_group_0502_route_04,infeasible,nrd_policy_v2,goal_reached,1,0,S,0,0.2211,0.9165,0.061879,558.80
rigid,f104_v2_group_0502_route_06,feasible,pid_native,goal_reached,1,0,S,na,0.2620,0.4907,0.016672,228.46
rigid,f104_v2_group_0502_route_06,feasible,pid_held_50ms,goal_reached,1,0,S,0,0.2440,0.5146,0.015664,223.96
rigid,f104_v2_group_0502_route_06,feasible,nrd_policy_v2,goal_reached,1,0,S,0,0.0862,0.3053,0.059693,290.27
rigid,f104_v2_group_0503_route_00,feasible,pid_native,goal_reached,1,0,S,na,0.0468,0.1141,0.008359,133.46
rigid,f104_v2_group_0503_route_00,feasible,pid_held_50ms,goal_reached,1,0,S,0,0.0446,0.1163,0.008564,137.68
rigid,f104_v2_group_0503_route_00,feasible,nrd_policy_v2,goal_reached,1,0,S,0,0.0274,0.1681,0.051957,144.74
rigid,f104_v2_group_0503_route_02,feasible,pid_native,goal_reached,1,0,S,na,0.0465,0.4432,0.013659,173.10
rigid,f104_v2_group_0503_route_02,feasible,pid_held_50ms,goal_reached,1,0,S,0,0.0464,0.4600,0.014113,175.07
rigid,f104_v2_group_0503_route_02,feasible,nrd_policy_v2,goal_reached,1,0,S,0,0.0496,0.2110,0.063929,242.75
rigid,f104_v2_group_0503_route_04,infeasible,pid_native,goal_reached,1,0,S,na,0.2399,0.2453,0.009499,361.47
rigid,f104_v2_group_0503_route_04,infeasible,pid_held_50ms,goal_reached,1,0,S,0,0.3602,1.4514,0.003905,3042.05
rigid,f104_v2_group_0503_route_04,infeasible,nrd_policy_v2,goal_reached,1,0,S,0,0.1551,0.2195,0.051878,252.78
rigid,f104_v2_group_0503_route_06,feasible,pid_native,goal_reached,1,0,S,na,0.1631,0.4599,0.015563,192.45
rigid,f104_v2_group_0503_route_06,feasible,pid_held_50ms,goal_reached,1,0,S,0,0.1614,0.5156,0.016685,206.44
rigid,f104_v2_group_0503_route_06,feasible,nrd_policy_v2,goal_reached,1,0,S,0,0.0895,0.2905,0.061545,250.47
rigid,f104_v2_group_0503_route_07,infeasible,pid_native,goal_reached,1,0,S,na,0.2123,0.3582,0.016370,320.71
rigid,f104_v2_group_0503_route_07,infeasible,pid_held_50ms,goal_reached,1,0,S,0,0.2146,0.3475,0.015946,301.94
rigid,f104_v2_group_0503_route_07,infeasible,nrd_policy_v2,goal_reached,1,0,S,0,0.1359,0.8404,0.060381,278.86
rigid,f104_v2_group_0503_route_08,feasible,pid_native,goal_reached,1,0,S,na,0.1607,0.1361,0.009426,184.03
rigid,f104_v2_group_0503_route_08,feasible,pid_held_50ms,goal_reached,1,0,S,0,0.1569,0.1369,0.009064,191.11
rigid,f104_v2_group_0503_route_08,feasible,nrd_policy_v2,goal_reached,1,0,S,0,0.0770,1.2707,0.108454,1370.34
rigid,f104_v2_group_0503_route_10,feasible,pid_native,goal_reached,1,0,S,na,0.1383,0.4483,0.014286,190.15
rigid,f104_v2_group_0503_route_10,feasible,pid_held_50ms,goal_reached,1,0,S,0,0.1385,0.4771,0.013944,194.04
rigid,f104_v2_group_0503_route_10,feasible,nrd_policy_v2,goal_reached,1,0,S,0,0.0667,0.2424,0.060336,250.48
rigid,f104_v2_group_0510_route_01,feasible,pid_native,goal_reached,1,0,S,na,0.1370,0.2119,0.025845,137.10
rigid,f104_v2_group_0510_route_01,feasible,pid_held_50ms,goal_reached,1,0,S,0,0.1230,0.2239,0.026566,138.14
rigid,f104_v2_group_0510_route_01,feasible,nrd_policy_v2,goal_reached,1,0,S,0,0.1506,0.2294,0.061340,171.42
rigid,f104_v2_group_0510_route_02,feasible,pid_native,goal_reached,1,0,S,na,0.1229,0.7574,0.030549,190.74
rigid,f104_v2_group_0510_route_02,feasible,pid_held_50ms,goal_reached,1,0,S,0,0.1136,0.8291,0.032423,207.34
rigid,f104_v2_group_0510_route_02,feasible,nrd_policy_v2,goal_reached,1,0,S,0,0.1623,0.6344,0.055924,182.91
rigid,f104_v2_group_0510_route_03,feasible,pid_native,goal_reached,1,0,S,na,0.1416,0.3606,0.031463,150.93
rigid,f104_v2_group_0510_route_03,feasible,pid_held_50ms,goal_reached,1,0,S,0,0.1457,0.3877,0.032782,151.42
rigid,f104_v2_group_0510_route_03,feasible,nrd_policy_v2,goal_reached,1,0,S,0,0.1736,0.2841,0.066551,149.72
rigid,f104_v2_group_0510_route_04,infeasible,pid_native,goal_reached,1,0,S,na,0.5433,1.4653,0.011165,1018.35
rigid,f104_v2_group_0510_route_04,infeasible,pid_held_50ms,goal_reached,1,0,S,0,0.5467,1.3120,0.010742,1045.12
rigid,f104_v2_group_0510_route_04,infeasible,nrd_policy_v2,goal_reached,1,0,S,0,0.2780,1.5991,0.067578,646.63
rigid,f104_v2_group_0510_route_06,feasible,pid_native,goal_reached,1,0,S,na,0.4250,0.6782,0.026483,173.54
rigid,f104_v2_group_0510_route_06,feasible,pid_held_50ms,goal_reached,1,0,S,0,0.4246,0.7315,0.027231,179.51
rigid,f104_v2_group_0510_route_06,feasible,nrd_policy_v2,goal_reached,1,0,S,0,0.1925,0.4745,0.055420,177.66
rigid,f104_v2_group_0510_route_08,infeasible,pid_native,goal_reached,1,0,S,na,0.5722,0.3731,0.016240,282.80
rigid,f104_v2_group_0510_route_08,infeasible,pid_held_50ms,goal_reached,1,0,S,0,0.5672,0.3690,0.016773,275.03
rigid,f104_v2_group_0510_route_08,infeasible,nrd_policy_v2,goal_reached,1,0,S,0,0.2733,0.2616,0.055069,138.12
rigid,f104_v2_group_0510_route_09,infeasible,pid_native,goal_reached,1,0,S,na,0.5153,0.3772,0.026467,174.13
rigid,f104_v2_group_0510_route_09,infeasible,pid_held_50ms,goal_reached,1,0,S,0,0.5158,0.3455,0.026943,181.74
rigid,f104_v2_group_0510_route_09,infeasible,nrd_policy_v2,goal_reached,1,0,S,0,0.1802,0.3259,0.054746,168.22
rigid,f104_v2_group_0510_route_10,infeasible,pid_native,goal_reached,1,0,S,na,0.4225,0.6360,0.034488,195.40
rigid,f104_v2_group_0510_route_10,infeasible,pid_held_50ms,goal_reached,1,0,S,0,0.4191,0.7122,0.034888,208.00
rigid,f104_v2_group_0510_route_10,infeasible,nrd_policy_v2,goal_reached,1,0,S,0,0.2091,0.6763,0.054932,201.98
rigid,f104_v2_group_0532_route_01,infeasible,pid_native,goal_reached,1,0,S,na,0.1870,0.7640,0.019140,322.46
rigid,f104_v2_group_0532_route_01,infeasible,pid_held_50ms,goal_reached,1,0,S,0,0.1859,0.7794,0.019431,323.96
rigid,f104_v2_group_0532_route_01,infeasible,nrd_policy_v2,goal_reached,1,0,S,0,0.0972,0.5245,0.081562,288.45
rigid,f104_v2_group_0532_route_02,feasible,pid_native,goal_reached,1,0,S,na,0.1788,0.7337,0.025675,245.26
rigid,f104_v2_group_0532_route_02,feasible,pid_held_50ms,goal_reached,1,0,S,0,0.1925,0.7317,0.025378,250.83
rigid,f104_v2_group_0532_route_02,feasible,nrd_policy_v2,goal_reached,1,0,S,0,0.0976,0.4357,0.058923,244.14
rigid,f104_v2_group_0532_route_03,infeasible,pid_native,goal_reached,1,0,S,na,0.2024,1.1078,0.022544,336.93
rigid,f104_v2_group_0532_route_03,infeasible,pid_held_50ms,goal_reached,1,0,S,0,0.1780,1.1515,0.021441,338.71
rigid,f104_v2_group_0532_route_03,infeasible,nrd_policy_v2,goal_reached,1,0,S,0,0.1847,0.6603,0.058245,276.15
rigid,f104_v2_group_0532_route_05,feasible,pid_native,goal_reached,1,0,S,na,0.2656,0.3174,0.016416,233.28
rigid,f104_v2_group_0532_route_05,feasible,pid_held_50ms,goal_reached,1,0,S,0,0.2674,0.3512,0.016391,242.87
rigid,f104_v2_group_0532_route_05,feasible,nrd_policy_v2,goal_reached,1,0,S,0,0.1601,0.3063,0.079297,210.71
rigid,f104_v2_group_0532_route_06,feasible,pid_native,goal_reached,1,0,S,na,0.2708,0.6253,0.020749,231.74
rigid,f104_v2_group_0532_route_06,feasible,pid_held_50ms,goal_reached,1,0,S,0,0.2777,0.6511,0.021772,237.90
rigid,f104_v2_group_0532_route_06,feasible,nrd_policy_v2,goal_reached,1,0,S,0,0.1343,0.4828,0.059552,216.71
rigid,f104_v2_group_0532_route_09,infeasible,pid_native,goal_reached,1,0,S,na,0.3070,0.5814,0.018168,228.99
rigid,f104_v2_group_0532_route_09,infeasible,pid_held_50ms,goal_reached,1,0,S,0,0.3080,0.5760,0.018396,228.73
rigid,f104_v2_group_0532_route_09,infeasible,nrd_policy_v2,goal_reached,1,0,S,0,0.1556,0.3477,0.054968,278.04
rigid,f104_v2_group_0532_route_10,infeasible,pid_native,goal_reached,1,0,S,na,0.2910,0.7442,0.025214,269.08
rigid,f104_v2_group_0532_route_10,infeasible,pid_held_50ms,goal_reached,1,0,S,0,0.2963,0.7798,0.024958,272.18
rigid,f104_v2_group_0532_route_10,infeasible,nrd_policy_v2,goal_reached,1,0,S,0,0.1356,0.4879,0.049639,277.27
rigid,f104_v2_group_0532_route_11,infeasible,pid_native,goal_reached,1,0,S,na,0.2886,1.2096,0.022612,300.64
rigid,f104_v2_group_0532_route_11,infeasible,pid_held_50ms,goal_reached,1,0,S,0,0.2824,1.2646,0.022309,320.58
rigid,f104_v2_group_0532_route_11,infeasible,nrd_policy_v2,goal_reached,1,0,S,0,0.1405,0.5394,0.060161,280.29
rigid,f104_v2_group_0573_route_02,infeasible,pid_native,goal_reached,1,0,S,na,0.1425,0.8054,0.017701,349.50
rigid,f104_v2_group_0573_route_02,infeasible,pid_held_50ms,goal_reached,1,0,S,0,0.1476,0.9449,0.018024,376.38
rigid,f104_v2_group_0573_route_02,infeasible,nrd_policy_v2,goal_reached,1,0,S,0,0.1188,0.3926,0.069042,334.61
rigid,f104_v2_group_0573_route_03,infeasible,pid_native,goal_reached,1,0,S,na,0.1357,0.5603,0.016304,313.69
rigid,f104_v2_group_0573_route_03,infeasible,pid_held_50ms,goal_reached,1,0,S,0,0.1383,0.4573,0.017165,287.20
rigid,f104_v2_group_0573_route_03,infeasible,nrd_policy_v2,goal_reached,1,0,S,0,0.1089,0.1939,0.057432,246.83
rigid,f104_v2_group_0573_route_04,feasible,pid_native,goal_reached,1,0,S,na,0.2024,0.1803,0.008470,284.14
rigid,f104_v2_group_0573_route_04,feasible,pid_held_50ms,goal_reached,1,0,S,0,0.2031,0.1942,0.008163,307.70
rigid,f104_v2_group_0573_route_04,feasible,nrd_policy_v2,goal_reached,1,0,S,0,0.1504,0.2135,0.053161,288.11
rigid,f104_v2_group_0573_route_05,feasible,pid_native,goal_reached,1,0,S,na,0.1701,0.1340,0.010432,161.43
rigid,f104_v2_group_0573_route_05,feasible,pid_held_50ms,goal_reached,1,0,S,0,0.1708,0.1316,0.010549,161.64
rigid,f104_v2_group_0573_route_05,feasible,nrd_policy_v2,goal_reached,1,0,S,0,0.0546,0.1648,0.062152,211.51
rigid,f104_v2_group_0573_route_07,feasible,pid_native,goal_reached,1,0,S,na,0.1767,0.1702,0.013323,124.65
rigid,f104_v2_group_0573_route_07,feasible,pid_held_50ms,goal_reached,1,0,S,0,0.1721,0.1781,0.013639,129.06
rigid,f104_v2_group_0573_route_07,feasible,nrd_policy_v2,goal_reached,1,0,S,0,0.0748,0.1762,0.051165,149.49
rigid,f104_v2_group_0573_route_09,infeasible,pid_native,goal_reached,1,0,S,na,0.1901,0.4830,0.017302,358.68
rigid,f104_v2_group_0573_route_09,infeasible,pid_held_50ms,goal_reached,1,0,S,0,0.1950,0.6239,0.017310,398.54
rigid,f104_v2_group_0573_route_09,infeasible,nrd_policy_v2,goal_reached,1,0,S,0,0.1296,0.4029,0.057889,356.75
rigid,f104_v2_group_0573_route_11,feasible,pid_native,goal_reached,1,0,S,na,0.2058,0.3834,0.018596,257.47
rigid,f104_v2_group_0573_route_11,feasible,pid_held_50ms,goal_reached,1,0,S,0,0.2092,0.3784,0.019156,256.50
rigid,f104_v2_group_0573_route_11,feasible,nrd_policy_v2,goal_reached,1,0,S,0,0.0949,0.1858,0.062775,256.30
rigid,f104_v2_group_0586_route_00,infeasible,pid_native,goal_reached,1,0,S,na,0.0483,0.1909,0.016030,186.72
rigid,f104_v2_group_0586_route_00,infeasible,pid_held_50ms,goal_reached,1,0,S,0,0.0490,0.1952,0.016322,193.34
rigid,f104_v2_group_0586_route_00,infeasible,nrd_policy_v2,goal_reached,1,0,S,0,0.0564,0.2154,0.053026,179.64
rigid,f104_v2_group_0586_route_02,infeasible,pid_native,goal_reached,1,0,S,na,0.0395,0.5908,0.021889,223.99
rigid,f104_v2_group_0586_route_02,infeasible,pid_held_50ms,goal_reached,1,0,S,0,0.0358,0.6355,0.021694,229.81
rigid,f104_v2_group_0586_route_02,infeasible,nrd_policy_v2,goal_reached,1,0,S,0,0.0581,0.3993,0.050090,235.37
rigid,f104_v2_group_0586_route_03,infeasible,pid_native,goal_reached,1,0,S,na,0.0300,0.4327,0.023129,268.80
rigid,f104_v2_group_0586_route_03,infeasible,pid_held_50ms,goal_reached,1,0,S,0,0.0320,0.4132,0.023562,265.78
rigid,f104_v2_group_0586_route_03,infeasible,nrd_policy_v2,goal_reached,1,0,S,0,0.0698,0.3416,0.068465,254.74
rigid,f104_v2_group_0586_route_04,infeasible,pid_native,goal_reached,1,0,S,na,0.2165,0.1745,0.011740,165.06
rigid,f104_v2_group_0586_route_04,infeasible,pid_held_50ms,goal_reached,1,0,S,0,0.2194,0.1704,0.011997,166.02
rigid,f104_v2_group_0586_route_04,infeasible,nrd_policy_v2,goal_reached,1,0,S,0,0.0593,0.2230,0.049831,167.43
rigid,f104_v2_group_0586_route_06,infeasible,pid_native,goal_reached,1,0,S,na,0.1877,0.6410,0.016229,224.64
rigid,f104_v2_group_0586_route_06,infeasible,pid_held_50ms,goal_reached,1,0,S,0,0.1844,0.5810,0.017344,217.49
rigid,f104_v2_group_0586_route_06,infeasible,nrd_policy_v2,goal_reached,1,0,S,0,0.0856,0.4116,0.053078,244.88
rigid,f104_v2_group_0586_route_08,infeasible,pid_native,goal_reached,1,0,S,na,0.1733,0.1798,0.012633,168.00
rigid,f104_v2_group_0586_route_08,infeasible,pid_held_50ms,goal_reached,1,0,S,0,0.1818,0.1831,0.012858,173.15
rigid,f104_v2_group_0586_route_08,infeasible,nrd_policy_v2,goal_reached,1,0,S,0,0.0465,0.1713,0.053067,160.50
rigid,f104_v2_group_0586_route_11,infeasible,pid_native,goal_reached,1,0,S,na,0.1511,0.4945,0.020002,259.98
rigid,f104_v2_group_0586_route_11,infeasible,pid_held_50ms,goal_reached,1,0,S,0,0.1532,0.4573,0.020656,294.93
rigid,f104_v2_group_0586_route_11,infeasible,nrd_policy_v2,goal_reached,1,0,S,0,0.1201,0.3306,0.062190,237.88
rigid,f104_v2_group_0588_route_00,infeasible,pid_native,goal_reached,1,0,S,na,0.1313,0.1250,0.012227,143.37
rigid,f104_v2_group_0588_route_00,infeasible,pid_held_50ms,goal_reached,1,0,S,0,0.1263,0.1320,0.011932,144.07
rigid,f104_v2_group_0588_route_00,infeasible,nrd_policy_v2,goal_reached,1,0,S,0,0.0660,0.1635,0.047213,146.52
rigid,f104_v2_group_0588_route_02,feasible,pid_native,goal_reached,1,0,S,na,0.0957,0.7013,0.018581,229.72
rigid,f104_v2_group_0588_route_02,feasible,pid_held_50ms,goal_reached,1,0,S,0,0.0990,0.7381,0.019050,234.49
rigid,f104_v2_group_0588_route_02,feasible,nrd_policy_v2,goal_reached,1,0,S,0,0.0768,0.6231,0.062487,239.97
rigid,f104_v2_group_0588_route_03,feasible,pid_native,goal_reached,1,0,S,na,0.1116,0.4497,0.021897,225.46
rigid,f104_v2_group_0588_route_03,feasible,pid_held_50ms,goal_reached,1,0,S,0,0.1074,0.4472,0.021821,220.02
rigid,f104_v2_group_0588_route_03,feasible,nrd_policy_v2,goal_reached,1,0,S,0,0.1049,0.1638,0.063038,229.27
rigid,f104_v2_group_0588_route_08,infeasible,pid_native,goal_reached,1,0,S,na,0.2492,0.3692,0.011474,384.61
rigid,f104_v2_group_0588_route_08,infeasible,pid_held_50ms,goal_reached,1,0,S,0,0.2418,0.4391,0.011048,426.13
rigid,f104_v2_group_0588_route_08,infeasible,nrd_policy_v2,goal_reached,1,0,S,0,0.1311,1.3133,0.051577,636.67
rigid,f104_v2_group_0588_route_09,feasible,pid_native,goal_reached,1,0,S,na,0.2451,0.2324,0.016243,195.91
rigid,f104_v2_group_0588_route_09,feasible,pid_held_50ms,goal_reached,1,0,S,0,0.2582,0.2544,0.016155,195.42
rigid,f104_v2_group_0588_route_09,feasible,nrd_policy_v2,goal_reached,1,0,S,0,0.1038,0.2695,0.059277,276.96
rigid,f104_v2_group_0588_route_10,feasible,pid_native,goal_reached,1,0,S,na,0.2247,0.7280,0.019969,218.84
rigid,f104_v2_group_0588_route_10,feasible,pid_held_50ms,goal_reached,1,0,S,0,0.2192,0.7783,0.020682,222.49
rigid,f104_v2_group_0588_route_10,feasible,nrd_policy_v2,goal_reached,1,0,S,0,0.1029,0.5317,0.059284,283.95
rigid,f104_v2_group_0588_route_11,feasible,pid_native,goal_reached,1,0,S,na,0.2070,0.4986,0.021223,250.56
rigid,f104_v2_group_0588_route_11,feasible,pid_held_50ms,goal_reached,1,0,S,0,0.2414,0.5918,0.020421,246.63
rigid,f104_v2_group_0588_route_11,feasible,nrd_policy_v2,goal_reached,1,0,S,0,0.1047,0.2076,0.053117,198.11
rigid,f104_v2_group_0616_route_00,infeasible,pid_native,goal_reached,1,0,S,na,0.1017,0.2835,0.020810,186.53
rigid,f104_v2_group_0616_route_00,infeasible,pid_held_50ms,goal_reached,1,0,S,0,0.0922,0.2861,0.020882,189.44
rigid,f104_v2_group_0616_route_00,infeasible,nrd_policy_v2,goal_reached,1,0,S,0,0.1410,0.1655,0.061810,168.81
rigid,f104_v2_group_0616_route_01,feasible,pid_native,goal_reached,1,0,S,na,0.0898,0.4864,0.024111,199.28
rigid,f104_v2_group_0616_route_01,feasible,pid_held_50ms,goal_reached,1,0,S,0,0.1102,0.5129,0.022834,202.40
rigid,f104_v2_group_0616_route_01,feasible,nrd_policy_v2,goal_reached,1,0,S,0,0.1409,0.2739,0.066065,201.34
rigid,f104_v2_group_0616_route_02,feasible,pid_native,goal_reached,1,0,S,na,0.1796,1.2002,0.025637,264.91
rigid,f104_v2_group_0616_route_02,feasible,pid_held_50ms,goal_reached,1,0,S,0,0.1252,1.2849,0.024402,264.06
rigid,f104_v2_group_0616_route_02,feasible,nrd_policy_v2,goal_reached,1,0,S,0,0.1307,0.8441,0.048805,265.37
rigid,f104_v2_group_0616_route_04,infeasible,pid_native,goal_reached,1,0,S,na,0.3794,1.9997,0.007784,1683.95
rigid,f104_v2_group_0616_route_04,infeasible,pid_held_50ms,goal_reached,1,0,S,0,0.3128,1.7737,0.006076,1802.07
rigid,f104_v2_group_0616_route_04,infeasible,nrd_policy_v2,timeout,0,0,F,0,3.4618,1.9191,0.145778,2781.60
rigid,f104_v2_group_0616_route_10,infeasible,pid_native,goal_reached,1,0,S,na,0.3495,1.2625,0.022207,289.81
rigid,f104_v2_group_0616_route_10,infeasible,pid_held_50ms,goal_reached,1,0,S,0,0.3456,1.2796,0.022314,291.15
rigid,f104_v2_group_0616_route_10,infeasible,nrd_policy_v2,goal_reached,1,0,S,0,0.2479,0.9563,0.042033,271.90
rigid,f104_v2_group_0616_route_11,infeasible,pid_native,goal_reached,1,0,S,na,0.4198,1.7753,0.020441,348.09
rigid,f104_v2_group_0616_route_11,infeasible,pid_held_50ms,goal_reached,1,0,S,0,0.3968,1.7554,0.020937,345.80
rigid,f104_v2_group_0616_route_11,infeasible,nrd_policy_v2,goal_reached,1,0,S,0,0.2110,1.0485,0.055367,263.24
rigid,f104_v2_group_0637_route_00,feasible,pid_native,goal_reached,1,0,S,na,0.1481,0.1745,0.013933,143.62
rigid,f104_v2_group_0637_route_00,feasible,pid_held_50ms,goal_reached,1,0,S,0,0.1563,0.1750,0.013735,150.19
rigid,f104_v2_group_0637_route_00,feasible,nrd_policy_v2,goal_reached,1,0,S,0,0.1008,0.1777,0.051636,141.16
rigid,f104_v2_group_0637_route_01,feasible,pid_native,goal_reached,1,0,S,na,0.1337,0.1863,0.015868,158.35
rigid,f104_v2_group_0637_route_01,feasible,pid_held_50ms,goal_reached,1,0,S,0,0.1446,0.2764,0.019573,191.77
rigid,f104_v2_group_0637_route_01,feasible,nrd_policy_v2,goal_reached,1,0,S,0,0.0761,0.1559,0.072800,170.67
rigid,f104_v2_group_0637_route_02,feasible,pid_native,goal_reached,1,0,S,na,0.1369,0.8974,0.017867,251.20
rigid,f104_v2_group_0637_route_02,feasible,pid_held_50ms,goal_reached,1,0,S,0,0.1338,0.8295,0.018521,234.84
rigid,f104_v2_group_0637_route_02,feasible,nrd_policy_v2,goal_reached,1,0,S,0,0.0887,0.6981,0.044563,223.96
rigid,f104_v2_group_0637_route_04,feasible,pid_native,goal_reached,1,0,S,na,0.2802,0.1412,0.010324,118.46
rigid,f104_v2_group_0637_route_04,feasible,pid_held_50ms,goal_reached,1,0,S,0,0.2746,0.1345,0.010470,119.81
rigid,f104_v2_group_0637_route_04,feasible,nrd_policy_v2,goal_reached,1,0,S,0,0.0988,0.2127,0.048334,130.54
rigid,f104_v2_group_0637_route_05,feasible,pid_native,goal_reached,1,0,S,na,0.2805,0.2021,0.014093,160.98
rigid,f104_v2_group_0637_route_05,feasible,pid_held_50ms,goal_reached,1,0,S,0,0.2704,0.2099,0.014241,160.50
rigid,f104_v2_group_0637_route_05,feasible,nrd_policy_v2,goal_reached,1,0,S,0,0.0891,0.1573,0.056316,174.47
rigid,f104_v2_group_0637_route_08,infeasible,pid_native,goal_reached,1,0,S,na,0.3102,0.2642,0.012616,210.99
rigid,f104_v2_group_0637_route_08,infeasible,pid_held_50ms,goal_reached,1,0,S,0,0.3035,0.2498,0.013018,207.50
rigid,f104_v2_group_0637_route_08,infeasible,nrd_policy_v2,goal_reached,1,0,S,0,0.1202,0.1241,0.056085,172.74
rigid,f104_v2_group_0652_route_00,infeasible,pid_native,goal_reached,1,0,S,na,0.1069,0.2550,0.023955,231.58
rigid,f104_v2_group_0652_route_00,infeasible,pid_held_50ms,goal_reached,1,0,S,0,0.1113,0.2582,0.024357,233.82
rigid,f104_v2_group_0652_route_00,infeasible,nrd_policy_v2,goal_reached,1,0,S,0,0.1186,0.1555,0.077423,229.44
rigid,f104_v2_group_0652_route_01,infeasible,pid_native,goal_reached,1,0,S,na,0.0950,0.5290,0.027079,223.35
rigid,f104_v2_group_0652_route_01,infeasible,pid_held_50ms,goal_reached,1,0,S,0,0.0940,0.6955,0.025648,318.97
rigid,f104_v2_group_0652_route_01,infeasible,nrd_policy_v2,goal_reached,1,0,S,0,0.1348,0.2909,0.076244,224.38
rigid,f104_v2_group_0652_route_02,infeasible,pid_native,goal_reached,1,0,S,na,0.1091,1.1424,0.028033,292.83
rigid,f104_v2_group_0652_route_02,infeasible,pid_held_50ms,goal_reached,1,0,S,0,0.1173,1.4565,0.024300,320.66
rigid,f104_v2_group_0652_route_02,infeasible,nrd_policy_v2,goal_reached,1,0,S,0,0.1036,0.6337,0.048701,278.26
rigid,f104_v2_group_0652_route_03,infeasible,pid_native,goal_reached,1,0,S,na,0.1081,1.5518,0.026346,318.36
rigid,f104_v2_group_0652_route_03,infeasible,pid_held_50ms,goal_reached,1,0,S,0,0.0951,1.4889,0.027509,319.26
rigid,f104_v2_group_0652_route_03,infeasible,nrd_policy_v2,goal_reached,1,0,S,0,0.1433,1.0145,0.065117,303.17
rigid,f104_v2_group_0652_route_05,infeasible,pid_native,goal_reached,1,0,S,na,1.1200,3.2474,0.004780,1731.41
rigid,f104_v2_group_0652_route_05,infeasible,pid_held_50ms,goal_reached,1,0,S,0,1.2045,2.9745,0.005709,1943.77
rigid,f104_v2_group_0652_route_05,infeasible,nrd_policy_v2,goal_reached,1,0,S,0,0.3926,1.4905,0.058223,571.61
rigid,f104_v2_group_0652_route_06,infeasible,pid_native,goal_reached,1,0,S,na,1.0524,5.0812,0.004208,2002.52
rigid,f104_v2_group_0652_route_06,infeasible,pid_held_50ms,goal_reached,1,0,S,0,0.5201,4.1551,0.006835,1203.41
rigid,f104_v2_group_0652_route_06,infeasible,nrd_policy_v2,goal_reached,1,0,S,0,0.2440,2.7716,0.035735,623.87
rigid,f104_v2_group_0652_route_07,infeasible,pid_native,prolonged_blockage_terminated,0,1,U,na,4.4395,2.4076,0.003688,2340.27
rigid,f104_v2_group_0652_route_07,infeasible,pid_held_50ms,prolonged_blockage_terminated,0,1,U,0,4.3819,2.6333,0.003475,2201.02
rigid,f104_v2_group_0652_route_07,infeasible,nrd_policy_v2,goal_reached,1,0,S,0,1.5217,3.3232,0.030242,2995.56
rigid,f104_v2_group_0652_route_08,infeasible,pid_native,prolonged_blockage_terminated,0,1,U,na,4.2608,1.9016,0.004016,2476.30
rigid,f104_v2_group_0652_route_08,infeasible,pid_held_50ms,prolonged_blockage_terminated,0,1,U,0,4.2525,1.8425,0.004477,1796.07
rigid,f104_v2_group_0652_route_08,infeasible,nrd_policy_v2,timeout,0,0,F,0,4.0662,1.9633,0.167027,5244.19
rigid,f104_v2_group_0652_route_10,infeasible,pid_native,goal_reached,1,0,S,na,0.2643,1.3312,0.017718,287.73
rigid,f104_v2_group_0652_route_10,infeasible,pid_held_50ms,goal_reached,1,0,S,0,0.2578,1.2940,0.018306,285.13
rigid,f104_v2_group_0652_route_10,infeasible,nrd_policy_v2,goal_reached,1,0,S,0,0.1721,0.8596,0.047967,293.74
rigid,f104_v2_group_0664_route_00,infeasible,pid_native,goal_reached,1,0,S,na,0.1303,0.2326,0.016133,218.67
rigid,f104_v2_group_0664_route_00,infeasible,pid_held_50ms,goal_reached,1,0,S,0,0.1325,0.2335,0.016492,224.59
rigid,f104_v2_group_0664_route_00,infeasible,nrd_policy_v2,goal_reached,1,0,S,0,0.0791,0.1773,0.058349,184.67
rigid,f104_v2_group_0664_route_01,infeasible,pid_native,goal_reached,1,0,S,na,0.1592,0.2819,0.020923,217.95
rigid,f104_v2_group_0664_route_01,infeasible,pid_held_50ms,goal_reached,1,0,S,0,0.1725,0.3088,0.021069,223.85
rigid,f104_v2_group_0664_route_01,infeasible,nrd_policy_v2,goal_reached,1,0,S,0,0.0777,0.2000,0.058414,203.11
rigid,f104_v2_group_0664_route_02,feasible,pid_native,goal_reached,1,0,S,na,0.1925,0.5908,0.024277,256.28
rigid,f104_v2_group_0664_route_02,feasible,pid_held_50ms,goal_reached,1,0,S,0,0.2163,0.6120,0.024845,257.53
rigid,f104_v2_group_0664_route_02,feasible,nrd_policy_v2,goal_reached,1,0,S,0,0.0780,0.3539,0.066540,278.85
rigid,f104_v2_group_0664_route_04,infeasible,pid_native,goal_reached,1,0,S,na,0.2189,1.7177,0.006067,2975.40
rigid,f104_v2_group_0664_route_04,infeasible,pid_held_50ms,goal_reached,1,0,S,0,0.2086,1.7074,0.005792,3126.51
rigid,f104_v2_group_0664_route_04,infeasible,nrd_policy_v2,timeout,0,0,F,0,2.8034,1.8466,0.141536,2957.31
rigid,f104_v2_group_0664_route_06,feasible,pid_native,goal_reached,1,0,S,na,0.2034,0.7204,0.023725,279.47
rigid,f104_v2_group_0664_route_06,feasible,pid_held_50ms,goal_reached,1,0,S,0,0.2075,0.6969,0.023249,274.26
rigid,f104_v2_group_0664_route_06,feasible,nrd_policy_v2,goal_reached,1,0,S,0,0.0940,0.4736,0.072316,288.10
rigid,f104_v2_group_0664_route_07,feasible,pid_native,goal_reached,1,0,S,na,0.2299,0.6263,0.021458,252.13
rigid,f104_v2_group_0664_route_07,feasible,pid_held_50ms,goal_reached,1,0,S,0,0.1993,0.6809,0.021800,269.68
rigid,f104_v2_group_0664_route_07,feasible,nrd_policy_v2,goal_reached,1,0,S,0,0.1040,0.3182,0.069463,235.72
rigid,f104_v2_group_0664_route_08,infeasible,pid_native,goal_reached,1,0,S,na,0.2507,0.2027,0.010503,172.64
rigid,f104_v2_group_0664_route_08,infeasible,pid_held_50ms,goal_reached,1,0,S,0,0.2513,0.2011,0.011159,176.47
rigid,f104_v2_group_0664_route_08,infeasible,nrd_policy_v2,goal_reached,1,0,S,0,0.0858,0.1458,0.062788,151.54
rigid,f104_v2_group_0664_route_09,feasible,pid_native,goal_reached,1,0,S,na,0.2372,0.2004,0.014240,180.49
rigid,f104_v2_group_0664_route_09,feasible,pid_held_50ms,goal_reached,1,0,S,0,0.2322,0.2128,0.015030,186.06
rigid,f104_v2_group_0664_route_09,feasible,nrd_policy_v2,goal_reached,1,0,S,0,0.1028,0.1578,0.068268,221.12
rigid,f104_v2_group_0664_route_10,feasible,pid_native,goal_reached,1,0,S,na,0.2322,0.5563,0.020538,229.73
rigid,f104_v2_group_0664_route_10,feasible,pid_held_50ms,goal_reached,1,0,S,0,0.2400,0.5587,0.020834,231.99
rigid,f104_v2_group_0664_route_10,feasible,nrd_policy_v2,goal_reached,1,0,S,0,0.0931,0.3676,0.059400,274.92
rigid,f104_v2_group_0664_route_11,feasible,pid_native,goal_reached,1,0,S,na,0.2991,0.4645,0.020849,226.98
rigid,f104_v2_group_0664_route_11,feasible,pid_held_50ms,goal_reached,1,0,S,0,0.3050,0.4873,0.021080,232.03
rigid,f104_v2_group_0664_route_11,feasible,nrd_policy_v2,goal_reached,1,0,S,0,0.0933,0.2116,0.065350,244.58
rigid,f104_v2_group_0677_route_00,infeasible,pid_native,prolonged_blockage_terminated,0,1,U,na,3.3296,1.8595,0.002461,4635.83
rigid,f104_v2_group_0677_route_00,infeasible,pid_held_50ms,prolonged_blockage_terminated,0,1,U,0,3.1990,1.6507,0.005286,1635.24
rigid,f104_v2_group_0677_route_00,infeasible,nrd_policy_v2,goal_reached,1,0,S,0,0.2354,0.6248,0.057379,324.01
rigid,f104_v2_group_0677_route_03,feasible,pid_native,goal_reached,1,0,S,na,0.1128,1.4282,0.026271,312.13
rigid,f104_v2_group_0677_route_03,feasible,pid_held_50ms,goal_reached,1,0,S,0,0.1178,1.4941,0.026578,325.21
rigid,f104_v2_group_0677_route_03,feasible,nrd_policy_v2,goal_reached,1,0,S,0,0.1399,0.4697,0.052682,181.12
rigid,f104_v2_group_0677_route_04,infeasible,pid_native,goal_reached,1,0,S,na,0.3780,0.3036,0.014184,290.38
rigid,f104_v2_group_0677_route_04,infeasible,pid_held_50ms,goal_reached,1,0,S,0,0.3918,0.3564,0.014951,323.80
rigid,f104_v2_group_0677_route_04,infeasible,nrd_policy_v2,goal_reached,1,0,S,0,0.4133,1.0982,0.031440,383.91
rigid,f104_v2_group_0677_route_05,infeasible,pid_native,goal_reached,1,0,S,na,0.3537,0.3148,0.020461,181.48
rigid,f104_v2_group_0677_route_05,infeasible,pid_held_50ms,goal_reached,1,0,S,0,0.3394,0.3226,0.021720,187.84
rigid,f104_v2_group_0677_route_05,infeasible,nrd_policy_v2,goal_reached,1,0,S,0,0.1768,0.3478,0.053318,181.11
rigid,f104_v2_group_0677_route_06,infeasible,pid_native,goal_reached,1,0,S,na,0.2985,0.7653,0.024005,176.64
rigid,f104_v2_group_0677_route_06,infeasible,pid_held_50ms,goal_reached,1,0,S,0,0.2891,0.9303,0.023570,180.88
rigid,f104_v2_group_0677_route_06,infeasible,nrd_policy_v2,goal_reached,1,0,S,0,0.6017,0.6684,0.047188,222.29
rigid,f104_v2_group_0677_route_07,infeasible,pid_native,goal_reached,1,0,S,na,0.3193,0.6544,0.024316,215.96
rigid,f104_v2_group_0677_route_07,infeasible,pid_held_50ms,goal_reached,1,0,S,0,0.3256,0.6659,0.023963,216.09
rigid,f104_v2_group_0677_route_07,infeasible,nrd_policy_v2,goal_reached,1,0,S,0,0.2091,0.2919,0.053240,174.95
rigid,f104_v2_group_0677_route_08,feasible,pid_native,goal_reached,1,0,S,na,0.3963,0.1774,0.015268,136.15
rigid,f104_v2_group_0677_route_08,feasible,pid_held_50ms,goal_reached,1,0,S,0,0.3948,0.1810,0.016168,140.48
rigid,f104_v2_group_0677_route_08,feasible,nrd_policy_v2,goal_reached,1,0,S,0,0.1805,0.3657,0.051900,151.59
rigid,f104_v2_group_0677_route_09,feasible,pid_native,goal_reached,1,0,S,na,0.4002,0.2652,0.022547,179.06
rigid,f104_v2_group_0677_route_09,feasible,pid_held_50ms,goal_reached,1,0,S,0,0.4005,0.3325,0.025084,199.45
rigid,f104_v2_group_0677_route_09,feasible,nrd_policy_v2,goal_reached,1,0,S,0,0.1770,0.3005,0.057094,179.70
rigid,f104_v2_group_0726_route_02,feasible,pid_native,goal_reached,1,0,S,na,0.0754,0.7363,0.024157,202.35
rigid,f104_v2_group_0726_route_02,feasible,pid_held_50ms,goal_reached,1,0,S,0,0.0705,0.8009,0.025048,212.39
rigid,f104_v2_group_0726_route_02,feasible,nrd_policy_v2,goal_reached,1,0,S,0,0.0977,0.6448,0.052660,212.08
rigid,f104_v2_group_0726_route_04,infeasible,pid_native,goal_reached,1,0,S,na,0.3871,1.2985,0.008079,1129.22
rigid,f104_v2_group_0726_route_04,infeasible,pid_held_50ms,goal_reached,1,0,S,0,0.3609,0.9613,0.009217,789.30
rigid,f104_v2_group_0726_route_04,infeasible,nrd_policy_v2,goal_reached,1,0,S,0,0.1037,1.5465,0.087385,1058.64
rigid,f104_v2_group_0726_route_05,feasible,pid_native,goal_reached,1,0,S,na,0.3084,0.4374,0.017379,228.91
rigid,f104_v2_group_0726_route_05,feasible,pid_held_50ms,goal_reached,1,0,S,0,0.3095,0.3883,0.018076,227.05
rigid,f104_v2_group_0726_route_05,feasible,nrd_policy_v2,goal_reached,1,0,S,0,0.1017,0.2241,0.067698,187.27
rigid,f104_v2_group_0726_route_06,feasible,pid_native,goal_reached,1,0,S,na,0.2746,0.7506,0.021188,196.54
rigid,f104_v2_group_0726_route_06,feasible,pid_held_50ms,goal_reached,1,0,S,0,0.2778,0.7991,0.022752,198.10
rigid,f104_v2_group_0726_route_06,feasible,nrd_policy_v2,goal_reached,1,0,S,0,0.1292,0.4879,0.059036,221.74
rigid,f104_v2_group_0726_route_07,feasible,pid_native,goal_reached,1,0,S,na,0.2742,0.2881,0.020756,172.79
rigid,f104_v2_group_0726_route_07,feasible,pid_held_50ms,goal_reached,1,0,S,0,0.2785,0.3069,0.021820,177.55
rigid,f104_v2_group_0726_route_07,feasible,nrd_policy_v2,goal_reached,1,0,S,0,0.1238,0.2623,0.059454,169.98
rigid,f104_v2_group_0726_route_09,infeasible,pid_native,goal_reached,1,0,S,na,0.3952,0.3689,0.024639,245.18
rigid,f104_v2_group_0726_route_09,infeasible,pid_held_50ms,goal_reached,1,0,S,0,0.3934,0.3539,0.024420,226.95
rigid,f104_v2_group_0726_route_09,infeasible,nrd_policy_v2,goal_reached,1,0,S,0,0.1118,0.3040,0.055928,179.15
rigid,f104_v2_group_0726_route_10,feasible,pid_native,goal_reached,1,0,S,na,0.3285,0.7511,0.027548,226.17
rigid,f104_v2_group_0726_route_10,feasible,pid_held_50ms,goal_reached,1,0,S,0,0.3449,0.8266,0.027193,216.90
rigid,f104_v2_group_0726_route_10,feasible,nrd_policy_v2,goal_reached,1,0,S,0,0.1066,0.6417,0.057730,228.03
rigid,f104_v2_group_0726_route_11,feasible,pid_native,goal_reached,1,0,S,na,0.3357,0.4283,0.025674,191.51
rigid,f104_v2_group_0726_route_11,feasible,pid_held_50ms,goal_reached,1,0,S,0,0.3473,0.4631,0.025443,193.13
rigid,f104_v2_group_0726_route_11,feasible,nrd_policy_v2,goal_reached,1,0,S,0,0.1170,0.3073,0.058318,188.70
rigid,f104_v2_group_0734_route_00,infeasible,pid_native,prolonged_blockage_terminated,0,1,U,na,3.6282,1.8704,0.001952,1370.39
rigid,f104_v2_group_0734_route_00,infeasible,pid_held_50ms,goal_reached,1,0,S,0,0.7287,1.5134,0.008738,1257.05
rigid,f104_v2_group_0734_route_00,infeasible,nrd_policy_v2,prolonged_blockage_terminated,0,1,U,0,3.6844,1.8882,0.026744,1157.89
rigid,f104_v2_group_0734_route_01,infeasible,pid_native,goal_reached,1,0,S,na,0.3382,1.1034,0.017795,416.25
rigid,f104_v2_group_0734_route_01,infeasible,pid_held_50ms,goal_reached,1,0,S,0,0.3230,1.0355,0.018475,408.48
rigid,f104_v2_group_0734_route_01,infeasible,nrd_policy_v2,goal_reached,1,0,S,0,0.1544,0.6061,0.054786,290.70
rigid,f104_v2_group_0734_route_02,infeasible,pid_native,goal_reached,1,0,S,na,0.2227,0.8283,0.022241,229.83
rigid,f104_v2_group_0734_route_02,infeasible,pid_held_50ms,goal_reached,1,0,S,0,0.2461,0.8744,0.024369,251.78
rigid,f104_v2_group_0734_route_02,infeasible,nrd_policy_v2,goal_reached,1,0,S,0,0.1383,0.5938,0.049068,252.11
rigid,f104_v2_group_0734_route_04,infeasible,pid_native,goal_reached,1,0,S,na,0.5523,1.7589,0.008692,2469.71
rigid,f104_v2_group_0734_route_04,infeasible,pid_held_50ms,goal_reached,1,0,S,0,0.5019,1.3638,0.011771,1138.81
rigid,f104_v2_group_0734_route_04,infeasible,nrd_policy_v2,goal_reached,1,0,S,0,0.2054,1.0366,0.101514,764.88
rigid,f104_v2_group_0734_route_05,infeasible,pid_native,goal_reached,1,0,S,na,0.3268,0.9221,0.021172,335.48
rigid,f104_v2_group_0734_route_05,infeasible,pid_held_50ms,goal_reached,1,0,S,0,0.3338,0.7860,0.021130,340.28
rigid,f104_v2_group_0734_route_05,infeasible,nrd_policy_v2,goal_reached,1,0,S,0,0.1598,0.4746,0.073607,251.30
rigid,f104_v2_group_0734_route_06,infeasible,pid_native,goal_reached,1,0,S,na,0.3284,0.9621,0.026088,272.29
rigid,f104_v2_group_0734_route_06,infeasible,pid_held_50ms,goal_reached,1,0,S,0,0.3313,0.9815,0.027758,275.09
rigid,f104_v2_group_0734_route_06,infeasible,nrd_policy_v2,goal_reached,1,0,S,0,0.1939,0.7363,0.052921,240.78
rigid,f104_v2_group_0734_route_07,infeasible,pid_native,goal_reached,1,0,S,na,0.3673,1.5174,0.020584,361.63
rigid,f104_v2_group_0734_route_07,infeasible,pid_held_50ms,goal_reached,1,0,S,0,0.3721,1.6985,0.019885,390.43
rigid,f104_v2_group_0734_route_07,infeasible,nrd_policy_v2,goal_reached,1,0,S,0,0.2829,1.0850,0.057333,335.98
rigid,f104_v2_group_0734_route_08,feasible,pid_native,goal_reached,1,0,S,na,0.2741,0.1034,0.010993,90.57
rigid,f104_v2_group_0734_route_08,feasible,pid_held_50ms,goal_reached,1,0,S,0,0.2828,0.1022,0.011724,93.60
rigid,f104_v2_group_0734_route_08,feasible,nrd_policy_v2,goal_reached,1,0,S,0,0.0986,0.1250,0.055234,101.95
rigid,f104_v2_group_0734_route_09,feasible,pid_native,goal_reached,1,0,S,na,0.2632,0.1374,0.017244,129.30
rigid,f104_v2_group_0734_route_09,feasible,pid_held_50ms,goal_reached,1,0,S,0,0.2700,0.1439,0.016610,132.21
rigid,f104_v2_group_0734_route_09,feasible,nrd_policy_v2,goal_reached,1,0,S,0,0.1500,0.1981,0.057973,140.72
rigid,f104_v2_group_0734_route_10,feasible,pid_native,goal_reached,1,0,S,na,0.2309,0.5353,0.021276,159.36
rigid,f104_v2_group_0734_route_10,feasible,pid_held_50ms,goal_reached,1,0,S,0,0.2246,0.5743,0.021939,161.28
rigid,f104_v2_group_0734_route_10,feasible,nrd_policy_v2,goal_reached,1,0,S,0,0.1263,0.3850,0.072040,231.54
rigid,f104_v2_group_0747_route_01,infeasible,pid_native,goal_reached,1,0,S,na,0.5693,2.5487,0.011608,987.35
rigid,f104_v2_group_0747_route_01,infeasible,pid_held_50ms,goal_reached,1,0,S,0,0.7259,2.5379,0.012008,986.79
rigid,f104_v2_group_0747_route_01,infeasible,nrd_policy_v2,goal_reached,1,0,S,0,0.2997,0.8963,0.070297,350.58
rigid,f104_v2_group_0747_route_04,infeasible,pid_native,goal_reached,1,0,S,na,0.2130,0.4459,0.014348,529.02
rigid,f104_v2_group_0747_route_04,infeasible,pid_held_50ms,goal_reached,1,0,S,0,0.2234,0.5022,0.013530,554.81
rigid,f104_v2_group_0747_route_04,infeasible,nrd_policy_v2,goal_reached,1,0,S,0,0.2466,0.5858,0.063588,379.55
rigid,f104_v2_group_0747_route_06,infeasible,pid_native,goal_reached,1,0,S,na,0.1801,0.5214,0.024754,258.05
rigid,f104_v2_group_0747_route_06,infeasible,pid_held_50ms,goal_reached,1,0,S,0,0.1738,0.5412,0.026061,255.18
rigid,f104_v2_group_0747_route_06,infeasible,nrd_policy_v2,goal_reached,1,0,S,0,0.1233,0.5317,0.054318,286.96
rigid,f104_v2_group_0747_route_08,infeasible,pid_native,prolonged_blockage_terminated,0,1,U,na,3.8619,1.6942,0.004185,2133.16
rigid,f104_v2_group_0747_route_08,infeasible,pid_held_50ms,prolonged_blockage_terminated,0,1,U,0,3.8648,1.7090,0.004226,2073.60
rigid,f104_v2_group_0747_route_08,infeasible,nrd_policy_v2,timeout,0,0,F,0,3.7843,1.8999,0.200102,4815.09
rigid,f104_v2_group_0747_route_09,infeasible,pid_native,goal_reached,1,0,S,na,0.7215,3.1219,0.006733,1850.40
rigid,f104_v2_group_0747_route_09,infeasible,pid_held_50ms,prolonged_blockage_terminated,0,1,U,1,0.6015,1.4637,0.003644,1984.40
rigid,f104_v2_group_0747_route_09,infeasible,nrd_policy_v2,goal_reached,1,0,S,0,0.1748,0.8357,0.054617,427.05
rigid,f104_v2_group_0747_route_10,infeasible,pid_native,timeout,0,0,F,na,0.3613,0.7781,0.002183,1443.62
rigid,f104_v2_group_0747_route_10,infeasible,pid_held_50ms,prolonged_blockage_terminated,0,1,U,0,0.8624,4.7177,0.006267,1986.76
rigid,f104_v2_group_0747_route_10,infeasible,nrd_policy_v2,prolonged_blockage_terminated,0,1,U,1,0.3195,2.4211,0.009222,439.04
rigid,f104_v2_group_0747_route_11,infeasible,pid_native,rollover,0,1,U,na,0.8083,4.3878,0.007304,1670.46
rigid,f104_v2_group_0747_route_11,infeasible,pid_held_50ms,prolonged_blockage_terminated,0,1,U,1,0.6013,2.1345,0.003326,2086.63
rigid,f104_v2_group_0747_route_11,infeasible,nrd_policy_v2,timeout,0,0,F,0,0.4369,1.4046,0.033069,2076.82
rigid,f104_v2_group_0759_route_01,infeasible,pid_native,goal_reached,1,0,S,na,0.0918,0.8389,0.022859,323.26
rigid,f104_v2_group_0759_route_01,infeasible,pid_held_50ms,goal_reached,1,0,S,0,0.1083,0.7944,0.024037,371.50
rigid,f104_v2_group_0759_route_01,infeasible,nrd_policy_v2,goal_reached,1,0,S,0,0.1229,0.7917,0.069203,407.36
rigid,f104_v2_group_0759_route_05,infeasible,pid_native,goal_reached,1,0,S,na,1.1173,2.8996,0.004864,1664.91
rigid,f104_v2_group_0759_route_05,infeasible,pid_held_50ms,prolonged_blockage_terminated,0,1,U,0,2.1985,3.5280,0.003796,2103.34
rigid,f104_v2_group_0759_route_05,infeasible,nrd_policy_v2,goal_reached,1,0,S,0,0.8303,2.0969,0.049483,808.21
rigid,f104_v2_group_0759_route_07,infeasible,pid_native,goal_reached,1,0,S,na,0.2899,0.7241,0.023772,305.28
rigid,f104_v2_group_0759_route_07,infeasible,pid_held_50ms,goal_reached,1,0,S,0,0.2955,0.6896,0.024943,301.42
rigid,f104_v2_group_0759_route_07,infeasible,nrd_policy_v2,goal_reached,1,0,S,0,0.1821,0.4558,0.068972,236.05
rigid,f104_v2_group_0759_route_09,infeasible,pid_native,prolonged_blockage_terminated,0,1,U,na,1.6363,3.5403,0.003987,916.79
rigid,f104_v2_group_0759_route_09,infeasible,pid_held_50ms,prolonged_blockage_terminated,0,1,U,0,1.6290,3.6696,0.002609,1222.16
rigid,f104_v2_group_0759_route_09,infeasible,nrd_policy_v2,prolonged_blockage_terminated,0,1,U,0,1.4917,3.6990,0.028098,2514.87
rigid,f104_v2_group_0759_route_10,infeasible,pid_native,goal_reached,1,0,S,na,0.2543,1.3052,0.022056,343.45
rigid,f104_v2_group_0759_route_10,infeasible,pid_held_50ms,goal_reached,1,0,S,0,0.2546,1.4192,0.021210,354.20
rigid,f104_v2_group_0759_route_10,infeasible,nrd_policy_v2,goal_reached,1,0,S,0,0.8082,0.9747,0.044257,401.61
rigid,f104_v2_group_0759_route_11,infeasible,pid_native,goal_reached,1,0,S,na,0.2667,0.8649,0.023295,355.42
rigid,f104_v2_group_0759_route_11,infeasible,pid_held_50ms,goal_reached,1,0,S,0,0.2642,1.1075,0.021393,393.02
rigid,f104_v2_group_0759_route_11,infeasible,nrd_policy_v2,goal_reached,1,0,S,0,0.5029,0.3949,0.042790,308.11
rigid,f104_v2_group_0765_route_00,infeasible,pid_native,goal_reached,1,0,S,na,0.0568,0.1415,0.010204,162.72
rigid,f104_v2_group_0765_route_00,infeasible,pid_held_50ms,goal_reached,1,0,S,0,0.0533,0.1456,0.010631,168.79
rigid,f104_v2_group_0765_route_00,infeasible,nrd_policy_v2,goal_reached,1,0,S,0,0.0215,0.1614,0.055380,179.51
rigid,f104_v2_group_0765_route_01,feasible,pid_native,goal_reached,1,0,S,na,0.0425,0.2134,0.013219,200.06
rigid,f104_v2_group_0765_route_01,feasible,pid_held_50ms,goal_reached,1,0,S,0,0.0418,0.2357,0.012895,168.20
rigid,f104_v2_group_0765_route_01,feasible,nrd_policy_v2,goal_reached,1,0,S,0,0.0497,0.0957,0.056205,226.28
rigid,f104_v2_group_0765_route_03,infeasible,pid_native,goal_reached,1,0,S,na,0.0425,0.2567,0.014333,217.74
rigid,f104_v2_group_0765_route_03,infeasible,pid_held_50ms,goal_reached,1,0,S,0,0.0427,0.2940,0.015041,224.84
rigid,f104_v2_group_0765_route_03,infeasible,nrd_policy_v2,goal_reached,1,0,S,0,0.0487,0.1471,0.056363,246.74
rigid,f104_v2_group_0765_route_04,feasible,pid_native,goal_reached,1,0,S,na,0.1199,0.2239,0.008843,253.63
rigid,f104_v2_group_0765_route_04,feasible,pid_held_50ms,goal_reached,1,0,S,0,0.1197,0.2276,0.009053,260.73
rigid,f104_v2_group_0765_route_04,feasible,nrd_policy_v2,goal_reached,1,0,S,0,0.0385,0.1515,0.058890,184.65
rigid,f104_v2_group_0765_route_05,feasible,pid_native,goal_reached,1,0,S,na,0.1217,0.1500,0.011962,168.04
rigid,f104_v2_group_0765_route_05,feasible,pid_held_50ms,goal_reached,1,0,S,0,0.1194,0.1541,0.011836,168.78
rigid,f104_v2_group_0765_route_05,feasible,nrd_policy_v2,goal_reached,1,0,S,0,0.0583,0.1001,0.064704,211.47
rigid,f104_v2_group_0765_route_08,infeasible,pid_native,goal_reached,1,0,S,na,0.0783,0.1166,0.008036,128.11
rigid,f104_v2_group_0765_route_08,infeasible,pid_held_50ms,goal_reached,1,0,S,0,0.0749,0.1217,0.008106,135.14
rigid,f104_v2_group_0765_route_08,infeasible,nrd_policy_v2,goal_reached,1,0,S,0,0.0225,0.1284,0.046568,140.44
rigid,f104_v2_group_0765_route_09,feasible,pid_native,goal_reached,1,0,S,na,0.0818,0.1254,0.010245,146.60
rigid,f104_v2_group_0765_route_09,feasible,pid_held_50ms,goal_reached,1,0,S,0,0.0805,0.1468,0.010645,152.97
rigid,f104_v2_group_0765_route_09,feasible,nrd_policy_v2,goal_reached,1,0,S,0,0.0595,0.1134,0.057448,228.15
rigid,f104_v2_group_0765_route_10,feasible,pid_native,goal_reached,1,0,S,na,0.0753,0.4829,0.013518,201.30
rigid,f104_v2_group_0765_route_10,feasible,pid_held_50ms,goal_reached,1,0,S,0,0.0735,0.5023,0.014120,200.41
rigid,f104_v2_group_0765_route_10,feasible,nrd_policy_v2,goal_reached,1,0,S,0,0.0667,0.2612,0.064517,279.26
rigid,f104_v2_group_0796_route_00,infeasible,pid_native,goal_reached,1,0,S,na,0.0867,0.2654,0.015007,180.10
rigid,f104_v2_group_0796_route_00,infeasible,pid_held_50ms,goal_reached,1,0,S,0,0.0843,0.2643,0.015969,182.49
rigid,f104_v2_group_0796_route_00,infeasible,nrd_policy_v2,goal_reached,1,0,S,0,0.0958,0.1828,0.066331,179.66
rigid,f104_v2_group_0796_route_02,feasible,pid_native,goal_reached,1,0,S,na,0.0953,0.9618,0.022348,282.49
rigid,f104_v2_group_0796_route_02,feasible,pid_held_50ms,goal_reached,1,0,S,0,0.1011,1.0089,0.022965,287.65
rigid,f104_v2_group_0796_route_02,feasible,nrd_policy_v2,goal_reached,1,0,S,0,0.1062,0.5685,0.051763,305.66
rigid,f104_v2_group_0796_route_04,infeasible,pid_native,goal_reached,1,0,S,na,0.2331,1.6484,0.007833,1642.38
rigid,f104_v2_group_0796_route_04,infeasible,pid_held_50ms,goal_reached,1,0,S,0,0.2234,1.7728,0.008072,1681.04
rigid,f104_v2_group_0796_route_04,infeasible,nrd_policy_v2,timeout,0,0,F,0,3.2013,1.8761,0.137176,3713.11
rigid,f104_v2_group_0796_route_05,infeasible,pid_native,goal_reached,1,0,S,na,0.2651,2.3443,0.011695,829.77
rigid,f104_v2_group_0796_route_05,infeasible,pid_held_50ms,goal_reached,1,0,S,0,0.2398,2.3569,0.011949,834.75
rigid,f104_v2_group_0796_route_05,infeasible,nrd_policy_v2,goal_reached,1,0,S,0,0.5258,2.8660,0.037854,1182.86
rigid,f104_v2_group_0796_route_06,feasible,pid_native,goal_reached,1,0,S,na,0.2515,1.2168,0.020224,311.09
rigid,f104_v2_group_0796_route_06,feasible,pid_held_50ms,goal_reached,1,0,S,0,0.2450,1.2724,0.020928,316.91
rigid,f104_v2_group_0796_route_06,feasible,nrd_policy_v2,goal_reached,1,0,S,0,0.1182,1.0659,0.061129,372.76
rigid,f104_v2_group_0796_route_07,infeasible,pid_native,goal_reached,1,0,S,na,0.3071,1.0294,0.019935,352.81
rigid,f104_v2_group_0796_route_07,infeasible,pid_held_50ms,goal_reached,1,0,S,0,0.3173,1.1434,0.020764,306.47
rigid,f104_v2_group_0796_route_07,infeasible,nrd_policy_v2,goal_reached,1,0,S,0,0.1542,0.6076,0.071550,281.01
rigid,f104_v2_group_0796_route_10,infeasible,pid_native,goal_reached,1,0,S,na,0.3420,1.3028,0.019033,344.08
rigid,f104_v2_group_0796_route_10,infeasible,pid_held_50ms,goal_reached,1,0,S,0,0.3529,1.3084,0.018846,349.00
rigid,f104_v2_group_0796_route_10,infeasible,nrd_policy_v2,goal_reached,1,0,S,0,0.1800,1.0512,0.042627,372.35
rigid,f104_v2_group_0819_route_02,infeasible,pid_native,goal_reached,1,0,S,na,0.3023,1.6451,0.020373,447.54
rigid,f104_v2_group_0819_route_02,infeasible,pid_held_50ms,goal_reached,1,0,S,0,0.2873,1.5957,0.020098,392.32
rigid,f104_v2_group_0819_route_02,infeasible,nrd_policy_v2,goal_reached,1,0,S,0,0.1850,1.4697,0.049991,426.21
rigid,f104_v2_group_0819_route_03,infeasible,pid_native,goal_reached,1,0,S,na,0.2244,0.8803,0.023264,458.56
rigid,f104_v2_group_0819_route_03,infeasible,pid_held_50ms,goal_reached,1,0,S,0,0.2913,0.9428,0.022053,472.14
rigid,f104_v2_group_0819_route_03,infeasible,nrd_policy_v2,goal_reached,1,0,S,0,0.1190,0.6600,0.080994,378.98
rigid,f104_v2_group_0819_route_05,feasible,pid_native,goal_reached,1,0,S,na,0.2292,0.4405,0.018571,285.78
rigid,f104_v2_group_0819_route_05,feasible,pid_held_50ms,goal_reached,1,0,S,0,0.2001,0.4448,0.018415,283.25
rigid,f104_v2_group_0819_route_05,feasible,nrd_policy_v2,goal_reached,1,0,S,0,0.1387,0.4724,0.068194,294.94
rigid,f104_v2_group_0819_route_06,infeasible,pid_native,rollover,0,1,U,na,2.4884,1.4409,0.016558,255.40
rigid,f104_v2_group_0819_route_06,infeasible,pid_held_50ms,rollover,0,1,U,0,2.2737,1.3799,0.016370,290.29
rigid,f104_v2_group_0819_route_06,infeasible,nrd_policy_v2,goal_reached,1,0,S,0,0.3835,1.1322,0.051462,409.66
rigid,f104_v2_group_0819_route_07,feasible,pid_native,goal_reached,1,0,S,na,0.4409,0.4796,0.020890,325.05
rigid,f104_v2_group_0819_route_07,feasible,pid_held_50ms,goal_reached,1,0,S,0,0.4834,0.5026,0.022724,322.88
rigid,f104_v2_group_0819_route_07,feasible,nrd_policy_v2,goal_reached,1,0,S,0,0.4965,0.3825,0.061773,299.28
rigid,f104_v2_group_0819_route_08,infeasible,pid_native,prolonged_blockage_terminated,0,1,U,na,2.9982,1.7917,0.003591,2274.69
rigid,f104_v2_group_0819_route_08,infeasible,pid_held_50ms,prolonged_blockage_terminated,0,1,U,0,2.9434,1.8426,0.003811,2955.01
rigid,f104_v2_group_0819_route_08,infeasible,nrd_policy_v2,timeout,0,0,F,0,2.8643,1.8694,0.056319,6415.64
rigid,f104_v2_group_0819_route_10,infeasible,pid_native,goal_reached,1,0,S,na,0.1871,2.0196,0.019753,451.14
rigid,f104_v2_group_0819_route_10,infeasible,pid_held_50ms,goal_reached,1,0,S,0,0.1837,2.0977,0.020753,465.24
rigid,f104_v2_group_0819_route_10,infeasible,nrd_policy_v2,goal_reached,1,0,S,0,0.1183,1.5138,0.049633,423.82
rigid,f104_v2_group_0819_route_11,infeasible,pid_native,goal_reached,1,0,S,na,0.1698,1.1468,0.021310,544.14
rigid,f104_v2_group_0819_route_11,infeasible,pid_held_50ms,goal_reached,1,0,S,0,0.1697,1.1601,0.021435,557.54
rigid,f104_v2_group_0819_route_11,infeasible,nrd_policy_v2,goal_reached,1,0,S,0,0.1271,0.7321,0.077695,391.87
rigid,f104_v2_group_0844_route_00,infeasible,pid_native,goal_reached,1,0,S,na,0.9452,0.4551,0.012993,432.31
rigid,f104_v2_group_0844_route_00,infeasible,pid_held_50ms,goal_reached,1,0,S,0,1.1636,1.1115,0.009803,1346.82
rigid,f104_v2_group_0844_route_00,infeasible,nrd_policy_v2,goal_reached,1,0,S,0,0.9627,1.3840,0.045336,1008.71
rigid,f104_v2_group_0844_route_02,infeasible,pid_native,goal_reached,1,0,S,na,0.2336,1.0092,0.022840,326.54
rigid,f104_v2_group_0844_route_02,infeasible,pid_held_50ms,goal_reached,1,0,S,0,0.2166,1.0502,0.021710,323.72
rigid,f104_v2_group_0844_route_02,infeasible,nrd_policy_v2,goal_reached,1,0,S,0,0.1083,0.7602,0.049642,320.09
rigid,f104_v2_group_0844_route_03,infeasible,pid_native,goal_reached,1,0,S,na,0.4880,0.9186,0.022264,323.51
rigid,f104_v2_group_0844_route_03,infeasible,pid_held_50ms,goal_reached,1,0,S,0,0.3818,1.0313,0.022533,347.71
rigid,f104_v2_group_0844_route_03,infeasible,nrd_policy_v2,goal_reached,1,0,S,0,0.1478,0.5335,0.062425,280.46
rigid,f104_v2_group_0844_route_04,infeasible,pid_native,goal_reached,1,0,S,na,0.5455,0.8200,0.013689,590.40
rigid,f104_v2_group_0844_route_04,infeasible,pid_held_50ms,goal_reached,1,0,S,0,0.4764,0.9723,0.012620,795.65
rigid,f104_v2_group_0844_route_04,infeasible,nrd_policy_v2,goal_reached,1,0,S,0,0.2994,1.1305,0.102805,816.44
rigid,f104_v2_group_0844_route_06,infeasible,pid_native,goal_reached,1,0,S,na,0.2202,0.8529,0.019010,261.50
rigid,f104_v2_group_0844_route_06,infeasible,pid_held_50ms,goal_reached,1,0,S,0,0.2157,0.9184,0.019978,265.89
rigid,f104_v2_group_0844_route_06,infeasible,nrd_policy_v2,goal_reached,1,0,S,0,0.1176,0.7265,0.072243,290.98
rigid,f104_v2_group_0844_route_07,infeasible,pid_native,goal_reached,1,0,S,na,0.2560,0.9468,0.018813,309.97
rigid,f104_v2_group_0844_route_07,infeasible,pid_held_50ms,goal_reached,1,0,S,0,0.2354,0.9434,0.018779,310.10
rigid,f104_v2_group_0844_route_07,infeasible,nrd_policy_v2,goal_reached,1,0,S,0,0.1442,0.5334,0.067810,266.96
rigid,f104_v2_group_0844_route_09,infeasible,pid_native,goal_reached,1,0,S,na,0.2442,0.7497,0.015017,361.17
rigid,f104_v2_group_0844_route_09,infeasible,pid_held_50ms,goal_reached,1,0,S,0,0.2416,0.7467,0.016128,366.56
rigid,f104_v2_group_0844_route_09,infeasible,nrd_policy_v2,goal_reached,1,0,S,0,0.1569,0.4002,0.055972,319.74
rigid,f104_v2_group_0844_route_11,infeasible,pid_native,goal_reached,1,0,S,na,0.2949,0.4611,0.020598,232.51
rigid,f104_v2_group_0844_route_11,infeasible,pid_held_50ms,goal_reached,1,0,S,0,0.3583,0.4658,0.023086,241.01
rigid,f104_v2_group_0844_route_11,infeasible,nrd_policy_v2,goal_reached,1,0,S,0,0.1485,0.1997,0.054812,222.29
rigid,f104_v2_group_0856_route_01,infeasible,pid_native,prolonged_blockage_terminated,0,1,U,na,3.6450,3.7579,0.003834,885.99
rigid,f104_v2_group_0856_route_01,infeasible,pid_held_50ms,timeout,0,0,F,0,2.9879,3.8406,0.004457,6969.90
rigid,f104_v2_group_0856_route_01,infeasible,nrd_policy_v2,prolonged_blockage_terminated,0,1,U,0,3.4641,3.8435,0.026528,3026.79
rigid,f104_v2_group_0856_route_02,infeasible,pid_native,goal_reached,1,0,S,na,0.3070,1.8364,0.018245,509.24
rigid,f104_v2_group_0856_route_02,infeasible,pid_held_50ms,goal_reached,1,0,S,0,0.2613,1.7096,0.018670,497.16
rigid,f104_v2_group_0856_route_02,infeasible,nrd_policy_v2,goal_reached,1,0,S,0,0.2085,1.6188,0.039313,471.02
rigid,f104_v2_group_0856_route_03,infeasible,pid_native,prolonged_blockage_terminated,0,1,U,na,3.0052,5.3646,0.004056,3187.07
rigid,f104_v2_group_0856_route_03,infeasible,pid_held_50ms,goal_reached,1,0,S,0,0.7446,4.8336,0.005318,2992.50
rigid,f104_v2_group_0856_route_03,infeasible,nrd_policy_v2,goal_reached,1,0,S,0,1.2999,5.0279,0.016685,4588.17
rigid,f104_v2_group_0856_route_04,infeasible,pid_native,prolonged_blockage_terminated,0,1,U,na,1.8411,1.7285,0.004681,5228.95
rigid,f104_v2_group_0856_route_04,infeasible,pid_held_50ms,goal_reached,1,0,S,0,0.5224,1.7414,0.006609,3005.98
rigid,f104_v2_group_0856_route_04,infeasible,nrd_policy_v2,prolonged_blockage_terminated,0,1,U,1,3.2873,1.7599,0.222552,2415.83
rigid,f104_v2_group_0856_route_06,infeasible,pid_native,goal_reached,1,0,S,na,0.1818,1.7760,0.023241,486.65
rigid,f104_v2_group_0856_route_06,infeasible,pid_held_50ms,goal_reached,1,0,S,0,0.1947,1.8411,0.022826,498.24
rigid,f104_v2_group_0856_route_06,infeasible,nrd_policy_v2,goal_reached,1,0,S,0,0.1721,1.4206,0.045227,411.24
rigid,f104_v2_group_0856_route_07,infeasible,pid_native,goal_reached,1,0,S,na,0.5023,3.1833,0.014588,855.67
rigid,f104_v2_group_0856_route_07,infeasible,pid_held_50ms,goal_reached,1,0,S,0,0.4433,3.1473,0.014336,870.57
rigid,f104_v2_group_0856_route_07,infeasible,nrd_policy_v2,timeout,0,0,F,0,1.4140,3.8135,0.079356,5025.08
rigid,f104_v2_group_0856_route_08,infeasible,pid_native,prolonged_blockage_terminated,0,1,U,na,3.8887,1.6592,0.004257,2202.06
rigid,f104_v2_group_0856_route_08,infeasible,pid_held_50ms,prolonged_blockage_terminated,0,1,U,0,3.9655,1.8474,0.002894,1538.04
rigid,f104_v2_group_0856_route_08,infeasible,nrd_policy_v2,timeout,0,0,F,0,3.6214,1.8901,0.124079,3601.61
rigid,f104_v2_group_0856_route_09,infeasible,pid_native,goal_reached,1,0,S,na,0.2596,0.4688,0.019331,336.29
rigid,f104_v2_group_0856_route_09,infeasible,pid_held_50ms,goal_reached,1,0,S,0,0.2556,0.4827,0.019037,335.72
rigid,f104_v2_group_0856_route_09,infeasible,nrd_policy_v2,goal_reached,1,0,S,0,0.1072,0.3169,0.059127,315.49
rigid,f104_v2_group_0856_route_10,infeasible,pid_native,goal_reached,1,0,S,na,0.2270,1.1010,0.019568,364.03
rigid,f104_v2_group_0856_route_10,infeasible,pid_held_50ms,goal_reached,1,0,S,0,0.2166,1.2433,0.019957,356.83
rigid,f104_v2_group_0856_route_10,infeasible,nrd_policy_v2,goal_reached,1,0,S,0,0.1129,0.8347,0.049854,388.05
rigid,f104_v2_group_0860_route_00,infeasible,pid_native,goal_reached,1,0,S,na,0.1690,1.5390,0.005230,2419.78
rigid,f104_v2_group_0860_route_00,infeasible,pid_held_50ms,prolonged_blockage_terminated,0,1,U,0,2.3302,1.6291,0.004588,2001.64
rigid,f104_v2_group_0860_route_00,infeasible,nrd_policy_v2,goal_reached,1,0,S,0,0.1078,0.8446,0.083209,527.92
rigid,f104_v2_group_0860_route_01,infeasible,pid_native,goal_reached,1,0,S,na,0.1533,2.9724,0.006542,1991.28
rigid,f104_v2_group_0860_route_01,infeasible,pid_held_50ms,prolonged_blockage_terminated,0,1,U,0,1.7139,3.2158,0.006012,2060.92
rigid,f104_v2_group_0860_route_01,infeasible,nrd_policy_v2,goal_reached,1,0,S,0,0.0980,0.6181,0.064039,283.29
rigid,f104_v2_group_0860_route_03,infeasible,pid_native,goal_reached,1,0,S,na,0.1288,1.9333,0.014260,514.83
rigid,f104_v2_group_0860_route_03,infeasible,pid_held_50ms,goal_reached,1,0,S,0,0.1070,1.0600,0.019642,344.43
rigid,f104_v2_group_0860_route_03,infeasible,nrd_policy_v2,goal_reached,1,0,S,0,0.1756,0.3598,0.065697,202.93
rigid,f104_v2_group_0860_route_04,infeasible,pid_native,goal_reached,1,0,S,na,0.2309,0.0809,0.008637,82.87
rigid,f104_v2_group_0860_route_04,infeasible,pid_held_50ms,goal_reached,1,0,S,0,0.2364,0.0947,0.008580,98.06
rigid,f104_v2_group_0860_route_04,infeasible,nrd_policy_v2,goal_reached,1,0,S,0,0.0783,0.2302,0.053130,121.51
rigid,f104_v2_group_0860_route_07,feasible,pid_native,goal_reached,1,0,S,na,0.2179,0.1787,0.016863,114.33
rigid,f104_v2_group_0860_route_07,feasible,pid_held_50ms,goal_reached,1,0,S,0,0.2232,0.1953,0.017813,120.67
rigid,f104_v2_group_0860_route_07,feasible,nrd_policy_v2,goal_reached,1,0,S,0,0.0825,0.2779,0.052727,133.78
rigid,f104_v2_group_0860_route_08,infeasible,pid_native,goal_reached,1,0,S,na,0.4426,0.7523,0.014852,668.70
rigid,f104_v2_group_0860_route_08,infeasible,pid_held_50ms,goal_reached,1,0,S,0,0.4311,0.7144,0.014739,590.49
rigid,f104_v2_group_0860_route_08,infeasible,nrd_policy_v2,goal_reached,1,0,S,0,0.2273,0.9902,0.098533,920.54
rigid,f104_v2_group_0860_route_09,infeasible,pid_native,goal_reached,1,0,S,na,0.3730,0.6257,0.018085,298.58
rigid,f104_v2_group_0860_route_09,infeasible,pid_held_50ms,goal_reached,1,0,S,0,0.3667,0.5830,0.019411,291.39
rigid,f104_v2_group_0860_route_09,infeasible,nrd_policy_v2,goal_reached,1,0,S,0,0.1318,0.2734,0.056541,233.93
rigid,f104_v2_group_0860_route_11,feasible,pid_native,goal_reached,1,0,S,na,0.3237,0.4006,0.021586,197.86
rigid,f104_v2_group_0860_route_11,feasible,pid_held_50ms,goal_reached,1,0,S,0,0.3489,0.7522,0.020646,256.80
rigid,f104_v2_group_0860_route_11,feasible,nrd_policy_v2,goal_reached,1,0,S,0,0.1192,0.1575,0.062742,178.78
rigid,f104_v2_group_0877_route_00,infeasible,pid_native,prolonged_blockage_terminated,0,1,U,na,3.6737,1.8715,0.002649,4110.95
rigid,f104_v2_group_0877_route_00,infeasible,pid_held_50ms,prolonged_blockage_terminated,0,1,U,0,3.3336,1.6856,0.003101,2548.60
rigid,f104_v2_group_0877_route_00,infeasible,nrd_policy_v2,timeout,0,0,F,0,2.7472,1.9041,0.217702,4468.15
rigid,f104_v2_group_0877_route_01,infeasible,pid_native,prolonged_blockage_terminated,0,1,U,na,3.4145,3.8595,0.003721,3887.98
rigid,f104_v2_group_0877_route_01,infeasible,pid_held_50ms,prolonged_blockage_terminated,0,1,U,0,3.2579,3.8282,0.003966,2702.06
rigid,f104_v2_group_0877_route_01,infeasible,nrd_policy_v2,prolonged_blockage_terminated,0,1,U,0,2.6354,3.8675,0.026549,6642.27
rigid,f104_v2_group_0877_route_02,infeasible,pid_native,goal_reached,1,0,S,na,0.1737,1.3910,0.025288,351.57
rigid,f104_v2_group_0877_route_02,infeasible,pid_held_50ms,goal_reached,1,0,S,0,0.1700,1.3878,0.026991,357.88
rigid,f104_v2_group_0877_route_02,infeasible,nrd_policy_v2,goal_reached,1,0,S,0,0.2513,0.8379,0.052786,314.16
rigid,f104_v2_group_0877_route_03,infeasible,pid_native,prolonged_blockage_terminated,0,1,U,na,3.3500,5.7607,0.002301,4918.11
rigid,f104_v2_group_0877_route_03,infeasible,pid_held_50ms,prolonged_blockage_terminated,0,1,U,0,3.3382,5.4779,0.007434,1475.03
rigid,f104_v2_group_0877_route_03,infeasible,nrd_policy_v2,prolonged_blockage_terminated,0,1,U,0,2.2841,5.2909,0.014945,2082.82
rigid,f104_v2_group_0877_route_05,infeasible,pid_native,goal_reached,1,0,S,na,0.3240,0.3928,0.018580,232.23
rigid,f104_v2_group_0877_route_05,infeasible,pid_held_50ms,goal_reached,1,0,S,0,0.3174,0.4037,0.018478,232.69
rigid,f104_v2_group_0877_route_05,infeasible,nrd_policy_v2,goal_reached,1,0,S,0,0.1363,0.2236,0.070233,242.41
rigid,f104_v2_group_0877_route_06,infeasible,pid_native,goal_reached,1,0,S,na,0.2970,0.8231,0.019930,273.11
rigid,f104_v2_group_0877_route_06,infeasible,pid_held_50ms,goal_reached,1,0,S,0,0.2983,0.8539,0.020466,274.11
rigid,f104_v2_group_0877_route_06,infeasible,nrd_policy_v2,goal_reached,1,0,S,0,0.2100,0.5490,0.046812,276.99
rigid,f104_v2_group_0877_route_10,infeasible,pid_native,goal_reached,1,0,S,na,0.3321,1.0341,0.029500,277.42
rigid,f104_v2_group_0877_route_10,infeasible,pid_held_50ms,goal_reached,1,0,S,0,0.3198,0.9896,0.030193,265.43
rigid,f104_v2_group_0877_route_10,infeasible,nrd_policy_v2,goal_reached,1,0,S,0,0.2214,0.5970,0.068158,298.10
rigid,f104_v2_group_0877_route_11,infeasible,pid_native,goal_reached,1,0,S,na,0.3243,1.4299,0.025461,363.99
rigid,f104_v2_group_0877_route_11,infeasible,pid_held_50ms,goal_reached,1,0,S,0,0.3199,1.5169,0.025517,382.66
rigid,f104_v2_group_0877_route_11,infeasible,nrd_policy_v2,goal_reached,1,0,S,0,0.1115,0.8549,0.056890,300.89
rigid,f104_v2_group_0888_route_00,feasible,pid_native,goal_reached,1,0,S,na,0.0675,0.1648,0.012289,114.74
rigid,f104_v2_group_0888_route_00,feasible,pid_held_50ms,goal_reached,1,0,S,0,0.0721,0.1681,0.012465,118.55
rigid,f104_v2_group_0888_route_00,feasible,nrd_policy_v2,goal_reached,1,0,S,0,0.0704,0.2243,0.051443,107.86
rigid,f104_v2_group_0888_route_01,feasible,pid_native,goal_reached,1,0,S,na,0.0797,0.2560,0.015127,146.93
rigid,f104_v2_group_0888_route_01,feasible,pid_held_50ms,goal_reached,1,0,S,0,0.0711,0.2790,0.015381,149.38
rigid,f104_v2_group_0888_route_01,feasible,nrd_policy_v2,goal_reached,1,0,S,0,0.0776,0.2148,0.064668,179.08
rigid,f104_v2_group_0888_route_03,feasible,pid_native,goal_reached,1,0,S,na,0.0799,0.5864,0.018585,244.44
rigid,f104_v2_group_0888_route_03,feasible,pid_held_50ms,goal_reached,1,0,S,0,0.0796,0.6091,0.019514,250.57
rigid,f104_v2_group_0888_route_03,feasible,nrd_policy_v2,goal_reached,1,0,S,0,0.1047,0.5455,0.059495,224.13
rigid,f104_v2_group_0888_route_04,feasible,pid_native,goal_reached,1,0,S,na,0.2313,0.1233,0.009043,94.78
rigid,f104_v2_group_0888_route_04,feasible,pid_held_50ms,goal_reached,1,0,S,0,0.2342,0.1264,0.009350,98.05
rigid,f104_v2_group_0888_route_04,feasible,nrd_policy_v2,goal_reached,1,0,S,0,0.0895,0.2704,0.046897,87.66
rigid,f104_v2_group_0888_route_06,feasible,pid_native,goal_reached,1,0,S,na,0.2031,0.9036,0.015913,163.26
rigid,f104_v2_group_0888_route_06,feasible,pid_held_50ms,goal_reached,1,0,S,0,0.1950,0.9742,0.016590,164.57
rigid,f104_v2_group_0888_route_06,feasible,nrd_policy_v2,goal_reached,1,0,S,0,0.1266,0.6442,0.050505,190.40
rigid,f104_v2_group_0888_route_07,feasible,pid_native,goal_reached,1,0,S,na,0.2082,0.3254,0.019640,168.71
rigid,f104_v2_group_0888_route_07,feasible,pid_held_50ms,goal_reached,1,0,S,0,0.2095,0.3427,0.019939,170.80
rigid,f104_v2_group_0888_route_07,feasible,nrd_policy_v2,goal_reached,1,0,S,0,0.1427,0.2824,0.069900,161.59
rigid,f104_v2_group_0888_route_09,feasible,pid_native,goal_reached,1,0,S,na,0.3042,0.2222,0.013624,148.67
rigid,f104_v2_group_0888_route_09,feasible,pid_held_50ms,goal_reached,1,0,S,0,0.3065,0.2750,0.015032,183.53
rigid,f104_v2_group_0888_route_09,feasible,nrd_policy_v2,goal_reached,1,0,S,0,0.1048,0.1726,0.063689,163.13
rigid,f104_v2_group_0914_route_00,infeasible,pid_native,goal_reached,1,0,S,na,0.5484,0.9596,0.012238,623.01
rigid,f104_v2_group_0914_route_00,infeasible,pid_held_50ms,goal_reached,1,0,S,0,0.6247,0.9232,0.011350,829.04
rigid,f104_v2_group_0914_route_00,infeasible,nrd_policy_v2,goal_reached,1,0,S,0,0.4156,1.1750,0.055141,689.03
rigid,f104_v2_group_0914_route_01,infeasible,pid_native,goal_reached,1,0,S,na,0.2200,0.9266,0.021625,367.81
rigid,f104_v2_group_0914_route_01,infeasible,pid_held_50ms,goal_reached,1,0,S,0,0.2440,1.0378,0.020615,395.91
rigid,f104_v2_group_0914_route_01,infeasible,nrd_policy_v2,goal_reached,1,0,S,0,0.1080,0.5955,0.060438,254.08
rigid,f104_v2_group_0914_route_02,infeasible,pid_native,goal_reached,1,0,S,na,0.1963,1.3626,0.021296,289.49
rigid,f104_v2_group_0914_route_02,infeasible,pid_held_50ms,goal_reached,1,0,S,0,0.1991,1.3810,0.022047,289.03
rigid,f104_v2_group_0914_route_02,infeasible,nrd_policy_v2,goal_reached,1,0,S,0,0.1312,1.0320,0.061313,300.81
rigid,f104_v2_group_0914_route_05,infeasible,pid_native,goal_reached,1,0,S,na,0.4073,0.5549,0.021630,283.52
rigid,f104_v2_group_0914_route_05,infeasible,pid_held_50ms,goal_reached,1,0,S,0,0.4037,0.6026,0.022368,290.68
rigid,f104_v2_group_0914_route_05,infeasible,nrd_policy_v2,goal_reached,1,0,S,0,0.1607,0.9005,0.082886,309.06
rigid,f104_v2_group_0914_route_06,feasible,pid_native,goal_reached,1,0,S,na,0.3646,1.3303,0.024051,322.05
rigid,f104_v2_group_0914_route_06,feasible,pid_held_50ms,goal_reached,1,0,S,0,0.3623,1.4013,0.023933,318.91
rigid,f104_v2_group_0914_route_06,feasible,nrd_policy_v2,goal_reached,1,0,S,0,0.1982,1.0202,0.069003,307.30
rigid,f104_v2_group_0914_route_07,infeasible,pid_native,goal_reached,1,0,S,na,0.3930,0.9906,0.023049,305.04
rigid,f104_v2_group_0914_route_07,infeasible,pid_held_50ms,goal_reached,1,0,S,0,0.3866,0.9932,0.023078,305.47
rigid,f104_v2_group_0914_route_07,infeasible,nrd_policy_v2,goal_reached,1,0,S,0,0.2287,0.6672,0.061284,251.77
rigid,f104_v2_group_0914_route_08,infeasible,pid_native,goal_reached,1,0,S,na,0.2850,1.2329,0.010451,737.12
rigid,f104_v2_group_0914_route_08,infeasible,pid_held_50ms,goal_reached,1,0,S,0,0.2643,1.3081,0.009882,749.30
rigid,f104_v2_group_0914_route_08,infeasible,nrd_policy_v2,goal_reached,1,0,S,0,0.2165,1.4312,0.080218,858.02
rigid,f104_v2_group_0914_route_09,feasible,pid_native,goal_reached,1,0,S,na,0.3540,0.4580,0.018624,242.41
rigid,f104_v2_group_0914_route_09,feasible,pid_held_50ms,goal_reached,1,0,S,0,0.3540,0.5282,0.018512,259.29
rigid,f104_v2_group_0914_route_09,feasible,nrd_policy_v2,goal_reached,1,0,S,0,0.1439,0.4301,0.064656,224.15
rigid,f104_v2_group_0914_route_10,feasible,pid_native,goal_reached,1,0,S,na,0.3227,1.3922,0.020456,240.35
rigid,f104_v2_group_0914_route_10,feasible,pid_held_50ms,goal_reached,1,0,S,0,0.3235,1.5317,0.020213,246.15
rigid,f104_v2_group_0914_route_10,feasible,nrd_policy_v2,goal_reached,1,0,S,0,0.2059,0.9796,0.056868,271.70
rigid,f104_v2_group_0964_route_00,infeasible,pid_native,prolonged_blockage_terminated,0,1,U,na,3.7702,1.7658,0.005554,2023.14
rigid,f104_v2_group_0964_route_00,infeasible,pid_held_50ms,prolonged_blockage_terminated,0,1,U,0,3.7835,1.8768,0.003433,4174.09
rigid,f104_v2_group_0964_route_00,infeasible,nrd_policy_v2,prolonged_blockage_terminated,0,1,U,1,3.7839,1.8821,0.158128,1997.13
rigid,f104_v2_group_0964_route_02,feasible,pid_native,goal_reached,1,0,S,na,0.1728,1.0416,0.023350,247.33
rigid,f104_v2_group_0964_route_02,feasible,pid_held_50ms,goal_reached,1,0,S,0,0.1570,1.0629,0.022536,249.10
rigid,f104_v2_group_0964_route_02,feasible,nrd_policy_v2,goal_reached,1,0,S,0,0.1258,0.8668,0.057128,256.14
rigid,f104_v2_group_0964_route_04,infeasible,pid_native,goal_reached,1,0,S,na,0.2013,0.1641,0.011379,148.82
rigid,f104_v2_group_0964_route_04,infeasible,pid_held_50ms,goal_reached,1,0,S,0,0.1975,0.1724,0.011483,158.73
rigid,f104_v2_group_0964_route_04,infeasible,nrd_policy_v2,goal_reached,1,0,S,0,0.1146,0.2625,0.060180,190.20
rigid,f104_v2_group_0964_route_06,feasible,pid_native,goal_reached,1,0,S,na,0.2005,0.8210,0.017370,190.46
rigid,f104_v2_group_0964_route_06,feasible,pid_held_50ms,goal_reached,1,0,S,0,0.2055,0.8582,0.018195,189.41
rigid,f104_v2_group_0964_route_06,feasible,nrd_policy_v2,goal_reached,1,0,S,0,0.1360,0.5662,0.056764,197.31
rigid,f104_v2_group_0964_route_07,feasible,pid_native,goal_reached,1,0,S,na,0.2219,0.6963,0.018803,256.76
rigid,f104_v2_group_0964_route_07,feasible,pid_held_50ms,goal_reached,1,0,S,0,0.2237,0.7066,0.019451,260.59
rigid,f104_v2_group_0964_route_07,feasible,nrd_policy_v2,goal_reached,1,0,S,0,0.1935,0.6052,0.058343,225.99
rigid,f104_v2_group_0964_route_08,infeasible,pid_native,goal_reached,1,0,S,na,0.3424,0.2710,0.014354,198.71
rigid,f104_v2_group_0964_route_08,infeasible,pid_held_50ms,goal_reached,1,0,S,0,0.3358,0.2716,0.014517,198.51
rigid,f104_v2_group_0964_route_08,infeasible,nrd_policy_v2,goal_reached,1,0,S,0,0.1550,0.1860,0.062223,170.87
rigid,f104_v2_group_0964_route_10,infeasible,pid_native,goal_reached,1,0,S,na,0.2953,0.8268,0.024249,259.85
rigid,f104_v2_group_0964_route_10,infeasible,pid_held_50ms,goal_reached,1,0,S,0,0.2974,0.8992,0.024737,261.83
rigid,f104_v2_group_0964_route_10,infeasible,nrd_policy_v2,goal_reached,1,0,S,0,0.1115,0.5712,0.056567,269.94
rigid,f104_v2_group_0980_route_00,infeasible,pid_native,goal_reached,1,0,S,na,0.2045,1.0089,0.014040,1038.55
rigid,f104_v2_group_0980_route_00,infeasible,pid_held_50ms,goal_reached,1,0,S,0,0.1922,0.7408,0.016362,760.33
rigid,f104_v2_group_0980_route_00,infeasible,nrd_policy_v2,timeout,0,0,F,0,0.8361,1.8214,0.172758,4305.31
rigid,f104_v2_group_0980_route_01,infeasible,pid_native,goal_reached,1,0,S,na,0.1628,0.8517,0.020075,411.74
rigid,f104_v2_group_0980_route_01,infeasible,pid_held_50ms,goal_reached,1,0,S,0,0.1551,0.8262,0.020218,411.98
rigid,f104_v2_group_0980_route_01,infeasible,nrd_policy_v2,goal_reached,1,0,S,0,0.1377,0.4335,0.061205,278.35
rigid,f104_v2_group_0980_route_02,infeasible,pid_native,goal_reached,1,0,S,na,0.1623,0.9185,0.026289,262.42
rigid,f104_v2_group_0980_route_02,infeasible,pid_held_50ms,goal_reached,1,0,S,0,0.1936,1.3155,0.023410,328.05
rigid,f104_v2_group_0980_route_02,infeasible,nrd_policy_v2,goal_reached,1,0,S,0,0.1682,0.8258,0.049125,239.68
rigid,f104_v2_group_0980_route_03,infeasible,pid_native,goal_reached,1,0,S,na,0.1280,0.3774,0.030489,188.16
rigid,f104_v2_group_0980_route_03,infeasible,pid_held_50ms,goal_reached,1,0,S,0,0.1552,0.4075,0.030903,200.52
rigid,f104_v2_group_0980_route_03,infeasible,nrd_policy_v2,goal_reached,1,0,S,0,0.1855,0.3483,0.059491,170.10
rigid,f104_v2_group_0980_route_04,infeasible,pid_native,prolonged_blockage_terminated,0,1,U,na,2.4285,1.6978,0.002845,924.15
rigid,f104_v2_group_0980_route_04,infeasible,pid_held_50ms,prolonged_blockage_terminated,0,1,U,0,2.3981,1.8217,0.002624,3606.93
rigid,f104_v2_group_0980_route_04,infeasible,nrd_policy_v2,prolonged_blockage_terminated,0,1,U,1,0.5431,1.6666,0.022629,1072.99
rigid,f104_v2_group_0980_route_05,infeasible,pid_native,goal_reached,1,0,S,na,0.3930,3.6263,0.003479,3842.33
rigid,f104_v2_group_0980_route_05,infeasible,pid_held_50ms,prolonged_blockage_terminated,0,1,U,0,1.2795,3.5617,0.004315,2063.18
rigid,f104_v2_group_0980_route_05,infeasible,nrd_policy_v2,goal_reached,1,0,S,0,0.1631,0.4295,0.069132,204.40
rigid,f104_v2_group_0980_route_06,infeasible,pid_native,goal_reached,1,0,S,na,0.3959,0.7014,0.025359,220.09
rigid,f104_v2_group_0980_route_06,infeasible,pid_held_50ms,goal_reached,1,0,S,0,0.3932,0.7595,0.025989,228.65
rigid,f104_v2_group_0980_route_06,infeasible,nrd_policy_v2,goal_reached,1,0,S,0,0.2102,0.5368,0.050697,166.88
rigid,f104_v2_group_0980_route_07,infeasible,pid_native,goal_reached,1,0,S,na,0.4013,0.4171,0.027805,194.95
rigid,f104_v2_group_0980_route_07,infeasible,pid_held_50ms,goal_reached,1,0,S,0,0.4035,0.4367,0.029119,199.33
rigid,f104_v2_group_0980_route_07,infeasible,nrd_policy_v2,goal_reached,1,0,S,0,0.2179,0.5140,0.053445,151.79
rigid,f104_v2_group_0980_route_09,infeasible,pid_native,goal_reached,1,0,S,na,0.4866,0.4814,0.020218,314.69
rigid,f104_v2_group_0980_route_09,infeasible,pid_held_50ms,goal_reached,1,0,S,0,0.4835,0.4766,0.020381,318.41
rigid,f104_v2_group_0980_route_09,infeasible,nrd_policy_v2,goal_reached,1,0,S,0,0.1404,0.2293,0.056452,253.56
rigid,f104_v2_group_0980_route_10,feasible,pid_native,goal_reached,1,0,S,na,0.4355,0.7909,0.024276,230.30
rigid,f104_v2_group_0980_route_10,feasible,pid_held_50ms,goal_reached,1,0,S,0,0.4768,0.8485,0.023963,249.28
rigid,f104_v2_group_0980_route_10,feasible,nrd_policy_v2,goal_reached,1,0,S,0,0.1741,0.4121,0.064792,245.96
rigid,f104_v2_group_1026_route_01,feasible,pid_native,goal_reached,1,0,S,na,0.1808,0.2629,0.019864,212.57
rigid,f104_v2_group_1026_route_01,feasible,pid_held_50ms,goal_reached,1,0,S,0,0.2418,0.3062,0.020725,227.69
rigid,f104_v2_group_1026_route_01,feasible,nrd_policy_v2,goal_reached,1,0,S,0,0.1120,0.1796,0.061657,191.55
rigid,f104_v2_group_1026_route_02,feasible,pid_native,goal_reached,1,0,S,na,0.2440,1.0626,0.022997,261.72
rigid,f104_v2_group_1026_route_02,feasible,pid_held_50ms,goal_reached,1,0,S,0,0.2213,1.1082,0.022944,262.10
rigid,f104_v2_group_1026_route_02,feasible,nrd_policy_v2,goal_reached,1,0,S,0,0.1206,0.6073,0.063992,235.77
rigid,f104_v2_group_1026_route_04,feasible,pid_native,goal_reached,1,0,S,na,0.2284,0.1573,0.011962,126.40
rigid,f104_v2_group_1026_route_04,feasible,pid_held_50ms,goal_reached,1,0,S,0,0.2219,0.1791,0.012682,149.40
rigid,f104_v2_group_1026_route_04,feasible,nrd_policy_v2,goal_reached,1,0,S,0,0.0554,0.2009,0.050391,139.96
rigid,f104_v2_group_1026_route_05,feasible,pid_native,goal_reached,1,0,S,na,0.2240,0.1949,0.016246,176.19
rigid,f104_v2_group_1026_route_05,feasible,pid_held_50ms,goal_reached,1,0,S,0,0.2273,0.1959,0.017012,184.44
rigid,f104_v2_group_1026_route_05,feasible,nrd_policy_v2,goal_reached,1,0,S,0,0.0727,0.2079,0.058290,178.36
rigid,f104_v2_group_1026_route_09,infeasible,pid_native,goal_reached,1,0,S,na,0.3419,0.2397,0.020511,193.87
rigid,f104_v2_group_1026_route_09,infeasible,pid_held_50ms,goal_reached,1,0,S,0,0.3482,0.2693,0.021443,208.75
rigid,f104_v2_group_1026_route_09,infeasible,nrd_policy_v2,goal_reached,1,0,S,0,0.0828,0.1687,0.059566,170.85
rigid,f104_v2_group_1026_route_10,feasible,pid_native,goal_reached,1,0,S,na,0.3369,0.8781,0.023976,262.25
rigid,f104_v2_group_1026_route_10,feasible,pid_held_50ms,goal_reached,1,0,S,0,0.2774,0.8805,0.022761,246.89
rigid,f104_v2_group_1026_route_10,feasible,nrd_policy_v2,goal_reached,1,0,S,0,0.1349,0.6253,0.057258,244.83
rigid,f104_v2_group_1026_route_11,infeasible,pid_native,goal_reached,1,0,S,na,0.3981,0.3617,0.022399,241.18
rigid,f104_v2_group_1026_route_11,infeasible,pid_held_50ms,goal_reached,1,0,S,0,0.3988,0.3827,0.022468,249.62
rigid,f104_v2_group_1026_route_11,infeasible,nrd_policy_v2,goal_reached,1,0,S,0,0.1118,0.3880,0.082152,278.94
rigid,f104_v2_group_1027_route_00,infeasible,pid_native,goal_reached,1,0,S,na,0.1534,0.5053,0.014054,286.41
rigid,f104_v2_group_1027_route_00,infeasible,pid_held_50ms,goal_reached,1,0,S,0,0.1417,0.3351,0.016122,231.01
rigid,f104_v2_group_1027_route_00,infeasible,nrd_policy_v2,goal_reached,1,0,S,0,0.1238,0.2334,0.051268,198.37
rigid,f104_v2_group_1027_route_01,infeasible,pid_native,goal_reached,1,0,S,na,0.1453,0.2125,0.022352,171.58
rigid,f104_v2_group_1027_route_01,infeasible,pid_held_50ms,goal_reached,1,0,S,0,0.1439,0.2503,0.022754,181.40
rigid,f104_v2_group_1027_route_01,infeasible,nrd_policy_v2,goal_reached,1,0,S,0,0.1215,0.2084,0.058167,192.97
rigid,f104_v2_group_1027_route_03,feasible,pid_native,goal_reached,1,0,S,na,0.1442,0.2861,0.024809,146.97
rigid,f104_v2_group_1027_route_03,feasible,pid_held_50ms,goal_reached,1,0,S,0,0.1357,0.3203,0.024809,160.95
rigid,f104_v2_group_1027_route_03,feasible,nrd_policy_v2,goal_reached,1,0,S,0,0.1306,0.2381,0.067109,173.41
rigid,f104_v2_group_1027_route_05,feasible,pid_native,goal_reached,1,0,S,na,0.3862,0.4071,0.019265,175.68
rigid,f104_v2_group_1027_route_05,feasible,pid_held_50ms,goal_reached,1,0,S,0,0.3795,0.2960,0.019444,204.46
rigid,f104_v2_group_1027_route_05,feasible,nrd_policy_v2,goal_reached,1,0,S,0,0.1450,0.2196,0.066452,180.54
rigid,f104_v2_group_1027_route_07,feasible,pid_native,goal_reached,1,0,S,na,0.3894,0.2534,0.025964,125.25
rigid,f104_v2_group_1027_route_07,feasible,pid_held_50ms,goal_reached,1,0,S,0,0.3881,0.2715,0.025798,127.00
rigid,f104_v2_group_1027_route_07,feasible,nrd_policy_v2,goal_reached,1,0,S,0,0.1370,0.1903,0.066304,163.31
rigid,f104_v2_group_1027_route_08,infeasible,pid_native,goal_reached,1,0,S,na,0.3881,0.2239,0.012352,193.70
rigid,f104_v2_group_1027_route_08,infeasible,pid_held_50ms,goal_reached,1,0,S,0,0.3943,0.2198,0.012711,190.91
rigid,f104_v2_group_1027_route_08,infeasible,nrd_policy_v2,goal_reached,1,0,S,0,0.2187,1.1412,0.041472,805.96
rigid,f104_v2_group_1027_route_09,feasible,pid_native,goal_reached,1,0,S,na,0.3707,0.2057,0.019827,163.92
rigid,f104_v2_group_1027_route_09,feasible,pid_held_50ms,goal_reached,1,0,S,0,0.3665,0.2197,0.020435,168.75
rigid,f104_v2_group_1027_route_09,feasible,nrd_policy_v2,goal_reached,1,0,S,0,0.1189,0.1674,0.062079,171.38
rigid,f104_v2_group_1027_route_11,feasible,pid_native,goal_reached,1,0,S,na,0.3487,0.4945,0.022119,175.80
rigid,f104_v2_group_1027_route_11,feasible,pid_held_50ms,goal_reached,1,0,S,0,0.3456,0.5274,0.022743,181.27
rigid,f104_v2_group_1027_route_11,feasible,nrd_policy_v2,goal_reached,1,0,S,0,0.1261,0.3750,0.059778,191.69
rigid,f104_v2_group_1138_route_00,feasible,pid_native,goal_reached,1,0,S,na,0.0938,0.1357,0.010289,92.21
rigid,f104_v2_group_1138_route_00,feasible,pid_held_50ms,goal_reached,1,0,S,0,0.0943,0.1366,0.009721,95.42
rigid,f104_v2_group_1138_route_00,feasible,nrd_policy_v2,goal_reached,1,0,S,0,0.0462,0.1794,0.049759,98.59
rigid,f104_v2_group_1138_route_01,feasible,pid_native,goal_reached,1,0,S,na,0.0837,0.0936,0.011939,112.47
rigid,f104_v2_group_1138_route_01,feasible,pid_held_50ms,goal_reached,1,0,S,0,0.0804,0.1008,0.012184,116.32
rigid,f104_v2_group_1138_route_01,feasible,nrd_policy_v2,goal_reached,1,0,S,0,0.0522,0.1034,0.060347,168.01
rigid,f104_v2_group_1138_route_02,feasible,pid_native,goal_reached,1,0,S,na,0.0870,0.4580,0.017104,159.09
rigid,f104_v2_group_1138_route_02,feasible,pid_held_50ms,goal_reached,1,0,S,0,0.0780,0.4630,0.015416,142.72
rigid,f104_v2_group_1138_route_02,feasible,nrd_policy_v2,goal_reached,1,0,S,0,0.0475,0.3453,0.060316,189.98
rigid,f104_v2_group_1138_route_05,feasible,pid_native,goal_reached,1,0,S,na,0.1410,0.1116,0.011166,125.08
rigid,f104_v2_group_1138_route_05,feasible,pid_held_50ms,goal_reached,1,0,S,0,0.1423,0.1246,0.012008,127.72
rigid,f104_v2_group_1138_route_05,feasible,nrd_policy_v2,goal_reached,1,0,S,0,0.0628,0.1426,0.057241,157.20
rigid,f104_v2_group_1138_route_06,feasible,pid_native,goal_reached,1,0,S,na,0.1254,0.4289,0.014334,149.54
rigid,f104_v2_group_1138_route_06,feasible,pid_held_50ms,goal_reached,1,0,S,0,0.1219,0.4630,0.014809,152.03
rigid,f104_v2_group_1138_route_06,feasible,nrd_policy_v2,goal_reached,1,0,S,0,0.0401,0.3273,0.055690,194.19
rigid,f104_v2_group_1138_route_08,feasible,pid_native,goal_reached,1,0,S,na,0.1806,0.1374,0.009226,111.45
rigid,f104_v2_group_1138_route_08,feasible,pid_held_50ms,goal_reached,1,0,S,0,0.1800,0.1343,0.009171,112.57
rigid,f104_v2_group_1138_route_08,feasible,nrd_policy_v2,goal_reached,1,0,S,0,0.0330,0.1651,0.051912,128.37
rigid,f104_v2_group_1138_route_10,feasible,pid_native,goal_reached,1,0,S,na,0.1467,0.4054,0.014793,160.08
rigid,f104_v2_group_1138_route_10,feasible,pid_held_50ms,goal_reached,1,0,S,0,0.1477,0.4173,0.014671,160.29
rigid,f104_v2_group_1138_route_10,feasible,nrd_policy_v2,goal_reached,1,0,S,0,0.0711,0.3392,0.058059,229.19
rigid,f104_v2_group_1138_route_11,feasible,pid_native,goal_reached,1,0,S,na,0.1558,0.3057,0.015466,179.73
rigid,f104_v2_group_1138_route_11,feasible,pid_held_50ms,goal_reached,1,0,S,0,0.1517,0.3082,0.016426,240.80
rigid,f104_v2_group_1138_route_11,feasible,nrd_policy_v2,goal_reached,1,0,S,0,0.0609,0.2106,0.058285,228.43
rigid,f104_v2_group_1169_route_02,infeasible,pid_native,goal_reached,1,0,S,na,0.3026,1.0669,0.023872,329.73
rigid,f104_v2_group_1169_route_02,infeasible,pid_held_50ms,goal_reached,1,0,S,0,0.3053,1.1147,0.023700,307.01
rigid,f104_v2_group_1169_route_02,infeasible,nrd_policy_v2,goal_reached,1,0,S,0,0.2413,0.9461,0.043799,230.67
rigid,f104_v2_group_1169_route_03,infeasible,pid_native,goal_reached,1,0,S,na,0.3038,0.4844,0.031620,273.30
rigid,f104_v2_group_1169_route_03,infeasible,pid_held_50ms,goal_reached,1,0,S,0,0.2989,0.4589,0.031905,270.47
rigid,f104_v2_group_1169_route_03,infeasible,nrd_policy_v2,prolonged_blockage_terminated,0,1,U,1,0.3345,0.8139,0.017312,1774.35
rigid,f104_v2_group_1169_route_04,infeasible,pid_native,prolonged_blockage_terminated,0,1,U,na,2.1017,1.6283,0.005675,2295.92
rigid,f104_v2_group_1169_route_04,infeasible,pid_held_50ms,prolonged_blockage_terminated,0,1,U,0,2.0965,1.6066,0.006403,2159.03
rigid,f104_v2_group_1169_route_04,infeasible,nrd_policy_v2,timeout,0,0,F,0,1.7602,1.8543,0.170453,3557.15
rigid,f104_v2_group_1169_route_05,infeasible,pid_native,prolonged_blockage_terminated,0,1,U,na,1.8420,3.5958,0.004025,2047.20
rigid,f104_v2_group_1169_route_05,infeasible,pid_held_50ms,timeout,0,0,F,0,1.8781,3.8647,0.001429,7047.57
rigid,f104_v2_group_1169_route_05,infeasible,nrd_policy_v2,goal_reached,1,0,S,0,0.4147,3.0413,0.044020,2105.58
rigid,f104_v2_group_1169_route_06,infeasible,pid_native,goal_reached,1,0,S,na,0.4152,0.9456,0.028659,321.05
rigid,f104_v2_group_1169_route_06,infeasible,pid_held_50ms,goal_reached,1,0,S,0,0.4062,0.9176,0.029552,322.31
rigid,f104_v2_group_1169_route_06,infeasible,nrd_policy_v2,goal_reached,1,0,S,0,0.2339,0.6556,0.054480,220.49
rigid,f104_v2_group_1169_route_07,infeasible,pid_native,goal_reached,1,0,S,na,0.5259,1.2746,0.020893,655.31
rigid,f104_v2_group_1169_route_07,infeasible,pid_held_50ms,goal_reached,1,0,S,0,0.5432,1.2069,0.021898,672.07
rigid,f104_v2_group_1169_route_07,infeasible,nrd_policy_v2,goal_reached,1,0,S,0,0.3001,1.0017,0.096407,385.68
rigid,f104_v2_group_1169_route_08,infeasible,pid_native,goal_reached,1,0,S,na,1.0594,1.7930,0.003064,5534.41
rigid,f104_v2_group_1169_route_08,infeasible,pid_held_50ms,timeout,0,0,F,0,1.5990,1.8327,0.002807,6829.35
rigid,f104_v2_group_1169_route_08,infeasible,nrd_policy_v2,timeout,0,0,F,0,1.6859,1.9093,0.094481,3543.03
rigid,f104_v2_group_1169_route_09,infeasible,pid_native,terrain_bounds_exit,0,1,U,na,1.3706,2.5834,0.011855,934.72
rigid,f104_v2_group_1169_route_09,infeasible,pid_held_50ms,goal_reached,1,0,S,0,0.6220,1.7498,0.011538,686.20
rigid,f104_v2_group_1169_route_09,infeasible,nrd_policy_v2,goal_reached,1,0,S,0,0.1403,0.7109,0.052258,274.89
rigid,f104_v2_group_1199_route_00,infeasible,pid_native,prolonged_blockage_terminated,0,1,U,na,3.7424,1.4644,0.006881,1606.51
rigid,f104_v2_group_1199_route_00,infeasible,pid_held_50ms,prolonged_blockage_terminated,0,1,U,0,3.8095,1.5609,0.005460,1996.53
rigid,f104_v2_group_1199_route_00,infeasible,nrd_policy_v2,goal_reached,1,0,S,0,0.0869,0.4410,0.050437,309.55
rigid,f104_v2_group_1199_route_01,infeasible,pid_native,goal_reached,1,0,S,na,0.0567,0.4903,0.017675,347.19
rigid,f104_v2_group_1199_route_01,infeasible,pid_held_50ms,goal_reached,1,0,S,0,0.0550,0.4974,0.018074,350.25
rigid,f104_v2_group_1199_route_01,infeasible,nrd_policy_v2,goal_reached,1,0,S,0,0.0401,0.3070,0.054845,285.32
rigid,f104_v2_group_1199_route_03,infeasible,pid_native,goal_reached,1,0,S,na,0.0563,0.6947,0.017469,320.90
rigid,f104_v2_group_1199_route_03,infeasible,pid_held_50ms,goal_reached,1,0,S,0,0.0548,0.7038,0.018041,316.62
rigid,f104_v2_group_1199_route_03,infeasible,nrd_policy_v2,goal_reached,1,0,S,0,0.0410,0.2609,0.049555,234.44
rigid,f104_v2_group_1199_route_04,infeasible,pid_native,goal_reached,1,0,S,na,1.2694,1.9612,0.002382,5900.61
rigid,f104_v2_group_1199_route_04,infeasible,pid_held_50ms,prolonged_blockage_terminated,0,1,U,0,3.9812,1.7777,0.001796,3435.78
rigid,f104_v2_group_1199_route_04,infeasible,nrd_policy_v2,goal_reached,1,0,S,0,0.4102,0.6960,0.037807,578.74
rigid,f104_v2_group_1199_route_06,feasible,pid_native,goal_reached,1,0,S,na,0.1160,0.4661,0.020589,230.73
rigid,f104_v2_group_1199_route_06,feasible,pid_held_50ms,goal_reached,1,0,S,0,0.1135,0.5171,0.020930,232.29
rigid,f104_v2_group_1199_route_06,feasible,nrd_policy_v2,goal_reached,1,0,S,0,0.1155,0.3600,0.066127,288.82
rigid,f104_v2_group_1199_route_07,infeasible,pid_native,goal_reached,1,0,S,na,0.0993,0.2627,0.015274,215.56
rigid,f104_v2_group_1199_route_07,infeasible,pid_held_50ms,goal_reached,1,0,S,0,0.0967,0.2744,0.015098,220.23
rigid,f104_v2_group_1199_route_07,infeasible,nrd_policy_v2,goal_reached,1,0,S,0,0.0946,0.2333,0.050258,259.89
rigid,f104_v2_group_1199_route_08,infeasible,pid_native,goal_reached,1,0,S,na,0.2847,1.2766,0.011598,944.97
rigid,f104_v2_group_1199_route_08,infeasible,pid_held_50ms,goal_reached,1,0,S,0,0.2794,1.3618,0.010320,1499.50
rigid,f104_v2_group_1199_route_08,infeasible,nrd_policy_v2,timeout,0,0,F,0,3.4812,1.8297,0.239365,4314.80
rigid,f104_v2_group_1199_route_11,infeasible,pid_native,goal_reached,1,0,S,na,0.2333,0.4739,0.017795,337.50
rigid,f104_v2_group_1199_route_11,infeasible,pid_held_50ms,goal_reached,1,0,S,0,0.2392,0.5207,0.017743,352.83
rigid,f104_v2_group_1199_route_11,infeasible,nrd_policy_v2,goal_reached,1,0,S,0,0.1013,0.2876,0.052166,320.55
crm,f104_v2_group_0001_route_01,infeasible,pid_native,soil_breakthrough_terminated,0,1,U,na,3.8064,2.7389,0.007866,744.63
crm,f104_v2_group_0001_route_01,infeasible,pid_held_50ms,soil_breakthrough_terminated,0,1,U,0,3.8222,2.7121,0.008264,732.01
crm,f104_v2_group_0001_route_01,infeasible,nrd_policy_v2,soil_breakthrough_terminated,0,1,U,0,3.6914,2.7350,0.029306,796.49
crm,f104_v2_group_0001_route_06,infeasible,pid_native,soil_breakthrough_terminated,0,1,U,na,3.7186,4.4273,0.006250,683.15
crm,f104_v2_group_0001_route_06,infeasible,pid_held_50ms,soil_breakthrough_terminated,0,1,U,0,3.7588,4.4167,0.006902,681.37
crm,f104_v2_group_0001_route_06,infeasible,nrd_policy_v2,soil_breakthrough_terminated,0,1,U,0,3.7336,4.2887,0.022443,651.41
crm,f104_v2_group_0001_route_08,infeasible,pid_native,prolonged_blockage_terminated,0,1,U,na,4.5512,1.7395,0.002907,576.41
crm,f104_v2_group_0001_route_08,infeasible,pid_held_50ms,soil_breakthrough_terminated,0,1,U,0,4.5610,1.1558,0.008983,531.63
crm,f104_v2_group_0001_route_08,infeasible,nrd_policy_v2,soil_breakthrough_terminated,0,1,U,0,4.4578,1.5008,0.063313,439.01
crm,f104_v2_group_0001_route_09,infeasible,pid_native,soil_breakthrough_terminated,0,1,U,na,3.9955,2.5941,0.006652,676.66
crm,f104_v2_group_0001_route_09,infeasible,pid_held_50ms,soil_breakthrough_terminated,0,1,U,0,4.0159,2.6209,0.006345,694.95
crm,f104_v2_group_0001_route_09,infeasible,nrd_policy_v2,soil_breakthrough_terminated,0,1,U,0,3.8356,2.6020,0.019632,713.11
crm,f104_v2_group_0001_route_10,infeasible,pid_native,soil_breakthrough_terminated,0,1,U,na,3.9870,4.6584,0.004850,719.39
crm,f104_v2_group_0001_route_10,infeasible,pid_held_50ms,soil_breakthrough_terminated,0,1,U,0,4.0143,4.5982,0.005177,691.31
crm,f104_v2_group_0001_route_10,infeasible,nrd_policy_v2,soil_breakthrough_terminated,0,1,U,0,3.9320,4.6142,0.014135,704.22
crm,f104_v2_group_0001_route_11,infeasible,pid_native,soil_breakthrough_terminated,0,1,U,na,4.5367,2.0737,0.005833,676.62
crm,f104_v2_group_0001_route_11,infeasible,pid_held_50ms,prolonged_blockage_terminated,0,1,U,0,4.5126,2.6469,0.003044,654.87
crm,f104_v2_group_0001_route_11,infeasible,nrd_policy_v2,prolonged_blockage_terminated,0,1,U,0,4.3391,2.8159,0.013992,633.03
crm,f104_v2_group_0048_route_00,feasible,pid_native,goal_reached,1,0,S,na,0.4256,0.1912,0.009770,478.25
crm,f104_v2_group_0048_route_00,feasible,pid_held_50ms,goal_reached,1,0,S,0,0.4199,0.2135,0.009903,508.78
crm,f104_v2_group_0048_route_00,feasible,nrd_policy_v2,goal_reached,1,0,S,0,0.1264,0.1945,0.069612,459.76
crm,f104_v2_group_0048_route_02,feasible,pid_native,goal_reached,1,0,S,na,0.3584,0.9510,0.014096,518.10
crm,f104_v2_group_0048_route_02,feasible,pid_held_50ms,goal_reached,1,0,S,0,0.3550,0.9545,0.014689,513.34
crm,f104_v2_group_0048_route_02,feasible,nrd_policy_v2,goal_reached,1,0,S,0,0.1130,0.8667,0.043165,533.20
crm,f104_v2_group_0048_route_03,feasible,pid_native,goal_reached,1,0,S,na,0.3824,0.6722,0.014844,469.55
crm,f104_v2_group_0048_route_03,feasible,pid_held_50ms,goal_reached,1,0,S,0,0.3766,0.5290,0.016781,478.62
crm,f104_v2_group_0048_route_03,feasible,nrd_policy_v2,goal_reached,1,0,S,0,0.1502,0.4389,0.049099,457.15
crm,f104_v2_group_0048_route_08,infeasible,pid_native,soil_breakthrough_terminated,0,1,U,na,2.7400,0.9921,0.006306,840.70
crm,f104_v2_group_0048_route_08,infeasible,pid_held_50ms,soil_breakthrough_terminated,0,1,U,0,2.7204,0.9343,0.006408,812.71
crm,f104_v2_group_0048_route_08,infeasible,nrd_policy_v2,soil_breakthrough_terminated,0,1,U,0,2.6483,1.1131,0.145027,762.67
crm,f104_v2_group_0048_route_09,feasible,pid_native,goal_reached,1,0,S,na,0.4723,0.6917,0.012007,546.05
crm,f104_v2_group_0048_route_09,feasible,pid_held_50ms,goal_reached,1,0,S,0,0.4490,0.8491,0.011836,628.39
crm,f104_v2_group_0048_route_09,feasible,nrd_policy_v2,goal_reached,1,0,S,0,0.1924,0.3410,0.068901,586.88
crm,f104_v2_group_0048_route_10,feasible,pid_native,goal_reached,1,0,S,na,0.4887,1.1112,0.014119,569.48
crm,f104_v2_group_0048_route_10,feasible,pid_held_50ms,goal_reached,1,0,S,0,0.4877,1.1540,0.013908,575.15
crm,f104_v2_group_0048_route_10,feasible,nrd_policy_v2,goal_reached,1,0,S,0,0.2383,1.0399,0.034916,548.98
crm,f104_v2_group_0063_route_00,infeasible,pid_native,soil_breakthrough_terminated,0,1,U,na,3.5287,1.0757,0.009382,475.28
crm,f104_v2_group_0063_route_00,infeasible,pid_held_50ms,soil_breakthrough_terminated,0,1,U,0,3.5452,1.1026,0.008425,465.95
crm,f104_v2_group_0063_route_00,infeasible,nrd_policy_v2,soil_breakthrough_terminated,0,1,U,0,3.5141,1.0811,0.185325,468.30
crm,f104_v2_group_0063_route_01,infeasible,pid_native,soil_breakthrough_terminated,0,1,U,na,3.4175,3.0314,0.005019,556.74
crm,f104_v2_group_0063_route_01,infeasible,pid_held_50ms,soil_breakthrough_terminated,0,1,U,0,3.3940,2.9676,0.004990,503.19
crm,f104_v2_group_0063_route_01,infeasible,nrd_policy_v2,soil_breakthrough_terminated,0,1,U,0,3.3687,2.9314,0.028646,494.72
crm,f104_v2_group_0063_route_02,infeasible,pid_native,soil_breakthrough_terminated,0,1,U,na,3.4023,5.0187,0.004219,564.71
crm,f104_v2_group_0063_route_02,infeasible,pid_held_50ms,soil_breakthrough_terminated,0,1,U,0,3.3969,5.1327,0.003768,630.17
crm,f104_v2_group_0063_route_02,infeasible,nrd_policy_v2,soil_breakthrough_terminated,0,1,U,0,3.3850,4.9326,0.019699,495.97
crm,f104_v2_group_0063_route_04,infeasible,pid_native,prolonged_blockage_terminated,0,1,U,na,3.8583,1.7314,0.003126,577.79
crm,f104_v2_group_0063_route_04,infeasible,pid_held_50ms,soil_breakthrough_terminated,0,1,U,0,3.8475,1.2910,0.007543,678.96
crm,f104_v2_group_0063_route_04,infeasible,nrd_policy_v2,soil_breakthrough_terminated,0,1,U,0,3.8603,1.5835,0.091079,558.68
crm,f104_v2_group_0063_route_05,infeasible,pid_native,prolonged_blockage_terminated,0,1,U,na,3.5810,3.6713,0.002021,424.61
crm,f104_v2_group_0063_route_05,infeasible,pid_held_50ms,prolonged_blockage_terminated,0,1,U,0,3.5020,3.6511,0.001997,545.98
crm,f104_v2_group_0063_route_05,infeasible,nrd_policy_v2,prolonged_blockage_terminated,0,1,U,1,3.6112,3.7573,0.005888,1096.16
crm,f104_v2_group_0063_route_06,infeasible,pid_native,prolonged_blockage_terminated,0,1,U,na,3.5572,5.6664,0.001757,425.05
crm,f104_v2_group_0063_route_06,infeasible,pid_held_50ms,prolonged_blockage_terminated,0,1,U,0,3.4771,5.6451,0.001664,453.86
crm,f104_v2_group_0063_route_06,infeasible,nrd_policy_v2,prolonged_blockage_terminated,0,1,U,0,3.6507,5.6768,0.005050,948.03
crm,f104_v2_group_0063_route_08,infeasible,pid_native,soil_breakthrough_terminated,0,1,U,na,3.7473,1.3640,0.007173,681.74
crm,f104_v2_group_0063_route_08,infeasible,pid_held_50ms,soil_breakthrough_terminated,0,1,U,0,3.7441,1.3254,0.007352,692.33
crm,f104_v2_group_0063_route_08,infeasible,nrd_policy_v2,soil_breakthrough_terminated,0,1,U,0,3.6353,1.4482,0.184921,699.02
crm,f104_v2_group_0063_route_10,infeasible,pid_native,soil_breakthrough_terminated,0,1,U,na,3.3779,4.6786,0.005454,605.30
crm,f104_v2_group_0063_route_10,infeasible,pid_held_50ms,soil_breakthrough_terminated,0,1,U,0,3.6230,5.0671,0.004247,595.79
crm,f104_v2_group_0063_route_10,infeasible,nrd_policy_v2,soil_breakthrough_terminated,0,1,U,0,3.5591,5.2017,0.020837,733.19
crm,f104_v2_group_0063_route_11,infeasible,pid_native,soil_breakthrough_terminated,0,1,U,na,3.6310,3.6742,0.008202,609.88
crm,f104_v2_group_0063_route_11,infeasible,pid_held_50ms,soil_breakthrough_terminated,0,1,U,0,3.6311,3.7147,0.007630,700.93
crm,f104_v2_group_0063_route_11,infeasible,nrd_policy_v2,soil_breakthrough_terminated,0,1,U,0,3.5873,3.6932,0.035801,539.15
crm,f104_v2_group_0069_route_00,infeasible,pid_native,soil_breakthrough_terminated,0,1,U,na,4.2844,1.1441,0.008280,548.87
crm,f104_v2_group_0069_route_00,infeasible,pid_held_50ms,soil_breakthrough_terminated,0,1,U,0,4.2679,1.1473,0.008129,593.24
crm,f104_v2_group_0069_route_00,infeasible,nrd_policy_v2,soil_breakthrough_terminated,0,1,U,0,4.2097,1.1026,0.193286,604.39
crm,f104_v2_group_0069_route_01,infeasible,pid_native,soil_breakthrough_terminated,0,1,U,na,4.1590,2.9788,0.005175,584.29
crm,f104_v2_group_0069_route_01,infeasible,pid_held_50ms,soil_breakthrough_terminated,0,1,U,0,3.9295,2.6799,0.005905,773.34
crm,f104_v2_group_0069_route_01,infeasible,nrd_policy_v2,soil_breakthrough_terminated,0,1,U,0,4.0801,2.9485,0.026050,626.67
crm,f104_v2_group_0069_route_02,infeasible,pid_native,soil_breakthrough_terminated,0,1,U,na,4.1467,5.0332,0.003876,604.08
crm,f104_v2_group_0069_route_02,infeasible,pid_held_50ms,soil_breakthrough_terminated,0,1,U,0,3.1181,4.8416,0.003204,1267.98
crm,f104_v2_group_0069_route_02,infeasible,nrd_policy_v2,soil_breakthrough_terminated,0,1,U,0,4.1667,5.0261,0.019065,647.20
crm,f104_v2_group_0069_route_04,infeasible,pid_native,soil_breakthrough_terminated,0,1,U,na,4.4562,1.2229,0.007626,489.08
crm,f104_v2_group_0069_route_04,infeasible,pid_held_50ms,soil_breakthrough_terminated,0,1,U,0,4.4594,1.2485,0.007493,502.20
crm,f104_v2_group_0069_route_04,infeasible,nrd_policy_v2,soil_breakthrough_terminated,0,1,U,0,4.4216,1.2208,0.171630,464.66
crm,f104_v2_group_0069_route_05,infeasible,pid_native,soil_breakthrough_terminated,0,1,U,na,4.3541,2.8823,0.005706,502.53
crm,f104_v2_group_0069_route_05,infeasible,pid_held_50ms,soil_breakthrough_terminated,0,1,U,0,4.3660,3.0858,0.005259,533.06
crm,f104_v2_group_0069_route_05,infeasible,nrd_policy_v2,soil_breakthrough_terminated,0,1,U,0,4.3555,3.0414,0.027253,496.87
crm,f104_v2_group_0069_route_06,infeasible,pid_native,soil_breakthrough_terminated,0,1,U,na,4.3573,5.0436,0.004112,530.10
crm,f104_v2_group_0069_route_06,infeasible,pid_held_50ms,soil_breakthrough_terminated,0,1,U,0,4.3687,5.0800,0.004559,505.48
crm,f104_v2_group_0069_route_06,infeasible,nrd_policy_v2,soil_breakthrough_terminated,0,1,U,0,4.3491,5.1498,0.019436,627.28
crm,f104_v2_group_0069_route_09,infeasible,pid_native,soil_breakthrough_terminated,0,1,U,na,4.1742,3.2206,0.004192,980.03
crm,f104_v2_group_0069_route_09,infeasible,pid_held_50ms,prolonged_blockage_terminated,0,1,U,0,4.2290,3.6371,0.002031,952.06
crm,f104_v2_group_0069_route_09,infeasible,nrd_policy_v2,soil_breakthrough_terminated,0,1,U,0,4.1966,3.0592,0.024248,825.50
crm,f104_v2_group_0069_route_10,infeasible,pid_native,soil_breakthrough_terminated,0,1,U,na,4.1278,5.1467,0.003237,1033.99
crm,f104_v2_group_0069_route_10,infeasible,pid_held_50ms,soil_breakthrough_terminated,0,1,U,0,4.1551,5.2615,0.002703,1158.17
crm,f104_v2_group_0069_route_10,infeasible,nrd_policy_v2,soil_breakthrough_terminated,0,1,U,0,4.1526,5.3907,0.012822,963.41
crm,f104_v2_group_0070_route_00,infeasible,pid_native,soil_breakthrough_terminated,0,1,U,na,2.1833,0.7004,0.008127,669.42
crm,f104_v2_group_0070_route_00,infeasible,pid_held_50ms,soil_breakthrough_terminated,0,1,U,0,2.1206,0.6236,0.008263,595.53
crm,f104_v2_group_0070_route_00,infeasible,nrd_policy_v2,soil_breakthrough_terminated,0,1,U,0,2.1490,0.7594,0.143227,694.85
crm,f104_v2_group_0070_route_01,feasible,pid_native,goal_reached,1,0,S,na,0.1065,0.5939,0.012991,508.43
crm,f104_v2_group_0070_route_01,feasible,pid_held_50ms,goal_reached,1,0,S,0,0.1105,0.6089,0.013122,516.25
crm,f104_v2_group_0070_route_01,feasible,nrd_policy_v2,goal_reached,1,0,S,0,0.0680,0.4320,0.069831,501.59
crm,f104_v2_group_0070_route_02,feasible,pid_native,goal_reached,1,0,S,na,0.1040,1.2417,0.015286,486.13
crm,f104_v2_group_0070_route_02,feasible,pid_held_50ms,goal_reached,1,0,S,0,0.1058,1.2711,0.015582,490.56
crm,f104_v2_group_0070_route_02,feasible,nrd_policy_v2,goal_reached,1,0,S,0,0.0886,1.0164,0.048075,489.15
crm,f104_v2_group_0070_route_04,infeasible,pid_native,soil_breakthrough_terminated,0,1,U,na,2.4388,0.8176,0.007540,659.17
crm,f104_v2_group_0070_route_04,infeasible,pid_held_50ms,soil_breakthrough_terminated,0,1,U,0,2.4618,0.8225,0.007342,687.07
crm,f104_v2_group_0070_route_04,infeasible,nrd_policy_v2,soil_breakthrough_terminated,0,1,U,0,2.2482,0.7102,0.136552,638.08
crm,f104_v2_group_0070_route_05,feasible,pid_native,goal_reached,1,0,S,na,0.4702,0.9104,0.013535,640.85
crm,f104_v2_group_0070_route_05,feasible,pid_held_50ms,goal_reached,1,0,S,0,0.4953,0.9992,0.013415,671.83
crm,f104_v2_group_0070_route_05,feasible,nrd_policy_v2,goal_reached,1,0,S,0,0.1189,0.6210,0.064553,578.63
crm,f104_v2_group_0070_route_06,feasible,pid_native,goal_reached,1,0,S,na,0.3628,1.3621,0.017804,524.59
crm,f104_v2_group_0070_route_06,feasible,pid_held_50ms,goal_reached,1,0,S,0,0.3513,1.4528,0.017604,535.95
crm,f104_v2_group_0070_route_06,feasible,nrd_policy_v2,goal_reached,1,0,S,0,0.1758,1.2660,0.039403,528.69
crm,f104_v2_group_0070_route_08,infeasible,pid_native,soil_breakthrough_terminated,0,1,U,na,2.4201,0.6315,0.007652,500.43
crm,f104_v2_group_0070_route_08,infeasible,pid_held_50ms,soil_breakthrough_terminated,0,1,U,0,2.3692,0.9510,0.006552,875.01
crm,f104_v2_group_0070_route_08,infeasible,nrd_policy_v2,soil_breakthrough_terminated,0,1,U,0,2.3300,0.6136,0.127233,520.88
crm,f104_v2_group_0070_route_10,feasible,pid_native,goal_reached,1,0,S,na,0.1796,1.3826,0.016548,525.97
crm,f104_v2_group_0070_route_10,feasible,pid_held_50ms,goal_reached,1,0,S,0,0.1778,1.3765,0.016386,522.05
crm,f104_v2_group_0070_route_10,feasible,nrd_policy_v2,goal_reached,1,0,S,0,0.1576,1.1454,0.045250,553.33
crm,f104_v2_group_0097_route_01,infeasible,pid_native,soil_breakthrough_terminated,0,1,U,na,2.8936,2.5075,0.007383,849.51
crm,f104_v2_group_0097_route_01,infeasible,pid_held_50ms,soil_breakthrough_terminated,0,1,U,0,2.9159,2.8129,0.006176,1019.54
crm,f104_v2_group_0097_route_01,infeasible,nrd_policy_v2,soil_breakthrough_terminated,0,1,U,0,2.9390,2.8528,0.032821,999.78
crm,f104_v2_group_0097_route_02,infeasible,pid_native,soil_breakthrough_terminated,0,1,U,na,2.4659,4.2606,0.006188,1062.86
crm,f104_v2_group_0097_route_02,infeasible,pid_held_50ms,goal_reached,1,0,S,0,0.8819,2.5235,0.011081,840.93
crm,f104_v2_group_0097_route_02,infeasible,nrd_policy_v2,goal_reached,1,0,S,0,0.6262,2.6730,0.034247,889.92
crm,f104_v2_group_0097_route_03,infeasible,pid_native,soil_breakthrough_terminated,0,1,U,na,3.0479,3.2915,0.009058,737.68
crm,f104_v2_group_0097_route_03,infeasible,pid_held_50ms,soil_breakthrough_terminated,0,1,U,0,3.0146,3.2204,0.009427,751.07
crm,f104_v2_group_0097_route_03,infeasible,nrd_policy_v2,soil_breakthrough_terminated,0,1,U,0,2.9861,3.3126,0.039677,772.44
crm,f104_v2_group_0097_route_04,infeasible,pid_native,soil_breakthrough_terminated,0,1,U,na,3.5553,0.7927,0.012384,365.69
crm,f104_v2_group_0097_route_04,infeasible,pid_held_50ms,soil_breakthrough_terminated,0,1,U,0,3.5509,0.7879,0.012942,384.48
crm,f104_v2_group_0097_route_04,infeasible,nrd_policy_v2,prolonged_blockage_terminated,0,1,U,1,3.5731,1.6863,0.012969,166.96
crm,f104_v2_group_0097_route_08,feasible,pid_native,goal_reached,1,0,S,na,0.3099,0.4879,0.011083,693.80
crm,f104_v2_group_0097_route_08,feasible,pid_held_50ms,goal_reached,1,0,S,0,0.2809,0.3913,0.011145,592.73
crm,f104_v2_group_0097_route_08,feasible,nrd_policy_v2,goal_reached,1,0,S,0,0.0997,0.2130,0.104961,536.98
crm,f104_v2_group_0097_route_10,feasible,pid_native,goal_reached,1,0,S,na,0.1280,1.4230,0.014716,549.05
crm,f104_v2_group_0097_route_10,feasible,pid_held_50ms,goal_reached,1,0,S,0,0.1335,1.7879,0.012669,538.51
crm,f104_v2_group_0097_route_10,feasible,nrd_policy_v2,goal_reached,1,0,S,0,0.1519,1.2740,0.039140,549.47
crm,f104_v2_group_0097_route_11,feasible,pid_native,goal_reached,1,0,S,na,0.1642,0.9230,0.017104,515.73
crm,f104_v2_group_0097_route_11,feasible,pid_held_50ms,goal_reached,1,0,S,0,0.1592,0.9238,0.017377,520.24
crm,f104_v2_group_0097_route_11,feasible,nrd_policy_v2,goal_reached,1,0,S,0,0.1004,0.5837,0.051924,501.73
crm,f104_v2_group_0152_route_01,infeasible,pid_native,soil_breakthrough_terminated,0,1,U,na,2.6510,2.7079,0.013252,752.05
crm,f104_v2_group_0152_route_01,infeasible,pid_held_50ms,soil_breakthrough_terminated,0,1,U,0,2.7584,2.5883,0.013363,620.51
crm,f104_v2_group_0152_route_01,infeasible,nrd_policy_v2,soil_breakthrough_terminated,0,1,U,0,2.4446,2.6764,0.035582,808.20
crm,f104_v2_group_0152_route_04,infeasible,pid_native,prolonged_blockage_terminated,0,1,U,na,4.2577,1.8119,0.002797,334.00
crm,f104_v2_group_0152_route_04,infeasible,pid_held_50ms,prolonged_blockage_terminated,0,1,U,0,4.1353,1.7852,0.003019,710.33
crm,f104_v2_group_0152_route_04,infeasible,nrd_policy_v2,prolonged_blockage_terminated,0,1,U,1,4.3663,1.8594,0.015185,143.19
crm,f104_v2_group_0152_route_05,infeasible,pid_native,soil_breakthrough_terminated,0,1,U,na,3.1981,3.2727,0.005976,1265.72
crm,f104_v2_group_0152_route_05,infeasible,pid_held_50ms,soil_breakthrough_terminated,0,1,U,0,3.3094,2.9082,0.008703,761.04
crm,f104_v2_group_0152_route_05,infeasible,nrd_policy_v2,soil_breakthrough_terminated,0,1,U,0,3.1451,2.6394,0.025816,675.46
crm,f104_v2_group_0152_route_06,infeasible,pid_native,soil_breakthrough_terminated,0,1,U,na,3.1718,5.3321,0.003762,1353.54
crm,f104_v2_group_0152_route_06,infeasible,pid_held_50ms,soil_breakthrough_terminated,0,1,U,0,3.1028,5.1198,0.004856,1024.89
crm,f104_v2_group_0152_route_06,infeasible,nrd_policy_v2,soil_breakthrough_terminated,0,1,U,0,3.0444,5.0726,0.014612,1038.01
crm,f104_v2_group_0152_route_08,infeasible,pid_native,soil_breakthrough_terminated,0,1,U,na,3.7754,1.0263,0.013563,436.58
crm,f104_v2_group_0152_route_08,infeasible,pid_held_50ms,soil_breakthrough_terminated,0,1,U,0,3.7647,1.1934,0.012867,600.53
crm,f104_v2_group_0152_route_08,infeasible,nrd_policy_v2,soil_breakthrough_terminated,0,1,U,0,3.7431,1.2336,0.123593,454.97
crm,f104_v2_group_0152_route_09,infeasible,pid_native,soil_breakthrough_terminated,0,1,U,na,3.4535,2.7082,0.012123,539.58
crm,f104_v2_group_0152_route_09,infeasible,pid_held_50ms,soil_breakthrough_terminated,0,1,U,0,3.4964,2.9507,0.010900,685.68
crm,f104_v2_group_0152_route_09,infeasible,nrd_policy_v2,soil_breakthrough_terminated,0,1,U,0,3.4253,2.6647,0.036322,550.78
crm,f104_v2_group_0152_route_11,infeasible,pid_native,soil_breakthrough_terminated,0,1,U,na,3.6459,4.2747,0.007940,941.89
crm,f104_v2_group_0152_route_11,infeasible,pid_held_50ms,soil_breakthrough_terminated,0,1,U,0,3.6893,3.2954,0.012070,652.01
crm,f104_v2_group_0152_route_11,infeasible,nrd_policy_v2,soil_breakthrough_terminated,0,1,U,0,3.3982,3.1272,0.037675,518.10
crm,f104_v2_group_0164_route_00,infeasible,pid_native,soil_breakthrough_terminated,0,1,U,na,1.3392,0.6195,0.010019,651.17
crm,f104_v2_group_0164_route_00,infeasible,pid_held_50ms,soil_breakthrough_terminated,0,1,U,0,1.3104,1.0088,0.007077,1060.17
crm,f104_v2_group_0164_route_00,infeasible,nrd_policy_v2,soil_breakthrough_terminated,0,1,U,0,1.3082,0.7165,0.106777,561.46
crm,f104_v2_group_0164_route_01,infeasible,pid_native,soil_breakthrough_terminated,0,1,U,na,1.0621,1.6560,0.011065,667.06
crm,f104_v2_group_0164_route_01,infeasible,pid_held_50ms,soil_breakthrough_terminated,0,1,U,0,1.0577,1.7290,0.011975,698.75
crm,f104_v2_group_0164_route_01,infeasible,nrd_policy_v2,soil_breakthrough_terminated,0,1,U,0,1.0071,1.6341,0.052443,656.06
crm,f104_v2_group_0164_route_05,infeasible,pid_native,soil_breakthrough_terminated,0,1,U,na,0.9605,1.6940,0.013510,739.20
crm,f104_v2_group_0164_route_05,infeasible,pid_held_50ms,soil_breakthrough_terminated,0,1,U,0,0.8736,1.6579,0.012836,744.87
crm,f104_v2_group_0164_route_05,infeasible,nrd_policy_v2,soil_breakthrough_terminated,0,1,U,0,0.6777,1.6586,0.063509,791.38
crm,f104_v2_group_0164_route_07,infeasible,pid_native,soil_breakthrough_terminated,0,1,U,na,1.2400,1.6206,0.011988,800.62
crm,f104_v2_group_0164_route_07,infeasible,pid_held_50ms,soil_breakthrough_terminated,0,1,U,0,1.1630,1.2420,0.015375,599.12
crm,f104_v2_group_0164_route_07,infeasible,nrd_policy_v2,soil_breakthrough_terminated,0,1,U,0,0.9677,0.9837,0.116793,602.88
crm,f104_v2_group_0164_route_08,infeasible,pid_native,soil_breakthrough_terminated,0,1,U,na,1.1561,0.8304,0.008718,932.08
crm,f104_v2_group_0164_route_08,infeasible,pid_held_50ms,soil_breakthrough_terminated,0,1,U,0,1.0416,0.7278,0.008561,933.27
crm,f104_v2_group_0164_route_08,infeasible,nrd_policy_v2,soil_breakthrough_terminated,0,1,U,0,1.4520,0.9892,0.090983,642.63
crm,f104_v2_group_0164_route_11,infeasible,pid_native,soil_breakthrough_terminated,0,1,U,na,1.0345,1.3161,0.011617,866.38
crm,f104_v2_group_0164_route_11,infeasible,pid_held_50ms,soil_breakthrough_terminated,0,1,U,0,1.0241,1.3011,0.011488,800.17
crm,f104_v2_group_0164_route_11,infeasible,nrd_policy_v2,soil_breakthrough_terminated,0,1,U,0,1.0954,1.1912,0.105663,730.39
crm,f104_v2_group_0185_route_00,infeasible,pid_native,soil_breakthrough_terminated,0,1,U,na,1.9072,0.9604,0.011725,604.02
crm,f104_v2_group_0185_route_00,infeasible,pid_held_50ms,soil_breakthrough_terminated,0,1,U,0,1.8653,1.1621,0.009529,791.33
crm,f104_v2_group_0185_route_00,infeasible,nrd_policy_v2,soil_breakthrough_terminated,0,1,U,0,1.7549,1.2018,0.143993,739.60
crm,f104_v2_group_0185_route_01,infeasible,pid_native,soil_breakthrough_terminated,0,1,U,na,1.2689,2.7657,0.008678,956.20
crm,f104_v2_group_0185_route_01,infeasible,pid_held_50ms,prolonged_blockage_terminated,0,1,U,0,1.3121,3.3859,0.004386,710.07
crm,f104_v2_group_0185_route_01,infeasible,nrd_policy_v2,soil_breakthrough_terminated,0,1,U,0,1.2357,3.3011,0.025142,1454.81
crm,f104_v2_group_0185_route_02,feasible,pid_native,goal_reached,1,0,S,na,0.3820,1.5433,0.020682,464.99
crm,f104_v2_group_0185_route_02,feasible,pid_held_50ms,goal_reached,1,0,S,0,0.3672,1.5145,0.021763,458.67
crm,f104_v2_group_0185_route_02,feasible,nrd_policy_v2,goal_reached,1,0,S,0,0.3638,1.9272,0.037137,460.68
crm,f104_v2_group_0185_route_04,infeasible,pid_native,soil_breakthrough_terminated,0,1,U,na,2.9148,1.2468,0.008404,855.23
crm,f104_v2_group_0185_route_04,infeasible,pid_held_50ms,soil_breakthrough_terminated,0,1,U,0,2.8798,1.2936,0.007669,765.11
crm,f104_v2_group_0185_route_04,infeasible,nrd_policy_v2,soil_breakthrough_terminated,0,1,U,0,3.6531,1.4677,0.098165,319.69
crm,f104_v2_group_0185_route_05,infeasible,pid_native,soil_breakthrough_terminated,0,1,U,na,2.4317,3.0440,0.006953,868.03
crm,f104_v2_group_0185_route_05,infeasible,pid_held_50ms,soil_breakthrough_terminated,0,1,U,0,2.4595,3.4635,0.003766,1155.39
crm,f104_v2_group_0185_route_05,infeasible,nrd_policy_v2,soil_breakthrough_terminated,0,1,U,0,2.3865,3.0785,0.049412,501.71
crm,f104_v2_group_0185_route_06,feasible,pid_native,goal_reached,1,0,S,na,0.6760,1.9219,0.014177,488.34
crm,f104_v2_group_0185_route_06,feasible,pid_held_50ms,goal_reached,1,0,S,0,0.6777,1.9422,0.012985,481.27
crm,f104_v2_group_0185_route_06,feasible,nrd_policy_v2,goal_reached,1,0,S,0,0.6098,1.5521,0.031209,444.02
crm,f104_v2_group_0185_route_09,infeasible,pid_native,soil_breakthrough_terminated,0,1,U,na,2.6688,2.6044,0.011189,657.54
crm,f104_v2_group_0185_route_09,infeasible,pid_held_50ms,soil_breakthrough_terminated,0,1,U,0,2.3987,2.5336,0.009942,798.13
crm,f104_v2_group_0185_route_09,infeasible,nrd_policy_v2,soil_breakthrough_terminated,0,1,U,0,2.1363,3.1341,0.028625,1310.32
crm,f104_v2_group_0187_route_02,infeasible,pid_native,soil_breakthrough_terminated,0,1,U,na,4.3584,4.9476,0.005107,471.97
crm,f104_v2_group_0187_route_02,infeasible,pid_held_50ms,soil_breakthrough_terminated,0,1,U,0,4.3282,4.9522,0.005285,453.54
crm,f104_v2_group_0187_route_02,infeasible,nrd_policy_v2,soil_breakthrough_terminated,0,1,U,0,4.3142,4.9364,0.022391,461.87
crm,f104_v2_group_0187_route_03,infeasible,pid_native,soil_breakthrough_terminated,0,1,U,na,4.5196,1.6307,0.007863,598.88
crm,f104_v2_group_0187_route_03,infeasible,pid_held_50ms,soil_breakthrough_terminated,0,1,U,0,4.5599,1.4949,0.007948,555.84
crm,f104_v2_group_0187_route_03,infeasible,nrd_policy_v2,soil_breakthrough_terminated,0,1,U,0,4.4934,1.3715,0.106493,426.74
crm,f104_v2_group_0187_route_05,infeasible,pid_native,soil_breakthrough_terminated,0,1,U,na,4.6636,3.3609,0.004420,473.36
crm,f104_v2_group_0187_route_05,infeasible,pid_held_50ms,soil_breakthrough_terminated,0,1,U,0,4.6562,3.3502,0.004218,505.65
crm,f104_v2_group_0187_route_05,infeasible,nrd_policy_v2,soil_breakthrough_terminated,0,1,U,0,4.6187,3.2908,0.022606,443.22
crm,f104_v2_group_0187_route_06,infeasible,pid_native,soil_breakthrough_terminated,0,1,U,na,4.6636,5.3609,0.004420,473.36
crm,f104_v2_group_0187_route_06,infeasible,pid_held_50ms,soil_breakthrough_terminated,0,1,U,0,4.6562,5.3502,0.004218,505.65
crm,f104_v2_group_0187_route_06,infeasible,nrd_policy_v2,soil_breakthrough_terminated,0,1,U,0,4.6067,5.4741,0.016844,681.72
crm,f104_v2_group_0187_route_07,infeasible,pid_native,soil_breakthrough_terminated,0,1,U,na,4.7813,1.4561,0.007991,452.22
crm,f104_v2_group_0187_route_07,infeasible,pid_held_50ms,soil_breakthrough_terminated,0,1,U,0,4.7532,1.5345,0.006644,522.98
crm,f104_v2_group_0187_route_07,infeasible,nrd_policy_v2,soil_breakthrough_terminated,0,1,U,0,4.7690,1.4622,0.176496,451.39
crm,f104_v2_group_0187_route_08,infeasible,pid_native,soil_breakthrough_terminated,0,1,U,na,4.7123,1.5985,0.006485,720.81
crm,f104_v2_group_0187_route_08,infeasible,pid_held_50ms,soil_breakthrough_terminated,0,1,U,0,4.7165,1.4542,0.008112,502.08
crm,f104_v2_group_0187_route_08,infeasible,nrd_policy_v2,soil_breakthrough_terminated,0,1,U,0,4.6660,1.5073,0.235502,590.24
crm,f104_v2_group_0187_route_09,infeasible,pid_native,soil_breakthrough_terminated,0,1,U,na,4.6283,3.3815,0.004452,504.68
crm,f104_v2_group_0187_route_09,infeasible,pid_held_50ms,soil_breakthrough_terminated,0,1,U,0,4.6270,3.4112,0.004495,553.29
crm,f104_v2_group_0187_route_09,infeasible,nrd_policy_v2,soil_breakthrough_terminated,0,1,U,0,4.5857,3.4478,0.026298,565.44
crm,f104_v2_group_0187_route_10,infeasible,pid_native,soil_breakthrough_terminated,0,1,U,na,4.6279,5.3981,0.004616,563.12
crm,f104_v2_group_0187_route_10,infeasible,pid_held_50ms,soil_breakthrough_terminated,0,1,U,0,4.6270,5.4112,0.004495,553.29
crm,f104_v2_group_0187_route_10,infeasible,nrd_policy_v2,soil_breakthrough_terminated,0,1,U,0,4.5930,5.3964,0.020073,532.25
crm,f104_v2_group_0187_route_11,infeasible,pid_native,soil_breakthrough_terminated,0,1,U,na,4.7175,1.5873,0.007952,496.30
crm,f104_v2_group_0187_route_11,infeasible,pid_held_50ms,soil_breakthrough_terminated,0,1,U,0,4.7149,1.6124,0.007399,515.18
crm,f104_v2_group_0187_route_11,infeasible,nrd_policy_v2,soil_breakthrough_terminated,0,1,U,0,4.6419,1.6229,0.068488,579.84
crm,f104_v2_group_0220_route_00,infeasible,pid_native,soil_breakthrough_terminated,0,1,U,na,3.2397,0.8075,0.009259,566.44
crm,f104_v2_group_0220_route_00,infeasible,pid_held_50ms,soil_breakthrough_terminated,0,1,U,0,3.2438,0.8087,0.008558,564.25
crm,f104_v2_group_0220_route_00,infeasible,nrd_policy_v2,soil_breakthrough_terminated,0,1,U,0,3.2873,0.8047,0.158479,515.04
crm,f104_v2_group_0220_route_02,feasible,pid_native,goal_reached,1,0,S,na,0.0976,1.9627,0.013976,641.02
crm,f104_v2_group_0220_route_02,feasible,pid_held_50ms,goal_reached,1,0,S,0,0.0893,2.0747,0.012634,652.51
crm,f104_v2_group_0220_route_02,feasible,nrd_policy_v2,goal_reached,1,0,S,0,0.1098,1.6863,0.039854,604.58
crm,f104_v2_group_0220_route_03,infeasible,pid_native,soil_breakthrough_terminated,0,1,U,na,3.0958,3.2064,0.008832,620.90
crm,f104_v2_group_0220_route_03,infeasible,pid_held_50ms,soil_breakthrough_terminated,0,1,U,0,3.0926,3.2779,0.008162,652.37
crm,f104_v2_group_0220_route_03,infeasible,nrd_policy_v2,soil_breakthrough_terminated,0,1,U,0,3.0521,3.1628,0.042227,628.41
crm,f104_v2_group_0220_route_04,infeasible,pid_native,soil_breakthrough_terminated,0,1,U,na,3.5379,1.2538,0.005964,660.74
crm,f104_v2_group_0220_route_04,infeasible,pid_held_50ms,soil_breakthrough_terminated,0,1,U,0,3.5505,1.2593,0.006050,861.74
crm,f104_v2_group_0220_route_04,infeasible,nrd_policy_v2,soil_breakthrough_terminated,0,1,U,0,3.5125,1.0616,0.154214,472.82
crm,f104_v2_group_0220_route_05,infeasible,pid_native,soil_breakthrough_terminated,0,1,U,na,3.2539,2.5432,0.007584,661.71
crm,f104_v2_group_0220_route_05,infeasible,pid_held_50ms,soil_breakthrough_terminated,0,1,U,0,3.3690,2.6689,0.007260,637.78
crm,f104_v2_group_0220_route_05,infeasible,nrd_policy_v2,soil_breakthrough_terminated,0,1,U,0,3.1951,2.4389,0.039916,633.66
crm,f104_v2_group_0220_route_07,infeasible,pid_native,soil_breakthrough_terminated,0,1,U,na,3.3770,3.2422,0.008584,561.62
crm,f104_v2_group_0220_route_07,infeasible,pid_held_50ms,soil_breakthrough_terminated,0,1,U,0,3.4130,3.7518,0.007371,643.90
crm,f104_v2_group_0220_route_07,infeasible,nrd_policy_v2,soil_breakthrough_terminated,0,1,U,0,3.3170,3.5944,0.036355,758.78
crm,f104_v2_group_0220_route_08,infeasible,pid_native,soil_breakthrough_terminated,0,1,U,na,3.6207,1.2536,0.005968,731.95
crm,f104_v2_group_0220_route_08,infeasible,pid_held_50ms,soil_breakthrough_terminated,0,1,U,0,3.6030,1.3478,0.005190,832.10
crm,f104_v2_group_0220_route_08,infeasible,nrd_policy_v2,soil_breakthrough_terminated,0,1,U,0,3.5503,1.2766,0.192956,660.57
crm,f104_v2_group_0220_route_09,infeasible,pid_native,soil_breakthrough_terminated,0,1,U,na,3.3161,2.9117,0.005462,794.51
crm,f104_v2_group_0220_route_09,infeasible,pid_held_50ms,soil_breakthrough_terminated,0,1,U,0,3.3243,2.5537,0.006885,676.62
crm,f104_v2_group_0220_route_09,infeasible,nrd_policy_v2,soil_breakthrough_terminated,0,1,U,0,3.1918,2.5800,0.033228,704.61
crm,f104_v2_group_0220_route_10,infeasible,pid_native,soil_breakthrough_terminated,0,1,U,na,2.8920,4.8354,0.003227,1045.78
crm,f104_v2_group_0220_route_10,infeasible,pid_held_50ms,soil_breakthrough_terminated,0,1,U,0,2.9207,4.5844,0.003672,945.91
crm,f104_v2_group_0220_route_10,infeasible,nrd_policy_v2,soil_breakthrough_terminated,0,1,U,0,2.9954,4.8548,0.017125,1080.84
crm,f104_v2_group_0220_route_11,infeasible,pid_native,soil_breakthrough_terminated,0,1,U,na,3.4780,3.5689,0.007267,623.53
crm,f104_v2_group_0220_route_11,infeasible,pid_held_50ms,soil_breakthrough_terminated,0,1,U,0,3.4716,4.1844,0.005597,831.50
crm,f104_v2_group_0220_route_11,infeasible,nrd_policy_v2,soil_breakthrough_terminated,0,1,U,0,3.4740,3.9918,0.035057,668.81
crm,f104_v2_group_0248_route_01,infeasible,pid_native,soil_breakthrough_terminated,0,1,U,na,1.1642,2.0138,0.011207,770.48
crm,f104_v2_group_0248_route_01,infeasible,pid_held_50ms,soil_breakthrough_terminated,0,1,U,0,1.1216,1.9540,0.011638,774.45
crm,f104_v2_group_0248_route_01,infeasible,nrd_policy_v2,soil_breakthrough_terminated,0,1,U,0,0.8489,1.9080,0.036268,830.70
crm,f104_v2_group_0248_route_02,infeasible,pid_native,timeout,0,0,F,na,0.8763,0.1704,0.001943,670.62
crm,f104_v2_group_0248_route_02,infeasible,pid_held_50ms,soil_breakthrough_terminated,0,1,U,0,0.7148,3.5967,0.007285,1019.54
crm,f104_v2_group_0248_route_02,infeasible,nrd_policy_v2,soil_breakthrough_terminated,0,1,U,0,0.3073,2.7925,0.141277,921.40
crm,f104_v2_group_0248_route_03,infeasible,pid_native,soil_breakthrough_terminated,0,1,U,na,1.1131,1.8952,0.012600,1081.46
crm,f104_v2_group_0248_route_03,infeasible,pid_held_50ms,soil_breakthrough_terminated,0,1,U,0,1.1312,1.5813,0.014149,820.70
crm,f104_v2_group_0248_route_03,infeasible,nrd_policy_v2,soil_breakthrough_terminated,0,1,U,0,1.1447,1.4206,0.145319,707.38
crm,f104_v2_group_0248_route_06,infeasible,pid_native,soil_breakthrough_terminated,0,1,U,na,0.5384,3.5475,0.004488,1140.67
crm,f104_v2_group_0248_route_06,infeasible,pid_held_50ms,soil_breakthrough_terminated,0,1,U,0,0.4692,2.9559,0.007999,862.13
crm,f104_v2_group_0248_route_06,infeasible,nrd_policy_v2,soil_breakthrough_terminated,0,1,U,0,0.4877,2.9756,0.059307,850.23
crm,f104_v2_group_0248_route_07,infeasible,pid_native,soil_breakthrough_terminated,0,1,U,na,1.1938,1.4196,0.013325,794.25
crm,f104_v2_group_0248_route_07,infeasible,pid_held_50ms,soil_breakthrough_terminated,0,1,U,0,1.1890,1.5559,0.012314,897.80
crm,f104_v2_group_0248_route_07,infeasible,nrd_policy_v2,soil_breakthrough_terminated,0,1,U,0,1.0938,1.2975,0.091924,473.43
crm,f104_v2_group_0248_route_08,infeasible,pid_native,soil_breakthrough_terminated,0,1,U,na,1.4138,0.8853,0.011290,887.07
crm,f104_v2_group_0248_route_08,infeasible,pid_held_50ms,soil_breakthrough_terminated,0,1,U,0,1.3894,0.9542,0.009940,1004.85
crm,f104_v2_group_0248_route_08,infeasible,nrd_policy_v2,soil_breakthrough_terminated,0,1,U,0,1.2711,0.8555,0.107642,738.03
crm,f104_v2_group_0248_route_09,infeasible,pid_native,soil_breakthrough_terminated,0,1,U,na,1.5244,2.0988,0.009920,673.27
crm,f104_v2_group_0248_route_09,infeasible,pid_held_50ms,soil_breakthrough_terminated,0,1,U,0,0.6081,2.2503,0.009430,962.55
crm,f104_v2_group_0248_route_09,infeasible,nrd_policy_v2,soil_breakthrough_terminated,0,1,U,0,1.1174,2.0712,0.043558,679.69
crm,f104_v2_group_0248_route_10,infeasible,pid_native,soil_breakthrough_terminated,0,1,U,na,0.5546,3.0909,0.008485,912.85
crm,f104_v2_group_0248_route_10,infeasible,pid_held_50ms,soil_breakthrough_terminated,0,1,U,0,0.5027,2.9663,0.008391,945.86
crm,f104_v2_group_0248_route_10,infeasible,nrd_policy_v2,soil_breakthrough_terminated,0,1,U,0,0.9126,3.9122,0.030775,958.56
crm,f104_v2_group_0248_route_11,infeasible,pid_native,soil_breakthrough_terminated,0,1,U,na,1.3749,1.5337,0.017203,549.21
crm,f104_v2_group_0248_route_11,infeasible,pid_held_50ms,soil_breakthrough_terminated,0,1,U,0,1.3004,1.7423,0.013794,658.06
crm,f104_v2_group_0248_route_11,infeasible,nrd_policy_v2,soil_breakthrough_terminated,0,1,U,0,1.2734,1.7574,0.148682,816.46
crm,f104_v2_group_0249_route_02,feasible,pid_native,goal_reached,1,0,S,na,0.1960,1.8607,0.011507,552.33
crm,f104_v2_group_0249_route_02,feasible,pid_held_50ms,goal_reached,1,0,S,0,0.1922,1.8786,0.012352,556.42
crm,f104_v2_group_0249_route_02,feasible,nrd_policy_v2,goal_reached,1,0,S,0,0.0996,1.5340,0.036990,539.72
crm,f104_v2_group_0249_route_04,feasible,pid_native,goal_reached,1,0,S,na,0.5637,0.1755,0.009205,499.45
crm,f104_v2_group_0249_route_04,feasible,pid_held_50ms,goal_reached,1,0,S,0,0.5629,0.1766,0.009023,504.82
crm,f104_v2_group_0249_route_04,feasible,nrd_policy_v2,goal_reached,1,0,S,0,0.3446,0.2774,0.088323,509.82
crm,f104_v2_group_0249_route_05,feasible,pid_native,goal_reached,1,0,S,na,0.5229,0.3998,0.012453,513.84
crm,f104_v2_group_0249_route_05,feasible,pid_held_50ms,goal_reached,1,0,S,0,0.5350,0.4469,0.012973,539.12
crm,f104_v2_group_0249_route_05,feasible,nrd_policy_v2,goal_reached,1,0,S,0,0.2832,0.5367,0.055425,579.36
crm,f104_v2_group_0249_route_06,feasible,pid_native,goal_reached,1,0,S,na,0.5450,1.6275,0.010447,551.43
crm,f104_v2_group_0249_route_06,feasible,pid_held_50ms,goal_reached,1,0,S,0,0.5407,1.4169,0.011143,550.18
crm,f104_v2_group_0249_route_06,feasible,nrd_policy_v2,goal_reached,1,0,S,0,0.3043,1.3011,0.036020,566.60
crm,f104_v2_group_0249_route_08,infeasible,pid_native,soil_breakthrough_terminated,0,1,U,na,3.9698,1.0973,0.007002,704.57
crm,f104_v2_group_0249_route_08,infeasible,pid_held_50ms,soil_breakthrough_terminated,0,1,U,0,4.0109,1.2899,0.006532,860.38
crm,f104_v2_group_0249_route_08,infeasible,nrd_policy_v2,soil_breakthrough_terminated,0,1,U,0,3.7686,1.1852,0.211352,770.18
crm,f104_v2_group_0249_route_09,feasible,pid_native,goal_reached,1,0,S,na,0.4419,0.4984,0.013049,504.32
crm,f104_v2_group_0249_route_09,feasible,pid_held_50ms,goal_reached,1,0,S,0,0.4410,0.5284,0.012908,505.96
crm,f104_v2_group_0249_route_09,feasible,nrd_policy_v2,goal_reached,1,0,S,0,0.1189,0.3444,0.065177,500.44
crm,f104_v2_group_0249_route_10,feasible,pid_native,goal_reached,1,0,S,na,0.4471,1.5866,0.011625,530.09
crm,f104_v2_group_0249_route_10,feasible,pid_held_50ms,goal_reached,1,0,S,0,0.4653,1.8418,0.012027,542.00
crm,f104_v2_group_0249_route_10,feasible,nrd_policy_v2,goal_reached,1,0,S,0,0.2119,1.2457,0.035090,497.29
crm,f104_v2_group_0303_route_00,infeasible,pid_native,prolonged_blockage_terminated,0,1,U,na,4.8776,1.8713,0.002147,775.07
crm,f104_v2_group_0303_route_00,infeasible,pid_held_50ms,soil_breakthrough_terminated,0,1,U,0,4.8559,1.5196,0.006995,540.19
crm,f104_v2_group_0303_route_00,infeasible,nrd_policy_v2,soil_breakthrough_terminated,0,1,U,0,4.7612,1.7663,0.087814,599.92
crm,f104_v2_group_0303_route_04,infeasible,pid_native,soil_breakthrough_terminated,0,1,U,na,4.1641,1.3811,0.005460,772.57
crm,f104_v2_group_0303_route_04,infeasible,pid_held_50ms,soil_breakthrough_terminated,0,1,U,0,4.1344,1.3296,0.005838,783.41
crm,f104_v2_group_0303_route_04,infeasible,nrd_policy_v2,soil_breakthrough_terminated,0,1,U,0,4.1842,1.4545,0.228154,787.92
crm,f104_v2_group_0303_route_05,feasible,pid_native,goal_reached,1,0,S,na,0.8300,1.1051,0.014954,765.55
crm,f104_v2_group_0303_route_05,feasible,pid_held_50ms,goal_reached,1,0,S,0,0.7988,1.1418,0.014842,756.26
crm,f104_v2_group_0303_route_05,feasible,nrd_policy_v2,goal_reached,1,0,S,0,0.1805,1.0217,0.053595,713.51
crm,f104_v2_group_0303_route_06,feasible,pid_native,goal_reached,1,0,S,na,0.6449,2.4430,0.011804,691.29
crm,f104_v2_group_0303_route_06,feasible,pid_held_50ms,goal_reached,1,0,S,0,0.6746,2.5437,0.011221,720.99
crm,f104_v2_group_0303_route_06,feasible,nrd_policy_v2,goal_reached,1,0,S,0,0.3439,2.3502,0.034478,717.20
crm,f104_v2_group_0303_route_07,infeasible,pid_native,soil_breakthrough_terminated,0,1,U,na,4.1030,2.7562,0.005813,714.03
crm,f104_v2_group_0303_route_07,infeasible,pid_held_50ms,soil_breakthrough_terminated,0,1,U,0,4.2063,2.4376,0.005945,658.73
crm,f104_v2_group_0303_route_07,infeasible,nrd_policy_v2,soil_breakthrough_terminated,0,1,U,0,4.2702,2.3886,0.051461,713.36
crm,f104_v2_group_0303_route_08,infeasible,pid_native,soil_breakthrough_terminated,0,1,U,na,4.9187,1.6975,0.005451,574.86
crm,f104_v2_group_0303_route_08,infeasible,pid_held_50ms,soil_breakthrough_terminated,0,1,U,0,4.8845,1.5726,0.006748,634.86
crm,f104_v2_group_0303_route_08,infeasible,nrd_policy_v2,soil_breakthrough_terminated,0,1,U,0,4.8636,1.7649,0.066590,480.15
crm,f104_v2_group_0303_route_09,infeasible,pid_native,soil_breakthrough_terminated,0,1,U,na,4.4399,3.1749,0.005743,657.35
crm,f104_v2_group_0303_route_09,infeasible,pid_held_50ms,soil_breakthrough_terminated,0,1,U,0,4.4596,3.2327,0.004959,782.26
crm,f104_v2_group_0303_route_09,infeasible,nrd_policy_v2,soil_breakthrough_terminated,0,1,U,0,4.2895,3.3529,0.034429,632.96
crm,f104_v2_group_0303_route_10,infeasible,pid_native,soil_breakthrough_terminated,0,1,U,na,4.4408,5.3420,0.004263,865.37
crm,f104_v2_group_0303_route_10,infeasible,pid_held_50ms,soil_breakthrough_terminated,0,1,U,0,4.4525,5.4294,0.003505,973.45
crm,f104_v2_group_0303_route_10,infeasible,nrd_policy_v2,soil_breakthrough_terminated,0,1,U,0,4.3109,5.1006,0.017632,660.24
crm,f104_v2_group_0344_route_03,infeasible,pid_native,soil_breakthrough_terminated,0,1,U,na,2.5594,3.5112,0.011512,738.54
crm,f104_v2_group_0344_route_03,infeasible,pid_held_50ms,soil_breakthrough_terminated,0,1,U,0,2.5905,3.3559,0.012162,672.67
crm,f104_v2_group_0344_route_03,infeasible,nrd_policy_v2,soil_breakthrough_terminated,0,1,U,0,2.2064,4.3006,0.029951,1201.90
crm,f104_v2_group_0344_route_04,infeasible,pid_native,soil_breakthrough_terminated,0,1,U,na,2.5310,0.8162,0.012557,517.25
crm,f104_v2_group_0344_route_04,infeasible,pid_held_50ms,soil_breakthrough_terminated,0,1,U,0,2.5044,0.8305,0.012934,549.70
crm,f104_v2_group_0344_route_04,infeasible,nrd_policy_v2,soil_breakthrough_terminated,0,1,U,0,2.4967,0.9891,0.163096,493.18
crm,f104_v2_group_0344_route_05,infeasible,pid_native,soil_breakthrough_terminated,0,1,U,na,2.4064,2.5962,0.011975,606.01
crm,f104_v2_group_0344_route_05,infeasible,pid_held_50ms,soil_breakthrough_terminated,0,1,U,0,2.4029,2.3783,0.013664,494.36
crm,f104_v2_group_0344_route_05,infeasible,nrd_policy_v2,soil_breakthrough_terminated,0,1,U,0,2.4081,2.5257,0.031979,602.57
crm,f104_v2_group_0344_route_06,infeasible,pid_native,soil_breakthrough_terminated,0,1,U,na,1.7832,4.6483,0.008006,1038.95
crm,f104_v2_group_0344_route_06,infeasible,pid_held_50ms,soil_breakthrough_terminated,0,1,U,0,1.9026,4.6566,0.008039,963.81
crm,f104_v2_group_0344_route_06,infeasible,nrd_policy_v2,soil_breakthrough_terminated,0,1,U,0,2.0775,4.7396,0.017919,943.10
crm,f104_v2_group_0344_route_08,infeasible,pid_native,soil_breakthrough_terminated,0,1,U,na,2.8324,1.1279,0.007599,782.56
crm,f104_v2_group_0344_route_08,infeasible,pid_held_50ms,soil_breakthrough_terminated,0,1,U,0,2.8330,1.1212,0.007443,865.26
crm,f104_v2_group_0344_route_08,infeasible,nrd_policy_v2,soil_breakthrough_terminated,0,1,U,0,2.6241,1.1171,0.172379,614.69
crm,f104_v2_group_0344_route_10,feasible,pid_native,goal_reached,1,0,S,na,0.5243,1.8481,0.012752,511.84
crm,f104_v2_group_0344_route_10,feasible,pid_held_50ms,goal_reached,1,0,S,0,0.5550,1.8628,0.013267,512.01
crm,f104_v2_group_0344_route_10,feasible,nrd_policy_v2,goal_reached,1,0,S,0,0.1862,1.7448,0.036445,480.91
crm,f104_v2_group_0344_route_11,feasible,pid_native,goal_reached,1,0,S,na,0.6452,0.9644,0.015817,479.58
crm,f104_v2_group_0344_route_11,feasible,pid_held_50ms,goal_reached,1,0,S,0,0.6400,0.9031,0.016276,474.68
crm,f104_v2_group_0344_route_11,feasible,nrd_policy_v2,goal_reached,1,0,S,0,0.2380,0.6733,0.044231,433.98
crm,f104_v2_group_0353_route_00,infeasible,pid_native,soil_breakthrough_terminated,0,1,U,na,1.7661,1.0955,0.007474,1067.73
crm,f104_v2_group_0353_route_00,infeasible,pid_held_50ms,soil_breakthrough_terminated,0,1,U,0,1.8058,1.0037,0.008146,1021.78
crm,f104_v2_group_0353_route_00,infeasible,nrd_policy_v2,soil_breakthrough_terminated,0,1,U,0,1.5970,0.9683,0.130736,676.76
crm,f104_v2_group_0353_route_01,infeasible,pid_native,soil_breakthrough_terminated,0,1,U,na,1.5118,2.2194,0.010662,792.92
crm,f104_v2_group_0353_route_01,infeasible,pid_held_50ms,soil_breakthrough_terminated,0,1,U,0,1.5025,2.3401,0.010213,775.73
crm,f104_v2_group_0353_route_01,infeasible,nrd_policy_v2,goal_reached,1,0,S,0,0.2823,1.2274,0.086394,608.84
crm,f104_v2_group_0353_route_04,infeasible,pid_native,prolonged_blockage_terminated,0,1,U,na,3.3701,1.4825,0.003587,858.24
crm,f104_v2_group_0353_route_04,infeasible,pid_held_50ms,soil_breakthrough_terminated,0,1,U,0,3.3937,1.2378,0.005367,988.93
crm,f104_v2_group_0353_route_04,infeasible,nrd_policy_v2,soil_breakthrough_terminated,0,1,U,0,3.4427,1.1850,0.218557,698.77
crm,f104_v2_group_0353_route_05,infeasible,pid_native,soil_breakthrough_terminated,0,1,U,na,1.9255,2.5774,0.006414,1152.81
crm,f104_v2_group_0353_route_05,infeasible,pid_held_50ms,soil_breakthrough_terminated,0,1,U,0,2.0052,2.2760,0.007500,916.90
crm,f104_v2_group_0353_route_05,infeasible,nrd_policy_v2,soil_breakthrough_terminated,0,1,U,0,1.5175,2.4437,0.061076,896.12
crm,f104_v2_group_0353_route_07,infeasible,pid_native,soil_breakthrough_terminated,0,1,U,na,1.8627,1.7336,0.008239,1151.12
crm,f104_v2_group_0353_route_07,infeasible,pid_held_50ms,prolonged_blockage_terminated,0,1,U,0,1.8515,1.9550,0.005704,1288.76
crm,f104_v2_group_0353_route_07,infeasible,nrd_policy_v2,soil_breakthrough_terminated,0,1,U,0,1.5153,1.8420,0.101286,716.72
crm,f104_v2_group_0353_route_09,feasible,pid_native,goal_reached,1,0,S,na,0.3850,0.8044,0.021297,632.66
crm,f104_v2_group_0353_route_09,feasible,pid_held_50ms,soil_breakthrough_terminated,0,1,U,0,1.1562,1.9327,0.014868,728.62
crm,f104_v2_group_0353_route_09,feasible,nrd_policy_v2,soil_breakthrough_terminated,0,1,U,0,0.8443,2.0493,0.045945,832.85
crm,f104_v2_group_0353_route_10,feasible,pid_native,goal_reached,1,0,S,na,0.4375,1.4431,0.021305,535.80
crm,f104_v2_group_0353_route_10,feasible,pid_held_50ms,goal_reached,1,0,S,0,0.4122,1.4518,0.020853,535.84
crm,f104_v2_group_0353_route_10,feasible,nrd_policy_v2,goal_reached,1,0,S,0,0.2075,1.6806,0.049876,511.50
crm,f104_v2_group_0353_route_11,infeasible,pid_native,soil_breakthrough_terminated,0,1,U,na,1.1054,1.5095,0.011871,969.79
crm,f104_v2_group_0353_route_11,infeasible,pid_held_50ms,soil_breakthrough_terminated,0,1,U,0,1.0574,1.3905,0.012711,862.84
crm,f104_v2_group_0353_route_11,infeasible,nrd_policy_v2,soil_breakthrough_terminated,0,1,U,0,1.0227,1.3327,0.160113,799.13
crm,f104_v2_group_0366_route_00,feasible,pid_native,soil_breakthrough_terminated,0,1,U,na,1.3838,0.7421,0.008008,977.55
crm,f104_v2_group_0366_route_00,feasible,pid_held_50ms,goal_reached,1,0,S,0,0.1755,0.2548,0.011402,528.89
crm,f104_v2_group_0366_route_00,feasible,nrd_policy_v2,soil_breakthrough_terminated,0,1,U,0,1.5681,0.7772,0.136959,731.75
crm,f104_v2_group_0366_route_01,feasible,pid_native,goal_reached,1,0,S,na,0.1433,0.4621,0.016308,514.13
crm,f104_v2_group_0366_route_01,feasible,pid_held_50ms,goal_reached,1,0,S,0,0.1522,0.5101,0.017598,529.84
crm,f104_v2_group_0366_route_01,feasible,nrd_policy_v2,goal_reached,1,0,S,0,0.0545,0.3701,0.059313,517.79
crm,f104_v2_group_0366_route_03,feasible,pid_native,goal_reached,1,0,S,na,0.1563,0.3038,0.018327,405.57
crm,f104_v2_group_0366_route_03,feasible,pid_held_50ms,goal_reached,1,0,S,0,0.1606,0.3138,0.018130,407.89
crm,f104_v2_group_0366_route_03,feasible,nrd_policy_v2,goal_reached,1,0,S,0,0.0598,0.3131,0.055559,442.35
crm,f104_v2_group_0366_route_04,infeasible,pid_native,soil_breakthrough_terminated,0,1,U,na,2.4155,0.7786,0.007082,890.03
crm,f104_v2_group_0366_route_04,infeasible,pid_held_50ms,prolonged_blockage_terminated,0,1,U,0,2.4547,1.1287,0.004817,501.45
crm,f104_v2_group_0366_route_04,infeasible,nrd_policy_v2,soil_breakthrough_terminated,0,1,U,0,2.4348,0.9956,0.077427,507.72
crm,f104_v2_group_0366_route_05,feasible,pid_native,goal_reached,1,0,S,na,0.5932,1.1815,0.011584,881.17
crm,f104_v2_group_0366_route_05,feasible,pid_held_50ms,goal_reached,1,0,S,0,0.5625,0.8817,0.012589,708.00
crm,f104_v2_group_0366_route_05,feasible,nrd_policy_v2,soil_breakthrough_terminated,0,1,U,0,1.3526,2.0600,0.043553,1080.64
crm,f104_v2_group_0366_route_07,feasible,pid_native,goal_reached,1,0,S,na,0.5327,0.6104,0.016177,625.00
crm,f104_v2_group_0366_route_07,feasible,pid_held_50ms,goal_reached,1,0,S,0,0.5317,0.5827,0.016264,604.38
crm,f104_v2_group_0366_route_07,feasible,nrd_policy_v2,goal_reached,1,0,S,0,0.2764,0.3714,0.053752,536.40
crm,f104_v2_group_0366_route_09,feasible,pid_native,goal_reached,1,0,S,na,0.3911,0.8975,0.013017,675.37
crm,f104_v2_group_0366_route_09,feasible,pid_held_50ms,goal_reached,1,0,S,0,0.3906,0.7962,0.013499,645.24
crm,f104_v2_group_0366_route_09,feasible,nrd_policy_v2,goal_reached,1,0,S,0,0.1975,0.5209,0.053303,633.47
crm,f104_v2_group_0374_route_01,infeasible,pid_native,soil_breakthrough_terminated,0,1,U,na,3.0867,3.0419,0.005083,946.89
crm,f104_v2_group_0374_route_01,infeasible,pid_held_50ms,soil_breakthrough_terminated,0,1,U,0,3.0843,3.4176,0.003227,997.96
crm,f104_v2_group_0374_route_01,infeasible,nrd_policy_v2,soil_breakthrough_terminated,0,1,U,0,2.9932,2.9440,0.022670,906.57
crm,f104_v2_group_0374_route_02,infeasible,pid_native,soil_breakthrough_terminated,0,1,U,na,2.9733,5.2223,0.002717,1038.31
crm,f104_v2_group_0374_route_02,infeasible,pid_held_50ms,soil_breakthrough_terminated,0,1,U,0,3.0082,4.9319,0.003829,930.33
crm,f104_v2_group_0374_route_02,infeasible,nrd_policy_v2,soil_breakthrough_terminated,0,1,U,0,3.0365,4.8860,0.018310,845.31
crm,f104_v2_group_0374_route_04,infeasible,pid_native,soil_breakthrough_terminated,0,1,U,na,3.5569,1.1715,0.009300,532.96
crm,f104_v2_group_0374_route_04,infeasible,pid_held_50ms,soil_breakthrough_terminated,0,1,U,0,3.5490,1.2019,0.008787,528.08
crm,f104_v2_group_0374_route_04,infeasible,nrd_policy_v2,soil_breakthrough_terminated,0,1,U,0,3.5252,1.3557,0.208339,601.67
crm,f104_v2_group_0374_route_05,infeasible,pid_native,soil_breakthrough_terminated,0,1,U,na,3.3701,2.9637,0.006517,523.12
crm,f104_v2_group_0374_route_05,infeasible,pid_held_50ms,soil_breakthrough_terminated,0,1,U,0,3.1988,2.7047,0.008129,619.62
crm,f104_v2_group_0374_route_05,infeasible,nrd_policy_v2,soil_breakthrough_terminated,0,1,U,0,3.4035,2.9199,0.028613,506.79
crm,f104_v2_group_0374_route_08,infeasible,pid_native,soil_breakthrough_terminated,0,1,U,na,1.8000,0.9619,0.006752,923.13
crm,f104_v2_group_0374_route_08,infeasible,pid_held_50ms,soil_breakthrough_terminated,0,1,U,0,1.6786,1.0313,0.006003,1098.84
crm,f104_v2_group_0374_route_08,infeasible,nrd_policy_v2,soil_breakthrough_terminated,0,1,U,0,1.4171,1.0159,0.194430,889.76
crm,f104_v2_group_0374_route_09,infeasible,pid_native,soil_breakthrough_terminated,0,1,U,na,1.1285,2.1229,0.006857,979.37
crm,f104_v2_group_0374_route_09,infeasible,pid_held_50ms,soil_breakthrough_terminated,0,1,U,0,1.1252,2.0365,0.006890,922.91
crm,f104_v2_group_0374_route_09,infeasible,nrd_policy_v2,soil_breakthrough_terminated,0,1,U,0,0.9854,2.3247,0.115858,904.87
crm,f104_v2_group_0374_route_10,infeasible,pid_native,soil_breakthrough_terminated,0,1,U,na,1.0939,3.3185,0.004541,1086.02
crm,f104_v2_group_0374_route_10,infeasible,pid_held_50ms,soil_breakthrough_terminated,0,1,U,0,1.0729,3.2101,0.004400,985.82
crm,f104_v2_group_0374_route_10,infeasible,nrd_policy_v2,soil_breakthrough_terminated,0,1,U,0,1.2769,4.1162,0.017070,1142.03
crm,f104_v2_group_0374_route_11,infeasible,pid_native,soil_breakthrough_terminated,0,1,U,na,1.1040,1.4424,0.008880,1148.31
crm,f104_v2_group_0374_route_11,infeasible,pid_held_50ms,soil_breakthrough_terminated,0,1,U,0,1.1198,1.4309,0.009419,968.83
crm,f104_v2_group_0374_route_11,infeasible,nrd_policy_v2,soil_breakthrough_terminated,0,1,U,0,1.4021,2.2285,0.114019,764.28
crm,f104_v2_group_0415_route_00,feasible,pid_native,goal_reached,1,0,S,na,0.3070,0.4639,0.014735,465.88
crm,f104_v2_group_0415_route_00,feasible,pid_held_50ms,goal_reached,1,0,S,0,0.3167,0.3846,0.014739,432.23
crm,f104_v2_group_0415_route_00,feasible,nrd_policy_v2,soil_breakthrough_terminated,0,1,U,0,2.0040,1.2554,0.183435,865.12
crm,f104_v2_group_0415_route_01,feasible,pid_native,goal_reached,1,0,S,na,0.3126,0.6338,0.023043,392.77
crm,f104_v2_group_0415_route_01,feasible,pid_held_50ms,goal_reached,1,0,S,0,0.3149,0.6386,0.022638,369.72
crm,f104_v2_group_0415_route_01,feasible,nrd_policy_v2,goal_reached,1,0,S,0,0.2862,0.5439,0.048085,364.90
crm,f104_v2_group_0415_route_05,infeasible,pid_native,soil_breakthrough_terminated,0,1,U,na,2.6324,3.2554,0.005996,1126.20
crm,f104_v2_group_0415_route_05,infeasible,pid_held_50ms,soil_breakthrough_terminated,0,1,U,0,2.3260,2.6894,0.008918,880.37
crm,f104_v2_group_0415_route_05,infeasible,nrd_policy_v2,goal_reached,1,0,S,0,0.5820,1.9316,0.080632,666.70
crm,f104_v2_group_0415_route_06,infeasible,pid_native,soil_breakthrough_terminated,0,1,U,na,2.2587,4.7175,0.006112,819.19
crm,f104_v2_group_0415_route_06,infeasible,pid_held_50ms,goal_reached,1,0,S,0,0.9962,2.8108,0.012615,600.07
crm,f104_v2_group_0415_route_06,infeasible,nrd_policy_v2,soil_breakthrough_terminated,0,1,U,0,2.2844,5.0113,0.016855,1084.93
crm,f104_v2_group_0415_route_07,infeasible,pid_native,prolonged_blockage_terminated,0,1,U,na,3.7002,4.7183,0.003164,349.00
crm,f104_v2_group_0415_route_07,infeasible,pid_held_50ms,prolonged_blockage_terminated,0,1,U,0,3.6778,4.7138,0.003271,362.17
crm,f104_v2_group_0415_route_07,infeasible,nrd_policy_v2,prolonged_blockage_terminated,0,1,U,0,3.3829,5.2921,0.013935,1308.78
crm,f104_v2_group_0415_route_10,infeasible,pid_native,soil_breakthrough_terminated,0,1,U,na,2.4497,5.4557,0.002956,940.05
crm,f104_v2_group_0415_route_10,infeasible,pid_held_50ms,goal_reached,1,0,S,0,0.6440,2.1800,0.017277,404.21
crm,f104_v2_group_0415_route_10,infeasible,nrd_policy_v2,goal_reached,1,0,S,0,0.5664,1.9840,0.028742,392.50
crm,f104_v2_group_0439_route_00,infeasible,pid_native,prolonged_blockage_terminated,0,1,U,na,1.6337,0.9828,0.005831,1018.26
crm,f104_v2_group_0439_route_00,infeasible,pid_held_50ms,soil_breakthrough_terminated,0,1,U,0,1.6379,0.6816,0.007534,834.33
crm,f104_v2_group_0439_route_00,infeasible,nrd_policy_v2,soil_breakthrough_terminated,0,1,U,0,2.0678,1.1764,0.099947,663.79
crm,f104_v2_group_0439_route_01,feasible,pid_native,goal_reached,1,0,S,na,0.1751,1.0214,0.012816,624.06
crm,f104_v2_group_0439_route_01,feasible,pid_held_50ms,soil_breakthrough_terminated,0,1,U,0,1.4847,2.4731,0.005811,1047.48
crm,f104_v2_group_0439_route_01,feasible,nrd_policy_v2,goal_reached,1,0,S,0,0.1255,0.9843,0.057780,710.47
crm,f104_v2_group_0439_route_02,feasible,pid_native,goal_reached,1,0,S,na,0.1519,1.2873,0.015145,554.38
crm,f104_v2_group_0439_route_02,feasible,pid_held_50ms,goal_reached,1,0,S,0,0.1680,1.3323,0.015354,557.32
crm,f104_v2_group_0439_route_02,feasible,nrd_policy_v2,goal_reached,1,0,S,0,0.1651,1.3030,0.047130,617.55
crm,f104_v2_group_0439_route_04,infeasible,pid_native,prolonged_blockage_terminated,0,1,U,na,2.6975,1.2091,0.004130,717.86
crm,f104_v2_group_0439_route_04,infeasible,pid_held_50ms,soil_breakthrough_terminated,0,1,U,0,2.6976,1.0629,0.005123,817.28
crm,f104_v2_group_0439_route_04,infeasible,nrd_policy_v2,soil_breakthrough_terminated,0,1,U,0,2.5071,0.9697,0.124869,600.35
crm,f104_v2_group_0439_route_05,infeasible,pid_native,soil_breakthrough_terminated,0,1,U,na,1.9920,2.1642,0.006535,1076.30
crm,f104_v2_group_0439_route_05,infeasible,pid_held_50ms,soil_breakthrough_terminated,0,1,U,0,2.0008,2.0969,0.006552,1033.22
crm,f104_v2_group_0439_route_05,infeasible,nrd_policy_v2,soil_breakthrough_terminated,0,1,U,0,1.7115,3.0978,0.055446,913.38
crm,f104_v2_group_0439_route_06,infeasible,pid_native,timeout,0,0,F,na,0.7987,0.4789,0.001696,1253.32
crm,f104_v2_group_0439_route_06,infeasible,pid_held_50ms,prolonged_blockage_terminated,0,1,U,1,0.6942,0.8499,0.003308,1211.10
crm,f104_v2_group_0439_route_06,infeasible,nrd_policy_v2,goal_reached,1,0,S,0,0.3645,1.8620,0.038402,750.57
crm,f104_v2_group_0439_route_07,infeasible,pid_native,soil_breakthrough_terminated,0,1,U,na,1.7964,2.0038,0.009654,1142.29
crm,f104_v2_group_0439_route_07,infeasible,pid_held_50ms,soil_breakthrough_terminated,0,1,U,0,1.8078,1.6967,0.010859,960.99
crm,f104_v2_group_0439_route_07,infeasible,nrd_policy_v2,soil_breakthrough_terminated,0,1,U,0,1.5503,1.8344,0.091964,791.48
crm,f104_v2_group_0439_route_08,infeasible,pid_native,prolonged_blockage_terminated,0,1,U,na,2.3024,1.1074,0.004920,716.79
crm,f104_v2_group_0439_route_08,infeasible,pid_held_50ms,prolonged_blockage_terminated,0,1,U,0,2.3160,1.1080,0.004864,493.60
crm,f104_v2_group_0439_route_08,infeasible,nrd_policy_v2,soil_breakthrough_terminated,0,1,U,0,1.4590,0.8781,0.118761,898.68
crm,f104_v2_group_0481_route_00,infeasible,pid_native,soil_breakthrough_terminated,0,1,U,na,3.6131,1.1728,0.006724,937.29
crm,f104_v2_group_0481_route_00,infeasible,pid_held_50ms,soil_breakthrough_terminated,0,1,U,0,3.6243,1.2316,0.006698,851.93
crm,f104_v2_group_0481_route_00,infeasible,nrd_policy_v2,soil_breakthrough_terminated,0,1,U,0,3.7413,1.1008,0.111170,565.49
crm,f104_v2_group_0481_route_01,infeasible,pid_native,soil_breakthrough_terminated,0,1,U,na,3.3743,2.5754,0.007423,706.49
crm,f104_v2_group_0481_route_01,infeasible,pid_held_50ms,soil_breakthrough_terminated,0,1,U,0,3.4836,3.0414,0.005451,971.17
crm,f104_v2_group_0481_route_01,infeasible,nrd_policy_v2,soil_breakthrough_terminated,0,1,U,0,3.2599,2.5441,0.034992,776.87
crm,f104_v2_group_0481_route_02,infeasible,pid_native,soil_breakthrough_terminated,0,1,U,na,3.1186,4.7025,0.004944,1052.15
crm,f104_v2_group_0481_route_02,infeasible,pid_held_50ms,soil_breakthrough_terminated,0,1,U,0,3.1988,3.8801,0.006885,664.38
crm,f104_v2_group_0481_route_02,infeasible,nrd_policy_v2,soil_breakthrough_terminated,0,1,U,0,3.0126,4.5584,0.025721,879.52
crm,f104_v2_group_0481_route_03,infeasible,pid_native,soil_breakthrough_terminated,0,1,U,na,3.4279,3.5211,0.008355,713.92
crm,f104_v2_group_0481_route_03,infeasible,pid_held_50ms,soil_breakthrough_terminated,0,1,U,0,3.4564,3.7898,0.007737,901.78
crm,f104_v2_group_0481_route_03,infeasible,nrd_policy_v2,soil_breakthrough_terminated,0,1,U,0,3.3004,3.6646,0.032925,911.53
crm,f104_v2_group_0481_route_05,infeasible,pid_native,soil_breakthrough_terminated,0,1,U,na,2.9063,2.3753,0.012636,766.52
crm,f104_v2_group_0481_route_05,infeasible,pid_held_50ms,soil_breakthrough_terminated,0,1,U,0,2.7531,2.3825,0.012616,832.60
crm,f104_v2_group_0481_route_05,infeasible,nrd_policy_v2,soil_breakthrough_terminated,0,1,U,0,3.4277,2.4576,0.032984,608.35
crm,f104_v2_group_0481_route_06,infeasible,pid_native,soil_breakthrough_terminated,0,1,U,na,2.8584,4.4335,0.010271,931.98
crm,f104_v2_group_0481_route_06,infeasible,pid_held_50ms,soil_breakthrough_terminated,0,1,U,0,2.9038,4.3193,0.011563,834.04
crm,f104_v2_group_0481_route_06,infeasible,nrd_policy_v2,soil_breakthrough_terminated,0,1,U,0,3.2841,4.1042,0.021382,558.84
crm,f104_v2_group_0481_route_07,infeasible,pid_native,soil_breakthrough_terminated,0,1,U,na,2.5251,3.2647,0.012962,890.67
crm,f104_v2_group_0481_route_07,infeasible,pid_held_50ms,soil_breakthrough_terminated,0,1,U,0,3.2884,3.0234,0.014292,620.98
crm,f104_v2_group_0481_route_07,infeasible,nrd_policy_v2,soil_breakthrough_terminated,0,1,U,0,2.6198,4.0299,0.034027,1143.12
crm,f104_v2_group_0481_route_09,feasible,pid_native,goal_reached,1,0,S,na,0.3674,0.5542,0.012303,542.72
crm,f104_v2_group_0481_route_09,feasible,pid_held_50ms,goal_reached,1,0,S,0,0.3497,0.4577,0.011912,515.01
crm,f104_v2_group_0481_route_09,feasible,nrd_policy_v2,goal_reached,1,0,S,0,0.1399,0.5082,0.078160,542.40
crm,f104_v2_group_0481_route_10,feasible,pid_native,goal_reached,1,0,S,na,0.3638,1.4882,0.012022,563.13
crm,f104_v2_group_0481_route_10,feasible,pid_held_50ms,goal_reached,1,0,S,0,0.3687,1.3959,0.013294,556.77
crm,f104_v2_group_0481_route_10,feasible,nrd_policy_v2,goal_reached,1,0,S,0,0.2408,1.1760,0.039754,564.04
crm,f104_v2_group_0481_route_11,feasible,pid_native,goal_reached,1,0,S,na,0.3799,0.7792,0.014335,508.05
crm,f104_v2_group_0481_route_11,feasible,pid_held_50ms,goal_reached,1,0,S,0,0.3861,0.8155,0.014904,518.18
crm,f104_v2_group_0481_route_11,feasible,nrd_policy_v2,goal_reached,1,0,S,0,0.2250,0.5752,0.047151,478.00
crm,f104_v2_group_0491_route_03,feasible,pid_native,goal_reached,1,0,S,na,0.1717,0.4123,0.020818,396.54
crm,f104_v2_group_0491_route_03,feasible,pid_held_50ms,goal_reached,1,0,S,0,0.1633,0.4428,0.020909,401.26
crm,f104_v2_group_0491_route_03,feasible,nrd_policy_v2,goal_reached,1,0,S,0,0.1729,0.3377,0.061367,398.21
crm,f104_v2_group_0491_route_04,infeasible,pid_native,soil_breakthrough_terminated,0,1,U,na,3.4824,0.9551,0.010563,526.00
crm,f104_v2_group_0491_route_04,infeasible,pid_held_50ms,soil_breakthrough_terminated,0,1,U,0,3.5172,1.1772,0.008547,814.34
crm,f104_v2_group_0491_route_04,infeasible,nrd_policy_v2,soil_breakthrough_terminated,0,1,U,0,3.5271,1.1221,0.136451,458.14
crm,f104_v2_group_0491_route_07,feasible,pid_native,goal_reached,1,0,S,na,0.4207,0.5811,0.019444,447.60
crm,f104_v2_group_0491_route_07,feasible,pid_held_50ms,goal_reached,1,0,S,0,0.4110,0.6039,0.019183,460.64
crm,f104_v2_group_0491_route_07,feasible,nrd_policy_v2,goal_reached,1,0,S,0,0.2389,0.5683,0.054433,464.10
crm,f104_v2_group_0491_route_08,infeasible,pid_native,prolonged_blockage_terminated,0,1,U,na,4.5635,1.7807,0.002761,605.85
crm,f104_v2_group_0491_route_08,infeasible,pid_held_50ms,prolonged_blockage_terminated,0,1,U,0,4.5728,1.7815,0.002690,573.27
crm,f104_v2_group_0491_route_08,infeasible,nrd_policy_v2,soil_breakthrough_terminated,0,1,U,0,4.5548,1.6174,0.097592,543.89
crm,f104_v2_group_0491_route_09,feasible,pid_native,goal_reached,1,0,S,na,0.6898,1.4204,0.012051,738.34
crm,f104_v2_group_0491_route_09,feasible,pid_held_50ms,goal_reached,1,0,S,0,0.6819,1.4156,0.011534,738.66
crm,f104_v2_group_0491_route_09,feasible,nrd_policy_v2,goal_reached,1,0,S,0,0.5256,1.0277,0.053619,726.71
crm,f104_v2_group_0491_route_10,feasible,pid_native,goal_reached,1,0,S,na,0.7025,3.4810,0.007183,964.75
crm,f104_v2_group_0491_route_10,feasible,pid_held_50ms,goal_reached,1,0,S,0,0.6578,2.8737,0.009676,781.42
crm,f104_v2_group_0491_route_10,feasible,nrd_policy_v2,goal_reached,1,0,S,0,0.5517,2.4749,0.030303,730.76
crm,f104_v2_group_0491_route_11,infeasible,pid_native,prolonged_blockage_terminated,0,1,U,na,4.5715,2.2443,0.002732,596.11
crm,f104_v2_group_0491_route_11,infeasible,pid_held_50ms,prolonged_blockage_terminated,0,1,U,0,4.5657,2.2410,0.002748,608.71
crm,f104_v2_group_0491_route_11,infeasible,nrd_policy_v2,soil_breakthrough_terminated,0,1,U,0,4.5554,2.0333,0.033875,1013.03
crm,f104_v2_group_0498_route_00,infeasible,pid_native,soil_breakthrough_terminated,0,1,U,na,3.1461,1.0279,0.009626,636.21
crm,f104_v2_group_0498_route_00,infeasible,pid_held_50ms,soil_breakthrough_terminated,0,1,U,0,2.9849,0.9901,0.011393,637.27
crm,f104_v2_group_0498_route_00,infeasible,nrd_policy_v2,soil_breakthrough_terminated,0,1,U,0,3.0619,1.2706,0.148409,723.26
crm,f104_v2_group_0498_route_03,feasible,pid_native,goal_reached,1,0,S,na,0.6086,1.5210,0.019071,621.41
crm,f104_v2_group_0498_route_03,feasible,pid_held_50ms,goal_reached,1,0,S,0,0.6258,1.6498,0.019693,649.40
crm,f104_v2_group_0498_route_03,feasible,nrd_policy_v2,goal_reached,1,0,S,0,0.4156,1.3159,0.062015,591.14
crm,f104_v2_group_0498_route_04,infeasible,pid_native,soil_breakthrough_terminated,0,1,U,na,3.8189,1.4737,0.005025,795.29
crm,f104_v2_group_0498_route_04,infeasible,pid_held_50ms,prolonged_blockage_terminated,0,1,U,0,3.9023,1.7118,0.003076,700.58
crm,f104_v2_group_0498_route_04,infeasible,nrd_policy_v2,soil_breakthrough_terminated,0,1,U,0,3.4409,1.1565,0.187379,559.41
crm,f104_v2_group_0498_route_06,feasible,pid_native,goal_reached,1,0,S,na,1.0480,2.9291,0.009932,715.06
crm,f104_v2_group_0498_route_06,feasible,pid_held_50ms,soil_breakthrough_terminated,0,1,U,0,2.9875,4.4642,0.006243,727.88
crm,f104_v2_group_0498_route_06,feasible,nrd_policy_v2,soil_breakthrough_terminated,0,1,U,0,2.9414,4.5319,0.019167,771.66
crm,f104_v2_group_0498_route_08,infeasible,pid_native,soil_breakthrough_terminated,0,1,U,na,2.7229,1.0224,0.009399,592.45
crm,f104_v2_group_0498_route_08,infeasible,pid_held_50ms,soil_breakthrough_terminated,0,1,U,0,2.7346,1.1297,0.008667,731.30
crm,f104_v2_group_0498_route_08,infeasible,nrd_policy_v2,soil_breakthrough_terminated,0,1,U,0,2.6700,1.1429,0.163353,682.18
crm,f104_v2_group_0498_route_09,feasible,pid_native,goal_reached,1,0,S,na,0.3116,0.6317,0.018393,446.66
crm,f104_v2_group_0498_route_09,feasible,pid_held_50ms,goal_reached,1,0,S,0,0.3219,0.6374,0.018919,459.74
crm,f104_v2_group_0498_route_09,feasible,nrd_policy_v2,goal_reached,1,0,S,0,0.1670,0.5351,0.049842,429.98
crm,f104_v2_group_0498_route_10,feasible,pid_native,goal_reached,1,0,S,na,0.2531,1.4090,0.020901,435.11
crm,f104_v2_group_0498_route_10,feasible,pid_held_50ms,goal_reached,1,0,S,0,0.2688,1.4978,0.020374,441.58
crm,f104_v2_group_0498_route_10,feasible,nrd_policy_v2,goal_reached,1,0,S,0,0.1785,1.4173,0.036344,427.93
crm,f104_v2_group_0502_route_00,infeasible,pid_native,prolonged_blockage_terminated,0,1,U,na,1.6339,0.9522,0.005340,561.02
crm,f104_v2_group_0502_route_00,infeasible,pid_held_50ms,prolonged_blockage_terminated,0,1,U,0,1.6393,0.9509,0.005701,771.87
crm,f104_v2_group_0502_route_00,infeasible,nrd_policy_v2,soil_breakthrough_terminated,0,1,U,0,1.6622,1.0069,0.094376,610.45
crm,f104_v2_group_0502_route_01,infeasible,pid_native,soil_breakthrough_terminated,0,1,U,na,1.0413,1.7066,0.007815,925.68
crm,f104_v2_group_0502_route_01,infeasible,pid_held_50ms,goal_reached,1,0,S,0,0.4763,0.9101,0.012080,799.21
crm,f104_v2_group_0502_route_01,infeasible,nrd_policy_v2,goal_reached,1,0,S,0,0.3178,1.5254,0.071187,1038.41
crm,f104_v2_group_0502_route_02,feasible,pid_native,goal_reached,1,0,S,na,0.4637,1.5395,0.011241,717.51
crm,f104_v2_group_0502_route_02,feasible,pid_held_50ms,goal_reached,1,0,S,0,0.4554,1.5482,0.011648,712.58
crm,f104_v2_group_0502_route_02,feasible,nrd_policy_v2,goal_reached,1,0,S,0,0.3526,2.2623,0.046713,857.52
crm,f104_v2_group_0502_route_03,infeasible,pid_native,soil_breakthrough_terminated,0,1,U,na,1.1310,0.9955,0.012258,770.19
crm,f104_v2_group_0502_route_03,infeasible,pid_held_50ms,soil_breakthrough_terminated,0,1,U,0,1.1578,1.0183,0.012251,737.90
crm,f104_v2_group_0502_route_03,infeasible,nrd_policy_v2,soil_breakthrough_terminated,0,1,U,0,1.1083,1.0314,0.116651,797.02
crm,f104_v2_group_0502_route_04,infeasible,pid_native,prolonged_blockage_terminated,0,1,U,na,1.9736,1.0276,0.005044,728.54
crm,f104_v2_group_0502_route_04,infeasible,pid_held_50ms,prolonged_blockage_terminated,0,1,U,0,1.9534,1.0171,0.004946,758.53
crm,f104_v2_group_0502_route_04,infeasible,nrd_policy_v2,soil_breakthrough_terminated,0,1,U,0,1.7877,0.8821,0.115453,665.11
crm,f104_v2_group_0502_route_06,feasible,pid_native,goal_reached,1,0,S,na,0.5707,1.6800,0.010994,764.64
crm,f104_v2_group_0502_route_06,feasible,pid_held_50ms,goal_reached,1,0,S,0,0.5650,1.8570,0.010134,752.91
crm,f104_v2_group_0502_route_06,feasible,nrd_policy_v2,goal_reached,1,0,S,0,0.4166,1.4861,0.042883,713.90
crm,f104_v2_group_0503_route_00,feasible,pid_native,goal_reached,1,0,S,na,0.2452,0.1662,0.009655,471.09
crm,f104_v2_group_0503_route_00,feasible,pid_held_50ms,prolonged_blockage_terminated,0,1,U,0,0.9571,0.7863,0.005995,801.26
crm,f104_v2_group_0503_route_00,feasible,nrd_policy_v2,goal_reached,1,0,S,0,0.1706,0.2048,0.068618,473.46
crm,f104_v2_group_0503_route_02,feasible,pid_native,goal_reached,1,0,S,na,0.2050,0.7981,0.013501,492.67
crm,f104_v2_group_0503_route_02,feasible,pid_held_50ms,goal_reached,1,0,S,0,0.2050,0.9587,0.013487,497.04
crm,f104_v2_group_0503_route_02,feasible,nrd_policy_v2,goal_reached,1,0,S,0,0.0988,0.8269,0.054590,553.31
crm,f104_v2_group_0503_route_04,infeasible,pid_native,prolonged_blockage_terminated,0,1,U,na,1.6682,0.8962,0.005535,508.49
crm,f104_v2_group_0503_route_04,infeasible,pid_held_50ms,prolonged_blockage_terminated,0,1,U,0,1.6582,0.8944,0.005597,511.34
crm,f104_v2_group_0503_route_04,infeasible,nrd_policy_v2,prolonged_blockage_terminated,0,1,U,1,1.6238,1.3966,0.025904,1022.34
crm,f104_v2_group_0503_route_06,feasible,pid_native,goal_reached,1,0,S,na,0.4585,1.2362,0.014386,639.47
crm,f104_v2_group_0503_route_06,feasible,pid_held_50ms,goal_reached,1,0,S,0,0.4597,1.2113,0.014480,632.32
crm,f104_v2_group_0503_route_06,feasible,nrd_policy_v2,goal_reached,1,0,S,0,0.3575,1.1876,0.045211,641.85
crm,f104_v2_group_0503_route_07,infeasible,pid_native,soil_breakthrough_terminated,0,1,U,na,1.2467,1.3274,0.010123,1001.05
crm,f104_v2_group_0503_route_07,infeasible,pid_held_50ms,soil_breakthrough_terminated,0,1,U,0,1.2366,1.3689,0.009245,991.04
crm,f104_v2_group_0503_route_07,infeasible,nrd_policy_v2,soil_breakthrough_terminated,0,1,U,0,1.1017,0.8863,0.087675,844.84
crm,f104_v2_group_0503_route_08,feasible,pid_native,goal_reached,1,0,S,na,0.3285,0.1561,0.009456,455.00
crm,f104_v2_group_0503_route_08,feasible,pid_held_50ms,goal_reached,1,0,S,0,0.3359,0.1801,0.009678,477.56
crm,f104_v2_group_0503_route_08,feasible,nrd_policy_v2,goal_reached,1,0,S,0,0.2039,0.2850,0.086277,561.25
crm,f104_v2_group_0503_route_10,feasible,pid_native,goal_reached,1,0,S,na,0.2847,0.9203,0.014016,549.64
crm,f104_v2_group_0503_route_10,feasible,pid_held_50ms,goal_reached,1,0,S,0,0.2903,0.9878,0.014090,538.02
crm,f104_v2_group_0503_route_10,feasible,nrd_policy_v2,goal_reached,1,0,S,0,0.1535,0.8705,0.044177,592.01
crm,f104_v2_group_0510_route_01,feasible,pid_native,goal_reached,1,0,S,na,0.1692,0.7614,0.020610,368.40
crm,f104_v2_group_0510_route_01,feasible,pid_held_50ms,goal_reached,1,0,S,0,0.1927,0.6214,0.020574,352.32
crm,f104_v2_group_0510_route_01,feasible,nrd_policy_v2,goal_reached,1,0,S,0,0.2000,0.6490,0.048896,342.68
crm,f104_v2_group_0510_route_02,feasible,pid_native,goal_reached,1,0,S,na,0.1782,1.6537,0.021042,337.23
crm,f104_v2_group_0510_route_02,feasible,pid_held_50ms,goal_reached,1,0,S,0,0.1685,1.6974,0.019979,337.29
crm,f104_v2_group_0510_route_02,feasible,nrd_policy_v2,goal_reached,1,0,S,0,0.1889,1.4408,0.037663,307.83
crm,f104_v2_group_0510_route_03,feasible,pid_native,goal_reached,1,0,S,na,0.2146,0.5298,0.030260,319.82
crm,f104_v2_group_0510_route_03,feasible,pid_held_50ms,goal_reached,1,0,S,0,0.2056,0.5452,0.030939,323.45
crm,f104_v2_group_0510_route_03,feasible,nrd_policy_v2,goal_reached,1,0,S,0,0.1999,0.4120,0.052299,292.08
crm,f104_v2_group_0510_route_04,infeasible,pid_native,soil_breakthrough_terminated,0,1,U,na,2.4899,1.1683,0.008996,732.96
crm,f104_v2_group_0510_route_04,infeasible,pid_held_50ms,soil_breakthrough_terminated,0,1,U,0,2.4654,1.2940,0.008437,999.81
crm,f104_v2_group_0510_route_04,infeasible,nrd_policy_v2,soil_breakthrough_terminated,0,1,U,0,3.5117,1.4628,0.068745,369.82
crm,f104_v2_group_0510_route_06,feasible,pid_native,goal_reached,1,0,S,na,0.5934,1.8865,0.018982,370.48
crm,f104_v2_group_0510_route_06,feasible,pid_held_50ms,goal_reached,1,0,S,0,0.5990,1.9082,0.018270,371.07
crm,f104_v2_group_0510_route_06,feasible,nrd_policy_v2,goal_reached,1,0,S,0,0.3826,1.6911,0.031562,362.75
crm,f104_v2_group_0510_route_08,infeasible,pid_native,prolonged_blockage_terminated,0,1,U,na,4.0980,1.8096,0.002851,678.29
crm,f104_v2_group_0510_route_08,infeasible,pid_held_50ms,soil_breakthrough_terminated,0,1,U,0,4.0909,1.5282,0.006885,769.83
crm,f104_v2_group_0510_route_08,infeasible,nrd_policy_v2,soil_breakthrough_terminated,0,1,U,0,4.0387,1.5378,0.134467,462.87
crm,f104_v2_group_0510_route_09,infeasible,pid_native,prolonged_blockage_terminated,0,1,U,na,3.7873,3.7510,0.001886,393.89
crm,f104_v2_group_0510_route_09,infeasible,pid_held_50ms,prolonged_blockage_terminated,0,1,U,0,3.7315,3.7377,0.001913,416.78
crm,f104_v2_group_0510_route_09,infeasible,nrd_policy_v2,goal_reached,1,0,S,0,0.9899,1.8910,0.035828,665.94
crm,f104_v2_group_0510_route_10,infeasible,pid_native,prolonged_blockage_terminated,0,1,U,na,3.7817,5.7493,0.001602,395.09
crm,f104_v2_group_0510_route_10,infeasible,pid_held_50ms,prolonged_blockage_terminated,0,1,U,0,3.7149,5.7335,0.001633,429.58
crm,f104_v2_group_0510_route_10,infeasible,nrd_policy_v2,prolonged_blockage_terminated,0,1,U,0,3.8562,5.7661,0.004726,1141.71
crm,f104_v2_group_0532_route_01,infeasible,pid_native,soil_breakthrough_terminated,0,1,U,na,3.1786,2.6631,0.006948,467.74
crm,f104_v2_group_0532_route_01,infeasible,pid_held_50ms,soil_breakthrough_terminated,0,1,U,0,2.8646,2.5184,0.007743,748.60
crm,f104_v2_group_0532_route_01,infeasible,nrd_policy_v2,soil_breakthrough_terminated,0,1,U,0,3.2321,2.7362,0.037842,537.28
crm,f104_v2_group_0532_route_02,feasible,pid_native,goal_reached,1,0,S,na,0.7843,2.2835,0.012108,574.80
crm,f104_v2_group_0532_route_02,feasible,pid_held_50ms,goal_reached,1,0,S,0,0.7399,2.0542,0.013263,540.54
crm,f104_v2_group_0532_route_02,feasible,nrd_policy_v2,goal_reached,1,0,S,0,0.3757,2.0773,0.033778,553.31
crm,f104_v2_group_0532_route_03,infeasible,pid_native,soil_breakthrough_terminated,0,1,U,na,3.2071,3.8292,0.008592,617.05
crm,f104_v2_group_0532_route_03,infeasible,pid_held_50ms,soil_breakthrough_terminated,0,1,U,0,3.1957,3.9151,0.008577,580.43
crm,f104_v2_group_0532_route_03,infeasible,nrd_policy_v2,prolonged_blockage_terminated,0,1,U,0,2.6811,4.9348,0.019434,1313.53
crm,f104_v2_group_0532_route_05,feasible,pid_native,goal_reached,1,0,S,na,0.6525,0.5532,0.014086,473.87
crm,f104_v2_group_0532_route_05,feasible,pid_held_50ms,goal_reached,1,0,S,0,0.6656,0.6845,0.013682,504.89
crm,f104_v2_group_0532_route_05,feasible,nrd_policy_v2,goal_reached,1,0,S,0,0.5053,0.8289,0.054593,569.29
crm,f104_v2_group_0532_route_06,feasible,pid_native,goal_reached,1,0,S,na,0.6706,1.7256,0.012865,486.24
crm,f104_v2_group_0532_route_06,feasible,pid_held_50ms,goal_reached,1,0,S,0,0.6833,1.9368,0.012112,505.59
crm,f104_v2_group_0532_route_06,feasible,nrd_policy_v2,goal_reached,1,0,S,0,0.5580,1.6589,0.031658,521.81
crm,f104_v2_group_0532_route_09,infeasible,pid_native,soil_breakthrough_terminated,0,1,U,na,3.2696,2.7577,0.006269,577.53
crm,f104_v2_group_0532_route_09,infeasible,pid_held_50ms,soil_breakthrough_terminated,0,1,U,0,3.2635,2.7704,0.007189,574.96
crm,f104_v2_group_0532_route_09,infeasible,nrd_policy_v2,soil_breakthrough_terminated,0,1,U,0,2.7168,2.5521,0.034387,853.35
crm,f104_v2_group_0532_route_10,infeasible,pid_native,soil_breakthrough_terminated,0,1,U,na,3.2553,4.7895,0.005147,556.51
crm,f104_v2_group_0532_route_10,infeasible,pid_held_50ms,soil_breakthrough_terminated,0,1,U,0,3.2575,4.6051,0.005412,470.26
crm,f104_v2_group_0532_route_10,infeasible,nrd_policy_v2,goal_reached,1,0,S,0,0.1731,2.5399,0.030480,637.99
crm,f104_v2_group_0532_route_11,infeasible,pid_native,soil_breakthrough_terminated,0,1,U,na,3.2723,3.7552,0.008800,613.23
crm,f104_v2_group_0532_route_11,infeasible,pid_held_50ms,soil_breakthrough_terminated,0,1,U,0,3.2527,3.6239,0.009635,582.56
crm,f104_v2_group_0532_route_11,infeasible,nrd_policy_v2,soil_breakthrough_terminated,0,1,U,0,3.2690,3.5666,0.033067,551.75
crm,f104_v2_group_0573_route_02,infeasible,pid_native,soil_breakthrough_terminated,0,1,U,na,1.9282,4.5638,0.004253,1727.92
crm,f104_v2_group_0573_route_02,infeasible,pid_held_50ms,prolonged_blockage_terminated,0,1,U,0,2.1416,4.6832,0.003837,1404.87
crm,f104_v2_group_0573_route_02,infeasible,nrd_policy_v2,soil_breakthrough_terminated,0,1,U,0,2.2872,3.3151,0.027494,924.73
crm,f104_v2_group_0573_route_03,infeasible,pid_native,soil_breakthrough_terminated,0,1,U,na,2.4110,3.6385,0.008134,1354.14
crm,f104_v2_group_0573_route_03,infeasible,pid_held_50ms,soil_breakthrough_terminated,0,1,U,0,2.4541,3.2095,0.009380,1096.62
crm,f104_v2_group_0573_route_03,infeasible,nrd_policy_v2,soil_breakthrough_terminated,0,1,U,0,2.3276,2.5273,0.048843,903.53
crm,f104_v2_group_0573_route_04,feasible,pid_native,goal_reached,1,0,S,na,0.4957,0.1864,0.008440,533.67
crm,f104_v2_group_0573_route_04,feasible,pid_held_50ms,goal_reached,1,0,S,0,0.4951,0.2149,0.008671,558.80
crm,f104_v2_group_0573_route_04,feasible,nrd_policy_v2,goal_reached,1,0,S,0,0.3726,0.2731,0.075139,568.37
crm,f104_v2_group_0573_route_05,feasible,pid_native,goal_reached,1,0,S,na,0.4493,0.2633,0.012459,520.36
crm,f104_v2_group_0573_route_05,feasible,pid_held_50ms,goal_reached,1,0,S,0,0.4449,0.2892,0.012742,544.69
crm,f104_v2_group_0573_route_05,feasible,nrd_policy_v2,goal_reached,1,0,S,0,0.2246,0.3216,0.065675,642.29
crm,f104_v2_group_0573_route_07,feasible,pid_native,goal_reached,1,0,S,na,0.4807,0.2693,0.013832,467.24
crm,f104_v2_group_0573_route_07,feasible,pid_held_50ms,goal_reached,1,0,S,0,0.4808,0.2775,0.013685,475.76
crm,f104_v2_group_0573_route_07,feasible,nrd_policy_v2,goal_reached,1,0,S,0,0.2485,0.3081,0.071185,528.16
crm,f104_v2_group_0573_route_09,infeasible,pid_native,soil_breakthrough_terminated,0,1,U,na,2.5974,2.0914,0.011063,736.81
crm,f104_v2_group_0573_route_09,infeasible,pid_held_50ms,soil_breakthrough_terminated,0,1,U,0,2.6984,1.8663,0.012178,630.68
crm,f104_v2_group_0573_route_09,infeasible,nrd_policy_v2,soil_breakthrough_terminated,0,1,U,0,2.4245,1.8577,0.055367,719.09
crm,f104_v2_group_0573_route_11,feasible,pid_native,goal_reached,1,0,S,na,0.6186,1.1780,0.015696,823.88
crm,f104_v2_group_0573_route_11,feasible,pid_held_50ms,goal_reached,1,0,S,0,0.6518,1.2531,0.015951,907.44
crm,f104_v2_group_0573_route_11,feasible,nrd_policy_v2,goal_reached,1,0,S,0,0.2564,0.7625,0.054308,689.96
crm,f104_v2_group_0586_route_00,infeasible,pid_native,soil_breakthrough_terminated,0,1,U,na,4.5639,1.4227,0.008568,570.95
crm,f104_v2_group_0586_route_00,infeasible,pid_held_50ms,soil_breakthrough_terminated,0,1,U,0,4.5657,1.3667,0.008981,496.47
crm,f104_v2_group_0586_route_00,infeasible,nrd_policy_v2,soil_breakthrough_terminated,0,1,U,0,4.5007,1.2384,0.193243,436.12
crm,f104_v2_group_0586_route_02,infeasible,pid_native,soil_breakthrough_terminated,0,1,U,na,4.1202,5.0036,0.005040,685.07
crm,f104_v2_group_0586_route_02,infeasible,pid_held_50ms,goal_reached,1,0,S,0,0.1554,2.2877,0.013237,586.84
crm,f104_v2_group_0586_route_02,infeasible,nrd_policy_v2,goal_reached,1,0,S,0,0.0540,1.6951,0.039042,545.11
crm,f104_v2_group_0586_route_03,infeasible,pid_native,soil_breakthrough_terminated,0,1,U,na,4.5455,1.8028,0.007669,660.31
crm,f104_v2_group_0586_route_03,infeasible,pid_held_50ms,soil_breakthrough_terminated,0,1,U,0,4.5638,1.8218,0.007405,630.31
crm,f104_v2_group_0586_route_03,infeasible,nrd_policy_v2,soil_breakthrough_terminated,0,1,U,0,4.4937,1.6690,0.067704,502.50
crm,f104_v2_group_0586_route_04,infeasible,pid_native,soil_breakthrough_terminated,0,1,U,na,4.6051,1.4292,0.007154,555.45
crm,f104_v2_group_0586_route_04,infeasible,pid_held_50ms,soil_breakthrough_terminated,0,1,U,0,4.6027,1.4356,0.006842,581.67
crm,f104_v2_group_0586_route_04,infeasible,nrd_policy_v2,soil_breakthrough_terminated,0,1,U,0,4.5617,1.3889,0.176027,550.90
crm,f104_v2_group_0586_route_06,infeasible,pid_native,soil_breakthrough_terminated,0,1,U,na,4.2342,5.0824,0.004076,582.67
crm,f104_v2_group_0586_route_06,infeasible,pid_held_50ms,soil_breakthrough_terminated,0,1,U,0,4.2630,5.0507,0.004292,587.06
crm,f104_v2_group_0586_route_06,infeasible,nrd_policy_v2,soil_breakthrough_terminated,0,1,U,0,4.2972,5.0376,0.022799,523.88
crm,f104_v2_group_0586_route_08,infeasible,pid_native,soil_breakthrough_terminated,0,1,U,na,4.4897,1.3666,0.007436,636.13
crm,f104_v2_group_0586_route_08,infeasible,pid_held_50ms,soil_breakthrough_terminated,0,1,U,0,4.5478,1.5077,0.006299,770.46
crm,f104_v2_group_0586_route_08,infeasible,nrd_policy_v2,soil_breakthrough_terminated,0,1,U,0,4.2148,1.3804,0.215357,655.04
crm,f104_v2_group_0586_route_11,infeasible,pid_native,soil_breakthrough_terminated,0,1,U,na,4.5194,1.8656,0.007141,591.27
crm,f104_v2_group_0586_route_11,infeasible,pid_held_50ms,soil_breakthrough_terminated,0,1,U,0,4.5479,1.8046,0.007204,650.45
crm,f104_v2_group_0586_route_11,infeasible,nrd_policy_v2,soil_breakthrough_terminated,0,1,U,0,4.2320,2.4194,0.047172,677.60
crm,f104_v2_group_0588_route_00,infeasible,pid_native,soil_breakthrough_terminated,0,1,U,na,3.2597,1.2165,0.006186,705.62
crm,f104_v2_group_0588_route_00,infeasible,pid_held_50ms,soil_breakthrough_terminated,0,1,U,0,3.2435,1.3862,0.004934,985.39
crm,f104_v2_group_0588_route_00,infeasible,nrd_policy_v2,soil_breakthrough_terminated,0,1,U,0,2.7586,1.0237,0.189552,729.23
crm,f104_v2_group_0588_route_02,feasible,pid_native,goal_reached,1,0,S,na,0.4816,1.3955,0.012652,436.17
crm,f104_v2_group_0588_route_02,feasible,pid_held_50ms,goal_reached,1,0,S,0,0.4911,1.4477,0.012955,442.94
crm,f104_v2_group_0588_route_02,feasible,nrd_policy_v2,goal_reached,1,0,S,0,0.2193,1.2286,0.038150,415.51
crm,f104_v2_group_0588_route_03,feasible,pid_native,goal_reached,1,0,S,na,0.5825,2.0942,0.013584,472.31
crm,f104_v2_group_0588_route_03,feasible,pid_held_50ms,goal_reached,1,0,S,0,0.5865,2.2431,0.013456,505.57
crm,f104_v2_group_0588_route_03,feasible,nrd_policy_v2,goal_reached,1,0,S,0,0.3054,1.7205,0.041710,422.45
crm,f104_v2_group_0588_route_08,infeasible,pid_native,prolonged_blockage_terminated,0,1,U,na,3.4507,1.6217,0.003293,561.19
crm,f104_v2_group_0588_route_08,infeasible,pid_held_50ms,soil_breakthrough_terminated,0,1,U,0,3.4186,1.1876,0.007353,723.35
crm,f104_v2_group_0588_route_08,infeasible,nrd_policy_v2,soil_breakthrough_terminated,0,1,U,0,3.3687,1.1604,0.141854,425.37
crm,f104_v2_group_0588_route_09,feasible,pid_native,goal_reached,1,0,S,na,0.5754,1.1689,0.012527,598.32
crm,f104_v2_group_0588_route_09,feasible,pid_held_50ms,goal_reached,1,0,S,0,0.5606,1.0922,0.012860,587.79
crm,f104_v2_group_0588_route_09,feasible,nrd_policy_v2,goal_reached,1,0,S,0,0.2937,0.6650,0.064509,502.46
crm,f104_v2_group_0588_route_10,feasible,pid_native,goal_reached,1,0,S,na,0.5851,1.8039,0.013429,529.58
crm,f104_v2_group_0588_route_10,feasible,pid_held_50ms,goal_reached,1,0,S,0,0.5743,1.8234,0.013025,525.53
crm,f104_v2_group_0588_route_10,feasible,nrd_policy_v2,goal_reached,1,0,S,0,0.4487,1.6337,0.030715,494.58
crm,f104_v2_group_0588_route_11,feasible,pid_native,goal_reached,1,0,S,na,0.5881,2.2433,0.013639,690.78
crm,f104_v2_group_0588_route_11,feasible,pid_held_50ms,prolonged_blockage_terminated,0,1,U,0,2.9612,5.0372,0.003852,1000.19
crm,f104_v2_group_0588_route_11,feasible,nrd_policy_v2,prolonged_blockage_terminated,0,1,U,1,0.4225,1.8200,0.036271,520.27
crm,f104_v2_group_0616_route_00,infeasible,pid_native,soil_breakthrough_terminated,0,1,U,na,3.0417,1.0092,0.010241,564.31
crm,f104_v2_group_0616_route_00,infeasible,pid_held_50ms,soil_breakthrough_terminated,0,1,U,0,3.0602,1.0261,0.009739,580.78
crm,f104_v2_group_0616_route_00,infeasible,nrd_policy_v2,soil_breakthrough_terminated,0,1,U,0,2.9164,1.0277,0.175851,592.22
crm,f104_v2_group_0616_route_01,feasible,pid_native,goal_reached,1,0,S,na,0.2410,1.4696,0.015349,624.35
crm,f104_v2_group_0616_route_01,feasible,pid_held_50ms,goal_reached,1,0,S,0,0.1971,1.5694,0.016458,657.88
crm,f104_v2_group_0616_route_01,feasible,nrd_policy_v2,goal_reached,1,0,S,0,0.1237,0.8636,0.048341,517.95
crm,f104_v2_group_0616_route_02,feasible,pid_native,goal_reached,1,0,S,na,0.2358,2.6439,0.015229,546.51
crm,f104_v2_group_0616_route_02,feasible,pid_held_50ms,goal_reached,1,0,S,0,0.2050,2.7580,0.014782,568.18
crm,f104_v2_group_0616_route_02,feasible,nrd_policy_v2,goal_reached,1,0,S,0,0.1281,2.2398,0.043438,513.17
crm,f104_v2_group_0616_route_04,infeasible,pid_native,soil_breakthrough_terminated,0,1,U,na,3.5320,1.2829,0.007510,550.91
crm,f104_v2_group_0616_route_04,infeasible,pid_held_50ms,soil_breakthrough_terminated,0,1,U,0,3.5285,1.2471,0.007691,466.55
crm,f104_v2_group_0616_route_04,infeasible,nrd_policy_v2,soil_breakthrough_terminated,0,1,U,0,3.5062,1.4252,0.181481,550.53
crm,f104_v2_group_0616_route_10,infeasible,pid_native,soil_breakthrough_terminated,0,1,U,na,2.9786,4.9414,0.004604,621.98
crm,f104_v2_group_0616_route_10,infeasible,pid_held_50ms,soil_breakthrough_terminated,0,1,U,0,2.9670,5.1244,0.003857,752.87
crm,f104_v2_group_0616_route_10,infeasible,nrd_policy_v2,soil_breakthrough_terminated,0,1,U,0,2.9736,5.0505,0.018068,713.40
crm,f104_v2_group_0616_route_11,infeasible,pid_native,soil_breakthrough_terminated,0,1,U,na,2.9454,4.1880,0.007959,640.45
crm,f104_v2_group_0616_route_11,infeasible,pid_held_50ms,soil_breakthrough_terminated,0,1,U,0,2.9986,4.0359,0.008280,589.06
crm,f104_v2_group_0616_route_11,infeasible,nrd_policy_v2,soil_breakthrough_terminated,0,1,U,0,2.9376,4.2517,0.027048,734.49
crm,f104_v2_group_0637_route_00,feasible,pid_native,goal_reached,1,0,S,na,0.6180,0.2797,0.010780,480.50
crm,f104_v2_group_0637_route_00,feasible,pid_held_50ms,goal_reached,1,0,S,0,0.6080,0.2732,0.010222,471.06
crm,f104_v2_group_0637_route_00,feasible,nrd_policy_v2,goal_reached,1,0,S,0,0.3957,0.3209,0.125657,511.17
crm,f104_v2_group_0637_route_01,feasible,pid_native,goal_reached,1,0,S,na,0.5614,1.3457,0.009547,426.27
crm,f104_v2_group_0637_route_01,feasible,pid_held_50ms,goal_reached,1,0,S,0,0.5528,1.3218,0.009948,417.76
crm,f104_v2_group_0637_route_01,feasible,nrd_policy_v2,goal_reached,1,0,S,0,0.3328,1.2523,0.040274,483.96
crm,f104_v2_group_0637_route_02,feasible,pid_native,goal_reached,1,0,S,na,0.5319,3.0406,0.008777,489.13
crm,f104_v2_group_0637_route_02,feasible,pid_held_50ms,goal_reached,1,0,S,0,0.5408,3.0428,0.008250,488.39
crm,f104_v2_group_0637_route_02,feasible,nrd_policy_v2,goal_reached,1,0,S,0,0.3075,2.8047,0.031567,499.88
crm,f104_v2_group_0637_route_04,feasible,pid_native,goal_reached,1,0,S,na,0.4201,0.1893,0.009975,391.87
crm,f104_v2_group_0637_route_04,feasible,pid_held_50ms,goal_reached,1,0,S,0,0.4175,0.1983,0.009811,407.76
crm,f104_v2_group_0637_route_04,feasible,nrd_policy_v2,goal_reached,1,0,S,0,0.2517,0.2382,0.092218,396.30
crm,f104_v2_group_0637_route_05,feasible,pid_native,goal_reached,1,0,S,na,0.4171,1.0674,0.010264,385.29
crm,f104_v2_group_0637_route_05,feasible,pid_held_50ms,goal_reached,1,0,S,0,0.4186,1.0842,0.010413,391.48
crm,f104_v2_group_0637_route_05,feasible,nrd_policy_v2,goal_reached,1,0,S,0,0.2243,0.9544,0.041917,419.79
crm,f104_v2_group_0637_route_08,infeasible,pid_native,soil_breakthrough_terminated,0,1,U,na,3.6599,1.3176,0.006726,857.23
crm,f104_v2_group_0637_route_08,infeasible,pid_held_50ms,soil_breakthrough_terminated,0,1,U,0,3.6973,1.3153,0.006917,792.77
crm,f104_v2_group_0637_route_08,infeasible,nrd_policy_v2,soil_breakthrough_terminated,0,1,U,0,3.6748,1.2919,0.231465,770.98
crm,f104_v2_group_0652_route_00,infeasible,pid_native,soil_breakthrough_terminated,0,1,U,na,4.1726,1.2193,0.010509,423.95
crm,f104_v2_group_0652_route_00,infeasible,pid_held_50ms,soil_breakthrough_terminated,0,1,U,0,4.2124,1.2990,0.009160,463.20
crm,f104_v2_group_0652_route_00,infeasible,nrd_policy_v2,soil_breakthrough_terminated,0,1,U,0,4.2253,1.3929,0.216631,483.94
crm,f104_v2_group_0652_route_01,infeasible,pid_native,soil_breakthrough_terminated,0,1,U,na,3.9271,2.9754,0.006100,471.16
crm,f104_v2_group_0652_route_01,infeasible,pid_held_50ms,soil_breakthrough_terminated,0,1,U,0,3.9847,3.0189,0.006199,474.97
crm,f104_v2_group_0652_route_01,infeasible,nrd_policy_v2,soil_breakthrough_terminated,0,1,U,0,3.9062,2.9956,0.029759,503.85
crm,f104_v2_group_0652_route_02,infeasible,pid_native,soil_breakthrough_terminated,0,1,U,na,3.8931,4.9929,0.005578,505.92
crm,f104_v2_group_0652_route_02,infeasible,pid_held_50ms,soil_breakthrough_terminated,0,1,U,0,3.9628,4.9436,0.005698,460.66
crm,f104_v2_group_0652_route_02,infeasible,nrd_policy_v2,soil_breakthrough_terminated,0,1,U,0,3.9231,5.0222,0.021808,516.17
crm,f104_v2_group_0652_route_03,infeasible,pid_native,soil_breakthrough_terminated,0,1,U,na,4.1946,1.8421,0.010464,388.07
crm,f104_v2_group_0652_route_03,infeasible,pid_held_50ms,soil_breakthrough_terminated,0,1,U,0,4.1989,2.0586,0.010707,512.13
crm,f104_v2_group_0652_route_03,infeasible,nrd_policy_v2,soil_breakthrough_terminated,0,1,U,0,4.2392,2.0213,0.048240,493.61
crm,f104_v2_group_0652_route_05,infeasible,pid_native,soil_breakthrough_terminated,0,1,U,na,4.3483,3.5599,0.004443,635.88
crm,f104_v2_group_0652_route_05,infeasible,pid_held_50ms,soil_breakthrough_terminated,0,1,U,0,4.3567,3.5774,0.004366,752.22
crm,f104_v2_group_0652_route_05,infeasible,nrd_policy_v2,soil_breakthrough_terminated,0,1,U,0,4.3498,3.3371,0.025621,443.07
crm,f104_v2_group_0652_route_06,infeasible,pid_native,soil_breakthrough_terminated,0,1,U,na,4.3539,5.5809,0.003822,637.13
crm,f104_v2_group_0652_route_06,infeasible,pid_held_50ms,soil_breakthrough_terminated,0,1,U,0,4.3659,5.6017,0.003952,821.22
crm,f104_v2_group_0652_route_06,infeasible,nrd_policy_v2,soil_breakthrough_terminated,0,1,U,0,4.3790,5.3415,0.021011,402.07
crm,f104_v2_group_0652_route_07,infeasible,pid_native,soil_breakthrough_terminated,0,1,U,na,4.5229,1.7411,0.008357,435.00
crm,f104_v2_group_0652_route_07,infeasible,pid_held_50ms,soil_breakthrough_terminated,0,1,U,0,4.5155,1.8323,0.007279,585.57
crm,f104_v2_group_0652_route_07,infeasible,nrd_policy_v2,soil_breakthrough_terminated,0,1,U,0,4.5247,1.7442,0.074846,481.89
crm,f104_v2_group_0652_route_08,infeasible,pid_native,soil_breakthrough_terminated,0,1,U,na,4.4253,1.4739,0.008068,490.71
crm,f104_v2_group_0652_route_08,infeasible,pid_held_50ms,soil_breakthrough_terminated,0,1,U,0,4.4091,1.4618,0.008567,463.67
crm,f104_v2_group_0652_route_08,infeasible,nrd_policy_v2,soil_breakthrough_terminated,0,1,U,0,4.2082,1.3746,0.216909,481.40
crm,f104_v2_group_0652_route_10,infeasible,pid_native,soil_breakthrough_terminated,0,1,U,na,4.2446,5.3025,0.005118,475.08
crm,f104_v2_group_0652_route_10,infeasible,pid_held_50ms,soil_breakthrough_terminated,0,1,U,0,4.2529,5.3604,0.004547,526.50
crm,f104_v2_group_0652_route_10,infeasible,nrd_policy_v2,soil_breakthrough_terminated,0,1,U,0,4.1307,5.4041,0.017744,565.01
crm,f104_v2_group_0664_route_00,infeasible,pid_native,soil_breakthrough_terminated,0,1,U,na,2.8015,0.9278,0.007865,628.54
crm,f104_v2_group_0664_route_00,infeasible,pid_held_50ms,soil_breakthrough_terminated,0,1,U,0,2.8269,0.7657,0.009138,478.97
crm,f104_v2_group_0664_route_00,infeasible,nrd_policy_v2,soil_breakthrough_terminated,0,1,U,0,2.7454,0.8824,0.145691,601.13
crm,f104_v2_group_0664_route_01,infeasible,pid_native,prolonged_blockage_terminated,0,1,U,na,2.2019,3.2529,0.003208,1217.62
crm,f104_v2_group_0664_route_01,infeasible,pid_held_50ms,prolonged_blockage_terminated,0,1,U,0,2.1401,3.2350,0.003562,1128.17
crm,f104_v2_group_0664_route_01,infeasible,nrd_policy_v2,goal_reached,1,0,S,0,0.2771,1.2364,0.042427,782.31
crm,f104_v2_group_0664_route_02,feasible,pid_native,goal_reached,1,0,S,na,0.3767,1.5865,0.014641,520.15
crm,f104_v2_group_0664_route_02,feasible,pid_held_50ms,goal_reached,1,0,S,0,0.3724,1.5902,0.014383,520.76
crm,f104_v2_group_0664_route_02,feasible,nrd_policy_v2,goal_reached,1,0,S,0,0.2292,1.5130,0.034914,524.84
crm,f104_v2_group_0664_route_04,infeasible,pid_native,soil_breakthrough_terminated,0,1,U,na,2.9711,0.8631,0.008126,589.60
crm,f104_v2_group_0664_route_04,infeasible,pid_held_50ms,soil_breakthrough_terminated,0,1,U,0,2.9660,0.7151,0.008721,469.26
crm,f104_v2_group_0664_route_04,infeasible,nrd_policy_v2,soil_breakthrough_terminated,0,1,U,0,2.9262,1.0237,0.133457,506.68
crm,f104_v2_group_0664_route_06,feasible,pid_native,goal_reached,1,0,S,na,0.1805,1.8612,0.014288,548.05
crm,f104_v2_group_0664_route_06,feasible,pid_held_50ms,goal_reached,1,0,S,0,0.1736,1.7923,0.014982,551.63
crm,f104_v2_group_0664_route_06,feasible,nrd_policy_v2,goal_reached,1,0,S,0,0.1169,1.6605,0.038692,544.54
crm,f104_v2_group_0664_route_07,feasible,pid_native,goal_reached,1,0,S,na,0.1826,1.2141,0.019588,595.94
crm,f104_v2_group_0664_route_07,feasible,pid_held_50ms,goal_reached,1,0,S,0,0.1884,1.1841,0.017827,603.59
crm,f104_v2_group_0664_route_07,feasible,nrd_policy_v2,goal_reached,1,0,S,0,0.1012,1.3368,0.047948,561.16
crm,f104_v2_group_0664_route_08,infeasible,pid_native,soil_breakthrough_terminated,0,1,U,na,2.5050,0.8755,0.008942,867.82
crm,f104_v2_group_0664_route_08,infeasible,pid_held_50ms,soil_breakthrough_terminated,0,1,U,0,2.5719,0.8337,0.007987,793.58
crm,f104_v2_group_0664_route_08,infeasible,nrd_policy_v2,goal_reached,1,0,S,0,0.2288,0.2958,0.090229,510.43
crm,f104_v2_group_0664_route_09,feasible,pid_native,goal_reached,1,0,S,na,0.3619,0.6197,0.015718,507.64
crm,f104_v2_group_0664_route_09,feasible,pid_held_50ms,goal_reached,1,0,S,0,0.3545,0.6329,0.015972,495.02
crm,f104_v2_group_0664_route_09,feasible,nrd_policy_v2,goal_reached,1,0,S,0,0.2470,0.9260,0.049841,477.11
crm,f104_v2_group_0664_route_10,feasible,pid_native,goal_reached,1,0,S,na,0.3197,1.4658,0.014122,469.94
crm,f104_v2_group_0664_route_10,feasible,pid_held_50ms,goal_reached,1,0,S,0,0.3053,1.2740,0.016345,480.61
crm,f104_v2_group_0664_route_10,feasible,nrd_policy_v2,goal_reached,1,0,S,0,0.2077,1.1731,0.040290,491.33
crm,f104_v2_group_0664_route_11,feasible,pid_native,goal_reached,1,0,S,na,0.3602,0.8911,0.017968,493.99
crm,f104_v2_group_0664_route_11,feasible,pid_held_50ms,goal_reached,1,0,S,0,0.3793,1.1201,0.016598,520.02
crm,f104_v2_group_0664_route_11,feasible,nrd_policy_v2,goal_reached,1,0,S,0,0.2017,0.6024,0.051280,493.85
crm,f104_v2_group_0677_route_00,infeasible,pid_native,soil_breakthrough_terminated,0,1,U,na,3.3946,1.4811,0.007807,962.48
crm,f104_v2_group_0677_route_00,infeasible,pid_held_50ms,soil_breakthrough_terminated,0,1,U,0,3.3999,1.5079,0.008311,951.41
crm,f104_v2_group_0677_route_00,infeasible,nrd_policy_v2,soil_breakthrough_terminated,0,1,U,0,3.3452,1.1160,0.173729,380.54
crm,f104_v2_group_0677_route_03,feasible,pid_native,goal_reached,1,0,S,na,0.2700,1.5470,0.019795,513.37
crm,f104_v2_group_0677_route_03,feasible,pid_held_50ms,soil_breakthrough_terminated,0,1,U,0,3.2233,4.6460,0.007928,1006.27
crm,f104_v2_group_0677_route_03,feasible,nrd_policy_v2,soil_breakthrough_terminated,0,1,U,0,0.4838,1.5256,0.182388,1018.98
crm,f104_v2_group_0677_route_04,infeasible,pid_native,soil_breakthrough_terminated,0,1,U,na,3.8916,1.4376,0.008803,882.60
crm,f104_v2_group_0677_route_04,infeasible,pid_held_50ms,soil_breakthrough_terminated,0,1,U,0,3.9199,1.2587,0.010322,588.72
crm,f104_v2_group_0677_route_04,infeasible,nrd_policy_v2,soil_breakthrough_terminated,0,1,U,0,4.5891,1.7925,0.046767,230.84
crm,f104_v2_group_0677_route_05,infeasible,pid_native,soil_breakthrough_terminated,0,1,U,na,3.6380,3.3186,0.006402,953.08
crm,f104_v2_group_0677_route_05,infeasible,pid_held_50ms,soil_breakthrough_terminated,0,1,U,0,3.6452,3.3176,0.006527,754.92
crm,f104_v2_group_0677_route_05,infeasible,nrd_policy_v2,soil_breakthrough_terminated,0,1,U,0,3.6585,3.2841,0.058203,590.83
crm,f104_v2_group_0677_route_06,infeasible,pid_native,prolonged_blockage_terminated,0,1,U,na,3.5531,5.6631,0.002138,855.66
crm,f104_v2_group_0677_route_06,infeasible,pid_held_50ms,prolonged_blockage_terminated,0,1,U,0,3.5732,5.6626,0.002171,877.61
crm,f104_v2_group_0677_route_06,infeasible,nrd_policy_v2,soil_breakthrough_terminated,0,1,U,0,3.6091,5.0052,0.018606,734.44
crm,f104_v2_group_0677_route_07,infeasible,pid_native,soil_breakthrough_terminated,0,1,U,na,3.7766,3.5199,0.007923,840.17
crm,f104_v2_group_0677_route_07,infeasible,pid_held_50ms,prolonged_blockage_terminated,0,1,U,0,3.7603,4.6495,0.003492,893.08
crm,f104_v2_group_0677_route_07,infeasible,nrd_policy_v2,soil_breakthrough_terminated,0,1,U,0,4.4329,1.9489,0.032211,949.18
crm,f104_v2_group_0677_route_08,feasible,pid_native,goal_reached,1,0,S,na,0.5032,0.2629,0.013034,446.40
crm,f104_v2_group_0677_route_08,feasible,pid_held_50ms,goal_reached,1,0,S,0,0.5020,0.2948,0.012880,456.97
crm,f104_v2_group_0677_route_08,feasible,nrd_policy_v2,goal_reached,1,0,S,0,0.3367,0.2903,0.099813,399.58
crm,f104_v2_group_0677_route_09,feasible,pid_native,goal_reached,1,0,S,na,0.4444,0.5750,0.021869,424.07
crm,f104_v2_group_0677_route_09,feasible,pid_held_50ms,goal_reached,1,0,S,0,0.4585,0.5850,0.021424,423.24
crm,f104_v2_group_0677_route_09,feasible,nrd_policy_v2,goal_reached,1,0,S,0,0.2440,0.5464,0.047304,395.29
crm,f104_v2_group_0726_route_02,feasible,pid_native,goal_reached,1,0,S,na,0.1587,1.3392,0.019344,409.83
crm,f104_v2_group_0726_route_02,feasible,pid_held_50ms,goal_reached,1,0,S,0,0.1511,1.4103,0.019215,415.40
crm,f104_v2_group_0726_route_02,feasible,nrd_policy_v2,goal_reached,1,0,S,0,0.1662,1.6305,0.036676,358.42
crm,f104_v2_group_0726_route_04,infeasible,pid_native,soil_breakthrough_terminated,0,1,U,na,2.1157,1.1862,0.006683,1119.15
crm,f104_v2_group_0726_route_04,infeasible,pid_held_50ms,soil_breakthrough_terminated,0,1,U,0,2.1709,0.9648,0.008076,828.36
crm,f104_v2_group_0726_route_04,infeasible,nrd_policy_v2,soil_breakthrough_terminated,0,1,U,0,2.0190,1.2122,0.146632,759.13
crm,f104_v2_group_0726_route_05,feasible,pid_native,goal_reached,1,0,S,na,0.4374,0.6545,0.017577,432.21
crm,f104_v2_group_0726_route_05,feasible,pid_held_50ms,goal_reached,1,0,S,0,0.4384,0.6718,0.017606,437.44
crm,f104_v2_group_0726_route_05,feasible,nrd_policy_v2,soil_breakthrough_terminated,0,1,U,0,0.5625,1.9063,0.043945,1200.53
crm,f104_v2_group_0726_route_06,feasible,pid_native,goal_reached,1,0,S,na,0.3774,1.5768,0.018089,435.19
crm,f104_v2_group_0726_route_06,feasible,pid_held_50ms,goal_reached,1,0,S,0,0.3604,1.8037,0.014836,434.90
crm,f104_v2_group_0726_route_06,feasible,nrd_policy_v2,goal_reached,1,0,S,0,0.1900,1.5593,0.035267,398.73
crm,f104_v2_group_0726_route_07,feasible,pid_native,goal_reached,1,0,S,na,0.3977,0.4719,0.022425,416.34
crm,f104_v2_group_0726_route_07,feasible,pid_held_50ms,goal_reached,1,0,S,0,0.3920,0.4978,0.022151,420.43
crm,f104_v2_group_0726_route_07,feasible,nrd_policy_v2,goal_reached,1,0,S,0,0.1436,0.3974,0.059951,376.22
crm,f104_v2_group_0726_route_09,infeasible,pid_native,prolonged_blockage_terminated,0,1,U,na,3.1699,3.5269,0.002248,457.33
crm,f104_v2_group_0726_route_09,infeasible,pid_held_50ms,prolonged_blockage_terminated,0,1,U,0,3.0990,3.5063,0.002663,665.75
crm,f104_v2_group_0726_route_09,infeasible,nrd_policy_v2,soil_breakthrough_terminated,0,1,U,0,3.0398,2.7724,0.030129,715.09
crm,f104_v2_group_0726_route_10,feasible,pid_native,goal_reached,1,0,S,na,0.8185,3.4104,0.007602,860.37
crm,f104_v2_group_0726_route_10,feasible,pid_held_50ms,goal_reached,1,0,S,0,0.5620,2.0116,0.014261,587.67
crm,f104_v2_group_0726_route_10,feasible,nrd_policy_v2,goal_reached,1,0,S,0,0.4372,2.0285,0.033255,560.13
crm,f104_v2_group_0726_route_11,feasible,pid_native,goal_reached,1,0,S,na,0.7648,1.7710,0.015599,693.86
crm,f104_v2_group_0726_route_11,feasible,pid_held_50ms,prolonged_blockage_terminated,0,1,U,0,3.1931,5.0004,0.003665,452.47
crm,f104_v2_group_0726_route_11,feasible,nrd_policy_v2,prolonged_blockage_terminated,0,1,U,0,3.1223,4.9885,0.012250,963.94
crm,f104_v2_group_0734_route_00,infeasible,pid_native,soil_breakthrough_terminated,0,1,U,na,3.9439,1.4083,0.006060,630.81
crm,f104_v2_group_0734_route_00,infeasible,pid_held_50ms,prolonged_blockage_terminated,0,1,U,0,3.9461,1.7612,0.002849,805.44
crm,f104_v2_group_0734_route_00,infeasible,nrd_policy_v2,soil_breakthrough_terminated,0,1,U,0,3.8843,1.5308,0.177349,585.62
crm,f104_v2_group_0734_route_01,infeasible,pid_native,soil_breakthrough_terminated,0,1,U,na,3.6097,3.0926,0.005053,718.87
crm,f104_v2_group_0734_route_01,infeasible,pid_held_50ms,soil_breakthrough_terminated,0,1,U,0,3.6454,3.3525,0.003345,821.03
crm,f104_v2_group_0734_route_01,infeasible,nrd_policy_v2,soil_breakthrough_terminated,0,1,U,0,3.6573,3.1740,0.023274,700.07
crm,f104_v2_group_0734_route_02,infeasible,pid_native,prolonged_blockage_terminated,0,1,U,na,3.4795,5.6691,0.001245,730.17
crm,f104_v2_group_0734_route_02,infeasible,pid_held_50ms,soil_breakthrough_terminated,0,1,U,0,3.4682,4.8678,0.003972,687.05
crm,f104_v2_group_0734_route_02,infeasible,nrd_policy_v2,prolonged_blockage_terminated,0,1,U,0,3.4974,5.6733,0.008153,872.79
crm,f104_v2_group_0734_route_04,infeasible,pid_native,soil_breakthrough_terminated,0,1,U,na,3.7949,1.2573,0.008445,642.66
crm,f104_v2_group_0734_route_04,infeasible,pid_held_50ms,soil_breakthrough_terminated,0,1,U,0,3.7799,1.2290,0.008795,673.82
crm,f104_v2_group_0734_route_04,infeasible,nrd_policy_v2,soil_breakthrough_terminated,0,1,U,0,3.7071,1.0977,0.200537,521.35
crm,f104_v2_group_0734_route_05,infeasible,pid_native,soil_breakthrough_terminated,0,1,U,na,3.5433,2.7364,0.007586,519.96
crm,f104_v2_group_0734_route_05,infeasible,pid_held_50ms,soil_breakthrough_terminated,0,1,U,0,3.5015,2.8534,0.006503,558.93
crm,f104_v2_group_0734_route_05,infeasible,nrd_policy_v2,soil_breakthrough_terminated,0,1,U,0,3.5223,2.8980,0.029465,504.76
crm,f104_v2_group_0734_route_06,infeasible,pid_native,soil_breakthrough_terminated,0,1,U,na,3.5215,4.7888,0.006188,532.55
crm,f104_v2_group_0734_route_06,infeasible,pid_held_50ms,soil_breakthrough_terminated,0,1,U,0,3.5425,4.7622,0.006548,508.24
crm,f104_v2_group_0734_route_06,infeasible,nrd_policy_v2,soil_breakthrough_terminated,0,1,U,0,3.5523,4.6916,0.023537,474.38
crm,f104_v2_group_0734_route_07,infeasible,pid_native,soil_breakthrough_terminated,0,1,U,na,3.6487,3.3144,0.009320,630.24
crm,f104_v2_group_0734_route_07,infeasible,pid_held_50ms,soil_breakthrough_terminated,0,1,U,0,3.6507,3.3101,0.009182,618.57
crm,f104_v2_group_0734_route_07,infeasible,nrd_policy_v2,soil_breakthrough_terminated,0,1,U,0,3.5761,3.2926,0.035736,576.03
crm,f104_v2_group_0734_route_08,feasible,pid_native,goal_reached,1,0,S,na,0.5307,0.1677,0.011219,322.05
crm,f104_v2_group_0734_route_08,feasible,pid_held_50ms,goal_reached,1,0,S,0,0.5582,0.1761,0.011558,340.99
crm,f104_v2_group_0734_route_08,feasible,nrd_policy_v2,goal_reached,1,0,S,0,0.2546,0.5004,0.136135,527.42
crm,f104_v2_group_0734_route_09,feasible,pid_native,goal_reached,1,0,S,na,0.6265,0.4878,0.016022,390.49
crm,f104_v2_group_0734_route_09,feasible,pid_held_50ms,goal_reached,1,0,S,0,0.6297,0.4808,0.015969,394.09
crm,f104_v2_group_0734_route_09,feasible,nrd_policy_v2,goal_reached,1,0,S,0,0.2417,0.6316,0.068793,400.07
crm,f104_v2_group_0734_route_10,feasible,pid_native,goal_reached,1,0,S,na,0.6595,1.9451,0.014180,472.65
crm,f104_v2_group_0734_route_10,feasible,pid_held_50ms,goal_reached,1,0,S,0,0.6635,1.8959,0.014157,473.42
crm,f104_v2_group_0734_route_10,feasible,nrd_policy_v2,goal_reached,1,0,S,0,0.4694,1.7929,0.030607,455.40
crm,f104_v2_group_0747_route_01,infeasible,pid_native,soil_breakthrough_terminated,0,1,U,na,3.6187,2.8876,0.005023,514.91
crm,f104_v2_group_0747_route_01,infeasible,pid_held_50ms,soil_breakthrough_terminated,0,1,U,0,3.6166,2.7621,0.005173,485.77
crm,f104_v2_group_0747_route_01,infeasible,nrd_policy_v2,soil_breakthrough_terminated,0,1,U,0,3.4036,2.7091,0.026639,735.50
crm,f104_v2_group_0747_route_04,infeasible,pid_native,soil_breakthrough_terminated,0,1,U,na,3.9787,1.3455,0.006708,818.57
crm,f104_v2_group_0747_route_04,infeasible,pid_held_50ms,prolonged_blockage_terminated,0,1,U,0,3.9922,1.6807,0.003259,696.72
crm,f104_v2_group_0747_route_04,infeasible,nrd_policy_v2,soil_breakthrough_terminated,0,1,U,0,4.0015,1.5185,0.132989,716.45
crm,f104_v2_group_0747_route_06,infeasible,pid_native,prolonged_blockage_terminated,0,1,U,na,3.7626,5.6225,0.001598,465.64
crm,f104_v2_group_0747_route_06,infeasible,pid_held_50ms,prolonged_blockage_terminated,0,1,U,0,3.7360,5.6136,0.001452,435.60
crm,f104_v2_group_0747_route_06,infeasible,nrd_policy_v2,prolonged_blockage_terminated,0,1,U,0,3.8337,5.6326,0.005327,922.90
crm,f104_v2_group_0747_route_08,infeasible,pid_native,soil_breakthrough_terminated,0,1,U,na,3.9325,1.1715,0.007331,518.56
crm,f104_v2_group_0747_route_08,infeasible,pid_held_50ms,soil_breakthrough_terminated,0,1,U,0,3.9406,1.2005,0.007173,552.15
crm,f104_v2_group_0747_route_08,infeasible,nrd_policy_v2,soil_breakthrough_terminated,0,1,U,0,3.8369,1.3117,0.186478,605.48
crm,f104_v2_group_0747_route_09,infeasible,pid_native,soil_breakthrough_terminated,0,1,U,na,3.8392,3.0602,0.004632,593.95
crm,f104_v2_group_0747_route_09,infeasible,pid_held_50ms,soil_breakthrough_terminated,0,1,U,0,3.8330,2.9962,0.004696,554.83
crm,f104_v2_group_0747_route_09,infeasible,nrd_policy_v2,soil_breakthrough_terminated,0,1,U,0,3.7989,3.2904,0.024675,778.47
crm,f104_v2_group_0747_route_10,infeasible,pid_native,soil_breakthrough_terminated,0,1,U,na,3.6360,4.6233,0.004471,604.37
crm,f104_v2_group_0747_route_10,infeasible,pid_held_50ms,soil_breakthrough_terminated,0,1,U,0,3.6328,4.5980,0.004242,605.80
crm,f104_v2_group_0747_route_10,infeasible,nrd_policy_v2,soil_breakthrough_terminated,0,1,U,0,3.7980,5.1295,0.020277,600.78
crm,f104_v2_group_0747_route_11,infeasible,pid_native,soil_breakthrough_terminated,0,1,U,na,3.8407,3.3248,0.007174,773.83
crm,f104_v2_group_0747_route_11,infeasible,pid_held_50ms,soil_breakthrough_terminated,0,1,U,0,3.8603,3.4619,0.006704,687.14
crm,f104_v2_group_0747_route_11,infeasible,nrd_policy_v2,soil_breakthrough_terminated,0,1,U,0,3.8009,3.1589,0.038397,516.56
crm,f104_v2_group_0759_route_01,infeasible,pid_native,soil_breakthrough_terminated,0,1,U,na,1.8531,2.0383,0.009201,688.49
crm,f104_v2_group_0759_route_01,infeasible,pid_held_50ms,soil_breakthrough_terminated,0,1,U,0,1.8376,2.1471,0.011599,800.42
crm,f104_v2_group_0759_route_01,infeasible,nrd_policy_v2,soil_breakthrough_terminated,0,1,U,0,1.7227,2.3817,0.036934,856.20
crm,f104_v2_group_0759_route_05,infeasible,pid_native,soil_breakthrough_terminated,0,1,U,na,2.2375,2.4795,0.007257,707.75
crm,f104_v2_group_0759_route_05,infeasible,pid_held_50ms,soil_breakthrough_terminated,0,1,U,0,2.2257,2.2278,0.008065,612.21
crm,f104_v2_group_0759_route_05,infeasible,nrd_policy_v2,prolonged_blockage_terminated,0,1,U,0,2.3181,3.4180,0.013560,854.76
crm,f104_v2_group_0759_route_07,infeasible,pid_native,prolonged_blockage_terminated,0,1,U,na,2.0217,4.8491,0.004368,923.98
crm,f104_v2_group_0759_route_07,infeasible,pid_held_50ms,soil_breakthrough_terminated,0,1,U,0,2.0241,3.5138,0.008455,795.37
crm,f104_v2_group_0759_route_07,infeasible,nrd_policy_v2,soil_breakthrough_terminated,0,1,U,0,1.9917,3.2946,0.043681,877.56
crm,f104_v2_group_0759_route_09,infeasible,pid_native,soil_breakthrough_terminated,0,1,U,na,2.6516,2.6818,0.006386,863.66
crm,f104_v2_group_0759_route_09,infeasible,pid_held_50ms,soil_breakthrough_terminated,0,1,U,0,2.6379,2.6504,0.006732,897.04
crm,f104_v2_group_0759_route_09,infeasible,nrd_policy_v2,soil_breakthrough_terminated,0,1,U,0,2.4128,2.2310,0.031571,650.11
crm,f104_v2_group_0759_route_10,infeasible,pid_native,soil_breakthrough_terminated,0,1,U,na,2.4648,3.8366,0.005636,680.11
crm,f104_v2_group_0759_route_10,infeasible,pid_held_50ms,soil_breakthrough_terminated,0,1,U,0,2.4563,3.6700,0.005712,658.51
crm,f104_v2_group_0759_route_10,infeasible,nrd_policy_v2,soil_breakthrough_terminated,0,1,U,0,2.4508,3.8037,0.014413,692.42
crm,f104_v2_group_0759_route_11,infeasible,pid_native,soil_breakthrough_terminated,0,1,U,na,2.6853,4.4546,0.005741,1035.66
crm,f104_v2_group_0759_route_11,infeasible,pid_held_50ms,soil_breakthrough_terminated,0,1,U,0,2.6938,4.2256,0.006567,953.64
crm,f104_v2_group_0759_route_11,infeasible,nrd_policy_v2,soil_breakthrough_terminated,0,1,U,0,2.4589,3.0263,0.029043,671.05
crm,f104_v2_group_0765_route_00,infeasible,pid_native,soil_breakthrough_terminated,0,1,U,na,3.6046,0.9280,0.006381,786.66
crm,f104_v2_group_0765_route_00,infeasible,pid_held_50ms,soil_breakthrough_terminated,0,1,U,0,3.6061,0.8996,0.006800,672.53
crm,f104_v2_group_0765_route_00,infeasible,nrd_policy_v2,soil_breakthrough_terminated,0,1,U,0,3.5157,1.3141,0.210817,1169.08
crm,f104_v2_group_0765_route_01,feasible,pid_native,goal_reached,1,0,S,na,0.3335,0.5076,0.010752,592.64
crm,f104_v2_group_0765_route_01,feasible,pid_held_50ms,goal_reached,1,0,S,0,0.3230,0.5116,0.011029,585.24
crm,f104_v2_group_0765_route_01,feasible,nrd_policy_v2,goal_reached,1,0,S,0,0.0909,0.3557,0.070477,590.38
crm,f104_v2_group_0765_route_03,infeasible,pid_native,soil_breakthrough_terminated,0,1,U,na,3.3910,3.2847,0.006780,808.11
crm,f104_v2_group_0765_route_03,infeasible,pid_held_50ms,soil_breakthrough_terminated,0,1,U,0,3.3799,2.8558,0.007971,656.37
crm,f104_v2_group_0765_route_03,infeasible,nrd_policy_v2,goal_reached,1,0,S,0,0.1747,0.5464,0.055139,603.97
crm,f104_v2_group_0765_route_04,feasible,pid_native,goal_reached,1,0,S,na,0.3465,0.4070,0.008993,766.39
crm,f104_v2_group_0765_route_04,feasible,pid_held_50ms,goal_reached,1,0,S,0,0.3597,0.4072,0.009648,769.06
crm,f104_v2_group_0765_route_04,feasible,nrd_policy_v2,soil_breakthrough_terminated,0,1,U,0,3.3683,0.9120,0.161375,769.72
crm,f104_v2_group_0765_route_05,feasible,pid_native,goal_reached,1,0,S,na,0.3559,0.4447,0.012875,626.48
crm,f104_v2_group_0765_route_05,feasible,pid_held_50ms,goal_reached,1,0,S,0,0.3669,0.4187,0.012891,619.83
crm,f104_v2_group_0765_route_05,feasible,nrd_policy_v2,goal_reached,1,0,S,0,0.1522,0.4237,0.057376,686.36
crm,f104_v2_group_0765_route_08,infeasible,pid_native,soil_breakthrough_terminated,0,1,U,na,3.5199,1.0142,0.005647,754.38
crm,f104_v2_group_0765_route_08,infeasible,pid_held_50ms,soil_breakthrough_terminated,0,1,U,0,3.5235,1.0063,0.005792,820.38
crm,f104_v2_group_0765_route_08,infeasible,nrd_policy_v2,soil_breakthrough_terminated,0,1,U,0,3.3673,0.8694,0.151522,686.56
crm,f104_v2_group_0765_route_09,feasible,pid_native,goal_reached,1,0,S,na,0.3455,0.4206,0.011093,575.08
crm,f104_v2_group_0765_route_09,feasible,pid_held_50ms,goal_reached,1,0,S,0,0.3634,0.4858,0.009660,574.13
crm,f104_v2_group_0765_route_09,feasible,nrd_policy_v2,goal_reached,1,0,S,0,0.1249,0.3858,0.065292,574.48
crm,f104_v2_group_0765_route_10,feasible,pid_native,goal_reached,1,0,S,na,0.3567,1.1120,0.012114,575.78
crm,f104_v2_group_0765_route_10,feasible,pid_held_50ms,goal_reached,1,0,S,0,0.3563,1.1611,0.011851,578.99
crm,f104_v2_group_0765_route_10,feasible,nrd_policy_v2,goal_reached,1,0,S,0,0.1836,0.9582,0.041943,574.60
crm,f104_v2_group_0796_route_00,infeasible,pid_native,soil_breakthrough_terminated,0,1,U,na,3.0115,0.7461,0.009068,493.77
crm,f104_v2_group_0796_route_00,infeasible,pid_held_50ms,soil_breakthrough_terminated,0,1,U,0,3.0152,0.9254,0.007972,583.19
crm,f104_v2_group_0796_route_00,infeasible,nrd_policy_v2,soil_breakthrough_terminated,0,1,U,0,2.9054,0.7565,0.139052,548.67
crm,f104_v2_group_0796_route_02,feasible,pid_native,goal_reached,1,0,S,na,0.2320,2.3281,0.012637,571.13
crm,f104_v2_group_0796_route_02,feasible,pid_held_50ms,goal_reached,1,0,S,0,0.1792,2.2936,0.014071,582.68
crm,f104_v2_group_0796_route_02,feasible,nrd_policy_v2,goal_reached,1,0,S,0,0.1351,2.3386,0.039782,596.78
crm,f104_v2_group_0796_route_04,infeasible,pid_native,soil_breakthrough_terminated,0,1,U,na,3.2320,0.9841,0.007473,483.47
crm,f104_v2_group_0796_route_04,infeasible,pid_held_50ms,soil_breakthrough_terminated,0,1,U,0,3.2397,0.9775,0.007611,475.03
crm,f104_v2_group_0796_route_04,infeasible,nrd_policy_v2,soil_breakthrough_terminated,0,1,U,0,3.2024,1.2062,0.153662,599.13
crm,f104_v2_group_0796_route_05,infeasible,pid_native,prolonged_blockage_terminated,0,1,U,na,2.9318,3.4687,0.002682,770.71
crm,f104_v2_group_0796_route_05,infeasible,pid_held_50ms,soil_breakthrough_terminated,0,1,U,0,2.8965,3.4033,0.002712,782.79
crm,f104_v2_group_0796_route_05,infeasible,nrd_policy_v2,soil_breakthrough_terminated,0,1,U,0,2.8697,2.2514,0.035368,632.92
crm,f104_v2_group_0796_route_06,feasible,pid_native,goal_reached,1,0,S,na,0.8367,2.5892,0.008679,753.35
crm,f104_v2_group_0796_route_06,feasible,pid_held_50ms,goal_reached,1,0,S,0,0.8414,2.6859,0.007928,780.16
crm,f104_v2_group_0796_route_06,feasible,nrd_policy_v2,soil_breakthrough_terminated,0,1,U,0,2.5419,4.1780,0.019813,797.77
crm,f104_v2_group_0796_route_07,infeasible,pid_native,prolonged_blockage_terminated,0,1,U,na,2.8243,4.8965,0.003928,742.60
crm,f104_v2_group_0796_route_07,infeasible,pid_held_50ms,soil_breakthrough_terminated,0,1,U,0,2.8331,3.3681,0.008922,711.32
crm,f104_v2_group_0796_route_07,infeasible,nrd_policy_v2,prolonged_blockage_terminated,0,1,U,0,2.6456,4.8228,0.014515,1020.41
crm,f104_v2_group_0796_route_10,infeasible,pid_native,prolonged_blockage_terminated,0,1,U,na,2.8840,5.4386,0.001949,900.43
crm,f104_v2_group_0796_route_10,infeasible,pid_held_50ms,soil_breakthrough_terminated,0,1,U,0,2.9065,5.1821,0.002990,1096.79
crm,f104_v2_group_0796_route_10,infeasible,nrd_policy_v2,prolonged_blockage_terminated,0,1,U,0,2.8225,5.4366,0.008668,967.52
crm,f104_v2_group_0819_route_02,infeasible,pid_native,soil_breakthrough_terminated,0,1,U,na,2.9266,4.2463,0.005656,695.73
crm,f104_v2_group_0819_route_02,infeasible,pid_held_50ms,soil_breakthrough_terminated,0,1,U,0,2.9175,4.3255,0.005191,748.24
crm,f104_v2_group_0819_route_02,infeasible,nrd_policy_v2,soil_breakthrough_terminated,0,1,U,0,2.9032,4.6248,0.016906,767.15
crm,f104_v2_group_0819_route_03,infeasible,pid_native,soil_breakthrough_terminated,0,1,U,na,3.1520,3.3191,0.008176,527.41
crm,f104_v2_group_0819_route_03,infeasible,pid_held_50ms,soil_breakthrough_terminated,0,1,U,0,3.1479,3.2072,0.008769,591.76
crm,f104_v2_group_0819_route_03,infeasible,nrd_policy_v2,soil_breakthrough_terminated,0,1,U,0,3.0933,3.6550,0.041010,586.33
crm,f104_v2_group_0819_route_05,feasible,pid_native,goal_reached,1,0,S,na,0.9579,0.9462,0.013247,748.44
crm,f104_v2_group_0819_route_05,feasible,pid_held_50ms,goal_reached,1,0,S,0,0.9161,1.0418,0.012458,782.10
crm,f104_v2_group_0819_route_05,feasible,nrd_policy_v2,goal_reached,1,0,S,0,0.8812,1.0394,0.045558,836.58
crm,f104_v2_group_0819_route_06,infeasible,pid_native,goal_reached,1,0,S,na,0.9591,2.1204,0.009470,736.30
crm,f104_v2_group_0819_route_06,infeasible,pid_held_50ms,goal_reached,1,0,S,0,0.8830,2.3931,0.008383,792.04
crm,f104_v2_group_0819_route_06,infeasible,nrd_policy_v2,goal_reached,1,0,S,0,1.0055,2.0646,0.029423,722.57
crm,f104_v2_group_0819_route_07,feasible,pid_native,goal_reached,1,0,S,na,0.9148,2.0550,0.012024,855.27
crm,f104_v2_group_0819_route_07,feasible,pid_held_50ms,soil_breakthrough_terminated,0,1,U,0,2.2606,4.0184,0.005384,1441.26
crm,f104_v2_group_0819_route_07,feasible,nrd_policy_v2,goal_reached,1,0,S,0,0.8860,2.0821,0.045888,875.59
crm,f104_v2_group_0819_route_08,infeasible,pid_native,soil_breakthrough_terminated,0,1,U,na,3.3202,1.0176,0.008530,688.92
crm,f104_v2_group_0819_route_08,infeasible,pid_held_50ms,soil_breakthrough_terminated,0,1,U,0,3.3169,0.9292,0.009322,607.24
crm,f104_v2_group_0819_route_08,infeasible,nrd_policy_v2,soil_breakthrough_terminated,0,1,U,0,3.1557,0.8904,0.178240,600.30
crm,f104_v2_group_0819_route_10,infeasible,pid_native,soil_breakthrough_terminated,0,1,U,na,2.9071,4.5487,0.004129,855.29
crm,f104_v2_group_0819_route_10,infeasible,pid_held_50ms,soil_breakthrough_terminated,0,1,U,0,3.2057,4.7305,0.005506,635.88
crm,f104_v2_group_0819_route_10,infeasible,nrd_policy_v2,soil_breakthrough_terminated,0,1,U,0,2.8317,4.4625,0.020517,808.66
crm,f104_v2_group_0819_route_11,infeasible,pid_native,soil_breakthrough_terminated,0,1,U,na,3.2048,3.2666,0.008977,562.31
crm,f104_v2_group_0819_route_11,infeasible,pid_held_50ms,soil_breakthrough_terminated,0,1,U,0,3.2079,3.3649,0.008608,571.10
crm,f104_v2_group_0819_route_11,infeasible,nrd_policy_v2,soil_breakthrough_terminated,0,1,U,0,3.1332,3.1416,0.056452,527.18
crm,f104_v2_group_0844_route_00,infeasible,pid_native,soil_breakthrough_terminated,0,1,U,na,3.9276,1.6459,0.002874,895.61
crm,f104_v2_group_0844_route_00,infeasible,pid_held_50ms,soil_breakthrough_terminated,0,1,U,0,3.8891,1.4528,0.004194,879.20
crm,f104_v2_group_0844_route_00,infeasible,nrd_policy_v2,soil_breakthrough_terminated,0,1,U,0,3.3633,1.1198,0.187922,580.27
crm,f104_v2_group_0844_route_02,infeasible,pid_native,soil_breakthrough_terminated,0,1,U,na,3.0453,4.3185,0.003372,812.96
crm,f104_v2_group_0844_route_02,infeasible,pid_held_50ms,soil_breakthrough_terminated,0,1,U,0,3.0322,4.1131,0.003715,759.85
crm,f104_v2_group_0844_route_02,infeasible,nrd_policy_v2,soil_breakthrough_terminated,0,1,U,0,2.9762,4.6358,0.015543,914.12
crm,f104_v2_group_0844_route_03,infeasible,pid_native,soil_breakthrough_terminated,0,1,U,na,3.4595,4.0895,0.005307,1022.05
crm,f104_v2_group_0844_route_03,infeasible,pid_held_50ms,soil_breakthrough_terminated,0,1,U,0,3.4234,3.7743,0.006068,901.21
crm,f104_v2_group_0844_route_03,infeasible,nrd_policy_v2,soil_breakthrough_terminated,0,1,U,0,3.4174,4.0355,0.041083,938.31
crm,f104_v2_group_0844_route_04,infeasible,pid_native,soil_breakthrough_terminated,0,1,U,na,3.4733,1.3330,0.005434,1122.40
crm,f104_v2_group_0844_route_04,infeasible,pid_held_50ms,soil_breakthrough_terminated,0,1,U,0,3.7391,1.2421,0.006031,811.93
crm,f104_v2_group_0844_route_04,infeasible,nrd_policy_v2,soil_breakthrough_terminated,0,1,U,0,3.2368,1.1537,0.218703,741.26
crm,f104_v2_group_0844_route_06,infeasible,pid_native,soil_breakthrough_terminated,0,1,U,na,3.0806,5.0572,0.002647,1269.64
crm,f104_v2_group_0844_route_06,infeasible,pid_held_50ms,soil_breakthrough_terminated,0,1,U,0,3.0340,4.9451,0.002603,1037.63
crm,f104_v2_group_0844_route_06,infeasible,nrd_policy_v2,soil_breakthrough_terminated,0,1,U,0,3.0380,4.6000,0.021176,884.27
crm,f104_v2_group_0844_route_07,infeasible,pid_native,prolonged_blockage_terminated,0,1,U,na,3.4392,4.8348,0.003407,1262.85
crm,f104_v2_group_0844_route_07,infeasible,pid_held_50ms,soil_breakthrough_terminated,0,1,U,0,3.4559,4.3674,0.004426,1185.15
crm,f104_v2_group_0844_route_07,infeasible,nrd_policy_v2,soil_breakthrough_terminated,0,1,U,0,3.2499,3.7527,0.051665,801.17
crm,f104_v2_group_0844_route_09,infeasible,pid_native,soil_breakthrough_terminated,0,1,U,na,3.0277,3.1348,0.004162,981.42
crm,f104_v2_group_0844_route_09,infeasible,pid_held_50ms,soil_breakthrough_terminated,0,1,U,0,2.9951,2.9111,0.004989,953.52
crm,f104_v2_group_0844_route_09,infeasible,nrd_policy_v2,soil_breakthrough_terminated,0,1,U,0,2.9761,2.9908,0.033705,977.65
crm,f104_v2_group_0844_route_11,infeasible,pid_native,soil_breakthrough_terminated,0,1,U,na,2.8710,4.4466,0.005020,1035.31
crm,f104_v2_group_0844_route_11,infeasible,pid_held_50ms,prolonged_blockage_terminated,0,1,U,0,2.9065,4.8179,0.003891,915.99
crm,f104_v2_group_0844_route_11,infeasible,nrd_policy_v2,soil_breakthrough_terminated,0,1,U,0,2.7404,4.4901,0.027852,1043.26
crm,f104_v2_group_0856_route_01,infeasible,pid_native,soil_breakthrough_terminated,0,1,U,na,4.0638,2.8906,0.008725,704.85
crm,f104_v2_group_0856_route_01,infeasible,pid_held_50ms,soil_breakthrough_terminated,0,1,U,0,4.0684,2.7933,0.009317,610.89
crm,f104_v2_group_0856_route_01,infeasible,nrd_policy_v2,soil_breakthrough_terminated,0,1,U,0,3.9251,2.6673,0.030785,690.44
crm,f104_v2_group_0856_route_02,infeasible,pid_native,soil_breakthrough_terminated,0,1,U,na,3.8807,4.6614,0.006721,719.11
crm,f104_v2_group_0856_route_02,infeasible,pid_held_50ms,soil_breakthrough_terminated,0,1,U,0,3.9359,4.4404,0.006971,593.22
crm,f104_v2_group_0856_route_02,infeasible,nrd_policy_v2,soil_breakthrough_terminated,0,1,U,0,3.8321,4.5531,0.021841,685.20
crm,f104_v2_group_0856_route_03,infeasible,pid_native,soil_breakthrough_terminated,0,1,U,na,4.8371,1.8279,0.003020,1089.36
crm,f104_v2_group_0856_route_03,infeasible,pid_held_50ms,soil_breakthrough_terminated,0,1,U,0,4.0374,2.5800,0.006895,1093.82
crm,f104_v2_group_0856_route_03,infeasible,nrd_policy_v2,soil_breakthrough_terminated,0,1,U,0,4.8799,1.6787,0.049213,602.19
crm,f104_v2_group_0856_route_04,infeasible,pid_native,soil_breakthrough_terminated,0,1,U,na,4.0427,1.2684,0.010105,647.95
crm,f104_v2_group_0856_route_04,infeasible,pid_held_50ms,soil_breakthrough_terminated,0,1,U,0,3.9277,0.9789,0.012520,466.01
crm,f104_v2_group_0856_route_04,infeasible,nrd_policy_v2,soil_breakthrough_terminated,0,1,U,0,3.5591,1.3233,0.178229,749.43
crm,f104_v2_group_0856_route_06,infeasible,pid_native,prolonged_blockage_terminated,0,1,U,na,3.1034,5.4299,0.002753,1102.69
crm,f104_v2_group_0856_route_06,infeasible,pid_held_50ms,prolonged_blockage_terminated,0,1,U,0,3.1067,5.4278,0.002890,725.44
crm,f104_v2_group_0856_route_06,infeasible,nrd_policy_v2,prolonged_blockage_terminated,0,1,U,0,3.1325,5.4425,0.005965,1039.15
crm,f104_v2_group_0856_route_07,infeasible,pid_native,soil_breakthrough_terminated,0,1,U,na,3.6110,3.6756,0.009830,549.58
crm,f104_v2_group_0856_route_07,infeasible,pid_held_50ms,soil_breakthrough_terminated,0,1,U,0,3.6606,3.7247,0.010196,613.61
crm,f104_v2_group_0856_route_07,infeasible,nrd_policy_v2,prolonged_blockage_terminated,0,1,U,0,3.2968,5.0160,0.013845,1315.00
crm,f104_v2_group_0856_route_08,infeasible,pid_native,prolonged_blockage_terminated,0,1,U,na,5.0025,1.9039,0.002132,568.04
crm,f104_v2_group_0856_route_08,infeasible,pid_held_50ms,prolonged_blockage_terminated,0,1,U,0,4.9911,1.8980,0.002051,500.93
crm,f104_v2_group_0856_route_08,infeasible,nrd_policy_v2,soil_breakthrough_terminated,0,1,U,0,4.9633,1.6994,0.106992,424.02
crm,f104_v2_group_0856_route_09,infeasible,pid_native,soil_breakthrough_terminated,0,1,U,na,4.3619,3.2632,0.004299,890.15
crm,f104_v2_group_0856_route_09,infeasible,pid_held_50ms,prolonged_blockage_terminated,0,1,U,0,4.7739,3.8393,0.001161,594.78
crm,f104_v2_group_0856_route_09,infeasible,nrd_policy_v2,soil_breakthrough_terminated,0,1,U,0,4.4383,3.2717,0.018886,956.84
crm,f104_v2_group_0856_route_10,infeasible,pid_native,soil_breakthrough_terminated,0,1,U,na,4.3619,5.2632,0.004299,890.15
crm,f104_v2_group_0856_route_10,infeasible,pid_held_50ms,prolonged_blockage_terminated,0,1,U,0,4.7739,5.8393,0.001161,594.78
crm,f104_v2_group_0856_route_10,infeasible,nrd_policy_v2,soil_breakthrough_terminated,0,1,U,0,4.4299,5.3330,0.010341,1074.13
crm,f104_v2_group_0860_route_00,infeasible,pid_native,soil_breakthrough_terminated,0,1,U,na,2.5096,1.0079,0.008366,741.11
crm,f104_v2_group_0860_route_00,infeasible,pid_held_50ms,soil_breakthrough_terminated,0,1,U,0,2.5070,1.1006,0.007537,888.62
crm,f104_v2_group_0860_route_00,infeasible,nrd_policy_v2,soil_breakthrough_terminated,0,1,U,0,2.8843,1.1766,0.083123,407.06
crm,f104_v2_group_0860_route_01,infeasible,pid_native,soil_breakthrough_terminated,0,1,U,na,2.0556,1.9595,0.010825,650.71
crm,f104_v2_group_0860_route_01,infeasible,pid_held_50ms,soil_breakthrough_terminated,0,1,U,0,2.2734,2.1974,0.010450,519.97
crm,f104_v2_group_0860_route_01,infeasible,nrd_policy_v2,soil_breakthrough_terminated,0,1,U,0,1.9469,2.1468,0.046602,724.31
crm,f104_v2_group_0860_route_03,infeasible,pid_native,soil_breakthrough_terminated,0,1,U,na,2.0619,3.1431,0.012355,842.98
crm,f104_v2_group_0860_route_03,infeasible,pid_held_50ms,soil_breakthrough_terminated,0,1,U,0,2.1011,2.5823,0.015179,630.50
crm,f104_v2_group_0860_route_03,infeasible,nrd_policy_v2,goal_reached,1,0,S,0,0.3247,0.5417,0.047811,494.18
crm,f104_v2_group_0860_route_04,infeasible,pid_native,prolonged_blockage_terminated,0,1,U,na,2.3551,1.2942,0.004736,702.92
crm,f104_v2_group_0860_route_04,infeasible,pid_held_50ms,prolonged_blockage_terminated,0,1,U,0,2.3270,1.2847,0.004711,682.60
crm,f104_v2_group_0860_route_04,infeasible,nrd_policy_v2,goal_reached,1,0,S,0,0.1306,0.2149,0.051873,316.76
crm,f104_v2_group_0860_route_07,feasible,pid_native,goal_reached,1,0,S,na,0.2854,0.3388,0.017613,364.39
crm,f104_v2_group_0860_route_07,feasible,pid_held_50ms,goal_reached,1,0,S,0,0.2870,0.3402,0.017118,363.99
crm,f104_v2_group_0860_route_07,feasible,nrd_policy_v2,goal_reached,1,0,S,0,0.2098,0.2979,0.048022,349.60
crm,f104_v2_group_0860_route_08,infeasible,pid_native,soil_breakthrough_terminated,0,1,U,na,2.9257,0.6688,0.010582,471.90
crm,f104_v2_group_0860_route_08,infeasible,pid_held_50ms,soil_breakthrough_terminated,0,1,U,0,2.7967,0.9852,0.007912,758.06
crm,f104_v2_group_0860_route_08,infeasible,nrd_policy_v2,soil_breakthrough_terminated,0,1,U,0,2.9446,0.7128,0.077822,377.82
crm,f104_v2_group_0860_route_09,infeasible,pid_native,soil_breakthrough_terminated,0,1,U,na,2.2081,2.1297,0.009767,727.39
crm,f104_v2_group_0860_route_09,infeasible,pid_held_50ms,soil_breakthrough_terminated,0,1,U,0,2.2314,2.1138,0.010772,772.53
crm,f104_v2_group_0860_route_09,infeasible,nrd_policy_v2,goal_reached,1,0,S,0,0.3892,0.8942,0.046840,676.64
crm,f104_v2_group_0860_route_11,feasible,pid_native,goal_reached,1,0,S,na,0.6206,1.0471,0.015969,616.54
crm,f104_v2_group_0860_route_11,feasible,pid_held_50ms,goal_reached,1,0,S,0,0.6275,0.8984,0.016234,573.64
crm,f104_v2_group_0860_route_11,feasible,nrd_policy_v2,goal_reached,1,0,S,0,0.5129,0.9492,0.052396,583.64
crm,f104_v2_group_0877_route_00,infeasible,pid_native,soil_breakthrough_terminated,0,1,U,na,4.0049,1.3785,0.010472,831.38
crm,f104_v2_group_0877_route_00,infeasible,pid_held_50ms,soil_breakthrough_terminated,0,1,U,0,4.0331,1.5237,0.007416,942.34
crm,f104_v2_group_0877_route_00,infeasible,nrd_policy_v2,soil_breakthrough_terminated,0,1,U,0,4.5617,1.7710,0.067127,269.64
crm,f104_v2_group_0877_route_01,infeasible,pid_native,soil_breakthrough_terminated,0,1,U,na,3.8546,3.2969,0.007054,911.01
crm,f104_v2_group_0877_route_01,infeasible,pid_held_50ms,soil_breakthrough_terminated,0,1,U,0,3.8415,3.5126,0.005161,1091.68
crm,f104_v2_group_0877_route_01,infeasible,nrd_policy_v2,soil_breakthrough_terminated,0,1,U,0,3.7418,2.9730,0.040076,558.74
crm,f104_v2_group_0877_route_02,infeasible,pid_native,soil_breakthrough_terminated,0,1,U,na,3.8428,5.1626,0.005994,799.47
crm,f104_v2_group_0877_route_02,infeasible,pid_held_50ms,soil_breakthrough_terminated,0,1,U,0,3.8062,5.4138,0.004814,1046.17
crm,f104_v2_group_0877_route_02,infeasible,nrd_policy_v2,soil_breakthrough_terminated,0,1,U,0,3.6879,5.2293,0.018858,919.02
crm,f104_v2_group_0877_route_03,infeasible,pid_native,soil_breakthrough_terminated,0,1,U,na,4.0079,2.8484,0.008956,791.88
crm,f104_v2_group_0877_route_03,infeasible,pid_held_50ms,soil_breakthrough_terminated,0,1,U,0,3.9685,3.2681,0.006974,841.00
crm,f104_v2_group_0877_route_03,infeasible,nrd_policy_v2,soil_breakthrough_terminated,0,1,U,0,4.6304,1.8558,0.030299,167.43
crm,f104_v2_group_0877_route_05,infeasible,pid_native,soil_breakthrough_terminated,0,1,U,na,3.9190,3.3036,0.004971,727.88
crm,f104_v2_group_0877_route_05,infeasible,pid_held_50ms,soil_breakthrough_terminated,0,1,U,0,3.9406,3.1594,0.006317,719.31
crm,f104_v2_group_0877_route_05,infeasible,nrd_policy_v2,soil_breakthrough_terminated,0,1,U,0,3.9952,3.2946,0.020903,557.34
crm,f104_v2_group_0877_route_06,infeasible,pid_native,soil_breakthrough_terminated,0,1,U,na,3.9162,5.2983,0.004687,714.08
crm,f104_v2_group_0877_route_06,infeasible,pid_held_50ms,prolonged_blockage_terminated,0,1,U,0,3.9328,5.7238,0.001883,784.19
crm,f104_v2_group_0877_route_06,infeasible,nrd_policy_v2,soil_breakthrough_terminated,0,1,U,0,4.0004,5.6411,0.009144,1092.50
crm,f104_v2_group_0877_route_10,infeasible,pid_native,soil_breakthrough_terminated,0,1,U,na,3.5665,5.4101,0.006519,1305.78
crm,f104_v2_group_0877_route_10,infeasible,pid_held_50ms,soil_breakthrough_terminated,0,1,U,0,3.6054,4.8319,0.008068,651.11
crm,f104_v2_group_0877_route_10,infeasible,nrd_policy_v2,goal_reached,1,0,S,0,0.3440,2.7259,0.029410,729.53
crm,f104_v2_group_0877_route_11,infeasible,pid_native,soil_breakthrough_terminated,0,1,U,na,3.6056,3.3876,0.015613,455.81
crm,f104_v2_group_0877_route_11,infeasible,pid_held_50ms,soil_breakthrough_terminated,0,1,U,0,3.6050,2.9610,0.017618,377.24
crm,f104_v2_group_0877_route_11,infeasible,nrd_policy_v2,soil_breakthrough_terminated,0,1,U,0,2.8733,3.5495,0.035237,763.93
crm,f104_v2_group_0888_route_00,feasible,pid_native,goal_reached,1,0,S,na,0.4162,0.3429,0.010116,471.16
crm,f104_v2_group_0888_route_00,feasible,pid_held_50ms,goal_reached,1,0,S,0,0.4446,0.4185,0.010459,517.93
crm,f104_v2_group_0888_route_00,feasible,nrd_policy_v2,goal_reached,1,0,S,0,0.2395,0.3640,0.100511,464.93
crm,f104_v2_group_0888_route_01,feasible,pid_native,goal_reached,1,0,S,na,0.4137,0.8190,0.011064,453.76
crm,f104_v2_group_0888_route_01,feasible,pid_held_50ms,goal_reached,1,0,S,0,0.4122,1.0572,0.010867,409.79
crm,f104_v2_group_0888_route_01,feasible,nrd_policy_v2,goal_reached,1,0,S,0,0.1847,0.8255,0.046810,485.64
crm,f104_v2_group_0888_route_03,feasible,pid_native,goal_reached,1,0,S,na,0.4205,1.6234,0.013746,486.18
crm,f104_v2_group_0888_route_03,feasible,pid_held_50ms,goal_reached,1,0,S,0,0.4375,1.8220,0.013349,519.12
crm,f104_v2_group_0888_route_03,feasible,nrd_policy_v2,goal_reached,1,0,S,0,0.2325,1.2347,0.051864,454.34
crm,f104_v2_group_0888_route_04,feasible,pid_native,goal_reached,1,0,S,na,0.3888,0.1605,0.010035,407.48
crm,f104_v2_group_0888_route_04,feasible,pid_held_50ms,goal_reached,1,0,S,0,0.3986,0.1549,0.010119,420.01
crm,f104_v2_group_0888_route_04,feasible,nrd_policy_v2,goal_reached,1,0,S,0,0.2695,0.1832,0.061209,384.58
crm,f104_v2_group_0888_route_06,feasible,pid_native,goal_reached,1,0,S,na,0.5289,2.2656,0.010440,479.06
crm,f104_v2_group_0888_route_06,feasible,pid_held_50ms,goal_reached,1,0,S,0,0.5270,2.2990,0.009950,485.23
crm,f104_v2_group_0888_route_06,feasible,nrd_policy_v2,goal_reached,1,0,S,0,0.3867,1.7508,0.033109,515.57
crm,f104_v2_group_0888_route_07,feasible,pid_native,goal_reached,1,0,S,na,0.5093,0.9149,0.015967,445.45
crm,f104_v2_group_0888_route_07,feasible,pid_held_50ms,goal_reached,1,0,S,0,0.4699,1.2298,0.015317,421.72
crm,f104_v2_group_0888_route_07,feasible,nrd_policy_v2,goal_reached,1,0,S,0,0.2883,0.9998,0.059483,386.21
crm,f104_v2_group_0888_route_09,feasible,pid_native,goal_reached,1,0,S,na,0.3649,0.9674,0.011960,369.96
crm,f104_v2_group_0888_route_09,feasible,pid_held_50ms,goal_reached,1,0,S,0,0.3719,1.0149,0.011677,386.51
crm,f104_v2_group_0888_route_09,feasible,nrd_policy_v2,goal_reached,1,0,S,0,0.1503,0.9233,0.045111,391.56
crm,f104_v2_group_0914_route_00,infeasible,pid_native,soil_breakthrough_terminated,0,1,U,na,2.9511,1.1948,0.005535,665.74
crm,f104_v2_group_0914_route_00,infeasible,pid_held_50ms,soil_breakthrough_terminated,0,1,U,0,2.9642,1.3161,0.005161,861.97
crm,f104_v2_group_0914_route_00,infeasible,nrd_policy_v2,soil_breakthrough_terminated,0,1,U,0,2.7910,1.1859,0.201223,705.76
crm,f104_v2_group_0914_route_01,infeasible,pid_native,soil_breakthrough_terminated,0,1,U,na,2.3707,2.8879,0.004353,939.42
crm,f104_v2_group_0914_route_01,infeasible,pid_held_50ms,soil_breakthrough_terminated,0,1,U,0,2.3514,3.2842,0.003068,1163.83
crm,f104_v2_group_0914_route_01,infeasible,nrd_policy_v2,soil_breakthrough_terminated,0,1,U,0,2.2516,2.5331,0.029450,771.84
crm,f104_v2_group_0914_route_02,infeasible,pid_native,prolonged_blockage_terminated,0,1,U,na,2.1750,5.4550,0.001365,1046.51
crm,f104_v2_group_0914_route_02,infeasible,pid_held_50ms,soil_breakthrough_terminated,0,1,U,0,2.1191,4.6556,0.002794,975.44
crm,f104_v2_group_0914_route_02,infeasible,nrd_policy_v2,soil_breakthrough_terminated,0,1,U,0,2.2441,4.7483,0.016385,940.62
crm,f104_v2_group_0914_route_05,infeasible,pid_native,soil_breakthrough_terminated,0,1,U,na,2.7488,2.4342,0.007700,522.53
crm,f104_v2_group_0914_route_05,infeasible,pid_held_50ms,goal_reached,1,0,S,0,0.4772,1.2462,0.020182,590.28
crm,f104_v2_group_0914_route_05,infeasible,nrd_policy_v2,goal_reached,1,0,S,0,0.2189,1.1388,0.058335,587.96
crm,f104_v2_group_0914_route_06,feasible,pid_native,goal_reached,1,0,S,na,0.3710,2.4674,0.018493,520.11
crm,f104_v2_group_0914_route_06,feasible,pid_held_50ms,goal_reached,1,0,S,0,0.3625,2.5012,0.018440,522.77
crm,f104_v2_group_0914_route_06,feasible,nrd_policy_v2,goal_reached,1,0,S,0,0.3231,2.4133,0.034116,534.73
crm,f104_v2_group_0914_route_07,infeasible,pid_native,soil_breakthrough_terminated,0,1,U,na,2.6675,3.4258,0.010801,586.87
crm,f104_v2_group_0914_route_07,infeasible,pid_held_50ms,soil_breakthrough_terminated,0,1,U,0,2.7114,3.5525,0.009779,635.89
crm,f104_v2_group_0914_route_07,infeasible,nrd_policy_v2,soil_breakthrough_terminated,0,1,U,0,2.6970,3.1849,0.044744,527.47
crm,f104_v2_group_0914_route_08,infeasible,pid_native,prolonged_blockage_terminated,0,1,U,na,2.9725,1.5963,0.003512,780.83
crm,f104_v2_group_0914_route_08,infeasible,pid_held_50ms,prolonged_blockage_terminated,0,1,U,0,2.9343,1.5882,0.003362,977.97
crm,f104_v2_group_0914_route_08,infeasible,nrd_policy_v2,soil_breakthrough_terminated,0,1,U,0,2.9456,1.5076,0.162879,777.98
crm,f104_v2_group_0914_route_09,feasible,pid_native,goal_reached,1,0,S,na,0.5822,1.0921,0.013077,508.25
crm,f104_v2_group_0914_route_09,feasible,pid_held_50ms,goal_reached,1,0,S,0,0.5824,1.0307,0.013740,496.22
crm,f104_v2_group_0914_route_09,feasible,nrd_policy_v2,goal_reached,1,0,S,0,0.4554,0.8835,0.054273,494.48
crm,f104_v2_group_0914_route_10,feasible,pid_native,goal_reached,1,0,S,na,0.5785,2.5129,0.012519,504.65
crm,f104_v2_group_0914_route_10,feasible,pid_held_50ms,goal_reached,1,0,S,0,0.5870,2.5346,0.011559,510.03
crm,f104_v2_group_0914_route_10,feasible,nrd_policy_v2,goal_reached,1,0,S,0,0.5173,2.2582,0.026345,471.93
crm,f104_v2_group_0964_route_00,infeasible,pid_native,soil_breakthrough_terminated,0,1,U,na,3.7807,1.2008,0.007872,506.74
crm,f104_v2_group_0964_route_00,infeasible,pid_held_50ms,soil_breakthrough_terminated,0,1,U,0,3.8129,1.1605,0.009789,439.83
crm,f104_v2_group_0964_route_00,infeasible,nrd_policy_v2,soil_breakthrough_terminated,0,1,U,0,3.7636,1.2104,0.160133,474.10
crm,f104_v2_group_0964_route_02,feasible,pid_native,goal_reached,1,0,S,na,0.8681,2.7290,0.008100,777.81
crm,f104_v2_group_0964_route_02,feasible,pid_held_50ms,goal_reached,1,0,S,0,0.7976,2.3722,0.011002,652.04
crm,f104_v2_group_0964_route_02,feasible,nrd_policy_v2,goal_reached,1,0,S,0,0.5269,2.4338,0.028612,638.79
crm,f104_v2_group_0964_route_04,infeasible,pid_native,prolonged_blockage_terminated,0,1,U,na,0.9106,1.0953,0.006014,986.83
crm,f104_v2_group_0964_route_04,infeasible,pid_held_50ms,prolonged_blockage_terminated,0,1,U,0,0.9134,1.0472,0.005653,913.84
crm,f104_v2_group_0964_route_04,infeasible,nrd_policy_v2,soil_breakthrough_terminated,0,1,U,0,3.1565,1.2838,0.157684,788.52
crm,f104_v2_group_0964_route_06,feasible,pid_native,goal_reached,1,0,S,na,0.6550,1.6695,0.011921,524.42
crm,f104_v2_group_0964_route_06,feasible,pid_held_50ms,goal_reached,1,0,S,0,0.6578,1.6152,0.011909,525.57
crm,f104_v2_group_0964_route_06,feasible,nrd_policy_v2,goal_reached,1,0,S,0,0.5451,1.5946,0.025211,539.18
crm,f104_v2_group_0964_route_07,feasible,pid_native,goal_reached,1,0,S,na,0.5965,1.7795,0.012069,618.36
crm,f104_v2_group_0964_route_07,feasible,pid_held_50ms,goal_reached,1,0,S,0,0.6039,1.7467,0.012169,575.62
crm,f104_v2_group_0964_route_07,feasible,nrd_policy_v2,prolonged_blockage_terminated,0,1,U,1,0.6019,1.8133,0.010585,613.53
crm,f104_v2_group_0964_route_08,infeasible,pid_native,soil_breakthrough_terminated,0,1,U,na,3.6553,1.2206,0.008125,663.65
crm,f104_v2_group_0964_route_08,infeasible,pid_held_50ms,soil_breakthrough_terminated,0,1,U,0,3.6564,1.1634,0.008377,638.88
crm,f104_v2_group_0964_route_08,infeasible,nrd_policy_v2,soil_breakthrough_terminated,0,1,U,0,3.5888,0.9652,0.174340,523.73
crm,f104_v2_group_0964_route_10,infeasible,pid_native,soil_breakthrough_terminated,0,1,U,na,3.4945,4.8440,0.004997,639.26
crm,f104_v2_group_0964_route_10,infeasible,pid_held_50ms,soil_breakthrough_terminated,0,1,U,0,3.4941,5.0402,0.004127,764.32
crm,f104_v2_group_0964_route_10,infeasible,nrd_policy_v2,goal_reached,1,0,S,0,0.2326,2.3583,0.030602,555.25
crm,f104_v2_group_0980_route_00,infeasible,pid_native,soil_breakthrough_terminated,0,1,U,na,2.7366,0.7173,0.013940,359.89
crm,f104_v2_group_0980_route_00,infeasible,pid_held_50ms,soil_breakthrough_terminated,0,1,U,0,2.7482,0.7056,0.013971,378.04
crm,f104_v2_group_0980_route_00,infeasible,nrd_policy_v2,soil_breakthrough_terminated,0,1,U,0,2.7934,0.8054,0.109265,313.11
crm,f104_v2_group_0980_route_01,infeasible,pid_native,soil_breakthrough_terminated,0,1,U,na,2.4686,2.6767,0.010342,628.27
crm,f104_v2_group_0980_route_01,infeasible,pid_held_50ms,soil_breakthrough_terminated,0,1,U,0,2.4890,2.6156,0.011525,571.65
crm,f104_v2_group_0980_route_01,infeasible,nrd_policy_v2,soil_breakthrough_terminated,0,1,U,0,1.9531,2.8839,0.024913,857.91
crm,f104_v2_group_0980_route_02,infeasible,pid_native,prolonged_blockage_terminated,0,1,U,na,0.7133,4.3327,0.004426,967.45
crm,f104_v2_group_0980_route_02,infeasible,pid_held_50ms,prolonged_blockage_terminated,0,1,U,0,0.8205,4.5024,0.004338,987.56
crm,f104_v2_group_0980_route_02,infeasible,nrd_policy_v2,soil_breakthrough_terminated,0,1,U,0,0.9877,4.3163,0.027350,1092.64
crm,f104_v2_group_0980_route_03,infeasible,pid_native,prolonged_blockage_terminated,0,1,U,na,0.7238,1.7251,0.007278,968.04
crm,f104_v2_group_0980_route_03,infeasible,pid_held_50ms,prolonged_blockage_terminated,0,1,U,0,0.7955,1.8332,0.006572,931.80
crm,f104_v2_group_0980_route_03,infeasible,nrd_policy_v2,soil_breakthrough_terminated,0,1,U,0,1.0713,2.3882,0.054659,1032.23
crm,f104_v2_group_0980_route_04,infeasible,pid_native,prolonged_blockage_terminated,0,1,U,na,3.2422,1.6347,0.003145,355.59
crm,f104_v2_group_0980_route_04,infeasible,pid_held_50ms,prolonged_blockage_terminated,0,1,U,0,3.2903,1.6432,0.003415,349.29
crm,f104_v2_group_0980_route_04,infeasible,nrd_policy_v2,soil_breakthrough_terminated,0,1,U,0,3.3152,1.4269,0.074662,423.05
crm,f104_v2_group_0980_route_05,infeasible,pid_native,soil_breakthrough_terminated,0,1,U,na,2.3036,2.6503,0.009199,801.60
crm,f104_v2_group_0980_route_05,infeasible,pid_held_50ms,soil_breakthrough_terminated,0,1,U,0,2.3785,2.9433,0.007601,915.18
crm,f104_v2_group_0980_route_05,infeasible,nrd_policy_v2,soil_breakthrough_terminated,0,1,U,0,2.2056,2.8972,0.055350,602.34
crm,f104_v2_group_0980_route_06,infeasible,pid_native,soil_breakthrough_terminated,0,1,U,na,1.7883,4.4022,0.008431,790.08
crm,f104_v2_group_0980_route_06,infeasible,pid_held_50ms,soil_breakthrough_terminated,0,1,U,0,1.7373,4.0267,0.009898,756.38
crm,f104_v2_group_0980_route_06,infeasible,nrd_policy_v2,goal_reached,1,0,S,0,0.5358,1.8565,0.033740,540.82
crm,f104_v2_group_0980_route_07,infeasible,pid_native,soil_breakthrough_terminated,0,1,U,na,2.3653,4.1289,0.008347,874.88
crm,f104_v2_group_0980_route_07,infeasible,pid_held_50ms,soil_breakthrough_terminated,0,1,U,0,2.3626,4.0470,0.008825,899.85
crm,f104_v2_group_0980_route_07,infeasible,nrd_policy_v2,soil_breakthrough_terminated,0,1,U,0,1.9384,3.5364,0.029420,787.20
crm,f104_v2_group_0980_route_09,infeasible,pid_native,soil_breakthrough_terminated,0,1,U,na,1.6683,2.8230,0.006827,1046.96
crm,f104_v2_group_0980_route_09,infeasible,pid_held_50ms,soil_breakthrough_terminated,0,1,U,0,1.6370,3.0074,0.005832,1132.25
crm,f104_v2_group_0980_route_09,infeasible,nrd_policy_v2,soil_breakthrough_terminated,0,1,U,0,1.6604,2.8319,0.048870,1005.04
crm,f104_v2_group_0980_route_10,feasible,pid_native,goal_reached,1,0,S,na,0.8186,2.1758,0.009801,653.29
crm,f104_v2_group_0980_route_10,feasible,pid_held_50ms,goal_reached,1,0,S,0,0.8463,2.4403,0.008485,752.66
crm,f104_v2_group_0980_route_10,feasible,nrd_policy_v2,goal_reached,1,0,S,0,0.4479,2.0750,0.031437,521.12
crm,f104_v2_group_1026_route_01,feasible,pid_native,goal_reached,1,0,S,na,0.5979,0.8437,0.015532,718.42
crm,f104_v2_group_1026_route_01,feasible,pid_held_50ms,goal_reached,1,0,S,0,0.6050,1.1777,0.012982,754.12
crm,f104_v2_group_1026_route_01,feasible,nrd_policy_v2,goal_reached,1,0,S,0,0.4764,0.9689,0.047200,701.89
crm,f104_v2_group_1026_route_02,feasible,pid_native,goal_reached,1,0,S,na,0.5695,1.6949,0.015470,658.49
crm,f104_v2_group_1026_route_02,feasible,pid_held_50ms,goal_reached,1,0,S,0,0.5238,1.7033,0.017116,663.25
crm,f104_v2_group_1026_route_02,feasible,nrd_policy_v2,goal_reached,1,0,S,0,0.4522,1.6631,0.033524,571.27
crm,f104_v2_group_1026_route_04,feasible,pid_native,goal_reached,1,0,S,na,0.2448,0.2435,0.011044,487.76
crm,f104_v2_group_1026_route_04,feasible,pid_held_50ms,goal_reached,1,0,S,0,0.2538,0.1982,0.011210,455.61
crm,f104_v2_group_1026_route_04,feasible,nrd_policy_v2,goal_reached,1,0,S,0,0.1310,0.2138,0.072608,400.36
crm,f104_v2_group_1026_route_05,feasible,pid_native,goal_reached,1,0,S,na,0.1973,0.3721,0.015560,438.55
crm,f104_v2_group_1026_route_05,feasible,pid_held_50ms,goal_reached,1,0,S,0,0.2083,0.5639,0.016230,477.25
crm,f104_v2_group_1026_route_05,feasible,nrd_policy_v2,goal_reached,1,0,S,0,0.1162,0.3693,0.060470,483.65
crm,f104_v2_group_1026_route_09,infeasible,pid_native,soil_breakthrough_terminated,0,1,U,na,1.7893,2.4958,0.008636,1290.25
crm,f104_v2_group_1026_route_09,infeasible,pid_held_50ms,prolonged_blockage_terminated,0,1,U,0,1.7587,3.0033,0.005790,1040.68
crm,f104_v2_group_1026_route_09,infeasible,nrd_policy_v2,goal_reached,1,0,S,0,0.4472,0.9948,0.041480,686.38
crm,f104_v2_group_1026_route_10,feasible,pid_native,goal_reached,1,0,S,na,0.9179,1.7024,0.016240,619.85
crm,f104_v2_group_1026_route_10,feasible,pid_held_50ms,goal_reached,1,0,S,0,0.9147,1.6755,0.016557,616.87
crm,f104_v2_group_1026_route_10,feasible,nrd_policy_v2,goal_reached,1,0,S,0,0.4324,1.5961,0.034496,587.42
crm,f104_v2_group_1026_route_11,infeasible,pid_native,soil_breakthrough_terminated,0,1,U,na,4.9821,1.6998,0.006433,550.31
crm,f104_v2_group_1026_route_11,infeasible,pid_held_50ms,prolonged_blockage_terminated,0,1,U,0,4.9813,1.8910,0.002356,582.48
crm,f104_v2_group_1026_route_11,infeasible,nrd_policy_v2,soil_breakthrough_terminated,0,1,U,0,5.0277,1.6463,0.164711,410.67
crm,f104_v2_group_1027_route_00,infeasible,pid_native,prolonged_blockage_terminated,0,1,U,na,1.8962,1.3637,0.005116,636.15
crm,f104_v2_group_1027_route_00,infeasible,pid_held_50ms,soil_breakthrough_terminated,0,1,U,0,1.9029,1.0770,0.007453,862.07
crm,f104_v2_group_1027_route_00,infeasible,nrd_policy_v2,goal_reached,1,0,S,0,0.2442,0.3708,0.081389,505.60
crm,f104_v2_group_1027_route_01,infeasible,pid_native,soil_breakthrough_terminated,0,1,U,na,0.4726,2.2294,0.008535,1044.07
crm,f104_v2_group_1027_route_01,infeasible,pid_held_50ms,soil_breakthrough_terminated,0,1,U,0,1.7009,2.0994,0.011596,596.95
crm,f104_v2_group_1027_route_01,infeasible,nrd_policy_v2,goal_reached,1,0,S,0,0.2132,0.6824,0.060888,435.68
crm,f104_v2_group_1027_route_03,feasible,pid_native,goal_reached,1,0,S,na,0.2306,0.5813,0.023908,390.08
crm,f104_v2_group_1027_route_03,feasible,pid_held_50ms,goal_reached,1,0,S,0,0.2249,0.5944,0.023065,366.91
crm,f104_v2_group_1027_route_03,feasible,nrd_policy_v2,goal_reached,1,0,S,0,0.1899,0.4995,0.051050,354.86
crm,f104_v2_group_1027_route_05,feasible,pid_native,goal_reached,1,0,S,na,0.5662,1.1321,0.013935,619.53
crm,f104_v2_group_1027_route_05,feasible,pid_held_50ms,goal_reached,1,0,S,0,0.5329,2.1388,0.009683,965.21
crm,f104_v2_group_1027_route_05,feasible,nrd_policy_v2,goal_reached,1,0,S,0,0.2920,0.9735,0.075513,515.45
crm,f104_v2_group_1027_route_07,feasible,pid_native,goal_reached,1,0,S,na,0.5008,0.6758,0.020797,483.09
crm,f104_v2_group_1027_route_07,feasible,pid_held_50ms,goal_reached,1,0,S,0,0.5107,0.6513,0.020616,475.74
crm,f104_v2_group_1027_route_07,feasible,nrd_policy_v2,goal_reached,1,0,S,0,0.2847,0.4832,0.050638,416.92
crm,f104_v2_group_1027_route_08,infeasible,pid_native,soil_breakthrough_terminated,0,1,U,na,2.0229,0.7951,0.009451,714.43
crm,f104_v2_group_1027_route_08,infeasible,pid_held_50ms,soil_breakthrough_terminated,0,1,U,0,2.0286,0.9515,0.008697,711.45
crm,f104_v2_group_1027_route_08,infeasible,nrd_policy_v2,soil_breakthrough_terminated,0,1,U,0,1.5374,0.8444,0.098833,470.65
crm,f104_v2_group_1027_route_09,feasible,pid_native,goal_reached,1,0,S,na,0.6278,0.9339,0.017818,516.10
crm,f104_v2_group_1027_route_09,feasible,pid_held_50ms,goal_reached,1,0,S,0,0.6261,1.1556,0.015710,575.15
crm,f104_v2_group_1027_route_09,feasible,nrd_policy_v2,goal_reached,1,0,S,0,0.2351,0.6807,0.070089,386.25
crm,f104_v2_group_1027_route_11,feasible,pid_native,goal_reached,1,0,S,na,0.5847,0.7713,0.021007,359.60
crm,f104_v2_group_1027_route_11,feasible,pid_held_50ms,goal_reached,1,0,S,0,0.5977,0.8452,0.021316,368.58
crm,f104_v2_group_1027_route_11,feasible,nrd_policy_v2,goal_reached,1,0,S,0,0.2323,0.6795,0.052982,361.85
crm,f104_v2_group_1138_route_00,feasible,pid_native,goal_reached,1,0,S,na,0.4915,0.1438,0.009361,451.88
crm,f104_v2_group_1138_route_00,feasible,pid_held_50ms,goal_reached,1,0,S,0,0.4810,0.1376,0.009046,445.05
crm,f104_v2_group_1138_route_00,feasible,nrd_policy_v2,goal_reached,1,0,S,0,0.2444,0.2250,0.060711,448.94
crm,f104_v2_group_1138_route_01,feasible,pid_native,goal_reached,1,0,S,na,0.4854,0.6508,0.011635,474.00
crm,f104_v2_group_1138_route_01,feasible,pid_held_50ms,goal_reached,1,0,S,0,0.4750,0.6602,0.011748,472.90
crm,f104_v2_group_1138_route_01,feasible,nrd_policy_v2,goal_reached,1,0,S,0,0.2004,0.4819,0.067177,555.80
crm,f104_v2_group_1138_route_02,feasible,pid_native,goal_reached,1,0,S,na,0.4268,1.3236,0.013137,544.87
crm,f104_v2_group_1138_route_02,feasible,pid_held_50ms,goal_reached,1,0,S,0,0.4378,1.3011,0.013732,545.78
crm,f104_v2_group_1138_route_02,feasible,nrd_policy_v2,goal_reached,1,0,S,0,0.1607,2.0791,0.038650,481.83
crm,f104_v2_group_1138_route_05,feasible,pid_native,goal_reached,1,0,S,na,0.4613,0.5373,0.012463,478.95
crm,f104_v2_group_1138_route_05,feasible,pid_held_50ms,goal_reached,1,0,S,0,0.4567,0.3609,0.012655,525.08
crm,f104_v2_group_1138_route_05,feasible,nrd_policy_v2,goal_reached,1,0,S,0,0.2161,0.4923,0.072959,586.19
crm,f104_v2_group_1138_route_06,feasible,pid_native,goal_reached,1,0,S,na,0.4865,1.0298,0.014432,546.93
crm,f104_v2_group_1138_route_06,feasible,pid_held_50ms,goal_reached,1,0,S,0,0.5007,1.1066,0.014167,553.73
crm,f104_v2_group_1138_route_06,feasible,nrd_policy_v2,goal_reached,1,0,S,0,0.2256,1.8056,0.038196,523.33
crm,f104_v2_group_1138_route_08,feasible,pid_native,goal_reached,1,0,S,na,0.1734,0.1560,0.009399,430.46
crm,f104_v2_group_1138_route_08,feasible,pid_held_50ms,goal_reached,1,0,S,0,0.1727,0.1662,0.009232,444.09
crm,f104_v2_group_1138_route_08,feasible,nrd_policy_v2,goal_reached,1,0,S,0,0.1008,0.1713,0.066555,429.81
crm,f104_v2_group_1138_route_10,feasible,pid_native,goal_reached,1,0,S,na,0.1585,1.3413,0.012391,513.31
crm,f104_v2_group_1138_route_10,feasible,pid_held_50ms,goal_reached,1,0,S,0,0.1583,1.3739,0.012054,513.43
crm,f104_v2_group_1138_route_10,feasible,nrd_policy_v2,goal_reached,1,0,S,0,0.1570,1.1842,0.037714,513.85
crm,f104_v2_group_1138_route_11,feasible,pid_native,goal_reached,1,0,S,na,0.1881,1.1021,0.014163,511.34
crm,f104_v2_group_1138_route_11,feasible,pid_held_50ms,goal_reached,1,0,S,0,0.1817,1.1049,0.013534,501.56
crm,f104_v2_group_1138_route_11,feasible,nrd_policy_v2,goal_reached,1,0,S,0,0.1420,0.8342,0.048061,480.83
crm,f104_v2_group_1169_route_02,infeasible,pid_native,soil_breakthrough_terminated,0,1,U,na,2.2369,4.3584,0.007427,699.88
crm,f104_v2_group_1169_route_02,infeasible,pid_held_50ms,soil_breakthrough_terminated,0,1,U,0,2.2044,4.3080,0.007577,663.10
crm,f104_v2_group_1169_route_02,infeasible,nrd_policy_v2,soil_breakthrough_terminated,0,1,U,0,2.1075,4.2024,0.020039,585.13
crm,f104_v2_group_1169_route_03,infeasible,pid_native,soil_breakthrough_terminated,0,1,U,na,2.3121,3.6330,0.010133,788.76
crm,f104_v2_group_1169_route_03,infeasible,pid_held_50ms,soil_breakthrough_terminated,0,1,U,0,2.2411,3.5497,0.010624,673.83
crm,f104_v2_group_1169_route_03,infeasible,nrd_policy_v2,soil_breakthrough_terminated,0,1,U,0,2.2768,3.5645,0.033777,751.14
crm,f104_v2_group_1169_route_04,infeasible,pid_native,soil_breakthrough_terminated,0,1,U,na,2.4424,0.9904,0.011206,543.15
crm,f104_v2_group_1169_route_04,infeasible,pid_held_50ms,soil_breakthrough_terminated,0,1,U,0,2.4877,0.8807,0.012485,488.82
crm,f104_v2_group_1169_route_04,infeasible,nrd_policy_v2,soil_breakthrough_terminated,0,1,U,0,2.1659,1.1081,0.182899,587.34
crm,f104_v2_group_1169_route_05,infeasible,pid_native,soil_breakthrough_terminated,0,1,U,na,2.2802,3.1327,0.008326,833.61
crm,f104_v2_group_1169_route_05,infeasible,pid_held_50ms,soil_breakthrough_terminated,0,1,U,0,2.3216,3.0273,0.009212,738.61
crm,f104_v2_group_1169_route_05,infeasible,nrd_policy_v2,soil_breakthrough_terminated,0,1,U,0,2.0235,3.1227,0.041328,806.98
crm,f104_v2_group_1169_route_06,infeasible,pid_native,soil_breakthrough_terminated,0,1,U,na,1.4465,5.0798,0.006095,863.85
crm,f104_v2_group_1169_route_06,infeasible,pid_held_50ms,prolonged_blockage_terminated,0,1,U,0,1.4958,5.3705,0.003957,741.40
crm,f104_v2_group_1169_route_06,infeasible,nrd_policy_v2,prolonged_blockage_terminated,0,1,U,0,1.3597,5.1431,0.013597,1275.76
crm,f104_v2_group_1169_route_07,infeasible,pid_native,soil_breakthrough_terminated,0,1,U,na,1.7752,3.5044,0.012808,687.99
crm,f104_v2_group_1169_route_07,infeasible,pid_held_50ms,soil_breakthrough_terminated,0,1,U,0,1.8609,3.9189,0.011507,950.75
crm,f104_v2_group_1169_route_07,infeasible,nrd_policy_v2,soil_breakthrough_terminated,0,1,U,0,1.3933,3.1350,0.027683,1087.23
crm,f104_v2_group_1169_route_08,infeasible,pid_native,prolonged_blockage_terminated,0,1,U,na,4.0610,1.8101,0.002918,768.64
crm,f104_v2_group_1169_route_08,infeasible,pid_held_50ms,prolonged_blockage_terminated,0,1,U,0,4.1990,1.8311,0.002737,704.95
crm,f104_v2_group_1169_route_08,infeasible,nrd_policy_v2,soil_breakthrough_terminated,0,1,U,0,4.2606,1.6481,0.117973,561.29
crm,f104_v2_group_1169_route_09,infeasible,pid_native,soil_breakthrough_terminated,0,1,U,na,2.9677,3.2815,0.005449,730.66
crm,f104_v2_group_1169_route_09,infeasible,pid_held_50ms,soil_breakthrough_terminated,0,1,U,0,2.9528,3.4173,0.004203,637.41
crm,f104_v2_group_1169_route_09,infeasible,nrd_policy_v2,soil_breakthrough_terminated,0,1,U,0,3.4105,2.8025,0.025685,719.22
crm,f104_v2_group_1199_route_00,infeasible,pid_native,soil_breakthrough_terminated,0,1,U,na,3.8569,0.9387,0.011044,566.58
crm,f104_v2_group_1199_route_00,infeasible,pid_held_50ms,soil_breakthrough_terminated,0,1,U,0,3.8693,1.2782,0.007976,948.42
crm,f104_v2_group_1199_route_00,infeasible,nrd_policy_v2,soil_breakthrough_terminated,0,1,U,0,3.7908,0.8518,0.129952,411.66
crm,f104_v2_group_1199_route_01,infeasible,pid_native,soil_breakthrough_terminated,0,1,U,na,3.7110,2.2828,0.012455,475.35
crm,f104_v2_group_1199_route_01,infeasible,pid_held_50ms,soil_breakthrough_terminated,0,1,U,0,3.7235,2.5846,0.011510,626.40
crm,f104_v2_group_1199_route_01,infeasible,nrd_policy_v2,goal_reached,1,0,S,0,0.1802,0.4413,0.065355,657.08
crm,f104_v2_group_1199_route_03,infeasible,pid_native,soil_breakthrough_terminated,0,1,U,na,3.6833,3.5070,0.009056,701.26
crm,f104_v2_group_1199_route_03,infeasible,pid_held_50ms,soil_breakthrough_terminated,0,1,U,0,3.7040,3.6634,0.008812,733.41
crm,f104_v2_group_1199_route_03,infeasible,nrd_policy_v2,goal_reached,1,0,S,0,0.1798,0.4025,0.049046,566.81
crm,f104_v2_group_1199_route_04,infeasible,pid_native,soil_breakthrough_terminated,0,1,U,na,4.1563,1.2114,0.007011,844.44
crm,f104_v2_group_1199_route_04,infeasible,pid_held_50ms,soil_breakthrough_terminated,0,1,U,0,4.1614,1.2232,0.007169,797.51
crm,f104_v2_group_1199_route_04,infeasible,nrd_policy_v2,soil_breakthrough_terminated,0,1,U,0,4.4984,1.5728,0.070895,361.73
crm,f104_v2_group_1199_route_06,feasible,pid_native,goal_reached,1,0,S,na,0.3342,1.4222,0.014502,753.29
crm,f104_v2_group_1199_route_06,feasible,pid_held_50ms,goal_reached,1,0,S,0,0.3299,1.4992,0.013745,798.58
crm,f104_v2_group_1199_route_06,feasible,nrd_policy_v2,goal_reached,1,0,S,0,0.3051,1.0411,0.037276,732.00
crm,f104_v2_group_1199_route_07,infeasible,pid_native,soil_breakthrough_terminated,0,1,U,na,4.0425,2.8584,0.010515,779.70
crm,f104_v2_group_1199_route_07,infeasible,pid_held_50ms,soil_breakthrough_terminated,0,1,U,0,4.0543,2.8779,0.009559,810.08
crm,f104_v2_group_1199_route_07,infeasible,nrd_policy_v2,prolonged_blockage_terminated,0,1,U,0,3.9919,4.0766,0.020421,974.82
crm,f104_v2_group_1199_route_08,infeasible,pid_native,soil_breakthrough_terminated,0,1,U,na,3.6322,1.0653,0.009017,787.22
crm,f104_v2_group_1199_route_08,infeasible,pid_held_50ms,soil_breakthrough_terminated,0,1,U,0,3.6305,1.1136,0.008525,833.03
crm,f104_v2_group_1199_route_08,infeasible,nrd_policy_v2,soil_breakthrough_terminated,0,1,U,0,3.6962,0.8536,0.149623,578.41
crm,f104_v2_group_1199_route_11,infeasible,pid_native,soil_breakthrough_terminated,0,1,U,na,3.3911,3.2643,0.010384,811.95
crm,f104_v2_group_1199_route_11,infeasible,pid_held_50ms,prolonged_blockage_terminated,0,1,U,0,3.3896,4.4839,0.005792,755.56
crm,f104_v2_group_1199_route_11,infeasible,nrd_policy_v2,prolonged_blockage_terminated,0,1,U,0,3.3922,4.4751,0.016375,1298.75
