pair_id,arena,arena_role,eval_set,terrain_cluster,f104_only_ens1,f104_only_ens2,two_arenas_same_total,three_arenas_same_total_ens1,three_arenas_same_total_ens2,three_arenas_all_data,straight_route_6mps
g260_test_group_0000,g260,near_test,unseen_test,g260:0,S,S,S,S,S,S,S
g260_test_group_0002,g260,near_test,unseen_test,g260:2,S,S,S,S,S,S,S
g260_test_group_0003,g260,near_test,unseen_test,g260:3,S,S,S,S,S,S,U
g260_test_group_0006,g260,near_test,unseen_test,g260:2,S,S,S,S,S,S,S
g260_test_group_0011,g260,near_test,unseen_test,g260:1,S,S,S,S,S,S,S
g260_test_group_0013,g260,near_test,unseen_test,g260:3,S,S,S,S,S,S,U
g260_test_group_0014,g260,near_test,unseen_test,g260:4,S,S,S,S,S,S,S
g260_test_group_0017,g260,near_test,unseen_test,g260:8,S,S,S,S,S,S,S
g260_test_group_0020,g260,near_test,unseen_test,g260:0,S,U,S,S,S,S,S
g260_test_group_0021,g260,near_test,unseen_test,g260:1,S,S,S,S,S,S,S
g260_test_group_0024,g260,near_test,unseen_test,g260:4,S,S,S,S,S,S,S
g260_test_group_0025,g260,near_test,unseen_test,g260:5,S,S,S,S,S,S,S
g260_test_group_0027,g260,near_test,unseen_test,g260:8,S,S,U,S,S,S,S
g260_test_group_0028,g260,near_test,unseen_test,g260:8,S,S,S,S,S,S,S
g260_test_group_0032,g260,near_test,unseen_test,g260:0,S,S,S,S,S,S,U
g260_test_group_0033,g260,near_test,unseen_test,g260:3,S,S,S,S,S,S,U
g260_test_group_0034,g260,near_test,unseen_test,g260:4,S,S,S,S,S,S,S
g260_test_group_0035,g260,near_test,unseen_test,g260:5,S,S,U,S,S,S,S
g260_test_group_0036,g260,near_test,unseen_test,g260:6,S,S,S,S,S,S,S
g260_test_group_0037,g260,near_test,unseen_test,g260:8,S,S,S,S,S,S,S
g260_test_group_0038,g260,near_test,unseen_test,g260:8,S,S,S,S,S,S,S
g260_test_group_0039,g260,near_test,unseen_test,g260:1,S,S,S,S,U,S,U
g260_test_group_0041,g260,near_test,unseen_test,g260:1,S,S,S,S,U,U,S
g260_test_group_0044,g260,near_test,unseen_test,g260:4,S,S,S,S,S,S,S
g260_test_group_0045,g260,near_test,unseen_test,g260:5,S,S,S,S,S,S,S
g260_test_group_0046,g260,near_test,unseen_test,g260:6,S,S,S,S,S,S,U
g260_test_group_0049,g260,near_test,unseen_test,g260:9,S,S,S,S,S,S,U
g260_test_group_0052,g260,near_test,unseen_test,g260:2,S,S,S,S,S,S,S
g260_test_group_0057,g260,near_test,unseen_test,g260:8,S,S,S,S,S,S,S
g260_test_group_0058,g260,near_test,unseen_test,g260:8,S,S,S,S,S,S,S
g260_test_group_0059,g260,near_test,unseen_test,g260:9,S,S,S,S,S,S,U
g260_test_group_0064,g260,near_test,unseen_test,g260:4,S,S,S,S,S,S,S
g260_test_group_0066,g260,near_test,unseen_test,g260:6,S,S,S,S,S,S,S
g260_test_group_0069,g260,near_test,unseen_test,g260:9,S,S,S,S,S,S,U
g260_test_group_0070,g260,near_test,unseen_test,g260:0,S,S,S,S,S,S,S
g260_test_group_0074,g260,near_test,unseen_test,g260:4,S,S,U,S,S,S,S
g260_test_group_0075,g260,near_test,unseen_test,g260:5,S,S,S,S,S,S,S
g260_test_group_0076,g260,near_test,unseen_test,g260:6,S,S,S,S,S,S,U
g260_test_group_0078,g260,near_test,unseen_test,g260:8,S,S,S,S,S,S,S
g260_test_group_0079,g260,near_test,unseen_test,g260:9,S,S,S,S,S,S,S
g260_test_group_0081,g260,near_test,unseen_test,g260:1,S,S,S,S,S,S,S
g260_test_group_0083,g260,near_test,unseen_test,g260:3,S,U,S,S,S,S,U
g260_test_group_0085,g260,near_test,unseen_test,g260:5,S,S,S,S,S,S,S
g260_test_group_0086,g260,near_test,unseen_test,g260:6,S,S,S,S,S,S,U
g260_test_group_0087,g260,near_test,unseen_test,g260:8,S,S,S,S,S,S,S
g260_test_group_0088,g260,near_test,unseen_test,g260:8,S,S,S,S,S,S,U
g260_test_group_0089,g260,near_test,unseen_test,g260:9,S,U,S,S,S,S,U
g260_test_group_0090,g260,near_test,unseen_test,g260:0,S,S,S,S,S,S,S
g260_test_group_0091,g260,near_test,unseen_test,g260:1,U,U,S,S,S,S,U
g260_test_group_0092,g260,near_test,unseen_test,g260:0,S,S,S,S,S,S,S
g260_test_group_0095,g260,near_test,unseen_test,g260:5,S,S,S,S,S,S,S
g260_test_group_0096,g260,near_test,unseen_test,g260:6,S,S,S,S,S,S,S
g260_test_group_0098,g260,near_test,unseen_test,g260:8,S,S,S,S,S,S,S
g260_test_group_0101,g260,near_test,unseen_test,g260:1,S,S,S,S,S,S,S
g260_test_group_0102,g260,near_test,unseen_test,g260:2,S,S,S,S,S,S,S
g260_test_group_0106,g260,near_test,unseen_test,g260:6,S,S,S,S,S,S,U
g260_test_group_0107,g260,near_test,unseen_test,g260:8,S,S,S,S,S,S,S
g260_test_group_0113,g260,near_test,unseen_test,g260:3,S,S,S,S,S,S,S
g260_test_group_0115,g260,near_test,unseen_test,g260:5,S,S,S,S,S,S,S
g260_test_group_0116,g260,near_test,unseen_test,g260:2,S,S,S,S,S,S,S
g260_test_group_0119,g260,near_test,unseen_test,g260:9,S,U,S,S,S,U,U
g260_test_group_0122,g260,near_test,unseen_test,g260:2,S,S,S,S,S,S,S
g260_test_group_0123,g260,near_test,unseen_test,g260:3,S,S,S,S,S,S,U
g260_test_group_0125,g260,near_test,unseen_test,g260:5,S,S,S,S,S,S,S
g260_test_group_0127,g260,near_test,unseen_test,g260:8,S,S,S,S,S,S,S
g260_test_group_0128,g260,near_test,unseen_test,g260:8,S,S,S,S,S,S,S
g260_test_group_0129,g260,near_test,unseen_test,g260:1,S,S,S,S,S,S,U
g260_test_group_0131,g260,near_test,unseen_test,g260:1,S,S,S,S,S,S,U
g260_test_group_0132,g260,near_test,unseen_test,g260:6,S,S,S,S,S,S,U
g260_test_group_0137,g260,near_test,unseen_test,g260:8,S,S,S,S,S,S,S
g260_test_group_0138,g260,near_test,unseen_test,g260:8,S,S,S,S,S,S,S
g260_test_group_0139,g260,near_test,unseen_test,g260:1,S,S,S,S,S,S,U
g260_test_group_0142,g260,near_test,unseen_test,g260:2,S,S,S,S,S,S,S
g260_test_group_0148,g260,near_test,unseen_test,g260:8,S,S,S,S,S,S,S
g260_test_group_0151,g260,near_test,unseen_test,g260:1,S,S,S,S,S,S,U
g260_test_group_0152,g260,near_test,unseen_test,g260:0,S,U,U,U,U,U,U
g260_test_group_0154,g260,near_test,unseen_test,g260:4,S,S,S,S,S,S,S
g260_test_group_0155,g260,near_test,unseen_test,g260:2,S,S,S,S,S,S,S
g260_test_group_0156,g260,near_test,unseen_test,g260:6,S,S,S,S,S,S,U
g260_test_group_0157,g260,near_test,unseen_test,g260:8,S,S,S,S,S,S,S
g260_test_group_0158,g260,near_test,unseen_test,g260:8,S,S,S,S,S,S,S
g260_test_group_0159,g260,near_test,unseen_test,g260:9,S,S,S,S,S,S,U
g260_test_group_0160,g260,near_test,unseen_test,g260:0,S,S,S,S,S,S,S
g260_test_group_0161,g260,near_test,unseen_test,g260:1,S,S,S,S,S,S,S
g260_test_group_0162,g260,near_test,unseen_test,g260:2,S,S,S,S,S,S,S
g260_test_group_0164,g260,near_test,unseen_test,g260:4,S,S,S,S,S,S,S
g260_test_group_0165,g260,near_test,unseen_test,g260:5,S,S,S,S,S,S,S
g260_test_group_0166,g260,near_test,unseen_test,g260:6,S,S,S,S,S,S,U
g260_test_group_0169,g260,near_test,unseen_test,g260:9,S,S,S,S,S,S,U
g260_test_group_0171,g260,near_test,unseen_test,g260:1,S,S,U,S,S,U,U
g260_test_group_0172,g260,near_test,unseen_test,g260:2,S,S,S,S,S,S,S
g260_test_group_0174,g260,near_test,unseen_test,g260:4,S,U,S,S,S,S,S
g260_test_group_0175,g260,near_test,unseen_test,g260:5,S,S,S,S,S,S,U
g260_test_group_0180,g260,near_test,unseen_test,g260:0,S,S,S,S,S,S,S
g260_test_group_0182,g260,near_test,unseen_test,g260:2,S,S,S,S,S,S,S
g260_test_group_0186,g260,near_test,unseen_test,g260:6,S,S,S,S,S,S,U
g260_test_group_0187,g260,near_test,unseen_test,g260:8,S,S,S,S,S,S,S
g260_test_group_0188,g260,near_test,unseen_test,g260:8,S,S,S,S,S,S,S
g260_test_group_0190,g260,near_test,unseen_test,g260:0,S,S,S,S,S,S,S
g260_test_group_0191,g260,near_test,unseen_test,g260:1,U,S,S,S,S,S,S
g260_test_group_0197,g260,near_test,unseen_test,g260:8,S,S,S,S,S,S,S
g260_test_group_0198,g260,near_test,unseen_test,g260:9,S,S,S,S,S,S,S
g260_test_group_0201,g260,near_test,unseen_test,g260:1,S,U,U,U,U,U,U
g260_test_group_0204,g260,near_test,unseen_test,g260:4,S,S,S,S,S,S,S
g260_test_group_0205,g260,near_test,unseen_test,g260:5,S,S,S,S,S,S,S
g260_test_group_0206,g260,near_test,unseen_test,g260:6,S,S,S,S,S,U,U
g260_test_group_0212,g260,near_test,unseen_test,g260:2,S,S,S,S,S,S,U
g260_test_group_0213,g260,near_test,unseen_test,g260:3,S,S,S,S,S,S,S
g260_test_group_0214,g260,near_test,unseen_test,g260:4,S,S,S,S,S,S,S
g260_test_group_0215,g260,near_test,unseen_test,g260:5,S,S,S,S,S,S,S
g260_test_group_0220,g260,near_test,unseen_test,g260:0,S,S,S,S,S,S,S
g260_test_group_0226,g260,near_test,unseen_test,g260:6,S,S,S,S,S,S,U
g260_test_group_0228,g260,near_test,unseen_test,g260:8,S,S,S,S,S,S,S
g260_test_group_0229,g260,near_test,unseen_test,g260:9,S,S,S,S,S,S,S
g260_test_group_0232,g260,near_test,unseen_test,g260:2,S,S,S,S,S,S,S
g260_test_group_0233,g260,near_test,unseen_test,g260:3,S,S,S,S,S,S,U
g260_test_group_0234,g260,near_test,unseen_test,g260:4,S,S,S,S,S,S,S
g260_test_group_0236,g260,near_test,unseen_test,g260:6,S,S,S,S,S,S,S
g260_test_group_0237,g260,near_test,unseen_test,g260:8,S,S,S,S,S,S,S
g260_test_group_0238,g260,near_test,unseen_test,g260:1,S,S,S,S,S,S,U
g260_test_group_0241,g260,near_test,unseen_test,g260:1,S,S,S,S,S,S,S
g260_test_group_0242,g260,near_test,unseen_test,g260:0,U,U,U,U,U,U,U
g260_test_group_0243,g260,near_test,unseen_test,g260:3,S,S,S,S,S,S,U
g260_test_group_0244,g260,near_test,unseen_test,g260:4,S,S,S,S,S,S,S
g260_test_group_0246,g260,near_test,unseen_test,g260:6,U,U,U,S,U,U,U
g271_test_group_0002,g271,near_test,unseen_test,g271:2,S,S,S,S,S,S,U
g271_test_group_0007,g271,near_test,unseen_test,g271:7,S,S,S,S,S,S,S
g271_test_group_0011,g271,near_test,unseen_test,g271:0,U,S,S,S,S,S,S
g271_test_group_0013,g271,near_test,unseen_test,g271:2,S,S,U,S,S,S,U
g271_test_group_0017,g271,near_test,unseen_test,g271:6,S,S,S,S,S,S,S
g271_test_group_0019,g271,near_test,unseen_test,g271:0,S,S,S,S,S,S,U
g271_test_group_0020,g271,near_test,unseen_test,g271:9,S,S,S,S,U,U,U
g271_test_group_0021,g271,near_test,unseen_test,g271:10,S,S,S,S,S,S,S
g271_test_group_0023,g271,near_test,unseen_test,g271:2,S,U,S,S,S,S,S
g271_test_group_0024,g271,near_test,unseen_test,g271:2,U,S,U,U,U,S,U
g271_test_group_0027,g271,near_test,unseen_test,g271:4,S,S,U,S,S,S,U
g271_test_group_0028,g271,near_test,unseen_test,g271:6,S,S,S,S,S,S,S
g271_test_group_0030,g271,near_test,unseen_test,g271:0,S,S,S,S,S,S,U
g271_test_group_0031,g271,near_test,unseen_test,g271:9,S,U,S,U,U,S,U
g271_test_group_0035,g271,near_test,unseen_test,g271:2,S,S,S,S,S,S,U
g271_test_group_0038,g271,near_test,unseen_test,g271:5,S,S,S,S,S,S,U
g271_test_group_0039,g271,near_test,unseen_test,g271:6,S,S,S,S,S,S,S
g271_test_group_0042,g271,near_test,unseen_test,g271:9,U,U,U,U,U,S,U
g271_test_group_0045,g271,near_test,unseen_test,g271:2,S,U,S,S,S,S,U
g271_test_group_0050,g271,near_test,unseen_test,g271:6,S,S,S,S,S,S,S
g271_test_group_0051,g271,near_test,unseen_test,g271:7,S,S,S,S,S,S,S
g271_test_group_0053,g271,near_test,unseen_test,g271:9,U,U,U,U,U,U,U
g271_test_group_0056,g271,near_test,unseen_test,g271:2,S,S,S,S,S,S,U
g271_test_group_0062,g271,near_test,unseen_test,g271:7,S,S,S,S,S,S,S
g271_test_group_0063,g271,near_test,unseen_test,g271:0,S,S,S,S,S,S,U
g271_test_group_0064,g271,near_test,unseen_test,g271:2,U,S,U,S,S,U,U
g271_test_group_0065,g271,near_test,unseen_test,g271:10,S,S,S,S,S,S,S
g271_test_group_0073,g271,near_test,unseen_test,g271:7,S,S,S,S,S,S,S
g271_test_group_0077,g271,near_test,unseen_test,g271:0,S,S,S,S,S,S,S
g271_test_group_0078,g271,near_test,unseen_test,g271:2,S,S,S,S,S,S,S
g271_test_group_0080,g271,near_test,unseen_test,g271:3,S,U,S,S,S,S,S
g271_test_group_0081,g271,near_test,unseen_test,g271:4,S,S,S,S,S,S,S
g271_test_group_0082,g271,near_test,unseen_test,g271:4,U,S,U,U,S,S,S
g271_test_group_0083,g271,near_test,unseen_test,g271:6,S,S,S,S,S,S,S
g271_test_group_0084,g271,near_test,unseen_test,g271:7,S,S,S,S,S,S,S
g271_test_group_0086,g271,near_test,unseen_test,g271:9,S,S,S,S,S,S,U
g271_test_group_0087,g271,near_test,unseen_test,g271:10,S,S,S,S,S,S,S
g271_test_group_0088,g271,near_test,unseen_test,g271:0,S,S,S,S,S,S,S
g271_test_group_0089,g271,near_test,unseen_test,g271:2,S,S,S,S,S,S,U
g271_test_group_0091,g271,near_test,unseen_test,g271:3,S,U,S,S,S,S,U
g271_test_group_0092,g271,near_test,unseen_test,g271:4,S,S,S,S,S,S,U
g271_test_group_0097,g271,near_test,unseen_test,g271:9,S,S,S,S,S,S,U
g271_test_group_0099,g271,near_test,unseen_test,g271:0,S,S,S,S,S,S,S
g271_test_group_0100,g271,near_test,unseen_test,g271:2,S,S,S,S,S,S,S
g271_test_group_0101,g271,near_test,unseen_test,g271:2,S,S,S,S,S,S,S
g271_test_group_0105,g271,near_test,unseen_test,g271:6,S,S,U,S,S,S,S
g271_test_group_0106,g271,near_test,unseen_test,g271:7,S,S,S,S,S,S,S
g271_test_group_0108,g271,near_test,unseen_test,g271:9,S,S,S,S,S,S,U
g271_test_group_0109,g271,near_test,unseen_test,g271:10,S,S,S,S,S,S,S
g271_test_group_0111,g271,near_test,unseen_test,g271:2,S,S,S,S,S,S,U
g271_test_group_0112,g271,near_test,unseen_test,g271:2,S,S,S,S,U,S,U
g271_test_group_0113,g271,near_test,unseen_test,g271:10,S,S,S,S,S,S,S
g271_test_group_0114,g271,near_test,unseen_test,g271:4,S,S,S,S,S,S,U
g271_test_group_0116,g271,near_test,unseen_test,g271:6,S,S,S,U,U,S,S
g271_test_group_0118,g271,near_test,unseen_test,g271:8,S,S,S,S,S,S,S
g271_test_group_0120,g271,near_test,unseen_test,g271:3,U,U,S,S,S,S,U
g271_test_group_0121,g271,near_test,unseen_test,g271:7,S,S,S,S,S,S,S
g271_test_group_0122,g271,near_test,unseen_test,g271:2,S,S,S,S,S,S,S
g271_test_group_0123,g271,near_test,unseen_test,g271:2,S,S,U,S,S,S,S
g271_test_group_0124,g271,near_test,unseen_test,g271:3,S,S,S,S,S,S,S
g271_test_group_0125,g271,near_test,unseen_test,g271:9,S,S,S,S,S,S,S
g271_test_group_0127,g271,near_test,unseen_test,g271:6,S,S,S,S,S,S,S
g271_test_group_0128,g271,near_test,unseen_test,g271:7,S,S,S,S,S,S,S
g271_test_group_0129,g271,near_test,unseen_test,g271:8,U,S,S,S,S,S,U
g271_test_group_0133,g271,near_test,unseen_test,g271:2,S,U,S,S,S,S,U
g271_test_group_0135,g271,near_test,unseen_test,g271:3,S,S,S,S,S,S,S
g271_test_group_0136,g271,near_test,unseen_test,g271:4,S,S,S,S,S,S,S
g271_test_group_0137,g271,near_test,unseen_test,g271:5,S,S,U,S,S,S,S
g271_test_group_0139,g271,near_test,unseen_test,g271:7,S,U,S,S,S,S,S
g271_test_group_0140,g271,near_test,unseen_test,g271:0,S,U,S,U,U,S,U
g271_test_group_0142,g271,near_test,unseen_test,g271:10,S,S,S,S,S,S,U
g271_test_group_0143,g271,near_test,unseen_test,g271:8,S,S,S,S,S,S,U
g271_test_group_0144,g271,near_test,unseen_test,g271:2,S,S,S,S,S,S,S
g271_test_group_0145,g271,near_test,unseen_test,g271:9,S,S,S,S,S,S,S
g271_test_group_0147,g271,near_test,unseen_test,g271:4,U,U,U,U,S,S,U
g271_test_group_0148,g271,near_test,unseen_test,g271:5,S,S,S,S,S,S,S
g271_test_group_0155,g271,near_test,unseen_test,g271:5,S,S,S,S,S,S,U
g271_test_group_0159,g271,near_test,unseen_test,g271:5,U,S,S,S,S,U,S
g271_test_group_0161,g271,near_test,unseen_test,g271:7,S,S,S,S,S,S,S
g271_test_group_0162,g271,near_test,unseen_test,g271:8,S,S,S,S,S,S,S
g271_test_group_0168,g271,near_test,unseen_test,g271:3,S,S,S,S,S,S,S
g271_test_group_0172,g271,near_test,unseen_test,g271:7,S,S,S,S,S,S,S
g271_test_group_0173,g271,near_test,unseen_test,g271:8,S,S,S,S,S,S,S
g271_test_group_0175,g271,near_test,unseen_test,g271:10,S,S,S,S,S,S,S
g271_test_group_0176,g271,near_test,unseen_test,g271:0,S,S,S,S,S,S,U
g271_test_group_0177,g271,near_test,unseen_test,g271:2,S,S,S,S,S,S,U
g271_test_group_0178,g271,near_test,unseen_test,g271:2,S,S,S,S,S,S,U
g271_test_group_0184,g271,near_test,unseen_test,g271:8,S,S,S,S,S,S,S
g271_test_group_0185,g271,near_test,unseen_test,g271:9,S,S,U,S,U,U,U
g271_test_group_0188,g271,near_test,unseen_test,g271:2,S,S,S,S,S,S,U
g271_test_group_0189,g271,near_test,unseen_test,g271:2,S,S,S,S,S,S,U
g271_test_group_0191,g271,near_test,unseen_test,g271:4,S,S,S,S,S,S,S
g271_test_group_0193,g271,near_test,unseen_test,g271:6,S,S,S,S,S,S,S
g271_test_group_0194,g271,near_test,unseen_test,g271:7,S,S,S,S,S,S,S
g271_test_group_0195,g271,near_test,unseen_test,g271:0,S,U,S,U,S,S,U
g271_test_group_0196,g271,near_test,unseen_test,g271:4,U,S,U,U,U,S,U
g271_test_group_0197,g271,near_test,unseen_test,g271:10,S,S,S,S,S,S,S
g271_test_group_0198,g271,near_test,unseen_test,g271:0,S,S,S,S,S,S,S
g271_test_group_0200,g271,near_test,unseen_test,g271:2,S,S,S,U,S,U,U
g271_test_group_0203,g271,near_test,unseen_test,g271:5,S,S,S,U,S,S,S
g271_test_group_0207,g271,near_test,unseen_test,g271:9,S,S,S,S,S,S,U
g271_test_group_0209,g271,near_test,unseen_test,g271:0,S,S,S,S,S,S,S
g271_test_group_0210,g271,near_test,unseen_test,g271:2,S,S,S,S,S,S,S
g271_test_group_0211,g271,near_test,unseen_test,g271:2,S,S,S,S,S,S,U
g271_test_group_0214,g271,near_test,unseen_test,g271:5,S,S,S,S,S,S,S
g271_test_group_0216,g271,near_test,unseen_test,g271:7,S,S,S,S,S,S,S
g271_test_group_0220,g271,near_test,unseen_test,g271:8,S,S,S,S,U,S,S
g271_test_group_0223,g271,near_test,unseen_test,g271:3,S,S,S,S,S,S,S
g271_test_group_0224,g271,near_test,unseen_test,g271:4,S,S,S,S,S,S,U
g271_test_group_0225,g271,near_test,unseen_test,g271:5,U,S,U,U,S,S,U
g271_test_group_0226,g271,near_test,unseen_test,g271:6,S,S,S,S,S,S,S
g271_test_group_0229,g271,near_test,unseen_test,g271:9,U,S,U,U,U,U,U
g271_test_group_0230,g271,near_test,unseen_test,g271:10,S,S,S,S,S,S,S
g271_test_group_0231,g271,near_test,unseen_test,g271:0,S,S,S,S,S,S,S
g271_test_group_0232,g271,near_test,unseen_test,g271:2,S,S,S,S,S,S,U
g271_test_group_0233,g271,near_test,unseen_test,g271:2,U,S,S,S,S,S,U
g271_test_group_0236,g271,near_test,unseen_test,g271:5,S,S,S,S,S,S,S
g271_test_group_0237,g271,near_test,unseen_test,g271:6,S,S,S,S,S,S,S
g271_test_group_0239,g271,near_test,unseen_test,g271:0,S,S,S,S,S,S,U
g271_test_group_0240,g271,near_test,unseen_test,g271:9,U,S,S,S,S,S,U
g271_test_group_0241,g271,near_test,unseen_test,g271:10,S,S,S,S,S,S,S
g271_test_group_0242,g271,near_test,unseen_test,g271:0,S,S,S,S,S,S,S
g271_test_group_0245,g271,near_test,unseen_test,g271:3,S,S,S,S,S,S,S
g271_test_group_0247,g271,near_test,unseen_test,g271:5,S,S,S,S,S,S,S
g271_test_group_0248,g271,near_test,unseen_test,g271:6,S,S,S,S,S,S,S
g251_test_group_0000,g251,near_test,unseen_test,g251:0,S,U,U,S,S,U,U
g251_test_group_0001,g251,near_test,unseen_test,g251:2,S,S,S,S,S,S,S
g251_test_group_0003,g251,near_test,unseen_test,g251:4,S,S,S,S,S,S,S
g251_test_group_0007,g251,near_test,unseen_test,g251:7,S,S,S,S,S,S,S
g251_test_group_0008,g251,near_test,unseen_test,g251:0,S,U,S,U,U,U,U
g251_test_group_0012,g251,near_test,unseen_test,g251:2,U,U,U,U,U,U,U
g251_test_group_0013,g251,near_test,unseen_test,g251:2,S,S,S,S,S,S,U
g251_test_group_0014,g251,near_test,unseen_test,g251:3,S,S,U,U,U,U,U
g251_test_group_0016,g251,near_test,unseen_test,g251:6,S,S,S,S,S,S,S
g251_test_group_0017,g251,near_test,unseen_test,g251:6,S,S,S,S,S,S,S
g251_test_group_0019,g251,near_test,unseen_test,g251:8,S,S,S,S,S,S,U
g251_test_group_0020,g251,near_test,unseen_test,g251:9,S,S,S,S,S,S,S
g251_test_group_0022,g251,near_test,unseen_test,g251:0,S,S,S,S,S,S,S
g251_test_group_0023,g251,near_test,unseen_test,g251:2,S,S,S,S,S,S,S
g251_test_group_0025,g251,near_test,unseen_test,g251:4,S,S,S,S,S,S,U
g251_test_group_0027,g251,near_test,unseen_test,g251:6,S,S,S,S,S,S,S
g251_test_group_0030,g251,near_test,unseen_test,g251:0,S,S,S,S,S,S,U
g251_test_group_0031,g251,near_test,unseen_test,g251:0,U,U,U,U,U,U,U
g251_test_group_0033,g251,near_test,unseen_test,g251:0,S,S,S,S,S,S,U
g251_test_group_0034,g251,near_test,unseen_test,g251:2,S,S,S,S,S,S,U
g251_test_group_0037,g251,near_test,unseen_test,g251:4,S,S,S,S,S,S,S
g251_test_group_0038,g251,near_test,unseen_test,g251:6,S,S,S,S,S,S,S
g251_test_group_0042,g251,near_test,unseen_test,g251:0,S,U,U,S,U,S,S
g251_test_group_0045,g251,near_test,unseen_test,g251:2,S,S,S,S,S,S,U
g251_test_group_0048,g251,near_test,unseen_test,g251:4,S,U,S,S,S,S,S
g251_test_group_0049,g251,near_test,unseen_test,g251:6,S,S,S,S,S,S,S
g251_test_group_0050,g251,near_test,unseen_test,g251:6,S,S,S,S,S,S,S
g251_test_group_0052,g251,near_test,unseen_test,g251:8,S,S,S,S,S,S,U
g251_test_group_0053,g251,near_test,unseen_test,g251:9,S,S,S,S,S,S,U
g251_test_group_0054,g251,near_test,unseen_test,g251:0,S,S,S,S,S,S,U
g251_test_group_0055,g251,near_test,unseen_test,g251:0,S,S,S,S,S,S,S
g251_test_group_0057,g251,near_test,unseen_test,g251:2,S,S,S,S,S,S,U
g251_test_group_0058,g251,near_test,unseen_test,g251:4,S,S,S,S,S,S,S
g251_test_group_0060,g251,near_test,unseen_test,g251:0,S,S,S,S,S,S,S
g251_test_group_0063,g251,near_test,unseen_test,g251:8,S,S,S,S,S,S,S
g251_test_group_0071,g251,near_test,unseen_test,g251:6,S,S,S,S,S,S,S
g251_test_group_0072,g251,near_test,unseen_test,g251:6,S,S,S,S,S,S,S
g251_test_group_0073,g251,near_test,unseen_test,g251:7,S,S,S,S,S,S,S
g251_test_group_0076,g251,near_test,unseen_test,g251:0,U,U,U,U,U,U,U
g251_test_group_0077,g251,near_test,unseen_test,g251:0,S,S,S,S,U,U,U
g251_test_group_0079,g251,near_test,unseen_test,g251:2,S,S,S,S,S,S,S
g251_test_group_0080,g251,near_test,unseen_test,g251:4,S,S,S,S,S,S,S
g251_test_group_0081,g251,near_test,unseen_test,g251:4,S,S,S,S,S,S,S
g251_test_group_0082,g251,near_test,unseen_test,g251:6,S,S,S,S,S,S,U
g251_test_group_0083,g251,near_test,unseen_test,g251:9,S,S,S,S,S,S,U
g251_test_group_0084,g251,near_test,unseen_test,g251:7,S,S,S,S,S,S,S
g251_test_group_0085,g251,near_test,unseen_test,g251:8,S,S,S,S,S,S,S
g251_test_group_0088,g251,near_test,unseen_test,g251:0,U,U,U,U,U,U,S
g251_test_group_0089,g251,near_test,unseen_test,g251:2,S,S,S,S,S,S,U
g251_test_group_0098,g251,near_test,unseen_test,g251:0,S,S,S,S,S,S,S
g251_test_group_0099,g251,near_test,unseen_test,g251:0,S,S,U,S,S,S,S
g251_test_group_0100,g251,near_test,unseen_test,g251:2,S,S,S,S,S,S,S
g251_test_group_0104,g251,near_test,unseen_test,g251:6,S,S,S,S,S,S,S
g251_test_group_0105,g251,near_test,unseen_test,g251:6,S,S,S,S,S,S,S
g251_test_group_0106,g251,near_test,unseen_test,g251:7,S,S,S,S,S,S,U
g251_test_group_0108,g251,near_test,unseen_test,g251:6,S,S,S,S,S,S,U
g251_test_group_0110,g251,near_test,unseen_test,g251:0,S,S,U,S,U,S,U
g251_test_group_0111,g251,near_test,unseen_test,g251:2,S,S,S,S,S,S,S
g251_test_group_0112,g251,near_test,unseen_test,g251:2,S,S,S,S,S,S,U
g251_test_group_0113,g251,near_test,unseen_test,g251:4,U,U,S,S,S,S,S
g251_test_group_0114,g251,near_test,unseen_test,g251:4,U,U,U,S,S,S,U
g251_test_group_0118,g251,near_test,unseen_test,g251:0,U,U,U,U,U,U,U
g251_test_group_0119,g251,near_test,unseen_test,g251:0,U,U,U,U,U,S,U
g251_test_group_0121,g251,near_test,unseen_test,g251:0,U,U,U,S,S,U,U
g251_test_group_0122,g251,near_test,unseen_test,g251:2,S,S,S,S,S,S,S
g251_test_group_0125,g251,near_test,unseen_test,g251:4,S,S,S,S,S,S,S
g251_test_group_0128,g251,near_test,unseen_test,g251:7,S,S,S,S,S,S,S
g251_test_group_0129,g251,near_test,unseen_test,g251:0,S,U,U,U,U,U,U
g251_test_group_0130,g251,near_test,unseen_test,g251:9,S,S,S,S,S,S,U
g251_test_group_0131,g251,near_test,unseen_test,g251:0,S,U,S,S,S,S,U
g251_test_group_0134,g251,near_test,unseen_test,g251:2,S,S,S,S,S,S,U
g251_test_group_0136,g251,near_test,unseen_test,g251:4,S,S,S,S,S,S,S
g251_test_group_0137,g251,near_test,unseen_test,g251:6,S,S,S,S,S,S,S
g251_test_group_0138,g251,near_test,unseen_test,g251:6,S,S,S,S,S,S,S
g251_test_group_0139,g251,near_test,unseen_test,g251:7,S,S,S,S,S,S,S
g251_test_group_0141,g251,near_test,unseen_test,g251:9,S,S,S,S,S,S,S
g251_test_group_0142,g251,near_test,unseen_test,g251:0,S,S,S,S,S,S,S
g251_test_group_0145,g251,near_test,unseen_test,g251:2,S,S,S,S,S,S,S
g251_test_group_0149,g251,near_test,unseen_test,g251:6,S,S,S,S,S,S,S
g251_test_group_0150,g251,near_test,unseen_test,g251:7,S,S,S,S,S,S,S
g251_test_group_0151,g251,near_test,unseen_test,g251:0,S,S,S,S,S,S,U
g251_test_group_0153,g251,near_test,unseen_test,g251:0,U,U,U,S,U,S,U
g251_test_group_0154,g251,near_test,unseen_test,g251:0,U,U,U,U,U,U,U
g251_test_group_0157,g251,near_test,unseen_test,g251:4,S,S,S,S,S,S,S
g251_test_group_0159,g251,near_test,unseen_test,g251:6,S,S,S,S,S,S,U
g251_test_group_0160,g251,near_test,unseen_test,g251:6,S,S,S,S,S,S,S
g251_test_group_0161,g251,near_test,unseen_test,g251:7,S,S,S,S,S,S,U
g251_test_group_0162,g251,near_test,unseen_test,g251:0,S,U,U,U,U,S,U
g251_test_group_0167,g251,near_test,unseen_test,g251:2,S,S,S,S,S,S,S
g251_test_group_0169,g251,near_test,unseen_test,g251:4,S,S,S,S,S,S,S
g251_test_group_0176,g251,near_test,unseen_test,g251:0,S,S,S,S,S,S,S
g251_test_group_0179,g251,near_test,unseen_test,g251:4,S,S,S,S,S,S,S
g251_test_group_0181,g251,near_test,unseen_test,g251:6,S,S,S,S,S,S,U
g251_test_group_0184,g251,near_test,unseen_test,g251:0,U,U,U,U,U,U,U
g251_test_group_0190,g251,near_test,unseen_test,g251:4,S,S,S,S,S,S,U
g251_test_group_0191,g251,near_test,unseen_test,g251:4,S,S,S,S,S,S,S
g251_test_group_0192,g251,near_test,unseen_test,g251:6,S,S,S,S,S,S,S
g251_test_group_0199,g251,near_test,unseen_test,g251:2,S,S,S,S,S,S,U
g251_test_group_0200,g251,near_test,unseen_test,g251:2,U,U,U,S,S,S,U
g251_test_group_0202,g251,near_test,unseen_test,g251:4,S,S,S,S,S,S,S
g251_test_group_0203,g251,near_test,unseen_test,g251:6,S,S,S,S,S,S,U
g251_test_group_0206,g251,near_test,unseen_test,g251:2,S,S,S,S,S,S,S
g251_test_group_0207,g251,near_test,unseen_test,g251:2,S,S,S,S,S,S,S
g251_test_group_0209,g251,near_test,unseen_test,g251:0,S,U,S,S,S,S,U
g251_test_group_0210,g251,near_test,unseen_test,g251:2,S,S,S,S,S,S,U
g251_test_group_0211,g251,near_test,unseen_test,g251:2,S,S,S,S,S,S,U
g251_test_group_0213,g251,near_test,unseen_test,g251:4,S,S,S,S,S,S,S
g251_test_group_0214,g251,near_test,unseen_test,g251:6,S,S,S,S,S,S,U
g251_test_group_0217,g251,near_test,unseen_test,g251:8,S,S,S,S,S,S,S
g251_test_group_0218,g251,near_test,unseen_test,g251:9,S,S,S,S,S,S,U
g251_test_group_0219,g251,near_test,unseen_test,g251:0,S,S,S,S,S,S,S
g251_test_group_0220,g251,near_test,unseen_test,g251:0,S,S,S,S,S,S,S
g251_test_group_0221,g251,near_test,unseen_test,g251:2,U,U,S,S,S,S,S
g251_test_group_0223,g251,near_test,unseen_test,g251:4,S,S,S,S,S,S,S
g251_test_group_0228,g251,near_test,unseen_test,g251:0,S,S,S,S,S,S,U
g251_test_group_0229,g251,near_test,unseen_test,g251:0,S,S,U,S,S,S,U
g251_test_group_0231,g251,near_test,unseen_test,g251:0,U,U,U,U,U,U,U
g251_test_group_0232,g251,near_test,unseen_test,g251:2,S,S,S,S,S,S,S
g251_test_group_0233,g251,near_test,unseen_test,g251:2,S,S,S,S,S,S,S
g251_test_group_0235,g251,near_test,unseen_test,g251:4,S,S,S,S,S,S,S
g251_test_group_0238,g251,near_test,unseen_test,g251:7,S,S,S,S,S,S,U
g251_test_group_0243,g251,near_test,unseen_test,g251:2,S,S,S,S,S,S,S
g251_test_group_0244,g251,near_test,unseen_test,g251:2,S,S,S,S,S,S,S
g251_test_group_0246,g251,near_test,unseen_test,g251:4,U,U,S,U,U,U,S
g251_test_group_0248,g251,near_test,unseen_test,g251:6,U,U,U,S,S,U,U
g247_test_group_0000,g247,near_test,unseen_test,g247:0,S,S,S,S,S,S,S
g247_test_group_0002,g247,near_test,unseen_test,g247:2,U,U,U,U,U,S,U
g247_test_group_0004,g247,near_test,unseen_test,g247:4,S,S,S,S,S,S,U
g247_test_group_0005,g247,near_test,unseen_test,g247:5,S,S,S,U,S,U,U
g247_test_group_0008,g247,near_test,unseen_test,g247:8,S,S,S,S,S,S,U
g247_test_group_0010,g247,near_test,unseen_test,g247:6,S,S,S,S,S,S,S
g247_test_group_0012,g247,near_test,unseen_test,g247:1,S,S,S,S,S,S,S
g247_test_group_0013,g247,near_test,unseen_test,g247:2,S,S,S,S,U,U,U
g247_test_group_0015,g247,near_test,unseen_test,g247:4,S,S,S,S,S,S,S
g247_test_group_0016,g247,near_test,unseen_test,g247:5,S,S,U,S,S,S,U
g247_test_group_0021,g247,near_test,unseen_test,g247:10,S,S,S,U,U,S,S
g247_test_group_0022,g247,near_test,unseen_test,g247:0,S,S,S,S,S,S,U
g247_test_group_0023,g247,near_test,unseen_test,g247:2,U,U,U,S,S,S,U
g247_test_group_0025,g247,near_test,unseen_test,g247:3,S,S,S,S,S,S,U
g247_test_group_0027,g247,near_test,unseen_test,g247:5,S,S,S,S,S,S,U
g247_test_group_0028,g247,near_test,unseen_test,g247:6,U,U,S,S,S,S,U
g247_test_group_0029,g247,near_test,unseen_test,g247:7,U,S,U,U,S,U,U
g247_test_group_0031,g247,near_test,unseen_test,g247:9,S,S,S,S,S,S,S
g247_test_group_0033,g247,near_test,unseen_test,g247:0,S,S,S,S,S,S,S
g247_test_group_0034,g247,near_test,unseen_test,g247:1,S,S,S,S,S,S,U
g247_test_group_0035,g247,near_test,unseen_test,g247:2,S,S,S,S,S,S,S
g247_test_group_0036,g247,near_test,unseen_test,g247:3,S,U,S,S,S,S,U
g247_test_group_0039,g247,near_test,unseen_test,g247:6,S,S,S,S,S,S,U
g247_test_group_0041,g247,near_test,unseen_test,g247:8,U,U,S,U,S,S,U
g247_test_group_0043,g247,near_test,unseen_test,g247:9,S,S,U,S,S,S,S
g247_test_group_0048,g247,near_test,unseen_test,g247:4,S,S,S,S,S,S,U
g247_test_group_0050,g247,near_test,unseen_test,g247:6,S,S,S,S,S,S,S
g247_test_group_0054,g247,near_test,unseen_test,g247:10,S,S,S,S,S,S,S
g247_test_group_0056,g247,near_test,unseen_test,g247:2,S,S,S,S,S,S,U
g247_test_group_0057,g247,near_test,unseen_test,g247:2,S,S,S,S,S,S,U
g247_test_group_0060,g247,near_test,unseen_test,g247:5,S,S,S,S,S,S,U
g247_test_group_0063,g247,near_test,unseen_test,g247:8,S,S,S,S,S,S,U
g247_test_group_0064,g247,near_test,unseen_test,g247:9,S,S,S,S,S,S,U
g247_test_group_0065,g247,near_test,unseen_test,g247:10,S,S,U,S,S,S,S
g247_test_group_0068,g247,near_test,unseen_test,g247:2,S,U,S,S,S,S,S
g247_test_group_0069,g247,near_test,unseen_test,g247:3,S,S,S,S,S,S,S
g247_test_group_0071,g247,near_test,unseen_test,g247:5,S,S,S,S,S,S,U
g247_test_group_0072,g247,near_test,unseen_test,g247:6,S,S,S,S,S,S,S
g247_test_group_0073,g247,near_test,unseen_test,g247:7,U,S,S,S,S,S,U
g247_test_group_0074,g247,near_test,unseen_test,g247:8,U,U,U,U,U,U,U
g247_test_group_0075,g247,near_test,unseen_test,g247:9,S,S,S,U,S,S,U
g247_test_group_0076,g247,near_test,unseen_test,g247:10,S,S,S,S,S,S,S
g247_test_group_0077,g247,near_test,unseen_test,g247:0,S,S,S,S,S,S,S
g247_test_group_0081,g247,near_test,unseen_test,g247:4,S,S,S,S,S,S,U
g247_test_group_0082,g247,near_test,unseen_test,g247:5,S,S,S,S,S,S,U
g247_test_group_0083,g247,near_test,unseen_test,g247:6,S,S,S,S,S,S,S
g247_test_group_0084,g247,near_test,unseen_test,g247:7,U,S,U,S,S,S,U
g247_test_group_0086,g247,near_test,unseen_test,g247:9,S,S,S,S,S,S,S
g247_test_group_0089,g247,near_test,unseen_test,g247:1,S,S,S,S,S,S,S
g247_test_group_0090,g247,near_test,unseen_test,g247:2,S,U,S,S,S,S,S
g247_test_group_0093,g247,near_test,unseen_test,g247:5,S,S,S,S,S,S,U
g247_test_group_0095,g247,near_test,unseen_test,g247:8,S,S,S,S,U,S,S
g247_test_group_0097,g247,near_test,unseen_test,g247:9,S,S,S,S,S,S,U
g247_test_group_0099,g247,near_test,unseen_test,g247:0,S,S,S,S,S,S,U
g247_test_group_0100,g247,near_test,unseen_test,g247:2,S,U,U,U,U,U,U
g247_test_group_0101,g247,near_test,unseen_test,g247:9,S,S,S,S,S,S,U
g247_test_group_0105,g247,near_test,unseen_test,g247:6,S,S,S,S,S,S,U
g247_test_group_0106,g247,near_test,unseen_test,g247:7,S,U,S,S,S,S,U
g247_test_group_0108,g247,near_test,unseen_test,g247:9,S,S,S,S,S,S,U
g247_test_group_0109,g247,near_test,unseen_test,g247:10,S,S,S,S,S,U,S
g247_test_group_0110,g247,near_test,unseen_test,g247:0,S,S,S,S,S,S,S
g247_test_group_0112,g247,near_test,unseen_test,g247:2,S,S,S,S,S,S,U
g247_test_group_0113,g247,near_test,unseen_test,g247:3,S,S,S,S,S,S,U
g247_test_group_0114,g247,near_test,unseen_test,g247:4,S,S,S,S,S,S,U
g247_test_group_0115,g247,near_test,unseen_test,g247:5,S,S,S,S,S,S,U
g247_test_group_0117,g247,near_test,unseen_test,g247:7,S,S,S,S,S,S,U
g247_test_group_0125,g247,near_test,unseen_test,g247:4,S,S,S,S,S,S,U
g247_test_group_0127,g247,near_test,unseen_test,g247:6,S,S,S,S,S,S,S
g247_test_group_0130,g247,near_test,unseen_test,g247:9,U,U,U,U,U,S,U
g247_test_group_0131,g247,near_test,unseen_test,g247:10,S,S,S,S,S,S,S
g247_test_group_0133,g247,near_test,unseen_test,g247:2,S,S,S,S,S,S,U
g247_test_group_0134,g247,near_test,unseen_test,g247:2,U,U,U,U,U,U,U
g247_test_group_0135,g247,near_test,unseen_test,g247:3,S,S,U,S,S,S,U
g247_test_group_0136,g247,near_test,unseen_test,g247:4,S,S,S,S,S,S,S
g247_test_group_0137,g247,near_test,unseen_test,g247:5,S,S,S,S,S,S,U
g247_test_group_0138,g247,near_test,unseen_test,g247:6,S,S,S,S,S,S,S
g247_test_group_0141,g247,near_test,unseen_test,g247:9,S,S,S,S,S,S,S
g247_test_group_0142,g247,near_test,unseen_test,g247:10,S,S,S,U,S,S,S
g247_test_group_0144,g247,near_test,unseen_test,g247:1,S,S,S,S,S,S,U
g247_test_group_0146,g247,near_test,unseen_test,g247:3,S,U,S,S,U,U,U
g247_test_group_0148,g247,near_test,unseen_test,g247:5,S,U,S,S,S,S,U
g247_test_group_0149,g247,near_test,unseen_test,g247:6,S,S,S,S,S,S,S
g247_test_group_0150,g247,near_test,unseen_test,g247:7,U,S,U,S,U,S,U
g247_test_group_0151,g247,near_test,unseen_test,g247:2,S,S,S,U,U,U,U
g247_test_group_0152,g247,near_test,unseen_test,g247:9,S,S,S,S,S,S,S
g247_test_group_0153,g247,near_test,unseen_test,g247:10,S,S,S,S,S,S,S
g247_test_group_0155,g247,near_test,unseen_test,g247:1,S,S,S,S,S,S,U
g247_test_group_0159,g247,near_test,unseen_test,g247:5,S,S,S,S,S,S,U
g247_test_group_0160,g247,near_test,unseen_test,g247:6,S,S,S,S,S,S,S
g247_test_group_0161,g247,near_test,unseen_test,g247:7,S,S,S,S,S,S,U
g247_test_group_0163,g247,near_test,unseen_test,g247:9,S,S,S,S,S,S,S
g247_test_group_0165,g247,near_test,unseen_test,g247:0,S,S,S,S,S,S,S
g247_test_group_0167,g247,near_test,unseen_test,g247:9,S,S,S,S,S,S,U
g247_test_group_0172,g247,near_test,unseen_test,g247:8,S,S,S,S,S,S,S
g247_test_group_0173,g247,near_test,unseen_test,g247:2,S,S,S,S,S,S,U
g247_test_group_0175,g247,near_test,unseen_test,g247:10,S,S,S,S,S,S,S
g247_test_group_0179,g247,near_test,unseen_test,g247:3,S,U,S,S,S,U,S
g247_test_group_0180,g247,near_test,unseen_test,g247:4,S,S,S,S,S,S,S
g247_test_group_0186,g247,near_test,unseen_test,g247:10,S,S,S,S,S,S,S
g247_test_group_0188,g247,near_test,unseen_test,g247:1,S,S,S,S,S,S,U
g247_test_group_0191,g247,near_test,unseen_test,g247:5,S,S,S,S,S,S,U
g247_test_group_0197,g247,near_test,unseen_test,g247:0,S,S,S,S,S,S,S
g247_test_group_0199,g247,near_test,unseen_test,g247:1,S,S,S,S,S,S,S
g247_test_group_0201,g247,near_test,unseen_test,g247:3,S,S,S,S,S,S,U
g247_test_group_0206,g247,near_test,unseen_test,g247:8,U,S,S,S,S,S,U
g247_test_group_0207,g247,near_test,unseen_test,g247:9,S,S,S,S,S,S,S
g247_test_group_0209,g247,near_test,unseen_test,g247:0,S,S,S,S,S,S,S
g247_test_group_0213,g247,near_test,unseen_test,g247:4,S,S,S,S,S,S,U
g247_test_group_0216,g247,near_test,unseen_test,g247:8,S,S,S,S,S,S,S
g247_test_group_0218,g247,near_test,unseen_test,g247:9,S,S,S,S,S,S,S
g247_test_group_0219,g247,near_test,unseen_test,g247:10,S,S,U,S,S,S,S
g247_test_group_0221,g247,near_test,unseen_test,g247:1,S,S,S,S,S,S,S
g247_test_group_0226,g247,near_test,unseen_test,g247:6,S,S,S,S,S,S,S
g247_test_group_0227,g247,near_test,unseen_test,g247:7,U,U,U,S,U,S,U
g247_test_group_0228,g247,near_test,unseen_test,g247:2,S,S,S,S,S,S,S
g247_test_group_0229,g247,near_test,unseen_test,g247:9,S,S,S,S,S,S,U
g247_test_group_0230,g247,near_test,unseen_test,g247:10,S,S,S,S,S,S,S
g247_test_group_0232,g247,near_test,unseen_test,g247:7,S,U,S,S,S,S,U
g247_test_group_0234,g247,near_test,unseen_test,g247:3,S,S,S,S,S,S,S
g247_test_group_0235,g247,near_test,unseen_test,g247:4,S,U,S,S,U,S,U
g247_test_group_0236,g247,near_test,unseen_test,g247:5,S,S,S,S,S,S,U
g247_test_group_0240,g247,near_test,unseen_test,g247:9,S,S,S,S,S,S,U
g247_test_group_0244,g247,near_test,unseen_test,g247:2,S,S,S,U,S,S,S
g247_test_group_0247,g247,near_test,unseen_test,g247:5,S,S,S,S,S,S,U
g247_test_group_0248,g247,near_test,unseen_test,g247:6,S,S,S,S,S,S,S
g258_test_group_0000,g258,spread_test,unseen_test,g258:0,S,S,S,S,S,S,S
g258_test_group_0001,g258,spread_test,unseen_test,g258:2,U,U,U,U,S,U,U
g258_test_group_0002,g258,spread_test,unseen_test,g258:2,U,S,S,U,S,S,S
g258_test_group_0003,g258,spread_test,unseen_test,g258:3,S,S,S,S,S,S,S
g258_test_group_0005,g258,spread_test,unseen_test,g258:9,S,S,S,S,S,S,S
g258_test_group_0007,g258,spread_test,unseen_test,g258:9,U,U,U,S,U,S,S
g258_test_group_0009,g258,spread_test,unseen_test,g258:9,S,S,S,S,S,S,S
g258_test_group_0011,g258,spread_test,unseen_test,g258:2,S,S,S,S,S,S,U
g258_test_group_0012,g258,spread_test,unseen_test,g258:2,S,S,S,S,S,S,S
g258_test_group_0015,g258,spread_test,unseen_test,g258:5,S,S,S,S,S,S,S
g258_test_group_0017,g258,spread_test,unseen_test,g258:8,S,S,S,S,S,S,U
g258_test_group_0021,g258,spread_test,unseen_test,g258:2,U,U,U,U,U,U,U
g258_test_group_0022,g258,spread_test,unseen_test,g258:2,U,U,U,U,U,U,U
g258_test_group_0023,g258,spread_test,unseen_test,g258:3,S,S,S,S,S,S,U
g258_test_group_0026,g258,spread_test,unseen_test,g258:6,S,S,S,S,S,S,U
g258_test_group_0028,g258,spread_test,unseen_test,g258:8,S,S,S,S,S,S,S
g258_test_group_0029,g258,spread_test,unseen_test,g258:5,S,S,U,U,S,S,S
g258_test_group_0030,g258,spread_test,unseen_test,g258:0,S,S,S,S,S,S,U
g258_test_group_0031,g258,spread_test,unseen_test,g258:2,S,S,S,S,S,S,U
g258_test_group_0032,g258,spread_test,unseen_test,g258:2,S,S,S,S,S,S,S
g258_test_group_0036,g258,spread_test,unseen_test,g258:6,S,S,S,S,S,S,S
g258_test_group_0039,g258,spread_test,unseen_test,g258:9,S,S,S,S,S,S,S
g258_test_group_0040,g258,spread_test,unseen_test,g258:0,S,S,S,S,S,S,S
g258_test_group_0041,g258,spread_test,unseen_test,g258:2,S,S,S,S,U,S,S
g258_test_group_0043,g258,spread_test,unseen_test,g258:3,S,S,S,S,S,S,S
g258_test_group_0045,g258,spread_test,unseen_test,g258:5,S,S,S,S,S,S,S
g258_test_group_0047,g258,spread_test,unseen_test,g258:9,S,S,U,S,S,S,S
g258_test_group_0050,g258,spread_test,unseen_test,g258:0,S,S,S,S,S,S,S
g258_test_group_0051,g258,spread_test,unseen_test,g258:2,S,S,S,S,S,S,S
g258_test_group_0054,g258,spread_test,unseen_test,g258:4,S,S,S,S,S,S,U
g258_test_group_0056,g258,spread_test,unseen_test,g258:6,S,S,S,S,S,S,S
g258_test_group_0058,g258,spread_test,unseen_test,g258:9,S,S,S,S,S,S,S
g258_test_group_0059,g258,spread_test,unseen_test,g258:9,S,S,S,S,S,S,S
g258_test_group_0060,g258,spread_test,unseen_test,g258:0,S,S,S,S,S,S,S
g258_test_group_0063,g258,spread_test,unseen_test,g258:3,S,S,S,S,S,S,U
g258_test_group_0066,g258,spread_test,unseen_test,g258:6,S,S,S,S,S,S,S
g258_test_group_0067,g258,spread_test,unseen_test,g258:8,S,S,S,S,S,S,S
g258_test_group_0068,g258,spread_test,unseen_test,g258:8,S,S,S,S,S,S,S
g258_test_group_0070,g258,spread_test,unseen_test,g258:0,S,S,S,S,S,S,S
g258_test_group_0072,g258,spread_test,unseen_test,g258:2,U,U,U,U,U,U,U
g258_test_group_0073,g258,spread_test,unseen_test,g258:3,U,S,S,S,S,U,U
g258_test_group_0077,g258,spread_test,unseen_test,g258:8,S,S,S,U,S,S,S
g258_test_group_0079,g258,spread_test,unseen_test,g258:9,S,U,S,S,S,S,S
g258_test_group_0080,g258,spread_test,unseen_test,g258:0,S,U,S,S,S,U,U
g258_test_group_0081,g258,spread_test,unseen_test,g258:2,S,S,U,U,S,U,S
g258_test_group_0082,g258,spread_test,unseen_test,g258:2,U,S,S,U,U,U,S
g258_test_group_0083,g258,spread_test,unseen_test,g258:3,S,S,S,S,S,S,S
g258_test_group_0084,g258,spread_test,unseen_test,g258:4,S,S,S,S,S,S,U
g258_test_group_0085,g258,spread_test,unseen_test,g258:5,S,S,S,S,S,S,S
g258_test_group_0089,g258,spread_test,unseen_test,g258:8,S,S,S,S,S,S,S
g258_test_group_0090,g258,spread_test,unseen_test,g258:0,S,S,S,S,S,S,U
g258_test_group_0091,g258,spread_test,unseen_test,g258:2,S,S,S,S,S,S,S
g258_test_group_0093,g258,spread_test,unseen_test,g258:3,S,S,S,S,S,S,U
g258_test_group_0096,g258,spread_test,unseen_test,g258:6,S,S,S,S,S,S,S
g258_test_group_0097,g258,spread_test,unseen_test,g258:9,S,S,S,S,S,S,S
g258_test_group_0098,g258,spread_test,unseen_test,g258:8,S,S,S,S,S,S,S
g258_test_group_0099,g258,spread_test,unseen_test,g258:9,S,U,S,S,U,S,S
g258_test_group_0100,g258,spread_test,unseen_test,g258:0,S,S,S,S,S,S,S
g258_test_group_0102,g258,spread_test,unseen_test,g258:2,S,S,S,S,S,S,U
g258_test_group_0103,g258,spread_test,unseen_test,g258:3,S,U,U,S,S,S,U
g258_test_group_0104,g258,spread_test,unseen_test,g258:4,S,S,S,U,S,S,U
g258_test_group_0107,g258,spread_test,unseen_test,g258:9,U,S,S,S,S,S,S
g258_test_group_0109,g258,spread_test,unseen_test,g258:9,S,S,S,S,U,S,S
g258_test_group_0110,g258,spread_test,unseen_test,g258:0,S,S,S,S,S,S,S
g258_test_group_0111,g258,spread_test,unseen_test,g258:2,S,U,S,U,U,S,U
g258_test_group_0112,g258,spread_test,unseen_test,g258:2,S,S,U,U,S,U,S
g258_test_group_0115,g258,spread_test,unseen_test,g258:9,S,S,S,S,S,S,S
g258_test_group_0116,g258,spread_test,unseen_test,g258:6,S,S,S,S,S,S,S
g258_test_group_0117,g258,spread_test,unseen_test,g258:7,S,S,S,S,S,S,S
g258_test_group_0118,g258,spread_test,unseen_test,g258:8,S,S,S,S,S,U,S
g258_test_group_0120,g258,spread_test,unseen_test,g258:0,S,S,S,S,S,S,S
g258_test_group_0122,g258,spread_test,unseen_test,g258:2,S,S,S,S,S,S,U
g258_test_group_0126,g258,spread_test,unseen_test,g258:6,S,S,S,S,S,S,S
g258_test_group_0131,g258,spread_test,unseen_test,g258:2,S,U,S,S,S,S,U
g258_test_group_0132,g258,spread_test,unseen_test,g258:2,S,S,S,S,S,S,S
g258_test_group_0133,g258,spread_test,unseen_test,g258:3,S,S,S,S,S,S,S
g258_test_group_0135,g258,spread_test,unseen_test,g258:5,S,S,S,S,U,S,S
g258_test_group_0136,g258,spread_test,unseen_test,g258:3,S,S,S,S,U,S,S
g258_test_group_0138,g258,spread_test,unseen_test,g258:9,S,S,S,S,S,S,S
g258_test_group_0140,g258,spread_test,unseen_test,g258:0,S,S,S,S,S,S,S
g258_test_group_0142,g258,spread_test,unseen_test,g258:2,S,S,S,S,S,S,S
g258_test_group_0144,g258,spread_test,unseen_test,g258:4,U,U,S,S,S,S,S
g258_test_group_0151,g258,spread_test,unseen_test,g258:2,S,S,S,S,S,S,U
g258_test_group_0154,g258,spread_test,unseen_test,g258:5,S,S,S,S,S,S,S
g258_test_group_0157,g258,spread_test,unseen_test,g258:9,S,S,S,S,S,S,S
g258_test_group_0158,g258,spread_test,unseen_test,g258:9,S,S,S,S,S,S,S
g258_test_group_0159,g258,spread_test,unseen_test,g258:9,S,S,S,S,S,S,S
g258_test_group_0161,g258,spread_test,unseen_test,g258:2,S,S,S,S,S,S,U
g258_test_group_0164,g258,spread_test,unseen_test,g258:4,U,U,S,S,S,U,U
g258_test_group_0165,g258,spread_test,unseen_test,g258:5,S,S,S,S,S,S,S
g258_test_group_0166,g258,spread_test,unseen_test,g258:3,S,S,S,S,S,S,U
g258_test_group_0167,g258,spread_test,unseen_test,g258:9,S,S,S,S,S,S,S
g258_test_group_0169,g258,spread_test,unseen_test,g258:9,S,S,S,S,S,S,S
g258_test_group_0171,g258,spread_test,unseen_test,g258:2,S,S,S,S,S,S,S
g258_test_group_0172,g258,spread_test,unseen_test,g258:2,S,S,S,S,S,S,S
g258_test_group_0176,g258,spread_test,unseen_test,g258:6,S,S,S,S,S,S,S
g258_test_group_0177,g258,spread_test,unseen_test,g258:9,S,S,S,S,S,S,S
g258_test_group_0181,g258,spread_test,unseen_test,g258:2,U,S,U,U,S,U,U
g258_test_group_0184,g258,spread_test,unseen_test,g258:4,S,S,U,U,S,U,S
g258_test_group_0186,g258,spread_test,unseen_test,g258:6,S,S,S,S,S,S,S
g258_test_group_0188,g258,spread_test,unseen_test,g258:9,S,S,S,S,S,S,S
g258_test_group_0197,g258,spread_test,unseen_test,g258:9,S,S,S,S,U,S,S
g258_test_group_0199,g258,spread_test,unseen_test,g258:9,S,S,S,S,S,S,S
g258_test_group_0202,g258,spread_test,unseen_test,g258:2,S,S,S,S,S,S,S
g258_test_group_0203,g258,spread_test,unseen_test,g258:3,S,S,S,S,S,S,S
g258_test_group_0204,g258,spread_test,unseen_test,g258:4,S,S,S,U,U,S,U
g258_test_group_0212,g258,spread_test,unseen_test,g258:2,S,S,S,S,S,S,U
g258_test_group_0214,g258,spread_test,unseen_test,g258:4,U,U,U,U,U,U,U
g258_test_group_0215,g258,spread_test,unseen_test,g258:5,S,S,S,S,S,S,S
g258_test_group_0217,g258,spread_test,unseen_test,g258:8,S,S,S,S,S,S,S
g258_test_group_0218,g258,spread_test,unseen_test,g258:8,S,S,S,S,S,S,S
g258_test_group_0219,g258,spread_test,unseen_test,g258:8,S,S,S,S,S,S,S
g258_test_group_0220,g258,spread_test,unseen_test,g258:0,S,S,S,S,S,S,S
g258_test_group_0221,g258,spread_test,unseen_test,g258:2,U,U,S,U,S,S,S
g258_test_group_0224,g258,spread_test,unseen_test,g258:4,S,S,S,S,S,S,S
g258_test_group_0225,g258,spread_test,unseen_test,g258:9,S,S,S,S,S,S,S
g258_test_group_0229,g258,spread_test,unseen_test,g258:9,S,S,S,S,S,S,S
g258_test_group_0231,g258,spread_test,unseen_test,g258:2,S,S,S,S,S,S,S
g258_test_group_0236,g258,spread_test,unseen_test,g258:6,S,S,S,S,S,S,S
g258_test_group_0238,g258,spread_test,unseen_test,g258:8,S,S,S,S,S,S,S
g258_test_group_0240,g258,spread_test,unseen_test,g258:0,S,S,S,S,S,S,S
g258_test_group_0245,g258,spread_test,unseen_test,g258:9,U,S,S,S,S,S,S
g258_test_group_0246,g258,spread_test,unseen_test,g258:6,S,S,S,S,S,S,S
g258_test_group_0248,g258,spread_test,unseen_test,g258:8,U,S,S,S,U,S,S
g258_test_group_0249,g258,spread_test,unseen_test,g258:9,S,S,S,S,S,S,S
g268_test_group_0001,g268,spread_test,unseen_test,g268:1,S,S,S,S,S,S,U
g268_test_group_0002,g268,spread_test,unseen_test,g268:2,S,S,S,S,S,S,S
g268_test_group_0005,g268,spread_test,unseen_test,g268:5,S,S,S,S,S,S,S
g268_test_group_0006,g268,spread_test,unseen_test,g268:6,S,S,S,S,S,S,U
g268_test_group_0007,g268,spread_test,unseen_test,g268:7,S,S,S,S,S,S,S
g268_test_group_0008,g268,spread_test,unseen_test,g268:8,U,U,U,S,S,U,U
g268_test_group_0009,g268,spread_test,unseen_test,g268:9,S,S,S,S,S,S,U
g268_test_group_0012,g268,spread_test,unseen_test,g268:2,S,S,S,S,S,U,S
g268_test_group_0013,g268,spread_test,unseen_test,g268:1,S,S,S,S,S,S,S
g268_test_group_0014,g268,spread_test,unseen_test,g268:2,S,S,S,S,S,S,S
g268_test_group_0019,g268,spread_test,unseen_test,g268:7,S,S,S,S,S,S,S
g268_test_group_0021,g268,spread_test,unseen_test,g268:9,S,S,S,S,S,S,S
g268_test_group_0022,g268,spread_test,unseen_test,g268:10,S,S,U,S,U,S,U
g268_test_group_0023,g268,spread_test,unseen_test,g268:11,S,S,S,S,U,S,U
g268_test_group_0026,g268,spread_test,unseen_test,g268:2,S,S,S,U,S,U,S
g268_test_group_0029,g268,spread_test,unseen_test,g268:5,S,S,S,S,S,U,S
g268_test_group_0030,g268,spread_test,unseen_test,g268:6,S,S,S,S,S,S,S
g268_test_group_0031,g268,spread_test,unseen_test,g268:7,S,S,S,S,S,S,S
g268_test_group_0034,g268,spread_test,unseen_test,g268:7,S,S,S,S,S,S,U
g268_test_group_0038,g268,spread_test,unseen_test,g268:2,S,S,S,S,S,U,U
g268_test_group_0042,g268,spread_test,unseen_test,g268:6,S,S,S,S,S,S,S
g268_test_group_0043,g268,spread_test,unseen_test,g268:5,U,S,S,S,S,S,U
g268_test_group_0045,g268,spread_test,unseen_test,g268:9,S,S,S,S,S,S,U
g268_test_group_0047,g268,spread_test,unseen_test,g268:11,S,S,U,S,S,S,U
g268_test_group_0050,g268,spread_test,unseen_test,g268:2,S,S,S,S,S,S,S
g268_test_group_0051,g268,spread_test,unseen_test,g268:3,S,S,S,S,S,S,U
g268_test_group_0052,g268,spread_test,unseen_test,g268:4,S,S,S,S,S,S,S
g268_test_group_0053,g268,spread_test,unseen_test,g268:5,S,S,S,S,S,S,S
g268_test_group_0055,g268,spread_test,unseen_test,g268:8,U,S,U,U,U,U,U
g268_test_group_0056,g268,spread_test,unseen_test,g268:8,S,S,S,S,S,S,U
g268_test_group_0057,g268,spread_test,unseen_test,g268:9,S,S,S,S,S,S,U
g268_test_group_0058,g268,spread_test,unseen_test,g268:10,S,S,S,S,S,S,U
g268_test_group_0060,g268,spread_test,unseen_test,g268:1,S,S,S,S,S,S,S
g268_test_group_0063,g268,spread_test,unseen_test,g268:3,U,S,S,S,S,S,S
g268_test_group_0066,g268,spread_test,unseen_test,g268:6,S,S,S,S,S,S,S
g268_test_group_0070,g268,spread_test,unseen_test,g268:10,S,S,S,S,S,S,U
g268_test_group_0072,g268,spread_test,unseen_test,g268:1,S,S,S,S,S,S,S
g268_test_group_0073,g268,spread_test,unseen_test,g268:2,S,S,S,S,S,S,S
g268_test_group_0074,g268,spread_test,unseen_test,g268:2,S,S,S,S,S,S,S
g268_test_group_0080,g268,spread_test,unseen_test,g268:8,U,S,U,U,S,U,U
g268_test_group_0081,g268,spread_test,unseen_test,g268:9,S,U,S,S,S,S,S
g268_test_group_0082,g268,spread_test,unseen_test,g268:2,U,S,S,S,S,S,U
g268_test_group_0084,g268,spread_test,unseen_test,g268:1,S,S,S,S,S,S,U
g268_test_group_0085,g268,spread_test,unseen_test,g268:1,S,S,S,S,S,S,S
g268_test_group_0087,g268,spread_test,unseen_test,g268:3,U,S,S,S,S,S,S
g268_test_group_0090,g268,spread_test,unseen_test,g268:6,S,S,S,S,S,S,S
g268_test_group_0091,g268,spread_test,unseen_test,g268:5,S,S,S,S,S,S,U
g268_test_group_0094,g268,spread_test,unseen_test,g268:10,U,S,S,S,S,U,U
g268_test_group_0098,g268,spread_test,unseen_test,g268:2,S,S,S,S,S,S,U
g268_test_group_0099,g268,spread_test,unseen_test,g268:3,U,U,S,S,S,S,S
g268_test_group_0100,g268,spread_test,unseen_test,g268:4,S,S,S,S,S,S,S
g268_test_group_0101,g268,spread_test,unseen_test,g268:5,U,S,U,U,S,S,U
g268_test_group_0103,g268,spread_test,unseen_test,g268:7,S,S,S,S,S,S,S
g268_test_group_0104,g268,spread_test,unseen_test,g268:8,S,S,S,U,S,S,U
g268_test_group_0105,g268,spread_test,unseen_test,g268:9,S,S,S,S,S,S,S
g268_test_group_0107,g268,spread_test,unseen_test,g268:11,S,S,S,S,S,S,U
g268_test_group_0109,g268,spread_test,unseen_test,g268:2,S,S,S,S,S,S,U
g268_test_group_0112,g268,spread_test,unseen_test,g268:4,S,S,S,S,S,S,S
g268_test_group_0116,g268,spread_test,unseen_test,g268:5,S,U,S,S,S,U,U
g268_test_group_0118,g268,spread_test,unseen_test,g268:10,S,S,U,S,S,S,U
g268_test_group_0119,g268,spread_test,unseen_test,g268:6,S,S,S,S,S,S,S
g268_test_group_0120,g268,spread_test,unseen_test,g268:9,S,S,S,S,S,S,S
g268_test_group_0122,g268,spread_test,unseen_test,g268:2,S,U,S,S,S,S,U
g268_test_group_0124,g268,spread_test,unseen_test,g268:4,S,S,S,S,S,S,S
g268_test_group_0127,g268,spread_test,unseen_test,g268:8,S,S,S,S,S,S,U
g268_test_group_0128,g268,spread_test,unseen_test,g268:8,S,S,U,S,U,U,U
g268_test_group_0130,g268,spread_test,unseen_test,g268:10,S,S,S,S,S,S,U
g268_test_group_0132,g268,spread_test,unseen_test,g268:1,S,S,U,U,U,S,U
g268_test_group_0133,g268,spread_test,unseen_test,g268:1,S,S,S,S,S,S,U
g268_test_group_0137,g268,spread_test,unseen_test,g268:5,S,S,S,S,S,S,S
g268_test_group_0138,g268,spread_test,unseen_test,g268:6,S,S,S,S,S,S,S
g268_test_group_0139,g268,spread_test,unseen_test,g268:8,S,S,S,S,S,S,U
g268_test_group_0141,g268,spread_test,unseen_test,g268:9,S,S,S,S,S,S,U
g268_test_group_0142,g268,spread_test,unseen_test,g268:7,U,U,U,U,S,U,U
g268_test_group_0145,g268,spread_test,unseen_test,g268:1,S,S,S,S,S,S,S
g268_test_group_0149,g268,spread_test,unseen_test,g268:5,U,U,U,U,U,U,U
g268_test_group_0150,g268,spread_test,unseen_test,g268:6,S,S,S,S,S,S,S
g268_test_group_0151,g268,spread_test,unseen_test,g268:7,S,S,S,S,S,S,S
g268_test_group_0155,g268,spread_test,unseen_test,g268:11,U,U,U,U,S,U,U
g268_test_group_0157,g268,spread_test,unseen_test,g268:9,S,S,S,S,S,S,U
g268_test_group_0159,g268,spread_test,unseen_test,g268:3,S,U,S,S,S,S,S
g268_test_group_0161,g268,spread_test,unseen_test,g268:5,S,S,S,S,S,S,U
g268_test_group_0162,g268,spread_test,unseen_test,g268:6,S,S,S,S,S,S,U
g268_test_group_0165,g268,spread_test,unseen_test,g268:9,S,S,S,S,S,S,S
g268_test_group_0166,g268,spread_test,unseen_test,g268:10,S,S,S,S,S,U,U
g268_test_group_0170,g268,spread_test,unseen_test,g268:2,S,S,S,S,S,S,S
g268_test_group_0172,g268,spread_test,unseen_test,g268:4,S,S,S,S,S,S,S
g268_test_group_0177,g268,spread_test,unseen_test,g268:9,S,S,S,S,S,S,U
g268_test_group_0178,g268,spread_test,unseen_test,g268:10,S,S,S,S,S,S,U
g268_test_group_0179,g268,spread_test,unseen_test,g268:11,S,S,S,S,S,S,S
g268_test_group_0181,g268,spread_test,unseen_test,g268:1,S,S,S,S,S,S,S
g268_test_group_0184,g268,spread_test,unseen_test,g268:4,S,S,S,S,S,S,S
g268_test_group_0186,g268,spread_test,unseen_test,g268:6,S,S,S,S,S,S,S
g268_test_group_0189,g268,spread_test,unseen_test,g268:9,S,S,S,S,S,S,S
g268_test_group_0190,g268,spread_test,unseen_test,g268:10,U,U,S,S,S,S,U
g268_test_group_0193,g268,spread_test,unseen_test,g268:9,S,S,S,S,S,S,S
g268_test_group_0194,g268,spread_test,unseen_test,g268:2,S,S,S,U,S,S,S
g268_test_group_0195,g268,spread_test,unseen_test,g268:3,S,S,S,S,S,S,S
g268_test_group_0196,g268,spread_test,unseen_test,g268:4,S,S,S,S,S,S,S
g268_test_group_0197,g268,spread_test,unseen_test,g268:5,S,S,S,S,S,S,S
g268_test_group_0199,g268,spread_test,unseen_test,g268:7,S,S,S,S,S,S,U
g268_test_group_0203,g268,spread_test,unseen_test,g268:11,U,U,U,U,U,U,U
g268_test_group_0204,g268,spread_test,unseen_test,g268:1,S,S,S,S,S,S,S
g268_test_group_0205,g268,spread_test,unseen_test,g268:1,S,S,S,S,S,S,U
g268_test_group_0206,g268,spread_test,unseen_test,g268:2,S,S,S,S,S,S,U
g268_test_group_0211,g268,spread_test,unseen_test,g268:8,U,U,U,U,U,U,U
g268_test_group_0213,g268,spread_test,unseen_test,g268:9,S,S,S,S,S,S,U
g268_test_group_0215,g268,spread_test,unseen_test,g268:11,U,S,U,S,S,S,U
g268_test_group_0217,g268,spread_test,unseen_test,g268:1,S,S,S,S,S,S,S
g268_test_group_0218,g268,spread_test,unseen_test,g268:2,S,S,S,S,S,S,S
g268_test_group_0219,g268,spread_test,unseen_test,g268:3,S,S,S,S,S,S,U
g268_test_group_0220,g268,spread_test,unseen_test,g268:4,S,S,S,S,S,S,S
g268_test_group_0222,g268,spread_test,unseen_test,g268:6,S,S,S,S,S,S,U
g268_test_group_0225,g268,spread_test,unseen_test,g268:9,S,S,S,S,S,S,S
g268_test_group_0226,g268,spread_test,unseen_test,g268:10,S,S,S,S,S,S,U
g268_test_group_0233,g268,spread_test,unseen_test,g268:6,S,S,S,S,S,S,S
g268_test_group_0235,g268,spread_test,unseen_test,g268:7,S,S,S,S,S,S,S
g268_test_group_0236,g268,spread_test,unseen_test,g268:8,U,U,U,S,S,S,U
g268_test_group_0239,g268,spread_test,unseen_test,g268:11,S,S,S,S,S,S,S
g268_test_group_0241,g268,spread_test,unseen_test,g268:1,S,S,S,S,S,S,S
g268_test_group_0242,g268,spread_test,unseen_test,g268:2,S,S,S,S,S,S,S
g268_test_group_0243,g268,spread_test,unseen_test,g268:3,U,U,U,U,U,U,U
g268_test_group_0246,g268,spread_test,unseen_test,g268:6,S,S,S,S,S,S,S
g268_test_group_0247,g268,spread_test,unseen_test,g268:7,S,S,S,S,S,S,S
g268_test_group_0249,g268,spread_test,unseen_test,g268:9,S,S,S,S,S,S,S
g263_test_group_0000,g263,spread_test,unseen_test,g263:0,S,S,S,S,S,S,S
g263_test_group_0002,g263,spread_test,unseen_test,g263:2,S,S,S,S,S,S,S
g263_test_group_0004,g263,spread_test,unseen_test,g263:4,S,S,S,S,S,S,S
g263_test_group_0007,g263,spread_test,unseen_test,g263:4,S,S,S,S,S,S,S
g263_test_group_0008,g263,spread_test,unseen_test,g263:8,S,S,S,S,S,S,S
g263_test_group_0009,g263,spread_test,unseen_test,g263:10,S,S,S,S,S,S,S
g263_test_group_0010,g263,spread_test,unseen_test,g263:10,S,S,S,S,S,S,S
g263_test_group_0011,g263,spread_test,unseen_test,g263:11,S,S,S,S,S,S,U
g263_test_group_0012,g263,spread_test,unseen_test,g263:10,S,S,S,S,S,S,U
g263_test_group_0014,g263,spread_test,unseen_test,g263:2,S,S,S,S,S,S,S
g263_test_group_0017,g263,spread_test,unseen_test,g263:5,U,S,S,S,S,S,U
g263_test_group_0018,g263,spread_test,unseen_test,g263:8,S,S,S,S,S,S,S
g263_test_group_0021,g263,spread_test,unseen_test,g263:10,S,S,S,S,S,S,U
g263_test_group_0022,g263,spread_test,unseen_test,g263:10,S,S,S,S,S,S,S
g263_test_group_0024,g263,spread_test,unseen_test,g263:0,S,U,S,S,S,S,U
g263_test_group_0025,g263,spread_test,unseen_test,g263:1,S,S,S,S,S,S,S
g263_test_group_0026,g263,spread_test,unseen_test,g263:2,S,S,S,S,S,S,S
g263_test_group_0032,g263,spread_test,unseen_test,g263:8,S,S,S,S,S,S,S
g263_test_group_0033,g263,spread_test,unseen_test,g263:10,S,S,S,S,S,S,S
g263_test_group_0035,g263,spread_test,unseen_test,g263:11,S,S,S,S,S,S,U
g263_test_group_0036,g263,spread_test,unseen_test,g263:0,S,S,S,S,S,S,S
g263_test_group_0037,g263,spread_test,unseen_test,g263:1,S,S,S,S,S,S,S
g263_test_group_0039,g263,spread_test,unseen_test,g263:3,S,S,S,S,S,S,U
g263_test_group_0040,g263,spread_test,unseen_test,g263:4,S,S,S,S,S,S,S
g263_test_group_0041,g263,spread_test,unseen_test,g263:5,U,S,S,S,S,S,U
g263_test_group_0042,g263,spread_test,unseen_test,g263:6,S,S,S,S,S,S,U
g263_test_group_0047,g263,spread_test,unseen_test,g263:11,S,S,S,S,S,S,U
g263_test_group_0048,g263,spread_test,unseen_test,g263:5,S,S,S,S,S,S,U
g263_test_group_0050,g263,spread_test,unseen_test,g263:2,S,S,S,S,S,S,S
g263_test_group_0051,g263,spread_test,unseen_test,g263:3,S,S,S,S,S,S,S
g263_test_group_0052,g263,spread_test,unseen_test,g263:4,S,S,S,S,S,S,S
g263_test_group_0053,g263,spread_test,unseen_test,g263:5,S,S,S,S,S,S,S
g263_test_group_0054,g263,spread_test,unseen_test,g263:6,S,U,S,U,U,S,U
g263_test_group_0055,g263,spread_test,unseen_test,g263:7,S,S,S,S,S,S,S
g263_test_group_0056,g263,spread_test,unseen_test,g263:8,S,S,S,S,S,S,S
g263_test_group_0058,g263,spread_test,unseen_test,g263:10,S,S,S,S,S,S,S
g263_test_group_0059,g263,spread_test,unseen_test,g263:11,S,S,U,U,U,S,U
g263_test_group_0062,g263,spread_test,unseen_test,g263:2,S,S,S,S,S,S,U
g263_test_group_0064,g263,spread_test,unseen_test,g263:4,S,S,S,S,S,S,S
g263_test_group_0065,g263,spread_test,unseen_test,g263:5,S,S,U,U,U,U,U
g263_test_group_0067,g263,spread_test,unseen_test,g263:7,S,S,S,S,S,S,U
g263_test_group_0069,g263,spread_test,unseen_test,g263:10,S,S,S,S,S,S,U
g263_test_group_0070,g263,spread_test,unseen_test,g263:10,S,S,S,S,S,S,S
g263_test_group_0071,g263,spread_test,unseen_test,g263:5,S,S,S,S,S,S,U
g263_test_group_0073,g263,spread_test,unseen_test,g263:1,S,S,S,S,S,S,S
g263_test_group_0076,g263,spread_test,unseen_test,g263:4,S,S,S,S,S,S,U
g263_test_group_0079,g263,spread_test,unseen_test,g263:7,S,S,S,S,S,S,U
g263_test_group_0080,g263,spread_test,unseen_test,g263:8,S,S,S,S,S,S,S
g263_test_group_0081,g263,spread_test,unseen_test,g263:0,S,S,S,S,S,S,S
g263_test_group_0082,g263,spread_test,unseen_test,g263:10,S,S,S,S,S,S,S
g263_test_group_0083,g263,spread_test,unseen_test,g263:5,S,S,S,S,S,S,S
g263_test_group_0084,g263,spread_test,unseen_test,g263:0,S,S,S,S,S,S,U
g263_test_group_0085,g263,spread_test,unseen_test,g263:1,S,S,S,S,S,S,S
g263_test_group_0089,g263,spread_test,unseen_test,g263:5,S,S,U,S,S,S,U
g263_test_group_0092,g263,spread_test,unseen_test,g263:8,S,S,S,S,S,S,S
g263_test_group_0093,g263,spread_test,unseen_test,g263:10,S,S,S,S,S,S,S
g263_test_group_0095,g263,spread_test,unseen_test,g263:11,S,S,S,S,S,S,U
g263_test_group_0099,g263,spread_test,unseen_test,g263:3,S,S,S,S,S,S,S
g263_test_group_0101,g263,spread_test,unseen_test,g263:11,S,S,S,S,S,S,U
g263_test_group_0103,g263,spread_test,unseen_test,g263:7,S,S,S,S,S,S,U
g263_test_group_0107,g263,spread_test,unseen_test,g263:11,S,S,S,U,U,S,U
g263_test_group_0108,g263,spread_test,unseen_test,g263:0,U,S,S,S,S,S,U
g263_test_group_0109,g263,spread_test,unseen_test,g263:1,S,S,S,S,S,S,S
g263_test_group_0112,g263,spread_test,unseen_test,g263:4,S,S,S,S,S,S,S
g263_test_group_0113,g263,spread_test,unseen_test,g263:5,S,S,S,S,S,S,U
g263_test_group_0121,g263,spread_test,unseen_test,g263:1,S,S,S,S,S,S,S
g263_test_group_0123,g263,spread_test,unseen_test,g263:3,S,S,S,S,S,S,S
g263_test_group_0126,g263,spread_test,unseen_test,g263:6,S,S,S,S,S,S,U
g263_test_group_0135,g263,spread_test,unseen_test,g263:3,S,S,S,S,S,S,S
g263_test_group_0137,g263,spread_test,unseen_test,g263:5,S,U,S,U,S,U,U
g263_test_group_0140,g263,spread_test,unseen_test,g263:8,S,S,S,S,S,S,S
g263_test_group_0144,g263,spread_test,unseen_test,g263:0,S,S,S,U,S,S,S
g263_test_group_0145,g263,spread_test,unseen_test,g263:1,S,S,S,S,S,S,S
g263_test_group_0149,g263,spread_test,unseen_test,g263:5,S,S,S,S,S,S,U
g263_test_group_0150,g263,spread_test,unseen_test,g263:10,S,S,S,S,S,S,U
g263_test_group_0152,g263,spread_test,unseen_test,g263:8,S,S,S,S,S,S,S
g263_test_group_0153,g263,spread_test,unseen_test,g263:10,S,S,S,S,S,S,S
g263_test_group_0154,g263,spread_test,unseen_test,g263:10,s,U,S,S,S,S,U
g263_test_group_0156,g263,spread_test,unseen_test,g263:5,S,S,S,S,S,S,U
g263_test_group_0157,g263,spread_test,unseen_test,g263:1,S,S,S,S,S,S,S
g263_test_group_0161,g263,spread_test,unseen_test,g263:5,S,S,S,S,S,S,S
g263_test_group_0162,g263,spread_test,unseen_test,g263:6,S,U,S,S,S,S,U
g263_test_group_0164,g263,spread_test,unseen_test,g263:8,S,S,S,S,S,S,S
g263_test_group_0166,g263,spread_test,unseen_test,g263:10,S,S,S,S,S,S,S
g263_test_group_0170,g263,spread_test,unseen_test,g263:2,S,S,S,S,S,S,S
g263_test_group_0171,g263,spread_test,unseen_test,g263:3,S,S,S,S,S,S,S
g263_test_group_0173,g263,spread_test,unseen_test,g263:5,U,U,S,S,S,S,U
g263_test_group_0174,g263,spread_test,unseen_test,g263:7,S,S,S,S,S,S,S
g263_test_group_0176,g263,spread_test,unseen_test,g263:8,S,S,S,S,S,U,S
g263_test_group_0177,g263,spread_test,unseen_test,g263:10,S,S,S,S,S,S,S
g263_test_group_0178,g263,spread_test,unseen_test,g263:10,S,S,S,S,S,S,U
g263_test_group_0180,g263,spread_test,unseen_test,g263:10,S,S,S,S,S,S,S
g263_test_group_0181,g263,spread_test,unseen_test,g263:1,S,S,S,S,S,S,S
g263_test_group_0184,g263,spread_test,unseen_test,g263:4,S,S,S,S,S,S,S
g263_test_group_0185,g263,spread_test,unseen_test,g263:5,S,S,S,S,S,S,U
g263_test_group_0188,g263,spread_test,unseen_test,g263:8,S,S,S,S,S,S,S
g263_test_group_0189,g263,spread_test,unseen_test,g263:10,S,S,S,S,S,S,S
g263_test_group_0190,g263,spread_test,unseen_test,g263:10,S,S,S,S,S,S,U
g263_test_group_0192,g263,spread_test,unseen_test,g263:0,S,S,S,S,S,S,S
g263_test_group_0194,g263,spread_test,unseen_test,g263:2,S,S,S,S,S,S,S
g263_test_group_0196,g263,spread_test,unseen_test,g263:4,S,S,S,S,S,S,U
g263_test_group_0197,g263,spread_test,unseen_test,g263:0,S,S,S,S,S,S,S
g263_test_group_0198,g263,spread_test,unseen_test,g263:0,S,S,S,S,S,S,U
g263_test_group_0202,g263,spread_test,unseen_test,g263:10,S,S,S,S,S,S,S
g263_test_group_0206,g263,spread_test,unseen_test,g263:2,S,S,S,S,S,S,S
g263_test_group_0207,g263,spread_test,unseen_test,g263:3,S,S,S,S,S,S,S
g263_test_group_0209,g263,spread_test,unseen_test,g263:5,S,S,S,S,S,S,U
g263_test_group_0212,g263,spread_test,unseen_test,g263:8,S,S,S,S,S,S,S
g263_test_group_0214,g263,spread_test,unseen_test,g263:10,S,S,S,S,S,S,S
g263_test_group_0215,g263,spread_test,unseen_test,g263:11,U,U,U,U,U,U,U
g263_test_group_0216,g263,spread_test,unseen_test,g263:0,S,S,S,S,S,S,S
g263_test_group_0217,g263,spread_test,unseen_test,g263:1,S,S,S,S,S,S,S
g263_test_group_0218,g263,spread_test,unseen_test,g263:2,S,S,S,S,S,S,S
g263_test_group_0224,g263,spread_test,unseen_test,g263:8,S,S,S,S,S,S,S
g263_test_group_0227,g263,spread_test,unseen_test,g263:11,U,U,U,U,U,U,U
g263_test_group_0228,g263,spread_test,unseen_test,g263:0,S,S,S,S,S,S,S
g263_test_group_0230,g263,spread_test,unseen_test,g263:2,S,S,S,S,S,S,S
g263_test_group_0231,g263,spread_test,unseen_test,g263:3,S,S,S,S,S,S,S
g263_test_group_0233,g263,spread_test,unseen_test,g263:5,U,U,U,S,S,U,U
g263_test_group_0235,g263,spread_test,unseen_test,g263:4,S,S,S,S,S,S,S
g263_test_group_0236,g263,spread_test,unseen_test,g263:8,S,S,S,S,S,S,S
g263_test_group_0243,g263,spread_test,unseen_test,g263:2,S,S,S,S,S,S,S
g263_test_group_0246,g263,spread_test,unseen_test,g263:8,S,S,S,S,S,S,S
g263_test_group_0247,g263,spread_test,unseen_test,g263:4,S,S,S,S,S,S,S
g263_test_group_0249,g263,spread_test,unseen_test,g263:10,S,U,S,S,S,S,S
g241_test_group_0000,g241,spread_test,unseen_test,g241:0,S,S,S,S,S,S,S
g241_test_group_0001,g241,spread_test,unseen_test,g241:1,U,U,U,U,U,U,U
g241_test_group_0009,g241,spread_test,unseen_test,g241:9,S,S,S,S,S,S,S
g241_test_group_0010,g241,spread_test,unseen_test,g241:10,S,S,S,S,S,S,S
g241_test_group_0012,g241,spread_test,unseen_test,g241:5,U,U,U,U,U,S,S
g241_test_group_0014,g241,spread_test,unseen_test,g241:7,S,S,S,S,S,S,U
g241_test_group_0016,g241,spread_test,unseen_test,g241:5,S,S,S,S,S,S,S
g241_test_group_0017,g241,spread_test,unseen_test,g241:6,S,U,S,S,S,S,S
g241_test_group_0019,g241,spread_test,unseen_test,g241:8,S,S,S,S,S,S,S
g241_test_group_0021,g241,spread_test,unseen_test,g241:10,S,S,S,S,S,S,U
g241_test_group_0025,g241,spread_test,unseen_test,g241:3,U,U,U,U,U,U,U
g241_test_group_0026,g241,spread_test,unseen_test,g241:4,S,S,S,S,S,S,S
g241_test_group_0027,g241,spread_test,unseen_test,g241:10,U,S,S,S,S,S,U
g241_test_group_0028,g241,spread_test,unseen_test,g241:6,S,S,S,S,S,S,U
g241_test_group_0029,g241,spread_test,unseen_test,g241:8,S,S,S,S,S,S,S
g241_test_group_0030,g241,spread_test,unseen_test,g241:8,S,S,S,S,S,S,S
g241_test_group_0031,g241,spread_test,unseen_test,g241:9,S,S,S,S,S,S,S
g241_test_group_0035,g241,spread_test,unseen_test,g241:2,U,S,U,S,S,S,S
g241_test_group_0036,g241,spread_test,unseen_test,g241:5,S,S,U,S,S,S,U
g241_test_group_0038,g241,spread_test,unseen_test,g241:10,S,U,U,S,U,S,U
g241_test_group_0039,g241,spread_test,unseen_test,g241:6,S,U,S,S,U,U,U
g241_test_group_0040,g241,spread_test,unseen_test,g241:8,S,S,S,S,S,S,S
g241_test_group_0042,g241,spread_test,unseen_test,g241:9,S,S,S,S,S,S,S
g241_test_group_0046,g241,spread_test,unseen_test,g241:2,S,S,S,S,S,S,S
g241_test_group_0048,g241,spread_test,unseen_test,g241:4,S,U,S,S,S,S,S
g241_test_group_0049,g241,spread_test,unseen_test,g241:5,U,U,U,U,U,U,U
g241_test_group_0050,g241,spread_test,unseen_test,g241:6,S,U,U,S,S,U,U
g241_test_group_0052,g241,spread_test,unseen_test,g241:8,S,S,S,S,S,S,S
g241_test_group_0053,g241,spread_test,unseen_test,g241:9,S,S,S,S,S,S,S
g241_test_group_0054,g241,spread_test,unseen_test,g241:5,S,S,S,S,S,S,S
g241_test_group_0060,g241,spread_test,unseen_test,g241:5,S,S,U,U,U,U,S
g241_test_group_0061,g241,spread_test,unseen_test,g241:6,S,S,S,S,S,S,S
g241_test_group_0065,g241,spread_test,unseen_test,g241:0,U,S,U,S,U,U,U
g241_test_group_0069,g241,spread_test,unseen_test,g241:5,S,S,S,U,U,S,U
g241_test_group_0070,g241,spread_test,unseen_test,g241:4,S,S,S,S,S,S,S
g241_test_group_0074,g241,spread_test,unseen_test,g241:8,S,S,S,S,S,S,S
g241_test_group_0077,g241,spread_test,unseen_test,g241:0,S,S,S,S,S,S,S
g241_test_group_0078,g241,spread_test,unseen_test,g241:10,U,U,U,U,U,U,U
g241_test_group_0080,g241,spread_test,unseen_test,g241:7,S,S,S,S,S,S,U
g241_test_group_0086,g241,spread_test,unseen_test,g241:9,S,S,S,S,S,S,U
g241_test_group_0087,g241,spread_test,unseen_test,g241:10,S,S,S,S,S,S,U
g241_test_group_0090,g241,spread_test,unseen_test,g241:2,S,S,S,S,S,S,S
g241_test_group_0091,g241,spread_test,unseen_test,g241:3,S,U,U,S,S,S,S
g241_test_group_0093,g241,spread_test,unseen_test,g241:3,S,S,S,S,S,U,U
g241_test_group_0095,g241,spread_test,unseen_test,g241:7,S,S,S,S,S,S,U
g241_test_group_0096,g241,spread_test,unseen_test,g241:8,S,S,S,S,S,S,S
g241_test_group_0097,g241,spread_test,unseen_test,g241:9,S,S,S,S,S,S,S
g241_test_group_0098,g241,spread_test,unseen_test,g241:5,S,S,S,S,S,S,S
g241_test_group_0099,g241,spread_test,unseen_test,g241:0,S,S,S,S,S,S,U
g241_test_group_0100,g241,spread_test,unseen_test,g241:5,S,S,S,S,S,S,S
g241_test_group_0102,g241,spread_test,unseen_test,g241:3,S,S,S,U,U,S,U
g241_test_group_0104,g241,spread_test,unseen_test,g241:3,U,U,S,S,U,S,U
g241_test_group_0106,g241,spread_test,unseen_test,g241:8,S,S,S,S,S,S,S
g241_test_group_0107,g241,spread_test,unseen_test,g241:8,S,S,S,S,S,S,S
g241_test_group_0112,g241,spread_test,unseen_test,g241:2,S,S,U,S,S,S,U
g241_test_group_0115,g241,spread_test,unseen_test,g241:3,U,U,U,U,U,U,U
g241_test_group_0117,g241,spread_test,unseen_test,g241:8,S,S,S,S,S,S,S
g241_test_group_0119,g241,spread_test,unseen_test,g241:9,S,S,S,S,S,S,U
g241_test_group_0120,g241,spread_test,unseen_test,g241:10,S,S,S,S,S,S,S
g241_test_group_0122,g241,spread_test,unseen_test,g241:5,U,S,S,S,S,S,S
g241_test_group_0128,g241,spread_test,unseen_test,g241:8,S,S,S,S,S,S,S
g241_test_group_0132,g241,spread_test,unseen_test,g241:0,S,S,S,S,S,S,S
g241_test_group_0133,g241,spread_test,unseen_test,g241:10,S,S,S,S,S,S,U
g241_test_group_0135,g241,spread_test,unseen_test,g241:3,S,S,S,S,S,S,U
g241_test_group_0136,g241,spread_test,unseen_test,g241:4,S,S,S,S,S,S,S
g241_test_group_0137,g241,spread_test,unseen_test,g241:3,S,S,S,U,U,S,U
g241_test_group_0138,g241,spread_test,unseen_test,g241:6,S,S,S,S,S,S,S
g241_test_group_0139,g241,spread_test,unseen_test,g241:7,U,U,U,S,S,S,U
g241_test_group_0140,g241,spread_test,unseen_test,g241:8,S,S,S,S,S,S,S
g241_test_group_0141,g241,spread_test,unseen_test,g241:9,S,S,S,S,S,S,S
g241_test_group_0142,g241,spread_test,unseen_test,g241:10,U,S,S,S,S,S,U
g241_test_group_0143,g241,spread_test,unseen_test,g241:0,U,S,S,S,S,S,S
g241_test_group_0144,g241,spread_test,unseen_test,g241:1,S,S,S,S,S,S,U
g241_test_group_0148,g241,spread_test,unseen_test,g241:3,S,S,S,S,S,S,U
g241_test_group_0154,g241,spread_test,unseen_test,g241:0,S,S,S,S,S,S,S
g241_test_group_0158,g241,spread_test,unseen_test,g241:4,S,S,S,S,S,S,U
g241_test_group_0160,g241,spread_test,unseen_test,g241:6,U,U,U,S,S,U,U
g241_test_group_0161,g241,spread_test,unseen_test,g241:8,S,S,S,S,S,S,S
g241_test_group_0164,g241,spread_test,unseen_test,g241:5,S,S,S,S,S,S,S
g241_test_group_0166,g241,spread_test,unseen_test,g241:5,S,S,U,S,S,U,S
g241_test_group_0167,g241,spread_test,unseen_test,g241:2,S,S,S,S,S,S,S
g241_test_group_0174,g241,spread_test,unseen_test,g241:9,S,S,S,S,S,S,S
g241_test_group_0177,g241,spread_test,unseen_test,g241:5,S,S,S,S,S,S,U
g241_test_group_0179,g241,spread_test,unseen_test,g241:3,S,U,S,U,U,U,U
g241_test_group_0181,g241,spread_test,unseen_test,g241:3,S,S,S,S,S,S,U
g241_test_group_0182,g241,spread_test,unseen_test,g241:6,U,U,U,U,U,U,U
g241_test_group_0183,g241,spread_test,unseen_test,g241:8,S,S,S,S,S,S,S
g241_test_group_0185,g241,spread_test,unseen_test,g241:9,S,S,S,S,S,S,S
g241_test_group_0186,g241,spread_test,unseen_test,g241:5,S,S,S,S,S,S,S
g241_test_group_0188,g241,spread_test,unseen_test,g241:1,U,U,S,S,S,U,U
g241_test_group_0191,g241,spread_test,unseen_test,g241:4,S,S,S,S,S,S,U
g241_test_group_0194,g241,spread_test,unseen_test,g241:8,S,S,S,S,S,S,S
g241_test_group_0197,g241,spread_test,unseen_test,g241:10,S,S,S,S,S,S,S
g241_test_group_0199,g241,spread_test,unseen_test,g241:5,S,S,S,S,S,S,S
g241_test_group_0200,g241,spread_test,unseen_test,g241:2,S,S,S,S,S,S,S
g241_test_group_0201,g241,spread_test,unseen_test,g241:5,S,S,S,S,S,S,U
g241_test_group_0202,g241,spread_test,unseen_test,g241:4,S,S,S,S,S,S,S
g241_test_group_0203,g241,spread_test,unseen_test,g241:5,U,S,S,U,S,S,U
g241_test_group_0205,g241,spread_test,unseen_test,g241:8,S,S,S,S,S,S,S
g241_test_group_0206,g241,spread_test,unseen_test,g241:8,S,S,U,S,S,S,S
g241_test_group_0208,g241,spread_test,unseen_test,g241:10,S,S,S,S,S,S,S
g241_test_group_0209,g241,spread_test,unseen_test,g241:0,S,S,U,U,S,S,S
g241_test_group_0211,g241,spread_test,unseen_test,g241:0,S,S,S,S,S,S,S
g241_test_group_0213,g241,spread_test,unseen_test,g241:4,S,S,S,S,S,S,U
g241_test_group_0215,g241,spread_test,unseen_test,g241:6,S,S,S,S,S,S,S
g241_test_group_0218,g241,spread_test,unseen_test,g241:9,S,S,S,S,S,S,S
g241_test_group_0222,g241,spread_test,unseen_test,g241:2,U,S,S,S,S,S,U
g241_test_group_0223,g241,spread_test,unseen_test,g241:5,S,S,U,S,S,S,U
g241_test_group_0224,g241,spread_test,unseen_test,g241:4,S,S,S,S,S,S,S
g241_test_group_0228,g241,spread_test,unseen_test,g241:8,S,S,S,S,S,S,S
g241_test_group_0229,g241,spread_test,unseen_test,g241:9,S,S,S,S,S,S,S
g241_test_group_0231,g241,spread_test,unseen_test,g241:0,U,U,S,S,S,S,S
g241_test_group_0232,g241,spread_test,unseen_test,g241:5,U,U,U,U,U,U,U
g241_test_group_0233,g241,spread_test,unseen_test,g241:2,S,S,S,S,S,S,S
g241_test_group_0235,g241,spread_test,unseen_test,g241:4,S,S,S,S,S,S,S
g241_test_group_0236,g241,spread_test,unseen_test,g241:5,S,S,U,S,S,S,U
g241_test_group_0238,g241,spread_test,unseen_test,g241:8,S,S,S,S,S,S,S
g241_test_group_0239,g241,spread_test,unseen_test,g241:8,S,S,S,S,S,S,S
g241_test_group_0241,g241,spread_test,unseen_test,g241:10,S,S,S,S,S,S,S
g241_test_group_0242,g241,spread_test,unseen_test,g241:0,S,S,S,S,S,S,S
g241_test_group_0243,g241,spread_test,unseen_test,g241:5,U,S,U,S,S,S,S
g241_test_group_0244,g241,spread_test,unseen_test,g241:2,S,S,S,S,S,S,S
g241_test_group_0245,g241,spread_test,unseen_test,g241:7,U,S,S,S,U,S,U
g241_test_group_0247,g241,spread_test,unseen_test,g241:5,U,S,S,S,S,S,S
g241_test_group_0249,g241,spread_test,unseen_test,g241:7,S,U,S,S,S,S,U
f104_pair_group_0001,f104,training,f104_in_distribution,f104:1,S,-,-,S,-,S,U
f104_pair_group_0003,f104,training,f104_in_distribution,f104:3,S,-,-,S,-,S,S
f104_pair_group_0005,f104,training,f104_in_distribution,f104:4,S,-,-,S,-,S,S
f104_pair_group_0012,f104,training,f104_in_distribution,f104:0,S,-,-,S,-,S,S
f104_pair_group_0014,f104,training,f104_in_distribution,f104:2,S,-,-,S,-,S,U
f104_pair_group_0015,f104,training,f104_in_distribution,f104:3,S,-,-,S,-,S,S
f104_pair_group_0029,f104,training,f104_in_distribution,f104:5,S,-,-,S,-,S,S
f104_pair_group_0030,f104,training,f104_in_distribution,f104:6,S,-,-,S,-,S,S
f104_pair_group_0031,f104,training,f104_in_distribution,f104:7,S,-,-,S,-,S,U
f104_pair_group_0036,f104,training,f104_in_distribution,f104:0,S,-,-,S,-,S,S
f104_pair_group_0037,f104,training,f104_in_distribution,f104:1,S,-,-,S,-,S,U
f104_pair_group_0039,f104,training,f104_in_distribution,f104:3,S,-,-,S,-,U,S
f104_pair_group_0041,f104,training,f104_in_distribution,f104:5,S,-,-,S,-,S,S
f104_pair_group_0043,f104,training,f104_in_distribution,f104:7,S,-,-,S,-,S,U
f104_pair_group_0048,f104,training,f104_in_distribution,f104:0,S,-,-,S,-,S,S
f104_pair_group_0049,f104,training,f104_in_distribution,f104:1,S,-,-,S,-,S,S
f104_pair_group_0052,f104,training,f104_in_distribution,f104:4,U,-,-,S,-,S,S
f104_pair_group_0053,f104,training,f104_in_distribution,f104:5,S,-,-,U,-,S,U
f104_pair_group_0054,f104,training,f104_in_distribution,f104:6,S,-,-,S,-,S,S
f104_pair_group_0056,f104,training,f104_in_distribution,f104:8,S,-,-,S,-,S,U
f104_pair_group_0062,f104,training,f104_in_distribution,f104:2,S,-,-,S,-,S,S
f104_pair_group_0065,f104,training,f104_in_distribution,f104:5,S,-,-,S,-,U,S
f104_pair_group_0066,f104,training,f104_in_distribution,f104:6,S,-,-,S,-,S,S
f104_pair_group_0067,f104,training,f104_in_distribution,f104:7,S,-,-,S,-,S,S
f104_pair_group_0068,f104,training,f104_in_distribution,f104:8,S,-,-,S,-,S,U
f104_pair_group_0073,f104,training,f104_in_distribution,f104:1,S,-,-,S,-,S,S
f104_pair_group_0077,f104,training,f104_in_distribution,f104:5,S,-,-,S,-,S,S
f104_pair_group_0079,f104,training,f104_in_distribution,f104:7,S,-,-,S,-,S,S
f104_pair_group_0080,f104,training,f104_in_distribution,f104:8,S,-,-,S,-,S,U
f104_pair_group_0085,f104,training,f104_in_distribution,f104:1,S,-,-,S,-,S,U
f104_pair_group_0088,f104,training,f104_in_distribution,f104:4,S,-,-,S,-,S,S
f104_pair_group_0089,f104,training,f104_in_distribution,f104:5,S,-,-,S,-,S,U
f104_pair_group_0090,f104,training,f104_in_distribution,f104:6,S,-,-,S,-,S,S
f104_pair_group_0092,f104,training,f104_in_distribution,f104:8,S,-,-,S,-,S,U
f104_pair_group_0097,f104,training,f104_in_distribution,f104:8,S,-,-,S,-,S,U
f104_pair_group_0100,f104,training,f104_in_distribution,f104:4,U,-,-,U,-,U,U
f104_pair_group_0103,f104,training,f104_in_distribution,f104:7,S,-,-,S,-,S,U
f104_pair_group_0109,f104,training,f104_in_distribution,f104:8,S,-,-,S,-,S,S
f104_pair_group_0111,f104,training,f104_in_distribution,f104:3,U,-,-,S,-,S,U
f104_pair_group_0112,f104,training,f104_in_distribution,f104:2,S,-,-,S,-,S,S
f104_pair_group_0114,f104,training,f104_in_distribution,f104:6,S,-,-,S,-,S,S
f104_pair_group_0115,f104,training,f104_in_distribution,f104:7,S,-,-,S,-,S,S
f104_pair_group_0121,f104,training,f104_in_distribution,f104:8,S,-,-,S,-,S,U
f104_pair_group_0123,f104,training,f104_in_distribution,f104:3,S,-,-,S,-,S,U
f104_pair_group_0125,f104,training,f104_in_distribution,f104:5,S,-,-,S,-,S,S
f104_pair_group_0132,f104,training,f104_in_distribution,f104:0,S,-,-,S,-,S,S
f104_pair_group_0133,f104,training,f104_in_distribution,f104:1,S,-,-,S,-,S,S
f104_pair_group_0135,f104,training,f104_in_distribution,f104:3,S,-,-,S,-,S,S
f104_pair_group_0137,f104,training,f104_in_distribution,f104:4,S,-,-,S,-,S,S
f104_pair_group_0138,f104,training,f104_in_distribution,f104:6,S,-,-,S,-,S,S
f104_pair_group_0144,f104,training,f104_in_distribution,f104:0,S,-,-,S,-,S,U
f104_pair_group_0145,f104,training,f104_in_distribution,f104:3,U,-,-,S,-,U,U
f104_pair_group_0149,f104,training,f104_in_distribution,f104:4,U,-,-,S,-,S,S
f104_pair_group_0152,f104,training,f104_in_distribution,f104:8,S,-,-,S,-,S,U
f104_pair_group_0159,f104,training,f104_in_distribution,f104:7,S,-,-,S,-,S,U
f104_pair_group_0161,f104,training,f104_in_distribution,f104:5,S,-,-,S,-,S,U
f104_pair_group_0162,f104,training,f104_in_distribution,f104:6,S,-,-,S,-,S,S
f104_pair_group_0164,f104,training,f104_in_distribution,f104:8,S,-,-,S,-,S,U
f104_pair_group_0169,f104,training,f104_in_distribution,f104:1,S,-,-,S,-,S,S
f104_pair_group_0172,f104,training,f104_in_distribution,f104:4,S,-,-,S,-,S,S
f104_pair_group_0176,f104,training,f104_in_distribution,f104:8,S,-,-,S,-,S,U
f104_pair_group_0186,f104,training,f104_in_distribution,f104:6,S,-,-,S,-,S,S
f104_pair_group_0187,f104,training,f104_in_distribution,f104:7,S,-,-,S,-,S,U
f104_pair_group_0196,f104,training,f104_in_distribution,f104:4,S,-,-,U,-,S,U
f104_pair_group_0197,f104,training,f104_in_distribution,f104:5,S,-,-,S,-,S,U
f104_pair_group_0198,f104,training,f104_in_distribution,f104:7,S,-,-,S,-,S,S
f104_pair_group_0199,f104,training,f104_in_distribution,f104:7,S,-,-,S,-,S,S
f104_pair_group_0200,f104,training,f104_in_distribution,f104:8,S,-,-,S,-,S,U
f104_pair_group_0205,f104,training,f104_in_distribution,f104:1,S,-,-,S,-,S,S
f104_pair_group_0210,f104,training,f104_in_distribution,f104:6,S,-,-,S,-,S,S
f104_pair_group_0211,f104,training,f104_in_distribution,f104:7,S,-,-,S,-,S,U
f104_pair_group_0212,f104,training,f104_in_distribution,f104:8,S,-,-,S,-,S,U
f104_pair_group_0216,f104,training,f104_in_distribution,f104:0,S,-,-,S,-,S,S
f104_pair_group_0220,f104,training,f104_in_distribution,f104:4,S,-,-,S,-,U,S
f104_pair_group_0221,f104,training,f104_in_distribution,f104:5,S,-,-,S,-,S,S
f104_pair_group_0222,f104,training,f104_in_distribution,f104:6,S,-,-,S,-,S,S
f104_pair_group_0230,f104,training,f104_in_distribution,f104:2,S,-,-,S,-,S,S
f104_pair_group_0234,f104,training,f104_in_distribution,f104:3,S,-,-,S,-,S,S
f104_pair_group_0241,f104,training,f104_in_distribution,f104:8,S,-,-,S,-,S,S
f104_pair_group_0243,f104,training,f104_in_distribution,f104:3,S,-,-,S,-,S,U
f104_pair_group_0244,f104,training,f104_in_distribution,f104:4,S,-,-,S,-,U,S
f104_pair_group_0246,f104,training,f104_in_distribution,f104:6,S,-,-,S,-,S,S
f104_pair_group_0248,f104,training,f104_in_distribution,f104:8,S,-,-,S,-,S,U
f104_pair_group_0252,f104,training,f104_in_distribution,f104:0,S,-,-,S,-,S,S
f104_pair_group_0257,f104,training,f104_in_distribution,f104:6,S,-,-,S,-,S,S
f104_pair_group_0258,f104,training,f104_in_distribution,f104:6,S,-,-,U,-,S,S
f104_pair_group_0259,f104,training,f104_in_distribution,f104:7,S,-,-,S,-,S,S
f104_pair_group_0267,f104,training,f104_in_distribution,f104:3,S,-,-,S,-,S,U
f104_pair_group_0268,f104,training,f104_in_distribution,f104:4,S,-,-,S,-,S,S
f104_pair_group_0272,f104,training,f104_in_distribution,f104:8,S,-,-,S,-,S,S
f104_pair_group_0281,f104,training,f104_in_distribution,f104:4,S,-,-,S,-,S,S
f104_pair_group_0283,f104,training,f104_in_distribution,f104:7,S,-,-,S,-,S,S
f104_pair_group_0288,f104,training,f104_in_distribution,f104:0,S,-,-,S,-,S,S
f104_pair_group_0289,f104,training,f104_in_distribution,f104:8,S,-,-,S,-,S,U
f104_pair_group_0290,f104,training,f104_in_distribution,f104:2,S,-,-,S,-,S,S
f104_pair_group_0291,f104,training,f104_in_distribution,f104:3,S,-,-,S,-,S,S
f104_pair_group_0295,f104,training,f104_in_distribution,f104:7,S,-,-,S,-,S,S
f104_pair_group_0302,f104,training,f104_in_distribution,f104:2,S,-,-,S,-,S,S
f104_pair_group_0304,f104,training,f104_in_distribution,f104:4,S,-,-,S,-,S,U
f104_pair_group_0306,f104,training,f104_in_distribution,f104:6,S,-,-,S,-,S,S
f104_pair_group_0307,f104,training,f104_in_distribution,f104:7,S,-,-,S,-,S,S
f104_pair_group_0314,f104,training,f104_in_distribution,f104:2,S,-,-,S,-,U,S
f104_pair_group_0316,f104,training,f104_in_distribution,f104:4,S,-,-,S,-,S,S
f104_pair_group_0318,f104,training,f104_in_distribution,f104:6,S,-,-,S,-,S,S
f104_pair_group_0319,f104,training,f104_in_distribution,f104:7,S,-,-,S,-,S,S
f104_pair_group_0325,f104,training,f104_in_distribution,f104:1,S,-,-,S,-,S,S
f104_pair_group_0329,f104,training,f104_in_distribution,f104:6,S,-,-,S,-,S,S
f104_pair_group_0330,f104,training,f104_in_distribution,f104:6,S,-,-,S,-,S,S
f104_pair_group_0331,f104,training,f104_in_distribution,f104:7,S,-,-,S,-,S,S
f104_pair_group_0332,f104,training,f104_in_distribution,f104:8,S,-,-,S,-,S,U
f104_pair_group_0336,f104,training,f104_in_distribution,f104:0,S,-,-,S,-,S,S
f104_pair_group_0337,f104,training,f104_in_distribution,f104:8,S,-,-,S,-,S,U
f104_pair_group_0339,f104,training,f104_in_distribution,f104:7,S,-,-,S,-,S,U
f104_pair_group_0342,f104,training,f104_in_distribution,f104:6,S,-,-,S,-,S,S
f104_pair_group_0343,f104,training,f104_in_distribution,f104:7,S,-,-,S,-,S,U
f104_pair_group_0344,f104,training,f104_in_distribution,f104:8,S,-,-,S,-,S,S
f104_pair_group_0352,f104,training,f104_in_distribution,f104:4,S,-,-,S,-,S,S
f104_pair_group_0354,f104,training,f104_in_distribution,f104:6,S,-,-,S,-,S,S
f104_pair_group_0361,f104,training,f104_in_distribution,f104:8,S,-,-,S,-,S,U
f104_pair_group_0364,f104,training,f104_in_distribution,f104:4,S,-,-,S,-,S,S
f104_pair_group_0366,f104,training,f104_in_distribution,f104:6,S,-,-,S,-,S,S
f104_pair_group_0367,f104,training,f104_in_distribution,f104:7,S,-,-,S,-,S,S
f104_pair_group_0368,f104,training,f104_in_distribution,f104:1,S,-,-,S,-,S,U
f104_pair_group_0374,f104,training,f104_in_distribution,f104:2,S,-,-,S,-,S,S
f104_pair_group_0375,f104,training,f104_in_distribution,f104:3,S,-,-,S,-,S,U
f104_pair_group_0377,f104,training,f104_in_distribution,f104:5,S,-,-,S,-,S,S
f104_pair_group_0378,f104,training,f104_in_distribution,f104:6,S,-,-,S,-,S,S
f104_pair_group_0384,f104,training,f104_in_distribution,f104:0,S,-,-,S,-,S,S
f104_pair_group_0385,f104,training,f104_in_distribution,f104:1,S,-,-,S,-,S,U
f104_pair_group_0388,f104,training,f104_in_distribution,f104:4,S,-,-,S,-,S,S
f104_pair_group_0389,f104,training,f104_in_distribution,f104:5,S,-,-,S,-,S,S
f104_pair_group_0392,f104,training,f104_in_distribution,f104:8,S,-,-,S,-,S,S
f104_pair_group_0398,f104,training,f104_in_distribution,f104:2,S,-,-,S,-,S,S
f104_pair_group_0400,f104,training,f104_in_distribution,f104:2,S,-,-,S,-,S,S
f104_pair_group_0402,f104,training,f104_in_distribution,f104:6,S,-,-,S,-,S,S
f104_pair_group_0410,f104,training,f104_in_distribution,f104:2,S,-,-,S,-,S,S
f104_pair_group_0411,f104,training,f104_in_distribution,f104:3,S,-,-,S,-,S,U
f104_pair_group_0412,f104,training,f104_in_distribution,f104:4,S,-,-,S,-,S,U
f104_pair_group_0413,f104,training,f104_in_distribution,f104:5,S,-,-,S,-,S,S
f104_pair_group_0414,f104,training,f104_in_distribution,f104:6,S,-,-,S,-,S,S
f104_pair_group_0415,f104,training,f104_in_distribution,f104:7,S,-,-,S,-,S,S
f104_pair_group_0416,f104,training,f104_in_distribution,f104:8,S,-,-,S,-,S,U
f104_pair_group_0422,f104,training,f104_in_distribution,f104:4,S,-,-,U,-,S,S
f104_pair_group_0425,f104,training,f104_in_distribution,f104:6,S,-,-,S,-,S,S
f104_pair_group_0426,f104,training,f104_in_distribution,f104:6,S,-,-,S,-,S,S
f104_pair_group_0445,f104,training,f104_in_distribution,f104:1,S,-,-,S,-,S,U
f104_pair_group_0446,f104,training,f104_in_distribution,f104:2,U,-,-,S,-,U,S
f104_pair_group_0447,f104,training,f104_in_distribution,f104:3,S,-,-,S,-,S,U
f104_pair_group_0452,f104,training,f104_in_distribution,f104:8,U,-,-,U,-,U,U
f104_pair_group_0456,f104,training,f104_in_distribution,f104:0,S,-,-,S,-,S,S
f104_pair_group_0461,f104,training,f104_in_distribution,f104:5,S,-,-,S,-,S,S
f104_pair_group_0462,f104,training,f104_in_distribution,f104:6,S,-,-,S,-,S,S
f104_pair_group_0464,f104,training,f104_in_distribution,f104:8,S,-,-,S,-,S,U
f104_pair_group_0470,f104,training,f104_in_distribution,f104:2,S,-,-,S,-,S,S
f104_pair_group_0476,f104,training,f104_in_distribution,f104:8,S,-,-,S,-,S,U
f104_pair_group_0480,f104,training,f104_in_distribution,f104:0,S,-,-,S,-,S,S
f104_pair_group_0482,f104,training,f104_in_distribution,f104:4,S,-,-,S,-,U,U
f104_pair_group_0485,f104,training,f104_in_distribution,f104:5,S,-,-,S,-,S,S
f104_pair_group_0486,f104,training,f104_in_distribution,f104:6,S,-,-,S,-,S,S
f104_pair_group_0487,f104,training,f104_in_distribution,f104:7,S,-,-,S,-,S,S
f104_pair_group_0493,f104,training,f104_in_distribution,f104:1,S,-,-,S,-,S,U
f104_pair_group_0494,f104,training,f104_in_distribution,f104:2,S,-,-,S,-,S,U
f104_pair_group_0495,f104,training,f104_in_distribution,f104:3,S,-,-,S,-,S,U
f104_pair_group_0497,f104,training,f104_in_distribution,f104:6,S,-,-,S,-,S,S
f104_pair_group_0498,f104,training,f104_in_distribution,f104:6,S,-,-,S,-,S,S
f104_pair_group_0500,f104,training,f104_in_distribution,f104:8,S,-,-,S,-,S,U
f104_pair_group_0509,f104,training,f104_in_distribution,f104:6,S,-,-,S,-,S,S
f104_pair_group_0518,f104,training,f104_in_distribution,f104:2,S,-,-,S,-,S,U
f104_pair_group_0519,f104,training,f104_in_distribution,f104:3,S,-,-,S,-,S,S
f104_pair_group_0520,f104,training,f104_in_distribution,f104:2,S,-,-,S,-,S,U
f104_pair_group_0523,f104,training,f104_in_distribution,f104:7,S,-,-,S,-,S,S
f104_pair_group_0532,f104,training,f104_in_distribution,f104:4,S,-,-,S,-,S,U
f104_pair_group_0534,f104,training,f104_in_distribution,f104:6,S,-,-,S,-,S,S
f104_pair_group_0535,f104,training,f104_in_distribution,f104:7,S,-,-,S,-,S,S
f104_pair_group_0536,f104,training,f104_in_distribution,f104:8,S,-,-,S,-,S,U
f104_pair_group_0540,f104,training,f104_in_distribution,f104:0,S,-,-,S,-,S,S
f104_pair_group_0543,f104,training,f104_in_distribution,f104:3,S,-,-,S,-,S,U
f104_pair_group_0545,f104,training,f104_in_distribution,f104:6,S,-,-,S,-,S,S
f104_pair_group_0548,f104,training,f104_in_distribution,f104:8,S,-,-,S,-,S,S
f104_pair_group_0553,f104,training,f104_in_distribution,f104:1,S,-,-,S,-,S,S
f104_pair_group_0555,f104,training,f104_in_distribution,f104:3,S,-,-,S,-,S,U
f104_pair_group_0557,f104,training,f104_in_distribution,f104:5,S,-,-,S,-,S,U
f104_pair_group_0560,f104,training,f104_in_distribution,f104:8,S,-,-,S,-,S,U
f104_pair_group_0564,f104,training,f104_in_distribution,f104:0,S,-,-,S,-,S,S
f104_pair_group_0565,f104,training,f104_in_distribution,f104:8,S,-,-,S,-,S,U
f104_pair_group_0566,f104,training,f104_in_distribution,f104:4,S,-,-,S,-,S,S
f104_pair_group_0567,f104,training,f104_in_distribution,f104:7,S,-,-,S,-,S,S
f104_pair_group_0568,f104,training,f104_in_distribution,f104:4,S,-,-,S,-,S,S
f104_pair_group_0569,f104,training,f104_in_distribution,f104:5,S,-,-,S,-,S,S
f104_pair_group_0570,f104,training,f104_in_distribution,f104:6,S,-,-,S,-,S,S
f104_pair_group_0571,f104,training,f104_in_distribution,f104:7,S,-,-,S,-,S,S
f104_pair_group_0576,f104,training,f104_in_distribution,f104:0,S,-,-,S,-,S,S
f104_pair_group_0577,f104,training,f104_in_distribution,f104:1,S,-,-,S,-,S,S
f104_pair_group_0578,f104,training,f104_in_distribution,f104:2,S,-,-,S,-,S,S
f104_pair_group_0579,f104,training,f104_in_distribution,f104:3,S,-,-,S,-,S,U
f104_pair_group_0583,f104,training,f104_in_distribution,f104:7,S,-,-,S,-,S,S
f104_pair_group_0584,f104,training,f104_in_distribution,f104:8,S,-,-,S,-,S,U
f104_pair_group_0588,f104,training,f104_in_distribution,f104:0,S,-,-,S,-,S,S
f104_pair_group_0593,f104,training,f104_in_distribution,f104:5,S,-,-,S,-,S,S
f104_pair_group_0596,f104,training,f104_in_distribution,f104:8,S,-,-,S,-,S,U
g203_heldout_group_0000,g203,training,training_arena_heldout,g203:0,S,-,-,S,-,S,S
g203_heldout_group_0001,g203,training,training_arena_heldout,g203:1,S,-,-,S,-,S,S
g203_heldout_group_0002,g203,training,training_arena_heldout,g203:2,U,-,-,S,-,S,S
g203_heldout_group_0003,g203,training,training_arena_heldout,g203:3,S,-,-,S,-,S,U
g203_heldout_group_0004,g203,training,training_arena_heldout,g203:4,S,-,-,S,-,S,S
g203_heldout_group_0005,g203,training,training_arena_heldout,g203:6,S,-,-,S,-,S,U
g203_heldout_group_0006,g203,training,training_arena_heldout,g203:6,U,-,-,S,-,U,U
g203_heldout_group_0007,g203,training,training_arena_heldout,g203:6,S,-,-,S,-,S,S
g203_heldout_group_0008,g203,training,training_arena_heldout,g203:8,S,-,-,S,-,S,S
g203_heldout_group_0009,g203,training,training_arena_heldout,g203:9,U,-,-,U,-,S,U
g203_heldout_group_0010,g203,training,training_arena_heldout,g203:10,S,-,-,S,-,S,S
g203_heldout_group_0011,g203,training,training_arena_heldout,g203:0,S,-,-,S,-,S,S
g203_heldout_group_0012,g203,training,training_arena_heldout,g203:1,S,-,-,S,-,S,S
g203_heldout_group_0013,g203,training,training_arena_heldout,g203:2,S,-,-,S,-,S,S
g203_heldout_group_0014,g203,training,training_arena_heldout,g203:3,S,-,-,U,-,S,U
g203_heldout_group_0015,g203,training,training_arena_heldout,g203:4,S,-,-,S,-,S,U
g203_heldout_group_0016,g203,training,training_arena_heldout,g203:9,U,-,-,S,-,U,S
g203_heldout_group_0017,g203,training,training_arena_heldout,g203:9,S,-,-,S,-,S,S
g203_heldout_group_0018,g203,training,training_arena_heldout,g203:8,S,-,-,S,-,S,S
g203_heldout_group_0019,g203,training,training_arena_heldout,g203:8,S,-,-,S,-,S,U
g203_heldout_group_0020,g203,training,training_arena_heldout,g203:9,S,-,-,S,-,S,U
g203_heldout_group_0021,g203,training,training_arena_heldout,g203:10,S,-,-,S,-,S,S
g203_heldout_group_0022,g203,training,training_arena_heldout,g203:0,S,-,-,S,-,S,S
g203_heldout_group_0023,g203,training,training_arena_heldout,g203:2,S,-,-,S,-,S,S
g203_heldout_group_0024,g203,training,training_arena_heldout,g203:2,S,-,-,S,-,S,U
g203_heldout_group_0025,g203,training,training_arena_heldout,g203:3,S,-,-,U,-,U,U
g203_heldout_group_0026,g203,training,training_arena_heldout,g203:4,S,-,-,S,-,S,U
g203_heldout_group_0027,g203,training,training_arena_heldout,g203:6,S,-,-,S,-,S,U
g203_heldout_group_0028,g203,training,training_arena_heldout,g203:9,S,-,-,S,-,S,U
g203_heldout_group_0029,g203,training,training_arena_heldout,g203:8,S,-,-,S,-,S,U
g203_heldout_group_0030,g203,training,training_arena_heldout,g203:8,S,-,-,S,-,S,S
g203_heldout_group_0031,g203,training,training_arena_heldout,g203:9,U,-,-,U,-,U,U
g203_heldout_group_0032,g203,training,training_arena_heldout,g203:10,S,-,-,S,-,S,S
g203_heldout_group_0033,g203,training,training_arena_heldout,g203:0,S,-,-,S,-,S,S
g203_heldout_group_0034,g203,training,training_arena_heldout,g203:1,S,-,-,S,-,S,S
g203_heldout_group_0035,g203,training,training_arena_heldout,g203:3,S,-,-,S,-,S,U
g203_heldout_group_0036,g203,training,training_arena_heldout,g203:3,S,-,-,S,-,S,U
g203_heldout_group_0037,g203,training,training_arena_heldout,g203:4,S,-,-,S,-,S,S
g203_heldout_group_0038,g203,training,training_arena_heldout,g203:8,S,-,-,S,-,S,U
g203_heldout_group_0039,g203,training,training_arena_heldout,g203:3,S,-,-,S,-,S,U
g203_heldout_group_0040,g203,training,training_arena_heldout,g203:8,S,-,-,S,-,S,S
g203_heldout_group_0041,g203,training,training_arena_heldout,g203:8,S,-,-,S,-,S,S
g203_heldout_group_0042,g203,training,training_arena_heldout,g203:9,S,-,-,S,-,S,S
g203_heldout_group_0043,g203,training,training_arena_heldout,g203:10,S,-,-,S,-,S,S
g203_heldout_group_0044,g203,training,training_arena_heldout,g203:0,S,-,-,S,-,S,S
g203_heldout_group_0045,g203,training,training_arena_heldout,g203:1,U,-,-,S,-,U,S
g203_heldout_group_0046,g203,training,training_arena_heldout,g203:2,S,-,-,S,-,S,S
g203_heldout_group_0047,g203,training,training_arena_heldout,g203:3,S,-,-,S,-,S,U
g203_heldout_group_0048,g203,training,training_arena_heldout,g203:4,S,-,-,S,-,S,S
g203_heldout_group_0049,g203,training,training_arena_heldout,g203:6,S,-,-,S,-,S,U
g203_heldout_group_0050,g203,training,training_arena_heldout,g203:6,S,-,-,S,-,S,S
g203_heldout_group_0051,g203,training,training_arena_heldout,g203:8,S,-,-,S,-,S,S
g203_heldout_group_0052,g203,training,training_arena_heldout,g203:8,S,-,-,S,-,S,S
g203_heldout_group_0053,g203,training,training_arena_heldout,g203:9,S,-,-,S,-,S,U
g203_heldout_group_0054,g203,training,training_arena_heldout,g203:10,S,-,-,S,-,S,U
g203_heldout_group_0055,g203,training,training_arena_heldout,g203:0,S,-,-,S,-,S,S
g203_heldout_group_0056,g203,training,training_arena_heldout,g203:1,S,-,-,S,-,S,U
g203_heldout_group_0057,g203,training,training_arena_heldout,g203:2,S,-,-,S,-,S,U
g203_heldout_group_0058,g203,training,training_arena_heldout,g203:3,S,-,-,S,-,S,U
g203_heldout_group_0059,g203,training,training_arena_heldout,g203:4,S,-,-,S,-,S,U
g203_heldout_group_0060,g203,training,training_arena_heldout,g203:9,U,-,-,S,-,S,U
g203_heldout_group_0061,g203,training,training_arena_heldout,g203:6,U,-,-,U,-,S,U
g203_heldout_group_0062,g203,training,training_arena_heldout,g203:8,S,-,-,S,-,S,S
g203_heldout_group_0063,g203,training,training_arena_heldout,g203:8,S,-,-,S,-,S,U
g203_heldout_group_0064,g203,training,training_arena_heldout,g203:3,S,-,-,S,-,S,S
g203_heldout_group_0065,g203,training,training_arena_heldout,g203:10,S,-,-,S,-,S,S
g203_heldout_group_0066,g203,training,training_arena_heldout,g203:0,S,-,-,S,-,S,S
g203_heldout_group_0067,g203,training,training_arena_heldout,g203:1,S,-,-,U,-,U,U
g203_heldout_group_0068,g203,training,training_arena_heldout,g203:3,U,-,-,S,-,S,S
g203_heldout_group_0069,g203,training,training_arena_heldout,g203:3,U,-,-,S,-,S,S
g203_heldout_group_0070,g203,training,training_arena_heldout,g203:4,S,-,-,S,-,S,U
g203_heldout_group_0071,g203,training,training_arena_heldout,g203:6,S,-,-,S,-,S,S
g203_heldout_group_0072,g203,training,training_arena_heldout,g203:3,S,-,-,S,-,S,U
g203_heldout_group_0073,g203,training,training_arena_heldout,g203:8,S,-,-,S,-,S,S
g203_heldout_group_0074,g203,training,training_arena_heldout,g203:8,S,-,-,S,-,S,S
g203_heldout_group_0075,g203,training,training_arena_heldout,g203:9,U,-,-,S,-,S,U
g203_heldout_group_0076,g203,training,training_arena_heldout,g203:10,S,-,-,S,-,S,S
g203_heldout_group_0077,g203,training,training_arena_heldout,g203:0,S,-,-,S,-,S,S
g203_heldout_group_0078,g203,training,training_arena_heldout,g203:1,S,-,-,S,-,S,S
g203_heldout_group_0079,g203,training,training_arena_heldout,g203:2,S,-,-,S,-,S,S
g203_heldout_group_0080,g203,training,training_arena_heldout,g203:3,U,-,-,S,-,S,S
g203_heldout_group_0081,g203,training,training_arena_heldout,g203:4,U,-,-,U,-,S,U
g203_heldout_group_0082,g203,training,training_arena_heldout,g203:6,S,-,-,S,-,S,U
g203_heldout_group_0083,g203,training,training_arena_heldout,g203:6,U,-,-,U,-,U,U
g203_heldout_group_0084,g203,training,training_arena_heldout,g203:8,S,-,-,S,-,S,U
g203_heldout_group_0085,g203,training,training_arena_heldout,g203:8,U,-,-,S,-,U,U
g203_heldout_group_0086,g203,training,training_arena_heldout,g203:9,S,-,-,S,-,S,S
g203_heldout_group_0087,g203,training,training_arena_heldout,g203:10,S,-,-,S,-,S,S
g203_heldout_group_0088,g203,training,training_arena_heldout,g203:0,S,-,-,S,-,S,S
g203_heldout_group_0089,g203,training,training_arena_heldout,g203:1,S,-,-,S,-,S,S
g203_heldout_group_0090,g203,training,training_arena_heldout,g203:2,S,-,-,S,-,S,S
g203_heldout_group_0091,g203,training,training_arena_heldout,g203:9,S,-,-,S,-,S,U
g203_heldout_group_0092,g203,training,training_arena_heldout,g203:4,S,-,-,S,-,S,U
g203_heldout_group_0093,g203,training,training_arena_heldout,g203:6,S,-,-,S,-,S,U
g203_heldout_group_0094,g203,training,training_arena_heldout,g203:8,S,-,-,S,-,S,S
g203_heldout_group_0095,g203,training,training_arena_heldout,g203:8,S,-,-,S,-,S,S
g203_heldout_group_0096,g203,training,training_arena_heldout,g203:6,S,-,-,S,-,S,S
g203_heldout_group_0097,g203,training,training_arena_heldout,g203:9,U,-,-,U,-,U,U
g203_heldout_group_0098,g203,training,training_arena_heldout,g203:10,S,-,-,S,-,S,U
g203_heldout_group_0099,g203,training,training_arena_heldout,g203:0,S,-,-,S,-,S,S
g203_heldout_group_0100,g203,training,training_arena_heldout,g203:1,S,-,-,S,-,S,U
g203_heldout_group_0101,g203,training,training_arena_heldout,g203:2,S,-,-,S,-,S,U
g203_heldout_group_0102,g203,training,training_arena_heldout,g203:3,S,-,-,S,-,S,S
g203_heldout_group_0103,g203,training,training_arena_heldout,g203:4,S,-,-,S,-,S,S
g203_heldout_group_0104,g203,training,training_arena_heldout,g203:6,S,-,-,S,-,S,U
g203_heldout_group_0105,g203,training,training_arena_heldout,g203:6,S,-,-,S,-,S,U
g203_heldout_group_0106,g203,training,training_arena_heldout,g203:8,S,-,-,S,-,S,S
g203_heldout_group_0107,g203,training,training_arena_heldout,g203:8,S,-,-,S,-,S,U
g203_heldout_group_0108,g203,training,training_arena_heldout,g203:9,S,-,-,S,-,S,S
g203_heldout_group_0109,g203,training,training_arena_heldout,g203:10,S,-,-,S,-,S,S
g203_heldout_group_0110,g203,training,training_arena_heldout,g203:0,S,-,-,S,-,S,U
g203_heldout_group_0111,g203,training,training_arena_heldout,g203:1,S,-,-,S,-,S,S
g203_heldout_group_0112,g203,training,training_arena_heldout,g203:3,U,-,-,S,-,U,U
g203_heldout_group_0113,g203,training,training_arena_heldout,g203:3,S,-,-,S,-,S,S
g203_heldout_group_0114,g203,training,training_arena_heldout,g203:4,S,-,-,S,-,S,U
g203_heldout_group_0115,g203,training,training_arena_heldout,g203:6,S,-,-,S,-,S,S
g203_heldout_group_0116,g203,training,training_arena_heldout,g203:6,U,-,-,U,-,U,U
g203_heldout_group_0117,g203,training,training_arena_heldout,g203:3,S,-,-,S,-,S,S
g203_heldout_group_0118,g203,training,training_arena_heldout,g203:8,S,-,-,S,-,S,S
g203_heldout_group_0119,g203,training,training_arena_heldout,g203:9,S,-,-,U,-,U,U
g203_heldout_group_0120,g203,training,training_arena_heldout,g203:10,S,-,-,S,-,S,S
g203_heldout_group_0121,g203,training,training_arena_heldout,g203:0,S,-,-,S,-,S,S
g203_heldout_group_0122,g203,training,training_arena_heldout,g203:1,S,-,-,S,-,S,S
g203_heldout_group_0123,g203,training,training_arena_heldout,g203:2,S,-,-,S,-,S,S
g203_heldout_group_0124,g203,training,training_arena_heldout,g203:3,S,-,-,S,-,S,U
g203_heldout_group_0125,g203,training,training_arena_heldout,g203:4,U,-,-,S,-,S,S
g203_heldout_group_0126,g203,training,training_arena_heldout,g203:9,S,-,-,S,-,S,S
g203_heldout_group_0127,g203,training,training_arena_heldout,g203:9,S,-,-,S,-,S,S
g203_heldout_group_0128,g203,training,training_arena_heldout,g203:8,S,-,-,S,-,S,S
g203_heldout_group_0129,g203,training,training_arena_heldout,g203:8,S,-,-,S,-,S,S
g203_heldout_group_0130,g203,training,training_arena_heldout,g203:9,S,-,-,S,-,S,U
g203_heldout_group_0131,g203,training,training_arena_heldout,g203:10,S,-,-,S,-,S,S
g203_heldout_group_0132,g203,training,training_arena_heldout,g203:0,S,-,-,S,-,S,S
g203_heldout_group_0133,g203,training,training_arena_heldout,g203:2,S,-,-,S,-,S,U
g203_heldout_group_0134,g203,training,training_arena_heldout,g203:2,U,-,-,S,-,S,U
g203_heldout_group_0135,g203,training,training_arena_heldout,g203:3,S,-,-,S,-,S,U
g203_heldout_group_0136,g203,training,training_arena_heldout,g203:4,S,-,-,S,-,S,U
g203_heldout_group_0137,g203,training,training_arena_heldout,g203:9,S,-,-,S,-,S,S
g203_heldout_group_0138,g203,training,training_arena_heldout,g203:6,S,-,-,S,-,S,U
g203_heldout_group_0139,g203,training,training_arena_heldout,g203:6,S,-,-,S,-,S,S
g203_heldout_group_0140,g203,training,training_arena_heldout,g203:6,S,-,-,S,-,S,U
g203_heldout_group_0141,g203,training,training_arena_heldout,g203:9,S,-,-,S,-,S,U
g203_heldout_group_0142,g203,training,training_arena_heldout,g203:10,S,-,-,S,-,S,S
g203_heldout_group_0143,g203,training,training_arena_heldout,g203:0,S,-,-,S,-,S,S
g203_heldout_group_0144,g203,training,training_arena_heldout,g203:1,S,-,-,S,-,S,U
g203_heldout_group_0145,g203,training,training_arena_heldout,g203:3,S,-,-,S,-,S,U
g203_heldout_group_0146,g203,training,training_arena_heldout,g203:3,S,-,-,S,-,S,U
g203_heldout_group_0147,g203,training,training_arena_heldout,g203:4,S,-,-,S,-,S,U
g203_heldout_group_0148,g203,training,training_arena_heldout,g203:6,U,-,-,U,-,U,U
g203_heldout_group_0149,g203,training,training_arena_heldout,g203:6,S,-,-,S,-,S,U
g228_heldout_group_0000,g228,training,training_arena_heldout,g228:0,U,-,-,U,-,S,U
g228_heldout_group_0001,g228,training,training_arena_heldout,g228:1,U,-,-,S,-,S,S
g228_heldout_group_0002,g228,training,training_arena_heldout,g228:2,S,-,-,S,-,S,S
g228_heldout_group_0003,g228,training,training_arena_heldout,g228:3,S,-,-,S,-,S,S
g228_heldout_group_0004,g228,training,training_arena_heldout,g228:8,U,-,-,U,-,S,S
g228_heldout_group_0005,g228,training,training_arena_heldout,g228:5,S,-,-,S,-,S,S
g228_heldout_group_0006,g228,training,training_arena_heldout,g228:6,U,-,-,U,-,U,U
g228_heldout_group_0007,g228,training,training_arena_heldout,g228:7,S,-,-,S,-,S,U
g228_heldout_group_0008,g228,training,training_arena_heldout,g228:8,S,-,-,S,-,S,U
g228_heldout_group_0009,g228,training,training_arena_heldout,g228:7,S,-,-,S,-,S,U
g228_heldout_group_0010,g228,training,training_arena_heldout,g228:0,S,-,-,U,-,S,S
g228_heldout_group_0011,g228,training,training_arena_heldout,g228:1,S,-,-,S,-,S,S
g228_heldout_group_0012,g228,training,training_arena_heldout,g228:2,S,-,-,S,-,S,S
g228_heldout_group_0013,g228,training,training_arena_heldout,g228:6,S,-,-,S,-,S,U
g228_heldout_group_0014,g228,training,training_arena_heldout,g228:4,S,-,-,S,-,S,U
g228_heldout_group_0015,g228,training,training_arena_heldout,g228:5,S,-,-,S,-,U,S
g228_heldout_group_0016,g228,training,training_arena_heldout,g228:6,S,-,-,S,-,S,S
g228_heldout_group_0017,g228,training,training_arena_heldout,g228:7,U,-,-,U,-,U,U
g228_heldout_group_0018,g228,training,training_arena_heldout,g228:8,S,-,-,S,-,S,S
g228_heldout_group_0019,g228,training,training_arena_heldout,g228:7,S,-,-,S,-,S,U
g228_heldout_group_0020,g228,training,training_arena_heldout,g228:0,S,-,-,S,-,S,U
g228_heldout_group_0021,g228,training,training_arena_heldout,g228:1,S,-,-,S,-,S,S
g228_heldout_group_0022,g228,training,training_arena_heldout,g228:2,U,-,-,S,-,S,S
g228_heldout_group_0023,g228,training,training_arena_heldout,g228:3,U,-,-,U,-,S,U
g228_heldout_group_0024,g228,training,training_arena_heldout,g228:4,S,-,-,S,-,S,U
g228_heldout_group_0025,g228,training,training_arena_heldout,g228:5,S,-,-,S,-,S,S
g228_heldout_group_0026,g228,training,training_arena_heldout,g228:6,S,-,-,S,-,S,U
g228_heldout_group_0027,g228,training,training_arena_heldout,g228:7,U,-,-,U,-,U,U
g228_heldout_group_0028,g228,training,training_arena_heldout,g228:8,S,-,-,S,-,S,S
g228_heldout_group_0029,g228,training,training_arena_heldout,g228:0,U,-,-,U,-,U,S
g228_heldout_group_0030,g228,training,training_arena_heldout,g228:0,U,-,-,U,-,U,U
g228_heldout_group_0031,g228,training,training_arena_heldout,g228:1,S,-,-,S,-,S,S
g228_heldout_group_0032,g228,training,training_arena_heldout,g228:2,S,-,-,S,-,S,S
g228_heldout_group_0033,g228,training,training_arena_heldout,g228:3,S,-,-,S,-,S,U
g228_heldout_group_0034,g228,training,training_arena_heldout,g228:4,S,-,-,S,-,S,U
g228_heldout_group_0035,g228,training,training_arena_heldout,g228:5,S,-,-,S,-,S,S
g228_heldout_group_0036,g228,training,training_arena_heldout,g228:3,S,-,-,S,-,S,S
g228_heldout_group_0037,g228,training,training_arena_heldout,g228:7,U,-,-,U,-,S,S
g228_heldout_group_0038,g228,training,training_arena_heldout,g228:8,U,-,-,U,-,S,U
g228_heldout_group_0039,g228,training,training_arena_heldout,g228:0,U,-,-,U,-,S,U
g228_heldout_group_0040,g228,training,training_arena_heldout,g228:0,U,-,-,S,-,S,S
g228_heldout_group_0041,g228,training,training_arena_heldout,g228:1,S,-,-,S,-,S,S
g228_heldout_group_0042,g228,training,training_arena_heldout,g228:2,S,-,-,S,-,S,S
g228_heldout_group_0043,g228,training,training_arena_heldout,g228:6,U,-,-,U,-,U,U
g228_heldout_group_0044,g228,training,training_arena_heldout,g228:4,S,-,-,S,-,S,S
g228_heldout_group_0045,g228,training,training_arena_heldout,g228:5,S,-,-,S,-,S,S
g228_heldout_group_0046,g228,training,training_arena_heldout,g228:6,U,-,-,S,-,S,U
g228_heldout_group_0047,g228,training,training_arena_heldout,g228:7,S,-,-,S,-,S,U
g228_heldout_group_0048,g228,training,training_arena_heldout,g228:8,S,-,-,S,-,S,S
g228_heldout_group_0049,g228,training,training_arena_heldout,g228:0,U,-,-,S,-,S,U
g228_heldout_group_0050,g228,training,training_arena_heldout,g228:0,S,-,-,S,-,S,S
g228_heldout_group_0051,g228,training,training_arena_heldout,g228:1,S,-,-,S,-,S,S
g228_heldout_group_0052,g228,training,training_arena_heldout,g228:2,U,-,-,S,-,S,S
g228_heldout_group_0053,g228,training,training_arena_heldout,g228:6,S,-,-,U,-,S,U
g228_heldout_group_0054,g228,training,training_arena_heldout,g228:4,S,-,-,S,-,S,U
g228_heldout_group_0055,g228,training,training_arena_heldout,g228:5,S,-,-,S,-,S,S
g228_heldout_group_0056,g228,training,training_arena_heldout,g228:6,S,-,-,U,-,S,U
g228_heldout_group_0057,g228,training,training_arena_heldout,g228:7,S,-,-,S,-,S,U
g228_heldout_group_0058,g228,training,training_arena_heldout,g228:8,S,-,-,S,-,S,S
g228_heldout_group_0059,g228,training,training_arena_heldout,g228:0,S,-,-,S,-,S,S
g228_heldout_group_0060,g228,training,training_arena_heldout,g228:0,U,-,-,U,-,U,U
g228_heldout_group_0061,g228,training,training_arena_heldout,g228:1,S,-,-,S,-,S,S
g228_heldout_group_0062,g228,training,training_arena_heldout,g228:2,S,-,-,S,-,S,S
g228_heldout_group_0063,g228,training,training_arena_heldout,g228:3,S,-,-,S,-,S,U
g228_heldout_group_0064,g228,training,training_arena_heldout,g228:4,S,-,-,S,-,S,U
g228_heldout_group_0065,g228,training,training_arena_heldout,g228:5,S,-,-,S,-,S,S
g228_heldout_group_0066,g228,training,training_arena_heldout,g228:6,S,-,-,S,-,S,S
g228_heldout_group_0067,g228,training,training_arena_heldout,g228:0,U,-,-,S,-,U,S
g228_heldout_group_0068,g228,training,training_arena_heldout,g228:8,S,-,-,U,-,S,S
g228_heldout_group_0069,g228,training,training_arena_heldout,g228:0,S,-,-,S,-,S,S
g228_heldout_group_0070,g228,training,training_arena_heldout,g228:0,U,-,-,U,-,U,U
g228_heldout_group_0071,g228,training,training_arena_heldout,g228:1,S,-,-,S,-,S,S
g228_heldout_group_0072,g228,training,training_arena_heldout,g228:2,S,-,-,S,-,S,U
g228_heldout_group_0073,g228,training,training_arena_heldout,g228:6,S,-,-,U,-,S,S
g228_heldout_group_0074,g228,training,training_arena_heldout,g228:4,S,-,-,S,-,S,U
g228_heldout_group_0075,g228,training,training_arena_heldout,g228:5,S,-,-,S,-,S,S
g228_heldout_group_0076,g228,training,training_arena_heldout,g228:6,S,-,-,S,-,S,U
g228_heldout_group_0077,g228,training,training_arena_heldout,g228:7,S,-,-,S,-,S,U
g228_heldout_group_0078,g228,training,training_arena_heldout,g228:8,S,-,-,S,-,S,U
g228_heldout_group_0079,g228,training,training_arena_heldout,g228:0,U,-,-,U,-,S,S
g228_heldout_group_0080,g228,training,training_arena_heldout,g228:0,U,-,-,U,-,U,U
g228_heldout_group_0081,g228,training,training_arena_heldout,g228:1,S,-,-,S,-,S,S
g228_heldout_group_0082,g228,training,training_arena_heldout,g228:2,S,-,-,S,-,S,S
g228_heldout_group_0083,g228,training,training_arena_heldout,g228:3,S,-,-,S,-,S,U
g228_heldout_group_0084,g228,training,training_arena_heldout,g228:4,S,-,-,S,-,S,U
g228_heldout_group_0085,g228,training,training_arena_heldout,g228:5,S,-,-,S,-,S,S
g228_heldout_group_0086,g228,training,training_arena_heldout,g228:6,S,-,-,S,-,S,S
g228_heldout_group_0087,g228,training,training_arena_heldout,g228:7,U,-,-,S,-,S,U
g228_heldout_group_0088,g228,training,training_arena_heldout,g228:8,S,-,-,S,-,S,S
g228_heldout_group_0089,g228,training,training_arena_heldout,g228:0,U,-,-,S,-,S,U
g228_heldout_group_0090,g228,training,training_arena_heldout,g228:0,S,-,-,S,-,S,S
g228_heldout_group_0091,g228,training,training_arena_heldout,g228:1,S,-,-,S,-,S,S
g228_heldout_group_0092,g228,training,training_arena_heldout,g228:2,S,-,-,S,-,S,S
g228_heldout_group_0093,g228,training,training_arena_heldout,g228:6,U,-,-,S,-,S,U
g228_heldout_group_0094,g228,training,training_arena_heldout,g228:4,S,-,-,S,-,S,U
g228_heldout_group_0095,g228,training,training_arena_heldout,g228:5,S,-,-,S,-,S,S
g228_heldout_group_0096,g228,training,training_arena_heldout,g228:6,S,-,-,S,-,S,U
g228_heldout_group_0097,g228,training,training_arena_heldout,g228:7,U,-,-,U,-,U,U
g228_heldout_group_0098,g228,training,training_arena_heldout,g228:8,S,-,-,S,-,S,S
g228_heldout_group_0099,g228,training,training_arena_heldout,g228:0,U,-,-,S,-,S,S
g228_heldout_group_0100,g228,training,training_arena_heldout,g228:7,S,-,-,U,-,S,U
g228_heldout_group_0101,g228,training,training_arena_heldout,g228:1,S,-,-,S,-,S,S
g228_heldout_group_0102,g228,training,training_arena_heldout,g228:2,S,-,-,S,-,S,S
g228_heldout_group_0103,g228,training,training_arena_heldout,g228:3,S,-,-,S,-,S,S
g228_heldout_group_0104,g228,training,training_arena_heldout,g228:4,S,-,-,S,-,S,U
g228_heldout_group_0105,g228,training,training_arena_heldout,g228:5,S,-,-,S,-,S,S
g228_heldout_group_0106,g228,training,training_arena_heldout,g228:8,S,-,-,S,-,S,U
g228_heldout_group_0107,g228,training,training_arena_heldout,g228:7,S,-,-,S,-,S,U
g228_heldout_group_0108,g228,training,training_arena_heldout,g228:8,S,-,-,S,-,S,S
g228_heldout_group_0109,g228,training,training_arena_heldout,g228:0,S,-,-,U,-,S,U
g228_heldout_group_0110,g228,training,training_arena_heldout,g228:0,S,-,-,S,-,S,U
g228_heldout_group_0111,g228,training,training_arena_heldout,g228:1,S,-,-,S,-,S,S
g228_heldout_group_0112,g228,training,training_arena_heldout,g228:2,S,-,-,S,-,S,S
g228_heldout_group_0113,g228,training,training_arena_heldout,g228:3,U,-,-,U,-,S,U
g228_heldout_group_0114,g228,training,training_arena_heldout,g228:4,U,-,-,U,-,U,S
g228_heldout_group_0115,g228,training,training_arena_heldout,g228:5,S,-,-,S,-,S,S
g228_heldout_group_0116,g228,training,training_arena_heldout,g228:6,U,-,-,U,-,U,U
g228_heldout_group_0117,g228,training,training_arena_heldout,g228:7,U,-,-,S,-,S,S
g228_heldout_group_0118,g228,training,training_arena_heldout,g228:8,S,-,-,S,-,S,U
g228_heldout_group_0119,g228,training,training_arena_heldout,g228:0,U,-,-,S,-,S,S
g228_heldout_group_0120,g228,training,training_arena_heldout,g228:0,S,-,-,s,-,U,U
g228_heldout_group_0121,g228,training,training_arena_heldout,g228:1,S,-,-,S,-,S,S
g228_heldout_group_0122,g228,training,training_arena_heldout,g228:2,S,-,-,S,-,S,S
g228_heldout_group_0123,g228,training,training_arena_heldout,g228:3,S,-,-,U,-,U,U
g228_heldout_group_0124,g228,training,training_arena_heldout,g228:4,S,-,-,S,-,S,S
g228_heldout_group_0125,g228,training,training_arena_heldout,g228:5,S,-,-,S,-,S,S
g228_heldout_group_0126,g228,training,training_arena_heldout,g228:6,U,-,-,U,-,S,S
g228_heldout_group_0127,g228,training,training_arena_heldout,g228:7,S,-,-,S,-,S,U
g228_heldout_group_0128,g228,training,training_arena_heldout,g228:8,S,-,-,S,-,S,U
g228_heldout_group_0129,g228,training,training_arena_heldout,g228:0,S,-,-,S,-,S,S
g228_heldout_group_0130,g228,training,training_arena_heldout,g228:0,U,-,-,S,-,U,U
g228_heldout_group_0131,g228,training,training_arena_heldout,g228:1,S,-,-,S,-,S,S
g228_heldout_group_0132,g228,training,training_arena_heldout,g228:2,S,-,-,S,-,S,U
g228_heldout_group_0133,g228,training,training_arena_heldout,g228:3,S,-,-,U,-,S,U
g228_heldout_group_0134,g228,training,training_arena_heldout,g228:4,S,-,-,S,-,S,U
g228_heldout_group_0135,g228,training,training_arena_heldout,g228:5,S,-,-,S,-,S,S
g228_heldout_group_0136,g228,training,training_arena_heldout,g228:6,S,-,-,S,-,S,U
g228_heldout_group_0137,g228,training,training_arena_heldout,g228:0,U,-,-,U,-,U,U
g228_heldout_group_0138,g228,training,training_arena_heldout,g228:8,S,-,-,S,-,S,U
g228_heldout_group_0139,g228,training,training_arena_heldout,g228:0,U,-,-,S,-,S,S
g228_heldout_group_0140,g228,training,training_arena_heldout,g228:0,U,-,-,U,-,U,U
g228_heldout_group_0141,g228,training,training_arena_heldout,g228:1,S,-,-,S,-,S,S
g228_heldout_group_0142,g228,training,training_arena_heldout,g228:2,S,-,-,S,-,S,S
g228_heldout_group_0143,g228,training,training_arena_heldout,g228:6,S,-,-,S,-,S,U
g228_heldout_group_0144,g228,training,training_arena_heldout,g228:4,S,-,-,S,-,S,U
g228_heldout_group_0145,g228,training,training_arena_heldout,g228:5,S,-,-,S,-,S,S
g228_heldout_group_0146,g228,training,training_arena_heldout,g228:6,S,-,-,S,-,S,U
g228_heldout_group_0147,g228,training,training_arena_heldout,g228:7,U,-,-,U,-,U,U
g228_heldout_group_0148,g228,training,training_arena_heldout,g228:8,S,-,-,S,-,S,S
g228_heldout_group_0149,g228,training,training_arena_heldout,g228:9,S,-,-,S,-,S,S
