terrain_conditioning: one-hot over ['flat', 'crm']
loss: type=huber huber_delta=1.0 channel_weights={'vel_body_x_mps': 1.62196, 'vel_body_y_mps': 2.35058, 'roll_rad': 0.16566, 'pitch_rad': 0.01578, 'roll_rate_radps': 0.02387, 'ang_vel_body_y_radps': 0.01794, 'yaw_rate_radps': 2.14412, 'tire_fl_force_wheel_fz_n': 0.00463, 'tire_fr_force_wheel_fz_n': 0.00536, 'tire_rl_force_wheel_fz_n': 0.00382, 'tire_rr_force_wheel_fz_n': 0.00356, 'tire_fl_spindle_omega_radps': 1.73764, 'tire_fr_spindle_omega_radps': 1.69314, 'tire_rl_spindle_omega_radps': 2.63328, 'tire_rr_spindle_omega_radps': 2.57865}
{
  "epoch": 1,
  "timestamp_utc": "2026-07-10T07:32:18.882275+00:00",
  "train_loss": 0.13785370405763386,
  "val_loss": 0.019845654475138873,
  "val_rmse": {
    "vel_body_x_mps": 0.002421457746548157,
    "vel_body_y_mps": 0.002122957211460961,
    "roll_rad": 7.702747226287019e-05,
    "pitch_rad": 3.231240849008345e-05,
    "roll_rate_radps": 0.0026460012616769868,
    "ang_vel_body_y_radps": 0.0014529223353633273,
    "yaw_rate_radps": 0.002218087648720152,
    "tire_fl_force_wheel_fz_n": 85.71820857795953,
    "tire_fr_force_wheel_fz_n": 76.86480131471386,
    "tire_rl_force_wheel_fz_n": 47.23196718772631,
    "tire_rr_force_wheel_fz_n": 51.221386787546,
    "tire_fl_spindle_omega_radps": 0.14533706313580033,
    "tire_fr_spindle_omega_radps": 0.1439048667378091,
    "tire_rl_spindle_omega_radps": 0.11931542609481399,
    "tire_rr_spindle_omega_radps": 0.10525316357786099
  },
  "val_flat_loss": 0.019845654475138873,
  "val_flat_rmse": {
    "vel_body_x_mps": 0.002421457746548157,
    "vel_body_y_mps": 0.002122957211460961,
    "roll_rad": 7.702747226287019e-05,
    "pitch_rad": 3.231240849008345e-05,
    "roll_rate_radps": 0.0026460012616769868,
    "ang_vel_body_y_radps": 0.0014529223353633273,
    "yaw_rate_radps": 0.002218087648720152,
    "tire_fl_force_wheel_fz_n": 85.71820857795953,
    "tire_fr_force_wheel_fz_n": 76.86480131471386,
    "tire_rl_force_wheel_fz_n": 47.23196718772631,
    "tire_rr_force_wheel_fz_n": 51.221386787546,
    "tire_fl_spindle_omega_radps": 0.14533706313580033,
    "tire_fr_spindle_omega_radps": 0.1439048667378091,
    "tire_rl_spindle_omega_radps": 0.11931542609481399,
    "tire_rr_spindle_omega_radps": 0.10525316357786099
  },
  "val_crm_loss": 0.2173980528989341,
  "val_crm_rmse": {
    "vel_body_x_mps": 0.005847878768256044,
    "vel_body_y_mps": 0.005033213126462074,
    "roll_rad": 0.00020776735565756818,
    "pitch_rad": 0.0001073302550269544,
    "roll_rate_radps": 0.01038853305580633,
    "ang_vel_body_y_radps": 0.006366761100675757,
    "yaw_rate_radps": 0.0040751424874383635,
    "tire_fl_force_wheel_fz_n": 1359.8741082039817,
    "tire_fr_force_wheel_fz_n": 1447.3336306390818,
    "tire_rl_force_wheel_fz_n": 1216.8476760041412,
    "tire_rr_force_wheel_fz_n": 1314.465438985318,
    "tire_fl_spindle_omega_radps": 0.2455968199433216,
    "tire_fr_spindle_omega_radps": 0.25813636544738033,
    "tire_rl_spindle_omega_radps": 0.24448742037653656,
    "tire_rr_spindle_omega_radps": 0.24778491688990606
  },
  "val_mixed_loss": 0.11862185368703648,
  "rollout_flat_5.0s": {
    "xy_rmse_m": 2.8143206455201195,
    "yaw_rmse_rad": 0.31598978434419484,
    "errdist": 0.637782987586774,
    "mean_dist_m": 4.4126618305842085,
    "episodes": 12
  },
  "rollout_flat_10.0s": {
    "xy_rmse_m": 12.46958766179051,
    "yaw_rmse_rad": 0.8132259685039279,
    "errdist": 0.43378928548229223,
    "mean_dist_m": 28.745725353558857,
    "episodes": 12
  },
  "rollout_crm_5.0s": {
    "xy_rmse_m": 1.463128323253153,
    "yaw_rmse_rad": 0.2213828798109021,
    "errdist": 0.3183447205205338,
    "mean_dist_m": 4.596050221472979,
    "episodes": 12
  },
  "rollout_crm_10.0s": {
    "xy_rmse_m": 8.280286138139166,
    "yaw_rmse_rad": 0.4902799133792193,
    "errdist": 0.385553647606627,
    "mean_dist_m": 21.476352745046217,
    "episodes": 12
  },
  "rollout_sel": 0.40967146654445963
}
{
  "epoch": 2,
  "timestamp_utc": "2026-07-10T07:32:52.357584+00:00",
  "train_loss": 0.06468754201848059,
  "val_loss": 0.012301321720296982,
  "val_rmse": {
    "vel_body_x_mps": 0.0017642534834559477,
    "vel_body_y_mps": 0.0019110330580676977,
    "roll_rad": 4.224170074962205e-05,
    "pitch_rad": 2.2137993015390617e-05,
    "roll_rate_radps": 0.0021774217155158615,
    "ang_vel_body_y_radps": 0.0012973452645500402,
    "yaw_rate_radps": 0.0019249982984769314,
    "tire_fl_force_wheel_fz_n": 65.52118147312297,
    "tire_fr_force_wheel_fz_n": 66.5189454191664,
    "tire_rl_force_wheel_fz_n": 39.51789938551059,
    "tire_rr_force_wheel_fz_n": 33.335111811272846,
    "tire_fl_spindle_omega_radps": 0.10173736066465831,
    "tire_fr_spindle_omega_radps": 0.10578876869139035,
    "tire_rl_spindle_omega_radps": 0.10231253388233502,
    "tire_rr_spindle_omega_radps": 0.09889645707258385
  },
  "val_flat_loss": 0.012301321720296982,
  "val_flat_rmse": {
    "vel_body_x_mps": 0.0017642534834559477,
    "vel_body_y_mps": 0.0019110330580676977,
    "roll_rad": 4.224170074962205e-05,
    "pitch_rad": 2.2137993015390617e-05,
    "roll_rate_radps": 0.0021774217155158615,
    "ang_vel_body_y_radps": 0.0012973452645500402,
    "yaw_rate_radps": 0.0019249982984769314,
    "tire_fl_force_wheel_fz_n": 65.52118147312297,
    "tire_fr_force_wheel_fz_n": 66.5189454191664,
    "tire_rl_force_wheel_fz_n": 39.51789938551059,
    "tire_rr_force_wheel_fz_n": 33.335111811272846,
    "tire_fl_spindle_omega_radps": 0.10173736066465831,
    "tire_fr_spindle_omega_radps": 0.10578876869139035,
    "tire_rl_spindle_omega_radps": 0.10231253388233502,
    "tire_rr_spindle_omega_radps": 0.09889645707258385
  },
  "val_crm_loss": 0.17575138928717934,
  "val_crm_rmse": {
    "vel_body_x_mps": 0.005339376867877211,
    "vel_body_y_mps": 0.004412151376207621,
    "roll_rad": 0.0001289565378820105,
    "pitch_rad": 8.65000438922802e-05,
    "roll_rate_radps": 0.008730155223169235,
    "ang_vel_body_y_radps": 0.005425240503150893,
    "yaw_rate_radps": 0.0035325938035448037,
    "tire_fl_force_wheel_fz_n": 1187.8782864226841,
    "tire_fr_force_wheel_fz_n": 1220.305994216813,
    "tire_rl_force_wheel_fz_n": 1102.3194048516518,
    "tire_rr_force_wheel_fz_n": 1173.2604890199,
    "tire_fl_spindle_omega_radps": 0.21769118163374268,
    "tire_fr_spindle_omega_radps": 0.21832857530581565,
    "tire_rl_spindle_omega_radps": 0.21777683717075907,
    "tire_rr_spindle_omega_radps": 0.21756195919592614
  },
  "val_mixed_loss": 0.09402635550373817,
  "rollout_flat_5.0s": {
    "xy_rmse_m": 4.987997295983588,
    "yaw_rmse_rad": 0.23181895955797333,
    "errdist": 1.130382859028925,
    "mean_dist_m": 4.4126618305842085,
    "episodes": 12
  },
  "rollout_flat_10.0s": {
    "xy_rmse_m": 16.74813445767916,
    "yaw_rmse_rad": 0.5558638328789899,
    "errdist": 0.5826304346710688,
    "mean_dist_m": 28.745725353558857,
    "episodes": 12
  },
  "rollout_crm_5.0s": {
    "xy_rmse_m": 1.9776467794737242,
    "yaw_rmse_rad": 0.16555700501860682,
    "errdist": 0.43029268266783915,
    "mean_dist_m": 4.596050221472979,
    "episodes": 12
  },
  "rollout_crm_10.0s": {
    "xy_rmse_m": 6.068352258169575,
    "yaw_rmse_rad": 0.41515816851406995,
    "errdist": 0.2825597218582338,
    "mean_dist_m": 21.476352745046217,
    "episodes": 12
  },
  "rollout_sel": 0.43259507826465127
}
{
  "epoch": 3,
  "timestamp_utc": "2026-07-10T07:33:26.099872+00:00",
  "train_loss": 0.05582167736068368,
  "val_loss": 0.01009694707536255,
  "val_rmse": {
    "vel_body_x_mps": 0.0018935015573596093,
    "vel_body_y_mps": 0.0016300824263385165,
    "roll_rad": 4.212016004459005e-05,
    "pitch_rad": 2.1213369383026392e-05,
    "roll_rate_radps": 0.0020466356358855987,
    "ang_vel_body_y_radps": 0.001198417584499348,
    "yaw_rate_radps": 0.0018391336366975516,
    "tire_fl_force_wheel_fz_n": 61.85641019780573,
    "tire_fr_force_wheel_fz_n": 64.01649933753987,
    "tire_rl_force_wheel_fz_n": 35.479069182701984,
    "tire_rr_force_wheel_fz_n": 30.925967143546746,
    "tire_fl_spindle_omega_radps": 0.08950055554978846,
    "tire_fr_spindle_omega_radps": 0.09374783097469074,
    "tire_rl_spindle_omega_radps": 0.09413128670981072,
    "tire_rr_spindle_omega_radps": 0.07825702514391829
  },
  "val_flat_loss": 0.01009694707536255,
  "val_flat_rmse": {
    "vel_body_x_mps": 0.0018935015573596093,
    "vel_body_y_mps": 0.0016300824263385165,
    "roll_rad": 4.212016004459005e-05,
    "pitch_rad": 2.1213369383026392e-05,
    "roll_rate_radps": 0.0020466356358855987,
    "ang_vel_body_y_radps": 0.001198417584499348,
    "yaw_rate_radps": 0.0018391336366975516,
    "tire_fl_force_wheel_fz_n": 61.85641019780573,
    "tire_fr_force_wheel_fz_n": 64.01649933753987,
    "tire_rl_force_wheel_fz_n": 35.479069182701984,
    "tire_rr_force_wheel_fz_n": 30.925967143546746,
    "tire_fl_spindle_omega_radps": 0.08950055554978846,
    "tire_fr_spindle_omega_radps": 0.09374783097469074,
    "tire_rl_spindle_omega_radps": 0.09413128670981072,
    "tire_rr_spindle_omega_radps": 0.07825702514391829
  },
  "val_crm_loss": 0.1603637104074005,
  "val_crm_rmse": {
    "vel_body_x_mps": 0.004771458305993852,
    "vel_body_y_mps": 0.004063671895941476,
    "roll_rad": 0.00012241290743176194,
    "pitch_rad": 8.232124139696295e-05,
    "roll_rate_radps": 0.0072626593907127515,
    "ang_vel_body_y_radps": 0.004829742815098376,
    "yaw_rate_radps": 0.0034188242551585527,
    "tire_fl_force_wheel_fz_n": 1108.5494528918573,
    "tire_fr_force_wheel_fz_n": 1145.8512167533177,
    "tire_rl_force_wheel_fz_n": 1061.3792474633187,
    "tire_rr_force_wheel_fz_n": 1133.3733979931612,
    "tire_fl_spindle_omega_radps": 0.20710323126524827,
    "tire_fr_spindle_omega_radps": 0.20468905663720227,
    "tire_rl_spindle_omega_radps": 0.21242761176030747,
    "tire_rr_spindle_omega_radps": 0.20600131033658828
  },
  "val_mixed_loss": 0.08523032874138152,
  "rollout_flat_5.0s": {
    "xy_rmse_m": 3.3633016356331473,
    "yaw_rmse_rad": 0.1370198020807317,
    "errdist": 0.7621933800415128,
    "mean_dist_m": 4.4126618305842085,
    "episodes": 12
  },
  "rollout_flat_10.0s": {
    "xy_rmse_m": 10.097902717011417,
    "yaw_rmse_rad": 0.4582427612748544,
    "errdist": 0.35128362888088505,
    "mean_dist_m": 28.745725353558857,
    "episodes": 12
  },
  "rollout_crm_5.0s": {
    "xy_rmse_m": 1.295518218524467,
    "yaw_rmse_rad": 0.15464342786732288,
    "errdist": 0.2818764278231209,
    "mean_dist_m": 4.596050221472979,
    "episodes": 12
  },
  "rollout_crm_10.0s": {
    "xy_rmse_m": 4.477660705533662,
    "yaw_rmse_rad": 0.3642711965711639,
    "errdist": 0.208492603874114,
    "mean_dist_m": 21.476352745046217,
    "episodes": 12
  },
  "rollout_sel": 0.27988811637749955
}
{
  "epoch": 4,
  "timestamp_utc": "2026-07-10T07:33:59.728471+00:00",
  "train_loss": 0.051312104464508596,
  "val_loss": 0.009736850074550602,
  "val_rmse": {
    "vel_body_x_mps": 0.001838045011381213,
    "vel_body_y_mps": 0.0018334070123187283,
    "roll_rad": 3.815148531693676e-05,
    "pitch_rad": 1.785197723711569e-05,
    "roll_rate_radps": 0.0021076039371389975,
    "ang_vel_body_y_radps": 0.0011784442808417791,
    "yaw_rate_radps": 0.0017847730090544437,
    "tire_fl_force_wheel_fz_n": 63.12795612702944,
    "tire_fr_force_wheel_fz_n": 61.572424018509714,
    "tire_rl_force_wheel_fz_n": 31.174213468637564,
    "tire_rr_force_wheel_fz_n": 29.959310621115034,
    "tire_fl_spindle_omega_radps": 0.09113090767422231,
    "tire_fr_spindle_omega_radps": 0.0964944561689215,
    "tire_rl_spindle_omega_radps": 0.08710640579483199,
    "tire_rr_spindle_omega_radps": 0.07321624050933767
  },
  "val_flat_loss": 0.009736850074550602,
  "val_flat_rmse": {
    "vel_body_x_mps": 0.001838045011381213,
    "vel_body_y_mps": 0.0018334070123187283,
    "roll_rad": 3.815148531693676e-05,
    "pitch_rad": 1.785197723711569e-05,
    "roll_rate_radps": 0.0021076039371389975,
    "ang_vel_body_y_radps": 0.0011784442808417791,
    "yaw_rate_radps": 0.0017847730090544437,
    "tire_fl_force_wheel_fz_n": 63.12795612702944,
    "tire_fr_force_wheel_fz_n": 61.572424018509714,
    "tire_rl_force_wheel_fz_n": 31.174213468637564,
    "tire_rr_force_wheel_fz_n": 29.959310621115034,
    "tire_fl_spindle_omega_radps": 0.09113090767422231,
    "tire_fr_spindle_omega_radps": 0.0964944561689215,
    "tire_rl_spindle_omega_radps": 0.08710640579483199,
    "tire_rr_spindle_omega_radps": 0.07321624050933767
  },
  "val_crm_loss": 0.14993908158387056,
  "val_crm_rmse": {
    "vel_body_x_mps": 0.0046828110482296965,
    "vel_body_y_mps": 0.004160172625302198,
    "roll_rad": 0.00012639821318924092,
    "pitch_rad": 6.1032719812288816e-05,
    "roll_rate_radps": 0.007109730627852607,
    "ang_vel_body_y_radps": 0.004614417901563464,
    "yaw_rate_radps": 0.0031187543423337977,
    "tire_fl_force_wheel_fz_n": 1038.8829590326136,
    "tire_fr_force_wheel_fz_n": 1072.1220505950198,
    "tire_rl_force_wheel_fz_n": 1044.0554942942524,
    "tire_rr_force_wheel_fz_n": 1114.9318644775421,
    "tire_fl_spindle_omega_radps": 0.19233973486589015,
    "tire_fr_spindle_omega_radps": 0.1939880907353569,
    "tire_rl_spindle_omega_radps": 0.19649750017775522,
    "tire_rr_spindle_omega_radps": 0.19814736158936344
  },
  "val_mixed_loss": 0.07983796582921059,
  "rollout_flat_5.0s": {
    "xy_rmse_m": 2.1929420564334,
    "yaw_rmse_rad": 0.12969152811987478,
    "errdist": 0.49696580898950704,
    "mean_dist_m": 4.4126618305842085,
    "episodes": 12
  },
  "rollout_flat_10.0s": {
    "xy_rmse_m": 5.635046607126305,
    "yaw_rmse_rad": 0.24757153077841845,
    "errdist": 0.19603076762954807,
    "mean_dist_m": 28.745725353558857,
    "episodes": 12
  },
  "rollout_crm_5.0s": {
    "xy_rmse_m": 0.916503865321434,
    "yaw_rmse_rad": 0.10146295569593515,
    "errdist": 0.1994111946469779,
    "mean_dist_m": 4.596050221472979,
    "episodes": 12
  },
  "rollout_crm_10.0s": {
    "xy_rmse_m": 2.7869778797306135,
    "yaw_rmse_rad": 0.2744755172969457,
    "errdist": 0.1297696081274072,
    "mean_dist_m": 21.476352745046217,
    "episodes": 12
  },
  "rollout_sel": 0.16290018787847765
}
{
  "epoch": 5,
  "timestamp_utc": "2026-07-10T07:34:33.263748+00:00",
  "train_loss": 0.048301297520287334,
  "val_loss": 0.008348480891872895,
  "val_rmse": {
    "vel_body_x_mps": 0.001398438019371497,
    "vel_body_y_mps": 0.0017246020786094276,
    "roll_rad": 3.937531465771897e-05,
    "pitch_rad": 2.7385450944746506e-05,
    "roll_rate_radps": 0.001961595326375205,
    "ang_vel_body_y_radps": 0.0011039121524579235,
    "yaw_rate_radps": 0.0018442297536693999,
    "tire_fl_force_wheel_fz_n": 58.02966108785553,
    "tire_fr_force_wheel_fz_n": 59.39233211866936,
    "tire_rl_force_wheel_fz_n": 30.455304330712195,
    "tire_rr_force_wheel_fz_n": 28.453708579097746,
    "tire_fl_spindle_omega_radps": 0.08616514284247302,
    "tire_fr_spindle_omega_radps": 0.09151528407368749,
    "tire_rl_spindle_omega_radps": 0.08418398169531009,
    "tire_rr_spindle_omega_radps": 0.0690840993905377
  },
  "val_flat_loss": 0.008348480891872895,
  "val_flat_rmse": {
    "vel_body_x_mps": 0.001398438019371497,
    "vel_body_y_mps": 0.0017246020786094276,
    "roll_rad": 3.937531465771897e-05,
    "pitch_rad": 2.7385450944746506e-05,
    "roll_rate_radps": 0.001961595326375205,
    "ang_vel_body_y_radps": 0.0011039121524579235,
    "yaw_rate_radps": 0.0018442297536693999,
    "tire_fl_force_wheel_fz_n": 58.02966108785553,
    "tire_fr_force_wheel_fz_n": 59.39233211866936,
    "tire_rl_force_wheel_fz_n": 30.455304330712195,
    "tire_rr_force_wheel_fz_n": 28.453708579097746,
    "tire_fl_spindle_omega_radps": 0.08616514284247302,
    "tire_fr_spindle_omega_radps": 0.09151528407368749,
    "tire_rl_spindle_omega_radps": 0.08418398169531009,
    "tire_rr_spindle_omega_radps": 0.0690840993905377
  },
  "val_crm_loss": 0.14380317055853084,
  "val_crm_rmse": {
    "vel_body_x_mps": 0.004406731655391194,
    "vel_body_y_mps": 0.0038865782980334685,
    "roll_rad": 8.53280305917128e-05,
    "pitch_rad": 6.017492296494968e-05,
    "roll_rate_radps": 0.00670220552856087,
    "ang_vel_body_y_radps": 0.004161054908208606,
    "yaw_rate_radps": 0.0031018723651156425,
    "tire_fl_force_wheel_fz_n": 1027.0781558040667,
    "tire_fr_force_wheel_fz_n": 1028.4601316685255,
    "tire_rl_force_wheel_fz_n": 1032.2090581184923,
    "tire_rr_force_wheel_fz_n": 1110.0835559217737,
    "tire_fl_spindle_omega_radps": 0.19584290861888343,
    "tire_fr_spindle_omega_radps": 0.19249212348931513,
    "tire_rl_spindle_omega_radps": 0.19017388049864994,
    "tire_rr_spindle_omega_radps": 0.19492344335121786
  },
  "val_mixed_loss": 0.07607582572520187,
  "rollout_flat_5.0s": {
    "xy_rmse_m": 2.018306784461774,
    "yaw_rmse_rad": 0.10209537803216673,
    "errdist": 0.45738986170951673,
    "mean_dist_m": 4.4126618305842085,
    "episodes": 12
  },
  "rollout_flat_10.0s": {
    "xy_rmse_m": 7.817532446874954,
    "yaw_rmse_rad": 0.29114720916877906,
    "errdist": 0.27195460718847736,
    "mean_dist_m": 28.745725353558857,
    "episodes": 12
  },
  "rollout_crm_5.0s": {
    "xy_rmse_m": 0.694896210026247,
    "yaw_rmse_rad": 0.08531174266977419,
    "errdist": 0.15119421602045532,
    "mean_dist_m": 4.596050221472979,
    "episodes": 12
  },
  "rollout_crm_10.0s": {
    "xy_rmse_m": 2.3160386073485837,
    "yaw_rmse_rad": 0.153518608523716,
    "errdist": 0.10784133762576638,
    "mean_dist_m": 21.476352745046217,
    "episodes": 12
  },
  "rollout_sel": 0.18989797240712186
}
{
  "epoch": 6,
  "timestamp_utc": "2026-07-10T07:35:06.743014+00:00",
  "train_loss": 0.04578851511701942,
  "val_loss": 0.007853000483301002,
  "val_rmse": {
    "vel_body_x_mps": 0.0014174887401138393,
    "vel_body_y_mps": 0.0016608367631581525,
    "roll_rad": 3.5269301079858253e-05,
    "pitch_rad": 1.6714691890164397e-05,
    "roll_rate_radps": 0.001991474813767493,
    "ang_vel_body_y_radps": 0.0010657181925192046,
    "yaw_rate_radps": 0.0016870541165915182,
    "tire_fl_force_wheel_fz_n": 56.97730223158371,
    "tire_fr_force_wheel_fz_n": 56.756844416701256,
    "tire_rl_force_wheel_fz_n": 29.008876843845997,
    "tire_rr_force_wheel_fz_n": 29.88579890556626,
    "tire_fl_spindle_omega_radps": 0.0826815036603244,
    "tire_fr_spindle_omega_radps": 0.08859331640030273,
    "tire_rl_spindle_omega_radps": 0.08823072341487297,
    "tire_rr_spindle_omega_radps": 0.07335046213504627
  },
  "val_flat_loss": 0.007853000483301002,
  "val_flat_rmse": {
    "vel_body_x_mps": 0.0014174887401138393,
    "vel_body_y_mps": 0.0016608367631581525,
    "roll_rad": 3.5269301079858253e-05,
    "pitch_rad": 1.6714691890164397e-05,
    "roll_rate_radps": 0.001991474813767493,
    "ang_vel_body_y_radps": 0.0010657181925192046,
    "yaw_rate_radps": 0.0016870541165915182,
    "tire_fl_force_wheel_fz_n": 56.97730223158371,
    "tire_fr_force_wheel_fz_n": 56.756844416701256,
    "tire_rl_force_wheel_fz_n": 29.008876843845997,
    "tire_rr_force_wheel_fz_n": 29.88579890556626,
    "tire_fl_spindle_omega_radps": 0.0826815036603244,
    "tire_fr_spindle_omega_radps": 0.08859331640030273,
    "tire_rl_spindle_omega_radps": 0.08823072341487297,
    "tire_rr_spindle_omega_radps": 0.07335046213504627
  },
  "val_crm_loss": 0.13805005459755193,
  "val_crm_rmse": {
    "vel_body_x_mps": 0.00415923408965528,
    "vel_body_y_mps": 0.003754351615473011,
    "roll_rad": 9.26114845335767e-05,
    "pitch_rad": 6.65208134948093e-05,
    "roll_rate_radps": 0.006483053549810628,
    "ang_vel_body_y_radps": 0.004126432315446188,
    "yaw_rate_radps": 0.0030742360102216796,
    "tire_fl_force_wheel_fz_n": 962.3605502255228,
    "tire_fr_force_wheel_fz_n": 1008.0654660967052,
    "tire_rl_force_wheel_fz_n": 1026.4402665110777,
    "tire_rr_force_wheel_fz_n": 1104.1909836597044,
    "tire_fl_spindle_omega_radps": 0.18408397068777027,
    "tire_fr_spindle_omega_radps": 0.18292604115793087,
    "tire_rl_spindle_omega_radps": 0.18981255431773447,
    "tire_rr_spindle_omega_radps": 0.18846700638946046
  },
  "val_mixed_loss": 0.07295152754042647,
  "rollout_flat_5.0s": {
    "xy_rmse_m": 1.6781488709317756,
    "yaw_rmse_rad": 0.12065351876275919,
    "errdist": 0.380303076773413,
    "mean_dist_m": 4.4126618305842085,
    "episodes": 12
  },
  "rollout_flat_10.0s": {
    "xy_rmse_m": 11.176548916675888,
    "yaw_rmse_rad": 0.546239859281728,
    "errdist": 0.3888073367156198,
    "mean_dist_m": 28.745725353558857,
    "episodes": 12
  },
  "rollout_crm_5.0s": {
    "xy_rmse_m": 0.4695190964668768,
    "yaw_rmse_rad": 0.043316102988589976,
    "errdist": 0.10215708572401143,
    "mean_dist_m": 4.596050221472979,
    "episodes": 12
  },
  "rollout_crm_10.0s": {
    "xy_rmse_m": 2.7745144764695606,
    "yaw_rmse_rad": 0.18812651385683563,
    "errdist": 0.12918927666195723,
    "mean_dist_m": 21.476352745046217,
    "episodes": 12
  },
  "rollout_sel": 0.25899830668878854
}
{
  "epoch": 7,
  "timestamp_utc": "2026-07-10T07:35:40.184344+00:00",
  "train_loss": 0.04420547838043422,
  "val_loss": 0.006956343067613489,
  "val_rmse": {
    "vel_body_x_mps": 0.001356965352026632,
    "vel_body_y_mps": 0.0012452339820549511,
    "roll_rad": 2.7959225476253067e-05,
    "pitch_rad": 1.7357094664242892e-05,
    "roll_rate_radps": 0.0019695100453322794,
    "ang_vel_body_y_radps": 0.0010435268294497625,
    "yaw_rate_radps": 0.001643173337239611,
    "tire_fl_force_wheel_fz_n": 61.61804989619106,
    "tire_fr_force_wheel_fz_n": 57.62082990820642,
    "tire_rl_force_wheel_fz_n": 28.134946866755588,
    "tire_rr_force_wheel_fz_n": 28.584752756877467,
    "tire_fl_spindle_omega_radps": 0.07944892302116309,
    "tire_fr_spindle_omega_radps": 0.08854024852785171,
    "tire_rl_spindle_omega_radps": 0.08377108358009092,
    "tire_rr_spindle_omega_radps": 0.06947358061323052
  },
  "val_flat_loss": 0.006956343067613489,
  "val_flat_rmse": {
    "vel_body_x_mps": 0.001356965352026632,
    "vel_body_y_mps": 0.0012452339820549511,
    "roll_rad": 2.7959225476253067e-05,
    "pitch_rad": 1.7357094664242892e-05,
    "roll_rate_radps": 0.0019695100453322794,
    "ang_vel_body_y_radps": 0.0010435268294497625,
    "yaw_rate_radps": 0.001643173337239611,
    "tire_fl_force_wheel_fz_n": 61.61804989619106,
    "tire_fr_force_wheel_fz_n": 57.62082990820642,
    "tire_rl_force_wheel_fz_n": 28.134946866755588,
    "tire_rr_force_wheel_fz_n": 28.584752756877467,
    "tire_fl_spindle_omega_radps": 0.07944892302116309,
    "tire_fr_spindle_omega_radps": 0.08854024852785171,
    "tire_rl_spindle_omega_radps": 0.08377108358009092,
    "tire_rr_spindle_omega_radps": 0.06947358061323052
  },
  "val_crm_loss": 0.13351118799182587,
  "val_crm_rmse": {
    "vel_body_x_mps": 0.004208330235380315,
    "vel_body_y_mps": 0.003550233520698034,
    "roll_rad": 7.977789108282956e-05,
    "pitch_rad": 5.701705884540706e-05,
    "roll_rate_radps": 0.006133635142535355,
    "ang_vel_body_y_radps": 0.004013233593868689,
    "yaw_rate_radps": 0.002984765735601911,
    "tire_fl_force_wheel_fz_n": 947.3953084039113,
    "tire_fr_force_wheel_fz_n": 967.9096670098977,
    "tire_rl_force_wheel_fz_n": 1013.9140476913992,
    "tire_rr_force_wheel_fz_n": 1074.3154863267014,
    "tire_fl_spindle_omega_radps": 0.17786106258160123,
    "tire_fr_spindle_omega_radps": 0.18070017421692397,
    "tire_rl_spindle_omega_radps": 0.18685774597273772,
    "tire_rr_spindle_omega_radps": 0.18788919099521623
  },
  "val_mixed_loss": 0.07023376552971969,
  "rollout_flat_5.0s": {
    "xy_rmse_m": 1.8661844227795474,
    "yaw_rmse_rad": 0.11881357021299616,
    "errdist": 0.4229158033015361,
    "mean_dist_m": 4.4126618305842085,
    "episodes": 12
  },
  "rollout_flat_10.0s": {
    "xy_rmse_m": 5.489615874201861,
    "yaw_rmse_rad": 0.23287065927361034,
    "errdist": 0.19097155513323028,
    "mean_dist_m": 28.745725353558857,
    "episodes": 12
  },
  "rollout_crm_5.0s": {
    "xy_rmse_m": 1.291599219048143,
    "yaw_rmse_rad": 0.06585813130116606,
    "errdist": 0.2810237392563132,
    "mean_dist_m": 4.596050221472979,
    "episodes": 12
  },
  "rollout_crm_10.0s": {
    "xy_rmse_m": 3.718906937052542,
    "yaw_rmse_rad": 0.19857096524095094,
    "errdist": 0.1731628727280219,
    "mean_dist_m": 21.476352745046217,
    "episodes": 12
  },
  "rollout_sel": 0.18206721393062608
}
{
  "epoch": 8,
  "timestamp_utc": "2026-07-10T07:36:13.615574+00:00",
  "train_loss": 0.04290018857922405,
  "val_loss": 0.006428166068835708,
  "val_rmse": {
    "vel_body_x_mps": 0.0013003973685122546,
    "vel_body_y_mps": 0.001275749294316004,
    "roll_rad": 3.3396792394997115e-05,
    "pitch_rad": 1.5860063961846223e-05,
    "roll_rate_radps": 0.0020078086072856777,
    "ang_vel_body_y_radps": 0.0010326557715167749,
    "yaw_rate_radps": 0.0016880950274029557,
    "tire_fl_force_wheel_fz_n": 53.78293258606153,
    "tire_fr_force_wheel_fz_n": 55.914544602741266,
    "tire_rl_force_wheel_fz_n": 28.23295509724182,
    "tire_rr_force_wheel_fz_n": 29.40938950630392,
    "tire_fl_spindle_omega_radps": 0.074904279713058,
    "tire_fr_spindle_omega_radps": 0.08095335251470949,
    "tire_rl_spindle_omega_radps": 0.08163077938261812,
    "tire_rr_spindle_omega_radps": 0.06803300807938102
  },
  "val_flat_loss": 0.006428166068835708,
  "val_flat_rmse": {
    "vel_body_x_mps": 0.0013003973685122546,
    "vel_body_y_mps": 0.001275749294316004,
    "roll_rad": 3.3396792394997115e-05,
    "pitch_rad": 1.5860063961846223e-05,
    "roll_rate_radps": 0.0020078086072856777,
    "ang_vel_body_y_radps": 0.0010326557715167749,
    "yaw_rate_radps": 0.0016880950274029557,
    "tire_fl_force_wheel_fz_n": 53.78293258606153,
    "tire_fr_force_wheel_fz_n": 55.914544602741266,
    "tire_rl_force_wheel_fz_n": 28.23295509724182,
    "tire_rr_force_wheel_fz_n": 29.40938950630392,
    "tire_fl_spindle_omega_radps": 0.074904279713058,
    "tire_fr_spindle_omega_radps": 0.08095335251470949,
    "tire_rl_spindle_omega_radps": 0.08163077938261812,
    "tire_rr_spindle_omega_radps": 0.06803300807938102
  },
  "val_crm_loss": 0.13078509774350094,
  "val_crm_rmse": {
    "vel_body_x_mps": 0.00410415056717275,
    "vel_body_y_mps": 0.003654879088669387,
    "roll_rad": 8.549635582580043e-05,
    "pitch_rad": 6.286019132303435e-05,
    "roll_rate_radps": 0.006247384273018619,
    "ang_vel_body_y_radps": 0.003910293571194597,
    "yaw_rate_radps": 0.002899046418481701,
    "tire_fl_force_wheel_fz_n": 915.4554677402541,
    "tire_fr_force_wheel_fz_n": 951.8790995928523,
    "tire_rl_force_wheel_fz_n": 1010.5166950375966,
    "tire_rr_force_wheel_fz_n": 1074.8870229298466,
    "tire_fl_spindle_omega_radps": 0.17638127090964323,
    "tire_fr_spindle_omega_radps": 0.17630989938708838,
    "tire_rl_spindle_omega_radps": 0.18422378018744306,
    "tire_rr_spindle_omega_radps": 0.18809533893344818
  },
  "val_mixed_loss": 0.06860663190616832,
  "rollout_flat_5.0s": {
    "xy_rmse_m": 1.4827152253520013,
    "yaw_rmse_rad": 0.13551921496303396,
    "errdist": 0.33601378992500297,
    "mean_dist_m": 4.4126618305842085,
    "episodes": 12
  },
  "rollout_flat_10.0s": {
    "xy_rmse_m": 10.757991122696298,
    "yaw_rmse_rad": 0.46589608896852874,
    "errdist": 0.3742466398178541,
    "mean_dist_m": 28.745725353558857,
    "episodes": 12
  },
  "rollout_crm_5.0s": {
    "xy_rmse_m": 2.678205827511888,
    "yaw_rmse_rad": 0.1376659916531376,
    "errdist": 0.5827190083779274,
    "mean_dist_m": 4.596050221472979,
    "episodes": 12
  },
  "rollout_crm_10.0s": {
    "xy_rmse_m": 12.527589028916992,
    "yaw_rmse_rad": 0.5726941427242263,
    "errdist": 0.5833201371590729,
    "mean_dist_m": 21.476352745046217,
    "episodes": 12
  },
  "rollout_sel": 0.4787833884884635
}
{
  "epoch": 9,
  "timestamp_utc": "2026-07-10T07:36:47.213920+00:00",
  "train_loss": 0.041574646547436714,
  "val_loss": 0.006485484249496949,
  "val_rmse": {
    "vel_body_x_mps": 0.0012708431822337184,
    "vel_body_y_mps": 0.001095058978958322,
    "roll_rad": 3.0085007664084493e-05,
    "pitch_rad": 1.4144663643565222e-05,
    "roll_rate_radps": 0.0018775662485084185,
    "ang_vel_body_y_radps": 0.001084093016579987,
    "yaw_rate_radps": 0.001641447916585873,
    "tire_fl_force_wheel_fz_n": 53.95946936369072,
    "tire_fr_force_wheel_fz_n": 53.18052463312524,
    "tire_rl_force_wheel_fz_n": 30.122517179927,
    "tire_rr_force_wheel_fz_n": 27.19854168462421,
    "tire_fl_spindle_omega_radps": 0.08037781483706348,
    "tire_fr_spindle_omega_radps": 0.08430661740489946,
    "tire_rl_spindle_omega_radps": 0.08347859269505817,
    "tire_rr_spindle_omega_radps": 0.06961617394587183
  },
  "val_flat_loss": 0.006485484249496949,
  "val_flat_rmse": {
    "vel_body_x_mps": 0.0012708431822337184,
    "vel_body_y_mps": 0.001095058978958322,
    "roll_rad": 3.0085007664084493e-05,
    "pitch_rad": 1.4144663643565222e-05,
    "roll_rate_radps": 0.0018775662485084185,
    "ang_vel_body_y_radps": 0.001084093016579987,
    "yaw_rate_radps": 0.001641447916585873,
    "tire_fl_force_wheel_fz_n": 53.95946936369072,
    "tire_fr_force_wheel_fz_n": 53.18052463312524,
    "tire_rl_force_wheel_fz_n": 30.122517179927,
    "tire_rr_force_wheel_fz_n": 27.19854168462421,
    "tire_fl_spindle_omega_radps": 0.08037781483706348,
    "tire_fr_spindle_omega_radps": 0.08430661740489946,
    "tire_rl_spindle_omega_radps": 0.08347859269505817,
    "tire_rr_spindle_omega_radps": 0.06961617394587183
  },
  "val_crm_loss": 0.1273640274378704,
  "val_crm_rmse": {
    "vel_body_x_mps": 0.004093454224941918,
    "vel_body_y_mps": 0.0034361771308723064,
    "roll_rad": 8.069191775109423e-05,
    "pitch_rad": 5.4412999441983126e-05,
    "roll_rate_radps": 0.005837516127757573,
    "ang_vel_body_y_radps": 0.003972039769984666,
    "yaw_rate_radps": 0.0028214611187180783,
    "tire_fl_force_wheel_fz_n": 892.6375366605803,
    "tire_fr_force_wheel_fz_n": 911.5495233263865,
    "tire_rl_force_wheel_fz_n": 1017.5432860230882,
    "tire_rr_force_wheel_fz_n": 1073.331750603814,
    "tire_fl_spindle_omega_radps": 0.17682592538181455,
    "tire_fr_spindle_omega_radps": 0.17023772431668768,
    "tire_rl_spindle_omega_radps": 0.18185549220103198,
    "tire_rr_spindle_omega_radps": 0.18353404668805465
  },
  "val_mixed_loss": 0.06692475584368367,
  "rollout_flat_5.0s": {
    "xy_rmse_m": 1.9149032296745827,
    "yaw_rmse_rad": 0.07829291120412643,
    "errdist": 0.4339564877603733,
    "mean_dist_m": 4.4126618305842085,
    "episodes": 12
  },
  "rollout_flat_10.0s": {
    "xy_rmse_m": 6.450563027897003,
    "yaw_rmse_rad": 0.1292589476777538,
    "errdist": 0.22440077432585614,
    "mean_dist_m": 28.745725353558857,
    "episodes": 12
  },
  "rollout_crm_5.0s": {
    "xy_rmse_m": 0.44686540286555887,
    "yaw_rmse_rad": 0.11547626035610475,
    "errdist": 0.09722813749462117,
    "mean_dist_m": 4.596050221472979,
    "episodes": 12
  },
  "rollout_crm_10.0s": {
    "xy_rmse_m": 2.0171306919064005,
    "yaw_rmse_rad": 0.24316884219209808,
    "errdist": 0.0939233358593291,
    "mean_dist_m": 21.476352745046217,
    "episodes": 12
  },
  "rollout_sel": 0.15916205509259262
}
{
  "epoch": 10,
  "timestamp_utc": "2026-07-10T07:37:20.647770+00:00",
  "train_loss": 0.04079942314885557,
  "val_loss": 0.005712896815748536,
  "val_rmse": {
    "vel_body_x_mps": 0.0011913810422297605,
    "vel_body_y_mps": 0.0011231619377524346,
    "roll_rad": 3.1176987167809954e-05,
    "pitch_rad": 1.7775652306573142e-05,
    "roll_rate_radps": 0.0017741735622223188,
    "ang_vel_body_y_radps": 0.0010367041753766865,
    "yaw_rate_radps": 0.0015386471516685425,
    "tire_fl_force_wheel_fz_n": 51.38830760691434,
    "tire_fr_force_wheel_fz_n": 51.59879106807606,
    "tire_rl_force_wheel_fz_n": 29.323155328369978,
    "tire_rr_force_wheel_fz_n": 28.569683051869784,
    "tire_fl_spindle_omega_radps": 0.07673666331830413,
    "tire_fr_spindle_omega_radps": 0.08154412445044226,
    "tire_rl_spindle_omega_radps": 0.08021661318603518,
    "tire_rr_spindle_omega_radps": 0.06675269349867421
  },
  "val_flat_loss": 0.005712896815748536,
  "val_flat_rmse": {
    "vel_body_x_mps": 0.0011913810422297605,
    "vel_body_y_mps": 0.0011231619377524346,
    "roll_rad": 3.1176987167809954e-05,
    "pitch_rad": 1.7775652306573142e-05,
    "roll_rate_radps": 0.0017741735622223188,
    "ang_vel_body_y_radps": 0.0010367041753766865,
    "yaw_rate_radps": 0.0015386471516685425,
    "tire_fl_force_wheel_fz_n": 51.38830760691434,
    "tire_fr_force_wheel_fz_n": 51.59879106807606,
    "tire_rl_force_wheel_fz_n": 29.323155328369978,
    "tire_rr_force_wheel_fz_n": 28.569683051869784,
    "tire_fl_spindle_omega_radps": 0.07673666331830413,
    "tire_fr_spindle_omega_radps": 0.08154412445044226,
    "tire_rl_spindle_omega_radps": 0.08021661318603518,
    "tire_rr_spindle_omega_radps": 0.06675269349867421
  },
  "val_crm_loss": 0.12636467148782685,
  "val_crm_rmse": {
    "vel_body_x_mps": 0.0039597939025121905,
    "vel_body_y_mps": 0.0034727113456153513,
    "roll_rad": 8.520298320425829e-05,
    "pitch_rad": 5.805374519552253e-05,
    "roll_rate_radps": 0.005859957317665722,
    "ang_vel_body_y_radps": 0.003972297707081751,
    "yaw_rate_radps": 0.0028684084601267386,
    "tire_fl_force_wheel_fz_n": 897.2320714829895,
    "tire_fr_force_wheel_fz_n": 896.8293152454338,
    "tire_rl_force_wheel_fz_n": 1008.1437444428391,
    "tire_rr_force_wheel_fz_n": 1069.3907282184605,
    "tire_fl_spindle_omega_radps": 0.17388001339967446,
    "tire_fr_spindle_omega_radps": 0.17319081898439495,
    "tire_rl_spindle_omega_radps": 0.18180524779142043,
    "tire_rr_spindle_omega_radps": 0.18149703467753106
  },
  "val_mixed_loss": 0.0660387841517877,
  "rollout_flat_5.0s": {
    "xy_rmse_m": 1.9692275663955026,
    "yaw_rmse_rad": 0.08447964010603792,
    "errdist": 0.4462675006606589,
    "mean_dist_m": 4.4126618305842085,
    "episodes": 12
  },
  "rollout_flat_10.0s": {
    "xy_rmse_m": 5.669681422698795,
    "yaw_rmse_rad": 0.2720885722059182,
    "errdist": 0.1972356360107247,
    "mean_dist_m": 28.745725353558857,
    "episodes": 12
  },
  "rollout_crm_5.0s": {
    "xy_rmse_m": 1.320652463254,
    "yaw_rmse_rad": 0.07536225798611855,
    "errdist": 0.28734508972157113,
    "mean_dist_m": 4.596050221472979,
    "episodes": 12
  },
  "rollout_crm_10.0s": {
    "xy_rmse_m": 2.9203563359105047,
    "yaw_rmse_rad": 0.19906718597780396,
    "errdist": 0.13598008798696606,
    "mean_dist_m": 21.476352745046217,
    "episodes": 12
  },
  "rollout_sel": 0.16660786199884536
}
{
  "epoch": 11,
  "timestamp_utc": "2026-07-10T07:37:53.867723+00:00",
  "train_loss": 0.03969348751287907,
  "val_loss": 0.005603442512237961,
  "val_rmse": {
    "vel_body_x_mps": 0.0011385753390706994,
    "vel_body_y_mps": 0.0010323685624531805,
    "roll_rad": 3.0485201865134296e-05,
    "pitch_rad": 1.6372816625724008e-05,
    "roll_rate_radps": 0.001768027934678193,
    "ang_vel_body_y_radps": 0.0009932292106778439,
    "yaw_rate_radps": 0.0015542849995782884,
    "tire_fl_force_wheel_fz_n": 50.41456940411912,
    "tire_fr_force_wheel_fz_n": 50.31060006211453,
    "tire_rl_force_wheel_fz_n": 29.455480136276744,
    "tire_rr_force_wheel_fz_n": 26.98483845907492,
    "tire_fl_spindle_omega_radps": 0.0773997339623231,
    "tire_fr_spindle_omega_radps": 0.08301476530114693,
    "tire_rl_spindle_omega_radps": 0.08029578100586467,
    "tire_rr_spindle_omega_radps": 0.0655383843790438
  },
  "val_flat_loss": 0.005603442512237961,
  "val_flat_rmse": {
    "vel_body_x_mps": 0.0011385753390706994,
    "vel_body_y_mps": 0.0010323685624531805,
    "roll_rad": 3.0485201865134296e-05,
    "pitch_rad": 1.6372816625724008e-05,
    "roll_rate_radps": 0.001768027934678193,
    "ang_vel_body_y_radps": 0.0009932292106778439,
    "yaw_rate_radps": 0.0015542849995782884,
    "tire_fl_force_wheel_fz_n": 50.41456940411912,
    "tire_fr_force_wheel_fz_n": 50.31060006211453,
    "tire_rl_force_wheel_fz_n": 29.455480136276744,
    "tire_rr_force_wheel_fz_n": 26.98483845907492,
    "tire_fl_spindle_omega_radps": 0.0773997339623231,
    "tire_fr_spindle_omega_radps": 0.08301476530114693,
    "tire_rl_spindle_omega_radps": 0.08029578100586467,
    "tire_rr_spindle_omega_radps": 0.0655383843790438
  },
  "val_crm_loss": 0.12186440286925063,
  "val_crm_rmse": {
    "vel_body_x_mps": 0.0036934009476548854,
    "vel_body_y_mps": 0.0033611100104621295,
    "roll_rad": 8.409368679471009e-05,
    "pitch_rad": 5.55075811245762e-05,
    "roll_rate_radps": 0.005679984453819727,
    "ang_vel_body_y_radps": 0.00382130416379621,
    "yaw_rate_radps": 0.0027932630366796045,
    "tire_fl_force_wheel_fz_n": 872.2474753485693,
    "tire_fr_force_wheel_fz_n": 868.8417276284888,
    "tire_rl_force_wheel_fz_n": 1005.1481387772905,
    "tire_rr_force_wheel_fz_n": 1065.9845677114365,
    "tire_fl_spindle_omega_radps": 0.1705279262334762,
    "tire_fr_spindle_omega_radps": 0.168313215838127,
    "tire_rl_spindle_omega_radps": 0.17711726180364584,
    "tire_rr_spindle_omega_radps": 0.17864615453151006
  },
  "val_mixed_loss": 0.0637339226907443,
  "rollout_flat_5.0s": {
    "xy_rmse_m": 0.42473940994505516,
    "yaw_rmse_rad": 0.03810173365700716,
    "errdist": 0.09625469302931432,
    "mean_dist_m": 4.4126618305842085,
    "episodes": 12
  },
  "rollout_flat_10.0s": {
    "xy_rmse_m": 5.357807115470707,
    "yaw_rmse_rad": 0.23901233595571178,
    "errdist": 0.18638622089274867,
    "mean_dist_m": 28.745725353558857,
    "episodes": 12
  },
  "rollout_crm_5.0s": {
    "xy_rmse_m": 0.7812030903275087,
    "yaw_rmse_rad": 0.030001983730142526,
    "errdist": 0.16997270540641363,
    "mean_dist_m": 4.596050221472979,
    "episodes": 12
  },
  "rollout_crm_10.0s": {
    "xy_rmse_m": 2.8463100641340886,
    "yaw_rmse_rad": 0.12670327579327648,
    "errdist": 0.132532283201142,
    "mean_dist_m": 21.476352745046217,
    "episodes": 12
  },
  "rollout_sel": 0.15945925204694533
}
{
  "epoch": 12,
  "timestamp_utc": "2026-07-10T07:38:27.333752+00:00",
  "train_loss": 0.039072078778408466,
  "val_loss": 0.005792859429529926,
  "val_rmse": {
    "vel_body_x_mps": 0.0011745071935202523,
    "vel_body_y_mps": 0.0011279716472132211,
    "roll_rad": 2.8712321158392038e-05,
    "pitch_rad": 1.6133918740619474e-05,
    "roll_rate_radps": 0.0018948735851548957,
    "ang_vel_body_y_radps": 0.0010063478309864774,
    "yaw_rate_radps": 0.001537064988783692,
    "tire_fl_force_wheel_fz_n": 51.64334311114369,
    "tire_fr_force_wheel_fz_n": 49.81294759666534,
    "tire_rl_force_wheel_fz_n": 28.99218679984731,
    "tire_rr_force_wheel_fz_n": 27.189402941787716,
    "tire_fl_spindle_omega_radps": 0.07666855567478428,
    "tire_fr_spindle_omega_radps": 0.0829173793921043,
    "tire_rl_spindle_omega_radps": 0.08024572963924267,
    "tire_rr_spindle_omega_radps": 0.06877866113142808
  },
  "val_flat_loss": 0.005792859429529926,
  "val_flat_rmse": {
    "vel_body_x_mps": 0.0011745071935202523,
    "vel_body_y_mps": 0.0011279716472132211,
    "roll_rad": 2.8712321158392038e-05,
    "pitch_rad": 1.6133918740619474e-05,
    "roll_rate_radps": 0.0018948735851548957,
    "ang_vel_body_y_radps": 0.0010063478309864774,
    "yaw_rate_radps": 0.001537064988783692,
    "tire_fl_force_wheel_fz_n": 51.64334311114369,
    "tire_fr_force_wheel_fz_n": 49.81294759666534,
    "tire_rl_force_wheel_fz_n": 28.99218679984731,
    "tire_rr_force_wheel_fz_n": 27.189402941787716,
    "tire_fl_spindle_omega_radps": 0.07666855567478428,
    "tire_fr_spindle_omega_radps": 0.0829173793921043,
    "tire_rl_spindle_omega_radps": 0.08024572963924267,
    "tire_rr_spindle_omega_radps": 0.06877866113142808
  },
  "val_crm_loss": 0.1263498178264126,
  "val_crm_rmse": {
    "vel_body_x_mps": 0.003880493729250998,
    "vel_body_y_mps": 0.003502551779804647,
    "roll_rad": 9.131699985303585e-05,
    "pitch_rad": 5.268261762638177e-05,
    "roll_rate_radps": 0.006131583754570652,
    "ang_vel_body_y_radps": 0.003892226207950885,
    "yaw_rate_radps": 0.0029366333906413024,
    "tire_fl_force_wheel_fz_n": 876.7285871660621,
    "tire_fr_force_wheel_fz_n": 918.8423137561897,
    "tire_rl_force_wheel_fz_n": 1007.5597651512105,
    "tire_rr_force_wheel_fz_n": 1070.5321883388333,
    "tire_fl_spindle_omega_radps": 0.1800375651792279,
    "tire_fr_spindle_omega_radps": 0.17543141627438374,
    "tire_rl_spindle_omega_radps": 0.18041064448000577,
    "tire_rr_spindle_omega_radps": 0.1819268515662957
  },
  "val_mixed_loss": 0.06607133862797127,
  "rollout_flat_5.0s": {
    "xy_rmse_m": 1.254921253261742,
    "yaw_rmse_rad": 0.0899295559675779,
    "errdist": 0.284390986991994,
    "mean_dist_m": 4.4126618305842085,
    "episodes": 12
  },
  "rollout_flat_10.0s": {
    "xy_rmse_m": 4.235129948843808,
    "yaw_rmse_rad": 0.21812492745880116,
    "errdist": 0.14733077341948092,
    "mean_dist_m": 28.745725353558857,
    "episodes": 12
  },
  "rollout_crm_5.0s": {
    "xy_rmse_m": 1.0838082122073371,
    "yaw_rmse_rad": 0.06655477116267523,
    "errdist": 0.2358129611255618,
    "mean_dist_m": 4.596050221472979,
    "episodes": 12
  },
  "rollout_crm_10.0s": {
    "xy_rmse_m": 2.7297933622087753,
    "yaw_rmse_rad": 0.17784855991495815,
    "errdist": 0.1271069345253903,
    "mean_dist_m": 21.476352745046217,
    "episodes": 12
  },
  "rollout_sel": 0.1372188539724356
}
{
  "epoch": 13,
  "timestamp_utc": "2026-07-10T07:39:00.902829+00:00",
  "train_loss": 0.03823062718426809,
  "val_loss": 0.005388897126358642,
  "val_rmse": {
    "vel_body_x_mps": 0.0012708163713393286,
    "vel_body_y_mps": 0.0009095725437064152,
    "roll_rad": 3.122209645522921e-05,
    "pitch_rad": 1.5899350962271707e-05,
    "roll_rate_radps": 0.0017147888218659833,
    "ang_vel_body_y_radps": 0.0010019563547620522,
    "yaw_rate_radps": 0.0015780868904382906,
    "tire_fl_force_wheel_fz_n": 49.86066394809886,
    "tire_fr_force_wheel_fz_n": 49.18846347965511,
    "tire_rl_force_wheel_fz_n": 28.271233542712835,
    "tire_rr_force_wheel_fz_n": 26.286096451965868,
    "tire_fl_spindle_omega_radps": 0.0720106720581542,
    "tire_fr_spindle_omega_radps": 0.07918428783042748,
    "tire_rl_spindle_omega_radps": 0.07913595990052788,
    "tire_rr_spindle_omega_radps": 0.0620793889362802
  },
  "val_flat_loss": 0.005388897126358642,
  "val_flat_rmse": {
    "vel_body_x_mps": 0.0012708163713393286,
    "vel_body_y_mps": 0.0009095725437064152,
    "roll_rad": 3.122209645522921e-05,
    "pitch_rad": 1.5899350962271707e-05,
    "roll_rate_radps": 0.0017147888218659833,
    "ang_vel_body_y_radps": 0.0010019563547620522,
    "yaw_rate_radps": 0.0015780868904382906,
    "tire_fl_force_wheel_fz_n": 49.86066394809886,
    "tire_fr_force_wheel_fz_n": 49.18846347965511,
    "tire_rl_force_wheel_fz_n": 28.271233542712835,
    "tire_rr_force_wheel_fz_n": 26.286096451965868,
    "tire_fl_spindle_omega_radps": 0.0720106720581542,
    "tire_fr_spindle_omega_radps": 0.07918428783042748,
    "tire_rl_spindle_omega_radps": 0.07913595990052788,
    "tire_rr_spindle_omega_radps": 0.0620793889362802
  },
  "val_crm_loss": 0.11935973720042967,
  "val_crm_rmse": {
    "vel_body_x_mps": 0.0036471300705199308,
    "vel_body_y_mps": 0.0032189850893002536,
    "roll_rad": 8.441211183712087e-05,
    "pitch_rad": 5.568540592723408e-05,
    "roll_rate_radps": 0.005541812747377163,
    "ang_vel_body_y_radps": 0.0035897936101287734,
    "yaw_rate_radps": 0.0028126448971109515,
    "tire_fl_force_wheel_fz_n": 859.1149187510397,
    "tire_fr_force_wheel_fz_n": 848.3271969656356,
    "tire_rl_force_wheel_fz_n": 1006.7607187943055,
    "tire_rr_force_wheel_fz_n": 1054.4626475404348,
    "tire_fl_spindle_omega_radps": 0.1669836687332823,
    "tire_fr_spindle_omega_radps": 0.1652394268120656,
    "tire_rl_spindle_omega_radps": 0.17749154633392114,
    "tire_rr_spindle_omega_radps": 0.17841724399103198
  },
  "val_mixed_loss": 0.06237431716339416,
  "rollout_flat_5.0s": {
    "xy_rmse_m": 2.3591782952977307,
    "yaw_rmse_rad": 0.10353994886254517,
    "errdist": 0.534638362483669,
    "mean_dist_m": 4.4126618305842085,
    "episodes": 12
  },
  "rollout_flat_10.0s": {
    "xy_rmse_m": 11.966253015139314,
    "yaw_rmse_rad": 0.5318817577500553,
    "errdist": 0.4162793899948618,
    "mean_dist_m": 28.745725353558857,
    "episodes": 12
  },
  "rollout_crm_5.0s": {
    "xy_rmse_m": 2.438804414117001,
    "yaw_rmse_rad": 0.10928444411394725,
    "errdist": 0.5306304971870811,
    "mean_dist_m": 4.596050221472979,
    "episodes": 12
  },
  "rollout_crm_10.0s": {
    "xy_rmse_m": 8.940039888729626,
    "yaw_rmse_rad": 0.4186970394171558,
    "errdist": 0.41627365665204746,
    "mean_dist_m": 21.476352745046217,
    "episodes": 12
  },
  "rollout_sel": 0.41627652332345466
}
{
  "epoch": 14,
  "timestamp_utc": "2026-07-10T07:39:34.528404+00:00",
  "train_loss": 0.03788345476612449,
  "val_loss": 0.005855521667399444,
  "val_rmse": {
    "vel_body_x_mps": 0.00118594403884481,
    "vel_body_y_mps": 0.0011221321929827423,
    "roll_rad": 2.7601399965387204e-05,
    "pitch_rad": 1.4785632298073976e-05,
    "roll_rate_radps": 0.0016963032405334284,
    "ang_vel_body_y_radps": 0.0010302795478153088,
    "yaw_rate_radps": 0.0015881169092563474,
    "tire_fl_force_wheel_fz_n": 49.67170966462551,
    "tire_fr_force_wheel_fz_n": 50.06363093123861,
    "tire_rl_force_wheel_fz_n": 28.144133953056684,
    "tire_rr_force_wheel_fz_n": 25.602501345879244,
    "tire_fl_spindle_omega_radps": 0.07656973594341582,
    "tire_fr_spindle_omega_radps": 0.0832070273667266,
    "tire_rl_spindle_omega_radps": 0.07941825826902857,
    "tire_rr_spindle_omega_radps": 0.0708947633403753
  },
  "val_flat_loss": 0.005855521667399444,
  "val_flat_rmse": {
    "vel_body_x_mps": 0.00118594403884481,
    "vel_body_y_mps": 0.0011221321929827423,
    "roll_rad": 2.7601399965387204e-05,
    "pitch_rad": 1.4785632298073976e-05,
    "roll_rate_radps": 0.0016963032405334284,
    "ang_vel_body_y_radps": 0.0010302795478153088,
    "yaw_rate_radps": 0.0015881169092563474,
    "tire_fl_force_wheel_fz_n": 49.67170966462551,
    "tire_fr_force_wheel_fz_n": 50.06363093123861,
    "tire_rl_force_wheel_fz_n": 28.144133953056684,
    "tire_rr_force_wheel_fz_n": 25.602501345879244,
    "tire_fl_spindle_omega_radps": 0.07656973594341582,
    "tire_fr_spindle_omega_radps": 0.0832070273667266,
    "tire_rl_spindle_omega_radps": 0.07941825826902857,
    "tire_rr_spindle_omega_radps": 0.0708947633403753
  },
  "val_crm_loss": 0.12101188080734573,
  "val_crm_rmse": {
    "vel_body_x_mps": 0.003972726889327985,
    "vel_body_y_mps": 0.00338027608078747,
    "roll_rad": 7.955993989493341e-05,
    "pitch_rad": 6.152921691227591e-05,
    "roll_rate_radps": 0.005637668189784596,
    "ang_vel_body_y_radps": 0.00377790872985494,
    "yaw_rate_radps": 0.00278289873495606,
    "tire_fl_force_wheel_fz_n": 825.1831889065036,
    "tire_fr_force_wheel_fz_n": 854.6988432391126,
    "tire_rl_force_wheel_fz_n": 993.2478539862254,
    "tire_rr_force_wheel_fz_n": 1054.1646437570655,
    "tire_fl_spindle_omega_radps": 0.1705678915205035,
    "tire_fr_spindle_omega_radps": 0.16819558832421258,
    "tire_rl_spindle_omega_radps": 0.1763009517022077,
    "tire_rr_spindle_omega_radps": 0.17979591104841966
  },
  "val_mixed_loss": 0.06343370123737259,
  "rollout_flat_5.0s": {
    "xy_rmse_m": 2.6395424617823604,
    "yaw_rmse_rad": 0.126541416076062,
    "errdist": 0.5981746535589159,
    "mean_dist_m": 4.4126618305842085,
    "episodes": 12
  },
  "rollout_flat_10.0s": {
    "xy_rmse_m": 7.103440509037131,
    "yaw_rmse_rad": 0.2660623679823485,
    "errdist": 0.24711293319852481,
    "mean_dist_m": 28.745725353558857,
    "episodes": 12
  },
  "rollout_crm_5.0s": {
    "xy_rmse_m": 0.7589189415286014,
    "yaw_rmse_rad": 0.04375009928419564,
    "errdist": 0.16512416204307206,
    "mean_dist_m": 4.596050221472979,
    "episodes": 12
  },
  "rollout_crm_10.0s": {
    "xy_rmse_m": 2.0717546135174474,
    "yaw_rmse_rad": 0.1774731996836765,
    "errdist": 0.09646678084086335,
    "mean_dist_m": 21.476352745046217,
    "episodes": 12
  },
  "rollout_sel": 0.17178985701969407
}
{
  "epoch": 15,
  "timestamp_utc": "2026-07-10T07:40:08.021346+00:00",
  "train_loss": 0.03719067348865792,
  "val_loss": 0.005254306234564865,
  "val_rmse": {
    "vel_body_x_mps": 0.0011799156766067952,
    "vel_body_y_mps": 0.0009950295863507103,
    "roll_rad": 3.492303194748457e-05,
    "pitch_rad": 1.3544606436858387e-05,
    "roll_rate_radps": 0.001773986709929335,
    "ang_vel_body_y_radps": 0.0010335124352366762,
    "yaw_rate_radps": 0.0014933810127630974,
    "tire_fl_force_wheel_fz_n": 51.83646434506427,
    "tire_fr_force_wheel_fz_n": 49.89297135653551,
    "tire_rl_force_wheel_fz_n": 27.170577626418577,
    "tire_rr_force_wheel_fz_n": 25.191955700485586,
    "tire_fl_spindle_omega_radps": 0.07265920727475708,
    "tire_fr_spindle_omega_radps": 0.08157665462602369,
    "tire_rl_spindle_omega_radps": 0.08249419421827207,
    "tire_rr_spindle_omega_radps": 0.060349733423540816
  },
  "val_flat_loss": 0.005254306234564865,
  "val_flat_rmse": {
    "vel_body_x_mps": 0.0011799156766067952,
    "vel_body_y_mps": 0.0009950295863507103,
    "roll_rad": 3.492303194748457e-05,
    "pitch_rad": 1.3544606436858387e-05,
    "roll_rate_radps": 0.001773986709929335,
    "ang_vel_body_y_radps": 0.0010335124352366762,
    "yaw_rate_radps": 0.0014933810127630974,
    "tire_fl_force_wheel_fz_n": 51.83646434506427,
    "tire_fr_force_wheel_fz_n": 49.89297135653551,
    "tire_rl_force_wheel_fz_n": 27.170577626418577,
    "tire_rr_force_wheel_fz_n": 25.191955700485586,
    "tire_fl_spindle_omega_radps": 0.07265920727475708,
    "tire_fr_spindle_omega_radps": 0.08157665462602369,
    "tire_rl_spindle_omega_radps": 0.08249419421827207,
    "tire_rr_spindle_omega_radps": 0.060349733423540816
  },
  "val_crm_loss": 0.11734288820414804,
  "val_crm_rmse": {
    "vel_body_x_mps": 0.003649007669563405,
    "vel_body_y_mps": 0.003245526631775854,
    "roll_rad": 7.09753369393394e-05,
    "pitch_rad": 5.053606512914593e-05,
    "roll_rate_radps": 0.00554532791490122,
    "ang_vel_body_y_radps": 0.0035885958424485835,
    "yaw_rate_radps": 0.0027116750192789077,
    "tire_fl_force_wheel_fz_n": 817.6748470289808,
    "tire_fr_force_wheel_fz_n": 834.6207997322516,
    "tire_rl_force_wheel_fz_n": 991.6868613585697,
    "tire_rr_force_wheel_fz_n": 1046.8834343628866,
    "tire_fl_spindle_omega_radps": 0.16834100626602816,
    "tire_fr_spindle_omega_radps": 0.16447443693198108,
    "tire_rl_spindle_omega_radps": 0.18271358632318707,
    "tire_rr_spindle_omega_radps": 0.17884505851320032
  },
  "val_mixed_loss": 0.06129859721935645,
  "rollout_flat_5.0s": {
    "xy_rmse_m": 1.5211198499595884,
    "yaw_rmse_rad": 0.0806814391452484,
    "errdist": 0.34471706837281063,
    "mean_dist_m": 4.4126618305842085,
    "episodes": 12
  },
  "rollout_flat_10.0s": {
    "xy_rmse_m": 6.26349061766765,
    "yaw_rmse_rad": 0.18774095494378976,
    "errdist": 0.21789294027649925,
    "mean_dist_m": 28.745725353558857,
    "episodes": 12
  },
  "rollout_crm_5.0s": {
    "xy_rmse_m": 1.4957180457285435,
    "yaw_rmse_rad": 0.09728024534982554,
    "errdist": 0.32543553130478714,
    "mean_dist_m": 4.596050221472979,
    "episodes": 12
  },
  "rollout_crm_10.0s": {
    "xy_rmse_m": 4.046045464645391,
    "yaw_rmse_rad": 0.24420598475091074,
    "errdist": 0.18839537200182468,
    "mean_dist_m": 21.476352745046217,
    "episodes": 12
  },
  "rollout_sel": 0.20314415613916198
}
{
  "epoch": 16,
  "timestamp_utc": "2026-07-10T07:40:41.520313+00:00",
  "train_loss": 0.03674027820629999,
  "val_loss": 0.004989900853761355,
  "val_rmse": {
    "vel_body_x_mps": 0.0010887332851075402,
    "vel_body_y_mps": 0.0011681666809830028,
    "roll_rad": 2.2575909398675304e-05,
    "pitch_rad": 1.2920702353708367e-05,
    "roll_rate_radps": 0.0016979836330287786,
    "ang_vel_body_y_radps": 0.0009676027748821575,
    "yaw_rate_radps": 0.0015390639015539472,
    "tire_fl_force_wheel_fz_n": 47.68558340143339,
    "tire_fr_force_wheel_fz_n": 47.61405198023224,
    "tire_rl_force_wheel_fz_n": 26.917190062824528,
    "tire_rr_force_wheel_fz_n": 26.199268813886654,
    "tire_fl_spindle_omega_radps": 0.07149980132147861,
    "tire_fr_spindle_omega_radps": 0.07907515870038591,
    "tire_rl_spindle_omega_radps": 0.07764191305944573,
    "tire_rr_spindle_omega_radps": 0.06270898952506615
  },
  "val_flat_loss": 0.004989900853761355,
  "val_flat_rmse": {
    "vel_body_x_mps": 0.0010887332851075402,
    "vel_body_y_mps": 0.0011681666809830028,
    "roll_rad": 2.2575909398675304e-05,
    "pitch_rad": 1.2920702353708367e-05,
    "roll_rate_radps": 0.0016979836330287786,
    "ang_vel_body_y_radps": 0.0009676027748821575,
    "yaw_rate_radps": 0.0015390639015539472,
    "tire_fl_force_wheel_fz_n": 47.68558340143339,
    "tire_fr_force_wheel_fz_n": 47.61405198023224,
    "tire_rl_force_wheel_fz_n": 26.917190062824528,
    "tire_rr_force_wheel_fz_n": 26.199268813886654,
    "tire_fl_spindle_omega_radps": 0.07149980132147861,
    "tire_fr_spindle_omega_radps": 0.07907515870038591,
    "tire_rl_spindle_omega_radps": 0.07764191305944573,
    "tire_rr_spindle_omega_radps": 0.06270898952506615
  },
  "val_crm_loss": 0.11604831409291365,
  "val_crm_rmse": {
    "vel_body_x_mps": 0.003636294047069699,
    "vel_body_y_mps": 0.0032357218978052026,
    "roll_rad": 7.177947263815797e-05,
    "pitch_rad": 5.1945565620315143e-05,
    "roll_rate_radps": 0.005297651785480996,
    "ang_vel_body_y_radps": 0.0036744372364442635,
    "yaw_rate_radps": 0.002723335909540773,
    "tire_fl_force_wheel_fz_n": 830.0700939993853,
    "tire_fr_force_wheel_fz_n": 815.9858231648127,
    "tire_rl_force_wheel_fz_n": 989.3593422935843,
    "tire_rr_force_wheel_fz_n": 1045.12074978544,
    "tire_fl_spindle_omega_radps": 0.16391617141019652,
    "tire_fr_spindle_omega_radps": 0.16325221790673372,
    "tire_rl_spindle_omega_radps": 0.17615001758294144,
    "tire_rr_spindle_omega_radps": 0.1771389285907071
  },
  "val_mixed_loss": 0.060519107473337504,
  "rollout_flat_5.0s": {
    "xy_rmse_m": 0.6991598535947641,
    "yaw_rmse_rad": 0.03995323017020985,
    "errdist": 0.1584440141659801,
    "mean_dist_m": 4.4126618305842085,
    "episodes": 12
  },
  "rollout_flat_10.0s": {
    "xy_rmse_m": 4.87137155883821,
    "yaw_rmse_rad": 0.24139153298070942,
    "errdist": 0.16946420724899577,
    "mean_dist_m": 28.745725353558857,
    "episodes": 12
  },
  "rollout_crm_5.0s": {
    "xy_rmse_m": 0.3982202210229401,
    "yaw_rmse_rad": 0.07044089610553335,
    "errdist": 0.08664400992888091,
    "mean_dist_m": 4.596050221472979,
    "episodes": 12
  },
  "rollout_crm_10.0s": {
    "xy_rmse_m": 3.1258012821591996,
    "yaw_rmse_rad": 0.20649162951843092,
    "errdist": 0.14554618837131011,
    "mean_dist_m": 21.476352745046217,
    "episodes": 12
  },
  "rollout_sel": 0.15750519781015293
}
{
  "epoch": 17,
  "timestamp_utc": "2026-07-10T07:41:14.835365+00:00",
  "train_loss": 0.03660932429693639,
  "val_loss": 0.004797277258585381,
  "val_rmse": {
    "vel_body_x_mps": 0.0010685374559604355,
    "vel_body_y_mps": 0.0010552057974771948,
    "roll_rad": 2.841599135862975e-05,
    "pitch_rad": 1.1926760968395555e-05,
    "roll_rate_radps": 0.0016812852627079192,
    "ang_vel_body_y_radps": 0.0009706685506213366,
    "yaw_rate_radps": 0.0015104758373329097,
    "tire_fl_force_wheel_fz_n": 49.370800523373845,
    "tire_fr_force_wheel_fz_n": 46.88894478044799,
    "tire_rl_force_wheel_fz_n": 26.871461426761627,
    "tire_rr_force_wheel_fz_n": 24.860720934346265,
    "tire_fl_spindle_omega_radps": 0.07076405295951063,
    "tire_fr_spindle_omega_radps": 0.07742273237716189,
    "tire_rl_spindle_omega_radps": 0.07723771478703835,
    "tire_rr_spindle_omega_radps": 0.06381767416452536
  },
  "val_flat_loss": 0.004797277258585381,
  "val_flat_rmse": {
    "vel_body_x_mps": 0.0010685374559604355,
    "vel_body_y_mps": 0.0010552057974771948,
    "roll_rad": 2.841599135862975e-05,
    "pitch_rad": 1.1926760968395555e-05,
    "roll_rate_radps": 0.0016812852627079192,
    "ang_vel_body_y_radps": 0.0009706685506213366,
    "yaw_rate_radps": 0.0015104758373329097,
    "tire_fl_force_wheel_fz_n": 49.370800523373845,
    "tire_fr_force_wheel_fz_n": 46.88894478044799,
    "tire_rl_force_wheel_fz_n": 26.871461426761627,
    "tire_rr_force_wheel_fz_n": 24.860720934346265,
    "tire_fl_spindle_omega_radps": 0.07076405295951063,
    "tire_fr_spindle_omega_radps": 0.07742273237716189,
    "tire_rl_spindle_omega_radps": 0.07723771478703835,
    "tire_rr_spindle_omega_radps": 0.06381767416452536
  },
  "val_crm_loss": 0.11529214951617178,
  "val_crm_rmse": {
    "vel_body_x_mps": 0.0035869313581362427,
    "vel_body_y_mps": 0.003273348975842872,
    "roll_rad": 7.565110549801054e-05,
    "pitch_rad": 4.7026631685348276e-05,
    "roll_rate_radps": 0.0055905139537935555,
    "ang_vel_body_y_radps": 0.003661467385832445,
    "yaw_rate_radps": 0.0026807243693011255,
    "tire_fl_force_wheel_fz_n": 813.9758395976692,
    "tire_fr_force_wheel_fz_n": 816.2276015901791,
    "tire_rl_force_wheel_fz_n": 987.2175029006765,
    "tire_rr_force_wheel_fz_n": 1047.3866770207464,
    "tire_fl_spindle_omega_radps": 0.16367133872391185,
    "tire_fr_spindle_omega_radps": 0.1622220120364235,
    "tire_rl_spindle_omega_radps": 0.17416028309112322,
    "tire_rr_spindle_omega_radps": 0.17841992199979917
  },
  "val_mixed_loss": 0.06004471338737858,
  "rollout_flat_5.0s": {
    "xy_rmse_m": 1.6999490993957729,
    "yaw_rmse_rad": 0.06433937431914237,
    "errdist": 0.38524345727411213,
    "mean_dist_m": 4.4126618305842085,
    "episodes": 12
  },
  "rollout_flat_10.0s": {
    "xy_rmse_m": 5.434605768125207,
    "yaw_rmse_rad": 0.1359945512587617,
    "errdist": 0.18905787560696838,
    "mean_dist_m": 28.745725353558857,
    "episodes": 12
  },
  "rollout_crm_5.0s": {
    "xy_rmse_m": 1.1512370183656664,
    "yaw_rmse_rad": 0.059717188387045116,
    "errdist": 0.2504839944931474,
    "mean_dist_m": 4.596050221472979,
    "episodes": 12
  },
  "rollout_crm_10.0s": {
    "xy_rmse_m": 4.335895824628451,
    "yaw_rmse_rad": 0.1872140108816249,
    "errdist": 0.2018916282527804,
    "mean_dist_m": 21.476352745046217,
    "episodes": 12
  },
  "rollout_sel": 0.1954747519298744
}
{
  "epoch": 18,
  "timestamp_utc": "2026-07-10T07:41:48.352517+00:00",
  "train_loss": 0.03628856116440147,
  "val_loss": 0.004547682395750599,
  "val_rmse": {
    "vel_body_x_mps": 0.0010789090612828782,
    "vel_body_y_mps": 0.0008834869256686464,
    "roll_rad": 2.4918694064043114e-05,
    "pitch_rad": 1.3134242241860031e-05,
    "roll_rate_radps": 0.0016579219774637969,
    "ang_vel_body_y_radps": 0.0009891382338574875,
    "yaw_rate_radps": 0.0014714715339706698,
    "tire_fl_force_wheel_fz_n": 46.32024650117364,
    "tire_fr_force_wheel_fz_n": 46.612378291970884,
    "tire_rl_force_wheel_fz_n": 26.533171122520784,
    "tire_rr_force_wheel_fz_n": 25.252664095016222,
    "tire_fl_spindle_omega_radps": 0.0701423850371464,
    "tire_fr_spindle_omega_radps": 0.07893143099793064,
    "tire_rl_spindle_omega_radps": 0.07726356877769275,
    "tire_rr_spindle_omega_radps": 0.06008316498493736
  },
  "val_flat_loss": 0.004547682395750599,
  "val_flat_rmse": {
    "vel_body_x_mps": 0.0010789090612828782,
    "vel_body_y_mps": 0.0008834869256686464,
    "roll_rad": 2.4918694064043114e-05,
    "pitch_rad": 1.3134242241860031e-05,
    "roll_rate_radps": 0.0016579219774637969,
    "ang_vel_body_y_radps": 0.0009891382338574875,
    "yaw_rate_radps": 0.0014714715339706698,
    "tire_fl_force_wheel_fz_n": 46.32024650117364,
    "tire_fr_force_wheel_fz_n": 46.612378291970884,
    "tire_rl_force_wheel_fz_n": 26.533171122520784,
    "tire_rr_force_wheel_fz_n": 25.252664095016222,
    "tire_fl_spindle_omega_radps": 0.0701423850371464,
    "tire_fr_spindle_omega_radps": 0.07893143099793064,
    "tire_rl_spindle_omega_radps": 0.07726356877769275,
    "tire_rr_spindle_omega_radps": 0.06008316498493736
  },
  "val_crm_loss": 0.11506372642528731,
  "val_crm_rmse": {
    "vel_body_x_mps": 0.0035364302266506645,
    "vel_body_y_mps": 0.0032455135775742326,
    "roll_rad": 8.132437254944742e-05,
    "pitch_rad": 5.1423818468933076e-05,
    "roll_rate_radps": 0.005412719090330772,
    "ang_vel_body_y_radps": 0.0036071971544420745,
    "yaw_rate_radps": 0.0027315692047470454,
    "tire_fl_force_wheel_fz_n": 811.3979434992694,
    "tire_fr_force_wheel_fz_n": 822.7548675035185,
    "tire_rl_force_wheel_fz_n": 988.838415773662,
    "tire_rr_force_wheel_fz_n": 1043.1440757837397,
    "tire_fl_spindle_omega_radps": 0.16286005246599455,
    "tire_fr_spindle_omega_radps": 0.16209136470386648,
    "tire_rl_spindle_omega_radps": 0.17423615912816642,
    "tire_rr_spindle_omega_radps": 0.176954742392769
  },
  "val_mixed_loss": 0.05980570441051895,
  "rollout_flat_5.0s": {
    "xy_rmse_m": 3.250114186946376,
    "yaw_rmse_rad": 0.15400508550379088,
    "errdist": 0.7365427743453619,
    "mean_dist_m": 4.4126618305842085,
    "episodes": 12
  },
  "rollout_flat_10.0s": {
    "xy_rmse_m": 7.375971510870054,
    "yaw_rmse_rad": 0.25143968911387077,
    "errdist": 0.25659368202225147,
    "mean_dist_m": 28.745725353558857,
    "episodes": 12
  },
  "rollout_crm_5.0s": {
    "xy_rmse_m": 0.6219010960712129,
    "yaw_rmse_rad": 0.05329242725866608,
    "errdist": 0.13531207582668692,
    "mean_dist_m": 4.596050221472979,
    "episodes": 12
  },
  "rollout_crm_10.0s": {
    "xy_rmse_m": 2.883897282863293,
    "yaw_rmse_rad": 0.1289892070750092,
    "errdist": 0.13428245089373936,
    "mean_dist_m": 21.476352745046217,
    "episodes": 12
  },
  "rollout_sel": 0.1954380664579954
}
{
  "epoch": 19,
  "timestamp_utc": "2026-07-10T07:42:21.893100+00:00",
  "train_loss": 0.035888111346401276,
  "val_loss": 0.004885507144081203,
  "val_rmse": {
    "vel_body_x_mps": 0.0011105659617356067,
    "vel_body_y_mps": 0.0010359094640838128,
    "roll_rad": 2.8440686412485396e-05,
    "pitch_rad": 2.2530521059728553e-05,
    "roll_rate_radps": 0.0016841738571754484,
    "ang_vel_body_y_radps": 0.0009638120673605089,
    "yaw_rate_radps": 0.00150750757921257,
    "tire_fl_force_wheel_fz_n": 48.991143327528306,
    "tire_fr_force_wheel_fz_n": 48.18273667656961,
    "tire_rl_force_wheel_fz_n": 28.557074495378348,
    "tire_rr_force_wheel_fz_n": 24.712682903348092,
    "tire_fl_spindle_omega_radps": 0.07056326034954863,
    "tire_fr_spindle_omega_radps": 0.07879655863466443,
    "tire_rl_spindle_omega_radps": 0.07891651125324961,
    "tire_rr_spindle_omega_radps": 0.060672539218394723
  },
  "val_flat_loss": 0.004885507144081203,
  "val_flat_rmse": {
    "vel_body_x_mps": 0.0011105659617356067,
    "vel_body_y_mps": 0.0010359094640838128,
    "roll_rad": 2.8440686412485396e-05,
    "pitch_rad": 2.2530521059728553e-05,
    "roll_rate_radps": 0.0016841738571754484,
    "ang_vel_body_y_radps": 0.0009638120673605089,
    "yaw_rate_radps": 0.00150750757921257,
    "tire_fl_force_wheel_fz_n": 48.991143327528306,
    "tire_fr_force_wheel_fz_n": 48.18273667656961,
    "tire_rl_force_wheel_fz_n": 28.557074495378348,
    "tire_rr_force_wheel_fz_n": 24.712682903348092,
    "tire_fl_spindle_omega_radps": 0.07056326034954863,
    "tire_fr_spindle_omega_radps": 0.07879655863466443,
    "tire_rl_spindle_omega_radps": 0.07891651125324961,
    "tire_rr_spindle_omega_radps": 0.060672539218394723
  },
  "val_crm_loss": 0.11493897039676085,
  "val_crm_rmse": {
    "vel_body_x_mps": 0.0035667679409201445,
    "vel_body_y_mps": 0.0032679468609761665,
    "roll_rad": 6.763884840653596e-05,
    "pitch_rad": 5.405559761448198e-05,
    "roll_rate_radps": 0.005502761523222305,
    "ang_vel_body_y_radps": 0.003752808071685067,
    "yaw_rate_radps": 0.0027346117866456584,
    "tire_fl_force_wheel_fz_n": 809.417537721474,
    "tire_fr_force_wheel_fz_n": 819.8295314661839,
    "tire_rl_force_wheel_fz_n": 981.6404233087735,
    "tire_rr_force_wheel_fz_n": 1041.819298526753,
    "tire_fl_spindle_omega_radps": 0.16110579210114642,
    "tire_fr_spindle_omega_radps": 0.1615122320022972,
    "tire_rl_spindle_omega_radps": 0.17568174452203061,
    "tire_rr_spindle_omega_radps": 0.17728290639703223
  },
  "val_mixed_loss": 0.059912238770421025,
  "rollout_flat_5.0s": {
    "xy_rmse_m": 0.5673165154125346,
    "yaw_rmse_rad": 0.03422748399278185,
    "errdist": 0.12856559990173222,
    "mean_dist_m": 4.4126618305842085,
    "episodes": 12
  },
  "rollout_flat_10.0s": {
    "xy_rmse_m": 3.192666318300645,
    "yaw_rmse_rad": 0.12023560453954943,
    "errdist": 0.11106577687751329,
    "mean_dist_m": 28.745725353558857,
    "episodes": 12
  },
  "rollout_crm_5.0s": {
    "xy_rmse_m": 0.40022599069953774,
    "yaw_rmse_rad": 0.07336633260610217,
    "errdist": 0.08708042153883822,
    "mean_dist_m": 4.596050221472979,
    "episodes": 12
  },
  "rollout_crm_10.0s": {
    "xy_rmse_m": 2.6848118000859764,
    "yaw_rmse_rad": 0.18497243634001956,
    "errdist": 0.12501246519641288,
    "mean_dist_m": 21.476352745046217,
    "episodes": 12
  },
  "rollout_sel": 0.11803912103696308
}
{
  "epoch": 20,
  "timestamp_utc": "2026-07-10T07:42:55.326511+00:00",
  "train_loss": 0.03551187044475228,
  "val_loss": 0.004942688210467168,
  "val_rmse": {
    "vel_body_x_mps": 0.0010695469560534077,
    "vel_body_y_mps": 0.0009323760602535087,
    "roll_rad": 2.890975124590633e-05,
    "pitch_rad": 1.4037490351546734e-05,
    "roll_rate_radps": 0.0016732812811836911,
    "ang_vel_body_y_radps": 0.0009754946054067782,
    "yaw_rate_radps": 0.001518071322713115,
    "tire_fl_force_wheel_fz_n": 47.03207396799991,
    "tire_fr_force_wheel_fz_n": 45.776469731760145,
    "tire_rl_force_wheel_fz_n": 25.377362829515402,
    "tire_rr_force_wheel_fz_n": 25.002808436575886,
    "tire_fl_spindle_omega_radps": 0.07199903744591739,
    "tire_fr_spindle_omega_radps": 0.07855885251608008,
    "tire_rl_spindle_omega_radps": 0.08055905905612591,
    "tire_rr_spindle_omega_radps": 0.06523354659543946
  },
  "val_flat_loss": 0.004942688210467168,
  "val_flat_rmse": {
    "vel_body_x_mps": 0.0010695469560534077,
    "vel_body_y_mps": 0.0009323760602535087,
    "roll_rad": 2.890975124590633e-05,
    "pitch_rad": 1.4037490351546734e-05,
    "roll_rate_radps": 0.0016732812811836911,
    "ang_vel_body_y_radps": 0.0009754946054067782,
    "yaw_rate_radps": 0.001518071322713115,
    "tire_fl_force_wheel_fz_n": 47.03207396799991,
    "tire_fr_force_wheel_fz_n": 45.776469731760145,
    "tire_rl_force_wheel_fz_n": 25.377362829515402,
    "tire_rr_force_wheel_fz_n": 25.002808436575886,
    "tire_fl_spindle_omega_radps": 0.07199903744591739,
    "tire_fr_spindle_omega_radps": 0.07855885251608008,
    "tire_rl_spindle_omega_radps": 0.08055905905612591,
    "tire_rr_spindle_omega_radps": 0.06523354659543946
  },
  "val_crm_loss": 0.11339868524170015,
  "val_crm_rmse": {
    "vel_body_x_mps": 0.003482860783645062,
    "vel_body_y_mps": 0.0032229561385292015,
    "roll_rad": 7.169152050812449e-05,
    "pitch_rad": 5.289163170801994e-05,
    "roll_rate_radps": 0.005296200159732221,
    "ang_vel_body_y_radps": 0.003427559245794838,
    "yaw_rate_radps": 0.002776206630213366,
    "tire_fl_force_wheel_fz_n": 794.832680810634,
    "tire_fr_force_wheel_fz_n": 794.4535911285386,
    "tire_rl_force_wheel_fz_n": 982.7081432504724,
    "tire_rr_force_wheel_fz_n": 1040.7604783501308,
    "tire_fl_spindle_omega_radps": 0.16271042167727726,
    "tire_fr_spindle_omega_radps": 0.16023662227081745,
    "tire_rl_spindle_omega_radps": 0.17566260399030825,
    "tire_rr_spindle_omega_radps": 0.17864576162360762
  },
  "val_mixed_loss": 0.05917068672608366,
  "rollout_flat_5.0s": {
    "xy_rmse_m": 3.081110036068491,
    "yaw_rmse_rad": 0.12303965503461056,
    "errdist": 0.6982429550148808,
    "mean_dist_m": 4.4126618305842085,
    "episodes": 12
  },
  "rollout_flat_10.0s": {
    "xy_rmse_m": 8.996189722584756,
    "yaw_rmse_rad": 0.2783723577726002,
    "errdist": 0.31295747844021565,
    "mean_dist_m": 28.745725353558857,
    "episodes": 12
  },
  "rollout_crm_5.0s": {
    "xy_rmse_m": 0.41973820834233044,
    "yaw_rmse_rad": 0.0812701050630307,
    "errdist": 0.09132585331232726,
    "mean_dist_m": 4.596050221472979,
    "episodes": 12
  },
  "rollout_crm_10.0s": {
    "xy_rmse_m": 3.387713668672343,
    "yaw_rmse_rad": 0.19975237517363123,
    "errdist": 0.157741573203288,
    "mean_dist_m": 21.476352745046217,
    "episodes": 12
  },
  "rollout_sel": 0.23534952582175184
}
{
  "epoch": 21,
  "timestamp_utc": "2026-07-10T07:43:28.726014+00:00",
  "train_loss": 0.035025829966180026,
  "val_loss": 0.004820790632693388,
  "val_rmse": {
    "vel_body_x_mps": 0.001098164149711184,
    "vel_body_y_mps": 0.0010194584932254026,
    "roll_rad": 2.5194708883396495e-05,
    "pitch_rad": 1.2939502345360546e-05,
    "roll_rate_radps": 0.00164029558284535,
    "ang_vel_body_y_radps": 0.0009737387584065883,
    "yaw_rate_radps": 0.0014786102057622566,
    "tire_fl_force_wheel_fz_n": 47.70633676761676,
    "tire_fr_force_wheel_fz_n": 45.66612176115251,
    "tire_rl_force_wheel_fz_n": 25.304209023569015,
    "tire_rr_force_wheel_fz_n": 25.19874681259401,
    "tire_fl_spindle_omega_radps": 0.07425515077517407,
    "tire_fr_spindle_omega_radps": 0.08007338957133747,
    "tire_rl_spindle_omega_radps": 0.07849804040006635,
    "tire_rr_spindle_omega_radps": 0.05862092843521131
  },
  "val_flat_loss": 0.004820790632693388,
  "val_flat_rmse": {
    "vel_body_x_mps": 0.001098164149711184,
    "vel_body_y_mps": 0.0010194584932254026,
    "roll_rad": 2.5194708883396495e-05,
    "pitch_rad": 1.2939502345360546e-05,
    "roll_rate_radps": 0.00164029558284535,
    "ang_vel_body_y_radps": 0.0009737387584065883,
    "yaw_rate_radps": 0.0014786102057622566,
    "tire_fl_force_wheel_fz_n": 47.70633676761676,
    "tire_fr_force_wheel_fz_n": 45.66612176115251,
    "tire_rl_force_wheel_fz_n": 25.304209023569015,
    "tire_rr_force_wheel_fz_n": 25.19874681259401,
    "tire_fl_spindle_omega_radps": 0.07425515077517407,
    "tire_fr_spindle_omega_radps": 0.08007338957133747,
    "tire_rl_spindle_omega_radps": 0.07849804040006635,
    "tire_rr_spindle_omega_radps": 0.05862092843521131
  },
  "val_crm_loss": 0.11184559695713688,
  "val_crm_rmse": {
    "vel_body_x_mps": 0.0035765671467079077,
    "vel_body_y_mps": 0.003062787725660148,
    "roll_rad": 6.789319650100523e-05,
    "pitch_rad": 4.903656050415323e-05,
    "roll_rate_radps": 0.005172934702216638,
    "ang_vel_body_y_radps": 0.003403154978367074,
    "yaw_rate_radps": 0.002650147295376773,
    "tire_fl_force_wheel_fz_n": 793.2740206239424,
    "tire_fr_force_wheel_fz_n": 794.0472643650719,
    "tire_rl_force_wheel_fz_n": 996.5451463081696,
    "tire_rr_force_wheel_fz_n": 1034.4624382608029,
    "tire_fl_spindle_omega_radps": 0.15902043900896812,
    "tire_fr_spindle_omega_radps": 0.16080591328799013,
    "tire_rl_spindle_omega_radps": 0.1745160168692648,
    "tire_rr_spindle_omega_radps": 0.17291158773433307
  },
  "val_mixed_loss": 0.05833319379491513,
  "rollout_flat_5.0s": {
    "xy_rmse_m": 1.6100830619228288,
    "yaw_rmse_rad": 0.07468877743050209,
    "errdist": 0.36487796340143835,
    "mean_dist_m": 4.4126618305842085,
    "episodes": 12
  },
  "rollout_flat_10.0s": {
    "xy_rmse_m": 5.945070180518809,
    "yaw_rmse_rad": 0.32264030133872085,
    "errdist": 0.20681579982405215,
    "mean_dist_m": 28.745725353558857,
    "episodes": 12
  },
  "rollout_crm_5.0s": {
    "xy_rmse_m": 1.2892117879098033,
    "yaw_rmse_rad": 0.07893701936996315,
    "errdist": 0.2805042864602612,
    "mean_dist_m": 4.596050221472979,
    "episodes": 12
  },
  "rollout_crm_10.0s": {
    "xy_rmse_m": 4.742901998607415,
    "yaw_rmse_rad": 0.22946383378749233,
    "errdist": 0.22084299205326768,
    "mean_dist_m": 21.476352745046217,
    "episodes": 12
  },
  "rollout_sel": 0.2138293959386599
}
{
  "epoch": 22,
  "timestamp_utc": "2026-07-10T07:44:02.116233+00:00",
  "train_loss": 0.034834378968458625,
  "val_loss": 0.004893250184013595,
  "val_rmse": {
    "vel_body_x_mps": 0.0010936537237323505,
    "vel_body_y_mps": 0.0008770508206470748,
    "roll_rad": 2.554257667143141e-05,
    "pitch_rad": 1.3683737239648401e-05,
    "roll_rate_radps": 0.0017624837513912116,
    "ang_vel_body_y_radps": 0.0009572726591112755,
    "yaw_rate_radps": 0.0014709385048961023,
    "tire_fl_force_wheel_fz_n": 46.55233508398419,
    "tire_fr_force_wheel_fz_n": 45.74573923344444,
    "tire_rl_force_wheel_fz_n": 25.790628068027754,
    "tire_rr_force_wheel_fz_n": 24.305951518067474,
    "tire_fl_spindle_omega_radps": 0.07190680317674152,
    "tire_fr_spindle_omega_radps": 0.0786577986168768,
    "tire_rl_spindle_omega_radps": 0.0807638198068097,
    "tire_rr_spindle_omega_radps": 0.0672050558557885
  },
  "val_flat_loss": 0.004893250184013595,
  "val_flat_rmse": {
    "vel_body_x_mps": 0.0010936537237323505,
    "vel_body_y_mps": 0.0008770508206470748,
    "roll_rad": 2.554257667143141e-05,
    "pitch_rad": 1.3683737239648401e-05,
    "roll_rate_radps": 0.0017624837513912116,
    "ang_vel_body_y_radps": 0.0009572726591112755,
    "yaw_rate_radps": 0.0014709385048961023,
    "tire_fl_force_wheel_fz_n": 46.55233508398419,
    "tire_fr_force_wheel_fz_n": 45.74573923344444,
    "tire_rl_force_wheel_fz_n": 25.790628068027754,
    "tire_rr_force_wheel_fz_n": 24.305951518067474,
    "tire_fl_spindle_omega_radps": 0.07190680317674152,
    "tire_fr_spindle_omega_radps": 0.0786577986168768,
    "tire_rl_spindle_omega_radps": 0.0807638198068097,
    "tire_rr_spindle_omega_radps": 0.0672050558557885
  },
  "val_crm_loss": 0.11161818300024606,
  "val_crm_rmse": {
    "vel_body_x_mps": 0.0035164728202875676,
    "vel_body_y_mps": 0.0032054401786951697,
    "roll_rad": 7.971863925795646e-05,
    "pitch_rad": 5.178463063029179e-05,
    "roll_rate_radps": 0.005283795702647385,
    "ang_vel_body_y_radps": 0.003407152854125947,
    "yaw_rate_radps": 0.002656071687785774,
    "tire_fl_force_wheel_fz_n": 782.8705460522964,
    "tire_fr_force_wheel_fz_n": 786.4923326502471,
    "tire_rl_force_wheel_fz_n": 985.0171924372552,
    "tire_rr_force_wheel_fz_n": 1034.934085632512,
    "tire_fl_spindle_omega_radps": 0.15897246639674723,
    "tire_fr_spindle_omega_radps": 0.15763203601267908,
    "tire_rl_spindle_omega_radps": 0.17363971995296407,
    "tire_rr_spindle_omega_radps": 0.17480798988563773
  },
  "val_mixed_loss": 0.05825571659212983,
  "rollout_flat_5.0s": {
    "xy_rmse_m": 1.0367091824153076,
    "yaw_rmse_rad": 0.053524108351226174,
    "errdist": 0.23493964011242935,
    "mean_dist_m": 4.4126618305842085,
    "episodes": 12
  },
  "rollout_flat_10.0s": {
    "xy_rmse_m": 3.4833873349130373,
    "yaw_rmse_rad": 0.14627285047946909,
    "errdist": 0.12117931595285966,
    "mean_dist_m": 28.745725353558857,
    "episodes": 12
  },
  "rollout_crm_5.0s": {
    "xy_rmse_m": 1.236417062269333,
    "yaw_rmse_rad": 0.0914630208501409,
    "errdist": 0.26901730892598386,
    "mean_dist_m": 4.596050221472979,
    "episodes": 12
  },
  "rollout_crm_10.0s": {
    "xy_rmse_m": 3.847795022564217,
    "yaw_rmse_rad": 0.21152870941871868,
    "errdist": 0.17916426817173403,
    "mean_dist_m": 21.476352745046217,
    "episodes": 12
  },
  "rollout_sel": 0.15017179206229686
}
{
  "epoch": 23,
  "timestamp_utc": "2026-07-10T07:44:35.440387+00:00",
  "train_loss": 0.03488798857759684,
  "val_loss": 0.004603945036305959,
  "val_rmse": {
    "vel_body_x_mps": 0.0010608735382970998,
    "vel_body_y_mps": 0.0009107245167926336,
    "roll_rad": 3.380120786325599e-05,
    "pitch_rad": 1.3818556528453559e-05,
    "roll_rate_radps": 0.0016724072986382718,
    "ang_vel_body_y_radps": 0.0009608289258782249,
    "yaw_rate_radps": 0.0014803577502354736,
    "tire_fl_force_wheel_fz_n": 45.03220162619107,
    "tire_fr_force_wheel_fz_n": 45.102812685982386,
    "tire_rl_force_wheel_fz_n": 26.358278104507356,
    "tire_rr_force_wheel_fz_n": 24.61667406501306,
    "tire_fl_spindle_omega_radps": 0.07206163638221065,
    "tire_fr_spindle_omega_radps": 0.07871988171630197,
    "tire_rl_spindle_omega_radps": 0.07690970643126162,
    "tire_rr_spindle_omega_radps": 0.058336794842447456
  },
  "val_flat_loss": 0.004603945036305959,
  "val_flat_rmse": {
    "vel_body_x_mps": 0.0010608735382970998,
    "vel_body_y_mps": 0.0009107245167926336,
    "roll_rad": 3.380120786325599e-05,
    "pitch_rad": 1.3818556528453559e-05,
    "roll_rate_radps": 0.0016724072986382718,
    "ang_vel_body_y_radps": 0.0009608289258782249,
    "yaw_rate_radps": 0.0014803577502354736,
    "tire_fl_force_wheel_fz_n": 45.03220162619107,
    "tire_fr_force_wheel_fz_n": 45.102812685982386,
    "tire_rl_force_wheel_fz_n": 26.358278104507356,
    "tire_rr_force_wheel_fz_n": 24.61667406501306,
    "tire_fl_spindle_omega_radps": 0.07206163638221065,
    "tire_fr_spindle_omega_radps": 0.07871988171630197,
    "tire_rl_spindle_omega_radps": 0.07690970643126162,
    "tire_rr_spindle_omega_radps": 0.058336794842447456
  },
  "val_crm_loss": 0.11217493998759892,
  "val_crm_rmse": {
    "vel_body_x_mps": 0.003488155325533598,
    "vel_body_y_mps": 0.003060655442323014,
    "roll_rad": 7.060192266796221e-05,
    "pitch_rad": 5.775698416466166e-05,
    "roll_rate_radps": 0.005191589606001042,
    "ang_vel_body_y_radps": 0.003417936180912317,
    "yaw_rate_radps": 0.0027438512993913323,
    "tire_fl_force_wheel_fz_n": 793.9410639877103,
    "tire_fr_force_wheel_fz_n": 794.7867322523724,
    "tire_rl_force_wheel_fz_n": 985.1254406048026,
    "tire_rr_force_wheel_fz_n": 1035.4870045571554,
    "tire_fl_spindle_omega_radps": 0.16149767893448153,
    "tire_fr_spindle_omega_radps": 0.15649878713234466,
    "tire_rl_spindle_omega_radps": 0.1740718153280457,
    "tire_rr_spindle_omega_radps": 0.17558416556636314
  },
  "val_mixed_loss": 0.05838944251195244,
  "rollout_flat_5.0s": {
    "xy_rmse_m": 2.044901104053716,
    "yaw_rmse_rad": 0.09047472069363305,
    "errdist": 0.4634166819402483,
    "mean_dist_m": 4.4126618305842085,
    "episodes": 12
  },
  "rollout_flat_10.0s": {
    "xy_rmse_m": 6.379306555106396,
    "yaw_rmse_rad": 0.17093706830055636,
    "errdist": 0.2219219197513347,
    "mean_dist_m": 28.745725353558857,
    "episodes": 12
  },
  "rollout_crm_5.0s": {
    "xy_rmse_m": 0.38839822216118125,
    "yaw_rmse_rad": 0.045113298742586155,
    "errdist": 0.08450695781054897,
    "mean_dist_m": 4.596050221472979,
    "episodes": 12
  },
  "rollout_crm_10.0s": {
    "xy_rmse_m": 2.034447512723585,
    "yaw_rmse_rad": 0.14852455674005352,
    "errdist": 0.094729656235175,
    "mean_dist_m": 21.476352745046217,
    "episodes": 12
  },
  "rollout_sel": 0.15832578799325486
}
{
  "epoch": 24,
  "timestamp_utc": "2026-07-10T07:45:08.970621+00:00",
  "train_loss": 0.03432400594744831,
  "val_loss": 0.004755411119786004,
  "val_rmse": {
    "vel_body_x_mps": 0.0010713145197882713,
    "vel_body_y_mps": 0.0010505502195595686,
    "roll_rad": 2.346955273999314e-05,
    "pitch_rad": 1.4611313087451745e-05,
    "roll_rate_radps": 0.0017502572220027754,
    "ang_vel_body_y_radps": 0.0009476648430478152,
    "yaw_rate_radps": 0.0015047464458463236,
    "tire_fl_force_wheel_fz_n": 44.13877927146495,
    "tire_fr_force_wheel_fz_n": 45.083551140233816,
    "tire_rl_force_wheel_fz_n": 25.131689997238738,
    "tire_rr_force_wheel_fz_n": 23.60646047339262,
    "tire_fl_spindle_omega_radps": 0.07151152224218159,
    "tire_fr_spindle_omega_radps": 0.07959274305737779,
    "tire_rl_spindle_omega_radps": 0.07769337074426445,
    "tire_rr_spindle_omega_radps": 0.05976098610412532
  },
  "val_flat_loss": 0.004755411119786004,
  "val_flat_rmse": {
    "vel_body_x_mps": 0.0010713145197882713,
    "vel_body_y_mps": 0.0010505502195595686,
    "roll_rad": 2.346955273999314e-05,
    "pitch_rad": 1.4611313087451745e-05,
    "roll_rate_radps": 0.0017502572220027754,
    "ang_vel_body_y_radps": 0.0009476648430478152,
    "yaw_rate_radps": 0.0015047464458463236,
    "tire_fl_force_wheel_fz_n": 44.13877927146495,
    "tire_fr_force_wheel_fz_n": 45.083551140233816,
    "tire_rl_force_wheel_fz_n": 25.131689997238738,
    "tire_rr_force_wheel_fz_n": 23.60646047339262,
    "tire_fl_spindle_omega_radps": 0.07151152224218159,
    "tire_fr_spindle_omega_radps": 0.07959274305737779,
    "tire_rl_spindle_omega_radps": 0.07769337074426445,
    "tire_rr_spindle_omega_radps": 0.05976098610412532
  },
  "val_crm_loss": 0.11149379435402806,
  "val_crm_rmse": {
    "vel_body_x_mps": 0.0036338520625035053,
    "vel_body_y_mps": 0.0030581997129533497,
    "roll_rad": 6.418132485264497e-05,
    "pitch_rad": 4.526799179855514e-05,
    "roll_rate_radps": 0.005265749267250892,
    "ang_vel_body_y_radps": 0.003401467110942009,
    "yaw_rate_radps": 0.0026445631344697595,
    "tire_fl_force_wheel_fz_n": 786.6173346018961,
    "tire_fr_force_wheel_fz_n": 793.9746928804283,
    "tire_rl_force_wheel_fz_n": 981.8895006537857,
    "tire_rr_force_wheel_fz_n": 1039.549871697876,
    "tire_fl_spindle_omega_radps": 0.16119914495514528,
    "tire_fr_spindle_omega_radps": 0.15828254476980255,
    "tire_rl_spindle_omega_radps": 0.1729369434922023,
    "tire_rr_spindle_omega_radps": 0.17203852967076416
  },
  "val_mixed_loss": 0.05812460273690703,
  "rollout_flat_5.0s": {
    "xy_rmse_m": 0.8733662748554765,
    "yaw_rmse_rad": 0.0753344810240151,
    "errdist": 0.19792277504751554,
    "mean_dist_m": 4.4126618305842085,
    "episodes": 12
  },
  "rollout_flat_10.0s": {
    "xy_rmse_m": 5.033699548463906,
    "yaw_rmse_rad": 0.2944737442332843,
    "errdist": 0.17511123781194513,
    "mean_dist_m": 28.745725353558857,
    "episodes": 12
  },
  "rollout_crm_5.0s": {
    "xy_rmse_m": 0.5692966753953765,
    "yaw_rmse_rad": 0.06197125796473707,
    "errdist": 0.12386650449022374,
    "mean_dist_m": 4.596050221472979,
    "episodes": 12
  },
  "rollout_crm_10.0s": {
    "xy_rmse_m": 2.0991861386801225,
    "yaw_rmse_rad": 0.21680076177509475,
    "errdist": 0.0977440705877922,
    "mean_dist_m": 21.476352745046217,
    "episodes": 12
  },
  "rollout_sel": 0.13642765419986866
}
{
  "epoch": 25,
  "timestamp_utc": "2026-07-10T07:45:42.407905+00:00",
  "train_loss": 0.03418482388369739,
  "val_loss": 0.004780296417975478,
  "val_rmse": {
    "vel_body_x_mps": 0.0011662369376451358,
    "vel_body_y_mps": 0.0008366319916733606,
    "roll_rad": 2.1518924882963828e-05,
    "pitch_rad": 1.0737186880240131e-05,
    "roll_rate_radps": 0.0016245229598191467,
    "ang_vel_body_y_radps": 0.0009505255207905748,
    "yaw_rate_radps": 0.0014863967761651854,
    "tire_fl_force_wheel_fz_n": 45.15037774026202,
    "tire_fr_force_wheel_fz_n": 45.36424802669225,
    "tire_rl_force_wheel_fz_n": 25.013990422920077,
    "tire_rr_force_wheel_fz_n": 23.51321786122305,
    "tire_fl_spindle_omega_radps": 0.071346255198569,
    "tire_fr_spindle_omega_radps": 0.07838761083068436,
    "tire_rl_spindle_omega_radps": 0.08005190576888636,
    "tire_rr_spindle_omega_radps": 0.06124658842773824
  },
  "val_flat_loss": 0.004780296417975478,
  "val_flat_rmse": {
    "vel_body_x_mps": 0.0011662369376451358,
    "vel_body_y_mps": 0.0008366319916733606,
    "roll_rad": 2.1518924882963828e-05,
    "pitch_rad": 1.0737186880240131e-05,
    "roll_rate_radps": 0.0016245229598191467,
    "ang_vel_body_y_radps": 0.0009505255207905748,
    "yaw_rate_radps": 0.0014863967761651854,
    "tire_fl_force_wheel_fz_n": 45.15037774026202,
    "tire_fr_force_wheel_fz_n": 45.36424802669225,
    "tire_rl_force_wheel_fz_n": 25.013990422920077,
    "tire_rr_force_wheel_fz_n": 23.51321786122305,
    "tire_fl_spindle_omega_radps": 0.071346255198569,
    "tire_fr_spindle_omega_radps": 0.07838761083068436,
    "tire_rl_spindle_omega_radps": 0.08005190576888636,
    "tire_rr_spindle_omega_radps": 0.06124658842773824
  },
  "val_crm_loss": 0.10971573357528541,
  "val_crm_rmse": {
    "vel_body_x_mps": 0.003470842779550588,
    "vel_body_y_mps": 0.003180494139830238,
    "roll_rad": 6.41326320841429e-05,
    "pitch_rad": 5.2526885785127015e-05,
    "roll_rate_radps": 0.005202335191318079,
    "ang_vel_body_y_radps": 0.0034058143923170548,
    "yaw_rate_radps": 0.0026353280708029097,
    "tire_fl_force_wheel_fz_n": 774.3550450320586,
    "tire_fr_force_wheel_fz_n": 771.6419149512732,
    "tire_rl_force_wheel_fz_n": 976.1236847392526,
    "tire_rr_force_wheel_fz_n": 1027.1109769977213,
    "tire_fl_spindle_omega_radps": 0.15667520968097734,
    "tire_fr_spindle_omega_radps": 0.15793102444222437,
    "tire_rl_spindle_omega_radps": 0.17460464565970849,
    "tire_rr_spindle_omega_radps": 0.1712348930823221
  },
  "val_mixed_loss": 0.057248014996630445,
  "rollout_flat_5.0s": {
    "xy_rmse_m": 2.5263629792557722,
    "yaw_rmse_rad": 0.12854296523890654,
    "errdist": 0.5725258531586359,
    "mean_dist_m": 4.4126618305842085,
    "episodes": 12
  },
  "rollout_flat_10.0s": {
    "xy_rmse_m": 7.415656668596342,
    "yaw_rmse_rad": 0.2484283059896103,
    "errdist": 0.2579742406005507,
    "mean_dist_m": 28.745725353558857,
    "episodes": 12
  },
  "rollout_crm_5.0s": {
    "xy_rmse_m": 0.3226393419812592,
    "yaw_rmse_rad": 0.0652852502281748,
    "errdist": 0.07019926381001494,
    "mean_dist_m": 4.596050221472979,
    "episodes": 12
  },
  "rollout_crm_10.0s": {
    "xy_rmse_m": 3.320433031283487,
    "yaw_rmse_rad": 0.17450546196507025,
    "errdist": 0.1546087955763059,
    "mean_dist_m": 21.476352745046217,
    "episodes": 12
  },
  "rollout_sel": 0.2062915180884283
}
{
  "epoch": 26,
  "timestamp_utc": "2026-07-10T07:46:15.848454+00:00",
  "train_loss": 0.03395962971635163,
  "val_loss": 0.004392766726869013,
  "val_rmse": {
    "vel_body_x_mps": 0.001031138961088061,
    "vel_body_y_mps": 0.0008588027749137062,
    "roll_rad": 2.1849447924361776e-05,
    "pitch_rad": 1.1913928544717145e-05,
    "roll_rate_radps": 0.001643974228168247,
    "ang_vel_body_y_radps": 0.000949708023218566,
    "yaw_rate_radps": 0.0014916862759056506,
    "tire_fl_force_wheel_fz_n": 47.19253044669419,
    "tire_fr_force_wheel_fz_n": 44.464045246310064,
    "tire_rl_force_wheel_fz_n": 25.38171525278446,
    "tire_rr_force_wheel_fz_n": 23.05474325516518,
    "tire_fl_spindle_omega_radps": 0.06998981545382696,
    "tire_fr_spindle_omega_radps": 0.07753263939690339,
    "tire_rl_spindle_omega_radps": 0.07765106652155977,
    "tire_rr_spindle_omega_radps": 0.058548480370635425
  },
  "val_flat_loss": 0.004392766726869013,
  "val_flat_rmse": {
    "vel_body_x_mps": 0.001031138961088061,
    "vel_body_y_mps": 0.0008588027749137062,
    "roll_rad": 2.1849447924361776e-05,
    "pitch_rad": 1.1913928544717145e-05,
    "roll_rate_radps": 0.001643974228168247,
    "ang_vel_body_y_radps": 0.000949708023218566,
    "yaw_rate_radps": 0.0014916862759056506,
    "tire_fl_force_wheel_fz_n": 47.19253044669419,
    "tire_fr_force_wheel_fz_n": 44.464045246310064,
    "tire_rl_force_wheel_fz_n": 25.38171525278446,
    "tire_rr_force_wheel_fz_n": 23.05474325516518,
    "tire_fl_spindle_omega_radps": 0.06998981545382696,
    "tire_fr_spindle_omega_radps": 0.07753263939690339,
    "tire_rl_spindle_omega_radps": 0.07765106652155977,
    "tire_rr_spindle_omega_radps": 0.058548480370635425
  },
  "val_crm_loss": 0.11032596035976894,
  "val_crm_rmse": {
    "vel_body_x_mps": 0.003454670105896019,
    "vel_body_y_mps": 0.003071771068851581,
    "roll_rad": 6.0675990146075656e-05,
    "pitch_rad": 5.027320620472693e-05,
    "roll_rate_radps": 0.0052940731223207905,
    "ang_vel_body_y_radps": 0.003437772320089149,
    "yaw_rate_radps": 0.002665130630994331,
    "tire_fl_force_wheel_fz_n": 778.8867829782723,
    "tire_fr_force_wheel_fz_n": 808.1427818912025,
    "tire_rl_force_wheel_fz_n": 981.8827091741637,
    "tire_rr_force_wheel_fz_n": 1033.0976004716204,
    "tire_fl_spindle_omega_radps": 0.15935307233973936,
    "tire_fr_spindle_omega_radps": 0.15597925106761187,
    "tire_rl_spindle_omega_radps": 0.17301420315086968,
    "tire_rr_spindle_omega_radps": 0.17200004716611067
  },
  "val_mixed_loss": 0.05735936354331898,
  "rollout_flat_5.0s": {
    "xy_rmse_m": 1.2998458927462604,
    "yaw_rmse_rad": 0.07309533658697032,
    "errdist": 0.2945718350173616,
    "mean_dist_m": 4.4126618305842085,
    "episodes": 12
  },
  "rollout_flat_10.0s": {
    "xy_rmse_m": 4.574487152538548,
    "yaw_rmse_rad": 0.14889952404580437,
    "errdist": 0.15913625752262345,
    "mean_dist_m": 28.745725353558857,
    "episodes": 12
  },
  "rollout_crm_5.0s": {
    "xy_rmse_m": 0.9625709547171004,
    "yaw_rmse_rad": 0.06945014767009726,
    "errdist": 0.20943438568619646,
    "mean_dist_m": 4.596050221472979,
    "episodes": 12
  },
  "rollout_crm_10.0s": {
    "xy_rmse_m": 3.3215551198045383,
    "yaw_rmse_rad": 0.22809358652682774,
    "errdist": 0.15466104320579738,
    "mean_dist_m": 21.476352745046217,
    "episodes": 12
  },
  "rollout_sel": 0.1568986503642104
}
{
  "epoch": 27,
  "timestamp_utc": "2026-07-10T07:46:49.430557+00:00",
  "train_loss": 0.03361981230229139,
  "val_loss": 0.004290564932180132,
  "val_rmse": {
    "vel_body_x_mps": 0.001016113939835478,
    "vel_body_y_mps": 0.0009273466136528302,
    "roll_rad": 2.1095378763508385e-05,
    "pitch_rad": 1.0984914162110484e-05,
    "roll_rate_radps": 0.0016129817133238298,
    "ang_vel_body_y_radps": 0.000941932035851338,
    "yaw_rate_radps": 0.0014961757127678102,
    "tire_fl_force_wheel_fz_n": 46.633627957017104,
    "tire_fr_force_wheel_fz_n": 44.42183965149559,
    "tire_rl_force_wheel_fz_n": 25.1850831213059,
    "tire_rr_force_wheel_fz_n": 23.600411990780316,
    "tire_fl_spindle_omega_radps": 0.06883230279327672,
    "tire_fr_spindle_omega_radps": 0.0773725488636427,
    "tire_rl_spindle_omega_radps": 0.07631266714414804,
    "tire_rr_spindle_omega_radps": 0.05697216839714846
  },
  "val_flat_loss": 0.004290564932180132,
  "val_flat_rmse": {
    "vel_body_x_mps": 0.001016113939835478,
    "vel_body_y_mps": 0.0009273466136528302,
    "roll_rad": 2.1095378763508385e-05,
    "pitch_rad": 1.0984914162110484e-05,
    "roll_rate_radps": 0.0016129817133238298,
    "ang_vel_body_y_radps": 0.000941932035851338,
    "yaw_rate_radps": 0.0014961757127678102,
    "tire_fl_force_wheel_fz_n": 46.633627957017104,
    "tire_fr_force_wheel_fz_n": 44.42183965149559,
    "tire_rl_force_wheel_fz_n": 25.1850831213059,
    "tire_rr_force_wheel_fz_n": 23.600411990780316,
    "tire_fl_spindle_omega_radps": 0.06883230279327672,
    "tire_fr_spindle_omega_radps": 0.0773725488636427,
    "tire_rl_spindle_omega_radps": 0.07631266714414804,
    "tire_rr_spindle_omega_radps": 0.05697216839714846
  },
  "val_crm_loss": 0.10850900344084949,
  "val_crm_rmse": {
    "vel_body_x_mps": 0.0033407610817596948,
    "vel_body_y_mps": 0.0030164836972031922,
    "roll_rad": 6.608200398309185e-05,
    "pitch_rad": 4.941289050472639e-05,
    "roll_rate_radps": 0.005119129007396039,
    "ang_vel_body_y_radps": 0.0033536137398561387,
    "yaw_rate_radps": 0.002598202574190871,
    "tire_fl_force_wheel_fz_n": 791.9115876280816,
    "tire_fr_force_wheel_fz_n": 772.731076971876,
    "tire_rl_force_wheel_fz_n": 972.8604799255024,
    "tire_rr_force_wheel_fz_n": 1025.9621227949758,
    "tire_fl_spindle_omega_radps": 0.16071631219476368,
    "tire_fr_spindle_omega_radps": 0.15649242167897554,
    "tire_rl_spindle_omega_radps": 0.1733058295077303,
    "tire_rr_spindle_omega_radps": 0.17164336369949826
  },
  "val_mixed_loss": 0.05639978418651481,
  "rollout_flat_5.0s": {
    "xy_rmse_m": 0.5859112211989035,
    "yaw_rmse_rad": 0.021856826835767985,
    "errdist": 0.1327795429819585,
    "mean_dist_m": 4.4126618305842085,
    "episodes": 12
  },
  "rollout_flat_10.0s": {
    "xy_rmse_m": 2.4474596246097815,
    "yaw_rmse_rad": 0.07497800401825115,
    "errdist": 0.08514168957322117,
    "mean_dist_m": 28.745725353558857,
    "episodes": 12
  },
  "rollout_crm_5.0s": {
    "xy_rmse_m": 1.1561486582290907,
    "yaw_rmse_rad": 0.08204038048445257,
    "errdist": 0.2515526598964271,
    "mean_dist_m": 4.596050221472979,
    "episodes": 12
  },
  "rollout_crm_10.0s": {
    "xy_rmse_m": 4.329682577243495,
    "yaw_rmse_rad": 0.20714215514576165,
    "errdist": 0.2016023218021593,
    "mean_dist_m": 21.476352745046217,
    "episodes": 12
  },
  "rollout_sel": 0.14337200568769023
}
{
  "epoch": 28,
  "timestamp_utc": "2026-07-10T07:47:22.943492+00:00",
  "train_loss": 0.03321578639093786,
  "val_loss": 0.0041970778313771,
  "val_rmse": {
    "vel_body_x_mps": 0.0009622293782227782,
    "vel_body_y_mps": 0.0009263128864245741,
    "roll_rad": 3.1249243960163294e-05,
    "pitch_rad": 1.5523892213621876e-05,
    "roll_rate_radps": 0.0016024020229291034,
    "ang_vel_body_y_radps": 0.0009891489818825143,
    "yaw_rate_radps": 0.001450663609346799,
    "tire_fl_force_wheel_fz_n": 45.76418133522616,
    "tire_fr_force_wheel_fz_n": 44.37124418413003,
    "tire_rl_force_wheel_fz_n": 25.34575657522241,
    "tire_rr_force_wheel_fz_n": 23.464904874592158,
    "tire_fl_spindle_omega_radps": 0.06928455216273186,
    "tire_fr_spindle_omega_radps": 0.07778451728231217,
    "tire_rl_spindle_omega_radps": 0.07544175600458371,
    "tire_rr_spindle_omega_radps": 0.05667963792054729
  },
  "val_flat_loss": 0.0041970778313771,
  "val_flat_rmse": {
    "vel_body_x_mps": 0.0009622293782227782,
    "vel_body_y_mps": 0.0009263128864245741,
    "roll_rad": 3.1249243960163294e-05,
    "pitch_rad": 1.5523892213621876e-05,
    "roll_rate_radps": 0.0016024020229291034,
    "ang_vel_body_y_radps": 0.0009891489818825143,
    "yaw_rate_radps": 0.001450663609346799,
    "tire_fl_force_wheel_fz_n": 45.76418133522616,
    "tire_fr_force_wheel_fz_n": 44.37124418413003,
    "tire_rl_force_wheel_fz_n": 25.34575657522241,
    "tire_rr_force_wheel_fz_n": 23.464904874592158,
    "tire_fl_spindle_omega_radps": 0.06928455216273186,
    "tire_fr_spindle_omega_radps": 0.07778451728231217,
    "tire_rl_spindle_omega_radps": 0.07544175600458371,
    "tire_rr_spindle_omega_radps": 0.05667963792054729
  },
  "val_crm_loss": 0.10914862053585239,
  "val_crm_rmse": {
    "vel_body_x_mps": 0.003409653353390348,
    "vel_body_y_mps": 0.0031947783241942644,
    "roll_rad": 6.746113013334167e-05,
    "pitch_rad": 5.07397857455234e-05,
    "roll_rate_radps": 0.005187049190640375,
    "ang_vel_body_y_radps": 0.0034713563026464653,
    "yaw_rate_radps": 0.0026381133725435512,
    "tire_fl_force_wheel_fz_n": 759.368141604349,
    "tire_fr_force_wheel_fz_n": 782.5628449883122,
    "tire_rl_force_wheel_fz_n": 975.1797434930345,
    "tire_rr_force_wheel_fz_n": 1025.8934733062626,
    "tire_fl_spindle_omega_radps": 0.15684645664285657,
    "tire_fr_spindle_omega_radps": 0.15627387535887058,
    "tire_rl_spindle_omega_radps": 0.172798932368896,
    "tire_rr_spindle_omega_radps": 0.170772957518061
  },
  "val_mixed_loss": 0.056672849183614746,
  "rollout_flat_5.0s": {
    "xy_rmse_m": 0.7357456116393697,
    "yaw_rmse_rad": 0.052257758849649616,
    "errdist": 0.16673510001149616,
    "mean_dist_m": 4.4126618305842085,
    "episodes": 12
  },
  "rollout_flat_10.0s": {
    "xy_rmse_m": 5.774615116917763,
    "yaw_rmse_rad": 0.1962306073198639,
    "errdist": 0.20088604639099283,
    "mean_dist_m": 28.745725353558857,
    "episodes": 12
  },
  "rollout_crm_5.0s": {
    "xy_rmse_m": 0.9012505833680782,
    "yaw_rmse_rad": 0.04987275958048497,
    "errdist": 0.19609241412493492,
    "mean_dist_m": 4.596050221472979,
    "episodes": 12
  },
  "rollout_crm_10.0s": {
    "xy_rmse_m": 2.390741610207457,
    "yaw_rmse_rad": 0.1778297553492011,
    "errdist": 0.11131972167661991,
    "mean_dist_m": 21.476352745046217,
    "episodes": 12
  },
  "rollout_sel": 0.15610288403380637
}
{
  "epoch": 29,
  "timestamp_utc": "2026-07-10T07:47:56.496556+00:00",
  "train_loss": 0.03336791614675894,
  "val_loss": 0.004152820166618767,
  "val_rmse": {
    "vel_body_x_mps": 0.001072279081936792,
    "vel_body_y_mps": 0.0008993033275810786,
    "roll_rad": 2.277932475275855e-05,
    "pitch_rad": 1.1259912979152004e-05,
    "roll_rate_radps": 0.0016168910082014583,
    "ang_vel_body_y_radps": 0.0009631144955972969,
    "yaw_rate_radps": 0.0014394264753858832,
    "tire_fl_force_wheel_fz_n": 45.327884184425464,
    "tire_fr_force_wheel_fz_n": 43.28274541393633,
    "tire_rl_force_wheel_fz_n": 26.162653386467877,
    "tire_rr_force_wheel_fz_n": 24.195581457892953,
    "tire_fl_spindle_omega_radps": 0.06807527321491706,
    "tire_fr_spindle_omega_radps": 0.07573248639605175,
    "tire_rl_spindle_omega_radps": 0.0752001834978631,
    "tire_rr_spindle_omega_radps": 0.057327064608407016
  },
  "val_flat_loss": 0.004152820166618767,
  "val_flat_rmse": {
    "vel_body_x_mps": 0.001072279081936792,
    "vel_body_y_mps": 0.0008993033275810786,
    "roll_rad": 2.277932475275855e-05,
    "pitch_rad": 1.1259912979152004e-05,
    "roll_rate_radps": 0.0016168910082014583,
    "ang_vel_body_y_radps": 0.0009631144955972969,
    "yaw_rate_radps": 0.0014394264753858832,
    "tire_fl_force_wheel_fz_n": 45.327884184425464,
    "tire_fr_force_wheel_fz_n": 43.28274541393633,
    "tire_rl_force_wheel_fz_n": 26.162653386467877,
    "tire_rr_force_wheel_fz_n": 24.195581457892953,
    "tire_fl_spindle_omega_radps": 0.06807527321491706,
    "tire_fr_spindle_omega_radps": 0.07573248639605175,
    "tire_rl_spindle_omega_radps": 0.0752001834978631,
    "tire_rr_spindle_omega_radps": 0.057327064608407016
  },
  "val_crm_loss": 0.10899707753269468,
  "val_crm_rmse": {
    "vel_body_x_mps": 0.003449111160572786,
    "vel_body_y_mps": 0.0030581450589982,
    "roll_rad": 6.0400484564004716e-05,
    "pitch_rad": 4.732114652232689e-05,
    "roll_rate_radps": 0.005128339756419785,
    "ang_vel_body_y_radps": 0.003342874450989131,
    "yaw_rate_radps": 0.0025913135290826454,
    "tire_fl_force_wheel_fz_n": 766.7193683192432,
    "tire_fr_force_wheel_fz_n": 765.2846543692973,
    "tire_rl_force_wheel_fz_n": 980.3990360636585,
    "tire_rr_force_wheel_fz_n": 1035.4291401588819,
    "tire_fl_spindle_omega_radps": 0.15737460441867918,
    "tire_fr_spindle_omega_radps": 0.15826144618707774,
    "tire_rl_spindle_omega_radps": 0.1717488707379234,
    "tire_rr_spindle_omega_radps": 0.1739596349955785
  },
  "val_mixed_loss": 0.05657494884965672,
  "rollout_flat_5.0s": {
    "xy_rmse_m": 1.3337392982117915,
    "yaw_rmse_rad": 0.05537646541744635,
    "errdist": 0.3022527783497094,
    "mean_dist_m": 4.4126618305842085,
    "episodes": 12
  },
  "rollout_flat_10.0s": {
    "xy_rmse_m": 3.4953090134183924,
    "yaw_rmse_rad": 0.09849839530125215,
    "errdist": 0.1215940446945673,
    "mean_dist_m": 28.745725353558857,
    "episodes": 12
  },
  "rollout_crm_5.0s": {
    "xy_rmse_m": 0.7883824852875924,
    "yaw_rmse_rad": 0.07815785225912926,
    "errdist": 0.17153478471671818,
    "mean_dist_m": 4.596050221472979,
    "episodes": 12
  },
  "rollout_crm_10.0s": {
    "xy_rmse_m": 3.0201175181153017,
    "yaw_rmse_rad": 0.19493213695353814,
    "errdist": 0.1406252520606381,
    "mean_dist_m": 21.476352745046217,
    "episodes": 12
  },
  "rollout_sel": 0.1311096483776027
}
{
  "epoch": 30,
  "timestamp_utc": "2026-07-10T07:48:29.902377+00:00",
  "train_loss": 0.03320401271805167,
  "val_loss": 0.004235480792212911,
  "val_rmse": {
    "vel_body_x_mps": 0.0010376458640031525,
    "vel_body_y_mps": 0.0008246323162974507,
    "roll_rad": 2.0880437348907903e-05,
    "pitch_rad": 1.1033253391389993e-05,
    "roll_rate_radps": 0.0015984352774473171,
    "ang_vel_body_y_radps": 0.0009483394107136231,
    "yaw_rate_radps": 0.0014451302288389157,
    "tire_fl_force_wheel_fz_n": 44.01728338452059,
    "tire_fr_force_wheel_fz_n": 43.660826761667536,
    "tire_rl_force_wheel_fz_n": 25.30075847842034,
    "tire_rr_force_wheel_fz_n": 23.183723961841277,
    "tire_fl_spindle_omega_radps": 0.06933847158438536,
    "tire_fr_spindle_omega_radps": 0.0784191064729057,
    "tire_rl_spindle_omega_radps": 0.07606783075700979,
    "tire_rr_spindle_omega_radps": 0.05975756631911997
  },
  "val_flat_loss": 0.004235480792212911,
  "val_flat_rmse": {
    "vel_body_x_mps": 0.0010376458640031525,
    "vel_body_y_mps": 0.0008246323162974507,
    "roll_rad": 2.0880437348907903e-05,
    "pitch_rad": 1.1033253391389993e-05,
    "roll_rate_radps": 0.0015984352774473171,
    "ang_vel_body_y_radps": 0.0009483394107136231,
    "yaw_rate_radps": 0.0014451302288389157,
    "tire_fl_force_wheel_fz_n": 44.01728338452059,
    "tire_fr_force_wheel_fz_n": 43.660826761667536,
    "tire_rl_force_wheel_fz_n": 25.30075847842034,
    "tire_rr_force_wheel_fz_n": 23.183723961841277,
    "tire_fl_spindle_omega_radps": 0.06933847158438536,
    "tire_fr_spindle_omega_radps": 0.0784191064729057,
    "tire_rl_spindle_omega_radps": 0.07606783075700979,
    "tire_rr_spindle_omega_radps": 0.05975756631911997
  },
  "val_crm_loss": 0.10706494207552168,
  "val_crm_rmse": {
    "vel_body_x_mps": 0.0033564272810912353,
    "vel_body_y_mps": 0.0029348640517145924,
    "roll_rad": 5.990472890277353e-05,
    "pitch_rad": 3.996606037090437e-05,
    "roll_rate_radps": 0.004973200606953357,
    "ang_vel_body_y_radps": 0.0032460798129197543,
    "yaw_rate_radps": 0.0026270681037916925,
    "tire_fl_force_wheel_fz_n": 749.1729149447518,
    "tire_fr_force_wheel_fz_n": 767.757037344715,
    "tire_rl_force_wheel_fz_n": 970.1252896656832,
    "tire_rr_force_wheel_fz_n": 1017.0373600666006,
    "tire_fl_spindle_omega_radps": 0.15728449647465012,
    "tire_fr_spindle_omega_radps": 0.15737803412285298,
    "tire_rl_spindle_omega_radps": 0.170468761800006,
    "tire_rr_spindle_omega_radps": 0.17000882575795442
  },
  "val_mixed_loss": 0.055650211433867294,
  "rollout_flat_5.0s": {
    "xy_rmse_m": 2.4815611767642234,
    "yaw_rmse_rad": 0.10416042364803726,
    "errdist": 0.5623728425243228,
    "mean_dist_m": 4.4126618305842085,
    "episodes": 12
  },
  "rollout_flat_10.0s": {
    "xy_rmse_m": 7.55643285083638,
    "yaw_rmse_rad": 0.21605708864236814,
    "errdist": 0.2628715316067284,
    "mean_dist_m": 28.745725353558857,
    "episodes": 12
  },
  "rollout_crm_5.0s": {
    "xy_rmse_m": 0.9486597056219471,
    "yaw_rmse_rad": 0.03037398472771535,
    "errdist": 0.20640760216016812,
    "mean_dist_m": 4.596050221472979,
    "episodes": 12
  },
  "rollout_crm_10.0s": {
    "xy_rmse_m": 2.6533461628257067,
    "yaw_rmse_rad": 0.1490477130961107,
    "errdist": 0.1235473357289558,
    "mean_dist_m": 21.476352745046217,
    "episodes": 12
  },
  "rollout_sel": 0.1932094336678421
}
{
  "epoch": 31,
  "timestamp_utc": "2026-07-10T07:49:03.526675+00:00",
  "train_loss": 0.03291258391318843,
  "val_loss": 0.004136068337684265,
  "val_rmse": {
    "vel_body_x_mps": 0.0010011736363515493,
    "vel_body_y_mps": 0.0008320854991213143,
    "roll_rad": 2.2806975536916583e-05,
    "pitch_rad": 1.2325231815612607e-05,
    "roll_rate_radps": 0.0015986785030326764,
    "ang_vel_body_y_radps": 0.0009053744151493562,
    "yaw_rate_radps": 0.0014569511329080979,
    "tire_fl_force_wheel_fz_n": 46.253533900234224,
    "tire_fr_force_wheel_fz_n": 43.46774198535723,
    "tire_rl_force_wheel_fz_n": 25.54465970388196,
    "tire_rr_force_wheel_fz_n": 23.390569030959774,
    "tire_fl_spindle_omega_radps": 0.06739940873837094,
    "tire_fr_spindle_omega_radps": 0.07247617612173188,
    "tire_rl_spindle_omega_radps": 0.07220907725035151,
    "tire_rr_spindle_omega_radps": 0.05595690833315378
  },
  "val_flat_loss": 0.004136068337684265,
  "val_flat_rmse": {
    "vel_body_x_mps": 0.0010011736363515493,
    "vel_body_y_mps": 0.0008320854991213143,
    "roll_rad": 2.2806975536916583e-05,
    "pitch_rad": 1.2325231815612607e-05,
    "roll_rate_radps": 0.0015986785030326764,
    "ang_vel_body_y_radps": 0.0009053744151493562,
    "yaw_rate_radps": 0.0014569511329080979,
    "tire_fl_force_wheel_fz_n": 46.253533900234224,
    "tire_fr_force_wheel_fz_n": 43.46774198535723,
    "tire_rl_force_wheel_fz_n": 25.54465970388196,
    "tire_rr_force_wheel_fz_n": 23.390569030959774,
    "tire_fl_spindle_omega_radps": 0.06739940873837094,
    "tire_fr_spindle_omega_radps": 0.07247617612173188,
    "tire_rl_spindle_omega_radps": 0.07220907725035151,
    "tire_rr_spindle_omega_radps": 0.05595690833315378
  },
  "val_crm_loss": 0.10739919906249269,
  "val_crm_rmse": {
    "vel_body_x_mps": 0.003463572190803147,
    "vel_body_y_mps": 0.002968204273885051,
    "roll_rad": 6.920812722577931e-05,
    "pitch_rad": 5.654746185113068e-05,
    "roll_rate_radps": 0.005113894174369332,
    "ang_vel_body_y_radps": 0.0033416003028352214,
    "yaw_rate_radps": 0.0026544696503142447,
    "tire_fl_force_wheel_fz_n": 764.4079865138717,
    "tire_fr_force_wheel_fz_n": 761.9363088571661,
    "tire_rl_force_wheel_fz_n": 964.7383435724103,
    "tire_rr_force_wheel_fz_n": 1019.5223688514043,
    "tire_fl_spindle_omega_radps": 0.15519716165888672,
    "tire_fr_spindle_omega_radps": 0.15494229348610508,
    "tire_rl_spindle_omega_radps": 0.1715445299210444,
    "tire_rr_spindle_omega_radps": 0.17067204961246307
  },
  "val_mixed_loss": 0.05576763370008848,
  "rollout_flat_5.0s": {
    "xy_rmse_m": 2.4401280372670686,
    "yaw_rmse_rad": 0.09057634933193813,
    "errdist": 0.5529832402643035,
    "mean_dist_m": 4.4126618305842085,
    "episodes": 12
  },
  "rollout_flat_10.0s": {
    "xy_rmse_m": 5.546046349121874,
    "yaw_rmse_rad": 0.15765274103807234,
    "errdist": 0.19293464613983893,
    "mean_dist_m": 28.745725353558857,
    "episodes": 12
  },
  "rollout_crm_5.0s": {
    "xy_rmse_m": 1.0883184340734058,
    "yaw_rmse_rad": 0.06561615871106347,
    "errdist": 0.23679428675272676,
    "mean_dist_m": 4.596050221472979,
    "episodes": 12
  },
  "rollout_crm_10.0s": {
    "xy_rmse_m": 3.2336801640485415,
    "yaw_rmse_rad": 0.19154996688597783,
    "errdist": 0.15056933560538716,
    "mean_dist_m": 21.476352745046217,
    "episodes": 12
  },
  "rollout_sel": 0.17175199087261306
}
{
  "epoch": 32,
  "timestamp_utc": "2026-07-10T07:49:37.060702+00:00",
  "train_loss": 0.03244718192750588,
  "val_loss": 0.004294223991382751,
  "val_rmse": {
    "vel_body_x_mps": 0.000999245993477977,
    "vel_body_y_mps": 0.0007413008030302566,
    "roll_rad": 1.980592210762857e-05,
    "pitch_rad": 1.1537806464748926e-05,
    "roll_rate_radps": 0.0015974573522354613,
    "ang_vel_body_y_radps": 0.0009427803672849439,
    "yaw_rate_radps": 0.0014514992454868292,
    "tire_fl_force_wheel_fz_n": 43.88904219742381,
    "tire_fr_force_wheel_fz_n": 43.29337431881091,
    "tire_rl_force_wheel_fz_n": 24.68832754124334,
    "tire_rr_force_wheel_fz_n": 23.548649634989694,
    "tire_fl_spindle_omega_radps": 0.06947197582348082,
    "tire_fr_spindle_omega_radps": 0.07870258467005196,
    "tire_rl_spindle_omega_radps": 0.07872658342630892,
    "tire_rr_spindle_omega_radps": 0.06074542419950701
  },
  "val_flat_loss": 0.004294223991382751,
  "val_flat_rmse": {
    "vel_body_x_mps": 0.000999245993477977,
    "vel_body_y_mps": 0.0007413008030302566,
    "roll_rad": 1.980592210762857e-05,
    "pitch_rad": 1.1537806464748926e-05,
    "roll_rate_radps": 0.0015974573522354613,
    "ang_vel_body_y_radps": 0.0009427803672849439,
    "yaw_rate_radps": 0.0014514992454868292,
    "tire_fl_force_wheel_fz_n": 43.88904219742381,
    "tire_fr_force_wheel_fz_n": 43.29337431881091,
    "tire_rl_force_wheel_fz_n": 24.68832754124334,
    "tire_rr_force_wheel_fz_n": 23.548649634989694,
    "tire_fl_spindle_omega_radps": 0.06947197582348082,
    "tire_fr_spindle_omega_radps": 0.07870258467005196,
    "tire_rl_spindle_omega_radps": 0.07872658342630892,
    "tire_rr_spindle_omega_radps": 0.06074542419950701
  },
  "val_crm_loss": 0.10696977773448452,
  "val_crm_rmse": {
    "vel_body_x_mps": 0.0034321175373850767,
    "vel_body_y_mps": 0.0029981350132481264,
    "roll_rad": 5.863841599482198e-05,
    "pitch_rad": 3.823245162404364e-05,
    "roll_rate_radps": 0.00500115755275846,
    "ang_vel_body_y_radps": 0.0031992978026735455,
    "yaw_rate_radps": 0.0026372881655241155,
    "tire_fl_force_wheel_fz_n": 739.4003396423236,
    "tire_fr_force_wheel_fz_n": 756.715674882928,
    "tire_rl_force_wheel_fz_n": 984.463925305682,
    "tire_rr_force_wheel_fz_n": 1026.0180883173168,
    "tire_fl_spindle_omega_radps": 0.15435890650406434,
    "tire_fr_spindle_omega_radps": 0.15477420365568112,
    "tire_rl_spindle_omega_radps": 0.17105472833030824,
    "tire_rr_spindle_omega_radps": 0.17182800024621978
  },
  "val_mixed_loss": 0.055632000862933635,
  "rollout_flat_5.0s": {
    "xy_rmse_m": 0.8257408247441889,
    "yaw_rmse_rad": 0.05642366025914391,
    "errdist": 0.18712986774127352,
    "mean_dist_m": 4.4126618305842085,
    "episodes": 12
  },
  "rollout_flat_10.0s": {
    "xy_rmse_m": 5.779709218948558,
    "yaw_rmse_rad": 0.25719991628495686,
    "errdist": 0.20106325889713558,
    "mean_dist_m": 28.745725353558857,
    "episodes": 12
  },
  "rollout_crm_5.0s": {
    "xy_rmse_m": 0.5775433500128835,
    "yaw_rmse_rad": 0.03490697812783349,
    "errdist": 0.12566080050965758,
    "mean_dist_m": 4.596050221472979,
    "episodes": 12
  },
  "rollout_crm_10.0s": {
    "xy_rmse_m": 1.934216574085677,
    "yaw_rmse_rad": 0.13231135453383205,
    "errdist": 0.0900626189673583,
    "mean_dist_m": 21.476352745046217,
    "episodes": 12
  },
  "rollout_sel": 0.14556293893224695
}
{
  "epoch": 33,
  "timestamp_utc": "2026-07-10T07:50:10.509987+00:00",
  "train_loss": 0.03235937277367339,
  "val_loss": 0.004128015389269422,
  "val_rmse": {
    "vel_body_x_mps": 0.0009654196850303123,
    "vel_body_y_mps": 0.0008011730810397098,
    "roll_rad": 2.1384928699965272e-05,
    "pitch_rad": 1.1101828866065523e-05,
    "roll_rate_radps": 0.0016085300317821344,
    "ang_vel_body_y_radps": 0.0008510428090615955,
    "yaw_rate_radps": 0.001486765698537692,
    "tire_fl_force_wheel_fz_n": 45.384665728749376,
    "tire_fr_force_wheel_fz_n": 43.6003499189824,
    "tire_rl_force_wheel_fz_n": 25.257315562651968,
    "tire_rr_force_wheel_fz_n": 23.30794086353184,
    "tire_fl_spindle_omega_radps": 0.06417958626791682,
    "tire_fr_spindle_omega_radps": 0.07330404057037625,
    "tire_rl_spindle_omega_radps": 0.07145103864794103,
    "tire_rr_spindle_omega_radps": 0.05404767370611252
  },
  "val_flat_loss": 0.004128015389269422,
  "val_flat_rmse": {
    "vel_body_x_mps": 0.0009654196850303123,
    "vel_body_y_mps": 0.0008011730810397098,
    "roll_rad": 2.1384928699965272e-05,
    "pitch_rad": 1.1101828866065523e-05,
    "roll_rate_radps": 0.0016085300317821344,
    "ang_vel_body_y_radps": 0.0008510428090615955,
    "yaw_rate_radps": 0.001486765698537692,
    "tire_fl_force_wheel_fz_n": 45.384665728749376,
    "tire_fr_force_wheel_fz_n": 43.6003499189824,
    "tire_rl_force_wheel_fz_n": 25.257315562651968,
    "tire_rr_force_wheel_fz_n": 23.30794086353184,
    "tire_fl_spindle_omega_radps": 0.06417958626791682,
    "tire_fr_spindle_omega_radps": 0.07330404057037625,
    "tire_rl_spindle_omega_radps": 0.07145103864794103,
    "tire_rr_spindle_omega_radps": 0.05404767370611252
  },
  "val_crm_loss": 0.10652835452434374,
  "val_crm_rmse": {
    "vel_body_x_mps": 0.0034104330934331697,
    "vel_body_y_mps": 0.0030656162691134643,
    "roll_rad": 5.661626369081021e-05,
    "pitch_rad": 4.4306608492846685e-05,
    "roll_rate_radps": 0.0052795934248429195,
    "ang_vel_body_y_radps": 0.0032816846742398198,
    "yaw_rate_radps": 0.002588769206922543,
    "tire_fl_force_wheel_fz_n": 742.251946382884,
    "tire_fr_force_wheel_fz_n": 756.6029364726282,
    "tire_rl_force_wheel_fz_n": 976.1055738344863,
    "tire_rr_force_wheel_fz_n": 1023.9522239587515,
    "tire_fl_spindle_omega_radps": 0.1540213926896558,
    "tire_fr_spindle_omega_radps": 0.15367885487617555,
    "tire_rl_spindle_omega_radps": 0.17114584172208044,
    "tire_rr_spindle_omega_radps": 0.17107531122499367
  },
  "val_mixed_loss": 0.05532818495680658,
  "rollout_flat_5.0s": {
    "xy_rmse_m": 0.6246604444641044,
    "yaw_rmse_rad": 0.0832449280095129,
    "errdist": 0.1415609145787189,
    "mean_dist_m": 4.4126618305842085,
    "episodes": 12
  },
  "rollout_flat_10.0s": {
    "xy_rmse_m": 4.555070023959795,
    "yaw_rmse_rad": 0.2953247279708515,
    "errdist": 0.158460778704819,
    "mean_dist_m": 28.745725353558857,
    "episodes": 12
  },
  "rollout_crm_5.0s": {
    "xy_rmse_m": 0.5902539390150857,
    "yaw_rmse_rad": 0.07802472380312496,
    "errdist": 0.12842634666118083,
    "mean_dist_m": 4.596050221472979,
    "episodes": 12
  },
  "rollout_crm_10.0s": {
    "xy_rmse_m": 3.0146958014109417,
    "yaw_rmse_rad": 0.19625800448492386,
    "errdist": 0.14037280152731324,
    "mean_dist_m": 21.476352745046217,
    "episodes": 12
  },
  "rollout_sel": 0.14941679011606612
}
{
  "epoch": 34,
  "timestamp_utc": "2026-07-10T07:50:44.018454+00:00",
  "train_loss": 0.032373920638114215,
  "val_loss": 0.0038340144908761433,
  "val_rmse": {
    "vel_body_x_mps": 0.0008986526991325188,
    "vel_body_y_mps": 0.0008723146238199284,
    "roll_rad": 2.013109092170044e-05,
    "pitch_rad": 1.0191542671551741e-05,
    "roll_rate_radps": 0.0015435564944193982,
    "ang_vel_body_y_radps": 0.0008196563956468063,
    "yaw_rate_radps": 0.0014220370468284987,
    "tire_fl_force_wheel_fz_n": 46.38612722690279,
    "tire_fr_force_wheel_fz_n": 43.169093084898115,
    "tire_rl_force_wheel_fz_n": 24.8747351700377,
    "tire_rr_force_wheel_fz_n": 23.949723045802475,
    "tire_fl_spindle_omega_radps": 0.06371057570167182,
    "tire_fr_spindle_omega_radps": 0.06962684014481424,
    "tire_rl_spindle_omega_radps": 0.06887521153314466,
    "tire_rr_spindle_omega_radps": 0.05441116033616147
  },
  "val_flat_loss": 0.0038340144908761433,
  "val_flat_rmse": {
    "vel_body_x_mps": 0.0008986526991325188,
    "vel_body_y_mps": 0.0008723146238199284,
    "roll_rad": 2.013109092170044e-05,
    "pitch_rad": 1.0191542671551741e-05,
    "roll_rate_radps": 0.0015435564944193982,
    "ang_vel_body_y_radps": 0.0008196563956468063,
    "yaw_rate_radps": 0.0014220370468284987,
    "tire_fl_force_wheel_fz_n": 46.38612722690279,
    "tire_fr_force_wheel_fz_n": 43.169093084898115,
    "tire_rl_force_wheel_fz_n": 24.8747351700377,
    "tire_rr_force_wheel_fz_n": 23.949723045802475,
    "tire_fl_spindle_omega_radps": 0.06371057570167182,
    "tire_fr_spindle_omega_radps": 0.06962684014481424,
    "tire_rl_spindle_omega_radps": 0.06887521153314466,
    "tire_rr_spindle_omega_radps": 0.05441116033616147
  },
  "val_crm_loss": 0.10587104871461633,
  "val_crm_rmse": {
    "vel_body_x_mps": 0.0033085973189239727,
    "vel_body_y_mps": 0.0029792518199564977,
    "roll_rad": 6.0760072638890814e-05,
    "pitch_rad": 4.8435874214859255e-05,
    "roll_rate_radps": 0.005042268225804903,
    "ang_vel_body_y_radps": 0.003202785739028797,
    "yaw_rate_radps": 0.002578675961209523,
    "tire_fl_force_wheel_fz_n": 757.6954302066595,
    "tire_fr_force_wheel_fz_n": 756.7705901708,
    "tire_rl_force_wheel_fz_n": 969.5464193729188,
    "tire_rr_force_wheel_fz_n": 1016.2738574098518,
    "tire_fl_spindle_omega_radps": 0.1548195517142612,
    "tire_fr_spindle_omega_radps": 0.15432110569147373,
    "tire_rl_spindle_omega_radps": 0.17262401186826518,
    "tire_rr_spindle_omega_radps": 0.17128022064156945
  },
  "val_mixed_loss": 0.05485253160274624,
  "rollout_flat_5.0s": {
    "xy_rmse_m": 3.435080125254569,
    "yaw_rmse_rad": 0.1413652492677381,
    "errdist": 0.7784598632612157,
    "mean_dist_m": 4.4126618305842085,
    "episodes": 12
  },
  "rollout_flat_10.0s": {
    "xy_rmse_m": 9.33996670375991,
    "yaw_rmse_rad": 0.25293650582842936,
    "errdist": 0.3249167167946791,
    "mean_dist_m": 28.745725353558857,
    "episodes": 12
  },
  "rollout_crm_5.0s": {
    "xy_rmse_m": 1.1885617736845213,
    "yaw_rmse_rad": 0.11265419177301648,
    "errdist": 0.2586050448560159,
    "mean_dist_m": 4.596050221472979,
    "episodes": 12
  },
  "rollout_crm_10.0s": {
    "xy_rmse_m": 4.041817304078393,
    "yaw_rmse_rad": 0.2686246943554176,
    "errdist": 0.18819849683325243,
    "mean_dist_m": 21.476352745046217,
    "episodes": 12
  },
  "rollout_sel": 0.2565576068139658
}
{
  "epoch": 35,
  "timestamp_utc": "2026-07-10T07:51:17.617670+00:00",
  "train_loss": 0.032052706762216984,
  "val_loss": 0.0038457960094092415,
  "val_rmse": {
    "vel_body_x_mps": 0.0009442690935177094,
    "vel_body_y_mps": 0.0009520541337420714,
    "roll_rad": 1.9189234153849053e-05,
    "pitch_rad": 1.0757276377867651e-05,
    "roll_rate_radps": 0.001498590670332311,
    "ang_vel_body_y_radps": 0.0008038707249045747,
    "yaw_rate_radps": 0.0014085231276316612,
    "tire_fl_force_wheel_fz_n": 43.11972119904288,
    "tire_fr_force_wheel_fz_n": 42.41502444430142,
    "tire_rl_force_wheel_fz_n": 24.435459292345328,
    "tire_rr_force_wheel_fz_n": 23.26543947738964,
    "tire_fl_spindle_omega_radps": 0.06135796332130006,
    "tire_fr_spindle_omega_radps": 0.06645395949061143,
    "tire_rl_spindle_omega_radps": 0.06627734565620928,
    "tire_rr_spindle_omega_radps": 0.05363003306296933
  },
  "val_flat_loss": 0.0038457960094092415,
  "val_flat_rmse": {
    "vel_body_x_mps": 0.0009442690935177094,
    "vel_body_y_mps": 0.0009520541337420714,
    "roll_rad": 1.9189234153849053e-05,
    "pitch_rad": 1.0757276377867651e-05,
    "roll_rate_radps": 0.001498590670332311,
    "ang_vel_body_y_radps": 0.0008038707249045747,
    "yaw_rate_radps": 0.0014085231276316612,
    "tire_fl_force_wheel_fz_n": 43.11972119904288,
    "tire_fr_force_wheel_fz_n": 42.41502444430142,
    "tire_rl_force_wheel_fz_n": 24.435459292345328,
    "tire_rr_force_wheel_fz_n": 23.26543947738964,
    "tire_fl_spindle_omega_radps": 0.06135796332130006,
    "tire_fr_spindle_omega_radps": 0.06645395949061143,
    "tire_rl_spindle_omega_radps": 0.06627734565620928,
    "tire_rr_spindle_omega_radps": 0.05363003306296933
  },
  "val_crm_loss": 0.10466062011983013,
  "val_crm_rmse": {
    "vel_body_x_mps": 0.0032672264990460105,
    "vel_body_y_mps": 0.0029342999589440874,
    "roll_rad": 5.635754326760532e-05,
    "pitch_rad": 4.054808151698583e-05,
    "roll_rate_radps": 0.004977493106526777,
    "ang_vel_body_y_radps": 0.0032350948295617656,
    "yaw_rate_radps": 0.00254707201907728,
    "tire_fl_force_wheel_fz_n": 744.2508935123266,
    "tire_fr_force_wheel_fz_n": 748.9873279790149,
    "tire_rl_force_wheel_fz_n": 966.3321271859579,
    "tire_rr_force_wheel_fz_n": 1021.4229229250765,
    "tire_fl_spindle_omega_radps": 0.15294367263013087,
    "tire_fr_spindle_omega_radps": 0.1523596856581438,
    "tire_rl_spindle_omega_radps": 0.17184087053371622,
    "tire_rr_spindle_omega_radps": 0.1697687098721775
  },
  "val_mixed_loss": 0.05425320806461968,
  "rollout_flat_5.0s": {
    "xy_rmse_m": 0.8622508859464865,
    "yaw_rmse_rad": 0.05763226449493535,
    "errdist": 0.19540379912419664,
    "mean_dist_m": 4.4126618305842085,
    "episodes": 12
  },
  "rollout_flat_10.0s": {
    "xy_rmse_m": 2.889695555458902,
    "yaw_rmse_rad": 0.11757658981723546,
    "errdist": 0.10052609631230419,
    "mean_dist_m": 28.745725353558857,
    "episodes": 12
  },
  "rollout_crm_5.0s": {
    "xy_rmse_m": 0.524908840651411,
    "yaw_rmse_rad": 0.06764298474167008,
    "errdist": 0.11420868253332185,
    "mean_dist_m": 4.596050221472979,
    "episodes": 12
  },
  "rollout_crm_10.0s": {
    "xy_rmse_m": 1.8988715196924604,
    "yaw_rmse_rad": 0.20692759916975925,
    "errdist": 0.08841685281642891,
    "mean_dist_m": 21.476352745046217,
    "episodes": 12
  },
  "rollout_sel": 0.09447147456436655
}
{
  "epoch": 36,
  "timestamp_utc": "2026-07-10T07:51:51.184492+00:00",
  "train_loss": 0.03195079276058823,
  "val_loss": 0.004314714554984675,
  "val_rmse": {
    "vel_body_x_mps": 0.001032330930172224,
    "vel_body_y_mps": 0.0009665528719945256,
    "roll_rad": 2.131209853958805e-05,
    "pitch_rad": 1.2304760545736325e-05,
    "roll_rate_radps": 0.0014942837497238565,
    "ang_vel_body_y_radps": 0.000839511807124218,
    "yaw_rate_radps": 0.001481585018164224,
    "tire_fl_force_wheel_fz_n": 44.789309117762585,
    "tire_fr_force_wheel_fz_n": 43.89804246970826,
    "tire_rl_force_wheel_fz_n": 24.27519826071458,
    "tire_rr_force_wheel_fz_n": 23.399416116313432,
    "tire_fl_spindle_omega_radps": 0.06458417047630578,
    "tire_fr_spindle_omega_radps": 0.0696258767630519,
    "tire_rl_spindle_omega_radps": 0.07110981081848498,
    "tire_rr_spindle_omega_radps": 0.05602768643109015
  },
  "val_flat_loss": 0.004314714554984675,
  "val_flat_rmse": {
    "vel_body_x_mps": 0.001032330930172224,
    "vel_body_y_mps": 0.0009665528719945256,
    "roll_rad": 2.131209853958805e-05,
    "pitch_rad": 1.2304760545736325e-05,
    "roll_rate_radps": 0.0014942837497238565,
    "ang_vel_body_y_radps": 0.000839511807124218,
    "yaw_rate_radps": 0.001481585018164224,
    "tire_fl_force_wheel_fz_n": 44.789309117762585,
    "tire_fr_force_wheel_fz_n": 43.89804246970826,
    "tire_rl_force_wheel_fz_n": 24.27519826071458,
    "tire_rr_force_wheel_fz_n": 23.399416116313432,
    "tire_fl_spindle_omega_radps": 0.06458417047630578,
    "tire_fr_spindle_omega_radps": 0.0696258767630519,
    "tire_rl_spindle_omega_radps": 0.07110981081848498,
    "tire_rr_spindle_omega_radps": 0.05602768643109015
  },
  "val_crm_loss": 0.1042738180165179,
  "val_crm_rmse": {
    "vel_body_x_mps": 0.003313142518707526,
    "vel_body_y_mps": 0.0028581951499107756,
    "roll_rad": 5.96031468237416e-05,
    "pitch_rad": 4.414883087604686e-05,
    "roll_rate_radps": 0.004882762448285523,
    "ang_vel_body_y_radps": 0.003171392679197898,
    "yaw_rate_radps": 0.002539439633539794,
    "tire_fl_force_wheel_fz_n": 736.3770712163596,
    "tire_fr_force_wheel_fz_n": 737.4707868005873,
    "tire_rl_force_wheel_fz_n": 962.907091879353,
    "tire_rr_force_wheel_fz_n": 1016.8194648645857,
    "tire_fl_spindle_omega_radps": 0.15580603022753461,
    "tire_fr_spindle_omega_radps": 0.15377728063434754,
    "tire_rl_spindle_omega_radps": 0.1712106892263309,
    "tire_rr_spindle_omega_radps": 0.17074445657325904
  },
  "val_mixed_loss": 0.05429426628575129,
  "rollout_flat_5.0s": {
    "xy_rmse_m": 0.9005641020658819,
    "yaw_rmse_rad": 0.040941267853282066,
    "errdist": 0.20408636252704931,
    "mean_dist_m": 4.4126618305842085,
    "episodes": 12
  },
  "rollout_flat_10.0s": {
    "xy_rmse_m": 4.866325339971951,
    "yaw_rmse_rad": 0.11230319060419913,
    "errdist": 0.16928866049189734,
    "mean_dist_m": 28.745725353558857,
    "episodes": 12
  },
  "rollout_crm_5.0s": {
    "xy_rmse_m": 0.5845987471052403,
    "yaw_rmse_rad": 0.045737883990836045,
    "errdist": 0.12719590059611738,
    "mean_dist_m": 4.596050221472979,
    "episodes": 12
  },
  "rollout_crm_10.0s": {
    "xy_rmse_m": 1.8723166282801342,
    "yaw_rmse_rad": 0.1591603822761529,
    "errdist": 0.08718038162750921,
    "mean_dist_m": 21.476352745046217,
    "episodes": 12
  },
  "rollout_sel": 0.1282345210597033
}
{
  "epoch": 37,
  "timestamp_utc": "2026-07-10T07:52:24.684426+00:00",
  "train_loss": 0.031685968399513514,
  "val_loss": 0.003945674948008673,
  "val_rmse": {
    "vel_body_x_mps": 0.0010107301635419131,
    "vel_body_y_mps": 0.0008236620594153854,
    "roll_rad": 2.5879476712069404e-05,
    "pitch_rad": 9.832265068011816e-06,
    "roll_rate_radps": 0.0015730424219318443,
    "ang_vel_body_y_radps": 0.0007757143374698486,
    "yaw_rate_radps": 0.001454541553750049,
    "tire_fl_force_wheel_fz_n": 42.8147942637497,
    "tire_fr_force_wheel_fz_n": 43.66893138550273,
    "tire_rl_force_wheel_fz_n": 25.244687285640676,
    "tire_rr_force_wheel_fz_n": 24.079475673887178,
    "tire_fl_spindle_omega_radps": 0.06060032265013845,
    "tire_fr_spindle_omega_radps": 0.05969731172363552,
    "tire_rl_spindle_omega_radps": 0.061970709151312905,
    "tire_rr_spindle_omega_radps": 0.05209049709491734
  },
  "val_flat_loss": 0.003945674948008673,
  "val_flat_rmse": {
    "vel_body_x_mps": 0.0010107301635419131,
    "vel_body_y_mps": 0.0008236620594153854,
    "roll_rad": 2.5879476712069404e-05,
    "pitch_rad": 9.832265068011816e-06,
    "roll_rate_radps": 0.0015730424219318443,
    "ang_vel_body_y_radps": 0.0007757143374698486,
    "yaw_rate_radps": 0.001454541553750049,
    "tire_fl_force_wheel_fz_n": 42.8147942637497,
    "tire_fr_force_wheel_fz_n": 43.66893138550273,
    "tire_rl_force_wheel_fz_n": 25.244687285640676,
    "tire_rr_force_wheel_fz_n": 24.079475673887178,
    "tire_fl_spindle_omega_radps": 0.06060032265013845,
    "tire_fr_spindle_omega_radps": 0.05969731172363552,
    "tire_rl_spindle_omega_radps": 0.061970709151312905,
    "tire_rr_spindle_omega_radps": 0.05209049709491734
  },
  "val_crm_loss": 0.10479999102302827,
  "val_crm_rmse": {
    "vel_body_x_mps": 0.003362875290371293,
    "vel_body_y_mps": 0.0028931916393604485,
    "roll_rad": 5.996136168607274e-05,
    "pitch_rad": 4.2852853337046e-05,
    "roll_rate_radps": 0.004843141229367583,
    "ang_vel_body_y_radps": 0.0032422752073682963,
    "yaw_rate_radps": 0.002548431094177676,
    "tire_fl_force_wheel_fz_n": 737.422391022935,
    "tire_fr_force_wheel_fz_n": 745.1537661450792,
    "tire_rl_force_wheel_fz_n": 962.5913414437919,
    "tire_rr_force_wheel_fz_n": 1025.211261800975,
    "tire_fl_spindle_omega_radps": 0.1531403080300859,
    "tire_fr_spindle_omega_radps": 0.1525522641407515,
    "tire_rl_spindle_omega_radps": 0.17309656112120025,
    "tire_rr_spindle_omega_radps": 0.1702813225752376
  },
  "val_mixed_loss": 0.05437283298551847,
  "rollout_flat_5.0s": {
    "xy_rmse_m": 2.1741539998658443,
    "yaw_rmse_rad": 0.09161271288366399,
    "errdist": 0.49270804864237694,
    "mean_dist_m": 4.4126618305842085,
    "episodes": 12
  },
  "rollout_flat_10.0s": {
    "xy_rmse_m": 4.980947446868433,
    "yaw_rmse_rad": 0.14002468574462895,
    "errdist": 0.17327610925120623,
    "mean_dist_m": 28.745725353558857,
    "episodes": 12
  },
  "rollout_crm_5.0s": {
    "xy_rmse_m": 0.4630020594643749,
    "yaw_rmse_rad": 0.02499142820213079,
    "errdist": 0.100739121017696,
    "mean_dist_m": 4.596050221472979,
    "episodes": 12
  },
  "rollout_crm_10.0s": {
    "xy_rmse_m": 1.564644239165507,
    "yaw_rmse_rad": 0.06292291782613207,
    "errdist": 0.07285428106624908,
    "mean_dist_m": 21.476352745046217,
    "episodes": 12
  },
  "rollout_sel": 0.12306519515872766
}
{
  "epoch": 38,
  "timestamp_utc": "2026-07-10T07:52:58.127933+00:00",
  "train_loss": 0.0314149581301026,
  "val_loss": 0.0034786783819072296,
  "val_rmse": {
    "vel_body_x_mps": 0.0008693994528974472,
    "vel_body_y_mps": 0.0007965986499314337,
    "roll_rad": 2.0394581446709467e-05,
    "pitch_rad": 1.1618489418530628e-05,
    "roll_rate_radps": 0.00151249380742521,
    "ang_vel_body_y_radps": 0.000775240759032759,
    "yaw_rate_radps": 0.0014081454500718628,
    "tire_fl_force_wheel_fz_n": 45.08751824254068,
    "tire_fr_force_wheel_fz_n": 42.87605210167256,
    "tire_rl_force_wheel_fz_n": 25.402066430002517,
    "tire_rr_force_wheel_fz_n": 23.68486850565123,
    "tire_fl_spindle_omega_radps": 0.05980370298567318,
    "tire_fr_spindle_omega_radps": 0.06405211668847137,
    "tire_rl_spindle_omega_radps": 0.06270376773051645,
    "tire_rr_spindle_omega_radps": 0.04933706175843284
  },
  "val_flat_loss": 0.0034786783819072296,
  "val_flat_rmse": {
    "vel_body_x_mps": 0.0008693994528974472,
    "vel_body_y_mps": 0.0007965986499314337,
    "roll_rad": 2.0394581446709467e-05,
    "pitch_rad": 1.1618489418530628e-05,
    "roll_rate_radps": 0.00151249380742521,
    "ang_vel_body_y_radps": 0.000775240759032759,
    "yaw_rate_radps": 0.0014081454500718628,
    "tire_fl_force_wheel_fz_n": 45.08751824254068,
    "tire_fr_force_wheel_fz_n": 42.87605210167256,
    "tire_rl_force_wheel_fz_n": 25.402066430002517,
    "tire_rr_force_wheel_fz_n": 23.68486850565123,
    "tire_fl_spindle_omega_radps": 0.05980370298567318,
    "tire_fr_spindle_omega_radps": 0.06405211668847137,
    "tire_rl_spindle_omega_radps": 0.06270376773051645,
    "tire_rr_spindle_omega_radps": 0.04933706175843284
  },
  "val_crm_loss": 0.10484800761536463,
  "val_crm_rmse": {
    "vel_body_x_mps": 0.0033043664406309,
    "vel_body_y_mps": 0.0029001030541868375,
    "roll_rad": 5.781219608638374e-05,
    "pitch_rad": 3.9025147697956336e-05,
    "roll_rate_radps": 0.004947839869863464,
    "ang_vel_body_y_radps": 0.0031644741906576034,
    "yaw_rate_radps": 0.0025945131638709313,
    "tire_fl_force_wheel_fz_n": 733.5144269048421,
    "tire_fr_force_wheel_fz_n": 739.215124294242,
    "tire_rl_force_wheel_fz_n": 966.2206839670389,
    "tire_rr_force_wheel_fz_n": 1025.7298252044563,
    "tire_fl_spindle_omega_radps": 0.15155191019616823,
    "tire_fr_spindle_omega_radps": 0.15523998544628345,
    "tire_rl_spindle_omega_radps": 0.17026074876903877,
    "tire_rr_spindle_omega_radps": 0.1712447131422925
  },
  "val_mixed_loss": 0.05416334299863593,
  "rollout_flat_5.0s": {
    "xy_rmse_m": 0.864488704297983,
    "yaw_rmse_rad": 0.05617742713508488,
    "errdist": 0.1959109348253705,
    "mean_dist_m": 4.4126618305842085,
    "episodes": 12
  },
  "rollout_flat_10.0s": {
    "xy_rmse_m": 3.4271654412696044,
    "yaw_rmse_rad": 0.11178022791631874,
    "errdist": 0.11922348102603385,
    "mean_dist_m": 28.745725353558857,
    "episodes": 12
  },
  "rollout_crm_5.0s": {
    "xy_rmse_m": 0.8464422688018772,
    "yaw_rmse_rad": 0.07903286224471466,
    "errdist": 0.18416732368311736,
    "mean_dist_m": 4.596050221472979,
    "episodes": 12
  },
  "rollout_crm_10.0s": {
    "xy_rmse_m": 2.485563221074911,
    "yaw_rmse_rad": 0.18951335791081708,
    "errdist": 0.11573488527507243,
    "mean_dist_m": 21.476352745046217,
    "episodes": 12
  },
  "rollout_sel": 0.11747918315055314
}
{
  "epoch": 39,
  "timestamp_utc": "2026-07-10T07:53:31.651246+00:00",
  "train_loss": 0.031103533861692994,
  "val_loss": 0.003744745918429544,
  "val_rmse": {
    "vel_body_x_mps": 0.0009244251657425413,
    "vel_body_y_mps": 0.0008132274339343997,
    "roll_rad": 2.0042825728848306e-05,
    "pitch_rad": 1.390805534612857e-05,
    "roll_rate_radps": 0.0015117303591093325,
    "ang_vel_body_y_radps": 0.0007717251608150143,
    "yaw_rate_radps": 0.0014133529046646443,
    "tire_fl_force_wheel_fz_n": 44.12140903719935,
    "tire_fr_force_wheel_fz_n": 41.74848248299329,
    "tire_rl_force_wheel_fz_n": 24.260764232475463,
    "tire_rr_force_wheel_fz_n": 22.987245460582074,
    "tire_fl_spindle_omega_radps": 0.062373943152150724,
    "tire_fr_spindle_omega_radps": 0.06278937782316689,
    "tire_rl_spindle_omega_radps": 0.06062403248505877,
    "tire_rr_spindle_omega_radps": 0.05146231116580096
  },
  "val_flat_loss": 0.003744745918429544,
  "val_flat_rmse": {
    "vel_body_x_mps": 0.0009244251657425413,
    "vel_body_y_mps": 0.0008132274339343997,
    "roll_rad": 2.0042825728848306e-05,
    "pitch_rad": 1.390805534612857e-05,
    "roll_rate_radps": 0.0015117303591093325,
    "ang_vel_body_y_radps": 0.0007717251608150143,
    "yaw_rate_radps": 0.0014133529046646443,
    "tire_fl_force_wheel_fz_n": 44.12140903719935,
    "tire_fr_force_wheel_fz_n": 41.74848248299329,
    "tire_rl_force_wheel_fz_n": 24.260764232475463,
    "tire_rr_force_wheel_fz_n": 22.987245460582074,
    "tire_fl_spindle_omega_radps": 0.062373943152150724,
    "tire_fr_spindle_omega_radps": 0.06278937782316689,
    "tire_rl_spindle_omega_radps": 0.06062403248505877,
    "tire_rr_spindle_omega_radps": 0.05146231116580096
  },
  "val_crm_loss": 0.10395574104273692,
  "val_crm_rmse": {
    "vel_body_x_mps": 0.003322186332485911,
    "vel_body_y_mps": 0.0029290166244969732,
    "roll_rad": 5.769599017398291e-05,
    "pitch_rad": 4.364029963906206e-05,
    "roll_rate_radps": 0.004931826074708391,
    "ang_vel_body_y_radps": 0.0032243005365463506,
    "yaw_rate_radps": 0.002552010003108365,
    "tire_fl_force_wheel_fz_n": 724.9654134412449,
    "tire_fr_force_wheel_fz_n": 732.340252141876,
    "tire_rl_force_wheel_fz_n": 964.0810107787821,
    "tire_rr_force_wheel_fz_n": 1013.9672307283133,
    "tire_fl_spindle_omega_radps": 0.15317187366171692,
    "tire_fr_spindle_omega_radps": 0.15308912832802485,
    "tire_rl_spindle_omega_radps": 0.1689878946877008,
    "tire_rr_spindle_omega_radps": 0.17060585494256628
  },
  "val_mixed_loss": 0.05385024348058323,
  "rollout_flat_5.0s": {
    "xy_rmse_m": 1.780075144851419,
    "yaw_rmse_rad": 0.0658345611159501,
    "errdist": 0.40340166846996933,
    "mean_dist_m": 4.4126618305842085,
    "episodes": 12
  },
  "rollout_flat_10.0s": {
    "xy_rmse_m": 4.4542812415226685,
    "yaw_rmse_rad": 0.15532465670185341,
    "errdist": 0.15495456060812907,
    "mean_dist_m": 28.745725353558857,
    "episodes": 12
  },
  "rollout_crm_5.0s": {
    "xy_rmse_m": 0.5173170037932503,
    "yaw_rmse_rad": 0.04111969527035367,
    "errdist": 0.11255686488722842,
    "mean_dist_m": 4.596050221472979,
    "episodes": 12
  },
  "rollout_crm_10.0s": {
    "xy_rmse_m": 2.3729900898234164,
    "yaw_rmse_rad": 0.09425341568614877,
    "errdist": 0.11049316045392184,
    "mean_dist_m": 21.476352745046217,
    "episodes": 12
  },
  "rollout_sel": 0.13272386053102544
}
{
  "epoch": 40,
  "timestamp_utc": "2026-07-10T07:54:04.962147+00:00",
  "train_loss": 0.0308563252100721,
  "val_loss": 0.0036927927012129656,
  "val_rmse": {
    "vel_body_x_mps": 0.001033603916948228,
    "vel_body_y_mps": 0.0007824546699896595,
    "roll_rad": 1.9716679186801288e-05,
    "pitch_rad": 1.019625493686178e-05,
    "roll_rate_radps": 0.0015601612586928597,
    "ang_vel_body_y_radps": 0.0007851154070273393,
    "yaw_rate_radps": 0.001406573914029456,
    "tire_fl_force_wheel_fz_n": 43.455564240512444,
    "tire_fr_force_wheel_fz_n": 42.73359037470518,
    "tire_rl_force_wheel_fz_n": 24.484638913113177,
    "tire_rr_force_wheel_fz_n": 24.204764011807086,
    "tire_fl_spindle_omega_radps": 0.05837391492292374,
    "tire_fr_spindle_omega_radps": 0.06020419209815864,
    "tire_rl_spindle_omega_radps": 0.059844210247376,
    "tire_rr_spindle_omega_radps": 0.049937686309938556
  },
  "val_flat_loss": 0.0036927927012129656,
  "val_flat_rmse": {
    "vel_body_x_mps": 0.001033603916948228,
    "vel_body_y_mps": 0.0007824546699896595,
    "roll_rad": 1.9716679186801288e-05,
    "pitch_rad": 1.019625493686178e-05,
    "roll_rate_radps": 0.0015601612586928597,
    "ang_vel_body_y_radps": 0.0007851154070273393,
    "yaw_rate_radps": 0.001406573914029456,
    "tire_fl_force_wheel_fz_n": 43.455564240512444,
    "tire_fr_force_wheel_fz_n": 42.73359037470518,
    "tire_rl_force_wheel_fz_n": 24.484638913113177,
    "tire_rr_force_wheel_fz_n": 24.204764011807086,
    "tire_fl_spindle_omega_radps": 0.05837391492292374,
    "tire_fr_spindle_omega_radps": 0.06020419209815864,
    "tire_rl_spindle_omega_radps": 0.059844210247376,
    "tire_rr_spindle_omega_radps": 0.049937686309938556
  },
  "val_crm_loss": 0.10361844098602888,
  "val_crm_rmse": {
    "vel_body_x_mps": 0.003328650094510981,
    "vel_body_y_mps": 0.002900939014195737,
    "roll_rad": 5.413714333295605e-05,
    "pitch_rad": 4.331288175017628e-05,
    "roll_rate_radps": 0.00483456911195604,
    "ang_vel_body_y_radps": 0.003202781957912068,
    "yaw_rate_radps": 0.002550645661530693,
    "tire_fl_force_wheel_fz_n": 729.5587755921089,
    "tire_fr_force_wheel_fz_n": 737.6217983202351,
    "tire_rl_force_wheel_fz_n": 959.6120839702156,
    "tire_rr_force_wheel_fz_n": 1005.2994030914158,
    "tire_fl_spindle_omega_radps": 0.14990079938739734,
    "tire_fr_spindle_omega_radps": 0.15202802705197477,
    "tire_rl_spindle_omega_radps": 0.1714783496583045,
    "tire_rr_spindle_omega_radps": 0.1693649021654667
  },
  "val_mixed_loss": 0.05365561684362092,
  "rollout_flat_5.0s": {
    "xy_rmse_m": 0.6729970748936048,
    "yaw_rmse_rad": 0.038803661562891924,
    "errdist": 0.15251498998383575,
    "mean_dist_m": 4.4126618305842085,
    "episodes": 12
  },
  "rollout_flat_10.0s": {
    "xy_rmse_m": 3.222908784297353,
    "yaw_rmse_rad": 0.11288358153795544,
    "errdist": 0.11211784516331023,
    "mean_dist_m": 28.745725353558857,
    "episodes": 12
  },
  "rollout_crm_5.0s": {
    "xy_rmse_m": 0.33185113942016453,
    "yaw_rmse_rad": 0.04453864021284531,
    "errdist": 0.07220354944550851,
    "mean_dist_m": 4.596050221472979,
    "episodes": 12
  },
  "rollout_crm_10.0s": {
    "xy_rmse_m": 1.7951605739337233,
    "yaw_rmse_rad": 0.14807433692288124,
    "errdist": 0.08358777653006277,
    "mean_dist_m": 21.476352745046217,
    "episodes": 12
  },
  "rollout_sel": 0.09785281084668651
}
{
  "epoch": 41,
  "timestamp_utc": "2026-07-10T07:54:38.572065+00:00",
  "train_loss": 0.03070600626990199,
  "val_loss": 0.0037342593193716313,
  "val_rmse": {
    "vel_body_x_mps": 0.0008482305155973871,
    "vel_body_y_mps": 0.0009568797472467027,
    "roll_rad": 1.875263560118195e-05,
    "pitch_rad": 1.1206898454706221e-05,
    "roll_rate_radps": 0.0015504717533461217,
    "ang_vel_body_y_radps": 0.000771656351354387,
    "yaw_rate_radps": 0.0014349715490951883,
    "tire_fl_force_wheel_fz_n": 41.15920742187029,
    "tire_fr_force_wheel_fz_n": 41.86931752584592,
    "tire_rl_force_wheel_fz_n": 23.953069452269883,
    "tire_rr_force_wheel_fz_n": 22.299897904761067,
    "tire_fl_spindle_omega_radps": 0.059793723444241366,
    "tire_fr_spindle_omega_radps": 0.06324316682029466,
    "tire_rl_spindle_omega_radps": 0.06425908604267508,
    "tire_rr_spindle_omega_radps": 0.05211791562856392
  },
  "val_flat_loss": 0.0037342593193716313,
  "val_flat_rmse": {
    "vel_body_x_mps": 0.0008482305155973871,
    "vel_body_y_mps": 0.0009568797472467027,
    "roll_rad": 1.875263560118195e-05,
    "pitch_rad": 1.1206898454706221e-05,
    "roll_rate_radps": 0.0015504717533461217,
    "ang_vel_body_y_radps": 0.000771656351354387,
    "yaw_rate_radps": 0.0014349715490951883,
    "tire_fl_force_wheel_fz_n": 41.15920742187029,
    "tire_fr_force_wheel_fz_n": 41.86931752584592,
    "tire_rl_force_wheel_fz_n": 23.953069452269883,
    "tire_rr_force_wheel_fz_n": 22.299897904761067,
    "tire_fl_spindle_omega_radps": 0.059793723444241366,
    "tire_fr_spindle_omega_radps": 0.06324316682029466,
    "tire_rl_spindle_omega_radps": 0.06425908604267508,
    "tire_rr_spindle_omega_radps": 0.05211791562856392
  },
  "val_crm_loss": 0.10222290930571035,
  "val_crm_rmse": {
    "vel_body_x_mps": 0.003245549101510932,
    "vel_body_y_mps": 0.0029220086621197737,
    "roll_rad": 5.315411393254142e-05,
    "pitch_rad": 3.529858687266029e-05,
    "roll_rate_radps": 0.004770195589502095,
    "ang_vel_body_y_radps": 0.003175244201811817,
    "yaw_rate_radps": 0.002538788603840377,
    "tire_fl_force_wheel_fz_n": 744.1527331569055,
    "tire_fr_force_wheel_fz_n": 723.5438224692733,
    "tire_rl_force_wheel_fz_n": 959.2859842921838,
    "tire_rr_force_wheel_fz_n": 1007.5101104489524,
    "tire_fl_spindle_omega_radps": 0.15140499580748615,
    "tire_fr_spindle_omega_radps": 0.14928296051374706,
    "tire_rl_spindle_omega_radps": 0.1686395362443533,
    "tire_rr_spindle_omega_radps": 0.1673387464802939
  },
  "val_mixed_loss": 0.05297858431254099,
  "rollout_flat_5.0s": {
    "xy_rmse_m": 1.6009228158128819,
    "yaw_rmse_rad": 0.05492483935036748,
    "errdist": 0.3628020630805805,
    "mean_dist_m": 4.4126618305842085,
    "episodes": 12
  },
  "rollout_flat_10.0s": {
    "xy_rmse_m": 4.1602008830987955,
    "yaw_rmse_rad": 0.11451181428113598,
    "errdist": 0.14472415748534043,
    "mean_dist_m": 28.745725353558857,
    "episodes": 12
  },
  "rollout_crm_5.0s": {
    "xy_rmse_m": 0.8233374424463763,
    "yaw_rmse_rad": 0.038929439161624856,
    "errdist": 0.17914021883392445,
    "mean_dist_m": 4.596050221472979,
    "episodes": 12
  },
  "rollout_crm_10.0s": {
    "xy_rmse_m": 1.9145267808910227,
    "yaw_rmse_rad": 0.12758177177977686,
    "errdist": 0.089145806255796,
    "mean_dist_m": 21.476352745046217,
    "episodes": 12
  },
  "rollout_sel": 0.11693498187056822
}
{
  "epoch": 42,
  "timestamp_utc": "2026-07-10T07:55:11.996963+00:00",
  "train_loss": 0.03063825968047604,
  "val_loss": 0.0036162017180686235,
  "val_rmse": {
    "vel_body_x_mps": 0.0008434977070201684,
    "vel_body_y_mps": 0.0008445086546156956,
    "roll_rad": 1.9902722297114985e-05,
    "pitch_rad": 1.0718340314862451e-05,
    "roll_rate_radps": 0.0014758036015828475,
    "ang_vel_body_y_radps": 0.0007946652745245299,
    "yaw_rate_radps": 0.0013983264095916606,
    "tire_fl_force_wheel_fz_n": 41.82184621842275,
    "tire_fr_force_wheel_fz_n": 41.06498076831512,
    "tire_rl_force_wheel_fz_n": 23.776474479978145,
    "tire_rr_force_wheel_fz_n": 22.58715928289908,
    "tire_fl_spindle_omega_radps": 0.061822739546870446,
    "tire_fr_spindle_omega_radps": 0.0645520542142829,
    "tire_rl_spindle_omega_radps": 0.06231658859793838,
    "tire_rr_spindle_omega_radps": 0.0512743993395957
  },
  "val_flat_loss": 0.0036162017180686235,
  "val_flat_rmse": {
    "vel_body_x_mps": 0.0008434977070201684,
    "vel_body_y_mps": 0.0008445086546156956,
    "roll_rad": 1.9902722297114985e-05,
    "pitch_rad": 1.0718340314862451e-05,
    "roll_rate_radps": 0.0014758036015828475,
    "ang_vel_body_y_radps": 0.0007946652745245299,
    "yaw_rate_radps": 0.0013983264095916606,
    "tire_fl_force_wheel_fz_n": 41.82184621842275,
    "tire_fr_force_wheel_fz_n": 41.06498076831512,
    "tire_rl_force_wheel_fz_n": 23.776474479978145,
    "tire_rr_force_wheel_fz_n": 22.58715928289908,
    "tire_fl_spindle_omega_radps": 0.061822739546870446,
    "tire_fr_spindle_omega_radps": 0.0645520542142829,
    "tire_rl_spindle_omega_radps": 0.06231658859793838,
    "tire_rr_spindle_omega_radps": 0.0512743993395957
  },
  "val_crm_loss": 0.10248267538612708,
  "val_crm_rmse": {
    "vel_body_x_mps": 0.0031824000080494155,
    "vel_body_y_mps": 0.0029022768844465165,
    "roll_rad": 5.261161809967796e-05,
    "pitch_rad": 3.954189294215764e-05,
    "roll_rate_radps": 0.004812803878983371,
    "ang_vel_body_y_radps": 0.003192262972337702,
    "yaw_rate_radps": 0.002536386635976448,
    "tire_fl_force_wheel_fz_n": 726.6534319399768,
    "tire_fr_force_wheel_fz_n": 734.3625497141092,
    "tire_rl_force_wheel_fz_n": 964.9328252094796,
    "tire_rr_force_wheel_fz_n": 1005.041322168575,
    "tire_fl_spindle_omega_radps": 0.1549170420630269,
    "tire_fr_spindle_omega_radps": 0.14991585631506213,
    "tire_rl_spindle_omega_radps": 0.16943097625200693,
    "tire_rr_spindle_omega_radps": 0.1675799121139886
  },
  "val_mixed_loss": 0.05304943855209785,
  "rollout_flat_5.0s": {
    "xy_rmse_m": 0.6745215343782707,
    "yaw_rmse_rad": 0.050516825083546144,
    "errdist": 0.15286046388217525,
    "mean_dist_m": 4.4126618305842085,
    "episodes": 12
  },
  "rollout_flat_10.0s": {
    "xy_rmse_m": 2.530454566337153,
    "yaw_rmse_rad": 0.07795016587753378,
    "errdist": 0.08802889943509011,
    "mean_dist_m": 28.745725353558857,
    "episodes": 12
  },
  "rollout_crm_5.0s": {
    "xy_rmse_m": 0.8449175385675304,
    "yaw_rmse_rad": 0.05071700121525908,
    "errdist": 0.18383557573414516,
    "mean_dist_m": 4.596050221472979,
    "episodes": 12
  },
  "rollout_crm_10.0s": {
    "xy_rmse_m": 2.0641032739077763,
    "yaw_rmse_rad": 0.18375220353806698,
    "errdist": 0.09611051273051412,
    "mean_dist_m": 21.476352745046217,
    "episodes": 12
  },
  "rollout_sel": 0.09206970608280211
}
{
  "epoch": 43,
  "timestamp_utc": "2026-07-10T07:55:45.509978+00:00",
  "train_loss": 0.03031949696922675,
  "val_loss": 0.0034700166965012614,
  "val_rmse": {
    "vel_body_x_mps": 0.0008375784919430351,
    "vel_body_y_mps": 0.0008783528776775896,
    "roll_rad": 1.9926395445737698e-05,
    "pitch_rad": 8.604962891508351e-06,
    "roll_rate_radps": 0.0015721450813826982,
    "ang_vel_body_y_radps": 0.0007503264539876274,
    "yaw_rate_radps": 0.00140356600350084,
    "tire_fl_force_wheel_fz_n": 43.01254123396423,
    "tire_fr_force_wheel_fz_n": 41.3706769901031,
    "tire_rl_force_wheel_fz_n": 23.84645310264783,
    "tire_rr_force_wheel_fz_n": 22.917790317650283,
    "tire_fl_spindle_omega_radps": 0.05811677224911716,
    "tire_fr_spindle_omega_radps": 0.05829847850493372,
    "tire_rl_spindle_omega_radps": 0.058846073930473995,
    "tire_rr_spindle_omega_radps": 0.04949674820238511
  },
  "val_flat_loss": 0.0034700166965012614,
  "val_flat_rmse": {
    "vel_body_x_mps": 0.0008375784919430351,
    "vel_body_y_mps": 0.0008783528776775896,
    "roll_rad": 1.9926395445737698e-05,
    "pitch_rad": 8.604962891508351e-06,
    "roll_rate_radps": 0.0015721450813826982,
    "ang_vel_body_y_radps": 0.0007503264539876274,
    "yaw_rate_radps": 0.00140356600350084,
    "tire_fl_force_wheel_fz_n": 43.01254123396423,
    "tire_fr_force_wheel_fz_n": 41.3706769901031,
    "tire_rl_force_wheel_fz_n": 23.84645310264783,
    "tire_rr_force_wheel_fz_n": 22.917790317650283,
    "tire_fl_spindle_omega_radps": 0.05811677224911716,
    "tire_fr_spindle_omega_radps": 0.05829847850493372,
    "tire_rl_spindle_omega_radps": 0.058846073930473995,
    "tire_rr_spindle_omega_radps": 0.04949674820238511
  },
  "val_crm_loss": 0.1026629921310814,
  "val_crm_rmse": {
    "vel_body_x_mps": 0.003250646403880992,
    "vel_body_y_mps": 0.002854098620457089,
    "roll_rad": 5.545829625893383e-05,
    "pitch_rad": 4.045716822196172e-05,
    "roll_rate_radps": 0.00496423992942513,
    "ang_vel_body_y_radps": 0.0031791607328669627,
    "yaw_rate_radps": 0.0025280505935635672,
    "tire_fl_force_wheel_fz_n": 729.0939609577282,
    "tire_fr_force_wheel_fz_n": 724.3019618516429,
    "tire_rl_force_wheel_fz_n": 973.6732785817183,
    "tire_rr_force_wheel_fz_n": 1022.7786205028033,
    "tire_fl_spindle_omega_radps": 0.15030089327960425,
    "tire_fr_spindle_omega_radps": 0.14874170718403046,
    "tire_rl_spindle_omega_radps": 0.1683231118590154,
    "tire_rr_spindle_omega_radps": 0.16801565368097637
  },
  "val_mixed_loss": 0.053066504413791335,
  "rollout_flat_5.0s": {
    "xy_rmse_m": 1.2326695162745525,
    "yaw_rmse_rad": 0.08165241211121513,
    "errdist": 0.27934828536619466,
    "mean_dist_m": 4.4126618305842085,
    "episodes": 12
  },
  "rollout_flat_10.0s": {
    "xy_rmse_m": 5.171317819936391,
    "yaw_rmse_rad": 0.21773636173600674,
    "errdist": 0.17989867210973534,
    "mean_dist_m": 28.745725353558857,
    "episodes": 12
  },
  "rollout_crm_5.0s": {
    "xy_rmse_m": 0.45252965169601134,
    "yaw_rmse_rad": 0.02030107543685176,
    "errdist": 0.09846055414750908,
    "mean_dist_m": 4.596050221472979,
    "episodes": 12
  },
  "rollout_crm_10.0s": {
    "xy_rmse_m": 1.7633680212698928,
    "yaw_rmse_rad": 0.18314601557088334,
    "errdist": 0.08210742495262074,
    "mean_dist_m": 21.476352745046217,
    "episodes": 12
  },
  "rollout_sel": 0.13100304853117806
}
{
  "epoch": 44,
  "timestamp_utc": "2026-07-10T07:56:18.891325+00:00",
  "train_loss": 0.030110459910240025,
  "val_loss": 0.0033499396041042928,
  "val_rmse": {
    "vel_body_x_mps": 0.0008949848205256676,
    "vel_body_y_mps": 0.0006848132643318089,
    "roll_rad": 1.7355582820640577e-05,
    "pitch_rad": 8.701003377671334e-06,
    "roll_rate_radps": 0.0014648029721817599,
    "ang_vel_body_y_radps": 0.0007522272103349485,
    "yaw_rate_radps": 0.0013887453802396436,
    "tire_fl_force_wheel_fz_n": 42.39235771105378,
    "tire_fr_force_wheel_fz_n": 42.23623314318258,
    "tire_rl_force_wheel_fz_n": 24.160424386167126,
    "tire_rr_force_wheel_fz_n": 22.56264887446268,
    "tire_fl_spindle_omega_radps": 0.05711379058199245,
    "tire_fr_spindle_omega_radps": 0.05866304487583505,
    "tire_rl_spindle_omega_radps": 0.0584771034699426,
    "tire_rr_spindle_omega_radps": 0.04955280120684685
  },
  "val_flat_loss": 0.0033499396041042928,
  "val_flat_rmse": {
    "vel_body_x_mps": 0.0008949848205256676,
    "vel_body_y_mps": 0.0006848132643318089,
    "roll_rad": 1.7355582820640577e-05,
    "pitch_rad": 8.701003377671334e-06,
    "roll_rate_radps": 0.0014648029721817599,
    "ang_vel_body_y_radps": 0.0007522272103349485,
    "yaw_rate_radps": 0.0013887453802396436,
    "tire_fl_force_wheel_fz_n": 42.39235771105378,
    "tire_fr_force_wheel_fz_n": 42.23623314318258,
    "tire_rl_force_wheel_fz_n": 24.160424386167126,
    "tire_rr_force_wheel_fz_n": 22.56264887446268,
    "tire_fl_spindle_omega_radps": 0.05711379058199245,
    "tire_fr_spindle_omega_radps": 0.05866304487583505,
    "tire_rl_spindle_omega_radps": 0.0584771034699426,
    "tire_rr_spindle_omega_radps": 0.04955280120684685
  },
  "val_crm_loss": 0.10190097077662358,
  "val_crm_rmse": {
    "vel_body_x_mps": 0.0032195696250911865,
    "vel_body_y_mps": 0.0028447880066275397,
    "roll_rad": 5.4164515957194475e-05,
    "pitch_rad": 3.838762770624768e-05,
    "roll_rate_radps": 0.0048566811801182405,
    "ang_vel_body_y_radps": 0.0031376991062533033,
    "yaw_rate_radps": 0.0025414329288448107,
    "tire_fl_force_wheel_fz_n": 720.9485168488338,
    "tire_fr_force_wheel_fz_n": 724.8244632592518,
    "tire_rl_force_wheel_fz_n": 966.0953973665045,
    "tire_rr_force_wheel_fz_n": 1011.7512003629411,
    "tire_fl_spindle_omega_radps": 0.1513520594744219,
    "tire_fr_spindle_omega_radps": 0.14948511800361286,
    "tire_rl_spindle_omega_radps": 0.16757934285185935,
    "tire_rr_spindle_omega_radps": 0.16751339035161436
  },
  "val_mixed_loss": 0.052625455190363934,
  "rollout_flat_5.0s": {
    "xy_rmse_m": 1.0622664035492109,
    "yaw_rmse_rad": 0.0596627572463688,
    "errdist": 0.24073143248517948,
    "mean_dist_m": 4.4126618305842085,
    "episodes": 12
  },
  "rollout_flat_10.0s": {
    "xy_rmse_m": 3.263692335800116,
    "yaw_rmse_rad": 0.1555682653031478,
    "errdist": 0.11353661442382268,
    "mean_dist_m": 28.745725353558857,
    "episodes": 12
  },
  "rollout_crm_5.0s": {
    "xy_rmse_m": 0.46870384696935957,
    "yaw_rmse_rad": 0.04056676379900109,
    "errdist": 0.10197970526508861,
    "mean_dist_m": 4.596050221472979,
    "episodes": 12
  },
  "rollout_crm_10.0s": {
    "xy_rmse_m": 2.064496315996636,
    "yaw_rmse_rad": 0.13649426101202913,
    "errdist": 0.09612881388683828,
    "mean_dist_m": 21.476352745046217,
    "episodes": 12
  },
  "rollout_sel": 0.10483271415533048
}
{
  "epoch": 45,
  "timestamp_utc": "2026-07-10T07:56:52.311124+00:00",
  "train_loss": 0.030121738356072455,
  "val_loss": 0.003490150341485787,
  "val_rmse": {
    "vel_body_x_mps": 0.0009182979760169589,
    "vel_body_y_mps": 0.0007533903821258858,
    "roll_rad": 2.1529612725144755e-05,
    "pitch_rad": 1.0393852627766225e-05,
    "roll_rate_radps": 0.0015201955556675263,
    "ang_vel_body_y_radps": 0.0008477734529849224,
    "yaw_rate_radps": 0.001398201320635985,
    "tire_fl_force_wheel_fz_n": 41.08730042434932,
    "tire_fr_force_wheel_fz_n": 42.80228888104491,
    "tire_rl_force_wheel_fz_n": 24.08429411422513,
    "tire_rr_force_wheel_fz_n": 22.750901607631146,
    "tire_fl_spindle_omega_radps": 0.060866114751224304,
    "tire_fr_spindle_omega_radps": 0.06549605614241473,
    "tire_rl_spindle_omega_radps": 0.06675357759881237,
    "tire_rr_spindle_omega_radps": 0.0531836272108303
  },
  "val_flat_loss": 0.003490150341485787,
  "val_flat_rmse": {
    "vel_body_x_mps": 0.0009182979760169589,
    "vel_body_y_mps": 0.0007533903821258858,
    "roll_rad": 2.1529612725144755e-05,
    "pitch_rad": 1.0393852627766225e-05,
    "roll_rate_radps": 0.0015201955556675263,
    "ang_vel_body_y_radps": 0.0008477734529849224,
    "yaw_rate_radps": 0.001398201320635985,
    "tire_fl_force_wheel_fz_n": 41.08730042434932,
    "tire_fr_force_wheel_fz_n": 42.80228888104491,
    "tire_rl_force_wheel_fz_n": 24.08429411422513,
    "tire_rr_force_wheel_fz_n": 22.750901607631146,
    "tire_fl_spindle_omega_radps": 0.060866114751224304,
    "tire_fr_spindle_omega_radps": 0.06549605614241473,
    "tire_rl_spindle_omega_radps": 0.06675357759881237,
    "tire_rr_spindle_omega_radps": 0.0531836272108303
  },
  "val_crm_loss": 0.10101288222766015,
  "val_crm_rmse": {
    "vel_body_x_mps": 0.003187037247529543,
    "vel_body_y_mps": 0.002812785309840224,
    "roll_rad": 5.6943615917388496e-05,
    "pitch_rad": 3.839668846092417e-05,
    "roll_rate_radps": 0.004706242194140346,
    "ang_vel_body_y_radps": 0.0031031436399587935,
    "yaw_rate_radps": 0.0025202099941837993,
    "tire_fl_force_wheel_fz_n": 718.8566647763713,
    "tire_fr_force_wheel_fz_n": 729.8718958609626,
    "tire_rl_force_wheel_fz_n": 952.2087042805103,
    "tire_rr_force_wheel_fz_n": 1011.5054782568606,
    "tire_fl_spindle_omega_radps": 0.1493797681795467,
    "tire_fr_spindle_omega_radps": 0.14909872679165298,
    "tire_rl_spindle_omega_radps": 0.1670127840908072,
    "tire_rr_spindle_omega_radps": 0.1665164801664746
  },
  "val_mixed_loss": 0.05225151628457297,
  "rollout_flat_5.0s": {
    "xy_rmse_m": 0.7029368013921335,
    "yaw_rmse_rad": 0.06917461843746686,
    "errdist": 0.15929994828066604,
    "mean_dist_m": 4.4126618305842085,
    "episodes": 12
  },
  "rollout_flat_10.0s": {
    "xy_rmse_m": 2.710544678589625,
    "yaw_rmse_rad": 0.14767422341312658,
    "errdist": 0.09429383483113418,
    "mean_dist_m": 28.745725353558857,
    "episodes": 12
  },
  "rollout_crm_5.0s": {
    "xy_rmse_m": 0.4509813658980413,
    "yaw_rmse_rad": 0.033663638258844615,
    "errdist": 0.09812368102311711,
    "mean_dist_m": 4.596050221472979,
    "episodes": 12
  },
  "rollout_crm_10.0s": {
    "xy_rmse_m": 1.4909905998962174,
    "yaw_rmse_rad": 0.10553278464972228,
    "errdist": 0.06942475836546001,
    "mean_dist_m": 21.476352745046217,
    "episodes": 12
  },
  "rollout_sel": 0.0818592965982971
}
{
  "epoch": 46,
  "timestamp_utc": "2026-07-10T07:57:25.841144+00:00",
  "train_loss": 0.029829789506271482,
  "val_loss": 0.003512613466136827,
  "val_rmse": {
    "vel_body_x_mps": 0.0008834807279899375,
    "vel_body_y_mps": 0.000814848388615345,
    "roll_rad": 1.7127143437461118e-05,
    "pitch_rad": 1.0491415695807764e-05,
    "roll_rate_radps": 0.001479594570379695,
    "ang_vel_body_y_radps": 0.0007987795161926053,
    "yaw_rate_radps": 0.0014101857097205818,
    "tire_fl_force_wheel_fz_n": 41.87940292258865,
    "tire_fr_force_wheel_fz_n": 41.351919697224716,
    "tire_rl_force_wheel_fz_n": 24.393107475714885,
    "tire_rr_force_wheel_fz_n": 24.41065442989943,
    "tire_fl_spindle_omega_radps": 0.05776221925945344,
    "tire_fr_spindle_omega_radps": 0.061234829770252144,
    "tire_rl_spindle_omega_radps": 0.06253785733710468,
    "tire_rr_spindle_omega_radps": 0.05063280191792604
  },
  "val_flat_loss": 0.003512613466136827,
  "val_flat_rmse": {
    "vel_body_x_mps": 0.0008834807279899375,
    "vel_body_y_mps": 0.000814848388615345,
    "roll_rad": 1.7127143437461118e-05,
    "pitch_rad": 1.0491415695807764e-05,
    "roll_rate_radps": 0.001479594570379695,
    "ang_vel_body_y_radps": 0.0007987795161926053,
    "yaw_rate_radps": 0.0014101857097205818,
    "tire_fl_force_wheel_fz_n": 41.87940292258865,
    "tire_fr_force_wheel_fz_n": 41.351919697224716,
    "tire_rl_force_wheel_fz_n": 24.393107475714885,
    "tire_rr_force_wheel_fz_n": 24.41065442989943,
    "tire_fl_spindle_omega_radps": 0.05776221925945344,
    "tire_fr_spindle_omega_radps": 0.061234829770252144,
    "tire_rl_spindle_omega_radps": 0.06253785733710468,
    "tire_rr_spindle_omega_radps": 0.05063280191792604
  },
  "val_crm_loss": 0.10121881312399637,
  "val_crm_rmse": {
    "vel_body_x_mps": 0.003200712418342709,
    "vel_body_y_mps": 0.0028329775962974866,
    "roll_rad": 5.334414105809503e-05,
    "pitch_rad": 4.020583770983401e-05,
    "roll_rate_radps": 0.004790850083348638,
    "ang_vel_body_y_radps": 0.0032221190109720365,
    "yaw_rate_radps": 0.0025185996359415896,
    "tire_fl_force_wheel_fz_n": 723.9868210325438,
    "tire_fr_force_wheel_fz_n": 719.749473136028,
    "tire_rl_force_wheel_fz_n": 962.150381495184,
    "tire_rr_force_wheel_fz_n": 1006.3688127770664,
    "tire_fl_spindle_omega_radps": 0.14759883982965002,
    "tire_fr_spindle_omega_radps": 0.14880845949728322,
    "tire_rl_spindle_omega_radps": 0.16797034813614162,
    "tire_rr_spindle_omega_radps": 0.1667590095321528
  },
  "val_mixed_loss": 0.0523657132950666,
  "rollout_flat_5.0s": {
    "xy_rmse_m": 1.0883708311420006,
    "yaw_rmse_rad": 0.06629978878161352,
    "errdist": 0.24664723310508188,
    "mean_dist_m": 4.4126618305842085,
    "episodes": 12
  },
  "rollout_flat_10.0s": {
    "xy_rmse_m": 7.482478314712528,
    "yaw_rmse_rad": 0.4088877133310353,
    "errdist": 0.26029881739568494,
    "mean_dist_m": 28.745725353558857,
    "episodes": 12
  },
  "rollout_crm_5.0s": {
    "xy_rmse_m": 0.2983992376648452,
    "yaw_rmse_rad": 0.018085147862399002,
    "errdist": 0.06492514730816233,
    "mean_dist_m": 4.596050221472979,
    "episodes": 12
  },
  "rollout_crm_10.0s": {
    "xy_rmse_m": 1.5905282901125513,
    "yaw_rmse_rad": 0.12980355495204088,
    "errdist": 0.074059516017189,
    "mean_dist_m": 21.476352745046217,
    "episodes": 12
  },
  "rollout_sel": 0.16717916670643698
}
{
  "epoch": 47,
  "timestamp_utc": "2026-07-10T07:57:59.398069+00:00",
  "train_loss": 0.0297619597716257,
  "val_loss": 0.0032087486300224556,
  "val_rmse": {
    "vel_body_x_mps": 0.0008362288218980617,
    "vel_body_y_mps": 0.0007238473999574593,
    "roll_rad": 1.8166098920337987e-05,
    "pitch_rad": 9.412494676179778e-06,
    "roll_rate_radps": 0.0014643691032670326,
    "ang_vel_body_y_radps": 0.0007341467039613729,
    "yaw_rate_radps": 0.001370803588864231,
    "tire_fl_force_wheel_fz_n": 42.18601856388504,
    "tire_fr_force_wheel_fz_n": 40.40781449312433,
    "tire_rl_force_wheel_fz_n": 24.18513324592404,
    "tire_rr_force_wheel_fz_n": 22.41715244761892,
    "tire_fl_spindle_omega_radps": 0.05687535450391803,
    "tire_fr_spindle_omega_radps": 0.05551887970213219,
    "tire_rl_spindle_omega_radps": 0.05653545169080189,
    "tire_rr_spindle_omega_radps": 0.04910756157678165
  },
  "val_flat_loss": 0.0032087486300224556,
  "val_flat_rmse": {
    "vel_body_x_mps": 0.0008362288218980617,
    "vel_body_y_mps": 0.0007238473999574593,
    "roll_rad": 1.8166098920337987e-05,
    "pitch_rad": 9.412494676179778e-06,
    "roll_rate_radps": 0.0014643691032670326,
    "ang_vel_body_y_radps": 0.0007341467039613729,
    "yaw_rate_radps": 0.001370803588864231,
    "tire_fl_force_wheel_fz_n": 42.18601856388504,
    "tire_fr_force_wheel_fz_n": 40.40781449312433,
    "tire_rl_force_wheel_fz_n": 24.18513324592404,
    "tire_rr_force_wheel_fz_n": 22.41715244761892,
    "tire_fl_spindle_omega_radps": 0.05687535450391803,
    "tire_fr_spindle_omega_radps": 0.05551887970213219,
    "tire_rl_spindle_omega_radps": 0.05653545169080189,
    "tire_rr_spindle_omega_radps": 0.04910756157678165
  },
  "val_crm_loss": 0.1011191259874613,
  "val_crm_rmse": {
    "vel_body_x_mps": 0.0032769761709742443,
    "vel_body_y_mps": 0.0028199093261750277,
    "roll_rad": 5.4830903378116015e-05,
    "pitch_rad": 3.5371793968707035e-05,
    "roll_rate_radps": 0.004772613830978425,
    "ang_vel_body_y_radps": 0.0030454306032887046,
    "yaw_rate_radps": 0.002487046756824864,
    "tire_fl_force_wheel_fz_n": 725.6000913701952,
    "tire_fr_force_wheel_fz_n": 740.5030166026714,
    "tire_rl_force_wheel_fz_n": 948.4509658852801,
    "tire_rr_force_wheel_fz_n": 1003.9498948911875,
    "tire_fl_spindle_omega_radps": 0.1502472979956974,
    "tire_fr_spindle_omega_radps": 0.15047305930745167,
    "tire_rl_spindle_omega_radps": 0.16599956068889,
    "tire_rr_spindle_omega_radps": 0.16724305789635813
  },
  "val_mixed_loss": 0.05216393730874188,
  "rollout_flat_5.0s": {
    "xy_rmse_m": 0.42058365386704777,
    "yaw_rmse_rad": 0.031484905401933605,
    "errdist": 0.0953129131609356,
    "mean_dist_m": 4.4126618305842085,
    "episodes": 12
  },
  "rollout_flat_10.0s": {
    "xy_rmse_m": 2.4970073513686137,
    "yaw_rmse_rad": 0.11587291570719652,
    "errdist": 0.08686534504371003,
    "mean_dist_m": 28.745725353558857,
    "episodes": 12
  },
  "rollout_crm_5.0s": {
    "xy_rmse_m": 1.0908349640811963,
    "yaw_rmse_rad": 0.06610157542274973,
    "errdist": 0.2373418286390258,
    "mean_dist_m": 4.596050221472979,
    "episodes": 12
  },
  "rollout_crm_10.0s": {
    "xy_rmse_m": 2.6972284940078564,
    "yaw_rmse_rad": 0.19075566014224415,
    "errdist": 0.12559062174232563,
    "mean_dist_m": 21.476352745046217,
    "episodes": 12
  },
  "rollout_sel": 0.10622798339301784
}
{
  "epoch": 48,
  "timestamp_utc": "2026-07-10T07:58:32.833780+00:00",
  "train_loss": 0.02947681449027732,
  "val_loss": 0.0033734483448643006,
  "val_rmse": {
    "vel_body_x_mps": 0.0008568900763907564,
    "vel_body_y_mps": 0.0007412309469428686,
    "roll_rad": 1.787569336867794e-05,
    "pitch_rad": 1.174303345357021e-05,
    "roll_rate_radps": 0.0014670534148781718,
    "ang_vel_body_y_radps": 0.0007554889283280733,
    "yaw_rate_radps": 0.001398240225754009,
    "tire_fl_force_wheel_fz_n": 41.97264451591147,
    "tire_fr_force_wheel_fz_n": 41.34157402938361,
    "tire_rl_force_wheel_fz_n": 24.080233283105,
    "tire_rr_force_wheel_fz_n": 22.297346025609563,
    "tire_fl_spindle_omega_radps": 0.05752583702695164,
    "tire_fr_spindle_omega_radps": 0.059798423826338876,
    "tire_rl_spindle_omega_radps": 0.06098217357269814,
    "tire_rr_spindle_omega_radps": 0.04957663669696677
  },
  "val_flat_loss": 0.0033734483448643006,
  "val_flat_rmse": {
    "vel_body_x_mps": 0.0008568900763907564,
    "vel_body_y_mps": 0.0007412309469428686,
    "roll_rad": 1.787569336867794e-05,
    "pitch_rad": 1.174303345357021e-05,
    "roll_rate_radps": 0.0014670534148781718,
    "ang_vel_body_y_radps": 0.0007554889283280733,
    "yaw_rate_radps": 0.001398240225754009,
    "tire_fl_force_wheel_fz_n": 41.97264451591147,
    "tire_fr_force_wheel_fz_n": 41.34157402938361,
    "tire_rl_force_wheel_fz_n": 24.080233283105,
    "tire_rr_force_wheel_fz_n": 22.297346025609563,
    "tire_fl_spindle_omega_radps": 0.05752583702695164,
    "tire_fr_spindle_omega_radps": 0.059798423826338876,
    "tire_rl_spindle_omega_radps": 0.06098217357269814,
    "tire_rr_spindle_omega_radps": 0.04957663669696677
  },
  "val_crm_loss": 0.10033328226301819,
  "val_crm_rmse": {
    "vel_body_x_mps": 0.0031590719932049777,
    "vel_body_y_mps": 0.0027937193400157513,
    "roll_rad": 5.371348708432687e-05,
    "pitch_rad": 3.666575075968129e-05,
    "roll_rate_radps": 0.0046057602775181365,
    "ang_vel_body_y_radps": 0.00307536212265761,
    "yaw_rate_radps": 0.0025075886219671196,
    "tire_fl_force_wheel_fz_n": 714.9901622192522,
    "tire_fr_force_wheel_fz_n": 709.3877817853146,
    "tire_rl_force_wheel_fz_n": 959.2501430923559,
    "tire_rr_force_wheel_fz_n": 1008.1300455625103,
    "tire_fl_spindle_omega_radps": 0.1488389100789815,
    "tire_fr_spindle_omega_radps": 0.14697479226469715,
    "tire_rl_spindle_omega_radps": 0.16779552951212162,
    "tire_rr_spindle_omega_radps": 0.16787034128545383
  },
  "val_mixed_loss": 0.051853365303941246,
  "rollout_flat_5.0s": {
    "xy_rmse_m": 0.9813278891392532,
    "yaw_rmse_rad": 0.11180826046964439,
    "errdist": 0.22238909910060603,
    "mean_dist_m": 4.4126618305842085,
    "episodes": 12
  },
  "rollout_flat_10.0s": {
    "xy_rmse_m": 8.650700992705842,
    "yaw_rmse_rad": 0.5799655172905838,
    "errdist": 0.3009386921466166,
    "mean_dist_m": 28.745725353558857,
    "episodes": 12
  },
  "rollout_crm_5.0s": {
    "xy_rmse_m": 0.9397364978894323,
    "yaw_rmse_rad": 0.0792537042396903,
    "errdist": 0.2044661073325387,
    "mean_dist_m": 4.596050221472979,
    "episodes": 12
  },
  "rollout_crm_10.0s": {
    "xy_rmse_m": 4.028681540306503,
    "yaw_rmse_rad": 0.17662337563263392,
    "errdist": 0.18758685835218308,
    "mean_dist_m": 21.476352745046217,
    "episodes": 12
  },
  "rollout_sel": 0.24426277524939985
}
{
  "epoch": 49,
  "timestamp_utc": "2026-07-10T07:59:06.278820+00:00",
  "train_loss": 0.029240391186904163,
  "val_loss": 0.003353425839795818,
  "val_rmse": {
    "vel_body_x_mps": 0.0008851096540687999,
    "vel_body_y_mps": 0.0007147309263685769,
    "roll_rad": 1.5841585160845326e-05,
    "pitch_rad": 8.331437729891793e-06,
    "roll_rate_radps": 0.0014299301375694032,
    "ang_vel_body_y_radps": 0.0007345514286969209,
    "yaw_rate_radps": 0.0013767757045940274,
    "tire_fl_force_wheel_fz_n": 40.776376813965754,
    "tire_fr_force_wheel_fz_n": 40.718575333801056,
    "tire_rl_force_wheel_fz_n": 23.69528506022398,
    "tire_rr_force_wheel_fz_n": 22.11656836189849,
    "tire_fl_spindle_omega_radps": 0.05709048351281761,
    "tire_fr_spindle_omega_radps": 0.056739174086138225,
    "tire_rl_spindle_omega_radps": 0.057525821393616235,
    "tire_rr_spindle_omega_radps": 0.051213582531726407
  },
  "val_flat_loss": 0.003353425839795818,
  "val_flat_rmse": {
    "vel_body_x_mps": 0.0008851096540687999,
    "vel_body_y_mps": 0.0007147309263685769,
    "roll_rad": 1.5841585160845326e-05,
    "pitch_rad": 8.331437729891793e-06,
    "roll_rate_radps": 0.0014299301375694032,
    "ang_vel_body_y_radps": 0.0007345514286969209,
    "yaw_rate_radps": 0.0013767757045940274,
    "tire_fl_force_wheel_fz_n": 40.776376813965754,
    "tire_fr_force_wheel_fz_n": 40.718575333801056,
    "tire_rl_force_wheel_fz_n": 23.69528506022398,
    "tire_rr_force_wheel_fz_n": 22.11656836189849,
    "tire_fl_spindle_omega_radps": 0.05709048351281761,
    "tire_fr_spindle_omega_radps": 0.056739174086138225,
    "tire_rl_spindle_omega_radps": 0.057525821393616235,
    "tire_rr_spindle_omega_radps": 0.051213582531726407
  },
  "val_crm_loss": 0.09992537133715813,
  "val_crm_rmse": {
    "vel_body_x_mps": 0.0031960202652254327,
    "vel_body_y_mps": 0.0028340507154802435,
    "roll_rad": 5.35600294862591e-05,
    "pitch_rad": 3.88885558795943e-05,
    "roll_rate_radps": 0.004717099802660688,
    "ang_vel_body_y_radps": 0.003030961084324535,
    "yaw_rate_radps": 0.002494835807708749,
    "tire_fl_force_wheel_fz_n": 710.7484259825139,
    "tire_fr_force_wheel_fz_n": 713.5176545166103,
    "tire_rl_force_wheel_fz_n": 950.4254149407171,
    "tire_rr_force_wheel_fz_n": 1012.0542453596729,
    "tire_fl_spindle_omega_radps": 0.14639026351998796,
    "tire_fr_spindle_omega_radps": 0.14781220932994657,
    "tire_rl_spindle_omega_radps": 0.166729933485312,
    "tire_rr_spindle_omega_radps": 0.166645272072455
  },
  "val_mixed_loss": 0.05163939858847698,
  "rollout_flat_5.0s": {
    "xy_rmse_m": 1.5038548861629129,
    "yaw_rmse_rad": 0.11917426901154445,
    "errdist": 0.34080447219854415,
    "mean_dist_m": 4.4126618305842085,
    "episodes": 12
  },
  "rollout_flat_10.0s": {
    "xy_rmse_m": 8.458230166653266,
    "yaw_rmse_rad": 0.4408295034189318,
    "errdist": 0.2942430591895326,
    "mean_dist_m": 28.745725353558857,
    "episodes": 12
  },
  "rollout_crm_5.0s": {
    "xy_rmse_m": 0.5944047897794501,
    "yaw_rmse_rad": 0.04033573130583779,
    "errdist": 0.12932948099704414,
    "mean_dist_m": 4.596050221472979,
    "episodes": 12
  },
  "rollout_crm_10.0s": {
    "xy_rmse_m": 2.028001436055883,
    "yaw_rmse_rad": 0.1297630674357799,
    "errdist": 0.09442950859166095,
    "mean_dist_m": 21.476352745046217,
    "episodes": 12
  },
  "rollout_sel": 0.19433628389059676
}
{
  "epoch": 50,
  "timestamp_utc": "2026-07-10T07:59:39.656154+00:00",
  "train_loss": 0.0291779310265556,
  "val_loss": 0.003275900757398631,
  "val_rmse": {
    "vel_body_x_mps": 0.0008237260818486531,
    "vel_body_y_mps": 0.0007421503299692117,
    "roll_rad": 1.717372653319418e-05,
    "pitch_rad": 1.1032640582794471e-05,
    "roll_rate_radps": 0.0014764807374561316,
    "ang_vel_body_y_radps": 0.0007556964628637976,
    "yaw_rate_radps": 0.0013917509636791508,
    "tire_fl_force_wheel_fz_n": 40.817054452172925,
    "tire_fr_force_wheel_fz_n": 40.710900956428276,
    "tire_rl_force_wheel_fz_n": 24.342431452916056,
    "tire_rr_force_wheel_fz_n": 22.288320859382935,
    "tire_fl_spindle_omega_radps": 0.05674066917404337,
    "tire_fr_spindle_omega_radps": 0.05913132902207478,
    "tire_rl_spindle_omega_radps": 0.060354315619761754,
    "tire_rr_spindle_omega_radps": 0.04946478117856909
  },
  "val_flat_loss": 0.003275900757398631,
  "val_flat_rmse": {
    "vel_body_x_mps": 0.0008237260818486531,
    "vel_body_y_mps": 0.0007421503299692117,
    "roll_rad": 1.717372653319418e-05,
    "pitch_rad": 1.1032640582794471e-05,
    "roll_rate_radps": 0.0014764807374561316,
    "ang_vel_body_y_radps": 0.0007556964628637976,
    "yaw_rate_radps": 0.0013917509636791508,
    "tire_fl_force_wheel_fz_n": 40.817054452172925,
    "tire_fr_force_wheel_fz_n": 40.710900956428276,
    "tire_rl_force_wheel_fz_n": 24.342431452916056,
    "tire_rr_force_wheel_fz_n": 22.288320859382935,
    "tire_fl_spindle_omega_radps": 0.05674066917404337,
    "tire_fr_spindle_omega_radps": 0.05913132902207478,
    "tire_rl_spindle_omega_radps": 0.060354315619761754,
    "tire_rr_spindle_omega_radps": 0.04946478117856909
  },
  "val_crm_loss": 0.09901298184297047,
  "val_crm_rmse": {
    "vel_body_x_mps": 0.0031598818240202342,
    "vel_body_y_mps": 0.0027603240161619474,
    "roll_rad": 5.252820203219379e-05,
    "pitch_rad": 3.5983673993114355e-05,
    "roll_rate_radps": 0.004569852927412862,
    "ang_vel_body_y_radps": 0.003039337215648389,
    "yaw_rate_radps": 0.0024778279124793422,
    "tire_fl_force_wheel_fz_n": 704.0164611417788,
    "tire_fr_force_wheel_fz_n": 704.3614333599843,
    "tire_rl_force_wheel_fz_n": 948.4590930794628,
    "tire_rr_force_wheel_fz_n": 1003.2837465735258,
    "tire_fl_spindle_omega_radps": 0.1469792559632451,
    "tire_fr_spindle_omega_radps": 0.1490418593824712,
    "tire_rl_spindle_omega_radps": 0.16638229612090824,
    "tire_rr_spindle_omega_radps": 0.16621043763927082
  },
  "val_mixed_loss": 0.05114444130018455,
  "rollout_flat_5.0s": {
    "xy_rmse_m": 1.4931077116301623,
    "yaw_rmse_rad": 0.06795645505774867,
    "errdist": 0.3383689412321189,
    "mean_dist_m": 4.4126618305842085,
    "episodes": 12
  },
  "rollout_flat_10.0s": {
    "xy_rmse_m": 4.525340784774457,
    "yaw_rmse_rad": 0.161663941019553,
    "errdist": 0.15742656444096995,
    "mean_dist_m": 28.745725353558857,
    "episodes": 12
  },
  "rollout_crm_5.0s": {
    "xy_rmse_m": 0.863014016793097,
    "yaw_rmse_rad": 0.03578376482116049,
    "errdist": 0.18777297357654013,
    "mean_dist_m": 4.596050221472979,
    "episodes": 12
  },
  "rollout_crm_10.0s": {
    "xy_rmse_m": 2.5113145193163677,
    "yaw_rmse_rad": 0.1509399028222199,
    "errdist": 0.1169339388828782,
    "mean_dist_m": 21.476352745046217,
    "episodes": 12
  },
  "rollout_sel": 0.13718025166192407
}
{
  "epoch": 51,
  "timestamp_utc": "2026-07-10T08:00:13.221788+00:00",
  "train_loss": 0.028962315967306494,
  "val_loss": 0.0032129542663551546,
  "val_rmse": {
    "vel_body_x_mps": 0.0008519357292581808,
    "vel_body_y_mps": 0.0007258770937216256,
    "roll_rad": 1.840106175984931e-05,
    "pitch_rad": 8.867857052023916e-06,
    "roll_rate_radps": 0.0014204634897211415,
    "ang_vel_body_y_radps": 0.000732981730452618,
    "yaw_rate_radps": 0.001390052782703897,
    "tire_fl_force_wheel_fz_n": 40.3770154714502,
    "tire_fr_force_wheel_fz_n": 39.855387531105414,
    "tire_rl_force_wheel_fz_n": 23.383331513002595,
    "tire_rr_force_wheel_fz_n": 22.6007208293553,
    "tire_fl_spindle_omega_radps": 0.05617636993507037,
    "tire_fr_spindle_omega_radps": 0.05599549201699703,
    "tire_rl_spindle_omega_radps": 0.05501045646364221,
    "tire_rr_spindle_omega_radps": 0.048917717048399006
  },
  "val_flat_loss": 0.0032129542663551546,
  "val_flat_rmse": {
    "vel_body_x_mps": 0.0008519357292581808,
    "vel_body_y_mps": 0.0007258770937216256,
    "roll_rad": 1.840106175984931e-05,
    "pitch_rad": 8.867857052023916e-06,
    "roll_rate_radps": 0.0014204634897211415,
    "ang_vel_body_y_radps": 0.000732981730452618,
    "yaw_rate_radps": 0.001390052782703897,
    "tire_fl_force_wheel_fz_n": 40.3770154714502,
    "tire_fr_force_wheel_fz_n": 39.855387531105414,
    "tire_rl_force_wheel_fz_n": 23.383331513002595,
    "tire_rr_force_wheel_fz_n": 22.6007208293553,
    "tire_fl_spindle_omega_radps": 0.05617636993507037,
    "tire_fr_spindle_omega_radps": 0.05599549201699703,
    "tire_rl_spindle_omega_radps": 0.05501045646364221,
    "tire_rr_spindle_omega_radps": 0.048917717048399006
  },
  "val_crm_loss": 0.09867172272934113,
  "val_crm_rmse": {
    "vel_body_x_mps": 0.0031282893881835593,
    "vel_body_y_mps": 0.0027827374607921475,
    "roll_rad": 5.271937456061265e-05,
    "pitch_rad": 3.9903416537811066e-05,
    "roll_rate_radps": 0.004618815730544077,
    "ang_vel_body_y_radps": 0.003066225581834671,
    "yaw_rate_radps": 0.0024950645346164288,
    "tire_fl_force_wheel_fz_n": 688.0696817489771,
    "tire_fr_force_wheel_fz_n": 695.3482492275776,
    "tire_rl_force_wheel_fz_n": 950.5656076178994,
    "tire_rr_force_wheel_fz_n": 1005.440047343846,
    "tire_fl_spindle_omega_radps": 0.14566160724031738,
    "tire_fr_spindle_omega_radps": 0.1477302890619461,
    "tire_rl_spindle_omega_radps": 0.16495608858914454,
    "tire_rr_spindle_omega_radps": 0.16671569320441473
  },
  "val_mixed_loss": 0.05094233849784814,
  "rollout_flat_5.0s": {
    "xy_rmse_m": 0.44493797695103804,
    "yaw_rmse_rad": 0.05013772487281006,
    "errdist": 0.10083210407540591,
    "mean_dist_m": 4.4126618305842085,
    "episodes": 12
  },
  "rollout_flat_10.0s": {
    "xy_rmse_m": 4.337717226362333,
    "yaw_rmse_rad": 0.1537072935565126,
    "errdist": 0.15089955716929937,
    "mean_dist_m": 28.745725353558857,
    "episodes": 12
  },
  "rollout_crm_5.0s": {
    "xy_rmse_m": 1.053497407986965,
    "yaw_rmse_rad": 0.04085758465150442,
    "errdist": 0.2292179931074234,
    "mean_dist_m": 4.596050221472979,
    "episodes": 12
  },
  "rollout_crm_10.0s": {
    "xy_rmse_m": 3.8034220936944054,
    "yaw_rmse_rad": 0.16552153390536484,
    "errdist": 0.17709813853619588,
    "mean_dist_m": 21.476352745046217,
    "episodes": 12
  },
  "rollout_sel": 0.16399884785274763
}
{
  "epoch": 52,
  "timestamp_utc": "2026-07-10T08:00:46.743976+00:00",
  "train_loss": 0.02874568885564804,
  "val_loss": 0.0030103768152184786,
  "val_rmse": {
    "vel_body_x_mps": 0.0008109918850431057,
    "vel_body_y_mps": 0.0006916148311474441,
    "roll_rad": 1.765529210216027e-05,
    "pitch_rad": 8.654131316655822e-06,
    "roll_rate_radps": 0.0014345229470423464,
    "ang_vel_body_y_radps": 0.0007344166687754032,
    "yaw_rate_radps": 0.0013474522681657386,
    "tire_fl_force_wheel_fz_n": 40.78687599258937,
    "tire_fr_force_wheel_fz_n": 40.607255905008145,
    "tire_rl_force_wheel_fz_n": 23.44155961169431,
    "tire_rr_force_wheel_fz_n": 22.01802903564265,
    "tire_fl_spindle_omega_radps": 0.05501267861782104,
    "tire_fr_spindle_omega_radps": 0.05598174921197904,
    "tire_rl_spindle_omega_radps": 0.05466509516678089,
    "tire_rr_spindle_omega_radps": 0.04839428686591555
  },
  "val_flat_loss": 0.0030103768152184786,
  "val_flat_rmse": {
    "vel_body_x_mps": 0.0008109918850431057,
    "vel_body_y_mps": 0.0006916148311474441,
    "roll_rad": 1.765529210216027e-05,
    "pitch_rad": 8.654131316655822e-06,
    "roll_rate_radps": 0.0014345229470423464,
    "ang_vel_body_y_radps": 0.0007344166687754032,
    "yaw_rate_radps": 0.0013474522681657386,
    "tire_fl_force_wheel_fz_n": 40.78687599258937,
    "tire_fr_force_wheel_fz_n": 40.607255905008145,
    "tire_rl_force_wheel_fz_n": 23.44155961169431,
    "tire_rr_force_wheel_fz_n": 22.01802903564265,
    "tire_fl_spindle_omega_radps": 0.05501267861782104,
    "tire_fr_spindle_omega_radps": 0.05598174921197904,
    "tire_rl_spindle_omega_radps": 0.05466509516678089,
    "tire_rr_spindle_omega_radps": 0.04839428686591555
  },
  "val_crm_loss": 0.09865830030787037,
  "val_crm_rmse": {
    "vel_body_x_mps": 0.0031299574843885705,
    "vel_body_y_mps": 0.002750961910034489,
    "roll_rad": 4.8051698604705285e-05,
    "pitch_rad": 3.450605089234356e-05,
    "roll_rate_radps": 0.004573159950262096,
    "ang_vel_body_y_radps": 0.00305704437882133,
    "yaw_rate_radps": 0.002484249759735403,
    "tire_fl_force_wheel_fz_n": 697.9085099490314,
    "tire_fr_force_wheel_fz_n": 694.8014136713434,
    "tire_rl_force_wheel_fz_n": 955.1956428230371,
    "tire_rr_force_wheel_fz_n": 1005.0244511727758,
    "tire_fl_spindle_omega_radps": 0.1468100678892204,
    "tire_fr_spindle_omega_radps": 0.14574013110035566,
    "tire_rl_spindle_omega_radps": 0.1660605569861343,
    "tire_rr_spindle_omega_radps": 0.16506111032373647
  },
  "val_mixed_loss": 0.05083433856154443,
  "rollout_flat_5.0s": {
    "xy_rmse_m": 1.8765051982430538,
    "yaw_rmse_rad": 0.07320471572233285,
    "errdist": 0.42525470346197286,
    "mean_dist_m": 4.4126618305842085,
    "episodes": 12
  },
  "rollout_flat_10.0s": {
    "xy_rmse_m": 6.4766962315304575,
    "yaw_rmse_rad": 0.15092419593338408,
    "errdist": 0.22530989049224362,
    "mean_dist_m": 28.745725353558857,
    "episodes": 12
  },
  "rollout_crm_5.0s": {
    "xy_rmse_m": 0.6047766541069677,
    "yaw_rmse_rad": 0.044789337792585475,
    "errdist": 0.13158617181366308,
    "mean_dist_m": 4.596050221472979,
    "episodes": 12
  },
  "rollout_crm_10.0s": {
    "xy_rmse_m": 2.0148326135973256,
    "yaw_rmse_rad": 0.09320652722365416,
    "errdist": 0.09381633080421774,
    "mean_dist_m": 21.476352745046217,
    "episodes": 12
  },
  "rollout_sel": 0.15956311064823067
}
{
  "epoch": 53,
  "timestamp_utc": "2026-07-10T08:01:20.319719+00:00",
  "train_loss": 0.028456398651469497,
  "val_loss": 0.0032289956971726496,
  "val_rmse": {
    "vel_body_x_mps": 0.0008302337948894031,
    "vel_body_y_mps": 0.0006720638261454043,
    "roll_rad": 1.7594905944726587e-05,
    "pitch_rad": 9.655234314594127e-06,
    "roll_rate_radps": 0.001423126519020831,
    "ang_vel_body_y_radps": 0.0007878413648206179,
    "yaw_rate_radps": 0.0013515516078641983,
    "tire_fl_force_wheel_fz_n": 40.889400638825165,
    "tire_fr_force_wheel_fz_n": 42.056232367353275,
    "tire_rl_force_wheel_fz_n": 24.191395007426074,
    "tire_rr_force_wheel_fz_n": 22.300909457350194,
    "tire_fl_spindle_omega_radps": 0.05870188550123139,
    "tire_fr_spindle_omega_radps": 0.05943813424188189,
    "tire_rl_spindle_omega_radps": 0.05776344487206675,
    "tire_rr_spindle_omega_radps": 0.05109175968199405
  },
  "val_flat_loss": 0.0032289956971726496,
  "val_flat_rmse": {
    "vel_body_x_mps": 0.0008302337948894031,
    "vel_body_y_mps": 0.0006720638261454043,
    "roll_rad": 1.7594905944726587e-05,
    "pitch_rad": 9.655234314594127e-06,
    "roll_rate_radps": 0.001423126519020831,
    "ang_vel_body_y_radps": 0.0007878413648206179,
    "yaw_rate_radps": 0.0013515516078641983,
    "tire_fl_force_wheel_fz_n": 40.889400638825165,
    "tire_fr_force_wheel_fz_n": 42.056232367353275,
    "tire_rl_force_wheel_fz_n": 24.191395007426074,
    "tire_rr_force_wheel_fz_n": 22.300909457350194,
    "tire_fl_spindle_omega_radps": 0.05870188550123139,
    "tire_fr_spindle_omega_radps": 0.05943813424188189,
    "tire_rl_spindle_omega_radps": 0.05776344487206675,
    "tire_rr_spindle_omega_radps": 0.05109175968199405
  },
  "val_crm_loss": 0.09935146097384859,
  "val_crm_rmse": {
    "vel_body_x_mps": 0.0031410402951917767,
    "vel_body_y_mps": 0.00274092848533839,
    "roll_rad": 5.082716913705078e-05,
    "pitch_rad": 3.717421990250426e-05,
    "roll_rate_radps": 0.004602297255283234,
    "ang_vel_body_y_radps": 0.0029897253278610807,
    "yaw_rate_radps": 0.0024926198329366356,
    "tire_fl_force_wheel_fz_n": 703.1423220279487,
    "tire_fr_force_wheel_fz_n": 709.410241822313,
    "tire_rl_force_wheel_fz_n": 947.6425889614577,
    "tire_rr_force_wheel_fz_n": 1013.5295108991652,
    "tire_fl_spindle_omega_radps": 0.14790955742521558,
    "tire_fr_spindle_omega_radps": 0.1467700137953352,
    "tire_rl_spindle_omega_radps": 0.16713619103197302,
    "tire_rr_spindle_omega_radps": 0.168413680805867
  },
  "val_mixed_loss": 0.05129022833551062,
  "rollout_flat_5.0s": {
    "xy_rmse_m": 1.109577856868036,
    "yaw_rmse_rad": 0.07245788905833751,
    "errdist": 0.2514531816550136,
    "mean_dist_m": 4.4126618305842085,
    "episodes": 12
  },
  "rollout_flat_10.0s": {
    "xy_rmse_m": 5.895094532466145,
    "yaw_rmse_rad": 0.31174665843984767,
    "errdist": 0.2050772579212827,
    "mean_dist_m": 28.745725353558857,
    "episodes": 12
  },
  "rollout_crm_5.0s": {
    "xy_rmse_m": 0.399903522817312,
    "yaw_rmse_rad": 0.033978694568007964,
    "errdist": 0.08701025958092072,
    "mean_dist_m": 4.596050221472979,
    "episodes": 12
  },
  "rollout_crm_10.0s": {
    "xy_rmse_m": 1.2854996493781834,
    "yaw_rmse_rad": 0.053290930769996504,
    "errdist": 0.0598565158916334,
    "mean_dist_m": 21.476352745046217,
    "episodes": 12
  },
  "rollout_sel": 0.13246688690645805
}
{
  "epoch": 54,
  "timestamp_utc": "2026-07-10T08:01:53.901254+00:00",
  "train_loss": 0.028304141230881215,
  "val_loss": 0.003283124262197816,
  "val_rmse": {
    "vel_body_x_mps": 0.0008827336553503985,
    "vel_body_y_mps": 0.0006541071570964603,
    "roll_rad": 1.5595624492690692e-05,
    "pitch_rad": 8.378442067727424e-06,
    "roll_rate_radps": 0.001447037606699658,
    "ang_vel_body_y_radps": 0.0007756934226658533,
    "yaw_rate_radps": 0.001353470794152429,
    "tire_fl_force_wheel_fz_n": 42.79541903004839,
    "tire_fr_force_wheel_fz_n": 40.971465609858036,
    "tire_rl_force_wheel_fz_n": 24.28089102785323,
    "tire_rr_force_wheel_fz_n": 22.336073772685857,
    "tire_fl_spindle_omega_radps": 0.057224798394287985,
    "tire_fr_spindle_omega_radps": 0.06357722848917768,
    "tire_rl_spindle_omega_radps": 0.059762700732635905,
    "tire_rr_spindle_omega_radps": 0.048801481286114556
  },
  "val_flat_loss": 0.003283124262197816,
  "val_flat_rmse": {
    "vel_body_x_mps": 0.0008827336553503985,
    "vel_body_y_mps": 0.0006541071570964603,
    "roll_rad": 1.5595624492690692e-05,
    "pitch_rad": 8.378442067727424e-06,
    "roll_rate_radps": 0.001447037606699658,
    "ang_vel_body_y_radps": 0.0007756934226658533,
    "yaw_rate_radps": 0.001353470794152429,
    "tire_fl_force_wheel_fz_n": 42.79541903004839,
    "tire_fr_force_wheel_fz_n": 40.971465609858036,
    "tire_rl_force_wheel_fz_n": 24.28089102785323,
    "tire_rr_force_wheel_fz_n": 22.336073772685857,
    "tire_fl_spindle_omega_radps": 0.057224798394287985,
    "tire_fr_spindle_omega_radps": 0.06357722848917768,
    "tire_rl_spindle_omega_radps": 0.059762700732635905,
    "tire_rr_spindle_omega_radps": 0.048801481286114556
  },
  "val_crm_loss": 0.09795626447623362,
  "val_crm_rmse": {
    "vel_body_x_mps": 0.0031348106301186517,
    "vel_body_y_mps": 0.002745043657088025,
    "roll_rad": 4.817174843375739e-05,
    "pitch_rad": 3.235603644415505e-05,
    "roll_rate_radps": 0.004543229768285095,
    "ang_vel_body_y_radps": 0.0029919510497166293,
    "yaw_rate_radps": 0.0024547918245830555,
    "tire_fl_force_wheel_fz_n": 701.7558584033815,
    "tire_fr_force_wheel_fz_n": 694.6666459675283,
    "tire_rl_force_wheel_fz_n": 949.065413193046,
    "tire_rr_force_wheel_fz_n": 1007.8934419763968,
    "tire_fl_spindle_omega_radps": 0.1464049339123909,
    "tire_fr_spindle_omega_radps": 0.14505536989236192,
    "tire_rl_spindle_omega_radps": 0.16455394332917916,
    "tire_rr_spindle_omega_radps": 0.1665054036464255
  },
  "val_mixed_loss": 0.05061969436921572,
  "rollout_flat_5.0s": {
    "xy_rmse_m": 0.8425470090404653,
    "yaw_rmse_rad": 0.07311796051224358,
    "errdist": 0.19093849503734064,
    "mean_dist_m": 4.4126618305842085,
    "episodes": 12
  },
  "rollout_flat_10.0s": {
    "xy_rmse_m": 7.5044179031815945,
    "yaw_rmse_rad": 0.34416971578047856,
    "errdist": 0.2610620469958853,
    "mean_dist_m": 28.745725353558857,
    "episodes": 12
  },
  "rollout_crm_5.0s": {
    "xy_rmse_m": 0.3818460213060597,
    "yaw_rmse_rad": 0.017634955783999887,
    "errdist": 0.08308134221903317,
    "mean_dist_m": 4.596050221472979,
    "episodes": 12
  },
  "rollout_crm_10.0s": {
    "xy_rmse_m": 1.9027827736385998,
    "yaw_rmse_rad": 0.0855761096229604,
    "errdist": 0.08859897191237465,
    "mean_dist_m": 21.476352745046217,
    "episodes": 12
  },
  "rollout_sel": 0.17483050945412998
}
{
  "epoch": 55,
  "timestamp_utc": "2026-07-10T08:02:27.487959+00:00",
  "train_loss": 0.027985549860168248,
  "val_loss": 0.003121415080222505,
  "val_rmse": {
    "vel_body_x_mps": 0.0008981479266030252,
    "vel_body_y_mps": 0.000779271652880255,
    "roll_rad": 1.5903721078588648e-05,
    "pitch_rad": 7.666620359351532e-06,
    "roll_rate_radps": 0.0014411780644390285,
    "ang_vel_body_y_radps": 0.0007266796130782078,
    "yaw_rate_radps": 0.0013422494485970347,
    "tire_fl_force_wheel_fz_n": 39.67446417774217,
    "tire_fr_force_wheel_fz_n": 40.2310968747854,
    "tire_rl_force_wheel_fz_n": 23.82012427115834,
    "tire_rr_force_wheel_fz_n": 22.306391642819005,
    "tire_fl_spindle_omega_radps": 0.05450024672802645,
    "tire_fr_spindle_omega_radps": 0.05481557047098684,
    "tire_rl_spindle_omega_radps": 0.05432219829800967,
    "tire_rr_spindle_omega_radps": 0.04823946988205948
  },
  "val_flat_loss": 0.003121415080222505,
  "val_flat_rmse": {
    "vel_body_x_mps": 0.0008981479266030252,
    "vel_body_y_mps": 0.000779271652880255,
    "roll_rad": 1.5903721078588648e-05,
    "pitch_rad": 7.666620359351532e-06,
    "roll_rate_radps": 0.0014411780644390285,
    "ang_vel_body_y_radps": 0.0007266796130782078,
    "yaw_rate_radps": 0.0013422494485970347,
    "tire_fl_force_wheel_fz_n": 39.67446417774217,
    "tire_fr_force_wheel_fz_n": 40.2310968747854,
    "tire_rl_force_wheel_fz_n": 23.82012427115834,
    "tire_rr_force_wheel_fz_n": 22.306391642819005,
    "tire_fl_spindle_omega_radps": 0.05450024672802645,
    "tire_fr_spindle_omega_radps": 0.05481557047098684,
    "tire_rl_spindle_omega_radps": 0.05432219829800967,
    "tire_rr_spindle_omega_radps": 0.04823946988205948
  },
  "val_crm_loss": 0.09796124618093018,
  "val_crm_rmse": {
    "vel_body_x_mps": 0.0031752771014972444,
    "vel_body_y_mps": 0.002722026495947902,
    "roll_rad": 4.8549729342252776e-05,
    "pitch_rad": 3.543181760747721e-05,
    "roll_rate_radps": 0.004525724203160745,
    "ang_vel_body_y_radps": 0.0030299959487617516,
    "yaw_rate_radps": 0.0024709826559719808,
    "tire_fl_force_wheel_fz_n": 685.1273930238309,
    "tire_fr_force_wheel_fz_n": 695.8207698422751,
    "tire_rl_force_wheel_fz_n": 957.1760330451677,
    "tire_rr_force_wheel_fz_n": 994.1800029182415,
    "tire_fl_spindle_omega_radps": 0.146421584495695,
    "tire_fr_spindle_omega_radps": 0.1447572126641571,
    "tire_rl_spindle_omega_radps": 0.1654051057557478,
    "tire_rr_spindle_omega_radps": 0.16556813015607585
  },
  "val_mixed_loss": 0.050541330630576344,
  "rollout_flat_5.0s": {
    "xy_rmse_m": 0.653972736413513,
    "yaw_rmse_rad": 0.04529260081281163,
    "errdist": 0.14820368329175387,
    "mean_dist_m": 4.4126618305842085,
    "episodes": 12
  },
  "rollout_flat_10.0s": {
    "xy_rmse_m": 4.954386554241122,
    "yaw_rmse_rad": 0.19748568290814383,
    "errdist": 0.17235211473373885,
    "mean_dist_m": 28.745725353558857,
    "episodes": 12
  },
  "rollout_crm_5.0s": {
    "xy_rmse_m": 0.5048332389729864,
    "yaw_rmse_rad": 0.023568633291454092,
    "errdist": 0.10984067071642951,
    "mean_dist_m": 4.596050221472979,
    "episodes": 12
  },
  "rollout_crm_10.0s": {
    "xy_rmse_m": 1.6266737894175227,
    "yaw_rmse_rad": 0.11773187503890105,
    "errdist": 0.07574255315734349,
    "mean_dist_m": 21.476352745046217,
    "episodes": 12
  },
  "rollout_sel": 0.12404733394554117
}
{
  "epoch": 56,
  "timestamp_utc": "2026-07-10T08:03:00.810761+00:00",
  "train_loss": 0.02792164488462731,
  "val_loss": 0.0030602603378883943,
  "val_rmse": {
    "vel_body_x_mps": 0.0008385678468794066,
    "vel_body_y_mps": 0.0006734938945654726,
    "roll_rad": 1.6904436323017375e-05,
    "pitch_rad": 7.905347257423098e-06,
    "roll_rate_radps": 0.0014559410374973534,
    "ang_vel_body_y_radps": 0.000735833283499356,
    "yaw_rate_radps": 0.0013365432374382767,
    "tire_fl_force_wheel_fz_n": 39.40873551440108,
    "tire_fr_force_wheel_fz_n": 39.94650872590888,
    "tire_rl_force_wheel_fz_n": 24.35561206178939,
    "tire_rr_force_wheel_fz_n": 21.739448279738284,
    "tire_fl_spindle_omega_radps": 0.055878512091642435,
    "tire_fr_spindle_omega_radps": 0.05450426368589252,
    "tire_rl_spindle_omega_radps": 0.05442760152116601,
    "tire_rr_spindle_omega_radps": 0.04909190569325829
  },
  "val_flat_loss": 0.0030602603378883943,
  "val_flat_rmse": {
    "vel_body_x_mps": 0.0008385678468794066,
    "vel_body_y_mps": 0.0006734938945654726,
    "roll_rad": 1.6904436323017375e-05,
    "pitch_rad": 7.905347257423098e-06,
    "roll_rate_radps": 0.0014559410374973534,
    "ang_vel_body_y_radps": 0.000735833283499356,
    "yaw_rate_radps": 0.0013365432374382767,
    "tire_fl_force_wheel_fz_n": 39.40873551440108,
    "tire_fr_force_wheel_fz_n": 39.94650872590888,
    "tire_rl_force_wheel_fz_n": 24.35561206178939,
    "tire_rr_force_wheel_fz_n": 21.739448279738284,
    "tire_fl_spindle_omega_radps": 0.055878512091642435,
    "tire_fr_spindle_omega_radps": 0.05450426368589252,
    "tire_rl_spindle_omega_radps": 0.05442760152116601,
    "tire_rr_spindle_omega_radps": 0.04909190569325829
  },
  "val_crm_loss": 0.09781429535039933,
  "val_crm_rmse": {
    "vel_body_x_mps": 0.0031046515893684164,
    "vel_body_y_mps": 0.002713307484992488,
    "roll_rad": 4.788689094954671e-05,
    "pitch_rad": 3.396552526201737e-05,
    "roll_rate_radps": 0.004497663796615998,
    "ang_vel_body_y_radps": 0.0030024893820055736,
    "yaw_rate_radps": 0.0024716098767241634,
    "tire_fl_force_wheel_fz_n": 696.7365170068664,
    "tire_fr_force_wheel_fz_n": 694.5116264926716,
    "tire_rl_force_wheel_fz_n": 951.7970734232433,
    "tire_rr_force_wheel_fz_n": 998.6426024158615,
    "tire_fl_spindle_omega_radps": 0.1463981203856228,
    "tire_fr_spindle_omega_radps": 0.14484701693555654,
    "tire_rl_spindle_omega_radps": 0.16622145751765935,
    "tire_rr_spindle_omega_radps": 0.1653416070825784
  },
  "val_mixed_loss": 0.05043727784414386,
  "rollout_flat_5.0s": {
    "xy_rmse_m": 0.8078768263685077,
    "yaw_rmse_rad": 0.05411902176942618,
    "errdist": 0.18308151800101796,
    "mean_dist_m": 4.4126618305842085,
    "episodes": 12
  },
  "rollout_flat_10.0s": {
    "xy_rmse_m": 2.4907590848343593,
    "yaw_rmse_rad": 0.09774340938747242,
    "errdist": 0.08664798171551415,
    "mean_dist_m": 28.745725353558857,
    "episodes": 12
  },
  "rollout_crm_5.0s": {
    "xy_rmse_m": 1.0930706823924201,
    "yaw_rmse_rad": 0.07643231462849798,
    "errdist": 0.23782827204227203,
    "mean_dist_m": 4.596050221472979,
    "episodes": 12
  },
  "rollout_crm_10.0s": {
    "xy_rmse_m": 4.006284911925517,
    "yaw_rmse_rad": 0.3566464196716607,
    "errdist": 0.1865440077039904,
    "mean_dist_m": 21.476352745046217,
    "episodes": 12
  },
  "rollout_sel": 0.13659599470975228
}
{
  "epoch": 57,
  "timestamp_utc": "2026-07-10T08:03:34.286455+00:00",
  "train_loss": 0.02772449220949784,
  "val_loss": 0.0029266386335439166,
  "val_rmse": {
    "vel_body_x_mps": 0.000782098284002173,
    "vel_body_y_mps": 0.000711048927463251,
    "roll_rad": 1.946407474891067e-05,
    "pitch_rad": 1.0492294075168162e-05,
    "roll_rate_radps": 0.0014168715529524747,
    "ang_vel_body_y_radps": 0.000710385805233018,
    "yaw_rate_radps": 0.0013554536876746988,
    "tire_fl_force_wheel_fz_n": 40.005725854778326,
    "tire_fr_force_wheel_fz_n": 39.45386852375076,
    "tire_rl_force_wheel_fz_n": 23.43453896405771,
    "tire_rr_force_wheel_fz_n": 21.901564324806095,
    "tire_fl_spindle_omega_radps": 0.054070745270471544,
    "tire_fr_spindle_omega_radps": 0.05315791386230985,
    "tire_rl_spindle_omega_radps": 0.05245736053906364,
    "tire_rr_spindle_omega_radps": 0.04831724489404336
  },
  "val_flat_loss": 0.0029266386335439166,
  "val_flat_rmse": {
    "vel_body_x_mps": 0.000782098284002173,
    "vel_body_y_mps": 0.000711048927463251,
    "roll_rad": 1.946407474891067e-05,
    "pitch_rad": 1.0492294075168162e-05,
    "roll_rate_radps": 0.0014168715529524747,
    "ang_vel_body_y_radps": 0.000710385805233018,
    "yaw_rate_radps": 0.0013554536876746988,
    "tire_fl_force_wheel_fz_n": 40.005725854778326,
    "tire_fr_force_wheel_fz_n": 39.45386852375076,
    "tire_rl_force_wheel_fz_n": 23.43453896405771,
    "tire_rr_force_wheel_fz_n": 21.901564324806095,
    "tire_fl_spindle_omega_radps": 0.054070745270471544,
    "tire_fr_spindle_omega_radps": 0.05315791386230985,
    "tire_rl_spindle_omega_radps": 0.05245736053906364,
    "tire_rr_spindle_omega_radps": 0.04831724489404336
  },
  "val_crm_loss": 0.09726156450633425,
  "val_crm_rmse": {
    "vel_body_x_mps": 0.0031027493550973353,
    "vel_body_y_mps": 0.002702959397843788,
    "roll_rad": 5.025280030380455e-05,
    "pitch_rad": 3.2814331546005624e-05,
    "roll_rate_radps": 0.004443506865375892,
    "ang_vel_body_y_radps": 0.0029395799001013466,
    "yaw_rate_radps": 0.0024639462979678234,
    "tire_fl_force_wheel_fz_n": 697.3126791874231,
    "tire_fr_force_wheel_fz_n": 689.7148070920838,
    "tire_rl_force_wheel_fz_n": 951.9757359735196,
    "tire_rr_force_wheel_fz_n": 1003.26525584352,
    "tire_fl_spindle_omega_radps": 0.14494077982532508,
    "tire_fr_spindle_omega_radps": 0.1446450686873986,
    "tire_rl_spindle_omega_radps": 0.1645423633352574,
    "tire_rr_spindle_omega_radps": 0.1650992489057965
  },
  "val_mixed_loss": 0.050094101569939084,
  "rollout_flat_5.0s": {
    "xy_rmse_m": 0.7219878734070414,
    "yaw_rmse_rad": 0.03914981078719754,
    "errdist": 0.16361731334201396,
    "mean_dist_m": 4.4126618305842085,
    "episodes": 12
  },
  "rollout_flat_10.0s": {
    "xy_rmse_m": 3.696759866881678,
    "yaw_rmse_rad": 0.12665792833347742,
    "errdist": 0.12860207287912467,
    "mean_dist_m": 28.745725353558857,
    "episodes": 12
  },
  "rollout_crm_5.0s": {
    "xy_rmse_m": 0.6094967098142063,
    "yaw_rmse_rad": 0.04606754344639688,
    "errdist": 0.13261315269502646,
    "mean_dist_m": 4.596050221472979,
    "episodes": 12
  },
  "rollout_crm_10.0s": {
    "xy_rmse_m": 2.008527771756263,
    "yaw_rmse_rad": 0.13766562855684528,
    "errdist": 0.09352275945549247,
    "mean_dist_m": 21.476352745046217,
    "episodes": 12
  },
  "rollout_sel": 0.11106241616730858
}
{
  "epoch": 58,
  "timestamp_utc": "2026-07-10T08:04:07.873929+00:00",
  "train_loss": 0.02758531242981553,
  "val_loss": 0.002860335158438829,
  "val_rmse": {
    "vel_body_x_mps": 0.0007810910766969404,
    "vel_body_y_mps": 0.0006612159756645345,
    "roll_rad": 1.7061060476675962e-05,
    "pitch_rad": 8.388762852811705e-06,
    "roll_rate_radps": 0.001416456068231851,
    "ang_vel_body_y_radps": 0.0007064602945298379,
    "yaw_rate_radps": 0.0013401897264693602,
    "tire_fl_force_wheel_fz_n": 38.871878556110985,
    "tire_fr_force_wheel_fz_n": 39.225584041667496,
    "tire_rl_force_wheel_fz_n": 23.122346727282054,
    "tire_rr_force_wheel_fz_n": 21.782886775950267,
    "tire_fl_spindle_omega_radps": 0.05429984095493781,
    "tire_fr_spindle_omega_radps": 0.0533978808678409,
    "tire_rl_spindle_omega_radps": 0.05241366321547327,
    "tire_rr_spindle_omega_radps": 0.04688095023961218
  },
  "val_flat_loss": 0.002860335158438829,
  "val_flat_rmse": {
    "vel_body_x_mps": 0.0007810910766969404,
    "vel_body_y_mps": 0.0006612159756645345,
    "roll_rad": 1.7061060476675962e-05,
    "pitch_rad": 8.388762852811705e-06,
    "roll_rate_radps": 0.001416456068231851,
    "ang_vel_body_y_radps": 0.0007064602945298379,
    "yaw_rate_radps": 0.0013401897264693602,
    "tire_fl_force_wheel_fz_n": 38.871878556110985,
    "tire_fr_force_wheel_fz_n": 39.225584041667496,
    "tire_rl_force_wheel_fz_n": 23.122346727282054,
    "tire_rr_force_wheel_fz_n": 21.782886775950267,
    "tire_fl_spindle_omega_radps": 0.05429984095493781,
    "tire_fr_spindle_omega_radps": 0.0533978808678409,
    "tire_rl_spindle_omega_radps": 0.05241366321547327,
    "tire_rr_spindle_omega_radps": 0.04688095023961218
  },
  "val_crm_loss": 0.09683693680737633,
  "val_crm_rmse": {
    "vel_body_x_mps": 0.0030868818926726885,
    "vel_body_y_mps": 0.002697590812738441,
    "roll_rad": 4.8426812072309266e-05,
    "pitch_rad": 3.685775229317476e-05,
    "roll_rate_radps": 0.0044283264511822806,
    "ang_vel_body_y_radps": 0.0029322027111378067,
    "yaw_rate_radps": 0.0024589154814165875,
    "tire_fl_force_wheel_fz_n": 683.5431504165961,
    "tire_fr_force_wheel_fz_n": 689.5533465896375,
    "tire_rl_force_wheel_fz_n": 947.7351791996423,
    "tire_rr_force_wheel_fz_n": 993.3166602019179,
    "tire_fl_spindle_omega_radps": 0.1453919466043629,
    "tire_fr_spindle_omega_radps": 0.14492742321816113,
    "tire_rl_spindle_omega_radps": 0.16533247334388929,
    "tire_rr_spindle_omega_radps": 0.1645741039999822
  },
  "val_mixed_loss": 0.04984863598290758,
  "rollout_flat_5.0s": {
    "xy_rmse_m": 0.7508985694364287,
    "yaw_rmse_rad": 0.06111224090407525,
    "errdist": 0.17016907215321653,
    "mean_dist_m": 4.4126618305842085,
    "episodes": 12
  },
  "rollout_flat_10.0s": {
    "xy_rmse_m": 5.296497325714924,
    "yaw_rmse_rad": 0.19451341040389855,
    "errdist": 0.18425338934991226,
    "mean_dist_m": 28.745725353558857,
    "episodes": 12
  },
  "rollout_crm_5.0s": {
    "xy_rmse_m": 0.33188930430359864,
    "yaw_rmse_rad": 0.017592730670770745,
    "errdist": 0.07221185328937335,
    "mean_dist_m": 4.596050221472979,
    "episodes": 12
  },
  "rollout_crm_10.0s": {
    "xy_rmse_m": 2.068830733860802,
    "yaw_rmse_rad": 0.14023606058265936,
    "errdist": 0.09633063669705291,
    "mean_dist_m": 21.476352745046217,
    "episodes": 12
  },
  "rollout_sel": 0.1402920130234826
}
{
  "epoch": 59,
  "timestamp_utc": "2026-07-10T08:04:41.278045+00:00",
  "train_loss": 0.02743940075719729,
  "val_loss": 0.00292861450280725,
  "val_rmse": {
    "vel_body_x_mps": 0.000773222152122376,
    "vel_body_y_mps": 0.0006812082010747363,
    "roll_rad": 1.623772285139847e-05,
    "pitch_rad": 7.5902776457325294e-06,
    "roll_rate_radps": 0.0014436123878700602,
    "ang_vel_body_y_radps": 0.000684536597914013,
    "yaw_rate_radps": 0.0013589685762644844,
    "tire_fl_force_wheel_fz_n": 39.9536683489538,
    "tire_fr_force_wheel_fz_n": 39.02172935252756,
    "tire_rl_force_wheel_fz_n": 23.518371410804928,
    "tire_rr_force_wheel_fz_n": 21.50360110021519,
    "tire_fl_spindle_omega_radps": 0.05249456786065136,
    "tire_fr_spindle_omega_radps": 0.05180375886985101,
    "tire_rl_spindle_omega_radps": 0.05123686961100179,
    "tire_rr_spindle_omega_radps": 0.046337953150805265
  },
  "val_flat_loss": 0.00292861450280725,
  "val_flat_rmse": {
    "vel_body_x_mps": 0.000773222152122376,
    "vel_body_y_mps": 0.0006812082010747363,
    "roll_rad": 1.623772285139847e-05,
    "pitch_rad": 7.5902776457325294e-06,
    "roll_rate_radps": 0.0014436123878700602,
    "ang_vel_body_y_radps": 0.000684536597914013,
    "yaw_rate_radps": 0.0013589685762644844,
    "tire_fl_force_wheel_fz_n": 39.9536683489538,
    "tire_fr_force_wheel_fz_n": 39.02172935252756,
    "tire_rl_force_wheel_fz_n": 23.518371410804928,
    "tire_rr_force_wheel_fz_n": 21.50360110021519,
    "tire_fl_spindle_omega_radps": 0.05249456786065136,
    "tire_fr_spindle_omega_radps": 0.05180375886985101,
    "tire_rl_spindle_omega_radps": 0.05123686961100179,
    "tire_rr_spindle_omega_radps": 0.046337953150805265
  },
  "val_crm_loss": 0.09670770807366352,
  "val_crm_rmse": {
    "vel_body_x_mps": 0.0030490030761148768,
    "vel_body_y_mps": 0.002690420529941449,
    "roll_rad": 4.651372518321124e-05,
    "pitch_rad": 3.327400184711178e-05,
    "roll_rate_radps": 0.0044524685182562316,
    "ang_vel_body_y_radps": 0.0029394934095132805,
    "yaw_rate_radps": 0.002438088136678128,
    "tire_fl_force_wheel_fz_n": 691.4886928460829,
    "tire_fr_force_wheel_fz_n": 685.1677033633282,
    "tire_rl_force_wheel_fz_n": 957.4006807973914,
    "tire_rr_force_wheel_fz_n": 1002.2696265391049,
    "tire_fl_spindle_omega_radps": 0.14504043407321957,
    "tire_fr_spindle_omega_radps": 0.14351066411961538,
    "tire_rl_spindle_omega_radps": 0.1649181037905528,
    "tire_rr_spindle_omega_radps": 0.16492443886067507
  },
  "val_mixed_loss": 0.04981816128823539,
  "rollout_flat_5.0s": {
    "xy_rmse_m": 0.9729374510990775,
    "yaw_rmse_rad": 0.047250881509677725,
    "errdist": 0.22048765313390598,
    "mean_dist_m": 4.4126618305842085,
    "episodes": 12
  },
  "rollout_flat_10.0s": {
    "xy_rmse_m": 4.179472869781341,
    "yaw_rmse_rad": 0.12298409748720557,
    "errdist": 0.145394587138637,
    "mean_dist_m": 28.745725353558857,
    "episodes": 12
  },
  "rollout_crm_5.0s": {
    "xy_rmse_m": 0.6492059015807486,
    "yaw_rmse_rad": 0.04395691698248068,
    "errdist": 0.14125300427476312,
    "mean_dist_m": 4.596050221472979,
    "episodes": 12
  },
  "rollout_crm_10.0s": {
    "xy_rmse_m": 1.8238986976528393,
    "yaw_rmse_rad": 0.15802028047263342,
    "errdist": 0.08492590521793994,
    "mean_dist_m": 21.476352745046217,
    "episodes": 12
  },
  "rollout_sel": 0.11516024617828848
}
{
  "epoch": 60,
  "timestamp_utc": "2026-07-10T08:05:14.749350+00:00",
  "train_loss": 0.027242390171159057,
  "val_loss": 0.002754935071025102,
  "val_rmse": {
    "vel_body_x_mps": 0.0007591342817377915,
    "vel_body_y_mps": 0.0006409598130526891,
    "roll_rad": 1.4640362677314959e-05,
    "pitch_rad": 7.689276640579272e-06,
    "roll_rate_radps": 0.0013966634635927339,
    "ang_vel_body_y_radps": 0.0006972872467832768,
    "yaw_rate_radps": 0.0013229564319483902,
    "tire_fl_force_wheel_fz_n": 38.82228470111472,
    "tire_fr_force_wheel_fz_n": 38.541428368293964,
    "tire_rl_force_wheel_fz_n": 23.750799367602937,
    "tire_rr_force_wheel_fz_n": 21.7490577290852,
    "tire_fl_spindle_omega_radps": 0.052203151039187684,
    "tire_fr_spindle_omega_radps": 0.0526767599413151,
    "tire_rl_spindle_omega_radps": 0.05219901880521576,
    "tire_rr_spindle_omega_radps": 0.04602701676396294
  },
  "val_flat_loss": 0.002754935071025102,
  "val_flat_rmse": {
    "vel_body_x_mps": 0.0007591342817377915,
    "vel_body_y_mps": 0.0006409598130526891,
    "roll_rad": 1.4640362677314959e-05,
    "pitch_rad": 7.689276640579272e-06,
    "roll_rate_radps": 0.0013966634635927339,
    "ang_vel_body_y_radps": 0.0006972872467832768,
    "yaw_rate_radps": 0.0013229564319483902,
    "tire_fl_force_wheel_fz_n": 38.82228470111472,
    "tire_fr_force_wheel_fz_n": 38.541428368293964,
    "tire_rl_force_wheel_fz_n": 23.750799367602937,
    "tire_rr_force_wheel_fz_n": 21.7490577290852,
    "tire_fl_spindle_omega_radps": 0.052203151039187684,
    "tire_fr_spindle_omega_radps": 0.0526767599413151,
    "tire_rl_spindle_omega_radps": 0.05219901880521576,
    "tire_rr_spindle_omega_radps": 0.04602701676396294
  },
  "val_crm_loss": 0.09645692798367236,
  "val_crm_rmse": {
    "vel_body_x_mps": 0.0030391591550521205,
    "vel_body_y_mps": 0.002669859296141869,
    "roll_rad": 4.942134501154837e-05,
    "pitch_rad": 3.441063693507371e-05,
    "roll_rate_radps": 0.004394693870359449,
    "ang_vel_body_y_radps": 0.0028880175083951733,
    "yaw_rate_radps": 0.00244623096311686,
    "tire_fl_force_wheel_fz_n": 688.1961156361318,
    "tire_fr_force_wheel_fz_n": 685.0635257097056,
    "tire_rl_force_wheel_fz_n": 958.182423964881,
    "tire_rr_force_wheel_fz_n": 1001.140037136576,
    "tire_fl_spindle_omega_radps": 0.143731276848371,
    "tire_fr_spindle_omega_radps": 0.14274035154680764,
    "tire_rl_spindle_omega_radps": 0.16495039294090813,
    "tire_rr_spindle_omega_radps": 0.164994440187371
  },
  "val_mixed_loss": 0.04960593152734873,
  "rollout_flat_5.0s": {
    "xy_rmse_m": 0.5298266364809638,
    "yaw_rmse_rad": 0.08058410340732305,
    "errdist": 0.12006962165301893,
    "mean_dist_m": 4.4126618305842085,
    "episodes": 12
  },
  "rollout_flat_10.0s": {
    "xy_rmse_m": 4.977311014891961,
    "yaw_rmse_rad": 0.20278377269257972,
    "errdist": 0.17314960585177044,
    "mean_dist_m": 28.745725353558857,
    "episodes": 12
  },
  "rollout_crm_5.0s": {
    "xy_rmse_m": 0.4486827251617579,
    "yaw_rmse_rad": 0.02746049723717671,
    "errdist": 0.09762354707646352,
    "mean_dist_m": 4.596050221472979,
    "episodes": 12
  },
  "rollout_crm_10.0s": {
    "xy_rmse_m": 1.975395371341667,
    "yaw_rmse_rad": 0.14577433127107747,
    "errdist": 0.09198002076015054,
    "mean_dist_m": 21.476352745046217,
    "episodes": 12
  },
  "rollout_sel": 0.13256481330596048
}
{
  "epoch": 61,
  "timestamp_utc": "2026-07-10T08:05:48.234249+00:00",
  "train_loss": 0.027224282645620407,
  "val_loss": 0.0027274167057657907,
  "val_rmse": {
    "vel_body_x_mps": 0.0007631665600602457,
    "vel_body_y_mps": 0.0006330958619637316,
    "roll_rad": 1.4062937665598983e-05,
    "pitch_rad": 1.0346391785362413e-05,
    "roll_rate_radps": 0.001390716840091206,
    "ang_vel_body_y_radps": 0.0007091314241641699,
    "yaw_rate_radps": 0.0013257486981546043,
    "tire_fl_force_wheel_fz_n": 39.36089157744486,
    "tire_fr_force_wheel_fz_n": 38.93702202682672,
    "tire_rl_force_wheel_fz_n": 23.959700199864223,
    "tire_rr_force_wheel_fz_n": 21.467777310676333,
    "tire_fl_spindle_omega_radps": 0.053382642207326005,
    "tire_fr_spindle_omega_radps": 0.0529536586594093,
    "tire_rl_spindle_omega_radps": 0.05178899262314362,
    "tire_rr_spindle_omega_radps": 0.046668439756904385
  },
  "val_flat_loss": 0.0027274167057657907,
  "val_flat_rmse": {
    "vel_body_x_mps": 0.0007631665600602457,
    "vel_body_y_mps": 0.0006330958619637316,
    "roll_rad": 1.4062937665598983e-05,
    "pitch_rad": 1.0346391785362413e-05,
    "roll_rate_radps": 0.001390716840091206,
    "ang_vel_body_y_radps": 0.0007091314241641699,
    "yaw_rate_radps": 0.0013257486981546043,
    "tire_fl_force_wheel_fz_n": 39.36089157744486,
    "tire_fr_force_wheel_fz_n": 38.93702202682672,
    "tire_rl_force_wheel_fz_n": 23.959700199864223,
    "tire_rr_force_wheel_fz_n": 21.467777310676333,
    "tire_fl_spindle_omega_radps": 0.053382642207326005,
    "tire_fr_spindle_omega_radps": 0.0529536586594093,
    "tire_rl_spindle_omega_radps": 0.05178899262314362,
    "tire_rr_spindle_omega_radps": 0.046668439756904385
  },
  "val_crm_loss": 0.09672556550067384,
  "val_crm_rmse": {
    "vel_body_x_mps": 0.003109638253110505,
    "vel_body_y_mps": 0.0026662544730204516,
    "roll_rad": 4.4989227840473646e-05,
    "pitch_rad": 3.191671846910675e-05,
    "roll_rate_radps": 0.004391307232414626,
    "ang_vel_body_y_radps": 0.002907028179968193,
    "yaw_rate_radps": 0.002441695354408831,
    "tire_fl_force_wheel_fz_n": 687.3014803957748,
    "tire_fr_force_wheel_fz_n": 693.721825699189,
    "tire_rl_force_wheel_fz_n": 956.381677808322,
    "tire_rr_force_wheel_fz_n": 999.453514248897,
    "tire_fl_spindle_omega_radps": 0.14408690478819958,
    "tire_fr_spindle_omega_radps": 0.1436282692266344,
    "tire_rl_spindle_omega_radps": 0.16571186953407613,
    "tire_rr_spindle_omega_radps": 0.1651154966371291
  },
  "val_mixed_loss": 0.04972649110321981,
  "rollout_flat_5.0s": {
    "xy_rmse_m": 1.403374371872426,
    "yaw_rmse_rad": 0.052687922386751726,
    "errdist": 0.3180335193931297,
    "mean_dist_m": 4.4126618305842085,
    "episodes": 12
  },
  "rollout_flat_10.0s": {
    "xy_rmse_m": 4.522121381288805,
    "yaw_rmse_rad": 0.1007620553347911,
    "errdist": 0.15731456853736847,
    "mean_dist_m": 28.745725353558857,
    "episodes": 12
  },
  "rollout_crm_5.0s": {
    "xy_rmse_m": 0.8359584035547459,
    "yaw_rmse_rad": 0.0408158379783917,
    "errdist": 0.18188626391615698,
    "mean_dist_m": 4.596050221472979,
    "episodes": 12
  },
  "rollout_crm_10.0s": {
    "xy_rmse_m": 3.9038417436411716,
    "yaw_rmse_rad": 0.16554548598110766,
    "errdist": 0.18177396273869828,
    "mean_dist_m": 21.476352745046217,
    "episodes": 12
  },
  "rollout_sel": 0.16954426563803338
}
{
  "epoch": 62,
  "timestamp_utc": "2026-07-10T08:06:21.796906+00:00",
  "train_loss": 0.02693121821805835,
  "val_loss": 0.002818929447294067,
  "val_rmse": {
    "vel_body_x_mps": 0.0007848583819961874,
    "vel_body_y_mps": 0.0006631876945064164,
    "roll_rad": 1.6264517436523013e-05,
    "pitch_rad": 7.503958137714392e-06,
    "roll_rate_radps": 0.0013872042524776709,
    "ang_vel_body_y_radps": 0.0007178803610706731,
    "yaw_rate_radps": 0.0013356061174670337,
    "tire_fl_force_wheel_fz_n": 40.406437663551934,
    "tire_fr_force_wheel_fz_n": 38.44836446119778,
    "tire_rl_force_wheel_fz_n": 23.998292460693456,
    "tire_rr_force_wheel_fz_n": 21.542667932895046,
    "tire_fl_spindle_omega_radps": 0.05358112943215815,
    "tire_fr_spindle_omega_radps": 0.05359329484714978,
    "tire_rl_spindle_omega_radps": 0.052142084744704706,
    "tire_rr_spindle_omega_radps": 0.04681463646486006
  },
  "val_flat_loss": 0.002818929447294067,
  "val_flat_rmse": {
    "vel_body_x_mps": 0.0007848583819961874,
    "vel_body_y_mps": 0.0006631876945064164,
    "roll_rad": 1.6264517436523013e-05,
    "pitch_rad": 7.503958137714392e-06,
    "roll_rate_radps": 0.0013872042524776709,
    "ang_vel_body_y_radps": 0.0007178803610706731,
    "yaw_rate_radps": 0.0013356061174670337,
    "tire_fl_force_wheel_fz_n": 40.406437663551934,
    "tire_fr_force_wheel_fz_n": 38.44836446119778,
    "tire_rl_force_wheel_fz_n": 23.998292460693456,
    "tire_rr_force_wheel_fz_n": 21.542667932895046,
    "tire_fl_spindle_omega_radps": 0.05358112943215815,
    "tire_fr_spindle_omega_radps": 0.05359329484714978,
    "tire_rl_spindle_omega_radps": 0.052142084744704706,
    "tire_rr_spindle_omega_radps": 0.04681463646486006
  },
  "val_crm_loss": 0.09635513910732697,
  "val_crm_rmse": {
    "vel_body_x_mps": 0.003002259280725447,
    "vel_body_y_mps": 0.002682056397308144,
    "roll_rad": 4.526434429539243e-05,
    "pitch_rad": 3.23919237237158e-05,
    "roll_rate_radps": 0.0044393360610575135,
    "ang_vel_body_y_radps": 0.002913196719763341,
    "yaw_rate_radps": 0.0024452509730518443,
    "tire_fl_force_wheel_fz_n": 686.8221236987425,
    "tire_fr_force_wheel_fz_n": 699.0015993270805,
    "tire_rl_force_wheel_fz_n": 951.5531259114673,
    "tire_rr_force_wheel_fz_n": 1001.3623259449901,
    "tire_fl_spindle_omega_radps": 0.14329102106126806,
    "tire_fr_spindle_omega_radps": 0.14493064489226737,
    "tire_rl_spindle_omega_radps": 0.1643089510818453,
    "tire_rr_spindle_omega_radps": 0.16390971770156954
  },
  "val_mixed_loss": 0.04958703427731052,
  "rollout_flat_5.0s": {
    "xy_rmse_m": 0.9367265486213625,
    "yaw_rmse_rad": 0.07839341995131055,
    "errdist": 0.21228151727578587,
    "mean_dist_m": 4.4126618305842085,
    "episodes": 12
  },
  "rollout_flat_10.0s": {
    "xy_rmse_m": 6.87439612955915,
    "yaw_rmse_rad": 0.3921503054571845,
    "errdist": 0.2391449874723049,
    "mean_dist_m": 28.745725353558857,
    "episodes": 12
  },
  "rollout_crm_5.0s": {
    "xy_rmse_m": 0.7837878911757176,
    "yaw_rmse_rad": 0.03304619489320174,
    "errdist": 0.17053510153431767,
    "mean_dist_m": 4.596050221472979,
    "episodes": 12
  },
  "rollout_crm_10.0s": {
    "xy_rmse_m": 3.643945225959648,
    "yaw_rmse_rad": 0.15683457370416878,
    "errdist": 0.1696724424867797,
    "mean_dist_m": 21.476352745046217,
    "episodes": 12
  },
  "rollout_sel": 0.2044087149795423
}
{
  "epoch": 63,
  "timestamp_utc": "2026-07-10T08:06:55.594744+00:00",
  "train_loss": 0.026571836321614684,
  "val_loss": 0.0028473809296701803,
  "val_rmse": {
    "vel_body_x_mps": 0.0008055773665670617,
    "vel_body_y_mps": 0.0006652694851667668,
    "roll_rad": 1.3087832445779342e-05,
    "pitch_rad": 7.834169883229745e-06,
    "roll_rate_radps": 0.0013866287985918409,
    "ang_vel_body_y_radps": 0.0007125238990636866,
    "yaw_rate_radps": 0.0013203272764152284,
    "tire_fl_force_wheel_fz_n": 37.99832630885506,
    "tire_fr_force_wheel_fz_n": 39.02293221544647,
    "tire_rl_force_wheel_fz_n": 23.97621762512115,
    "tire_rr_force_wheel_fz_n": 21.307011263119776,
    "tire_fl_spindle_omega_radps": 0.05404864520987118,
    "tire_fr_spindle_omega_radps": 0.05401259180834155,
    "tire_rl_spindle_omega_radps": 0.053740501066368726,
    "tire_rr_spindle_omega_radps": 0.04714483262098439
  },
  "val_flat_loss": 0.0028473809296701803,
  "val_flat_rmse": {
    "vel_body_x_mps": 0.0008055773665670617,
    "vel_body_y_mps": 0.0006652694851667668,
    "roll_rad": 1.3087832445779342e-05,
    "pitch_rad": 7.834169883229745e-06,
    "roll_rate_radps": 0.0013866287985918409,
    "ang_vel_body_y_radps": 0.0007125238990636866,
    "yaw_rate_radps": 0.0013203272764152284,
    "tire_fl_force_wheel_fz_n": 37.99832630885506,
    "tire_fr_force_wheel_fz_n": 39.02293221544647,
    "tire_rl_force_wheel_fz_n": 23.97621762512115,
    "tire_rr_force_wheel_fz_n": 21.307011263119776,
    "tire_fl_spindle_omega_radps": 0.05404864520987118,
    "tire_fr_spindle_omega_radps": 0.05401259180834155,
    "tire_rl_spindle_omega_radps": 0.053740501066368726,
    "tire_rr_spindle_omega_radps": 0.04714483262098439
  },
  "val_crm_loss": 0.09527326067705871,
  "val_crm_rmse": {
    "vel_body_x_mps": 0.0030323776764360363,
    "vel_body_y_mps": 0.0026806339224472093,
    "roll_rad": 4.588274563567806e-05,
    "pitch_rad": 3.1398159848067474e-05,
    "roll_rate_radps": 0.004383576131390459,
    "ang_vel_body_y_radps": 0.0028993634783882126,
    "yaw_rate_radps": 0.002429810462717511,
    "tire_fl_force_wheel_fz_n": 681.8107643560079,
    "tire_fr_force_wheel_fz_n": 672.88872101314,
    "tire_rl_force_wheel_fz_n": 949.787536818859,
    "tire_rr_force_wheel_fz_n": 994.8284330275877,
    "tire_fl_spindle_omega_radps": 0.14336089577051664,
    "tire_fr_spindle_omega_radps": 0.14250858107827064,
    "tire_rl_spindle_omega_radps": 0.16351840945966137,
    "tire_rr_spindle_omega_radps": 0.1637599037875437
  },
  "val_mixed_loss": 0.04906032080336445,
  "rollout_flat_5.0s": {
    "xy_rmse_m": 0.5240731155936906,
    "yaw_rmse_rad": 0.09554097167498593,
    "errdist": 0.11876575539084686,
    "mean_dist_m": 4.4126618305842085,
    "episodes": 12
  },
  "rollout_flat_10.0s": {
    "xy_rmse_m": 3.9452098938544933,
    "yaw_rmse_rad": 0.2353966638343512,
    "errdist": 0.13724509802171533,
    "mean_dist_m": 28.745725353558857,
    "episodes": 12
  },
  "rollout_crm_5.0s": {
    "xy_rmse_m": 0.8151106790073229,
    "yaw_rmse_rad": 0.025803880826153827,
    "errdist": 0.17735025505141017,
    "mean_dist_m": 4.596050221472979,
    "episodes": 12
  },
  "rollout_crm_10.0s": {
    "xy_rmse_m": 2.9660019362021686,
    "yaw_rmse_rad": 0.12003605438638029,
    "errdist": 0.13810547681967614,
    "mean_dist_m": 21.476352745046217,
    "episodes": 12
  },
  "rollout_sel": 0.13767528742069574
}
{
  "epoch": 64,
  "timestamp_utc": "2026-07-10T08:07:29.030082+00:00",
  "train_loss": 0.026662868776358664,
  "val_loss": 0.0026369202020850935,
  "val_rmse": {
    "vel_body_x_mps": 0.0007407502069954141,
    "vel_body_y_mps": 0.0006203253821127123,
    "roll_rad": 1.3739229142412263e-05,
    "pitch_rad": 7.653170566748045e-06,
    "roll_rate_radps": 0.0013658522292360781,
    "ang_vel_body_y_radps": 0.0007054560603994678,
    "yaw_rate_radps": 0.0013194044103660928,
    "tire_fl_force_wheel_fz_n": 37.74234280376821,
    "tire_fr_force_wheel_fz_n": 37.96889854750597,
    "tire_rl_force_wheel_fz_n": 23.7277832979286,
    "tire_rr_force_wheel_fz_n": 21.516405266802305,
    "tire_fl_spindle_omega_radps": 0.052944935382814515,
    "tire_fr_spindle_omega_radps": 0.052283232097852524,
    "tire_rl_spindle_omega_radps": 0.051258449759117794,
    "tire_rr_spindle_omega_radps": 0.04631433662395879
  },
  "val_flat_loss": 0.0026369202020850935,
  "val_flat_rmse": {
    "vel_body_x_mps": 0.0007407502069954141,
    "vel_body_y_mps": 0.0006203253821127123,
    "roll_rad": 1.3739229142412263e-05,
    "pitch_rad": 7.653170566748045e-06,
    "roll_rate_radps": 0.0013658522292360781,
    "ang_vel_body_y_radps": 0.0007054560603994678,
    "yaw_rate_radps": 0.0013194044103660928,
    "tire_fl_force_wheel_fz_n": 37.74234280376821,
    "tire_fr_force_wheel_fz_n": 37.96889854750597,
    "tire_rl_force_wheel_fz_n": 23.7277832979286,
    "tire_rr_force_wheel_fz_n": 21.516405266802305,
    "tire_fl_spindle_omega_radps": 0.052944935382814515,
    "tire_fr_spindle_omega_radps": 0.052283232097852524,
    "tire_rl_spindle_omega_radps": 0.051258449759117794,
    "tire_rr_spindle_omega_radps": 0.04631433662395879
  },
  "val_crm_loss": 0.09541231802373659,
  "val_crm_rmse": {
    "vel_body_x_mps": 0.0029996052475630363,
    "vel_body_y_mps": 0.0026330346724915024,
    "roll_rad": 4.407520935885397e-05,
    "pitch_rad": 2.982295439323606e-05,
    "roll_rate_radps": 0.004379389832017928,
    "ang_vel_body_y_radps": 0.0028812174055583037,
    "yaw_rate_radps": 0.0024497820492113426,
    "tire_fl_force_wheel_fz_n": 685.3988779228561,
    "tire_fr_force_wheel_fz_n": 680.3663982519723,
    "tire_rl_force_wheel_fz_n": 951.9202077915738,
    "tire_rr_force_wheel_fz_n": 998.9162673291625,
    "tire_fl_spindle_omega_radps": 0.14278343917968844,
    "tire_fr_spindle_omega_radps": 0.14218685395400654,
    "tire_rl_spindle_omega_radps": 0.16390397639492227,
    "tire_rr_spindle_omega_radps": 0.16368057575141162
  },
  "val_mixed_loss": 0.049024619112910846,
  "rollout_flat_5.0s": {
    "xy_rmse_m": 0.7793356011758521,
    "yaw_rmse_rad": 0.0641737336405553,
    "errdist": 0.17661348888651932,
    "mean_dist_m": 4.4126618305842085,
    "episodes": 12
  },
  "rollout_flat_10.0s": {
    "xy_rmse_m": 6.2170621515359805,
    "yaw_rmse_rad": 0.34245838412784846,
    "errdist": 0.21627779696177604,
    "mean_dist_m": 28.745725353558857,
    "episodes": 12
  },
  "rollout_crm_5.0s": {
    "xy_rmse_m": 0.3878916278581566,
    "yaw_rmse_rad": 0.02906116192730521,
    "errdist": 0.0843967339708142,
    "mean_dist_m": 4.596050221472979,
    "episodes": 12
  },
  "rollout_crm_10.0s": {
    "xy_rmse_m": 1.930811359997766,
    "yaw_rmse_rad": 0.15775830818880743,
    "errdist": 0.08990406252491505,
    "mean_dist_m": 21.476352745046217,
    "episodes": 12
  },
  "rollout_sel": 0.15309092974334554
}
{
  "epoch": 65,
  "timestamp_utc": "2026-07-10T08:08:02.494891+00:00",
  "train_loss": 0.026497733199503274,
  "val_loss": 0.0027110613549757544,
  "val_rmse": {
    "vel_body_x_mps": 0.0007436561427407369,
    "vel_body_y_mps": 0.0006676069541147125,
    "roll_rad": 1.305613531709365e-05,
    "pitch_rad": 8.219394278015578e-06,
    "roll_rate_radps": 0.0013639154733847893,
    "ang_vel_body_y_radps": 0.0007041442261557878,
    "yaw_rate_radps": 0.0013200179779982186,
    "tire_fl_force_wheel_fz_n": 39.349907058390365,
    "tire_fr_force_wheel_fz_n": 38.47848841553569,
    "tire_rl_force_wheel_fz_n": 23.758642723482343,
    "tire_rr_force_wheel_fz_n": 21.637491537364625,
    "tire_fl_spindle_omega_radps": 0.053229136033309664,
    "tire_fr_spindle_omega_radps": 0.05300827209387304,
    "tire_rl_spindle_omega_radps": 0.05197468090245893,
    "tire_rr_spindle_omega_radps": 0.046627624850945674
  },
  "val_flat_loss": 0.0027110613549757544,
  "val_flat_rmse": {
    "vel_body_x_mps": 0.0007436561427407369,
    "vel_body_y_mps": 0.0006676069541147125,
    "roll_rad": 1.305613531709365e-05,
    "pitch_rad": 8.219394278015578e-06,
    "roll_rate_radps": 0.0013639154733847893,
    "ang_vel_body_y_radps": 0.0007041442261557878,
    "yaw_rate_radps": 0.0013200179779982186,
    "tire_fl_force_wheel_fz_n": 39.349907058390365,
    "tire_fr_force_wheel_fz_n": 38.47848841553569,
    "tire_rl_force_wheel_fz_n": 23.758642723482343,
    "tire_rr_force_wheel_fz_n": 21.637491537364625,
    "tire_fl_spindle_omega_radps": 0.053229136033309664,
    "tire_fr_spindle_omega_radps": 0.05300827209387304,
    "tire_rl_spindle_omega_radps": 0.05197468090245893,
    "tire_rr_spindle_omega_radps": 0.046627624850945674
  },
  "val_crm_loss": 0.09558132997830399,
  "val_crm_rmse": {
    "vel_body_x_mps": 0.0029962952834909165,
    "vel_body_y_mps": 0.0026289016527705545,
    "roll_rad": 4.586850300672305e-05,
    "pitch_rad": 3.0891701141605156e-05,
    "roll_rate_radps": 0.004345972533309286,
    "ang_vel_body_y_radps": 0.0028991770061706397,
    "yaw_rate_radps": 0.002426828378324257,
    "tire_fl_force_wheel_fz_n": 681.4241195758675,
    "tire_fr_force_wheel_fz_n": 678.5329869324473,
    "tire_rl_force_wheel_fz_n": 951.1595903396895,
    "tire_rr_force_wheel_fz_n": 1006.6411819064961,
    "tire_fl_spindle_omega_radps": 0.14251512550566575,
    "tire_fr_spindle_omega_radps": 0.14243431862915773,
    "tire_rl_spindle_omega_radps": 0.16347602936007347,
    "tire_rr_spindle_omega_radps": 0.1632817266752634
  },
  "val_mixed_loss": 0.04914619566663987,
  "rollout_flat_5.0s": {
    "xy_rmse_m": 0.7858637285337914,
    "yaw_rmse_rad": 0.03523964749406609,
    "errdist": 0.17809289691926108,
    "mean_dist_m": 4.4126618305842085,
    "episodes": 12
  },
  "rollout_flat_10.0s": {
    "xy_rmse_m": 4.282056821215383,
    "yaw_rmse_rad": 0.08598123645455623,
    "errdist": 0.1489632551813567,
    "mean_dist_m": 28.745725353558857,
    "episodes": 12
  },
  "rollout_crm_5.0s": {
    "xy_rmse_m": 0.4148709111712103,
    "yaw_rmse_rad": 0.015172436232806757,
    "errdist": 0.09026683590899691,
    "mean_dist_m": 4.596050221472979,
    "episodes": 12
  },
  "rollout_crm_10.0s": {
    "xy_rmse_m": 1.2530147733274106,
    "yaw_rmse_rad": 0.08189527846025507,
    "errdist": 0.05834392777034424,
    "mean_dist_m": 21.476352745046217,
    "episodes": 12
  },
  "rollout_sel": 0.10365359147585046
}
{
  "epoch": 66,
  "timestamp_utc": "2026-07-10T08:08:35.892523+00:00",
  "train_loss": 0.026357314938446508,
  "val_loss": 0.002622938489121225,
  "val_rmse": {
    "vel_body_x_mps": 0.0007168775041150517,
    "vel_body_y_mps": 0.0006333953517752411,
    "roll_rad": 1.4238112192427208e-05,
    "pitch_rad": 6.99378501969575e-06,
    "roll_rate_radps": 0.0013515421586014174,
    "ang_vel_body_y_radps": 0.0006688851813275768,
    "yaw_rate_radps": 0.0013143641535325603,
    "tire_fl_force_wheel_fz_n": 38.0182598155785,
    "tire_fr_force_wheel_fz_n": 38.038734417572094,
    "tire_rl_force_wheel_fz_n": 23.89012328669559,
    "tire_rr_force_wheel_fz_n": 21.52041106924722,
    "tire_fl_spindle_omega_radps": 0.05047914496650831,
    "tire_fr_spindle_omega_radps": 0.049952497643273225,
    "tire_rl_spindle_omega_radps": 0.049719494297456646,
    "tire_rr_spindle_omega_radps": 0.04528176116082658
  },
  "val_flat_loss": 0.002622938489121225,
  "val_flat_rmse": {
    "vel_body_x_mps": 0.0007168775041150517,
    "vel_body_y_mps": 0.0006333953517752411,
    "roll_rad": 1.4238112192427208e-05,
    "pitch_rad": 6.99378501969575e-06,
    "roll_rate_radps": 0.0013515421586014174,
    "ang_vel_body_y_radps": 0.0006688851813275768,
    "yaw_rate_radps": 0.0013143641535325603,
    "tire_fl_force_wheel_fz_n": 38.0182598155785,
    "tire_fr_force_wheel_fz_n": 38.038734417572094,
    "tire_rl_force_wheel_fz_n": 23.89012328669559,
    "tire_rr_force_wheel_fz_n": 21.52041106924722,
    "tire_fl_spindle_omega_radps": 0.05047914496650831,
    "tire_fr_spindle_omega_radps": 0.049952497643273225,
    "tire_rl_spindle_omega_radps": 0.049719494297456646,
    "tire_rr_spindle_omega_radps": 0.04528176116082658
  },
  "val_crm_loss": 0.09591558638814604,
  "val_crm_rmse": {
    "vel_body_x_mps": 0.0030557824670291826,
    "vel_body_y_mps": 0.0026620109557843647,
    "roll_rad": 4.291871377497739e-05,
    "pitch_rad": 2.893060272661573e-05,
    "roll_rate_radps": 0.0043916718254710324,
    "ang_vel_body_y_radps": 0.002859819676790612,
    "yaw_rate_radps": 0.002427726355285365,
    "tire_fl_force_wheel_fz_n": 671.3954874177383,
    "tire_fr_force_wheel_fz_n": 671.5416888271075,
    "tire_rl_force_wheel_fz_n": 950.3588549997139,
    "tire_rr_force_wheel_fz_n": 1005.8423354246952,
    "tire_fl_spindle_omega_radps": 0.14315445539064722,
    "tire_fr_spindle_omega_radps": 0.14250867593799393,
    "tire_rl_spindle_omega_radps": 0.16399893320576442,
    "tire_rr_spindle_omega_radps": 0.16414622364330134
  },
  "val_mixed_loss": 0.04926926243863363,
  "rollout_flat_5.0s": {
    "xy_rmse_m": 0.7888266973390317,
    "yaw_rmse_rad": 0.025380468963026502,
    "errdist": 0.1787643666395791,
    "mean_dist_m": 4.4126618305842085,
    "episodes": 12
  },
  "rollout_flat_10.0s": {
    "xy_rmse_m": 3.2304863091836875,
    "yaw_rmse_rad": 0.07995454124202529,
    "errdist": 0.11238145044002996,
    "mean_dist_m": 28.745725353558857,
    "episodes": 12
  },
  "rollout_crm_5.0s": {
    "xy_rmse_m": 0.7847415652399542,
    "yaw_rmse_rad": 0.040169046323809354,
    "errdist": 0.17074260015123463,
    "mean_dist_m": 4.596050221472979,
    "episodes": 12
  },
  "rollout_crm_10.0s": {
    "xy_rmse_m": 3.693141203839544,
    "yaw_rmse_rad": 0.17255861814146475,
    "errdist": 0.1719631469869302,
    "mean_dist_m": 21.476352745046217,
    "episodes": 12
  },
  "rollout_sel": 0.14217229871348008
}
{
  "epoch": 67,
  "timestamp_utc": "2026-07-10T08:09:09.372698+00:00",
  "train_loss": 0.026104287047870458,
  "val_loss": 0.0028034563090659505,
  "val_rmse": {
    "vel_body_x_mps": 0.0007884474692123004,
    "vel_body_y_mps": 0.0006269633424427397,
    "roll_rad": 1.4289529925259225e-05,
    "pitch_rad": 7.245951390307413e-06,
    "roll_rate_radps": 0.0013710974702402816,
    "ang_vel_body_y_radps": 0.0007604892983680486,
    "yaw_rate_radps": 0.0013128293025688224,
    "tire_fl_force_wheel_fz_n": 38.708906096308986,
    "tire_fr_force_wheel_fz_n": 38.95299415587826,
    "tire_rl_force_wheel_fz_n": 23.819224150989925,
    "tire_rr_force_wheel_fz_n": 21.458125097011287,
    "tire_fl_spindle_omega_radps": 0.05490352756973122,
    "tire_fr_spindle_omega_radps": 0.05469109872433329,
    "tire_rl_spindle_omega_radps": 0.05449006153248797,
    "tire_rr_spindle_omega_radps": 0.0488160531070521
  },
  "val_flat_loss": 0.0028034563090659505,
  "val_flat_rmse": {
    "vel_body_x_mps": 0.0007884474692123004,
    "vel_body_y_mps": 0.0006269633424427397,
    "roll_rad": 1.4289529925259225e-05,
    "pitch_rad": 7.245951390307413e-06,
    "roll_rate_radps": 0.0013710974702402816,
    "ang_vel_body_y_radps": 0.0007604892983680486,
    "yaw_rate_radps": 0.0013128293025688224,
    "tire_fl_force_wheel_fz_n": 38.708906096308986,
    "tire_fr_force_wheel_fz_n": 38.95299415587826,
    "tire_rl_force_wheel_fz_n": 23.819224150989925,
    "tire_rr_force_wheel_fz_n": 21.458125097011287,
    "tire_fl_spindle_omega_radps": 0.05490352756973122,
    "tire_fr_spindle_omega_radps": 0.05469109872433329,
    "tire_rl_spindle_omega_radps": 0.05449006153248797,
    "tire_rr_spindle_omega_radps": 0.0488160531070521
  },
  "val_crm_loss": 0.09552010262559633,
  "val_crm_rmse": {
    "vel_body_x_mps": 0.003031533043760512,
    "vel_body_y_mps": 0.002640033809141123,
    "roll_rad": 4.5046852384916755e-05,
    "pitch_rad": 2.8919294157467907e-05,
    "roll_rate_radps": 0.00437339846439607,
    "ang_vel_body_y_radps": 0.0028892329164930904,
    "yaw_rate_radps": 0.002450506374631881,
    "tire_fl_force_wheel_fz_n": 684.0568409633086,
    "tire_fr_force_wheel_fz_n": 674.8359342033003,
    "tire_rl_force_wheel_fz_n": 957.8686248403866,
    "tire_rr_force_wheel_fz_n": 989.479084349216,
    "tire_fl_spindle_omega_radps": 0.14324237490371197,
    "tire_fr_spindle_omega_radps": 0.14260945198522038,
    "tire_rl_spindle_omega_radps": 0.1633412705639247,
    "tire_rr_spindle_omega_radps": 0.16310378380536908
  },
  "val_mixed_loss": 0.04916177946733114,
  "rollout_flat_5.0s": {
    "xy_rmse_m": 1.2363746484055265,
    "yaw_rmse_rad": 0.0652402494882556,
    "errdist": 0.2801879445726387,
    "mean_dist_m": 4.4126618305842085,
    "episodes": 12
  },
  "rollout_flat_10.0s": {
    "xy_rmse_m": 3.3848334844250694,
    "yaw_rmse_rad": 0.12154736453850784,
    "errdist": 0.11775084617950025,
    "mean_dist_m": 28.745725353558857,
    "episodes": 12
  },
  "rollout_crm_5.0s": {
    "xy_rmse_m": 0.5231993098559188,
    "yaw_rmse_rad": 0.02508048348574177,
    "errdist": 0.1138367260243383,
    "mean_dist_m": 4.596050221472979,
    "episodes": 12
  },
  "rollout_crm_10.0s": {
    "xy_rmse_m": 1.6882369011581184,
    "yaw_rmse_rad": 0.07750520034840669,
    "errdist": 0.07860910654615369,
    "mean_dist_m": 21.476352745046217,
    "episodes": 12
  },
  "rollout_sel": 0.09817997636282697
}
{
  "epoch": 68,
  "timestamp_utc": "2026-07-10T08:09:42.858193+00:00",
  "train_loss": 0.02617556869285181,
  "val_loss": 0.00260463829161381,
  "val_rmse": {
    "vel_body_x_mps": 0.0007233202978433843,
    "vel_body_y_mps": 0.0006213437184028031,
    "roll_rad": 1.3409589766143208e-05,
    "pitch_rad": 7.101751925896206e-06,
    "roll_rate_radps": 0.0013593406036029696,
    "ang_vel_body_y_radps": 0.0006850938325937445,
    "yaw_rate_radps": 0.0013122340349624602,
    "tire_fl_force_wheel_fz_n": 38.49201476872661,
    "tire_fr_force_wheel_fz_n": 38.450364986914664,
    "tire_rl_force_wheel_fz_n": 24.156025314766595,
    "tire_rr_force_wheel_fz_n": 21.391655371561054,
    "tire_fl_spindle_omega_radps": 0.050969732593047296,
    "tire_fr_spindle_omega_radps": 0.05084966142688717,
    "tire_rl_spindle_omega_radps": 0.04991156305759757,
    "tire_rr_spindle_omega_radps": 0.04545139160909539
  },
  "val_flat_loss": 0.00260463829161381,
  "val_flat_rmse": {
    "vel_body_x_mps": 0.0007233202978433843,
    "vel_body_y_mps": 0.0006213437184028031,
    "roll_rad": 1.3409589766143208e-05,
    "pitch_rad": 7.101751925896206e-06,
    "roll_rate_radps": 0.0013593406036029696,
    "ang_vel_body_y_radps": 0.0006850938325937445,
    "yaw_rate_radps": 0.0013122340349624602,
    "tire_fl_force_wheel_fz_n": 38.49201476872661,
    "tire_fr_force_wheel_fz_n": 38.450364986914664,
    "tire_rl_force_wheel_fz_n": 24.156025314766595,
    "tire_rr_force_wheel_fz_n": 21.391655371561054,
    "tire_fl_spindle_omega_radps": 0.050969732593047296,
    "tire_fr_spindle_omega_radps": 0.05084966142688717,
    "tire_rl_spindle_omega_radps": 0.04991156305759757,
    "tire_rr_spindle_omega_radps": 0.04545139160909539
  },
  "val_crm_loss": 0.09516889623599127,
  "val_crm_rmse": {
    "vel_body_x_mps": 0.002980020051155679,
    "vel_body_y_mps": 0.002623625260010515,
    "roll_rad": 4.2543178151938706e-05,
    "pitch_rad": 2.9296417544301982e-05,
    "roll_rate_radps": 0.004303799157058957,
    "ang_vel_body_y_radps": 0.002896269977905762,
    "yaw_rate_radps": 0.0024207036857361143,
    "tire_fl_force_wheel_fz_n": 675.9089442921444,
    "tire_fr_force_wheel_fz_n": 677.7867953529591,
    "tire_rl_force_wheel_fz_n": 952.9926557234285,
    "tire_rr_force_wheel_fz_n": 999.5178352980594,
    "tire_fl_spindle_omega_radps": 0.1421524478636948,
    "tire_fr_spindle_omega_radps": 0.1423641037867693,
    "tire_rl_spindle_omega_radps": 0.163847199121521,
    "tire_rr_spindle_omega_radps": 0.1630259301265133
  },
  "val_mixed_loss": 0.04888676726380254,
  "rollout_flat_5.0s": {
    "xy_rmse_m": 0.8221119930364973,
    "yaw_rmse_rad": 0.07726573509514464,
    "errdist": 0.18630749978129524,
    "mean_dist_m": 4.4126618305842085,
    "episodes": 12
  },
  "rollout_flat_10.0s": {
    "xy_rmse_m": 5.4705041829455725,
    "yaw_rmse_rad": 0.2901781081520826,
    "errdist": 0.1903067018021272,
    "mean_dist_m": 28.745725353558857,
    "episodes": 12
  },
  "rollout_crm_5.0s": {
    "xy_rmse_m": 1.03840070746745,
    "yaw_rmse_rad": 0.06875929737080615,
    "errdist": 0.22593328128051984,
    "mean_dist_m": 4.596050221472979,
    "episodes": 12
  },
  "rollout_crm_10.0s": {
    "xy_rmse_m": 4.147869917744875,
    "yaw_rmse_rad": 0.2182143827762775,
    "errdist": 0.19313660783028588,
    "mean_dist_m": 21.476352745046217,
    "episodes": 12
  },
  "rollout_sel": 0.19172165481620654
}
{
  "epoch": 69,
  "timestamp_utc": "2026-07-10T08:10:16.250755+00:00",
  "train_loss": 0.025949613254051655,
  "val_loss": 0.0026562466902669258,
  "val_rmse": {
    "vel_body_x_mps": 0.0007584419871079488,
    "vel_body_y_mps": 0.0006367031057153736,
    "roll_rad": 1.2950238442032411e-05,
    "pitch_rad": 7.72149001694915e-06,
    "roll_rate_radps": 0.0013575675007397228,
    "ang_vel_body_y_radps": 0.0006928619597743474,
    "yaw_rate_radps": 0.0013312387459647175,
    "tire_fl_force_wheel_fz_n": 38.96653626071107,
    "tire_fr_force_wheel_fz_n": 37.91385473056462,
    "tire_rl_force_wheel_fz_n": 23.303302004554862,
    "tire_rr_force_wheel_fz_n": 21.1728401256893,
    "tire_fl_spindle_omega_radps": 0.05184670304511169,
    "tire_fr_spindle_omega_radps": 0.05188346650123083,
    "tire_rl_spindle_omega_radps": 0.05077109917407509,
    "tire_rr_spindle_omega_radps": 0.045655852778247116
  },
  "val_flat_loss": 0.0026562466902669258,
  "val_flat_rmse": {
    "vel_body_x_mps": 0.0007584419871079488,
    "vel_body_y_mps": 0.0006367031057153736,
    "roll_rad": 1.2950238442032411e-05,
    "pitch_rad": 7.72149001694915e-06,
    "roll_rate_radps": 0.0013575675007397228,
    "ang_vel_body_y_radps": 0.0006928619597743474,
    "yaw_rate_radps": 0.0013312387459647175,
    "tire_fl_force_wheel_fz_n": 38.96653626071107,
    "tire_fr_force_wheel_fz_n": 37.91385473056462,
    "tire_rl_force_wheel_fz_n": 23.303302004554862,
    "tire_rr_force_wheel_fz_n": 21.1728401256893,
    "tire_fl_spindle_omega_radps": 0.05184670304511169,
    "tire_fr_spindle_omega_radps": 0.05188346650123083,
    "tire_rl_spindle_omega_radps": 0.05077109917407509,
    "tire_rr_spindle_omega_radps": 0.045655852778247116
  },
  "val_crm_loss": 0.0956198282664991,
  "val_crm_rmse": {
    "vel_body_x_mps": 0.0030459676321111327,
    "vel_body_y_mps": 0.002617518892403779,
    "roll_rad": 4.4071566508322456e-05,
    "pitch_rad": 2.808966953232033e-05,
    "roll_rate_radps": 0.004338589457938155,
    "ang_vel_body_y_radps": 0.002873379398252004,
    "yaw_rate_radps": 0.002407446976059138,
    "tire_fl_force_wheel_fz_n": 676.2623050457789,
    "tire_fr_force_wheel_fz_n": 676.9466210791862,
    "tire_rl_force_wheel_fz_n": 955.944902255073,
    "tire_rr_force_wheel_fz_n": 999.298149058921,
    "tire_fl_spindle_omega_radps": 0.14198093925504887,
    "tire_fr_spindle_omega_radps": 0.1419655842907744,
    "tire_rl_spindle_omega_radps": 0.16458794980426836,
    "tire_rr_spindle_omega_radps": 0.16293984305832718
  },
  "val_mixed_loss": 0.049138037478383016,
  "rollout_flat_5.0s": {
    "xy_rmse_m": 0.8414719368298675,
    "yaw_rmse_rad": 0.0583290447137391,
    "errdist": 0.19069486154538653,
    "mean_dist_m": 4.4126618305842085,
    "episodes": 12
  },
  "rollout_flat_10.0s": {
    "xy_rmse_m": 5.588692886491862,
    "yaw_rmse_rad": 0.23369086501827604,
    "errdist": 0.1944182245448176,
    "mean_dist_m": 28.745725353558857,
    "episodes": 12
  },
  "rollout_crm_5.0s": {
    "xy_rmse_m": 0.6661770156907161,
    "yaw_rmse_rad": 0.02051210884851617,
    "errdist": 0.14494554750039576,
    "mean_dist_m": 4.596050221472979,
    "episodes": 12
  },
  "rollout_crm_10.0s": {
    "xy_rmse_m": 2.8354262795006235,
    "yaw_rmse_rad": 0.13572531238241783,
    "errdist": 0.13202550326682677,
    "mean_dist_m": 21.476352745046217,
    "episodes": 12
  },
  "rollout_sel": 0.1632218639058222
}
{
  "epoch": 70,
  "timestamp_utc": "2026-07-10T08:10:49.786561+00:00",
  "train_loss": 0.025710614916868508,
  "val_loss": 0.0026590509678408123,
  "val_rmse": {
    "vel_body_x_mps": 0.0007658474031777782,
    "vel_body_y_mps": 0.0006230664676598743,
    "roll_rad": 1.1984385741379967e-05,
    "pitch_rad": 7.384780360902457e-06,
    "roll_rate_radps": 0.0013654374043595647,
    "ang_vel_body_y_radps": 0.0007009136347164481,
    "yaw_rate_radps": 0.0012960687171905663,
    "tire_fl_force_wheel_fz_n": 38.38935834522301,
    "tire_fr_force_wheel_fz_n": 38.332358056695476,
    "tire_rl_force_wheel_fz_n": 22.93642047914356,
    "tire_rr_force_wheel_fz_n": 21.28035646912651,
    "tire_fl_spindle_omega_radps": 0.05239383250922747,
    "tire_fr_spindle_omega_radps": 0.05349698694366155,
    "tire_rl_spindle_omega_radps": 0.05187631782582502,
    "tire_rr_spindle_omega_radps": 0.04691966402093505
  },
  "val_flat_loss": 0.0026590509678408123,
  "val_flat_rmse": {
    "vel_body_x_mps": 0.0007658474031777782,
    "vel_body_y_mps": 0.0006230664676598743,
    "roll_rad": 1.1984385741379967e-05,
    "pitch_rad": 7.384780360902457e-06,
    "roll_rate_radps": 0.0013654374043595647,
    "ang_vel_body_y_radps": 0.0007009136347164481,
    "yaw_rate_radps": 0.0012960687171905663,
    "tire_fl_force_wheel_fz_n": 38.38935834522301,
    "tire_fr_force_wheel_fz_n": 38.332358056695476,
    "tire_rl_force_wheel_fz_n": 22.93642047914356,
    "tire_rr_force_wheel_fz_n": 21.28035646912651,
    "tire_fl_spindle_omega_radps": 0.05239383250922747,
    "tire_fr_spindle_omega_radps": 0.05349698694366155,
    "tire_rl_spindle_omega_radps": 0.05187631782582502,
    "tire_rr_spindle_omega_radps": 0.04691966402093505
  },
  "val_crm_loss": 0.09506953966396395,
  "val_crm_rmse": {
    "vel_body_x_mps": 0.002974497486200035,
    "vel_body_y_mps": 0.0026097658075654867,
    "roll_rad": 4.290558099468252e-05,
    "pitch_rad": 3.023376669810316e-05,
    "roll_rate_radps": 0.004296833469695694,
    "ang_vel_body_y_radps": 0.0028495216667286574,
    "yaw_rate_radps": 0.0024179827183270245,
    "tire_fl_force_wheel_fz_n": 685.2725987924526,
    "tire_fr_force_wheel_fz_n": 667.5047128191247,
    "tire_rl_force_wheel_fz_n": 952.9689298200611,
    "tire_rr_force_wheel_fz_n": 1002.1821936343067,
    "tire_fl_spindle_omega_radps": 0.1423898952257556,
    "tire_fr_spindle_omega_radps": 0.14179645790669979,
    "tire_rl_spindle_omega_radps": 0.1630161067686655,
    "tire_rr_spindle_omega_radps": 0.16214781447220955
  },
  "val_mixed_loss": 0.04886429531590238,
  "rollout_flat_5.0s": {
    "xy_rmse_m": 1.7382865226979958,
    "yaw_rmse_rad": 0.06335429202950378,
    "errdist": 0.39393150652286846,
    "mean_dist_m": 4.4126618305842085,
    "episodes": 12
  },
  "rollout_flat_10.0s": {
    "xy_rmse_m": 4.243652081340723,
    "yaw_rmse_rad": 0.11935071449182864,
    "errdist": 0.1476272394989448,
    "mean_dist_m": 28.745725353558857,
    "episodes": 12
  },
  "rollout_crm_5.0s": {
    "xy_rmse_m": 0.679646905731826,
    "yaw_rmse_rad": 0.02684109312436661,
    "errdist": 0.14787630094999427,
    "mean_dist_m": 4.596050221472979,
    "episodes": 12
  },
  "rollout_crm_10.0s": {
    "xy_rmse_m": 1.9222263656355951,
    "yaw_rmse_rad": 0.057263934135871906,
    "errdist": 0.08950432079669488,
    "mean_dist_m": 21.476352745046217,
    "episodes": 12
  },
  "rollout_sel": 0.11856578014781984
}
{
  "epoch": 71,
  "timestamp_utc": "2026-07-10T08:11:23.228650+00:00",
  "train_loss": 0.025545901984907686,
  "val_loss": 0.002640029637250336,
  "val_rmse": {
    "vel_body_x_mps": 0.000749660752349208,
    "vel_body_y_mps": 0.0006249871100511359,
    "roll_rad": 1.3117328264965994e-05,
    "pitch_rad": 8.31678106296102e-06,
    "roll_rate_radps": 0.0013795141016026472,
    "ang_vel_body_y_radps": 0.0007010957617787681,
    "yaw_rate_radps": 0.0012967608572645288,
    "tire_fl_force_wheel_fz_n": 40.15014589943511,
    "tire_fr_force_wheel_fz_n": 38.154344486266424,
    "tire_rl_force_wheel_fz_n": 23.65931090715439,
    "tire_rr_force_wheel_fz_n": 21.634619557134766,
    "tire_fl_spindle_omega_radps": 0.05176586235830706,
    "tire_fr_spindle_omega_radps": 0.05171133580339321,
    "tire_rl_spindle_omega_radps": 0.0520062306350745,
    "tire_rr_spindle_omega_radps": 0.046446259645965396
  },
  "val_flat_loss": 0.002640029637250336,
  "val_flat_rmse": {
    "vel_body_x_mps": 0.000749660752349208,
    "vel_body_y_mps": 0.0006249871100511359,
    "roll_rad": 1.3117328264965994e-05,
    "pitch_rad": 8.31678106296102e-06,
    "roll_rate_radps": 0.0013795141016026472,
    "ang_vel_body_y_radps": 0.0007010957617787681,
    "yaw_rate_radps": 0.0012967608572645288,
    "tire_fl_force_wheel_fz_n": 40.15014589943511,
    "tire_fr_force_wheel_fz_n": 38.154344486266424,
    "tire_rl_force_wheel_fz_n": 23.65931090715439,
    "tire_rr_force_wheel_fz_n": 21.634619557134766,
    "tire_fl_spindle_omega_radps": 0.05176586235830706,
    "tire_fr_spindle_omega_radps": 0.05171133580339321,
    "tire_rl_spindle_omega_radps": 0.0520062306350745,
    "tire_rr_spindle_omega_radps": 0.046446259645965396
  },
  "val_crm_loss": 0.09499325462238631,
  "val_crm_rmse": {
    "vel_body_x_mps": 0.002946283619068927,
    "vel_body_y_mps": 0.002603065152380643,
    "roll_rad": 4.380168520848582e-05,
    "pitch_rad": 2.8872722910910903e-05,
    "roll_rate_radps": 0.004315343727139187,
    "ang_vel_body_y_radps": 0.00283511578254615,
    "yaw_rate_radps": 0.0024131931397448105,
    "tire_fl_force_wheel_fz_n": 681.1817730752715,
    "tire_fr_force_wheel_fz_n": 672.4238638996234,
    "tire_rl_force_wheel_fz_n": 952.2228570237518,
    "tire_rr_force_wheel_fz_n": 1004.4071148587336,
    "tire_fl_spindle_omega_radps": 0.14179976958746712,
    "tire_fr_spindle_omega_radps": 0.14124442381516708,
    "tire_rl_spindle_omega_radps": 0.16294160019006693,
    "tire_rr_spindle_omega_radps": 0.16455767207657765
  },
  "val_mixed_loss": 0.04881664212981832,
  "rollout_flat_5.0s": {
    "xy_rmse_m": 0.6217075487629616,
    "yaw_rmse_rad": 0.0360005908990075,
    "errdist": 0.14089172763113178,
    "mean_dist_m": 4.4126618305842085,
    "episodes": 12
  },
  "rollout_flat_10.0s": {
    "xy_rmse_m": 2.5507232129133213,
    "yaw_rmse_rad": 0.12031082612479221,
    "errdist": 0.08873400067455697,
    "mean_dist_m": 28.745725353558857,
    "episodes": 12
  },
  "rollout_crm_5.0s": {
    "xy_rmse_m": 1.3141651244427606,
    "yaw_rmse_rad": 0.05628127047901815,
    "errdist": 0.28593358669209373,
    "mean_dist_m": 4.596050221472979,
    "episodes": 12
  },
  "rollout_crm_10.0s": {
    "xy_rmse_m": 4.733416593025321,
    "yaw_rmse_rad": 0.20979402983211137,
    "errdist": 0.2204013246205011,
    "mean_dist_m": 21.476352745046217,
    "episodes": 12
  },
  "rollout_sel": 0.15456766264752902
}
{
  "epoch": 72,
  "timestamp_utc": "2026-07-10T08:11:56.637906+00:00",
  "train_loss": 0.025664130420889705,
  "val_loss": 0.002588718422448437,
  "val_rmse": {
    "vel_body_x_mps": 0.0007308127489902312,
    "vel_body_y_mps": 0.000635205565244985,
    "roll_rad": 1.3340957686340376e-05,
    "pitch_rad": 7.552608768982229e-06,
    "roll_rate_radps": 0.0013783016061033942,
    "ang_vel_body_y_radps": 0.0006777776801410448,
    "yaw_rate_radps": 0.0013053092531579026,
    "tire_fl_force_wheel_fz_n": 38.00520222603929,
    "tire_fr_force_wheel_fz_n": 38.14661011008969,
    "tire_rl_force_wheel_fz_n": 24.137226914530807,
    "tire_rr_force_wheel_fz_n": 21.383215167345217,
    "tire_fl_spindle_omega_radps": 0.05136241788248129,
    "tire_fr_spindle_omega_radps": 0.05079585671222864,
    "tire_rl_spindle_omega_radps": 0.049421755645249935,
    "tire_rr_spindle_omega_radps": 0.045158390921162216
  },
  "val_flat_loss": 0.002588718422448437,
  "val_flat_rmse": {
    "vel_body_x_mps": 0.0007308127489902312,
    "vel_body_y_mps": 0.000635205565244985,
    "roll_rad": 1.3340957686340376e-05,
    "pitch_rad": 7.552608768982229e-06,
    "roll_rate_radps": 0.0013783016061033942,
    "ang_vel_body_y_radps": 0.0006777776801410448,
    "yaw_rate_radps": 0.0013053092531579026,
    "tire_fl_force_wheel_fz_n": 38.00520222603929,
    "tire_fr_force_wheel_fz_n": 38.14661011008969,
    "tire_rl_force_wheel_fz_n": 24.137226914530807,
    "tire_rr_force_wheel_fz_n": 21.383215167345217,
    "tire_fl_spindle_omega_radps": 0.05136241788248129,
    "tire_fr_spindle_omega_radps": 0.05079585671222864,
    "tire_rl_spindle_omega_radps": 0.049421755645249935,
    "tire_rr_spindle_omega_radps": 0.045158390921162216
  },
  "val_crm_loss": 0.09464640694641276,
  "val_crm_rmse": {
    "vel_body_x_mps": 0.0029702711358472965,
    "vel_body_y_mps": 0.002593984779412402,
    "roll_rad": 4.202052474827526e-05,
    "pitch_rad": 2.8082947883636497e-05,
    "roll_rate_radps": 0.004248825177480899,
    "ang_vel_body_y_radps": 0.002846259796949517,
    "yaw_rate_radps": 0.0024050791280693174,
    "tire_fl_force_wheel_fz_n": 673.3728427768707,
    "tire_fr_force_wheel_fz_n": 669.0040304430336,
    "tire_rl_force_wheel_fz_n": 957.3652622848228,
    "tire_rr_force_wheel_fz_n": 996.2615418819844,
    "tire_fl_spindle_omega_radps": 0.14136747533024477,
    "tire_fr_spindle_omega_radps": 0.14108122367954948,
    "tire_rl_spindle_omega_radps": 0.16340308938252074,
    "tire_rr_spindle_omega_radps": 0.1631653014109907
  },
  "val_mixed_loss": 0.0486175626844306,
  "rollout_flat_5.0s": {
    "xy_rmse_m": 2.3524125581084943,
    "yaw_rmse_rad": 0.08284105720955776,
    "errdist": 0.5331051071722507,
    "mean_dist_m": 4.4126618305842085,
    "episodes": 12
  },
  "rollout_flat_10.0s": {
    "xy_rmse_m": 6.790261227840775,
    "yaw_rmse_rad": 0.18043917955888217,
    "errdist": 0.23621812093185215,
    "mean_dist_m": 28.745725353558857,
    "episodes": 12
  },
  "rollout_crm_5.0s": {
    "xy_rmse_m": 1.11063035992653,
    "yaw_rmse_rad": 0.056881048527208475,
    "errdist": 0.24164887379550573,
    "mean_dist_m": 4.596050221472979,
    "episodes": 12
  },
  "rollout_crm_10.0s": {
    "xy_rmse_m": 4.34706823610124,
    "yaw_rmse_rad": 0.1875488351151355,
    "errdist": 0.20241184747274857,
    "mean_dist_m": 21.476352745046217,
    "episodes": 12
  },
  "rollout_sel": 0.21931498420230036
}
{
  "epoch": 73,
  "timestamp_utc": "2026-07-10T08:12:30.018501+00:00",
  "train_loss": 0.025645345715805887,
  "val_loss": 0.0025579084903074546,
  "val_rmse": {
    "vel_body_x_mps": 0.0006943647377023768,
    "vel_body_y_mps": 0.0006242742464603807,
    "roll_rad": 1.2415386883927203e-05,
    "pitch_rad": 6.841689838632915e-06,
    "roll_rate_radps": 0.0013442496933326637,
    "ang_vel_body_y_radps": 0.0006553500408949108,
    "yaw_rate_radps": 0.0013180315048222369,
    "tire_fl_force_wheel_fz_n": 38.93554003563278,
    "tire_fr_force_wheel_fz_n": 37.60236866704805,
    "tire_rl_force_wheel_fz_n": 23.368625524331684,
    "tire_rr_force_wheel_fz_n": 21.25384107543622,
    "tire_fl_spindle_omega_radps": 0.050803595366826326,
    "tire_fr_spindle_omega_radps": 0.050070377041101136,
    "tire_rl_spindle_omega_radps": 0.04879774282180707,
    "tire_rr_spindle_omega_radps": 0.04363738806570443
  },
  "val_flat_loss": 0.0025579084903074546,
  "val_flat_rmse": {
    "vel_body_x_mps": 0.0006943647377023768,
    "vel_body_y_mps": 0.0006242742464603807,
    "roll_rad": 1.2415386883927203e-05,
    "pitch_rad": 6.841689838632915e-06,
    "roll_rate_radps": 0.0013442496933326637,
    "ang_vel_body_y_radps": 0.0006553500408949108,
    "yaw_rate_radps": 0.0013180315048222369,
    "tire_fl_force_wheel_fz_n": 38.93554003563278,
    "tire_fr_force_wheel_fz_n": 37.60236866704805,
    "tire_rl_force_wheel_fz_n": 23.368625524331684,
    "tire_rr_force_wheel_fz_n": 21.25384107543622,
    "tire_fl_spindle_omega_radps": 0.050803595366826326,
    "tire_fr_spindle_omega_radps": 0.050070377041101136,
    "tire_rl_spindle_omega_radps": 0.04879774282180707,
    "tire_rr_spindle_omega_radps": 0.04363738806570443
  },
  "val_crm_loss": 0.0946020204332308,
  "val_crm_rmse": {
    "vel_body_x_mps": 0.0029784326064011828,
    "vel_body_y_mps": 0.0025898483311842585,
    "roll_rad": 4.118879747697403e-05,
    "pitch_rad": 2.8166885891665534e-05,
    "roll_rate_radps": 0.004254758640360365,
    "ang_vel_body_y_radps": 0.0028306272701247685,
    "yaw_rate_radps": 0.0024082139379035497,
    "tire_fl_force_wheel_fz_n": 666.408567985784,
    "tire_fr_force_wheel_fz_n": 667.9806801968234,
    "tire_rl_force_wheel_fz_n": 952.3082904923074,
    "tire_rr_force_wheel_fz_n": 1005.223005158909,
    "tire_fl_spindle_omega_radps": 0.14167367303864947,
    "tire_fr_spindle_omega_radps": 0.14166092297450328,
    "tire_rl_spindle_omega_radps": 0.16270941618605742,
    "tire_rr_spindle_omega_radps": 0.16278392754626494
  },
  "val_mixed_loss": 0.048579964461769126,
  "rollout_flat_5.0s": {
    "xy_rmse_m": 1.5551047611007596,
    "yaw_rmse_rad": 0.05349913613408883,
    "errdist": 0.3524187487747896,
    "mean_dist_m": 4.4126618305842085,
    "episodes": 12
  },
  "rollout_flat_10.0s": {
    "xy_rmse_m": 4.166256239144634,
    "yaw_rmse_rad": 0.0982341671571292,
    "errdist": 0.1449348098857012,
    "mean_dist_m": 28.745725353558857,
    "episodes": 12
  },
  "rollout_crm_5.0s": {
    "xy_rmse_m": 0.8841108211536541,
    "yaw_rmse_rad": 0.03425012558443592,
    "errdist": 0.19236317676056797,
    "mean_dist_m": 4.596050221472979,
    "episodes": 12
  },
  "rollout_crm_10.0s": {
    "xy_rmse_m": 2.3554205620319197,
    "yaw_rmse_rad": 0.13768906020901572,
    "errdist": 0.10967507332338942,
    "mean_dist_m": 21.476352745046217,
    "episodes": 12
  },
  "rollout_sel": 0.1273049416045453
}
{
  "epoch": 74,
  "timestamp_utc": "2026-07-10T08:13:03.547618+00:00",
  "train_loss": 0.025389203447382897,
  "val_loss": 0.0025456835118347954,
  "val_rmse": {
    "vel_body_x_mps": 0.0007032508949588315,
    "vel_body_y_mps": 0.0006267124737599827,
    "roll_rad": 1.3142676434401369e-05,
    "pitch_rad": 7.281800728371627e-06,
    "roll_rate_radps": 0.0013774365995373875,
    "ang_vel_body_y_radps": 0.0006658986499108172,
    "yaw_rate_radps": 0.0013153610502451096,
    "tire_fl_force_wheel_fz_n": 38.542318033841795,
    "tire_fr_force_wheel_fz_n": 38.06239085258532,
    "tire_rl_force_wheel_fz_n": 23.67237561543199,
    "tire_rr_force_wheel_fz_n": 21.533732266564105,
    "tire_fl_spindle_omega_radps": 0.05095408938978921,
    "tire_fr_spindle_omega_radps": 0.05007263514138635,
    "tire_rl_spindle_omega_radps": 0.04893532657499435,
    "tire_rr_spindle_omega_radps": 0.043838588883645876
  },
  "val_flat_loss": 0.0025456835118347954,
  "val_flat_rmse": {
    "vel_body_x_mps": 0.0007032508949588315,
    "vel_body_y_mps": 0.0006267124737599827,
    "roll_rad": 1.3142676434401369e-05,
    "pitch_rad": 7.281800728371627e-06,
    "roll_rate_radps": 0.0013774365995373875,
    "ang_vel_body_y_radps": 0.0006658986499108172,
    "yaw_rate_radps": 0.0013153610502451096,
    "tire_fl_force_wheel_fz_n": 38.542318033841795,
    "tire_fr_force_wheel_fz_n": 38.06239085258532,
    "tire_rl_force_wheel_fz_n": 23.67237561543199,
    "tire_rr_force_wheel_fz_n": 21.533732266564105,
    "tire_fl_spindle_omega_radps": 0.05095408938978921,
    "tire_fr_spindle_omega_radps": 0.05007263514138635,
    "tire_rl_spindle_omega_radps": 0.04893532657499435,
    "tire_rr_spindle_omega_radps": 0.043838588883645876
  },
  "val_crm_loss": 0.09466622176376405,
  "val_crm_rmse": {
    "vel_body_x_mps": 0.00297932342191117,
    "vel_body_y_mps": 0.002580140943864084,
    "roll_rad": 4.132269991833497e-05,
    "pitch_rad": 2.791651392343859e-05,
    "roll_rate_radps": 0.004249291980711966,
    "ang_vel_body_y_radps": 0.00284468620617949,
    "yaw_rate_radps": 0.002412242183116888,
    "tire_fl_force_wheel_fz_n": 671.9483160270745,
    "tire_fr_force_wheel_fz_n": 672.9373465662048,
    "tire_rl_force_wheel_fz_n": 955.3825160032842,
    "tire_rr_force_wheel_fz_n": 1004.300129346147,
    "tire_fl_spindle_omega_radps": 0.14207865254445845,
    "tire_fr_spindle_omega_radps": 0.1411840395015892,
    "tire_rl_spindle_omega_radps": 0.16273370328952924,
    "tire_rr_spindle_omega_radps": 0.16278356854445997
  },
  "val_mixed_loss": 0.04860595263779942,
  "rollout_flat_5.0s": {
    "xy_rmse_m": 0.4134758420615691,
    "yaw_rmse_rad": 0.025004362791077348,
    "errdist": 0.09370213670029356,
    "mean_dist_m": 4.4126618305842085,
    "episodes": 12
  },
  "rollout_flat_10.0s": {
    "xy_rmse_m": 2.6650309641877996,
    "yaw_rmse_rad": 0.11695798948301064,
    "errdist": 0.09271051369931273,
    "mean_dist_m": 28.745725353558857,
    "episodes": 12
  },
  "rollout_crm_5.0s": {
    "xy_rmse_m": 0.6163242986341657,
    "yaw_rmse_rad": 0.02429286507455162,
    "errdist": 0.13409868668420277,
    "mean_dist_m": 4.596050221472979,
    "episodes": 12
  },
  "rollout_crm_10.0s": {
    "xy_rmse_m": 1.5482142985891771,
    "yaw_rmse_rad": 0.10303682538518755,
    "errdist": 0.07208925635412147,
    "mean_dist_m": 21.476352745046217,
    "episodes": 12
  },
  "rollout_sel": 0.0823998850267171
}
{
  "epoch": 75,
  "timestamp_utc": "2026-07-10T08:13:37.012421+00:00",
  "train_loss": 0.025379842594265938,
  "val_loss": 0.0025467946356184257,
  "val_rmse": {
    "vel_body_x_mps": 0.0007054582950497504,
    "vel_body_y_mps": 0.0006323489185158883,
    "roll_rad": 1.4526289811365694e-05,
    "pitch_rad": 6.634624701855289e-06,
    "roll_rate_radps": 0.001367674470668138,
    "ang_vel_body_y_radps": 0.0006582084877233041,
    "yaw_rate_radps": 0.001303934583901088,
    "tire_fl_force_wheel_fz_n": 37.913221977659354,
    "tire_fr_force_wheel_fz_n": 37.913218324838525,
    "tire_rl_force_wheel_fz_n": 23.61748992544577,
    "tire_rr_force_wheel_fz_n": 21.335786742016843,
    "tire_fl_spindle_omega_radps": 0.05152705157951314,
    "tire_fr_spindle_omega_radps": 0.05073575117331189,
    "tire_rl_spindle_omega_radps": 0.04899013088887617,
    "tire_rr_spindle_omega_radps": 0.04463595567951384
  },
  "val_flat_loss": 0.0025467946356184257,
  "val_flat_rmse": {
    "vel_body_x_mps": 0.0007054582950497504,
    "vel_body_y_mps": 0.0006323489185158883,
    "roll_rad": 1.4526289811365694e-05,
    "pitch_rad": 6.634624701855289e-06,
    "roll_rate_radps": 0.001367674470668138,
    "ang_vel_body_y_radps": 0.0006582084877233041,
    "yaw_rate_radps": 0.001303934583901088,
    "tire_fl_force_wheel_fz_n": 37.913221977659354,
    "tire_fr_force_wheel_fz_n": 37.913218324838525,
    "tire_rl_force_wheel_fz_n": 23.61748992544577,
    "tire_rr_force_wheel_fz_n": 21.335786742016843,
    "tire_fl_spindle_omega_radps": 0.05152705157951314,
    "tire_fr_spindle_omega_radps": 0.05073575117331189,
    "tire_rl_spindle_omega_radps": 0.04899013088887617,
    "tire_rr_spindle_omega_radps": 0.04463595567951384
  },
  "val_crm_loss": 0.09417256938235369,
  "val_crm_rmse": {
    "vel_body_x_mps": 0.0029494907303405826,
    "vel_body_y_mps": 0.002597868017261661,
    "roll_rad": 4.1127155859043026e-05,
    "pitch_rad": 2.7461061090562642e-05,
    "roll_rate_radps": 0.004245790781717068,
    "ang_vel_body_y_radps": 0.0028164497927345954,
    "yaw_rate_radps": 0.0023993405543700527,
    "tire_fl_force_wheel_fz_n": 665.1095003446654,
    "tire_fr_force_wheel_fz_n": 665.3176762977871,
    "tire_rl_force_wheel_fz_n": 952.03152898686,
    "tire_rr_force_wheel_fz_n": 1003.4731260297913,
    "tire_fl_spindle_omega_radps": 0.14177959855119465,
    "tire_fr_spindle_omega_radps": 0.14006301807727917,
    "tire_rl_spindle_omega_radps": 0.16238118607375748,
    "tire_rr_spindle_omega_radps": 0.16267854937961235
  },
  "val_mixed_loss": 0.048359682008986056,
  "rollout_flat_5.0s": {
    "xy_rmse_m": 0.6510013859202315,
    "yaw_rmse_rad": 0.05923804302693827,
    "errdist": 0.14753031410839906,
    "mean_dist_m": 4.4126618305842085,
    "episodes": 12
  },
  "rollout_flat_10.0s": {
    "xy_rmse_m": 4.000900914779422,
    "yaw_rmse_rad": 0.150539828917365,
    "errdist": 0.1391824650646393,
    "mean_dist_m": 28.745725353558857,
    "episodes": 12
  },
  "rollout_crm_5.0s": {
    "xy_rmse_m": 0.48113800149266617,
    "yaw_rmse_rad": 0.017646718455104213,
    "errdist": 0.10468510532038251,
    "mean_dist_m": 4.596050221472979,
    "episodes": 12
  },
  "rollout_crm_10.0s": {
    "xy_rmse_m": 1.9098030279029745,
    "yaw_rmse_rad": 0.13697972117306942,
    "errdist": 0.08892585489607838,
    "mean_dist_m": 21.476352745046217,
    "episodes": 12
  },
  "rollout_sel": 0.11405415998035884
}
{
  "epoch": 76,
  "timestamp_utc": "2026-07-10T08:14:10.505181+00:00",
  "train_loss": 0.025008459272794426,
  "val_loss": 0.0025272276089344813,
  "val_rmse": {
    "vel_body_x_mps": 0.0007073352523319996,
    "vel_body_y_mps": 0.0006232172035549932,
    "roll_rad": 1.281053951422885e-05,
    "pitch_rad": 7.12710201258562e-06,
    "roll_rate_radps": 0.001349431405276736,
    "ang_vel_body_y_radps": 0.00065735829300977,
    "yaw_rate_radps": 0.001290180317215197,
    "tire_fl_force_wheel_fz_n": 37.568682181526064,
    "tire_fr_force_wheel_fz_n": 37.74593930231501,
    "tire_rl_force_wheel_fz_n": 23.768092323350377,
    "tire_rr_force_wheel_fz_n": 21.21572497697312,
    "tire_fl_spindle_omega_radps": 0.051194042393053474,
    "tire_fr_spindle_omega_radps": 0.05045037721511571,
    "tire_rl_spindle_omega_radps": 0.0493593508699917,
    "tire_rr_spindle_omega_radps": 0.04468375836229773
  },
  "val_flat_loss": 0.0025272276089344813,
  "val_flat_rmse": {
    "vel_body_x_mps": 0.0007073352523319996,
    "vel_body_y_mps": 0.0006232172035549932,
    "roll_rad": 1.281053951422885e-05,
    "pitch_rad": 7.12710201258562e-06,
    "roll_rate_radps": 0.001349431405276736,
    "ang_vel_body_y_radps": 0.00065735829300977,
    "yaw_rate_radps": 0.001290180317215197,
    "tire_fl_force_wheel_fz_n": 37.568682181526064,
    "tire_fr_force_wheel_fz_n": 37.74593930231501,
    "tire_rl_force_wheel_fz_n": 23.768092323350377,
    "tire_rr_force_wheel_fz_n": 21.21572497697312,
    "tire_fl_spindle_omega_radps": 0.051194042393053474,
    "tire_fr_spindle_omega_radps": 0.05045037721511571,
    "tire_rl_spindle_omega_radps": 0.0493593508699917,
    "tire_rr_spindle_omega_radps": 0.04468375836229773
  },
  "val_crm_loss": 0.09441186866897625,
  "val_crm_rmse": {
    "vel_body_x_mps": 0.002940507302085248,
    "vel_body_y_mps": 0.0025970121763044633,
    "roll_rad": 4.1759500649921894e-05,
    "pitch_rad": 2.7978680604194997e-05,
    "roll_rate_radps": 0.004232832699557921,
    "ang_vel_body_y_radps": 0.0028188361519348986,
    "yaw_rate_radps": 0.002398877792688716,
    "tire_fl_force_wheel_fz_n": 669.7047659829832,
    "tire_fr_force_wheel_fz_n": 670.8928384473422,
    "tire_rl_force_wheel_fz_n": 950.2469375614797,
    "tire_rr_force_wheel_fz_n": 1004.4950051743548,
    "tire_fl_spindle_omega_radps": 0.1417700380044084,
    "tire_fr_spindle_omega_radps": 0.1407635238094079,
    "tire_rl_spindle_omega_radps": 0.16220421647200667,
    "tire_rr_spindle_omega_radps": 0.16280208847555955
  },
  "val_mixed_loss": 0.04846954813895536,
  "rollout_flat_5.0s": {
    "xy_rmse_m": 0.6977509401087963,
    "yaw_rmse_rad": 0.07708609695517309,
    "errdist": 0.15812472536931718,
    "mean_dist_m": 4.4126618305842085,
    "episodes": 12
  },
  "rollout_flat_10.0s": {
    "xy_rmse_m": 4.2999871394238625,
    "yaw_rmse_rad": 0.23175421857037767,
    "errdist": 0.14958701116552287,
    "mean_dist_m": 28.745725353558857,
    "episodes": 12
  },
  "rollout_crm_5.0s": {
    "xy_rmse_m": 0.8520798176799397,
    "yaw_rmse_rad": 0.025366072367509037,
    "errdist": 0.1853939310103662,
    "mean_dist_m": 4.596050221472979,
    "episodes": 12
  },
  "rollout_crm_10.0s": {
    "xy_rmse_m": 2.292405890332666,
    "yaw_rmse_rad": 0.11225667313714555,
    "errdist": 0.10674093117889569,
    "mean_dist_m": 21.476352745046217,
    "episodes": 12
  },
  "rollout_sel": 0.1281639711722093
}
{
  "epoch": 77,
  "timestamp_utc": "2026-07-10T08:14:43.944893+00:00",
  "train_loss": 0.025103578529320658,
  "val_loss": 0.0025652919577532885,
  "val_rmse": {
    "vel_body_x_mps": 0.0007387373869785119,
    "vel_body_y_mps": 0.0006095218873664971,
    "roll_rad": 1.1420837555067142e-05,
    "pitch_rad": 9.948154383910253e-06,
    "roll_rate_radps": 0.0013452849041702406,
    "ang_vel_body_y_radps": 0.0006923853556377273,
    "yaw_rate_radps": 0.0012942103939527876,
    "tire_fl_force_wheel_fz_n": 38.635522154664635,
    "tire_fr_force_wheel_fz_n": 38.88670878805572,
    "tire_rl_force_wheel_fz_n": 23.665777448422322,
    "tire_rr_force_wheel_fz_n": 20.990762300370264,
    "tire_fl_spindle_omega_radps": 0.051463149084360754,
    "tire_fr_spindle_omega_radps": 0.05112123511948799,
    "tire_rl_spindle_omega_radps": 0.05067162163361167,
    "tire_rr_spindle_omega_radps": 0.04649224566513921
  },
  "val_flat_loss": 0.0025652919577532885,
  "val_flat_rmse": {
    "vel_body_x_mps": 0.0007387373869785119,
    "vel_body_y_mps": 0.0006095218873664971,
    "roll_rad": 1.1420837555067142e-05,
    "pitch_rad": 9.948154383910253e-06,
    "roll_rate_radps": 0.0013452849041702406,
    "ang_vel_body_y_radps": 0.0006923853556377273,
    "yaw_rate_radps": 0.0012942103939527876,
    "tire_fl_force_wheel_fz_n": 38.635522154664635,
    "tire_fr_force_wheel_fz_n": 38.88670878805572,
    "tire_rl_force_wheel_fz_n": 23.665777448422322,
    "tire_rr_force_wheel_fz_n": 20.990762300370264,
    "tire_fl_spindle_omega_radps": 0.051463149084360754,
    "tire_fr_spindle_omega_radps": 0.05112123511948799,
    "tire_rl_spindle_omega_radps": 0.05067162163361167,
    "tire_rr_spindle_omega_radps": 0.04649224566513921
  },
  "val_crm_loss": 0.09468002807465382,
  "val_crm_rmse": {
    "vel_body_x_mps": 0.002978897793206485,
    "vel_body_y_mps": 0.002573975750795077,
    "roll_rad": 4.258191345655907e-05,
    "pitch_rad": 3.129439093872533e-05,
    "roll_rate_radps": 0.004229748845449774,
    "ang_vel_body_y_radps": 0.002849046568777959,
    "yaw_rate_radps": 0.0024083211075846085,
    "tire_fl_force_wheel_fz_n": 666.5544571255712,
    "tire_fr_force_wheel_fz_n": 674.7039102633527,
    "tire_rl_force_wheel_fz_n": 954.6357735961356,
    "tire_rr_force_wheel_fz_n": 1003.5620140359689,
    "tire_fl_spindle_omega_radps": 0.14180053291837252,
    "tire_fr_spindle_omega_radps": 0.1410847522326812,
    "tire_rl_spindle_omega_radps": 0.1632969139394617,
    "tire_rr_spindle_omega_radps": 0.16482100589887508
  },
  "val_mixed_loss": 0.04862266001620356,
  "rollout_flat_5.0s": {
    "xy_rmse_m": 0.8708564806938813,
    "yaw_rmse_rad": 0.08968951563336859,
    "errdist": 0.19735400402948744,
    "mean_dist_m": 4.4126618305842085,
    "episodes": 12
  },
  "rollout_flat_10.0s": {
    "xy_rmse_m": 4.721984290577663,
    "yaw_rmse_rad": 0.21909331034758284,
    "errdist": 0.1642673556676509,
    "mean_dist_m": 28.745725353558857,
    "episodes": 12
  },
  "rollout_crm_5.0s": {
    "xy_rmse_m": 0.4372051477040201,
    "yaw_rmse_rad": 0.026762716611536917,
    "errdist": 0.09512627726767987,
    "mean_dist_m": 4.596050221472979,
    "episodes": 12
  },
  "rollout_crm_10.0s": {
    "xy_rmse_m": 1.9627180317725927,
    "yaw_rmse_rad": 0.1543735010449505,
    "errdist": 0.0913897278123874,
    "mean_dist_m": 21.476352745046217,
    "episodes": 12
  },
  "rollout_sel": 0.12782854174001915
}
{
  "epoch": 78,
  "timestamp_utc": "2026-07-10T08:15:17.392063+00:00",
  "train_loss": 0.02498246655333787,
  "val_loss": 0.0025230711207859715,
  "val_rmse": {
    "vel_body_x_mps": 0.0007226382509356797,
    "vel_body_y_mps": 0.0006143083105167263,
    "roll_rad": 1.2298913105605028e-05,
    "pitch_rad": 7.590586749169469e-06,
    "roll_rate_radps": 0.0013436038492794648,
    "ang_vel_body_y_radps": 0.0006853488321451108,
    "yaw_rate_radps": 0.0013010044249069258,
    "tire_fl_force_wheel_fz_n": 37.48843402443073,
    "tire_fr_force_wheel_fz_n": 37.55816439591383,
    "tire_rl_force_wheel_fz_n": 23.833676772933188,
    "tire_rr_force_wheel_fz_n": 21.220518268283875,
    "tire_fl_spindle_omega_radps": 0.05157521613774914,
    "tire_fr_spindle_omega_radps": 0.05122202434605382,
    "tire_rl_spindle_omega_radps": 0.04999603791206675,
    "tire_rr_spindle_omega_radps": 0.045495188568791686
  },
  "val_flat_loss": 0.0025230711207859715,
  "val_flat_rmse": {
    "vel_body_x_mps": 0.0007226382509356797,
    "vel_body_y_mps": 0.0006143083105167263,
    "roll_rad": 1.2298913105605028e-05,
    "pitch_rad": 7.590586749169469e-06,
    "roll_rate_radps": 0.0013436038492794648,
    "ang_vel_body_y_radps": 0.0006853488321451108,
    "yaw_rate_radps": 0.0013010044249069258,
    "tire_fl_force_wheel_fz_n": 37.48843402443073,
    "tire_fr_force_wheel_fz_n": 37.55816439591383,
    "tire_rl_force_wheel_fz_n": 23.833676772933188,
    "tire_rr_force_wheel_fz_n": 21.220518268283875,
    "tire_fl_spindle_omega_radps": 0.05157521613774914,
    "tire_fr_spindle_omega_radps": 0.05122202434605382,
    "tire_rl_spindle_omega_radps": 0.04999603791206675,
    "tire_rr_spindle_omega_radps": 0.045495188568791686
  },
  "val_crm_loss": 0.0940507139795227,
  "val_crm_rmse": {
    "vel_body_x_mps": 0.002934603332155633,
    "vel_body_y_mps": 0.002601771401095125,
    "roll_rad": 4.17201436054586e-05,
    "pitch_rad": 2.6978439880521542e-05,
    "roll_rate_radps": 0.004238960468586203,
    "ang_vel_body_y_radps": 0.002825633732866876,
    "yaw_rate_radps": 0.002407321819722514,
    "tire_fl_force_wheel_fz_n": 667.3370620476014,
    "tire_fr_force_wheel_fz_n": 668.1316936355311,
    "tire_rl_force_wheel_fz_n": 953.1225823778252,
    "tire_rr_force_wheel_fz_n": 999.6245924372604,
    "tire_fl_spindle_omega_radps": 0.14214922894547916,
    "tire_fr_spindle_omega_radps": 0.1408237319736214,
    "tire_rl_spindle_omega_radps": 0.16203010731468181,
    "tire_rr_spindle_omega_radps": 0.16198791877391272
  },
  "val_mixed_loss": 0.04828689255015433,
  "rollout_flat_5.0s": {
    "xy_rmse_m": 0.48298974751647605,
    "yaw_rmse_rad": 0.027842522266830226,
    "errdist": 0.10945541853419827,
    "mean_dist_m": 4.4126618305842085,
    "episodes": 12
  },
  "rollout_flat_10.0s": {
    "xy_rmse_m": 5.3025313890323345,
    "yaw_rmse_rad": 0.19473386094659753,
    "errdist": 0.18446330102349828,
    "mean_dist_m": 28.745725353558857,
    "episodes": 12
  },
  "rollout_crm_5.0s": {
    "xy_rmse_m": 0.45739008896493666,
    "yaw_rmse_rad": 0.0225815169452305,
    "errdist": 0.09951807898616666,
    "mean_dist_m": 4.596050221472979,
    "episodes": 12
  },
  "rollout_crm_10.0s": {
    "xy_rmse_m": 1.500248730276323,
    "yaw_rmse_rad": 0.06843759916681569,
    "errdist": 0.06985584321911334,
    "mean_dist_m": 21.476352745046217,
    "episodes": 12
  },
  "rollout_sel": 0.1271595721213058
}
{
  "epoch": 79,
  "timestamp_utc": "2026-07-10T08:15:50.882695+00:00",
  "train_loss": 0.025111398292705416,
  "val_loss": 0.002497634990068036,
  "val_rmse": {
    "vel_body_x_mps": 0.0007229588176399118,
    "vel_body_y_mps": 0.0006094214054493943,
    "roll_rad": 1.1402481091309108e-05,
    "pitch_rad": 6.739919608893951e-06,
    "roll_rate_radps": 0.0013440738790805903,
    "ang_vel_body_y_radps": 0.0006830581686950435,
    "yaw_rate_radps": 0.001287054969033957,
    "tire_fl_force_wheel_fz_n": 38.00237103625476,
    "tire_fr_force_wheel_fz_n": 37.437191560904374,
    "tire_rl_force_wheel_fz_n": 23.2995164749417,
    "tire_rr_force_wheel_fz_n": 21.072985402697704,
    "tire_fl_spindle_omega_radps": 0.05101952554951291,
    "tire_fr_spindle_omega_radps": 0.050750396827529666,
    "tire_rl_spindle_omega_radps": 0.04970198847629649,
    "tire_rr_spindle_omega_radps": 0.04492802158261209
  },
  "val_flat_loss": 0.002497634990068036,
  "val_flat_rmse": {
    "vel_body_x_mps": 0.0007229588176399118,
    "vel_body_y_mps": 0.0006094214054493943,
    "roll_rad": 1.1402481091309108e-05,
    "pitch_rad": 6.739919608893951e-06,
    "roll_rate_radps": 0.0013440738790805903,
    "ang_vel_body_y_radps": 0.0006830581686950435,
    "yaw_rate_radps": 0.001287054969033957,
    "tire_fl_force_wheel_fz_n": 38.00237103625476,
    "tire_fr_force_wheel_fz_n": 37.437191560904374,
    "tire_rl_force_wheel_fz_n": 23.2995164749417,
    "tire_rr_force_wheel_fz_n": 21.072985402697704,
    "tire_fl_spindle_omega_radps": 0.05101952554951291,
    "tire_fr_spindle_omega_radps": 0.050750396827529666,
    "tire_rl_spindle_omega_radps": 0.04970198847629649,
    "tire_rr_spindle_omega_radps": 0.04492802158261209
  },
  "val_crm_loss": 0.09458460639085388,
  "val_crm_rmse": {
    "vel_body_x_mps": 0.002921065284918095,
    "vel_body_y_mps": 0.0025881989875829042,
    "roll_rad": 4.079863024095802e-05,
    "pitch_rad": 2.7378835722392773e-05,
    "roll_rate_radps": 0.004266981340719308,
    "ang_vel_body_y_radps": 0.0028193505701986886,
    "yaw_rate_radps": 0.0024074824994219854,
    "tire_fl_force_wheel_fz_n": 672.4087264248691,
    "tire_fr_force_wheel_fz_n": 664.4074608142173,
    "tire_rl_force_wheel_fz_n": 955.7515573508955,
    "tire_rr_force_wheel_fz_n": 1013.1505224435432,
    "tire_fl_spindle_omega_radps": 0.14205391603938045,
    "tire_fr_spindle_omega_radps": 0.1408194880199285,
    "tire_rl_spindle_omega_radps": 0.16350494306977087,
    "tire_rr_spindle_omega_radps": 0.16256119965765156
  },
  "val_mixed_loss": 0.04854112069046096,
  "rollout_flat_5.0s": {
    "xy_rmse_m": 0.4641285416034491,
    "yaw_rmse_rad": 0.0394409085471196,
    "errdist": 0.10518108103969558,
    "mean_dist_m": 4.4126618305842085,
    "episodes": 12
  },
  "rollout_flat_10.0s": {
    "xy_rmse_m": 4.30590189478613,
    "yaw_rmse_rad": 0.18550112974197935,
    "errdist": 0.14979277238008673,
    "mean_dist_m": 28.745725353558857,
    "episodes": 12
  },
  "rollout_crm_5.0s": {
    "xy_rmse_m": 0.5532816869358197,
    "yaw_rmse_rad": 0.020121629905000375,
    "errdist": 0.12038199329303664,
    "mean_dist_m": 4.596050221472979,
    "episodes": 12
  },
  "rollout_crm_10.0s": {
    "xy_rmse_m": 1.6270502597835552,
    "yaw_rmse_rad": 0.06682789121492819,
    "errdist": 0.07576008268717109,
    "mean_dist_m": 21.476352745046217,
    "episodes": 12
  },
  "rollout_sel": 0.1127764275336289
}
{
  "epoch": 80,
  "timestamp_utc": "2026-07-10T08:16:24.348853+00:00",
  "train_loss": 0.02495252182055265,
  "val_loss": 0.0026722963242355037,
  "val_rmse": {
    "vel_body_x_mps": 0.0007455748636737452,
    "vel_body_y_mps": 0.0006341576242552892,
    "roll_rad": 1.2686462168571524e-05,
    "pitch_rad": 8.253779109130893e-06,
    "roll_rate_radps": 0.0013687606068299525,
    "ang_vel_body_y_radps": 0.0007378168161022748,
    "yaw_rate_radps": 0.0013070903917661875,
    "tire_fl_force_wheel_fz_n": 39.244292278647016,
    "tire_fr_force_wheel_fz_n": 37.73129462409623,
    "tire_rl_force_wheel_fz_n": 23.870195237361308,
    "tire_rr_force_wheel_fz_n": 21.4607675719642,
    "tire_fl_spindle_omega_radps": 0.05269537412383768,
    "tire_fr_spindle_omega_radps": 0.05234315984699808,
    "tire_rl_spindle_omega_radps": 0.051967817137210055,
    "tire_rr_spindle_omega_radps": 0.04608982432490718
  },
  "val_flat_loss": 0.0026722963242355037,
  "val_flat_rmse": {
    "vel_body_x_mps": 0.0007455748636737452,
    "vel_body_y_mps": 0.0006341576242552892,
    "roll_rad": 1.2686462168571524e-05,
    "pitch_rad": 8.253779109130893e-06,
    "roll_rate_radps": 0.0013687606068299525,
    "ang_vel_body_y_radps": 0.0007378168161022748,
    "yaw_rate_radps": 0.0013070903917661875,
    "tire_fl_force_wheel_fz_n": 39.244292278647016,
    "tire_fr_force_wheel_fz_n": 37.73129462409623,
    "tire_rl_force_wheel_fz_n": 23.870195237361308,
    "tire_rr_force_wheel_fz_n": 21.4607675719642,
    "tire_fl_spindle_omega_radps": 0.05269537412383768,
    "tire_fr_spindle_omega_radps": 0.05234315984699808,
    "tire_rl_spindle_omega_radps": 0.051967817137210055,
    "tire_rr_spindle_omega_radps": 0.04608982432490718
  },
  "val_crm_loss": 0.09446429530187743,
  "val_crm_rmse": {
    "vel_body_x_mps": 0.002971835475682821,
    "vel_body_y_mps": 0.002580404818996939,
    "roll_rad": 4.2661864454471605e-05,
    "pitch_rad": 2.9129164239977557e-05,
    "roll_rate_radps": 0.0042744107514136155,
    "ang_vel_body_y_radps": 0.0028305965492525513,
    "yaw_rate_radps": 0.00241487722274675,
    "tire_fl_force_wheel_fz_n": 665.5631323268988,
    "tire_fr_force_wheel_fz_n": 664.4340715209819,
    "tire_rl_force_wheel_fz_n": 956.0673570713122,
    "tire_rr_force_wheel_fz_n": 1004.2371677918018,
    "tire_fl_spindle_omega_radps": 0.14175822773213578,
    "tire_fr_spindle_omega_radps": 0.13986434744238851,
    "tire_rl_spindle_omega_radps": 0.16180251505941545,
    "tire_rr_spindle_omega_radps": 0.162139452897803
  },
  "val_mixed_loss": 0.04856829581305647,
  "rollout_flat_5.0s": {
    "xy_rmse_m": 0.8235138444175877,
    "yaw_rmse_rad": 0.09398059211616204,
    "errdist": 0.18662518815962828,
    "mean_dist_m": 4.4126618305842085,
    "episodes": 12
  },
  "rollout_flat_10.0s": {
    "xy_rmse_m": 3.9505868050941166,
    "yaw_rmse_rad": 0.2136598576915362,
    "errdist": 0.13743214883269644,
    "mean_dist_m": 28.745725353558857,
    "episodes": 12
  },
  "rollout_crm_5.0s": {
    "xy_rmse_m": 0.7946825108413401,
    "yaw_rmse_rad": 0.027197655404480717,
    "errdist": 0.17290553247841883,
    "mean_dist_m": 4.596050221472979,
    "episodes": 12
  },
  "rollout_crm_10.0s": {
    "xy_rmse_m": 2.303006473219102,
    "yaw_rmse_rad": 0.11964959507796434,
    "errdist": 0.10723452443526839,
    "mean_dist_m": 21.476352745046217,
    "episodes": 12
  },
  "rollout_sel": 0.12233333663398241
}
training completed; last checkpoint: /home/harry/NeDM/artifacts/training_runs/ablation_ofat/L6_H8_E256_ctx32/checkpoints/last.pt
