ci_grad: 5 members from artifacts/traverse/crm_improve_20260922/deploy_v1/deploy_a1_haux_gru_s*.pt on cuda: kinds ['ci_train'] conds ['hist_aux'] hist_T 40; steps 60 starts 17 lr 0.02/0.1 keep pessimistic abstain 0.3
  [1/800] f104_crm_eval_group_0000 B z -13.364 (pess -12.926) -> G z -13.541 (pess -13.421) gain 0.496 from round0/sample step 56 | valid 17/17 | 3.89s (cem 0.73 refine 3.09 [60 steps] finals 0.06)
  [2/800] f104_crm_eval_group_0001 B z -13.564 (pess -13.359) -> G abstain | valid 17/17 | 2.60s (cem 0.35 refine 2.19 [60 steps] finals 0.05)
  [3/800] f104_crm_eval_group_0002 B z -13.636 (pess -13.485) -> G abstain | valid 17/17 | 2.29s (cem 0.35 refine 1.88 [60 steps] finals 0.05)
  [4/800] f104_crm_eval_group_0003 B z -13.682 (pess -13.609) -> G abstain | valid 17/17 | 2.33s (cem 0.35 refine 1.92 [60 steps] finals 0.05)
  [5/800] f104_crm_eval_group_0004 B z -13.024 (pess -12.389) -> G z -13.638 (pess -13.517) gain 1.128 from B/sample step 60 | valid 17/17 | 2.58s (cem 0.34 refine 2.17 [60 steps] finals 0.06)
  [6/800] f104_crm_eval_group_0005 B z -13.201 (pess -12.589) -> G z -13.281 (pess -13.041) gain 0.451 from round0/sample step 30 | valid 17/17 | 2.58s (cem 0.35 refine 2.17 [60 steps] finals 0.05)
  [7/800] f104_crm_eval_group_0006 B z -13.222 (pess -12.882) -> G z -13.355 (pess -13.258) gain 0.377 from round0/sample step 13 | valid 17/17 | 2.62s (cem 0.35 refine 2.21 [60 steps] finals 0.05)
  [8/800] f104_crm_eval_group_0007 B z -13.364 (pess -12.913) -> G z -13.492 (pess -13.227) gain 0.314 from B/sample step 30 | valid 17/17 | 2.58s (cem 0.34 refine 2.17 [60 steps] finals 0.05)
  [9/800] f104_crm_eval_group_0008 B z -13.643 (pess -13.559) -> G abstain | valid 17/17 | 2.58s (cem 0.35 refine 2.17 [60 steps] finals 0.05)
  [10/800] f104_crm_eval_group_0009 B z -13.355 (pess -13.040) -> G abstain | valid 17/17 | 2.59s (cem 0.35 refine 2.17 [60 steps] finals 0.05)
  [11/800] f104_crm_eval_group_0010 B z -12.974 (pess -12.019) -> G z -13.390 (pess -13.264) gain 1.246 from round0/sample step 60 | valid 17/17 | 2.58s (cem 0.35 refine 2.17 [60 steps] finals 0.05)
  [12/800] f104_crm_eval_group_0011 B z -13.422 (pess -13.160) -> G z -13.585 (pess -13.461) gain 0.300 from B/sample step 60 | valid 17/17 | 2.58s (cem 0.35 refine 2.17 [60 steps] finals 0.05)
  [13/800] f104_crm_eval_group_0012 B z -13.250 (pess -12.914) -> G abstain | valid 17/17 | 2.58s (cem 0.34 refine 2.17 [60 steps] finals 0.05)
  [14/800] f104_crm_eval_group_0013 B z -12.601 (pess -12.037) -> G z -13.185 (pess -12.651) gain 0.614 from B/sample step 52 | valid 17/17 | 2.59s (cem 0.35 refine 2.17 [60 steps] finals 0.06)
  [15/800] f104_crm_eval_group_0014 B z -13.243 (pess -12.941) -> G z -13.415 (pess -13.291) gain 0.349 from B/sample step 18 | valid 17/17 | 2.60s (cem 0.35 refine 2.18 [60 steps] finals 0.05)
  [16/800] f104_crm_eval_group_0015 B z -13.634 (pess -13.571) -> G abstain | valid 17/17 | 2.60s (cem 0.35 refine 2.18 [60 steps] finals 0.06)
  [17/800] f104_crm_eval_group_0016 B z -13.273 (pess -12.917) -> G z -13.432 (pess -13.347) gain 0.430 from B/sample step 4 | valid 17/17 | 2.58s (cem 0.35 refine 2.16 [60 steps] finals 0.06)
  [18/800] f104_crm_eval_group_0017 B z -12.224 (pess -11.466) -> G z -12.452 (pess -11.884) gain 0.417 from B/sample step 60 | valid 17/17 | 2.61s (cem 0.35 refine 2.20 [60 steps] finals 0.05)
  [19/800] f104_crm_eval_group_0018 B z -13.268 (pess -13.057) -> G abstain | valid 17/17 | 2.52s (cem 0.34 refine 2.11 [60 steps] finals 0.06)
  [20/800] f104_crm_eval_group_0019 B z -13.359 (pess -13.037) -> G z -13.517 (pess -13.441) gain 0.405 from B/sample step 60 | valid 17/17 | 2.63s (cem 0.37 refine 2.19 [60 steps] finals 0.06)
  [21/800] f104_crm_eval_group_0020 B z -13.480 (pess -13.005) -> G abstain | valid 17/17 | 2.58s (cem 0.38 refine 2.13 [60 steps] finals 0.05)
  [22/800] f104_crm_eval_group_0021 B z -13.496 (pess -13.359) -> G abstain | valid 17/17 | 2.58s (cem 0.34 refine 2.18 [60 steps] finals 0.05)
  [23/800] f104_crm_eval_group_0022 B z -13.452 (pess -13.171) -> G abstain | valid 17/17 | 2.61s (cem 0.36 refine 2.19 [60 steps] finals 0.06)
  [24/800] f104_crm_eval_group_0023 B z -12.367 (pess -10.414) -> G z -13.583 (pess -13.290) gain 2.872 from B/sample step 60 | valid 17/17 | 2.60s (cem 0.36 refine 2.18 [60 steps] finals 0.05)
  [25/800] f104_crm_eval_group_0024 B z -12.446 (pess -11.467) -> G z -13.082 (pess -12.970) gain 1.503 from round0/anchor step 19 | valid 17/17 | 2.60s (cem 0.34 refine 2.20 [60 steps] finals 0.05)
  [26/800] f104_crm_eval_group_0025 B z -13.111 (pess -12.244) -> G z -13.364 (pess -13.260) gain 1.017 from round0/sample step 60 | valid 17/17 | 2.66s (cem 0.36 refine 2.24 [60 steps] finals 0.06)
  [27/800] f104_crm_eval_group_0026 B z -13.222 (pess -12.827) -> G z -13.405 (pess -13.216) gain 0.389 from round0/anchor step 45 | valid 17/17 | 2.56s (cem 0.36 refine 2.14 [60 steps] finals 0.06)
  [28/800] f104_crm_eval_group_0027 B z -13.381 (pess -12.978) -> G z -13.536 (pess -13.388) gain 0.411 from B/sample step 23 | valid 17/17 | 2.58s (cem 0.35 refine 2.18 [60 steps] finals 0.05)
  [29/800] f104_crm_eval_group_0028 B z -13.660 (pess -13.528) -> G abstain | valid 17/17 | 2.60s (cem 0.35 refine 2.18 [60 steps] finals 0.05)
  [30/800] f104_crm_eval_group_0029 B z -13.452 (pess -12.846) -> G z -13.500 (pess -13.461) gain 0.616 from round0/anchor step 52 | valid 17/17 | 2.60s (cem 0.35 refine 2.19 [60 steps] finals 0.05)
  [31/800] f104_crm_eval_group_0030 B z -13.570 (pess -13.426) -> G abstain | valid 17/17 | 2.57s (cem 0.34 refine 2.17 [60 steps] finals 0.05)
  [32/800] f104_crm_eval_group_0031 B z -13.519 (pess -13.276) -> G abstain | valid 17/17 | 2.58s (cem 0.34 refine 2.17 [60 steps] finals 0.05)
  [33/800] f104_crm_eval_group_0032 B z -13.498 (pess -13.079) -> G z -13.603 (pess -13.558) gain 0.479 from B/sample step 14 | valid 17/17 | 2.64s (cem 0.35 refine 2.23 [60 steps] finals 0.05)
  [34/800] f104_crm_eval_group_0033 B z -12.933 (pess -12.589) -> G z -13.346 (pess -13.183) gain 0.592 from B/sample step 51 | valid 17/17 | 2.62s (cem 0.35 refine 2.20 [60 steps] finals 0.06)
  [35/800] f104_crm_eval_group_0034 B z -13.399 (pess -13.075) -> G z -13.587 (pess -13.479) gain 0.405 from B/mean step 27 | valid 17/17 | 2.64s (cem 0.36 refine 2.22 [60 steps] finals 0.06)
  [36/800] f104_crm_eval_group_0035 B z -13.409 (pess -13.049) -> G z -13.591 (pess -13.567) gain 0.518 from B/sample step 52 | valid 17/17 | 2.62s (cem 0.35 refine 2.20 [60 steps] finals 0.05)
  [37/800] f104_crm_eval_group_0036 B z -13.008 (pess -12.362) -> G abstain | valid 17/17 | 2.69s (cem 0.39 refine 2.23 [60 steps] finals 0.05)
  [38/800] f104_crm_eval_group_0037 B z -13.176 (pess -12.820) -> G abstain | valid 17/17 | 2.63s (cem 0.36 refine 2.21 [60 steps] finals 0.05)
  [39/800] f104_crm_eval_group_0038 B z -13.226 (pess -12.869) -> G abstain | valid 17/17 | 2.78s (cem 0.35 refine 2.37 [60 steps] finals 0.05)
  [40/800] f104_crm_eval_group_0039 B z -13.282 (pess -12.477) -> G z -13.479 (pess -13.229) gain 0.751 from round0/sample step 56 | valid 17/17 | 2.94s (cem 0.37 refine 2.50 [60 steps] finals 0.05)
  [41/800] f104_crm_eval_group_0040 B z -13.646 (pess -13.602) -> G abstain | valid 17/17 | 2.88s (cem 0.38 refine 2.44 [60 steps] finals 0.05)
  [42/800] f104_crm_eval_group_0041 B z -13.467 (pess -13.010) -> G z -13.630 (pess -13.583) gain 0.573 from round0/anchor step 20 | valid 17/17 | 2.70s (cem 0.37 refine 2.27 [60 steps] finals 0.05)
  [43/800] f104_crm_eval_group_0042 B z -13.466 (pess -12.937) -> G z -13.520 (pess -13.272) gain 0.334 from B/mean step 19 | valid 17/17 | 2.59s (cem 0.36 refine 2.16 [60 steps] finals 0.05)
  [44/800] f104_crm_eval_group_0043 B z -13.539 (pess -13.385) -> G abstain | valid 17/17 | 2.64s (cem 0.39 refine 2.18 [60 steps] finals 0.06)
  [45/800] f104_crm_eval_group_0044 B z -12.351 (pess -11.711) -> G z -12.783 (pess -12.637) gain 0.926 from round0/anchor step 44 | valid 17/17 | 2.59s (cem 0.35 refine 2.17 [60 steps] finals 0.05)
  [46/800] f104_crm_eval_group_0045 B z -13.504 (pess -13.316) -> G abstain | valid 17/17 | 2.59s (cem 0.36 refine 2.17 [60 steps] finals 0.05)
  [47/800] f104_crm_eval_group_0046 B z -13.609 (pess -13.487) -> G abstain | valid 17/17 | 2.59s (cem 0.36 refine 2.17 [60 steps] finals 0.05)
  [48/800] f104_crm_eval_group_0047 B z -13.325 (pess -12.985) -> G z -13.522 (pess -13.389) gain 0.404 from B/sample step 60 | valid 17/17 | 2.60s (cem 0.35 refine 2.18 [60 steps] finals 0.05)
  [49/800] f104_crm_eval_group_0048 B z -13.497 (pess -13.406) -> G abstain | valid 17/17 | 2.61s (cem 0.35 refine 2.20 [60 steps] finals 0.05)
  [50/800] f104_crm_eval_group_0049 B z -13.282 (pess -13.112) -> G abstain | valid 17/17 | 2.60s (cem 0.36 refine 2.18 [60 steps] finals 0.05)
  [51/800] f104_crm_eval_group_0050 B z -13.544 (pess -13.400) -> G abstain | valid 17/17 | 2.60s (cem 0.35 refine 2.18 [60 steps] finals 0.05)
  [52/800] f104_crm_eval_group_0051 B z -13.604 (pess -13.355) -> G abstain | valid 17/17 | 2.60s (cem 0.35 refine 2.18 [60 steps] finals 0.05)
  [53/800] f104_crm_eval_group_0052 B z -13.233 (pess -12.512) -> G z -13.325 (pess -13.214) gain 0.704 from round0/anchor step 54 | valid 17/17 | 2.58s (cem 0.35 refine 2.17 [60 steps] finals 0.05)
  [54/800] f104_crm_eval_group_0053 B z -13.310 (pess -12.908) -> G abstain | valid 17/17 | 2.60s (cem 0.35 refine 2.18 [60 steps] finals 0.05)
  [55/800] f104_crm_eval_group_0054 B z -12.750 (pess -10.503) -> G z -13.385 (pess -13.038) gain 2.535 from round0/sample step 48 | valid 17/17 | 2.60s (cem 0.36 refine 2.17 [60 steps] finals 0.05)
  [56/800] f104_crm_eval_group_0055 B z -12.557 (pess -12.059) -> G z -12.672 (pess -12.464) gain 0.405 from B/sample step 16 | valid 17/17 | 2.57s (cem 0.36 refine 2.15 [60 steps] finals 0.05)
  [57/800] f104_crm_eval_group_0056 B z -13.141 (pess -12.922) -> G z -13.365 (pess -13.265) gain 0.343 from B/sample step 42 | valid 17/17 | 2.59s (cem 0.35 refine 2.18 [60 steps] finals 0.05)
  [58/800] f104_crm_eval_group_0057 B z -13.475 (pess -13.175) -> G abstain | valid 17/17 | 2.59s (cem 0.36 refine 2.16 [60 steps] finals 0.05)
  [59/800] f104_crm_eval_group_0058 B z -13.523 (pess -13.122) -> G z -13.627 (pess -13.599) gain 0.478 from round0/sample step 26 | valid 17/17 | 2.59s (cem 0.36 refine 2.17 [60 steps] finals 0.05)
  [60/800] f104_crm_eval_group_0059 B z -13.259 (pess -12.730) -> G z -13.501 (pess -13.377) gain 0.646 from round0/anchor step 60 | valid 17/17 | 2.59s (cem 0.36 refine 2.17 [60 steps] finals 0.05)
  [61/800] f104_crm_eval_group_0060 B z -13.575 (pess -13.179) -> G z -13.597 (pess -13.570) gain 0.391 from round0/sample step 56 | valid 17/17 | 2.57s (cem 0.35 refine 2.16 [60 steps] finals 0.05)
  [62/800] f104_crm_eval_group_0061 B z -13.379 (pess -12.826) -> G z -13.567 (pess -13.439) gain 0.613 from B/sample step 7 | valid 17/17 | 2.56s (cem 0.35 refine 2.15 [60 steps] finals 0.05)
  [63/800] f104_crm_eval_group_0062 B z -13.613 (pess -13.409) -> G abstain | valid 17/17 | 2.58s (cem 0.35 refine 2.17 [60 steps] finals 0.05)
  [64/800] f104_crm_eval_group_0063 B z -13.046 (pess -12.154) -> G z -13.438 (pess -13.219) gain 1.065 from B/sample step 58 | valid 17/17 | 2.60s (cem 0.35 refine 2.18 [60 steps] finals 0.05)
  [65/800] f104_crm_eval_group_0064 B z -13.398 (pess -13.007) -> G z -13.506 (pess -13.411) gain 0.404 from round0/sample step 60 | valid 17/17 | 2.57s (cem 0.36 refine 2.15 [60 steps] finals 0.05)
  [66/800] f104_crm_eval_group_0065 B z -13.357 (pess -13.198) -> G abstain | valid 17/17 | 2.60s (cem 0.36 refine 2.18 [60 steps] finals 0.05)
  [67/800] f104_crm_eval_group_0066 B z -13.661 (pess -13.457) -> G abstain | valid 17/17 | 2.61s (cem 0.36 refine 2.18 [60 steps] finals 0.06)
  [68/800] f104_crm_eval_group_0067 B z -12.962 (pess -11.805) -> G z -13.387 (pess -13.152) gain 1.346 from B/sample step 21 | valid 17/17 | 2.60s (cem 0.35 refine 2.19 [60 steps] finals 0.05)
  [69/800] f104_crm_eval_group_0068 B z -13.624 (pess -13.594) -> G abstain | valid 17/17 | 2.60s (cem 0.36 refine 2.18 [60 steps] finals 0.05)
  [70/800] f104_crm_eval_group_0069 B z -13.578 (pess -13.450) -> G abstain | valid 17/17 | 2.59s (cem 0.35 refine 2.17 [60 steps] finals 0.05)
  [71/800] f104_crm_eval_group_0070 B z -13.340 (pess -12.762) -> G z -13.324 (pess -13.300) gain 0.538 from round0/anchor step 16 | valid 17/17 | 2.61s (cem 0.35 refine 2.20 [60 steps] finals 0.05)
  [72/800] f104_crm_eval_group_0071 B z -13.528 (pess -13.454) -> G abstain | valid 17/17 | 2.71s (cem 0.38 refine 2.26 [60 steps] finals 0.06)
  [73/800] f104_crm_eval_group_0072 B z -13.236 (pess -12.309) -> G z -13.493 (pess -13.286) gain 0.977 from round0/anchor step 51 | valid 17/17 | 2.60s (cem 0.37 refine 2.17 [60 steps] finals 0.06)
  [74/800] f104_crm_eval_group_0073 B z -12.629 (pess -12.031) -> G z -13.008 (pess -12.727) gain 0.696 from round0/sample step 60 | valid 17/17 | 2.59s (cem 0.35 refine 2.17 [60 steps] finals 0.05)
  [75/800] f104_crm_eval_group_0074 B z -13.348 (pess -12.978) -> G abstain | valid 17/17 | 2.59s (cem 0.35 refine 2.17 [60 steps] finals 0.06)
  [76/800] f104_crm_eval_group_0075 B z -13.417 (pess -13.025) -> G z -13.594 (pess -13.529) gain 0.503 from B/sample step 44 | valid 17/17 | 2.60s (cem 0.36 refine 2.18 [60 steps] finals 0.05)
  [77/800] f104_crm_eval_group_0076 B z -13.457 (pess -13.233) -> G abstain | valid 17/17 | 2.60s (cem 0.36 refine 2.17 [60 steps] finals 0.06)
  [78/800] f104_crm_eval_group_0077 B z -13.372 (pess -13.150) -> G abstain | valid 17/17 | 2.58s (cem 0.35 refine 2.17 [60 steps] finals 0.05)
  [79/800] f104_crm_eval_group_0078 B z -13.034 (pess -12.085) -> G z -13.138 (pess -12.901) gain 0.817 from B/sample step 14 | valid 17/17 | 2.60s (cem 0.36 refine 2.17 [60 steps] finals 0.06)
  [80/800] f104_crm_eval_group_0079 B z -13.333 (pess -12.898) -> G z -13.469 (pess -13.429) gain 0.531 from round0/anchor step 54 | valid 17/17 | 2.61s (cem 0.35 refine 2.19 [60 steps] finals 0.05)
  [81/800] f104_crm_eval_group_0080 B z -13.537 (pess -13.342) -> G abstain | valid 17/17 | 2.62s (cem 0.35 refine 2.21 [60 steps] finals 0.05)
  [82/800] f104_crm_eval_group_0081 B z -13.697 (pess -13.634) -> G abstain | valid 17/17 | 2.60s (cem 0.36 refine 2.18 [60 steps] finals 0.05)
  [83/800] f104_crm_eval_group_0082 B z -13.212 (pess -12.524) -> G z -13.429 (pess -13.331) gain 0.808 from round0/sample step 60 | valid 17/17 | 2.60s (cem 0.36 refine 2.18 [60 steps] finals 0.05)
  [84/800] f104_crm_eval_group_0083 B z -11.093 (pess -9.646) -> G z -12.660 (pess -12.522) gain 2.876 from B/sample step 53 | valid 17/17 | 2.58s (cem 0.35 refine 2.17 [60 steps] finals 0.05)
  [85/800] f104_crm_eval_group_0084 B z -12.685 (pess -12.392) -> G z -13.270 (pess -13.118) gain 0.726 from B/sample step 60 | valid 17/17 | 2.59s (cem 0.36 refine 2.17 [60 steps] finals 0.06)
  [86/800] f104_crm_eval_group_0085 B z -12.877 (pess -12.342) -> G z -13.339 (pess -12.891) gain 0.548 from B/sample step 52 | valid 17/17 | 2.58s (cem 0.35 refine 2.17 [60 steps] finals 0.05)
  [87/800] f104_crm_eval_group_0086 B z -13.116 (pess -12.868) -> G z -13.299 (pess -13.230) gain 0.363 from round0/sample step 44 | valid 17/17 | 2.58s (cem 0.35 refine 2.17 [60 steps] finals 0.05)
  [88/800] f104_crm_eval_group_0087 B z -12.787 (pess -11.346) -> G z -12.842 (pess -12.420) gain 1.074 from round0/anchor step 60 | valid 17/17 | 2.59s (cem 0.36 refine 2.17 [60 steps] finals 0.05)
  [89/800] f104_crm_eval_group_0088 B z -13.477 (pess -13.275) -> G abstain | valid 17/17 | 2.60s (cem 0.37 refine 2.16 [60 steps] finals 0.05)
  [90/800] f104_crm_eval_group_0089 B z -13.105 (pess -12.267) -> G z -13.327 (pess -13.111) gain 0.845 from B/mean step 31 | valid 17/17 | 2.56s (cem 0.35 refine 2.15 [60 steps] finals 0.05)
  [91/800] f104_crm_eval_group_0090 B z -13.271 (pess -12.907) -> G abstain | valid 17/17 | 2.58s (cem 0.35 refine 2.16 [60 steps] finals 0.05)
  [92/800] f104_crm_eval_group_0091 B z -12.554 (pess -12.193) -> G z -13.031 (pess -12.706) gain 0.514 from round0/anchor step 56 | valid 17/17 | 2.60s (cem 0.36 refine 2.18 [60 steps] finals 0.05)
  [93/800] f104_crm_eval_group_0092 B z -11.194 (pess -9.684) -> G z -12.323 (pess -11.545) gain 1.861 from B/sample step 45 | valid 17/17 | 2.52s (cem 0.35 refine 2.11 [60 steps] finals 0.05)
  [94/800] f104_crm_eval_group_0093 B z -12.828 (pess -11.633) -> G z -13.347 (pess -13.191) gain 1.558 from round0/sample step 60 | valid 17/17 | 2.61s (cem 0.36 refine 2.19 [60 steps] finals 0.05)
  [95/800] f104_crm_eval_group_0094 B z -13.474 (pess -13.075) -> G z -13.567 (pess -13.443) gain 0.368 from round0/sample step 48 | valid 17/17 | 2.62s (cem 0.35 refine 2.20 [60 steps] finals 0.05)
  [96/800] f104_crm_eval_group_0095 B z -12.803 (pess -11.573) -> G z -13.196 (pess -13.090) gain 1.518 from round0/sample step 43 | valid 17/17 | 2.57s (cem 0.36 refine 2.16 [60 steps] finals 0.05)
  [97/800] f104_crm_eval_group_0096 B z -13.638 (pess -13.538) -> G abstain | valid 17/17 | 2.60s (cem 0.36 refine 2.18 [60 steps] finals 0.05)
  [98/800] f104_crm_eval_group_0097 B z -13.164 (pess -12.889) -> G z -13.553 (pess -13.423) gain 0.535 from B/sample step 49 | valid 17/17 | 2.59s (cem 0.35 refine 2.17 [60 steps] finals 0.06)
  [99/800] f104_crm_eval_group_0098 B z -12.189 (pess -11.815) -> G z -12.563 (pess -12.153) gain 0.339 from round0/sample step 56 | valid 17/17 | 2.61s (cem 0.35 refine 2.19 [60 steps] finals 0.06)
  [100/800] f104_crm_eval_group_0099 B z -13.004 (pess -12.359) -> G z -13.336 (pess -13.209) gain 0.852 from round0/sample step 44 | valid 17/17 | 2.59s (cem 0.35 refine 2.18 [60 steps] finals 0.05)
  [101/800] f104_crm_eval_group_0100 B z -13.463 (pess -13.363) -> G abstain | valid 17/17 | 2.58s (cem 0.35 refine 2.17 [60 steps] finals 0.05)
  [102/800] f104_crm_eval_group_0101 B z -13.489 (pess -13.262) -> G abstain | valid 17/17 | 2.57s (cem 0.35 refine 2.16 [60 steps] finals 0.05)
  [103/800] f104_crm_eval_group_0102 B z -13.332 (pess -12.967) -> G z -13.485 (pess -13.420) gain 0.453 from B/mean step 50 | valid 17/17 | 2.58s (cem 0.35 refine 2.17 [60 steps] finals 0.05)
  [104/800] f104_crm_eval_group_0103 B z -13.667 (pess -13.544) -> G abstain | valid 17/17 | 2.59s (cem 0.35 refine 2.17 [60 steps] finals 0.05)
  [105/800] f104_crm_eval_group_0104 B z -13.277 (pess -12.964) -> G abstain | valid 17/17 | 2.60s (cem 0.36 refine 2.17 [60 steps] finals 0.05)
  [106/800] f104_crm_eval_group_0105 B z -13.528 (pess -13.313) -> G abstain | valid 17/17 | 2.57s (cem 0.35 refine 2.16 [60 steps] finals 0.05)
  [107/800] f104_crm_eval_group_0106 B z -13.573 (pess -13.316) -> G abstain | valid 17/17 | 2.58s (cem 0.35 refine 2.16 [60 steps] finals 0.06)
  [108/800] f104_crm_eval_group_0107 B z -13.536 (pess -13.218) -> G abstain | valid 17/17 | 2.59s (cem 0.35 refine 2.18 [60 steps] finals 0.05)
  [109/800] f104_crm_eval_group_0108 B z -13.538 (pess -13.413) -> G abstain | valid 17/17 | 2.61s (cem 0.38 refine 2.17 [60 steps] finals 0.06)
  [110/800] f104_crm_eval_group_0109 B z -13.220 (pess -12.978) -> G abstain | valid 17/17 | 2.54s (cem 0.35 refine 2.12 [60 steps] finals 0.05)
  [111/800] f104_crm_eval_group_0110 B z -13.034 (pess -12.020) -> G z -13.118 (pess -12.970) gain 0.949 from round0/anchor step 35 | valid 17/17 | 2.60s (cem 0.36 refine 2.17 [60 steps] finals 0.05)
  [112/800] f104_crm_eval_group_0111 B z -13.142 (pess -12.046) -> G z -13.213 (pess -12.835) gain 0.788 from round0/sample step 59 | valid 17/17 | 2.58s (cem 0.36 refine 2.16 [60 steps] finals 0.05)
  [113/800] f104_crm_eval_group_0112 B z -13.527 (pess -13.320) -> G abstain | valid 17/17 | 2.58s (cem 0.35 refine 2.17 [60 steps] finals 0.05)
  [114/800] f104_crm_eval_group_0113 B z -12.972 (pess -12.464) -> G z -13.394 (pess -13.222) gain 0.758 from round0/sample step 60 | valid 17/17 | 2.59s (cem 0.35 refine 2.17 [60 steps] finals 0.05)
  [115/800] f104_crm_eval_group_0114 B z -12.492 (pess -10.734) -> G z -13.129 (pess -12.704) gain 1.972 from round0/anchor step 58 | valid 17/17 | 2.58s (cem 0.34 refine 2.18 [60 steps] finals 0.05)
  [116/800] f104_crm_eval_group_0115 B z -13.464 (pess -13.205) -> G z -13.634 (pess -13.538) gain 0.332 from round0/sample step 54 | valid 17/17 | 2.60s (cem 0.36 refine 2.18 [60 steps] finals 0.05)
  [117/800] f104_crm_eval_group_0116 B z -13.326 (pess -12.844) -> G z -13.420 (pess -13.171) gain 0.326 from B/sample step 8 | valid 17/17 | 2.59s (cem 0.34 refine 2.18 [60 steps] finals 0.05)
  [118/800] f104_crm_eval_group_0117 B z -13.330 (pess -12.598) -> G z -13.407 (pess -13.046) gain 0.449 from B/sample step 14 | valid 17/17 | 2.62s (cem 0.35 refine 2.21 [60 steps] finals 0.04)
  [119/800] f104_crm_eval_group_0118 B z -13.465 (pess -13.150) -> G abstain | valid 17/17 | 2.59s (cem 0.37 refine 2.16 [60 steps] finals 0.05)
  [120/800] f104_crm_eval_group_0119 B z -12.988 (pess -12.331) -> G z -13.353 (pess -13.056) gain 0.726 from B/sample step 26 | valid 17/17 | 2.60s (cem 0.35 refine 2.18 [60 steps] finals 0.05)
  [121/800] f104_crm_eval_group_0120 B z -13.424 (pess -12.982) -> G z -13.465 (pess -13.370) gain 0.387 from round0/anchor step 58 | valid 17/17 | 2.61s (cem 0.36 refine 2.19 [60 steps] finals 0.05)
  [122/800] f104_crm_eval_group_0121 B z -13.314 (pess -12.918) -> G z -13.433 (pess -13.266) gain 0.348 from B/sample step 20 | valid 17/17 | 2.63s (cem 0.35 refine 2.21 [60 steps] finals 0.05)
  [123/800] f104_crm_eval_group_0122 B z -13.324 (pess -13.028) -> G z -13.508 (pess -13.365) gain 0.336 from B/sample step 35 | valid 17/17 | 2.59s (cem 0.35 refine 2.17 [60 steps] finals 0.05)
  [124/800] f104_crm_eval_group_0123 B z -13.246 (pess -12.851) -> G z -13.387 (pess -13.260) gain 0.409 from B/sample step 12 | valid 17/17 | 2.60s (cem 0.35 refine 2.18 [60 steps] finals 0.05)
  [125/800] f104_crm_eval_group_0124 B z -12.215 (pess -11.269) -> G z -12.647 (pess -12.281) gain 1.013 from round0/sample step 47 | valid 17/17 | 2.60s (cem 0.35 refine 2.19 [60 steps] finals 0.05)
  [126/800] f104_crm_eval_group_0125 B z -12.361 (pess -10.713) -> G z -12.408 (pess -11.429) gain 0.716 from round0/sample step 28 | valid 17/17 | 2.62s (cem 0.35 refine 2.20 [60 steps] finals 0.05)
  [127/800] f104_crm_eval_group_0126 B z -12.941 (pess -11.996) -> G z -13.035 (pess -12.745) gain 0.750 from round0/sample step 41 | valid 17/17 | 2.62s (cem 0.35 refine 2.20 [60 steps] finals 0.06)
  [128/800] f104_crm_eval_group_0127 B z -13.127 (pess -12.656) -> G z -13.325 (pess -13.211) gain 0.555 from round0/sample step 50 | valid 17/17 | 2.60s (cem 0.35 refine 2.18 [60 steps] finals 0.05)
  [129/800] f104_crm_eval_group_0128 B z -13.617 (pess -13.445) -> G abstain | valid 17/17 | 2.60s (cem 0.35 refine 2.19 [60 steps] finals 0.05)
  [130/800] f104_crm_eval_group_0129 B z -13.496 (pess -13.117) -> G z -13.625 (pess -13.576) gain 0.459 from B/sample step 37 | valid 17/17 | 2.60s (cem 0.36 refine 2.17 [60 steps] finals 0.06)
  [131/800] f104_crm_eval_group_0130 B z -13.369 (pess -12.631) -> G z -13.469 (pess -13.218) gain 0.587 from round0/sample step 60 | valid 17/17 | 2.58s (cem 0.36 refine 2.16 [60 steps] finals 0.05)
  [132/800] f104_crm_eval_group_0131 B z -13.665 (pess -13.571) -> G abstain | valid 17/17 | 2.59s (cem 0.36 refine 2.16 [60 steps] finals 0.06)
  [133/800] f104_crm_eval_group_0132 B z -13.563 (pess -13.408) -> G abstain | valid 17/17 | 2.57s (cem 0.34 refine 2.17 [60 steps] finals 0.05)
  [134/800] f104_crm_eval_group_0133 B z -12.630 (pess -11.513) -> G z -12.403 (pess -11.965) gain 0.455 from round0/sample step 40 | valid 17/17 | 2.58s (cem 0.35 refine 2.17 [60 steps] finals 0.05)
  [135/800] f104_crm_eval_group_0134 B z -13.409 (pess -13.170) -> G abstain | valid 17/17 | 2.57s (cem 0.35 refine 2.16 [60 steps] finals 0.05)
  [136/800] f104_crm_eval_group_0135 B z -12.416 (pess -11.155) -> G z -13.240 (pess -12.910) gain 1.754 from B/sample step 49 | valid 17/17 | 2.58s (cem 0.35 refine 2.17 [60 steps] finals 0.05)
  [137/800] f104_crm_eval_group_0136 B z -13.676 (pess -13.511) -> G abstain | valid 17/17 | 2.59s (cem 0.35 refine 2.17 [60 steps] finals 0.06)
  [138/800] f104_crm_eval_group_0137 B z -12.121 (pess -10.645) -> G z -12.578 (pess -11.341) gain 0.696 from B/sample step 55 | valid 17/17 | 2.61s (cem 0.35 refine 2.19 [60 steps] finals 0.06)
  [139/800] f104_crm_eval_group_0138 B z -13.114 (pess -12.884) -> G z -13.313 (pess -13.198) gain 0.315 from round0/sample step 40 | valid 17/17 | 2.61s (cem 0.36 refine 2.18 [60 steps] finals 0.06)
  [140/800] f104_crm_eval_group_0139 B z -13.425 (pess -12.903) -> G z -13.443 (pess -13.306) gain 0.403 from round0/sample step 60 | valid 17/17 | 2.60s (cem 0.35 refine 2.19 [60 steps] finals 0.06)
  [141/800] f104_crm_eval_group_0140 B z -13.435 (pess -13.192) -> G abstain | valid 17/17 | 2.62s (cem 0.36 refine 2.20 [60 steps] finals 0.06)
  [142/800] f104_crm_eval_group_0141 B z -13.265 (pess -12.582) -> G z -13.449 (pess -13.346) gain 0.766 from round0/anchor step 60 | valid 17/17 | 2.61s (cem 0.37 refine 2.18 [60 steps] finals 0.05)
  [143/800] f104_crm_eval_group_0142 B z -13.649 (pess -13.424) -> G abstain | valid 17/17 | 2.60s (cem 0.35 refine 2.18 [60 steps] finals 0.05)
  [144/800] f104_crm_eval_group_0143 B z -13.434 (pess -13.078) -> G abstain | valid 17/17 | 2.61s (cem 0.36 refine 2.18 [60 steps] finals 0.06)
  [145/800] f104_crm_eval_group_0144 B z -13.050 (pess -12.503) -> G abstain | valid 17/17 | 2.62s (cem 0.35 refine 2.21 [60 steps] finals 0.05)
  [146/800] f104_crm_eval_group_0145 B z -13.383 (pess -13.166) -> G abstain | valid 17/17 | 2.28s (cem 0.36 refine 1.85 [60 steps] finals 0.06)
  [147/800] f104_crm_eval_group_0146 B z -12.955 (pess -11.978) -> G z -13.082 (pess -12.896) gain 0.920 from round0/sample step 32 | valid 17/17 | 2.53s (cem 0.36 refine 2.10 [60 steps] finals 0.06)
  [148/800] f104_crm_eval_group_0147 B z -12.705 (pess -11.747) -> G z -13.074 (pess -12.631) gain 0.885 from B/sample step 59 | valid 17/17 | 2.25s (cem 0.37 refine 1.83 [60 steps] finals 0.04)
  [149/800] f104_crm_eval_group_0148 B z -13.090 (pess -12.780) -> G abstain | valid 17/17 | 2.42s (cem 0.35 refine 2.01 [60 steps] finals 0.06)
  [150/800] f104_crm_eval_group_0149 B z -13.343 (pess -12.815) -> G z -13.505 (pess -13.340) gain 0.526 from B/sample step 56 | valid 17/17 | 2.59s (cem 0.35 refine 2.17 [60 steps] finals 0.06)
  [151/800] f104_crm_eval_group_0150 B z -13.449 (pess -13.073) -> G abstain | valid 17/17 | 2.54s (cem 0.36 refine 2.12 [60 steps] finals 0.06)
  [152/800] f104_crm_eval_group_0151 B z -11.762 (pess -11.310) -> G z -12.177 (pess -11.938) gain 0.629 from round0/sample step 51 | valid 17/17 | 2.58s (cem 0.35 refine 2.17 [60 steps] finals 0.05)
  [153/800] f104_crm_eval_group_0152 B z -13.383 (pess -13.053) -> G z -13.638 (pess -13.561) gain 0.508 from round0/sample step 60 | valid 17/17 | 2.60s (cem 0.36 refine 2.17 [60 steps] finals 0.06)
  [154/800] f104_crm_eval_group_0153 B z -10.999 (pess -9.198) -> G z -11.891 (pess -11.097) gain 1.900 from B/sample step 25 | valid 17/17 | 2.58s (cem 0.34 refine 2.18 [60 steps] finals 0.05)
  [155/800] f104_crm_eval_group_0154 B z -12.859 (pess -12.007) -> G z -13.378 (pess -13.142) gain 1.134 from round0/anchor step 34 | valid 17/17 | 2.59s (cem 0.35 refine 2.18 [60 steps] finals 0.05)
  [156/800] f104_crm_eval_group_0155 B z -13.548 (pess -13.434) -> G abstain | valid 17/17 | 2.60s (cem 0.36 refine 2.18 [60 steps] finals 0.05)
  [157/800] f104_crm_eval_group_0156 B z -13.245 (pess -12.753) -> G z -13.460 (pess -13.202) gain 0.449 from round0/sample step 60 | valid 17/17 | 2.60s (cem 0.36 refine 2.17 [60 steps] finals 0.06)
  [158/800] f104_crm_eval_group_0157 B z -13.463 (pess -13.085) -> G abstain | valid 17/17 | 2.60s (cem 0.36 refine 2.18 [60 steps] finals 0.06)
  [159/800] f104_crm_eval_group_0158 B z -13.308 (pess -13.059) -> G abstain | valid 17/17 | 2.60s (cem 0.36 refine 2.17 [60 steps] finals 0.05)
  [160/800] f104_crm_eval_group_0159 B z -13.157 (pess -12.335) -> G z -13.447 (pess -13.119) gain 0.784 from round0/sample step 58 | valid 17/17 | 2.59s (cem 0.35 refine 2.17 [60 steps] finals 0.05)
  [161/800] f104_crm_eval_group_0160 B z -13.291 (pess -12.703) -> G z -13.309 (pess -13.235) gain 0.532 from round0/sample step 12 | valid 17/17 | 2.59s (cem 0.35 refine 2.17 [60 steps] finals 0.05)
  [162/800] f104_crm_eval_group_0161 B z -13.554 (pess -13.176) -> G abstain | valid 17/17 | 2.57s (cem 0.34 refine 2.16 [60 steps] finals 0.05)
  [163/800] f104_crm_eval_group_0162 B z -11.922 (pess -10.909) -> G z -12.505 (pess -12.101) gain 1.194 from round0/sample step 60 | valid 17/17 | 2.58s (cem 0.35 refine 2.17 [60 steps] finals 0.05)
  [164/800] f104_crm_eval_group_0163 B z -13.142 (pess -12.373) -> G z -13.511 (pess -13.390) gain 1.017 from B/sample step 34 | valid 17/17 | 2.61s (cem 0.35 refine 2.20 [60 steps] finals 0.05)
  [165/800] f104_crm_eval_group_0164 B z -13.305 (pess -12.983) -> G abstain | valid 17/17 | 2.64s (cem 0.35 refine 2.23 [60 steps] finals 0.05)
  [166/800] f104_crm_eval_group_0165 B z -12.962 (pess -12.122) -> G z -13.239 (pess -12.695) gain 0.574 from B/sample step 59 | valid 17/17 | 2.60s (cem 0.35 refine 2.19 [60 steps] finals 0.05)
  [167/800] f104_crm_eval_group_0166 B z -13.608 (pess -13.467) -> G abstain | valid 17/17 | 2.62s (cem 0.36 refine 2.20 [60 steps] finals 0.06)
  [168/800] f104_crm_eval_group_0167 B z -13.100 (pess -12.501) -> G z -13.478 (pess -13.285) gain 0.785 from B/sample step 60 | valid 17/17 | 2.61s (cem 0.35 refine 2.19 [60 steps] finals 0.05)
  [169/800] f104_crm_eval_group_0168 B z -13.405 (pess -13.018) -> G abstain | valid 17/17 | 2.58s (cem 0.36 refine 2.15 [60 steps] finals 0.05)
  [170/800] f104_crm_eval_group_0169 B z -13.571 (pess -13.208) -> G z -13.620 (pess -13.566) gain 0.358 from round0/anchor step 27 | valid 17/17 | 2.59s (cem 0.36 refine 2.17 [60 steps] finals 0.05)
  [171/800] f104_crm_eval_group_0170 B z -13.530 (pess -13.335) -> G abstain | valid 17/17 | 2.58s (cem 0.35 refine 2.16 [60 steps] finals 0.05)
  [172/800] f104_crm_eval_group_0171 B z -12.171 (pess -11.472) -> G z -12.587 (pess -12.395) gain 0.921 from round0/sample step 13 | valid 17/17 | 2.59s (cem 0.35 refine 2.17 [60 steps] finals 0.05)
  [173/800] f104_crm_eval_group_0172 B z -11.633 (pess -10.230) -> G z -12.290 (pess -11.558) gain 1.327 from round0/sample step 44 | valid 17/17 | 2.60s (cem 0.36 refine 2.18 [60 steps] finals 0.05)
  [174/800] f104_crm_eval_group_0173 B z -13.668 (pess -13.576) -> G abstain | valid 17/17 | 2.33s (cem 0.35 refine 1.91 [60 steps] finals 0.05)
  [175/800] f104_crm_eval_group_0174 B z -12.631 (pess -11.921) -> G z -13.246 (pess -13.068) gain 1.148 from B/sample step 39 | valid 17/17 | 2.37s (cem 0.36 refine 1.94 [60 steps] finals 0.06)
  [176/800] f104_crm_eval_group_0175 B z -13.689 (pess -13.606) -> G abstain | valid 17/17 | 2.63s (cem 0.35 refine 2.21 [60 steps] finals 0.05)
  [177/800] f104_crm_eval_group_0176 B z -13.407 (pess -12.975) -> G z -13.558 (pess -13.451) gain 0.477 from round0/sample step 52 | valid 17/17 | 2.63s (cem 0.36 refine 2.20 [60 steps] finals 0.05)
  [178/800] f104_crm_eval_group_0177 B z -13.065 (pess -12.867) -> G abstain | valid 17/17 | 2.60s (cem 0.36 refine 2.18 [60 steps] finals 0.05)
  [179/800] f104_crm_eval_group_0178 B z -13.390 (pess -12.921) -> G z -13.479 (pess -13.364) gain 0.443 from B/sample step 12 | valid 17/17 | 2.62s (cem 0.35 refine 2.20 [60 steps] finals 0.05)
  [180/800] f104_crm_eval_group_0179 B z -13.601 (pess -13.510) -> G abstain | valid 17/17 | 2.62s (cem 0.36 refine 2.20 [60 steps] finals 0.05)
  [181/800] f104_crm_eval_group_0180 B z -13.633 (pess -13.457) -> G abstain | valid 17/17 | 2.61s (cem 0.36 refine 2.18 [60 steps] finals 0.06)
  [182/800] f104_crm_eval_group_0181 B z -13.475 (pess -12.986) -> G z -13.547 (pess -13.523) gain 0.537 from round0/anchor step 44 | valid 17/17 | 2.60s (cem 0.35 refine 2.19 [60 steps] finals 0.05)
  [183/800] f104_crm_eval_group_0182 B z -13.538 (pess -13.293) -> G abstain | valid 17/17 | 2.61s (cem 0.36 refine 2.18 [60 steps] finals 0.06)
  [184/800] f104_crm_eval_group_0183 B z -11.377 (pess -10.250) -> G z -11.481 (pess -10.956) gain 0.707 from round0/sample step 14 | valid 17/17 | 2.61s (cem 0.37 refine 2.17 [60 steps] finals 0.05)
  [185/800] f104_crm_eval_group_0184 B z -12.509 (pess -10.659) -> G z -13.312 (pess -12.905) gain 2.246 from round0/anchor step 40 | valid 17/17 | 2.59s (cem 0.35 refine 2.17 [60 steps] finals 0.05)
  [186/800] f104_crm_eval_group_0185 B z -13.512 (pess -13.206) -> G abstain | valid 17/17 | 2.60s (cem 0.36 refine 2.18 [60 steps] finals 0.05)
  [187/800] f104_crm_eval_group_0186 B z -13.444 (pess -13.232) -> G abstain | valid 17/17 | 2.61s (cem 0.35 refine 2.20 [60 steps] finals 0.05)
  [188/800] f104_crm_eval_group_0187 B z -13.396 (pess -12.877) -> G z -13.467 (pess -13.334) gain 0.457 from round0/sample step 60 | valid 17/17 | 2.66s (cem 0.36 refine 2.24 [60 steps] finals 0.05)
  [189/800] f104_crm_eval_group_0188 B z -9.700 (pess -8.278) -> G z -10.651 (pess -9.867) gain 1.588 from round0/sample step 32 | valid 17/17 | 2.59s (cem 0.35 refine 2.18 [60 steps] finals 0.05)
  [190/800] f104_crm_eval_group_0189 B z -13.503 (pess -13.282) -> G abstain | valid 17/17 | 2.60s (cem 0.36 refine 2.18 [60 steps] finals 0.05)
  [191/800] f104_crm_eval_group_0190 B z -13.500 (pess -13.382) -> G abstain | valid 17/17 | 2.61s (cem 0.36 refine 2.19 [60 steps] finals 0.05)
  [192/800] f104_crm_eval_group_0191 B z -13.331 (pess -13.004) -> G abstain | valid 17/17 | 2.66s (cem 0.35 refine 2.25 [60 steps] finals 0.04)
  [193/800] f104_crm_eval_group_0192 B z -11.344 (pess -10.245) -> G z -11.871 (pess -11.336) gain 1.093 from B/sample step 12 | valid 17/17 | 1.51s (cem 0.36 refine 1.10 [60 steps] finals 0.04)
  [194/800] f104_crm_eval_group_0193 B z -13.477 (pess -13.141) -> G abstain | valid 17/17 | 1.53s (cem 0.37 refine 1.11 [60 steps] finals 0.04)
  [195/800] f104_crm_eval_group_0194 B z -12.187 (pess -10.917) -> G z -12.818 (pess -12.511) gain 1.594 from round0/sample step 55 | valid 17/17 | 1.50s (cem 0.35 refine 1.11 [60 steps] finals 0.04)
  [196/800] f104_crm_eval_group_0195 B z -12.585 (pess -11.530) -> G z -13.219 (pess -13.167) gain 1.638 from B/sample step 51 | valid 17/17 | 1.51s (cem 0.35 refine 1.11 [60 steps] finals 0.04)
  [197/800] f104_crm_eval_group_0196 B z -13.074 (pess -12.673) -> G z -13.230 (pess -13.025) gain 0.352 from B/sample step 24 | valid 17/17 | 1.79s (cem 0.35 refine 1.38 [60 steps] finals 0.05)
  [198/800] f104_crm_eval_group_0197 B z -13.507 (pess -13.340) -> G abstain | valid 17/17 | 2.58s (cem 0.35 refine 2.16 [60 steps] finals 0.05)
  [199/800] f104_crm_eval_group_0198 B z -13.110 (pess -12.830) -> G abstain | valid 17/17 | 2.60s (cem 0.35 refine 2.19 [60 steps] finals 0.05)
  [200/800] f104_crm_eval_group_0199 B z -13.188 (pess -12.223) -> G z -13.277 (pess -13.104) gain 0.880 from round0/anchor step 51 | valid 17/17 | 2.61s (cem 0.37 refine 2.17 [60 steps] finals 0.05)
  [201/800] f104_pair_group_0000 B z -12.909 (pess -12.342) -> G z -13.421 (pess -13.269) gain 0.927 from round0/anchor step 49 | valid 17/17 | 2.59s (cem 0.36 refine 2.17 [60 steps] finals 0.05)
  [202/800] f104_pair_group_0001 B z -13.373 (pess -13.110) -> G z -13.558 (pess -13.414) gain 0.304 from B/mean step 58 | valid 17/17 | 2.61s (cem 0.35 refine 2.20 [60 steps] finals 0.05)
  [203/800] f104_pair_group_0002 B z -13.260 (pess -12.673) -> G z -13.265 (pess -13.092) gain 0.418 from round0/sample step 56 | valid 17/17 | 2.60s (cem 0.36 refine 2.17 [60 steps] finals 0.05)
  [204/800] f104_pair_group_0003 B z -13.584 (pess -13.350) -> G abstain | valid 17/17 | 2.61s (cem 0.37 refine 2.17 [60 steps] finals 0.06)
  [205/800] f104_pair_group_0004 B z -12.037 (pess -10.903) -> G z -12.723 (pess -12.185) gain 1.281 from round0/sample step 43 | valid 17/17 | 2.58s (cem 0.35 refine 2.17 [60 steps] finals 0.05)
  [206/800] f104_pair_group_0005 B z -13.463 (pess -13.256) -> G abstain | valid 17/17 | 2.61s (cem 0.37 refine 2.18 [60 steps] finals 0.05)
  [207/800] f104_pair_group_0006 B z -12.921 (pess -12.414) -> G z -13.181 (pess -12.962) gain 0.549 from B/sample step 40 | valid 17/17 | 2.59s (cem 0.36 refine 2.17 [60 steps] finals 0.05)
  [208/800] f104_pair_group_0007 B z -13.359 (pess -13.206) -> G abstain | valid 17/17 | 2.59s (cem 0.35 refine 2.17 [60 steps] finals 0.05)
  [209/800] f104_pair_group_0008 B z -12.607 (pess -11.731) -> G z -13.091 (pess -12.627) gain 0.897 from round0/sample step 51 | valid 17/17 | 2.61s (cem 0.36 refine 2.18 [60 steps] finals 0.05)
  [210/800] f104_pair_group_0009 B z -13.649 (pess -13.571) -> G abstain | valid 17/17 | 2.62s (cem 0.37 refine 2.18 [60 steps] finals 0.06)
  [211/800] f104_pair_group_0010 B z -13.595 (pess -13.533) -> G abstain | valid 17/17 | 2.59s (cem 0.36 refine 2.17 [60 steps] finals 0.05)
  [212/800] f104_pair_group_0011 B z -13.400 (pess -13.014) -> G z -13.513 (pess -13.445) gain 0.430 from round0/sample step 26 | valid 17/17 | 2.60s (cem 0.35 refine 2.18 [60 steps] finals 0.05)
  [213/800] f104_pair_group_0012 B z -13.598 (pess -13.469) -> G abstain | valid 17/17 | 2.63s (cem 0.35 refine 2.22 [60 steps] finals 0.05)
  [214/800] f104_pair_group_0013 B z -13.632 (pess -13.458) -> G abstain | valid 17/17 | 2.58s (cem 0.35 refine 2.17 [60 steps] finals 0.05)
  [215/800] f104_pair_group_0014 B z -13.382 (pess -13.104) -> G abstain | valid 17/17 | 2.58s (cem 0.35 refine 2.17 [60 steps] finals 0.05)
  [216/800] f104_pair_group_0015 B z -13.634 (pess -13.428) -> G abstain | valid 17/17 | 2.60s (cem 0.36 refine 2.17 [60 steps] finals 0.06)
  [217/800] f104_pair_group_0016 B z -12.882 (pess -12.222) -> G z -12.991 (pess -12.813) gain 0.590 from round0/sample step 45 | valid 17/17 | 2.61s (cem 0.36 refine 2.19 [60 steps] finals 0.05)
  [218/800] f104_pair_group_0017 B z -12.631 (pess -12.148) -> G z -12.889 (pess -12.670) gain 0.523 from B/sample step 12 | valid 17/17 | 2.58s (cem 0.35 refine 2.17 [60 steps] finals 0.05)
  [219/800] f104_pair_group_0018 B z -13.532 (pess -13.279) -> G abstain | valid 17/17 | 2.58s (cem 0.35 refine 2.17 [60 steps] finals 0.06)
  [220/800] f104_pair_group_0019 B z -13.581 (pess -13.518) -> G abstain | valid 17/17 | 2.60s (cem 0.36 refine 2.17 [60 steps] finals 0.05)
  [221/800] f104_pair_group_0020 B z -13.507 (pess -13.336) -> G abstain | valid 17/17 | 2.60s (cem 0.36 refine 2.18 [60 steps] finals 0.05)
  [222/800] f104_pair_group_0021 B z -12.861 (pess -12.369) -> G z -13.248 (pess -13.107) gain 0.738 from B/sample step 60 | valid 17/17 | 2.59s (cem 0.35 refine 2.17 [60 steps] finals 0.05)
  [223/800] f104_pair_group_0022 B z -13.436 (pess -13.084) -> G z -13.452 (pess -13.434) gain 0.350 from round0/sample step 18 | valid 17/17 | 2.64s (cem 0.38 refine 2.18 [60 steps] finals 0.06)
  [224/800] f104_pair_group_0023 B z -13.635 (pess -13.529) -> G abstain | valid 17/17 | 2.66s (cem 0.37 refine 2.22 [60 steps] finals 0.06)
  [225/800] f104_pair_group_0024 B z -13.453 (pess -13.246) -> G abstain | valid 17/17 | 2.59s (cem 0.35 refine 2.17 [60 steps] finals 0.05)
  [226/800] f104_pair_group_0025 B z -13.520 (pess -13.409) -> G abstain | valid 17/17 | 2.62s (cem 0.35 refine 2.20 [60 steps] finals 0.06)
  [227/800] f104_pair_group_0026 B z -13.437 (pess -13.057) -> G z -13.594 (pess -13.539) gain 0.482 from round0/anchor step 59 | valid 17/17 | 2.62s (cem 0.35 refine 2.20 [60 steps] finals 0.05)
  [228/800] f104_pair_group_0027 B z -12.492 (pess -12.234) -> G z -13.186 (pess -12.694) gain 0.460 from round0/sample step 60 | valid 17/17 | 2.61s (cem 0.35 refine 2.20 [60 steps] finals 0.05)
  [229/800] f104_pair_group_0028 B z -11.232 (pess -9.777) -> G z -11.639 (pess -11.270) gain 1.492 from round0/sample step 35 | valid 17/17 | 2.61s (cem 0.35 refine 2.20 [60 steps] finals 0.05)
  [230/800] f104_pair_group_0029 B z -13.208 (pess -12.765) -> G z -13.423 (pess -13.367) gain 0.604 from round0/sample step 51 | valid 17/17 | 2.61s (cem 0.36 refine 2.18 [60 steps] finals 0.06)
  [231/800] f104_pair_group_0030 B z -13.641 (pess -13.549) -> G abstain | valid 17/17 | 2.63s (cem 0.36 refine 2.20 [60 steps] finals 0.06)
  [232/800] f104_pair_group_0031 B z -12.517 (pess -10.066) -> G z -13.030 (pess -12.727) gain 2.661 from round0/anchor step 54 | valid 17/17 | 2.57s (cem 0.35 refine 2.17 [60 steps] finals 0.05)
  [233/800] f104_pair_group_0032 B z -11.801 (pess -10.365) -> G z -12.892 (pess -12.588) gain 2.223 from B/anchor step 46 | valid 17/17 | 2.57s (cem 0.34 refine 2.17 [60 steps] finals 0.05)
  [234/800] f104_pair_group_0033 B z -11.920 (pess -10.437) -> G z -12.430 (pess -12.136) gain 1.699 from round0/sample step 59 | valid 17/17 | 2.59s (cem 0.36 refine 2.17 [60 steps] finals 0.05)
  [235/800] f104_pair_group_0034 B z -13.475 (pess -13.282) -> G abstain | valid 17/17 | 2.67s (cem 0.40 refine 2.19 [60 steps] finals 0.06)
  [236/800] f104_pair_group_0035 B z -13.517 (pess -13.246) -> G abstain | valid 17/17 | 2.68s (cem 0.38 refine 2.23 [60 steps] finals 0.06)
  [237/800] f104_pair_group_0036 B z -13.357 (pess -13.137) -> G z -13.571 (pess -13.478) gain 0.341 from round0/anchor step 57 | valid 17/17 | 2.58s (cem 0.35 refine 2.17 [60 steps] finals 0.05)
  [238/800] f104_pair_group_0037 B z -13.074 (pess -12.406) -> G z -13.474 (pess -13.368) gain 0.962 from B/mean step 30 | valid 17/17 | 2.58s (cem 0.35 refine 2.17 [60 steps] finals 0.05)
  [239/800] f104_pair_group_0038 B z -11.939 (pess -9.921) -> G z -12.452 (pess -11.760) gain 1.839 from round0/sample step 44 | valid 17/17 | 2.58s (cem 0.35 refine 2.17 [60 steps] finals 0.05)
  [240/800] f104_pair_group_0039 B z -13.402 (pess -13.279) -> G abstain | valid 17/17 | 2.62s (cem 0.37 refine 2.18 [60 steps] finals 0.05)
  [241/800] f104_pair_group_0040 B z -12.324 (pess -11.496) -> G z -13.245 (pess -12.800) gain 1.303 from B/sample step 60 | valid 17/17 | 2.61s (cem 0.35 refine 2.19 [60 steps] finals 0.05)
  [242/800] f104_pair_group_0041 B z -13.566 (pess -13.272) -> G abstain | valid 17/17 | 2.59s (cem 0.35 refine 2.18 [60 steps] finals 0.05)
  [243/800] f104_pair_group_0042 B z -13.064 (pess -12.193) -> G z -13.151 (pess -12.693) gain 0.500 from B/sample step 57 | valid 17/17 | 2.64s (cem 0.37 refine 2.20 [60 steps] finals 0.06)
  [244/800] f104_pair_group_0043 B z -13.494 (pess -13.200) -> G z -13.599 (pess -13.540) gain 0.341 from B/sample step 22 | valid 17/17 | 2.61s (cem 0.36 refine 2.18 [60 steps] finals 0.05)
  [245/800] f104_pair_group_0044 B z -13.127 (pess -12.715) -> G z -13.608 (pess -13.496) gain 0.780 from round0/sample step 60 | valid 17/17 | 2.62s (cem 0.38 refine 2.18 [60 steps] finals 0.05)
  [246/800] f104_pair_group_0045 B z -13.664 (pess -13.542) -> G abstain | valid 17/17 | 2.64s (cem 0.38 refine 2.19 [60 steps] finals 0.06)
  [247/800] f104_pair_group_0046 B z -12.625 (pess -12.120) -> G z -13.136 (pess -12.745) gain 0.624 from B/sample step 50 | valid 17/17 | 2.62s (cem 0.36 refine 2.19 [60 steps] finals 0.06)
  [248/800] f104_pair_group_0047 B z -13.647 (pess -13.524) -> G abstain | valid 17/17 | 2.59s (cem 0.36 refine 2.17 [60 steps] finals 0.05)
  [249/800] f104_pair_group_0048 B z -13.579 (pess -13.315) -> G abstain | valid 17/17 | 2.60s (cem 0.36 refine 2.18 [60 steps] finals 0.05)
  [250/800] f104_pair_group_0049 B z -13.518 (pess -13.329) -> G abstain | valid 17/17 | 2.59s (cem 0.35 refine 2.17 [60 steps] finals 0.05)
  [251/800] f104_pair_group_0050 B z -13.424 (pess -13.086) -> G z -13.534 (pess -13.387) gain 0.302 from round0/sample step 60 | valid 17/17 | 2.58s (cem 0.35 refine 2.17 [60 steps] finals 0.05)
  [252/800] f104_pair_group_0051 B z -13.289 (pess -12.425) -> G z -13.636 (pess -13.453) gain 1.030 from B/sample step 32 | valid 17/17 | 2.58s (cem 0.35 refine 2.17 [60 steps] finals 0.05)
  [253/800] f104_pair_group_0052 B z -13.487 (pess -13.265) -> G abstain | valid 17/17 | 2.59s (cem 0.35 refine 2.17 [60 steps] finals 0.05)
  [254/800] f104_pair_group_0053 B z -12.570 (pess -11.241) -> G z -12.888 (pess -12.338) gain 1.098 from round0/sample step 58 | valid 17/17 | 2.60s (cem 0.37 refine 2.17 [60 steps] finals 0.05)
  [255/800] f104_pair_group_0054 B z -13.190 (pess -13.024) -> G z -13.398 (pess -13.358) gain 0.334 from B/sample step 58 | valid 17/17 | 2.59s (cem 0.36 refine 2.17 [60 steps] finals 0.05)
  [256/800] f104_pair_group_0055 B z -12.182 (pess -10.257) -> G z -12.079 (pess -11.812) gain 1.556 from round0/sample step 44 | valid 17/17 | 2.59s (cem 0.35 refine 2.17 [60 steps] finals 0.05)
  [257/800] f104_pair_group_0056 B z -13.510 (pess -13.155) -> G z -13.664 (pess -13.596) gain 0.441 from B/sample step 59 | valid 17/17 | 2.59s (cem 0.35 refine 2.17 [60 steps] finals 0.05)
  [258/800] f104_pair_group_0057 B z -13.431 (pess -13.152) -> G abstain | valid 17/17 | 2.62s (cem 0.36 refine 2.18 [60 steps] finals 0.06)
  [259/800] f104_pair_group_0058 B z -13.166 (pess -12.920) -> G z -13.330 (pess -13.283) gain 0.364 from B/sample step 14 | valid 17/17 | 2.64s (cem 0.36 refine 2.20 [60 steps] finals 0.07)
  [260/800] f104_pair_group_0059 B z -13.403 (pess -12.758) -> G z -13.468 (pess -13.321) gain 0.562 from round0/anchor step 34 | valid 17/17 | 2.63s (cem 0.38 refine 2.18 [60 steps] finals 0.06)
  [261/800] f104_pair_group_0060 B z -13.394 (pess -13.180) -> G abstain | valid 17/17 | 2.67s (cem 0.43 refine 2.18 [60 steps] finals 0.05)
  [262/800] f104_pair_group_0061 B z -13.568 (pess -13.311) -> G z -13.706 (pess -13.677) gain 0.366 from B/sample step 19 | valid 17/17 | 2.59s (cem 0.35 refine 2.17 [60 steps] finals 0.05)
  [263/800] f104_pair_group_0062 B z -12.997 (pess -11.773) -> G z -13.230 (pess -12.883) gain 1.110 from round0/sample step 60 | valid 17/17 | 2.61s (cem 0.35 refine 2.20 [60 steps] finals 0.05)
  [264/800] f104_pair_group_0063 B z -13.352 (pess -13.027) -> G abstain | valid 17/17 | 2.59s (cem 0.36 refine 2.17 [60 steps] finals 0.05)
  [265/800] f104_pair_group_0064 B z -11.863 (pess -10.415) -> G z -12.907 (pess -11.703) gain 1.288 from round0/anchor step 60 | valid 17/17 | 2.59s (cem 0.35 refine 2.17 [60 steps] finals 0.05)
  [266/800] f104_pair_group_0065 B z -12.116 (pess -11.673) -> G z -12.856 (pess -12.550) gain 0.877 from B/sample step 45 | valid 17/17 | 2.59s (cem 0.35 refine 2.17 [60 steps] finals 0.05)
  [267/800] f104_pair_group_0066 B z -13.554 (pess -13.308) -> G abstain | valid 17/17 | 2.58s (cem 0.35 refine 2.17 [60 steps] finals 0.05)
  [268/800] f104_pair_group_0067 B z -13.260 (pess -12.796) -> G z -13.328 (pess -13.167) gain 0.371 from round0/sample step 46 | valid 17/17 | 2.60s (cem 0.35 refine 2.18 [60 steps] finals 0.06)
  [269/800] f104_pair_group_0068 B z -13.441 (pess -13.349) -> G abstain | valid 17/17 | 2.59s (cem 0.35 refine 2.17 [60 steps] finals 0.05)
  [270/800] f104_pair_group_0069 B z -13.354 (pess -13.283) -> G abstain | valid 17/17 | 2.60s (cem 0.36 refine 2.17 [60 steps] finals 0.06)
  [271/800] f104_pair_group_0070 B z -13.610 (pess -13.502) -> G abstain | valid 17/17 | 2.60s (cem 0.36 refine 2.17 [60 steps] finals 0.06)
  [272/800] f104_pair_group_0071 B z -13.503 (pess -13.420) -> G abstain | valid 17/17 | 2.61s (cem 0.37 refine 2.17 [60 steps] finals 0.06)
  [273/800] f104_pair_group_0072 B z -13.233 (pess -12.555) -> G z -13.510 (pess -13.365) gain 0.809 from round0/anchor step 59 | valid 17/17 | 2.59s (cem 0.35 refine 2.19 [60 steps] finals 0.05)
  [274/800] f104_pair_group_0073 B z -13.545 (pess -13.351) -> G abstain | valid 17/17 | 2.06s (cem 0.35 refine 1.65 [60 steps] finals 0.05)
  [275/800] f104_pair_group_0074 B z -13.068 (pess -12.631) -> G z -13.193 (pess -13.006) gain 0.375 from B/sample step 39 | valid 17/17 | 2.58s (cem 0.35 refine 2.17 [60 steps] finals 0.05)
  [276/800] f104_pair_group_0075 B z -10.387 (pess -7.411) -> G z -11.801 (pess -11.004) gain 3.591 from round0/sample step 56 | valid 17/17 | 2.59s (cem 0.35 refine 2.17 [60 steps] finals 0.05)
  [277/800] f104_pair_group_0076 B z -12.892 (pess -12.011) -> G z -13.265 (pess -12.736) gain 0.726 from round0/anchor step 54 | valid 17/17 | 2.59s (cem 0.35 refine 2.17 [60 steps] finals 0.05)
  [278/800] f104_pair_group_0077 B z -13.433 (pess -13.186) -> G z -13.608 (pess -13.516) gain 0.330 from round0/anchor step 60 | valid 17/17 | 2.59s (cem 0.35 refine 2.17 [60 steps] finals 0.05)
  [279/800] f104_pair_group_0078 B z -12.673 (pess -11.857) -> G z -12.599 (pess -12.464) gain 0.606 from round0/sample step 45 | valid 17/17 | 2.63s (cem 0.38 refine 2.19 [60 steps] finals 0.05)
  [280/800] f104_pair_group_0079 B z -13.213 (pess -12.391) -> G z -13.264 (pess -13.146) gain 0.758 from round0/sample step 24 | valid 17/17 | 2.62s (cem 0.36 refine 2.20 [60 steps] finals 0.06)
  [281/800] f104_pair_group_0080 B z -13.033 (pess -12.864) -> G abstain | valid 17/17 | 2.61s (cem 0.36 refine 2.19 [60 steps] finals 0.05)
  [282/800] f104_pair_group_0081 B z -12.850 (pess -12.085) -> G z -13.371 (pess -13.082) gain 0.996 from B/sample step 53 | valid 17/17 | 2.61s (cem 0.36 refine 2.19 [60 steps] finals 0.05)
  [283/800] f104_pair_group_0082 B z -13.664 (pess -13.417) -> G abstain | valid 17/17 | 2.68s (cem 0.40 refine 2.21 [60 steps] finals 0.06)
  [284/800] f104_pair_group_0083 B z -12.956 (pess -12.486) -> G abstain | valid 17/17 | 2.65s (cem 0.37 refine 2.22 [60 steps] finals 0.06)
  [285/800] f104_pair_group_0084 B z -13.561 (pess -13.004) -> G z -13.625 (pess -13.439) gain 0.435 from round0/sample step 43 | valid 17/17 | 2.59s (cem 0.34 refine 2.18 [60 steps] finals 0.05)
  [286/800] f104_pair_group_0085 B z -13.424 (pess -13.034) -> G z -13.548 (pess -13.424) gain 0.389 from round0/sample step 35 | valid 17/17 | 2.62s (cem 0.35 refine 2.20 [60 steps] finals 0.05)
  [287/800] f104_pair_group_0086 B z -12.941 (pess -12.078) -> G z -13.420 (pess -13.268) gain 1.189 from round0/sample step 54 | valid 17/17 | 2.61s (cem 0.37 refine 2.18 [60 steps] finals 0.06)
  [288/800] f104_pair_group_0087 B z -12.969 (pess -11.774) -> G z -12.800 (pess -12.170) gain 0.397 from round0/sample step 60 | valid 17/17 | 2.61s (cem 0.37 refine 2.17 [60 steps] finals 0.06)
  [289/800] f104_pair_group_0088 B z -13.185 (pess -12.352) -> G z -13.416 (pess -13.075) gain 0.724 from round0/sample step 41 | valid 17/17 | 2.61s (cem 0.37 refine 2.18 [60 steps] finals 0.05)
  [290/800] f104_pair_group_0089 B z -12.822 (pess -12.084) -> G z -13.260 (pess -12.861) gain 0.777 from round0/sample step 60 | valid 17/17 | 2.59s (cem 0.35 refine 2.18 [60 steps] finals 0.05)
  [291/800] f104_pair_group_0090 B z -12.762 (pess -12.391) -> G abstain | valid 17/17 | 2.61s (cem 0.37 refine 2.18 [60 steps] finals 0.05)
  [292/800] f104_pair_group_0091 B z -13.433 (pess -13.299) -> G abstain | valid 17/17 | 2.62s (cem 0.36 refine 2.19 [60 steps] finals 0.05)
  [293/800] f104_pair_group_0092 B z -13.192 (pess -12.308) -> G z -13.578 (pess -13.531) gain 1.222 from B/sample step 37 | valid 17/17 | 2.60s (cem 0.36 refine 2.17 [60 steps] finals 0.05)
  [294/800] f104_pair_group_0093 B z -13.242 (pess -13.083) -> G abstain | valid 17/17 | 2.59s (cem 0.35 refine 2.17 [60 steps] finals 0.05)
  [295/800] f104_pair_group_0094 B z -13.605 (pess -13.517) -> G abstain | valid 17/17 | 2.60s (cem 0.37 refine 2.17 [60 steps] finals 0.05)
  [296/800] f104_pair_group_0095 B z -13.556 (pess -13.432) -> G abstain | valid 17/17 | 2.59s (cem 0.35 refine 2.17 [60 steps] finals 0.05)
  [297/800] f104_pair_group_0096 B z -13.523 (pess -13.150) -> G z -13.623 (pess -13.533) gain 0.383 from round0/sample step 47 | valid 17/17 | 2.59s (cem 0.35 refine 2.18 [60 steps] finals 0.05)
  [298/800] f104_pair_group_0097 B z -13.591 (pess -13.426) -> G abstain | valid 17/17 | 2.62s (cem 0.37 refine 2.18 [60 steps] finals 0.05)
  [299/800] f104_pair_group_0098 B z -12.963 (pess -12.324) -> G z -13.478 (pess -13.346) gain 1.023 from B/sample step 60 | valid 17/17 | 2.60s (cem 0.36 refine 2.17 [60 steps] finals 0.06)
  [300/800] f104_pair_group_0099 B z -13.692 (pess -13.634) -> G abstain | valid 17/17 | 2.59s (cem 0.35 refine 2.18 [60 steps] finals 0.05)
  [301/800] f104_pair_group_0100 B z -12.194 (pess -10.952) -> G z -12.837 (pess -12.558) gain 1.606 from B/sample step 34 | valid 17/17 | 2.59s (cem 0.35 refine 2.17 [60 steps] finals 0.05)
  [302/800] f104_pair_group_0101 B z -12.245 (pess -11.467) -> G z -12.911 (pess -12.351) gain 0.885 from round0/anchor step 60 | valid 17/17 | 2.59s (cem 0.35 refine 2.17 [60 steps] finals 0.05)
  [303/800] f104_pair_group_0102 B z -13.709 (pess -13.658) -> G abstain | valid 17/17 | 2.60s (cem 0.36 refine 2.18 [60 steps] finals 0.06)
  [304/800] f104_pair_group_0103 B z -13.074 (pess -12.723) -> G abstain | valid 17/17 | 2.59s (cem 0.35 refine 2.17 [60 steps] finals 0.05)
  [305/800] f104_pair_group_0104 B z -12.583 (pess -12.410) -> G z -13.169 (pess -13.008) gain 0.599 from B/sample step 35 | valid 17/17 | 2.61s (cem 0.36 refine 2.18 [60 steps] finals 0.05)
  [306/800] f104_pair_group_0105 B z -13.553 (pess -13.385) -> G abstain | valid 17/17 | 2.63s (cem 0.36 refine 2.20 [60 steps] finals 0.06)
  [307/800] f104_pair_group_0106 B z -13.603 (pess -13.493) -> G abstain | valid 17/17 | 2.61s (cem 0.36 refine 2.18 [60 steps] finals 0.06)
  [308/800] f104_pair_group_0107 B z -13.136 (pess -12.325) -> G z -13.389 (pess -13.203) gain 0.880 from B/sample step 9 | valid 17/17 | 2.60s (cem 0.36 refine 2.17 [60 steps] finals 0.05)
  [309/800] f104_pair_group_0108 B z -13.466 (pess -13.135) -> G abstain | valid 17/17 | 2.63s (cem 0.35 refine 2.22 [60 steps] finals 0.05)
  [310/800] f104_pair_group_0109 B z -13.364 (pess -12.884) -> G z -13.553 (pess -13.481) gain 0.597 from B/sample step 26 | valid 17/17 | 2.62s (cem 0.35 refine 2.20 [60 steps] finals 0.05)
  [311/800] f104_pair_group_0110 B z -12.582 (pess -11.241) -> G z -12.849 (pess -12.280) gain 1.038 from round0/sample step 52 | valid 17/17 | 2.64s (cem 0.37 refine 2.20 [60 steps] finals 0.06)
  [312/800] f104_pair_group_0111 B z -11.318 (pess -9.561) -> G z -12.190 (pess -11.184) gain 1.624 from B/sample step 60 | valid 17/17 | 2.60s (cem 0.35 refine 2.18 [60 steps] finals 0.05)
  [313/800] f104_pair_group_0112 B z -13.083 (pess -11.889) -> G abstain | valid 17/17 | 2.64s (cem 0.38 refine 2.19 [60 steps] finals 0.06)
  [314/800] f104_pair_group_0113 B z -13.487 (pess -13.398) -> G abstain | valid 17/17 | 2.60s (cem 0.37 refine 2.17 [60 steps] finals 0.05)
  [315/800] f104_pair_group_0114 B z -13.255 (pess -12.941) -> G abstain | valid 17/17 | 2.61s (cem 0.35 refine 2.20 [60 steps] finals 0.05)
  [316/800] f104_pair_group_0115 B z -13.395 (pess -12.937) -> G z -13.585 (pess -13.444) gain 0.506 from B/sample step 60 | valid 17/17 | 2.61s (cem 0.35 refine 2.20 [60 steps] finals 0.05)
  [317/800] f104_pair_group_0116 B z -13.033 (pess -12.372) -> G z -13.442 (pess -13.301) gain 0.929 from B/sample step 53 | valid 17/17 | 2.61s (cem 0.36 refine 2.18 [60 steps] finals 0.05)
  [318/800] f104_pair_group_0117 B z -13.454 (pess -13.200) -> G abstain | valid 17/17 | 2.64s (cem 0.39 refine 2.18 [60 steps] finals 0.06)
  [319/800] f104_pair_group_0118 B z -13.662 (pess -13.642) -> G abstain | valid 17/17 | 2.64s (cem 0.37 refine 2.20 [60 steps] finals 0.06)
  [320/800] f104_pair_group_0119 B z -13.560 (pess -13.350) -> G abstain | valid 17/17 | 2.58s (cem 0.38 refine 2.13 [60 steps] finals 0.06)
  [321/800] f104_pair_group_0120 B z -13.303 (pess -12.544) -> G z -13.497 (pess -13.137) gain 0.594 from B/sample step 60 | valid 17/17 | 2.55s (cem 0.36 refine 2.13 [60 steps] finals 0.05)
  [322/800] f104_pair_group_0121 B z -13.658 (pess -13.530) -> G abstain | valid 17/17 | 2.59s (cem 0.35 refine 2.17 [60 steps] finals 0.06)
  [323/800] f104_pair_group_0122 B z -13.407 (pess -13.075) -> G abstain | valid 17/17 | 2.59s (cem 0.34 refine 2.18 [60 steps] finals 0.05)
  [324/800] f104_pair_group_0123 B z -13.329 (pess -12.579) -> G z -13.668 (pess -13.595) gain 1.016 from B/mean step 58 | valid 17/17 | 2.59s (cem 0.35 refine 2.17 [60 steps] finals 0.05)
  [325/800] f104_pair_group_0124 B z -12.608 (pess -11.542) -> G z -13.187 (pess -13.060) gain 1.519 from round0/sample step 60 | valid 17/17 | 2.63s (cem 0.37 refine 2.19 [60 steps] finals 0.05)
  [326/800] f104_pair_group_0125 B z -12.689 (pess -11.964) -> G z -13.055 (pess -12.693) gain 0.730 from B/sample step 29 | valid 17/17 | 2.59s (cem 0.35 refine 2.18 [60 steps] finals 0.05)
  [327/800] f104_pair_group_0126 B z -13.151 (pess -12.857) -> G abstain | valid 17/17 | 2.59s (cem 0.36 refine 2.17 [60 steps] finals 0.06)
  [328/800] f104_pair_group_0127 B z -12.327 (pess -10.487) -> G z -12.817 (pess -12.179) gain 1.691 from round0/anchor step 60 | valid 17/17 | 2.59s (cem 0.35 refine 2.18 [60 steps] finals 0.05)
  [329/800] f104_pair_group_0128 B z -13.478 (pess -13.206) -> G abstain | valid 17/17 | 2.65s (cem 0.36 refine 2.22 [60 steps] finals 0.06)
  [330/800] f104_pair_group_0129 B z -13.533 (pess -13.364) -> G abstain | valid 17/17 | 2.64s (cem 0.39 refine 2.18 [60 steps] finals 0.06)
  [331/800] f104_pair_group_0130 B z -13.507 (pess -13.110) -> G z -13.618 (pess -13.502) gain 0.391 from round0/sample step 37 | valid 17/17 | 2.60s (cem 0.36 refine 2.17 [60 steps] finals 0.06)
  [332/800] f104_pair_group_0131 B z -13.552 (pess -13.338) -> G abstain | valid 17/17 | 2.66s (cem 0.39 refine 2.19 [60 steps] finals 0.06)
  [333/800] f104_pair_group_0132 B z -13.563 (pess -13.325) -> G abstain | valid 17/17 | 2.59s (cem 0.34 refine 2.18 [60 steps] finals 0.05)
  [334/800] f104_pair_group_0133 B z -13.264 (pess -12.638) -> G z -13.318 (pess -13.107) gain 0.468 from round0/sample step 57 | valid 17/17 | 2.59s (cem 0.35 refine 2.18 [60 steps] finals 0.05)
  [335/800] f104_pair_group_0134 B z -13.208 (pess -12.846) -> G abstain | valid 17/17 | 2.60s (cem 0.36 refine 2.18 [60 steps] finals 0.05)
  [336/800] f104_pair_group_0135 B z -13.690 (pess -13.607) -> G abstain | valid 17/17 | 2.60s (cem 0.35 refine 2.19 [60 steps] finals 0.05)
  [337/800] f104_pair_group_0136 B z -11.773 (pess -10.619) -> G z -13.072 (pess -12.530) gain 1.909 from round0/sample step 47 | valid 17/17 | 2.62s (cem 0.36 refine 2.20 [60 steps] finals 0.06)
  [338/800] f104_pair_group_0137 B z -13.299 (pess -12.978) -> G abstain | valid 17/17 | 2.64s (cem 0.36 refine 2.21 [60 steps] finals 0.06)
  [339/800] f104_pair_group_0138 B z -13.541 (pess -13.458) -> G abstain | valid 17/17 | 2.61s (cem 0.35 refine 2.19 [60 steps] finals 0.05)
  [340/800] f104_pair_group_0139 B z -12.990 (pess -12.449) -> G z -13.199 (pess -13.077) gain 0.629 from round0/sample step 35 | valid 17/17 | 2.60s (cem 0.35 refine 2.19 [60 steps] finals 0.05)
  [341/800] f104_pair_group_0140 B z -13.426 (pess -13.104) -> G z -13.651 (pess -13.604) gain 0.501 from round0/anchor step 60 | valid 17/17 | 2.62s (cem 0.36 refine 2.19 [60 steps] finals 0.05)
  [342/800] f104_pair_group_0141 B z -13.406 (pess -13.224) -> G abstain | valid 17/17 | 2.61s (cem 0.37 refine 2.17 [60 steps] finals 0.06)
  [343/800] f104_pair_group_0142 B z -13.191 (pess -12.995) -> G abstain | valid 17/17 | 2.64s (cem 0.38 refine 2.18 [60 steps] finals 0.06)
  [344/800] f104_pair_group_0143 B z -12.280 (pess -10.377) -> G z -12.458 (pess -11.975) gain 1.597 from round0/anchor step 60 | valid 17/17 | 2.64s (cem 0.38 refine 2.19 [60 steps] finals 0.06)
  [345/800] f104_pair_group_0144 B z -12.903 (pess -11.908) -> G z -13.098 (pess -12.561) gain 0.653 from B/sample step 27 | valid 17/17 | 2.59s (cem 0.36 refine 2.17 [60 steps] finals 0.05)
  [346/800] f104_pair_group_0145 B z -12.756 (pess -11.803) -> G z -13.495 (pess -13.417) gain 1.614 from B/sample step 54 | valid 17/17 | 2.61s (cem 0.37 refine 2.18 [60 steps] finals 0.06)
  [347/800] f104_pair_group_0146 B z -12.923 (pess -12.242) -> G z -13.345 (pess -13.098) gain 0.857 from round0/sample step 42 | valid 17/17 | 2.60s (cem 0.36 refine 2.17 [60 steps] finals 0.06)
  [348/800] f104_pair_group_0147 B z -13.473 (pess -13.205) -> G z -13.693 (pess -13.654) gain 0.449 from B/mean step 60 | valid 17/17 | 2.60s (cem 0.36 refine 2.17 [60 steps] finals 0.05)
  [349/800] f104_pair_group_0148 B z -12.592 (pess -11.560) -> G z -13.148 (pess -12.755) gain 1.196 from round0/sample step 60 | valid 17/17 | 2.59s (cem 0.36 refine 2.16 [60 steps] finals 0.06)
  [350/800] f104_pair_group_0149 B z -13.028 (pess -12.732) -> G abstain | valid 17/17 | 2.60s (cem 0.35 refine 2.19 [60 steps] finals 0.06)
  [351/800] f104_pair_group_0150 B z -13.650 (pess -13.574) -> G abstain | valid 17/17 | 2.61s (cem 0.36 refine 2.18 [60 steps] finals 0.05)
  [352/800] f104_pair_group_0151 B z -13.319 (pess -13.064) -> G abstain | valid 17/17 | 2.64s (cem 0.35 refine 2.22 [60 steps] finals 0.06)
  [353/800] f104_pair_group_0152 B z -13.133 (pess -12.444) -> G z -13.224 (pess -12.912) gain 0.466 from B/sample step 3 | valid 17/17 | 2.58s (cem 0.36 refine 2.17 [60 steps] finals 0.05)
  [354/800] f104_pair_group_0153 B z -13.653 (pess -13.523) -> G abstain | valid 17/17 | 2.59s (cem 0.39 refine 2.13 [60 steps] finals 0.06)
  [355/800] f104_pair_group_0154 B z -13.355 (pess -12.976) -> G abstain | valid 17/17 | 2.63s (cem 0.37 refine 2.20 [60 steps] finals 0.05)
  [356/800] f104_pair_group_0155 B z -13.666 (pess -13.577) -> G abstain | valid 17/17 | 2.61s (cem 0.37 refine 2.18 [60 steps] finals 0.06)
  [357/800] f104_pair_group_0156 B z -13.163 (pess -12.452) -> G z -13.327 (pess -13.155) gain 0.703 from round0/sample step 46 | valid 17/17 | 2.59s (cem 0.35 refine 2.17 [60 steps] finals 0.05)
  [358/800] f104_pair_group_0157 B z -13.221 (pess -13.064) -> G z -13.470 (pess -13.370) gain 0.306 from B/sample step 23 | valid 17/17 | 2.59s (cem 0.35 refine 2.17 [60 steps] finals 0.05)
  [359/800] f104_pair_group_0158 B z -13.410 (pess -13.153) -> G abstain | valid 17/17 | 2.58s (cem 0.35 refine 2.17 [60 steps] finals 0.05)
  [360/800] f104_pair_group_0159 B z -13.419 (pess -13.136) -> G abstain | valid 17/17 | 2.68s (cem 0.35 refine 2.27 [60 steps] finals 0.06)
  [361/800] f104_pair_group_0160 B z -12.421 (pess -11.368) -> G z -12.870 (pess -12.677) gain 1.310 from round0/sample step 55 | valid 17/17 | 1.57s (cem 0.36 refine 1.15 [60 steps] finals 0.04)
  [362/800] f104_pair_group_0161 B z -11.860 (pess -9.655) -> G z -12.825 (pess -12.213) gain 2.556 from B/sample step 23 | valid 17/17 | 1.54s (cem 0.34 refine 1.15 [60 steps] finals 0.04)
  [363/800] f104_pair_group_0162 B z -12.944 (pess -12.822) -> G z -13.305 (pess -13.219) gain 0.397 from round0/anchor step 48 | valid 17/17 | 1.56s (cem 0.36 refine 1.15 [60 steps] finals 0.04)
  [364/800] f104_pair_group_0163 B z -11.139 (pess -8.644) -> G z -13.192 (pess -12.981) gain 4.337 from B/mean step 39 | valid 17/17 | 1.56s (cem 0.35 refine 1.15 [60 steps] finals 0.05)
  [365/800] f104_pair_group_0164 B z -13.624 (pess -13.540) -> G abstain | valid 17/17 | 2.04s (cem 0.36 refine 1.61 [60 steps] finals 0.05)
  [366/800] f104_pair_group_0165 B z -13.618 (pess -13.496) -> G abstain | valid 17/17 | 2.60s (cem 0.36 refine 2.18 [60 steps] finals 0.06)
  [367/800] f104_pair_group_0166 B z -13.651 (pess -13.468) -> G abstain | valid 17/17 | 2.62s (cem 0.37 refine 2.19 [60 steps] finals 0.06)
  [368/800] f104_pair_group_0167 B z -12.658 (pess -10.534) -> G z -13.197 (pess -12.743) gain 2.208 from round0/sample step 55 | valid 17/17 | 2.65s (cem 0.38 refine 2.19 [60 steps] finals 0.06)
  [369/800] f104_pair_group_0168 B z -12.913 (pess -11.967) -> G z -13.441 (pess -13.316) gain 1.348 from round0/sample step 38 | valid 17/17 | 2.60s (cem 0.35 refine 2.19 [60 steps] finals 0.05)
  [370/800] f104_pair_group_0169 B z -13.409 (pess -13.105) -> G z -13.515 (pess -13.422) gain 0.316 from B/sample step 46 | valid 17/17 | 2.56s (cem 0.35 refine 2.15 [60 steps] finals 0.05)
  [371/800] f104_pair_group_0170 B z -12.761 (pess -11.982) -> G z -13.456 (pess -13.120) gain 1.141 from round0/sample step 60 | valid 17/17 | 2.59s (cem 0.35 refine 2.18 [60 steps] finals 0.05)
  [372/800] f104_pair_group_0171 B z -13.641 (pess -13.395) -> G abstain | valid 17/17 | 2.58s (cem 0.35 refine 2.17 [60 steps] finals 0.05)
  [373/800] f104_pair_group_0172 B z -12.909 (pess -11.937) -> G z -13.179 (pess -12.778) gain 0.840 from round0/sample step 60 | valid 17/17 | 2.59s (cem 0.35 refine 2.18 [60 steps] finals 0.05)
  [374/800] f104_pair_group_0173 B z -12.457 (pess -11.907) -> G z -12.933 (pess -12.784) gain 0.877 from round0/sample step 24 | valid 17/17 | 2.59s (cem 0.35 refine 2.18 [60 steps] finals 0.05)
  [375/800] f104_pair_group_0174 B z -13.479 (pess -13.234) -> G abstain | valid 17/17 | 2.57s (cem 0.34 refine 2.17 [60 steps] finals 0.05)
  [376/800] f104_pair_group_0175 B z -13.536 (pess -13.347) -> G abstain | valid 17/17 | 2.62s (cem 0.37 refine 2.18 [60 steps] finals 0.06)
  [377/800] f104_pair_group_0176 B z -11.790 (pess -11.085) -> G z -13.006 (pess -12.173) gain 1.087 from round0/sample step 60 | valid 17/17 | 2.59s (cem 0.37 refine 2.16 [60 steps] finals 0.05)
  [378/800] f104_pair_group_0177 B z -13.575 (pess -13.436) -> G abstain | valid 17/17 | 2.62s (cem 0.38 refine 2.17 [60 steps] finals 0.06)
  [379/800] f104_pair_group_0178 B z -13.141 (pess -12.557) -> G z -13.522 (pess -13.382) gain 0.825 from B/sample step 37 | valid 17/17 | 2.51s (cem 0.37 refine 2.07 [60 steps] finals 0.05)
  [380/800] f104_pair_group_0179 B z -13.220 (pess -13.074) -> G abstain | valid 17/17 | 2.62s (cem 0.36 refine 2.19 [60 steps] finals 0.06)
  [381/800] f104_pair_group_0180 B z -13.563 (pess -13.511) -> G abstain | valid 17/17 | 2.59s (cem 0.36 refine 2.17 [60 steps] finals 0.06)
  [382/800] f104_pair_group_0181 B z -13.464 (pess -12.953) -> G z -13.512 (pess -13.260) gain 0.307 from B/sample step 29 | valid 17/17 | 2.56s (cem 0.35 refine 2.14 [60 steps] finals 0.05)
  [383/800] f104_pair_group_0182 B z -12.255 (pess -11.437) -> G z -13.176 (pess -12.750) gain 1.317 from round0/sample step 60 | valid 17/17 | 2.62s (cem 0.37 refine 2.17 [60 steps] finals 0.06)
  [384/800] f104_pair_group_0183 B z -11.168 (pess -9.979) -> G z -11.447 (pess -11.086) gain 1.106 from round0/anchor step 39 | valid 17/17 | 2.60s (cem 0.35 refine 2.19 [60 steps] finals 0.05)
  [385/800] f104_pair_group_0184 B z -12.917 (pess -11.643) -> G z -13.302 (pess -12.715) gain 1.071 from B/sample step 57 | valid 17/17 | 2.58s (cem 0.37 refine 2.14 [60 steps] finals 0.06)
  [386/800] f104_pair_group_0185 B z -13.247 (pess -12.949) -> G abstain | valid 17/17 | 2.59s (cem 0.35 refine 2.17 [60 steps] finals 0.05)
  [387/800] f104_pair_group_0186 B z -13.641 (pess -13.488) -> G abstain | valid 17/17 | 2.59s (cem 0.36 refine 2.17 [60 steps] finals 0.06)
  [388/800] f104_pair_group_0187 B z -12.159 (pess -8.958) -> G z -13.101 (pess -12.336) gain 3.379 from B/sample step 60 | valid 17/17 | 2.61s (cem 0.37 refine 2.17 [60 steps] finals 0.06)
  [389/800] f104_pair_group_0188 B z -12.544 (pess -12.120) -> G z -12.933 (pess -12.461) gain 0.342 from B/sample step 48 | valid 17/17 | 2.60s (cem 0.37 refine 2.17 [60 steps] finals 0.05)
  [390/800] f104_pair_group_0189 B z -11.101 (pess -7.618) -> G z -11.766 (pess -9.021) gain 1.404 from B/sample step 58 | valid 17/17 | 2.59s (cem 0.36 refine 2.17 [60 steps] finals 0.05)
  [391/800] f104_pair_group_0190 B z -13.156 (pess -12.695) -> G z -13.380 (pess -13.172) gain 0.476 from B/sample step 40 | valid 17/17 | 2.58s (cem 0.35 refine 2.16 [60 steps] finals 0.05)
  [392/800] f104_pair_group_0191 B z -13.534 (pess -13.287) -> G abstain | valid 17/17 | 2.59s (cem 0.36 refine 2.17 [60 steps] finals 0.06)
  [393/800] f104_pair_group_0192 B z -13.408 (pess -12.812) -> G z -13.551 (pess -13.405) gain 0.593 from round0/sample step 60 | valid 17/17 | 2.58s (cem 0.35 refine 2.17 [60 steps] finals 0.05)
  [394/800] f104_pair_group_0193 B z -13.567 (pess -13.283) -> G abstain | valid 17/17 | 2.59s (cem 0.35 refine 2.17 [60 steps] finals 0.05)
  [395/800] f104_pair_group_0194 B z -13.417 (pess -13.086) -> G z -13.519 (pess -13.406) gain 0.320 from B/sample step 38 | valid 17/17 | 2.59s (cem 0.35 refine 2.17 [60 steps] finals 0.05)
  [396/800] f104_pair_group_0195 B z -11.854 (pess -10.936) -> G z -11.944 (pess -11.313) gain 0.377 from round0/sample step 13 | valid 17/17 | 2.59s (cem 0.35 refine 2.17 [60 steps] finals 0.05)
  [397/800] f104_pair_group_0196 B z -12.139 (pess -11.608) -> G z -12.906 (pess -12.653) gain 1.048 from round0/anchor step 60 | valid 17/17 | 2.57s (cem 0.35 refine 2.15 [60 steps] finals 0.06)
  [398/800] f104_pair_group_0197 B z -13.011 (pess -12.709) -> G z -13.284 (pess -13.080) gain 0.371 from B/sample step 17 | valid 17/17 | 2.58s (cem 0.35 refine 2.17 [60 steps] finals 0.05)
  [399/800] f104_pair_group_0198 B z -13.204 (pess -12.401) -> G z -13.370 (pess -13.226) gain 0.825 from round0/sample step 60 | valid 17/17 | 2.50s (cem 0.35 refine 2.09 [60 steps] finals 0.05)
  [400/800] f104_pair_group_0199 B z -13.278 (pess -13.035) -> G abstain | valid 17/17 | 2.61s (cem 0.34 refine 2.20 [60 steps] finals 0.05)
  [401/800] f104_pair_group_0200 B z -13.472 (pess -13.295) -> G abstain | valid 17/17 | 2.61s (cem 0.37 refine 2.17 [60 steps] finals 0.05)
  [402/800] f104_pair_group_0201 B z -12.746 (pess -12.197) -> G z -13.183 (pess -12.835) gain 0.639 from B/sample step 17 | valid 17/17 | 2.40s (cem 0.36 refine 1.97 [60 steps] finals 0.06)
  [403/800] f104_pair_group_0202 B z -13.714 (pess -13.655) -> G abstain | valid 17/17 | 2.59s (cem 0.36 refine 2.17 [60 steps] finals 0.06)
  [404/800] f104_pair_group_0203 B z -12.031 (pess -11.306) -> G z -12.506 (pess -12.141) gain 0.835 from round0/sample step 33 | valid 17/17 | 2.60s (cem 0.36 refine 2.17 [60 steps] finals 0.06)
  [405/800] f104_pair_group_0204 B z -13.491 (pess -13.338) -> G abstain | valid 17/17 | 2.59s (cem 0.35 refine 2.17 [60 steps] finals 0.05)
  [406/800] f104_pair_group_0205 B z -13.049 (pess -12.677) -> G z -13.244 (pess -12.984) gain 0.308 from B/sample step 14 | valid 17/17 | 2.54s (cem 0.35 refine 2.12 [60 steps] finals 0.05)
  [407/800] f104_pair_group_0206 B z -13.381 (pess -13.146) -> G abstain | valid 17/17 | 2.59s (cem 0.35 refine 2.17 [60 steps] finals 0.05)
  [408/800] f104_pair_group_0207 B z -13.579 (pess -13.389) -> G abstain | valid 17/17 | 2.63s (cem 0.38 refine 2.19 [60 steps] finals 0.05)
  [409/800] f104_pair_group_0208 B z -12.057 (pess -10.964) -> G z -12.927 (pess -12.466) gain 1.501 from B/sample step 59 | valid 17/17 | 2.61s (cem 0.35 refine 2.19 [60 steps] finals 0.05)
  [410/800] f104_pair_group_0209 B z -13.423 (pess -13.121) -> G z -13.535 (pess -13.423) gain 0.303 from B/sample step 42 | valid 17/17 | 2.59s (cem 0.35 refine 2.17 [60 steps] finals 0.05)
  [411/800] f104_pair_group_0210 B z -13.391 (pess -13.174) -> G abstain | valid 17/17 | 2.61s (cem 0.36 refine 2.19 [60 steps] finals 0.05)
  [412/800] f104_pair_group_0211 B z -13.230 (pess -13.047) -> G abstain | valid 17/17 | 2.62s (cem 0.35 refine 2.21 [60 steps] finals 0.05)
  [413/800] f104_pair_group_0212 B z -13.098 (pess -12.590) -> G z -13.506 (pess -13.415) gain 0.826 from B/sample step 45 | valid 17/17 | 2.58s (cem 0.38 refine 2.13 [60 steps] finals 0.05)
  [414/800] f104_pair_group_0213 B z -12.807 (pess -12.178) -> G z -13.428 (pess -13.334) gain 1.156 from B/sample step 60 | valid 17/17 | 2.60s (cem 0.35 refine 2.18 [60 steps] finals 0.05)
  [415/800] f104_pair_group_0214 B z -12.952 (pess -11.484) -> G z -13.563 (pess -13.491) gain 2.008 from B/sample step 36 | valid 17/17 | 2.64s (cem 0.39 refine 2.17 [60 steps] finals 0.06)
  [416/800] f104_pair_group_0215 B z -13.664 (pess -13.601) -> G abstain | valid 17/17 | 2.59s (cem 0.36 refine 2.16 [60 steps] finals 0.05)
  [417/800] f104_pair_group_0216 B z -13.601 (pess -13.492) -> G abstain | valid 17/17 | 2.59s (cem 0.35 refine 2.18 [60 steps] finals 0.05)
  [418/800] f104_pair_group_0217 B z -13.047 (pess -12.216) -> G z -13.468 (pess -13.312) gain 1.096 from round0/sample step 58 | valid 17/17 | 2.58s (cem 0.35 refine 2.17 [60 steps] finals 0.05)
  [419/800] f104_pair_group_0218 B z -13.580 (pess -13.516) -> G abstain | valid 17/17 | 2.58s (cem 0.36 refine 2.15 [60 steps] finals 0.05)
  [420/800] f104_pair_group_0219 B z -13.666 (pess -13.557) -> G abstain | valid 17/17 | 2.59s (cem 0.36 refine 2.17 [60 steps] finals 0.05)
  [421/800] f104_pair_group_0220 B z -12.165 (pess -11.183) -> G z -12.573 (pess -12.249) gain 1.066 from B/mean step 8 | valid 17/17 | 2.58s (cem 0.35 refine 2.17 [60 steps] finals 0.05)
  [422/800] f104_pair_group_0221 B z -13.520 (pess -13.180) -> G z -13.580 (pess -13.500) gain 0.320 from B/sample step 14 | valid 17/17 | 2.59s (cem 0.37 refine 2.15 [60 steps] finals 0.05)
  [423/800] f104_pair_group_0222 B z -13.222 (pess -12.962) -> G abstain | valid 17/17 | 2.69s (cem 0.36 refine 2.26 [60 steps] finals 0.06)
  [424/800] f104_pair_group_0223 B z -13.249 (pess -12.878) -> G z -13.442 (pess -13.245) gain 0.366 from B/mean step 45 | valid 17/17 | 2.61s (cem 0.36 refine 2.19 [60 steps] finals 0.05)
  [425/800] f104_pair_group_0224 B z -13.147 (pess -12.408) -> G z -13.409 (pess -13.104) gain 0.696 from B/sample step 58 | valid 17/17 | 2.61s (cem 0.36 refine 2.19 [60 steps] finals 0.05)
  [426/800] f104_pair_group_0225 B z -13.607 (pess -13.472) -> G abstain | valid 17/17 | 2.60s (cem 0.36 refine 2.17 [60 steps] finals 0.05)
  [427/800] f104_pair_group_0226 B z -13.597 (pess -13.435) -> G abstain | valid 17/17 | 2.62s (cem 0.39 refine 2.17 [60 steps] finals 0.06)
  [428/800] f104_pair_group_0227 B z -13.561 (pess -13.331) -> G abstain | valid 17/17 | 2.61s (cem 0.37 refine 2.17 [60 steps] finals 0.06)
  [429/800] f104_pair_group_0228 B z -13.454 (pess -13.280) -> G abstain | valid 17/17 | 2.58s (cem 0.35 refine 2.17 [60 steps] finals 0.05)
  [430/800] f104_pair_group_0229 B z -13.525 (pess -13.279) -> G abstain | valid 17/17 | 2.61s (cem 0.37 refine 2.17 [60 steps] finals 0.05)
  [431/800] f104_pair_group_0230 B z -13.349 (pess -12.680) -> G z -13.567 (pess -13.298) gain 0.618 from B/sample step 60 | valid 17/17 | 2.62s (cem 0.36 refine 2.19 [60 steps] finals 0.05)
  [432/800] f104_pair_group_0231 B z -12.439 (pess -11.718) -> G abstain | valid 17/17 | 2.62s (cem 0.37 refine 2.18 [60 steps] finals 0.06)
  [433/800] f104_pair_group_0232 B z -11.928 (pess -10.979) -> G z -12.563 (pess -12.284) gain 1.306 from B/sample step 21 | valid 17/17 | 2.60s (cem 0.37 refine 2.16 [60 steps] finals 0.05)
  [434/800] f104_pair_group_0233 B z -13.065 (pess -12.240) -> G z -13.147 (pess -12.961) gain 0.721 from round0/sample step 60 | valid 17/17 | 2.59s (cem 0.35 refine 2.17 [60 steps] finals 0.05)
  [435/800] f104_pair_group_0234 B z -13.500 (pess -13.262) -> G abstain | valid 17/17 | 2.61s (cem 0.35 refine 2.19 [60 steps] finals 0.06)
  [436/800] f104_pair_group_0235 B z -13.381 (pess -13.159) -> G z -13.555 (pess -13.492) gain 0.334 from B/sample step 27 | valid 17/17 | 2.59s (cem 0.36 refine 2.17 [60 steps] finals 0.05)
  [437/800] f104_pair_group_0236 B z -13.490 (pess -13.179) -> G z -13.571 (pess -13.486) gain 0.307 from round0/sample step 49 | valid 17/17 | 2.61s (cem 0.36 refine 2.17 [60 steps] finals 0.06)
  [438/800] f104_pair_group_0237 B z -13.302 (pess -12.820) -> G z -13.391 (pess -13.189) gain 0.370 from round0/sample step 31 | valid 17/17 | 2.59s (cem 0.35 refine 2.17 [60 steps] finals 0.06)
  [439/800] f104_pair_group_0238 B z -13.346 (pess -13.071) -> G abstain | valid 17/17 | 2.59s (cem 0.36 refine 2.17 [60 steps] finals 0.05)
  [440/800] f104_pair_group_0239 B z -13.527 (pess -13.451) -> G abstain | valid 17/17 | 2.60s (cem 0.36 refine 2.18 [60 steps] finals 0.05)
  [441/800] f104_pair_group_0240 B z -13.579 (pess -13.464) -> G abstain | valid 17/17 | 2.59s (cem 0.35 refine 2.17 [60 steps] finals 0.06)
  [442/800] f104_pair_group_0241 B z -13.506 (pess -13.364) -> G abstain | valid 17/17 | 2.59s (cem 0.36 refine 2.17 [60 steps] finals 0.05)
  [443/800] f104_pair_group_0242 B z -13.018 (pess -12.436) -> G z -13.073 (pess -12.808) gain 0.372 from round0/sample step 55 | valid 17/17 | 2.59s (cem 0.35 refine 2.18 [60 steps] finals 0.05)
  [444/800] f104_pair_group_0243 B z -12.622 (pess -12.151) -> G z -13.045 (pess -12.904) gain 0.752 from B/sample step 13 | valid 17/17 | 2.60s (cem 0.36 refine 2.18 [60 steps] finals 0.05)
  [445/800] f104_pair_group_0244 B z -12.477 (pess -11.993) -> G z -13.070 (pess -12.891) gain 0.898 from B/sample step 29 | valid 17/17 | 2.60s (cem 0.35 refine 2.19 [60 steps] finals 0.05)
  [446/800] f104_pair_group_0245 B z -13.088 (pess -11.973) -> G z -13.414 (pess -13.267) gain 1.296 from B/sample step 43 | valid 17/17 | 2.61s (cem 0.36 refine 2.19 [60 steps] finals 0.06)
  [447/800] f104_pair_group_0246 B z -13.321 (pess -13.109) -> G abstain | valid 17/17 | 2.58s (cem 0.35 refine 2.17 [60 steps] finals 0.05)
  [448/800] f104_pair_group_0247 B z -13.274 (pess -12.798) -> G z -13.445 (pess -13.289) gain 0.492 from B/sample step 7 | valid 17/17 | 2.58s (cem 0.35 refine 2.17 [60 steps] finals 0.05)
  [449/800] f104_pair_group_0248 B z -13.466 (pess -13.193) -> G abstain | valid 17/17 | 2.59s (cem 0.35 refine 2.17 [60 steps] finals 0.05)
  [450/800] f104_pair_group_0249 B z -13.522 (pess -13.397) -> G abstain | valid 17/17 | 2.63s (cem 0.36 refine 2.20 [60 steps] finals 0.06)
  [451/800] f104_pair_group_0250 B z -13.606 (pess -13.391) -> G abstain | valid 17/17 | 2.60s (cem 0.35 refine 2.18 [60 steps] finals 0.06)
  [452/800] f104_pair_group_0251 B z -13.353 (pess -12.679) -> G z -13.458 (pess -13.231) gain 0.551 from round0/sample step 49 | valid 17/17 | 2.63s (cem 0.38 refine 2.18 [60 steps] finals 0.06)
  [453/800] f104_pair_group_0252 B z -13.556 (pess -13.110) -> G z -13.565 (pess -13.468) gain 0.358 from round0/sample step 60 | valid 17/17 | 2.54s (cem 0.35 refine 2.13 [60 steps] finals 0.05)
  [454/800] f104_pair_group_0253 B z -13.306 (pess -12.852) -> G z -13.421 (pess -13.317) gain 0.466 from round0/sample step 42 | valid 17/17 | 2.58s (cem 0.34 refine 2.18 [60 steps] finals 0.05)
  [455/800] f104_pair_group_0254 B z -13.275 (pess -13.001) -> G abstain | valid 17/17 | 2.59s (cem 0.35 refine 2.18 [60 steps] finals 0.05)
  [456/800] f104_pair_group_0255 B z -13.569 (pess -13.383) -> G abstain | valid 17/17 | 2.55s (cem 0.35 refine 2.14 [60 steps] finals 0.05)
  [457/800] f104_pair_group_0256 B z -13.204 (pess -12.847) -> G abstain | valid 17/17 | 2.65s (cem 0.36 refine 2.22 [60 steps] finals 0.06)
  [458/800] f104_pair_group_0257 B z -13.656 (pess -13.545) -> G abstain | valid 17/17 | 2.61s (cem 0.35 refine 2.19 [60 steps] finals 0.05)
  [459/800] f104_pair_group_0258 B z -13.499 (pess -13.210) -> G z -13.618 (pess -13.557) gain 0.347 from round0/anchor step 51 | valid 17/17 | 2.60s (cem 0.36 refine 2.18 [60 steps] finals 0.05)
  [460/800] f104_pair_group_0259 B z -13.123 (pess -12.893) -> G abstain | valid 17/17 | 2.59s (cem 0.35 refine 2.18 [60 steps] finals 0.05)
  [461/800] f104_pair_group_0260 B z -13.492 (pess -13.163) -> G abstain | valid 17/17 | 2.63s (cem 0.37 refine 2.19 [60 steps] finals 0.06)
  [462/800] f104_pair_group_0261 B z -13.414 (pess -13.325) -> G abstain | valid 17/17 | 2.61s (cem 0.36 refine 2.19 [60 steps] finals 0.05)
  [463/800] f104_pair_group_0262 B z -13.250 (pess -12.799) -> G z -13.367 (pess -13.185) gain 0.386 from B/mean step 29 | valid 17/17 | 2.61s (cem 0.35 refine 2.19 [60 steps] finals 0.05)
  [464/800] f104_pair_group_0263 B z -13.426 (pess -13.112) -> G abstain | valid 17/17 | 2.63s (cem 0.38 refine 2.18 [60 steps] finals 0.06)
  [465/800] f104_pair_group_0264 B z -13.281 (pess -12.709) -> G z -13.385 (pess -13.232) gain 0.523 from round0/anchor step 51 | valid 17/17 | 2.60s (cem 0.35 refine 2.18 [60 steps] finals 0.05)
  [466/800] f104_pair_group_0265 B z -13.523 (pess -13.305) -> G abstain | valid 17/17 | 2.62s (cem 0.36 refine 2.19 [60 steps] finals 0.05)
  [467/800] f104_pair_group_0266 B z -13.454 (pess -13.136) -> G abstain | valid 17/17 | 2.61s (cem 0.35 refine 2.19 [60 steps] finals 0.05)
  [468/800] f104_pair_group_0267 B z -13.420 (pess -13.085) -> G z -13.570 (pess -13.444) gain 0.359 from round0/sample step 60 | valid 17/17 | 2.62s (cem 0.35 refine 2.21 [60 steps] finals 0.05)
  [469/800] f104_pair_group_0268 B z -13.544 (pess -13.294) -> G abstain | valid 17/17 | 2.60s (cem 0.35 refine 2.18 [60 steps] finals 0.05)
  [470/800] f104_pair_group_0269 B z -13.497 (pess -13.313) -> G abstain | valid 17/17 | 2.60s (cem 0.35 refine 2.18 [60 steps] finals 0.05)
  [471/800] f104_pair_group_0270 B z -13.162 (pess -12.598) -> G z -13.330 (pess -13.041) gain 0.444 from round0/sample step 25 | valid 17/17 | 2.62s (cem 0.36 refine 2.20 [60 steps] finals 0.05)
  [472/800] f104_pair_group_0271 B z -12.610 (pess -11.235) -> G z -13.103 (pess -12.863) gain 1.627 from round0/sample step 37 | valid 17/17 | 2.59s (cem 0.34 refine 2.19 [60 steps] finals 0.05)
  [473/800] f104_pair_group_0272 B z -13.592 (pess -13.362) -> G abstain | valid 17/17 | 2.69s (cem 0.36 refine 2.26 [60 steps] finals 0.05)
  [474/800] f104_pair_group_0273 B z -13.523 (pess -13.371) -> G abstain | valid 17/17 | 2.62s (cem 0.36 refine 2.18 [60 steps] finals 0.06)
  [475/800] f104_pair_group_0274 B z -13.426 (pess -13.296) -> G abstain | valid 17/17 | 2.62s (cem 0.36 refine 2.19 [60 steps] finals 0.06)
  [476/800] f104_pair_group_0275 B z -13.511 (pess -13.228) -> G z -13.658 (pess -13.595) gain 0.367 from B/sample step 60 | valid 17/17 | 2.64s (cem 0.36 refine 2.20 [60 steps] finals 0.06)
  [477/800] f104_pair_group_0276 B z -13.621 (pess -13.565) -> G abstain | valid 17/17 | 2.60s (cem 0.36 refine 2.18 [60 steps] finals 0.05)
  [478/800] f104_pair_group_0277 B z -13.327 (pess -13.100) -> G abstain | valid 17/17 | 2.60s (cem 0.35 refine 2.18 [60 steps] finals 0.06)
  [479/800] f104_pair_group_0278 B z -12.454 (pess -11.624) -> G z -12.888 (pess -12.778) gain 1.153 from round0/sample step 33 | valid 17/17 | 2.58s (cem 0.35 refine 2.16 [60 steps] finals 0.05)
  [480/800] f104_pair_group_0279 B z -13.478 (pess -13.081) -> G z -13.620 (pess -13.420) gain 0.339 from B/sample step 60 | valid 17/17 | 2.61s (cem 0.35 refine 2.19 [60 steps] finals 0.05)
  [481/800] f104_pair_group_0280 B z -12.816 (pess -12.575) -> G z -13.269 (pess -13.124) gain 0.550 from round0/sample step 59 | valid 17/17 | 2.59s (cem 0.35 refine 2.17 [60 steps] finals 0.05)
  [482/800] f104_pair_group_0281 B z -12.371 (pess -11.539) -> G z -12.981 (pess -12.600) gain 1.063 from round0/anchor step 56 | valid 17/17 | 2.59s (cem 0.35 refine 2.17 [60 steps] finals 0.05)
  [483/800] f104_pair_group_0282 B z -13.565 (pess -13.449) -> G abstain | valid 17/17 | 2.60s (cem 0.35 refine 2.19 [60 steps] finals 0.05)
  [484/800] f104_pair_group_0283 B z -13.572 (pess -13.534) -> G abstain | valid 17/17 | 2.59s (cem 0.35 refine 2.17 [60 steps] finals 0.06)
  [485/800] f104_pair_group_0284 B z -12.543 (pess -11.902) -> G z -12.876 (pess -12.561) gain 0.659 from B/mean step 26 | valid 17/17 | 2.59s (cem 0.35 refine 2.17 [60 steps] finals 0.05)
  [486/800] f104_pair_group_0285 B z -13.487 (pess -13.317) -> G abstain | valid 17/17 | 2.61s (cem 0.36 refine 2.18 [60 steps] finals 0.06)
  [487/800] f104_pair_group_0286 B z -13.595 (pess -13.520) -> G abstain | valid 17/17 | 2.62s (cem 0.37 refine 2.18 [60 steps] finals 0.06)
  [488/800] f104_pair_group_0287 B z -13.593 (pess -13.439) -> G abstain | valid 17/17 | 2.63s (cem 0.36 refine 2.20 [60 steps] finals 0.06)
  [489/800] f104_pair_group_0288 B z -13.355 (pess -13.044) -> G z -13.521 (pess -13.446) gain 0.404 from round0/sample step 38 | valid 17/17 | 2.61s (cem 0.35 refine 2.19 [60 steps] finals 0.05)
  [490/800] f104_pair_group_0289 B z -13.403 (pess -13.110) -> G z -13.596 (pess -13.501) gain 0.391 from B/sample step 58 | valid 17/17 | 2.61s (cem 0.35 refine 2.19 [60 steps] finals 0.05)
  [491/800] f104_pair_group_0290 B z -13.181 (pess -12.182) -> G z -13.459 (pess -13.317) gain 1.135 from B/sample step 47 | valid 17/17 | 2.63s (cem 0.35 refine 2.22 [60 steps] finals 0.06)
  [492/800] f104_pair_group_0291 B z -13.489 (pess -13.219) -> G abstain | valid 17/17 | 2.64s (cem 0.35 refine 2.23 [60 steps] finals 0.05)
  [493/800] f104_pair_group_0292 B z -12.340 (pess -11.610) -> G z -13.041 (pess -12.660) gain 1.052 from B/sample step 50 | valid 17/17 | 2.58s (cem 0.35 refine 2.17 [60 steps] finals 0.05)
  [494/800] f104_pair_group_0293 B z -12.990 (pess -12.436) -> G z -13.459 (pess -13.415) gain 0.979 from B/sample step 49 | valid 17/17 | 2.61s (cem 0.36 refine 2.19 [60 steps] finals 0.05)
  [495/800] f104_pair_group_0294 B z -13.046 (pess -12.587) -> G z -13.265 (pess -13.124) gain 0.537 from B/sample step 59 | valid 17/17 | 2.60s (cem 0.36 refine 2.18 [60 steps] finals 0.05)
  [496/800] f104_pair_group_0295 B z -13.447 (pess -13.279) -> G abstain | valid 17/17 | 2.62s (cem 0.36 refine 2.19 [60 steps] finals 0.06)
  [497/800] f104_pair_group_0296 B z -11.010 (pess -9.658) -> G z -12.177 (pess -11.133) gain 1.472 from round0/sample step 32 | valid 17/17 | 2.60s (cem 0.34 refine 2.20 [60 steps] finals 0.05)
  [498/800] f104_pair_group_0297 B z -13.488 (pess -13.339) -> G abstain | valid 17/17 | 2.63s (cem 0.37 refine 2.20 [60 steps] finals 0.05)
  [499/800] f104_pair_group_0298 B z -13.498 (pess -13.420) -> G abstain | valid 17/17 | 2.61s (cem 0.35 refine 2.20 [60 steps] finals 0.06)
  [500/800] f104_pair_group_0299 B z -13.292 (pess -12.906) -> G z -13.514 (pess -13.358) gain 0.452 from B/sample step 24 | valid 17/17 | 2.47s (cem 0.38 refine 2.02 [60 steps] finals 0.06)
  [501/800] f104_pair_group_0300 B z -13.444 (pess -13.038) -> G z -13.561 (pess -13.414) gain 0.375 from B/sample step 55 | valid 17/17 | 2.60s (cem 0.35 refine 2.19 [60 steps] finals 0.05)
  [502/800] f104_pair_group_0301 B z -13.469 (pess -13.204) -> G abstain | valid 17/17 | 2.63s (cem 0.35 refine 2.22 [60 steps] finals 0.05)
  [503/800] f104_pair_group_0302 B z -13.577 (pess -13.147) -> G z -13.593 (pess -13.470) gain 0.323 from round0/sample step 15 | valid 17/17 | 2.63s (cem 0.36 refine 2.20 [60 steps] finals 0.05)
  [504/800] f104_pair_group_0303 B z -13.436 (pess -12.968) -> G abstain | valid 17/17 | 2.60s (cem 0.35 refine 2.19 [60 steps] finals 0.05)
  [505/800] f104_pair_group_0304 B z -13.382 (pess -13.090) -> G abstain | valid 17/17 | 2.61s (cem 0.35 refine 2.20 [60 steps] finals 0.05)
  [506/800] f104_pair_group_0305 B z -12.937 (pess -12.453) -> G z -13.280 (pess -13.129) gain 0.677 from round0/sample step 39 | valid 17/17 | 2.61s (cem 0.35 refine 2.20 [60 steps] finals 0.05)
  [507/800] f104_pair_group_0306 B z -13.157 (pess -12.060) -> G z -13.360 (pess -12.859) gain 0.799 from B/sample step 45 | valid 17/17 | 2.62s (cem 0.35 refine 2.20 [60 steps] finals 0.06)
  [508/800] f104_pair_group_0307 B z -13.366 (pess -13.206) -> G abstain | valid 17/17 | 2.59s (cem 0.35 refine 2.18 [60 steps] finals 0.05)
  [509/800] f104_pair_group_0308 B z -13.507 (pess -13.335) -> G abstain | valid 17/17 | 2.62s (cem 0.37 refine 2.18 [60 steps] finals 0.05)
  [510/800] f104_pair_group_0309 B z -13.564 (pess -13.307) -> G abstain | valid 17/17 | 2.58s (cem 0.35 refine 2.16 [60 steps] finals 0.06)
  [511/800] f104_pair_group_0310 B z -13.565 (pess -13.403) -> G abstain | valid 17/17 | 2.68s (cem 0.39 refine 2.22 [60 steps] finals 0.06)
  [512/800] f104_pair_group_0311 B z -13.441 (pess -13.294) -> G abstain | valid 17/17 | 2.63s (cem 0.37 refine 2.19 [60 steps] finals 0.06)
  [513/800] f104_pair_group_0312 B z -13.537 (pess -13.267) -> G z -13.603 (pess -13.577) gain 0.310 from round0/sample step 12 | valid 17/17 | 2.62s (cem 0.35 refine 2.20 [60 steps] finals 0.05)
  [514/800] f104_pair_group_0313 B z -13.582 (pess -13.514) -> G abstain | valid 17/17 | 2.63s (cem 0.35 refine 2.21 [60 steps] finals 0.05)
  [515/800] f104_pair_group_0314 B z -13.017 (pess -12.266) -> G z -13.330 (pess -13.216) gain 0.949 from B/sample step 25 | valid 17/17 | 2.68s (cem 0.37 refine 2.24 [60 steps] finals 0.05)
  [516/800] f104_pair_group_0315 B z -12.202 (pess -10.002) -> G z -12.423 (pess -11.880) gain 1.878 from round0/sample step 22 | valid 17/17 | 2.65s (cem 0.36 refine 2.23 [60 steps] finals 0.05)
  [517/800] f104_pair_group_0316 B z -12.703 (pess -11.829) -> G z -13.319 (pess -12.950) gain 1.122 from round0/anchor step 60 | valid 17/17 | 2.61s (cem 0.36 refine 2.18 [60 steps] finals 0.05)
  [518/800] f104_pair_group_0317 B z -13.596 (pess -13.492) -> G abstain | valid 17/17 | 2.60s (cem 0.36 refine 2.18 [60 steps] finals 0.05)
  [519/800] f104_pair_group_0318 B z -13.603 (pess -13.519) -> G abstain | valid 17/17 | 2.62s (cem 0.36 refine 2.19 [60 steps] finals 0.06)
  [520/800] f104_pair_group_0319 B z -13.600 (pess -13.455) -> G abstain | valid 17/17 | 2.62s (cem 0.35 refine 2.20 [60 steps] finals 0.06)
  [521/800] f104_pair_group_0320 B z -12.593 (pess -11.042) -> G z -13.075 (pess -12.833) gain 1.791 from round0/anchor step 60 | valid 17/17 | 2.60s (cem 0.35 refine 2.18 [60 steps] finals 0.05)
  [522/800] f104_pair_group_0321 B z -13.363 (pess -12.755) -> G z -13.590 (pess -13.535) gain 0.781 from B/sample step 57 | valid 17/17 | 2.60s (cem 0.36 refine 2.17 [60 steps] finals 0.06)
  [523/800] f104_pair_group_0322 B z -13.595 (pess -13.377) -> G abstain | valid 17/17 | 2.66s (cem 0.39 refine 2.19 [60 steps] finals 0.06)
  [524/800] f104_pair_group_0323 B z -13.352 (pess -12.983) -> G z -13.582 (pess -13.493) gain 0.509 from B/sample step 60 | valid 17/17 | 2.62s (cem 0.37 refine 2.19 [60 steps] finals 0.05)
  [525/800] f104_pair_group_0324 B z -13.459 (pess -13.250) -> G abstain | valid 17/17 | 2.60s (cem 0.35 refine 2.19 [60 steps] finals 0.05)
  [526/800] f104_pair_group_0325 B z -13.287 (pess -12.672) -> G z -13.521 (pess -13.383) gain 0.710 from B/sample step 28 | valid 17/17 | 2.61s (cem 0.35 refine 2.19 [60 steps] finals 0.05)
  [527/800] f104_pair_group_0326 B z -13.644 (pess -13.533) -> G abstain | valid 17/17 | 2.65s (cem 0.37 refine 2.22 [60 steps] finals 0.05)
  [528/800] f104_pair_group_0327 B z -13.391 (pess -13.190) -> G z -13.656 (pess -13.534) gain 0.344 from B/sample step 38 | valid 17/17 | 2.67s (cem 0.37 refine 2.23 [60 steps] finals 0.06)
  [529/800] f104_pair_group_0328 B z -13.169 (pess -12.789) -> G z -13.425 (pess -13.128) gain 0.340 from round0/sample step 35 | valid 17/17 | 2.62s (cem 0.35 refine 2.21 [60 steps] finals 0.05)
  [530/800] f104_pair_group_0329 B z -13.570 (pess -13.415) -> G abstain | valid 17/17 | 2.60s (cem 0.35 refine 2.19 [60 steps] finals 0.05)
  [531/800] f104_pair_group_0330 B z -13.317 (pess -12.806) -> G z -13.423 (pess -13.256) gain 0.449 from round0/sample step 60 | valid 17/17 | 2.62s (cem 0.35 refine 2.20 [60 steps] finals 0.06)
  [532/800] f104_pair_group_0331 B z -12.944 (pess -12.523) -> G abstain | valid 17/17 | 2.61s (cem 0.36 refine 2.19 [60 steps] finals 0.05)
  [533/800] f104_pair_group_0332 B z -13.039 (pess -12.653) -> G z -13.157 (pess -13.066) gain 0.413 from round0/sample step 59 | valid 17/17 | 2.63s (cem 0.37 refine 2.19 [60 steps] finals 0.06)
  [534/800] f104_pair_group_0333 B z -13.699 (pess -13.665) -> G abstain | valid 17/17 | 2.64s (cem 0.38 refine 2.19 [60 steps] finals 0.06)
  [535/800] f104_pair_group_0334 B z -13.358 (pess -13.164) -> G abstain | valid 17/17 | 2.63s (cem 0.37 refine 2.19 [60 steps] finals 0.06)
  [536/800] f104_pair_group_0335 B z -13.465 (pess -13.159) -> G z -13.637 (pess -13.594) gain 0.435 from round0/sample step 60 | valid 17/17 | 2.61s (cem 0.36 refine 2.19 [60 steps] finals 0.05)
  [537/800] f104_pair_group_0336 B z -13.580 (pess -13.353) -> G abstain | valid 17/17 | 2.64s (cem 0.35 refine 2.22 [60 steps] finals 0.05)
  [538/800] f104_pair_group_0337 B z -12.576 (pess -11.128) -> G z -13.318 (pess -12.938) gain 1.809 from B/sample step 56 | valid 17/17 | 2.63s (cem 0.36 refine 2.21 [60 steps] finals 0.05)
  [539/800] f104_pair_group_0338 B z -13.605 (pess -13.420) -> G abstain | valid 17/17 | 2.62s (cem 0.36 refine 2.19 [60 steps] finals 0.05)
  [540/800] f104_pair_group_0339 B z -13.531 (pess -13.309) -> G abstain | valid 17/17 | 2.59s (cem 0.35 refine 2.19 [60 steps] finals 0.05)
  [541/800] f104_pair_group_0340 B z -13.122 (pess -12.385) -> G z -13.161 (pess -13.038) gain 0.653 from round0/anchor step 52 | valid 17/17 | 2.59s (cem 0.36 refine 2.16 [60 steps] finals 0.05)
  [542/800] f104_pair_group_0341 B z -13.049 (pess -12.140) -> G z -13.305 (pess -13.005) gain 0.866 from B/sample step 49 | valid 17/17 | 2.65s (cem 0.35 refine 2.24 [60 steps] finals 0.05)
  [543/800] f104_pair_group_0342 B z -13.422 (pess -13.053) -> G z -13.575 (pess -13.510) gain 0.457 from B/sample step 27 | valid 17/17 | 2.62s (cem 0.36 refine 2.18 [60 steps] finals 0.06)
  [544/800] f104_pair_group_0343 B z -12.857 (pess -11.830) -> G z -13.552 (pess -13.393) gain 1.562 from B/sample step 53 | valid 17/17 | 2.56s (cem 0.36 refine 2.13 [60 steps] finals 0.06)
  [545/800] f104_pair_group_0344 B z -13.458 (pess -13.255) -> G abstain | valid 17/17 | 2.60s (cem 0.36 refine 2.18 [60 steps] finals 0.05)
  [546/800] f104_pair_group_0345 B z -13.444 (pess -13.216) -> G abstain | valid 17/17 | 2.62s (cem 0.36 refine 2.18 [60 steps] finals 0.06)
  [547/800] f104_pair_group_0346 B z -13.638 (pess -13.531) -> G abstain | valid 17/17 | 2.61s (cem 0.35 refine 2.20 [60 steps] finals 0.05)
  [548/800] f104_pair_group_0347 B z -13.483 (pess -13.062) -> G z -13.620 (pess -13.531) gain 0.468 from round0/sample step 60 | valid 17/17 | 2.62s (cem 0.35 refine 2.20 [60 steps] finals 0.05)
  [549/800] f104_pair_group_0348 B z -13.400 (pess -13.139) -> G abstain | valid 17/17 | 2.60s (cem 0.35 refine 2.19 [60 steps] finals 0.05)
  [550/800] f104_pair_group_0349 B z -13.559 (pess -13.425) -> G abstain | valid 17/17 | 2.62s (cem 0.35 refine 2.20 [60 steps] finals 0.05)
  [551/800] f104_pair_group_0350 B z -13.470 (pess -13.235) -> G abstain | valid 17/17 | 2.59s (cem 0.35 refine 2.18 [60 steps] finals 0.05)
  [552/800] f104_pair_group_0351 B z -11.313 (pess -8.956) -> G z -11.694 (pess -11.013) gain 2.057 from round0/sample step 60 | valid 17/17 | 2.58s (cem 0.34 refine 2.18 [60 steps] finals 0.05)
  [553/800] f104_pair_group_0352 B z -13.220 (pess -12.941) -> G z -13.451 (pess -13.338) gain 0.396 from B/sample step 24 | valid 17/17 | 2.58s (cem 0.35 refine 2.18 [60 steps] finals 0.05)
  [554/800] f104_pair_group_0353 B z -12.567 (pess -11.052) -> G z -13.162 (pess -13.106) gain 2.053 from round0/anchor step 56 | valid 17/17 | 2.62s (cem 0.37 refine 2.18 [60 steps] finals 0.05)
  [555/800] f104_pair_group_0354 B z -13.418 (pess -13.031) -> G z -13.522 (pess -13.484) gain 0.453 from round0/sample step 44 | valid 17/17 | 2.61s (cem 0.36 refine 2.19 [60 steps] finals 0.05)
  [556/800] f104_pair_group_0355 B z -12.791 (pess -11.719) -> G z -13.240 (pess -12.955) gain 1.236 from round0/sample step 45 | valid 17/17 | 2.61s (cem 0.36 refine 2.19 [60 steps] finals 0.05)
  [557/800] f104_pair_group_0356 B z -12.598 (pess -11.617) -> G z -13.315 (pess -13.085) gain 1.468 from round0/sample step 59 | valid 17/17 | 2.60s (cem 0.36 refine 2.18 [60 steps] finals 0.05)
  [558/800] f104_pair_group_0357 B z -13.266 (pess -13.065) -> G abstain | valid 17/17 | 2.57s (cem 0.35 refine 2.16 [60 steps] finals 0.05)
  [559/800] f104_pair_group_0358 B z -13.007 (pess -12.375) -> G z -13.382 (pess -13.010) gain 0.633 from B/sample step 52 | valid 17/17 | 2.65s (cem 0.39 refine 2.18 [60 steps] finals 0.06)
  [560/800] f104_pair_group_0359 B z -13.338 (pess -12.878) -> G z -13.474 (pess -13.332) gain 0.453 from B/sample step 17 | valid 17/17 | 2.65s (cem 0.37 refine 2.21 [60 steps] finals 0.06)
  [561/800] f104_pair_group_0360 B z -13.508 (pess -13.353) -> G abstain | valid 17/17 | 2.65s (cem 0.35 refine 2.24 [60 steps] finals 0.05)
  [562/800] f104_pair_group_0361 B z -13.699 (pess -13.593) -> G abstain | valid 17/17 | 2.62s (cem 0.35 refine 2.20 [60 steps] finals 0.05)
  [563/800] f104_pair_group_0362 B z -13.097 (pess -12.866) -> G z -13.375 (pess -13.215) gain 0.349 from round0/anchor step 44 | valid 17/17 | 2.61s (cem 0.35 refine 2.20 [60 steps] finals 0.06)
  [564/800] f104_pair_group_0363 B z -13.139 (pess -12.825) -> G z -13.458 (pess -13.293) gain 0.468 from B/sample step 40 | valid 17/17 | 2.60s (cem 0.36 refine 2.18 [60 steps] finals 0.05)
  [565/800] f104_pair_group_0364 B z -13.435 (pess -13.249) -> G abstain | valid 17/17 | 2.58s (cem 0.35 refine 2.17 [60 steps] finals 0.05)
  [566/800] f104_pair_group_0365 B z -12.952 (pess -12.100) -> G z -13.388 (pess -13.156) gain 1.055 from round0/anchor step 56 | valid 17/17 | 2.58s (cem 0.35 refine 2.17 [60 steps] finals 0.05)
  [567/800] f104_pair_group_0366 B z -12.927 (pess -12.432) -> G z -13.035 (pess -12.739) gain 0.307 from round0/sample step 31 | valid 17/17 | 2.57s (cem 0.35 refine 2.16 [60 steps] finals 0.05)
  [568/800] f104_pair_group_0367 B z -13.194 (pess -12.895) -> G z -13.444 (pess -13.319) gain 0.425 from round0/sample step 16 | valid 17/17 | 2.59s (cem 0.35 refine 2.18 [60 steps] finals 0.05)
  [569/800] f104_pair_group_0368 B z -12.542 (pess -11.907) -> G z -13.309 (pess -12.897) gain 0.991 from B/sample step 45 | valid 17/17 | 2.60s (cem 0.37 refine 2.17 [60 steps] finals 0.05)
  [570/800] f104_pair_group_0369 B z -13.333 (pess -13.062) -> G abstain | valid 17/17 | 2.47s (cem 0.36 refine 2.04 [60 steps] finals 0.05)
  [571/800] f104_pair_group_0370 B z -13.676 (pess -13.587) -> G abstain | valid 17/17 | 2.62s (cem 0.35 refine 2.20 [60 steps] finals 0.05)
  [572/800] f104_pair_group_0371 B z -13.657 (pess -13.624) -> G abstain | valid 17/17 | 2.67s (cem 0.39 refine 2.21 [60 steps] finals 0.06)
  [573/800] f104_pair_group_0372 B z -13.236 (pess -12.885) -> G z -13.329 (pess -13.286) gain 0.401 from B/sample step 14 | valid 17/17 | 2.59s (cem 0.35 refine 2.17 [60 steps] finals 0.05)
  [574/800] f104_pair_group_0373 B z -13.466 (pess -13.242) -> G abstain | valid 17/17 | 2.59s (cem 0.35 refine 2.18 [60 steps] finals 0.05)
  [575/800] f104_pair_group_0374 B z -13.380 (pess -13.073) -> G z -13.482 (pess -13.387) gain 0.315 from B/sample step 28 | valid 17/17 | 2.59s (cem 0.35 refine 2.18 [60 steps] finals 0.06)
  [576/800] f104_pair_group_0375 B z -13.098 (pess -12.675) -> G z -13.323 (pess -13.136) gain 0.461 from B/sample step 57 | valid 17/17 | 2.62s (cem 0.37 refine 2.19 [60 steps] finals 0.05)
  [577/800] f104_pair_group_0376 B z -12.552 (pess -11.343) -> G z -13.367 (pess -13.260) gain 1.918 from B/sample step 52 | valid 17/17 | 2.60s (cem 0.35 refine 2.18 [60 steps] finals 0.05)
  [578/800] f104_pair_group_0377 B z -12.362 (pess -11.494) -> G z -13.265 (pess -13.112) gain 1.618 from B/sample step 49 | valid 17/17 | 2.58s (cem 0.35 refine 2.17 [60 steps] finals 0.05)
  [579/800] f104_pair_group_0378 B z -12.896 (pess -11.938) -> G z -13.232 (pess -13.030) gain 1.094 from round0/sample step 40 | valid 17/17 | 2.61s (cem 0.36 refine 2.19 [60 steps] finals 0.05)
  [580/800] f104_pair_group_0379 B z -13.256 (pess -12.529) -> G z -13.397 (pess -13.056) gain 0.527 from round0/sample step 39 | valid 17/17 | 2.60s (cem 0.34 refine 2.20 [60 steps] finals 0.05)
  [581/800] f104_pair_group_0380 B z -13.563 (pess -13.390) -> G abstain | valid 17/17 | 2.63s (cem 0.37 refine 2.19 [60 steps] finals 0.05)
  [582/800] f104_pair_group_0381 B z -12.757 (pess -11.782) -> G z -13.146 (pess -12.753) gain 0.972 from B/sample step 45 | valid 17/17 | 2.62s (cem 0.36 refine 2.20 [60 steps] finals 0.05)
  [583/800] f104_pair_group_0382 B z -13.478 (pess -13.355) -> G abstain | valid 17/17 | 2.65s (cem 0.36 refine 2.22 [60 steps] finals 0.06)
  [584/800] f104_pair_group_0383 B z -13.663 (pess -13.547) -> G abstain | valid 17/17 | 2.68s (cem 0.39 refine 2.22 [60 steps] finals 0.06)
  [585/800] f104_pair_group_0384 B z -13.538 (pess -13.274) -> G abstain | valid 17/17 | 2.61s (cem 0.36 refine 2.18 [60 steps] finals 0.06)
  [586/800] f104_pair_group_0385 B z -13.133 (pess -11.841) -> G z -13.318 (pess -13.047) gain 1.206 from round0/sample step 36 | valid 17/17 | 2.60s (cem 0.36 refine 2.18 [60 steps] finals 0.05)
  [587/800] f104_pair_group_0386 B z -13.477 (pess -13.392) -> G abstain | valid 17/17 | 2.61s (cem 0.36 refine 2.19 [60 steps] finals 0.06)
  [588/800] f104_pair_group_0387 B z -13.581 (pess -13.414) -> G abstain | valid 17/17 | 2.64s (cem 0.35 refine 2.23 [60 steps] finals 0.05)
  [589/800] f104_pair_group_0388 B z -13.579 (pess -13.486) -> G abstain | valid 17/17 | 2.61s (cem 0.35 refine 2.20 [60 steps] finals 0.05)
  [590/800] f104_pair_group_0389 B z -13.053 (pess -12.442) -> G z -13.294 (pess -13.034) gain 0.594 from round0/anchor step 55 | valid 17/17 | 2.60s (cem 0.35 refine 2.20 [60 steps] finals 0.05)
  [591/800] f104_pair_group_0390 B z -13.540 (pess -13.473) -> G abstain | valid 17/17 | 2.62s (cem 0.36 refine 2.20 [60 steps] finals 0.06)
  [592/800] f104_pair_group_0391 B z -13.125 (pess -12.017) -> G z -13.386 (pess -13.224) gain 1.207 from round0/anchor step 52 | valid 17/17 | 2.62s (cem 0.37 refine 2.19 [60 steps] finals 0.05)
  [593/800] f104_pair_group_0392 B z -13.660 (pess -13.597) -> G abstain | valid 17/17 | 2.62s (cem 0.35 refine 2.21 [60 steps] finals 0.05)
  [594/800] f104_pair_group_0393 B z -13.363 (pess -12.929) -> G z -13.479 (pess -13.416) gain 0.486 from round0/sample step 52 | valid 17/17 | 2.61s (cem 0.36 refine 2.19 [60 steps] finals 0.05)
  [595/800] f104_pair_group_0394 B z -13.208 (pess -12.871) -> G z -13.383 (pess -13.227) gain 0.356 from B/mean step 39 | valid 17/17 | 2.60s (cem 0.37 refine 2.17 [60 steps] finals 0.05)
  [596/800] f104_pair_group_0395 B z -13.516 (pess -13.227) -> G abstain | valid 17/17 | 2.74s (cem 0.38 refine 2.29 [60 steps] finals 0.06)
  [597/800] f104_pair_group_0396 B z -13.363 (pess -12.883) -> G z -13.499 (pess -13.367) gain 0.486 from round0/sample step 60 | valid 17/17 | 2.59s (cem 0.35 refine 2.18 [60 steps] finals 0.05)
  [598/800] f104_pair_group_0397 B z -13.525 (pess -13.280) -> G abstain | valid 17/17 | 2.54s (cem 0.35 refine 2.13 [60 steps] finals 0.05)
  [599/800] f104_pair_group_0398 B z -13.586 (pess -13.306) -> G abstain | valid 17/17 | 2.60s (cem 0.36 refine 2.17 [60 steps] finals 0.06)
  [600/800] f104_pair_group_0399 B z -13.567 (pess -13.385) -> G abstain | valid 17/17 | 2.57s (cem 0.35 refine 2.16 [60 steps] finals 0.05)
  [601/800] f104_pair_group_0400 B z -12.813 (pess -12.335) -> G z -13.346 (pess -13.255) gain 0.920 from B/sample step 36 | valid 17/17 | 2.60s (cem 0.36 refine 2.17 [60 steps] finals 0.05)
  [602/800] f104_pair_group_0401 B z -13.651 (pess -13.528) -> G abstain | valid 17/17 | 2.62s (cem 0.37 refine 2.20 [60 steps] finals 0.05)
  [603/800] f104_pair_group_0402 B z -13.515 (pess -13.376) -> G abstain | valid 17/17 | 2.61s (cem 0.36 refine 2.18 [60 steps] finals 0.05)
  [604/800] f104_pair_group_0403 B z -13.230 (pess -12.984) -> G abstain | valid 17/17 | 2.61s (cem 0.36 refine 2.18 [60 steps] finals 0.05)
  [605/800] f104_pair_group_0404 B z -13.073 (pess -12.740) -> G z -13.263 (pess -13.131) gain 0.392 from round0/sample step 33 | valid 17/17 | 2.57s (cem 0.35 refine 2.16 [60 steps] finals 0.05)
  [606/800] f104_pair_group_0405 B z -13.378 (pess -12.997) -> G z -13.557 (pess -13.514) gain 0.517 from B/sample step 56 | valid 17/17 | 2.65s (cem 0.35 refine 2.23 [60 steps] finals 0.05)
  [607/800] f104_pair_group_0406 B z -13.677 (pess -13.614) -> G abstain | valid 17/17 | 2.75s (cem 0.39 refine 2.28 [60 steps] finals 0.06)
  [608/800] f104_pair_group_0407 B z -13.678 (pess -13.615) -> G abstain | valid 17/17 | 2.67s (cem 0.38 refine 2.21 [60 steps] finals 0.06)
  [609/800] f104_pair_group_0408 B z -13.573 (pess -13.307) -> G abstain | valid 17/17 | 2.64s (cem 0.38 refine 2.20 [60 steps] finals 0.05)
  [610/800] f104_pair_group_0409 B z -13.581 (pess -13.351) -> G abstain | valid 17/17 | 2.63s (cem 0.35 refine 2.21 [60 steps] finals 0.05)
  [611/800] f104_pair_group_0410 B z -13.546 (pess -13.262) -> G abstain | valid 17/17 | 2.63s (cem 0.36 refine 2.20 [60 steps] finals 0.05)
  [612/800] f104_pair_group_0411 B z -13.296 (pess -12.960) -> G abstain | valid 17/17 | 2.59s (cem 0.35 refine 2.17 [60 steps] finals 0.05)
  [613/800] f104_pair_group_0412 B z -13.319 (pess -13.119) -> G abstain | valid 17/17 | 2.63s (cem 0.35 refine 2.22 [60 steps] finals 0.05)
  [614/800] f104_pair_group_0413 B z -13.498 (pess -13.353) -> G abstain | valid 17/17 | 2.65s (cem 0.36 refine 2.23 [60 steps] finals 0.05)
  [615/800] f104_pair_group_0414 B z -13.173 (pess -12.635) -> G z -13.431 (pess -13.295) gain 0.659 from B/sample step 34 | valid 17/17 | 2.63s (cem 0.35 refine 2.21 [60 steps] finals 0.06)
  [616/800] f104_pair_group_0415 B z -13.145 (pess -12.672) -> G z -13.324 (pess -13.147) gain 0.475 from round0/sample step 60 | valid 17/17 | 2.69s (cem 0.36 refine 2.25 [60 steps] finals 0.06)
  [617/800] f104_pair_group_0416 B z -13.278 (pess -12.555) -> G z -13.484 (pess -13.114) gain 0.558 from round0/sample step 30 | valid 17/17 | 2.66s (cem 0.35 refine 2.24 [60 steps] finals 0.06)
  [618/800] f104_pair_group_0417 B z -13.490 (pess -13.401) -> G abstain | valid 17/17 | 2.71s (cem 0.39 refine 2.26 [60 steps] finals 0.05)
  [619/800] f104_pair_group_0418 B z -13.523 (pess -13.288) -> G abstain | valid 17/17 | 2.76s (cem 0.40 refine 2.29 [60 steps] finals 0.05)
  [620/800] f104_pair_group_0419 B z -13.557 (pess -13.359) -> G abstain | valid 17/17 | 2.62s (cem 0.35 refine 2.21 [60 steps] finals 0.05)
  [621/800] f104_pair_group_0420 B z -13.575 (pess -13.256) -> G abstain | valid 17/17 | 2.68s (cem 0.37 refine 2.24 [60 steps] finals 0.05)
  [622/800] f104_pair_group_0421 B z -13.630 (pess -13.498) -> G abstain | valid 17/17 | 2.62s (cem 0.37 refine 2.19 [60 steps] finals 0.06)
  [623/800] f104_pair_group_0422 B z -13.355 (pess -13.263) -> G abstain | valid 17/17 | 2.63s (cem 0.35 refine 2.21 [60 steps] finals 0.05)
  [624/800] f104_pair_group_0423 B z -13.291 (pess -12.785) -> G z -13.391 (pess -13.252) gain 0.467 from B/sample step 10 | valid 17/17 | 2.64s (cem 0.36 refine 2.22 [60 steps] finals 0.05)
  [625/800] f104_pair_group_0424 B z -13.468 (pess -13.226) -> G z -13.660 (pess -13.578) gain 0.352 from B/sample step 60 | valid 17/17 | 2.65s (cem 0.35 refine 2.23 [60 steps] finals 0.06)
  [626/800] f104_pair_group_0425 B z -13.428 (pess -12.999) -> G abstain | valid 17/17 | 2.64s (cem 0.36 refine 2.22 [60 steps] finals 0.05)
  [627/800] f104_pair_group_0426 B z -13.549 (pess -13.307) -> G abstain | valid 17/17 | 2.62s (cem 0.34 refine 2.21 [60 steps] finals 0.05)
  [628/800] f104_pair_group_0427 B z -12.827 (pess -12.282) -> G z -13.258 (pess -13.072) gain 0.789 from round0/anchor step 60 | valid 17/17 | 2.68s (cem 0.35 refine 2.26 [60 steps] finals 0.05)
  [629/800] f104_pair_group_0428 B z -13.427 (pess -13.278) -> G abstain | valid 17/17 | 2.62s (cem 0.38 refine 2.16 [60 steps] finals 0.06)
  [630/800] f104_pair_group_0429 B z -13.502 (pess -13.373) -> G abstain | valid 17/17 | 3.05s (cem 0.43 refine 2.53 [60 steps] finals 0.06)
  [631/800] f104_pair_group_0430 B z -13.588 (pess -13.405) -> G abstain | valid 17/17 | 2.76s (cem 0.38 refine 2.31 [60 steps] finals 0.06)
  [632/800] f104_pair_group_0431 B z -13.395 (pess -13.077) -> G abstain | valid 17/17 | 2.85s (cem 0.40 refine 2.38 [60 steps] finals 0.06)
  [633/800] f104_pair_group_0432 B z -13.440 (pess -13.205) -> G abstain | valid 17/17 | 2.80s (cem 0.38 refine 2.35 [60 steps] finals 0.05)
  [634/800] f104_pair_group_0433 B z -13.262 (pess -12.834) -> G abstain | valid 17/17 | 2.63s (cem 0.35 refine 2.21 [60 steps] finals 0.05)
  [635/800] f104_pair_group_0434 B z -13.138 (pess -12.455) -> G z -13.321 (pess -13.176) gain 0.720 from round0/sample step 8 | valid 17/17 | 2.67s (cem 0.39 refine 2.21 [60 steps] finals 0.06)
  [636/800] f104_pair_group_0435 B z -12.893 (pess -11.413) -> G z -13.151 (pess -12.678) gain 1.265 from B/mean step 41 | valid 17/17 | 2.61s (cem 0.36 refine 2.18 [60 steps] finals 0.05)
  [637/800] f104_pair_group_0436 B z -12.030 (pess -10.838) -> G z -12.126 (pess -11.819) gain 0.982 from round0/anchor step 48 | valid 17/17 | 2.62s (cem 0.36 refine 2.21 [60 steps] finals 0.05)
  [638/800] f104_pair_group_0437 B z -12.943 (pess -11.176) -> G z -13.404 (pess -13.116) gain 1.943 from B/sample step 27 | valid 17/17 | 2.61s (cem 0.36 refine 2.20 [60 steps] finals 0.05)
  [639/800] f104_pair_group_0438 B z -13.606 (pess -13.437) -> G abstain | valid 17/17 | 2.62s (cem 0.35 refine 2.21 [60 steps] finals 0.05)
  [640/800] f104_pair_group_0439 B z -12.795 (pess -11.977) -> G z -13.208 (pess -12.957) gain 0.980 from round0/sample step 50 | valid 17/17 | 2.62s (cem 0.35 refine 2.21 [60 steps] finals 0.05)
  [641/800] f104_pair_group_0440 B z -10.074 (pess -8.975) -> G z -12.044 (pess -11.715) gain 2.741 from round0/sample step 49 | valid 17/17 | 2.61s (cem 0.35 refine 2.20 [60 steps] finals 0.05)
  [642/800] f104_pair_group_0441 B z -13.340 (pess -12.850) -> G z -13.455 (pess -13.292) gain 0.442 from round0/anchor step 40 | valid 17/17 | 2.60s (cem 0.35 refine 2.19 [60 steps] finals 0.05)
  [643/800] f104_pair_group_0442 B z -13.617 (pess -13.526) -> G abstain | valid 17/17 | 2.60s (cem 0.35 refine 2.19 [60 steps] finals 0.05)
  [644/800] f104_pair_group_0443 B z -13.690 (pess -13.666) -> G abstain | valid 17/17 | 2.60s (cem 0.36 refine 2.18 [60 steps] finals 0.06)
  [645/800] f104_pair_group_0444 B z -13.261 (pess -12.369) -> G z -13.490 (pess -13.261) gain 0.892 from round0/anchor step 60 | valid 17/17 | 2.59s (cem 0.34 refine 2.18 [60 steps] finals 0.05)
  [646/800] f104_pair_group_0445 B z -13.300 (pess -13.085) -> G z -13.642 (pess -13.623) gain 0.537 from round0/sample step 11 | valid 17/17 | 2.60s (cem 0.36 refine 2.17 [60 steps] finals 0.05)
  [647/800] f104_pair_group_0446 B z -10.007 (pess -5.919) -> G z -11.552 (pess -10.689) gain 4.770 from round0/anchor step 60 | valid 17/17 | 2.58s (cem 0.35 refine 2.17 [60 steps] finals 0.05)
  [648/800] f104_pair_group_0447 B z -13.148 (pess -12.946) -> G z -13.545 (pess -13.446) gain 0.500 from B/sample step 41 | valid 17/17 | 2.61s (cem 0.36 refine 2.19 [60 steps] finals 0.05)
  [649/800] f104_pair_group_0448 B z -11.424 (pess -9.901) -> G z -12.660 (pess -12.483) gain 2.581 from round0/sample step 60 | valid 17/17 | 2.60s (cem 0.36 refine 2.18 [60 steps] finals 0.05)
  [650/800] f104_pair_group_0449 B z -13.539 (pess -13.363) -> G abstain | valid 17/17 | 2.64s (cem 0.37 refine 2.20 [60 steps] finals 0.05)
  [651/800] f104_pair_group_0450 B z -12.849 (pess -12.108) -> G z -13.073 (pess -12.800) gain 0.691 from round0/sample step 59 | valid 17/17 | 2.65s (cem 0.36 refine 2.22 [60 steps] finals 0.06)
  [652/800] f104_pair_group_0451 B z -13.549 (pess -13.439) -> G abstain | valid 17/17 | 2.64s (cem 0.35 refine 2.23 [60 steps] finals 0.06)
  [653/800] f104_pair_group_0452 B z -11.066 (pess -7.952) -> G z -12.223 (pess -11.903) gain 3.952 from round0/sample step 60 | valid 17/17 | 2.65s (cem 0.37 refine 2.22 [60 steps] finals 0.05)
  [654/800] f104_pair_group_0453 B z -13.551 (pess -13.331) -> G abstain | valid 17/17 | 2.68s (cem 0.37 refine 2.24 [60 steps] finals 0.06)
  [655/800] f104_pair_group_0454 B z -13.426 (pess -12.880) -> G z -13.412 (pess -13.281) gain 0.401 from round0/sample step 50 | valid 17/17 | 2.63s (cem 0.35 refine 2.21 [60 steps] finals 0.05)
  [656/800] f104_pair_group_0455 B z -13.403 (pess -13.200) -> G abstain | valid 17/17 | 2.64s (cem 0.35 refine 2.23 [60 steps] finals 0.05)
  [657/800] f104_pair_group_0456 B z -13.566 (pess -13.486) -> G abstain | valid 17/17 | 2.63s (cem 0.35 refine 2.21 [60 steps] finals 0.05)
  [658/800] f104_pair_group_0457 B z -13.509 (pess -13.325) -> G abstain | valid 17/17 | 2.60s (cem 0.35 refine 2.19 [60 steps] finals 0.05)
  [659/800] f104_pair_group_0458 B z -13.507 (pess -13.465) -> G abstain | valid 17/17 | 2.64s (cem 0.36 refine 2.21 [60 steps] finals 0.05)
  [660/800] f104_pair_group_0459 B z -11.748 (pess -10.027) -> G z -11.699 (pess -11.074) gain 1.047 from round0/sample step 60 | valid 17/17 | 2.58s (cem 0.35 refine 2.17 [60 steps] finals 0.05)
  [661/800] f104_pair_group_0460 B z -12.945 (pess -11.839) -> G z -13.465 (pess -13.244) gain 1.406 from B/sample step 59 | valid 17/17 | 2.58s (cem 0.35 refine 2.17 [60 steps] finals 0.05)
  [662/800] f104_pair_group_0461 B z -11.806 (pess -11.172) -> G z -12.407 (pess -12.011) gain 0.839 from B/sample step 19 | valid 17/17 | 2.58s (cem 0.35 refine 2.17 [60 steps] finals 0.05)
  [663/800] f104_pair_group_0462 B z -13.410 (pess -12.887) -> G z -13.458 (pess -13.321) gain 0.433 from round0/sample step 56 | valid 17/17 | 2.59s (cem 0.35 refine 2.18 [60 steps] finals 0.05)
  [664/800] f104_pair_group_0463 B z -13.572 (pess -13.434) -> G abstain | valid 17/17 | 2.61s (cem 0.35 refine 2.19 [60 steps] finals 0.06)
  [665/800] f104_pair_group_0464 B z -13.141 (pess -12.367) -> G z -13.124 (pess -12.850) gain 0.483 from round0/sample step 49 | valid 17/17 | 2.62s (cem 0.35 refine 2.20 [60 steps] finals 0.05)
  [666/800] f104_pair_group_0465 B z -13.626 (pess -13.538) -> G abstain | valid 17/17 | 2.61s (cem 0.34 refine 2.20 [60 steps] finals 0.05)
  [667/800] f104_pair_group_0466 B z -13.676 (pess -13.654) -> G abstain | valid 17/17 | 2.58s (cem 0.38 refine 2.13 [60 steps] finals 0.06)
  [668/800] f104_pair_group_0467 B z -13.550 (pess -13.464) -> G abstain | valid 17/17 | 2.62s (cem 0.36 refine 2.20 [60 steps] finals 0.05)
  [669/800] f104_pair_group_0468 B z -13.435 (pess -13.183) -> G abstain | valid 17/17 | 2.62s (cem 0.36 refine 2.19 [60 steps] finals 0.06)
  [670/800] f104_pair_group_0469 B z -13.416 (pess -13.053) -> G z -13.614 (pess -13.490) gain 0.437 from B/sample step 55 | valid 17/17 | 2.60s (cem 0.35 refine 2.19 [60 steps] finals 0.05)
  [671/800] f104_pair_group_0470 B z -13.335 (pess -12.977) -> G z -13.529 (pess -13.427) gain 0.450 from round0/sample step 47 | valid 17/17 | 2.61s (cem 0.35 refine 2.20 [60 steps] finals 0.05)
  [672/800] f104_pair_group_0471 B z -13.648 (pess -13.521) -> G abstain | valid 17/17 | 2.60s (cem 0.35 refine 2.19 [60 steps] finals 0.05)
  [673/800] f104_pair_group_0472 B z -13.119 (pess -12.849) -> G z -13.419 (pess -13.330) gain 0.481 from round0/anchor step 56 | valid 17/17 | 2.60s (cem 0.35 refine 2.18 [60 steps] finals 0.06)
  [674/800] f104_pair_group_0473 B z -13.286 (pess -13.086) -> G abstain | valid 17/17 | 2.62s (cem 0.35 refine 2.21 [60 steps] finals 0.05)
  [675/800] f104_pair_group_0474 B z -12.841 (pess -11.843) -> G z -12.964 (pess -12.647) gain 0.804 from round0/sample step 33 | valid 17/17 | 2.63s (cem 0.35 refine 2.21 [60 steps] finals 0.05)
  [676/800] f104_pair_group_0475 B z -13.143 (pess -12.812) -> G abstain | valid 17/17 | 2.61s (cem 0.36 refine 2.19 [60 steps] finals 0.05)
  [677/800] f104_pair_group_0476 B z -13.198 (pess -12.680) -> G z -13.371 (pess -13.095) gain 0.416 from round0/sample step 60 | valid 17/17 | 2.61s (cem 0.36 refine 2.18 [60 steps] finals 0.05)
  [678/800] f104_pair_group_0477 B z -13.646 (pess -13.479) -> G abstain | valid 17/17 | 2.60s (cem 0.37 refine 2.15 [60 steps] finals 0.06)
  [679/800] f104_pair_group_0478 B z -13.536 (pess -13.399) -> G abstain | valid 17/17 | 2.63s (cem 0.35 refine 2.22 [60 steps] finals 0.05)
  [680/800] f104_pair_group_0479 B z -13.576 (pess -13.391) -> G abstain | valid 17/17 | 2.61s (cem 0.37 refine 2.18 [60 steps] finals 0.05)
  [681/800] f104_pair_group_0480 B z -13.628 (pess -13.408) -> G abstain | valid 17/17 | 2.63s (cem 0.36 refine 2.20 [60 steps] finals 0.06)
  [682/800] f104_pair_group_0481 B z -13.597 (pess -13.424) -> G abstain | valid 17/17 | 2.64s (cem 0.36 refine 2.22 [60 steps] finals 0.05)
  [683/800] f104_pair_group_0482 B z -12.875 (pess -12.126) -> G z -13.431 (pess -13.408) gain 1.286 from B/sample step 24 | valid 17/17 | 2.64s (cem 0.38 refine 2.20 [60 steps] finals 0.06)
  [684/800] f104_pair_group_0483 B z -13.531 (pess -13.258) -> G abstain | valid 17/17 | 2.62s (cem 0.36 refine 2.19 [60 steps] finals 0.06)
  [685/800] f104_pair_group_0484 B z -12.741 (pess -11.975) -> G z -12.979 (pess -12.754) gain 0.779 from B/mean step 14 | valid 17/17 | 2.60s (cem 0.34 refine 2.19 [60 steps] finals 0.05)
  [686/800] f104_pair_group_0485 B z -12.390 (pess -12.160) -> G z -13.267 (pess -12.847) gain 0.687 from B/sample step 46 | valid 17/17 | 2.59s (cem 0.34 refine 2.19 [60 steps] finals 0.05)
  [687/800] f104_pair_group_0486 B z -12.971 (pess -12.193) -> G z -13.331 (pess -13.127) gain 0.931 from round0/sample step 51 | valid 17/17 | 2.61s (cem 0.35 refine 2.20 [60 steps] finals 0.05)
  [688/800] f104_pair_group_0487 B z -13.630 (pess -13.501) -> G abstain | valid 17/17 | 2.59s (cem 0.35 refine 2.18 [60 steps] finals 0.05)
  [689/800] f104_pair_group_0488 B z -13.108 (pess -12.225) -> G z -13.520 (pess -13.399) gain 1.175 from B/sample step 28 | valid 17/17 | 2.62s (cem 0.36 refine 2.19 [60 steps] finals 0.06)
  [690/800] f104_pair_group_0489 B z -13.500 (pess -12.999) -> G z -13.545 (pess -13.335) gain 0.338 from round0/anchor step 60 | valid 17/17 | 2.62s (cem 0.36 refine 2.19 [60 steps] finals 0.05)
  [691/800] f104_pair_group_0490 B z -13.692 (pess -13.657) -> G abstain | valid 17/17 | 2.63s (cem 0.35 refine 2.21 [60 steps] finals 0.06)
  [692/800] f104_pair_group_0491 B z -13.701 (pess -13.681) -> G abstain | valid 17/17 | 2.63s (cem 0.38 refine 2.18 [60 steps] finals 0.06)
  [693/800] f104_pair_group_0492 B z -13.551 (pess -13.261) -> G z -13.676 (pess -13.618) gain 0.357 from round0/anchor step 50 | valid 17/17 | 2.58s (cem 0.34 refine 2.17 [60 steps] finals 0.05)
  [694/800] f104_pair_group_0493 B z -13.562 (pess -13.185) -> G z -13.557 (pess -13.493) gain 0.308 from round0/sample step 25 | valid 17/17 | 2.60s (cem 0.35 refine 2.18 [60 steps] finals 0.05)
  [695/800] f104_pair_group_0494 B z -12.944 (pess -12.606) -> G abstain | valid 17/17 | 2.59s (cem 0.35 refine 2.18 [60 steps] finals 0.05)
  [696/800] f104_pair_group_0495 B z -12.473 (pess -11.785) -> G abstain | valid 17/17 | 2.60s (cem 0.35 refine 2.19 [60 steps] finals 0.05)
  [697/800] f104_pair_group_0496 B z -12.192 (pess -11.418) -> G z -13.459 (pess -13.300) gain 1.881 from round0/sample step 37 | valid 17/17 | 2.62s (cem 0.36 refine 2.20 [60 steps] finals 0.05)
  [698/800] f104_pair_group_0497 B z -13.297 (pess -12.320) -> G z -13.423 (pess -13.273) gain 0.955 from round0/anchor step 60 | valid 17/17 | 2.62s (cem 0.34 refine 2.21 [60 steps] finals 0.05)
  [699/800] f104_pair_group_0498 B z -13.513 (pess -13.427) -> G abstain | valid 17/17 | 2.62s (cem 0.36 refine 2.19 [60 steps] finals 0.05)
  [700/800] f104_pair_group_0499 B z -11.729 (pess -10.340) -> G z -12.593 (pess -11.843) gain 1.505 from B/sample step 6 | valid 17/17 | 2.54s (cem 0.37 refine 2.11 [60 steps] finals 0.05)
  [701/800] f104_pair_group_0500 B z -12.822 (pess -12.539) -> G abstain | valid 17/17 | 2.60s (cem 0.36 refine 2.18 [60 steps] finals 0.05)
  [702/800] f104_pair_group_0501 B z -13.075 (pess -12.417) -> G z -13.434 (pess -13.186) gain 0.768 from B/mean step 13 | valid 17/17 | 2.65s (cem 0.38 refine 2.19 [60 steps] finals 0.06)
  [703/800] f104_pair_group_0502 B z -13.460 (pess -12.982) -> G z -13.506 (pess -13.369) gain 0.387 from round0/sample step 57 | valid 17/17 | 2.65s (cem 0.38 refine 2.19 [60 steps] finals 0.06)
  [704/800] f104_pair_group_0503 B z -13.411 (pess -13.287) -> G abstain | valid 17/17 | 2.62s (cem 0.35 refine 2.19 [60 steps] finals 0.06)
  [705/800] f104_pair_group_0504 B z -13.394 (pess -13.265) -> G abstain | valid 17/17 | 2.63s (cem 0.37 refine 2.19 [60 steps] finals 0.06)
  [706/800] f104_pair_group_0505 B z -13.664 (pess -13.580) -> G abstain | valid 17/17 | 2.63s (cem 0.38 refine 2.19 [60 steps] finals 0.06)
  [707/800] f104_pair_group_0506 B z -11.823 (pess -10.607) -> G z -12.321 (pess -11.985) gain 1.379 from round0/anchor step 46 | valid 17/17 | 2.62s (cem 0.37 refine 2.20 [60 steps] finals 0.05)
  [708/800] f104_pair_group_0507 B z -11.427 (pess -9.709) -> G z -13.067 (pess -12.745) gain 3.030 from B/sample step 54 | valid 17/17 | 2.65s (cem 0.37 refine 2.21 [60 steps] finals 0.05)
  [709/800] f104_pair_group_0508 B z -13.033 (pess -12.021) -> G z -13.388 (pess -13.242) gain 1.223 from B/sample step 31 | valid 17/17 | 2.61s (cem 0.36 refine 2.19 [60 steps] finals 0.05)
  [710/800] f104_pair_group_0509 B z -13.102 (pess -12.866) -> G abstain | valid 17/17 | 2.59s (cem 0.35 refine 2.17 [60 steps] finals 0.06)
  [711/800] f104_pair_group_0510 B z -13.620 (pess -13.525) -> G abstain | valid 17/17 | 2.58s (cem 0.35 refine 2.16 [60 steps] finals 0.05)
  [712/800] f104_pair_group_0511 B z -13.266 (pess -12.957) -> G z -13.470 (pess -13.311) gain 0.354 from B/sample step 18 | valid 17/17 | 2.61s (cem 0.36 refine 2.19 [60 steps] finals 0.05)
  [713/800] f104_pair_group_0512 B z -13.399 (pess -13.045) -> G z -13.610 (pess -13.383) gain 0.339 from B/sample step 20 | valid 17/17 | 2.62s (cem 0.37 refine 2.18 [60 steps] finals 0.06)
  [714/800] f104_pair_group_0513 B z -13.582 (pess -13.411) -> G abstain | valid 17/17 | 2.61s (cem 0.36 refine 2.18 [60 steps] finals 0.05)
  [715/800] f104_pair_group_0514 B z -13.525 (pess -13.188) -> G abstain | valid 17/17 | 2.62s (cem 0.37 refine 2.18 [60 steps] finals 0.06)
  [716/800] f104_pair_group_0515 B z -13.442 (pess -13.182) -> G abstain | valid 17/17 | 2.58s (cem 0.35 refine 2.17 [60 steps] finals 0.05)
  [717/800] f104_pair_group_0516 B z -13.655 (pess -13.457) -> G abstain | valid 17/17 | 2.60s (cem 0.35 refine 2.18 [60 steps] finals 0.05)
  [718/800] f104_pair_group_0517 B z -13.476 (pess -13.146) -> G abstain | valid 17/17 | 2.61s (cem 0.36 refine 2.18 [60 steps] finals 0.06)
  [719/800] f104_pair_group_0518 B z -13.553 (pess -13.387) -> G abstain | valid 17/17 | 2.59s (cem 0.35 refine 2.18 [60 steps] finals 0.05)
  [720/800] f104_pair_group_0519 B z -12.914 (pess -12.150) -> G z -13.240 (pess -12.859) gain 0.710 from round0/sample step 60 | valid 17/17 | 2.63s (cem 0.35 refine 2.22 [60 steps] finals 0.05)
  [721/800] f104_pair_group_0520 B z -12.777 (pess -12.457) -> G abstain | valid 17/17 | 2.52s (cem 0.36 refine 2.10 [60 steps] finals 0.06)
  [722/800] f104_pair_group_0521 B z -12.731 (pess -12.427) -> G z -12.950 (pess -12.853) gain 0.426 from round0/sample step 57 | valid 17/17 | 2.59s (cem 0.35 refine 2.18 [60 steps] finals 0.05)
  [723/800] f104_pair_group_0522 B z -12.817 (pess -12.039) -> G z -12.999 (pess -12.551) gain 0.512 from B/sample step 48 | valid 17/17 | 2.55s (cem 0.36 refine 2.14 [60 steps] finals 0.05)
  [724/800] f104_pair_group_0523 B z -13.498 (pess -13.280) -> G abstain | valid 17/17 | 2.56s (cem 0.35 refine 2.15 [60 steps] finals 0.05)
  [725/800] f104_pair_group_0524 B z -12.926 (pess -12.515) -> G z -13.021 (pess -12.852) gain 0.336 from round0/sample step 41 | valid 17/17 | 2.69s (cem 0.37 refine 2.25 [60 steps] finals 0.05)
  [726/800] f104_pair_group_0525 B z -13.522 (pess -13.329) -> G abstain | valid 17/17 | 2.63s (cem 0.36 refine 2.20 [60 steps] finals 0.06)
  [727/800] f104_pair_group_0526 B z -13.535 (pess -13.370) -> G abstain | valid 17/17 | 2.60s (cem 0.35 refine 2.19 [60 steps] finals 0.06)
  [728/800] f104_pair_group_0527 B z -13.466 (pess -13.198) -> G abstain | valid 17/17 | 2.66s (cem 0.39 refine 2.20 [60 steps] finals 0.06)
  [729/800] f104_pair_group_0528 B z -13.587 (pess -13.408) -> G abstain | valid 17/17 | 2.59s (cem 0.34 refine 2.18 [60 steps] finals 0.05)
  [730/800] f104_pair_group_0529 B z -13.314 (pess -12.559) -> G z -13.146 (pess -12.997) gain 0.438 from round0/sample step 30 | valid 17/17 | 2.60s (cem 0.35 refine 2.18 [60 steps] finals 0.05)
  [731/800] f104_pair_group_0530 B z -13.431 (pess -12.898) -> G z -13.541 (pess -13.407) gain 0.510 from B/sample step 33 | valid 17/17 | 2.60s (cem 0.35 refine 2.18 [60 steps] finals 0.05)
  [732/800] f104_pair_group_0531 B z -13.054 (pess -12.677) -> G z -13.308 (pess -13.024) gain 0.346 from B/sample step 50 | valid 17/17 | 2.60s (cem 0.35 refine 2.19 [60 steps] finals 0.05)
  [733/800] f104_pair_group_0532 B z -12.602 (pess -12.407) -> G z -13.413 (pess -13.208) gain 0.802 from B/anchor step 45 | valid 17/17 | 2.60s (cem 0.35 refine 2.18 [60 steps] finals 0.05)
  [734/800] f104_pair_group_0533 B z -12.738 (pess -12.121) -> G z -13.186 (pess -12.937) gain 0.815 from round0/sample step 60 | valid 17/17 | 2.60s (cem 0.35 refine 2.18 [60 steps] finals 0.05)
  [735/800] f104_pair_group_0534 B z -13.524 (pess -13.279) -> G abstain | valid 17/17 | 2.60s (cem 0.35 refine 2.18 [60 steps] finals 0.05)
  [736/800] f104_pair_group_0535 B z -13.246 (pess -12.944) -> G abstain | valid 17/17 | 2.60s (cem 0.34 refine 2.19 [60 steps] finals 0.05)
  [737/800] f104_pair_group_0536 B z -13.342 (pess -13.073) -> G abstain | valid 17/17 | 2.60s (cem 0.36 refine 2.18 [60 steps] finals 0.05)
  [738/800] f104_pair_group_0537 B z -12.705 (pess -12.047) -> G z -13.320 (pess -13.092) gain 1.045 from B/sample step 52 | valid 17/17 | 2.62s (cem 0.36 refine 2.19 [60 steps] finals 0.06)
  [739/800] f104_pair_group_0538 B z -13.507 (pess -13.297) -> G abstain | valid 17/17 | 2.62s (cem 0.37 refine 2.18 [60 steps] finals 0.06)
  [740/800] f104_pair_group_0539 B z -13.469 (pess -13.252) -> G abstain | valid 17/17 | 2.63s (cem 0.38 refine 2.18 [60 steps] finals 0.06)
  [741/800] f104_pair_group_0540 B z -13.487 (pess -13.238) -> G abstain | valid 17/17 | 2.59s (cem 0.35 refine 2.17 [60 steps] finals 0.05)
  [742/800] f104_pair_group_0541 B z -13.468 (pess -13.343) -> G abstain | valid 17/17 | 2.59s (cem 0.36 refine 2.18 [60 steps] finals 0.05)
  [743/800] f104_pair_group_0542 B z -12.043 (pess -11.347) -> G z -12.467 (pess -12.144) gain 0.797 from B/sample step 49 | valid 17/17 | 2.61s (cem 0.35 refine 2.20 [60 steps] finals 0.05)
  [744/800] f104_pair_group_0543 B z -13.409 (pess -13.265) -> G abstain | valid 17/17 | 2.62s (cem 0.36 refine 2.19 [60 steps] finals 0.06)
  [745/800] f104_pair_group_0544 B z -11.421 (pess -10.494) -> G z -12.141 (pess -11.803) gain 1.309 from B/mean step 38 | valid 17/17 | 2.60s (cem 0.36 refine 2.18 [60 steps] finals 0.05)
  [746/800] f104_pair_group_0545 B z -12.803 (pess -12.253) -> G z -13.053 (pess -12.646) gain 0.393 from round0/sample step 51 | valid 17/17 | 2.59s (cem 0.35 refine 2.18 [60 steps] finals 0.05)
  [747/800] f104_pair_group_0546 B z -13.307 (pess -12.806) -> G z -13.308 (pess -13.164) gain 0.358 from round0/sample step 37 | valid 17/17 | 2.62s (cem 0.36 refine 2.19 [60 steps] finals 0.05)
  [748/800] f104_pair_group_0547 B z -13.006 (pess -12.158) -> G z -13.251 (pess -12.992) gain 0.833 from round0/sample step 36 | valid 17/17 | 2.63s (cem 0.35 refine 2.22 [60 steps] finals 0.05)
  [749/800] f104_pair_group_0548 B z -13.068 (pess -12.682) -> G z -13.498 (pess -13.317) gain 0.634 from B/sample step 55 | valid 17/17 | 2.61s (cem 0.36 refine 2.19 [60 steps] finals 0.05)
  [750/800] f104_pair_group_0549 B z -12.704 (pess -12.092) -> G z -13.045 (pess -12.651) gain 0.558 from round0/sample step 49 | valid 17/17 | 2.62s (cem 0.36 refine 2.19 [60 steps] finals 0.05)
  [751/800] f104_pair_group_0550 B z -12.912 (pess -12.212) -> G z -12.928 (pess -12.807) gain 0.595 from round0/sample step 60 | valid 17/17 | 2.61s (cem 0.36 refine 2.19 [60 steps] finals 0.05)
  [752/800] f104_pair_group_0551 B z -13.466 (pess -13.115) -> G z -13.627 (pess -13.549) gain 0.434 from B/mean step 39 | valid 17/17 | 2.61s (cem 0.36 refine 2.18 [60 steps] finals 0.06)
  [753/800] f104_pair_group_0552 B z -13.400 (pess -13.165) -> G abstain | valid 17/17 | 2.59s (cem 0.35 refine 2.18 [60 steps] finals 0.05)
  [754/800] f104_pair_group_0553 B z -13.593 (pess -13.513) -> G abstain | valid 17/17 | 2.60s (cem 0.36 refine 2.18 [60 steps] finals 0.06)
  [755/800] f104_pair_group_0554 B z -13.503 (pess -13.176) -> G abstain | valid 17/17 | 2.61s (cem 0.36 refine 2.18 [60 steps] finals 0.05)
  [756/800] f104_pair_group_0555 B z -13.345 (pess -13.009) -> G abstain | valid 17/17 | 2.60s (cem 0.36 refine 2.17 [60 steps] finals 0.06)
  [757/800] f104_pair_group_0556 B z -12.590 (pess -11.947) -> G z -13.200 (pess -12.674) gain 0.729 from round0/sample step 57 | valid 17/17 | 2.60s (cem 0.36 refine 2.18 [60 steps] finals 0.05)
  [758/800] f104_pair_group_0557 B z -13.409 (pess -12.920) -> G z -13.564 (pess -13.366) gain 0.446 from B/anchor step 39 | valid 17/17 | 2.59s (cem 0.35 refine 2.18 [60 steps] finals 0.05)
  [759/800] f104_pair_group_0558 B z -13.296 (pess -12.869) -> G z -13.405 (pess -13.203) gain 0.334 from B/sample step 27 | valid 17/17 | 2.62s (cem 0.37 refine 2.18 [60 steps] finals 0.06)
  [760/800] f104_pair_group_0559 B z -13.353 (pess -13.191) -> G abstain | valid 17/17 | 2.61s (cem 0.36 refine 2.18 [60 steps] finals 0.06)
  [761/800] f104_pair_group_0560 B z -13.208 (pess -12.712) -> G z -13.366 (pess -13.342) gain 0.630 from B/sample step 40 | valid 17/17 | 2.60s (cem 0.35 refine 2.18 [60 steps] finals 0.05)
  [762/800] f104_pair_group_0561 B z -12.858 (pess -12.302) -> G z -12.926 (pess -12.846) gain 0.543 from B/sample step 6 | valid 17/17 | 2.61s (cem 0.36 refine 2.19 [60 steps] finals 0.05)
  [763/800] f104_pair_group_0562 B z -13.453 (pess -12.915) -> G z -13.580 (pess -13.506) gain 0.591 from round0/sample step 49 | valid 17/17 | 2.62s (cem 0.36 refine 2.19 [60 steps] finals 0.06)
  [764/800] f104_pair_group_0563 B z -13.526 (pess -13.363) -> G abstain | valid 17/17 | 2.62s (cem 0.36 refine 2.20 [60 steps] finals 0.05)
  [765/800] f104_pair_group_0564 B z -13.463 (pess -13.236) -> G abstain | valid 17/17 | 2.60s (cem 0.35 refine 2.19 [60 steps] finals 0.05)
  [766/800] f104_pair_group_0565 B z -13.660 (pess -13.584) -> G abstain | valid 17/17 | 2.65s (cem 0.37 refine 2.21 [60 steps] finals 0.06)
  [767/800] f104_pair_group_0566 B z -12.987 (pess -12.721) -> G z -13.255 (pess -13.084) gain 0.363 from B/sample step 15 | valid 17/17 | 2.64s (cem 0.36 refine 2.21 [60 steps] finals 0.06)
  [768/800] f104_pair_group_0567 B z -13.715 (pess -13.655) -> G abstain | valid 17/17 | 2.61s (cem 0.36 refine 2.18 [60 steps] finals 0.05)
  [769/800] f104_pair_group_0568 B z -13.435 (pess -13.090) -> G z -13.601 (pess -13.495) gain 0.405 from round0/sample step 60 | valid 17/17 | 2.63s (cem 0.36 refine 2.21 [60 steps] finals 0.05)
  [770/800] f104_pair_group_0569 B z -13.583 (pess -13.368) -> G abstain | valid 17/17 | 2.64s (cem 0.36 refine 2.21 [60 steps] finals 0.05)
  [771/800] f104_pair_group_0570 B z -13.463 (pess -13.180) -> G abstain | valid 17/17 | 2.63s (cem 0.35 refine 2.22 [60 steps] finals 0.05)
  [772/800] f104_pair_group_0571 B z -13.192 (pess -13.054) -> G abstain | valid 17/17 | 2.62s (cem 0.35 refine 2.20 [60 steps] finals 0.05)
  [773/800] f104_pair_group_0572 B z -13.340 (pess -13.001) -> G z -13.672 (pess -13.605) gain 0.602 from round0/sample step 36 | valid 17/17 | 2.67s (cem 0.38 refine 2.22 [60 steps] finals 0.06)
  [774/800] f104_pair_group_0573 B z -13.675 (pess -13.618) -> G abstain | valid 17/17 | 2.68s (cem 0.37 refine 2.24 [60 steps] finals 0.06)
  [775/800] f104_pair_group_0574 B z -13.330 (pess -12.866) -> G abstain | valid 17/17 | 2.66s (cem 0.38 refine 2.22 [60 steps] finals 0.06)
  [776/800] f104_pair_group_0575 B z -13.038 (pess -12.508) -> G z -13.231 (pess -13.149) gain 0.642 from round0/sample step 43 | valid 17/17 | 2.66s (cem 0.36 refine 2.24 [60 steps] finals 0.05)
  [777/800] f104_pair_group_0576 B z -13.237 (pess -12.892) -> G z -13.434 (pess -13.286) gain 0.395 from B/mean step 58 | valid 17/17 | 2.66s (cem 0.39 refine 2.21 [60 steps] finals 0.05)
  [778/800] f104_pair_group_0577 B z -13.407 (pess -13.030) -> G z -13.574 (pess -13.391) gain 0.362 from round0/sample step 54 | valid 17/17 | 2.65s (cem 0.36 refine 2.22 [60 steps] finals 0.05)
  [779/800] f104_pair_group_0578 B z -13.593 (pess -13.457) -> G abstain | valid 17/17 | 2.65s (cem 0.37 refine 2.22 [60 steps] finals 0.05)
  [780/800] f104_pair_group_0579 B z -12.278 (pess -9.871) -> G z -12.334 (pess -11.093) gain 1.220 from round0/sample step 60 | valid 17/17 | 2.66s (cem 0.36 refine 2.24 [60 steps] finals 0.06)
  [781/800] f104_pair_group_0580 B z -13.089 (pess -12.621) -> G z -13.342 (pess -13.111) gain 0.490 from round0/anchor step 41 | valid 17/17 | 2.65s (cem 0.38 refine 2.20 [60 steps] finals 0.06)
  [782/800] f104_pair_group_0581 B z -13.094 (pess -12.736) -> G z -13.397 (pess -13.312) gain 0.577 from round0/anchor step 51 | valid 17/17 | 2.63s (cem 0.35 refine 2.23 [60 steps] finals 0.05)
  [783/800] f104_pair_group_0582 B z -13.658 (pess -13.604) -> G abstain | valid 17/17 | 2.62s (cem 0.36 refine 2.20 [60 steps] finals 0.05)
  [784/800] f104_pair_group_0583 B z -13.408 (pess -13.108) -> G abstain | valid 17/17 | 2.63s (cem 0.36 refine 2.21 [60 steps] finals 0.05)
  [785/800] f104_pair_group_0584 B z -13.378 (pess -13.149) -> G z -13.602 (pess -13.506) gain 0.357 from B/sample step 52 | valid 17/17 | 2.63s (cem 0.37 refine 2.19 [60 steps] finals 0.05)
  [786/800] f104_pair_group_0585 B z -13.578 (pess -13.434) -> G abstain | valid 17/17 | 2.63s (cem 0.37 refine 2.19 [60 steps] finals 0.06)
  [787/800] f104_pair_group_0586 B z -13.455 (pess -13.340) -> G abstain | valid 17/17 | 2.65s (cem 0.38 refine 2.20 [60 steps] finals 0.06)
  [788/800] f104_pair_group_0587 B z -13.463 (pess -13.073) -> G abstain | valid 17/17 | 2.60s (cem 0.36 refine 2.18 [60 steps] finals 0.05)
  [789/800] f104_pair_group_0588 B z -13.664 (pess -13.620) -> G abstain | valid 17/17 | 2.65s (cem 0.36 refine 2.22 [60 steps] finals 0.06)
  [790/800] f104_pair_group_0589 B z -13.526 (pess -13.265) -> G abstain | valid 17/17 | 2.69s (cem 0.36 refine 2.26 [60 steps] finals 0.06)
  [791/800] f104_pair_group_0590 B z -13.477 (pess -13.293) -> G abstain | valid 17/17 | 2.60s (cem 0.36 refine 2.18 [60 steps] finals 0.05)
  [792/800] f104_pair_group_0591 B z -13.219 (pess -12.922) -> G z -13.480 (pess -13.391) gain 0.469 from round0/sample step 53 | valid 17/17 | 2.63s (cem 0.37 refine 2.20 [60 steps] finals 0.05)
  [793/800] f104_pair_group_0592 B z -13.483 (pess -13.190) -> G abstain | valid 17/17 | 2.61s (cem 0.35 refine 2.19 [60 steps] finals 0.05)
  [794/800] f104_pair_group_0593 B z -12.790 (pess -12.526) -> G z -13.196 (pess -13.115) gain 0.590 from round0/sample step 60 | valid 17/17 | 2.63s (cem 0.35 refine 2.22 [60 steps] finals 0.05)
  [795/800] f104_pair_group_0594 B z -13.453 (pess -13.191) -> G z -13.576 (pess -13.534) gain 0.343 from B/sample step 15 | valid 17/17 | 2.64s (cem 0.36 refine 2.21 [60 steps] finals 0.06)
  [796/800] f104_pair_group_0595 B z -13.177 (pess -12.761) -> G z -13.440 (pess -13.258) gain 0.496 from B/sample step 60 | valid 17/17 | 2.58s (cem 0.34 refine 2.17 [60 steps] finals 0.05)
  [797/800] f104_pair_group_0596 B z -13.258 (pess -12.884) -> G abstain | valid 17/17 | 2.62s (cem 0.36 refine 2.20 [60 steps] finals 0.05)
  [798/800] f104_pair_group_0597 B z -13.538 (pess -13.434) -> G abstain | valid 17/17 | 2.64s (cem 0.37 refine 2.20 [60 steps] finals 0.06)
  [799/800] f104_pair_group_0598 B z -13.589 (pess -13.400) -> G abstain | valid 17/17 | 2.61s (cem 0.37 refine 2.18 [60 steps] finals 0.05)
  [800/800] f104_pair_group_0599 B z -13.209 (pess -12.647) -> G z -13.438 (pess -13.161) gain 0.514 from B/sample step 60 | valid 17/17 | 2.62s (cem 0.36 refine 2.19 [60 steps] finals 0.05)
B z_mean -13.177 P 0.0000 | G z_mean -13.349 P 0.0000 changed 414/800 abstained 386 | s/group 2.60 (median 2.60) | GPU peak 0.448 GB | ref B 800/800 | lock e548f9967453c3b4
