ci_grad: 5 members from artifacts/traverse/crm_improve_20260922/deploy_v1/deploy_a1_haux_gru_s*.pt on cuda: kinds ['ci_train'] conds ['hist_aux'] hist_T 40; steps 60 starts 17 lr 0.02/0.1 keep pessimistic abstain 0.3
  [1/800] f104_crm_eval_group_0000 B z -11.880 (pess -10.671) -> G z -12.393 (pess -12.067) gain 1.396 from round0/sample step 34 | valid 17/17 | 3.84s (cem 0.73 refine 3.04 [60 steps] finals 0.06)
  [2/800] f104_crm_eval_group_0001 B z -13.339 (pess -12.959) -> G abstain | valid 17/17 | 2.55s (cem 0.35 refine 2.13 [60 steps] finals 0.05)
  [3/800] f104_crm_eval_group_0002 B z -13.310 (pess -12.917) -> G abstain | valid 17/17 | 2.55s (cem 0.35 refine 2.13 [60 steps] finals 0.05)
  [4/800] f104_crm_eval_group_0003 B z -13.041 (pess -12.101) -> G z -13.222 (pess -12.488) gain 0.387 from round0/sample step 60 | valid 17/17 | 2.55s (cem 0.35 refine 2.14 [60 steps] finals 0.05)
  [5/800] f104_crm_eval_group_0004 B z -12.861 (pess -11.409) -> G z -13.306 (pess -13.007) gain 1.601 from B/sample step 25 | valid 17/17 | 2.56s (cem 0.35 refine 2.14 [60 steps] finals 0.05)
  [6/800] f104_crm_eval_group_0005 B z -12.029 (pess -10.566) -> G z -12.994 (pess -12.698) gain 2.129 from B/sample step 23 | valid 17/17 | 2.55s (cem 0.35 refine 2.15 [60 steps] finals 0.05)
  [7/800] f104_crm_eval_group_0006 B z -12.269 (pess -11.648) -> G z -12.710 (pess -12.651) gain 1.003 from B/sample step 46 | valid 17/17 | 2.54s (cem 0.34 refine 2.13 [60 steps] finals 0.05)
  [8/800] f104_crm_eval_group_0007 B z -13.041 (pess -12.647) -> G z -13.182 (pess -13.082) gain 0.435 from B/sample step 12 | valid 17/17 | 2.55s (cem 0.35 refine 2.14 [60 steps] finals 0.05)
  [9/800] f104_crm_eval_group_0008 B z -13.320 (pess -12.965) -> G z -13.414 (pess -13.294) gain 0.329 from round0/sample step 24 | valid 17/17 | 2.55s (cem 0.35 refine 2.14 [60 steps] finals 0.05)
  [10/800] f104_crm_eval_group_0009 B z -13.116 (pess -12.785) -> G z -13.331 (pess -13.304) gain 0.519 from B/sample step 53 | valid 17/17 | 2.54s (cem 0.34 refine 2.13 [60 steps] finals 0.05)
  [11/800] f104_crm_eval_group_0010 B z -11.323 (pess -10.141) -> G z -12.244 (pess -11.729) gain 1.591 from B/sample step 47 | valid 17/17 | 2.53s (cem 0.35 refine 2.12 [60 steps] finals 0.05)
  [12/800] f104_crm_eval_group_0011 B z -12.459 (pess -11.401) -> G z -13.327 (pess -13.198) gain 1.798 from B/sample step 60 | valid 17/17 | 2.58s (cem 0.35 refine 2.17 [60 steps] finals 0.05)
  [13/800] f104_crm_eval_group_0012 B z -12.772 (pess -12.038) -> G z -13.060 (pess -12.604) gain 0.567 from round0/sample step 60 | valid 17/17 | 2.55s (cem 0.35 refine 2.14 [60 steps] finals 0.05)
  [14/800] f104_crm_eval_group_0013 B z -7.594 (pess -6.018) -> G z -8.397 (pess -7.859) gain 1.840 from B/anchor step 58 | valid 17/17 | 2.58s (cem 0.35 refine 2.16 [60 steps] finals 0.06)
  [15/800] f104_crm_eval_group_0014 B z -10.337 (pess -9.424) -> G z -11.804 (pess -11.089) gain 1.663 from round0/anchor step 51 | valid 17/17 | 2.56s (cem 0.35 refine 2.14 [60 steps] finals 0.05)
  [16/800] f104_crm_eval_group_0015 B z -13.210 (pess -12.564) -> G z -13.301 (pess -12.928) gain 0.370 from round0/sample step 32 | valid 17/17 | 2.57s (cem 0.36 refine 2.14 [60 steps] finals 0.05)
  [17/800] f104_crm_eval_group_0016 B z -12.402 (pess -10.710) -> G z -13.305 (pess -13.110) gain 2.401 from round0/anchor step 33 | valid 17/17 | 2.51s (cem 0.36 refine 2.09 [60 steps] finals 0.05)
  [18/800] f104_crm_eval_group_0017 B z -10.547 (pess -8.240) -> G z -11.431 (pess -8.650) gain 0.411 from B/sample step 52 | valid 17/17 | 2.55s (cem 0.35 refine 2.14 [60 steps] finals 0.05)
  [19/800] f104_crm_eval_group_0018 B z -12.461 (pess -11.641) -> G abstain | valid 17/17 | 2.57s (cem 0.34 refine 2.16 [60 steps] finals 0.05)
  [20/800] f104_crm_eval_group_0019 B z -12.874 (pess -12.000) -> G z -12.954 (pess -12.333) gain 0.334 from B/sample step 12 | valid 17/17 | 2.54s (cem 0.34 refine 2.13 [60 steps] finals 0.05)
  [21/800] f104_crm_eval_group_0020 B z -13.310 (pess -13.026) -> G z -13.459 (pess -13.360) gain 0.334 from B/sample step 48 | valid 17/17 | 2.55s (cem 0.35 refine 2.14 [60 steps] finals 0.05)
  [22/800] f104_crm_eval_group_0021 B z -13.122 (pess -12.490) -> G z -13.190 (pess -12.865) gain 0.373 from round0/anchor step 41 | valid 17/17 | 2.54s (cem 0.34 refine 2.13 [60 steps] finals 0.05)
  [23/800] f104_crm_eval_group_0022 B z -13.118 (pess -12.553) -> G z -13.381 (pess -13.331) gain 0.778 from B/mean step 28 | valid 17/17 | 2.58s (cem 0.36 refine 2.15 [60 steps] finals 0.06)
  [24/800] f104_crm_eval_group_0023 B z -6.471 (pess -2.726) -> G z -12.290 (pess -10.935) gain 8.203 from round0/sample step 60 | valid 17/17 | 2.57s (cem 0.37 refine 2.14 [60 steps] finals 0.05)
  [25/800] f104_crm_eval_group_0024 B z -8.748 (pess -6.759) -> G z -10.593 (pess -9.251) gain 2.493 from round0/anchor step 58 | valid 17/17 | 2.55s (cem 0.35 refine 2.14 [60 steps] finals 0.05)
  [26/800] f104_crm_eval_group_0025 B z -11.149 (pess -9.969) -> G z -11.264 (pess -10.635) gain 0.666 from B/mean step 3 | valid 17/17 | 2.56s (cem 0.35 refine 2.14 [60 steps] finals 0.06)
  [27/800] f104_crm_eval_group_0026 B z -10.827 (pess -7.880) -> G z -11.989 (pess -9.548) gain 1.671 from round0/anchor step 60 | valid 17/17 | 2.55s (cem 0.35 refine 2.14 [60 steps] finals 0.05)
  [28/800] f104_crm_eval_group_0027 B z -11.547 (pess -11.025) -> G z -12.615 (pess -12.014) gain 0.988 from B/sample step 49 | valid 17/17 | 2.53s (cem 0.34 refine 2.13 [60 steps] finals 0.05)
  [29/800] f104_crm_eval_group_0028 B z -13.387 (pess -13.152) -> G z -13.558 (pess -13.475) gain 0.323 from B/sample step 55 | valid 17/17 | 2.55s (cem 0.35 refine 2.14 [60 steps] finals 0.05)
  [30/800] f104_crm_eval_group_0029 B z -13.125 (pess -12.556) -> G z -13.346 (pess -13.215) gain 0.657 from B/sample step 44 | valid 17/17 | 2.58s (cem 0.38 refine 2.14 [60 steps] finals 0.05)
  [31/800] f104_crm_eval_group_0030 B z -13.178 (pess -12.887) -> G abstain | valid 17/17 | 2.56s (cem 0.35 refine 2.15 [60 steps] finals 0.05)
  [32/800] f104_crm_eval_group_0031 B z -12.670 (pess -11.682) -> G z -12.825 (pess -12.005) gain 0.325 from B/sample step 23 | valid 17/17 | 2.55s (cem 0.35 refine 2.15 [60 steps] finals 0.05)
  [33/800] f104_crm_eval_group_0032 B z -13.312 (pess -13.028) -> G abstain | valid 17/17 | 2.61s (cem 0.37 refine 2.18 [60 steps] finals 0.06)
  [34/800] f104_crm_eval_group_0033 B z -11.076 (pess -9.569) -> G z -12.412 (pess -12.301) gain 2.733 from B/sample step 49 | valid 17/17 | 2.59s (cem 0.36 refine 2.17 [60 steps] finals 0.05)
  [35/800] f104_crm_eval_group_0034 B z -11.899 (pess -10.325) -> G z -13.134 (pess -12.802) gain 2.476 from B/sample step 36 | valid 17/17 | 2.59s (cem 0.36 refine 2.17 [60 steps] finals 0.05)
  [36/800] f104_crm_eval_group_0035 B z -8.098 (pess -5.057) -> G z -10.902 (pess -9.862) gain 4.805 from round0/sample step 60 | valid 17/17 | 2.59s (cem 0.35 refine 2.17 [60 steps] finals 0.05)
  [37/800] f104_crm_eval_group_0036 B z -11.280 (pess -10.306) -> G z -12.528 (pess -11.860) gain 1.554 from round0/sample step 60 | valid 17/17 | 2.55s (cem 0.36 refine 2.14 [60 steps] finals 0.05)
  [38/800] f104_crm_eval_group_0037 B z -10.898 (pess -9.960) -> G z -11.793 (pess -10.367) gain 0.409 from round0/sample step 60 | valid 17/17 | 2.58s (cem 0.36 refine 2.15 [60 steps] finals 0.05)
  [39/800] f104_crm_eval_group_0038 B z -11.992 (pess -11.057) -> G z -12.597 (pess -12.161) gain 1.105 from B/sample step 7 | valid 17/17 | 2.62s (cem 0.36 refine 2.20 [60 steps] finals 0.05)
  [40/800] f104_crm_eval_group_0039 B z -11.102 (pess -9.986) -> G z -12.156 (pess -11.527) gain 1.540 from round0/sample step 58 | valid 17/17 | 2.56s (cem 0.36 refine 2.15 [60 steps] finals 0.05)
  [41/800] f104_crm_eval_group_0040 B z -13.417 (pess -13.191) -> G abstain | valid 17/17 | 2.84s (cem 0.38 refine 2.39 [60 steps] finals 0.06)
  [42/800] f104_crm_eval_group_0041 B z -12.887 (pess -12.325) -> G z -13.292 (pess -13.184) gain 0.860 from round0/anchor step 60 | valid 17/17 | 2.86s (cem 0.36 refine 2.43 [60 steps] finals 0.06)
  [43/800] f104_crm_eval_group_0042 B z -12.950 (pess -11.956) -> G z -12.997 (pess -12.291) gain 0.334 from B/sample step 48 | valid 17/17 | 2.90s (cem 0.38 refine 2.45 [60 steps] finals 0.05)
  [44/800] f104_crm_eval_group_0043 B z -12.070 (pess -10.093) -> G z -12.575 (pess -11.773) gain 1.680 from round0/sample step 34 | valid 17/17 | 2.78s (cem 0.39 refine 2.32 [60 steps] finals 0.05)
  [45/800] f104_crm_eval_group_0044 B z -11.337 (pess -7.492) -> G z -13.460 (pess -13.327) gain 5.833 from B/sample step 53 | valid 17/17 | 2.62s (cem 0.36 refine 2.20 [60 steps] finals 0.05)
  [46/800] f104_crm_eval_group_0045 B z -12.550 (pess -11.303) -> G z -13.040 (pess -12.754) gain 1.452 from round0/sample step 58 | valid 17/17 | 2.60s (cem 0.38 refine 2.16 [60 steps] finals 0.05)
  [47/800] f104_crm_eval_group_0046 B z -12.230 (pess -9.981) -> G z -13.061 (pess -12.509) gain 2.527 from round0/sample step 55 | valid 17/17 | 2.59s (cem 0.37 refine 2.16 [60 steps] finals 0.05)
  [48/800] f104_crm_eval_group_0047 B z -12.644 (pess -12.272) -> G z -12.892 (pess -12.766) gain 0.493 from B/sample step 18 | valid 17/17 | 2.58s (cem 0.35 refine 2.17 [60 steps] finals 0.05)
  [49/800] f104_crm_eval_group_0048 B z -13.213 (pess -12.757) -> G z -13.388 (pess -13.079) gain 0.323 from B/sample step 45 | valid 17/17 | 2.58s (cem 0.35 refine 2.17 [60 steps] finals 0.05)
  [50/800] f104_crm_eval_group_0049 B z -12.816 (pess -12.464) -> G abstain | valid 17/17 | 2.59s (cem 0.36 refine 2.16 [60 steps] finals 0.05)
  [51/800] f104_crm_eval_group_0050 B z -13.100 (pess -12.610) -> G z -13.298 (pess -13.230) gain 0.620 from round0/anchor step 59 | valid 17/17 | 2.57s (cem 0.35 refine 2.16 [60 steps] finals 0.05)
  [52/800] f104_crm_eval_group_0051 B z -13.278 (pess -12.975) -> G abstain | valid 17/17 | 2.56s (cem 0.34 refine 2.15 [60 steps] finals 0.05)
  [53/800] f104_crm_eval_group_0052 B z -12.948 (pess -12.573) -> G z -13.284 (pess -13.095) gain 0.523 from B/sample step 17 | valid 17/17 | 2.58s (cem 0.35 refine 2.16 [60 steps] finals 0.05)
  [54/800] f104_crm_eval_group_0053 B z -11.361 (pess -10.333) -> G z -12.531 (pess -12.121) gain 1.789 from B/sample step 60 | valid 17/17 | 2.56s (cem 0.35 refine 2.14 [60 steps] finals 0.05)
  [55/800] f104_crm_eval_group_0054 B z -11.092 (pess -10.622) -> G z -12.695 (pess -12.396) gain 1.773 from round0/sample step 44 | valid 17/17 | 2.58s (cem 0.36 refine 2.15 [60 steps] finals 0.05)
  [56/800] f104_crm_eval_group_0055 B z -8.547 (pess -6.862) -> G z -10.775 (pess -9.772) gain 2.909 from B/sample step 57 | valid 17/17 | 2.56s (cem 0.36 refine 2.15 [60 steps] finals 0.05)
  [57/800] f104_crm_eval_group_0056 B z -12.354 (pess -11.370) -> G z -13.013 (pess -12.531) gain 1.162 from round0/sample step 60 | valid 17/17 | 2.56s (cem 0.35 refine 2.15 [60 steps] finals 0.05)
  [58/800] f104_crm_eval_group_0057 B z -12.548 (pess -10.651) -> G z -12.953 (pess -12.404) gain 1.754 from B/sample step 25 | valid 17/17 | 2.56s (cem 0.35 refine 2.14 [60 steps] finals 0.05)
  [59/800] f104_crm_eval_group_0058 B z -13.241 (pess -13.116) -> G z -13.530 (pess -13.427) gain 0.311 from round0/sample step 49 | valid 17/17 | 2.56s (cem 0.36 refine 2.13 [60 steps] finals 0.06)
  [60/800] f104_crm_eval_group_0059 B z -12.698 (pess -11.338) -> G z -13.106 (pess -12.880) gain 1.541 from B/sample step 13 | valid 17/17 | 2.55s (cem 0.35 refine 2.15 [60 steps] finals 0.05)
  [61/800] f104_crm_eval_group_0060 B z -13.333 (pess -13.041) -> G z -13.523 (pess -13.362) gain 0.322 from round0/anchor step 60 | valid 17/17 | 2.61s (cem 0.38 refine 2.16 [60 steps] finals 0.05)
  [62/800] f104_crm_eval_group_0061 B z -12.549 (pess -11.890) -> G z -13.302 (pess -12.975) gain 1.084 from B/sample step 42 | valid 17/17 | 2.55s (cem 0.35 refine 2.14 [60 steps] finals 0.05)
  [63/800] f104_crm_eval_group_0062 B z -13.293 (pess -12.747) -> G z -13.467 (pess -13.358) gain 0.612 from B/sample step 55 | valid 17/17 | 2.55s (cem 0.35 refine 2.14 [60 steps] finals 0.05)
  [64/800] f104_crm_eval_group_0063 B z -12.538 (pess -10.748) -> G z -13.063 (pess -11.816) gain 1.066 from B/sample step 27 | valid 17/17 | 2.58s (cem 0.36 refine 2.15 [60 steps] finals 0.05)
  [65/800] f104_crm_eval_group_0064 B z -12.838 (pess -12.296) -> G z -13.146 (pess -12.892) gain 0.596 from round0/sample step 31 | valid 17/17 | 2.56s (cem 0.36 refine 2.14 [60 steps] finals 0.05)
  [66/800] f104_crm_eval_group_0065 B z -13.250 (pess -12.921) -> G abstain | valid 17/17 | 2.57s (cem 0.35 refine 2.15 [60 steps] finals 0.05)
  [67/800] f104_crm_eval_group_0066 B z -12.955 (pess -12.298) -> G z -13.372 (pess -13.292) gain 0.994 from round0/sample step 21 | valid 17/17 | 2.56s (cem 0.35 refine 2.14 [60 steps] finals 0.06)
  [68/800] f104_crm_eval_group_0067 B z -11.409 (pess -10.028) -> G z -12.713 (pess -12.196) gain 2.168 from B/sample step 49 | valid 17/17 | 2.59s (cem 0.37 refine 2.16 [60 steps] finals 0.05)
  [69/800] f104_crm_eval_group_0068 B z -13.435 (pess -13.290) -> G abstain | valid 17/17 | 2.56s (cem 0.36 refine 2.14 [60 steps] finals 0.05)
  [70/800] f104_crm_eval_group_0069 B z -13.416 (pess -13.214) -> G abstain | valid 17/17 | 2.56s (cem 0.36 refine 2.14 [60 steps] finals 0.06)
  [71/800] f104_crm_eval_group_0070 B z -13.089 (pess -12.472) -> G z -13.170 (pess -12.827) gain 0.356 from B/sample step 44 | valid 17/17 | 2.56s (cem 0.35 refine 2.14 [60 steps] finals 0.05)
  [72/800] f104_crm_eval_group_0071 B z -13.094 (pess -12.396) -> G z -13.601 (pess -13.545) gain 1.150 from B/sample step 60 | valid 17/17 | 2.63s (cem 0.39 refine 2.17 [60 steps] finals 0.05)
  [73/800] f104_crm_eval_group_0072 B z -9.424 (pess -7.811) -> G z -9.746 (pess -8.591) gain 0.783 from B/anchor step 60 | valid 17/17 | 2.59s (cem 0.37 refine 2.16 [60 steps] finals 0.06)
  [74/800] f104_crm_eval_group_0073 B z -6.928 (pess -2.724) -> G z -8.838 (pess -7.459) gain 4.737 from round0/sample step 49 | valid 17/17 | 2.58s (cem 0.35 refine 2.17 [60 steps] finals 0.05)
  [75/800] f104_crm_eval_group_0074 B z -10.955 (pess -9.845) -> G z -12.516 (pess -11.923) gain 2.076 from round0/sample step 60 | valid 17/17 | 2.57s (cem 0.35 refine 2.15 [60 steps] finals 0.05)
  [76/800] f104_crm_eval_group_0075 B z -12.032 (pess -11.114) -> G z -12.175 (pess -11.929) gain 0.816 from round0/sample step 60 | valid 17/17 | 2.56s (cem 0.35 refine 2.15 [60 steps] finals 0.05)
  [77/800] f104_crm_eval_group_0076 B z -13.071 (pess -12.054) -> G z -13.362 (pess -13.177) gain 1.123 from round0/anchor step 43 | valid 17/17 | 2.57s (cem 0.36 refine 2.14 [60 steps] finals 0.05)
  [78/800] f104_crm_eval_group_0077 B z -12.124 (pess -8.843) -> G z -12.894 (pess -12.663) gain 3.822 from round0/anchor step 27 | valid 17/17 | 2.56s (cem 0.36 refine 2.14 [60 steps] finals 0.05)
  [79/800] f104_crm_eval_group_0078 B z -12.376 (pess -11.770) -> G z -12.775 (pess -12.464) gain 0.694 from B/sample step 27 | valid 17/17 | 2.57s (cem 0.36 refine 2.14 [60 steps] finals 0.06)
  [80/800] f104_crm_eval_group_0079 B z -13.066 (pess -12.347) -> G z -13.250 (pess -12.911) gain 0.564 from B/sample step 14 | valid 17/17 | 2.58s (cem 0.36 refine 2.16 [60 steps] finals 0.05)
  [81/800] f104_crm_eval_group_0080 B z -13.290 (pess -13.042) -> G abstain | valid 17/17 | 2.55s (cem 0.34 refine 2.14 [60 steps] finals 0.05)
  [82/800] f104_crm_eval_group_0081 B z -13.530 (pess -13.412) -> G abstain | valid 17/17 | 2.61s (cem 0.36 refine 2.19 [60 steps] finals 0.05)
  [83/800] f104_crm_eval_group_0082 B z -9.807 (pess -8.485) -> G z -11.076 (pess -10.272) gain 1.788 from round0/sample step 48 | valid 17/17 | 2.56s (cem 0.35 refine 2.14 [60 steps] finals 0.05)
  [84/800] f104_crm_eval_group_0083 B z -2.525 (pess 0.726) -> G z -5.204 (pess -3.370) gain 4.097 from round0/sample step 44 | valid 17/17 | 2.58s (cem 0.35 refine 2.17 [60 steps] finals 0.05)
  [85/800] f104_crm_eval_group_0084 B z -7.274 (pess -2.429) -> G z -9.193 (pess -8.680) gain 6.247 from B/sample step 17 | valid 17/17 | 2.56s (cem 0.35 refine 2.14 [60 steps] finals 0.05)
  [86/800] f104_crm_eval_group_0085 B z -10.831 (pess -9.745) -> G z -12.554 (pess -12.189) gain 2.445 from round0/anchor step 37 | valid 17/17 | 2.55s (cem 0.35 refine 2.14 [60 steps] finals 0.05)
  [87/800] f104_crm_eval_group_0086 B z -12.344 (pess -11.404) -> G z -12.594 (pess -12.261) gain 0.856 from round0/sample step 42 | valid 17/17 | 2.58s (cem 0.35 refine 2.17 [60 steps] finals 0.05)
  [88/800] f104_crm_eval_group_0087 B z -11.521 (pess -9.831) -> G z -12.086 (pess -11.519) gain 1.687 from B/mean step 22 | valid 17/17 | 2.56s (cem 0.35 refine 2.15 [60 steps] finals 0.05)
  [89/800] f104_crm_eval_group_0088 B z -12.649 (pess -11.352) -> G z -13.332 (pess -13.040) gain 1.688 from round0/anchor step 60 | valid 17/17 | 2.56s (cem 0.35 refine 2.14 [60 steps] finals 0.05)
  [90/800] f104_crm_eval_group_0089 B z -12.301 (pess -11.387) -> G z -12.700 (pess -11.985) gain 0.598 from round0/sample step 60 | valid 17/17 | 2.55s (cem 0.35 refine 2.14 [60 steps] finals 0.05)
  [91/800] f104_crm_eval_group_0090 B z -12.729 (pess -11.969) -> G z -13.024 (pess -12.645) gain 0.675 from B/sample step 24 | valid 17/17 | 2.55s (cem 0.35 refine 2.13 [60 steps] finals 0.06)
  [92/800] f104_crm_eval_group_0091 B z -10.160 (pess -6.058) -> G z -10.654 (pess -9.571) gain 3.513 from round0/anchor step 21 | valid 17/17 | 2.56s (cem 0.36 refine 2.14 [60 steps] finals 0.05)
  [93/800] f104_crm_eval_group_0092 B z -7.725 (pess -6.217) -> G z -8.884 (pess -7.879) gain 1.664 from B/mean step 41 | valid 17/17 | 2.55s (cem 0.35 refine 2.15 [60 steps] finals 0.05)
  [94/800] f104_crm_eval_group_0093 B z -8.616 (pess -7.420) -> G z -10.514 (pess -9.551) gain 2.130 from B/sample step 54 | valid 17/17 | 2.56s (cem 0.36 refine 2.14 [60 steps] finals 0.05)
  [95/800] f104_crm_eval_group_0094 B z -12.753 (pess -12.242) -> G abstain | valid 17/17 | 2.55s (cem 0.35 refine 2.14 [60 steps] finals 0.05)
  [96/800] f104_crm_eval_group_0095 B z -11.421 (pess -7.675) -> G z -11.768 (pess -10.289) gain 2.604 from round0/sample step 51 | valid 17/17 | 2.55s (cem 0.36 refine 2.14 [60 steps] finals 0.05)
  [97/800] f104_crm_eval_group_0096 B z -13.110 (pess -12.763) -> G abstain | valid 17/17 | 2.57s (cem 0.36 refine 2.14 [60 steps] finals 0.05)
  [98/800] f104_crm_eval_group_0097 B z -12.680 (pess -11.836) -> G z -13.080 (pess -12.641) gain 0.805 from B/mean step 39 | valid 17/17 | 2.56s (cem 0.35 refine 2.14 [60 steps] finals 0.05)
  [99/800] f104_crm_eval_group_0098 B z -10.846 (pess -9.352) -> G z -12.456 (pess -11.934) gain 2.587 from round0/sample step 51 | valid 17/17 | 2.57s (cem 0.35 refine 2.15 [60 steps] finals 0.05)
  [100/800] f104_crm_eval_group_0099 B z -13.054 (pess -12.714) -> G abstain | valid 17/17 | 2.54s (cem 0.34 refine 2.14 [60 steps] finals 0.05)
  [101/800] f104_crm_eval_group_0100 B z -12.766 (pess -12.367) -> G z -13.135 (pess -13.002) gain 0.638 from round0/sample step 60 | valid 17/17 | 2.56s (cem 0.35 refine 2.15 [60 steps] finals 0.05)
  [102/800] f104_crm_eval_group_0101 B z -12.922 (pess -12.052) -> G z -13.150 (pess -12.453) gain 0.401 from B/sample step 20 | valid 17/17 | 2.54s (cem 0.34 refine 2.13 [60 steps] finals 0.05)
  [103/800] f104_crm_eval_group_0102 B z -12.627 (pess -10.607) -> G z -12.780 (pess -12.371) gain 1.765 from round0/sample step 58 | valid 17/17 | 2.56s (cem 0.36 refine 2.14 [60 steps] finals 0.05)
  [104/800] f104_crm_eval_group_0103 B z -13.489 (pess -13.305) -> G abstain | valid 17/17 | 2.55s (cem 0.34 refine 2.15 [60 steps] finals 0.05)
  [105/800] f104_crm_eval_group_0104 B z -11.338 (pess -10.295) -> G z -12.807 (pess -12.413) gain 2.116 from round0/anchor step 55 | valid 17/17 | 2.59s (cem 0.36 refine 2.15 [60 steps] finals 0.06)
  [106/800] f104_crm_eval_group_0105 B z -12.992 (pess -12.011) -> G z -13.237 (pess -12.870) gain 0.861 from round0/sample step 47 | valid 17/17 | 2.54s (cem 0.35 refine 2.13 [60 steps] finals 0.05)
  [107/800] f104_crm_eval_group_0106 B z -13.181 (pess -12.778) -> G z -13.275 (pess -13.140) gain 0.362 from round0/sample step 55 | valid 17/17 | 2.55s (cem 0.35 refine 2.13 [60 steps] finals 0.05)
  [108/800] f104_crm_eval_group_0107 B z -13.043 (pess -12.523) -> G z -13.407 (pess -13.103) gain 0.580 from B/sample step 12 | valid 17/17 | 2.56s (cem 0.36 refine 2.14 [60 steps] finals 0.05)
  [109/800] f104_crm_eval_group_0108 B z -13.179 (pess -12.399) -> G z -13.356 (pess -13.256) gain 0.856 from round0/sample step 38 | valid 17/17 | 2.57s (cem 0.36 refine 2.14 [60 steps] finals 0.05)
  [110/800] f104_crm_eval_group_0109 B z -11.851 (pess -10.922) -> G z -12.276 (pess -11.444) gain 0.523 from B/sample step 40 | valid 17/17 | 2.57s (cem 0.36 refine 2.15 [60 steps] finals 0.05)
  [111/800] f104_crm_eval_group_0110 B z -8.670 (pess -7.182) -> G z -12.457 (pess -11.733) gain 4.551 from round0/sample step 33 | valid 17/17 | 2.56s (cem 0.35 refine 2.15 [60 steps] finals 0.05)
  [112/800] f104_crm_eval_group_0111 B z -13.173 (pess -12.918) -> G abstain | valid 17/17 | 2.57s (cem 0.36 refine 2.14 [60 steps] finals 0.05)
  [113/800] f104_crm_eval_group_0112 B z -13.386 (pess -13.260) -> G abstain | valid 17/17 | 2.57s (cem 0.35 refine 2.15 [60 steps] finals 0.05)
  [114/800] f104_crm_eval_group_0113 B z -11.739 (pess -10.674) -> G z -12.005 (pess -11.289) gain 0.614 from B/sample step 3 | valid 17/17 | 2.56s (cem 0.35 refine 2.15 [60 steps] finals 0.05)
  [115/800] f104_crm_eval_group_0114 B z -10.965 (pess -9.615) -> G z -11.707 (pess -10.520) gain 0.905 from B/mean step 60 | valid 17/17 | 2.58s (cem 0.35 refine 2.17 [60 steps] finals 0.05)
  [116/800] f104_crm_eval_group_0115 B z -10.435 (pess -7.745) -> G z -13.198 (pess -12.723) gain 4.980 from round0/sample step 48 | valid 17/17 | 2.56s (cem 0.35 refine 2.15 [60 steps] finals 0.05)
  [117/800] f104_crm_eval_group_0116 B z -12.549 (pess -11.591) -> G z -12.809 (pess -12.064) gain 0.473 from B/sample step 43 | valid 17/17 | 2.55s (cem 0.35 refine 2.15 [60 steps] finals 0.05)
  [118/800] f104_crm_eval_group_0117 B z -12.088 (pess -11.368) -> G z -13.001 (pess -12.644) gain 1.279 from round0/sample step 60 | valid 17/17 | 2.57s (cem 0.35 refine 2.15 [60 steps] finals 0.06)
  [119/800] f104_crm_eval_group_0118 B z -12.496 (pess -11.865) -> G z -13.245 (pess -12.223) gain 0.353 from B/sample step 56 | valid 17/17 | 2.60s (cem 0.37 refine 2.16 [60 steps] finals 0.06)
  [120/800] f104_crm_eval_group_0119 B z -9.692 (pess -8.348) -> G z -10.705 (pess -9.730) gain 1.383 from round0/anchor step 47 | valid 17/17 | 2.56s (cem 0.36 refine 2.14 [60 steps] finals 0.05)
  [121/800] f104_crm_eval_group_0120 B z -13.155 (pess -12.208) -> G z -13.178 (pess -12.966) gain 0.759 from round0/anchor step 49 | valid 17/17 | 2.58s (cem 0.37 refine 2.15 [60 steps] finals 0.05)
  [122/800] f104_crm_eval_group_0121 B z -11.804 (pess -10.449) -> G z -12.499 (pess -11.399) gain 0.948 from B/sample step 60 | valid 17/17 | 2.56s (cem 0.34 refine 2.15 [60 steps] finals 0.05)
  [123/800] f104_crm_eval_group_0122 B z -12.829 (pess -11.732) -> G z -13.176 (pess -12.437) gain 0.704 from B/sample step 25 | valid 17/17 | 2.28s (cem 0.36 refine 1.85 [60 steps] finals 0.05)
  [124/800] f104_crm_eval_group_0123 B z -12.149 (pess -10.545) -> G z -12.883 (pess -12.214) gain 1.659 from B/sample step 42 | valid 17/17 | 2.32s (cem 0.35 refine 1.91 [60 steps] finals 0.05)
  [125/800] f104_crm_eval_group_0124 B z -5.284 (pess -3.394) -> G z -10.376 (pess -8.549) gain 5.161 from round0/sample step 60 | valid 17/17 | 2.30s (cem 0.35 refine 1.88 [60 steps] finals 0.05)
  [126/800] f104_crm_eval_group_0125 B z -6.897 (pess -3.233) -> G z -9.229 (pess -7.486) gain 4.253 from round0/sample step 57 | valid 17/17 | 2.55s (cem 0.35 refine 2.14 [60 steps] finals 0.05)
  [127/800] f104_crm_eval_group_0126 B z -12.185 (pess -11.938) -> G z -12.829 (pess -12.498) gain 0.559 from B/sample step 31 | valid 17/17 | 2.56s (cem 0.35 refine 2.14 [60 steps] finals 0.05)
  [128/800] f104_crm_eval_group_0127 B z -12.864 (pess -12.533) -> G abstain | valid 17/17 | 2.57s (cem 0.35 refine 2.16 [60 steps] finals 0.05)
  [129/800] f104_crm_eval_group_0128 B z -13.400 (pess -13.137) -> G abstain | valid 17/17 | 2.60s (cem 0.35 refine 2.19 [60 steps] finals 0.05)
  [130/800] f104_crm_eval_group_0129 B z -13.096 (pess -12.579) -> G z -13.114 (pess -12.900) gain 0.322 from round0/sample step 60 | valid 17/17 | 2.57s (cem 0.36 refine 2.14 [60 steps] finals 0.06)
  [131/800] f104_crm_eval_group_0130 B z -12.876 (pess -11.785) -> G z -12.774 (pess -12.325) gain 0.540 from round0/sample step 34 | valid 17/17 | 2.57s (cem 0.35 refine 2.17 [60 steps] finals 0.05)
  [132/800] f104_crm_eval_group_0131 B z -13.565 (pess -13.323) -> G abstain | valid 17/17 | 2.57s (cem 0.36 refine 2.15 [60 steps] finals 0.05)
  [133/800] f104_crm_eval_group_0132 B z -12.926 (pess -12.173) -> G abstain | valid 17/17 | 2.55s (cem 0.34 refine 2.14 [60 steps] finals 0.05)
  [134/800] f104_crm_eval_group_0133 B z -7.968 (pess -2.283) -> G z -8.891 (pess -8.517) gain 6.233 from round0/sample step 38 | valid 17/17 | 2.59s (cem 0.35 refine 2.18 [60 steps] finals 0.05)
  [135/800] f104_crm_eval_group_0134 B z -12.864 (pess -11.065) -> G z -13.260 (pess -12.378) gain 1.312 from B/sample step 60 | valid 17/17 | 2.56s (cem 0.35 refine 2.14 [60 steps] finals 0.05)
  [136/800] f104_crm_eval_group_0135 B z -6.358 (pess -4.554) -> G z -9.003 (pess -8.205) gain 3.650 from round0/anchor step 60 | valid 17/17 | 2.54s (cem 0.35 refine 2.13 [60 steps] finals 0.05)
  [137/800] f104_crm_eval_group_0136 B z -13.351 (pess -13.063) -> G abstain | valid 17/17 | 2.58s (cem 0.35 refine 2.15 [60 steps] finals 0.06)
  [138/800] f104_crm_eval_group_0137 B z -2.555 (pess -1.125) -> G z -10.397 (pess -9.505) gain 8.384 from B/sample step 59 | valid 17/17 | 2.57s (cem 0.35 refine 2.15 [60 steps] finals 0.05)
  [139/800] f104_crm_eval_group_0138 B z -12.014 (pess -11.511) -> G z -12.618 (pess -12.051) gain 0.539 from round0/sample step 34 | valid 17/17 | 1.98s (cem 0.36 refine 1.57 [60 steps] finals 0.04)
  [140/800] f104_crm_eval_group_0139 B z -13.262 (pess -13.035) -> G abstain | valid 17/17 | 2.41s (cem 0.36 refine 1.98 [60 steps] finals 0.05)
  [141/800] f104_crm_eval_group_0140 B z -13.318 (pess -13.009) -> G abstain | valid 17/17 | 2.57s (cem 0.36 refine 2.14 [60 steps] finals 0.05)
  [142/800] f104_crm_eval_group_0141 B z -11.477 (pess -9.534) -> G z -12.416 (pess -11.995) gain 2.465 from round0/sample step 38 | valid 17/17 | 2.55s (cem 0.36 refine 2.13 [60 steps] finals 0.05)
  [143/800] f104_crm_eval_group_0142 B z -12.550 (pess -10.470) -> G z -12.919 (pess -12.140) gain 1.669 from round0/sample step 60 | valid 17/17 | 2.55s (cem 0.35 refine 2.14 [60 steps] finals 0.05)
  [144/800] f104_crm_eval_group_0143 B z -11.884 (pess -10.089) -> G z -12.345 (pess -11.144) gain 1.055 from B/sample step 27 | valid 17/17 | 2.57s (cem 0.36 refine 2.14 [60 steps] finals 0.05)
  [145/800] f104_crm_eval_group_0144 B z -9.949 (pess -7.484) -> G z -9.894 (pess -9.577) gain 2.093 from round0/sample step 27 | valid 17/17 | 2.53s (cem 0.35 refine 2.11 [60 steps] finals 0.05)
  [146/800] f104_crm_eval_group_0145 B z -12.387 (pess -11.585) -> G z -12.857 (pess -12.346) gain 0.761 from B/sample step 34 | valid 17/17 | 2.59s (cem 0.37 refine 2.15 [60 steps] finals 0.05)
  [147/800] f104_crm_eval_group_0146 B z -13.070 (pess -12.545) -> G z -13.211 (pess -12.915) gain 0.372 from B/sample step 38 | valid 17/17 | 2.56s (cem 0.35 refine 2.14 [60 steps] finals 0.05)
  [148/800] f104_crm_eval_group_0147 B z -6.318 (pess -3.114) -> G z -10.719 (pess -7.755) gain 4.641 from B/sample step 35 | valid 17/17 | 2.56s (cem 0.36 refine 2.14 [60 steps] finals 0.05)
  [149/800] f104_crm_eval_group_0148 B z -10.926 (pess -10.034) -> G z -11.866 (pess -11.373) gain 1.336 from B/sample step 53 | valid 17/17 | 2.55s (cem 0.35 refine 2.14 [60 steps] finals 0.05)
  [150/800] f104_crm_eval_group_0149 B z -12.565 (pess -11.463) -> G z -12.960 (pess -12.717) gain 1.256 from B/sample step 60 | valid 17/17 | 2.54s (cem 0.35 refine 2.13 [60 steps] finals 0.05)
  [151/800] f104_crm_eval_group_0150 B z -13.242 (pess -12.857) -> G z -13.342 (pess -13.225) gain 0.367 from round0/sample step 60 | valid 17/17 | 2.62s (cem 0.36 refine 2.19 [60 steps] finals 0.05)
  [152/800] f104_crm_eval_group_0151 B z -12.442 (pess -10.785) -> G z -13.090 (pess -12.894) gain 2.109 from B/mean step 59 | valid 17/17 | 2.59s (cem 0.36 refine 2.17 [60 steps] finals 0.05)
  [153/800] f104_crm_eval_group_0152 B z -12.868 (pess -12.319) -> G z -13.368 (pess -13.191) gain 0.872 from round0/sample step 48 | valid 17/17 | 2.64s (cem 0.36 refine 2.22 [60 steps] finals 0.06)
  [154/800] f104_crm_eval_group_0153 B z -3.681 (pess 1.604) -> G z -6.831 (pess -4.251) gain 5.855 from round0/sample step 60 | valid 17/17 | 2.57s (cem 0.35 refine 2.15 [60 steps] finals 0.05)
  [155/800] f104_crm_eval_group_0154 B z -8.970 (pess -8.326) -> G z -11.120 (pess -9.684) gain 1.349 from round0/sample step 60 | valid 17/17 | 2.59s (cem 0.36 refine 2.16 [60 steps] finals 0.05)
  [156/800] f104_crm_eval_group_0155 B z -13.237 (pess -12.415) -> G z -13.432 (pess -13.271) gain 0.857 from B/sample step 37 | valid 17/17 | 2.56s (cem 0.36 refine 2.13 [60 steps] finals 0.06)
  [157/800] f104_crm_eval_group_0156 B z -12.598 (pess -12.234) -> G z -13.185 (pess -13.051) gain 0.818 from B/sample step 50 | valid 17/17 | 2.56s (cem 0.36 refine 2.13 [60 steps] finals 0.06)
  [158/800] f104_crm_eval_group_0157 B z -12.327 (pess -11.377) -> G z -13.009 (pess -12.844) gain 1.475 from round0/sample step 46 | valid 17/17 | 2.59s (cem 0.36 refine 2.17 [60 steps] finals 0.05)
  [159/800] f104_crm_eval_group_0158 B z -13.219 (pess -13.054) -> G abstain | valid 17/17 | 2.56s (cem 0.35 refine 2.14 [60 steps] finals 0.05)
  [160/800] f104_crm_eval_group_0159 B z -12.674 (pess -11.911) -> G z -12.900 (pess -12.462) gain 0.550 from round0/sample step 60 | valid 17/17 | 2.58s (cem 0.37 refine 2.14 [60 steps] finals 0.05)
  [161/800] f104_crm_eval_group_0160 B z -12.807 (pess -12.285) -> G abstain | valid 17/17 | 2.56s (cem 0.36 refine 2.14 [60 steps] finals 0.05)
  [162/800] f104_crm_eval_group_0161 B z -13.392 (pess -13.133) -> G abstain | valid 17/17 | 2.56s (cem 0.35 refine 2.14 [60 steps] finals 0.05)
  [163/800] f104_crm_eval_group_0162 B z -5.463 (pess -3.690) -> G z -9.166 (pess -7.279) gain 3.588 from B/sample step 53 | valid 17/17 | 2.55s (cem 0.35 refine 2.14 [60 steps] finals 0.05)
  [164/800] f104_crm_eval_group_0163 B z -12.758 (pess -12.272) -> G z -13.155 (pess -12.862) gain 0.590 from B/mean step 23 | valid 17/17 | 2.54s (cem 0.35 refine 2.13 [60 steps] finals 0.05)
  [165/800] f104_crm_eval_group_0164 B z -12.564 (pess -12.197) -> G z -12.918 (pess -12.507) gain 0.310 from round0/anchor step 51 | valid 17/17 | 2.56s (cem 0.35 refine 2.14 [60 steps] finals 0.05)
  [166/800] f104_crm_eval_group_0165 B z -10.640 (pess -7.863) -> G z -12.575 (pess -12.420) gain 4.558 from B/sample step 42 | valid 17/17 | 2.55s (cem 0.35 refine 2.14 [60 steps] finals 0.05)
  [167/800] f104_crm_eval_group_0166 B z -13.395 (pess -13.013) -> G z -13.499 (pess -13.404) gain 0.391 from B/sample step 34 | valid 17/17 | 2.56s (cem 0.36 refine 2.13 [60 steps] finals 0.06)
  [168/800] f104_crm_eval_group_0167 B z -10.743 (pess -8.837) -> G z -12.011 (pess -11.470) gain 2.635 from round0/sample step 60 | valid 17/17 | 2.55s (cem 0.35 refine 2.13 [60 steps] finals 0.05)
  [169/800] f104_crm_eval_group_0168 B z -13.052 (pess -12.750) -> G z -13.293 (pess -13.119) gain 0.370 from round0/sample step 57 | valid 17/17 | 2.54s (cem 0.35 refine 2.13 [60 steps] finals 0.05)
  [170/800] f104_crm_eval_group_0169 B z -13.382 (pess -12.952) -> G z -13.532 (pess -13.365) gain 0.412 from round0/anchor step 27 | valid 17/17 | 2.55s (cem 0.35 refine 2.14 [60 steps] finals 0.05)
  [171/800] f104_crm_eval_group_0170 B z -13.216 (pess -12.937) -> G abstain | valid 17/17 | 2.56s (cem 0.36 refine 2.14 [60 steps] finals 0.05)
  [172/800] f104_crm_eval_group_0171 B z -8.493 (pess -3.997) -> G z -8.232 (pess -7.092) gain 3.094 from round0/anchor step 29 | valid 17/17 | 2.55s (cem 0.35 refine 2.14 [60 steps] finals 0.05)
  [173/800] f104_crm_eval_group_0172 B z -9.982 (pess -8.251) -> G z -9.818 (pess -9.218) gain 0.967 from round0/sample step 55 | valid 17/17 | 2.54s (cem 0.35 refine 2.13 [60 steps] finals 0.05)
  [174/800] f104_crm_eval_group_0173 B z -13.351 (pess -12.926) -> G abstain | valid 17/17 | 2.55s (cem 0.35 refine 2.13 [60 steps] finals 0.05)
  [175/800] f104_crm_eval_group_0174 B z 0.092 (pess 2.307) -> G z -10.485 (pess -9.563) gain 11.870 from round0/sample step 54 | valid 17/17 | 2.56s (cem 0.36 refine 2.13 [60 steps] finals 0.06)
  [176/800] f104_crm_eval_group_0175 B z -12.794 (pess -12.308) -> G z -13.403 (pess -13.128) gain 0.821 from B/sample step 54 | valid 17/17 | 2.61s (cem 0.36 refine 2.18 [60 steps] finals 0.06)
  [177/800] f104_crm_eval_group_0176 B z -12.327 (pess -11.650) -> G z -12.904 (pess -12.573) gain 0.923 from B/sample step 48 | valid 17/17 | 2.56s (cem 0.36 refine 2.14 [60 steps] finals 0.05)
  [178/800] f104_crm_eval_group_0177 B z -12.172 (pess -10.837) -> G z -13.086 (pess -12.446) gain 1.612 from B/sample step 59 | valid 17/17 | 2.58s (cem 0.35 refine 2.16 [60 steps] finals 0.05)
  [179/800] f104_crm_eval_group_0178 B z -13.224 (pess -12.570) -> G z -13.408 (pess -13.295) gain 0.725 from round0/sample step 60 | valid 17/17 | 2.55s (cem 0.36 refine 2.13 [60 steps] finals 0.05)
  [180/800] f104_crm_eval_group_0179 B z -13.499 (pess -13.197) -> G z -13.594 (pess -13.504) gain 0.307 from round0/anchor step 60 | valid 17/17 | 2.54s (cem 0.35 refine 2.13 [60 steps] finals 0.05)
  [181/800] f104_crm_eval_group_0180 B z -13.425 (pess -13.220) -> G abstain | valid 17/17 | 2.58s (cem 0.36 refine 2.16 [60 steps] finals 0.05)
  [182/800] f104_crm_eval_group_0181 B z -12.811 (pess -12.417) -> G z -13.036 (pess -12.801) gain 0.382 from round0/sample step 60 | valid 17/17 | 2.54s (cem 0.35 refine 2.13 [60 steps] finals 0.05)
  [183/800] f104_crm_eval_group_0182 B z -13.085 (pess -12.822) -> G z -13.458 (pess -13.309) gain 0.487 from round0/sample step 59 | valid 17/17 | 2.57s (cem 0.37 refine 2.13 [60 steps] finals 0.05)
  [184/800] f104_crm_eval_group_0183 B z -5.547 (pess -0.317) -> G z -10.621 (pess -7.978) gain 7.660 from B/sample step 60 | valid 17/17 | 2.57s (cem 0.37 refine 2.13 [60 steps] finals 0.05)
  [185/800] f104_crm_eval_group_0184 B z -10.030 (pess -7.375) -> G z -11.569 (pess -10.236) gain 2.860 from B/mean step 60 | valid 17/17 | 2.55s (cem 0.35 refine 2.13 [60 steps] finals 0.05)
  [186/800] f104_crm_eval_group_0185 B z -12.984 (pess -11.587) -> G z -13.168 (pess -12.531) gain 0.946 from round0/sample step 37 | valid 17/17 | 2.55s (cem 0.36 refine 2.13 [60 steps] finals 0.05)
  [187/800] f104_crm_eval_group_0186 B z -11.642 (pess -8.577) -> G z -12.643 (pess -12.314) gain 3.737 from round0/sample step 39 | valid 17/17 | 2.56s (cem 0.36 refine 2.14 [60 steps] finals 0.05)
  [188/800] f104_crm_eval_group_0187 B z -12.651 (pess -11.769) -> G z -13.197 (pess -13.103) gain 1.332 from B/sample step 53 | valid 17/17 | 2.56s (cem 0.35 refine 2.14 [60 steps] finals 0.05)
  [189/800] f104_crm_eval_group_0188 B z -2.116 (pess -1.089) -> G z -4.566 (pess -3.346) gain 2.257 from round0/anchor step 50 | valid 17/17 | 2.55s (cem 0.35 refine 2.14 [60 steps] finals 0.05)
  [190/800] f104_crm_eval_group_0189 B z -12.913 (pess -12.392) -> G z -13.084 (pess -13.011) gain 0.619 from round0/anchor step 34 | valid 17/17 | 2.55s (cem 0.36 refine 2.13 [60 steps] finals 0.05)
  [191/800] f104_crm_eval_group_0190 B z -13.327 (pess -13.109) -> G z -13.560 (pess -13.455) gain 0.346 from round0/sample step 60 | valid 17/17 | 2.55s (cem 0.36 refine 2.13 [60 steps] finals 0.05)
  [192/800] f104_crm_eval_group_0191 B z -12.755 (pess -12.056) -> G z -12.890 (pess -12.486) gain 0.430 from B/sample step 12 | valid 17/17 | 2.55s (cem 0.36 refine 2.13 [60 steps] finals 0.05)
  [193/800] f104_crm_eval_group_0192 B z -4.535 (pess -1.759) -> G z -7.507 (pess -5.751) gain 3.994 from B/sample step 60 | valid 17/17 | 2.56s (cem 0.35 refine 2.15 [60 steps] finals 0.05)
  [194/800] f104_crm_eval_group_0193 B z -12.728 (pess -11.693) -> G z -13.265 (pess -12.995) gain 1.301 from B/sample step 55 | valid 17/17 | 2.57s (cem 0.37 refine 2.14 [60 steps] finals 0.06)
  [195/800] f104_crm_eval_group_0194 B z -7.968 (pess -3.024) -> G z -7.387 (pess -6.128) gain 3.103 from round0/sample step 19 | valid 17/17 | 2.54s (cem 0.34 refine 2.13 [60 steps] finals 0.05)
  [196/800] f104_crm_eval_group_0195 B z -10.271 (pess -9.652) -> G z -12.366 (pess -11.930) gain 2.279 from round0/anchor step 60 | valid 17/17 | 2.51s (cem 0.35 refine 2.10 [60 steps] finals 0.05)
  [197/800] f104_crm_eval_group_0196 B z -11.276 (pess -10.170) -> G z -12.313 (pess -12.042) gain 1.871 from round0/sample step 40 | valid 17/17 | 2.55s (cem 0.35 refine 2.14 [60 steps] finals 0.05)
  [198/800] f104_crm_eval_group_0197 B z -12.795 (pess -11.631) -> G z -12.995 (pess -12.739) gain 1.107 from B/mean step 38 | valid 17/17 | 2.55s (cem 0.36 refine 2.13 [60 steps] finals 0.05)
  [199/800] f104_crm_eval_group_0198 B z -11.797 (pess -10.410) -> G z -12.487 (pess -11.051) gain 0.649 from B/sample step 36 | valid 17/17 | 2.54s (cem 0.35 refine 2.14 [60 steps] finals 0.05)
  [200/800] f104_crm_eval_group_0199 B z -10.000 (pess -6.743) -> G z -11.625 (pess -10.678) gain 3.936 from round0/sample step 60 | valid 17/17 | 2.62s (cem 0.36 refine 2.19 [60 steps] finals 0.06)
  [201/800] f104_pair_group_0000 B z -11.377 (pess -9.993) -> G z -12.160 (pess -11.280) gain 1.289 from round0/sample step 60 | valid 17/17 | 2.55s (cem 0.36 refine 2.13 [60 steps] finals 0.05)
  [202/800] f104_pair_group_0001 B z -12.834 (pess -11.463) -> G z -13.087 (pess -12.611) gain 1.148 from round0/sample step 55 | valid 17/17 | 2.55s (cem 0.34 refine 2.14 [60 steps] finals 0.05)
  [203/800] f104_pair_group_0002 B z -11.883 (pess -10.730) -> G z -12.767 (pess -12.525) gain 1.797 from round0/sample step 60 | valid 17/17 | 2.55s (cem 0.35 refine 2.14 [60 steps] finals 0.05)
  [204/800] f104_pair_group_0003 B z -11.344 (pess -8.574) -> G z -13.067 (pess -12.458) gain 3.887 from round0/sample step 60 | valid 17/17 | 2.57s (cem 0.37 refine 2.12 [60 steps] finals 0.05)
  [205/800] f104_pair_group_0004 B z -5.055 (pess -3.803) -> G z -8.438 (pess -7.076) gain 3.275 from B/sample step 60 | valid 17/17 | 2.56s (cem 0.35 refine 2.15 [60 steps] finals 0.05)
  [206/800] f104_pair_group_0005 B z -12.593 (pess -11.923) -> G z -12.877 (pess -12.483) gain 0.560 from B/mean step 12 | valid 17/17 | 2.55s (cem 0.35 refine 2.13 [60 steps] finals 0.05)
  [207/800] f104_pair_group_0006 B z -12.058 (pess -11.128) -> G z -12.226 (pess -11.994) gain 0.866 from round0/sample step 59 | valid 17/17 | 2.54s (cem 0.35 refine 2.13 [60 steps] finals 0.05)
  [208/800] f104_pair_group_0007 B z -12.742 (pess -12.316) -> G z -12.983 (pess -12.789) gain 0.474 from B/mean step 56 | valid 17/17 | 2.56s (cem 0.35 refine 2.15 [60 steps] finals 0.05)
  [209/800] f104_pair_group_0008 B z -10.740 (pess -7.107) -> G z -11.557 (pess -9.713) gain 2.605 from B/sample step 18 | valid 17/17 | 2.57s (cem 0.36 refine 2.15 [60 steps] finals 0.05)
  [210/800] f104_pair_group_0009 B z -13.624 (pess -13.496) -> G abstain | valid 17/17 | 2.59s (cem 0.37 refine 2.14 [60 steps] finals 0.06)
  [211/800] f104_pair_group_0010 B z -13.385 (pess -13.063) -> G abstain | valid 17/17 | 2.56s (cem 0.36 refine 2.14 [60 steps] finals 0.05)
  [212/800] f104_pair_group_0011 B z -12.485 (pess -11.915) -> G z -13.070 (pess -12.754) gain 0.840 from B/mean step 53 | valid 17/17 | 2.54s (cem 0.35 refine 2.12 [60 steps] finals 0.05)
  [213/800] f104_pair_group_0012 B z -12.819 (pess -11.558) -> G z -13.028 (pess -12.952) gain 1.392 from round0/anchor step 58 | valid 17/17 | 2.55s (cem 0.35 refine 2.13 [60 steps] finals 0.05)
  [214/800] f104_pair_group_0013 B z -13.437 (pess -13.180) -> G abstain | valid 17/17 | 2.55s (cem 0.35 refine 2.14 [60 steps] finals 0.05)
  [215/800] f104_pair_group_0014 B z -13.083 (pess -12.544) -> G z -13.240 (pess -13.063) gain 0.520 from round0/sample step 60 | valid 17/17 | 2.52s (cem 0.34 refine 2.12 [60 steps] finals 0.05)
  [216/800] f104_pair_group_0015 B z -12.631 (pess -11.632) -> G z -13.152 (pess -12.937) gain 1.306 from B/sample step 47 | valid 17/17 | 2.57s (cem 0.37 refine 2.14 [60 steps] finals 0.06)
  [217/800] f104_pair_group_0016 B z -10.457 (pess -7.879) -> G z -11.061 (pess -9.070) gain 1.192 from B/mean step 26 | valid 17/17 | 2.56s (cem 0.36 refine 2.15 [60 steps] finals 0.05)
  [218/800] f104_pair_group_0017 B z -11.426 (pess -10.231) -> G z -12.270 (pess -11.461) gain 1.231 from round0/sample step 38 | valid 17/17 | 2.53s (cem 0.34 refine 2.13 [60 steps] finals 0.05)
  [219/800] f104_pair_group_0018 B z -12.948 (pess -12.492) -> G z -13.467 (pess -13.318) gain 0.827 from B/sample step 28 | valid 17/17 | 2.55s (cem 0.35 refine 2.14 [60 steps] finals 0.05)
  [220/800] f104_pair_group_0019 B z -13.016 (pess -12.216) -> G z -12.996 (pess -12.965) gain 0.752 from round0/sample step 48 | valid 17/17 | 2.55s (cem 0.35 refine 2.13 [60 steps] finals 0.06)
  [221/800] f104_pair_group_0020 B z -13.346 (pess -12.870) -> G z -13.495 (pess -13.378) gain 0.508 from B/mean step 25 | valid 17/17 | 2.53s (cem 0.36 refine 2.11 [60 steps] finals 0.05)
  [222/800] f104_pair_group_0021 B z -4.998 (pess 1.456) -> G z -8.638 (pess -5.302) gain 6.756 from B/sample step 22 | valid 17/17 | 2.55s (cem 0.35 refine 2.13 [60 steps] finals 0.05)
  [223/800] f104_pair_group_0022 B z -12.946 (pess -12.421) -> G abstain | valid 17/17 | 2.63s (cem 0.37 refine 2.19 [60 steps] finals 0.06)
  [224/800] f104_pair_group_0023 B z -13.280 (pess -12.511) -> G z -13.370 (pess -13.165) gain 0.653 from round0/anchor step 29 | valid 17/17 | 2.57s (cem 0.37 refine 2.14 [60 steps] finals 0.06)
  [225/800] f104_pair_group_0024 B z -13.281 (pess -13.085) -> G abstain | valid 17/17 | 2.57s (cem 0.35 refine 2.15 [60 steps] finals 0.06)
  [226/800] f104_pair_group_0025 B z -12.782 (pess -11.748) -> G z -13.327 (pess -13.229) gain 1.484 from round0/sample step 52 | valid 17/17 | 2.54s (cem 0.35 refine 2.12 [60 steps] finals 0.05)
  [227/800] f104_pair_group_0026 B z -13.137 (pess -12.294) -> G z -13.340 (pess -13.214) gain 0.921 from round0/sample step 45 | valid 17/17 | 2.55s (cem 0.35 refine 2.14 [60 steps] finals 0.05)
  [228/800] f104_pair_group_0027 B z -11.860 (pess -9.773) -> G z -12.794 (pess -12.244) gain 2.473 from B/sample step 40 | valid 17/17 | 2.58s (cem 0.35 refine 2.17 [60 steps] finals 0.05)
  [229/800] f104_pair_group_0028 B z -0.391 (pess 1.573) -> G z -3.490 (pess -2.504) gain 4.077 from round0/sample step 59 | valid 17/17 | 2.55s (cem 0.34 refine 2.15 [60 steps] finals 0.05)
  [230/800] f104_pair_group_0029 B z -11.319 (pess -10.498) -> G z -12.107 (pess -11.168) gain 0.670 from B/mean step 54 | valid 17/17 | 2.57s (cem 0.36 refine 2.14 [60 steps] finals 0.06)
  [231/800] f104_pair_group_0030 B z -12.882 (pess -11.284) -> G z -13.418 (pess -13.326) gain 2.043 from B/sample step 53 | valid 17/17 | 2.56s (cem 0.35 refine 2.14 [60 steps] finals 0.05)
  [232/800] f104_pair_group_0031 B z -10.857 (pess -7.823) -> G z -12.056 (pess -10.304) gain 2.479 from B/sample step 56 | valid 17/17 | 2.52s (cem 0.35 refine 2.11 [60 steps] finals 0.05)
  [233/800] f104_pair_group_0032 B z -8.345 (pess -6.242) -> G z -10.805 (pess -9.982) gain 3.738 from round0/sample step 45 | valid 17/17 | 2.54s (cem 0.34 refine 2.14 [60 steps] finals 0.05)
  [234/800] f104_pair_group_0033 B z -6.331 (pess -1.764) -> G z -7.442 (pess -5.603) gain 3.845 from B/sample step 27 | valid 17/17 | 2.57s (cem 0.36 refine 2.14 [60 steps] finals 0.05)
  [235/800] f104_pair_group_0034 B z -12.686 (pess -11.450) -> G z -12.956 (pess -12.321) gain 0.872 from B/sample step 23 | valid 17/17 | 2.52s (cem 0.39 refine 2.05 [60 steps] finals 0.06)
  [236/800] f104_pair_group_0035 B z -13.105 (pess -12.897) -> G abstain | valid 17/17 | 2.59s (cem 0.38 refine 2.14 [60 steps] finals 0.06)
  [237/800] f104_pair_group_0036 B z -12.189 (pess -11.121) -> G z -12.892 (pess -12.352) gain 1.231 from B/sample step 60 | valid 17/17 | 2.57s (cem 0.37 refine 2.14 [60 steps] finals 0.06)
  [238/800] f104_pair_group_0037 B z -11.587 (pess -10.703) -> G z -11.533 (pess -11.125) gain 0.423 from round0/sample step 50 | valid 17/17 | 2.54s (cem 0.35 refine 2.12 [60 steps] finals 0.05)
  [239/800] f104_pair_group_0038 B z -8.430 (pess -6.571) -> G z -9.445 (pess -8.207) gain 1.635 from round0/anchor step 60 | valid 17/17 | 2.57s (cem 0.36 refine 2.14 [60 steps] finals 0.05)
  [240/800] f104_pair_group_0039 B z -11.426 (pess -10.241) -> G z -12.167 (pess -11.341) gain 1.102 from B/sample step 35 | valid 17/17 | 2.58s (cem 0.36 refine 2.15 [60 steps] finals 0.05)
  [241/800] f104_pair_group_0040 B z -11.495 (pess -6.674) -> G z -13.230 (pess -12.670) gain 5.993 from B/sample step 60 | valid 17/17 | 2.55s (cem 0.35 refine 2.14 [60 steps] finals 0.05)
  [242/800] f104_pair_group_0041 B z -13.235 (pess -12.711) -> G z -13.334 (pess -13.039) gain 0.328 from round0/sample step 47 | valid 17/17 | 2.56s (cem 0.35 refine 2.15 [60 steps] finals 0.05)
  [243/800] f104_pair_group_0042 B z -12.250 (pess -11.241) -> G z -12.834 (pess -12.282) gain 1.041 from B/sample step 60 | valid 17/17 | 2.55s (cem 0.35 refine 2.14 [60 steps] finals 0.05)
  [244/800] f104_pair_group_0043 B z -12.594 (pess -11.384) -> G z -12.768 (pess -12.290) gain 0.904 from round0/sample step 60 | valid 17/17 | 2.56s (cem 0.36 refine 2.14 [60 steps] finals 0.05)
  [245/800] f104_pair_group_0044 B z -13.272 (pess -12.917) -> G abstain | valid 17/17 | 2.56s (cem 0.37 refine 2.13 [60 steps] finals 0.05)
  [246/800] f104_pair_group_0045 B z -13.526 (pess -13.421) -> G abstain | valid 17/17 | 2.58s (cem 0.37 refine 2.14 [60 steps] finals 0.06)
  [247/800] f104_pair_group_0046 B z -11.976 (pess -9.977) -> G z -12.755 (pess -12.247) gain 2.267 from B/sample step 10 | valid 17/17 | 2.61s (cem 0.37 refine 2.17 [60 steps] finals 0.06)
  [248/800] f104_pair_group_0047 B z -13.465 (pess -12.890) -> G z -13.627 (pess -13.550) gain 0.660 from round0/sample step 57 | valid 17/17 | 2.56s (cem 0.36 refine 2.14 [60 steps] finals 0.05)
  [249/800] f104_pair_group_0048 B z -13.078 (pess -12.789) -> G abstain | valid 17/17 | 2.56s (cem 0.36 refine 2.14 [60 steps] finals 0.05)
  [250/800] f104_pair_group_0049 B z -12.931 (pess -11.985) -> G z -13.368 (pess -13.021) gain 1.036 from B/sample step 54 | valid 17/17 | 2.52s (cem 0.35 refine 2.11 [60 steps] finals 0.05)
  [251/800] f104_pair_group_0050 B z -12.988 (pess -12.586) -> G z -13.353 (pess -13.300) gain 0.714 from round0/sample step 46 | valid 17/17 | 2.55s (cem 0.35 refine 2.13 [60 steps] finals 0.05)
  [252/800] f104_pair_group_0051 B z -12.013 (pess -8.676) -> G z -13.410 (pess -13.334) gain 4.654 from B/sample step 59 | valid 17/17 | 2.58s (cem 0.36 refine 2.15 [60 steps] finals 0.05)
  [253/800] f104_pair_group_0052 B z -12.117 (pess -11.338) -> G z -13.109 (pess -12.649) gain 1.311 from B/mean step 53 | valid 17/17 | 2.56s (cem 0.35 refine 2.14 [60 steps] finals 0.05)
  [254/800] f104_pair_group_0053 B z -8.291 (pess -3.570) -> G z -9.936 (pess -8.659) gain 5.091 from round0/sample step 60 | valid 17/17 | 2.55s (cem 0.35 refine 2.13 [60 steps] finals 0.05)
  [255/800] f104_pair_group_0054 B z -12.355 (pess -10.070) -> G z -13.105 (pess -12.832) gain 2.761 from round0/anchor step 42 | valid 17/17 | 2.55s (cem 0.35 refine 2.14 [60 steps] finals 0.05)
  [256/800] f104_pair_group_0055 B z -11.756 (pess -11.022) -> G z -12.080 (pess -11.361) gain 0.339 from B/sample step 31 | valid 17/17 | 2.55s (cem 0.35 refine 2.13 [60 steps] finals 0.05)
  [257/800] f104_pair_group_0056 B z -13.013 (pess -12.183) -> G z -13.405 (pess -13.149) gain 0.968 from round0/sample step 52 | valid 17/17 | 2.55s (cem 0.35 refine 2.13 [60 steps] finals 0.05)
  [258/800] f104_pair_group_0057 B z -12.745 (pess -11.552) -> G z -13.393 (pess -13.268) gain 1.713 from B/sample step 45 | valid 17/17 | 2.57s (cem 0.36 refine 2.14 [60 steps] finals 0.06)
  [259/800] f104_pair_group_0058 B z -12.305 (pess -11.379) -> G z -12.929 (pess -12.627) gain 1.249 from round0/sample step 52 | valid 17/17 | 2.56s (cem 0.35 refine 2.14 [60 steps] finals 0.05)
  [260/800] f104_pair_group_0059 B z -12.320 (pess -10.140) -> G z -12.984 (pess -12.654) gain 2.521 from round0/sample step 43 | valid 17/17 | 2.60s (cem 0.38 refine 2.14 [60 steps] finals 0.06)
  [261/800] f104_pair_group_0060 B z -12.980 (pess -12.561) -> G abstain | valid 17/17 | 2.65s (cem 0.43 refine 2.15 [60 steps] finals 0.06)
  [262/800] f104_pair_group_0061 B z -11.903 (pess -11.496) -> G z -13.418 (pess -13.255) gain 1.761 from round0/sample step 58 | valid 17/17 | 2.57s (cem 0.36 refine 2.14 [60 steps] finals 0.05)
  [263/800] f104_pair_group_0062 B z -4.936 (pess 0.271) -> G z -12.035 (pess -9.585) gain 9.856 from B/sample step 60 | valid 17/17 | 2.57s (cem 0.35 refine 2.15 [60 steps] finals 0.05)
  [264/800] f104_pair_group_0063 B z -10.963 (pess -7.275) -> G z -12.543 (pess -10.522) gain 3.247 from B/mean step 39 | valid 17/17 | 2.58s (cem 0.38 refine 2.13 [60 steps] finals 0.05)
  [265/800] f104_pair_group_0064 B z -6.992 (pess -4.242) -> G z -9.643 (pess -8.827) gain 4.587 from round0/sample step 54 | valid 17/17 | 2.55s (cem 0.35 refine 2.14 [60 steps] finals 0.05)
  [266/800] f104_pair_group_0065 B z -8.930 (pess -7.274) -> G z -9.838 (pess -9.042) gain 1.765 from round0/sample step 60 | valid 17/17 | 2.54s (cem 0.35 refine 2.14 [60 steps] finals 0.05)
  [267/800] f104_pair_group_0066 B z -12.780 (pess -11.467) -> G z -13.233 (pess -12.852) gain 1.383 from round0/sample step 60 | valid 17/17 | 2.55s (cem 0.35 refine 2.14 [60 steps] finals 0.05)
  [268/800] f104_pair_group_0067 B z -12.555 (pess -12.050) -> G z -12.901 (pess -12.595) gain 0.546 from round0/sample step 58 | valid 17/17 | 2.56s (cem 0.35 refine 2.14 [60 steps] finals 0.05)
  [269/800] f104_pair_group_0068 B z -12.561 (pess -11.978) -> G z -12.813 (pess -12.411) gain 0.434 from B/sample step 56 | valid 17/17 | 2.55s (cem 0.36 refine 2.13 [60 steps] finals 0.05)
  [270/800] f104_pair_group_0069 B z -12.318 (pess -11.487) -> G z -12.934 (pess -12.770) gain 1.282 from round0/sample step 43 | valid 17/17 | 2.60s (cem 0.36 refine 2.17 [60 steps] finals 0.06)
  [271/800] f104_pair_group_0070 B z -12.759 (pess -12.412) -> G z -13.358 (pess -13.195) gain 0.782 from B/sample step 33 | valid 17/17 | 2.58s (cem 0.37 refine 2.14 [60 steps] finals 0.05)
  [272/800] f104_pair_group_0071 B z -12.882 (pess -12.501) -> G z -13.151 (pess -12.903) gain 0.401 from B/sample step 42 | valid 17/17 | 2.60s (cem 0.37 refine 2.16 [60 steps] finals 0.06)
  [273/800] f104_pair_group_0072 B z -12.227 (pess -9.951) -> G z -12.470 (pess -11.889) gain 1.937 from round0/anchor step 60 | valid 17/17 | 2.55s (cem 0.35 refine 2.14 [60 steps] finals 0.05)
  [274/800] f104_pair_group_0073 B z -12.641 (pess -11.900) -> G z -12.921 (pess -12.653) gain 0.753 from round0/anchor step 41 | valid 17/17 | 2.55s (cem 0.35 refine 2.14 [60 steps] finals 0.05)
  [275/800] f104_pair_group_0074 B z -12.185 (pess -11.421) -> G z -12.576 (pess -12.153) gain 0.730 from round0/sample step 60 | valid 17/17 | 2.57s (cem 0.35 refine 2.16 [60 steps] finals 0.05)
  [276/800] f104_pair_group_0075 B z -3.017 (pess -0.942) -> G z -9.166 (pess -8.343) gain 7.408 from B/sample step 30 | valid 17/17 | 2.56s (cem 0.35 refine 2.15 [60 steps] finals 0.05)
  [277/800] f104_pair_group_0076 B z -9.370 (pess -8.173) -> G z -10.242 (pess -9.173) gain 0.997 from round0/sample step 39 | valid 17/17 | 2.56s (cem 0.36 refine 2.14 [60 steps] finals 0.05)
  [278/800] f104_pair_group_0077 B z -12.841 (pess -11.874) -> G z -12.979 (pess -12.624) gain 0.752 from round0/sample step 52 | valid 17/17 | 2.55s (cem 0.35 refine 2.14 [60 steps] finals 0.05)
  [279/800] f104_pair_group_0078 B z -11.168 (pess -9.374) -> G z -12.335 (pess -11.516) gain 2.141 from round0/sample step 60 | valid 17/17 | 2.55s (cem 0.36 refine 2.14 [60 steps] finals 0.05)
  [280/800] f104_pair_group_0079 B z -12.192 (pess -11.363) -> G z -12.637 (pess -12.315) gain 0.952 from round0/sample step 40 | valid 17/17 | 2.54s (cem 0.35 refine 2.14 [60 steps] finals 0.05)
  [281/800] f104_pair_group_0080 B z -11.592 (pess -9.396) -> G z -12.368 (pess -11.860) gain 2.463 from round0/sample step 57 | valid 17/17 | 2.55s (cem 0.35 refine 2.14 [60 steps] finals 0.05)
  [282/800] f104_pair_group_0081 B z -8.181 (pess -6.721) -> G z -9.716 (pess -8.923) gain 2.209 from round0/sample step 44 | valid 17/17 | 2.57s (cem 0.36 refine 2.14 [60 steps] finals 0.05)
  [283/800] f104_pair_group_0082 B z -13.433 (pess -13.025) -> G abstain | valid 17/17 | 2.60s (cem 0.38 refine 2.15 [60 steps] finals 0.06)
  [284/800] f104_pair_group_0083 B z -9.289 (pess -5.766) -> G z -11.340 (pess -10.383) gain 4.619 from round0/sample step 37 | valid 17/17 | 2.57s (cem 0.37 refine 2.13 [60 steps] finals 0.05)
  [285/800] f104_pair_group_0084 B z -13.108 (pess -12.243) -> G z -12.860 (pess -12.710) gain 0.466 from round0/sample step 54 | valid 17/17 | 2.55s (cem 0.35 refine 2.14 [60 steps] finals 0.05)
  [286/800] f104_pair_group_0085 B z -11.919 (pess -7.761) -> G z -12.909 (pess -12.274) gain 4.513 from round0/sample step 54 | valid 17/17 | 2.55s (cem 0.35 refine 2.14 [60 steps] finals 0.05)
  [287/800] f104_pair_group_0086 B z -12.193 (pess -11.082) -> G z -12.569 (pess -12.310) gain 1.223 from B/sample step 27 | valid 17/17 | 2.54s (cem 0.36 refine 2.12 [60 steps] finals 0.05)
  [288/800] f104_pair_group_0087 B z -8.964 (pess -7.433) -> G z -11.318 (pess -8.518) gain 1.095 from B/sample step 31 | valid 17/17 | 2.58s (cem 0.37 refine 2.15 [60 steps] finals 0.06)
  [289/800] f104_pair_group_0088 B z -12.104 (pess -10.222) -> G z -12.306 (pess -11.200) gain 0.980 from round0/sample step 44 | valid 17/17 | 2.55s (cem 0.35 refine 2.14 [60 steps] finals 0.05)
  [290/800] f104_pair_group_0089 B z -10.959 (pess -9.563) -> G z -13.034 (pess -12.673) gain 3.107 from round0/sample step 58 | valid 17/17 | 2.55s (cem 0.36 refine 2.13 [60 steps] finals 0.05)
  [291/800] f104_pair_group_0090 B z -11.787 (pess -11.129) -> G z -12.237 (pess -11.930) gain 0.800 from round0/anchor step 57 | valid 17/17 | 2.61s (cem 0.36 refine 2.19 [60 steps] finals 0.05)
  [292/800] f104_pair_group_0091 B z -12.818 (pess -12.145) -> G z -13.129 (pess -12.782) gain 0.640 from round0/sample step 55 | valid 17/17 | 2.60s (cem 0.36 refine 2.17 [60 steps] finals 0.06)
  [293/800] f104_pair_group_0092 B z -11.064 (pess -9.606) -> G z -13.054 (pess -12.747) gain 3.139 from round0/sample step 59 | valid 17/17 | 2.47s (cem 0.37 refine 2.04 [60 steps] finals 0.05)
  [294/800] f104_pair_group_0093 B z -12.184 (pess -11.186) -> G z -12.559 (pess -12.379) gain 1.190 from round0/sample step 16 | valid 17/17 | 2.50s (cem 0.35 refine 2.09 [60 steps] finals 0.05)
  [295/800] f104_pair_group_0094 B z -13.411 (pess -13.106) -> G abstain | valid 17/17 | 2.56s (cem 0.37 refine 2.13 [60 steps] finals 0.06)
  [296/800] f104_pair_group_0095 B z -13.201 (pess -12.839) -> G z -13.445 (pess -13.300) gain 0.461 from B/sample step 34 | valid 17/17 | 2.56s (cem 0.36 refine 2.14 [60 steps] finals 0.05)
  [297/800] f104_pair_group_0096 B z -13.194 (pess -12.650) -> G z -13.375 (pess -13.251) gain 0.603 from round0/anchor step 40 | valid 17/17 | 2.64s (cem 0.34 refine 2.24 [60 steps] finals 0.05)
  [298/800] f104_pair_group_0097 B z -13.089 (pess -12.491) -> G z -13.396 (pess -13.255) gain 0.765 from round0/sample step 60 | valid 17/17 | 2.65s (cem 0.40 refine 2.19 [60 steps] finals 0.05)
  [299/800] f104_pair_group_0098 B z -9.513 (pess -6.543) -> G z -11.053 (pess -9.466) gain 2.925 from B/sample step 47 | valid 17/17 | 2.58s (cem 0.37 refine 2.14 [60 steps] finals 0.05)
  [300/800] f104_pair_group_0099 B z -13.545 (pess -13.507) -> G abstain | valid 17/17 | 2.57s (cem 0.35 refine 2.15 [60 steps] finals 0.05)
  [301/800] f104_pair_group_0100 B z -6.633 (pess -5.816) -> G z -8.405 (pess -7.368) gain 1.553 from round0/sample step 45 | valid 17/17 | 2.70s (cem 0.35 refine 2.29 [60 steps] finals 0.05)
  [302/800] f104_pair_group_0101 B z -10.047 (pess -7.673) -> G z -11.119 (pess -8.734) gain 1.057 from round0/anchor step 36 | valid 17/17 | 2.49s (cem 0.35 refine 2.07 [60 steps] finals 0.05)
  [303/800] f104_pair_group_0102 B z -13.056 (pess -12.418) -> G z -13.420 (pess -13.312) gain 0.893 from B/mean step 60 | valid 17/17 | 2.50s (cem 0.37 refine 2.06 [60 steps] finals 0.06)
  [304/800] f104_pair_group_0103 B z -11.176 (pess -9.801) -> G z -13.102 (pess -12.469) gain 2.667 from round0/sample step 60 | valid 17/17 | 2.44s (cem 0.35 refine 2.02 [60 steps] finals 0.06)
  [305/800] f104_pair_group_0104 B z -6.466 (pess -3.566) -> G z -10.965 (pess -10.082) gain 6.516 from round0/sample step 60 | valid 17/17 | 2.46s (cem 0.37 refine 2.02 [60 steps] finals 0.06)
  [306/800] f104_pair_group_0105 B z -13.386 (pess -12.853) -> G z -13.540 (pess -13.470) gain 0.616 from round0/sample step 58 | valid 17/17 | 2.45s (cem 0.36 refine 2.01 [60 steps] finals 0.06)
  [307/800] f104_pair_group_0106 B z -13.373 (pess -13.233) -> G abstain | valid 17/17 | 2.47s (cem 0.36 refine 2.04 [60 steps] finals 0.06)
  [308/800] f104_pair_group_0107 B z -12.114 (pess -10.986) -> G z -12.949 (pess -12.206) gain 1.221 from round0/sample step 60 | valid 17/17 | 2.47s (cem 0.36 refine 2.03 [60 steps] finals 0.06)
  [309/800] f104_pair_group_0108 B z -13.404 (pess -13.298) -> G abstain | valid 17/17 | 2.47s (cem 0.36 refine 2.05 [60 steps] finals 0.06)
  [310/800] f104_pair_group_0109 B z -12.719 (pess -11.351) -> G z -13.244 (pess -13.068) gain 1.716 from round0/anchor step 59 | valid 17/17 | 2.47s (cem 0.36 refine 2.04 [60 steps] finals 0.06)
  [311/800] f104_pair_group_0110 B z -3.176 (pess -1.585) -> G z -4.362 (pess -2.552) gain 0.962 from round0/anchor step 45 | valid 17/17 | 2.48s (cem 0.36 refine 2.05 [60 steps] finals 0.06)
  [312/800] f104_pair_group_0111 B z -2.247 (pess -0.471) -> G z -8.980 (pess -8.356) gain 7.887 from round0/sample step 60 | valid 17/17 | 2.47s (cem 0.36 refine 2.05 [60 steps] finals 0.06)
  [313/800] f104_pair_group_0112 B z -12.816 (pess -11.064) -> G z -13.129 (pess -12.393) gain 1.326 from round0/sample step 50 | valid 17/17 | 2.40s (cem 0.37 refine 1.96 [60 steps] finals 0.06)
  [314/800] f104_pair_group_0113 B z -13.309 (pess -12.980) -> G abstain | valid 17/17 | 2.41s (cem 0.36 refine 1.98 [60 steps] finals 0.06)
  [315/800] f104_pair_group_0114 B z -11.327 (pess -10.538) -> G z -12.622 (pess -12.040) gain 1.498 from B/sample step 19 | valid 17/17 | 2.41s (cem 0.36 refine 1.99 [60 steps] finals 0.05)
  [316/800] f104_pair_group_0115 B z -12.603 (pess -11.582) -> G z -13.118 (pess -12.765) gain 1.183 from round0/sample step 60 | valid 17/17 | 2.39s (cem 0.34 refine 1.99 [60 steps] finals 0.05)
  [317/800] f104_pair_group_0116 B z -11.174 (pess -8.760) -> G z -12.333 (pess -11.684) gain 2.921 from B/sample step 37 | valid 17/17 | 2.42s (cem 0.36 refine 1.99 [60 steps] finals 0.06)
  [318/800] f104_pair_group_0117 B z -12.660 (pess -11.706) -> G z -13.085 (pess -12.570) gain 0.864 from round0/sample step 30 | valid 17/17 | 2.48s (cem 0.38 refine 2.03 [60 steps] finals 0.06)
  [319/800] f104_pair_group_0118 B z -12.781 (pess -12.305) -> G z -13.270 (pess -12.943) gain 0.638 from B/sample step 13 | valid 17/17 | 2.36s (cem 0.39 refine 1.90 [60 steps] finals 0.06)
  [320/800] f104_pair_group_0119 B z -12.957 (pess -12.180) -> G z -13.091 (pess -12.908) gain 0.728 from B/mean step 13 | valid 17/17 | 2.46s (cem 0.38 refine 2.01 [60 steps] finals 0.06)
  [321/800] f104_pair_group_0120 B z -13.041 (pess -12.696) -> G abstain | valid 17/17 | 2.42s (cem 0.36 refine 2.00 [60 steps] finals 0.06)
  [322/800] f104_pair_group_0121 B z -13.591 (pess -13.493) -> G abstain | valid 17/17 | 2.42s (cem 0.36 refine 2.00 [60 steps] finals 0.06)
  [323/800] f104_pair_group_0122 B z -13.229 (pess -12.942) -> G abstain | valid 17/17 | 2.54s (cem 0.35 refine 2.12 [60 steps] finals 0.05)
  [324/800] f104_pair_group_0123 B z -12.562 (pess -12.180) -> G z -13.039 (pess -12.965) gain 0.785 from B/sample step 24 | valid 17/17 | 2.59s (cem 0.36 refine 2.16 [60 steps] finals 0.05)
  [325/800] f104_pair_group_0124 B z -10.162 (pess -8.044) -> G z -13.077 (pess -12.884) gain 4.832 from B/sample step 46 | valid 17/17 | 2.61s (cem 0.36 refine 2.18 [60 steps] finals 0.05)
  [326/800] f104_pair_group_0125 B z -9.566 (pess -6.254) -> G z -11.793 (pess -11.135) gain 4.882 from round0/sample step 48 | valid 17/17 | 2.58s (cem 0.35 refine 2.16 [60 steps] finals 0.05)
  [327/800] f104_pair_group_0126 B z -13.102 (pess -12.455) -> G z -13.198 (pess -12.844) gain 0.390 from B/sample step 18 | valid 17/17 | 2.35s (cem 0.36 refine 1.93 [60 steps] finals 0.05)
  [328/800] f104_pair_group_0127 B z -12.403 (pess -12.069) -> G z -12.863 (pess -12.600) gain 0.531 from round0/anchor step 60 | valid 17/17 | 2.44s (cem 0.36 refine 2.02 [60 steps] finals 0.06)
  [329/800] f104_pair_group_0128 B z -13.304 (pess -13.134) -> G abstain | valid 17/17 | 2.24s (cem 0.37 refine 1.80 [60 steps] finals 0.06)
  [330/800] f104_pair_group_0129 B z -13.029 (pess -12.281) -> G z -13.101 (pess -12.963) gain 0.682 from round0/sample step 35 | valid 17/17 | 2.49s (cem 0.39 refine 2.03 [60 steps] finals 0.06)
  [331/800] f104_pair_group_0130 B z -13.271 (pess -12.823) -> G z -13.474 (pess -13.287) gain 0.464 from B/sample step 21 | valid 17/17 | 2.56s (cem 0.38 refine 2.11 [60 steps] finals 0.06)
  [332/800] f104_pair_group_0131 B z -13.269 (pess -12.995) -> G abstain | valid 17/17 | 2.55s (cem 0.42 refine 2.05 [60 steps] finals 0.06)
  [333/800] f104_pair_group_0132 B z -13.290 (pess -12.856) -> G z -13.445 (pess -13.375) gain 0.519 from round0/sample step 43 | valid 17/17 | 2.52s (cem 0.38 refine 2.08 [60 steps] finals 0.05)
  [334/800] f104_pair_group_0133 B z -12.611 (pess -11.407) -> G z -12.152 (pess -11.981) gain 0.574 from round0/sample step 52 | valid 17/17 | 2.58s (cem 0.35 refine 2.16 [60 steps] finals 0.05)
  [335/800] f104_pair_group_0134 B z -9.619 (pess -7.406) -> G z -9.981 (pess -9.248) gain 1.843 from round0/anchor step 43 | valid 17/17 | 2.57s (cem 0.36 refine 2.15 [60 steps] finals 0.05)
  [336/800] f104_pair_group_0135 B z -13.634 (pess -13.585) -> G abstain | valid 17/17 | 2.57s (cem 0.35 refine 2.15 [60 steps] finals 0.05)
  [337/800] f104_pair_group_0136 B z -7.493 (pess -2.695) -> G z -11.675 (pess -10.538) gain 7.845 from round0/sample step 60 | valid 17/17 | 2.61s (cem 0.37 refine 2.17 [60 steps] finals 0.05)
  [338/800] f104_pair_group_0137 B z -11.231 (pess -8.317) -> G z -11.300 (pess -10.588) gain 2.273 from round0/sample step 50 | valid 17/17 | 2.58s (cem 0.35 refine 2.16 [60 steps] finals 0.05)
  [339/800] f104_pair_group_0138 B z -12.420 (pess -11.396) -> G z -12.827 (pess -12.024) gain 0.627 from B/sample step 24 | valid 17/17 | 2.56s (cem 0.35 refine 2.15 [60 steps] finals 0.05)
  [340/800] f104_pair_group_0139 B z -12.339 (pess -11.290) -> G z -13.038 (pess -12.789) gain 1.500 from round0/sample step 56 | valid 17/17 | 2.58s (cem 0.35 refine 2.17 [60 steps] finals 0.05)
  [341/800] f104_pair_group_0140 B z -12.620 (pess -12.378) -> G z -13.336 (pess -13.207) gain 0.830 from round0/anchor step 50 | valid 17/17 | 2.60s (cem 0.37 refine 2.16 [60 steps] finals 0.06)
  [342/800] f104_pair_group_0141 B z -13.029 (pess -12.562) -> G z -13.269 (pess -13.010) gain 0.448 from round0/sample step 32 | valid 17/17 | 2.58s (cem 0.36 refine 2.15 [60 steps] finals 0.05)
  [343/800] f104_pair_group_0142 B z -10.374 (pess -8.168) -> G z -12.928 (pess -12.563) gain 4.397 from round0/sample step 46 | valid 17/17 | 2.66s (cem 0.39 refine 2.20 [60 steps] finals 0.06)
  [344/800] f104_pair_group_0143 B z -8.133 (pess -3.385) -> G z -9.272 (pess -7.801) gain 4.415 from round0/sample step 41 | valid 17/17 | 2.64s (cem 0.39 refine 2.18 [60 steps] finals 0.06)
  [345/800] f104_pair_group_0144 B z -10.952 (pess -8.818) -> G z -11.779 (pess -11.199) gain 2.380 from round0/sample step 58 | valid 17/17 | 2.87s (cem 0.40 refine 2.40 [60 steps] finals 0.05)
  [346/800] f104_pair_group_0145 B z -4.068 (pess 0.498) -> G z -9.570 (pess -8.138) gain 8.636 from round0/sample step 60 | valid 17/17 | 2.90s (cem 0.37 refine 2.47 [60 steps] finals 0.06)
  [347/800] f104_pair_group_0146 B z -11.487 (pess -9.577) -> G z -12.737 (pess -12.205) gain 2.628 from B/mean step 43 | valid 17/17 | 2.83s (cem 0.39 refine 2.38 [60 steps] finals 0.05)
  [348/800] f104_pair_group_0147 B z -13.180 (pess -12.892) -> G z -13.435 (pess -13.352) gain 0.458 from B/sample step 26 | valid 17/17 | 2.69s (cem 0.37 refine 2.26 [60 steps] finals 0.05)
  [349/800] f104_pair_group_0148 B z -7.713 (pess -5.505) -> G z -9.798 (pess -8.510) gain 3.008 from round0/sample step 60 | valid 17/17 | 2.55s (cem 0.36 refine 2.12 [60 steps] finals 0.05)
  [350/800] f104_pair_group_0149 B z -11.247 (pess -8.481) -> G z -11.504 (pess -10.719) gain 2.239 from round0/sample step 49 | valid 17/17 | 2.58s (cem 0.35 refine 2.17 [60 steps] finals 0.05)
  [351/800] f104_pair_group_0150 B z -12.927 (pess -11.900) -> G z -13.341 (pess -13.247) gain 1.347 from round0/anchor step 28 | valid 17/17 | 2.59s (cem 0.37 refine 2.15 [60 steps] finals 0.06)
  [352/800] f104_pair_group_0151 B z -12.833 (pess -11.375) -> G z -13.101 (pess -12.428) gain 1.056 from B/sample step 12 | valid 17/17 | 2.57s (cem 0.35 refine 2.15 [60 steps] finals 0.05)
  [353/800] f104_pair_group_0152 B z -8.069 (pess -2.156) -> G z -11.522 (pess -10.621) gain 8.461 from round0/sample step 59 | valid 17/17 | 2.56s (cem 0.36 refine 2.14 [60 steps] finals 0.05)
  [354/800] f104_pair_group_0153 B z -12.960 (pess -12.587) -> G z -13.284 (pess -13.160) gain 0.572 from round0/sample step 47 | valid 17/17 | 2.62s (cem 0.39 refine 2.15 [60 steps] finals 0.06)
  [355/800] f104_pair_group_0154 B z -12.367 (pess -11.517) -> G z -13.177 (pess -12.874) gain 1.357 from B/sample step 31 | valid 17/17 | 2.56s (cem 0.36 refine 2.14 [60 steps] finals 0.05)
  [356/800] f104_pair_group_0155 B z -13.519 (pess -13.307) -> G abstain | valid 17/17 | 2.59s (cem 0.37 refine 2.15 [60 steps] finals 0.06)
  [357/800] f104_pair_group_0156 B z -12.705 (pess -12.296) -> G z -12.925 (pess -12.775) gain 0.479 from B/sample step 38 | valid 17/17 | 2.55s (cem 0.35 refine 2.13 [60 steps] finals 0.05)
  [358/800] f104_pair_group_0157 B z -11.697 (pess -10.627) -> G z -12.131 (pess -11.542) gain 0.914 from B/sample step 18 | valid 17/17 | 2.56s (cem 0.36 refine 2.14 [60 steps] finals 0.05)
  [359/800] f104_pair_group_0158 B z -13.203 (pess -12.767) -> G z -13.383 (pess -13.282) gain 0.514 from B/sample step 26 | valid 17/17 | 2.56s (cem 0.35 refine 2.15 [60 steps] finals 0.05)
  [360/800] f104_pair_group_0159 B z -12.228 (pess -11.217) -> G z -12.459 (pess -11.949) gain 0.732 from round0/sample step 19 | valid 17/17 | 2.57s (cem 0.35 refine 2.16 [60 steps] finals 0.05)
  [361/800] f104_pair_group_0160 B z -12.171 (pess -11.046) -> G z -13.055 (pess -12.617) gain 1.569 from B/sample step 39 | valid 17/17 | 2.58s (cem 0.36 refine 2.15 [60 steps] finals 0.06)
  [362/800] f104_pair_group_0161 B z -11.991 (pess -11.268) -> G z -12.365 (pess -12.101) gain 0.834 from round0/anchor step 40 | valid 17/17 | 2.55s (cem 0.35 refine 2.14 [60 steps] finals 0.05)
  [363/800] f104_pair_group_0162 B z -11.913 (pess -10.910) -> G z -12.323 (pess -11.414) gain 0.503 from round0/sample step 60 | valid 17/17 | 2.56s (cem 0.36 refine 2.14 [60 steps] finals 0.05)
  [364/800] f104_pair_group_0163 B z -6.353 (pess -1.759) -> G z -11.733 (pess -10.081) gain 8.319 from B/sample step 54 | valid 17/17 | 2.56s (cem 0.36 refine 2.14 [60 steps] finals 0.05)
  [365/800] f104_pair_group_0164 B z -12.365 (pess -11.600) -> G z -12.773 (pess -12.215) gain 0.614 from B/sample step 15 | valid 17/17 | 2.58s (cem 0.36 refine 2.15 [60 steps] finals 0.05)
  [366/800] f104_pair_group_0165 B z -13.482 (pess -13.262) -> G abstain | valid 17/17 | 2.59s (cem 0.36 refine 2.17 [60 steps] finals 0.05)
  [367/800] f104_pair_group_0166 B z -13.526 (pess -13.368) -> G abstain | valid 17/17 | 2.58s (cem 0.36 refine 2.15 [60 steps] finals 0.05)
  [368/800] f104_pair_group_0167 B z -4.536 (pess 1.006) -> G z -11.700 (pess -10.464) gain 11.472 from round0/sample step 49 | valid 17/17 | 2.61s (cem 0.39 refine 2.15 [60 steps] finals 0.06)
  [369/800] f104_pair_group_0168 B z -12.793 (pess -11.854) -> G z -13.106 (pess -12.674) gain 0.820 from round0/sample step 31 | valid 17/17 | 2.58s (cem 0.35 refine 2.16 [60 steps] finals 0.06)
  [370/800] f104_pair_group_0169 B z -12.869 (pess -12.180) -> G z -12.799 (pess -12.481) gain 0.300 from round0/anchor step 50 | valid 17/17 | 2.59s (cem 0.36 refine 2.16 [60 steps] finals 0.05)
  [371/800] f104_pair_group_0170 B z -9.768 (pess -5.065) -> G z -12.895 (pess -12.687) gain 7.624 from B/sample step 32 | valid 17/17 | 2.56s (cem 0.36 refine 2.13 [60 steps] finals 0.05)
  [372/800] f104_pair_group_0171 B z -13.493 (pess -13.050) -> G z -13.536 (pess -13.451) gain 0.401 from round0/sample step 60 | valid 17/17 | 2.58s (cem 0.35 refine 2.16 [60 steps] finals 0.05)
  [373/800] f104_pair_group_0172 B z -12.825 (pess -12.269) -> G abstain | valid 17/17 | 2.57s (cem 0.35 refine 2.16 [60 steps] finals 0.05)
  [374/800] f104_pair_group_0173 B z -7.834 (pess -3.420) -> G z -10.508 (pess -9.891) gain 6.463 from B/sample step 45 | valid 17/17 | 2.57s (cem 0.35 refine 2.16 [60 steps] finals 0.05)
  [375/800] f104_pair_group_0174 B z -12.144 (pess -11.625) -> G z -12.597 (pess -12.055) gain 0.429 from B/sample step 34 | valid 17/17 | 2.55s (cem 0.35 refine 2.15 [60 steps] finals 0.05)
  [376/800] f104_pair_group_0175 B z -12.912 (pess -11.727) -> G z -13.333 (pess -13.073) gain 1.345 from B/sample step 18 | valid 17/17 | 2.59s (cem 0.37 refine 2.15 [60 steps] finals 0.06)
  [377/800] f104_pair_group_0176 B z -11.160 (pess -8.391) -> G z -12.012 (pess -11.361) gain 2.969 from round0/sample step 60 | valid 17/17 | 2.57s (cem 0.35 refine 2.15 [60 steps] finals 0.05)
  [378/800] f104_pair_group_0177 B z -13.308 (pess -13.071) -> G abstain | valid 17/17 | 2.59s (cem 0.38 refine 2.14 [60 steps] finals 0.06)
  [379/800] f104_pair_group_0178 B z -6.316 (pess -2.259) -> G z -12.235 (pess -11.381) gain 9.121 from B/sample step 56 | valid 17/17 | 2.58s (cem 0.37 refine 2.15 [60 steps] finals 0.06)
  [380/800] f104_pair_group_0179 B z -7.641 (pess -6.433) -> G z -10.377 (pess -9.818) gain 3.384 from round0/sample step 49 | valid 17/17 | 2.59s (cem 0.37 refine 2.15 [60 steps] finals 0.06)
  [381/800] f104_pair_group_0180 B z -13.365 (pess -12.995) -> G z -13.566 (pess -13.503) gain 0.508 from round0/anchor step 59 | valid 17/17 | 2.58s (cem 0.36 refine 2.15 [60 steps] finals 0.06)
  [382/800] f104_pair_group_0181 B z -12.900 (pess -12.048) -> G z -13.057 (pess -12.718) gain 0.670 from B/mean step 23 | valid 17/17 | 2.57s (cem 0.36 refine 2.15 [60 steps] finals 0.05)
  [383/800] f104_pair_group_0182 B z -11.324 (pess -9.833) -> G z -11.954 (pess -11.008) gain 1.170 from B/sample step 3 | valid 17/17 | 2.59s (cem 0.37 refine 2.15 [60 steps] finals 0.05)
  [384/800] f104_pair_group_0183 B z -4.634 (pess 0.255) -> G z -7.207 (pess -5.761) gain 6.017 from round0/sample step 52 | valid 17/17 | 2.58s (cem 0.36 refine 2.15 [60 steps] finals 0.05)
  [385/800] f104_pair_group_0184 B z -11.458 (pess -9.217) -> G z -12.888 (pess -11.506) gain 2.289 from B/mean step 48 | valid 17/17 | 2.63s (cem 0.39 refine 2.17 [60 steps] finals 0.05)
  [386/800] f104_pair_group_0185 B z -12.796 (pess -12.265) -> G z -12.978 (pess -12.749) gain 0.485 from B/sample step 54 | valid 17/17 | 2.57s (cem 0.36 refine 2.15 [60 steps] finals 0.05)
  [387/800] f104_pair_group_0186 B z -12.926 (pess -12.615) -> G z -13.215 (pess -13.021) gain 0.406 from round0/sample step 51 | valid 17/17 | 2.56s (cem 0.36 refine 2.15 [60 steps] finals 0.05)
  [388/800] f104_pair_group_0187 B z -5.031 (pess -0.640) -> G z -9.088 (pess -7.368) gain 6.725 from round0/sample step 60 | valid 17/17 | 2.65s (cem 0.37 refine 2.21 [60 steps] finals 0.05)
  [389/800] f104_pair_group_0188 B z -10.863 (pess -7.744) -> G z -12.525 (pess -11.873) gain 4.131 from B/sample step 58 | valid 17/17 | 2.59s (cem 0.38 refine 2.15 [60 steps] finals 0.05)
  [390/800] f104_pair_group_0189 B z -12.438 (pess -11.099) -> G z -12.798 (pess -12.224) gain 1.125 from B/mean step 4 | valid 17/17 | 2.58s (cem 0.36 refine 2.15 [60 steps] finals 0.05)
  [391/800] f104_pair_group_0190 B z -12.530 (pess -10.596) -> G z -12.776 (pess -12.578) gain 1.984 from round0/sample step 20 | valid 17/17 | 2.56s (cem 0.35 refine 2.14 [60 steps] finals 0.05)
  [392/800] f104_pair_group_0191 B z -13.256 (pess -12.694) -> G z -13.396 (pess -13.258) gain 0.564 from round0/sample step 50 | valid 17/17 | 2.58s (cem 0.36 refine 2.15 [60 steps] finals 0.05)
  [393/800] f104_pair_group_0192 B z -12.559 (pess -11.751) -> G z -13.009 (pess -12.430) gain 0.679 from B/mean step 49 | valid 17/17 | 2.59s (cem 0.36 refine 2.17 [60 steps] finals 0.05)
  [394/800] f104_pair_group_0193 B z -13.313 (pess -13.036) -> G abstain | valid 17/17 | 2.57s (cem 0.35 refine 2.15 [60 steps] finals 0.05)
  [395/800] f104_pair_group_0194 B z -12.004 (pess -10.621) -> G z -12.625 (pess -11.867) gain 1.247 from round0/sample step 60 | valid 17/17 | 2.56s (cem 0.35 refine 2.14 [60 steps] finals 0.05)
  [396/800] f104_pair_group_0195 B z -5.385 (pess 1.274) -> G z -5.891 (pess -4.968) gain 6.242 from round0/anchor step 58 | valid 17/17 | 2.56s (cem 0.35 refine 2.14 [60 steps] finals 0.05)
  [397/800] f104_pair_group_0196 B z -6.558 (pess -0.789) -> G z -10.102 (pess -8.372) gain 7.587 from B/sample step 53 | valid 17/17 | 2.58s (cem 0.35 refine 2.16 [60 steps] finals 0.05)
  [398/800] f104_pair_group_0197 B z -9.162 (pess -5.122) -> G z -11.884 (pess -10.454) gain 5.331 from B/sample step 45 | valid 17/17 | 2.56s (cem 0.35 refine 2.14 [60 steps] finals 0.05)
  [399/800] f104_pair_group_0198 B z -12.663 (pess -12.266) -> G z -13.073 (pess -12.853) gain 0.587 from B/mean step 38 | valid 17/17 | 2.55s (cem 0.35 refine 2.14 [60 steps] finals 0.05)
  [400/800] f104_pair_group_0199 B z -11.596 (pess -10.641) -> G z -12.385 (pess -12.147) gain 1.507 from round0/sample step 53 | valid 17/17 | 2.56s (cem 0.35 refine 2.15 [60 steps] finals 0.05)
  [401/800] f104_pair_group_0200 B z -12.463 (pess -10.021) -> G z -12.851 (pess -12.686) gain 2.666 from round0/sample step 47 | valid 17/17 | 2.56s (cem 0.36 refine 2.14 [60 steps] finals 0.05)
  [402/800] f104_pair_group_0201 B z -6.290 (pess -3.122) -> G z -9.461 (pess -7.881) gain 4.756 from round0/sample step 60 | valid 17/17 | 2.59s (cem 0.36 refine 2.16 [60 steps] finals 0.05)
  [403/800] f104_pair_group_0202 B z -13.524 (pess -13.193) -> G abstain | valid 17/17 | 2.60s (cem 0.36 refine 2.18 [60 steps] finals 0.05)
  [404/800] f104_pair_group_0203 B z -6.895 (pess -3.327) -> G z -10.224 (pess -6.749) gain 3.422 from B/sample step 38 | valid 17/17 | 2.60s (cem 0.36 refine 2.18 [60 steps] finals 0.05)
  [405/800] f104_pair_group_0204 B z -13.222 (pess -12.648) -> G z -13.357 (pess -13.147) gain 0.499 from B/sample step 56 | valid 17/17 | 2.56s (cem 0.35 refine 2.14 [60 steps] finals 0.05)
  [406/800] f104_pair_group_0205 B z -10.978 (pess -9.223) -> G z -12.010 (pess -11.333) gain 2.111 from round0/sample step 37 | valid 17/17 | 2.56s (cem 0.35 refine 2.15 [60 steps] finals 0.05)
  [407/800] f104_pair_group_0206 B z -12.014 (pess -10.376) -> G z -12.526 (pess -12.288) gain 1.916 from B/sample step 16 | valid 17/17 | 2.58s (cem 0.35 refine 2.16 [60 steps] finals 0.05)
  [408/800] f104_pair_group_0207 B z -13.352 (pess -13.192) -> G abstain | valid 17/17 | 2.58s (cem 0.35 refine 2.17 [60 steps] finals 0.05)
  [409/800] f104_pair_group_0208 B z -5.365 (pess -1.825) -> G z -10.747 (pess -9.421) gain 7.598 from round0/sample step 51 | valid 17/17 | 2.59s (cem 0.36 refine 2.17 [60 steps] finals 0.05)
  [410/800] f104_pair_group_0209 B z -12.422 (pess -11.086) -> G z -13.140 (pess -12.948) gain 1.861 from round0/sample step 43 | valid 17/17 | 2.59s (cem 0.35 refine 2.17 [60 steps] finals 0.05)
  [411/800] f104_pair_group_0210 B z -11.917 (pess -10.892) -> G z -12.048 (pess -11.373) gain 0.481 from round0/sample step 60 | valid 17/17 | 2.59s (cem 0.35 refine 2.18 [60 steps] finals 0.05)
  [412/800] f104_pair_group_0211 B z -9.746 (pess -5.975) -> G z -12.762 (pess -11.799) gain 5.825 from B/sample step 60 | valid 17/17 | 2.56s (cem 0.36 refine 2.14 [60 steps] finals 0.05)
  [413/800] f104_pair_group_0212 B z -11.789 (pess -8.877) -> G z -12.928 (pess -12.389) gain 3.509 from round0/sample step 47 | valid 17/17 | 2.58s (cem 0.35 refine 2.16 [60 steps] finals 0.05)
  [414/800] f104_pair_group_0213 B z -10.950 (pess -8.284) -> G z -11.929 (pess -11.732) gain 3.444 from B/sample step 19 | valid 17/17 | 2.55s (cem 0.36 refine 2.13 [60 steps] finals 0.05)
  [415/800] f104_pair_group_0214 B z -11.053 (pess -9.478) -> G z -11.818 (pess -10.779) gain 1.303 from B/sample step 38 | valid 17/17 | 2.60s (cem 0.39 refine 2.14 [60 steps] finals 0.06)
  [416/800] f104_pair_group_0215 B z -13.232 (pess -12.869) -> G z -13.483 (pess -13.382) gain 0.513 from B/sample step 46 | valid 17/17 | 2.61s (cem 0.36 refine 2.18 [60 steps] finals 0.06)
  [417/800] f104_pair_group_0216 B z -13.323 (pess -12.961) -> G z -13.493 (pess -13.352) gain 0.391 from round0/anchor step 60 | valid 17/17 | 2.55s (cem 0.35 refine 2.14 [60 steps] finals 0.05)
  [418/800] f104_pair_group_0217 B z -11.912 (pess -9.688) -> G z -12.356 (pess -12.054) gain 2.367 from round0/sample step 54 | valid 17/17 | 2.56s (cem 0.35 refine 2.14 [60 steps] finals 0.05)
  [419/800] f104_pair_group_0218 B z -13.412 (pess -13.050) -> G z -13.562 (pess -13.418) gain 0.367 from B/sample step 43 | valid 17/17 | 2.55s (cem 0.35 refine 2.14 [60 steps] finals 0.05)
  [420/800] f104_pair_group_0219 B z -12.898 (pess -11.423) -> G z -13.185 (pess -12.700) gain 1.271 from round0/sample step 50 | valid 17/17 | 2.57s (cem 0.35 refine 2.15 [60 steps] finals 0.05)
  [421/800] f104_pair_group_0220 B z -4.769 (pess -3.246) -> G z -9.247 (pess -7.830) gain 4.587 from round0/anchor step 50 | valid 17/17 | 2.55s (cem 0.35 refine 2.14 [60 steps] finals 0.05)
  [422/800] f104_pair_group_0221 B z -12.404 (pess -11.887) -> G z -12.993 (pess -12.546) gain 0.660 from round0/sample step 59 | valid 17/17 | 2.58s (cem 0.36 refine 2.15 [60 steps] finals 0.05)
  [423/800] f104_pair_group_0222 B z -12.693 (pess -11.439) -> G z -13.062 (pess -12.817) gain 1.379 from round0/sample step 43 | valid 17/17 | 2.57s (cem 0.36 refine 2.14 [60 steps] finals 0.05)
  [424/800] f104_pair_group_0223 B z -12.931 (pess -12.176) -> G z -13.094 (pess -12.801) gain 0.625 from B/mean step 7 | valid 17/17 | 2.56s (cem 0.36 refine 2.14 [60 steps] finals 0.05)
  [425/800] f104_pair_group_0224 B z -11.069 (pess -9.358) -> G z -13.255 (pess -13.051) gain 3.694 from round0/sample step 52 | valid 17/17 | 2.57s (cem 0.36 refine 2.14 [60 steps] finals 0.05)
  [426/800] f104_pair_group_0225 B z -12.548 (pess -11.434) -> G z -12.900 (pess -12.591) gain 1.161 from round0/sample step 60 | valid 17/17 | 2.56s (cem 0.36 refine 2.14 [60 steps] finals 0.05)
  [427/800] f104_pair_group_0226 B z -12.840 (pess -12.641) -> G z -13.400 (pess -12.982) gain 0.341 from round0/sample step 60 | valid 17/17 | 2.61s (cem 0.39 refine 2.15 [60 steps] finals 0.06)
  [428/800] f104_pair_group_0227 B z -13.248 (pess -12.892) -> G abstain | valid 17/17 | 2.58s (cem 0.37 refine 2.14 [60 steps] finals 0.06)
  [429/800] f104_pair_group_0228 B z -13.103 (pess -12.416) -> G z -13.272 (pess -12.872) gain 0.457 from B/sample step 43 | valid 17/17 | 2.58s (cem 0.35 refine 2.17 [60 steps] finals 0.05)
  [430/800] f104_pair_group_0229 B z -13.168 (pess -12.930) -> G abstain | valid 17/17 | 2.56s (cem 0.35 refine 2.15 [60 steps] finals 0.05)
  [431/800] f104_pair_group_0230 B z -13.269 (pess -12.589) -> G z -13.561 (pess -13.488) gain 0.898 from B/sample step 53 | valid 17/17 | 2.56s (cem 0.36 refine 2.14 [60 steps] finals 0.05)
  [432/800] f104_pair_group_0231 B z -5.074 (pess -1.232) -> G z -9.923 (pess -6.711) gain 5.480 from B/sample step 21 | valid 17/17 | 2.55s (cem 0.35 refine 2.14 [60 steps] finals 0.05)
  [433/800] f104_pair_group_0232 B z -9.807 (pess -8.611) -> G z -10.434 (pess -9.705) gain 1.096 from B/sample step 39 | valid 17/17 | 2.55s (cem 0.35 refine 2.14 [60 steps] finals 0.05)
  [434/800] f104_pair_group_0233 B z -12.766 (pess -12.307) -> G abstain | valid 17/17 | 2.55s (cem 0.35 refine 2.14 [60 steps] finals 0.06)
  [435/800] f104_pair_group_0234 B z -13.061 (pess -12.515) -> G z -13.496 (pess -13.411) gain 0.895 from B/sample step 56 | valid 17/17 | 2.56s (cem 0.36 refine 2.14 [60 steps] finals 0.05)
  [436/800] f104_pair_group_0235 B z -12.216 (pess -11.297) -> G z -12.642 (pess -11.988) gain 0.692 from round0/anchor step 24 | valid 17/17 | 2.58s (cem 0.36 refine 2.16 [60 steps] finals 0.05)
  [437/800] f104_pair_group_0236 B z -13.258 (pess -12.901) -> G z -13.407 (pess -13.293) gain 0.392 from round0/sample step 59 | valid 17/17 | 2.57s (cem 0.36 refine 2.14 [60 steps] finals 0.05)
  [438/800] f104_pair_group_0237 B z -13.083 (pess -12.299) -> G z -13.148 (pess -12.749) gain 0.450 from round0/anchor step 52 | valid 17/17 | 2.56s (cem 0.35 refine 2.14 [60 steps] finals 0.05)
  [439/800] f104_pair_group_0238 B z -12.766 (pess -10.851) -> G z -12.764 (pess -12.513) gain 1.664 from round0/sample step 51 | valid 17/17 | 2.57s (cem 0.35 refine 2.15 [60 steps] finals 0.06)
  [440/800] f104_pair_group_0239 B z -13.158 (pess -12.933) -> G z -13.354 (pess -13.234) gain 0.301 from round0/anchor step 45 | valid 17/17 | 2.57s (cem 0.36 refine 2.14 [60 steps] finals 0.05)
  [441/800] f104_pair_group_0240 B z -13.447 (pess -12.882) -> G z -13.593 (pess -13.436) gain 0.554 from B/sample step 11 | valid 17/17 | 2.56s (cem 0.35 refine 2.15 [60 steps] finals 0.06)
  [442/800] f104_pair_group_0241 B z -12.635 (pess -11.153) -> G z -13.280 (pess -12.904) gain 1.750 from round0/sample step 60 | valid 17/17 | 2.30s (cem 0.35 refine 1.89 [60 steps] finals 0.05)
  [443/800] f104_pair_group_0242 B z -12.019 (pess -10.648) -> G z -11.867 (pess -11.296) gain 0.648 from round0/sample step 60 | valid 17/17 | 2.30s (cem 0.35 refine 1.90 [60 steps] finals 0.05)
  [444/800] f104_pair_group_0243 B z -11.621 (pess -10.948) -> G z -12.383 (pess -11.813) gain 0.865 from B/sample step 12 | valid 17/17 | 2.31s (cem 0.35 refine 1.90 [60 steps] finals 0.05)
  [445/800] f104_pair_group_0244 B z -8.075 (pess -6.416) -> G z -9.886 (pess -8.950) gain 2.531 from B/sample step 54 | valid 17/17 | 2.56s (cem 0.35 refine 2.15 [60 steps] finals 0.05)
  [446/800] f104_pair_group_0245 B z -11.480 (pess -10.709) -> G z -12.515 (pess -11.844) gain 1.135 from round0/sample step 39 | valid 17/17 | 2.56s (cem 0.35 refine 2.15 [60 steps] finals 0.05)
  [447/800] f104_pair_group_0246 B z -11.690 (pess -10.820) -> G z -12.350 (pess -11.777) gain 0.958 from B/anchor step 60 | valid 17/17 | 2.55s (cem 0.35 refine 2.14 [60 steps] finals 0.05)
  [448/800] f104_pair_group_0247 B z -11.905 (pess -10.498) -> G z -12.982 (pess -12.613) gain 2.114 from round0/sample step 60 | valid 17/17 | 2.55s (cem 0.35 refine 2.14 [60 steps] finals 0.05)
  [449/800] f104_pair_group_0248 B z -13.122 (pess -12.797) -> G abstain | valid 17/17 | 2.57s (cem 0.35 refine 2.15 [60 steps] finals 0.05)
  [450/800] f104_pair_group_0249 B z -13.175 (pess -12.769) -> G z -13.282 (pess -13.129) gain 0.360 from B/sample step 10 | valid 17/17 | 2.58s (cem 0.36 refine 2.15 [60 steps] finals 0.06)
  [451/800] f104_pair_group_0250 B z -13.337 (pess -12.984) -> G z -13.411 (pess -13.300) gain 0.315 from round0/sample step 35 | valid 17/17 | 2.57s (cem 0.36 refine 2.14 [60 steps] finals 0.06)
  [452/800] f104_pair_group_0251 B z -12.683 (pess -11.751) -> G z -12.788 (pess -12.424) gain 0.673 from round0/sample step 46 | valid 17/17 | 2.61s (cem 0.38 refine 2.16 [60 steps] finals 0.06)
  [453/800] f104_pair_group_0252 B z -13.270 (pess -12.884) -> G abstain | valid 17/17 | 2.56s (cem 0.35 refine 2.15 [60 steps] finals 0.05)
  [454/800] f104_pair_group_0253 B z -12.616 (pess -11.717) -> G z -13.136 (pess -12.521) gain 0.806 from B/sample step 47 | valid 17/17 | 2.56s (cem 0.34 refine 2.15 [60 steps] finals 0.05)
  [455/800] f104_pair_group_0254 B z -12.860 (pess -12.481) -> G abstain | valid 17/17 | 2.57s (cem 0.35 refine 2.16 [60 steps] finals 0.05)
  [456/800] f104_pair_group_0255 B z -13.308 (pess -13.094) -> G abstain | valid 17/17 | 2.55s (cem 0.35 refine 2.14 [60 steps] finals 0.05)
  [457/800] f104_pair_group_0256 B z -12.265 (pess -11.503) -> G z -12.841 (pess -12.523) gain 1.022 from B/sample step 59 | valid 17/17 | 2.59s (cem 0.36 refine 2.16 [60 steps] finals 0.06)
  [458/800] f104_pair_group_0257 B z -12.991 (pess -12.547) -> G z -13.380 (pess -13.154) gain 0.607 from round0/anchor step 60 | valid 17/17 | 2.63s (cem 0.36 refine 2.21 [60 steps] finals 0.06)
  [459/800] f104_pair_group_0258 B z -12.262 (pess -11.584) -> G z -12.828 (pess -12.317) gain 0.732 from B/sample step 56 | valid 17/17 | 2.58s (cem 0.36 refine 2.16 [60 steps] finals 0.05)
  [460/800] f104_pair_group_0259 B z -12.795 (pess -12.369) -> G abstain | valid 17/17 | 2.59s (cem 0.35 refine 2.18 [60 steps] finals 0.05)
  [461/800] f104_pair_group_0260 B z -12.662 (pess -12.204) -> G z -13.217 (pess -12.928) gain 0.725 from B/sample step 50 | valid 17/17 | 2.62s (cem 0.38 refine 2.17 [60 steps] finals 0.06)
  [462/800] f104_pair_group_0261 B z -13.111 (pess -12.886) -> G z -13.427 (pess -13.265) gain 0.378 from round0/sample step 55 | valid 17/17 | 2.58s (cem 0.35 refine 2.16 [60 steps] finals 0.05)
  [463/800] f104_pair_group_0262 B z -12.979 (pess -12.358) -> G z -13.115 (pess -12.818) gain 0.461 from B/mean step 18 | valid 17/17 | 2.60s (cem 0.35 refine 2.18 [60 steps] finals 0.06)
  [464/800] f104_pair_group_0263 B z -12.819 (pess -11.910) -> G z -12.773 (pess -12.584) gain 0.673 from round0/sample step 38 | valid 17/17 | 2.59s (cem 0.36 refine 2.16 [60 steps] finals 0.06)
  [465/800] f104_pair_group_0264 B z -13.009 (pess -12.762) -> G abstain | valid 17/17 | 2.57s (cem 0.36 refine 2.14 [60 steps] finals 0.05)
  [466/800] f104_pair_group_0265 B z -13.403 (pess -12.946) -> G z -13.436 (pess -13.354) gain 0.408 from round0/sample step 45 | valid 17/17 | 2.56s (cem 0.35 refine 2.14 [60 steps] finals 0.05)
  [467/800] f104_pair_group_0266 B z -7.904 (pess -5.475) -> G z -11.052 (pess -10.006) gain 4.533 from round0/sample step 60 | valid 17/17 | 2.57s (cem 0.35 refine 2.16 [60 steps] finals 0.05)
  [468/800] f104_pair_group_0267 B z -13.084 (pess -12.694) -> G z -13.217 (pess -13.072) gain 0.378 from round0/sample step 60 | valid 17/17 | 2.56s (cem 0.35 refine 2.14 [60 steps] finals 0.05)
  [469/800] f104_pair_group_0268 B z -13.054 (pess -12.077) -> G abstain | valid 17/17 | 2.57s (cem 0.36 refine 2.15 [60 steps] finals 0.05)
  [470/800] f104_pair_group_0269 B z -13.171 (pess -12.817) -> G abstain | valid 17/17 | 2.56s (cem 0.35 refine 2.15 [60 steps] finals 0.05)
  [471/800] f104_pair_group_0270 B z -11.635 (pess -10.697) -> G z -12.262 (pess -11.812) gain 1.117 from round0/sample step 23 | valid 17/17 | 2.56s (cem 0.35 refine 2.15 [60 steps] finals 0.05)
  [472/800] f104_pair_group_0271 B z -11.474 (pess -10.565) -> G z -12.218 (pess -11.806) gain 1.236 from B/sample step 8 | valid 17/17 | 2.55s (cem 0.34 refine 2.15 [60 steps] finals 0.05)
  [473/800] f104_pair_group_0272 B z -12.931 (pess -12.719) -> G z -13.407 (pess -13.285) gain 0.566 from B/sample step 16 | valid 17/17 | 2.56s (cem 0.35 refine 2.15 [60 steps] finals 0.05)
  [474/800] f104_pair_group_0273 B z -13.262 (pess -12.778) -> G z -13.371 (pess -13.145) gain 0.367 from round0/anchor step 53 | valid 17/17 | 2.60s (cem 0.36 refine 2.17 [60 steps] finals 0.06)
  [475/800] f104_pair_group_0274 B z -13.049 (pess -12.569) -> G abstain | valid 17/17 | 2.58s (cem 0.36 refine 2.16 [60 steps] finals 0.06)
  [476/800] f104_pair_group_0275 B z -13.139 (pess -12.838) -> G z -13.431 (pess -13.175) gain 0.337 from B/sample step 59 | valid 17/17 | 2.59s (cem 0.36 refine 2.15 [60 steps] finals 0.06)
  [477/800] f104_pair_group_0276 B z -13.438 (pess -13.258) -> G abstain | valid 17/17 | 2.55s (cem 0.35 refine 2.14 [60 steps] finals 0.05)
  [478/800] f104_pair_group_0277 B z -11.510 (pess -7.178) -> G z -12.644 (pess -11.893) gain 4.715 from B/mean step 51 | valid 17/17 | 2.56s (cem 0.36 refine 2.14 [60 steps] finals 0.05)
  [479/800] f104_pair_group_0278 B z -8.516 (pess -2.164) -> G z -11.889 (pess -10.211) gain 8.037 from B/sample step 60 | valid 17/17 | 2.56s (cem 0.36 refine 2.14 [60 steps] finals 0.06)
  [480/800] f104_pair_group_0279 B z -9.699 (pess -7.561) -> G z -11.558 (pess -10.913) gain 3.351 from round0/sample step 55 | valid 17/17 | 2.56s (cem 0.36 refine 2.14 [60 steps] finals 0.05)
  [481/800] f104_pair_group_0280 B z -11.620 (pess -8.753) -> G z -12.441 (pess -10.422) gain 1.672 from B/sample step 36 | valid 17/17 | 2.55s (cem 0.37 refine 2.12 [60 steps] finals 0.06)
  [482/800] f104_pair_group_0281 B z -9.504 (pess -7.745) -> G z -11.203 (pess -10.102) gain 2.355 from B/sample step 36 | valid 17/17 | 2.56s (cem 0.36 refine 2.14 [60 steps] finals 0.05)
  [483/800] f104_pair_group_0282 B z -11.950 (pess -10.833) -> G z -12.964 (pess -12.605) gain 1.771 from round0/sample step 53 | valid 17/17 | 2.58s (cem 0.36 refine 2.16 [60 steps] finals 0.05)
  [484/800] f104_pair_group_0283 B z -12.739 (pess -12.111) -> G z -12.922 (pess -12.622) gain 0.511 from B/sample step 16 | valid 17/17 | 2.56s (cem 0.36 refine 2.14 [60 steps] finals 0.05)
  [485/800] f104_pair_group_0284 B z -7.615 (pess -3.635) -> G z -10.077 (pess -8.524) gain 4.891 from B/sample step 53 | valid 17/17 | 2.56s (cem 0.36 refine 2.14 [60 steps] finals 0.05)
  [486/800] f104_pair_group_0285 B z -12.610 (pess -11.888) -> G z -13.294 (pess -13.137) gain 1.248 from B/sample step 50 | valid 17/17 | 2.59s (cem 0.36 refine 2.15 [60 steps] finals 0.06)
  [487/800] f104_pair_group_0286 B z -13.100 (pess -12.901) -> G abstain | valid 17/17 | 2.59s (cem 0.37 refine 2.15 [60 steps] finals 0.05)
  [488/800] f104_pair_group_0287 B z -11.801 (pess -9.694) -> G z -12.967 (pess -12.834) gain 3.139 from round0/anchor step 60 | valid 17/17 | 2.57s (cem 0.36 refine 2.14 [60 steps] finals 0.06)
  [489/800] f104_pair_group_0288 B z -13.183 (pess -12.930) -> G abstain | valid 17/17 | 2.56s (cem 0.35 refine 2.15 [60 steps] finals 0.05)
  [490/800] f104_pair_group_0289 B z -13.319 (pess -12.995) -> G z -13.476 (pess -13.322) gain 0.327 from B/sample step 33 | valid 17/17 | 2.57s (cem 0.36 refine 2.14 [60 steps] finals 0.05)
  [491/800] f104_pair_group_0290 B z -12.670 (pess -11.590) -> G z -12.955 (pess -12.254) gain 0.663 from B/sample step 37 | valid 17/17 | 2.57s (cem 0.35 refine 2.15 [60 steps] finals 0.05)
  [492/800] f104_pair_group_0291 B z -12.760 (pess -11.854) -> G z -13.037 (pess -12.776) gain 0.923 from B/sample step 11 | valid 17/17 | 2.58s (cem 0.35 refine 2.16 [60 steps] finals 0.05)
  [493/800] f104_pair_group_0292 B z -10.314 (pess -6.136) -> G z -13.116 (pess -12.796) gain 6.659 from B/mean step 60 | valid 17/17 | 2.61s (cem 0.37 refine 2.17 [60 steps] finals 0.06)
  [494/800] f104_pair_group_0293 B z -12.142 (pess -11.496) -> G z -13.166 (pess -12.923) gain 1.424 from round0/sample step 60 | valid 17/17 | 2.56s (cem 0.35 refine 2.15 [60 steps] finals 0.05)
  [495/800] f104_pair_group_0294 B z -11.370 (pess -10.650) -> G z -12.464 (pess -12.206) gain 1.553 from round0/sample step 36 | valid 17/17 | 2.57s (cem 0.36 refine 2.15 [60 steps] finals 0.05)
  [496/800] f104_pair_group_0295 B z -13.010 (pess -12.582) -> G z -13.370 (pess -13.041) gain 0.460 from B/sample step 23 | valid 17/17 | 2.58s (cem 0.37 refine 2.15 [60 steps] finals 0.06)
  [497/800] f104_pair_group_0296 B z -6.788 (pess -3.152) -> G z -8.084 (pess -6.517) gain 3.364 from round0/sample step 48 | valid 17/17 | 2.56s (cem 0.35 refine 2.15 [60 steps] finals 0.05)
  [498/800] f104_pair_group_0297 B z -13.337 (pess -13.235) -> G abstain | valid 17/17 | 2.58s (cem 0.37 refine 2.15 [60 steps] finals 0.06)
  [499/800] f104_pair_group_0298 B z -13.100 (pess -12.282) -> G z -13.247 (pess -13.003) gain 0.722 from round0/sample step 56 | valid 17/17 | 2.57s (cem 0.35 refine 2.15 [60 steps] finals 0.05)
  [500/800] f104_pair_group_0299 B z -12.276 (pess -11.410) -> G z -12.789 (pess -12.542) gain 1.134 from B/sample step 35 | valid 17/17 | 2.60s (cem 0.37 refine 2.16 [60 steps] finals 0.06)
  [501/800] f104_pair_group_0300 B z -13.224 (pess -12.724) -> G abstain | valid 17/17 | 2.57s (cem 0.35 refine 2.16 [60 steps] finals 0.05)
  [502/800] f104_pair_group_0301 B z -13.040 (pess -12.572) -> G z -13.104 (pess -12.891) gain 0.320 from round0/sample step 35 | valid 17/17 | 2.56s (cem 0.35 refine 2.15 [60 steps] finals 0.05)
  [503/800] f104_pair_group_0302 B z -13.348 (pess -12.764) -> G z -13.450 (pess -13.355) gain 0.588 from B/sample step 5 | valid 17/17 | 2.59s (cem 0.37 refine 2.15 [60 steps] finals 0.06)
  [504/800] f104_pair_group_0303 B z -13.025 (pess -12.422) -> G abstain | valid 17/17 | 2.59s (cem 0.36 refine 2.17 [60 steps] finals 0.05)
  [505/800] f104_pair_group_0304 B z -12.155 (pess -11.305) -> G abstain | valid 17/17 | 2.64s (cem 0.37 refine 2.21 [60 steps] finals 0.05)
  [506/800] f104_pair_group_0305 B z -12.064 (pess -9.933) -> G z -12.660 (pess -12.022) gain 2.090 from B/sample step 14 | valid 17/17 | 2.58s (cem 0.36 refine 2.16 [60 steps] finals 0.05)
  [507/800] f104_pair_group_0306 B z -12.245 (pess -10.972) -> G z -12.873 (pess -11.926) gain 0.954 from B/sample step 60 | valid 17/17 | 2.61s (cem 0.38 refine 2.17 [60 steps] finals 0.05)
  [508/800] f104_pair_group_0307 B z -12.402 (pess -11.859) -> G z -12.753 (pess -12.340) gain 0.479 from round0/sample step 53 | valid 17/17 | 2.51s (cem 0.37 refine 2.08 [60 steps] finals 0.05)
  [509/800] f104_pair_group_0308 B z -12.987 (pess -12.361) -> G z -13.263 (pess -13.138) gain 0.777 from round0/sample step 26 | valid 17/17 | 2.39s (cem 0.38 refine 1.95 [60 steps] finals 0.04)
  [510/800] f104_pair_group_0309 B z -13.336 (pess -12.964) -> G z -13.408 (pess -13.277) gain 0.313 from B/mean step 8 | valid 17/17 | 2.57s (cem 0.37 refine 2.13 [60 steps] finals 0.05)
  [511/800] f104_pair_group_0310 B z -13.225 (pess -12.704) -> G z -13.436 (pess -13.189) gain 0.484 from B/sample step 23 | valid 17/17 | 2.39s (cem 0.39 refine 1.94 [60 steps] finals 0.05)
  [512/800] f104_pair_group_0311 B z -13.137 (pess -12.676) -> G z -13.279 (pess -13.095) gain 0.419 from B/sample step 22 | valid 17/17 | 2.54s (cem 0.37 refine 2.09 [60 steps] finals 0.06)
  [513/800] f104_pair_group_0312 B z -13.308 (pess -12.958) -> G z -13.494 (pess -13.289) gain 0.330 from round0/anchor step 59 | valid 17/17 | 2.63s (cem 0.37 refine 2.19 [60 steps] finals 0.06)
  [514/800] f104_pair_group_0313 B z -12.686 (pess -12.251) -> G z -13.017 (pess -12.558) gain 0.306 from B/sample step 44 | valid 17/17 | 2.63s (cem 0.35 refine 2.21 [60 steps] finals 0.05)
  [515/800] f104_pair_group_0314 B z -4.607 (pess -2.146) -> G z -6.174 (pess -5.384) gain 3.241 from round0/sample step 60 | valid 17/17 | 2.59s (cem 0.36 refine 2.16 [60 steps] finals 0.05)
  [516/800] f104_pair_group_0315 B z -9.458 (pess -7.301) -> G z -12.740 (pess -11.050) gain 3.749 from round0/sample step 60 | valid 17/17 | 2.59s (cem 0.36 refine 2.17 [60 steps] finals 0.05)
  [517/800] f104_pair_group_0316 B z -9.430 (pess -7.699) -> G z -11.706 (pess -10.836) gain 3.141 from round0/anchor step 60 | valid 17/17 | 2.59s (cem 0.36 refine 2.17 [60 steps] finals 0.05)
  [518/800] f104_pair_group_0317 B z -13.168 (pess -12.651) -> G z -13.207 (pess -12.969) gain 0.317 from round0/sample step 22 | valid 17/17 | 2.64s (cem 0.36 refine 2.21 [60 steps] finals 0.05)
  [519/800] f104_pair_group_0318 B z -12.900 (pess -11.437) -> G z -13.253 (pess -13.100) gain 1.663 from round0/anchor step 23 | valid 17/17 | 2.50s (cem 0.36 refine 2.09 [60 steps] finals 0.05)
  [520/800] f104_pair_group_0319 B z -12.727 (pess -12.176) -> G z -13.142 (pess -12.989) gain 0.812 from B/sample step 23 | valid 17/17 | 2.90s (cem 0.37 refine 2.46 [60 steps] finals 0.06)
  [521/800] f104_pair_group_0320 B z -10.274 (pess -5.550) -> G z -11.363 (pess -10.433) gain 4.882 from B/mean step 56 | valid 17/17 | 2.85s (cem 0.37 refine 2.41 [60 steps] finals 0.05)
  [522/800] f104_pair_group_0321 B z -12.824 (pess -12.428) -> G z -13.117 (pess -12.833) gain 0.405 from round0/sample step 53 | valid 17/17 | 2.84s (cem 0.38 refine 2.39 [60 steps] finals 0.05)
  [523/800] f104_pair_group_0322 B z -13.069 (pess -12.777) -> G z -13.210 (pess -13.167) gain 0.390 from round0/sample step 45 | valid 17/17 | 2.81s (cem 0.40 refine 2.34 [60 steps] finals 0.06)
  [524/800] f104_pair_group_0323 B z -13.015 (pess -12.151) -> G z -13.128 (pess -12.669) gain 0.518 from B/sample step 51 | valid 17/17 | 2.61s (cem 0.41 refine 2.14 [60 steps] finals 0.05)
  [525/800] f104_pair_group_0324 B z -13.207 (pess -12.646) -> G z -13.155 (pess -12.977) gain 0.331 from round0/sample step 50 | valid 17/17 | 2.57s (cem 0.35 refine 2.15 [60 steps] finals 0.05)
  [526/800] f104_pair_group_0325 B z -12.963 (pess -12.549) -> G abstain | valid 17/17 | 2.55s (cem 0.35 refine 2.14 [60 steps] finals 0.05)
  [527/800] f104_pair_group_0326 B z -13.009 (pess -12.033) -> G z -13.320 (pess -13.142) gain 1.109 from round0/sample step 60 | valid 17/17 | 2.57s (cem 0.37 refine 2.14 [60 steps] finals 0.05)
  [528/800] f104_pair_group_0327 B z -11.794 (pess -11.076) -> G z -13.111 (pess -12.714) gain 1.638 from B/sample step 18 | valid 17/17 | 2.63s (cem 0.37 refine 2.19 [60 steps] finals 0.05)
  [529/800] f104_pair_group_0328 B z -12.200 (pess -11.595) -> G z -12.943 (pess -12.277) gain 0.685 from B/sample step 59 | valid 17/17 | 2.55s (cem 0.35 refine 2.14 [60 steps] finals 0.05)
  [530/800] f104_pair_group_0329 B z -12.691 (pess -12.078) -> G z -13.244 (pess -13.068) gain 0.989 from round0/sample step 27 | valid 17/17 | 2.57s (cem 0.36 refine 2.14 [60 steps] finals 0.05)
  [531/800] f104_pair_group_0330 B z -12.311 (pess -11.039) -> G z -12.874 (pess -12.377) gain 1.337 from round0/sample step 60 | valid 17/17 | 2.55s (cem 0.35 refine 2.14 [60 steps] finals 0.05)
  [532/800] f104_pair_group_0331 B z -12.533 (pess -12.203) -> G z -12.816 (pess -12.699) gain 0.497 from B/sample step 34 | valid 17/17 | 2.55s (cem 0.35 refine 2.15 [60 steps] finals 0.05)
  [533/800] f104_pair_group_0332 B z -12.040 (pess -11.050) -> G z -12.699 (pess -12.382) gain 1.330 from B/sample step 57 | valid 17/17 | 2.59s (cem 0.36 refine 2.16 [60 steps] finals 0.06)
  [534/800] f104_pair_group_0333 B z -13.533 (pess -13.404) -> G abstain | valid 17/17 | 2.58s (cem 0.37 refine 2.14 [60 steps] finals 0.06)
  [535/800] f104_pair_group_0334 B z -12.882 (pess -12.195) -> G z -13.203 (pess -13.055) gain 0.859 from round0/anchor step 60 | valid 17/17 | 2.59s (cem 0.37 refine 2.14 [60 steps] finals 0.06)
  [536/800] f104_pair_group_0335 B z -13.136 (pess -12.483) -> G z -13.460 (pess -13.190) gain 0.708 from round0/sample step 39 | valid 17/17 | 2.58s (cem 0.35 refine 2.16 [60 steps] finals 0.06)
  [537/800] f104_pair_group_0336 B z -13.313 (pess -13.118) -> G abstain | valid 17/17 | 2.56s (cem 0.35 refine 2.14 [60 steps] finals 0.06)
  [538/800] f104_pair_group_0337 B z -9.965 (pess -6.886) -> G z -12.788 (pess -11.873) gain 4.984 from round0/sample step 60 | valid 17/17 | 2.56s (cem 0.35 refine 2.14 [60 steps] finals 0.05)
  [539/800] f104_pair_group_0338 B z -13.487 (pess -13.331) -> G abstain | valid 17/17 | 2.56s (cem 0.36 refine 2.14 [60 steps] finals 0.05)
  [540/800] f104_pair_group_0339 B z -12.233 (pess -10.961) -> G z -12.809 (pess -12.547) gain 1.587 from B/sample step 31 | valid 17/17 | 2.56s (cem 0.35 refine 2.15 [60 steps] finals 0.05)
  [541/800] f104_pair_group_0340 B z -9.026 (pess -7.013) -> G z -11.334 (pess -9.891) gain 2.878 from B/sample step 60 | valid 17/17 | 2.56s (cem 0.35 refine 2.14 [60 steps] finals 0.05)
  [542/800] f104_pair_group_0341 B z -10.058 (pess -7.890) -> G z -12.246 (pess -10.995) gain 3.105 from round0/anchor step 60 | valid 17/17 | 2.55s (cem 0.35 refine 2.14 [60 steps] finals 0.05)
  [543/800] f104_pair_group_0342 B z -12.751 (pess -12.282) -> G z -12.923 (pess -12.589) gain 0.308 from round0/sample step 55 | valid 17/17 | 2.56s (cem 0.35 refine 2.14 [60 steps] finals 0.05)
  [544/800] f104_pair_group_0343 B z -12.220 (pess -10.175) -> G z -13.220 (pess -12.706) gain 2.532 from round0/sample step 60 | valid 17/17 | 2.56s (cem 0.35 refine 2.15 [60 steps] finals 0.05)
  [545/800] f104_pair_group_0344 B z -12.382 (pess -11.088) -> G z -12.535 (pess -11.668) gain 0.581 from B/sample step 6 | valid 17/17 | 2.57s (cem 0.36 refine 2.15 [60 steps] finals 0.05)
  [546/800] f104_pair_group_0345 B z -13.065 (pess -12.529) -> G z -12.988 (pess -12.836) gain 0.307 from round0/sample step 15 | valid 17/17 | 2.60s (cem 0.37 refine 2.16 [60 steps] finals 0.06)
  [547/800] f104_pair_group_0346 B z -13.403 (pess -13.127) -> G z -13.503 (pess -13.445) gain 0.318 from round0/sample step 60 | valid 17/17 | 2.59s (cem 0.35 refine 2.17 [60 steps] finals 0.05)
  [548/800] f104_pair_group_0347 B z -12.306 (pess -11.765) -> G z -12.787 (pess -12.377) gain 0.615 from B/sample step 47 | valid 17/17 | 2.59s (cem 0.36 refine 2.17 [60 steps] finals 0.05)
  [549/800] f104_pair_group_0348 B z -13.226 (pess -12.905) -> G z -13.335 (pess -13.208) gain 0.303 from round0/sample step 48 | valid 17/17 | 2.57s (cem 0.35 refine 2.16 [60 steps] finals 0.05)
  [550/800] f104_pair_group_0349 B z -12.848 (pess -12.371) -> G z -13.402 (pess -13.172) gain 0.801 from B/sample step 54 | valid 17/17 | 2.57s (cem 0.35 refine 2.15 [60 steps] finals 0.05)
  [551/800] f104_pair_group_0350 B z -13.227 (pess -12.584) -> G z -13.348 (pess -13.138) gain 0.555 from B/sample step 18 | valid 17/17 | 2.59s (cem 0.34 refine 2.19 [60 steps] finals 0.05)
  [552/800] f104_pair_group_0351 B z -5.913 (pess -3.588) -> G z -7.273 (pess -4.122) gain 0.531 from B/sample step 60 | valid 17/17 | 2.56s (cem 0.34 refine 2.16 [60 steps] finals 0.05)
  [553/800] f104_pair_group_0352 B z -12.267 (pess -11.370) -> G z -12.726 (pess -12.508) gain 1.137 from round0/sample step 48 | valid 17/17 | 2.58s (cem 0.35 refine 2.17 [60 steps] finals 0.05)
  [554/800] f104_pair_group_0353 B z -11.371 (pess -9.739) -> G z -12.547 (pess -11.352) gain 1.613 from B/sample step 59 | valid 17/17 | 2.57s (cem 0.36 refine 2.14 [60 steps] finals 0.06)
  [555/800] f104_pair_group_0354 B z -12.584 (pess -11.871) -> G z -12.833 (pess -12.478) gain 0.606 from round0/anchor step 60 | valid 17/17 | 2.58s (cem 0.36 refine 2.16 [60 steps] finals 0.05)
  [556/800] f104_pair_group_0355 B z -11.908 (pess -9.446) -> G z -13.011 (pess -12.905) gain 3.462 from B/sample step 18 | valid 17/17 | 2.60s (cem 0.35 refine 2.18 [60 steps] finals 0.05)
  [557/800] f104_pair_group_0356 B z -10.966 (pess -9.637) -> G z -12.875 (pess -12.350) gain 2.711 from B/sample step 51 | valid 17/17 | 2.56s (cem 0.35 refine 2.15 [60 steps] finals 0.05)
  [558/800] f104_pair_group_0357 B z -12.469 (pess -11.215) -> G z -12.789 (pess -12.148) gain 0.933 from round0/sample step 54 | valid 17/17 | 2.55s (cem 0.35 refine 2.14 [60 steps] finals 0.05)
  [559/800] f104_pair_group_0358 B z -10.011 (pess -8.158) -> G z -12.577 (pess -12.252) gain 4.099 from B/sample step 29 | valid 17/17 | 2.54s (cem 0.41 refine 2.06 [60 steps] finals 0.06)
  [560/800] f104_pair_group_0359 B z -12.760 (pess -12.135) -> G z -13.154 (pess -12.835) gain 0.702 from round0/sample step 60 | valid 17/17 | 2.57s (cem 0.37 refine 2.14 [60 steps] finals 0.06)
  [561/800] f104_pair_group_0360 B z -11.919 (pess -10.202) -> G z -12.934 (pess -12.500) gain 2.297 from round0/sample step 52 | valid 17/17 | 2.55s (cem 0.35 refine 2.14 [60 steps] finals 0.05)
  [562/800] f104_pair_group_0361 B z -13.451 (pess -13.252) -> G abstain | valid 17/17 | 2.56s (cem 0.35 refine 2.14 [60 steps] finals 0.06)
  [563/800] f104_pair_group_0362 B z -11.891 (pess -10.280) -> G z -12.896 (pess -12.381) gain 2.100 from round0/sample step 58 | valid 17/17 | 2.55s (cem 0.35 refine 2.14 [60 steps] finals 0.05)
  [564/800] f104_pair_group_0363 B z -8.862 (pess -5.114) -> G z -11.810 (pess -11.300) gain 6.188 from B/sample step 43 | valid 17/17 | 2.60s (cem 0.35 refine 2.18 [60 steps] finals 0.05)
  [565/800] f104_pair_group_0364 B z -12.441 (pess -11.451) -> G z -13.156 (pess -12.769) gain 1.318 from round0/sample step 57 | valid 17/17 | 2.55s (cem 0.35 refine 2.14 [60 steps] finals 0.05)
  [566/800] f104_pair_group_0365 B z -10.492 (pess -7.984) -> G z -11.942 (pess -11.605) gain 3.624 from round0/anchor step 45 | valid 17/17 | 2.56s (cem 0.35 refine 2.15 [60 steps] finals 0.05)
  [567/800] f104_pair_group_0366 B z -12.325 (pess -11.218) -> G z -12.444 (pess -12.088) gain 0.871 from round0/sample step 57 | valid 17/17 | 2.57s (cem 0.35 refine 2.16 [60 steps] finals 0.05)
  [568/800] f104_pair_group_0367 B z -12.226 (pess -11.384) -> G z -13.121 (pess -12.505) gain 1.120 from round0/sample step 59 | valid 17/17 | 2.56s (cem 0.35 refine 2.14 [60 steps] finals 0.05)
  [569/800] f104_pair_group_0368 B z -11.179 (pess -9.082) -> G z -12.848 (pess -12.127) gain 3.045 from B/sample step 59 | valid 17/17 | 2.58s (cem 0.36 refine 2.16 [60 steps] finals 0.05)
  [570/800] f104_pair_group_0369 B z -12.421 (pess -11.772) -> G abstain | valid 17/17 | 2.58s (cem 0.36 refine 2.15 [60 steps] finals 0.06)
  [571/800] f104_pair_group_0370 B z -13.562 (pess -13.302) -> G abstain | valid 17/17 | 2.58s (cem 0.36 refine 2.15 [60 steps] finals 0.05)
  [572/800] f104_pair_group_0371 B z -13.205 (pess -12.989) -> G abstain | valid 17/17 | 2.59s (cem 0.37 refine 2.15 [60 steps] finals 0.06)
  [573/800] f104_pair_group_0372 B z -12.745 (pess -12.063) -> G z -12.916 (pess -12.557) gain 0.494 from B/sample step 59 | valid 17/17 | 2.60s (cem 0.36 refine 2.18 [60 steps] finals 0.05)
  [574/800] f104_pair_group_0373 B z -11.394 (pess -10.194) -> G z -12.085 (pess -11.181) gain 0.989 from B/sample step 56 | valid 17/17 | 2.56s (cem 0.35 refine 2.14 [60 steps] finals 0.05)
  [575/800] f104_pair_group_0374 B z -13.381 (pess -13.190) -> G abstain | valid 17/17 | 2.58s (cem 0.36 refine 2.15 [60 steps] finals 0.05)
  [576/800] f104_pair_group_0375 B z -11.437 (pess -9.006) -> G z -12.208 (pess -11.473) gain 2.467 from round0/sample step 60 | valid 17/17 | 2.58s (cem 0.35 refine 2.16 [60 steps] finals 0.05)
  [577/800] f104_pair_group_0376 B z -8.947 (pess -6.115) -> G z -10.886 (pess -9.862) gain 3.747 from B/mean step 32 | valid 17/17 | 2.56s (cem 0.35 refine 2.15 [60 steps] finals 0.05)
  [578/800] f104_pair_group_0377 B z -9.422 (pess -8.061) -> G z -10.608 (pess -9.954) gain 1.893 from round0/sample step 60 | valid 17/17 | 2.55s (cem 0.35 refine 2.14 [60 steps] finals 0.05)
  [579/800] f104_pair_group_0378 B z -11.499 (pess -10.778) -> G z -12.560 (pess -12.296) gain 1.520 from B/sample step 26 | valid 17/17 | 2.56s (cem 0.35 refine 2.14 [60 steps] finals 0.05)
  [580/800] f104_pair_group_0379 B z -12.574 (pess -12.324) -> G z -12.886 (pess -12.658) gain 0.334 from B/mean step 31 | valid 17/17 | 2.57s (cem 0.36 refine 2.16 [60 steps] finals 0.05)
  [581/800] f104_pair_group_0380 B z -13.351 (pess -12.956) -> G z -13.541 (pess -13.427) gain 0.471 from round0/sample step 51 | valid 17/17 | 2.58s (cem 0.37 refine 2.15 [60 steps] finals 0.05)
  [582/800] f104_pair_group_0381 B z -11.779 (pess -10.417) -> G z -12.721 (pess -11.934) gain 1.525 from B/sample step 59 | valid 17/17 | 2.59s (cem 0.37 refine 2.14 [60 steps] finals 0.06)
  [583/800] f104_pair_group_0382 B z -13.170 (pess -12.689) -> G z -13.166 (pess -13.050) gain 0.361 from round0/sample step 46 | valid 17/17 | 2.59s (cem 0.36 refine 2.16 [60 steps] finals 0.05)
  [584/800] f104_pair_group_0383 B z -13.313 (pess -13.157) -> G abstain | valid 17/17 | 2.61s (cem 0.39 refine 2.15 [60 steps] finals 0.06)
  [585/800] f104_pair_group_0384 B z -13.329 (pess -13.088) -> G abstain | valid 17/17 | 2.59s (cem 0.37 refine 2.15 [60 steps] finals 0.06)
  [586/800] f104_pair_group_0385 B z -11.047 (pess -7.826) -> G z -12.592 (pess -11.966) gain 4.129 from round0/sample step 48 | valid 17/17 | 2.57s (cem 0.37 refine 2.14 [60 steps] finals 0.05)
  [587/800] f104_pair_group_0386 B z -12.418 (pess -11.305) -> G z -13.175 (pess -12.989) gain 1.685 from round0/sample step 51 | valid 17/17 | 2.59s (cem 0.36 refine 2.17 [60 steps] finals 0.05)
  [588/800] f104_pair_group_0387 B z -13.034 (pess -12.481) -> G z -13.268 (pess -13.073) gain 0.592 from round0/sample step 56 | valid 17/17 | 2.58s (cem 0.35 refine 2.16 [60 steps] finals 0.05)
  [589/800] f104_pair_group_0388 B z -13.283 (pess -13.091) -> G abstain | valid 17/17 | 2.56s (cem 0.35 refine 2.15 [60 steps] finals 0.05)
  [590/800] f104_pair_group_0389 B z -12.624 (pess -11.577) -> G z -12.775 (pess -12.416) gain 0.839 from round0/sample step 20 | valid 17/17 | 2.57s (cem 0.35 refine 2.15 [60 steps] finals 0.05)
  [591/800] f104_pair_group_0390 B z -12.158 (pess -10.829) -> G z -12.812 (pess -12.446) gain 1.616 from round0/sample step 49 | valid 17/17 | 2.57s (cem 0.35 refine 2.15 [60 steps] finals 0.05)
  [592/800] f104_pair_group_0391 B z -11.320 (pess -9.031) -> G z -12.710 (pess -12.388) gain 3.357 from round0/anchor step 60 | valid 17/17 | 2.56s (cem 0.36 refine 2.15 [60 steps] finals 0.05)
  [593/800] f104_pair_group_0392 B z -13.489 (pess -13.321) -> G abstain | valid 17/17 | 2.55s (cem 0.35 refine 2.14 [60 steps] finals 0.05)
  [594/800] f104_pair_group_0393 B z -12.851 (pess -12.192) -> G z -13.104 (pess -12.708) gain 0.516 from round0/sample step 60 | valid 17/17 | 2.57s (cem 0.35 refine 2.15 [60 steps] finals 0.06)
  [595/800] f104_pair_group_0394 B z -13.152 (pess -12.698) -> G abstain | valid 17/17 | 2.57s (cem 0.36 refine 2.15 [60 steps] finals 0.05)
  [596/800] f104_pair_group_0395 B z -13.203 (pess -12.540) -> G z -13.425 (pess -13.285) gain 0.746 from B/sample step 28 | valid 17/17 | 2.59s (cem 0.37 refine 2.14 [60 steps] finals 0.06)
  [597/800] f104_pair_group_0396 B z -12.781 (pess -11.005) -> G z -13.101 (pess -12.624) gain 1.618 from round0/sample step 60 | valid 17/17 | 2.57s (cem 0.37 refine 2.14 [60 steps] finals 0.05)
  [598/800] f104_pair_group_0397 B z -13.238 (pess -12.456) -> G z -13.275 (pess -13.106) gain 0.649 from round0/sample step 33 | valid 17/17 | 2.61s (cem 0.35 refine 2.19 [60 steps] finals 0.05)
  [599/800] f104_pair_group_0398 B z -13.466 (pess -13.007) -> G z -13.471 (pess -13.399) gain 0.392 from round0/sample step 57 | valid 17/17 | 2.59s (cem 0.37 refine 2.15 [60 steps] finals 0.06)
  [600/800] f104_pair_group_0399 B z -13.366 (pess -12.772) -> G z -13.517 (pess -13.357) gain 0.587 from B/sample step 45 | valid 17/17 | 2.55s (cem 0.35 refine 2.14 [60 steps] finals 0.05)
  [601/800] f104_pair_group_0400 B z -10.040 (pess -7.848) -> G z -11.556 (pess -10.632) gain 2.777 from round0/sample step 60 | valid 17/17 | 2.58s (cem 0.37 refine 2.15 [60 steps] finals 0.05)
  [602/800] f104_pair_group_0401 B z -13.522 (pess -13.368) -> G abstain | valid 17/17 | 2.63s (cem 0.37 refine 2.19 [60 steps] finals 0.05)
  [603/800] f104_pair_group_0402 B z -12.597 (pess -11.961) -> G z -12.623 (pess -12.517) gain 0.558 from round0/sample step 30 | valid 17/17 | 2.60s (cem 0.35 refine 2.19 [60 steps] finals 0.05)
  [604/800] f104_pair_group_0403 B z -12.904 (pess -11.756) -> G abstain | valid 17/17 | 2.58s (cem 0.36 refine 2.16 [60 steps] finals 0.05)
  [605/800] f104_pair_group_0404 B z -10.197 (pess -8.639) -> G z -12.165 (pess -11.178) gain 2.541 from round0/sample step 60 | valid 17/17 | 2.63s (cem 0.36 refine 2.21 [60 steps] finals 0.05)
  [606/800] f104_pair_group_0405 B z -13.287 (pess -13.184) -> G abstain | valid 17/17 | 2.57s (cem 0.36 refine 2.15 [60 steps] finals 0.05)
  [607/800] f104_pair_group_0406 B z -13.376 (pess -13.005) -> G z -13.478 (pess -13.373) gain 0.368 from B/mean step 14 | valid 17/17 | 2.63s (cem 0.39 refine 2.17 [60 steps] finals 0.06)
  [608/800] f104_pair_group_0407 B z -13.241 (pess -12.716) -> G z -13.422 (pess -13.201) gain 0.485 from B/sample step 13 | valid 17/17 | 2.60s (cem 0.38 refine 2.14 [60 steps] finals 0.06)
  [609/800] f104_pair_group_0408 B z -13.348 (pess -13.274) -> G abstain | valid 17/17 | 2.57s (cem 0.36 refine 2.14 [60 steps] finals 0.05)
  [610/800] f104_pair_group_0409 B z -13.453 (pess -13.181) -> G abstain | valid 17/17 | 2.56s (cem 0.35 refine 2.14 [60 steps] finals 0.05)
  [611/800] f104_pair_group_0410 B z -13.447 (pess -13.255) -> G abstain | valid 17/17 | 2.57s (cem 0.36 refine 2.14 [60 steps] finals 0.05)
  [612/800] f104_pair_group_0411 B z -11.617 (pess -8.624) -> G z -11.846 (pess -10.185) gain 1.556 from round0/sample step 45 | valid 17/17 | 2.56s (cem 0.35 refine 2.14 [60 steps] finals 0.05)
  [613/800] f104_pair_group_0412 B z -13.021 (pess -12.124) -> G z -13.267 (pess -12.878) gain 0.756 from B/sample step 53 | valid 17/17 | 2.57s (cem 0.35 refine 2.15 [60 steps] finals 0.05)
  [614/800] f104_pair_group_0413 B z -13.213 (pess -12.955) -> G abstain | valid 17/17 | 2.58s (cem 0.37 refine 2.15 [60 steps] finals 0.05)
  [615/800] f104_pair_group_0414 B z -12.589 (pess -12.333) -> G z -13.123 (pess -12.775) gain 0.442 from round0/sample step 43 | valid 17/17 | 2.57s (cem 0.36 refine 2.15 [60 steps] finals 0.05)
  [616/800] f104_pair_group_0415 B z -12.464 (pess -11.349) -> G z -12.883 (pess -12.656) gain 1.307 from B/sample step 43 | valid 17/17 | 2.58s (cem 0.36 refine 2.15 [60 steps] finals 0.06)
  [617/800] f104_pair_group_0416 B z -13.050 (pess -12.713) -> G abstain | valid 17/17 | 2.57s (cem 0.36 refine 2.14 [60 steps] finals 0.05)
  [618/800] f104_pair_group_0417 B z -12.127 (pess -9.863) -> G z -12.904 (pess -12.675) gain 2.812 from round0/sample step 56 | valid 17/17 | 2.57s (cem 0.37 refine 2.14 [60 steps] finals 0.06)
  [619/800] f104_pair_group_0418 B z -13.257 (pess -13.036) -> G abstain | valid 17/17 | 2.60s (cem 0.37 refine 2.15 [60 steps] finals 0.06)
  [620/800] f104_pair_group_0419 B z -13.398 (pess -13.343) -> G abstain | valid 17/17 | 2.57s (cem 0.35 refine 2.15 [60 steps] finals 0.06)
  [621/800] f104_pair_group_0420 B z -13.261 (pess -12.837) -> G z -13.431 (pess -13.242) gain 0.404 from B/sample step 39 | valid 17/17 | 2.60s (cem 0.36 refine 2.18 [60 steps] finals 0.05)
  [622/800] f104_pair_group_0421 B z -13.004 (pess -12.100) -> G z -13.255 (pess -13.029) gain 0.928 from B/mean step 27 | valid 17/17 | 2.56s (cem 0.35 refine 2.14 [60 steps] finals 0.05)
  [623/800] f104_pair_group_0422 B z -8.799 (pess -7.273) -> G z -12.644 (pess -12.059) gain 4.786 from round0/sample step 60 | valid 17/17 | 2.60s (cem 0.36 refine 2.17 [60 steps] finals 0.05)
  [624/800] f104_pair_group_0423 B z -12.705 (pess -12.005) -> G z -12.966 (pess -12.606) gain 0.602 from B/sample step 31 | valid 17/17 | 2.56s (cem 0.35 refine 2.14 [60 steps] finals 0.05)
  [625/800] f104_pair_group_0424 B z -12.877 (pess -11.556) -> G z -13.496 (pess -13.017) gain 1.462 from B/sample step 60 | valid 17/17 | 2.57s (cem 0.36 refine 2.14 [60 steps] finals 0.05)
  [626/800] f104_pair_group_0425 B z -11.629 (pess -10.863) -> G z -12.464 (pess -12.143) gain 1.281 from round0/sample step 53 | valid 17/17 | 2.59s (cem 0.36 refine 2.17 [60 steps] finals 0.05)
  [627/800] f104_pair_group_0426 B z -12.358 (pess -10.530) -> G z -12.766 (pess -12.354) gain 1.823 from round0/sample step 58 | valid 17/17 | 2.57s (cem 0.35 refine 2.16 [60 steps] finals 0.05)
  [628/800] f104_pair_group_0427 B z -11.956 (pess -10.476) -> G z -12.521 (pess -11.727) gain 1.251 from B/sample step 48 | valid 17/17 | 2.56s (cem 0.35 refine 2.15 [60 steps] finals 0.05)
  [629/800] f104_pair_group_0428 B z -12.763 (pess -12.415) -> G z -13.208 (pess -12.994) gain 0.579 from B/sample step 50 | valid 17/17 | 2.58s (cem 0.36 refine 2.15 [60 steps] finals 0.06)
  [630/800] f104_pair_group_0429 B z -12.940 (pess -12.401) -> G z -13.154 (pess -13.004) gain 0.601 from round0/sample step 35 | valid 17/17 | 2.62s (cem 0.39 refine 2.15 [60 steps] finals 0.06)
  [631/800] f104_pair_group_0430 B z -12.061 (pess -11.512) -> G z -12.856 (pess -11.977) gain 0.470 from round0/sample step 60 | valid 17/17 | 2.57s (cem 0.35 refine 2.15 [60 steps] finals 0.06)
  [632/800] f104_pair_group_0431 B z -13.053 (pess -11.987) -> G z -13.208 (pess -13.143) gain 1.155 from round0/sample step 26 | valid 17/17 | 2.58s (cem 0.37 refine 2.14 [60 steps] finals 0.06)
  [633/800] f104_pair_group_0432 B z -13.060 (pess -12.689) -> G z -13.191 (pess -13.100) gain 0.411 from round0/sample step 57 | valid 17/17 | 2.56s (cem 0.35 refine 2.15 [60 steps] finals 0.05)
  [634/800] f104_pair_group_0433 B z -12.577 (pess -12.040) -> G z -12.759 (pess -12.482) gain 0.441 from B/sample step 5 | valid 17/17 | 2.57s (cem 0.35 refine 2.16 [60 steps] finals 0.05)
  [635/800] f104_pair_group_0434 B z -11.711 (pess -10.370) -> G z -12.431 (pess -12.163) gain 1.793 from round0/sample step 60 | valid 17/17 | 2.59s (cem 0.37 refine 2.15 [60 steps] finals 0.06)
  [636/800] f104_pair_group_0435 B z -11.381 (pess -10.302) -> G z -11.822 (pess -11.195) gain 0.892 from B/sample step 8 | valid 17/17 | 2.58s (cem 0.36 refine 2.16 [60 steps] finals 0.05)
  [637/800] f104_pair_group_0436 B z -4.043 (pess -0.799) -> G z -3.652 (pess -2.341) gain 1.543 from round0/anchor step 38 | valid 17/17 | 2.58s (cem 0.36 refine 2.16 [60 steps] finals 0.05)
  [638/800] f104_pair_group_0437 B z -11.877 (pess -9.758) -> G z -12.519 (pess -11.439) gain 1.681 from B/sample step 4 | valid 17/17 | 2.55s (cem 0.36 refine 2.14 [60 steps] finals 0.05)
  [639/800] f104_pair_group_0438 B z -13.016 (pess -12.543) -> G z -13.262 (pess -13.086) gain 0.543 from round0/sample step 37 | valid 17/17 | 2.53s (cem 0.34 refine 2.13 [60 steps] finals 0.05)
  [640/800] f104_pair_group_0439 B z -11.486 (pess -10.493) -> G z -12.250 (pess -12.139) gain 1.646 from B/sample step 51 | valid 17/17 | 2.55s (cem 0.34 refine 2.14 [60 steps] finals 0.05)
  [641/800] f104_pair_group_0440 B z -7.928 (pess -5.348) -> G z -9.411 (pess -7.674) gain 2.327 from B/sample step 13 | valid 17/17 | 2.55s (cem 0.35 refine 2.14 [60 steps] finals 0.05)
  [642/800] f104_pair_group_0441 B z -12.882 (pess -12.277) -> G z -13.221 (pess -12.723) gain 0.445 from round0/sample step 60 | valid 17/17 | 2.52s (cem 0.35 refine 2.11 [60 steps] finals 0.05)
  [643/800] f104_pair_group_0442 B z -13.307 (pess -12.862) -> G z -13.453 (pess -13.212) gain 0.350 from round0/sample step 60 | valid 17/17 | 2.57s (cem 0.35 refine 2.15 [60 steps] finals 0.05)
  [644/800] f104_pair_group_0443 B z -13.576 (pess -13.374) -> G abstain | valid 17/17 | 2.57s (cem 0.36 refine 2.14 [60 steps] finals 0.06)
  [645/800] f104_pair_group_0444 B z -13.125 (pess -12.509) -> G z -13.321 (pess -12.935) gain 0.426 from B/sample step 33 | valid 17/17 | 2.58s (cem 0.38 refine 2.13 [60 steps] finals 0.05)
  [646/800] f104_pair_group_0445 B z -11.454 (pess -9.711) -> G z -13.387 (pess -13.011) gain 3.301 from round0/sample step 60 | valid 17/17 | 2.59s (cem 0.36 refine 2.17 [60 steps] finals 0.05)
  [647/800] f104_pair_group_0446 B z -6.105 (pess -2.129) -> G z -8.584 (pess -7.268) gain 5.132 from B/sample step 40 | valid 17/17 | 2.55s (cem 0.35 refine 2.15 [60 steps] finals 0.05)
  [648/800] f104_pair_group_0447 B z -9.907 (pess -2.522) -> G z -12.923 (pess -12.655) gain 10.138 from round0/sample step 58 | valid 17/17 | 2.57s (cem 0.36 refine 2.14 [60 steps] finals 0.05)
  [649/800] f104_pair_group_0448 B z -3.232 (pess -1.178) -> G z -9.824 (pess -8.646) gain 7.473 from round0/anchor step 47 | valid 17/17 | 2.57s (cem 0.36 refine 2.15 [60 steps] finals 0.06)
  [650/800] f104_pair_group_0449 B z -13.113 (pess -12.476) -> G abstain | valid 17/17 | 2.57s (cem 0.36 refine 2.15 [60 steps] finals 0.05)
  [651/800] f104_pair_group_0450 B z -12.382 (pess -10.903) -> G z -12.850 (pess -12.509) gain 1.606 from B/sample step 32 | valid 17/17 | 2.55s (cem 0.34 refine 2.14 [60 steps] finals 0.05)
  [652/800] f104_pair_group_0451 B z -12.613 (pess -12.216) -> G z -13.263 (pess -13.042) gain 0.827 from round0/anchor step 60 | valid 17/17 | 2.55s (cem 0.34 refine 2.14 [60 steps] finals 0.05)
  [653/800] f104_pair_group_0452 B z -7.120 (pess -1.338) -> G z -11.448 (pess -9.988) gain 8.647 from round0/sample step 60 | valid 17/17 | 2.56s (cem 0.35 refine 2.15 [60 steps] finals 0.05)
  [654/800] f104_pair_group_0453 B z -12.657 (pess -12.084) -> G z -12.812 (pess -12.473) gain 0.389 from B/sample step 24 | valid 17/17 | 2.56s (cem 0.35 refine 2.14 [60 steps] finals 0.05)
  [655/800] f104_pair_group_0454 B z -13.194 (pess -12.920) -> G abstain | valid 17/17 | 2.55s (cem 0.35 refine 2.13 [60 steps] finals 0.05)
  [656/800] f104_pair_group_0455 B z -12.800 (pess -12.455) -> G z -13.368 (pess -13.051) gain 0.595 from round0/sample step 43 | valid 17/17 | 2.43s (cem 0.35 refine 2.02 [60 steps] finals 0.05)
  [657/800] f104_pair_group_0456 B z -13.313 (pess -12.969) -> G abstain | valid 17/17 | 2.56s (cem 0.35 refine 2.15 [60 steps] finals 0.05)
  [658/800] f104_pair_group_0457 B z -12.858 (pess -12.396) -> G z -13.108 (pess -12.875) gain 0.479 from B/mean step 39 | valid 17/17 | 2.57s (cem 0.36 refine 2.15 [60 steps] finals 0.05)
  [659/800] f104_pair_group_0458 B z -12.708 (pess -11.957) -> G z -13.086 (pess -12.901) gain 0.945 from B/mean step 26 | valid 17/17 | 2.56s (cem 0.35 refine 2.14 [60 steps] finals 0.05)
  [660/800] f104_pair_group_0459 B z -2.383 (pess 2.353) -> G z -4.910 (pess 0.115) gain 2.238 from round0/sample step 60 | valid 17/17 | 2.56s (cem 0.35 refine 2.15 [60 steps] finals 0.05)
  [661/800] f104_pair_group_0460 B z -11.224 (pess -7.175) -> G z -12.637 (pess -12.029) gain 4.855 from round0/sample step 60 | valid 17/17 | 2.52s (cem 0.35 refine 2.12 [60 steps] finals 0.04)
  [662/800] f104_pair_group_0461 B z -6.570 (pess -5.047) -> G z -8.100 (pess -7.557) gain 2.509 from round0/anchor step 57 | valid 17/17 | 2.55s (cem 0.34 refine 2.14 [60 steps] finals 0.05)
  [663/800] f104_pair_group_0462 B z -11.989 (pess -10.420) -> G z -11.832 (pess -11.522) gain 1.102 from round0/anchor step 60 | valid 17/17 | 2.54s (cem 0.34 refine 2.14 [60 steps] finals 0.05)
  [664/800] f104_pair_group_0463 B z -13.085 (pess -12.838) -> G abstain | valid 17/17 | 2.56s (cem 0.35 refine 2.14 [60 steps] finals 0.05)
  [665/800] f104_pair_group_0464 B z -12.399 (pess -10.623) -> G z -12.708 (pess -11.872) gain 1.249 from round0/sample step 55 | valid 17/17 | 2.57s (cem 0.35 refine 2.15 [60 steps] finals 0.05)
  [666/800] f104_pair_group_0465 B z -13.282 (pess -12.957) -> G z -13.462 (pess -13.346) gain 0.389 from B/mean step 31 | valid 17/17 | 2.54s (cem 0.34 refine 2.13 [60 steps] finals 0.05)
  [667/800] f104_pair_group_0466 B z -13.504 (pess -13.377) -> G abstain | valid 17/17 | 2.59s (cem 0.38 refine 2.14 [60 steps] finals 0.06)
  [668/800] f104_pair_group_0467 B z -13.260 (pess -12.951) -> G abstain | valid 17/17 | 2.63s (cem 0.36 refine 2.20 [60 steps] finals 0.05)
  [669/800] f104_pair_group_0468 B z -13.298 (pess -13.171) -> G abstain | valid 17/17 | 2.57s (cem 0.35 refine 2.15 [60 steps] finals 0.05)
  [670/800] f104_pair_group_0469 B z -12.648 (pess -12.022) -> G z -13.037 (pess -12.572) gain 0.549 from B/sample step 42 | valid 17/17 | 2.56s (cem 0.35 refine 2.15 [60 steps] finals 0.05)
  [671/800] f104_pair_group_0470 B z -12.369 (pess -11.616) -> G z -12.644 (pess -11.916) gain 0.301 from B/sample step 3 | valid 17/17 | 2.55s (cem 0.35 refine 2.14 [60 steps] finals 0.05)
  [672/800] f104_pair_group_0471 B z -13.510 (pess -13.245) -> G abstain | valid 17/17 | 2.52s (cem 0.35 refine 2.11 [60 steps] finals 0.05)
  [673/800] f104_pair_group_0472 B z -12.162 (pess -10.885) -> G z -12.573 (pess -12.277) gain 1.392 from round0/anchor step 56 | valid 17/17 | 2.57s (cem 0.35 refine 2.16 [60 steps] finals 0.05)
  [674/800] f104_pair_group_0473 B z -11.755 (pess -10.597) -> G z -12.791 (pess -12.501) gain 1.904 from round0/sample step 57 | valid 17/17 | 2.55s (cem 0.35 refine 2.14 [60 steps] finals 0.05)
  [675/800] f104_pair_group_0474 B z -12.246 (pess -11.393) -> G z -12.495 (pess -11.990) gain 0.598 from round0/sample step 37 | valid 17/17 | 2.50s (cem 0.35 refine 2.09 [60 steps] finals 0.05)
  [676/800] f104_pair_group_0475 B z -12.250 (pess -11.492) -> G z -12.960 (pess -12.537) gain 1.045 from B/sample step 60 | valid 17/17 | 2.55s (cem 0.35 refine 2.14 [60 steps] finals 0.05)
  [677/800] f104_pair_group_0476 B z -12.822 (pess -11.864) -> G z -13.374 (pess -13.129) gain 1.265 from B/sample step 58 | valid 17/17 | 2.56s (cem 0.35 refine 2.14 [60 steps] finals 0.05)
  [678/800] f104_pair_group_0477 B z -13.313 (pess -12.813) -> G z -13.351 (pess -13.239) gain 0.427 from round0/sample step 34 | valid 17/17 | 2.56s (cem 0.37 refine 2.12 [60 steps] finals 0.06)
  [679/800] f104_pair_group_0478 B z -13.161 (pess -12.798) -> G abstain | valid 17/17 | 2.56s (cem 0.35 refine 2.14 [60 steps] finals 0.05)
  [680/800] f104_pair_group_0479 B z -13.251 (pess -12.193) -> G z -13.403 (pess -13.198) gain 1.008 from B/sample step 21 | valid 17/17 | 2.57s (cem 0.37 refine 2.14 [60 steps] finals 0.05)
  [681/800] f104_pair_group_0480 B z -13.300 (pess -12.969) -> G z -13.544 (pess -13.422) gain 0.453 from round0/anchor step 52 | valid 17/17 | 2.56s (cem 0.36 refine 2.14 [60 steps] finals 0.05)
  [682/800] f104_pair_group_0481 B z -13.460 (pess -13.147) -> G abstain | valid 17/17 | 2.56s (cem 0.35 refine 2.14 [60 steps] finals 0.05)
  [683/800] f104_pair_group_0482 B z -8.344 (pess -5.153) -> G z -12.522 (pess -12.188) gain 7.027 from B/sample step 60 | valid 17/17 | 2.55s (cem 0.37 refine 2.12 [60 steps] finals 0.04)
  [684/800] f104_pair_group_0483 B z -11.653 (pess -9.875) -> G z -12.474 (pess -11.151) gain 1.268 from B/sample step 53 | valid 17/17 | 2.58s (cem 0.36 refine 2.16 [60 steps] finals 0.05)
  [685/800] f104_pair_group_0484 B z -7.195 (pess -5.042) -> G z -8.926 (pess -8.552) gain 3.511 from round0/anchor step 51 | valid 17/17 | 2.55s (cem 0.34 refine 2.15 [60 steps] finals 0.05)
  [686/800] f104_pair_group_0485 B z -9.860 (pess -7.717) -> G z -12.668 (pess -12.177) gain 4.462 from B/sample step 59 | valid 17/17 | 2.55s (cem 0.35 refine 2.15 [60 steps] finals 0.05)
  [687/800] f104_pair_group_0486 B z -12.613 (pess -11.650) -> G z -12.948 (pess -12.765) gain 1.113 from round0/sample step 25 | valid 17/17 | 2.56s (cem 0.35 refine 2.14 [60 steps] finals 0.05)
  [688/800] f104_pair_group_0487 B z -12.881 (pess -12.239) -> G z -13.293 (pess -13.126) gain 0.887 from B/sample step 56 | valid 17/17 | 2.56s (cem 0.35 refine 2.14 [60 steps] finals 0.05)
  [689/800] f104_pair_group_0488 B z -12.521 (pess -11.426) -> G z -13.245 (pess -12.891) gain 1.467 from B/sample step 32 | valid 17/17 | 2.54s (cem 0.35 refine 2.12 [60 steps] finals 0.05)
  [690/800] f104_pair_group_0489 B z -13.016 (pess -12.317) -> G z -13.388 (pess -13.121) gain 0.805 from round0/anchor step 40 | valid 17/17 | 2.56s (cem 0.35 refine 2.14 [60 steps] finals 0.05)
  [691/800] f104_pair_group_0490 B z -13.433 (pess -13.168) -> G z -13.626 (pess -13.591) gain 0.423 from B/sample step 42 | valid 17/17 | 2.56s (cem 0.35 refine 2.14 [60 steps] finals 0.05)
  [692/800] f104_pair_group_0491 B z -13.463 (pess -13.091) -> G z -13.595 (pess -13.452) gain 0.361 from round0/sample step 59 | valid 17/17 | 2.60s (cem 0.39 refine 2.14 [60 steps] finals 0.06)
  [693/800] f104_pair_group_0492 B z -13.292 (pess -13.102) -> G z -13.571 (pess -13.463) gain 0.361 from B/sample step 47 | valid 17/17 | 2.58s (cem 0.35 refine 2.17 [60 steps] finals 0.05)
  [694/800] f104_pair_group_0493 B z -13.022 (pess -11.986) -> G z -13.331 (pess -12.951) gain 0.959 from B/sample step 39 | valid 17/17 | 2.56s (cem 0.35 refine 2.14 [60 steps] finals 0.05)
  [695/800] f104_pair_group_0494 B z -10.347 (pess -8.330) -> G z -11.311 (pess -10.618) gain 2.289 from round0/anchor step 53 | valid 17/17 | 2.52s (cem 0.35 refine 2.11 [60 steps] finals 0.05)
  [696/800] f104_pair_group_0495 B z -11.030 (pess -8.152) -> G z -11.253 (pess -9.807) gain 1.658 from round0/sample step 60 | valid 17/17 | 2.58s (cem 0.35 refine 2.16 [60 steps] finals 0.06)
  [697/800] f104_pair_group_0496 B z -5.661 (pess -2.396) -> G z -10.689 (pess -10.476) gain 8.081 from B/sample step 16 | valid 17/17 | 2.54s (cem 0.35 refine 2.14 [60 steps] finals 0.05)
  [698/800] f104_pair_group_0497 B z -11.497 (pess -9.184) -> G z -13.018 (pess -12.173) gain 2.986 from round0/anchor step 50 | valid 17/17 | 2.42s (cem 0.34 refine 2.02 [60 steps] finals 0.05)
  [699/800] f104_pair_group_0498 B z -12.094 (pess -9.638) -> G z -12.868 (pess -12.288) gain 2.651 from round0/sample step 47 | valid 17/17 | 2.55s (cem 0.34 refine 2.14 [60 steps] finals 0.05)
  [700/800] f104_pair_group_0499 B z -0.907 (pess 1.578) -> G z -8.415 (pess -7.485) gain 9.063 from round0/sample step 57 | valid 17/17 | 2.58s (cem 0.38 refine 2.14 [60 steps] finals 0.05)
  [701/800] f104_pair_group_0500 B z -10.285 (pess -8.797) -> G z -11.584 (pess -10.878) gain 2.082 from round0/anchor step 32 | valid 17/17 | 2.53s (cem 0.36 refine 2.11 [60 steps] finals 0.05)
  [702/800] f104_pair_group_0501 B z -11.082 (pess -8.768) -> G z -13.045 (pess -12.274) gain 3.501 from B/sample step 24 | valid 17/17 | 2.59s (cem 0.37 refine 2.16 [60 steps] finals 0.06)
  [703/800] f104_pair_group_0502 B z -13.055 (pess -11.476) -> G z -13.113 (pess -12.726) gain 1.253 from round0/sample step 60 | valid 17/17 | 2.60s (cem 0.38 refine 2.16 [60 steps] finals 0.06)
  [704/800] f104_pair_group_0503 B z -13.213 (pess -12.938) -> G abstain | valid 17/17 | 2.57s (cem 0.36 refine 2.15 [60 steps] finals 0.05)
  [705/800] f104_pair_group_0504 B z -13.158 (pess -12.917) -> G abstain | valid 17/17 | 2.58s (cem 0.36 refine 2.15 [60 steps] finals 0.05)
  [706/800] f104_pair_group_0505 B z -13.386 (pess -13.147) -> G abstain | valid 17/17 | 2.56s (cem 0.35 refine 2.14 [60 steps] finals 0.05)
  [707/800] f104_pair_group_0506 B z -2.988 (pess 1.587) -> G z -8.400 (pess -6.740) gain 8.326 from round0/sample step 50 | valid 17/17 | 2.57s (cem 0.35 refine 2.16 [60 steps] finals 0.05)
  [708/800] f104_pair_group_0507 B z -5.468 (pess -4.841) -> G z -8.053 (pess -7.374) gain 2.536 from round0/anchor step 59 | valid 17/17 | 2.57s (cem 0.36 refine 2.14 [60 steps] finals 0.05)
  [709/800] f104_pair_group_0508 B z -8.763 (pess -6.872) -> G z -10.899 (pess -10.578) gain 3.709 from round0/sample step 35 | valid 17/17 | 2.56s (cem 0.36 refine 2.14 [60 steps] finals 0.05)
  [710/800] f104_pair_group_0509 B z -12.087 (pess -11.548) -> G z -12.399 (pess -12.235) gain 0.686 from B/sample step 7 | valid 17/17 | 2.55s (cem 0.34 refine 2.14 [60 steps] finals 0.05)
  [711/800] f104_pair_group_0510 B z -12.295 (pess -10.317) -> G z -13.213 (pess -13.050) gain 2.732 from round0/sample step 49 | valid 17/17 | 2.56s (cem 0.35 refine 2.15 [60 steps] finals 0.05)
  [712/800] f104_pair_group_0511 B z -12.711 (pess -11.906) -> G z -12.883 (pess -12.555) gain 0.650 from B/sample step 22 | valid 17/17 | 2.53s (cem 0.36 refine 2.11 [60 steps] finals 0.05)
  [713/800] f104_pair_group_0512 B z -12.114 (pess -11.227) -> G z -12.596 (pess -12.393) gain 1.165 from round0/sample step 60 | valid 17/17 | 2.58s (cem 0.38 refine 2.14 [60 steps] finals 0.05)
  [714/800] f104_pair_group_0513 B z -13.208 (pess -12.696) -> G z -13.476 (pess -13.375) gain 0.680 from B/sample step 60 | valid 17/17 | 2.56s (cem 0.36 refine 2.14 [60 steps] finals 0.05)
  [715/800] f104_pair_group_0514 B z -12.380 (pess -11.731) -> G abstain | valid 17/17 | 2.64s (cem 0.37 refine 2.20 [60 steps] finals 0.06)
  [716/800] f104_pair_group_0515 B z -13.019 (pess -12.615) -> G z -13.323 (pess -13.189) gain 0.573 from round0/sample step 46 | valid 17/17 | 2.55s (cem 0.35 refine 2.14 [60 steps] finals 0.05)
  [717/800] f104_pair_group_0516 B z -13.234 (pess -13.007) -> G abstain | valid 17/17 | 2.57s (cem 0.36 refine 2.15 [60 steps] finals 0.05)
  [718/800] f104_pair_group_0517 B z -12.362 (pess -11.507) -> G z -12.935 (pess -12.677) gain 1.169 from B/sample step 60 | valid 17/17 | 2.57s (cem 0.36 refine 2.15 [60 steps] finals 0.05)
  [719/800] f104_pair_group_0518 B z -13.293 (pess -13.048) -> G z -13.507 (pess -13.397) gain 0.348 from B/sample step 49 | valid 17/17 | 2.56s (cem 0.35 refine 2.15 [60 steps] finals 0.05)
  [720/800] f104_pair_group_0519 B z -8.890 (pess -4.949) -> G z -11.243 (pess -10.034) gain 5.084 from round0/sample step 54 | valid 17/17 | 2.58s (cem 0.35 refine 2.16 [60 steps] finals 0.05)
  [721/800] f104_pair_group_0520 B z -7.913 (pess -5.015) -> G z -12.956 (pess -12.592) gain 7.573 from B/sample step 56 | valid 17/17 | 2.54s (cem 0.37 refine 2.11 [60 steps] finals 0.05)
  [722/800] f104_pair_group_0521 B z -10.832 (pess -9.064) -> G z -11.893 (pess -11.031) gain 1.965 from B/sample step 58 | valid 17/17 | 2.55s (cem 0.35 refine 2.14 [60 steps] finals 0.05)
  [723/800] f104_pair_group_0522 B z -12.216 (pess -11.767) -> G z -12.705 (pess -12.312) gain 0.545 from B/sample step 51 | valid 17/17 | 2.56s (cem 0.35 refine 2.14 [60 steps] finals 0.05)
  [724/800] f104_pair_group_0523 B z -13.017 (pess -12.687) -> G z -13.278 (pess -13.103) gain 0.417 from B/sample step 48 | valid 17/17 | 2.56s (cem 0.35 refine 2.15 [60 steps] finals 0.05)
  [725/800] f104_pair_group_0524 B z -12.779 (pess -11.623) -> G z -13.084 (pess -12.830) gain 1.207 from round0/sample step 49 | valid 17/17 | 2.59s (cem 0.38 refine 2.15 [60 steps] finals 0.05)
  [726/800] f104_pair_group_0525 B z -13.195 (pess -12.847) -> G abstain | valid 17/17 | 2.58s (cem 0.36 refine 2.16 [60 steps] finals 0.05)
  [727/800] f104_pair_group_0526 B z -12.350 (pess -11.026) -> G z -13.052 (pess -12.711) gain 1.686 from round0/anchor step 49 | valid 17/17 | 2.55s (cem 0.35 refine 2.13 [60 steps] finals 0.05)
  [728/800] f104_pair_group_0527 B z -12.998 (pess -12.683) -> G abstain | valid 17/17 | 2.57s (cem 0.39 refine 2.11 [60 steps] finals 0.06)
  [729/800] f104_pair_group_0528 B z -13.438 (pess -13.157) -> G abstain | valid 17/17 | 2.55s (cem 0.35 refine 2.14 [60 steps] finals 0.06)
  [730/800] f104_pair_group_0529 B z -12.851 (pess -12.549) -> G abstain | valid 17/17 | 2.56s (cem 0.35 refine 2.14 [60 steps] finals 0.05)
  [731/800] f104_pair_group_0530 B z -12.964 (pess -12.298) -> G z -13.305 (pess -13.095) gain 0.798 from round0/sample step 36 | valid 17/17 | 2.56s (cem 0.36 refine 2.14 [60 steps] finals 0.05)
  [732/800] f104_pair_group_0531 B z -9.288 (pess -6.496) -> G z -10.178 (pess -9.211) gain 2.716 from round0/sample step 60 | valid 17/17 | 2.56s (cem 0.36 refine 2.14 [60 steps] finals 0.05)
  [733/800] f104_pair_group_0532 B z -12.100 (pess -11.261) -> G z -12.762 (pess -11.616) gain 0.356 from round0/anchor step 60 | valid 17/17 | 2.56s (cem 0.35 refine 2.14 [60 steps] finals 0.05)
  [734/800] f104_pair_group_0533 B z -11.585 (pess -9.918) -> G z -12.511 (pess -11.602) gain 1.683 from B/sample step 54 | valid 17/17 | 2.57s (cem 0.36 refine 2.15 [60 steps] finals 0.05)
  [735/800] f104_pair_group_0534 B z -12.424 (pess -11.926) -> G z -12.617 (pess -12.467) gain 0.543 from round0/sample step 33 | valid 17/17 | 2.56s (cem 0.35 refine 2.15 [60 steps] finals 0.05)
  [736/800] f104_pair_group_0535 B z -12.129 (pess -10.954) -> G z -12.844 (pess -12.505) gain 1.549 from B/sample step 13 | valid 17/17 | 2.55s (cem 0.34 refine 2.14 [60 steps] finals 0.05)
  [737/800] f104_pair_group_0536 B z -12.971 (pess -12.466) -> G z -13.373 (pess -13.248) gain 0.783 from B/sample step 31 | valid 17/17 | 2.55s (cem 0.35 refine 2.14 [60 steps] finals 0.05)
  [738/800] f104_pair_group_0537 B z -8.809 (pess -6.787) -> G z -9.815 (pess -9.006) gain 2.222 from round0/sample step 60 | valid 17/17 | 2.60s (cem 0.37 refine 2.16 [60 steps] finals 0.06)
  [739/800] f104_pair_group_0538 B z -13.199 (pess -12.795) -> G z -13.340 (pess -13.226) gain 0.431 from B/sample step 34 | valid 17/17 | 2.61s (cem 0.38 refine 2.16 [60 steps] finals 0.06)
  [740/800] f104_pair_group_0539 B z -12.754 (pess -11.985) -> G z -13.204 (pess -12.970) gain 0.985 from round0/sample step 37 | valid 17/17 | 2.64s (cem 0.39 refine 2.18 [60 steps] finals 0.06)
  [741/800] f104_pair_group_0540 B z -13.332 (pess -12.881) -> G z -13.440 (pess -13.215) gain 0.334 from B/sample step 7 | valid 17/17 | 2.55s (cem 0.35 refine 2.14 [60 steps] finals 0.05)
  [742/800] f104_pair_group_0541 B z -12.494 (pess -11.803) -> G z -13.149 (pess -12.886) gain 1.086 from round0/sample step 60 | valid 17/17 | 2.56s (cem 0.35 refine 2.14 [60 steps] finals 0.05)
  [743/800] f104_pair_group_0542 B z -7.579 (pess -5.982) -> G z -9.049 (pess -8.675) gain 2.691 from round0/sample step 60 | valid 17/17 | 2.61s (cem 0.35 refine 2.20 [60 steps] finals 0.05)
  [744/800] f104_pair_group_0543 B z -12.750 (pess -12.119) -> G z -13.095 (pess -12.913) gain 0.794 from B/sample step 29 | valid 17/17 | 2.56s (cem 0.36 refine 2.14 [60 steps] finals 0.05)
  [745/800] f104_pair_group_0544 B z -4.134 (pess 2.063) -> G z -8.341 (pess -7.053) gain 9.116 from B/sample step 47 | valid 17/17 | 2.56s (cem 0.36 refine 2.15 [60 steps] finals 0.05)
  [746/800] f104_pair_group_0545 B z -12.385 (pess -11.561) -> G z -12.803 (pess -12.329) gain 0.769 from B/sample step 43 | valid 17/17 | 2.57s (cem 0.35 refine 2.16 [60 steps] finals 0.05)
  [747/800] f104_pair_group_0546 B z -12.806 (pess -12.459) -> G z -13.072 (pess -12.959) gain 0.500 from B/sample step 50 | valid 17/17 | 2.57s (cem 0.36 refine 2.14 [60 steps] finals 0.06)
  [748/800] f104_pair_group_0547 B z -10.036 (pess -7.988) -> G z -12.675 (pess -12.527) gain 4.539 from round0/sample step 59 | valid 17/17 | 2.57s (cem 0.36 refine 2.15 [60 steps] finals 0.05)
  [749/800] f104_pair_group_0548 B z -10.653 (pess -8.724) -> G z -11.755 (pess -11.129) gain 2.411 from round0/sample step 60 | valid 17/17 | 2.57s (cem 0.37 refine 2.15 [60 steps] finals 0.05)
  [750/800] f104_pair_group_0549 B z -12.766 (pess -12.145) -> G abstain | valid 17/17 | 2.57s (cem 0.37 refine 2.14 [60 steps] finals 0.06)
  [751/800] f104_pair_group_0550 B z -11.431 (pess -10.342) -> G z -12.226 (pess -11.962) gain 1.621 from round0/sample step 54 | valid 17/17 | 2.56s (cem 0.35 refine 2.14 [60 steps] finals 0.05)
  [752/800] f104_pair_group_0551 B z -12.972 (pess -11.934) -> G z -13.212 (pess -12.672) gain 0.738 from B/sample step 22 | valid 17/17 | 2.58s (cem 0.36 refine 2.15 [60 steps] finals 0.06)
  [753/800] f104_pair_group_0552 B z -13.191 (pess -12.869) -> G abstain | valid 17/17 | 2.55s (cem 0.35 refine 2.14 [60 steps] finals 0.05)
  [754/800] f104_pair_group_0553 B z -13.167 (pess -12.750) -> G z -13.372 (pess -13.148) gain 0.398 from round0/sample step 60 | valid 17/17 | 2.57s (cem 0.36 refine 2.15 [60 steps] finals 0.05)
  [755/800] f104_pair_group_0554 B z -13.312 (pess -12.923) -> G z -13.458 (pess -13.336) gain 0.412 from B/sample step 59 | valid 17/17 | 2.57s (cem 0.37 refine 2.14 [60 steps] finals 0.05)
  [756/800] f104_pair_group_0555 B z -11.191 (pess -8.502) -> G z -12.523 (pess -12.211) gain 3.709 from B/mean step 28 | valid 17/17 | 2.56s (cem 0.36 refine 2.14 [60 steps] finals 0.05)
  [757/800] f104_pair_group_0556 B z -2.553 (pess 1.335) -> G z -9.775 (pess -8.637) gain 9.971 from round0/sample step 60 | valid 17/17 | 2.57s (cem 0.36 refine 2.15 [60 steps] finals 0.05)
  [758/800] f104_pair_group_0557 B z -12.238 (pess -10.551) -> G z -13.283 (pess -13.240) gain 2.694 from round0/anchor step 39 | valid 17/17 | 2.56s (cem 0.35 refine 2.15 [60 steps] finals 0.05)
  [759/800] f104_pair_group_0558 B z -10.915 (pess -8.362) -> G z -11.397 (pess -10.604) gain 2.247 from B/sample step 8 | valid 17/17 | 2.58s (cem 0.37 refine 2.15 [60 steps] finals 0.06)
  [760/800] f104_pair_group_0559 B z -12.924 (pess -12.551) -> G z -13.155 (pess -12.957) gain 0.405 from B/sample step 45 | valid 17/17 | 2.57s (cem 0.36 refine 2.14 [60 steps] finals 0.06)
  [761/800] f104_pair_group_0560 B z -13.266 (pess -12.931) -> G abstain | valid 17/17 | 2.57s (cem 0.36 refine 2.15 [60 steps] finals 0.05)
  [762/800] f104_pair_group_0561 B z -12.212 (pess -11.299) -> G z -12.498 (pess -12.085) gain 0.791 from B/sample step 54 | valid 17/17 | 2.61s (cem 0.36 refine 2.19 [60 steps] finals 0.05)
  [763/800] f104_pair_group_0562 B z -12.966 (pess -12.663) -> G z -13.286 (pess -13.010) gain 0.347 from round0/anchor step 54 | valid 17/17 | 2.62s (cem 0.36 refine 2.19 [60 steps] finals 0.05)
  [764/800] f104_pair_group_0563 B z -13.099 (pess -12.705) -> G z -13.256 (pess -13.116) gain 0.411 from B/sample step 29 | valid 17/17 | 2.60s (cem 0.37 refine 2.16 [60 steps] finals 0.05)
  [765/800] f104_pair_group_0564 B z -13.311 (pess -13.009) -> G z -13.436 (pess -13.343) gain 0.333 from round0/sample step 58 | valid 17/17 | 2.56s (cem 0.35 refine 2.15 [60 steps] finals 0.05)
  [766/800] f104_pair_group_0565 B z -13.083 (pess -12.741) -> G z -13.470 (pess -13.304) gain 0.563 from B/sample step 52 | valid 17/17 | 2.59s (cem 0.36 refine 2.16 [60 steps] finals 0.05)
  [767/800] f104_pair_group_0566 B z -8.265 (pess -6.529) -> G z -9.348 (pess -8.086) gain 1.557 from round0/sample step 53 | valid 17/17 | 2.57s (cem 0.36 refine 2.14 [60 steps] finals 0.05)
  [768/800] f104_pair_group_0567 B z -13.552 (pess -13.178) -> G z -13.648 (pess -13.581) gain 0.403 from B/sample step 17 | valid 17/17 | 2.57s (cem 0.36 refine 2.15 [60 steps] finals 0.05)
  [769/800] f104_pair_group_0568 B z -12.659 (pess -11.789) -> G z -13.269 (pess -13.060) gain 1.276 from B/sample step 12 | valid 17/17 | 2.57s (cem 0.36 refine 2.15 [60 steps] finals 0.05)
  [770/800] f104_pair_group_0569 B z -13.218 (pess -12.807) -> G z -13.423 (pess -13.319) gain 0.512 from B/sample step 59 | valid 17/17 | 2.59s (cem 0.37 refine 2.16 [60 steps] finals 0.05)
  [771/800] f104_pair_group_0570 B z -11.990 (pess -11.551) -> G z -12.386 (pess -12.007) gain 0.457 from round0/sample step 45 | valid 17/17 | 2.56s (cem 0.35 refine 2.15 [60 steps] finals 0.05)
  [772/800] f104_pair_group_0571 B z -11.945 (pess -10.931) -> G z -12.874 (pess -12.433) gain 1.503 from B/sample step 29 | valid 17/17 | 2.57s (cem 0.36 refine 2.15 [60 steps] finals 0.05)
  [773/800] f104_pair_group_0572 B z -12.466 (pess -11.488) -> G z -13.293 (pess -12.806) gain 1.319 from B/sample step 60 | valid 17/17 | 2.60s (cem 0.38 refine 2.16 [60 steps] finals 0.05)
  [774/800] f104_pair_group_0573 B z -13.309 (pess -13.025) -> G z -13.626 (pess -13.538) gain 0.513 from round0/anchor step 60 | valid 17/17 | 2.58s (cem 0.37 refine 2.14 [60 steps] finals 0.06)
  [775/800] f104_pair_group_0574 B z -12.688 (pess -12.036) -> G abstain | valid 17/17 | 2.49s (cem 0.35 refine 2.07 [60 steps] finals 0.05)
  [776/800] f104_pair_group_0575 B z -11.385 (pess -9.446) -> G z -12.319 (pess -10.947) gain 1.503 from B/sample step 31 | valid 17/17 | 2.57s (cem 0.36 refine 2.14 [60 steps] finals 0.05)
  [777/800] f104_pair_group_0576 B z -10.608 (pess -9.825) -> G z -11.662 (pess -11.429) gain 1.605 from round0/anchor step 60 | valid 17/17 | 2.57s (cem 0.36 refine 2.15 [60 steps] finals 0.05)
  [778/800] f104_pair_group_0577 B z -12.850 (pess -12.329) -> G z -13.078 (pess -12.995) gain 0.667 from round0/sample step 53 | valid 17/17 | 2.57s (cem 0.35 refine 2.16 [60 steps] finals 0.05)
  [779/800] f104_pair_group_0578 B z -13.221 (pess -12.881) -> G z -13.360 (pess -13.212) gain 0.332 from B/sample step 10 | valid 17/17 | 2.58s (cem 0.35 refine 2.16 [60 steps] finals 0.05)
  [780/800] f104_pair_group_0579 B z -9.967 (pess -2.842) -> G z -9.013 (pess -7.361) gain 4.523 from round0/sample step 23 | valid 17/17 | 2.55s (cem 0.35 refine 2.14 [60 steps] finals 0.05)
  [781/800] f104_pair_group_0580 B z -11.089 (pess -10.188) -> G z -12.011 (pess -11.645) gain 1.458 from round0/anchor step 48 | valid 17/17 | 2.56s (cem 0.35 refine 2.15 [60 steps] finals 0.05)
  [782/800] f104_pair_group_0581 B z -11.894 (pess -11.230) -> G z -12.796 (pess -12.285) gain 1.056 from round0/sample step 53 | valid 17/17 | 2.55s (cem 0.35 refine 2.14 [60 steps] finals 0.05)
  [783/800] f104_pair_group_0582 B z -12.528 (pess -11.612) -> G z -13.139 (pess -12.650) gain 1.035 from B/sample step 59 | valid 17/17 | 2.56s (cem 0.36 refine 2.14 [60 steps] finals 0.05)
  [784/800] f104_pair_group_0583 B z -12.581 (pess -11.814) -> G z -13.201 (pess -12.888) gain 1.074 from B/sample step 43 | valid 17/17 | 2.55s (cem 0.34 refine 2.14 [60 steps] finals 0.05)
  [785/800] f104_pair_group_0584 B z -12.147 (pess -10.678) -> G z -13.040 (pess -12.655) gain 1.973 from B/sample step 38 | valid 17/17 | 2.62s (cem 0.37 refine 2.19 [60 steps] finals 0.05)
  [786/800] f104_pair_group_0585 B z -13.252 (pess -12.599) -> G z -13.393 (pess -13.269) gain 0.670 from round0/sample step 60 | valid 17/17 | 2.60s (cem 0.37 refine 2.16 [60 steps] finals 0.06)
  [787/800] f104_pair_group_0586 B z -12.980 (pess -12.454) -> G z -13.261 (pess -13.145) gain 0.691 from B/mean step 21 | valid 17/17 | 2.61s (cem 0.38 refine 2.15 [60 steps] finals 0.06)
  [788/800] f104_pair_group_0587 B z -13.258 (pess -13.085) -> G abstain | valid 17/17 | 2.58s (cem 0.36 refine 2.15 [60 steps] finals 0.05)
  [789/800] f104_pair_group_0588 B z -13.566 (pess -13.411) -> G abstain | valid 17/17 | 2.57s (cem 0.36 refine 2.15 [60 steps] finals 0.05)
  [790/800] f104_pair_group_0589 B z -13.392 (pess -13.225) -> G abstain | valid 17/17 | 2.58s (cem 0.35 refine 2.16 [60 steps] finals 0.05)
  [791/800] f104_pair_group_0590 B z -13.254 (pess -13.021) -> G abstain | valid 17/17 | 2.57s (cem 0.36 refine 2.15 [60 steps] finals 0.05)
  [792/800] f104_pair_group_0591 B z -12.265 (pess -11.111) -> G z -12.630 (pess -12.164) gain 1.051 from B/sample step 45 | valid 17/17 | 2.58s (cem 0.36 refine 2.15 [60 steps] finals 0.06)
  [793/800] f104_pair_group_0592 B z -13.226 (pess -12.765) -> G z -13.363 (pess -13.103) gain 0.338 from round0/sample step 37 | valid 17/17 | 2.55s (cem 0.36 refine 2.13 [60 steps] finals 0.05)
  [794/800] f104_pair_group_0593 B z -11.279 (pess -10.981) -> G z -12.685 (pess -12.379) gain 1.399 from round0/sample step 60 | valid 17/17 | 2.55s (cem 0.35 refine 2.14 [60 steps] finals 0.05)
  [795/800] f104_pair_group_0594 B z -12.122 (pess -10.518) -> G z -12.714 (pess -12.321) gain 1.801 from B/sample step 35 | valid 17/17 | 2.57s (cem 0.36 refine 2.15 [60 steps] finals 0.06)
  [796/800] f104_pair_group_0595 B z -12.369 (pess -12.062) -> G z -12.751 (pess -12.425) gain 0.365 from round0/sample step 56 | valid 17/17 | 2.57s (cem 0.34 refine 2.16 [60 steps] finals 0.05)
  [797/800] f104_pair_group_0596 B z -12.734 (pess -12.136) -> G abstain | valid 17/17 | 2.60s (cem 0.38 refine 2.16 [60 steps] finals 0.05)
  [798/800] f104_pair_group_0597 B z -12.967 (pess -12.516) -> G z -13.312 (pess -13.067) gain 0.552 from B/sample step 44 | valid 17/17 | 2.62s (cem 0.38 refine 2.16 [60 steps] finals 0.06)
  [799/800] f104_pair_group_0598 B z -13.299 (pess -12.839) -> G z -13.504 (pess -13.454) gain 0.617 from B/sample step 58 | valid 17/17 | 2.59s (cem 0.36 refine 2.16 [60 steps] finals 0.05)
  [800/800] f104_pair_group_0599 B z -12.794 (pess -11.513) -> G z -13.107 (pess -12.701) gain 1.188 from B/sample step 53 | valid 17/17 | 2.62s (cem 0.38 refine 2.17 [60 steps] finals 0.06)
B z_mean -11.718 P 0.0030 | G z_mean -12.513 P 0.0001 changed 666/800 abstained 134 | s/group 2.57 (median 2.56) | GPU peak 0.448 GB | ref B 800/800 | lock fcd741249c357d28
