ci_grad: 5 members from artifacts/traverse/crm_improve_20260922/deploy_v1/deploy_a3_haux_txjoint_s*.pt on cuda: kinds ['ci_train'] conds ['hist_aux'] hist_T 40; steps 60 starts 17 lr 0.02/0.1 keep pessimistic abstain 0.3
  [1/800] f104_crm_eval_group_0000 B z -8.106 (pess -7.855) -> G abstain | valid 17/17 | 4.64s (cem 0.74 refine 3.84 [60 steps] finals 0.05)
  [2/800] f104_crm_eval_group_0001 B z -8.200 (pess -7.932) -> G abstain | valid 17/17 | 3.38s (cem 0.36 refine 2.96 [60 steps] finals 0.05)
  [3/800] f104_crm_eval_group_0002 B z -8.115 (pess -7.883) -> G abstain | valid 17/17 | 3.37s (cem 0.36 refine 2.95 [60 steps] finals 0.05)
  [4/800] f104_crm_eval_group_0003 B z -8.121 (pess -7.815) -> G abstain | valid 17/17 | 3.38s (cem 0.36 refine 2.97 [60 steps] finals 0.05)
  [5/800] f104_crm_eval_group_0004 B z -8.201 (pess -7.845) -> G abstain | valid 17/17 | 3.37s (cem 0.36 refine 2.96 [60 steps] finals 0.05)
  [6/800] f104_crm_eval_group_0005 B z -8.007 (pess -7.589) -> G abstain | valid 17/17 | 3.44s (cem 0.36 refine 3.02 [60 steps] finals 0.05)
  [7/800] f104_crm_eval_group_0006 B z -8.053 (pess -7.821) -> G abstain | valid 17/17 | 3.39s (cem 0.35 refine 2.98 [60 steps] finals 0.05)
  [8/800] f104_crm_eval_group_0007 B z -8.148 (pess -7.876) -> G abstain | valid 17/17 | 3.38s (cem 0.36 refine 2.96 [60 steps] finals 0.05)
  [9/800] f104_crm_eval_group_0008 B z -8.215 (pess -7.917) -> G abstain | valid 17/17 | 3.41s (cem 0.36 refine 2.99 [60 steps] finals 0.05)
  [10/800] f104_crm_eval_group_0009 B z -8.216 (pess -7.886) -> G abstain | valid 17/17 | 3.38s (cem 0.35 refine 2.96 [60 steps] finals 0.05)
  [11/800] f104_crm_eval_group_0010 B z -8.075 (pess -7.673) -> G abstain | valid 17/17 | 3.39s (cem 0.36 refine 2.97 [60 steps] finals 0.05)
  [12/800] f104_crm_eval_group_0011 B z -8.162 (pess -7.846) -> G abstain | valid 17/17 | 3.39s (cem 0.36 refine 2.97 [60 steps] finals 0.05)
  [13/800] f104_crm_eval_group_0012 B z -8.190 (pess -7.968) -> G abstain | valid 17/17 | 3.39s (cem 0.36 refine 2.97 [60 steps] finals 0.05)
  [14/800] f104_crm_eval_group_0013 B z -7.753 (pess -7.331) -> G abstain | valid 17/17 | 3.40s (cem 0.36 refine 2.98 [60 steps] finals 0.05)
  [15/800] f104_crm_eval_group_0014 B z -8.130 (pess -7.819) -> G abstain | valid 17/17 | 3.40s (cem 0.36 refine 2.97 [60 steps] finals 0.05)
  [16/800] f104_crm_eval_group_0015 B z -8.207 (pess -7.915) -> G abstain | valid 17/17 | 3.39s (cem 0.36 refine 2.96 [60 steps] finals 0.05)
  [17/800] f104_crm_eval_group_0016 B z -8.185 (pess -7.793) -> G abstain | valid 17/17 | 3.40s (cem 0.36 refine 2.98 [60 steps] finals 0.05)
  [18/800] f104_crm_eval_group_0017 B z -7.965 (pess -7.715) -> G abstain | valid 17/17 | 3.40s (cem 0.36 refine 2.98 [60 steps] finals 0.05)
  [19/800] f104_crm_eval_group_0018 B z -8.074 (pess -7.834) -> G abstain | valid 17/17 | 3.45s (cem 0.42 refine 2.97 [60 steps] finals 0.05)
  [20/800] f104_crm_eval_group_0019 B z -8.195 (pess -7.892) -> G abstain | valid 17/17 | 3.29s (cem 0.36 refine 2.87 [60 steps] finals 0.05)
  [21/800] f104_crm_eval_group_0020 B z -8.239 (pess -7.865) -> G abstain | valid 17/17 | 3.39s (cem 0.37 refine 2.96 [60 steps] finals 0.05)
  [22/800] f104_crm_eval_group_0021 B z -8.231 (pess -7.926) -> G abstain | valid 17/17 | 3.37s (cem 0.35 refine 2.96 [60 steps] finals 0.05)
  [23/800] f104_crm_eval_group_0022 B z -8.147 (pess -7.839) -> G abstain | valid 17/17 | 3.47s (cem 0.38 refine 3.03 [60 steps] finals 0.05)
  [24/800] f104_crm_eval_group_0023 B z -7.876 (pess -7.692) -> G abstain | valid 17/17 | 3.44s (cem 0.38 refine 3.01 [60 steps] finals 0.04)
  [25/800] f104_crm_eval_group_0024 B z -7.699 (pess -7.230) -> G abstain | valid 17/17 | 3.38s (cem 0.35 refine 2.96 [60 steps] finals 0.05)
  [26/800] f104_crm_eval_group_0025 B z -7.791 (pess -7.465) -> G abstain | valid 17/17 | 3.40s (cem 0.36 refine 2.97 [60 steps] finals 0.05)
  [27/800] f104_crm_eval_group_0026 B z -7.959 (pess -7.690) -> G abstain | valid 17/17 | 3.40s (cem 0.36 refine 2.98 [60 steps] finals 0.05)
  [28/800] f104_crm_eval_group_0027 B z -8.053 (pess -7.774) -> G abstain | valid 17/17 | 3.37s (cem 0.36 refine 2.96 [60 steps] finals 0.05)
  [29/800] f104_crm_eval_group_0028 B z -8.192 (pess -7.875) -> G abstain | valid 17/17 | 3.40s (cem 0.36 refine 2.98 [60 steps] finals 0.05)
  [30/800] f104_crm_eval_group_0029 B z -8.249 (pess -7.910) -> G abstain | valid 17/17 | 3.42s (cem 0.36 refine 3.00 [60 steps] finals 0.05)
  [31/800] f104_crm_eval_group_0030 B z -8.247 (pess -7.921) -> G abstain | valid 17/17 | 3.38s (cem 0.37 refine 2.96 [60 steps] finals 0.05)
  [32/800] f104_crm_eval_group_0031 B z -8.058 (pess -7.605) -> G abstain | valid 17/17 | 3.36s (cem 0.35 refine 2.95 [60 steps] finals 0.05)
  [33/800] f104_crm_eval_group_0032 B z -8.224 (pess -7.917) -> G abstain | valid 17/17 | 3.39s (cem 0.36 refine 2.97 [60 steps] finals 0.05)
  [34/800] f104_crm_eval_group_0033 B z -7.771 (pess -7.269) -> G z -8.022 (pess -7.721) gain 0.453 from B/sample step 51 | valid 17/17 | 3.38s (cem 0.36 refine 2.96 [60 steps] finals 0.05)
  [35/800] f104_crm_eval_group_0034 B z -8.091 (pess -7.779) -> G abstain | valid 17/17 | 3.41s (cem 0.38 refine 2.97 [60 steps] finals 0.05)
  [36/800] f104_crm_eval_group_0035 B z -7.612 (pess -7.503) -> G z -8.150 (pess -7.926) gain 0.423 from round0/sample step 60 | valid 17/17 | 3.37s (cem 0.35 refine 2.95 [60 steps] finals 0.05)
  [37/800] f104_crm_eval_group_0036 B z -8.129 (pess -7.889) -> G abstain | valid 17/17 | 3.38s (cem 0.37 refine 2.96 [60 steps] finals 0.05)
  [38/800] f104_crm_eval_group_0037 B z -7.946 (pess -7.585) -> G abstain | valid 17/17 | 3.39s (cem 0.36 refine 2.97 [60 steps] finals 0.05)
  [39/800] f104_crm_eval_group_0038 B z -8.186 (pess -7.790) -> G abstain | valid 17/17 | 3.38s (cem 0.35 refine 2.96 [60 steps] finals 0.05)
  [40/800] f104_crm_eval_group_0039 B z -8.022 (pess -7.637) -> G abstain | valid 17/17 | 3.36s (cem 0.36 refine 2.94 [60 steps] finals 0.05)
  [41/800] f104_crm_eval_group_0040 B z -8.230 (pess -7.916) -> G abstain | valid 17/17 | 3.44s (cem 0.37 refine 3.01 [60 steps] finals 0.05)
  [42/800] f104_crm_eval_group_0041 B z -8.235 (pess -7.929) -> G abstain | valid 17/17 | 3.41s (cem 0.35 refine 3.00 [60 steps] finals 0.05)
  [43/800] f104_crm_eval_group_0042 B z -8.118 (pess -7.895) -> G abstain | valid 17/17 | 3.38s (cem 0.37 refine 2.95 [60 steps] finals 0.05)
  [44/800] f104_crm_eval_group_0043 B z -8.119 (pess -7.850) -> G abstain | valid 17/17 | 3.38s (cem 0.37 refine 2.95 [60 steps] finals 0.05)
  [45/800] f104_crm_eval_group_0044 B z -7.980 (pess -7.705) -> G abstain | valid 17/17 | 3.41s (cem 0.37 refine 2.98 [60 steps] finals 0.05)
  [46/800] f104_crm_eval_group_0045 B z -8.137 (pess -7.897) -> G abstain | valid 17/17 | 3.39s (cem 0.38 refine 2.95 [60 steps] finals 0.05)
  [47/800] f104_crm_eval_group_0046 B z -8.131 (pess -7.755) -> G abstain | valid 17/17 | 3.47s (cem 0.36 refine 3.05 [60 steps] finals 0.05)
  [48/800] f104_crm_eval_group_0047 B z -8.034 (pess -7.809) -> G abstain | valid 17/17 | 3.41s (cem 0.36 refine 2.99 [60 steps] finals 0.05)
  [49/800] f104_crm_eval_group_0048 B z -8.248 (pess -7.939) -> G abstain | valid 17/17 | 3.40s (cem 0.36 refine 2.98 [60 steps] finals 0.05)
  [50/800] f104_crm_eval_group_0049 B z -8.135 (pess -7.886) -> G abstain | valid 17/17 | 3.46s (cem 0.39 refine 3.01 [60 steps] finals 0.05)
  [51/800] f104_crm_eval_group_0050 B z -8.201 (pess -7.930) -> G abstain | valid 17/17 | 3.45s (cem 0.38 refine 3.00 [60 steps] finals 0.05)
  [52/800] f104_crm_eval_group_0051 B z -8.207 (pess -7.847) -> G abstain | valid 17/17 | 3.42s (cem 0.36 refine 3.00 [60 steps] finals 0.05)
  [53/800] f104_crm_eval_group_0052 B z -8.214 (pess -7.946) -> G abstain | valid 17/17 | 3.43s (cem 0.38 refine 2.99 [60 steps] finals 0.05)
  [54/800] f104_crm_eval_group_0053 B z -7.980 (pess -7.547) -> G abstain | valid 17/17 | 3.41s (cem 0.35 refine 3.00 [60 steps] finals 0.05)
  [55/800] f104_crm_eval_group_0054 B z -7.656 (pess -7.156) -> G z -8.140 (pess -7.736) gain 0.577 from B/sample step 32 | valid 17/17 | 3.42s (cem 0.37 refine 2.99 [60 steps] finals 0.05)
  [56/800] f104_crm_eval_group_0055 B z -7.473 (pess -7.016) -> G z -7.903 (pess -7.713) gain 0.700 from B/sample step 37 | valid 17/17 | 3.40s (cem 0.36 refine 2.98 [60 steps] finals 0.05)
  [57/800] f104_crm_eval_group_0056 B z -8.155 (pess -7.794) -> G abstain | valid 17/17 | 3.40s (cem 0.36 refine 2.98 [60 steps] finals 0.05)
  [58/800] f104_crm_eval_group_0057 B z -8.249 (pess -7.923) -> G abstain | valid 17/17 | 3.41s (cem 0.36 refine 2.99 [60 steps] finals 0.05)
  [59/800] f104_crm_eval_group_0058 B z -8.271 (pess -7.950) -> G abstain | valid 17/17 | 3.51s (cem 0.37 refine 3.08 [60 steps] finals 0.05)
  [60/800] f104_crm_eval_group_0059 B z -8.193 (pess -7.958) -> G abstain | valid 17/17 | 3.39s (cem 0.37 refine 2.96 [60 steps] finals 0.05)
  [61/800] f104_crm_eval_group_0060 B z -8.284 (pess -7.942) -> G abstain | valid 17/17 | 3.41s (cem 0.36 refine 2.99 [60 steps] finals 0.05)
  [62/800] f104_crm_eval_group_0061 B z -8.164 (pess -7.874) -> G abstain | valid 17/17 | 3.39s (cem 0.36 refine 2.98 [60 steps] finals 0.05)
  [63/800] f104_crm_eval_group_0062 B z -8.246 (pess -7.893) -> G abstain | valid 17/17 | 3.40s (cem 0.38 refine 2.96 [60 steps] finals 0.05)
  [64/800] f104_crm_eval_group_0063 B z -8.118 (pess -7.682) -> G abstain | valid 17/17 | 3.38s (cem 0.36 refine 2.96 [60 steps] finals 0.05)
  [65/800] f104_crm_eval_group_0064 B z -8.092 (pess -7.800) -> G abstain | valid 17/17 | 3.38s (cem 0.36 refine 2.96 [60 steps] finals 0.05)
  [66/800] f104_crm_eval_group_0065 B z -7.730 (pess -7.468) -> G z -8.067 (pess -7.861) gain 0.393 from round0/sample step 60 | valid 17/17 | 3.37s (cem 0.35 refine 2.95 [60 steps] finals 0.05)
  [67/800] f104_crm_eval_group_0066 B z -8.164 (pess -7.884) -> G abstain | valid 17/17 | 3.38s (cem 0.36 refine 2.96 [60 steps] finals 0.05)
  [68/800] f104_crm_eval_group_0067 B z -8.160 (pess -7.809) -> G abstain | valid 17/17 | 3.38s (cem 0.35 refine 2.97 [60 steps] finals 0.05)
  [69/800] f104_crm_eval_group_0068 B z -8.250 (pess -7.920) -> G abstain | valid 17/17 | 3.38s (cem 0.36 refine 2.96 [60 steps] finals 0.05)
  [70/800] f104_crm_eval_group_0069 B z -8.250 (pess -7.947) -> G abstain | valid 17/17 | 3.38s (cem 0.36 refine 2.96 [60 steps] finals 0.05)
  [71/800] f104_crm_eval_group_0070 B z -8.266 (pess -7.942) -> G abstain | valid 17/17 | 3.39s (cem 0.36 refine 2.97 [60 steps] finals 0.05)
  [72/800] f104_crm_eval_group_0071 B z -8.229 (pess -7.915) -> G abstain | valid 17/17 | 3.42s (cem 0.38 refine 2.97 [60 steps] finals 0.05)
  [73/800] f104_crm_eval_group_0072 B z -7.761 (pess -7.513) -> G abstain | valid 17/17 | 3.42s (cem 0.38 refine 2.98 [60 steps] finals 0.05)
  [74/800] f104_crm_eval_group_0073 B z -7.006 (pess -5.546) -> G z -7.578 (pess -7.203) gain 1.660 from B/sample step 44 | valid 17/17 | 3.39s (cem 0.35 refine 2.98 [60 steps] finals 0.05)
  [75/800] f104_crm_eval_group_0074 B z -8.212 (pess -7.874) -> G abstain | valid 17/17 | 3.37s (cem 0.36 refine 2.95 [60 steps] finals 0.05)
  [76/800] f104_crm_eval_group_0075 B z -7.736 (pess -7.464) -> G z -7.873 (pess -7.793) gain 0.329 from round0/sample step 30 | valid 17/17 | 3.44s (cem 0.37 refine 3.01 [60 steps] finals 0.05)
  [77/800] f104_crm_eval_group_0076 B z -8.154 (pess -7.841) -> G abstain | valid 17/17 | 3.40s (cem 0.36 refine 2.98 [60 steps] finals 0.05)
  [78/800] f104_crm_eval_group_0077 B z -8.180 (pess -7.874) -> G abstain | valid 17/17 | 3.40s (cem 0.36 refine 2.98 [60 steps] finals 0.05)
  [79/800] f104_crm_eval_group_0078 B z -8.078 (pess -7.835) -> G abstain | valid 17/17 | 3.42s (cem 0.37 refine 2.99 [60 steps] finals 0.05)
  [80/800] f104_crm_eval_group_0079 B z -8.262 (pess -7.936) -> G abstain | valid 17/17 | 3.43s (cem 0.37 refine 2.99 [60 steps] finals 0.05)
  [81/800] f104_crm_eval_group_0080 B z -8.264 (pess -7.918) -> G abstain | valid 17/17 | 3.40s (cem 0.36 refine 2.97 [60 steps] finals 0.05)
  [82/800] f104_crm_eval_group_0081 B z -8.253 (pess -7.924) -> G abstain | valid 17/17 | 3.36s (cem 0.36 refine 2.93 [60 steps] finals 0.05)
  [83/800] f104_crm_eval_group_0082 B z -7.918 (pess -7.630) -> G abstain | valid 17/17 | 3.43s (cem 0.36 refine 3.00 [60 steps] finals 0.05)
  [84/800] f104_crm_eval_group_0083 B z -5.495 (pess -4.508) -> G z -6.393 (pess -6.085) gain 1.574 from B/sample step 13 | valid 17/17 | 3.40s (cem 0.36 refine 2.98 [60 steps] finals 0.05)
  [85/800] f104_crm_eval_group_0084 B z -6.524 (pess -5.650) -> G z -7.471 (pess -6.959) gain 1.309 from B/mean step 41 | valid 17/17 | 3.41s (cem 0.37 refine 2.98 [60 steps] finals 0.05)
  [86/800] f104_crm_eval_group_0085 B z -7.973 (pess -7.595) -> G abstain | valid 17/17 | 3.40s (cem 0.36 refine 2.99 [60 steps] finals 0.05)
  [87/800] f104_crm_eval_group_0086 B z -8.109 (pess -7.834) -> G abstain | valid 17/17 | 3.40s (cem 0.35 refine 2.99 [60 steps] finals 0.05)
  [88/800] f104_crm_eval_group_0087 B z -8.071 (pess -7.781) -> G abstain | valid 17/17 | 3.40s (cem 0.36 refine 2.98 [60 steps] finals 0.05)
  [89/800] f104_crm_eval_group_0088 B z -8.211 (pess -7.886) -> G abstain | valid 17/17 | 3.39s (cem 0.36 refine 2.97 [60 steps] finals 0.05)
  [90/800] f104_crm_eval_group_0089 B z -8.195 (pess -7.881) -> G abstain | valid 17/17 | 3.38s (cem 0.35 refine 2.97 [60 steps] finals 0.05)
  [91/800] f104_crm_eval_group_0090 B z -8.166 (pess -7.947) -> G abstain | valid 17/17 | 3.39s (cem 0.36 refine 2.97 [60 steps] finals 0.05)
  [92/800] f104_crm_eval_group_0091 B z -8.103 (pess -7.800) -> G abstain | valid 17/17 | 3.38s (cem 0.37 refine 2.96 [60 steps] finals 0.05)
  [93/800] f104_crm_eval_group_0092 B z -7.189 (pess -6.602) -> G z -7.532 (pess -7.136) gain 0.534 from round0/sample step 60 | valid 17/17 | 3.39s (cem 0.36 refine 2.97 [60 steps] finals 0.05)
  [94/800] f104_crm_eval_group_0093 B z -7.710 (pess -7.246) -> G abstain | valid 17/17 | 3.47s (cem 0.36 refine 3.05 [60 steps] finals 0.05)
  [95/800] f104_crm_eval_group_0094 B z -8.146 (pess -7.905) -> G abstain | valid 17/17 | 3.42s (cem 0.36 refine 2.99 [60 steps] finals 0.05)
  [96/800] f104_crm_eval_group_0095 B z -7.824 (pess -7.346) -> G z -8.117 (pess -7.794) gain 0.444 from round0/anchor step 60 | valid 17/17 | 3.38s (cem 0.37 refine 2.95 [60 steps] finals 0.05)
  [97/800] f104_crm_eval_group_0096 B z -8.125 (pess -7.863) -> G abstain | valid 17/17 | 3.41s (cem 0.36 refine 2.98 [60 steps] finals 0.05)
  [98/800] f104_crm_eval_group_0097 B z -8.159 (pess -7.815) -> G abstain | valid 17/17 | 3.43s (cem 0.36 refine 3.02 [60 steps] finals 0.05)
  [99/800] f104_crm_eval_group_0098 B z -7.906 (pess -7.266) -> G z -8.133 (pess -7.724) gain 0.458 from B/mean step 49 | valid 17/17 | 3.45s (cem 0.36 refine 3.03 [60 steps] finals 0.05)
  [100/800] f104_crm_eval_group_0099 B z -8.201 (pess -7.929) -> G abstain | valid 17/17 | 3.40s (cem 0.35 refine 2.99 [60 steps] finals 0.05)
  [101/800] f104_crm_eval_group_0100 B z -8.230 (pess -7.894) -> G abstain | valid 17/17 | 3.39s (cem 0.36 refine 2.98 [60 steps] finals 0.05)
  [102/800] f104_crm_eval_group_0101 B z -8.166 (pess -7.812) -> G abstain | valid 17/17 | 3.39s (cem 0.35 refine 2.98 [60 steps] finals 0.05)
  [103/800] f104_crm_eval_group_0102 B z -8.169 (pess -7.785) -> G abstain | valid 17/17 | 3.41s (cem 0.36 refine 2.99 [60 steps] finals 0.05)
  [104/800] f104_crm_eval_group_0103 B z -8.248 (pess -7.926) -> G abstain | valid 17/17 | 3.45s (cem 0.36 refine 3.04 [60 steps] finals 0.05)
  [105/800] f104_crm_eval_group_0104 B z -8.115 (pess -7.818) -> G abstain | valid 17/17 | 3.43s (cem 0.38 refine 2.99 [60 steps] finals 0.05)
  [106/800] f104_crm_eval_group_0105 B z -8.073 (pess -7.888) -> G abstain | valid 17/17 | 3.47s (cem 0.37 refine 3.03 [60 steps] finals 0.05)
  [107/800] f104_crm_eval_group_0106 B z -8.198 (pess -7.899) -> G abstain | valid 17/17 | 3.45s (cem 0.36 refine 3.02 [60 steps] finals 0.05)
  [108/800] f104_crm_eval_group_0107 B z -8.204 (pess -7.905) -> G abstain | valid 17/17 | 3.44s (cem 0.36 refine 3.02 [60 steps] finals 0.05)
  [109/800] f104_crm_eval_group_0108 B z -8.201 (pess -7.930) -> G abstain | valid 17/17 | 3.37s (cem 0.39 refine 2.91 [60 steps] finals 0.06)
  [110/800] f104_crm_eval_group_0109 B z -8.040 (pess -7.796) -> G abstain | valid 17/17 | 3.72s (cem 0.37 refine 3.29 [60 steps] finals 0.05)
  [111/800] f104_crm_eval_group_0110 B z -6.941 (pess -5.496) -> G z -8.082 (pess -7.723) gain 2.228 from round0/sample step 57 | valid 17/17 | 3.79s (cem 0.37 refine 3.36 [60 steps] finals 0.05)
  [112/800] f104_crm_eval_group_0111 B z -8.138 (pess -7.769) -> G abstain | valid 17/17 | 3.71s (cem 0.40 refine 3.25 [60 steps] finals 0.05)
  [113/800] f104_crm_eval_group_0112 B z -8.188 (pess -7.953) -> G abstain | valid 17/17 | 3.41s (cem 0.38 refine 2.97 [60 steps] finals 0.05)
  [114/800] f104_crm_eval_group_0113 B z -7.889 (pess -7.785) -> G abstain | valid 17/17 | 3.39s (cem 0.35 refine 2.98 [60 steps] finals 0.05)
  [115/800] f104_crm_eval_group_0114 B z -7.946 (pess -7.644) -> G abstain | valid 17/17 | 3.40s (cem 0.35 refine 2.99 [60 steps] finals 0.05)
  [116/800] f104_crm_eval_group_0115 B z -7.911 (pess -7.790) -> G abstain | valid 17/17 | 3.40s (cem 0.36 refine 2.98 [60 steps] finals 0.05)
  [117/800] f104_crm_eval_group_0116 B z -8.088 (pess -7.849) -> G abstain | valid 17/17 | 3.40s (cem 0.36 refine 2.98 [60 steps] finals 0.05)
  [118/800] f104_crm_eval_group_0117 B z -8.186 (pess -7.879) -> G abstain | valid 17/17 | 3.41s (cem 0.37 refine 2.98 [60 steps] finals 0.05)
  [119/800] f104_crm_eval_group_0118 B z -8.214 (pess -7.812) -> G abstain | valid 17/17 | 3.40s (cem 0.39 refine 2.95 [60 steps] finals 0.05)
  [120/800] f104_crm_eval_group_0119 B z -8.141 (pess -7.824) -> G abstain | valid 17/17 | 3.39s (cem 0.36 refine 2.96 [60 steps] finals 0.05)
  [121/800] f104_crm_eval_group_0120 B z -8.225 (pess -7.944) -> G abstain | valid 17/17 | 3.40s (cem 0.37 refine 2.97 [60 steps] finals 0.05)
  [122/800] f104_crm_eval_group_0121 B z -8.075 (pess -7.585) -> G abstain | valid 17/17 | 3.40s (cem 0.36 refine 2.98 [60 steps] finals 0.05)
  [123/800] f104_crm_eval_group_0122 B z -8.064 (pess -7.901) -> G abstain | valid 17/17 | 3.46s (cem 0.41 refine 2.98 [60 steps] finals 0.05)
  [124/800] f104_crm_eval_group_0123 B z -7.963 (pess -7.614) -> G abstain | valid 17/17 | 3.39s (cem 0.37 refine 2.96 [60 steps] finals 0.05)
  [125/800] f104_crm_eval_group_0124 B z -6.744 (pess -5.438) -> G z -7.882 (pess -7.250) gain 1.813 from B/sample step 60 | valid 17/17 | 3.39s (cem 0.37 refine 2.96 [60 steps] finals 0.05)
  [126/800] f104_crm_eval_group_0125 B z -6.598 (pess -5.283) -> G z -7.908 (pess -7.444) gain 2.160 from round0/sample step 44 | valid 17/17 | 3.39s (cem 0.36 refine 2.97 [60 steps] finals 0.05)
  [127/800] f104_crm_eval_group_0126 B z -8.084 (pess -7.888) -> G abstain | valid 17/17 | 3.39s (cem 0.36 refine 2.97 [60 steps] finals 0.05)
  [128/800] f104_crm_eval_group_0127 B z -8.196 (pess -7.906) -> G abstain | valid 17/17 | 3.38s (cem 0.36 refine 2.96 [60 steps] finals 0.05)
  [129/800] f104_crm_eval_group_0128 B z -8.227 (pess -7.932) -> G abstain | valid 17/17 | 3.45s (cem 0.36 refine 3.02 [60 steps] finals 0.05)
  [130/800] f104_crm_eval_group_0129 B z -8.182 (pess -7.903) -> G abstain | valid 17/17 | 3.44s (cem 0.39 refine 2.99 [60 steps] finals 0.05)
  [131/800] f104_crm_eval_group_0130 B z -8.201 (pess -7.913) -> G abstain | valid 17/17 | 3.41s (cem 0.37 refine 2.98 [60 steps] finals 0.05)
  [132/800] f104_crm_eval_group_0131 B z -8.248 (pess -7.885) -> G abstain | valid 17/17 | 3.41s (cem 0.37 refine 2.97 [60 steps] finals 0.05)
  [133/800] f104_crm_eval_group_0132 B z -8.220 (pess -7.918) -> G abstain | valid 17/17 | 3.40s (cem 0.37 refine 2.96 [60 steps] finals 0.05)
  [134/800] f104_crm_eval_group_0133 B z -7.705 (pess -7.400) -> G z -7.958 (pess -7.719) gain 0.316 from B/sample step 60 | valid 17/17 | 3.39s (cem 0.37 refine 2.96 [60 steps] finals 0.05)
  [135/800] f104_crm_eval_group_0134 B z -8.137 (pess -7.811) -> G abstain | valid 17/17 | 3.41s (cem 0.37 refine 2.97 [60 steps] finals 0.05)
  [136/800] f104_crm_eval_group_0135 B z -7.176 (pess -6.573) -> G z -7.852 (pess -7.688) gain 1.115 from round0/anchor step 60 | valid 17/17 | 3.39s (cem 0.36 refine 2.97 [60 steps] finals 0.05)
  [137/800] f104_crm_eval_group_0136 B z -8.162 (pess -7.860) -> G abstain | valid 17/17 | 3.40s (cem 0.37 refine 2.96 [60 steps] finals 0.05)
  [138/800] f104_crm_eval_group_0137 B z -4.611 (pess 1.735) -> G z -7.606 (pess -7.410) gain 9.145 from B/sample step 25 | valid 17/17 | 3.40s (cem 0.37 refine 2.97 [60 steps] finals 0.05)
  [139/800] f104_crm_eval_group_0138 B z -8.119 (pess -7.655) -> G abstain | valid 17/17 | 3.42s (cem 0.37 refine 2.98 [60 steps] finals 0.05)
  [140/800] f104_crm_eval_group_0139 B z -8.279 (pess -7.892) -> G abstain | valid 17/17 | 3.41s (cem 0.37 refine 2.98 [60 steps] finals 0.05)
  [141/800] f104_crm_eval_group_0140 B z -8.263 (pess -7.933) -> G abstain | valid 17/17 | 3.40s (cem 0.36 refine 2.98 [60 steps] finals 0.05)
  [142/800] f104_crm_eval_group_0141 B z -7.878 (pess -7.613) -> G abstain | valid 17/17 | 3.42s (cem 0.38 refine 2.99 [60 steps] finals 0.05)
  [143/800] f104_crm_eval_group_0142 B z -8.186 (pess -7.842) -> G abstain | valid 17/17 | 3.43s (cem 0.37 refine 3.00 [60 steps] finals 0.05)
  [144/800] f104_crm_eval_group_0143 B z -7.922 (pess -7.465) -> G z -8.049 (pess -7.772) gain 0.307 from B/sample step 60 | valid 17/17 | 3.41s (cem 0.37 refine 2.98 [60 steps] finals 0.05)
  [145/800] f104_crm_eval_group_0144 B z -7.692 (pess -7.115) -> G abstain | valid 17/17 | 3.40s (cem 0.36 refine 2.98 [60 steps] finals 0.05)
  [146/800] f104_crm_eval_group_0145 B z -8.067 (pess -7.834) -> G abstain | valid 17/17 | 3.40s (cem 0.37 refine 2.96 [60 steps] finals 0.05)
  [147/800] f104_crm_eval_group_0146 B z -8.166 (pess -7.855) -> G abstain | valid 17/17 | 3.43s (cem 0.37 refine 3.00 [60 steps] finals 0.05)
  [148/800] f104_crm_eval_group_0147 B z -7.542 (pess -6.764) -> G z -7.759 (pess -7.362) gain 0.597 from B/sample step 46 | valid 17/17 | 3.43s (cem 0.37 refine 3.00 [60 steps] finals 0.05)
  [149/800] f104_crm_eval_group_0148 B z -8.029 (pess -7.760) -> G abstain | valid 17/17 | 3.40s (cem 0.36 refine 2.98 [60 steps] finals 0.05)
  [150/800] f104_crm_eval_group_0149 B z -8.134 (pess -7.760) -> G abstain | valid 17/17 | 3.43s (cem 0.36 refine 3.01 [60 steps] finals 0.05)
  [151/800] f104_crm_eval_group_0150 B z -8.268 (pess -7.940) -> G abstain | valid 17/17 | 3.39s (cem 0.36 refine 2.96 [60 steps] finals 0.05)
  [152/800] f104_crm_eval_group_0151 B z -8.086 (pess -7.682) -> G abstain | valid 17/17 | 3.39s (cem 0.36 refine 2.97 [60 steps] finals 0.05)
  [153/800] f104_crm_eval_group_0152 B z -8.234 (pess -7.955) -> G abstain | valid 17/17 | 3.39s (cem 0.36 refine 2.96 [60 steps] finals 0.05)
  [154/800] f104_crm_eval_group_0153 B z -4.466 (pess 0.434) -> G z -7.042 (pess -6.715) gain 7.151 from B/sample step 37 | valid 17/17 | 3.40s (cem 0.35 refine 2.99 [60 steps] finals 0.05)
  [155/800] f104_crm_eval_group_0154 B z -7.845 (pess -7.564) -> G abstain | valid 17/17 | 3.41s (cem 0.37 refine 2.98 [60 steps] finals 0.05)
  [156/800] f104_crm_eval_group_0155 B z -8.179 (pess -7.931) -> G abstain | valid 17/17 | 3.31s (cem 0.37 refine 2.88 [60 steps] finals 0.05)
  [157/800] f104_crm_eval_group_0156 B z -8.098 (pess -7.849) -> G abstain | valid 17/17 | 3.41s (cem 0.37 refine 2.98 [60 steps] finals 0.05)
  [158/800] f104_crm_eval_group_0157 B z -8.171 (pess -7.865) -> G abstain | valid 17/17 | 3.41s (cem 0.37 refine 2.97 [60 steps] finals 0.05)
  [159/800] f104_crm_eval_group_0158 B z -8.265 (pess -7.943) -> G abstain | valid 17/17 | 3.42s (cem 0.37 refine 2.98 [60 steps] finals 0.05)
  [160/800] f104_crm_eval_group_0159 B z -8.153 (pess -7.930) -> G abstain | valid 17/17 | 3.42s (cem 0.37 refine 2.99 [60 steps] finals 0.05)
  [161/800] f104_crm_eval_group_0160 B z -8.185 (pess -7.914) -> G abstain | valid 17/17 | 3.37s (cem 0.36 refine 2.95 [60 steps] finals 0.05)
  [162/800] f104_crm_eval_group_0161 B z -8.213 (pess -7.919) -> G abstain | valid 17/17 | 3.41s (cem 0.36 refine 2.99 [60 steps] finals 0.05)
  [163/800] f104_crm_eval_group_0162 B z -4.592 (pess -1.092) -> G z -7.221 (pess -6.800) gain 5.711 from B/sample step 45 | valid 17/17 | 3.40s (cem 0.36 refine 2.98 [60 steps] finals 0.05)
  [164/800] f104_crm_eval_group_0163 B z -8.083 (pess -7.886) -> G abstain | valid 17/17 | 3.47s (cem 0.36 refine 3.05 [60 steps] finals 0.05)
  [165/800] f104_crm_eval_group_0164 B z -8.133 (pess -7.810) -> G abstain | valid 17/17 | 3.43s (cem 0.36 refine 3.00 [60 steps] finals 0.05)
  [166/800] f104_crm_eval_group_0165 B z -7.693 (pess -7.358) -> G abstain | valid 17/17 | 3.40s (cem 0.36 refine 2.98 [60 steps] finals 0.05)
  [167/800] f104_crm_eval_group_0166 B z -8.207 (pess -7.930) -> G abstain | valid 17/17 | 3.40s (cem 0.37 refine 2.96 [60 steps] finals 0.05)
  [168/800] f104_crm_eval_group_0167 B z -8.035 (pess -7.775) -> G abstain | valid 17/17 | 3.43s (cem 0.37 refine 3.00 [60 steps] finals 0.05)
  [169/800] f104_crm_eval_group_0168 B z -8.247 (pess -7.958) -> G abstain | valid 17/17 | 3.39s (cem 0.37 refine 2.96 [60 steps] finals 0.05)
  [170/800] f104_crm_eval_group_0169 B z -8.261 (pess -7.943) -> G abstain | valid 17/17 | 3.40s (cem 0.37 refine 2.97 [60 steps] finals 0.05)
  [171/800] f104_crm_eval_group_0170 B z -8.297 (pess -7.924) -> G abstain | valid 17/17 | 3.41s (cem 0.37 refine 2.97 [60 steps] finals 0.05)
  [172/800] f104_crm_eval_group_0171 B z -7.284 (pess -7.145) -> G abstain | valid 17/17 | 3.41s (cem 0.36 refine 2.99 [60 steps] finals 0.05)
  [173/800] f104_crm_eval_group_0172 B z -7.907 (pess -7.245) -> G z -8.075 (pess -7.785) gain 0.540 from B/anchor step 26 | valid 17/17 | 3.42s (cem 0.37 refine 2.99 [60 steps] finals 0.05)
  [174/800] f104_crm_eval_group_0173 B z -8.048 (pess -7.710) -> G abstain | valid 17/17 | 3.42s (cem 0.37 refine 2.99 [60 steps] finals 0.05)
  [175/800] f104_crm_eval_group_0174 B z -3.190 (pess 1.033) -> G z -7.832 (pess -7.257) gain 8.291 from round0/sample step 60 | valid 17/17 | 3.43s (cem 0.37 refine 3.00 [60 steps] finals 0.05)
  [176/800] f104_crm_eval_group_0175 B z -8.014 (pess -7.800) -> G abstain | valid 17/17 | 3.39s (cem 0.36 refine 2.97 [60 steps] finals 0.05)
  [177/800] f104_crm_eval_group_0176 B z -8.098 (pess -7.864) -> G abstain | valid 17/17 | 3.41s (cem 0.36 refine 2.98 [60 steps] finals 0.05)
  [178/800] f104_crm_eval_group_0177 B z -8.173 (pess -7.874) -> G abstain | valid 17/17 | 3.40s (cem 0.36 refine 2.98 [60 steps] finals 0.05)
  [179/800] f104_crm_eval_group_0178 B z -8.248 (pess -7.949) -> G abstain | valid 17/17 | 3.43s (cem 0.37 refine 2.99 [60 steps] finals 0.05)
  [180/800] f104_crm_eval_group_0179 B z -8.273 (pess -7.947) -> G abstain | valid 17/17 | 3.41s (cem 0.36 refine 2.99 [60 steps] finals 0.05)
  [181/800] f104_crm_eval_group_0180 B z -8.275 (pess -7.916) -> G abstain | valid 17/17 | 3.40s (cem 0.37 refine 2.97 [60 steps] finals 0.05)
  [182/800] f104_crm_eval_group_0181 B z -8.212 (pess -7.924) -> G abstain | valid 17/17 | 3.43s (cem 0.36 refine 3.01 [60 steps] finals 0.05)
  [183/800] f104_crm_eval_group_0182 B z -8.221 (pess -7.969) -> G abstain | valid 17/17 | 3.42s (cem 0.38 refine 2.98 [60 steps] finals 0.05)
  [184/800] f104_crm_eval_group_0183 B z -5.347 (pess -3.779) -> G z -7.915 (pess -7.474) gain 3.691 from B/sample step 52 | valid 17/17 | 3.41s (cem 0.38 refine 2.97 [60 steps] finals 0.05)
  [185/800] f104_crm_eval_group_0184 B z -7.978 (pess -7.594) -> G abstain | valid 17/17 | 3.38s (cem 0.36 refine 2.96 [60 steps] finals 0.05)
  [186/800] f104_crm_eval_group_0185 B z -8.176 (pess -7.919) -> G abstain | valid 17/17 | 3.41s (cem 0.37 refine 2.97 [60 steps] finals 0.05)
  [187/800] f104_crm_eval_group_0186 B z -8.049 (pess -7.690) -> G abstain | valid 17/17 | 3.38s (cem 0.36 refine 2.96 [60 steps] finals 0.05)
  [188/800] f104_crm_eval_group_0187 B z -8.153 (pess -7.838) -> G abstain | valid 17/17 | 3.39s (cem 0.36 refine 2.97 [60 steps] finals 0.05)
  [189/800] f104_crm_eval_group_0188 B z -2.016 (pess 1.240) -> G z -6.360 (pess -5.222) gain 6.463 from round0/sample step 56 | valid 17/17 | 3.40s (cem 0.36 refine 2.98 [60 steps] finals 0.05)
  [190/800] f104_crm_eval_group_0189 B z -8.193 (pess -7.890) -> G abstain | valid 17/17 | 3.40s (cem 0.37 refine 2.97 [60 steps] finals 0.05)
  [191/800] f104_crm_eval_group_0190 B z -8.292 (pess -7.925) -> G abstain | valid 17/17 | 3.41s (cem 0.37 refine 2.98 [60 steps] finals 0.05)
  [192/800] f104_crm_eval_group_0191 B z -8.165 (pess -7.848) -> G abstain | valid 17/17 | 3.39s (cem 0.36 refine 2.97 [60 steps] finals 0.05)
  [193/800] f104_crm_eval_group_0192 B z -4.243 (pess 0.594) -> G z -6.375 (pess -5.310) gain 5.904 from round0/sample step 58 | valid 17/17 | 3.40s (cem 0.37 refine 2.97 [60 steps] finals 0.05)
  [194/800] f104_crm_eval_group_0193 B z -8.033 (pess -7.698) -> G abstain | valid 17/17 | 3.41s (cem 0.38 refine 2.97 [60 steps] finals 0.05)
  [195/800] f104_crm_eval_group_0194 B z -7.030 (pess -6.246) -> G z -6.983 (pess -6.561) gain 0.315 from round0/sample step 48 | valid 17/17 | 3.38s (cem 0.35 refine 2.97 [60 steps] finals 0.05)
  [196/800] f104_crm_eval_group_0195 B z -7.940 (pess -7.350) -> G z -7.993 (pess -7.782) gain 0.431 from round0/sample step 59 | valid 17/17 | 3.38s (cem 0.36 refine 2.97 [60 steps] finals 0.05)
  [197/800] f104_crm_eval_group_0196 B z -8.142 (pess -7.862) -> G abstain | valid 17/17 | 3.38s (cem 0.35 refine 2.97 [60 steps] finals 0.05)
  [198/800] f104_crm_eval_group_0197 B z -8.208 (pess -7.863) -> G abstain | valid 17/17 | 3.40s (cem 0.37 refine 2.97 [60 steps] finals 0.05)
  [199/800] f104_crm_eval_group_0198 B z -8.202 (pess -7.930) -> G abstain | valid 17/17 | 3.38s (cem 0.36 refine 2.96 [60 steps] finals 0.05)
  [200/800] f104_crm_eval_group_0199 B z -8.098 (pess -7.791) -> G abstain | valid 17/17 | 3.45s (cem 0.42 refine 2.97 [60 steps] finals 0.05)
  [201/800] f104_pair_group_0000 B z -7.825 (pess -7.366) -> G z -7.977 (pess -7.723) gain 0.357 from round0/sample step 33 | valid 17/17 | 3.41s (cem 0.38 refine 2.97 [60 steps] finals 0.05)
  [202/800] f104_pair_group_0001 B z -8.035 (pess -7.587) -> G abstain | valid 17/17 | 3.42s (cem 0.36 refine 3.00 [60 steps] finals 0.05)
  [203/800] f104_pair_group_0002 B z -8.141 (pess -7.725) -> G abstain | valid 17/17 | 3.42s (cem 0.36 refine 3.00 [60 steps] finals 0.05)
  [204/800] f104_pair_group_0003 B z -7.820 (pess -7.509) -> G z -8.077 (pess -7.865) gain 0.356 from B/sample step 53 | valid 17/17 | 3.45s (cem 0.40 refine 2.99 [60 steps] finals 0.05)
  [205/800] f104_pair_group_0004 B z -4.076 (pess -0.922) -> G z -6.909 (pess -6.203) gain 5.278 from round0/sample step 60 | valid 17/17 | 3.40s (cem 0.37 refine 2.98 [60 steps] finals 0.05)
  [206/800] f104_pair_group_0005 B z -8.092 (pess -7.860) -> G abstain | valid 17/17 | 3.42s (cem 0.37 refine 2.99 [60 steps] finals 0.05)
  [207/800] f104_pair_group_0006 B z -8.000 (pess -7.762) -> G abstain | valid 17/17 | 3.39s (cem 0.36 refine 2.97 [60 steps] finals 0.05)
  [208/800] f104_pair_group_0007 B z -8.057 (pess -7.855) -> G abstain | valid 17/17 | 3.38s (cem 0.36 refine 2.96 [60 steps] finals 0.05)
  [209/800] f104_pair_group_0008 B z -7.891 (pess -7.591) -> G abstain | valid 17/17 | 3.39s (cem 0.37 refine 2.96 [60 steps] finals 0.05)
  [210/800] f104_pair_group_0009 B z -8.227 (pess -7.896) -> G abstain | valid 17/17 | 3.42s (cem 0.38 refine 2.97 [60 steps] finals 0.05)
  [211/800] f104_pair_group_0010 B z -8.261 (pess -7.953) -> G abstain | valid 17/17 | 3.41s (cem 0.37 refine 2.97 [60 steps] finals 0.05)
  [212/800] f104_pair_group_0011 B z -8.146 (pess -7.779) -> G abstain | valid 17/17 | 3.40s (cem 0.36 refine 2.97 [60 steps] finals 0.05)
  [213/800] f104_pair_group_0012 B z -8.233 (pess -7.863) -> G abstain | valid 17/17 | 3.40s (cem 0.36 refine 2.98 [60 steps] finals 0.05)
  [214/800] f104_pair_group_0013 B z -8.228 (pess -7.928) -> G abstain | valid 17/17 | 3.38s (cem 0.36 refine 2.96 [60 steps] finals 0.05)
  [215/800] f104_pair_group_0014 B z -8.171 (pess -7.915) -> G abstain | valid 17/17 | 3.38s (cem 0.36 refine 2.96 [60 steps] finals 0.05)
  [216/800] f104_pair_group_0015 B z -8.123 (pess -7.846) -> G abstain | valid 17/17 | 3.40s (cem 0.37 refine 2.96 [60 steps] finals 0.05)
  [217/800] f104_pair_group_0016 B z -7.385 (pess -6.572) -> G z -7.565 (pess -7.131) gain 0.559 from B/sample step 33 | valid 17/17 | 3.44s (cem 0.37 refine 3.02 [60 steps] finals 0.05)
  [218/800] f104_pair_group_0017 B z -8.005 (pess -7.716) -> G abstain | valid 17/17 | 3.41s (cem 0.35 refine 3.00 [60 steps] finals 0.05)
  [219/800] f104_pair_group_0018 B z -8.190 (pess -7.832) -> G abstain | valid 17/17 | 3.39s (cem 0.36 refine 2.97 [60 steps] finals 0.05)
  [220/800] f104_pair_group_0019 B z -8.261 (pess -7.905) -> G abstain | valid 17/17 | 3.40s (cem 0.37 refine 2.96 [60 steps] finals 0.05)
  [221/800] f104_pair_group_0020 B z -8.264 (pess -7.918) -> G abstain | valid 17/17 | 3.40s (cem 0.37 refine 2.97 [60 steps] finals 0.05)
  [222/800] f104_pair_group_0021 B z -6.126 (pess -5.226) -> G z -7.299 (pess -7.194) gain 1.964 from round0/anchor step 31 | valid 17/17 | 3.38s (cem 0.36 refine 2.96 [60 steps] finals 0.05)
  [223/800] f104_pair_group_0022 B z -8.077 (pess -7.739) -> G abstain | valid 17/17 | 3.42s (cem 0.38 refine 2.97 [60 steps] finals 0.05)
  [224/800] f104_pair_group_0023 B z -8.230 (pess -7.940) -> G abstain | valid 17/17 | 3.41s (cem 0.38 refine 2.96 [60 steps] finals 0.05)
  [225/800] f104_pair_group_0024 B z -8.270 (pess -7.888) -> G abstain | valid 17/17 | 3.40s (cem 0.36 refine 2.98 [60 steps] finals 0.05)
  [226/800] f104_pair_group_0025 B z -8.144 (pess -7.823) -> G abstain | valid 17/17 | 3.42s (cem 0.36 refine 2.99 [60 steps] finals 0.05)
  [227/800] f104_pair_group_0026 B z -8.203 (pess -7.853) -> G abstain | valid 17/17 | 3.46s (cem 0.36 refine 3.04 [60 steps] finals 0.05)
  [228/800] f104_pair_group_0027 B z -8.034 (pess -7.630) -> G abstain | valid 17/17 | 3.46s (cem 0.37 refine 3.03 [60 steps] finals 0.05)
  [229/800] f104_pair_group_0028 B z -4.801 (pess -2.690) -> G z -6.354 (pess -5.600) gain 2.913 from B/sample step 51 | valid 17/17 | 3.42s (cem 0.37 refine 2.99 [60 steps] finals 0.05)
  [230/800] f104_pair_group_0029 B z -7.697 (pess -7.170) -> G z -7.843 (pess -7.742) gain 0.572 from round0/sample step 58 | valid 17/17 | 3.45s (cem 0.37 refine 3.02 [60 steps] finals 0.05)
  [231/800] f104_pair_group_0030 B z -8.083 (pess -7.877) -> G abstain | valid 17/17 | 3.39s (cem 0.39 refine 2.94 [60 steps] finals 0.05)
  [232/800] f104_pair_group_0031 B z -7.966 (pess -7.630) -> G abstain | valid 17/17 | 3.82s (cem 0.40 refine 3.36 [60 steps] finals 0.05)
  [233/800] f104_pair_group_0032 B z -7.759 (pess -7.148) -> G z -8.105 (pess -7.694) gain 0.543 from B/sample step 60 | valid 17/17 | 3.80s (cem 0.40 refine 3.34 [60 steps] finals 0.05)
  [234/800] f104_pair_group_0033 B z -4.187 (pess -0.424) -> G z -7.694 (pess -7.575) gain 7.158 from round0/sample step 56 | valid 17/17 | 3.58s (cem 0.37 refine 3.14 [60 steps] finals 0.05)
  [235/800] f104_pair_group_0034 B z -8.160 (pess -7.879) -> G abstain | valid 17/17 | 3.52s (cem 0.41 refine 3.04 [60 steps] finals 0.06)
  [236/800] f104_pair_group_0035 B z -8.227 (pess -7.912) -> G abstain | valid 17/17 | 3.43s (cem 0.39 refine 2.98 [60 steps] finals 0.05)
  [237/800] f104_pair_group_0036 B z -8.000 (pess -7.541) -> G z -8.151 (pess -7.868) gain 0.327 from round0/sample step 60 | valid 17/17 | 3.43s (cem 0.36 refine 3.01 [60 steps] finals 0.05)
  [238/800] f104_pair_group_0037 B z -7.943 (pess -7.618) -> G abstain | valid 17/17 | 3.44s (cem 0.36 refine 3.02 [60 steps] finals 0.05)
  [239/800] f104_pair_group_0038 B z -6.775 (pess -5.704) -> G z -7.638 (pess -7.102) gain 1.397 from round0/sample step 57 | valid 17/17 | 3.39s (cem 0.36 refine 2.97 [60 steps] finals 0.05)
  [240/800] f104_pair_group_0039 B z -8.074 (pess -7.819) -> G abstain | valid 17/17 | 3.40s (cem 0.37 refine 2.97 [60 steps] finals 0.05)
  [241/800] f104_pair_group_0040 B z -6.883 (pess -5.872) -> G z -7.564 (pess -7.168) gain 1.293 from round0/sample step 60 | valid 17/17 | 3.46s (cem 0.37 refine 3.03 [60 steps] finals 0.05)
  [242/800] f104_pair_group_0041 B z -7.904 (pess -7.638) -> G abstain | valid 17/17 | 3.39s (cem 0.36 refine 2.97 [60 steps] finals 0.05)
  [243/800] f104_pair_group_0042 B z -8.048 (pess -7.827) -> G abstain | valid 17/17 | 3.38s (cem 0.36 refine 2.96 [60 steps] finals 0.05)
  [244/800] f104_pair_group_0043 B z -8.028 (pess -7.774) -> G abstain | valid 17/17 | 3.39s (cem 0.37 refine 2.96 [60 steps] finals 0.05)
  [245/800] f104_pair_group_0044 B z -8.237 (pess -7.940) -> G abstain | valid 17/17 | 3.43s (cem 0.39 refine 2.97 [60 steps] finals 0.05)
  [246/800] f104_pair_group_0045 B z -8.243 (pess -7.885) -> G abstain | valid 17/17 | 3.42s (cem 0.38 refine 2.97 [60 steps] finals 0.05)
  [247/800] f104_pair_group_0046 B z -8.031 (pess -7.652) -> G abstain | valid 17/17 | 3.42s (cem 0.39 refine 2.97 [60 steps] finals 0.05)
  [248/800] f104_pair_group_0047 B z -8.285 (pess -7.955) -> G abstain | valid 17/17 | 3.41s (cem 0.37 refine 2.98 [60 steps] finals 0.05)
  [249/800] f104_pair_group_0048 B z -8.238 (pess -7.925) -> G abstain | valid 17/17 | 3.41s (cem 0.36 refine 2.98 [60 steps] finals 0.05)
  [250/800] f104_pair_group_0049 B z -8.238 (pess -7.912) -> G abstain | valid 17/17 | 3.39s (cem 0.36 refine 2.97 [60 steps] finals 0.05)
  [251/800] f104_pair_group_0050 B z -8.208 (pess -7.926) -> G abstain | valid 17/17 | 3.41s (cem 0.36 refine 2.99 [60 steps] finals 0.05)
  [252/800] f104_pair_group_0051 B z -8.004 (pess -7.697) -> G abstain | valid 17/17 | 3.47s (cem 0.36 refine 3.04 [60 steps] finals 0.05)
  [253/800] f104_pair_group_0052 B z -7.934 (pess -7.048) -> G z -8.200 (pess -7.873) gain 0.823 from B/sample step 60 | valid 17/17 | 3.42s (cem 0.36 refine 3.00 [60 steps] finals 0.05)
  [254/800] f104_pair_group_0053 B z -6.728 (pess -5.018) -> G z -7.552 (pess -7.211) gain 2.193 from round0/sample step 54 | valid 17/17 | 3.44s (cem 0.38 refine 3.00 [60 steps] finals 0.05)
  [255/800] f104_pair_group_0054 B z -8.138 (pess -7.894) -> G abstain | valid 17/17 | 3.17s (cem 0.36 refine 2.74 [60 steps] finals 0.05)
  [256/800] f104_pair_group_0055 B z -8.079 (pess -7.775) -> G abstain | valid 17/17 | 3.49s (cem 0.37 refine 3.07 [60 steps] finals 0.05)
  [257/800] f104_pair_group_0056 B z -8.211 (pess -7.908) -> G abstain | valid 17/17 | 3.46s (cem 0.37 refine 3.03 [60 steps] finals 0.05)
  [258/800] f104_pair_group_0057 B z -8.105 (pess -7.831) -> G abstain | valid 17/17 | 3.41s (cem 0.38 refine 2.98 [60 steps] finals 0.05)
  [259/800] f104_pair_group_0058 B z -8.160 (pess -7.924) -> G abstain | valid 17/17 | 3.39s (cem 0.36 refine 2.96 [60 steps] finals 0.05)
  [260/800] f104_pair_group_0059 B z -8.216 (pess -7.943) -> G abstain | valid 17/17 | 3.42s (cem 0.39 refine 2.97 [60 steps] finals 0.05)
  [261/800] f104_pair_group_0060 B z -8.262 (pess -7.928) -> G abstain | valid 17/17 | 3.38s (cem 0.36 refine 2.96 [60 steps] finals 0.05)
  [262/800] f104_pair_group_0061 B z -8.107 (pess -7.836) -> G abstain | valid 17/17 | 3.43s (cem 0.36 refine 3.01 [60 steps] finals 0.05)
  [263/800] f104_pair_group_0062 B z -5.045 (pess 0.804) -> G z -7.397 (pess -7.049) gain 7.852 from B/sample step 60 | valid 17/17 | 3.41s (cem 0.37 refine 2.98 [60 steps] finals 0.05)
  [264/800] f104_pair_group_0063 B z -8.019 (pess -7.737) -> G abstain | valid 17/17 | 3.35s (cem 0.39 refine 2.89 [60 steps] finals 0.05)
  [265/800] f104_pair_group_0064 B z -7.495 (pess -6.366) -> G z -7.832 (pess -7.423) gain 1.062 from round0/sample step 60 | valid 17/17 | 3.39s (cem 0.36 refine 2.97 [60 steps] finals 0.05)
  [266/800] f104_pair_group_0065 B z -7.214 (pess -5.665) -> G z -7.940 (pess -7.508) gain 1.842 from round0/sample step 60 | valid 17/17 | 3.40s (cem 0.36 refine 2.98 [60 steps] finals 0.05)
  [267/800] f104_pair_group_0066 B z -8.063 (pess -7.829) -> G abstain | valid 17/17 | 3.39s (cem 0.36 refine 2.97 [60 steps] finals 0.05)
  [268/800] f104_pair_group_0067 B z -8.175 (pess -7.854) -> G abstain | valid 17/17 | 3.38s (cem 0.36 refine 2.96 [60 steps] finals 0.05)
  [269/800] f104_pair_group_0068 B z -8.185 (pess -7.822) -> G abstain | valid 17/17 | 3.39s (cem 0.37 refine 2.96 [60 steps] finals 0.05)
  [270/800] f104_pair_group_0069 B z -8.171 (pess -7.868) -> G abstain | valid 17/17 | 3.46s (cem 0.37 refine 3.02 [60 steps] finals 0.05)
  [271/800] f104_pair_group_0070 B z -8.080 (pess -7.743) -> G abstain | valid 17/17 | 3.42s (cem 0.37 refine 2.99 [60 steps] finals 0.05)
  [272/800] f104_pair_group_0071 B z -8.205 (pess -7.872) -> G abstain | valid 17/17 | 3.43s (cem 0.38 refine 2.98 [60 steps] finals 0.05)
  [273/800] f104_pair_group_0072 B z -8.063 (pess -7.569) -> G abstain | valid 17/17 | 3.41s (cem 0.37 refine 2.99 [60 steps] finals 0.05)
  [274/800] f104_pair_group_0073 B z -8.087 (pess -7.727) -> G abstain | valid 17/17 | 3.38s (cem 0.36 refine 2.96 [60 steps] finals 0.05)
  [275/800] f104_pair_group_0074 B z -8.114 (pess -7.836) -> G abstain | valid 17/17 | 3.39s (cem 0.36 refine 2.97 [60 steps] finals 0.05)
  [276/800] f104_pair_group_0075 B z -1.748 (pess 0.682) -> G z -7.029 (pess -6.018) gain 6.700 from round0/sample step 60 | valid 17/17 | 3.40s (cem 0.37 refine 2.98 [60 steps] finals 0.05)
  [277/800] f104_pair_group_0076 B z -7.923 (pess -7.441) -> G abstain | valid 17/17 | 3.41s (cem 0.37 refine 2.98 [60 steps] finals 0.05)
  [278/800] f104_pair_group_0077 B z -8.029 (pess -7.823) -> G abstain | valid 17/17 | 3.40s (cem 0.36 refine 2.98 [60 steps] finals 0.05)
  [279/800] f104_pair_group_0078 B z -7.975 (pess -7.538) -> G abstain | valid 17/17 | 3.39s (cem 0.37 refine 2.97 [60 steps] finals 0.05)
  [280/800] f104_pair_group_0079 B z -8.223 (pess -7.895) -> G abstain | valid 17/17 | 3.40s (cem 0.36 refine 2.98 [60 steps] finals 0.05)
  [281/800] f104_pair_group_0080 B z -8.198 (pess -7.910) -> G abstain | valid 17/17 | 3.39s (cem 0.36 refine 2.96 [60 steps] finals 0.05)
  [282/800] f104_pair_group_0081 B z -7.941 (pess -7.674) -> G abstain | valid 17/17 | 3.41s (cem 0.38 refine 2.97 [60 steps] finals 0.05)
  [283/800] f104_pair_group_0082 B z -8.245 (pess -7.912) -> G abstain | valid 17/17 | 3.43s (cem 0.39 refine 2.97 [60 steps] finals 0.05)
  [284/800] f104_pair_group_0083 B z -7.401 (pess -6.883) -> G z -7.852 (pess -7.728) gain 0.844 from round0/sample step 58 | valid 17/17 | 3.42s (cem 0.38 refine 2.97 [60 steps] finals 0.06)
  [285/800] f104_pair_group_0084 B z -8.202 (pess -7.936) -> G abstain | valid 17/17 | 3.42s (cem 0.37 refine 2.99 [60 steps] finals 0.05)
  [286/800] f104_pair_group_0085 B z -8.115 (pess -7.899) -> G abstain | valid 17/17 | 3.42s (cem 0.36 refine 2.99 [60 steps] finals 0.05)
  [287/800] f104_pair_group_0086 B z -8.068 (pess -7.806) -> G abstain | valid 17/17 | 3.45s (cem 0.38 refine 3.00 [60 steps] finals 0.05)
  [288/800] f104_pair_group_0087 B z -7.526 (pess -7.155) -> G z -7.991 (pess -7.620) gain 0.467 from B/anchor step 56 | valid 17/17 | 3.43s (cem 0.38 refine 2.99 [60 steps] finals 0.05)
  [289/800] f104_pair_group_0088 B z -8.071 (pess -7.815) -> G abstain | valid 17/17 | 3.40s (cem 0.36 refine 2.98 [60 steps] finals 0.05)
  [290/800] f104_pair_group_0089 B z -7.960 (pess -7.606) -> G abstain | valid 17/17 | 3.39s (cem 0.36 refine 2.97 [60 steps] finals 0.05)
  [291/800] f104_pair_group_0090 B z -7.866 (pess -7.678) -> G abstain | valid 17/17 | 3.45s (cem 0.36 refine 3.03 [60 steps] finals 0.05)
  [292/800] f104_pair_group_0091 B z -8.155 (pess -7.915) -> G abstain | valid 17/17 | 3.43s (cem 0.38 refine 2.99 [60 steps] finals 0.05)
  [293/800] f104_pair_group_0092 B z -7.921 (pess -7.731) -> G abstain | valid 17/17 | 3.40s (cem 0.37 refine 2.96 [60 steps] finals 0.05)
  [294/800] f104_pair_group_0093 B z -8.068 (pess -7.842) -> G abstain | valid 17/17 | 3.39s (cem 0.36 refine 2.96 [60 steps] finals 0.05)
  [295/800] f104_pair_group_0094 B z -8.240 (pess -7.910) -> G abstain | valid 17/17 | 3.46s (cem 0.38 refine 3.01 [60 steps] finals 0.05)
  [296/800] f104_pair_group_0095 B z -8.224 (pess -7.911) -> G abstain | valid 17/17 | 3.43s (cem 0.36 refine 3.00 [60 steps] finals 0.05)
  [297/800] f104_pair_group_0096 B z -8.263 (pess -7.935) -> G abstain | valid 17/17 | 3.41s (cem 0.36 refine 2.99 [60 steps] finals 0.05)
  [298/800] f104_pair_group_0097 B z -8.199 (pess -7.909) -> G abstain | valid 17/17 | 3.46s (cem 0.40 refine 3.00 [60 steps] finals 0.05)
  [299/800] f104_pair_group_0098 B z -7.228 (pess -6.563) -> G z -7.917 (pess -7.680) gain 1.118 from round0/sample step 56 | valid 17/17 | 3.41s (cem 0.38 refine 2.97 [60 steps] finals 0.05)
  [300/800] f104_pair_group_0099 B z -8.243 (pess -7.909) -> G abstain | valid 17/17 | 3.39s (cem 0.36 refine 2.96 [60 steps] finals 0.05)
  [301/800] f104_pair_group_0100 B z -6.827 (pess -4.866) -> G z -7.721 (pess -7.415) gain 2.554 from B/sample step 58 | valid 17/17 | 3.39s (cem 0.36 refine 2.97 [60 steps] finals 0.05)
  [302/800] f104_pair_group_0101 B z -7.598 (pess -7.330) -> G z -7.821 (pess -7.638) gain 0.310 from B/sample step 12 | valid 17/17 | 3.38s (cem 0.36 refine 2.96 [60 steps] finals 0.05)
  [303/800] f104_pair_group_0102 B z -8.165 (pess -7.886) -> G abstain | valid 17/17 | 3.39s (cem 0.37 refine 2.96 [60 steps] finals 0.05)
  [304/800] f104_pair_group_0103 B z -7.941 (pess -7.719) -> G abstain | valid 17/17 | 3.37s (cem 0.36 refine 2.94 [60 steps] finals 0.05)
  [305/800] f104_pair_group_0104 B z -7.394 (pess -5.444) -> G z -7.982 (pess -7.768) gain 2.325 from round0/sample step 60 | valid 17/17 | 3.44s (cem 0.38 refine 3.00 [60 steps] finals 0.05)
  [306/800] f104_pair_group_0105 B z -8.257 (pess -7.906) -> G abstain | valid 17/17 | 3.43s (cem 0.37 refine 2.99 [60 steps] finals 0.05)
  [307/800] f104_pair_group_0106 B z -8.251 (pess -7.915) -> G abstain | valid 17/17 | 3.40s (cem 0.37 refine 2.97 [60 steps] finals 0.05)
  [308/800] f104_pair_group_0107 B z -8.083 (pess -7.773) -> G abstain | valid 17/17 | 3.41s (cem 0.37 refine 2.98 [60 steps] finals 0.05)
  [309/800] f104_pair_group_0108 B z -8.288 (pess -7.929) -> G abstain | valid 17/17 | 3.42s (cem 0.37 refine 2.98 [60 steps] finals 0.05)
  [310/800] f104_pair_group_0109 B z -8.228 (pess -7.937) -> G abstain | valid 17/17 | 3.39s (cem 0.36 refine 2.97 [60 steps] finals 0.05)
  [311/800] f104_pair_group_0110 B z -6.684 (pess -5.814) -> G z -6.855 (pess -6.320) gain 0.507 from B/anchor step 53 | valid 17/17 | 3.42s (cem 0.36 refine 2.99 [60 steps] finals 0.05)
  [312/800] f104_pair_group_0111 B z -4.642 (pess 0.732) -> G z -6.552 (pess -5.069) gain 5.800 from B/sample step 54 | valid 17/17 | 3.40s (cem 0.36 refine 2.97 [60 steps] finals 0.05)
  [313/800] f104_pair_group_0112 B z -8.183 (pess -7.838) -> G abstain | valid 17/17 | 3.45s (cem 0.39 refine 3.00 [60 steps] finals 0.05)
  [314/800] f104_pair_group_0113 B z -8.188 (pess -7.915) -> G abstain | valid 17/17 | 3.43s (cem 0.37 refine 3.00 [60 steps] finals 0.05)
  [315/800] f104_pair_group_0114 B z -8.141 (pess -7.902) -> G abstain | valid 17/17 | 3.45s (cem 0.36 refine 3.03 [60 steps] finals 0.05)
  [316/800] f104_pair_group_0115 B z -8.115 (pess -7.814) -> G abstain | valid 17/17 | 3.44s (cem 0.35 refine 3.03 [60 steps] finals 0.05)
  [317/800] f104_pair_group_0116 B z -7.971 (pess -7.547) -> G abstain | valid 17/17 | 3.41s (cem 0.38 refine 2.97 [60 steps] finals 0.05)
  [318/800] f104_pair_group_0117 B z -8.226 (pess -7.868) -> G abstain | valid 17/17 | 3.44s (cem 0.39 refine 2.98 [60 steps] finals 0.05)
  [319/800] f104_pair_group_0118 B z -8.203 (pess -7.872) -> G abstain | valid 17/17 | 3.44s (cem 0.39 refine 2.99 [60 steps] finals 0.05)
  [320/800] f104_pair_group_0119 B z -8.174 (pess -7.876) -> G abstain | valid 17/17 | 3.45s (cem 0.38 refine 3.00 [60 steps] finals 0.05)
  [321/800] f104_pair_group_0120 B z -8.203 (pess -7.911) -> G abstain | valid 17/17 | 3.41s (cem 0.36 refine 2.99 [60 steps] finals 0.05)
  [322/800] f104_pair_group_0121 B z -8.256 (pess -7.949) -> G abstain | valid 17/17 | 3.42s (cem 0.36 refine 3.00 [60 steps] finals 0.05)
  [323/800] f104_pair_group_0122 B z -8.196 (pess -7.953) -> G abstain | valid 17/17 | 3.40s (cem 0.36 refine 2.98 [60 steps] finals 0.05)
  [324/800] f104_pair_group_0123 B z -8.039 (pess -7.546) -> G abstain | valid 17/17 | 3.45s (cem 0.36 refine 3.02 [60 steps] finals 0.05)
  [325/800] f104_pair_group_0124 B z -4.561 (pess 0.774) -> G z -7.589 (pess -7.217) gain 7.991 from round0/sample step 53 | valid 17/17 | 3.42s (cem 0.37 refine 2.99 [60 steps] finals 0.05)
  [326/800] f104_pair_group_0125 B z -7.887 (pess -7.497) -> G abstain | valid 17/17 | 3.41s (cem 0.36 refine 2.99 [60 steps] finals 0.05)
  [327/800] f104_pair_group_0126 B z -8.179 (pess -7.918) -> G abstain | valid 17/17 | 3.39s (cem 0.37 refine 2.96 [60 steps] finals 0.05)
  [328/800] f104_pair_group_0127 B z -8.177 (pess -7.855) -> G abstain | valid 17/17 | 3.37s (cem 0.36 refine 2.95 [60 steps] finals 0.05)
  [329/800] f104_pair_group_0128 B z -8.251 (pess -7.921) -> G abstain | valid 17/17 | 3.42s (cem 0.37 refine 2.99 [60 steps] finals 0.05)
  [330/800] f104_pair_group_0129 B z -8.134 (pess -7.866) -> G abstain | valid 17/17 | 3.44s (cem 0.40 refine 2.98 [60 steps] finals 0.06)
  [331/800] f104_pair_group_0130 B z -8.185 (pess -7.860) -> G abstain | valid 17/17 | 3.41s (cem 0.37 refine 2.97 [60 steps] finals 0.05)
  [332/800] f104_pair_group_0131 B z -8.211 (pess -7.892) -> G abstain | valid 17/17 | 3.47s (cem 0.42 refine 2.98 [60 steps] finals 0.06)
  [333/800] f104_pair_group_0132 B z -8.239 (pess -7.913) -> G abstain | valid 17/17 | 3.40s (cem 0.36 refine 2.98 [60 steps] finals 0.05)
  [334/800] f104_pair_group_0133 B z -8.151 (pess -7.811) -> G abstain | valid 17/17 | 3.38s (cem 0.36 refine 2.96 [60 steps] finals 0.05)
  [335/800] f104_pair_group_0134 B z -7.022 (pess -6.416) -> G z -7.212 (pess -7.041) gain 0.625 from round0/anchor step 35 | valid 17/17 | 3.39s (cem 0.37 refine 2.96 [60 steps] finals 0.05)
  [336/800] f104_pair_group_0135 B z -8.257 (pess -7.947) -> G abstain | valid 17/17 | 3.39s (cem 0.36 refine 2.97 [60 steps] finals 0.05)
  [337/800] f104_pair_group_0136 B z -7.863 (pess -7.135) -> G z -7.890 (pess -7.519) gain 0.384 from round0/sample step 60 | valid 17/17 | 3.39s (cem 0.37 refine 2.96 [60 steps] finals 0.05)
  [338/800] f104_pair_group_0137 B z -7.711 (pess -7.417) -> G z -7.904 (pess -7.753) gain 0.336 from round0/sample step 37 | valid 17/17 | 3.38s (cem 0.36 refine 2.96 [60 steps] finals 0.05)
  [339/800] f104_pair_group_0138 B z -8.073 (pess -7.857) -> G abstain | valid 17/17 | 3.38s (cem 0.36 refine 2.96 [60 steps] finals 0.05)
  [340/800] f104_pair_group_0139 B z -8.185 (pess -7.927) -> G abstain | valid 17/17 | 3.43s (cem 0.36 refine 3.01 [60 steps] finals 0.05)
  [341/800] f104_pair_group_0140 B z -8.079 (pess -7.824) -> G abstain | valid 17/17 | 3.43s (cem 0.38 refine 2.99 [60 steps] finals 0.05)
  [342/800] f104_pair_group_0141 B z -8.178 (pess -7.888) -> G abstain | valid 17/17 | 3.36s (cem 0.37 refine 2.92 [60 steps] finals 0.05)
  [343/800] f104_pair_group_0142 B z -7.777 (pess -7.632) -> G abstain | valid 17/17 | 3.41s (cem 0.38 refine 2.96 [60 steps] finals 0.05)
  [344/800] f104_pair_group_0143 B z -7.744 (pess -7.388) -> G z -8.123 (pess -7.795) gain 0.407 from B/sample step 44 | valid 17/17 | 3.42s (cem 0.38 refine 2.96 [60 steps] finals 0.05)
  [345/800] f104_pair_group_0144 B z -7.646 (pess -7.119) -> G z -7.884 (pess -7.636) gain 0.517 from round0/sample step 12 | valid 17/17 | 3.37s (cem 0.37 refine 2.94 [60 steps] finals 0.05)
  [346/800] f104_pair_group_0145 B z -5.935 (pess -4.186) -> G z -7.344 (pess -6.971) gain 2.786 from B/sample step 12 | valid 17/17 | 3.40s (cem 0.38 refine 2.95 [60 steps] finals 0.05)
  [347/800] f104_pair_group_0146 B z -7.393 (pess -5.464) -> G z -8.075 (pess -7.811) gain 2.344 from B/sample step 60 | valid 17/17 | 3.41s (cem 0.38 refine 2.97 [60 steps] finals 0.05)
  [348/800] f104_pair_group_0147 B z -8.172 (pess -7.921) -> G abstain | valid 17/17 | 3.39s (cem 0.37 refine 2.96 [60 steps] finals 0.05)
  [349/800] f104_pair_group_0148 B z -6.480 (pess -5.354) -> G z -7.756 (pess -7.537) gain 2.182 from B/sample step 60 | valid 17/17 | 3.41s (cem 0.39 refine 2.96 [60 steps] finals 0.06)
  [350/800] f104_pair_group_0149 B z -8.004 (pess -7.760) -> G abstain | valid 17/17 | 3.40s (cem 0.36 refine 2.97 [60 steps] finals 0.05)
  [351/800] f104_pair_group_0150 B z -8.177 (pess -7.909) -> G abstain | valid 17/17 | 3.43s (cem 0.37 refine 2.99 [60 steps] finals 0.05)
  [352/800] f104_pair_group_0151 B z -8.219 (pess -7.885) -> G abstain | valid 17/17 | 3.42s (cem 0.37 refine 2.99 [60 steps] finals 0.05)
  [353/800] f104_pair_group_0152 B z -7.870 (pess -7.305) -> G z -8.139 (pess -7.732) gain 0.427 from B/sample step 38 | valid 17/17 | 3.43s (cem 0.37 refine 2.99 [60 steps] finals 0.05)
  [354/800] f104_pair_group_0153 B z -8.242 (pess -7.943) -> G abstain | valid 17/17 | 3.47s (cem 0.40 refine 2.99 [60 steps] finals 0.06)
  [355/800] f104_pair_group_0154 B z -8.147 (pess -7.875) -> G abstain | valid 17/17 | 3.41s (cem 0.39 refine 2.96 [60 steps] finals 0.05)
  [356/800] f104_pair_group_0155 B z -8.221 (pess -7.880) -> G abstain | valid 17/17 | 3.41s (cem 0.38 refine 2.97 [60 steps] finals 0.05)
  [357/800] f104_pair_group_0156 B z -8.157 (pess -7.901) -> G abstain | valid 17/17 | 3.41s (cem 0.37 refine 2.98 [60 steps] finals 0.05)
  [358/800] f104_pair_group_0157 B z -8.042 (pess -7.746) -> G abstain | valid 17/17 | 3.45s (cem 0.37 refine 3.02 [60 steps] finals 0.05)
  [359/800] f104_pair_group_0158 B z -8.243 (pess -7.951) -> G abstain | valid 17/17 | 3.40s (cem 0.37 refine 2.97 [60 steps] finals 0.05)
  [360/800] f104_pair_group_0159 B z -7.968 (pess -7.617) -> G abstain | valid 17/17 | 3.39s (cem 0.36 refine 2.97 [60 steps] finals 0.05)
  [361/800] f104_pair_group_0160 B z -5.405 (pess 0.116) -> G z -7.666 (pess -7.148) gain 7.268 from round0/sample step 60 | valid 17/17 | 3.42s (cem 0.37 refine 2.99 [60 steps] finals 0.05)
  [362/800] f104_pair_group_0161 B z -7.857 (pess -7.707) -> G abstain | valid 17/17 | 3.40s (cem 0.36 refine 2.99 [60 steps] finals 0.05)
  [363/800] f104_pair_group_0162 B z -8.063 (pess -7.816) -> G abstain | valid 17/17 | 3.41s (cem 0.37 refine 2.98 [60 steps] finals 0.05)
  [364/800] f104_pair_group_0163 B z -3.229 (pess 0.095) -> G z -7.759 (pess -7.422) gain 7.518 from round0/sample step 60 | valid 17/17 | 3.42s (cem 0.37 refine 2.98 [60 steps] finals 0.05)
  [365/800] f104_pair_group_0164 B z -8.164 (pess -7.828) -> G abstain | valid 17/17 | 3.41s (cem 0.37 refine 2.98 [60 steps] finals 0.05)
  [366/800] f104_pair_group_0165 B z -8.216 (pess -7.920) -> G abstain | valid 17/17 | 3.42s (cem 0.37 refine 2.98 [60 steps] finals 0.06)
  [367/800] f104_pair_group_0166 B z -8.238 (pess -7.917) -> G abstain | valid 17/17 | 3.42s (cem 0.37 refine 2.98 [60 steps] finals 0.05)
  [368/800] f104_pair_group_0167 B z -6.297 (pess -3.820) -> G z -7.871 (pess -7.600) gain 3.771 from round0/sample step 60 | valid 17/17 | 3.48s (cem 0.41 refine 2.99 [60 steps] finals 0.05)
  [369/800] f104_pair_group_0168 B z -8.230 (pess -7.918) -> G abstain | valid 17/17 | 3.40s (cem 0.37 refine 2.96 [60 steps] finals 0.05)
  [370/800] f104_pair_group_0169 B z -8.173 (pess -7.895) -> G abstain | valid 17/17 | 3.41s (cem 0.36 refine 2.99 [60 steps] finals 0.05)
  [371/800] f104_pair_group_0170 B z -4.942 (pess 0.503) -> G z -7.820 (pess -7.681) gain 8.178 from round0/sample step 38 | valid 17/17 | 3.42s (cem 0.36 refine 3.00 [60 steps] finals 0.05)
  [372/800] f104_pair_group_0171 B z -8.240 (pess -7.974) -> G abstain | valid 17/17 | 3.40s (cem 0.36 refine 2.97 [60 steps] finals 0.05)
  [373/800] f104_pair_group_0172 B z -8.140 (pess -7.885) -> G abstain | valid 17/17 | 3.42s (cem 0.36 refine 3.00 [60 steps] finals 0.05)
  [374/800] f104_pair_group_0173 B z -6.206 (pess -4.250) -> G z -7.338 (pess -6.877) gain 2.623 from round0/anchor step 45 | valid 17/17 | 3.38s (cem 0.37 refine 2.95 [60 steps] finals 0.05)
  [375/800] f104_pair_group_0174 B z -7.975 (pess -7.778) -> G abstain | valid 17/17 | 3.42s (cem 0.35 refine 3.00 [60 steps] finals 0.05)
  [376/800] f104_pair_group_0175 B z -8.183 (pess -7.795) -> G abstain | valid 17/17 | 3.43s (cem 0.39 refine 2.98 [60 steps] finals 0.05)
  [377/800] f104_pair_group_0176 B z -8.047 (pess -7.810) -> G abstain | valid 17/17 | 3.40s (cem 0.37 refine 2.97 [60 steps] finals 0.05)
  [378/800] f104_pair_group_0177 B z -8.194 (pess -7.892) -> G abstain | valid 17/17 | 3.44s (cem 0.39 refine 2.98 [60 steps] finals 0.06)
  [379/800] f104_pair_group_0178 B z -4.453 (pess -2.203) -> G z -7.670 (pess -7.333) gain 5.133 from round0/sample step 60 | valid 17/17 | 3.46s (cem 0.38 refine 3.01 [60 steps] finals 0.05)
  [380/800] f104_pair_group_0179 B z -7.670 (pess -7.106) -> G z -8.080 (pess -7.869) gain 0.764 from B/sample step 37 | valid 17/17 | 3.44s (cem 0.38 refine 2.99 [60 steps] finals 0.05)
  [381/800] f104_pair_group_0180 B z -8.252 (pess -7.864) -> G abstain | valid 17/17 | 3.40s (cem 0.37 refine 2.97 [60 steps] finals 0.05)
  [382/800] f104_pair_group_0181 B z -8.171 (pess -7.791) -> G abstain | valid 17/17 | 3.40s (cem 0.37 refine 2.97 [60 steps] finals 0.05)
  [383/800] f104_pair_group_0182 B z -7.738 (pess -7.474) -> G z -7.928 (pess -7.789) gain 0.315 from B/sample step 8 | valid 17/17 | 3.38s (cem 0.37 refine 2.94 [60 steps] finals 0.05)
  [384/800] f104_pair_group_0183 B z -2.582 (pess 0.958) -> G z -5.167 (pess -3.705) gain 4.666 from round0/anchor step 40 | valid 17/17 | 3.39s (cem 0.37 refine 2.96 [60 steps] finals 0.05)
  [385/800] f104_pair_group_0184 B z -7.818 (pess -7.430) -> G z -8.159 (pess -7.824) gain 0.394 from B/sample step 58 | valid 17/17 | 3.46s (cem 0.39 refine 3.01 [60 steps] finals 0.05)
  [386/800] f104_pair_group_0185 B z -7.742 (pess -7.112) -> G z -7.907 (pess -7.741) gain 0.628 from round0/sample step 13 | valid 17/17 | 3.44s (cem 0.38 refine 3.00 [60 steps] finals 0.05)
  [387/800] f104_pair_group_0186 B z -8.131 (pess -7.890) -> G abstain | valid 17/17 | 3.42s (cem 0.36 refine 3.00 [60 steps] finals 0.05)
  [388/800] f104_pair_group_0187 B z -5.872 (pess -2.809) -> G z -7.684 (pess -7.501) gain 4.691 from B/sample step 60 | valid 17/17 | 3.41s (cem 0.38 refine 2.97 [60 steps] finals 0.05)
  [389/800] f104_pair_group_0188 B z -7.855 (pess -7.645) -> G abstain | valid 17/17 | 3.43s (cem 0.38 refine 2.98 [60 steps] finals 0.05)
  [390/800] f104_pair_group_0189 B z -8.141 (pess -7.888) -> G abstain | valid 17/17 | 3.42s (cem 0.37 refine 2.98 [60 steps] finals 0.05)
  [391/800] f104_pair_group_0190 B z -8.175 (pess -7.884) -> G abstain | valid 17/17 | 3.39s (cem 0.36 refine 2.96 [60 steps] finals 0.05)
  [392/800] f104_pair_group_0191 B z -8.260 (pess -7.942) -> G abstain | valid 17/17 | 3.41s (cem 0.38 refine 2.97 [60 steps] finals 0.05)
  [393/800] f104_pair_group_0192 B z -8.209 (pess -7.909) -> G abstain | valid 17/17 | 3.47s (cem 0.37 refine 3.04 [60 steps] finals 0.05)
  [394/800] f104_pair_group_0193 B z -8.220 (pess -7.943) -> G abstain | valid 17/17 | 3.43s (cem 0.36 refine 3.00 [60 steps] finals 0.05)
  [395/800] f104_pair_group_0194 B z -7.874 (pess -7.601) -> G abstain | valid 17/17 | 3.39s (cem 0.36 refine 2.97 [60 steps] finals 0.05)
  [396/800] f104_pair_group_0195 B z -4.542 (pess -2.796) -> G z -6.516 (pess -4.773) gain 1.975 from round0/sample step 60 | valid 17/17 | 3.39s (cem 0.37 refine 2.96 [60 steps] finals 0.05)
  [397/800] f104_pair_group_0196 B z -6.730 (pess -5.060) -> G z -7.509 (pess -7.121) gain 2.062 from B/mean step 38 | valid 17/17 | 3.42s (cem 0.38 refine 2.97 [60 steps] finals 0.05)
  [398/800] f104_pair_group_0197 B z -7.539 (pess -6.708) -> G z -7.959 (pess -7.636) gain 0.927 from B/sample step 38 | valid 17/17 | 3.40s (cem 0.36 refine 2.98 [60 steps] finals 0.05)
  [399/800] f104_pair_group_0198 B z -8.181 (pess -7.901) -> G abstain | valid 17/17 | 3.40s (cem 0.36 refine 2.98 [60 steps] finals 0.05)
  [400/800] f104_pair_group_0199 B z -8.133 (pess -7.879) -> G abstain | valid 17/17 | 3.40s (cem 0.36 refine 2.98 [60 steps] finals 0.05)
  [401/800] f104_pair_group_0200 B z -8.151 (pess -7.819) -> G abstain | valid 17/17 | 3.45s (cem 0.38 refine 3.01 [60 steps] finals 0.05)
  [402/800] f104_pair_group_0201 B z -7.586 (pess -7.232) -> G z -7.808 (pess -7.571) gain 0.338 from round0/sample step 60 | valid 17/17 | 3.44s (cem 0.38 refine 3.00 [60 steps] finals 0.05)
  [403/800] f104_pair_group_0202 B z -8.261 (pess -7.932) -> G abstain | valid 17/17 | 3.42s (cem 0.37 refine 2.99 [60 steps] finals 0.05)
  [404/800] f104_pair_group_0203 B z -3.508 (pess 0.658) -> G z -7.129 (pess -6.320) gain 6.977 from B/sample step 28 | valid 17/17 | 3.44s (cem 0.37 refine 3.00 [60 steps] finals 0.05)
  [405/800] f104_pair_group_0204 B z -8.276 (pess -7.934) -> G abstain | valid 17/17 | 3.41s (cem 0.36 refine 2.99 [60 steps] finals 0.05)
  [406/800] f104_pair_group_0205 B z -8.103 (pess -7.819) -> G abstain | valid 17/17 | 3.41s (cem 0.37 refine 2.98 [60 steps] finals 0.05)
  [407/800] f104_pair_group_0206 B z -8.104 (pess -7.811) -> G abstain | valid 17/17 | 3.40s (cem 0.36 refine 2.98 [60 steps] finals 0.05)
  [408/800] f104_pair_group_0207 B z -8.197 (pess -7.865) -> G abstain | valid 17/17 | 3.40s (cem 0.36 refine 2.98 [60 steps] finals 0.05)
  [409/800] f104_pair_group_0208 B z -7.048 (pess -5.952) -> G z -7.932 (pess -7.516) gain 1.566 from round0/sample step 49 | valid 17/17 | 3.41s (cem 0.37 refine 2.98 [60 steps] finals 0.05)
  [410/800] f104_pair_group_0209 B z -8.056 (pess -7.612) -> G abstain | valid 17/17 | 3.40s (cem 0.36 refine 2.98 [60 steps] finals 0.05)
  [411/800] f104_pair_group_0210 B z -7.988 (pess -7.684) -> G abstain | valid 17/17 | 3.41s (cem 0.36 refine 2.99 [60 steps] finals 0.05)
  [412/800] f104_pair_group_0211 B z -7.745 (pess -7.280) -> G z -7.958 (pess -7.680) gain 0.399 from B/sample step 60 | valid 17/17 | 3.41s (cem 0.36 refine 2.98 [60 steps] finals 0.05)
  [413/800] f104_pair_group_0212 B z -8.165 (pess -7.769) -> G abstain | valid 17/17 | 3.43s (cem 0.37 refine 2.99 [60 steps] finals 0.05)
  [414/800] f104_pair_group_0213 B z -7.942 (pess -7.605) -> G abstain | valid 17/17 | 3.47s (cem 0.36 refine 3.04 [60 steps] finals 0.05)
  [415/800] f104_pair_group_0214 B z -6.004 (pess -0.861) -> G z -7.879 (pess -7.699) gain 6.831 from B/sample step 36 | valid 17/17 | 3.44s (cem 0.40 refine 2.97 [60 steps] finals 0.05)
  [416/800] f104_pair_group_0215 B z -8.215 (pess -7.879) -> G abstain | valid 17/17 | 3.40s (cem 0.36 refine 2.97 [60 steps] finals 0.05)
  [417/800] f104_pair_group_0216 B z -8.287 (pess -7.889) -> G abstain | valid 17/17 | 3.40s (cem 0.35 refine 2.99 [60 steps] finals 0.05)
  [418/800] f104_pair_group_0217 B z -7.992 (pess -7.654) -> G abstain | valid 17/17 | 3.40s (cem 0.36 refine 2.98 [60 steps] finals 0.05)
  [419/800] f104_pair_group_0218 B z -8.245 (pess -7.936) -> G abstain | valid 17/17 | 3.42s (cem 0.37 refine 2.99 [60 steps] finals 0.05)
  [420/800] f104_pair_group_0219 B z -8.186 (pess -7.875) -> G abstain | valid 17/17 | 3.42s (cem 0.36 refine 3.00 [60 steps] finals 0.05)
  [421/800] f104_pair_group_0220 B z -7.686 (pess -7.341) -> G abstain | valid 17/17 | 3.40s (cem 0.36 refine 2.98 [60 steps] finals 0.05)
  [422/800] f104_pair_group_0221 B z -8.049 (pess -7.864) -> G abstain | valid 17/17 | 3.43s (cem 0.38 refine 2.99 [60 steps] finals 0.05)
  [423/800] f104_pair_group_0222 B z -8.114 (pess -7.793) -> G abstain | valid 17/17 | 3.43s (cem 0.38 refine 2.98 [60 steps] finals 0.05)
  [424/800] f104_pair_group_0223 B z -8.084 (pess -7.804) -> G abstain | valid 17/17 | 3.44s (cem 0.37 refine 3.01 [60 steps] finals 0.05)
  [425/800] f104_pair_group_0224 B z -7.983 (pess -7.621) -> G z -7.991 (pess -7.951) gain 0.331 from round0/sample step 23 | valid 17/17 | 3.41s (cem 0.37 refine 2.97 [60 steps] finals 0.05)
  [426/800] f104_pair_group_0225 B z -8.184 (pess -7.869) -> G abstain | valid 17/17 | 3.41s (cem 0.37 refine 2.98 [60 steps] finals 0.05)
  [427/800] f104_pair_group_0226 B z -8.196 (pess -7.923) -> G abstain | valid 17/17 | 3.45s (cem 0.40 refine 2.99 [60 steps] finals 0.05)
  [428/800] f104_pair_group_0227 B z -8.210 (pess -7.803) -> G abstain | valid 17/17 | 3.44s (cem 0.38 refine 3.00 [60 steps] finals 0.05)
  [429/800] f104_pair_group_0228 B z -8.249 (pess -7.910) -> G abstain | valid 17/17 | 3.41s (cem 0.36 refine 2.99 [60 steps] finals 0.05)
  [430/800] f104_pair_group_0229 B z -8.187 (pess -7.849) -> G abstain | valid 17/17 | 3.40s (cem 0.36 refine 2.98 [60 steps] finals 0.05)
  [431/800] f104_pair_group_0230 B z -8.202 (pess -7.979) -> G abstain | valid 17/17 | 3.43s (cem 0.37 refine 2.99 [60 steps] finals 0.05)
  [432/800] f104_pair_group_0231 B z -7.531 (pess -7.148) -> G abstain | valid 17/17 | 3.41s (cem 0.36 refine 2.99 [60 steps] finals 0.05)
  [433/800] f104_pair_group_0232 B z -7.040 (pess -6.004) -> G z -7.206 (pess -7.000) gain 0.998 from round0/anchor step 45 | valid 17/17 | 3.40s (cem 0.36 refine 2.97 [60 steps] finals 0.05)
  [434/800] f104_pair_group_0233 B z -8.139 (pess -7.883) -> G abstain | valid 17/17 | 3.40s (cem 0.36 refine 2.98 [60 steps] finals 0.05)
  [435/800] f104_pair_group_0234 B z -8.160 (pess -7.730) -> G abstain | valid 17/17 | 3.39s (cem 0.36 refine 2.97 [60 steps] finals 0.05)
  [436/800] f104_pair_group_0235 B z -8.149 (pess -7.844) -> G abstain | valid 17/17 | 3.41s (cem 0.36 refine 2.98 [60 steps] finals 0.05)
  [437/800] f104_pair_group_0236 B z -8.259 (pess -7.946) -> G abstain | valid 17/17 | 3.42s (cem 0.37 refine 2.98 [60 steps] finals 0.05)
  [438/800] f104_pair_group_0237 B z -8.229 (pess -7.914) -> G abstain | valid 17/17 | 3.41s (cem 0.36 refine 2.98 [60 steps] finals 0.05)
  [439/800] f104_pair_group_0238 B z -8.199 (pess -7.871) -> G abstain | valid 17/17 | 3.42s (cem 0.37 refine 2.98 [60 steps] finals 0.05)
  [440/800] f104_pair_group_0239 B z -8.242 (pess -7.932) -> G abstain | valid 17/17 | 3.43s (cem 0.37 refine 3.00 [60 steps] finals 0.05)
  [441/800] f104_pair_group_0240 B z -8.291 (pess -7.967) -> G abstain | valid 17/17 | 3.24s (cem 0.36 refine 2.81 [57 steps] finals 0.05)
  [442/800] f104_pair_group_0241 B z -8.196 (pess -7.823) -> G abstain | valid 17/17 | 3.43s (cem 0.36 refine 3.01 [60 steps] finals 0.05)
  [443/800] f104_pair_group_0242 B z -8.049 (pess -7.582) -> G abstain | valid 17/17 | 3.40s (cem 0.35 refine 2.99 [60 steps] finals 0.05)
  [444/800] f104_pair_group_0243 B z -7.814 (pess -7.313) -> G z -7.881 (pess -7.674) gain 0.361 from round0/sample step 42 | valid 17/17 | 3.41s (cem 0.36 refine 2.99 [60 steps] finals 0.05)
  [445/800] f104_pair_group_0244 B z -7.567 (pess -7.104) -> G z -7.949 (pess -7.534) gain 0.430 from B/anchor step 60 | valid 17/17 | 3.40s (cem 0.36 refine 2.98 [60 steps] finals 0.05)
  [446/800] f104_pair_group_0245 B z -7.203 (pess -6.383) -> G z -7.793 (pess -7.635) gain 1.252 from round0/sample step 53 | valid 17/17 | 3.44s (cem 0.36 refine 3.01 [60 steps] finals 0.05)
  [447/800] f104_pair_group_0246 B z -8.081 (pess -7.734) -> G abstain | valid 17/17 | 3.38s (cem 0.36 refine 2.96 [60 steps] finals 0.05)
  [448/800] f104_pair_group_0247 B z -7.213 (pess -5.823) -> G z -7.599 (pess -7.325) gain 1.502 from round0/sample step 44 | valid 17/17 | 3.39s (cem 0.36 refine 2.98 [60 steps] finals 0.05)
  [449/800] f104_pair_group_0248 B z -8.125 (pess -7.764) -> G abstain | valid 17/17 | 3.44s (cem 0.36 refine 3.02 [60 steps] finals 0.05)
  [450/800] f104_pair_group_0249 B z -8.179 (pess -7.923) -> G abstain | valid 17/17 | 3.43s (cem 0.37 refine 2.99 [60 steps] finals 0.05)
  [451/800] f104_pair_group_0250 B z -8.223 (pess -7.915) -> G abstain | valid 17/17 | 3.42s (cem 0.37 refine 2.98 [60 steps] finals 0.05)
  [452/800] f104_pair_group_0251 B z -8.136 (pess -7.787) -> G abstain | valid 17/17 | 3.45s (cem 0.39 refine 2.99 [60 steps] finals 0.05)
  [453/800] f104_pair_group_0252 B z -8.257 (pess -7.915) -> G abstain | valid 17/17 | 3.40s (cem 0.36 refine 2.97 [60 steps] finals 0.05)
  [454/800] f104_pair_group_0253 B z -8.064 (pess -7.829) -> G abstain | valid 17/17 | 3.39s (cem 0.36 refine 2.97 [60 steps] finals 0.05)
  [455/800] f104_pair_group_0254 B z -8.173 (pess -7.927) -> G abstain | valid 17/17 | 3.41s (cem 0.37 refine 2.98 [60 steps] finals 0.05)
  [456/800] f104_pair_group_0255 B z -8.091 (pess -7.724) -> G abstain | valid 17/17 | 3.41s (cem 0.36 refine 2.99 [60 steps] finals 0.05)
  [457/800] f104_pair_group_0256 B z -8.134 (pess -7.836) -> G abstain | valid 17/17 | 3.45s (cem 0.38 refine 3.00 [60 steps] finals 0.05)
  [458/800] f104_pair_group_0257 B z -8.233 (pess -7.930) -> G abstain | valid 17/17 | 3.42s (cem 0.37 refine 2.99 [60 steps] finals 0.05)
  [459/800] f104_pair_group_0258 B z -8.117 (pess -7.751) -> G abstain | valid 17/17 | 3.41s (cem 0.37 refine 2.98 [60 steps] finals 0.05)
  [460/800] f104_pair_group_0259 B z -8.141 (pess -7.901) -> G abstain | valid 17/17 | 3.42s (cem 0.36 refine 3.00 [60 steps] finals 0.05)
  [461/800] f104_pair_group_0260 B z -8.068 (pess -7.842) -> G abstain | valid 17/17 | 3.43s (cem 0.39 refine 2.97 [60 steps] finals 0.05)
  [462/800] f104_pair_group_0261 B z -8.237 (pess -7.948) -> G abstain | valid 17/17 | 3.39s (cem 0.36 refine 2.97 [60 steps] finals 0.05)
  [463/800] f104_pair_group_0262 B z -8.202 (pess -7.784) -> G abstain | valid 17/17 | 3.43s (cem 0.36 refine 3.01 [60 steps] finals 0.05)
  [464/800] f104_pair_group_0263 B z -8.137 (pess -7.859) -> G abstain | valid 17/17 | 3.44s (cem 0.36 refine 3.01 [60 steps] finals 0.05)
  [465/800] f104_pair_group_0264 B z -8.215 (pess -7.917) -> G abstain | valid 17/17 | 3.42s (cem 0.37 refine 2.99 [60 steps] finals 0.05)
  [466/800] f104_pair_group_0265 B z -8.228 (pess -7.913) -> G abstain | valid 17/17 | 3.41s (cem 0.36 refine 2.98 [60 steps] finals 0.05)
  [467/800] f104_pair_group_0266 B z -5.545 (pess 0.608) -> G z -7.896 (pess -7.729) gain 8.339 from round0/sample step 45 | valid 17/17 | 3.43s (cem 0.36 refine 3.01 [60 steps] finals 0.05)
  [468/800] f104_pair_group_0267 B z -8.180 (pess -7.861) -> G abstain | valid 17/17 | 3.41s (cem 0.36 refine 2.99 [60 steps] finals 0.05)
  [469/800] f104_pair_group_0268 B z -8.145 (pess -7.848) -> G abstain | valid 17/17 | 3.42s (cem 0.37 refine 2.99 [60 steps] finals 0.05)
  [470/800] f104_pair_group_0269 B z -8.166 (pess -7.861) -> G abstain | valid 17/17 | 3.42s (cem 0.36 refine 3.00 [60 steps] finals 0.05)
  [471/800] f104_pair_group_0270 B z -8.039 (pess -7.492) -> G z -8.025 (pess -7.834) gain 0.342 from round0/sample step 13 | valid 17/17 | 3.41s (cem 0.36 refine 3.00 [60 steps] finals 0.05)
  [472/800] f104_pair_group_0271 B z -7.941 (pess -7.630) -> G abstain | valid 17/17 | 3.40s (cem 0.35 refine 2.98 [60 steps] finals 0.05)
  [473/800] f104_pair_group_0272 B z -8.186 (pess -7.874) -> G abstain | valid 17/17 | 3.41s (cem 0.37 refine 2.98 [60 steps] finals 0.05)
  [474/800] f104_pair_group_0273 B z -8.173 (pess -7.871) -> G abstain | valid 17/17 | 3.41s (cem 0.37 refine 2.97 [60 steps] finals 0.05)
  [475/800] f104_pair_group_0274 B z -8.156 (pess -7.867) -> G abstain | valid 17/17 | 3.44s (cem 0.37 refine 3.01 [60 steps] finals 0.05)
  [476/800] f104_pair_group_0275 B z -8.208 (pess -7.892) -> G abstain | valid 17/17 | 3.43s (cem 0.38 refine 2.99 [60 steps] finals 0.05)
  [477/800] f104_pair_group_0276 B z -8.274 (pess -7.942) -> G abstain | valid 17/17 | 3.42s (cem 0.36 refine 2.99 [60 steps] finals 0.05)
  [478/800] f104_pair_group_0277 B z -7.942 (pess -7.383) -> G z -8.059 (pess -7.757) gain 0.373 from B/sample step 52 | valid 17/17 | 3.43s (cem 0.37 refine 2.99 [60 steps] finals 0.05)
  [479/800] f104_pair_group_0278 B z -4.986 (pess -2.573) -> G z -7.387 (pess -7.139) gain 4.571 from round0/sample step 60 | valid 17/17 | 3.41s (cem 0.36 refine 2.98 [60 steps] finals 0.05)
  [480/800] f104_pair_group_0279 B z -6.956 (pess -4.204) -> G z -7.714 (pess -7.640) gain 3.437 from round0/sample step 41 | valid 17/17 | 3.41s (cem 0.37 refine 2.98 [60 steps] finals 0.05)
  [481/800] f104_pair_group_0280 B z -6.580 (pess -5.441) -> G z -7.696 (pess -7.418) gain 1.973 from round0/sample step 59 | valid 17/17 | 3.44s (cem 0.38 refine 3.00 [60 steps] finals 0.05)
  [482/800] f104_pair_group_0281 B z -7.050 (pess -5.926) -> G z -7.897 (pess -7.670) gain 1.745 from B/mean step 52 | valid 17/17 | 3.42s (cem 0.36 refine 3.01 [60 steps] finals 0.05)
  [483/800] f104_pair_group_0282 B z -8.061 (pess -7.867) -> G abstain | valid 17/17 | 3.42s (cem 0.36 refine 3.00 [60 steps] finals 0.05)
  [484/800] f104_pair_group_0283 B z -8.213 (pess -7.904) -> G abstain | valid 17/17 | 3.42s (cem 0.36 refine 2.99 [60 steps] finals 0.05)
  [485/800] f104_pair_group_0284 B z -7.990 (pess -7.513) -> G abstain | valid 17/17 | 3.41s (cem 0.38 refine 2.98 [60 steps] finals 0.05)
  [486/800] f104_pair_group_0285 B z -8.146 (pess -7.871) -> G abstain | valid 17/17 | 3.44s (cem 0.37 refine 3.00 [60 steps] finals 0.05)
  [487/800] f104_pair_group_0286 B z -8.121 (pess -7.842) -> G abstain | valid 17/17 | 3.44s (cem 0.39 refine 2.99 [60 steps] finals 0.05)
  [488/800] f104_pair_group_0287 B z -8.024 (pess -7.794) -> G abstain | valid 17/17 | 3.42s (cem 0.38 refine 2.98 [60 steps] finals 0.05)
  [489/800] f104_pair_group_0288 B z -8.271 (pess -7.898) -> G abstain | valid 17/17 | 3.41s (cem 0.37 refine 2.99 [60 steps] finals 0.05)
  [490/800] f104_pair_group_0289 B z -8.100 (pess -7.893) -> G abstain | valid 17/17 | 3.41s (cem 0.37 refine 2.98 [60 steps] finals 0.05)
  [491/800] f104_pair_group_0290 B z -7.904 (pess -7.115) -> G z -8.184 (pess -7.860) gain 0.742 from B/sample step 59 | valid 17/17 | 3.42s (cem 0.36 refine 2.99 [60 steps] finals 0.05)
  [492/800] f104_pair_group_0291 B z -8.057 (pess -7.807) -> G abstain | valid 17/17 | 3.41s (cem 0.37 refine 2.98 [60 steps] finals 0.05)
  [493/800] f104_pair_group_0292 B z -6.047 (pess -4.708) -> G z -7.397 (pess -7.203) gain 2.485 from round0/anchor step 27 | valid 17/17 | 3.40s (cem 0.36 refine 2.98 [60 steps] finals 0.05)
  [494/800] f104_pair_group_0293 B z -8.046 (pess -7.813) -> G abstain | valid 17/17 | 1.92s (cem 0.36 refine 1.51 [60 steps] finals 0.04)
  [495/800] f104_pair_group_0294 B z -8.093 (pess -7.819) -> G abstain | valid 17/17 | 2.22s (cem 0.36 refine 1.79 [60 steps] finals 0.05)
  [496/800] f104_pair_group_0295 B z -8.177 (pess -7.919) -> G abstain | valid 17/17 | 1.97s (cem 0.37 refine 1.54 [60 steps] finals 0.05)
  [497/800] f104_pair_group_0296 B z -5.881 (pess -2.317) -> G z -7.181 (pess -6.796) gain 4.474 from round0/sample step 60 | valid 17/17 | 1.93s (cem 0.36 refine 1.52 [60 steps] finals 0.04)
  [498/800] f104_pair_group_0297 B z -8.251 (pess -7.954) -> G abstain | valid 17/17 | 1.95s (cem 0.36 refine 1.53 [60 steps] finals 0.05)
  [499/800] f104_pair_group_0298 B z -8.209 (pess -7.891) -> G abstain | valid 17/17 | 1.95s (cem 0.37 refine 1.52 [60 steps] finals 0.05)
  [500/800] f104_pair_group_0299 B z -8.065 (pess -7.838) -> G abstain | valid 17/17 | 1.98s (cem 0.38 refine 1.53 [60 steps] finals 0.05)
  [501/800] f104_pair_group_0300 B z -8.211 (pess -7.959) -> G abstain | valid 17/17 | 1.94s (cem 0.37 refine 1.52 [60 steps] finals 0.04)
  [502/800] f104_pair_group_0301 B z -8.175 (pess -7.854) -> G abstain | valid 17/17 | 3.14s (cem 0.36 refine 2.72 [60 steps] finals 0.05)
  [503/800] f104_pair_group_0302 B z -8.189 (pess -7.880) -> G abstain | valid 17/17 | 3.44s (cem 0.38 refine 3.00 [60 steps] finals 0.05)
  [504/800] f104_pair_group_0303 B z -8.158 (pess -7.785) -> G abstain | valid 17/17 | 3.40s (cem 0.36 refine 2.97 [60 steps] finals 0.05)
  [505/800] f104_pair_group_0304 B z -8.032 (pess -7.582) -> G abstain | valid 17/17 | 3.41s (cem 0.37 refine 2.98 [60 steps] finals 0.05)
  [506/800] f104_pair_group_0305 B z -8.046 (pess -7.847) -> G abstain | valid 17/17 | 3.43s (cem 0.37 refine 3.00 [60 steps] finals 0.05)
  [507/800] f104_pair_group_0306 B z -7.990 (pess -7.731) -> G abstain | valid 17/17 | 3.40s (cem 0.37 refine 2.97 [60 steps] finals 0.05)
  [508/800] f104_pair_group_0307 B z -8.182 (pess -7.893) -> G abstain | valid 17/17 | 3.41s (cem 0.36 refine 2.98 [60 steps] finals 0.05)
  [509/800] f104_pair_group_0308 B z -8.187 (pess -7.816) -> G abstain | valid 17/17 | 3.45s (cem 0.40 refine 2.99 [60 steps] finals 0.05)
  [510/800] f104_pair_group_0309 B z -8.130 (pess -7.845) -> G abstain | valid 17/17 | 3.42s (cem 0.36 refine 2.99 [60 steps] finals 0.05)
  [511/800] f104_pair_group_0310 B z -8.216 (pess -7.919) -> G abstain | valid 17/17 | 3.43s (cem 0.38 refine 2.98 [60 steps] finals 0.05)
  [512/800] f104_pair_group_0311 B z -8.184 (pess -7.898) -> G abstain | valid 17/17 | 3.43s (cem 0.37 refine 2.99 [60 steps] finals 0.05)
  [513/800] f104_pair_group_0312 B z -8.290 (pess -7.929) -> G abstain | valid 17/17 | 3.41s (cem 0.36 refine 2.98 [60 steps] finals 0.05)
  [514/800] f104_pair_group_0313 B z -8.233 (pess -7.872) -> G abstain | valid 17/17 | 3.41s (cem 0.37 refine 2.98 [60 steps] finals 0.05)
  [515/800] f104_pair_group_0314 B z -6.985 (pess -5.262) -> G z -7.859 (pess -7.404) gain 2.139 from B/sample step 47 | valid 17/17 | 3.41s (cem 0.37 refine 2.97 [60 steps] finals 0.05)
  [516/800] f104_pair_group_0315 B z -8.000 (pess -7.781) -> G abstain | valid 17/17 | 3.38s (cem 0.36 refine 2.96 [60 steps] finals 0.05)
  [517/800] f104_pair_group_0316 B z -7.884 (pess -7.653) -> G abstain | valid 17/17 | 3.41s (cem 0.36 refine 2.98 [60 steps] finals 0.05)
  [518/800] f104_pair_group_0317 B z -7.890 (pess -7.687) -> G abstain | valid 17/17 | 3.42s (cem 0.37 refine 2.98 [60 steps] finals 0.05)
  [519/800] f104_pair_group_0318 B z -8.173 (pess -7.903) -> G abstain | valid 17/17 | 3.41s (cem 0.37 refine 2.98 [60 steps] finals 0.05)
  [520/800] f104_pair_group_0319 B z -8.201 (pess -7.914) -> G abstain | valid 17/17 | 3.46s (cem 0.37 refine 3.03 [60 steps] finals 0.05)
  [521/800] f104_pair_group_0320 B z -8.049 (pess -7.617) -> G abstain | valid 17/17 | 3.40s (cem 0.36 refine 2.97 [60 steps] finals 0.05)
  [522/800] f104_pair_group_0321 B z -8.188 (pess -7.876) -> G abstain | valid 17/17 | 3.36s (cem 0.36 refine 2.93 [60 steps] finals 0.05)
  [523/800] f104_pair_group_0322 B z -8.205 (pess -7.891) -> G abstain | valid 17/17 | 3.47s (cem 0.40 refine 3.00 [60 steps] finals 0.06)
  [524/800] f104_pair_group_0323 B z -8.155 (pess -7.928) -> G abstain | valid 17/17 | 3.39s (cem 0.38 refine 2.95 [60 steps] finals 0.05)
  [525/800] f104_pair_group_0324 B z -8.236 (pess -7.889) -> G abstain | valid 17/17 | 3.41s (cem 0.37 refine 2.98 [60 steps] finals 0.05)
  [526/800] f104_pair_group_0325 B z -8.173 (pess -7.899) -> G abstain | valid 17/17 | 3.39s (cem 0.36 refine 2.97 [60 steps] finals 0.05)
  [527/800] f104_pair_group_0326 B z -8.172 (pess -7.828) -> G abstain | valid 17/17 | 3.42s (cem 0.38 refine 2.98 [60 steps] finals 0.05)
  [528/800] f104_pair_group_0327 B z -8.225 (pess -7.908) -> G abstain | valid 17/17 | 3.41s (cem 0.38 refine 2.97 [60 steps] finals 0.05)
  [529/800] f104_pair_group_0328 B z -8.013 (pess -7.611) -> G abstain | valid 17/17 | 3.38s (cem 0.36 refine 2.96 [60 steps] finals 0.05)
  [530/800] f104_pair_group_0329 B z -8.189 (pess -7.921) -> G abstain | valid 17/17 | 3.41s (cem 0.36 refine 2.99 [60 steps] finals 0.05)
  [531/800] f104_pair_group_0330 B z -8.090 (pess -7.682) -> G abstain | valid 17/17 | 3.20s (cem 0.36 refine 2.79 [60 steps] finals 0.05)
  [532/800] f104_pair_group_0331 B z -8.122 (pess -7.825) -> G abstain | valid 17/17 | 3.11s (cem 0.35 refine 2.70 [60 steps] finals 0.05)
  [533/800] f104_pair_group_0332 B z -8.059 (pess -7.763) -> G abstain | valid 17/17 | 3.42s (cem 0.37 refine 2.98 [60 steps] finals 0.05)
  [534/800] f104_pair_group_0333 B z -8.189 (pess -7.901) -> G abstain | valid 17/17 | 3.45s (cem 0.39 refine 3.00 [60 steps] finals 0.05)
  [535/800] f104_pair_group_0334 B z -8.171 (pess -7.900) -> G abstain | valid 17/17 | 3.34s (cem 0.38 refine 2.89 [60 steps] finals 0.05)
  [536/800] f104_pair_group_0335 B z -8.200 (pess -7.875) -> G abstain | valid 17/17 | 3.41s (cem 0.36 refine 2.98 [60 steps] finals 0.05)
  [537/800] f104_pair_group_0336 B z -8.245 (pess -7.927) -> G abstain | valid 17/17 | 3.43s (cem 0.36 refine 3.01 [60 steps] finals 0.05)
  [538/800] f104_pair_group_0337 B z -7.906 (pess -7.366) -> G z -8.088 (pess -7.841) gain 0.474 from round0/sample step 60 | valid 17/17 | 3.42s (cem 0.36 refine 3.00 [60 steps] finals 0.05)
  [539/800] f104_pair_group_0338 B z -8.234 (pess -7.946) -> G abstain | valid 17/17 | 1.91s (cem 0.36 refine 1.49 [60 steps] finals 0.05)
  [540/800] f104_pair_group_0339 B z -8.009 (pess -7.570) -> G abstain | valid 17/17 | 2.00s (cem 0.36 refine 1.58 [60 steps] finals 0.05)
  [541/800] f104_pair_group_0340 B z -7.636 (pess -7.402) -> G z -7.940 (pess -7.806) gain 0.404 from round0/anchor step 57 | valid 17/17 | 3.41s (cem 0.36 refine 2.99 [60 steps] finals 0.05)
  [542/800] f104_pair_group_0341 B z -7.925 (pess -7.509) -> G abstain | valid 17/17 | 3.43s (cem 0.36 refine 3.01 [60 steps] finals 0.05)
  [543/800] f104_pair_group_0342 B z -8.143 (pess -7.868) -> G abstain | valid 17/17 | 3.41s (cem 0.36 refine 2.99 [60 steps] finals 0.05)
  [544/800] f104_pair_group_0343 B z -8.034 (pess -7.706) -> G abstain | valid 17/17 | 3.42s (cem 0.36 refine 2.99 [60 steps] finals 0.05)
  [545/800] f104_pair_group_0344 B z -8.123 (pess -7.832) -> G abstain | valid 17/17 | 3.41s (cem 0.39 refine 2.97 [60 steps] finals 0.05)
  [546/800] f104_pair_group_0345 B z -8.201 (pess -7.864) -> G abstain | valid 17/17 | 3.44s (cem 0.37 refine 3.00 [60 steps] finals 0.05)
  [547/800] f104_pair_group_0346 B z -8.244 (pess -7.935) -> G abstain | valid 17/17 | 3.42s (cem 0.36 refine 3.00 [60 steps] finals 0.05)
  [548/800] f104_pair_group_0347 B z -8.195 (pess -7.856) -> G abstain | valid 17/17 | 3.46s (cem 0.38 refine 3.01 [60 steps] finals 0.06)
  [549/800] f104_pair_group_0348 B z -8.252 (pess -7.892) -> G abstain | valid 17/17 | 3.41s (cem 0.36 refine 2.99 [60 steps] finals 0.05)
  [550/800] f104_pair_group_0349 B z -8.138 (pess -7.795) -> G abstain | valid 17/17 | 3.42s (cem 0.36 refine 3.00 [60 steps] finals 0.05)
  [551/800] f104_pair_group_0350 B z -8.228 (pess -7.904) -> G abstain | valid 17/17 | 3.42s (cem 0.35 refine 3.00 [60 steps] finals 0.05)
  [552/800] f104_pair_group_0351 B z -3.773 (pess -0.700) -> G z -5.476 (pess -4.061) gain 3.360 from B/sample step 37 | valid 17/17 | 3.39s (cem 0.35 refine 2.98 [60 steps] finals 0.05)
  [553/800] f104_pair_group_0352 B z -8.161 (pess -7.857) -> G abstain | valid 17/17 | 3.14s (cem 0.36 refine 2.72 [60 steps] finals 0.05)
  [554/800] f104_pair_group_0353 B z -7.456 (pess -6.484) -> G z -7.948 (pess -7.843) gain 1.362 from round0/sample step 32 | valid 17/17 | 3.18s (cem 0.38 refine 2.74 [60 steps] finals 0.05)
  [555/800] f104_pair_group_0354 B z -8.195 (pess -7.900) -> G abstain | valid 17/17 | 3.40s (cem 0.36 refine 2.98 [60 steps] finals 0.05)
  [556/800] f104_pair_group_0355 B z -8.089 (pess -7.804) -> G abstain | valid 17/17 | 3.47s (cem 0.38 refine 3.04 [60 steps] finals 0.05)
  [557/800] f104_pair_group_0356 B z -8.071 (pess -7.650) -> G abstain | valid 17/17 | 3.48s (cem 0.36 refine 3.06 [60 steps] finals 0.05)
  [558/800] f104_pair_group_0357 B z -8.175 (pess -7.883) -> G abstain | valid 17/17 | 3.41s (cem 0.35 refine 2.99 [60 steps] finals 0.05)
  [559/800] f104_pair_group_0358 B z -7.554 (pess -6.630) -> G z -8.008 (pess -7.758) gain 1.134 from B/sample step 13 | valid 17/17 | 3.54s (cem 0.41 refine 3.06 [60 steps] finals 0.06)
  [560/800] f104_pair_group_0359 B z -8.188 (pess -7.864) -> G abstain | valid 17/17 | 3.50s (cem 0.37 refine 3.06 [60 steps] finals 0.05)
  [561/800] f104_pair_group_0360 B z -8.103 (pess -7.820) -> G abstain | valid 17/17 | 3.42s (cem 0.36 refine 3.00 [60 steps] finals 0.05)
  [562/800] f104_pair_group_0361 B z -8.226 (pess -7.944) -> G abstain | valid 17/17 | 3.41s (cem 0.36 refine 2.99 [60 steps] finals 0.05)
  [563/800] f104_pair_group_0362 B z -8.104 (pess -7.943) -> G abstain | valid 17/17 | 3.47s (cem 0.38 refine 3.02 [60 steps] finals 0.05)
  [564/800] f104_pair_group_0363 B z -7.770 (pess -7.551) -> G abstain | valid 17/17 | 3.46s (cem 0.36 refine 3.03 [60 steps] finals 0.05)
  [565/800] f104_pair_group_0364 B z -7.931 (pess -7.709) -> G abstain | valid 17/17 | 3.42s (cem 0.36 refine 3.00 [60 steps] finals 0.05)
  [566/800] f104_pair_group_0365 B z -7.858 (pess -7.573) -> G abstain | valid 17/17 | 3.44s (cem 0.36 refine 3.03 [60 steps] finals 0.05)
  [567/800] f104_pair_group_0366 B z -8.081 (pess -7.891) -> G abstain | valid 17/17 | 3.46s (cem 0.36 refine 3.04 [60 steps] finals 0.05)
  [568/800] f104_pair_group_0367 B z -8.114 (pess -7.842) -> G abstain | valid 17/17 | 3.46s (cem 0.36 refine 3.04 [60 steps] finals 0.05)
  [569/800] f104_pair_group_0368 B z -8.044 (pess -7.773) -> G abstain | valid 17/17 | 3.42s (cem 0.37 refine 2.99 [60 steps] finals 0.05)
  [570/800] f104_pair_group_0369 B z -8.138 (pess -7.841) -> G abstain | valid 17/17 | 3.44s (cem 0.38 refine 3.00 [60 steps] finals 0.05)
  [571/800] f104_pair_group_0370 B z -8.261 (pess -7.911) -> G abstain | valid 17/17 | 3.41s (cem 0.36 refine 2.99 [60 steps] finals 0.05)
  [572/800] f104_pair_group_0371 B z -8.239 (pess -7.931) -> G abstain | valid 17/17 | 3.44s (cem 0.40 refine 2.97 [60 steps] finals 0.05)
  [573/800] f104_pair_group_0372 B z -8.190 (pess -7.911) -> G abstain | valid 17/17 | 3.47s (cem 0.37 refine 3.04 [60 steps] finals 0.06)
  [574/800] f104_pair_group_0373 B z -7.971 (pess -7.591) -> G abstain | valid 17/17 | 3.42s (cem 0.36 refine 3.00 [60 steps] finals 0.05)
  [575/800] f104_pair_group_0374 B z -8.236 (pess -7.933) -> G abstain | valid 17/17 | 3.41s (cem 0.37 refine 2.98 [60 steps] finals 0.05)
  [576/800] f104_pair_group_0375 B z -8.026 (pess -7.750) -> G abstain | valid 17/17 | 3.50s (cem 0.46 refine 2.98 [60 steps] finals 0.05)
  [577/800] f104_pair_group_0376 B z -7.776 (pess -7.543) -> G abstain | valid 17/17 | 3.43s (cem 0.36 refine 3.00 [60 steps] finals 0.05)
  [578/800] f104_pair_group_0377 B z -7.583 (pess -7.315) -> G z -7.908 (pess -7.790) gain 0.476 from B/sample step 47 | valid 17/17 | 3.40s (cem 0.36 refine 2.98 [60 steps] finals 0.05)
  [579/800] f104_pair_group_0378 B z -8.039 (pess -7.698) -> G abstain | valid 17/17 | 3.39s (cem 0.36 refine 2.97 [60 steps] finals 0.05)
  [580/800] f104_pair_group_0379 B z -8.038 (pess -7.850) -> G abstain | valid 17/17 | 3.40s (cem 0.36 refine 2.98 [60 steps] finals 0.05)
  [581/800] f104_pair_group_0380 B z -8.281 (pess -7.953) -> G abstain | valid 17/17 | 3.43s (cem 0.38 refine 2.98 [60 steps] finals 0.05)
  [582/800] f104_pair_group_0381 B z -8.057 (pess -7.577) -> G abstain | valid 17/17 | 3.42s (cem 0.37 refine 2.99 [60 steps] finals 0.05)
  [583/800] f104_pair_group_0382 B z -8.258 (pess -7.932) -> G abstain | valid 17/17 | 3.43s (cem 0.37 refine 2.99 [60 steps] finals 0.05)
  [584/800] f104_pair_group_0383 B z -8.213 (pess -7.911) -> G abstain | valid 17/17 | 3.46s (cem 0.40 refine 2.99 [60 steps] finals 0.06)
  [585/800] f104_pair_group_0384 B z -8.253 (pess -7.927) -> G abstain | valid 17/17 | 3.03s (cem 0.37 refine 2.59 [52 steps] finals 0.06)
  [586/800] f104_pair_group_0385 B z -7.996 (pess -7.726) -> G abstain | valid 17/17 | 3.41s (cem 0.37 refine 2.97 [60 steps] finals 0.05)
  [587/800] f104_pair_group_0386 B z -8.191 (pess -7.890) -> G abstain | valid 17/17 | 3.43s (cem 0.37 refine 3.00 [60 steps] finals 0.05)
  [588/800] f104_pair_group_0387 B z -8.118 (pess -7.828) -> G abstain | valid 17/17 | 3.44s (cem 0.38 refine 3.00 [60 steps] finals 0.05)
  [589/800] f104_pair_group_0388 B z -8.158 (pess -7.874) -> G abstain | valid 17/17 | 3.41s (cem 0.36 refine 2.99 [60 steps] finals 0.05)
  [590/800] f104_pair_group_0389 B z -8.083 (pess -7.851) -> G abstain | valid 17/17 | 3.34s (cem 0.36 refine 2.92 [60 steps] finals 0.05)
  [591/800] f104_pair_group_0390 B z -8.220 (pess -7.814) -> G abstain | valid 17/17 | 3.46s (cem 0.36 refine 3.04 [60 steps] finals 0.05)
  [592/800] f104_pair_group_0391 B z -8.155 (pess -7.786) -> G abstain | valid 17/17 | 3.42s (cem 0.37 refine 2.99 [60 steps] finals 0.05)
  [593/800] f104_pair_group_0392 B z -8.209 (pess -7.919) -> G abstain | valid 17/17 | 3.40s (cem 0.36 refine 2.98 [60 steps] finals 0.05)
  [594/800] f104_pair_group_0393 B z -8.182 (pess -7.806) -> G abstain | valid 17/17 | 3.40s (cem 0.36 refine 2.97 [60 steps] finals 0.05)
  [595/800] f104_pair_group_0394 B z -8.241 (pess -7.959) -> G abstain | valid 17/17 | 3.42s (cem 0.38 refine 2.98 [60 steps] finals 0.05)
  [596/800] f104_pair_group_0395 B z -8.169 (pess -7.880) -> G abstain | valid 17/17 | 3.43s (cem 0.38 refine 2.98 [60 steps] finals 0.05)
  [597/800] f104_pair_group_0396 B z -8.193 (pess -7.880) -> G abstain | valid 17/17 | 3.42s (cem 0.38 refine 2.98 [60 steps] finals 0.05)
  [598/800] f104_pair_group_0397 B z -8.184 (pess -7.873) -> G abstain | valid 17/17 | 3.41s (cem 0.36 refine 2.99 [60 steps] finals 0.05)
  [599/800] f104_pair_group_0398 B z -8.231 (pess -7.957) -> G abstain | valid 17/17 | 3.48s (cem 0.38 refine 3.03 [60 steps] finals 0.05)
  [600/800] f104_pair_group_0399 B z -8.183 (pess -7.922) -> G abstain | valid 17/17 | 3.40s (cem 0.36 refine 2.98 [60 steps] finals 0.05)
  [601/800] f104_pair_group_0400 B z -7.846 (pess -6.900) -> G z -8.154 (pess -7.870) gain 0.969 from B/sample step 11 | valid 17/17 | 3.44s (cem 0.38 refine 2.99 [60 steps] finals 0.06)
  [602/800] f104_pair_group_0401 B z -8.176 (pess -7.896) -> G abstain | valid 17/17 | 3.43s (cem 0.38 refine 2.98 [60 steps] finals 0.05)
  [603/800] f104_pair_group_0402 B z -8.174 (pess -7.907) -> G abstain | valid 17/17 | 3.41s (cem 0.36 refine 2.98 [60 steps] finals 0.05)
  [604/800] f104_pair_group_0403 B z -8.212 (pess -7.937) -> G abstain | valid 17/17 | 3.41s (cem 0.37 refine 2.98 [60 steps] finals 0.05)
  [605/800] f104_pair_group_0404 B z -7.906 (pess -7.468) -> G abstain | valid 17/17 | 3.42s (cem 0.36 refine 3.00 [60 steps] finals 0.05)
  [606/800] f104_pair_group_0405 B z -8.242 (pess -7.912) -> G abstain | valid 17/17 | 3.48s (cem 0.38 refine 3.04 [60 steps] finals 0.05)
  [607/800] f104_pair_group_0406 B z -8.235 (pess -7.900) -> G abstain | valid 17/17 | 3.45s (cem 0.40 refine 2.98 [60 steps] finals 0.05)
  [608/800] f104_pair_group_0407 B z -8.189 (pess -7.873) -> G abstain | valid 17/17 | 3.47s (cem 0.39 refine 3.00 [60 steps] finals 0.05)
  [609/800] f104_pair_group_0408 B z -8.244 (pess -7.933) -> G abstain | valid 17/17 | 3.47s (cem 0.37 refine 3.03 [60 steps] finals 0.06)
  [610/800] f104_pair_group_0409 B z -8.234 (pess -7.880) -> G abstain | valid 17/17 | 2.69s (cem 0.36 refine 2.27 [60 steps] finals 0.05)
  [611/800] f104_pair_group_0410 B z -8.226 (pess -7.803) -> G abstain | valid 17/17 | 3.81s (cem 0.40 refine 3.35 [60 steps] finals 0.05)
  [612/800] f104_pair_group_0411 B z -7.999 (pess -7.799) -> G abstain | valid 17/17 | 3.76s (cem 0.38 refine 3.32 [60 steps] finals 0.05)
  [613/800] f104_pair_group_0412 B z -8.158 (pess -7.905) -> G abstain | valid 17/17 | 3.67s (cem 0.41 refine 3.19 [60 steps] finals 0.05)
  [614/800] f104_pair_group_0413 B z -8.188 (pess -7.941) -> G abstain | valid 17/17 | 3.49s (cem 0.38 refine 3.05 [60 steps] finals 0.05)
  [615/800] f104_pair_group_0414 B z -8.117 (pess -7.841) -> G abstain | valid 17/17 | 3.41s (cem 0.36 refine 2.99 [60 steps] finals 0.05)
  [616/800] f104_pair_group_0415 B z -8.167 (pess -7.886) -> G abstain | valid 17/17 | 3.42s (cem 0.37 refine 2.98 [60 steps] finals 0.05)
  [617/800] f104_pair_group_0416 B z -8.252 (pess -7.939) -> G abstain | valid 17/17 | 3.41s (cem 0.37 refine 2.98 [60 steps] finals 0.05)
  [618/800] f104_pair_group_0417 B z -8.054 (pess -7.825) -> G abstain | valid 17/17 | 3.45s (cem 0.38 refine 3.00 [60 steps] finals 0.05)
  [619/800] f104_pair_group_0418 B z -8.258 (pess -7.910) -> G abstain | valid 17/17 | 3.45s (cem 0.38 refine 2.99 [60 steps] finals 0.06)
  [620/800] f104_pair_group_0419 B z -8.159 (pess -7.940) -> G abstain | valid 17/17 | 3.42s (cem 0.37 refine 2.99 [60 steps] finals 0.05)
  [621/800] f104_pair_group_0420 B z -8.268 (pess -7.920) -> G abstain | valid 17/17 | 3.42s (cem 0.37 refine 2.99 [60 steps] finals 0.05)
  [622/800] f104_pair_group_0421 B z -8.228 (pess -7.875) -> G abstain | valid 17/17 | 3.41s (cem 0.36 refine 2.98 [60 steps] finals 0.05)
  [623/800] f104_pair_group_0422 B z -7.767 (pess -7.614) -> G abstain | valid 17/17 | 3.41s (cem 0.37 refine 2.98 [60 steps] finals 0.05)
  [624/800] f104_pair_group_0423 B z -8.023 (pess -7.769) -> G abstain | valid 17/17 | 3.40s (cem 0.36 refine 2.97 [60 steps] finals 0.05)
  [625/800] f104_pair_group_0424 B z -8.092 (pess -7.749) -> G abstain | valid 17/17 | 3.40s (cem 0.37 refine 2.97 [60 steps] finals 0.05)
  [626/800] f104_pair_group_0425 B z -8.016 (pess -7.734) -> G abstain | valid 17/17 | 3.44s (cem 0.37 refine 3.01 [60 steps] finals 0.05)
  [627/800] f104_pair_group_0426 B z -8.108 (pess -7.911) -> G abstain | valid 17/17 | 3.43s (cem 0.36 refine 3.02 [60 steps] finals 0.05)
  [628/800] f104_pair_group_0427 B z -8.180 (pess -7.864) -> G abstain | valid 17/17 | 3.39s (cem 0.36 refine 2.97 [60 steps] finals 0.05)
  [629/800] f104_pair_group_0428 B z -8.161 (pess -7.916) -> G abstain | valid 17/17 | 3.43s (cem 0.38 refine 2.99 [60 steps] finals 0.05)
  [630/800] f104_pair_group_0429 B z -8.202 (pess -7.905) -> G abstain | valid 17/17 | 3.41s (cem 0.41 refine 2.93 [60 steps] finals 0.06)
  [631/800] f104_pair_group_0430 B z -8.184 (pess -7.770) -> G abstain | valid 17/17 | 3.40s (cem 0.37 refine 2.97 [60 steps] finals 0.05)
  [632/800] f104_pair_group_0431 B z -8.218 (pess -7.952) -> G abstain | valid 17/17 | 3.46s (cem 0.37 refine 3.02 [60 steps] finals 0.05)
  [633/800] f104_pair_group_0432 B z -8.217 (pess -7.914) -> G abstain | valid 17/17 | 3.42s (cem 0.37 refine 3.00 [60 steps] finals 0.05)
  [634/800] f104_pair_group_0433 B z -8.192 (pess -7.853) -> G abstain | valid 17/17 | 3.41s (cem 0.36 refine 2.98 [60 steps] finals 0.05)
  [635/800] f104_pair_group_0434 B z -7.972 (pess -7.815) -> G abstain | valid 17/17 | 3.36s (cem 0.39 refine 2.90 [60 steps] finals 0.05)
  [636/800] f104_pair_group_0435 B z -7.919 (pess -7.641) -> G abstain | valid 17/17 | 3.41s (cem 0.37 refine 2.98 [60 steps] finals 0.05)
  [637/800] f104_pair_group_0436 B z -6.581 (pess -3.659) -> G z -6.309 (pess -5.335) gain 1.674 from round0/sample step 53 | valid 17/17 | 3.39s (cem 0.36 refine 2.97 [60 steps] finals 0.05)
  [638/800] f104_pair_group_0437 B z -7.916 (pess -7.647) -> G abstain | valid 17/17 | 3.40s (cem 0.37 refine 2.97 [60 steps] finals 0.05)
  [639/800] f104_pair_group_0438 B z -8.081 (pess -7.880) -> G abstain | valid 17/17 | 3.33s (cem 0.35 refine 2.91 [60 steps] finals 0.05)
  [640/800] f104_pair_group_0439 B z -7.978 (pess -7.629) -> G abstain | valid 17/17 | 3.37s (cem 0.35 refine 2.96 [60 steps] finals 0.05)
  [641/800] f104_pair_group_0440 B z -6.375 (pess -3.175) -> G z -7.834 (pess -7.533) gain 4.355 from B/sample step 57 | valid 17/17 | 3.41s (cem 0.36 refine 2.99 [60 steps] finals 0.05)
  [642/800] f104_pair_group_0441 B z -8.120 (pess -7.881) -> G abstain | valid 17/17 | 3.41s (cem 0.36 refine 2.99 [60 steps] finals 0.05)
  [643/800] f104_pair_group_0442 B z -8.202 (pess -7.892) -> G abstain | valid 17/17 | 3.42s (cem 0.37 refine 2.99 [60 steps] finals 0.05)
  [644/800] f104_pair_group_0443 B z -8.276 (pess -7.899) -> G abstain | valid 17/17 | 3.46s (cem 0.37 refine 3.03 [60 steps] finals 0.05)
  [645/800] f104_pair_group_0444 B z -8.204 (pess -7.883) -> G abstain | valid 17/17 | 3.40s (cem 0.36 refine 2.97 [60 steps] finals 0.05)
  [646/800] f104_pair_group_0445 B z -8.085 (pess -7.661) -> G abstain | valid 17/17 | 3.41s (cem 0.37 refine 2.98 [60 steps] finals 0.05)
  [647/800] f104_pair_group_0446 B z -5.199 (pess -1.227) -> G z -7.316 (pess -6.906) gain 5.674 from round0/sample step 60 | valid 17/17 | 3.42s (cem 0.36 refine 2.99 [60 steps] finals 0.05)
  [648/800] f104_pair_group_0447 B z -7.766 (pess -7.613) -> G abstain | valid 17/17 | 3.41s (cem 0.37 refine 2.98 [60 steps] finals 0.05)
  [649/800] f104_pair_group_0448 B z -5.722 (pess -2.493) -> G z -7.756 (pess -7.523) gain 5.036 from round0/anchor step 60 | valid 17/17 | 3.40s (cem 0.37 refine 2.98 [60 steps] finals 0.05)
  [650/800] f104_pair_group_0449 B z -8.133 (pess -7.840) -> G abstain | valid 17/17 | 3.42s (cem 0.37 refine 2.98 [60 steps] finals 0.05)
  [651/800] f104_pair_group_0450 B z -8.091 (pess -7.785) -> G abstain | valid 17/17 | 3.39s (cem 0.35 refine 2.98 [60 steps] finals 0.05)
  [652/800] f104_pair_group_0451 B z -8.175 (pess -7.916) -> G abstain | valid 17/17 | 3.39s (cem 0.36 refine 2.97 [60 steps] finals 0.05)
  [653/800] f104_pair_group_0452 B z -5.853 (pess -1.495) -> G z -8.096 (pess -7.764) gain 6.256 from B/sample step 60 | valid 17/17 | 3.41s (cem 0.37 refine 2.98 [60 steps] finals 0.05)
  [654/800] f104_pair_group_0453 B z -8.053 (pess -7.845) -> G abstain | valid 17/17 | 3.40s (cem 0.36 refine 2.98 [60 steps] finals 0.05)
  [655/800] f104_pair_group_0454 B z -8.286 (pess -7.953) -> G abstain | valid 17/17 | 3.31s (cem 0.36 refine 2.88 [58 steps] finals 0.05)
  [656/800] f104_pair_group_0455 B z -8.092 (pess -7.841) -> G abstain | valid 17/17 | 3.40s (cem 0.36 refine 2.98 [60 steps] finals 0.05)
  [657/800] f104_pair_group_0456 B z -8.282 (pess -7.898) -> G abstain | valid 17/17 | 3.32s (cem 0.36 refine 2.89 [60 steps] finals 0.05)
  [658/800] f104_pair_group_0457 B z -8.200 (pess -7.842) -> G abstain | valid 17/17 | 3.43s (cem 0.36 refine 3.00 [60 steps] finals 0.05)
  [659/800] f104_pair_group_0458 B z -8.143 (pess -7.782) -> G abstain | valid 17/17 | 3.46s (cem 0.38 refine 3.02 [60 steps] finals 0.05)
  [660/800] f104_pair_group_0459 B z -2.646 (pess 1.124) -> G z -7.520 (pess -6.912) gain 8.036 from B/sample step 41 | valid 17/17 | 3.40s (cem 0.37 refine 2.97 [60 steps] finals 0.05)
  [661/800] f104_pair_group_0460 B z -7.958 (pess -7.632) -> G abstain | valid 17/17 | 3.46s (cem 0.36 refine 3.04 [60 steps] finals 0.05)
  [662/800] f104_pair_group_0461 B z -6.819 (pess -6.246) -> G z -7.672 (pess -7.635) gain 1.390 from round0/anchor step 34 | valid 17/17 | 3.35s (cem 0.35 refine 2.94 [60 steps] finals 0.05)
  [663/800] f104_pair_group_0462 B z -8.148 (pess -7.928) -> G abstain | valid 17/17 | 3.80s (cem 0.38 refine 3.36 [60 steps] finals 0.05)
  [664/800] f104_pair_group_0463 B z -8.179 (pess -7.894) -> G abstain | valid 17/17 | 3.96s (cem 0.38 refine 3.51 [60 steps] finals 0.05)
  [665/800] f104_pair_group_0464 B z -8.168 (pess -7.885) -> G abstain | valid 17/17 | 3.71s (cem 0.40 refine 3.25 [60 steps] finals 0.05)
  [666/800] f104_pair_group_0465 B z -8.203 (pess -7.837) -> G abstain | valid 17/17 | 3.46s (cem 0.37 refine 3.03 [60 steps] finals 0.05)
  [667/800] f104_pair_group_0466 B z -8.249 (pess -7.967) -> G abstain | valid 17/17 | 3.46s (cem 0.39 refine 3.00 [60 steps] finals 0.05)
  [668/800] f104_pair_group_0467 B z -8.283 (pess -7.960) -> G abstain | valid 17/17 | 3.41s (cem 0.36 refine 2.98 [60 steps] finals 0.05)
  [669/800] f104_pair_group_0468 B z -8.259 (pess -7.920) -> G abstain | valid 17/17 | 3.41s (cem 0.36 refine 2.99 [60 steps] finals 0.05)
  [670/800] f104_pair_group_0469 B z -8.061 (pess -7.789) -> G abstain | valid 17/17 | 3.41s (cem 0.36 refine 2.99 [60 steps] finals 0.05)
  [671/800] f104_pair_group_0470 B z -8.207 (pess -7.892) -> G abstain | valid 17/17 | 3.46s (cem 0.37 refine 3.03 [60 steps] finals 0.05)
  [672/800] f104_pair_group_0471 B z -8.229 (pess -7.930) -> G abstain | valid 17/17 | 3.41s (cem 0.35 refine 3.00 [60 steps] finals 0.05)
  [673/800] f104_pair_group_0472 B z -8.037 (pess -7.663) -> G abstain | valid 17/17 | 3.41s (cem 0.36 refine 2.98 [60 steps] finals 0.05)
  [674/800] f104_pair_group_0473 B z -7.949 (pess -7.669) -> G abstain | valid 17/17 | 3.41s (cem 0.36 refine 2.99 [60 steps] finals 0.05)
  [675/800] f104_pair_group_0474 B z -7.936 (pess -7.738) -> G abstain | valid 17/17 | 3.40s (cem 0.36 refine 2.98 [60 steps] finals 0.05)
  [676/800] f104_pair_group_0475 B z -8.034 (pess -7.808) -> G abstain | valid 17/17 | 3.40s (cem 0.36 refine 2.98 [60 steps] finals 0.05)
  [677/800] f104_pair_group_0476 B z -8.206 (pess -7.897) -> G abstain | valid 17/17 | 3.42s (cem 0.37 refine 2.99 [60 steps] finals 0.05)
  [678/800] f104_pair_group_0477 B z -8.264 (pess -7.945) -> G abstain | valid 17/17 | 3.47s (cem 0.40 refine 3.00 [60 steps] finals 0.06)
  [679/800] f104_pair_group_0478 B z -8.198 (pess -7.878) -> G abstain | valid 17/17 | 3.42s (cem 0.36 refine 3.00 [60 steps] finals 0.05)
  [680/800] f104_pair_group_0479 B z -8.257 (pess -7.928) -> G abstain | valid 17/17 | 3.44s (cem 0.40 refine 2.98 [60 steps] finals 0.05)
  [681/800] f104_pair_group_0480 B z -8.229 (pess -7.937) -> G abstain | valid 17/17 | 3.42s (cem 0.37 refine 2.98 [60 steps] finals 0.05)
  [682/800] f104_pair_group_0481 B z -8.224 (pess -7.931) -> G abstain | valid 17/17 | 3.44s (cem 0.36 refine 3.01 [60 steps] finals 0.05)
  [683/800] f104_pair_group_0482 B z -7.165 (pess -5.656) -> G z -7.937 (pess -7.582) gain 1.930 from B/sample step 60 | valid 17/17 | 3.44s (cem 0.39 refine 2.99 [60 steps] finals 0.05)
  [684/800] f104_pair_group_0483 B z -8.157 (pess -7.837) -> G abstain | valid 17/17 | 3.41s (cem 0.37 refine 2.98 [60 steps] finals 0.05)
  [685/800] f104_pair_group_0484 B z -7.652 (pess -7.078) -> G z -7.767 (pess -7.490) gain 0.411 from B/anchor step 39 | valid 17/17 | 3.39s (cem 0.35 refine 2.98 [60 steps] finals 0.05)
  [686/800] f104_pair_group_0485 B z -7.842 (pess -7.597) -> G abstain | valid 17/17 | 3.40s (cem 0.36 refine 2.99 [60 steps] finals 0.05)
  [687/800] f104_pair_group_0486 B z -8.180 (pess -7.855) -> G abstain | valid 17/17 | 3.40s (cem 0.36 refine 2.99 [60 steps] finals 0.05)
  [688/800] f104_pair_group_0487 B z -8.184 (pess -7.834) -> G abstain | valid 17/17 | 3.40s (cem 0.36 refine 2.98 [60 steps] finals 0.05)
  [689/800] f104_pair_group_0488 B z -8.187 (pess -7.930) -> G abstain | valid 17/17 | 3.41s (cem 0.36 refine 2.98 [60 steps] finals 0.05)
  [690/800] f104_pair_group_0489 B z -8.215 (pess -7.828) -> G abstain | valid 17/17 | 3.41s (cem 0.36 refine 2.99 [60 steps] finals 0.05)
  [691/800] f104_pair_group_0490 B z -8.235 (pess -7.945) -> G abstain | valid 17/17 | 3.41s (cem 0.36 refine 2.98 [60 steps] finals 0.05)
  [692/800] f104_pair_group_0491 B z -8.248 (pess -7.932) -> G abstain | valid 17/17 | 3.47s (cem 0.40 refine 3.00 [60 steps] finals 0.06)
  [693/800] f104_pair_group_0492 B z -8.276 (pess -7.941) -> G abstain | valid 17/17 | 3.43s (cem 0.37 refine 3.00 [60 steps] finals 0.05)
  [694/800] f104_pair_group_0493 B z -8.137 (pess -7.812) -> G abstain | valid 17/17 | 3.41s (cem 0.36 refine 2.99 [60 steps] finals 0.05)
  [695/800] f104_pair_group_0494 B z -7.802 (pess -7.304) -> G abstain | valid 17/17 | 3.42s (cem 0.36 refine 3.00 [60 steps] finals 0.05)
  [696/800] f104_pair_group_0495 B z -7.718 (pess -7.591) -> G abstain | valid 17/17 | 3.46s (cem 0.36 refine 3.05 [60 steps] finals 0.05)
  [697/800] f104_pair_group_0496 B z -5.072 (pess -1.116) -> G z -7.842 (pess -7.582) gain 6.467 from round0/anchor step 60 | valid 17/17 | 3.44s (cem 0.36 refine 3.03 [60 steps] finals 0.05)
  [698/800] f104_pair_group_0497 B z -8.017 (pess -7.738) -> G abstain | valid 17/17 | 3.41s (cem 0.35 refine 3.00 [60 steps] finals 0.05)
  [699/800] f104_pair_group_0498 B z -8.079 (pess -7.769) -> G abstain | valid 17/17 | 3.40s (cem 0.36 refine 2.99 [60 steps] finals 0.05)
  [700/800] f104_pair_group_0499 B z -3.767 (pess -2.426) -> G z -7.294 (pess -6.736) gain 4.303 from B/sample step 28 | valid 17/17 | 3.45s (cem 0.39 refine 2.99 [60 steps] finals 0.05)
  [701/800] f104_pair_group_0500 B z -7.183 (pess -6.367) -> G z -7.718 (pess -7.279) gain 0.909 from round0/sample step 48 | valid 17/17 | 3.41s (cem 0.37 refine 2.98 [60 steps] finals 0.05)
  [702/800] f104_pair_group_0501 B z -8.054 (pess -7.619) -> G abstain | valid 17/17 | 3.47s (cem 0.38 refine 3.02 [60 steps] finals 0.05)
  [703/800] f104_pair_group_0502 B z -8.216 (pess -7.851) -> G abstain | valid 17/17 | 3.45s (cem 0.39 refine 3.00 [60 steps] finals 0.05)
  [704/800] f104_pair_group_0503 B z -8.247 (pess -7.948) -> G abstain | valid 17/17 | 3.42s (cem 0.37 refine 2.98 [60 steps] finals 0.05)
  [705/800] f104_pair_group_0504 B z -8.250 (pess -7.907) -> G abstain | valid 17/17 | 3.43s (cem 0.37 refine 2.99 [60 steps] finals 0.05)
  [706/800] f104_pair_group_0505 B z -8.220 (pess -7.924) -> G abstain | valid 17/17 | 3.44s (cem 0.37 refine 3.01 [60 steps] finals 0.05)
  [707/800] f104_pair_group_0506 B z -7.359 (pess -6.801) -> G z -7.621 (pess -7.447) gain 0.649 from B/sample step 2 | valid 17/17 | 3.44s (cem 0.36 refine 3.02 [60 steps] finals 0.05)
  [708/800] f104_pair_group_0507 B z -7.498 (pess -6.828) -> G z -7.684 (pess -7.538) gain 0.709 from round0/sample step 54 | valid 17/17 | 3.43s (cem 0.37 refine 3.00 [60 steps] finals 0.05)
  [709/800] f104_pair_group_0508 B z -7.918 (pess -7.378) -> G z -8.065 (pess -7.792) gain 0.415 from round0/sample step 57 | valid 17/17 | 3.42s (cem 0.37 refine 2.99 [60 steps] finals 0.05)
  [710/800] f104_pair_group_0509 B z -8.028 (pess -7.785) -> G abstain | valid 17/17 | 3.39s (cem 0.36 refine 2.97 [60 steps] finals 0.05)
  [711/800] f104_pair_group_0510 B z -8.054 (pess -7.702) -> G abstain | valid 17/17 | 3.41s (cem 0.36 refine 2.99 [60 steps] finals 0.05)
  [712/800] f104_pair_group_0511 B z -8.186 (pess -7.888) -> G abstain | valid 17/17 | 3.40s (cem 0.37 refine 2.98 [60 steps] finals 0.05)
  [713/800] f104_pair_group_0512 B z -8.138 (pess -7.883) -> G abstain | valid 17/17 | 3.43s (cem 0.39 refine 2.98 [60 steps] finals 0.05)
  [714/800] f104_pair_group_0513 B z -8.213 (pess -7.886) -> G abstain | valid 17/17 | 3.49s (cem 0.37 refine 3.06 [60 steps] finals 0.05)
  [715/800] f104_pair_group_0514 B z -8.240 (pess -7.867) -> G abstain | valid 17/17 | 3.42s (cem 0.38 refine 2.98 [60 steps] finals 0.05)
  [716/800] f104_pair_group_0515 B z -8.143 (pess -7.889) -> G abstain | valid 17/17 | 3.40s (cem 0.36 refine 2.98 [60 steps] finals 0.05)
  [717/800] f104_pair_group_0516 B z -8.236 (pess -7.921) -> G abstain | valid 17/17 | 3.43s (cem 0.36 refine 3.01 [60 steps] finals 0.05)
  [718/800] f104_pair_group_0517 B z -7.954 (pess -7.760) -> G abstain | valid 17/17 | 3.42s (cem 0.37 refine 2.99 [60 steps] finals 0.05)
  [719/800] f104_pair_group_0518 B z -8.259 (pess -7.966) -> G abstain | valid 17/17 | 3.40s (cem 0.36 refine 2.98 [60 steps] finals 0.05)
  [720/800] f104_pair_group_0519 B z -7.750 (pess -7.289) -> G abstain | valid 17/17 | 3.42s (cem 0.37 refine 2.99 [60 steps] finals 0.05)
  [721/800] f104_pair_group_0520 B z -4.700 (pess -3.807) -> G z -7.863 (pess -7.597) gain 3.791 from B/sample step 60 | valid 17/17 | 3.44s (cem 0.37 refine 3.00 [60 steps] finals 0.05)
  [722/800] f104_pair_group_0521 B z -7.715 (pess -7.491) -> G abstain | valid 17/17 | 3.43s (cem 0.36 refine 3.01 [60 steps] finals 0.05)
  [723/800] f104_pair_group_0522 B z -8.011 (pess -7.841) -> G abstain | valid 17/17 | 3.44s (cem 0.36 refine 3.02 [60 steps] finals 0.05)
  [724/800] f104_pair_group_0523 B z -8.231 (pess -7.908) -> G abstain | valid 17/17 | 3.40s (cem 0.36 refine 2.98 [60 steps] finals 0.05)
  [725/800] f104_pair_group_0524 B z -8.151 (pess -7.843) -> G abstain | valid 17/17 | 3.45s (cem 0.39 refine 2.99 [60 steps] finals 0.05)
  [726/800] f104_pair_group_0525 B z -8.174 (pess -7.888) -> G abstain | valid 17/17 | 3.45s (cem 0.37 refine 3.01 [60 steps] finals 0.05)
  [727/800] f104_pair_group_0526 B z -8.218 (pess -7.877) -> G abstain | valid 17/17 | 3.40s (cem 0.37 refine 2.96 [60 steps] finals 0.05)
  [728/800] f104_pair_group_0527 B z -8.243 (pess -7.910) -> G abstain | valid 17/17 | 3.45s (cem 0.40 refine 2.98 [60 steps] finals 0.06)
  [729/800] f104_pair_group_0528 B z -8.260 (pess -7.902) -> G abstain | valid 17/17 | 3.40s (cem 0.36 refine 2.98 [60 steps] finals 0.05)
  [730/800] f104_pair_group_0529 B z -8.193 (pess -7.888) -> G abstain | valid 17/17 | 3.41s (cem 0.36 refine 2.98 [60 steps] finals 0.05)
  [731/800] f104_pair_group_0530 B z -8.202 (pess -7.910) -> G abstain | valid 17/17 | 3.49s (cem 0.37 refine 3.06 [60 steps] finals 0.05)
  [732/800] f104_pair_group_0531 B z -6.408 (pess -4.001) -> G z -7.498 (pess -7.024) gain 3.019 from B/sample step 60 | valid 17/17 | 3.42s (cem 0.37 refine 2.99 [60 steps] finals 0.05)
  [733/800] f104_pair_group_0532 B z -4.685 (pess 0.822) -> G z -7.518 (pess -7.420) gain 8.244 from round0/anchor step 57 | valid 17/17 | 3.41s (cem 0.37 refine 2.98 [60 steps] finals 0.05)
  [734/800] f104_pair_group_0533 B z -7.564 (pess -6.777) -> G z -8.048 (pess -7.754) gain 0.975 from round0/sample step 59 | valid 17/17 | 3.42s (cem 0.37 refine 2.99 [60 steps] finals 0.05)
  [735/800] f104_pair_group_0534 B z -8.155 (pess -7.891) -> G abstain | valid 17/17 | 3.43s (cem 0.36 refine 3.01 [60 steps] finals 0.05)
  [736/800] f104_pair_group_0535 B z -8.128 (pess -7.833) -> G abstain | valid 17/17 | 3.40s (cem 0.36 refine 2.99 [60 steps] finals 0.05)
  [737/800] f104_pair_group_0536 B z -8.251 (pess -7.928) -> G abstain | valid 17/17 | 3.42s (cem 0.36 refine 2.99 [60 steps] finals 0.05)
  [738/800] f104_pair_group_0537 B z -7.827 (pess -7.684) -> G abstain | valid 17/17 | 3.43s (cem 0.37 refine 2.99 [60 steps] finals 0.05)
  [739/800] f104_pair_group_0538 B z -8.226 (pess -7.916) -> G abstain | valid 17/17 | 3.45s (cem 0.39 refine 2.99 [60 steps] finals 0.05)
  [740/800] f104_pair_group_0539 B z -8.201 (pess -7.841) -> G abstain | valid 17/17 | 3.47s (cem 0.40 refine 3.00 [60 steps] finals 0.06)
  [741/800] f104_pair_group_0540 B z -8.259 (pess -7.902) -> G abstain | valid 17/17 | 3.43s (cem 0.37 refine 3.00 [60 steps] finals 0.05)
  [742/800] f104_pair_group_0541 B z -8.189 (pess -7.807) -> G abstain | valid 17/17 | 3.41s (cem 0.37 refine 2.98 [60 steps] finals 0.05)
  [743/800] f104_pair_group_0542 B z -7.364 (pess -5.782) -> G z -7.985 (pess -7.779) gain 1.998 from B/sample step 59 | valid 17/17 | 3.40s (cem 0.36 refine 2.98 [60 steps] finals 0.05)
  [744/800] f104_pair_group_0543 B z -8.080 (pess -7.830) -> G abstain | valid 17/17 | 3.41s (cem 0.37 refine 2.98 [60 steps] finals 0.05)
  [745/800] f104_pair_group_0544 B z -7.013 (pess -6.739) -> G z -7.497 (pess -7.255) gain 0.515 from B/sample step 54 | valid 17/17 | 3.40s (cem 0.36 refine 2.98 [60 steps] finals 0.05)
  [746/800] f104_pair_group_0545 B z -8.079 (pess -7.887) -> G abstain | valid 17/17 | 3.40s (cem 0.36 refine 2.98 [60 steps] finals 0.05)
  [747/800] f104_pair_group_0546 B z -8.176 (pess -7.753) -> G abstain | valid 17/17 | 3.41s (cem 0.37 refine 2.98 [60 steps] finals 0.05)
  [748/800] f104_pair_group_0547 B z -7.929 (pess -7.772) -> G abstain | valid 17/17 | 3.41s (cem 0.37 refine 2.98 [60 steps] finals 0.05)
  [749/800] f104_pair_group_0548 B z -7.956 (pess -7.760) -> G abstain | valid 17/17 | 3.49s (cem 0.38 refine 3.05 [60 steps] finals 0.05)
  [750/800] f104_pair_group_0549 B z -8.124 (pess -7.843) -> G abstain | valid 17/17 | 1.95s (cem 0.38 refine 1.52 [60 steps] finals 0.05)
  [751/800] f104_pair_group_0550 B z -7.984 (pess -7.830) -> G abstain | valid 17/17 | 2.18s (cem 0.37 refine 1.75 [60 steps] finals 0.05)
  [752/800] f104_pair_group_0551 B z -8.182 (pess -7.840) -> G abstain | valid 17/17 | 3.44s (cem 0.37 refine 3.00 [60 steps] finals 0.05)
  [753/800] f104_pair_group_0552 B z -8.212 (pess -7.876) -> G abstain | valid 17/17 | 3.41s (cem 0.36 refine 2.98 [60 steps] finals 0.05)
  [754/800] f104_pair_group_0553 B z -8.232 (pess -7.895) -> G abstain | valid 17/17 | 3.41s (cem 0.36 refine 2.98 [60 steps] finals 0.05)
  [755/800] f104_pair_group_0554 B z -8.242 (pess -7.955) -> G abstain | valid 17/17 | 3.43s (cem 0.37 refine 2.99 [60 steps] finals 0.05)
  [756/800] f104_pair_group_0555 B z -6.077 (pess -3.722) -> G z -7.902 (pess -7.548) gain 3.827 from round0/sample step 60 | valid 17/17 | 3.45s (cem 0.37 refine 3.02 [60 steps] finals 0.05)
  [757/800] f104_pair_group_0556 B z -4.066 (pess -1.597) -> G z -7.891 (pess -7.372) gain 5.778 from round0/sample step 60 | valid 17/17 | 3.43s (cem 0.37 refine 2.99 [60 steps] finals 0.05)
  [758/800] f104_pair_group_0557 B z -7.995 (pess -7.606) -> G abstain | valid 17/17 | 3.40s (cem 0.36 refine 2.98 [60 steps] finals 0.05)
  [759/800] f104_pair_group_0558 B z -7.823 (pess -7.394) -> G abstain | valid 17/17 | 3.45s (cem 0.38 refine 3.00 [60 steps] finals 0.05)
  [760/800] f104_pair_group_0559 B z -8.171 (pess -7.940) -> G abstain | valid 17/17 | 3.42s (cem 0.37 refine 2.99 [60 steps] finals 0.05)
  [761/800] f104_pair_group_0560 B z -8.182 (pess -7.800) -> G abstain | valid 17/17 | 3.41s (cem 0.37 refine 2.99 [60 steps] finals 0.05)
  [762/800] f104_pair_group_0561 B z -8.093 (pess -7.770) -> G abstain | valid 17/17 | 3.43s (cem 0.37 refine 3.00 [60 steps] finals 0.05)
  [763/800] f104_pair_group_0562 B z -8.178 (pess -7.888) -> G abstain | valid 17/17 | 3.43s (cem 0.38 refine 2.99 [60 steps] finals 0.05)
  [764/800] f104_pair_group_0563 B z -8.260 (pess -7.901) -> G abstain | valid 17/17 | 3.45s (cem 0.37 refine 3.01 [60 steps] finals 0.05)
  [765/800] f104_pair_group_0564 B z -8.242 (pess -7.929) -> G abstain | valid 17/17 | 3.42s (cem 0.36 refine 2.99 [60 steps] finals 0.05)
  [766/800] f104_pair_group_0565 B z -8.191 (pess -7.898) -> G abstain | valid 17/17 | 3.43s (cem 0.38 refine 2.99 [60 steps] finals 0.05)
  [767/800] f104_pair_group_0566 B z -6.769 (pess -6.414) -> G z -7.702 (pess -7.594) gain 1.180 from round0/sample step 55 | valid 17/17 | 3.45s (cem 0.37 refine 3.01 [60 steps] finals 0.05)
  [768/800] f104_pair_group_0567 B z -8.257 (pess -7.928) -> G abstain | valid 17/17 | 3.41s (cem 0.37 refine 2.98 [60 steps] finals 0.05)
  [769/800] f104_pair_group_0568 B z -8.216 (pess -7.926) -> G abstain | valid 17/17 | 3.41s (cem 0.37 refine 2.98 [60 steps] finals 0.05)
  [770/800] f104_pair_group_0569 B z -8.155 (pess -7.798) -> G abstain | valid 17/17 | 3.42s (cem 0.37 refine 2.99 [60 steps] finals 0.05)
  [771/800] f104_pair_group_0570 B z -7.986 (pess -7.823) -> G abstain | valid 17/17 | 3.41s (cem 0.36 refine 2.98 [60 steps] finals 0.05)
  [772/800] f104_pair_group_0571 B z -8.139 (pess -7.847) -> G abstain | valid 17/17 | 3.40s (cem 0.36 refine 2.98 [60 steps] finals 0.05)
  [773/800] f104_pair_group_0572 B z -8.192 (pess -7.817) -> G abstain | valid 17/17 | 3.45s (cem 0.39 refine 2.99 [60 steps] finals 0.05)
  [774/800] f104_pair_group_0573 B z -8.215 (pess -7.921) -> G abstain | valid 17/17 | 3.44s (cem 0.38 refine 2.99 [60 steps] finals 0.05)
  [775/800] f104_pair_group_0574 B z -8.173 (pess -7.916) -> G abstain | valid 17/17 | 3.41s (cem 0.37 refine 2.98 [60 steps] finals 0.05)
  [776/800] f104_pair_group_0575 B z -7.812 (pess -7.651) -> G abstain | valid 17/17 | 3.42s (cem 0.37 refine 2.99 [60 steps] finals 0.05)
  [777/800] f104_pair_group_0576 B z -8.045 (pess -7.711) -> G abstain | valid 17/17 | 3.42s (cem 0.37 refine 3.00 [60 steps] finals 0.05)
  [778/800] f104_pair_group_0577 B z -8.202 (pess -7.885) -> G abstain | valid 17/17 | 3.42s (cem 0.37 refine 2.99 [60 steps] finals 0.05)
  [779/800] f104_pair_group_0578 B z -8.210 (pess -7.860) -> G abstain | valid 17/17 | 3.42s (cem 0.37 refine 2.99 [60 steps] finals 0.05)
  [780/800] f104_pair_group_0579 B z -7.914 (pess -7.626) -> G abstain | valid 17/17 | 3.42s (cem 0.36 refine 2.99 [60 steps] finals 0.05)
  [781/800] f104_pair_group_0580 B z -8.100 (pess -7.783) -> G abstain | valid 17/17 | 3.42s (cem 0.36 refine 3.00 [60 steps] finals 0.05)
  [782/800] f104_pair_group_0581 B z -8.029 (pess -7.613) -> G abstain | valid 17/17 | 3.41s (cem 0.36 refine 2.99 [60 steps] finals 0.05)
  [783/800] f104_pair_group_0582 B z -8.106 (pess -7.787) -> G abstain | valid 17/17 | 3.41s (cem 0.37 refine 2.98 [60 steps] finals 0.05)
  [784/800] f104_pair_group_0583 B z -8.083 (pess -7.688) -> G abstain | valid 17/17 | 3.43s (cem 0.36 refine 3.01 [60 steps] finals 0.05)
  [785/800] f104_pair_group_0584 B z -7.551 (pess -6.159) -> G z -8.157 (pess -7.876) gain 1.722 from round0/sample step 60 | valid 17/17 | 3.50s (cem 0.38 refine 3.05 [60 steps] finals 0.05)
  [786/800] f104_pair_group_0585 B z -8.193 (pess -7.942) -> G abstain | valid 17/17 | 3.44s (cem 0.39 refine 2.98 [60 steps] finals 0.05)
  [787/800] f104_pair_group_0586 B z -8.200 (pess -7.883) -> G abstain | valid 17/17 | 3.43s (cem 0.38 refine 2.98 [60 steps] finals 0.05)
  [788/800] f104_pair_group_0587 B z -8.201 (pess -7.893) -> G abstain | valid 17/17 | 3.46s (cem 0.37 refine 3.03 [60 steps] finals 0.05)
  [789/800] f104_pair_group_0588 B z -8.250 (pess -7.907) -> G abstain | valid 17/17 | 3.43s (cem 0.38 refine 2.98 [60 steps] finals 0.06)
  [790/800] f104_pair_group_0589 B z -8.232 (pess -7.924) -> G abstain | valid 17/17 | 3.40s (cem 0.36 refine 2.98 [60 steps] finals 0.05)
  [791/800] f104_pair_group_0590 B z -8.137 (pess -7.937) -> G abstain | valid 17/17 | 3.44s (cem 0.37 refine 3.00 [60 steps] finals 0.06)
  [792/800] f104_pair_group_0591 B z -8.129 (pess -7.852) -> G abstain | valid 17/17 | 3.41s (cem 0.38 refine 2.97 [60 steps] finals 0.05)
  [793/800] f104_pair_group_0592 B z -8.217 (pess -7.943) -> G abstain | valid 17/17 | 3.43s (cem 0.37 refine 3.00 [60 steps] finals 0.05)
  [794/800] f104_pair_group_0593 B z -7.813 (pess -7.661) -> G abstain | valid 17/17 | 3.42s (cem 0.36 refine 3.00 [60 steps] finals 0.05)
  [795/800] f104_pair_group_0594 B z -8.013 (pess -7.748) -> G abstain | valid 17/17 | 3.42s (cem 0.37 refine 2.99 [60 steps] finals 0.05)
  [796/800] f104_pair_group_0595 B z -8.020 (pess -7.706) -> G abstain | valid 17/17 | 3.43s (cem 0.36 refine 3.01 [60 steps] finals 0.05)
  [797/800] f104_pair_group_0596 B z -8.130 (pess -7.798) -> G abstain | valid 17/17 | 3.43s (cem 0.38 refine 2.99 [60 steps] finals 0.05)
  [798/800] f104_pair_group_0597 B z -8.191 (pess -7.894) -> G abstain | valid 17/17 | 3.45s (cem 0.38 refine 3.00 [60 steps] finals 0.05)
  [799/800] f104_pair_group_0598 B z -8.212 (pess -7.865) -> G abstain | valid 17/17 | 3.43s (cem 0.37 refine 3.00 [60 steps] finals 0.05)
  [800/800] f104_pair_group_0599 B z -8.204 (pess -7.853) -> G abstain | valid 17/17 | 3.44s (cem 0.38 refine 3.00 [60 steps] finals 0.05)
B z_mean -7.863 P 0.0014 | G z_mean -8.053 P 0.0003 changed 134/800 abstained 666 | s/group 3.40 (median 3.41) | GPU peak 0.518 GB | ref B 800/800 | lock 7bd9c2771dd3cf0e
