terrain_conditioning: one-hot over ['flat', 'crm']
loss: type=huber huber_delta=1.0 channel_weights={'vel_body_x_mps': 1.62196, 'vel_body_y_mps': 2.35058, 'roll_rad': 0.16566, 'pitch_rad': 0.01578, 'roll_rate_radps': 0.02387, 'ang_vel_body_y_radps': 0.01794, 'yaw_rate_radps': 2.14412, 'tire_fl_force_wheel_fz_n': 0.00463, 'tire_fr_force_wheel_fz_n': 0.00536, 'tire_rl_force_wheel_fz_n': 0.00382, 'tire_rr_force_wheel_fz_n': 0.00356, 'tire_fl_spindle_omega_radps': 1.73764, 'tire_fr_spindle_omega_radps': 1.69314, 'tire_rl_spindle_omega_radps': 2.63328, 'tire_rr_spindle_omega_radps': 2.57865}
{
  "epoch": 1,
  "timestamp_utc": "2026-07-10T05:14:22.242033+00:00",
  "train_loss": 0.12960990668460726,
  "val_loss": 0.010978138656864757,
  "val_rmse": {
    "vel_body_x_mps": 0.00179215490368333,
    "vel_body_y_mps": 0.0017459993344972834,
    "roll_rad": 4.532320323251134e-05,
    "pitch_rad": 2.5017213956764633e-05,
    "roll_rate_radps": 0.0021556040191194085,
    "ang_vel_body_y_radps": 0.0012643107987565935,
    "yaw_rate_radps": 0.0018685199569475094,
    "tire_fl_force_wheel_fz_n": 67.90147571617426,
    "tire_fr_force_wheel_fz_n": 69.85198960641614,
    "tire_rl_force_wheel_fz_n": 39.67543418564974,
    "tire_rr_force_wheel_fz_n": 37.53180910530969,
    "tire_fl_spindle_omega_radps": 0.09991466127261645,
    "tire_fr_spindle_omega_radps": 0.10442691242950125,
    "tire_rl_spindle_omega_radps": 0.10024986787149139,
    "tire_rr_spindle_omega_radps": 0.09111015617874439
  },
  "val_flat_loss": 0.010978138656864757,
  "val_flat_rmse": {
    "vel_body_x_mps": 0.00179215490368333,
    "vel_body_y_mps": 0.0017459993344972834,
    "roll_rad": 4.532320323251134e-05,
    "pitch_rad": 2.5017213956764633e-05,
    "roll_rate_radps": 0.0021556040191194085,
    "ang_vel_body_y_radps": 0.0012643107987565935,
    "yaw_rate_radps": 0.0018685199569475094,
    "tire_fl_force_wheel_fz_n": 67.90147571617426,
    "tire_fr_force_wheel_fz_n": 69.85198960641614,
    "tire_rl_force_wheel_fz_n": 39.67543418564974,
    "tire_rr_force_wheel_fz_n": 37.53180910530969,
    "tire_fl_spindle_omega_radps": 0.09991466127261645,
    "tire_fr_spindle_omega_radps": 0.10442691242950125,
    "tire_rl_spindle_omega_radps": 0.10024986787149139,
    "tire_rr_spindle_omega_radps": 0.09111015617874439
  },
  "val_crm_loss": 0.17566297136596404,
  "val_crm_rmse": {
    "vel_body_x_mps": 0.0051468074114767795,
    "vel_body_y_mps": 0.0044324596382149225,
    "roll_rad": 0.00012480707113946712,
    "pitch_rad": 7.316094286979214e-05,
    "roll_rate_radps": 0.008021625056664069,
    "ang_vel_body_y_radps": 0.005070330813578172,
    "yaw_rate_radps": 0.0034820787502359996,
    "tire_fl_force_wheel_fz_n": 1256.0399433427508,
    "tire_fr_force_wheel_fz_n": 1325.2415413583649,
    "tire_rl_force_wheel_fz_n": 1091.9748446485455,
    "tire_rr_force_wheel_fz_n": 1168.9349444146503,
    "tire_fl_spindle_omega_radps": 0.21502083228512658,
    "tire_fr_spindle_omega_radps": 0.21569650937400636,
    "tire_rl_spindle_omega_radps": 0.20944540267582215,
    "tire_rr_spindle_omega_radps": 0.21399563101895486
  },
  "val_mixed_loss": 0.0933205550114144,
  "rollout_flat_5.0s": {
    "xy_rmse_m": 2.218522574504121,
    "yaw_rmse_rad": 0.15528355627457802,
    "errdist": 0.29221188315119323,
    "mean_dist_m": 7.592170963684718,
    "episodes": 12
  },
  "rollout_flat_10.0s": {
    "xy_rmse_m": 5.907505247178601,
    "yaw_rmse_rad": 0.33854122987376667,
    "errdist": 0.16774531681234536,
    "mean_dist_m": 35.2171098391215,
    "episodes": 12
  },
  "rollout_crm_5.0s": {
    "xy_rmse_m": 1.732520332896013,
    "yaw_rmse_rad": 0.08618581298871876,
    "errdist": 0.24209038835445565,
    "mean_dist_m": 7.1565019357949495,
    "episodes": 12
  },
  "rollout_crm_10.0s": {
    "xy_rmse_m": 7.902099034355556,
    "yaw_rmse_rad": 0.20678087073609316,
    "errdist": 0.3156193394866441,
    "mean_dist_m": 25.036802393694717,
    "episodes": 12
  },
  "rollout_sel": 0.24168232814949475
}
{
  "epoch": 2,
  "timestamp_utc": "2026-07-10T05:15:11.972762+00:00",
  "train_loss": 0.05419201707560569,
  "val_loss": 0.009584978502825834,
  "val_rmse": {
    "vel_body_x_mps": 0.0015540260333794201,
    "vel_body_y_mps": 0.0015327253941914056,
    "roll_rad": 4.0470041933129736e-05,
    "pitch_rad": 1.9498083121149803e-05,
    "roll_rate_radps": 0.001955648119977661,
    "ang_vel_body_y_radps": 0.001157207125400236,
    "yaw_rate_radps": 0.0018149026836383705,
    "tire_fl_force_wheel_fz_n": 60.00031952550366,
    "tire_fr_force_wheel_fz_n": 63.72167991768086,
    "tire_rl_force_wheel_fz_n": 32.63575814901406,
    "tire_rr_force_wheel_fz_n": 28.72559997489777,
    "tire_fl_spindle_omega_radps": 0.09117329431792431,
    "tire_fr_spindle_omega_radps": 0.09519067038050451,
    "tire_rl_spindle_omega_radps": 0.09301466780309976,
    "tire_rr_spindle_omega_radps": 0.08494282489839068
  },
  "val_flat_loss": 0.009584978502825834,
  "val_flat_rmse": {
    "vel_body_x_mps": 0.0015540260333794201,
    "vel_body_y_mps": 0.0015327253941914056,
    "roll_rad": 4.0470041933129736e-05,
    "pitch_rad": 1.9498083121149803e-05,
    "roll_rate_radps": 0.001955648119977661,
    "ang_vel_body_y_radps": 0.001157207125400236,
    "yaw_rate_radps": 0.0018149026836383705,
    "tire_fl_force_wheel_fz_n": 60.00031952550366,
    "tire_fr_force_wheel_fz_n": 63.72167991768086,
    "tire_rl_force_wheel_fz_n": 32.63575814901406,
    "tire_rr_force_wheel_fz_n": 28.72559997489777,
    "tire_fl_spindle_omega_radps": 0.09117329431792431,
    "tire_fr_spindle_omega_radps": 0.09519067038050451,
    "tire_rl_spindle_omega_radps": 0.09301466780309976,
    "tire_rr_spindle_omega_radps": 0.08494282489839068
  },
  "val_crm_loss": 0.14210116242407822,
  "val_crm_rmse": {
    "vel_body_x_mps": 0.004647075706148101,
    "vel_body_y_mps": 0.003675639104117798,
    "roll_rad": 0.00011862305922639646,
    "pitch_rad": 6.181988030857579e-05,
    "roll_rate_radps": 0.0063731273158518665,
    "ang_vel_body_y_radps": 0.004224175697320148,
    "yaw_rate_radps": 0.0030191888428390576,
    "tire_fl_force_wheel_fz_n": 1018.0418514499838,
    "tire_fr_force_wheel_fz_n": 1023.2373291185482,
    "tire_rl_force_wheel_fz_n": 1013.2296430984046,
    "tire_rr_force_wheel_fz_n": 1086.6247390393942,
    "tire_fl_spindle_omega_radps": 0.1844185194067499,
    "tire_fr_spindle_omega_radps": 0.18103369297833538,
    "tire_rl_spindle_omega_radps": 0.18667552404029814,
    "tire_rr_spindle_omega_radps": 0.18850518631373708
  },
  "val_mixed_loss": 0.07584307046345203,
  "rollout_flat_5.0s": {
    "xy_rmse_m": 2.470747617764733,
    "yaw_rmse_rad": 0.1587113528504798,
    "errdist": 0.3254336117538641,
    "mean_dist_m": 7.592170963684718,
    "episodes": 12
  },
  "rollout_flat_10.0s": {
    "xy_rmse_m": 14.067832646309926,
    "yaw_rmse_rad": 0.6146013492163495,
    "errdist": 0.39946016895124214,
    "mean_dist_m": 35.2171098391215,
    "episodes": 12
  },
  "rollout_crm_5.0s": {
    "xy_rmse_m": 2.420520491441525,
    "yaw_rmse_rad": 0.1803455058969765,
    "errdist": 0.3382267640192641,
    "mean_dist_m": 7.1565019357949495,
    "episodes": 12
  },
  "rollout_crm_10.0s": {
    "xy_rmse_m": 8.581928366427377,
    "yaw_rmse_rad": 0.5315752621003966,
    "errdist": 0.3427725406575344,
    "mean_dist_m": 25.036802393694717,
    "episodes": 12
  },
  "rollout_sel": 0.37111635480438826
}
{
  "epoch": 3,
  "timestamp_utc": "2026-07-10T05:16:01.403026+00:00",
  "train_loss": 0.04551607371866703,
  "val_loss": 0.007656064016700838,
  "val_rmse": {
    "vel_body_x_mps": 0.0013565528170806204,
    "vel_body_y_mps": 0.0012387948007534287,
    "roll_rad": 2.9742504402401802e-05,
    "pitch_rad": 1.70464035389741e-05,
    "roll_rate_radps": 0.0019456178421186645,
    "ang_vel_body_y_radps": 0.0010409497393424599,
    "yaw_rate_radps": 0.0017395940429283834,
    "tire_fl_force_wheel_fz_n": 55.71375509084683,
    "tire_fr_force_wheel_fz_n": 59.57150379724219,
    "tire_rl_force_wheel_fz_n": 27.8256878343687,
    "tire_rr_force_wheel_fz_n": 28.44375220902061,
    "tire_fl_spindle_omega_radps": 0.08292730411407927,
    "tire_fr_spindle_omega_radps": 0.08964822536105378,
    "tire_rl_spindle_omega_radps": 0.08582536306316492,
    "tire_rr_spindle_omega_radps": 0.07621533216117524
  },
  "val_flat_loss": 0.007656064016700838,
  "val_flat_rmse": {
    "vel_body_x_mps": 0.0013565528170806204,
    "vel_body_y_mps": 0.0012387948007534287,
    "roll_rad": 2.9742504402401802e-05,
    "pitch_rad": 1.70464035389741e-05,
    "roll_rate_radps": 0.0019456178421186645,
    "ang_vel_body_y_radps": 0.0010409497393424599,
    "yaw_rate_radps": 0.0017395940429283834,
    "tire_fl_force_wheel_fz_n": 55.71375509084683,
    "tire_fr_force_wheel_fz_n": 59.57150379724219,
    "tire_rl_force_wheel_fz_n": 27.8256878343687,
    "tire_rr_force_wheel_fz_n": 28.44375220902061,
    "tire_fl_spindle_omega_radps": 0.08292730411407927,
    "tire_fr_spindle_omega_radps": 0.08964822536105378,
    "tire_rl_spindle_omega_radps": 0.08582536306316492,
    "tire_rr_spindle_omega_radps": 0.07621533216117524
  },
  "val_crm_loss": 0.12353927990945522,
  "val_crm_rmse": {
    "vel_body_x_mps": 0.003909432549974417,
    "vel_body_y_mps": 0.00326107568851904,
    "roll_rad": 9.153249508874834e-05,
    "pitch_rad": 5.5450383004046724e-05,
    "roll_rate_radps": 0.0055197583279894095,
    "ang_vel_body_y_radps": 0.0036834250732081723,
    "yaw_rate_radps": 0.0027797705298962475,
    "tire_fl_force_wheel_fz_n": 885.3592824599999,
    "tire_fr_force_wheel_fz_n": 932.8601280776926,
    "tire_rl_force_wheel_fz_n": 985.0476413689855,
    "tire_rr_force_wheel_fz_n": 1047.1831357412532,
    "tire_fl_spindle_omega_radps": 0.16687525549531654,
    "tire_fr_spindle_omega_radps": 0.16711814938100483,
    "tire_rl_spindle_omega_radps": 0.1741553265881796,
    "tire_rr_spindle_omega_radps": 0.176572461451846
  },
  "val_mixed_loss": 0.06559767196307803,
  "rollout_flat_5.0s": {
    "xy_rmse_m": 2.697586621769516,
    "yaw_rmse_rad": 0.13707853656954716,
    "errdist": 0.3553116275532727,
    "mean_dist_m": 7.592170963684718,
    "episodes": 12
  },
  "rollout_flat_10.0s": {
    "xy_rmse_m": 8.068393278266338,
    "yaw_rmse_rad": 0.18573465871544548,
    "errdist": 0.22910435623832573,
    "mean_dist_m": 35.2171098391215,
    "episodes": 12
  },
  "rollout_crm_5.0s": {
    "xy_rmse_m": 1.8625090989268227,
    "yaw_rmse_rad": 0.144986061027051,
    "errdist": 0.2602541179526606,
    "mean_dist_m": 7.1565019357949495,
    "episodes": 12
  },
  "rollout_crm_10.0s": {
    "xy_rmse_m": 6.713241055462704,
    "yaw_rmse_rad": 0.3209909643976741,
    "errdist": 0.2681349219400865,
    "mean_dist_m": 25.036802393694717,
    "episodes": 12
  },
  "rollout_sel": 0.2486196390892061
}
{
  "epoch": 4,
  "timestamp_utc": "2026-07-10T05:16:51.175698+00:00",
  "train_loss": 0.04081576883047819,
  "val_loss": 0.00668293622758938,
  "val_rmse": {
    "vel_body_x_mps": 0.0013684310359975763,
    "vel_body_y_mps": 0.0011414941293973464,
    "roll_rad": 4.5558798178834055e-05,
    "pitch_rad": 1.655145819972077e-05,
    "roll_rate_radps": 0.0019924643796961875,
    "ang_vel_body_y_radps": 0.0010472275997246972,
    "yaw_rate_radps": 0.0016274003441177612,
    "tire_fl_force_wheel_fz_n": 52.08810229537978,
    "tire_fr_force_wheel_fz_n": 59.621052605820275,
    "tire_rl_force_wheel_fz_n": 28.471690164233408,
    "tire_rr_force_wheel_fz_n": 29.793442292622025,
    "tire_fl_spindle_omega_radps": 0.07941079877650062,
    "tire_fr_spindle_omega_radps": 0.0858037689099552,
    "tire_rl_spindle_omega_radps": 0.08101548723480155,
    "tire_rr_spindle_omega_radps": 0.06602527606747435
  },
  "val_flat_loss": 0.00668293622758938,
  "val_flat_rmse": {
    "vel_body_x_mps": 0.0013684310359975763,
    "vel_body_y_mps": 0.0011414941293973464,
    "roll_rad": 4.5558798178834055e-05,
    "pitch_rad": 1.655145819972077e-05,
    "roll_rate_radps": 0.0019924643796961875,
    "ang_vel_body_y_radps": 0.0010472275997246972,
    "yaw_rate_radps": 0.0016274003441177612,
    "tire_fl_force_wheel_fz_n": 52.08810229537978,
    "tire_fr_force_wheel_fz_n": 59.621052605820275,
    "tire_rl_force_wheel_fz_n": 28.471690164233408,
    "tire_rr_force_wheel_fz_n": 29.793442292622025,
    "tire_fl_spindle_omega_radps": 0.07941079877650062,
    "tire_fr_spindle_omega_radps": 0.0858037689099552,
    "tire_rl_spindle_omega_radps": 0.08101548723480155,
    "tire_rr_spindle_omega_radps": 0.06602527606747435
  },
  "val_crm_loss": 0.11627786971163005,
  "val_crm_rmse": {
    "vel_body_x_mps": 0.003818167099409102,
    "vel_body_y_mps": 0.0030386156507365408,
    "roll_rad": 9.012121174141445e-05,
    "pitch_rad": 5.327486731694378e-05,
    "roll_rate_radps": 0.005194496606572106,
    "ang_vel_body_y_radps": 0.0034220124209580855,
    "yaw_rate_radps": 0.002690137820486159,
    "tire_fl_force_wheel_fz_n": 835.5934261255169,
    "tire_fr_force_wheel_fz_n": 839.0231266701785,
    "tire_rl_force_wheel_fz_n": 973.9466571471035,
    "tire_rr_force_wheel_fz_n": 1022.9099754651868,
    "tire_fl_spindle_omega_radps": 0.16225755689582064,
    "tire_fr_spindle_omega_radps": 0.15951595318198777,
    "tire_rl_spindle_omega_radps": 0.1709739110376194,
    "tire_rr_spindle_omega_radps": 0.17061672929193036
  },
  "val_mixed_loss": 0.061480402969609715,
  "rollout_flat_5.0s": {
    "xy_rmse_m": 2.9533187629334545,
    "yaw_rmse_rad": 0.15310848254042866,
    "errdist": 0.3889952922635605,
    "mean_dist_m": 7.592170963684718,
    "episodes": 12
  },
  "rollout_flat_10.0s": {
    "xy_rmse_m": 15.02102996288315,
    "yaw_rmse_rad": 0.6149780410500773,
    "errdist": 0.4265264819146742,
    "mean_dist_m": 35.2171098391215,
    "episodes": 12
  },
  "rollout_crm_5.0s": {
    "xy_rmse_m": 0.9694592964631129,
    "yaw_rmse_rad": 0.11542970884336909,
    "errdist": 0.13546552563817962,
    "mean_dist_m": 7.1565019357949495,
    "episodes": 12
  },
  "rollout_crm_10.0s": {
    "xy_rmse_m": 3.7633263332165563,
    "yaw_rmse_rad": 0.21617494425394426,
    "errdist": 0.15031177999648687,
    "mean_dist_m": 25.036802393694717,
    "episodes": 12
  },
  "rollout_sel": 0.2884191309555805
}
{
  "epoch": 5,
  "timestamp_utc": "2026-07-10T05:17:40.967003+00:00",
  "train_loss": 0.03841869599558413,
  "val_loss": 0.005339548089832533,
  "val_rmse": {
    "vel_body_x_mps": 0.0011718874330297838,
    "vel_body_y_mps": 0.0010733576379977632,
    "roll_rad": 3.478675275645191e-05,
    "pitch_rad": 2.2181899074233387e-05,
    "roll_rate_radps": 0.0018602960051539547,
    "ang_vel_body_y_radps": 0.001013014398341814,
    "yaw_rate_radps": 0.001489612246529069,
    "tire_fl_force_wheel_fz_n": 50.503669110134645,
    "tire_fr_force_wheel_fz_n": 50.074679959684254,
    "tire_rl_force_wheel_fz_n": 27.316413483446215,
    "tire_rr_force_wheel_fz_n": 25.99113355430078,
    "tire_fl_spindle_omega_radps": 0.07246771075151408,
    "tire_fr_spindle_omega_radps": 0.07922298195109886,
    "tire_rl_spindle_omega_radps": 0.08022502195105838,
    "tire_rr_spindle_omega_radps": 0.06395913572528707
  },
  "val_flat_loss": 0.005339548089832533,
  "val_flat_rmse": {
    "vel_body_x_mps": 0.0011718874330297838,
    "vel_body_y_mps": 0.0010733576379977632,
    "roll_rad": 3.478675275645191e-05,
    "pitch_rad": 2.2181899074233387e-05,
    "roll_rate_radps": 0.0018602960051539547,
    "ang_vel_body_y_radps": 0.001013014398341814,
    "yaw_rate_radps": 0.001489612246529069,
    "tire_fl_force_wheel_fz_n": 50.503669110134645,
    "tire_fr_force_wheel_fz_n": 50.074679959684254,
    "tire_rl_force_wheel_fz_n": 27.316413483446215,
    "tire_rr_force_wheel_fz_n": 25.99113355430078,
    "tire_fl_spindle_omega_radps": 0.07246771075151408,
    "tire_fr_spindle_omega_radps": 0.07922298195109886,
    "tire_rl_spindle_omega_radps": 0.08022502195105838,
    "tire_rr_spindle_omega_radps": 0.06395913572528707
  },
  "val_crm_loss": 0.11106190805207007,
  "val_crm_rmse": {
    "vel_body_x_mps": 0.0036195981198612654,
    "vel_body_y_mps": 0.003106089690094673,
    "roll_rad": 9.58995775829446e-05,
    "pitch_rad": 7.957556450515318e-05,
    "roll_rate_radps": 0.005133669224545413,
    "ang_vel_body_y_radps": 0.0033424694982312165,
    "yaw_rate_radps": 0.0025877121335089533,
    "tire_fl_force_wheel_fz_n": 795.433196020291,
    "tire_fr_force_wheel_fz_n": 797.7494173567702,
    "tire_rl_force_wheel_fz_n": 957.3930248432745,
    "tire_rr_force_wheel_fz_n": 1010.0359129512944,
    "tire_fl_spindle_omega_radps": 0.1549318550365001,
    "tire_fr_spindle_omega_radps": 0.15445017372496145,
    "tire_rl_spindle_omega_radps": 0.1703881597831335,
    "tire_rr_spindle_omega_radps": 0.16997796750330607
  },
  "val_mixed_loss": 0.0582007280709513,
  "rollout_flat_5.0s": {
    "xy_rmse_m": 3.6188898082161076,
    "yaw_rmse_rad": 0.14679600214432229,
    "errdist": 0.476660737162819,
    "mean_dist_m": 7.592170963684718,
    "episodes": 12
  },
  "rollout_flat_10.0s": {
    "xy_rmse_m": 7.781824746595027,
    "yaw_rmse_rad": 0.19691189447980345,
    "errdist": 0.2209671600578211,
    "mean_dist_m": 35.2171098391215,
    "episodes": 12
  },
  "rollout_crm_5.0s": {
    "xy_rmse_m": 0.921832145427609,
    "yaw_rmse_rad": 0.07036513311866403,
    "errdist": 0.12881043751512816,
    "mean_dist_m": 7.1565019357949495,
    "episodes": 12
  },
  "rollout_crm_10.0s": {
    "xy_rmse_m": 2.9008735533697387,
    "yaw_rmse_rad": 0.1739669945458523,
    "errdist": 0.115864378675621,
    "mean_dist_m": 25.036802393694717,
    "episodes": 12
  },
  "rollout_sel": 0.16841576936672104
}
{
  "epoch": 6,
  "timestamp_utc": "2026-07-10T05:18:30.496197+00:00",
  "train_loss": 0.03616087483568117,
  "val_loss": 0.005738794657445396,
  "val_rmse": {
    "vel_body_x_mps": 0.0012714063135751857,
    "vel_body_y_mps": 0.0009745168078304732,
    "roll_rad": 2.7126499100559503e-05,
    "pitch_rad": 1.53897715837469e-05,
    "roll_rate_radps": 0.0017708627896015246,
    "ang_vel_body_y_radps": 0.0009839423633854459,
    "yaw_rate_radps": 0.0014950017755638698,
    "tire_fl_force_wheel_fz_n": 48.57806812124766,
    "tire_fr_force_wheel_fz_n": 51.18300463619457,
    "tire_rl_force_wheel_fz_n": 28.678204636901242,
    "tire_rr_force_wheel_fz_n": 26.875275039862316,
    "tire_fl_spindle_omega_radps": 0.07838239540219917,
    "tire_fr_spindle_omega_radps": 0.08380540437785676,
    "tire_rl_spindle_omega_radps": 0.08120041717220038,
    "tire_rr_spindle_omega_radps": 0.06364256901072537
  },
  "val_flat_loss": 0.005738794657445396,
  "val_flat_rmse": {
    "vel_body_x_mps": 0.0012714063135751857,
    "vel_body_y_mps": 0.0009745168078304732,
    "roll_rad": 2.7126499100559503e-05,
    "pitch_rad": 1.53897715837469e-05,
    "roll_rate_radps": 0.0017708627896015246,
    "ang_vel_body_y_radps": 0.0009839423633854459,
    "yaw_rate_radps": 0.0014950017755638698,
    "tire_fl_force_wheel_fz_n": 48.57806812124766,
    "tire_fr_force_wheel_fz_n": 51.18300463619457,
    "tire_rl_force_wheel_fz_n": 28.678204636901242,
    "tire_rr_force_wheel_fz_n": 26.875275039862316,
    "tire_fl_spindle_omega_radps": 0.07838239540219917,
    "tire_fr_spindle_omega_radps": 0.08380540437785676,
    "tire_rl_spindle_omega_radps": 0.08120041717220038,
    "tire_rr_spindle_omega_radps": 0.06364256901072537
  },
  "val_crm_loss": 0.10770072891842573,
  "val_crm_rmse": {
    "vel_body_x_mps": 0.003557001723114448,
    "vel_body_y_mps": 0.0029611268520988478,
    "roll_rad": 6.22276953240281e-05,
    "pitch_rad": 4.7770452210709666e-05,
    "roll_rate_radps": 0.004771873622771145,
    "ang_vel_body_y_radps": 0.0031679226313454135,
    "yaw_rate_radps": 0.00261334097655163,
    "tire_fl_force_wheel_fz_n": 767.7729636827589,
    "tire_fr_force_wheel_fz_n": 762.9418126516514,
    "tire_rl_force_wheel_fz_n": 953.445372429909,
    "tire_rr_force_wheel_fz_n": 1000.2206030520954,
    "tire_fl_spindle_omega_radps": 0.1523770169894027,
    "tire_fr_spindle_omega_radps": 0.1506044348896263,
    "tire_rl_spindle_omega_radps": 0.16830346847119546,
    "tire_rr_spindle_omega_radps": 0.1677712063319351
  },
  "val_mixed_loss": 0.056719761787935565,
  "rollout_flat_5.0s": {
    "xy_rmse_m": 1.6584360697886087,
    "yaw_rmse_rad": 0.09258698904380888,
    "errdist": 0.2184402956310296,
    "mean_dist_m": 7.592170963684718,
    "episodes": 12
  },
  "rollout_flat_10.0s": {
    "xy_rmse_m": 8.094659559675396,
    "yaw_rmse_rad": 0.4129785856171883,
    "errdist": 0.2298501948812197,
    "mean_dist_m": 35.2171098391215,
    "episodes": 12
  },
  "rollout_crm_5.0s": {
    "xy_rmse_m": 0.8075116205314288,
    "yaw_rmse_rad": 0.07319497978481461,
    "errdist": 0.11283607938292688,
    "mean_dist_m": 7.1565019357949495,
    "episodes": 12
  },
  "rollout_crm_10.0s": {
    "xy_rmse_m": 2.7478266327062615,
    "yaw_rmse_rad": 0.17564002253923386,
    "errdist": 0.10975150059091714,
    "mean_dist_m": 25.036802393694717,
    "episodes": 12
  },
  "rollout_sel": 0.1698008477360684
}
{
  "epoch": 7,
  "timestamp_utc": "2026-07-10T05:19:19.950534+00:00",
  "train_loss": 0.034791912890039384,
  "val_loss": 0.004764419076018385,
  "val_rmse": {
    "vel_body_x_mps": 0.0010914786020423718,
    "vel_body_y_mps": 0.0009975561828871366,
    "roll_rad": 2.4541900272100582e-05,
    "pitch_rad": 1.1598643708759794e-05,
    "roll_rate_radps": 0.0017714557837285982,
    "ang_vel_body_y_radps": 0.0009855950188031887,
    "yaw_rate_radps": 0.0014606012662111694,
    "tire_fl_force_wheel_fz_n": 47.11036940939342,
    "tire_fr_force_wheel_fz_n": 48.05988977891885,
    "tire_rl_force_wheel_fz_n": 27.886815974499807,
    "tire_rr_force_wheel_fz_n": 24.509178407720363,
    "tire_fl_spindle_omega_radps": 0.07224702954417396,
    "tire_fr_spindle_omega_radps": 0.0781451184125157,
    "tire_rl_spindle_omega_radps": 0.07811398520958658,
    "tire_rr_spindle_omega_radps": 0.06141742030781063
  },
  "val_flat_loss": 0.004764419076018385,
  "val_flat_rmse": {
    "vel_body_x_mps": 0.0010914786020423718,
    "vel_body_y_mps": 0.0009975561828871366,
    "roll_rad": 2.4541900272100582e-05,
    "pitch_rad": 1.1598643708759794e-05,
    "roll_rate_radps": 0.0017714557837285982,
    "ang_vel_body_y_radps": 0.0009855950188031887,
    "yaw_rate_radps": 0.0014606012662111694,
    "tire_fl_force_wheel_fz_n": 47.11036940939342,
    "tire_fr_force_wheel_fz_n": 48.05988977891885,
    "tire_rl_force_wheel_fz_n": 27.886815974499807,
    "tire_rr_force_wheel_fz_n": 24.509178407720363,
    "tire_fl_spindle_omega_radps": 0.07224702954417396,
    "tire_fr_spindle_omega_radps": 0.0781451184125157,
    "tire_rl_spindle_omega_radps": 0.07811398520958658,
    "tire_rr_spindle_omega_radps": 0.06141742030781063
  },
  "val_crm_loss": 0.10510519593313802,
  "val_crm_rmse": {
    "vel_body_x_mps": 0.0034510978809733166,
    "vel_body_y_mps": 0.0028287003328827044,
    "roll_rad": 6.86901681726189e-05,
    "pitch_rad": 4.5121718015312826e-05,
    "roll_rate_radps": 0.004675454489635313,
    "ang_vel_body_y_radps": 0.0030903739630425806,
    "yaw_rate_radps": 0.002497146950265593,
    "tire_fl_force_wheel_fz_n": 748.3737223821068,
    "tire_fr_force_wheel_fz_n": 756.871092028709,
    "tire_rl_force_wheel_fz_n": 944.6879859849271,
    "tire_rr_force_wheel_fz_n": 1003.1973876348732,
    "tire_fl_spindle_omega_radps": 0.15335795123020476,
    "tire_fr_spindle_omega_radps": 0.1529210276067442,
    "tire_rl_spindle_omega_radps": 0.1710142699374781,
    "tire_rr_spindle_omega_radps": 0.16794423198231873
  },
  "val_mixed_loss": 0.0549348075045782,
  "rollout_flat_5.0s": {
    "xy_rmse_m": 1.6914556680438981,
    "yaw_rmse_rad": 0.059351484678183186,
    "errdist": 0.22278945984416845,
    "mean_dist_m": 7.592170963684718,
    "episodes": 12
  },
  "rollout_flat_10.0s": {
    "xy_rmse_m": 12.269203200206961,
    "yaw_rmse_rad": 0.29615561646694305,
    "errdist": 0.3483875666190392,
    "mean_dist_m": 35.2171098391215,
    "episodes": 12
  },
  "rollout_crm_5.0s": {
    "xy_rmse_m": 0.5946948162891016,
    "yaw_rmse_rad": 0.07086994821271336,
    "errdist": 0.0830985335607322,
    "mean_dist_m": 7.1565019357949495,
    "episodes": 12
  },
  "rollout_crm_10.0s": {
    "xy_rmse_m": 3.9974646474210607,
    "yaw_rmse_rad": 0.42230800027864956,
    "errdist": 0.15966354586989048,
    "mean_dist_m": 25.036802393694717,
    "episodes": 12
  },
  "rollout_sel": 0.2540255562444648
}
{
  "epoch": 8,
  "timestamp_utc": "2026-07-10T05:20:09.602828+00:00",
  "train_loss": 0.0336202401239425,
  "val_loss": 0.004977369045373052,
  "val_rmse": {
    "vel_body_x_mps": 0.0012239024734152332,
    "vel_body_y_mps": 0.0010123754297723712,
    "roll_rad": 2.7068799698203154e-05,
    "pitch_rad": 1.1841885158414079e-05,
    "roll_rate_radps": 0.0017769348236945743,
    "ang_vel_body_y_radps": 0.0010001268082583511,
    "yaw_rate_radps": 0.0014330939288343942,
    "tire_fl_force_wheel_fz_n": 46.488930517569656,
    "tire_fr_force_wheel_fz_n": 47.336713653713765,
    "tire_rl_force_wheel_fz_n": 27.621771587200254,
    "tire_rr_force_wheel_fz_n": 26.850920124555564,
    "tire_fl_spindle_omega_radps": 0.07072214795665363,
    "tire_fr_spindle_omega_radps": 0.07887021870969423,
    "tire_rl_spindle_omega_radps": 0.08151488099231012,
    "tire_rr_spindle_omega_radps": 0.060292415011152393
  },
  "val_flat_loss": 0.004977369045373052,
  "val_flat_rmse": {
    "vel_body_x_mps": 0.0012239024734152332,
    "vel_body_y_mps": 0.0010123754297723712,
    "roll_rad": 2.7068799698203154e-05,
    "pitch_rad": 1.1841885158414079e-05,
    "roll_rate_radps": 0.0017769348236945743,
    "ang_vel_body_y_radps": 0.0010001268082583511,
    "yaw_rate_radps": 0.0014330939288343942,
    "tire_fl_force_wheel_fz_n": 46.488930517569656,
    "tire_fr_force_wheel_fz_n": 47.336713653713765,
    "tire_rl_force_wheel_fz_n": 27.621771587200254,
    "tire_rr_force_wheel_fz_n": 26.850920124555564,
    "tire_fl_spindle_omega_radps": 0.07072214795665363,
    "tire_fr_spindle_omega_radps": 0.07887021870969423,
    "tire_rl_spindle_omega_radps": 0.08151488099231012,
    "tire_rr_spindle_omega_radps": 0.060292415011152393
  },
  "val_crm_loss": 0.10250184514559806,
  "val_crm_rmse": {
    "vel_body_x_mps": 0.003382053102758022,
    "vel_body_y_mps": 0.0029181869575175714,
    "roll_rad": 8.429657336506184e-05,
    "pitch_rad": 4.752872893795003e-05,
    "roll_rate_radps": 0.0044340955514790845,
    "ang_vel_body_y_radps": 0.003147933915906237,
    "yaw_rate_radps": 0.002529493375858775,
    "tire_fl_force_wheel_fz_n": 741.5940070740357,
    "tire_fr_force_wheel_fz_n": 710.8241843467666,
    "tire_rl_force_wheel_fz_n": 940.9057022562516,
    "tire_rr_force_wheel_fz_n": 1002.4858437512681,
    "tire_fl_spindle_omega_radps": 0.1480371070041927,
    "tire_fr_spindle_omega_radps": 0.1460409369312827,
    "tire_rl_spindle_omega_radps": 0.16518888155658942,
    "tire_rr_spindle_omega_radps": 0.16430215249812904
  },
  "val_mixed_loss": 0.05373960709548555,
  "rollout_flat_5.0s": {
    "xy_rmse_m": 1.8810457489220618,
    "yaw_rmse_rad": 0.08578693537235631,
    "errdist": 0.2477612474639443,
    "mean_dist_m": 7.592170963684718,
    "episodes": 12
  },
  "rollout_flat_10.0s": {
    "xy_rmse_m": 9.628005529626353,
    "yaw_rmse_rad": 0.3456899646186549,
    "errdist": 0.27338999632874267,
    "mean_dist_m": 35.2171098391215,
    "episodes": 12
  },
  "rollout_crm_5.0s": {
    "xy_rmse_m": 0.9659878021441557,
    "yaw_rmse_rad": 0.07449682150957959,
    "errdist": 0.13498044307268856,
    "mean_dist_m": 7.1565019357949495,
    "episodes": 12
  },
  "rollout_crm_10.0s": {
    "xy_rmse_m": 3.180846953775535,
    "yaw_rmse_rad": 0.17472096881743698,
    "errdist": 0.1270468530189223,
    "mean_dist_m": 25.036802393694717,
    "episodes": 12
  },
  "rollout_sel": 0.2002184246738325
}
{
  "epoch": 9,
  "timestamp_utc": "2026-07-10T05:20:59.439235+00:00",
  "train_loss": 0.032549713754095135,
  "val_loss": 0.004653250692099391,
  "val_rmse": {
    "vel_body_x_mps": 0.0010590745475225884,
    "vel_body_y_mps": 0.0009812988686652808,
    "roll_rad": 2.8389285741182667e-05,
    "pitch_rad": 1.1883895261491229e-05,
    "roll_rate_radps": 0.0016684398272650896,
    "ang_vel_body_y_radps": 0.0009512593633547536,
    "yaw_rate_radps": 0.0014494850849285184,
    "tire_fl_force_wheel_fz_n": 44.74363970284016,
    "tire_fr_force_wheel_fz_n": 45.330581998091084,
    "tire_rl_force_wheel_fz_n": 26.278795254946946,
    "tire_rr_force_wheel_fz_n": 24.744749962165283,
    "tire_fl_spindle_omega_radps": 0.07269473397239046,
    "tire_fr_spindle_omega_radps": 0.07903522197023126,
    "tire_rl_spindle_omega_radps": 0.07678421636844461,
    "tire_rr_spindle_omega_radps": 0.06116078485265279
  },
  "val_flat_loss": 0.004653250692099391,
  "val_flat_rmse": {
    "vel_body_x_mps": 0.0010590745475225884,
    "vel_body_y_mps": 0.0009812988686652808,
    "roll_rad": 2.8389285741182667e-05,
    "pitch_rad": 1.1883895261491229e-05,
    "roll_rate_radps": 0.0016684398272650896,
    "ang_vel_body_y_radps": 0.0009512593633547536,
    "yaw_rate_radps": 0.0014494850849285184,
    "tire_fl_force_wheel_fz_n": 44.74363970284016,
    "tire_fr_force_wheel_fz_n": 45.330581998091084,
    "tire_rl_force_wheel_fz_n": 26.278795254946946,
    "tire_rr_force_wheel_fz_n": 24.744749962165283,
    "tire_fl_spindle_omega_radps": 0.07269473397239046,
    "tire_fr_spindle_omega_radps": 0.07903522197023126,
    "tire_rl_spindle_omega_radps": 0.07678421636844461,
    "tire_rr_spindle_omega_radps": 0.06116078485265279
  },
  "val_crm_loss": 0.10009187259245664,
  "val_crm_rmse": {
    "vel_body_x_mps": 0.003367636747642084,
    "vel_body_y_mps": 0.002753549699258261,
    "roll_rad": 6.521869456764585e-05,
    "pitch_rad": 4.432876124568916e-05,
    "roll_rate_radps": 0.004524327848532833,
    "ang_vel_body_y_radps": 0.0030084285286749,
    "yaw_rate_radps": 0.0024736061123981556,
    "tire_fl_force_wheel_fz_n": 707.4633469638998,
    "tire_fr_force_wheel_fz_n": 707.5787543014687,
    "tire_rl_force_wheel_fz_n": 939.4847795537635,
    "tire_rr_force_wheel_fz_n": 982.4723286684064,
    "tire_fl_spindle_omega_radps": 0.14703601199791488,
    "tire_fr_spindle_omega_radps": 0.14528429755720998,
    "tire_rl_spindle_omega_radps": 0.1647565472648304,
    "tire_rr_spindle_omega_radps": 0.163584765474625
  },
  "val_mixed_loss": 0.052372561642278014,
  "rollout_flat_5.0s": {
    "xy_rmse_m": 1.4867664935006055,
    "yaw_rmse_rad": 0.0938099731570516,
    "errdist": 0.195828900667831,
    "mean_dist_m": 7.592170963684718,
    "episodes": 12
  },
  "rollout_flat_10.0s": {
    "xy_rmse_m": 15.072092667453385,
    "yaw_rmse_rad": 0.20130566875493824,
    "errdist": 0.42797642215120973,
    "mean_dist_m": 35.2171098391215,
    "episodes": 12
  },
  "rollout_crm_5.0s": {
    "xy_rmse_m": 0.742609832530873,
    "yaw_rmse_rad": 0.049050063999039,
    "errdist": 0.10376715316969776,
    "mean_dist_m": 7.1565019357949495,
    "episodes": 12
  },
  "rollout_crm_10.0s": {
    "xy_rmse_m": 1.8391302987659766,
    "yaw_rmse_rad": 0.15959392474072623,
    "errdist": 0.0734570761012654,
    "mean_dist_m": 25.036802393694717,
    "episodes": 12
  },
  "rollout_sel": 0.25071674912623754
}
{
  "epoch": 10,
  "timestamp_utc": "2026-07-10T05:21:49.225454+00:00",
  "train_loss": 0.03171639858465642,
  "val_loss": 0.004971051970023836,
  "val_rmse": {
    "vel_body_x_mps": 0.0010545346696171245,
    "vel_body_y_mps": 0.0008821342624554889,
    "roll_rad": 3.0921454986374095e-05,
    "pitch_rad": 1.3150817610426371e-05,
    "roll_rate_radps": 0.0016593794721055303,
    "ang_vel_body_y_radps": 0.0009502098392621423,
    "yaw_rate_radps": 0.0014258234171846366,
    "tire_fl_force_wheel_fz_n": 46.37404597110816,
    "tire_fr_force_wheel_fz_n": 46.33703481390783,
    "tire_rl_force_wheel_fz_n": 25.834735266597296,
    "tire_rr_force_wheel_fz_n": 24.078236211065654,
    "tire_fl_spindle_omega_radps": 0.07326632744393008,
    "tire_fr_spindle_omega_radps": 0.08118156506244775,
    "tire_rl_spindle_omega_radps": 0.08083718816007085,
    "tire_rr_spindle_omega_radps": 0.06657028524342876
  },
  "val_flat_loss": 0.004971051970023836,
  "val_flat_rmse": {
    "vel_body_x_mps": 0.0010545346696171245,
    "vel_body_y_mps": 0.0008821342624554889,
    "roll_rad": 3.0921454986374095e-05,
    "pitch_rad": 1.3150817610426371e-05,
    "roll_rate_radps": 0.0016593794721055303,
    "ang_vel_body_y_radps": 0.0009502098392621423,
    "yaw_rate_radps": 0.0014258234171846366,
    "tire_fl_force_wheel_fz_n": 46.37404597110816,
    "tire_fr_force_wheel_fz_n": 46.33703481390783,
    "tire_rl_force_wheel_fz_n": 25.834735266597296,
    "tire_rr_force_wheel_fz_n": 24.078236211065654,
    "tire_fl_spindle_omega_radps": 0.07326632744393008,
    "tire_fr_spindle_omega_radps": 0.08118156506244775,
    "tire_rl_spindle_omega_radps": 0.08083718816007085,
    "tire_rr_spindle_omega_radps": 0.06657028524342876
  },
  "val_crm_loss": 0.09929911509971134,
  "val_crm_rmse": {
    "vel_body_x_mps": 0.003333827970551525,
    "vel_body_y_mps": 0.0027889405762892136,
    "roll_rad": 6.487150513667891e-05,
    "pitch_rad": 5.758120483730726e-05,
    "roll_rate_radps": 0.004471031297492322,
    "ang_vel_body_y_radps": 0.0032091372690832344,
    "yaw_rate_radps": 0.0024640471865041837,
    "tire_fl_force_wheel_fz_n": 711.9282122410697,
    "tire_fr_force_wheel_fz_n": 688.1774842343572,
    "tire_rl_force_wheel_fz_n": 942.1733090018824,
    "tire_rr_force_wheel_fz_n": 969.0504543718486,
    "tire_fl_spindle_omega_radps": 0.14519700613899045,
    "tire_fr_spindle_omega_radps": 0.1449667288967062,
    "tire_rl_spindle_omega_radps": 0.16537846984897173,
    "tire_rr_spindle_omega_radps": 0.16302647036213772
  },
  "val_mixed_loss": 0.05213508353486759,
  "rollout_flat_5.0s": {
    "xy_rmse_m": 3.1154857738816775,
    "yaw_rmse_rad": 0.1315138935787751,
    "errdist": 0.4103550603356849,
    "mean_dist_m": 7.592170963684718,
    "episodes": 12
  },
  "rollout_flat_10.0s": {
    "xy_rmse_m": 8.949343242168435,
    "yaw_rmse_rad": 0.24884314632937374,
    "errdist": 0.254119184767028,
    "mean_dist_m": 35.2171098391215,
    "episodes": 12
  },
  "rollout_crm_5.0s": {
    "xy_rmse_m": 1.39513938408001,
    "yaw_rmse_rad": 0.09781056342782463,
    "errdist": 0.19494711195449943,
    "mean_dist_m": 7.1565019357949495,
    "episodes": 12
  },
  "rollout_crm_10.0s": {
    "xy_rmse_m": 4.523597138446741,
    "yaw_rmse_rad": 0.1747287716673645,
    "errdist": 0.18067791035431768,
    "mean_dist_m": 25.036802393694717,
    "episodes": 12
  },
  "rollout_sel": 0.21739854756067284
}
{
  "epoch": 11,
  "timestamp_utc": "2026-07-10T05:22:39.020516+00:00",
  "train_loss": 0.031120212632231414,
  "val_loss": 0.004727112356449652,
  "val_rmse": {
    "vel_body_x_mps": 0.0010135848809123646,
    "vel_body_y_mps": 0.0009006162045622906,
    "roll_rad": 2.516037237851783e-05,
    "pitch_rad": 1.7875912395701317e-05,
    "roll_rate_radps": 0.0016744356682581894,
    "ang_vel_body_y_radps": 0.0009425830551804818,
    "yaw_rate_radps": 0.0014432720167751629,
    "tire_fl_force_wheel_fz_n": 45.27083547671448,
    "tire_fr_force_wheel_fz_n": 44.38085846947819,
    "tire_rl_force_wheel_fz_n": 25.658036292242905,
    "tire_rr_force_wheel_fz_n": 25.105404443345392,
    "tire_fl_spindle_omega_radps": 0.06884974054538695,
    "tire_fr_spindle_omega_radps": 0.07781023932816776,
    "tire_rl_spindle_omega_radps": 0.08517943413573531,
    "tire_rr_spindle_omega_radps": 0.06410809485972856
  },
  "val_flat_loss": 0.004727112356449652,
  "val_flat_rmse": {
    "vel_body_x_mps": 0.0010135848809123646,
    "vel_body_y_mps": 0.0009006162045622906,
    "roll_rad": 2.516037237851783e-05,
    "pitch_rad": 1.7875912395701317e-05,
    "roll_rate_radps": 0.0016744356682581894,
    "ang_vel_body_y_radps": 0.0009425830551804818,
    "yaw_rate_radps": 0.0014432720167751629,
    "tire_fl_force_wheel_fz_n": 45.27083547671448,
    "tire_fr_force_wheel_fz_n": 44.38085846947819,
    "tire_rl_force_wheel_fz_n": 25.658036292242905,
    "tire_rr_force_wheel_fz_n": 25.105404443345392,
    "tire_fl_spindle_omega_radps": 0.06884974054538695,
    "tire_fr_spindle_omega_radps": 0.07781023932816776,
    "tire_rl_spindle_omega_radps": 0.08517943413573531,
    "tire_rr_spindle_omega_radps": 0.06410809485972856
  },
  "val_crm_loss": 0.09639833597932011,
  "val_crm_rmse": {
    "vel_body_x_mps": 0.003185005842628798,
    "vel_body_y_mps": 0.0027412355689990842,
    "roll_rad": 5.675776452593206e-05,
    "pitch_rad": 6.183757116433779e-05,
    "roll_rate_radps": 0.004295735290998746,
    "ang_vel_body_y_radps": 0.002868609772604926,
    "yaw_rate_radps": 0.0024675898679740772,
    "tire_fl_force_wheel_fz_n": 678.9281735528067,
    "tire_fr_force_wheel_fz_n": 674.1218530349374,
    "tire_rl_force_wheel_fz_n": 932.4857365764138,
    "tire_rr_force_wheel_fz_n": 970.594926048079,
    "tire_fl_spindle_omega_radps": 0.14241638522418187,
    "tire_fr_spindle_omega_radps": 0.14115375545205497,
    "tire_rl_spindle_omega_radps": 0.1617804525032596,
    "tire_rr_spindle_omega_radps": 0.16074644112972555
  },
  "val_mixed_loss": 0.05056272416788488,
  "rollout_flat_5.0s": {
    "xy_rmse_m": 0.9348596480795184,
    "yaw_rmse_rad": 0.07222802440070913,
    "errdist": 0.12313469395660206,
    "mean_dist_m": 7.592170963684718,
    "episodes": 12
  },
  "rollout_flat_10.0s": {
    "xy_rmse_m": 4.78663960852099,
    "yaw_rmse_rad": 0.22188082386262575,
    "errdist": 0.1359180134425362,
    "mean_dist_m": 35.2171098391215,
    "episodes": 12
  },
  "rollout_crm_5.0s": {
    "xy_rmse_m": 1.7817731199795315,
    "yaw_rmse_rad": 0.12526558531703483,
    "errdist": 0.2489726315963905,
    "mean_dist_m": 7.1565019357949495,
    "episodes": 12
  },
  "rollout_crm_10.0s": {
    "xy_rmse_m": 4.081410875640196,
    "yaw_rmse_rad": 0.21416953418131812,
    "errdist": 0.1630164591892158,
    "mean_dist_m": 25.036802393694717,
    "episodes": 12
  },
  "rollout_sel": 0.149467236315876
}
{
  "epoch": 12,
  "timestamp_utc": "2026-07-10T05:23:28.872088+00:00",
  "train_loss": 0.030372176371980458,
  "val_loss": 0.004337190030964848,
  "val_rmse": {
    "vel_body_x_mps": 0.001041854455539223,
    "vel_body_y_mps": 0.0007991872980838977,
    "roll_rad": 2.433174940277518e-05,
    "pitch_rad": 1.3478785808810161e-05,
    "roll_rate_radps": 0.0016021124915618914,
    "ang_vel_body_y_radps": 0.000934916628467904,
    "yaw_rate_radps": 0.0014206440041443157,
    "tire_fl_force_wheel_fz_n": 44.438044699162035,
    "tire_fr_force_wheel_fz_n": 43.43183969395706,
    "tire_rl_force_wheel_fz_n": 25.018653339596646,
    "tire_rr_force_wheel_fz_n": 23.576389731528096,
    "tire_fl_spindle_omega_radps": 0.06813101727379779,
    "tire_fr_spindle_omega_radps": 0.07808628537839316,
    "tire_rl_spindle_omega_radps": 0.07815441078670048,
    "tire_rr_spindle_omega_radps": 0.06154043664510382
  },
  "val_flat_loss": 0.004337190030964848,
  "val_flat_rmse": {
    "vel_body_x_mps": 0.001041854455539223,
    "vel_body_y_mps": 0.0007991872980838977,
    "roll_rad": 2.433174940277518e-05,
    "pitch_rad": 1.3478785808810161e-05,
    "roll_rate_radps": 0.0016021124915618914,
    "ang_vel_body_y_radps": 0.000934916628467904,
    "yaw_rate_radps": 0.0014206440041443157,
    "tire_fl_force_wheel_fz_n": 44.438044699162035,
    "tire_fr_force_wheel_fz_n": 43.43183969395706,
    "tire_rl_force_wheel_fz_n": 25.018653339596646,
    "tire_rr_force_wheel_fz_n": 23.576389731528096,
    "tire_fl_spindle_omega_radps": 0.06813101727379779,
    "tire_fr_spindle_omega_radps": 0.07808628537839316,
    "tire_rl_spindle_omega_radps": 0.07815441078670048,
    "tire_rr_spindle_omega_radps": 0.06154043664510382
  },
  "val_crm_loss": 0.09560604343598243,
  "val_crm_rmse": {
    "vel_body_x_mps": 0.0032198968260375807,
    "vel_body_y_mps": 0.002648174848760758,
    "roll_rad": 6.54419188496622e-05,
    "pitch_rad": 4.959528529980226e-05,
    "roll_rate_radps": 0.004260661657528381,
    "ang_vel_body_y_radps": 0.0029167330521470552,
    "yaw_rate_radps": 0.0024179056665785494,
    "tire_fl_force_wheel_fz_n": 670.8932076852202,
    "tire_fr_force_wheel_fz_n": 676.6429072780757,
    "tire_rl_force_wheel_fz_n": 923.520961463359,
    "tire_rr_force_wheel_fz_n": 975.2441178047393,
    "tire_fl_spindle_omega_radps": 0.14144932157768153,
    "tire_fr_spindle_omega_radps": 0.14118895538011192,
    "tire_rl_spindle_omega_radps": 0.16019504027929662,
    "tire_rr_spindle_omega_radps": 0.16119284090504007
  },
  "val_mixed_loss": 0.04997161673347364,
  "rollout_flat_5.0s": {
    "xy_rmse_m": 1.0114118054757604,
    "yaw_rmse_rad": 0.12251219652647086,
    "errdist": 0.1332177331508471,
    "mean_dist_m": 7.592170963684718,
    "episodes": 12
  },
  "rollout_flat_10.0s": {
    "xy_rmse_m": 7.448502642122142,
    "yaw_rmse_rad": 0.37914133776787634,
    "errdist": 0.2115023826812685,
    "mean_dist_m": 35.2171098391215,
    "episodes": 12
  },
  "rollout_crm_5.0s": {
    "xy_rmse_m": 1.1979988621030742,
    "yaw_rmse_rad": 0.1062541577750479,
    "errdist": 0.16740006121021186,
    "mean_dist_m": 7.1565019357949495,
    "episodes": 12
  },
  "rollout_crm_10.0s": {
    "xy_rmse_m": 3.3071500748890337,
    "yaw_rmse_rad": 0.24520014812147117,
    "errdist": 0.1320915515841555,
    "mean_dist_m": 25.036802393694717,
    "episodes": 12
  },
  "rollout_sel": 0.171796967132712
}
{
  "epoch": 13,
  "timestamp_utc": "2026-07-10T05:24:18.747779+00:00",
  "train_loss": 0.02988304866850376,
  "val_loss": 0.004141996003090754,
  "val_rmse": {
    "vel_body_x_mps": 0.0010382529962393602,
    "vel_body_y_mps": 0.0007909458428854962,
    "roll_rad": 2.3078315559399925e-05,
    "pitch_rad": 1.0963542517181266e-05,
    "roll_rate_radps": 0.0015894215435772608,
    "ang_vel_body_y_radps": 0.0009744498246626071,
    "yaw_rate_radps": 0.0014108663377594534,
    "tire_fl_force_wheel_fz_n": 45.139210350129616,
    "tire_fr_force_wheel_fz_n": 43.55091104364758,
    "tire_rl_force_wheel_fz_n": 25.92295728193502,
    "tire_rr_force_wheel_fz_n": 23.40713708721921,
    "tire_fl_spindle_omega_radps": 0.06796722905701331,
    "tire_fr_spindle_omega_radps": 0.07570714838621347,
    "tire_rl_spindle_omega_radps": 0.0760456150908276,
    "tire_rr_spindle_omega_radps": 0.06009828438413181
  },
  "val_flat_loss": 0.004141996003090754,
  "val_flat_rmse": {
    "vel_body_x_mps": 0.0010382529962393602,
    "vel_body_y_mps": 0.0007909458428854962,
    "roll_rad": 2.3078315559399925e-05,
    "pitch_rad": 1.0963542517181266e-05,
    "roll_rate_radps": 0.0015894215435772608,
    "ang_vel_body_y_radps": 0.0009744498246626071,
    "yaw_rate_radps": 0.0014108663377594534,
    "tire_fl_force_wheel_fz_n": 45.139210350129616,
    "tire_fr_force_wheel_fz_n": 43.55091104364758,
    "tire_rl_force_wheel_fz_n": 25.92295728193502,
    "tire_rr_force_wheel_fz_n": 23.40713708721921,
    "tire_fl_spindle_omega_radps": 0.06796722905701331,
    "tire_fr_spindle_omega_radps": 0.07570714838621347,
    "tire_rl_spindle_omega_radps": 0.0760456150908276,
    "tire_rr_spindle_omega_radps": 0.06009828438413181
  },
  "val_crm_loss": 0.09631995187839493,
  "val_crm_rmse": {
    "vel_body_x_mps": 0.003418500653915336,
    "vel_body_y_mps": 0.0027499976592552685,
    "roll_rad": 6.602074188776775e-05,
    "pitch_rad": 4.4213377447810215e-05,
    "roll_rate_radps": 0.004204396438821833,
    "ang_vel_body_y_radps": 0.00294848096974415,
    "yaw_rate_radps": 0.0024254829236349334,
    "tire_fl_force_wheel_fz_n": 660.0750643107966,
    "tire_fr_force_wheel_fz_n": 662.9799334561548,
    "tire_rl_force_wheel_fz_n": 927.2526684584575,
    "tire_rr_force_wheel_fz_n": 972.180234385519,
    "tire_fl_spindle_omega_radps": 0.14286997315867683,
    "tire_fr_spindle_omega_radps": 0.14136700125344842,
    "tire_rl_spindle_omega_radps": 0.16134831406126773,
    "tire_rr_spindle_omega_radps": 0.16299622397072794
  },
  "val_mixed_loss": 0.05023097394074284,
  "rollout_flat_5.0s": {
    "xy_rmse_m": 1.2060525514488507,
    "yaw_rmse_rad": 0.09642160724056051,
    "errdist": 0.15885476726192105,
    "mean_dist_m": 7.592170963684718,
    "episodes": 12
  },
  "rollout_flat_10.0s": {
    "xy_rmse_m": 7.130315337339284,
    "yaw_rmse_rad": 0.2972685887861109,
    "errdist": 0.20246736231087473,
    "mean_dist_m": 35.2171098391215,
    "episodes": 12
  },
  "rollout_crm_5.0s": {
    "xy_rmse_m": 0.9322797137014536,
    "yaw_rmse_rad": 0.05518440143235988,
    "errdist": 0.13027030832457887,
    "mean_dist_m": 7.1565019357949495,
    "episodes": 12
  },
  "rollout_crm_10.0s": {
    "xy_rmse_m": 3.0341531952060636,
    "yaw_rmse_rad": 0.1751621202065967,
    "errdist": 0.12118772786936188,
    "mean_dist_m": 25.036802393694717,
    "episodes": 12
  },
  "rollout_sel": 0.16182754509011832
}
{
  "epoch": 14,
  "timestamp_utc": "2026-07-10T05:25:08.464153+00:00",
  "train_loss": 0.029290736419148745,
  "val_loss": 0.0039161822604728514,
  "val_rmse": {
    "vel_body_x_mps": 0.0009884631296613754,
    "vel_body_y_mps": 0.0007349194183785202,
    "roll_rad": 2.102504833587102e-05,
    "pitch_rad": 1.0461655913905841e-05,
    "roll_rate_radps": 0.001578280798129488,
    "ang_vel_body_y_radps": 0.000930667169058294,
    "yaw_rate_radps": 0.001408465656927503,
    "tire_fl_force_wheel_fz_n": 43.17749267753436,
    "tire_fr_force_wheel_fz_n": 45.29325189623185,
    "tire_rl_force_wheel_fz_n": 24.4584167965359,
    "tire_rr_force_wheel_fz_n": 24.009085514021972,
    "tire_fl_spindle_omega_radps": 0.0672355565290178,
    "tire_fr_spindle_omega_radps": 0.07478707022591936,
    "tire_rl_spindle_omega_radps": 0.0759582997268075,
    "tire_rr_spindle_omega_radps": 0.058452864029172553
  },
  "val_flat_loss": 0.0039161822604728514,
  "val_flat_rmse": {
    "vel_body_x_mps": 0.0009884631296613754,
    "vel_body_y_mps": 0.0007349194183785202,
    "roll_rad": 2.102504833587102e-05,
    "pitch_rad": 1.0461655913905841e-05,
    "roll_rate_radps": 0.001578280798129488,
    "ang_vel_body_y_radps": 0.000930667169058294,
    "yaw_rate_radps": 0.001408465656927503,
    "tire_fl_force_wheel_fz_n": 43.17749267753436,
    "tire_fr_force_wheel_fz_n": 45.29325189623185,
    "tire_rl_force_wheel_fz_n": 24.4584167965359,
    "tire_rr_force_wheel_fz_n": 24.009085514021972,
    "tire_fl_spindle_omega_radps": 0.0672355565290178,
    "tire_fr_spindle_omega_radps": 0.07478707022591936,
    "tire_rl_spindle_omega_radps": 0.0759582997268075,
    "tire_rr_spindle_omega_radps": 0.058452864029172553
  },
  "val_crm_loss": 0.09431719057902228,
  "val_crm_rmse": {
    "vel_body_x_mps": 0.0031450842258853797,
    "vel_body_y_mps": 0.0026878340054787694,
    "roll_rad": 5.60285585187291e-05,
    "pitch_rad": 4.45443571847114e-05,
    "roll_rate_radps": 0.004192879884097587,
    "ang_vel_body_y_radps": 0.0028976379576410704,
    "yaw_rate_radps": 0.002445640451817397,
    "tire_fl_force_wheel_fz_n": 648.6593438246725,
    "tire_fr_force_wheel_fz_n": 676.0526665995465,
    "tire_rl_force_wheel_fz_n": 923.929246984106,
    "tire_rr_force_wheel_fz_n": 967.8775305960916,
    "tire_fl_spindle_omega_radps": 0.13925589997964763,
    "tire_fr_spindle_omega_radps": 0.14012712654217455,
    "tire_rl_spindle_omega_radps": 0.16224926990421837,
    "tire_rr_spindle_omega_radps": 0.160652490779252
  },
  "val_mixed_loss": 0.04911668641974757,
  "rollout_flat_5.0s": {
    "xy_rmse_m": 0.7008035642203397,
    "yaw_rmse_rad": 0.0899618402132942,
    "errdist": 0.09230608314439456,
    "mean_dist_m": 7.592170963684718,
    "episodes": 12
  },
  "rollout_flat_10.0s": {
    "xy_rmse_m": 4.211613038635795,
    "yaw_rmse_rad": 0.2476453337083613,
    "errdist": 0.11958996799780702,
    "mean_dist_m": 35.2171098391215,
    "episodes": 12
  },
  "rollout_crm_5.0s": {
    "xy_rmse_m": 0.9728329388486853,
    "yaw_rmse_rad": 0.06519580325091842,
    "errdist": 0.1359369350524213,
    "mean_dist_m": 7.1565019357949495,
    "episodes": 12
  },
  "rollout_crm_10.0s": {
    "xy_rmse_m": 2.4525037730347066,
    "yaw_rmse_rad": 0.2038303672030687,
    "errdist": 0.09795595038335832,
    "mean_dist_m": 25.036802393694717,
    "episodes": 12
  },
  "rollout_sel": 0.10877295919058266
}
{
  "epoch": 15,
  "timestamp_utc": "2026-07-10T05:25:58.521098+00:00",
  "train_loss": 0.028727833963464944,
  "val_loss": 0.004087495728308568,
  "val_rmse": {
    "vel_body_x_mps": 0.0010344230297759456,
    "vel_body_y_mps": 0.0008060884108600009,
    "roll_rad": 2.124478131088518e-05,
    "pitch_rad": 1.2329096580750769e-05,
    "roll_rate_radps": 0.0015609034837365408,
    "ang_vel_body_y_radps": 0.0009317042765619582,
    "yaw_rate_radps": 0.0013927104236289476,
    "tire_fl_force_wheel_fz_n": 43.559396586052586,
    "tire_fr_force_wheel_fz_n": 45.591022896630236,
    "tire_rl_force_wheel_fz_n": 26.448479270485155,
    "tire_rr_force_wheel_fz_n": 28.24529265605476,
    "tire_fl_spindle_omega_radps": 0.06964638891054822,
    "tire_fr_spindle_omega_radps": 0.0767893030107159,
    "tire_rl_spindle_omega_radps": 0.07690788615645786,
    "tire_rr_spindle_omega_radps": 0.05673827226221548
  },
  "val_flat_loss": 0.004087495728308568,
  "val_flat_rmse": {
    "vel_body_x_mps": 0.0010344230297759456,
    "vel_body_y_mps": 0.0008060884108600009,
    "roll_rad": 2.124478131088518e-05,
    "pitch_rad": 1.2329096580750769e-05,
    "roll_rate_radps": 0.0015609034837365408,
    "ang_vel_body_y_radps": 0.0009317042765619582,
    "yaw_rate_radps": 0.0013927104236289476,
    "tire_fl_force_wheel_fz_n": 43.559396586052586,
    "tire_fr_force_wheel_fz_n": 45.591022896630236,
    "tire_rl_force_wheel_fz_n": 26.448479270485155,
    "tire_rr_force_wheel_fz_n": 28.24529265605476,
    "tire_fl_spindle_omega_radps": 0.06964638891054822,
    "tire_fr_spindle_omega_radps": 0.0767893030107159,
    "tire_rl_spindle_omega_radps": 0.07690788615645786,
    "tire_rr_spindle_omega_radps": 0.05673827226221548
  },
  "val_crm_loss": 0.09339390453009401,
  "val_crm_rmse": {
    "vel_body_x_mps": 0.0031386467305078965,
    "vel_body_y_mps": 0.0026396627821969896,
    "roll_rad": 5.7326687264002835e-05,
    "pitch_rad": 3.9018987812369694e-05,
    "roll_rate_radps": 0.004088380604784953,
    "ang_vel_body_y_radps": 0.0028005978841490952,
    "yaw_rate_radps": 0.0024616076431034574,
    "tire_fl_force_wheel_fz_n": 658.4146688614061,
    "tire_fr_force_wheel_fz_n": 648.1943339598371,
    "tire_rl_force_wheel_fz_n": 924.7501392901693,
    "tire_rr_force_wheel_fz_n": 960.4055754101335,
    "tire_fl_spindle_omega_radps": 0.14079189006213358,
    "tire_fr_spindle_omega_radps": 0.13903699420951643,
    "tire_rl_spindle_omega_radps": 0.15949816634753114,
    "tire_rr_spindle_omega_radps": 0.15941514782035454
  },
  "val_mixed_loss": 0.048740700129201286,
  "rollout_flat_5.0s": {
    "xy_rmse_m": 2.4518145291750013,
    "yaw_rmse_rad": 0.1135060375056548,
    "errdist": 0.32293984696902284,
    "mean_dist_m": 7.592170963684718,
    "episodes": 12
  },
  "rollout_flat_10.0s": {
    "xy_rmse_m": 8.836368536633238,
    "yaw_rmse_rad": 0.20494936506703942,
    "errdist": 0.2509112353909637,
    "mean_dist_m": 35.2171098391215,
    "episodes": 12
  },
  "rollout_crm_5.0s": {
    "xy_rmse_m": 1.4454321863054747,
    "yaw_rmse_rad": 0.11280926213786965,
    "errdist": 0.20197467970710678,
    "mean_dist_m": 7.1565019357949495,
    "episodes": 12
  },
  "rollout_crm_10.0s": {
    "xy_rmse_m": 4.84385525181766,
    "yaw_rmse_rad": 0.2594579947544045,
    "errdist": 0.19346940458488976,
    "mean_dist_m": 25.036802393694717,
    "episodes": 12
  },
  "rollout_sel": 0.22219031998792674
}
{
  "epoch": 16,
  "timestamp_utc": "2026-07-10T05:26:48.623493+00:00",
  "train_loss": 0.028417982252780347,
  "val_loss": 0.00416418087999773,
  "val_rmse": {
    "vel_body_x_mps": 0.0010298756480151532,
    "vel_body_y_mps": 0.0008463010565887512,
    "roll_rad": 2.314911803109445e-05,
    "pitch_rad": 1.1025151304182696e-05,
    "roll_rate_radps": 0.001546080463995348,
    "ang_vel_body_y_radps": 0.0009267948191874166,
    "yaw_rate_radps": 0.001430881836916411,
    "tire_fl_force_wheel_fz_n": 42.49772821693758,
    "tire_fr_force_wheel_fz_n": 43.14487868336725,
    "tire_rl_force_wheel_fz_n": 24.635726937101666,
    "tire_rr_force_wheel_fz_n": 23.81815045617426,
    "tire_fl_spindle_omega_radps": 0.06792993021648434,
    "tire_fr_spindle_omega_radps": 0.07725161793704499,
    "tire_rl_spindle_omega_radps": 0.07676837877508894,
    "tire_rr_spindle_omega_radps": 0.05806685846534545
  },
  "val_flat_loss": 0.00416418087999773,
  "val_flat_rmse": {
    "vel_body_x_mps": 0.0010298756480151532,
    "vel_body_y_mps": 0.0008463010565887512,
    "roll_rad": 2.314911803109445e-05,
    "pitch_rad": 1.1025151304182696e-05,
    "roll_rate_radps": 0.001546080463995348,
    "ang_vel_body_y_radps": 0.0009267948191874166,
    "yaw_rate_radps": 0.001430881836916411,
    "tire_fl_force_wheel_fz_n": 42.49772821693758,
    "tire_fr_force_wheel_fz_n": 43.14487868336725,
    "tire_rl_force_wheel_fz_n": 24.635726937101666,
    "tire_rr_force_wheel_fz_n": 23.81815045617426,
    "tire_fl_spindle_omega_radps": 0.06792993021648434,
    "tire_fr_spindle_omega_radps": 0.07725161793704499,
    "tire_rl_spindle_omega_radps": 0.07676837877508894,
    "tire_rr_spindle_omega_radps": 0.05806685846534545
  },
  "val_crm_loss": 0.09283338370150887,
  "val_crm_rmse": {
    "vel_body_x_mps": 0.0031738890308523316,
    "vel_body_y_mps": 0.0026071775931878587,
    "roll_rad": 5.500995600480503e-05,
    "pitch_rad": 4.45497894401203e-05,
    "roll_rate_radps": 0.004113095095252976,
    "ang_vel_body_y_radps": 0.0029453015940872677,
    "yaw_rate_radps": 0.0023855841180434652,
    "tire_fl_force_wheel_fz_n": 655.0491528066984,
    "tire_fr_force_wheel_fz_n": 658.9289278873981,
    "tire_rl_force_wheel_fz_n": 913.475793225836,
    "tire_rr_force_wheel_fz_n": 941.7764979895852,
    "tire_fl_spindle_omega_radps": 0.14103701587286907,
    "tire_fr_spindle_omega_radps": 0.14086803819869184,
    "tire_rl_spindle_omega_radps": 0.16024089475778627,
    "tire_rr_spindle_omega_radps": 0.15715349521689456
  },
  "val_mixed_loss": 0.0484987822907533,
  "rollout_flat_5.0s": {
    "xy_rmse_m": 1.3552446361764694,
    "yaw_rmse_rad": 0.16555857195958038,
    "errdist": 0.17850554770946922,
    "mean_dist_m": 7.592170963684718,
    "episodes": 12
  },
  "rollout_flat_10.0s": {
    "xy_rmse_m": 7.640636947736909,
    "yaw_rmse_rad": 0.4081171418427079,
    "errdist": 0.21695809175258282,
    "mean_dist_m": 35.2171098391215,
    "episodes": 12
  },
  "rollout_crm_5.0s": {
    "xy_rmse_m": 0.6640352653154501,
    "yaw_rmse_rad": 0.03434959712951665,
    "errdist": 0.09278768751449916,
    "mean_dist_m": 7.1565019357949495,
    "episodes": 12
  },
  "rollout_crm_10.0s": {
    "xy_rmse_m": 3.5895187510863105,
    "yaw_rmse_rad": 0.2040302316721353,
    "errdist": 0.14336969612342737,
    "mean_dist_m": 25.036802393694717,
    "episodes": 12
  },
  "rollout_sel": 0.18016389393800508
}
{
  "epoch": 17,
  "timestamp_utc": "2026-07-10T05:27:38.606097+00:00",
  "train_loss": 0.02787263393215835,
  "val_loss": 0.003965634682463133,
  "val_rmse": {
    "vel_body_x_mps": 0.0009737247910595136,
    "vel_body_y_mps": 0.0008267299237336926,
    "roll_rad": 1.817388713126946e-05,
    "pitch_rad": 1.0765443439679102e-05,
    "roll_rate_radps": 0.0015909363626380995,
    "ang_vel_body_y_radps": 0.0009244034829448574,
    "yaw_rate_radps": 0.0013842382608380062,
    "tire_fl_force_wheel_fz_n": 43.51005004806288,
    "tire_fr_force_wheel_fz_n": 43.62519127374815,
    "tire_rl_force_wheel_fz_n": 25.492530250782014,
    "tire_rr_force_wheel_fz_n": 23.54799753025749,
    "tire_fl_spindle_omega_radps": 0.06634427555570238,
    "tire_fr_spindle_omega_radps": 0.07464286410716278,
    "tire_rl_spindle_omega_radps": 0.078282176775929,
    "tire_rr_spindle_omega_radps": 0.05802808040800994
  },
  "val_flat_loss": 0.003965634682463133,
  "val_flat_rmse": {
    "vel_body_x_mps": 0.0009737247910595136,
    "vel_body_y_mps": 0.0008267299237336926,
    "roll_rad": 1.817388713126946e-05,
    "pitch_rad": 1.0765443439679102e-05,
    "roll_rate_radps": 0.0015909363626380995,
    "ang_vel_body_y_radps": 0.0009244034829448574,
    "yaw_rate_radps": 0.0013842382608380062,
    "tire_fl_force_wheel_fz_n": 43.51005004806288,
    "tire_fr_force_wheel_fz_n": 43.62519127374815,
    "tire_rl_force_wheel_fz_n": 25.492530250782014,
    "tire_rr_force_wheel_fz_n": 23.54799753025749,
    "tire_fl_spindle_omega_radps": 0.06634427555570238,
    "tire_fr_spindle_omega_radps": 0.07464286410716278,
    "tire_rl_spindle_omega_radps": 0.078282176775929,
    "tire_rr_spindle_omega_radps": 0.05802808040800994
  },
  "val_crm_loss": 0.09216114821727388,
  "val_crm_rmse": {
    "vel_body_x_mps": 0.003056485645587745,
    "vel_body_y_mps": 0.002669836188400168,
    "roll_rad": 5.6229396954429864e-05,
    "pitch_rad": 4.1174529266282564e-05,
    "roll_rate_radps": 0.004305697602105157,
    "ang_vel_body_y_radps": 0.0027695746159581477,
    "yaw_rate_radps": 0.0024052093270255917,
    "tire_fl_force_wheel_fz_n": 652.168309262231,
    "tire_fr_force_wheel_fz_n": 641.4249248613577,
    "tire_rl_force_wheel_fz_n": 913.2177476225229,
    "tire_rr_force_wheel_fz_n": 952.5579904816334,
    "tire_fl_spindle_omega_radps": 0.14044139674169773,
    "tire_fr_spindle_omega_radps": 0.13859765876949065,
    "tire_rl_spindle_omega_radps": 0.158680155386666,
    "tire_rr_spindle_omega_radps": 0.1590733417893526
  },
  "val_mixed_loss": 0.04806339144986851,
  "rollout_flat_5.0s": {
    "xy_rmse_m": 1.2085260620758127,
    "yaw_rmse_rad": 0.1195673369700309,
    "errdist": 0.15918056480241288,
    "mean_dist_m": 7.592170963684718,
    "episodes": 12
  },
  "rollout_flat_10.0s": {
    "xy_rmse_m": 5.953061830681092,
    "yaw_rmse_rad": 0.2089102684848053,
    "errdist": 0.16903890915171116,
    "mean_dist_m": 35.2171098391215,
    "episodes": 12
  },
  "rollout_crm_5.0s": {
    "xy_rmse_m": 0.8162276384796675,
    "yaw_rmse_rad": 0.042250256059249695,
    "errdist": 0.11405399534612161,
    "mean_dist_m": 7.1565019357949495,
    "episodes": 12
  },
  "rollout_crm_10.0s": {
    "xy_rmse_m": 2.700864151548619,
    "yaw_rmse_rad": 0.11290890744718607,
    "errdist": 0.10787576261051636,
    "mean_dist_m": 25.036802393694717,
    "episodes": 12
  },
  "rollout_sel": 0.13845733588111375
}
{
  "epoch": 18,
  "timestamp_utc": "2026-07-10T05:28:28.322569+00:00",
  "train_loss": 0.027465887100901455,
  "val_loss": 0.0037147306263068457,
  "val_rmse": {
    "vel_body_x_mps": 0.000937964250252847,
    "vel_body_y_mps": 0.0008776287653320551,
    "roll_rad": 2.0663560968175298e-05,
    "pitch_rad": 1.0534790485077843e-05,
    "roll_rate_radps": 0.0015597973695226004,
    "ang_vel_body_y_radps": 0.0008558312271041871,
    "yaw_rate_radps": 0.001374499252916256,
    "tire_fl_force_wheel_fz_n": 42.031325499626334,
    "tire_fr_force_wheel_fz_n": 42.99517492535769,
    "tire_rl_force_wheel_fz_n": 25.213313215660584,
    "tire_rr_force_wheel_fz_n": 24.640698521709396,
    "tire_fl_spindle_omega_radps": 0.06308527236083215,
    "tire_fr_spindle_omega_radps": 0.0729144567836861,
    "tire_rl_spindle_omega_radps": 0.07078151144373691,
    "tire_rr_spindle_omega_radps": 0.05414617505130503
  },
  "val_flat_loss": 0.0037147306263068457,
  "val_flat_rmse": {
    "vel_body_x_mps": 0.000937964250252847,
    "vel_body_y_mps": 0.0008776287653320551,
    "roll_rad": 2.0663560968175298e-05,
    "pitch_rad": 1.0534790485077843e-05,
    "roll_rate_radps": 0.0015597973695226004,
    "ang_vel_body_y_radps": 0.0008558312271041871,
    "yaw_rate_radps": 0.001374499252916256,
    "tire_fl_force_wheel_fz_n": 42.031325499626334,
    "tire_fr_force_wheel_fz_n": 42.99517492535769,
    "tire_rl_force_wheel_fz_n": 25.213313215660584,
    "tire_rr_force_wheel_fz_n": 24.640698521709396,
    "tire_fl_spindle_omega_radps": 0.06308527236083215,
    "tire_fr_spindle_omega_radps": 0.0729144567836861,
    "tire_rl_spindle_omega_radps": 0.07078151144373691,
    "tire_rr_spindle_omega_radps": 0.05414617505130503
  },
  "val_crm_loss": 0.09071422398032154,
  "val_crm_rmse": {
    "vel_body_x_mps": 0.0030983467268409803,
    "vel_body_y_mps": 0.0025745343933258804,
    "roll_rad": 5.3967063940124456e-05,
    "pitch_rad": 4.04049981245622e-05,
    "roll_rate_radps": 0.004013860733819946,
    "ang_vel_body_y_radps": 0.002732221232611596,
    "yaw_rate_radps": 0.0023803311493478274,
    "tire_fl_force_wheel_fz_n": 630.0244244378019,
    "tire_fr_force_wheel_fz_n": 638.779700531057,
    "tire_rl_force_wheel_fz_n": 907.6223714923506,
    "tire_rr_force_wheel_fz_n": 952.8277653457725,
    "tire_fl_spindle_omega_radps": 0.13750029541070546,
    "tire_fr_spindle_omega_radps": 0.1362116753456214,
    "tire_rl_spindle_omega_radps": 0.1587563914643931,
    "tire_rr_spindle_omega_radps": 0.1564848083457654
  },
  "val_mixed_loss": 0.04721447730331419,
  "rollout_flat_5.0s": {
    "xy_rmse_m": 1.9356665985823884,
    "yaw_rmse_rad": 0.10852458398098634,
    "errdist": 0.25495561254365495,
    "mean_dist_m": 7.592170963684718,
    "episodes": 12
  },
  "rollout_flat_10.0s": {
    "xy_rmse_m": 5.6746230384779635,
    "yaw_rmse_rad": 0.16893535721394065,
    "errdist": 0.16113255927021633,
    "mean_dist_m": 35.2171098391215,
    "episodes": 12
  },
  "rollout_crm_5.0s": {
    "xy_rmse_m": 0.8229441056968425,
    "yaw_rmse_rad": 0.06245448171570198,
    "errdist": 0.11499250794311834,
    "mean_dist_m": 7.1565019357949495,
    "episodes": 12
  },
  "rollout_crm_10.0s": {
    "xy_rmse_m": 2.646672245983838,
    "yaw_rmse_rad": 0.13687276822423333,
    "errdist": 0.10571127272428277,
    "mean_dist_m": 25.036802393694717,
    "episodes": 12
  },
  "rollout_sel": 0.13342191599724956
}
{
  "epoch": 19,
  "timestamp_utc": "2026-07-10T05:29:17.911220+00:00",
  "train_loss": 0.027196024772245437,
  "val_loss": 0.003612636965372076,
  "val_rmse": {
    "vel_body_x_mps": 0.0009560098232120882,
    "vel_body_y_mps": 0.0009041600732257032,
    "roll_rad": 2.509838652023914e-05,
    "pitch_rad": 9.859475228806873e-06,
    "roll_rate_radps": 0.0014993338784693722,
    "ang_vel_body_y_radps": 0.0007391546689229173,
    "yaw_rate_radps": 0.0013767796379272907,
    "tire_fl_force_wheel_fz_n": 41.909317977874444,
    "tire_fr_force_wheel_fz_n": 41.814507430260186,
    "tire_rl_force_wheel_fz_n": 24.715920275386882,
    "tire_rr_force_wheel_fz_n": 23.28119111922838,
    "tire_fl_spindle_omega_radps": 0.05643697844740768,
    "tire_fr_spindle_omega_radps": 0.0595406868648681,
    "tire_rl_spindle_omega_radps": 0.05923381390956583,
    "tire_rr_spindle_omega_radps": 0.04997964808819177
  },
  "val_flat_loss": 0.003612636965372076,
  "val_flat_rmse": {
    "vel_body_x_mps": 0.0009560098232120882,
    "vel_body_y_mps": 0.0009041600732257032,
    "roll_rad": 2.509838652023914e-05,
    "pitch_rad": 9.859475228806873e-06,
    "roll_rate_radps": 0.0014993338784693722,
    "ang_vel_body_y_radps": 0.0007391546689229173,
    "yaw_rate_radps": 0.0013767796379272907,
    "tire_fl_force_wheel_fz_n": 41.909317977874444,
    "tire_fr_force_wheel_fz_n": 41.814507430260186,
    "tire_rl_force_wheel_fz_n": 24.715920275386882,
    "tire_rr_force_wheel_fz_n": 23.28119111922838,
    "tire_fl_spindle_omega_radps": 0.05643697844740768,
    "tire_fr_spindle_omega_radps": 0.0595406868648681,
    "tire_rl_spindle_omega_radps": 0.05923381390956583,
    "tire_rr_spindle_omega_radps": 0.04997964808819177
  },
  "val_crm_loss": 0.09111965547781438,
  "val_crm_rmse": {
    "vel_body_x_mps": 0.003146349378879199,
    "vel_body_y_mps": 0.002642326827415238,
    "roll_rad": 5.78571059869974e-05,
    "pitch_rad": 4.087113229717303e-05,
    "roll_rate_radps": 0.004104186798342207,
    "ang_vel_body_y_radps": 0.002821489731262843,
    "yaw_rate_radps": 0.002415200362234372,
    "tire_fl_force_wheel_fz_n": 631.7884032911677,
    "tire_fr_force_wheel_fz_n": 638.4883458915718,
    "tire_rl_force_wheel_fz_n": 910.1045642848567,
    "tire_rr_force_wheel_fz_n": 940.6897796370873,
    "tire_fl_spindle_omega_radps": 0.1371674602698681,
    "tire_fr_spindle_omega_radps": 0.13709421754344003,
    "tire_rl_spindle_omega_radps": 0.1566413139754228,
    "tire_rr_spindle_omega_radps": 0.15801482646077028
  },
  "val_mixed_loss": 0.04736614622159323,
  "rollout_flat_5.0s": {
    "xy_rmse_m": 1.658715107772871,
    "yaw_rmse_rad": 0.08654791380284146,
    "errdist": 0.21847704901627302,
    "mean_dist_m": 7.592170963684718,
    "episodes": 12
  },
  "rollout_flat_10.0s": {
    "xy_rmse_m": 6.415043608987263,
    "yaw_rmse_rad": 0.23677610251270673,
    "errdist": 0.18215701510692986,
    "mean_dist_m": 35.2171098391215,
    "episodes": 12
  },
  "rollout_crm_5.0s": {
    "xy_rmse_m": 0.5501128156150985,
    "yaw_rmse_rad": 0.03654205696362352,
    "errdist": 0.07686895365228341,
    "mean_dist_m": 7.1565019357949495,
    "episodes": 12
  },
  "rollout_crm_10.0s": {
    "xy_rmse_m": 1.227343382727076,
    "yaw_rmse_rad": 0.06416380505611011,
    "errdist": 0.049021570863065606,
    "mean_dist_m": 25.036802393694717,
    "episodes": 12
  },
  "rollout_sel": 0.11558929298499773
}
{
  "epoch": 20,
  "timestamp_utc": "2026-07-10T05:30:07.664324+00:00",
  "train_loss": 0.02664747159741819,
  "val_loss": 0.004124059390778712,
  "val_rmse": {
    "vel_body_x_mps": 0.0008533968084849128,
    "vel_body_y_mps": 0.0009532615079507104,
    "roll_rad": 2.1097657687284765e-05,
    "pitch_rad": 1.3367933701003313e-05,
    "roll_rate_radps": 0.0014884509013629436,
    "ang_vel_body_y_radps": 0.0007501645602463603,
    "yaw_rate_radps": 0.001456166532750781,
    "tire_fl_force_wheel_fz_n": 43.22004748688242,
    "tire_fr_force_wheel_fz_n": 42.34279409690787,
    "tire_rl_force_wheel_fz_n": 24.365444223286897,
    "tire_rr_force_wheel_fz_n": 23.359994527402982,
    "tire_fl_spindle_omega_radps": 0.05816214591700969,
    "tire_fr_spindle_omega_radps": 0.059794778950083324,
    "tire_rl_spindle_omega_radps": 0.06714575642003359,
    "tire_rr_spindle_omega_radps": 0.05793133099799802
  },
  "val_flat_loss": 0.004124059390778712,
  "val_flat_rmse": {
    "vel_body_x_mps": 0.0008533968084849128,
    "vel_body_y_mps": 0.0009532615079507104,
    "roll_rad": 2.1097657687284765e-05,
    "pitch_rad": 1.3367933701003313e-05,
    "roll_rate_radps": 0.0014884509013629436,
    "ang_vel_body_y_radps": 0.0007501645602463603,
    "yaw_rate_radps": 0.001456166532750781,
    "tire_fl_force_wheel_fz_n": 43.22004748688242,
    "tire_fr_force_wheel_fz_n": 42.34279409690787,
    "tire_rl_force_wheel_fz_n": 24.365444223286897,
    "tire_rr_force_wheel_fz_n": 23.359994527402982,
    "tire_fl_spindle_omega_radps": 0.05816214591700969,
    "tire_fr_spindle_omega_radps": 0.059794778950083324,
    "tire_rl_spindle_omega_radps": 0.06714575642003359,
    "tire_rr_spindle_omega_radps": 0.05793133099799802
  },
  "val_crm_loss": 0.09023325829824898,
  "val_crm_rmse": {
    "vel_body_x_mps": 0.003086436834088141,
    "vel_body_y_mps": 0.0025746698677380753,
    "roll_rad": 5.3395501578372e-05,
    "pitch_rad": 4.0195666444603006e-05,
    "roll_rate_radps": 0.003951636568898426,
    "ang_vel_body_y_radps": 0.0027444411953717203,
    "yaw_rate_radps": 0.0024006714459407297,
    "tire_fl_force_wheel_fz_n": 635.2177485717681,
    "tire_fr_force_wheel_fz_n": 634.806728984549,
    "tire_rl_force_wheel_fz_n": 910.4274980914219,
    "tire_rr_force_wheel_fz_n": 942.6297678476332,
    "tire_fl_spindle_omega_radps": 0.13618795986342877,
    "tire_fr_spindle_omega_radps": 0.13769221277602195,
    "tire_rl_spindle_omega_radps": 0.1568365373304369,
    "tire_rr_spindle_omega_radps": 0.15622611358628438
  },
  "val_mixed_loss": 0.047178658844513846,
  "rollout_flat_5.0s": {
    "xy_rmse_m": 1.6907129506698662,
    "yaw_rmse_rad": 0.11364501306374443,
    "errdist": 0.22269163309901419,
    "mean_dist_m": 7.592170963684718,
    "episodes": 12
  },
  "rollout_flat_10.0s": {
    "xy_rmse_m": 4.7040911773129865,
    "yaw_rmse_rad": 0.19092289010783917,
    "errdist": 0.1335740269091409,
    "mean_dist_m": 35.2171098391215,
    "episodes": 12
  },
  "rollout_crm_5.0s": {
    "xy_rmse_m": 0.7521995387733761,
    "yaw_rmse_rad": 0.057814563183333764,
    "errdist": 0.10510715228218843,
    "mean_dist_m": 7.1565019357949495,
    "episodes": 12
  },
  "rollout_crm_10.0s": {
    "xy_rmse_m": 3.301090445639094,
    "yaw_rmse_rad": 0.13203976139119655,
    "errdist": 0.13184952270384345,
    "mean_dist_m": 25.036802393694717,
    "episodes": 12
  },
  "rollout_sel": 0.13271177480649218
}
{
  "epoch": 21,
  "timestamp_utc": "2026-07-10T05:30:57.159408+00:00",
  "train_loss": 0.02646553504280746,
  "val_loss": 0.003870677191152936,
  "val_rmse": {
    "vel_body_x_mps": 0.0008820522986390178,
    "vel_body_y_mps": 0.0008908944566863086,
    "roll_rad": 2.1145177178467964e-05,
    "pitch_rad": 1.1685672125803943e-05,
    "roll_rate_radps": 0.001586024172880258,
    "ang_vel_body_y_radps": 0.0007437953289658486,
    "yaw_rate_radps": 0.0014037121391907094,
    "tire_fl_force_wheel_fz_n": 41.94173802299551,
    "tire_fr_force_wheel_fz_n": 41.425534204274264,
    "tire_rl_force_wheel_fz_n": 24.052426213039375,
    "tire_rr_force_wheel_fz_n": 23.028072228217876,
    "tire_fl_spindle_omega_radps": 0.06140592003718018,
    "tire_fr_spindle_omega_radps": 0.05904678628751886,
    "tire_rl_spindle_omega_radps": 0.06272898617246926,
    "tire_rr_spindle_omega_radps": 0.05217990340966242
  },
  "val_flat_loss": 0.003870677191152936,
  "val_flat_rmse": {
    "vel_body_x_mps": 0.0008820522986390178,
    "vel_body_y_mps": 0.0008908944566863086,
    "roll_rad": 2.1145177178467964e-05,
    "pitch_rad": 1.1685672125803943e-05,
    "roll_rate_radps": 0.001586024172880258,
    "ang_vel_body_y_radps": 0.0007437953289658486,
    "yaw_rate_radps": 0.0014037121391907094,
    "tire_fl_force_wheel_fz_n": 41.94173802299551,
    "tire_fr_force_wheel_fz_n": 41.425534204274264,
    "tire_rl_force_wheel_fz_n": 24.052426213039375,
    "tire_rr_force_wheel_fz_n": 23.028072228217876,
    "tire_fl_spindle_omega_radps": 0.06140592003718018,
    "tire_fr_spindle_omega_radps": 0.05904678628751886,
    "tire_rl_spindle_omega_radps": 0.06272898617246926,
    "tire_rr_spindle_omega_radps": 0.05217990340966242
  },
  "val_crm_loss": 0.0909091384895146,
  "val_crm_rmse": {
    "vel_body_x_mps": 0.003147018945002348,
    "vel_body_y_mps": 0.002573818914466051,
    "roll_rad": 5.2843924117626106e-05,
    "pitch_rad": 4.3957492305612346e-05,
    "roll_rate_radps": 0.004081779898128883,
    "ang_vel_body_y_radps": 0.002700902637711879,
    "yaw_rate_radps": 0.002376658425122166,
    "tire_fl_force_wheel_fz_n": 645.1570831612445,
    "tire_fr_force_wheel_fz_n": 625.8372907022989,
    "tire_rl_force_wheel_fz_n": 897.2672427526775,
    "tire_rr_force_wheel_fz_n": 955.2380428569196,
    "tire_fl_spindle_omega_radps": 0.13893764454732996,
    "tire_fr_spindle_omega_radps": 0.1364382506390249,
    "tire_rl_spindle_omega_radps": 0.15666237947048092,
    "tire_rr_spindle_omega_radps": 0.15664617855974164
  },
  "val_mixed_loss": 0.04738990784033376,
  "rollout_flat_5.0s": {
    "xy_rmse_m": 1.3265549165338957,
    "yaw_rmse_rad": 0.11277270294375695,
    "errdist": 0.1747266918618067,
    "mean_dist_m": 7.592170963684718,
    "episodes": 12
  },
  "rollout_flat_10.0s": {
    "xy_rmse_m": 6.29048231346798,
    "yaw_rmse_rad": 0.29937785345030365,
    "errdist": 0.17862006116356816,
    "mean_dist_m": 35.2171098391215,
    "episodes": 12
  },
  "rollout_crm_5.0s": {
    "xy_rmse_m": 1.587407134135792,
    "yaw_rmse_rad": 0.0939616396774064,
    "errdist": 0.22181327530926764,
    "mean_dist_m": 7.1565019357949495,
    "episodes": 12
  },
  "rollout_crm_10.0s": {
    "xy_rmse_m": 5.281195377706928,
    "yaw_rmse_rad": 0.20913971914162413,
    "errdist": 0.2109372952129441,
    "mean_dist_m": 25.036802393694717,
    "episodes": 12
  },
  "rollout_sel": 0.19477867818825612
}
{
  "epoch": 22,
  "timestamp_utc": "2026-07-10T05:31:46.863510+00:00",
  "train_loss": 0.026066088474821298,
  "val_loss": 0.003580547331184789,
  "val_rmse": {
    "vel_body_x_mps": 0.0009559086392745243,
    "vel_body_y_mps": 0.0007592319099627812,
    "roll_rad": 1.682610277139183e-05,
    "pitch_rad": 1.065542988335873e-05,
    "roll_rate_radps": 0.0014920144097008677,
    "ang_vel_body_y_radps": 0.0007408197397225892,
    "yaw_rate_radps": 0.0013924373361785343,
    "tire_fl_force_wheel_fz_n": 40.940892613314254,
    "tire_fr_force_wheel_fz_n": 41.46831847632542,
    "tire_rl_force_wheel_fz_n": 24.867370805942617,
    "tire_rr_force_wheel_fz_n": 22.57877851613547,
    "tire_fl_spindle_omega_radps": 0.05652039643337178,
    "tire_fr_spindle_omega_radps": 0.05670563843512975,
    "tire_rl_spindle_omega_radps": 0.05886504901810001,
    "tire_rr_spindle_omega_radps": 0.05039422294398718
  },
  "val_flat_loss": 0.003580547331184789,
  "val_flat_rmse": {
    "vel_body_x_mps": 0.0009559086392745243,
    "vel_body_y_mps": 0.0007592319099627812,
    "roll_rad": 1.682610277139183e-05,
    "pitch_rad": 1.065542988335873e-05,
    "roll_rate_radps": 0.0014920144097008677,
    "ang_vel_body_y_radps": 0.0007408197397225892,
    "yaw_rate_radps": 0.0013924373361785343,
    "tire_fl_force_wheel_fz_n": 40.940892613314254,
    "tire_fr_force_wheel_fz_n": 41.46831847632542,
    "tire_rl_force_wheel_fz_n": 24.867370805942617,
    "tire_rr_force_wheel_fz_n": 22.57877851613547,
    "tire_fl_spindle_omega_radps": 0.05652039643337178,
    "tire_fr_spindle_omega_radps": 0.05670563843512975,
    "tire_rl_spindle_omega_radps": 0.05886504901810001,
    "tire_rr_spindle_omega_radps": 0.05039422294398718
  },
  "val_crm_loss": 0.09087920093152206,
  "val_crm_rmse": {
    "vel_body_x_mps": 0.0031643496871218693,
    "vel_body_y_mps": 0.002507846689012564,
    "roll_rad": 5.53658373497411e-05,
    "pitch_rad": 3.6667568533707105e-05,
    "roll_rate_radps": 0.003934805264652972,
    "ang_vel_body_y_radps": 0.0026717416634217963,
    "yaw_rate_radps": 0.0023528727386784394,
    "tire_fl_force_wheel_fz_n": 650.955466709261,
    "tire_fr_force_wheel_fz_n": 633.7986674445539,
    "tire_rl_force_wheel_fz_n": 913.1435104255652,
    "tire_rr_force_wheel_fz_n": 950.5082393429195,
    "tire_fl_spindle_omega_radps": 0.13811754851967495,
    "tire_fr_spindle_omega_radps": 0.1363457720379562,
    "tire_rl_spindle_omega_radps": 0.1593164925560472,
    "tire_rr_spindle_omega_radps": 0.15671869846145914
  },
  "val_mixed_loss": 0.047229874131353426,
  "rollout_flat_5.0s": {
    "xy_rmse_m": 1.4217259439303915,
    "yaw_rmse_rad": 0.0561342983827877,
    "errdist": 0.18726210865520124,
    "mean_dist_m": 7.592170963684718,
    "episodes": 12
  },
  "rollout_flat_10.0s": {
    "xy_rmse_m": 5.644200334518468,
    "yaw_rmse_rad": 0.13999360482192616,
    "errdist": 0.16026869780916878,
    "mean_dist_m": 35.2171098391215,
    "episodes": 12
  },
  "rollout_crm_5.0s": {
    "xy_rmse_m": 0.8772692199578112,
    "yaw_rmse_rad": 0.061648455357350584,
    "errdist": 0.1225835230435613,
    "mean_dist_m": 7.1565019357949495,
    "episodes": 12
  },
  "rollout_crm_10.0s": {
    "xy_rmse_m": 2.0216749822073945,
    "yaw_rmse_rad": 0.19165709369057402,
    "errdist": 0.08074813030902597,
    "mean_dist_m": 25.036802393694717,
    "episodes": 12
  },
  "rollout_sel": 0.12050841405909737
}
{
  "epoch": 23,
  "timestamp_utc": "2026-07-10T05:32:36.560218+00:00",
  "train_loss": 0.025794338614679873,
  "val_loss": 0.0035973044997808755,
  "val_rmse": {
    "vel_body_x_mps": 0.0008526840392903994,
    "vel_body_y_mps": 0.0008976213817769847,
    "roll_rad": 2.0042263683536525e-05,
    "pitch_rad": 9.829916970873243e-06,
    "roll_rate_radps": 0.00147007054328728,
    "ang_vel_body_y_radps": 0.0007477802228645429,
    "yaw_rate_radps": 0.0013834407150808171,
    "tire_fl_force_wheel_fz_n": 41.154029684343136,
    "tire_fr_force_wheel_fz_n": 42.39078313520318,
    "tire_rl_force_wheel_fz_n": 24.476295411777073,
    "tire_rr_force_wheel_fz_n": 22.890471025697682,
    "tire_fl_spindle_omega_radps": 0.05706925709607636,
    "tire_fr_spindle_omega_radps": 0.05905443567447469,
    "tire_rl_spindle_omega_radps": 0.059605347379939826,
    "tire_rr_spindle_omega_radps": 0.050495327734447065
  },
  "val_flat_loss": 0.0035973044997808755,
  "val_flat_rmse": {
    "vel_body_x_mps": 0.0008526840392903994,
    "vel_body_y_mps": 0.0008976213817769847,
    "roll_rad": 2.0042263683536525e-05,
    "pitch_rad": 9.829916970873243e-06,
    "roll_rate_radps": 0.00147007054328728,
    "ang_vel_body_y_radps": 0.0007477802228645429,
    "yaw_rate_radps": 0.0013834407150808171,
    "tire_fl_force_wheel_fz_n": 41.154029684343136,
    "tire_fr_force_wheel_fz_n": 42.39078313520318,
    "tire_rl_force_wheel_fz_n": 24.476295411777073,
    "tire_rr_force_wheel_fz_n": 22.890471025697682,
    "tire_fl_spindle_omega_radps": 0.05706925709607636,
    "tire_fr_spindle_omega_radps": 0.05905443567447469,
    "tire_rl_spindle_omega_radps": 0.059605347379939826,
    "tire_rr_spindle_omega_radps": 0.050495327734447065
  },
  "val_crm_loss": 0.09059525089280214,
  "val_crm_rmse": {
    "vel_body_x_mps": 0.003048608726895064,
    "vel_body_y_mps": 0.002589246782160839,
    "roll_rad": 5.9311516669644705e-05,
    "pitch_rad": 4.3954044313786527e-05,
    "roll_rate_radps": 0.004009880801988932,
    "ang_vel_body_y_radps": 0.0026863340281225753,
    "yaw_rate_radps": 0.0024291247796929334,
    "tire_fl_force_wheel_fz_n": 647.9756178820534,
    "tire_fr_force_wheel_fz_n": 642.571556944966,
    "tire_rl_force_wheel_fz_n": 907.9738801467852,
    "tire_rr_force_wheel_fz_n": 940.8882887482905,
    "tire_fl_spindle_omega_radps": 0.13744624251398338,
    "tire_fr_spindle_omega_radps": 0.13719592401258188,
    "tire_rl_spindle_omega_radps": 0.1568744913256454,
    "tire_rr_spindle_omega_radps": 0.157469171655505
  },
  "val_mixed_loss": 0.04709627769629151,
  "rollout_flat_5.0s": {
    "xy_rmse_m": 1.6141033607374973,
    "yaw_rmse_rad": 0.06918923993774392,
    "errdist": 0.2126010291994429,
    "mean_dist_m": 7.592170963684718,
    "episodes": 12
  },
  "rollout_flat_10.0s": {
    "xy_rmse_m": 5.924886723332875,
    "yaw_rmse_rad": 0.20650040782162454,
    "errdist": 0.16823886884525427,
    "mean_dist_m": 35.2171098391215,
    "episodes": 12
  },
  "rollout_crm_5.0s": {
    "xy_rmse_m": 1.3365706409928562,
    "yaw_rmse_rad": 0.08534576261005737,
    "errdist": 0.18676312156190158,
    "mean_dist_m": 7.1565019357949495,
    "episodes": 12
  },
  "rollout_crm_10.0s": {
    "xy_rmse_m": 4.8422201717194,
    "yaw_rmse_rad": 0.20072683586551665,
    "errdist": 0.19340409751921306,
    "mean_dist_m": 25.036802393694717,
    "episodes": 12
  },
  "rollout_sel": 0.18082148318223368
}
{
  "epoch": 24,
  "timestamp_utc": "2026-07-10T05:33:26.342783+00:00",
  "train_loss": 0.025492014321964233,
  "val_loss": 0.0035216804467563634,
  "val_rmse": {
    "vel_body_x_mps": 0.0008785241188036552,
    "vel_body_y_mps": 0.0007705011074108719,
    "roll_rad": 2.013642371586454e-05,
    "pitch_rad": 1.1021501028393063e-05,
    "roll_rate_radps": 0.0014857927567547378,
    "ang_vel_body_y_radps": 0.0007457119430267161,
    "yaw_rate_radps": 0.0013715814861474198,
    "tire_fl_force_wheel_fz_n": 40.38756052093552,
    "tire_fr_force_wheel_fz_n": 41.55347542555826,
    "tire_rl_force_wheel_fz_n": 24.588989908896984,
    "tire_rr_force_wheel_fz_n": 23.984484747918252,
    "tire_fl_spindle_omega_radps": 0.05943971419547223,
    "tire_fr_spindle_omega_radps": 0.05927850038040325,
    "tire_rl_spindle_omega_radps": 0.055535628426892365,
    "tire_rr_spindle_omega_radps": 0.050814441764427135
  },
  "val_flat_loss": 0.0035216804467563634,
  "val_flat_rmse": {
    "vel_body_x_mps": 0.0008785241188036552,
    "vel_body_y_mps": 0.0007705011074108719,
    "roll_rad": 2.013642371586454e-05,
    "pitch_rad": 1.1021501028393063e-05,
    "roll_rate_radps": 0.0014857927567547378,
    "ang_vel_body_y_radps": 0.0007457119430267161,
    "yaw_rate_radps": 0.0013715814861474198,
    "tire_fl_force_wheel_fz_n": 40.38756052093552,
    "tire_fr_force_wheel_fz_n": 41.55347542555826,
    "tire_rl_force_wheel_fz_n": 24.588989908896984,
    "tire_rr_force_wheel_fz_n": 23.984484747918252,
    "tire_fl_spindle_omega_radps": 0.05943971419547223,
    "tire_fr_spindle_omega_radps": 0.05927850038040325,
    "tire_rl_spindle_omega_radps": 0.055535628426892365,
    "tire_rr_spindle_omega_radps": 0.050814441764427135
  },
  "val_crm_loss": 0.08955319992441219,
  "val_crm_rmse": {
    "vel_body_x_mps": 0.0030455746887278826,
    "vel_body_y_mps": 0.002549101788389063,
    "roll_rad": 5.548457680005376e-05,
    "pitch_rad": 4.2852155913716314e-05,
    "roll_rate_radps": 0.003970559169808467,
    "ang_vel_body_y_radps": 0.002660889699922807,
    "yaw_rate_radps": 0.0023465863247774076,
    "tire_fl_force_wheel_fz_n": 636.0521680191763,
    "tire_fr_force_wheel_fz_n": 630.5102394495915,
    "tire_rl_force_wheel_fz_n": 900.4371197383987,
    "tire_rr_force_wheel_fz_n": 943.1782175669524,
    "tire_fl_spindle_omega_radps": 0.13652675199550535,
    "tire_fr_spindle_omega_radps": 0.13693477635360674,
    "tire_rl_spindle_omega_radps": 0.1571055633272489,
    "tire_rr_spindle_omega_radps": 0.15817337570686024
  },
  "val_mixed_loss": 0.046537440185584276,
  "rollout_flat_5.0s": {
    "xy_rmse_m": 1.5251584893088934,
    "yaw_rmse_rad": 0.05904140843449585,
    "errdist": 0.20088568824439199,
    "mean_dist_m": 7.592170963684718,
    "episodes": 12
  },
  "rollout_flat_10.0s": {
    "xy_rmse_m": 7.699253949109882,
    "yaw_rmse_rad": 0.2502394888096598,
    "errdist": 0.21862253842752993,
    "mean_dist_m": 35.2171098391215,
    "episodes": 12
  },
  "rollout_crm_5.0s": {
    "xy_rmse_m": 0.7108101272573034,
    "yaw_rmse_rad": 0.0392152964149799,
    "errdist": 0.09932368266429402,
    "mean_dist_m": 7.1565019357949495,
    "episodes": 12
  },
  "rollout_crm_10.0s": {
    "xy_rmse_m": 1.7316869987062737,
    "yaw_rmse_rad": 0.3483627005442094,
    "errdist": 0.06916566147210487,
    "mean_dist_m": 25.036802393694717,
    "episodes": 12
  },
  "rollout_sel": 0.1438940999498174
}
{
  "epoch": 25,
  "timestamp_utc": "2026-07-10T05:34:15.749116+00:00",
  "train_loss": 0.02526531400717795,
  "val_loss": 0.0032827958678535653,
  "val_rmse": {
    "vel_body_x_mps": 0.0008219377401518095,
    "vel_body_y_mps": 0.0007587824040072855,
    "roll_rad": 1.6372470259655715e-05,
    "pitch_rad": 9.211787226216564e-06,
    "roll_rate_radps": 0.0014743061840451544,
    "ang_vel_body_y_radps": 0.0007296922024448592,
    "yaw_rate_radps": 0.0013721862917405482,
    "tire_fl_force_wheel_fz_n": 39.85660138752197,
    "tire_fr_force_wheel_fz_n": 41.23403753769178,
    "tire_rl_force_wheel_fz_n": 24.842099960521296,
    "tire_rr_force_wheel_fz_n": 23.015504375693283,
    "tire_fl_spindle_omega_radps": 0.05739133411755079,
    "tire_fr_spindle_omega_radps": 0.05596238573836278,
    "tire_rl_spindle_omega_radps": 0.05438050229515479,
    "tire_rr_spindle_omega_radps": 0.04961137059302858
  },
  "val_flat_loss": 0.0032827958678535653,
  "val_flat_rmse": {
    "vel_body_x_mps": 0.0008219377401518095,
    "vel_body_y_mps": 0.0007587824040072855,
    "roll_rad": 1.6372470259655715e-05,
    "pitch_rad": 9.211787226216564e-06,
    "roll_rate_radps": 0.0014743061840451544,
    "ang_vel_body_y_radps": 0.0007296922024448592,
    "yaw_rate_radps": 0.0013721862917405482,
    "tire_fl_force_wheel_fz_n": 39.85660138752197,
    "tire_fr_force_wheel_fz_n": 41.23403753769178,
    "tire_rl_force_wheel_fz_n": 24.842099960521296,
    "tire_rr_force_wheel_fz_n": 23.015504375693283,
    "tire_fl_spindle_omega_radps": 0.05739133411755079,
    "tire_fr_spindle_omega_radps": 0.05596238573836278,
    "tire_rl_spindle_omega_radps": 0.05438050229515479,
    "tire_rr_spindle_omega_radps": 0.04961137059302858
  },
  "val_crm_loss": 0.08956709975318518,
  "val_crm_rmse": {
    "vel_body_x_mps": 0.003006204538086837,
    "vel_body_y_mps": 0.0025262420675700014,
    "roll_rad": 6.337247048986319e-05,
    "pitch_rad": 3.9777333179792236e-05,
    "roll_rate_radps": 0.003930470785012734,
    "ang_vel_body_y_radps": 0.002734539071182992,
    "yaw_rate_radps": 0.00237792349145256,
    "tire_fl_force_wheel_fz_n": 638.657173011211,
    "tire_fr_force_wheel_fz_n": 619.2321999036072,
    "tire_rl_force_wheel_fz_n": 908.7958992737947,
    "tire_rr_force_wheel_fz_n": 954.5647593478498,
    "tire_fl_spindle_omega_radps": 0.13573962560011818,
    "tire_fr_spindle_omega_radps": 0.13529381781732905,
    "tire_rl_spindle_omega_radps": 0.15608473999536895,
    "tire_rr_spindle_omega_radps": 0.1570923862409522
  },
  "val_mixed_loss": 0.046424947810519375,
  "rollout_flat_5.0s": {
    "xy_rmse_m": 1.027358130988937,
    "yaw_rmse_rad": 0.054429796111720025,
    "errdist": 0.1353180975379838,
    "mean_dist_m": 7.592170963684718,
    "episodes": 12
  },
  "rollout_flat_10.0s": {
    "xy_rmse_m": 3.780517318822474,
    "yaw_rmse_rad": 0.22364044727247395,
    "errdist": 0.10734888058936695,
    "mean_dist_m": 35.2171098391215,
    "episodes": 12
  },
  "rollout_crm_5.0s": {
    "xy_rmse_m": 0.9586253954848896,
    "yaw_rmse_rad": 0.05361479851452435,
    "errdist": 0.13395167137314618,
    "mean_dist_m": 7.1565019357949495,
    "episodes": 12
  },
  "rollout_crm_10.0s": {
    "xy_rmse_m": 2.2141980033765583,
    "yaw_rmse_rad": 0.1944171973199207,
    "errdist": 0.08843773132683203,
    "mean_dist_m": 25.036802393694717,
    "episodes": 12
  },
  "rollout_sel": 0.09789330595809949
}
{
  "epoch": 26,
  "timestamp_utc": "2026-07-10T05:35:05.292790+00:00",
  "train_loss": 0.02490847437037155,
  "val_loss": 0.003348310382971249,
  "val_rmse": {
    "vel_body_x_mps": 0.0009111636760007158,
    "vel_body_y_mps": 0.0007445633671158169,
    "roll_rad": 1.7170771590229104e-05,
    "pitch_rad": 8.973368086255788e-06,
    "roll_rate_radps": 0.001507197267658553,
    "ang_vel_body_y_radps": 0.0007394771144702302,
    "yaw_rate_radps": 0.0013530194714763682,
    "tire_fl_force_wheel_fz_n": 40.689328994836295,
    "tire_fr_force_wheel_fz_n": 41.133419699683834,
    "tire_rl_force_wheel_fz_n": 23.880121734750546,
    "tire_rr_force_wheel_fz_n": 23.791858834917473,
    "tire_fl_spindle_omega_radps": 0.055948810158671494,
    "tire_fr_spindle_omega_radps": 0.05883954327771422,
    "tire_rl_spindle_omega_radps": 0.0598873770531458,
    "tire_rr_spindle_omega_radps": 0.049077574644720845
  },
  "val_flat_loss": 0.003348310382971249,
  "val_flat_rmse": {
    "vel_body_x_mps": 0.0009111636760007158,
    "vel_body_y_mps": 0.0007445633671158169,
    "roll_rad": 1.7170771590229104e-05,
    "pitch_rad": 8.973368086255788e-06,
    "roll_rate_radps": 0.001507197267658553,
    "ang_vel_body_y_radps": 0.0007394771144702302,
    "yaw_rate_radps": 0.0013530194714763682,
    "tire_fl_force_wheel_fz_n": 40.689328994836295,
    "tire_fr_force_wheel_fz_n": 41.133419699683834,
    "tire_rl_force_wheel_fz_n": 23.880121734750546,
    "tire_rr_force_wheel_fz_n": 23.791858834917473,
    "tire_fl_spindle_omega_radps": 0.055948810158671494,
    "tire_fr_spindle_omega_radps": 0.05883954327771422,
    "tire_rl_spindle_omega_radps": 0.0598873770531458,
    "tire_rr_spindle_omega_radps": 0.049077574644720845
  },
  "val_crm_loss": 0.08975355618691537,
  "val_crm_rmse": {
    "vel_body_x_mps": 0.003027038942232453,
    "vel_body_y_mps": 0.002502660107918792,
    "roll_rad": 5.056288125826614e-05,
    "pitch_rad": 3.9622127093313095e-05,
    "roll_rate_radps": 0.003994018811909286,
    "ang_vel_body_y_radps": 0.002657412752948859,
    "yaw_rate_radps": 0.002375346212496235,
    "tire_fl_force_wheel_fz_n": 629.9899509347816,
    "tire_fr_force_wheel_fz_n": 632.7781945890387,
    "tire_rl_force_wheel_fz_n": 906.6864301481224,
    "tire_rr_force_wheel_fz_n": 950.0761108844852,
    "tire_fl_spindle_omega_radps": 0.1376625326294084,
    "tire_fr_spindle_omega_radps": 0.13842055481040372,
    "tire_rl_spindle_omega_radps": 0.15806415008398952,
    "tire_rr_spindle_omega_radps": 0.15845935064633085
  },
  "val_mixed_loss": 0.04655093328494331,
  "rollout_flat_5.0s": {
    "xy_rmse_m": 1.7795442957947973,
    "yaw_rmse_rad": 0.09682976521595599,
    "errdist": 0.23439202097882275,
    "mean_dist_m": 7.592170963684718,
    "episodes": 12
  },
  "rollout_flat_10.0s": {
    "xy_rmse_m": 4.98363101610211,
    "yaw_rmse_rad": 0.15266237374826316,
    "errdist": 0.14151164132628402,
    "mean_dist_m": 35.2171098391215,
    "episodes": 12
  },
  "rollout_crm_5.0s": {
    "xy_rmse_m": 1.5316124184347846,
    "yaw_rmse_rad": 0.30592504109254376,
    "errdist": 0.21401690828504638,
    "mean_dist_m": 7.1565019357949495,
    "episodes": 12
  },
  "rollout_crm_10.0s": {
    "xy_rmse_m": 10.476076856082894,
    "yaw_rmse_rad": 0.6655830466976718,
    "errdist": 0.4184271094746986,
    "mean_dist_m": 25.036802393694717,
    "episodes": 12
  },
  "rollout_sel": 0.27996937540049127
}
{
  "epoch": 27,
  "timestamp_utc": "2026-07-10T05:35:55.141362+00:00",
  "train_loss": 0.024731920905411243,
  "val_loss": 0.0033311978527490282,
  "val_rmse": {
    "vel_body_x_mps": 0.0008430114453614411,
    "vel_body_y_mps": 0.0008185017265082764,
    "roll_rad": 2.044528659919778e-05,
    "pitch_rad": 1.3972471837445748e-05,
    "roll_rate_radps": 0.0014602214398406138,
    "ang_vel_body_y_radps": 0.0007199840163489566,
    "yaw_rate_radps": 0.0013935418940713073,
    "tire_fl_force_wheel_fz_n": 39.77491374003457,
    "tire_fr_force_wheel_fz_n": 41.099260462885276,
    "tire_rl_force_wheel_fz_n": 24.805811165993354,
    "tire_rr_force_wheel_fz_n": 23.376208420794985,
    "tire_fl_spindle_omega_radps": 0.05526151991169209,
    "tire_fr_spindle_omega_radps": 0.05496488638934871,
    "tire_rl_spindle_omega_radps": 0.05275281141057981,
    "tire_rr_spindle_omega_radps": 0.04858341620576357
  },
  "val_flat_loss": 0.0033311978527490282,
  "val_flat_rmse": {
    "vel_body_x_mps": 0.0008430114453614411,
    "vel_body_y_mps": 0.0008185017265082764,
    "roll_rad": 2.044528659919778e-05,
    "pitch_rad": 1.3972471837445748e-05,
    "roll_rate_radps": 0.0014602214398406138,
    "ang_vel_body_y_radps": 0.0007199840163489566,
    "yaw_rate_radps": 0.0013935418940713073,
    "tire_fl_force_wheel_fz_n": 39.77491374003457,
    "tire_fr_force_wheel_fz_n": 41.099260462885276,
    "tire_rl_force_wheel_fz_n": 24.805811165993354,
    "tire_rr_force_wheel_fz_n": 23.376208420794985,
    "tire_fl_spindle_omega_radps": 0.05526151991169209,
    "tire_fr_spindle_omega_radps": 0.05496488638934871,
    "tire_rl_spindle_omega_radps": 0.05275281141057981,
    "tire_rr_spindle_omega_radps": 0.04858341620576357
  },
  "val_crm_loss": 0.09083535808953457,
  "val_crm_rmse": {
    "vel_body_x_mps": 0.0031171960883751397,
    "vel_body_y_mps": 0.002617787059407265,
    "roll_rad": 5.578188374591373e-05,
    "pitch_rad": 4.8533752763647915e-05,
    "roll_rate_radps": 0.004028348160941892,
    "ang_vel_body_y_radps": 0.0026595212675219796,
    "yaw_rate_radps": 0.0023443038703675257,
    "tire_fl_force_wheel_fz_n": 637.8735412325018,
    "tire_fr_force_wheel_fz_n": 629.6839798715193,
    "tire_rl_force_wheel_fz_n": 907.599747574268,
    "tire_rr_force_wheel_fz_n": 960.4683088842186,
    "tire_fl_spindle_omega_radps": 0.1379197984782633,
    "tire_fr_spindle_omega_radps": 0.1381399107105187,
    "tire_rl_spindle_omega_radps": 0.15746428683207944,
    "tire_rr_spindle_omega_radps": 0.15814670151215635
  },
  "val_mixed_loss": 0.0470832779711418,
  "rollout_flat_5.0s": {
    "xy_rmse_m": 1.263103754316967,
    "yaw_rmse_rad": 0.066523050742314,
    "errdist": 0.16636924541856513,
    "mean_dist_m": 7.592170963684718,
    "episodes": 12
  },
  "rollout_flat_10.0s": {
    "xy_rmse_m": 3.55504291270664,
    "yaw_rmse_rad": 0.15689333062725824,
    "errdist": 0.10094646974004275,
    "mean_dist_m": 35.2171098391215,
    "episodes": 12
  },
  "rollout_crm_5.0s": {
    "xy_rmse_m": 1.5622943553637751,
    "yaw_rmse_rad": 0.06266324894041723,
    "errdist": 0.21830418958591874,
    "mean_dist_m": 7.1565019357949495,
    "episodes": 12
  },
  "rollout_crm_10.0s": {
    "xy_rmse_m": 5.149019395621936,
    "yaw_rmse_rad": 0.3533878182990434,
    "errdist": 0.20565802751707096,
    "mean_dist_m": 25.036802393694717,
    "episodes": 12
  },
  "rollout_sel": 0.15330224862855685
}
{
  "epoch": 28,
  "timestamp_utc": "2026-07-10T05:36:44.847170+00:00",
  "train_loss": 0.024460296009201556,
  "val_loss": 0.003190117618869408,
  "val_rmse": {
    "vel_body_x_mps": 0.0008940159145525834,
    "vel_body_y_mps": 0.0007171380927098847,
    "roll_rad": 1.8568323556874983e-05,
    "pitch_rad": 9.599670537626122e-06,
    "roll_rate_radps": 0.0014524647636924024,
    "ang_vel_body_y_radps": 0.000709839654146256,
    "yaw_rate_radps": 0.0013505648741027449,
    "tire_fl_force_wheel_fz_n": 40.23936482979054,
    "tire_fr_force_wheel_fz_n": 40.90817866990011,
    "tire_rl_force_wheel_fz_n": 23.805962443699407,
    "tire_rr_force_wheel_fz_n": 22.957277208418866,
    "tire_fl_spindle_omega_radps": 0.054306118538817734,
    "tire_fr_spindle_omega_radps": 0.05329511379932371,
    "tire_rl_spindle_omega_radps": 0.05167214570196901,
    "tire_rr_spindle_omega_radps": 0.048012920482050844
  },
  "val_flat_loss": 0.003190117618869408,
  "val_flat_rmse": {
    "vel_body_x_mps": 0.0008940159145525834,
    "vel_body_y_mps": 0.0007171380927098847,
    "roll_rad": 1.8568323556874983e-05,
    "pitch_rad": 9.599670537626122e-06,
    "roll_rate_radps": 0.0014524647636924024,
    "ang_vel_body_y_radps": 0.000709839654146256,
    "yaw_rate_radps": 0.0013505648741027449,
    "tire_fl_force_wheel_fz_n": 40.23936482979054,
    "tire_fr_force_wheel_fz_n": 40.90817866990011,
    "tire_rl_force_wheel_fz_n": 23.805962443699407,
    "tire_rr_force_wheel_fz_n": 22.957277208418866,
    "tire_fl_spindle_omega_radps": 0.054306118538817734,
    "tire_fr_spindle_omega_radps": 0.05329511379932371,
    "tire_rl_spindle_omega_radps": 0.05167214570196901,
    "tire_rr_spindle_omega_radps": 0.048012920482050844
  },
  "val_crm_loss": 0.08987314758240245,
  "val_crm_rmse": {
    "vel_body_x_mps": 0.003045441129694724,
    "vel_body_y_mps": 0.002518598804257069,
    "roll_rad": 5.635860625141732e-05,
    "pitch_rad": 3.7570013866381216e-05,
    "roll_rate_radps": 0.0039072305228287025,
    "ang_vel_body_y_radps": 0.002652745333837007,
    "yaw_rate_radps": 0.002360507715056616,
    "tire_fl_force_wheel_fz_n": 637.2777512676416,
    "tire_fr_force_wheel_fz_n": 629.077055233219,
    "tire_rl_force_wheel_fz_n": 908.7225887331764,
    "tire_rr_force_wheel_fz_n": 950.8968384485885,
    "tire_fl_spindle_omega_radps": 0.13512898710414661,
    "tire_fr_spindle_omega_radps": 0.13584234376208307,
    "tire_rl_spindle_omega_radps": 0.15754021978221747,
    "tire_rr_spindle_omega_radps": 0.15787405680669697
  },
  "val_mixed_loss": 0.046531632600635926,
  "rollout_flat_5.0s": {
    "xy_rmse_m": 1.3199929414425557,
    "yaw_rmse_rad": 0.077628543831223,
    "errdist": 0.17386238373140137,
    "mean_dist_m": 7.592170963684718,
    "episodes": 12
  },
  "rollout_flat_10.0s": {
    "xy_rmse_m": 3.7371630319623224,
    "yaw_rmse_rad": 0.1267198041095157,
    "errdist": 0.10611782309889706,
    "mean_dist_m": 35.2171098391215,
    "episodes": 12
  },
  "rollout_crm_5.0s": {
    "xy_rmse_m": 0.537397246963092,
    "yaw_rmse_rad": 0.024201268791621624,
    "errdist": 0.07509216818277818,
    "mean_dist_m": 7.1565019357949495,
    "episodes": 12
  },
  "rollout_crm_10.0s": {
    "xy_rmse_m": 0.9484817640354314,
    "yaw_rmse_rad": 0.05944923590130488,
    "errdist": 0.0378835024185955,
    "mean_dist_m": 25.036802393694717,
    "episodes": 12
  },
  "rollout_sel": 0.07200066275874628
}
{
  "epoch": 29,
  "timestamp_utc": "2026-07-10T05:37:34.437804+00:00",
  "train_loss": 0.024177937679924072,
  "val_loss": 0.0035224988219124498,
  "val_rmse": {
    "vel_body_x_mps": 0.0009402478919466097,
    "vel_body_y_mps": 0.0006919946234094762,
    "roll_rad": 1.9677741344804123e-05,
    "pitch_rad": 1.2131882096935042e-05,
    "roll_rate_radps": 0.0015063384451301058,
    "ang_vel_body_y_radps": 0.0008542226384326457,
    "yaw_rate_radps": 0.0013572929469815513,
    "tire_fl_force_wheel_fz_n": 40.9545973691312,
    "tire_fr_force_wheel_fz_n": 42.993164202468414,
    "tire_rl_force_wheel_fz_n": 24.85989493007967,
    "tire_rr_force_wheel_fz_n": 23.28132122197874,
    "tire_fl_spindle_omega_radps": 0.0618099063523393,
    "tire_fr_spindle_omega_radps": 0.059805458809549614,
    "tire_rl_spindle_omega_radps": 0.06185006825674244,
    "tire_rr_spindle_omega_radps": 0.055739165388177934
  },
  "val_flat_loss": 0.0035224988219124498,
  "val_flat_rmse": {
    "vel_body_x_mps": 0.0009402478919466097,
    "vel_body_y_mps": 0.0006919946234094762,
    "roll_rad": 1.9677741344804123e-05,
    "pitch_rad": 1.2131882096935042e-05,
    "roll_rate_radps": 0.0015063384451301058,
    "ang_vel_body_y_radps": 0.0008542226384326457,
    "yaw_rate_radps": 0.0013572929469815513,
    "tire_fl_force_wheel_fz_n": 40.9545973691312,
    "tire_fr_force_wheel_fz_n": 42.993164202468414,
    "tire_rl_force_wheel_fz_n": 24.85989493007967,
    "tire_rr_force_wheel_fz_n": 23.28132122197874,
    "tire_fl_spindle_omega_radps": 0.0618099063523393,
    "tire_fr_spindle_omega_radps": 0.059805458809549614,
    "tire_rl_spindle_omega_radps": 0.06185006825674244,
    "tire_rr_spindle_omega_radps": 0.055739165388177934
  },
  "val_crm_loss": 0.08957443633466028,
  "val_crm_rmse": {
    "vel_body_x_mps": 0.0030526191086002767,
    "vel_body_y_mps": 0.0025024711368429467,
    "roll_rad": 5.951477423967792e-05,
    "pitch_rad": 3.898104713155247e-05,
    "roll_rate_radps": 0.004002431597466451,
    "ang_vel_body_y_radps": 0.002650244350320016,
    "yaw_rate_radps": 0.002352580568398008,
    "tire_fl_force_wheel_fz_n": 619.0660856057033,
    "tire_fr_force_wheel_fz_n": 620.6881629529299,
    "tire_rl_force_wheel_fz_n": 917.2401240120583,
    "tire_rr_force_wheel_fz_n": 951.7373789676278,
    "tire_fl_spindle_omega_radps": 0.13609707685151193,
    "tire_fr_spindle_omega_radps": 0.13643796416208465,
    "tire_rl_spindle_omega_radps": 0.15845146506235455,
    "tire_rr_spindle_omega_radps": 0.15670926192821247
  },
  "val_mixed_loss": 0.046548467578286366,
  "rollout_flat_5.0s": {
    "xy_rmse_m": 1.8659772380872968,
    "yaw_rmse_rad": 0.11940863664891357,
    "errdist": 0.2457765041136112,
    "mean_dist_m": 7.592170963684718,
    "episodes": 12
  },
  "rollout_flat_10.0s": {
    "xy_rmse_m": 6.197208967496288,
    "yaw_rmse_rad": 0.2689743865999853,
    "errdist": 0.1759715375794983,
    "mean_dist_m": 35.2171098391215,
    "episodes": 12
  },
  "rollout_crm_5.0s": {
    "xy_rmse_m": 0.8464234041190776,
    "yaw_rmse_rad": 0.05492910760761416,
    "errdist": 0.11827334243920053,
    "mean_dist_m": 7.1565019357949495,
    "episodes": 12
  },
  "rollout_crm_10.0s": {
    "xy_rmse_m": 2.817548063466793,
    "yaw_rmse_rad": 0.39765528225983965,
    "errdist": 0.11253625839122196,
    "mean_dist_m": 25.036802393694717,
    "episodes": 12
  },
  "rollout_sel": 0.14425389798536012
}
{
  "epoch": 30,
  "timestamp_utc": "2026-07-10T05:38:23.946110+00:00",
  "train_loss": 0.023874845198821278,
  "val_loss": 0.0033654541785472247,
  "val_rmse": {
    "vel_body_x_mps": 0.0008540205940253948,
    "vel_body_y_mps": 0.0008401452310754674,
    "roll_rad": 1.7884334720192834e-05,
    "pitch_rad": 8.553351469813895e-06,
    "roll_rate_radps": 0.0014646844788172222,
    "ang_vel_body_y_radps": 0.0007766361814412842,
    "yaw_rate_radps": 0.0013535828551877235,
    "tire_fl_force_wheel_fz_n": 38.9321806439538,
    "tire_fr_force_wheel_fz_n": 40.720134299718175,
    "tire_rl_force_wheel_fz_n": 23.81631164722195,
    "tire_rr_force_wheel_fz_n": 24.625820679132474,
    "tire_fl_spindle_omega_radps": 0.0594716491736806,
    "tire_fr_spindle_omega_radps": 0.0578373078582513,
    "tire_rl_spindle_omega_radps": 0.05864973762122685,
    "tire_rr_spindle_omega_radps": 0.05370848385382632
  },
  "val_flat_loss": 0.0033654541785472247,
  "val_flat_rmse": {
    "vel_body_x_mps": 0.0008540205940253948,
    "vel_body_y_mps": 0.0008401452310754674,
    "roll_rad": 1.7884334720192834e-05,
    "pitch_rad": 8.553351469813895e-06,
    "roll_rate_radps": 0.0014646844788172222,
    "ang_vel_body_y_radps": 0.0007766361814412842,
    "yaw_rate_radps": 0.0013535828551877235,
    "tire_fl_force_wheel_fz_n": 38.9321806439538,
    "tire_fr_force_wheel_fz_n": 40.720134299718175,
    "tire_rl_force_wheel_fz_n": 23.81631164722195,
    "tire_rr_force_wheel_fz_n": 24.625820679132474,
    "tire_fl_spindle_omega_radps": 0.0594716491736806,
    "tire_fr_spindle_omega_radps": 0.0578373078582513,
    "tire_rl_spindle_omega_radps": 0.05864973762122685,
    "tire_rr_spindle_omega_radps": 0.05370848385382632
  },
  "val_crm_loss": 0.08925423814042005,
  "val_crm_rmse": {
    "vel_body_x_mps": 0.002975876124505056,
    "vel_body_y_mps": 0.002509817001062343,
    "roll_rad": 5.1326216471583154e-05,
    "pitch_rad": 4.331900756755806e-05,
    "roll_rate_radps": 0.0039216247581532965,
    "ang_vel_body_y_radps": 0.002653085672149682,
    "yaw_rate_radps": 0.002349938033941878,
    "tire_fl_force_wheel_fz_n": 639.0626846252026,
    "tire_fr_force_wheel_fz_n": 623.061586195836,
    "tire_rl_force_wheel_fz_n": 902.0418007946524,
    "tire_rr_force_wheel_fz_n": 952.3082954525323,
    "tire_fl_spindle_omega_radps": 0.13621439983265465,
    "tire_fr_spindle_omega_radps": 0.13690731415392238,
    "tire_rl_spindle_omega_radps": 0.15621103251658594,
    "tire_rr_spindle_omega_radps": 0.15791607973671118
  },
  "val_mixed_loss": 0.046309846159483636,
  "rollout_flat_5.0s": {
    "xy_rmse_m": 1.3133223485406584,
    "yaw_rmse_rad": 0.07741120258145237,
    "errdist": 0.1729837690461151,
    "mean_dist_m": 7.592170963684718,
    "episodes": 12
  },
  "rollout_flat_10.0s": {
    "xy_rmse_m": 5.285442427273069,
    "yaw_rmse_rad": 0.2568804478435024,
    "errdist": 0.15008166347034105,
    "mean_dist_m": 35.2171098391215,
    "episodes": 12
  },
  "rollout_crm_5.0s": {
    "xy_rmse_m": 1.3426531895731706,
    "yaw_rmse_rad": 0.10099086236570048,
    "errdist": 0.187613054760395,
    "mean_dist_m": 7.1565019357949495,
    "episodes": 12
  },
  "rollout_crm_10.0s": {
    "xy_rmse_m": 4.823583218196428,
    "yaw_rmse_rad": 0.23123590375921318,
    "errdist": 0.19265971518036992,
    "mean_dist_m": 25.036802393694717,
    "episodes": 12
  },
  "rollout_sel": 0.17137068932535549
}
{
  "epoch": 31,
  "timestamp_utc": "2026-07-10T05:39:13.374037+00:00",
  "train_loss": 0.023620721922721712,
  "val_loss": 0.0032456247357913527,
  "val_rmse": {
    "vel_body_x_mps": 0.0008576094469160407,
    "vel_body_y_mps": 0.0007086012431222539,
    "roll_rad": 2.6771406203679852e-05,
    "pitch_rad": 8.41320622158443e-06,
    "roll_rate_radps": 0.0014743853371908691,
    "ang_vel_body_y_radps": 0.0007167542264816947,
    "yaw_rate_radps": 0.0013536075290634612,
    "tire_fl_force_wheel_fz_n": 45.44516837821353,
    "tire_fr_force_wheel_fz_n": 40.07418915992639,
    "tire_rl_force_wheel_fz_n": 23.94378750150169,
    "tire_rr_force_wheel_fz_n": 22.925679451369835,
    "tire_fl_spindle_omega_radps": 0.05510077918902088,
    "tire_fr_spindle_omega_radps": 0.055467708093210964,
    "tire_rl_spindle_omega_radps": 0.052207094481106206,
    "tire_rr_spindle_omega_radps": 0.04859021194291435
  },
  "val_flat_loss": 0.0032456247357913527,
  "val_flat_rmse": {
    "vel_body_x_mps": 0.0008576094469160407,
    "vel_body_y_mps": 0.0007086012431222539,
    "roll_rad": 2.6771406203679852e-05,
    "pitch_rad": 8.41320622158443e-06,
    "roll_rate_radps": 0.0014743853371908691,
    "ang_vel_body_y_radps": 0.0007167542264816947,
    "yaw_rate_radps": 0.0013536075290634612,
    "tire_fl_force_wheel_fz_n": 45.44516837821353,
    "tire_fr_force_wheel_fz_n": 40.07418915992639,
    "tire_rl_force_wheel_fz_n": 23.94378750150169,
    "tire_rr_force_wheel_fz_n": 22.925679451369835,
    "tire_fl_spindle_omega_radps": 0.05510077918902088,
    "tire_fr_spindle_omega_radps": 0.055467708093210964,
    "tire_rl_spindle_omega_radps": 0.052207094481106206,
    "tire_rr_spindle_omega_radps": 0.04859021194291435
  },
  "val_crm_loss": 0.08878555348492227,
  "val_crm_rmse": {
    "vel_body_x_mps": 0.003025030827178203,
    "vel_body_y_mps": 0.0025068311240809536,
    "roll_rad": 7.19341747365816e-05,
    "pitch_rad": 3.392419455851435e-05,
    "roll_rate_radps": 0.003854249275875759,
    "ang_vel_body_y_radps": 0.002614886717499562,
    "yaw_rate_radps": 0.002333598877072529,
    "tire_fl_force_wheel_fz_n": 632.4691406808511,
    "tire_fr_force_wheel_fz_n": 628.565872609798,
    "tire_rl_force_wheel_fz_n": 903.2182317929394,
    "tire_rr_force_wheel_fz_n": 945.628991064228,
    "tire_fl_spindle_omega_radps": 0.13431377931096075,
    "tire_fr_spindle_omega_radps": 0.13450179119232958,
    "tire_rl_spindle_omega_radps": 0.15597035209277216,
    "tire_rr_spindle_omega_radps": 0.15556398954654738
  },
  "val_mixed_loss": 0.04601558911035681,
  "rollout_flat_5.0s": {
    "xy_rmse_m": 0.7626848469438252,
    "yaw_rmse_rad": 0.061799883389459395,
    "errdist": 0.10045675348881637,
    "mean_dist_m": 7.592170963684718,
    "episodes": 12
  },
  "rollout_flat_10.0s": {
    "xy_rmse_m": 2.835152441340902,
    "yaw_rmse_rad": 0.1869406844007849,
    "errdist": 0.08050497199493148,
    "mean_dist_m": 35.2171098391215,
    "episodes": 12
  },
  "rollout_crm_5.0s": {
    "xy_rmse_m": 0.9416797874740632,
    "yaw_rmse_rad": 0.03914352179830453,
    "errdist": 0.13158380950950735,
    "mean_dist_m": 7.1565019357949495,
    "episodes": 12
  },
  "rollout_crm_10.0s": {
    "xy_rmse_m": 1.7648965965623131,
    "yaw_rmse_rad": 0.3043377578834978,
    "errdist": 0.07049209275249885,
    "mean_dist_m": 25.036802393694717,
    "episodes": 12
  },
  "rollout_sel": 0.07549853237371516
}
{
  "epoch": 32,
  "timestamp_utc": "2026-07-10T05:40:03.005388+00:00",
  "train_loss": 0.02345808835932985,
  "val_loss": 0.003093062490261218,
  "val_rmse": {
    "vel_body_x_mps": 0.0008064820779784039,
    "vel_body_y_mps": 0.0007647550787558285,
    "roll_rad": 1.5171530514898473e-05,
    "pitch_rad": 8.364354177183526e-06,
    "roll_rate_radps": 0.0014324537026422343,
    "ang_vel_body_y_radps": 0.0007063108640886313,
    "yaw_rate_radps": 0.0013391820058748472,
    "tire_fl_force_wheel_fz_n": 39.461239623591894,
    "tire_fr_force_wheel_fz_n": 41.86894364654591,
    "tire_rl_force_wheel_fz_n": 24.893663109415336,
    "tire_rr_force_wheel_fz_n": 23.06360306642402,
    "tire_fl_spindle_omega_radps": 0.05590611336499263,
    "tire_fr_spindle_omega_radps": 0.054789406036516226,
    "tire_rl_spindle_omega_radps": 0.05094518911542198,
    "tire_rr_spindle_omega_radps": 0.04736341787226831
  },
  "val_flat_loss": 0.003093062490261218,
  "val_flat_rmse": {
    "vel_body_x_mps": 0.0008064820779784039,
    "vel_body_y_mps": 0.0007647550787558285,
    "roll_rad": 1.5171530514898473e-05,
    "pitch_rad": 8.364354177183526e-06,
    "roll_rate_radps": 0.0014324537026422343,
    "ang_vel_body_y_radps": 0.0007063108640886313,
    "yaw_rate_radps": 0.0013391820058748472,
    "tire_fl_force_wheel_fz_n": 39.461239623591894,
    "tire_fr_force_wheel_fz_n": 41.86894364654591,
    "tire_rl_force_wheel_fz_n": 24.893663109415336,
    "tire_rr_force_wheel_fz_n": 23.06360306642402,
    "tire_fl_spindle_omega_radps": 0.05590611336499263,
    "tire_fr_spindle_omega_radps": 0.054789406036516226,
    "tire_rl_spindle_omega_radps": 0.05094518911542198,
    "tire_rr_spindle_omega_radps": 0.04736341787226831
  },
  "val_crm_loss": 0.09006845629599411,
  "val_crm_rmse": {
    "vel_body_x_mps": 0.00303037080562323,
    "vel_body_y_mps": 0.002489437835981624,
    "roll_rad": 4.9862667592784376e-05,
    "pitch_rad": 3.6001714216654686e-05,
    "roll_rate_radps": 0.0038963747007565715,
    "ang_vel_body_y_radps": 0.0026224916916315322,
    "yaw_rate_radps": 0.002349539467166183,
    "tire_fl_force_wheel_fz_n": 628.7942039047894,
    "tire_fr_force_wheel_fz_n": 622.7222241024591,
    "tire_rl_force_wheel_fz_n": 918.6823158469696,
    "tire_rr_force_wheel_fz_n": 958.7170865631718,
    "tire_fl_spindle_omega_radps": 0.1391982179156915,
    "tire_fr_spindle_omega_radps": 0.13672524372420172,
    "tire_rl_spindle_omega_radps": 0.1575268094965883,
    "tire_rr_spindle_omega_radps": 0.15831279068884532
  },
  "val_mixed_loss": 0.04658075939312766,
  "rollout_flat_5.0s": {
    "xy_rmse_m": 1.8213833474307055,
    "yaw_rmse_rad": 0.11188629946107215,
    "errdist": 0.23990283624313055,
    "mean_dist_m": 7.592170963684718,
    "episodes": 12
  },
  "rollout_flat_10.0s": {
    "xy_rmse_m": 7.158408383681746,
    "yaw_rmse_rad": 0.2784614629812678,
    "errdist": 0.20326507247138467,
    "mean_dist_m": 35.2171098391215,
    "episodes": 12
  },
  "rollout_crm_5.0s": {
    "xy_rmse_m": 0.6598080620406405,
    "yaw_rmse_rad": 0.03514082722219107,
    "errdist": 0.09219700741509665,
    "mean_dist_m": 7.1565019357949495,
    "episodes": 12
  },
  "rollout_crm_10.0s": {
    "xy_rmse_m": 2.0507861404021552,
    "yaw_rmse_rad": 0.07170639195484257,
    "errdist": 0.08191086498005139,
    "mean_dist_m": 25.036802393694717,
    "episodes": 12
  },
  "rollout_sel": 0.14258796872571802
}
{
  "epoch": 33,
  "timestamp_utc": "2026-07-10T05:40:52.572613+00:00",
  "train_loss": 0.023204627610277386,
  "val_loss": 0.003906571891166095,
  "val_rmse": {
    "vel_body_x_mps": 0.0010833171296077573,
    "vel_body_y_mps": 0.0007985967894009345,
    "roll_rad": 1.6997524783851808e-05,
    "pitch_rad": 9.064032559717221e-06,
    "roll_rate_radps": 0.0014342987845235992,
    "ang_vel_body_y_radps": 0.0007427265145255869,
    "yaw_rate_radps": 0.0013713077243172717,
    "tire_fl_force_wheel_fz_n": 39.789254775737135,
    "tire_fr_force_wheel_fz_n": 39.73553114468734,
    "tire_rl_force_wheel_fz_n": 24.092486251660088,
    "tire_rr_force_wheel_fz_n": 23.297808812216484,
    "tire_fl_spindle_omega_radps": 0.058637007261386674,
    "tire_fr_spindle_omega_radps": 0.056529577383425796,
    "tire_rl_spindle_omega_radps": 0.05585684615899135,
    "tire_rr_spindle_omega_radps": 0.056716574714234906
  },
  "val_flat_loss": 0.003906571891166095,
  "val_flat_rmse": {
    "vel_body_x_mps": 0.0010833171296077573,
    "vel_body_y_mps": 0.0007985967894009345,
    "roll_rad": 1.6997524783851808e-05,
    "pitch_rad": 9.064032559717221e-06,
    "roll_rate_radps": 0.0014342987845235992,
    "ang_vel_body_y_radps": 0.0007427265145255869,
    "yaw_rate_radps": 0.0013713077243172717,
    "tire_fl_force_wheel_fz_n": 39.789254775737135,
    "tire_fr_force_wheel_fz_n": 39.73553114468734,
    "tire_rl_force_wheel_fz_n": 24.092486251660088,
    "tire_rr_force_wheel_fz_n": 23.297808812216484,
    "tire_fl_spindle_omega_radps": 0.058637007261386674,
    "tire_fr_spindle_omega_radps": 0.056529577383425796,
    "tire_rl_spindle_omega_radps": 0.05585684615899135,
    "tire_rr_spindle_omega_radps": 0.056716574714234906
  },
  "val_crm_loss": 0.0894988140440546,
  "val_crm_rmse": {
    "vel_body_x_mps": 0.0029735372955167045,
    "vel_body_y_mps": 0.002495754775465922,
    "roll_rad": 5.445770249653272e-05,
    "pitch_rad": 3.68777150145808e-05,
    "roll_rate_radps": 0.003940137110899239,
    "ang_vel_body_y_radps": 0.002597024104337621,
    "yaw_rate_radps": 0.002360949025642994,
    "tire_fl_force_wheel_fz_n": 627.1518997919067,
    "tire_fr_force_wheel_fz_n": 619.0570212639316,
    "tire_rl_force_wheel_fz_n": 919.0945305271498,
    "tire_rr_force_wheel_fz_n": 966.9354266509962,
    "tire_fl_spindle_omega_radps": 0.1351586434902053,
    "tire_fr_spindle_omega_radps": 0.13518727375729125,
    "tire_rl_spindle_omega_radps": 0.1566104937484193,
    "tire_rr_spindle_omega_radps": 0.15682955087870062
  },
  "val_mixed_loss": 0.04670269296761035,
  "rollout_flat_5.0s": {
    "xy_rmse_m": 2.4578261249388507,
    "yaw_rmse_rad": 0.1416394604797942,
    "errdist": 0.3237316620891781,
    "mean_dist_m": 7.592170963684718,
    "episodes": 12
  },
  "rollout_flat_10.0s": {
    "xy_rmse_m": 11.484558133349763,
    "yaw_rmse_rad": 0.5031705768547413,
    "errdist": 0.3261073434422479,
    "mean_dist_m": 35.2171098391215,
    "episodes": 12
  },
  "rollout_crm_5.0s": {
    "xy_rmse_m": 0.6757574778585392,
    "yaw_rmse_rad": 0.03771167574562217,
    "errdist": 0.09442566828335185,
    "mean_dist_m": 7.1565019357949495,
    "episodes": 12
  },
  "rollout_crm_10.0s": {
    "xy_rmse_m": 2.3510736820969016,
    "yaw_rmse_rad": 0.17141193570270138,
    "errdist": 0.09390471055876518,
    "mean_dist_m": 25.036802393694717,
    "episodes": 12
  },
  "rollout_sel": 0.21000602700050652
}
{
  "epoch": 34,
  "timestamp_utc": "2026-07-10T05:41:42.059547+00:00",
  "train_loss": 0.02281051088310778,
  "val_loss": 0.0030787951643469567,
  "val_rmse": {
    "vel_body_x_mps": 0.0008383411685937484,
    "vel_body_y_mps": 0.0006795836596673981,
    "roll_rad": 1.6501630479231933e-05,
    "pitch_rad": 1.4225116134670177e-05,
    "roll_rate_radps": 0.001394902893574664,
    "ang_vel_body_y_radps": 0.0007318998669390655,
    "yaw_rate_radps": 0.0013127886312206594,
    "tire_fl_force_wheel_fz_n": 38.69865499322828,
    "tire_fr_force_wheel_fz_n": 39.806942933337815,
    "tire_rl_force_wheel_fz_n": 24.212152089823086,
    "tire_rr_force_wheel_fz_n": 22.513181954178876,
    "tire_fl_spindle_omega_radps": 0.05570094134613634,
    "tire_fr_spindle_omega_radps": 0.054329231242908796,
    "tire_rl_spindle_omega_radps": 0.05157868321876243,
    "tire_rr_spindle_omega_radps": 0.04878975988918847
  },
  "val_flat_loss": 0.0030787951643469567,
  "val_flat_rmse": {
    "vel_body_x_mps": 0.0008383411685937484,
    "vel_body_y_mps": 0.0006795836596673981,
    "roll_rad": 1.6501630479231933e-05,
    "pitch_rad": 1.4225116134670177e-05,
    "roll_rate_radps": 0.001394902893574664,
    "ang_vel_body_y_radps": 0.0007318998669390655,
    "yaw_rate_radps": 0.0013127886312206594,
    "tire_fl_force_wheel_fz_n": 38.69865499322828,
    "tire_fr_force_wheel_fz_n": 39.806942933337815,
    "tire_rl_force_wheel_fz_n": 24.212152089823086,
    "tire_rr_force_wheel_fz_n": 22.513181954178876,
    "tire_fl_spindle_omega_radps": 0.05570094134613634,
    "tire_fr_spindle_omega_radps": 0.054329231242908796,
    "tire_rl_spindle_omega_radps": 0.05157868321876243,
    "tire_rr_spindle_omega_radps": 0.04878975988918847
  },
  "val_crm_loss": 0.08998412487911991,
  "val_crm_rmse": {
    "vel_body_x_mps": 0.0030135936956789417,
    "vel_body_y_mps": 0.0024907858069233733,
    "roll_rad": 4.945282161650546e-05,
    "pitch_rad": 4.0850456660416164e-05,
    "roll_rate_radps": 0.0038401361101235215,
    "ang_vel_body_y_radps": 0.002748850884932777,
    "yaw_rate_radps": 0.002340574648032379,
    "tire_fl_force_wheel_fz_n": 641.4650513431941,
    "tire_fr_force_wheel_fz_n": 627.91605803832,
    "tire_rl_force_wheel_fz_n": 925.8302660263805,
    "tire_rr_force_wheel_fz_n": 956.7423918585778,
    "tire_fl_spindle_omega_radps": 0.13732103081458524,
    "tire_fr_spindle_omega_radps": 0.13520706745224725,
    "tire_rl_spindle_omega_radps": 0.15622846619304948,
    "tire_rr_spindle_omega_radps": 0.1567443597945587
  },
  "val_mixed_loss": 0.04653146002173344,
  "rollout_flat_5.0s": {
    "xy_rmse_m": 1.0806346627092613,
    "yaw_rmse_rad": 0.06238282900467449,
    "errdist": 0.14233539627574396,
    "mean_dist_m": 7.592170963684718,
    "episodes": 12
  },
  "rollout_flat_10.0s": {
    "xy_rmse_m": 5.078539289991461,
    "yaw_rmse_rad": 0.1468831729644058,
    "errdist": 0.14420658916053025,
    "mean_dist_m": 35.2171098391215,
    "episodes": 12
  },
  "rollout_crm_5.0s": {
    "xy_rmse_m": 1.1879745587216082,
    "yaw_rmse_rad": 0.0822593264117254,
    "errdist": 0.16599933450442741,
    "mean_dist_m": 7.1565019357949495,
    "episodes": 12
  },
  "rollout_crm_10.0s": {
    "xy_rmse_m": 4.3614764567672,
    "yaw_rmse_rad": 0.2067065090354966,
    "errdist": 0.17420261534139025,
    "mean_dist_m": 25.036802393694717,
    "episodes": 12
  },
  "rollout_sel": 0.15920460225096025
}
{
  "epoch": 35,
  "timestamp_utc": "2026-07-10T05:42:31.538672+00:00",
  "train_loss": 0.022562782146967948,
  "val_loss": 0.0029788038978040277,
  "val_rmse": {
    "vel_body_x_mps": 0.0007755261069323549,
    "vel_body_y_mps": 0.000720975261794909,
    "roll_rad": 1.9410411338040756e-05,
    "pitch_rad": 7.85453716930289e-06,
    "roll_rate_radps": 0.00144622232797018,
    "ang_vel_body_y_radps": 0.0007012516776951726,
    "yaw_rate_radps": 0.0013208052644432377,
    "tire_fl_force_wheel_fz_n": 39.2315864040506,
    "tire_fr_force_wheel_fz_n": 39.42104515336229,
    "tire_rl_force_wheel_fz_n": 24.41432947881367,
    "tire_rr_force_wheel_fz_n": 22.8594877357858,
    "tire_fl_spindle_omega_radps": 0.05601220482223481,
    "tire_fr_spindle_omega_radps": 0.05325874535328746,
    "tire_rl_spindle_omega_radps": 0.05350920965671835,
    "tire_rr_spindle_omega_radps": 0.04806549234332556
  },
  "val_flat_loss": 0.0029788038978040277,
  "val_flat_rmse": {
    "vel_body_x_mps": 0.0007755261069323549,
    "vel_body_y_mps": 0.000720975261794909,
    "roll_rad": 1.9410411338040756e-05,
    "pitch_rad": 7.85453716930289e-06,
    "roll_rate_radps": 0.00144622232797018,
    "ang_vel_body_y_radps": 0.0007012516776951726,
    "yaw_rate_radps": 0.0013208052644432377,
    "tire_fl_force_wheel_fz_n": 39.2315864040506,
    "tire_fr_force_wheel_fz_n": 39.42104515336229,
    "tire_rl_force_wheel_fz_n": 24.41432947881367,
    "tire_rr_force_wheel_fz_n": 22.8594877357858,
    "tire_fl_spindle_omega_radps": 0.05601220482223481,
    "tire_fr_spindle_omega_radps": 0.05325874535328746,
    "tire_rl_spindle_omega_radps": 0.05350920965671835,
    "tire_rr_spindle_omega_radps": 0.04806549234332556
  },
  "val_crm_loss": 0.0894803571345983,
  "val_crm_rmse": {
    "vel_body_x_mps": 0.0029919343142385,
    "vel_body_y_mps": 0.0025434680903264743,
    "roll_rad": 5.077533668109791e-05,
    "pitch_rad": 3.5159897285749255e-05,
    "roll_rate_radps": 0.0038179825349348327,
    "ang_vel_body_y_radps": 0.0025880180872208712,
    "yaw_rate_radps": 0.0023550137201241066,
    "tire_fl_force_wheel_fz_n": 626.6172614629135,
    "tire_fr_force_wheel_fz_n": 624.6717572809598,
    "tire_rl_force_wheel_fz_n": 923.0550693748628,
    "tire_rr_force_wheel_fz_n": 953.1928591405906,
    "tire_fl_spindle_omega_radps": 0.1342751668826751,
    "tire_fr_spindle_omega_radps": 0.13486186922432686,
    "tire_rl_spindle_omega_radps": 0.15712038285885144,
    "tire_rr_spindle_omega_radps": 0.15597741917867572
  },
  "val_mixed_loss": 0.046229580516201164,
  "rollout_flat_5.0s": {
    "xy_rmse_m": 1.3229068560899828,
    "yaw_rmse_rad": 0.05777173028813174,
    "errdist": 0.1742461889251154,
    "mean_dist_m": 7.592170963684718,
    "episodes": 12
  },
  "rollout_flat_10.0s": {
    "xy_rmse_m": 3.2917862861885188,
    "yaw_rmse_rad": 0.1300650777755325,
    "errdist": 0.09347122183580733,
    "mean_dist_m": 35.2171098391215,
    "episodes": 12
  },
  "rollout_crm_5.0s": {
    "xy_rmse_m": 0.6550824621091487,
    "yaw_rmse_rad": 0.049225875626303296,
    "errdist": 0.0915366848197997,
    "mean_dist_m": 7.1565019357949495,
    "episodes": 12
  },
  "rollout_crm_10.0s": {
    "xy_rmse_m": 2.4841819770731055,
    "yaw_rmse_rad": 0.10155014059779319,
    "errdist": 0.09922121595282964,
    "mean_dist_m": 25.036802393694717,
    "episodes": 12
  },
  "rollout_sel": 0.09634621889431849
}
{
  "epoch": 36,
  "timestamp_utc": "2026-07-10T05:43:21.465249+00:00",
  "train_loss": 0.022421597518958152,
  "val_loss": 0.00305461644920797,
  "val_rmse": {
    "vel_body_x_mps": 0.000803775161754499,
    "vel_body_y_mps": 0.0007335952006210178,
    "roll_rad": 1.9004242866614765e-05,
    "pitch_rad": 8.34036767275897e-06,
    "roll_rate_radps": 0.0014307674429802396,
    "ang_vel_body_y_radps": 0.0007291042983866851,
    "yaw_rate_radps": 0.0013183199071763318,
    "tire_fl_force_wheel_fz_n": 38.30125128255794,
    "tire_fr_force_wheel_fz_n": 39.12919997112742,
    "tire_rl_force_wheel_fz_n": 23.78881996650022,
    "tire_rr_force_wheel_fz_n": 22.973774988351906,
    "tire_fl_spindle_omega_radps": 0.056396596036192556,
    "tire_fr_spindle_omega_radps": 0.05566519366330664,
    "tire_rl_spindle_omega_radps": 0.05499158475629656,
    "tire_rr_spindle_omega_radps": 0.048615909772713475
  },
  "val_flat_loss": 0.00305461644920797,
  "val_flat_rmse": {
    "vel_body_x_mps": 0.000803775161754499,
    "vel_body_y_mps": 0.0007335952006210178,
    "roll_rad": 1.9004242866614765e-05,
    "pitch_rad": 8.34036767275897e-06,
    "roll_rate_radps": 0.0014307674429802396,
    "ang_vel_body_y_radps": 0.0007291042983866851,
    "yaw_rate_radps": 0.0013183199071763318,
    "tire_fl_force_wheel_fz_n": 38.30125128255794,
    "tire_fr_force_wheel_fz_n": 39.12919997112742,
    "tire_rl_force_wheel_fz_n": 23.78881996650022,
    "tire_rr_force_wheel_fz_n": 22.973774988351906,
    "tire_fl_spindle_omega_radps": 0.056396596036192556,
    "tire_fr_spindle_omega_radps": 0.05566519366330664,
    "tire_rl_spindle_omega_radps": 0.05499158475629656,
    "tire_rr_spindle_omega_radps": 0.048615909772713475
  },
  "val_crm_loss": 0.09016727915208321,
  "val_crm_rmse": {
    "vel_body_x_mps": 0.0029943820373065865,
    "vel_body_y_mps": 0.0025165497718739873,
    "roll_rad": 4.649716433588547e-05,
    "pitch_rad": 3.495108360811292e-05,
    "roll_rate_radps": 0.0037713372586355627,
    "ang_vel_body_y_radps": 0.0026863014054051776,
    "yaw_rate_radps": 0.0023309339275426307,
    "tire_fl_force_wheel_fz_n": 628.9565445863707,
    "tire_fr_force_wheel_fz_n": 623.4107665007579,
    "tire_rl_force_wheel_fz_n": 927.4384202848241,
    "tire_rr_force_wheel_fz_n": 969.2218548981167,
    "tire_fl_spindle_omega_radps": 0.13649078987838137,
    "tire_fr_spindle_omega_radps": 0.13640034918421642,
    "tire_rl_spindle_omega_radps": 0.15810053987555295,
    "tire_rr_spindle_omega_radps": 0.15813450926301983
  },
  "val_mixed_loss": 0.04661094780064559,
  "rollout_flat_5.0s": {
    "xy_rmse_m": 0.5518116475626288,
    "yaw_rmse_rad": 0.052792931565038656,
    "errdist": 0.07268166776039213,
    "mean_dist_m": 7.592170963684718,
    "episodes": 12
  },
  "rollout_flat_10.0s": {
    "xy_rmse_m": 2.391032992784292,
    "yaw_rmse_rad": 0.10946634092329052,
    "errdist": 0.06789407204926778,
    "mean_dist_m": 35.2171098391215,
    "episodes": 12
  },
  "rollout_crm_5.0s": {
    "xy_rmse_m": 0.920902469220308,
    "yaw_rmse_rad": 0.043663307686276104,
    "errdist": 0.1286805310027508,
    "mean_dist_m": 7.1565019357949495,
    "episodes": 12
  },
  "rollout_crm_10.0s": {
    "xy_rmse_m": 2.5160056904213315,
    "yaw_rmse_rad": 0.1225776931450366,
    "errdist": 0.10049229333914317,
    "mean_dist_m": 25.036802393694717,
    "episodes": 12
  },
  "rollout_sel": 0.08419318269420548
}
{
  "epoch": 37,
  "timestamp_utc": "2026-07-10T05:44:11.094039+00:00",
  "train_loss": 0.022338961538858712,
  "val_loss": 0.0031666370933089638,
  "val_rmse": {
    "vel_body_x_mps": 0.0007946056588671176,
    "vel_body_y_mps": 0.0007551441704747121,
    "roll_rad": 2.1614397821678503e-05,
    "pitch_rad": 9.289299290671389e-06,
    "roll_rate_radps": 0.0013999217149139095,
    "ang_vel_body_y_radps": 0.0007104096640206536,
    "yaw_rate_radps": 0.0013399300744266088,
    "tire_fl_force_wheel_fz_n": 38.732430472550696,
    "tire_fr_force_wheel_fz_n": 39.776713487639974,
    "tire_rl_force_wheel_fz_n": 24.790656735106467,
    "tire_rr_force_wheel_fz_n": 22.45094430377541,
    "tire_fl_spindle_omega_radps": 0.056395503479068944,
    "tire_fr_spindle_omega_radps": 0.054735457411057606,
    "tire_rl_spindle_omega_radps": 0.05106839415286444,
    "tire_rr_spindle_omega_radps": 0.04948743662254856
  },
  "val_flat_loss": 0.0031666370933089638,
  "val_flat_rmse": {
    "vel_body_x_mps": 0.0007946056588671176,
    "vel_body_y_mps": 0.0007551441704747121,
    "roll_rad": 2.1614397821678503e-05,
    "pitch_rad": 9.289299290671389e-06,
    "roll_rate_radps": 0.0013999217149139095,
    "ang_vel_body_y_radps": 0.0007104096640206536,
    "yaw_rate_radps": 0.0013399300744266088,
    "tire_fl_force_wheel_fz_n": 38.732430472550696,
    "tire_fr_force_wheel_fz_n": 39.776713487639974,
    "tire_rl_force_wheel_fz_n": 24.790656735106467,
    "tire_rr_force_wheel_fz_n": 22.45094430377541,
    "tire_fl_spindle_omega_radps": 0.056395503479068944,
    "tire_fr_spindle_omega_radps": 0.054735457411057606,
    "tire_rl_spindle_omega_radps": 0.05106839415286444,
    "tire_rr_spindle_omega_radps": 0.04948743662254856
  },
  "val_crm_loss": 0.08900220426090527,
  "val_crm_rmse": {
    "vel_body_x_mps": 0.0029668472292010135,
    "vel_body_y_mps": 0.0024874736814847398,
    "roll_rad": 4.9385354986692306e-05,
    "pitch_rad": 3.172748754658647e-05,
    "roll_rate_radps": 0.003865073927765441,
    "ang_vel_body_y_radps": 0.002640985636259767,
    "yaw_rate_radps": 0.0023486768043804547,
    "tire_fl_force_wheel_fz_n": 633.8720829947456,
    "tire_fr_force_wheel_fz_n": 615.961820151442,
    "tire_rl_force_wheel_fz_n": 927.373410646131,
    "tire_rr_force_wheel_fz_n": 956.1128485151552,
    "tire_fl_spindle_omega_radps": 0.13214644864959038,
    "tire_fr_spindle_omega_radps": 0.13063549603581742,
    "tire_rl_spindle_omega_radps": 0.15355486862514223,
    "tire_rr_spindle_omega_radps": 0.15328388162846746
  },
  "val_mixed_loss": 0.046084420677107114,
  "rollout_flat_5.0s": {
    "xy_rmse_m": 0.8529782114216368,
    "yaw_rmse_rad": 0.046422670593439685,
    "errdist": 0.1123497107087878,
    "mean_dist_m": 7.592170963684718,
    "episodes": 12
  },
  "rollout_flat_10.0s": {
    "xy_rmse_m": 3.2793286118674705,
    "yaw_rmse_rad": 0.10746255354115083,
    "errdist": 0.09311748257730608,
    "mean_dist_m": 35.2171098391215,
    "episodes": 12
  },
  "rollout_crm_5.0s": {
    "xy_rmse_m": 1.0661011391523922,
    "yaw_rmse_rad": 0.08141392850997525,
    "errdist": 0.14896958719734754,
    "mean_dist_m": 7.1565019357949495,
    "episodes": 12
  },
  "rollout_crm_10.0s": {
    "xy_rmse_m": 3.7711735729059264,
    "yaw_rmse_rad": 0.2364059040716699,
    "errdist": 0.15062520818775407,
    "mean_dist_m": 25.036802393694717,
    "episodes": 12
  },
  "rollout_sel": 0.12187134538253008
}
{
  "epoch": 38,
  "timestamp_utc": "2026-07-10T05:45:00.818329+00:00",
  "train_loss": 0.02194380022212863,
  "val_loss": 0.0028875819067980045,
  "val_rmse": {
    "vel_body_x_mps": 0.000771336501046132,
    "vel_body_y_mps": 0.0007143509754624539,
    "roll_rad": 1.6280083155521172e-05,
    "pitch_rad": 9.287597269026322e-06,
    "roll_rate_radps": 0.001414929149842001,
    "ang_vel_body_y_radps": 0.000716689199425281,
    "yaw_rate_radps": 0.0013098868323027527,
    "tire_fl_force_wheel_fz_n": 39.580945724891116,
    "tire_fr_force_wheel_fz_n": 39.5347207764462,
    "tire_rl_force_wheel_fz_n": 24.73539750425006,
    "tire_rr_force_wheel_fz_n": 22.615599947065935,
    "tire_fl_spindle_omega_radps": 0.0555671055464228,
    "tire_fr_spindle_omega_radps": 0.052819590803270165,
    "tire_rl_spindle_omega_radps": 0.05195141409314375,
    "tire_rr_spindle_omega_radps": 0.04879584777768755
  },
  "val_flat_loss": 0.0028875819067980045,
  "val_flat_rmse": {
    "vel_body_x_mps": 0.000771336501046132,
    "vel_body_y_mps": 0.0007143509754624539,
    "roll_rad": 1.6280083155521172e-05,
    "pitch_rad": 9.287597269026322e-06,
    "roll_rate_radps": 0.001414929149842001,
    "ang_vel_body_y_radps": 0.000716689199425281,
    "yaw_rate_radps": 0.0013098868323027527,
    "tire_fl_force_wheel_fz_n": 39.580945724891116,
    "tire_fr_force_wheel_fz_n": 39.5347207764462,
    "tire_rl_force_wheel_fz_n": 24.73539750425006,
    "tire_rr_force_wheel_fz_n": 22.615599947065935,
    "tire_fl_spindle_omega_radps": 0.0555671055464228,
    "tire_fr_spindle_omega_radps": 0.052819590803270165,
    "tire_rl_spindle_omega_radps": 0.05195141409314375,
    "tire_rr_spindle_omega_radps": 0.04879584777768755
  },
  "val_crm_loss": 0.089613408203586,
  "val_crm_rmse": {
    "vel_body_x_mps": 0.002974074385252798,
    "vel_body_y_mps": 0.0024411822062038032,
    "roll_rad": 4.711036366910084e-05,
    "pitch_rad": 3.556990823176555e-05,
    "roll_rate_radps": 0.0039049481594517414,
    "ang_vel_body_y_radps": 0.002655210355612934,
    "yaw_rate_radps": 0.0023262316648338054,
    "tire_fl_force_wheel_fz_n": 615.6617486711802,
    "tire_fr_force_wheel_fz_n": 627.2993747906919,
    "tire_rl_force_wheel_fz_n": 925.3468586407946,
    "tire_rr_force_wheel_fz_n": 973.339993505118,
    "tire_fl_spindle_omega_radps": 0.13429372127288244,
    "tire_fr_spindle_omega_radps": 0.13483861252444515,
    "tire_rl_spindle_omega_radps": 0.15603683573038063,
    "tire_rr_spindle_omega_radps": 0.15697419775842059
  },
  "val_mixed_loss": 0.046250495055192,
  "rollout_flat_5.0s": {
    "xy_rmse_m": 1.2743398726459594,
    "yaw_rmse_rad": 0.06829825224542667,
    "errdist": 0.16784920660262403,
    "mean_dist_m": 7.592170963684718,
    "episodes": 12
  },
  "rollout_flat_10.0s": {
    "xy_rmse_m": 5.885507442492236,
    "yaw_rmse_rad": 0.13626149956925843,
    "errdist": 0.16712068279817285,
    "mean_dist_m": 35.2171098391215,
    "episodes": 12
  },
  "rollout_crm_5.0s": {
    "xy_rmse_m": 1.1471511325459645,
    "yaw_rmse_rad": 0.07473522278507355,
    "errdist": 0.16029495175683733,
    "mean_dist_m": 7.1565019357949495,
    "episodes": 12
  },
  "rollout_crm_10.0s": {
    "xy_rmse_m": 4.434519702431327,
    "yaw_rmse_rad": 0.17537195002190353,
    "errdist": 0.17712005042417553,
    "mean_dist_m": 25.036802393694717,
    "episodes": 12
  },
  "rollout_sel": 0.1721203666111742
}
{
  "epoch": 39,
  "timestamp_utc": "2026-07-10T05:45:50.630698+00:00",
  "train_loss": 0.021754961165133865,
  "val_loss": 0.0029905407755177293,
  "val_rmse": {
    "vel_body_x_mps": 0.0008121531933091185,
    "vel_body_y_mps": 0.0007398086395035309,
    "roll_rad": 1.922744814523082e-05,
    "pitch_rad": 8.863427000472811e-06,
    "roll_rate_radps": 0.0014036819753510158,
    "ang_vel_body_y_radps": 0.000692514749957693,
    "yaw_rate_radps": 0.0013673519718779461,
    "tire_fl_force_wheel_fz_n": 40.010509802085785,
    "tire_fr_force_wheel_fz_n": 39.608422741881675,
    "tire_rl_force_wheel_fz_n": 23.782145164575073,
    "tire_rr_force_wheel_fz_n": 22.456239524496997,
    "tire_fl_spindle_omega_radps": 0.05221227847834878,
    "tire_fr_spindle_omega_radps": 0.050962703013113723,
    "tire_rl_spindle_omega_radps": 0.04928090617573279,
    "tire_rr_spindle_omega_radps": 0.046380591252009745
  },
  "val_flat_loss": 0.0029905407755177293,
  "val_flat_rmse": {
    "vel_body_x_mps": 0.0008121531933091185,
    "vel_body_y_mps": 0.0007398086395035309,
    "roll_rad": 1.922744814523082e-05,
    "pitch_rad": 8.863427000472811e-06,
    "roll_rate_radps": 0.0014036819753510158,
    "ang_vel_body_y_radps": 0.000692514749957693,
    "yaw_rate_radps": 0.0013673519718779461,
    "tire_fl_force_wheel_fz_n": 40.010509802085785,
    "tire_fr_force_wheel_fz_n": 39.608422741881675,
    "tire_rl_force_wheel_fz_n": 23.782145164575073,
    "tire_rr_force_wheel_fz_n": 22.456239524496997,
    "tire_fl_spindle_omega_radps": 0.05221227847834878,
    "tire_fr_spindle_omega_radps": 0.050962703013113723,
    "tire_rl_spindle_omega_radps": 0.04928090617573279,
    "tire_rr_spindle_omega_radps": 0.046380591252009745
  },
  "val_crm_loss": 0.08943062587350141,
  "val_crm_rmse": {
    "vel_body_x_mps": 0.002955531090476651,
    "vel_body_y_mps": 0.002442928395192802,
    "roll_rad": 4.6064045252767914e-05,
    "pitch_rad": 3.3342697687305376e-05,
    "roll_rate_radps": 0.0037370301049986336,
    "ang_vel_body_y_radps": 0.0025743893333738826,
    "yaw_rate_radps": 0.0023612540899429504,
    "tire_fl_force_wheel_fz_n": 622.5581305963964,
    "tire_fr_force_wheel_fz_n": 620.9864112357477,
    "tire_rl_force_wheel_fz_n": 925.9881334313174,
    "tire_rr_force_wheel_fz_n": 968.8255980136234,
    "tire_fl_spindle_omega_radps": 0.1315585733356965,
    "tire_fr_spindle_omega_radps": 0.13155215510849982,
    "tire_rl_spindle_omega_radps": 0.1542132680155017,
    "tire_rr_spindle_omega_radps": 0.15480791858534548
  },
  "val_mixed_loss": 0.04621058332450957,
  "rollout_flat_5.0s": {
    "xy_rmse_m": 0.6870004647062268,
    "yaw_rmse_rad": 0.039610338588081814,
    "errdist": 0.09048801297972932,
    "mean_dist_m": 7.592170963684718,
    "episodes": 12
  },
  "rollout_flat_10.0s": {
    "xy_rmse_m": 2.488221764317084,
    "yaw_rmse_rad": 0.12510271749549123,
    "errdist": 0.07065377527241042,
    "mean_dist_m": 35.2171098391215,
    "episodes": 12
  },
  "rollout_crm_5.0s": {
    "xy_rmse_m": 0.8370389080901913,
    "yaw_rmse_rad": 0.0622050301885216,
    "errdist": 0.11696201798025678,
    "mean_dist_m": 7.1565019357949495,
    "episodes": 12
  },
  "rollout_crm_10.0s": {
    "xy_rmse_m": 2.9959935265281423,
    "yaw_rmse_rad": 0.16311432204248025,
    "errdist": 0.1196635848067665,
    "mean_dist_m": 25.036802393694717,
    "episodes": 12
  },
  "rollout_sel": 0.09515868003958847
}
{
  "epoch": 40,
  "timestamp_utc": "2026-07-10T05:46:40.212996+00:00",
  "train_loss": 0.0214838070650585,
  "val_loss": 0.0029830226452759235,
  "val_rmse": {
    "vel_body_x_mps": 0.0008239955089478709,
    "vel_body_y_mps": 0.0007110896961890214,
    "roll_rad": 2.1019264369589408e-05,
    "pitch_rad": 8.926101909397302e-06,
    "roll_rate_radps": 0.0013918987898851748,
    "ang_vel_body_y_radps": 0.0007077588103690185,
    "yaw_rate_radps": 0.0013040824906519618,
    "tire_fl_force_wheel_fz_n": 38.27277558513748,
    "tire_fr_force_wheel_fz_n": 38.54043114410124,
    "tire_rl_force_wheel_fz_n": 23.92372144832429,
    "tire_rr_force_wheel_fz_n": 22.419477041646687,
    "tire_fl_spindle_omega_radps": 0.054169544657710005,
    "tire_fr_spindle_omega_radps": 0.05260198543800213,
    "tire_rl_spindle_omega_radps": 0.051189076859815746,
    "tire_rr_spindle_omega_radps": 0.04855835182462844
  },
  "val_flat_loss": 0.0029830226452759235,
  "val_flat_rmse": {
    "vel_body_x_mps": 0.0008239955089478709,
    "vel_body_y_mps": 0.0007110896961890214,
    "roll_rad": 2.1019264369589408e-05,
    "pitch_rad": 8.926101909397302e-06,
    "roll_rate_radps": 0.0013918987898851748,
    "ang_vel_body_y_radps": 0.0007077588103690185,
    "yaw_rate_radps": 0.0013040824906519618,
    "tire_fl_force_wheel_fz_n": 38.27277558513748,
    "tire_fr_force_wheel_fz_n": 38.54043114410124,
    "tire_rl_force_wheel_fz_n": 23.92372144832429,
    "tire_rr_force_wheel_fz_n": 22.419477041646687,
    "tire_fl_spindle_omega_radps": 0.054169544657710005,
    "tire_fr_spindle_omega_radps": 0.05260198543800213,
    "tire_rl_spindle_omega_radps": 0.051189076859815746,
    "tire_rr_spindle_omega_radps": 0.04855835182462844
  },
  "val_crm_loss": 0.0900151188945165,
  "val_crm_rmse": {
    "vel_body_x_mps": 0.003017150623628994,
    "vel_body_y_mps": 0.002423566720420814,
    "roll_rad": 5.4246968795957914e-05,
    "pitch_rad": 3.712230436610744e-05,
    "roll_rate_radps": 0.003756206737500108,
    "ang_vel_body_y_radps": 0.0026764684960235113,
    "yaw_rate_radps": 0.0023365429783422983,
    "tire_fl_force_wheel_fz_n": 617.5589354110705,
    "tire_fr_force_wheel_fz_n": 630.3112680078286,
    "tire_rl_force_wheel_fz_n": 932.2066608871098,
    "tire_rr_force_wheel_fz_n": 968.738993353394,
    "tire_fl_spindle_omega_radps": 0.13482249074094374,
    "tire_fr_spindle_omega_radps": 0.1340996415512917,
    "tire_rl_spindle_omega_radps": 0.15509489251026506,
    "tire_rr_spindle_omega_radps": 0.15666291319679948
  },
  "val_mixed_loss": 0.046499070769896206,
  "rollout_flat_5.0s": {
    "xy_rmse_m": 0.7258406739533458,
    "yaw_rmse_rad": 0.06992787646177177,
    "errdist": 0.09560383682417402,
    "mean_dist_m": 7.592170963684718,
    "episodes": 12
  },
  "rollout_flat_10.0s": {
    "xy_rmse_m": 2.861048736715381,
    "yaw_rmse_rad": 0.11500558120894903,
    "errdist": 0.08124030477756976,
    "mean_dist_m": 35.2171098391215,
    "episodes": 12
  },
  "rollout_crm_5.0s": {
    "xy_rmse_m": 0.7458409549458682,
    "yaw_rmse_rad": 0.06710309141685811,
    "errdist": 0.10421864783063454,
    "mean_dist_m": 7.1565019357949495,
    "episodes": 12
  },
  "rollout_crm_10.0s": {
    "xy_rmse_m": 3.438397158906975,
    "yaw_rmse_rad": 0.1572198344621465,
    "errdist": 0.1373337179740214,
    "mean_dist_m": 25.036802393694717,
    "episodes": 12
  },
  "rollout_sel": 0.10928701137579558
}
{
  "epoch": 41,
  "timestamp_utc": "2026-07-10T05:47:29.609672+00:00",
  "train_loss": 0.021277021626476197,
  "val_loss": 0.003254522076258581,
  "val_rmse": {
    "vel_body_x_mps": 0.0008668002720620162,
    "vel_body_y_mps": 0.0006990029491562551,
    "roll_rad": 1.9660960819323004e-05,
    "pitch_rad": 8.263520060738831e-06,
    "roll_rate_radps": 0.0014694679738847108,
    "ang_vel_body_y_radps": 0.0008370458969787305,
    "yaw_rate_radps": 0.0013069916966410198,
    "tire_fl_force_wheel_fz_n": 39.38681228930765,
    "tire_fr_force_wheel_fz_n": 38.60520588156262,
    "tire_rl_force_wheel_fz_n": 24.046104580222906,
    "tire_rr_force_wheel_fz_n": 23.224391942128026,
    "tire_fl_spindle_omega_radps": 0.06212694128749615,
    "tire_fr_spindle_omega_radps": 0.06086287683024381,
    "tire_rl_spindle_omega_radps": 0.06333509535250804,
    "tire_rr_spindle_omega_radps": 0.05543295290247865
  },
  "val_flat_loss": 0.003254522076258581,
  "val_flat_rmse": {
    "vel_body_x_mps": 0.0008668002720620162,
    "vel_body_y_mps": 0.0006990029491562551,
    "roll_rad": 1.9660960819323004e-05,
    "pitch_rad": 8.263520060738831e-06,
    "roll_rate_radps": 0.0014694679738847108,
    "ang_vel_body_y_radps": 0.0008370458969787305,
    "yaw_rate_radps": 0.0013069916966410198,
    "tire_fl_force_wheel_fz_n": 39.38681228930765,
    "tire_fr_force_wheel_fz_n": 38.60520588156262,
    "tire_rl_force_wheel_fz_n": 24.046104580222906,
    "tire_rr_force_wheel_fz_n": 23.224391942128026,
    "tire_fl_spindle_omega_radps": 0.06212694128749615,
    "tire_fr_spindle_omega_radps": 0.06086287683024381,
    "tire_rl_spindle_omega_radps": 0.06333509535250804,
    "tire_rr_spindle_omega_radps": 0.05543295290247865
  },
  "val_crm_loss": 0.08959258776565548,
  "val_crm_rmse": {
    "vel_body_x_mps": 0.0029913297850127957,
    "vel_body_y_mps": 0.0024101041549314866,
    "roll_rad": 5.141714664808753e-05,
    "pitch_rad": 3.413740753376786e-05,
    "roll_rate_radps": 0.0037188657661574418,
    "ang_vel_body_y_radps": 0.0025584380426945277,
    "yaw_rate_radps": 0.0023748880653941392,
    "tire_fl_force_wheel_fz_n": 628.4351059808795,
    "tire_fr_force_wheel_fz_n": 613.2047971335018,
    "tire_rl_force_wheel_fz_n": 923.8778839698056,
    "tire_rr_force_wheel_fz_n": 967.046801053683,
    "tire_fl_spindle_omega_radps": 0.13454301133087773,
    "tire_fr_spindle_omega_radps": 0.1334820130710661,
    "tire_rl_spindle_omega_radps": 0.1559437127240531,
    "tire_rr_spindle_omega_radps": 0.15730158977687056
  },
  "val_mixed_loss": 0.04642355492095703,
  "rollout_flat_5.0s": {
    "xy_rmse_m": 0.5927409925887914,
    "yaw_rmse_rad": 0.05185503406905217,
    "errdist": 0.07807266135391605,
    "mean_dist_m": 7.592170963684718,
    "episodes": 12
  },
  "rollout_flat_10.0s": {
    "xy_rmse_m": 3.9486301651164437,
    "yaw_rmse_rad": 0.11926494603292999,
    "errdist": 0.11212249338899594,
    "mean_dist_m": 35.2171098391215,
    "episodes": 12
  },
  "rollout_crm_5.0s": {
    "xy_rmse_m": 0.7003204684305616,
    "yaw_rmse_rad": 0.04305075316287895,
    "errdist": 0.09785793041258634,
    "mean_dist_m": 7.1565019357949495,
    "episodes": 12
  },
  "rollout_crm_10.0s": {
    "xy_rmse_m": 2.2464429308515896,
    "yaw_rmse_rad": 0.10423538253772616,
    "errdist": 0.08972563251197506,
    "mean_dist_m": 25.036802393694717,
    "episodes": 12
  },
  "rollout_sel": 0.1009240629504855
}
{
  "epoch": 42,
  "timestamp_utc": "2026-07-10T05:48:19.399490+00:00",
  "train_loss": 0.021116707805078478,
  "val_loss": 0.0029628731691263965,
  "val_rmse": {
    "vel_body_x_mps": 0.0008317913903046987,
    "vel_body_y_mps": 0.0006682266761532167,
    "roll_rad": 1.7577630985829824e-05,
    "pitch_rad": 9.521444209188993e-06,
    "roll_rate_radps": 0.0014353343932595516,
    "ang_vel_body_y_radps": 0.0007300124902024307,
    "yaw_rate_radps": 0.001295524342498342,
    "tire_fl_force_wheel_fz_n": 38.554550240037536,
    "tire_fr_force_wheel_fz_n": 38.50562065698713,
    "tire_rl_force_wheel_fz_n": 24.017819617916217,
    "tire_rr_force_wheel_fz_n": 22.366219121001006,
    "tire_fl_spindle_omega_radps": 0.05517746573388371,
    "tire_fr_spindle_omega_radps": 0.05336114826856856,
    "tire_rl_spindle_omega_radps": 0.053847879558322743,
    "tire_rr_spindle_omega_radps": 0.05057360998557652
  },
  "val_flat_loss": 0.0029628731691263965,
  "val_flat_rmse": {
    "vel_body_x_mps": 0.0008317913903046987,
    "vel_body_y_mps": 0.0006682266761532167,
    "roll_rad": 1.7577630985829824e-05,
    "pitch_rad": 9.521444209188993e-06,
    "roll_rate_radps": 0.0014353343932595516,
    "ang_vel_body_y_radps": 0.0007300124902024307,
    "yaw_rate_radps": 0.001295524342498342,
    "tire_fl_force_wheel_fz_n": 38.554550240037536,
    "tire_fr_force_wheel_fz_n": 38.50562065698713,
    "tire_rl_force_wheel_fz_n": 24.017819617916217,
    "tire_rr_force_wheel_fz_n": 22.366219121001006,
    "tire_fl_spindle_omega_radps": 0.05517746573388371,
    "tire_fr_spindle_omega_radps": 0.05336114826856856,
    "tire_rl_spindle_omega_radps": 0.053847879558322743,
    "tire_rr_spindle_omega_radps": 0.05057360998557652
  },
  "val_crm_loss": 0.0899715275777271,
  "val_crm_rmse": {
    "vel_body_x_mps": 0.0030057972025270517,
    "vel_body_y_mps": 0.002464128386635315,
    "roll_rad": 4.49981496450974e-05,
    "pitch_rad": 3.3344676321517654e-05,
    "roll_rate_radps": 0.0037683144266117763,
    "ang_vel_body_y_radps": 0.0025864008545297304,
    "yaw_rate_radps": 0.002315515119365659,
    "tire_fl_force_wheel_fz_n": 624.1603539428646,
    "tire_fr_force_wheel_fz_n": 621.1092141923108,
    "tire_rl_force_wheel_fz_n": 933.5312812690908,
    "tire_rr_force_wheel_fz_n": 971.0398197090433,
    "tire_fl_spindle_omega_radps": 0.13374444991479664,
    "tire_fr_spindle_omega_radps": 0.1343226068462089,
    "tire_rl_spindle_omega_radps": 0.15663554504140406,
    "tire_rr_spindle_omega_radps": 0.15564457818608426
  },
  "val_mixed_loss": 0.04646720037342675,
  "rollout_flat_5.0s": {
    "xy_rmse_m": 0.671406947967022,
    "yaw_rmse_rad": 0.0787407420282102,
    "errdist": 0.08843411867021067,
    "mean_dist_m": 7.592170963684718,
    "episodes": 12
  },
  "rollout_flat_10.0s": {
    "xy_rmse_m": 5.589994842399533,
    "yaw_rmse_rad": 0.24917670858226837,
    "errdist": 0.15872951721295983,
    "mean_dist_m": 35.2171098391215,
    "episodes": 12
  },
  "rollout_crm_5.0s": {
    "xy_rmse_m": 0.6766394760356398,
    "yaw_rmse_rad": 0.05123235317288297,
    "errdist": 0.09454891259810415,
    "mean_dist_m": 7.1565019357949495,
    "episodes": 12
  },
  "rollout_crm_10.0s": {
    "xy_rmse_m": 2.957954580498654,
    "yaw_rmse_rad": 0.12196660041283183,
    "errdist": 0.11814426355194571,
    "mean_dist_m": 25.036802393694717,
    "episodes": 12
  },
  "rollout_sel": 0.13843689038245277
}
{
  "epoch": 43,
  "timestamp_utc": "2026-07-10T05:49:08.919994+00:00",
  "train_loss": 0.020869082713965325,
  "val_loss": 0.002961232084162475,
  "val_rmse": {
    "vel_body_x_mps": 0.0008599957400374691,
    "vel_body_y_mps": 0.0008451182080104257,
    "roll_rad": 2.0174475754841105e-05,
    "pitch_rad": 7.838238017736958e-06,
    "roll_rate_radps": 0.0013964683906905555,
    "ang_vel_body_y_radps": 0.0007030312844248868,
    "yaw_rate_radps": 0.0013048208961707504,
    "tire_fl_force_wheel_fz_n": 38.52901610904052,
    "tire_fr_force_wheel_fz_n": 40.990891714901295,
    "tire_rl_force_wheel_fz_n": 24.626843299714622,
    "tire_rr_force_wheel_fz_n": 22.23942785038672,
    "tire_fl_spindle_omega_radps": 0.05261084950474345,
    "tire_fr_spindle_omega_radps": 0.05167296610455297,
    "tire_rl_spindle_omega_radps": 0.04980657829667152,
    "tire_rr_spindle_omega_radps": 0.04719013058602574
  },
  "val_flat_loss": 0.002961232084162475,
  "val_flat_rmse": {
    "vel_body_x_mps": 0.0008599957400374691,
    "vel_body_y_mps": 0.0008451182080104257,
    "roll_rad": 2.0174475754841105e-05,
    "pitch_rad": 7.838238017736958e-06,
    "roll_rate_radps": 0.0013964683906905555,
    "ang_vel_body_y_radps": 0.0007030312844248868,
    "yaw_rate_radps": 0.0013048208961707504,
    "tire_fl_force_wheel_fz_n": 38.52901610904052,
    "tire_fr_force_wheel_fz_n": 40.990891714901295,
    "tire_rl_force_wheel_fz_n": 24.626843299714622,
    "tire_rr_force_wheel_fz_n": 22.23942785038672,
    "tire_fl_spindle_omega_radps": 0.05261084950474345,
    "tire_fr_spindle_omega_radps": 0.05167296610455297,
    "tire_rl_spindle_omega_radps": 0.04980657829667152,
    "tire_rr_spindle_omega_radps": 0.04719013058602574
  },
  "val_crm_loss": 0.09066379959171172,
  "val_crm_rmse": {
    "vel_body_x_mps": 0.003084803622778365,
    "vel_body_y_mps": 0.002423509293460271,
    "roll_rad": 4.7744412602720174e-05,
    "pitch_rad": 3.456290077781698e-05,
    "roll_rate_radps": 0.0037221345861844163,
    "ang_vel_body_y_radps": 0.0025704309995451414,
    "yaw_rate_radps": 0.0023314010301073093,
    "tire_fl_force_wheel_fz_n": 616.8273404168643,
    "tire_fr_force_wheel_fz_n": 625.2475163928051,
    "tire_rl_force_wheel_fz_n": 935.6078498527332,
    "tire_rr_force_wheel_fz_n": 985.3943727560626,
    "tire_fl_spindle_omega_radps": 0.13291979244111457,
    "tire_fr_spindle_omega_radps": 0.13456162552903145,
    "tire_rl_spindle_omega_radps": 0.155476399702742,
    "tire_rr_spindle_omega_radps": 0.15736869702387832
  },
  "val_mixed_loss": 0.0468125158379371,
  "rollout_flat_5.0s": {
    "xy_rmse_m": 1.6444401095182113,
    "yaw_rmse_rad": 0.08689427855702049,
    "errdist": 0.21659682288293902,
    "mean_dist_m": 7.592170963684718,
    "episodes": 12
  },
  "rollout_flat_10.0s": {
    "xy_rmse_m": 6.186468561072715,
    "yaw_rmse_rad": 0.13559455494708786,
    "errdist": 0.17566656063866934,
    "mean_dist_m": 35.2171098391215,
    "episodes": 12
  },
  "rollout_crm_5.0s": {
    "xy_rmse_m": 0.8019444406977226,
    "yaw_rmse_rad": 0.04318375878868271,
    "errdist": 0.11205816024259092,
    "mean_dist_m": 7.1565019357949495,
    "episodes": 12
  },
  "rollout_crm_10.0s": {
    "xy_rmse_m": 3.700235969648301,
    "yaw_rmse_rad": 0.5151309787448528,
    "errdist": 0.1477918749951939,
    "mean_dist_m": 25.036802393694717,
    "episodes": 12
  },
  "rollout_sel": 0.16172921781693161
}
{
  "epoch": 44,
  "timestamp_utc": "2026-07-10T05:49:58.501398+00:00",
  "train_loss": 0.020583697865717114,
  "val_loss": 0.0028680892217198563,
  "val_rmse": {
    "vel_body_x_mps": 0.0008618785373093183,
    "vel_body_y_mps": 0.0007553147601052274,
    "roll_rad": 1.636995936639994e-05,
    "pitch_rad": 8.401626055456652e-06,
    "roll_rate_radps": 0.0013974430513242026,
    "ang_vel_body_y_radps": 0.0007028450369620982,
    "yaw_rate_radps": 0.0012919301729583876,
    "tire_fl_force_wheel_fz_n": 38.11764299705765,
    "tire_fr_force_wheel_fz_n": 39.28503649916864,
    "tire_rl_force_wheel_fz_n": 24.542251797734725,
    "tire_rr_force_wheel_fz_n": 22.393176173599084,
    "tire_fl_spindle_omega_radps": 0.05221502593671865,
    "tire_fr_spindle_omega_radps": 0.05119431730081124,
    "tire_rl_spindle_omega_radps": 0.049102526845886174,
    "tire_rr_spindle_omega_radps": 0.04619717064059553
  },
  "val_flat_loss": 0.0028680892217198563,
  "val_flat_rmse": {
    "vel_body_x_mps": 0.0008618785373093183,
    "vel_body_y_mps": 0.0007553147601052274,
    "roll_rad": 1.636995936639994e-05,
    "pitch_rad": 8.401626055456652e-06,
    "roll_rate_radps": 0.0013974430513242026,
    "ang_vel_body_y_radps": 0.0007028450369620982,
    "yaw_rate_radps": 0.0012919301729583876,
    "tire_fl_force_wheel_fz_n": 38.11764299705765,
    "tire_fr_force_wheel_fz_n": 39.28503649916864,
    "tire_rl_force_wheel_fz_n": 24.542251797734725,
    "tire_rr_force_wheel_fz_n": 22.393176173599084,
    "tire_fl_spindle_omega_radps": 0.05221502593671865,
    "tire_fr_spindle_omega_radps": 0.05119431730081124,
    "tire_rl_spindle_omega_radps": 0.049102526845886174,
    "tire_rr_spindle_omega_radps": 0.04619717064059553
  },
  "val_crm_loss": 0.09019815361127258,
  "val_crm_rmse": {
    "vel_body_x_mps": 0.0029735969656369387,
    "vel_body_y_mps": 0.0024315183899850444,
    "roll_rad": 4.400992012208939e-05,
    "pitch_rad": 3.5836437966341627e-05,
    "roll_rate_radps": 0.0038020334082066176,
    "ang_vel_body_y_radps": 0.002587913654223173,
    "yaw_rate_radps": 0.0023220600934268872,
    "tire_fl_force_wheel_fz_n": 627.8261244652338,
    "tire_fr_force_wheel_fz_n": 613.9562729305734,
    "tire_rl_force_wheel_fz_n": 933.7963674899897,
    "tire_rr_force_wheel_fz_n": 974.7703238739984,
    "tire_fl_spindle_omega_radps": 0.1348650564590489,
    "tire_fr_spindle_omega_radps": 0.1351313753925701,
    "tire_rl_spindle_omega_radps": 0.15678829724213478,
    "tire_rr_spindle_omega_radps": 0.15760896099558835
  },
  "val_mixed_loss": 0.046533121416496216,
  "rollout_flat_5.0s": {
    "xy_rmse_m": 1.145644408493616,
    "yaw_rmse_rad": 0.056146423779663904,
    "errdist": 0.1508981309790736,
    "mean_dist_m": 7.592170963684718,
    "episodes": 12
  },
  "rollout_flat_10.0s": {
    "xy_rmse_m": 4.145756724405386,
    "yaw_rmse_rad": 0.15934387482785806,
    "errdist": 0.11771995894450159,
    "mean_dist_m": 35.2171098391215,
    "episodes": 12
  },
  "rollout_crm_5.0s": {
    "xy_rmse_m": 0.6089123294994403,
    "yaw_rmse_rad": 0.030228844129895592,
    "errdist": 0.08508519035729177,
    "mean_dist_m": 7.1565019357949495,
    "episodes": 12
  },
  "rollout_crm_10.0s": {
    "xy_rmse_m": 1.7993182077882772,
    "yaw_rmse_rad": 0.05221617035013999,
    "errdist": 0.07186693330460676,
    "mean_dist_m": 25.036802393694717,
    "episodes": 12
  },
  "rollout_sel": 0.09479344612455418
}
{
  "epoch": 45,
  "timestamp_utc": "2026-07-10T05:50:48.020928+00:00",
  "train_loss": 0.020366033946629614,
  "val_loss": 0.002869761427227786,
  "val_rmse": {
    "vel_body_x_mps": 0.0008096341296845392,
    "vel_body_y_mps": 0.0007813570318067248,
    "roll_rad": 1.820737379685617e-05,
    "pitch_rad": 7.446408879721905e-06,
    "roll_rate_radps": 0.001390785047336656,
    "ang_vel_body_y_radps": 0.0006893056187356378,
    "yaw_rate_radps": 0.0013135065557057322,
    "tire_fl_force_wheel_fz_n": 37.96668554198946,
    "tire_fr_force_wheel_fz_n": 38.71609695495461,
    "tire_rl_force_wheel_fz_n": 23.884740380618442,
    "tire_rr_force_wheel_fz_n": 22.828549249089395,
    "tire_fl_spindle_omega_radps": 0.05312895661111583,
    "tire_fr_spindle_omega_radps": 0.05157129152324983,
    "tire_rl_spindle_omega_radps": 0.049149097046671704,
    "tire_rr_spindle_omega_radps": 0.04593452549918327
  },
  "val_flat_loss": 0.002869761427227786,
  "val_flat_rmse": {
    "vel_body_x_mps": 0.0008096341296845392,
    "vel_body_y_mps": 0.0007813570318067248,
    "roll_rad": 1.820737379685617e-05,
    "pitch_rad": 7.446408879721905e-06,
    "roll_rate_radps": 0.001390785047336656,
    "ang_vel_body_y_radps": 0.0006893056187356378,
    "yaw_rate_radps": 0.0013135065557057322,
    "tire_fl_force_wheel_fz_n": 37.96668554198946,
    "tire_fr_force_wheel_fz_n": 38.71609695495461,
    "tire_rl_force_wheel_fz_n": 23.884740380618442,
    "tire_rr_force_wheel_fz_n": 22.828549249089395,
    "tire_fl_spindle_omega_radps": 0.05312895661111583,
    "tire_fr_spindle_omega_radps": 0.05157129152324983,
    "tire_rl_spindle_omega_radps": 0.049149097046671704,
    "tire_rr_spindle_omega_radps": 0.04593452549918327
  },
  "val_crm_loss": 0.089771841064794,
  "val_crm_rmse": {
    "vel_body_x_mps": 0.0029400374522900712,
    "vel_body_y_mps": 0.002407983660753527,
    "roll_rad": 4.7226555074647824e-05,
    "pitch_rad": 3.337115408913705e-05,
    "roll_rate_radps": 0.0037074258677824374,
    "ang_vel_body_y_radps": 0.0025382991574146147,
    "yaw_rate_radps": 0.0023242387074178766,
    "tire_fl_force_wheel_fz_n": 619.2242495556783,
    "tire_fr_force_wheel_fz_n": 612.000434556196,
    "tire_rl_force_wheel_fz_n": 940.225136619809,
    "tire_rr_force_wheel_fz_n": 982.0883074677429,
    "tire_fl_spindle_omega_radps": 0.13469686594562463,
    "tire_fr_spindle_omega_radps": 0.13334109410027875,
    "tire_rl_spindle_omega_radps": 0.1559085201487488,
    "tire_rr_spindle_omega_radps": 0.1571775540516931
  },
  "val_mixed_loss": 0.04632080124601089,
  "rollout_flat_5.0s": {
    "xy_rmse_m": 1.7265878147668714,
    "yaw_rmse_rad": 0.1016817220904906,
    "errdist": 0.2274168776000408,
    "mean_dist_m": 7.592170963684718,
    "episodes": 12
  },
  "rollout_flat_10.0s": {
    "xy_rmse_m": 5.952547462570019,
    "yaw_rmse_rad": 0.24072268593190224,
    "errdist": 0.16902430352071465,
    "mean_dist_m": 35.2171098391215,
    "episodes": 12
  },
  "rollout_crm_5.0s": {
    "xy_rmse_m": 0.5303605414146045,
    "yaw_rmse_rad": 0.0386715424006381,
    "errdist": 0.07410890769998676,
    "mean_dist_m": 7.1565019357949495,
    "episodes": 12
  },
  "rollout_crm_10.0s": {
    "xy_rmse_m": 2.786633565727412,
    "yaw_rmse_rad": 0.100893345476778,
    "errdist": 0.11130149616986232,
    "mean_dist_m": 25.036802393694717,
    "episodes": 12
  },
  "rollout_sel": 0.14016289984528849
}
{
  "epoch": 46,
  "timestamp_utc": "2026-07-10T05:51:37.624622+00:00",
  "train_loss": 0.020069982909131794,
  "val_loss": 0.002929403509442636,
  "val_rmse": {
    "vel_body_x_mps": 0.0008355403989665213,
    "vel_body_y_mps": 0.0007949989723309818,
    "roll_rad": 1.6710344443535466e-05,
    "pitch_rad": 7.791177552250262e-06,
    "roll_rate_radps": 0.0014050794796415837,
    "ang_vel_body_y_radps": 0.0006665285145531478,
    "yaw_rate_radps": 0.0013217020117641766,
    "tire_fl_force_wheel_fz_n": 39.337167609792075,
    "tire_fr_force_wheel_fz_n": 38.12043040259256,
    "tire_rl_force_wheel_fz_n": 23.941288997881486,
    "tire_rr_force_wheel_fz_n": 23.06259876664265,
    "tire_fl_spindle_omega_radps": 0.051986601071532815,
    "tire_fr_spindle_omega_radps": 0.05106888453954003,
    "tire_rl_spindle_omega_radps": 0.048040528772473175,
    "tire_rr_spindle_omega_radps": 0.045000340086294596
  },
  "val_flat_loss": 0.002929403509442636,
  "val_flat_rmse": {
    "vel_body_x_mps": 0.0008355403989665213,
    "vel_body_y_mps": 0.0007949989723309818,
    "roll_rad": 1.6710344443535466e-05,
    "pitch_rad": 7.791177552250262e-06,
    "roll_rate_radps": 0.0014050794796415837,
    "ang_vel_body_y_radps": 0.0006665285145531478,
    "yaw_rate_radps": 0.0013217020117641766,
    "tire_fl_force_wheel_fz_n": 39.337167609792075,
    "tire_fr_force_wheel_fz_n": 38.12043040259256,
    "tire_rl_force_wheel_fz_n": 23.941288997881486,
    "tire_rr_force_wheel_fz_n": 23.06259876664265,
    "tire_fl_spindle_omega_radps": 0.051986601071532815,
    "tire_fr_spindle_omega_radps": 0.05106888453954003,
    "tire_rl_spindle_omega_radps": 0.048040528772473175,
    "tire_rr_spindle_omega_radps": 0.045000340086294596
  },
  "val_crm_loss": 0.09025227223522961,
  "val_crm_rmse": {
    "vel_body_x_mps": 0.0029533776322132835,
    "vel_body_y_mps": 0.0024085725901245884,
    "roll_rad": 5.0158579295465563e-05,
    "pitch_rad": 3.264846651565874e-05,
    "roll_rate_radps": 0.0036996429154040715,
    "ang_vel_body_y_radps": 0.0025523403794316633,
    "yaw_rate_radps": 0.002340054238714244,
    "tire_fl_force_wheel_fz_n": 621.124493995379,
    "tire_fr_force_wheel_fz_n": 616.9802079736837,
    "tire_rl_force_wheel_fz_n": 946.3565325327874,
    "tire_rr_force_wheel_fz_n": 977.8895486540187,
    "tire_fl_spindle_omega_radps": 0.13345264392840997,
    "tire_fr_spindle_omega_radps": 0.1333046911143494,
    "tire_rl_spindle_omega_radps": 0.15633621692138538,
    "tire_rr_spindle_omega_radps": 0.15671184958029757
  },
  "val_mixed_loss": 0.04659083787233612,
  "rollout_flat_5.0s": {
    "xy_rmse_m": 1.1036011310409597,
    "yaw_rmse_rad": 0.09624921615186453,
    "errdist": 0.14536041618659065,
    "mean_dist_m": 7.592170963684718,
    "episodes": 12
  },
  "rollout_flat_10.0s": {
    "xy_rmse_m": 7.972309206935157,
    "yaw_rmse_rad": 0.19582743454902785,
    "errdist": 0.2263760212963015,
    "mean_dist_m": 35.2171098391215,
    "episodes": 12
  },
  "rollout_crm_5.0s": {
    "xy_rmse_m": 0.7277992066563908,
    "yaw_rmse_rad": 0.04842838683589171,
    "errdist": 0.10169761891855707,
    "mean_dist_m": 7.1565019357949495,
    "episodes": 12
  },
  "rollout_crm_10.0s": {
    "xy_rmse_m": 1.8720456910256271,
    "yaw_rmse_rad": 0.1273440258339077,
    "errdist": 0.07477175645629108,
    "mean_dist_m": 25.036802393694717,
    "episodes": 12
  },
  "rollout_sel": 0.1505738888762963
}
{
  "epoch": 47,
  "timestamp_utc": "2026-07-10T05:52:27.130652+00:00",
  "train_loss": 0.019868264113087206,
  "val_loss": 0.0029787751656294857,
  "val_rmse": {
    "vel_body_x_mps": 0.0007797724874773184,
    "vel_body_y_mps": 0.0006783906714121731,
    "roll_rad": 1.4083152163149159e-05,
    "pitch_rad": 7.77401498632899e-06,
    "roll_rate_radps": 0.001382969809144109,
    "ang_vel_body_y_radps": 0.0007082960813251068,
    "yaw_rate_radps": 0.00131331274151898,
    "tire_fl_force_wheel_fz_n": 39.478859874583435,
    "tire_fr_force_wheel_fz_n": 38.743979778737625,
    "tire_rl_force_wheel_fz_n": 24.10707437897296,
    "tire_rr_force_wheel_fz_n": 21.977930963343933,
    "tire_fl_spindle_omega_radps": 0.053344941030398614,
    "tire_fr_spindle_omega_radps": 0.05305959714436348,
    "tire_rl_spindle_omega_radps": 0.053390841802635806,
    "tire_rr_spindle_omega_radps": 0.049262433756827484
  },
  "val_flat_loss": 0.0029787751656294857,
  "val_flat_rmse": {
    "vel_body_x_mps": 0.0007797724874773184,
    "vel_body_y_mps": 0.0006783906714121731,
    "roll_rad": 1.4083152163149159e-05,
    "pitch_rad": 7.77401498632899e-06,
    "roll_rate_radps": 0.001382969809144109,
    "ang_vel_body_y_radps": 0.0007082960813251068,
    "yaw_rate_radps": 0.00131331274151898,
    "tire_fl_force_wheel_fz_n": 39.478859874583435,
    "tire_fr_force_wheel_fz_n": 38.743979778737625,
    "tire_rl_force_wheel_fz_n": 24.10707437897296,
    "tire_rr_force_wheel_fz_n": 21.977930963343933,
    "tire_fl_spindle_omega_radps": 0.053344941030398614,
    "tire_fr_spindle_omega_radps": 0.05305959714436348,
    "tire_rl_spindle_omega_radps": 0.053390841802635806,
    "tire_rr_spindle_omega_radps": 0.049262433756827484
  },
  "val_crm_loss": 0.09034782219736372,
  "val_crm_rmse": {
    "vel_body_x_mps": 0.0029310803331845637,
    "vel_body_y_mps": 0.0024172825458107826,
    "roll_rad": 4.5456866771264795e-05,
    "pitch_rad": 3.1951361752439784e-05,
    "roll_rate_radps": 0.0036325111229428995,
    "ang_vel_body_y_radps": 0.002558586627198044,
    "yaw_rate_radps": 0.002341670457737703,
    "tire_fl_force_wheel_fz_n": 625.7936751790025,
    "tire_fr_force_wheel_fz_n": 620.2451346705749,
    "tire_rl_force_wheel_fz_n": 947.6140970948773,
    "tire_rr_force_wheel_fz_n": 978.9111440950334,
    "tire_fl_spindle_omega_radps": 0.13264217234829037,
    "tire_fr_spindle_omega_radps": 0.1330814881184089,
    "tire_rl_spindle_omega_radps": 0.1557341582853412,
    "tire_rr_spindle_omega_radps": 0.15686979169481405
  },
  "val_mixed_loss": 0.0466632986814966,
  "rollout_flat_5.0s": {
    "xy_rmse_m": 1.9795471279735903,
    "yaw_rmse_rad": 0.12696038361852785,
    "errdist": 0.26073532029801055,
    "mean_dist_m": 7.592170963684718,
    "episodes": 12
  },
  "rollout_flat_10.0s": {
    "xy_rmse_m": 8.846361542963757,
    "yaw_rmse_rad": 0.4032858539852051,
    "errdist": 0.25119498969039855,
    "mean_dist_m": 35.2171098391215,
    "episodes": 12
  },
  "rollout_crm_5.0s": {
    "xy_rmse_m": 0.5929124863426497,
    "yaw_rmse_rad": 0.0568019702547457,
    "errdist": 0.08284948312206228,
    "mean_dist_m": 7.1565019357949495,
    "episodes": 12
  },
  "rollout_crm_10.0s": {
    "xy_rmse_m": 2.9590492594807403,
    "yaw_rmse_rad": 0.12345509677315443,
    "errdist": 0.11818798634708835,
    "mean_dist_m": 25.036802393694717,
    "episodes": 12
  },
  "rollout_sel": 0.18469148801874347
}
{
  "epoch": 48,
  "timestamp_utc": "2026-07-10T05:53:16.584064+00:00",
  "train_loss": 0.0195874665863812,
  "val_loss": 0.0028343203469194124,
  "val_rmse": {
    "vel_body_x_mps": 0.0008473390047727009,
    "vel_body_y_mps": 0.0006956634352199014,
    "roll_rad": 1.643971349002254e-05,
    "pitch_rad": 8.241955092272517e-06,
    "roll_rate_radps": 0.0013787607349718231,
    "ang_vel_body_y_radps": 0.0007012953030369186,
    "yaw_rate_radps": 0.0012783497677917293,
    "tire_fl_force_wheel_fz_n": 38.14485545837162,
    "tire_fr_force_wheel_fz_n": 37.82040866000364,
    "tire_rl_force_wheel_fz_n": 23.531592371300277,
    "tire_rr_force_wheel_fz_n": 22.613984598544718,
    "tire_fl_spindle_omega_radps": 0.053103905494433855,
    "tire_fr_spindle_omega_radps": 0.052521296101576825,
    "tire_rl_spindle_omega_radps": 0.05050541674987801,
    "tire_rr_spindle_omega_radps": 0.046114969309477505
  },
  "val_flat_loss": 0.0028343203469194124,
  "val_flat_rmse": {
    "vel_body_x_mps": 0.0008473390047727009,
    "vel_body_y_mps": 0.0006956634352199014,
    "roll_rad": 1.643971349002254e-05,
    "pitch_rad": 8.241955092272517e-06,
    "roll_rate_radps": 0.0013787607349718231,
    "ang_vel_body_y_radps": 0.0007012953030369186,
    "yaw_rate_radps": 0.0012783497677917293,
    "tire_fl_force_wheel_fz_n": 38.14485545837162,
    "tire_fr_force_wheel_fz_n": 37.82040866000364,
    "tire_rl_force_wheel_fz_n": 23.531592371300277,
    "tire_rr_force_wheel_fz_n": 22.613984598544718,
    "tire_fl_spindle_omega_radps": 0.053103905494433855,
    "tire_fr_spindle_omega_radps": 0.052521296101576825,
    "tire_rl_spindle_omega_radps": 0.05050541674987801,
    "tire_rr_spindle_omega_radps": 0.046114969309477505
  },
  "val_crm_loss": 0.09148025212925859,
  "val_crm_rmse": {
    "vel_body_x_mps": 0.002931243544487995,
    "vel_body_y_mps": 0.002401105411660365,
    "roll_rad": 4.187062011834853e-05,
    "pitch_rad": 3.598942095439035e-05,
    "roll_rate_radps": 0.0037179666925966845,
    "ang_vel_body_y_radps": 0.0025720345934281416,
    "yaw_rate_radps": 0.0023329913701534187,
    "tire_fl_force_wheel_fz_n": 621.5835662849271,
    "tire_fr_force_wheel_fz_n": 606.7211165682261,
    "tire_rl_force_wheel_fz_n": 954.9074075088554,
    "tire_rr_force_wheel_fz_n": 1003.0582760079567,
    "tire_fl_spindle_omega_radps": 0.14096515481166802,
    "tire_fr_spindle_omega_radps": 0.14043912668367728,
    "tire_rl_spindle_omega_radps": 0.16258543436211598,
    "tire_rr_spindle_omega_radps": 0.1631605002761891
  },
  "val_mixed_loss": 0.047157286238089,
  "rollout_flat_5.0s": {
    "xy_rmse_m": 1.887245022033488,
    "yaw_rmse_rad": 0.09255650379176938,
    "errdist": 0.24857778243675757,
    "mean_dist_m": 7.592170963684718,
    "episodes": 12
  },
  "rollout_flat_10.0s": {
    "xy_rmse_m": 5.342296853863001,
    "yaw_rmse_rad": 0.14086785877510644,
    "errdist": 0.1516960613255215,
    "mean_dist_m": 35.2171098391215,
    "episodes": 12
  },
  "rollout_crm_5.0s": {
    "xy_rmse_m": 1.1456297885380555,
    "yaw_rmse_rad": 0.056752756978347384,
    "errdist": 0.16008236968509926,
    "mean_dist_m": 7.1565019357949495,
    "episodes": 12
  },
  "rollout_crm_10.0s": {
    "xy_rmse_m": 3.926746725468201,
    "yaw_rmse_rad": 0.1594060397464263,
    "errdist": 0.15683898701285892,
    "mean_dist_m": 25.036802393694717,
    "episodes": 12
  },
  "rollout_sel": 0.1542675241691902
}
{
  "epoch": 49,
  "timestamp_utc": "2026-07-10T05:54:06.329466+00:00",
  "train_loss": 0.019557945996988565,
  "val_loss": 0.0026195439625371366,
  "val_rmse": {
    "vel_body_x_mps": 0.000758150060229138,
    "vel_body_y_mps": 0.0006478724721925911,
    "roll_rad": 1.692453963097547e-05,
    "pitch_rad": 8.529200416511321e-06,
    "roll_rate_radps": 0.0013963442714878573,
    "ang_vel_body_y_radps": 0.0006920469548644509,
    "yaw_rate_radps": 0.0012730051037266067,
    "tire_fl_force_wheel_fz_n": 38.28607132450864,
    "tire_fr_force_wheel_fz_n": 38.72322235694137,
    "tire_rl_force_wheel_fz_n": 24.373981322985717,
    "tire_rr_force_wheel_fz_n": 21.72468166447322,
    "tire_fl_spindle_omega_radps": 0.051576686163566275,
    "tire_fr_spindle_omega_radps": 0.05076736842395074,
    "tire_rl_spindle_omega_radps": 0.0493568799290225,
    "tire_rr_spindle_omega_radps": 0.04628819415980622
  },
  "val_flat_loss": 0.0026195439625371366,
  "val_flat_rmse": {
    "vel_body_x_mps": 0.000758150060229138,
    "vel_body_y_mps": 0.0006478724721925911,
    "roll_rad": 1.692453963097547e-05,
    "pitch_rad": 8.529200416511321e-06,
    "roll_rate_radps": 0.0013963442714878573,
    "ang_vel_body_y_radps": 0.0006920469548644509,
    "yaw_rate_radps": 0.0012730051037266067,
    "tire_fl_force_wheel_fz_n": 38.28607132450864,
    "tire_fr_force_wheel_fz_n": 38.72322235694137,
    "tire_rl_force_wheel_fz_n": 24.373981322985717,
    "tire_rr_force_wheel_fz_n": 21.72468166447322,
    "tire_fl_spindle_omega_radps": 0.051576686163566275,
    "tire_fr_spindle_omega_radps": 0.05076736842395074,
    "tire_rl_spindle_omega_radps": 0.0493568799290225,
    "tire_rr_spindle_omega_radps": 0.04628819415980622
  },
  "val_crm_loss": 0.09049452378996647,
  "val_crm_rmse": {
    "vel_body_x_mps": 0.0029315645113307098,
    "vel_body_y_mps": 0.0023825021278536256,
    "roll_rad": 4.469029883523246e-05,
    "pitch_rad": 3.170858845879566e-05,
    "roll_rate_radps": 0.003652454263798764,
    "ang_vel_body_y_radps": 0.0025108354247716526,
    "yaw_rate_radps": 0.0023276166019012366,
    "tire_fl_force_wheel_fz_n": 618.414840699796,
    "tire_fr_force_wheel_fz_n": 612.73401201897,
    "tire_rl_force_wheel_fz_n": 948.7115689332728,
    "tire_rr_force_wheel_fz_n": 987.3722331354917,
    "tire_fl_spindle_omega_radps": 0.13394732419222144,
    "tire_fr_spindle_omega_radps": 0.13311256276246494,
    "tire_rl_spindle_omega_radps": 0.1564311246021184,
    "tire_rr_spindle_omega_radps": 0.15687884932189164
  },
  "val_mixed_loss": 0.046557033876251805,
  "rollout_flat_5.0s": {
    "xy_rmse_m": 0.7559612562597574,
    "yaw_rmse_rad": 0.059376299142218765,
    "errdist": 0.09957115822018657,
    "mean_dist_m": 7.592170963684718,
    "episodes": 12
  },
  "rollout_flat_10.0s": {
    "xy_rmse_m": 5.983401266002821,
    "yaw_rmse_rad": 0.15343598787491064,
    "errdist": 0.1699004061757522,
    "mean_dist_m": 35.2171098391215,
    "episodes": 12
  },
  "rollout_crm_5.0s": {
    "xy_rmse_m": 0.704322841092986,
    "yaw_rmse_rad": 0.029713859463072402,
    "errdist": 0.09841719423984888,
    "mean_dist_m": 7.1565019357949495,
    "episodes": 12
  },
  "rollout_crm_10.0s": {
    "xy_rmse_m": 2.318031753731224,
    "yaw_rmse_rad": 0.19090410337970426,
    "errdist": 0.0925849761994766,
    "mean_dist_m": 25.036802393694717,
    "episodes": 12
  },
  "rollout_sel": 0.1312426911876144
}
{
  "epoch": 50,
  "timestamp_utc": "2026-07-10T05:54:55.970214+00:00",
  "train_loss": 0.019277823535725474,
  "val_loss": 0.0025955989926114854,
  "val_rmse": {
    "vel_body_x_mps": 0.0007516051447882905,
    "vel_body_y_mps": 0.0006296951005778097,
    "roll_rad": 1.374245550503635e-05,
    "pitch_rad": 7.453553341991898e-06,
    "roll_rate_radps": 0.0013621321183958106,
    "ang_vel_body_y_radps": 0.0006493677452402842,
    "yaw_rate_radps": 0.0012572502052834742,
    "tire_fl_force_wheel_fz_n": 37.260231936242754,
    "tire_fr_force_wheel_fz_n": 37.622234529903,
    "tire_rl_force_wheel_fz_n": 23.438761405569753,
    "tire_rr_force_wheel_fz_n": 22.032000178990884,
    "tire_fl_spindle_omega_radps": 0.05032422619095792,
    "tire_fr_spindle_omega_radps": 0.04976166463450483,
    "tire_rl_spindle_omega_radps": 0.04727375847206156,
    "tire_rr_spindle_omega_radps": 0.045150823685794365
  },
  "val_flat_loss": 0.0025955989926114854,
  "val_flat_rmse": {
    "vel_body_x_mps": 0.0007516051447882905,
    "vel_body_y_mps": 0.0006296951005778097,
    "roll_rad": 1.374245550503635e-05,
    "pitch_rad": 7.453553341991898e-06,
    "roll_rate_radps": 0.0013621321183958106,
    "ang_vel_body_y_radps": 0.0006493677452402842,
    "yaw_rate_radps": 0.0012572502052834742,
    "tire_fl_force_wheel_fz_n": 37.260231936242754,
    "tire_fr_force_wheel_fz_n": 37.622234529903,
    "tire_rl_force_wheel_fz_n": 23.438761405569753,
    "tire_rr_force_wheel_fz_n": 22.032000178990884,
    "tire_fl_spindle_omega_radps": 0.05032422619095792,
    "tire_fr_spindle_omega_radps": 0.04976166463450483,
    "tire_rl_spindle_omega_radps": 0.04727375847206156,
    "tire_rr_spindle_omega_radps": 0.045150823685794365
  },
  "val_crm_loss": 0.09047243397391867,
  "val_crm_rmse": {
    "vel_body_x_mps": 0.0029274955051838423,
    "vel_body_y_mps": 0.002390230337290724,
    "roll_rad": 4.2636356419924576e-05,
    "pitch_rad": 2.9800911691936405e-05,
    "roll_rate_radps": 0.0036413643971551684,
    "ang_vel_body_y_radps": 0.002520090415122036,
    "yaw_rate_radps": 0.00231152035231579,
    "tire_fl_force_wheel_fz_n": 621.3580340429554,
    "tire_fr_force_wheel_fz_n": 609.7614398829392,
    "tire_rl_force_wheel_fz_n": 952.4200329861811,
    "tire_rr_force_wheel_fz_n": 990.5927790778518,
    "tire_fl_spindle_omega_radps": 0.1351731626391552,
    "tire_fr_spindle_omega_radps": 0.13474985339079354,
    "tire_rl_spindle_omega_radps": 0.15802079823414392,
    "tire_rr_spindle_omega_radps": 0.15888709218421204
  },
  "val_mixed_loss": 0.04653401648326508,
  "rollout_flat_5.0s": {
    "xy_rmse_m": 1.1040928776155001,
    "yaw_rmse_rad": 0.042201627428863304,
    "errdist": 0.14542518640539798,
    "mean_dist_m": 7.592170963684718,
    "episodes": 12
  },
  "rollout_flat_10.0s": {
    "xy_rmse_m": 5.014407310212159,
    "yaw_rmse_rad": 0.09454128280447957,
    "errdist": 0.14238554308172738,
    "mean_dist_m": 35.2171098391215,
    "episodes": 12
  },
  "rollout_crm_5.0s": {
    "xy_rmse_m": 0.7406514644857435,
    "yaw_rmse_rad": 0.05286576453347209,
    "errdist": 0.10349350438671702,
    "mean_dist_m": 7.1565019357949495,
    "episodes": 12
  },
  "rollout_crm_10.0s": {
    "xy_rmse_m": 3.5330208639015983,
    "yaw_rmse_rad": 0.1551200539128676,
    "errdist": 0.14111310255783127,
    "mean_dist_m": 25.036802393694717,
    "episodes": 12
  },
  "rollout_sel": 0.1417493228197793
}
{
  "epoch": 51,
  "timestamp_utc": "2026-07-10T05:55:45.407457+00:00",
  "train_loss": 0.019051259313244372,
  "val_loss": 0.002569046465032443,
  "val_rmse": {
    "vel_body_x_mps": 0.0007236901410967932,
    "vel_body_y_mps": 0.0006743076161673454,
    "roll_rad": 1.3075020197124253e-05,
    "pitch_rad": 7.329510442919462e-06,
    "roll_rate_radps": 0.001350906971413945,
    "ang_vel_body_y_radps": 0.0006529516097915169,
    "yaw_rate_radps": 0.0012721365322317772,
    "tire_fl_force_wheel_fz_n": 37.58437480601407,
    "tire_fr_force_wheel_fz_n": 37.46582351760522,
    "tire_rl_force_wheel_fz_n": 23.2248482448724,
    "tire_rr_force_wheel_fz_n": 22.10455015882302,
    "tire_fl_spindle_omega_radps": 0.05036430083077478,
    "tire_fr_spindle_omega_radps": 0.04963320938930818,
    "tire_rl_spindle_omega_radps": 0.04732226850962625,
    "tire_rr_spindle_omega_radps": 0.04428191612558278
  },
  "val_flat_loss": 0.002569046465032443,
  "val_flat_rmse": {
    "vel_body_x_mps": 0.0007236901410967932,
    "vel_body_y_mps": 0.0006743076161673454,
    "roll_rad": 1.3075020197124253e-05,
    "pitch_rad": 7.329510442919462e-06,
    "roll_rate_radps": 0.001350906971413945,
    "ang_vel_body_y_radps": 0.0006529516097915169,
    "yaw_rate_radps": 0.0012721365322317772,
    "tire_fl_force_wheel_fz_n": 37.58437480601407,
    "tire_fr_force_wheel_fz_n": 37.46582351760522,
    "tire_rl_force_wheel_fz_n": 23.2248482448724,
    "tire_rr_force_wheel_fz_n": 22.10455015882302,
    "tire_fl_spindle_omega_radps": 0.05036430083077478,
    "tire_fr_spindle_omega_radps": 0.04963320938930818,
    "tire_rl_spindle_omega_radps": 0.04732226850962625,
    "tire_rr_spindle_omega_radps": 0.04428191612558278
  },
  "val_crm_loss": 0.09088006619247607,
  "val_crm_rmse": {
    "vel_body_x_mps": 0.002929560666654044,
    "vel_body_y_mps": 0.00237588614484824,
    "roll_rad": 4.230964544597405e-05,
    "pitch_rad": 3.0068176915340986e-05,
    "roll_rate_radps": 0.0036658872942980356,
    "ang_vel_body_y_radps": 0.002511553946590524,
    "yaw_rate_radps": 0.0023236361391514066,
    "tire_fl_force_wheel_fz_n": 621.3292172676806,
    "tire_fr_force_wheel_fz_n": 611.0787406827807,
    "tire_rl_force_wheel_fz_n": 960.3458211250486,
    "tire_rr_force_wheel_fz_n": 994.430203805875,
    "tire_fl_spindle_omega_radps": 0.132509235411978,
    "tire_fr_spindle_omega_radps": 0.1324705249714194,
    "tire_rl_spindle_omega_radps": 0.15644005966517538,
    "tire_rr_spindle_omega_radps": 0.1570526930691747
  },
  "val_mixed_loss": 0.04672455632875426,
  "rollout_flat_5.0s": {
    "xy_rmse_m": 1.3298079219547534,
    "yaw_rmse_rad": 0.07476020856813897,
    "errdist": 0.17515516027175396,
    "mean_dist_m": 7.592170963684718,
    "episodes": 12
  },
  "rollout_flat_10.0s": {
    "xy_rmse_m": 4.789496530767004,
    "yaw_rmse_rad": 0.1350554785526638,
    "errdist": 0.13599913657441912,
    "mean_dist_m": 35.2171098391215,
    "episodes": 12
  },
  "rollout_crm_5.0s": {
    "xy_rmse_m": 0.7717060726916635,
    "yaw_rmse_rad": 0.03691609336675712,
    "errdist": 0.10783286018994723,
    "mean_dist_m": 7.1565019357949495,
    "episodes": 12
  },
  "rollout_crm_10.0s": {
    "xy_rmse_m": 2.369451533082488,
    "yaw_rmse_rad": 0.10460842613367256,
    "errdist": 0.09463874403063596,
    "mean_dist_m": 25.036802393694717,
    "episodes": 12
  },
  "rollout_sel": 0.11531894030252754
}
{
  "epoch": 52,
  "timestamp_utc": "2026-07-10T05:56:34.922957+00:00",
  "train_loss": 0.018827582808677107,
  "val_loss": 0.0026739672735129716,
  "val_rmse": {
    "vel_body_x_mps": 0.0007506815552985233,
    "vel_body_y_mps": 0.0006256677776184398,
    "roll_rad": 1.5241290473461002e-05,
    "pitch_rad": 6.898295078768887e-06,
    "roll_rate_radps": 0.0013818503554825082,
    "ang_vel_body_y_radps": 0.0007002622059231988,
    "yaw_rate_radps": 0.0012813008800559708,
    "tire_fl_force_wheel_fz_n": 37.7614656806122,
    "tire_fr_force_wheel_fz_n": 38.316946476330465,
    "tire_rl_force_wheel_fz_n": 23.543885610426347,
    "tire_rr_force_wheel_fz_n": 22.027069744713376,
    "tire_fl_spindle_omega_radps": 0.05230050322056788,
    "tire_fr_spindle_omega_radps": 0.05178786999372905,
    "tire_rl_spindle_omega_radps": 0.05030198505864526,
    "tire_rr_spindle_omega_radps": 0.0469266852425137
  },
  "val_flat_loss": 0.0026739672735129716,
  "val_flat_rmse": {
    "vel_body_x_mps": 0.0007506815552985233,
    "vel_body_y_mps": 0.0006256677776184398,
    "roll_rad": 1.5241290473461002e-05,
    "pitch_rad": 6.898295078768887e-06,
    "roll_rate_radps": 0.0013818503554825082,
    "ang_vel_body_y_radps": 0.0007002622059231988,
    "yaw_rate_radps": 0.0012813008800559708,
    "tire_fl_force_wheel_fz_n": 37.7614656806122,
    "tire_fr_force_wheel_fz_n": 38.316946476330465,
    "tire_rl_force_wheel_fz_n": 23.543885610426347,
    "tire_rr_force_wheel_fz_n": 22.027069744713376,
    "tire_fl_spindle_omega_radps": 0.05230050322056788,
    "tire_fr_spindle_omega_radps": 0.05178786999372905,
    "tire_rl_spindle_omega_radps": 0.05030198505864526,
    "tire_rr_spindle_omega_radps": 0.0469266852425137
  },
  "val_crm_loss": 0.09092223081563133,
  "val_crm_rmse": {
    "vel_body_x_mps": 0.0029199362035972364,
    "vel_body_y_mps": 0.0023872237320120442,
    "roll_rad": 4.114215819557138e-05,
    "pitch_rad": 3.2778575887427755e-05,
    "roll_rate_radps": 0.003597507134144226,
    "ang_vel_body_y_radps": 0.0025128770823967072,
    "yaw_rate_radps": 0.0023234555252582938,
    "tire_fl_force_wheel_fz_n": 617.9627934407932,
    "tire_fr_force_wheel_fz_n": 614.0349473820243,
    "tire_rl_force_wheel_fz_n": 961.1005845840195,
    "tire_rr_force_wheel_fz_n": 999.6988329188479,
    "tire_fl_spindle_omega_radps": 0.13324906802911263,
    "tire_fr_spindle_omega_radps": 0.13297023417289297,
    "tire_rl_spindle_omega_radps": 0.1563968439330815,
    "tire_rr_spindle_omega_radps": 0.15681110929487047
  },
  "val_mixed_loss": 0.046798099044572154,
  "rollout_flat_5.0s": {
    "xy_rmse_m": 1.022088290089903,
    "yaw_rmse_rad": 0.03715511188021944,
    "errdist": 0.1346239823864361,
    "mean_dist_m": 7.592170963684718,
    "episodes": 12
  },
  "rollout_flat_10.0s": {
    "xy_rmse_m": 3.524632555070029,
    "yaw_rmse_rad": 0.08385936793738423,
    "errdist": 0.10008295885639752,
    "mean_dist_m": 35.2171098391215,
    "episodes": 12
  },
  "rollout_crm_5.0s": {
    "xy_rmse_m": 0.8593681938133058,
    "yaw_rmse_rad": 0.04491913395963876,
    "errdist": 0.12008215766909403,
    "mean_dist_m": 7.1565019357949495,
    "episodes": 12
  },
  "rollout_crm_10.0s": {
    "xy_rmse_m": 3.680780241806968,
    "yaw_rmse_rad": 0.12708436652516578,
    "errdist": 0.14701478982531482,
    "mean_dist_m": 25.036802393694717,
    "episodes": 12
  },
  "rollout_sel": 0.12354887434085618
}
{
  "epoch": 53,
  "timestamp_utc": "2026-07-10T05:57:24.351352+00:00",
  "train_loss": 0.018635069988667964,
  "val_loss": 0.0025513425901590382,
  "val_rmse": {
    "vel_body_x_mps": 0.0007350464358034616,
    "vel_body_y_mps": 0.0006519975732644272,
    "roll_rad": 1.4375524256520629e-05,
    "pitch_rad": 7.182415033558601e-06,
    "roll_rate_radps": 0.0013669828084642835,
    "ang_vel_body_y_radps": 0.0006912085324036043,
    "yaw_rate_radps": 0.0012626868506134536,
    "tire_fl_force_wheel_fz_n": 36.83964577099175,
    "tire_fr_force_wheel_fz_n": 37.67550392623885,
    "tire_rl_force_wheel_fz_n": 22.770268344751265,
    "tire_rr_force_wheel_fz_n": 22.011902051079517,
    "tire_fl_spindle_omega_radps": 0.051314904071507565,
    "tire_fr_spindle_omega_radps": 0.05020249975084211,
    "tire_rl_spindle_omega_radps": 0.049691898180209,
    "tire_rr_spindle_omega_radps": 0.04611321311113702
  },
  "val_flat_loss": 0.0025513425901590382,
  "val_flat_rmse": {
    "vel_body_x_mps": 0.0007350464358034616,
    "vel_body_y_mps": 0.0006519975732644272,
    "roll_rad": 1.4375524256520629e-05,
    "pitch_rad": 7.182415033558601e-06,
    "roll_rate_radps": 0.0013669828084642835,
    "ang_vel_body_y_radps": 0.0006912085324036043,
    "yaw_rate_radps": 0.0012626868506134536,
    "tire_fl_force_wheel_fz_n": 36.83964577099175,
    "tire_fr_force_wheel_fz_n": 37.67550392623885,
    "tire_rl_force_wheel_fz_n": 22.770268344751265,
    "tire_rr_force_wheel_fz_n": 22.011902051079517,
    "tire_fl_spindle_omega_radps": 0.051314904071507565,
    "tire_fr_spindle_omega_radps": 0.05020249975084211,
    "tire_rl_spindle_omega_radps": 0.049691898180209,
    "tire_rr_spindle_omega_radps": 0.04611321311113702
  },
  "val_crm_loss": 0.09113576024479698,
  "val_crm_rmse": {
    "vel_body_x_mps": 0.0029391106587296,
    "vel_body_y_mps": 0.0023842873615593776,
    "roll_rad": 4.1368638727388256e-05,
    "pitch_rad": 2.958082853080743e-05,
    "roll_rate_radps": 0.0035746748712477423,
    "ang_vel_body_y_radps": 0.0024959988212154335,
    "yaw_rate_radps": 0.002324490529427692,
    "tire_fl_force_wheel_fz_n": 614.5155326162718,
    "tire_fr_force_wheel_fz_n": 612.4968377200335,
    "tire_rl_force_wheel_fz_n": 959.4533677199229,
    "tire_rr_force_wheel_fz_n": 995.3424824424688,
    "tire_fl_spindle_omega_radps": 0.13426983663194225,
    "tire_fr_spindle_omega_radps": 0.13365130377122378,
    "tire_rl_spindle_omega_radps": 0.15736925779137104,
    "tire_rr_spindle_omega_radps": 0.15776910923196868
  },
  "val_mixed_loss": 0.046843551417478015,
  "rollout_flat_5.0s": {
    "xy_rmse_m": 0.9981541080486307,
    "yaw_rmse_rad": 0.07360597758743252,
    "errdist": 0.1314715004210331,
    "mean_dist_m": 7.592170963684718,
    "episodes": 12
  },
  "rollout_flat_10.0s": {
    "xy_rmse_m": 5.981647003189693,
    "yaw_rmse_rad": 0.16790168640267425,
    "errdist": 0.1698505933767706,
    "mean_dist_m": 35.2171098391215,
    "episodes": 12
  },
  "rollout_crm_5.0s": {
    "xy_rmse_m": 0.7506290885227395,
    "yaw_rmse_rad": 0.06341225842252475,
    "errdist": 0.10488770844430143,
    "mean_dist_m": 7.1565019357949495,
    "episodes": 12
  },
  "rollout_crm_10.0s": {
    "xy_rmse_m": 3.1535203742417544,
    "yaw_rmse_rad": 0.16416811238255813,
    "errdist": 0.12595539656597438,
    "mean_dist_m": 25.036802393694717,
    "episodes": 12
  },
  "rollout_sel": 0.1479029949713725
}
{
  "epoch": 54,
  "timestamp_utc": "2026-07-10T05:58:13.892427+00:00",
  "train_loss": 0.01849750052555464,
  "val_loss": 0.002613058065671794,
  "val_rmse": {
    "vel_body_x_mps": 0.0008037657826303734,
    "vel_body_y_mps": 0.0006327840169122578,
    "roll_rad": 1.2987390756755669e-05,
    "pitch_rad": 7.324694368761793e-06,
    "roll_rate_radps": 0.0013553201727550912,
    "ang_vel_body_y_radps": 0.0006632209303838625,
    "yaw_rate_radps": 0.0012674415423019794,
    "tire_fl_force_wheel_fz_n": 37.07918209158911,
    "tire_fr_force_wheel_fz_n": 38.22252289421977,
    "tire_rl_force_wheel_fz_n": 23.309897119065127,
    "tire_rr_force_wheel_fz_n": 22.029311118227426,
    "tire_fl_spindle_omega_radps": 0.05067456801944657,
    "tire_fr_spindle_omega_radps": 0.04964955342121193,
    "tire_rl_spindle_omega_radps": 0.04799785918014002,
    "tire_rr_spindle_omega_radps": 0.044659378329321965
  },
  "val_flat_loss": 0.002613058065671794,
  "val_flat_rmse": {
    "vel_body_x_mps": 0.0008037657826303734,
    "vel_body_y_mps": 0.0006327840169122578,
    "roll_rad": 1.2987390756755669e-05,
    "pitch_rad": 7.324694368761793e-06,
    "roll_rate_radps": 0.0013553201727550912,
    "ang_vel_body_y_radps": 0.0006632209303838625,
    "yaw_rate_radps": 0.0012674415423019794,
    "tire_fl_force_wheel_fz_n": 37.07918209158911,
    "tire_fr_force_wheel_fz_n": 38.22252289421977,
    "tire_rl_force_wheel_fz_n": 23.309897119065127,
    "tire_rr_force_wheel_fz_n": 22.029311118227426,
    "tire_fl_spindle_omega_radps": 0.05067456801944657,
    "tire_fr_spindle_omega_radps": 0.04964955342121193,
    "tire_rl_spindle_omega_radps": 0.04799785918014002,
    "tire_rr_spindle_omega_radps": 0.044659378329321965
  },
  "val_crm_loss": 0.09083765942777973,
  "val_crm_rmse": {
    "vel_body_x_mps": 0.0029459611375579745,
    "vel_body_y_mps": 0.0023601444670355047,
    "roll_rad": 4.0400348981926927e-05,
    "pitch_rad": 3.2726856637678197e-05,
    "roll_rate_radps": 0.0035868129463416973,
    "ang_vel_body_y_radps": 0.0025009370265119285,
    "yaw_rate_radps": 0.002305029522816804,
    "tire_fl_force_wheel_fz_n": 620.4802872593467,
    "tire_fr_force_wheel_fz_n": 612.9642283968857,
    "tire_rl_force_wheel_fz_n": 960.1326169691189,
    "tire_rr_force_wheel_fz_n": 996.1087920109658,
    "tire_fl_spindle_omega_radps": 0.13307507022255197,
    "tire_fr_spindle_omega_radps": 0.13271845160404452,
    "tire_rl_spindle_omega_radps": 0.1561695754175716,
    "tire_rr_spindle_omega_radps": 0.1570649268623695
  },
  "val_mixed_loss": 0.04672535874672576,
  "rollout_flat_5.0s": {
    "xy_rmse_m": 1.4931689644652613,
    "yaw_rmse_rad": 0.057113549187130894,
    "errdist": 0.19667219977098352,
    "mean_dist_m": 7.592170963684718,
    "episodes": 12
  },
  "rollout_flat_10.0s": {
    "xy_rmse_m": 4.134388441552696,
    "yaw_rmse_rad": 0.10182646380178662,
    "errdist": 0.11739715327121886,
    "mean_dist_m": 35.2171098391215,
    "episodes": 12
  },
  "rollout_crm_5.0s": {
    "xy_rmse_m": 0.8399841690842357,
    "yaw_rmse_rad": 0.05721881544134851,
    "errdist": 0.1173735683466883,
    "mean_dist_m": 7.1565019357949495,
    "episodes": 12
  },
  "rollout_crm_10.0s": {
    "xy_rmse_m": 2.4153314243779054,
    "yaw_rmse_rad": 0.13729071314717076,
    "errdist": 0.09647124206988125,
    "mean_dist_m": 25.036802393694717,
    "episodes": 12
  },
  "rollout_sel": 0.10693419767055005
}
{
  "epoch": 55,
  "timestamp_utc": "2026-07-10T05:59:03.565085+00:00",
  "train_loss": 0.018130581438075753,
  "val_loss": 0.0023832264751581533,
  "val_rmse": {
    "vel_body_x_mps": 0.0007076664969813593,
    "vel_body_y_mps": 0.0006148472507126628,
    "roll_rad": 1.3284206163786973e-05,
    "pitch_rad": 6.874992784733546e-06,
    "roll_rate_radps": 0.0013643272588120747,
    "ang_vel_body_y_radps": 0.0005963417064280457,
    "yaw_rate_radps": 0.0012558011547742162,
    "tire_fl_force_wheel_fz_n": 37.644942760112414,
    "tire_fr_force_wheel_fz_n": 36.91132929799527,
    "tire_rl_force_wheel_fz_n": 23.16667399298829,
    "tire_rr_force_wheel_fz_n": 21.875415277735403,
    "tire_fl_spindle_omega_radps": 0.04677239936579414,
    "tire_fr_spindle_omega_radps": 0.045225273728444405,
    "tire_rl_spindle_omega_radps": 0.043484586307247386,
    "tire_rr_spindle_omega_radps": 0.04091016739286015
  },
  "val_flat_loss": 0.0023832264751581533,
  "val_flat_rmse": {
    "vel_body_x_mps": 0.0007076664969813593,
    "vel_body_y_mps": 0.0006148472507126628,
    "roll_rad": 1.3284206163786973e-05,
    "pitch_rad": 6.874992784733546e-06,
    "roll_rate_radps": 0.0013643272588120747,
    "ang_vel_body_y_radps": 0.0005963417064280457,
    "yaw_rate_radps": 0.0012558011547742162,
    "tire_fl_force_wheel_fz_n": 37.644942760112414,
    "tire_fr_force_wheel_fz_n": 36.91132929799527,
    "tire_rl_force_wheel_fz_n": 23.16667399298829,
    "tire_rr_force_wheel_fz_n": 21.875415277735403,
    "tire_fl_spindle_omega_radps": 0.04677239936579414,
    "tire_fr_spindle_omega_radps": 0.045225273728444405,
    "tire_rl_spindle_omega_radps": 0.043484586307247386,
    "tire_rr_spindle_omega_radps": 0.04091016739286015
  },
  "val_crm_loss": 0.09152781223470811,
  "val_crm_rmse": {
    "vel_body_x_mps": 0.0029105967272238355,
    "vel_body_y_mps": 0.002357288836530447,
    "roll_rad": 3.998217109313762e-05,
    "pitch_rad": 2.9966148560814984e-05,
    "roll_rate_radps": 0.003549621312045346,
    "ang_vel_body_y_radps": 0.002481551105996149,
    "yaw_rate_radps": 0.0023016015246101564,
    "tire_fl_force_wheel_fz_n": 618.5173558812778,
    "tire_fr_force_wheel_fz_n": 612.6807548517602,
    "tire_rl_force_wheel_fz_n": 970.7836235875035,
    "tire_rr_force_wheel_fz_n": 1005.2064563296447,
    "tire_fl_spindle_omega_radps": 0.1308920527011397,
    "tire_fr_spindle_omega_radps": 0.1311712989015939,
    "tire_rl_spindle_omega_radps": 0.1550569493022345,
    "tire_rr_spindle_omega_radps": 0.15587358783463573
  },
  "val_mixed_loss": 0.04695551935493313,
  "rollout_flat_5.0s": {
    "xy_rmse_m": 1.1277245571482974,
    "yaw_rmse_rad": 0.10112132676529821,
    "errdist": 0.1485378243643999,
    "mean_dist_m": 7.592170963684718,
    "episodes": 12
  },
  "rollout_flat_10.0s": {
    "xy_rmse_m": 5.1391893812881415,
    "yaw_rmse_rad": 0.2554736191949517,
    "errdist": 0.1459287660107528,
    "mean_dist_m": 35.2171098391215,
    "episodes": 12
  },
  "rollout_crm_5.0s": {
    "xy_rmse_m": 0.7759831307542315,
    "yaw_rmse_rad": 0.03646694790586157,
    "errdist": 0.1084305066519953,
    "mean_dist_m": 7.1565019357949495,
    "episodes": 12
  },
  "rollout_crm_10.0s": {
    "xy_rmse_m": 2.0492201395208234,
    "yaw_rmse_rad": 0.11127039888434395,
    "errdist": 0.0818483170213821,
    "mean_dist_m": 25.036802393694717,
    "episodes": 12
  },
  "rollout_sel": 0.11388854151606745
}
{
  "epoch": 56,
  "timestamp_utc": "2026-07-10T05:59:53.095501+00:00",
  "train_loss": 0.01806492204638198,
  "val_loss": 0.0024871236885701366,
  "val_rmse": {
    "vel_body_x_mps": 0.0007041273974529441,
    "vel_body_y_mps": 0.0006066344011569315,
    "roll_rad": 1.2086571122470908e-05,
    "pitch_rad": 6.97640841339231e-06,
    "roll_rate_radps": 0.0013259859478559966,
    "ang_vel_body_y_radps": 0.0006369001450799385,
    "yaw_rate_radps": 0.0012562851025297243,
    "tire_fl_force_wheel_fz_n": 36.587943739850715,
    "tire_fr_force_wheel_fz_n": 37.40137277464112,
    "tire_rl_force_wheel_fz_n": 23.403316102461872,
    "tire_rr_force_wheel_fz_n": 21.706436269121824,
    "tire_fl_spindle_omega_radps": 0.05008754322459486,
    "tire_fr_spindle_omega_radps": 0.049674340127798144,
    "tire_rl_spindle_omega_radps": 0.046279385391514355,
    "tire_rr_spindle_omega_radps": 0.04280698862110453
  },
  "val_flat_loss": 0.0024871236885701366,
  "val_flat_rmse": {
    "vel_body_x_mps": 0.0007041273974529441,
    "vel_body_y_mps": 0.0006066344011569315,
    "roll_rad": 1.2086571122470908e-05,
    "pitch_rad": 6.97640841339231e-06,
    "roll_rate_radps": 0.0013259859478559966,
    "ang_vel_body_y_radps": 0.0006369001450799385,
    "yaw_rate_radps": 0.0012562851025297243,
    "tire_fl_force_wheel_fz_n": 36.587943739850715,
    "tire_fr_force_wheel_fz_n": 37.40137277464112,
    "tire_rl_force_wheel_fz_n": 23.403316102461872,
    "tire_rr_force_wheel_fz_n": 21.706436269121824,
    "tire_fl_spindle_omega_radps": 0.05008754322459486,
    "tire_fr_spindle_omega_radps": 0.049674340127798144,
    "tire_rl_spindle_omega_radps": 0.046279385391514355,
    "tire_rr_spindle_omega_radps": 0.04280698862110453
  },
  "val_crm_loss": 0.09217944587988314,
  "val_crm_rmse": {
    "vel_body_x_mps": 0.0029239745200297963,
    "vel_body_y_mps": 0.002371497684054113,
    "roll_rad": 4.101654293019417e-05,
    "pitch_rad": 3.0078139199123015e-05,
    "roll_rate_radps": 0.0035843725725191195,
    "ang_vel_body_y_radps": 0.002506111439804678,
    "yaw_rate_radps": 0.0023314515626150123,
    "tire_fl_force_wheel_fz_n": 618.0957518753289,
    "tire_fr_force_wheel_fz_n": 608.5928334877566,
    "tire_rl_force_wheel_fz_n": 973.3342584904842,
    "tire_rr_force_wheel_fz_n": 1012.0308005195575,
    "tire_fl_spindle_omega_radps": 0.1328131623670158,
    "tire_fr_spindle_omega_radps": 0.13313479554780278,
    "tire_rl_spindle_omega_radps": 0.15674794948884202,
    "tire_rr_spindle_omega_radps": 0.1581831417342298
  },
  "val_mixed_loss": 0.04733328478422664,
  "rollout_flat_5.0s": {
    "xy_rmse_m": 2.1930531101107142,
    "yaw_rmse_rad": 0.10162286935765732,
    "errdist": 0.2888571820366855,
    "mean_dist_m": 7.592170963684718,
    "episodes": 12
  },
  "rollout_flat_10.0s": {
    "xy_rmse_m": 6.622100428173114,
    "yaw_rmse_rad": 0.18353464048910642,
    "errdist": 0.188036453258775,
    "mean_dist_m": 35.2171098391215,
    "episodes": 12
  },
  "rollout_crm_5.0s": {
    "xy_rmse_m": 1.5533988259933944,
    "yaw_rmse_rad": 0.09516754573233274,
    "errdist": 0.21706118994025558,
    "mean_dist_m": 7.1565019357949495,
    "episodes": 12
  },
  "rollout_crm_10.0s": {
    "xy_rmse_m": 5.472630434115591,
    "yaw_rmse_rad": 0.22725078289951867,
    "errdist": 0.218583441609693,
    "mean_dist_m": 25.036802393694717,
    "episodes": 12
  },
  "rollout_sel": 0.203309947434234
}
{
  "epoch": 57,
  "timestamp_utc": "2026-07-10T06:00:42.793164+00:00",
  "train_loss": 0.017779083525761963,
  "val_loss": 0.002505292228051985,
  "val_rmse": {
    "vel_body_x_mps": 0.000699623281367748,
    "vel_body_y_mps": 0.0006347434782978589,
    "roll_rad": 1.3022683772648692e-05,
    "pitch_rad": 7.08904871885479e-06,
    "roll_rate_radps": 0.0013552367063085888,
    "ang_vel_body_y_radps": 0.0006532211440466571,
    "yaw_rate_radps": 0.001263618298405594,
    "tire_fl_force_wheel_fz_n": 36.726572574304925,
    "tire_fr_force_wheel_fz_n": 40.39008337617671,
    "tire_rl_force_wheel_fz_n": 23.249550495314455,
    "tire_rr_force_wheel_fz_n": 21.863978455457705,
    "tire_fl_spindle_omega_radps": 0.05109181331918849,
    "tire_fr_spindle_omega_radps": 0.05068116182353889,
    "tire_rl_spindle_omega_radps": 0.05013006171121997,
    "tire_rr_spindle_omega_radps": 0.04429068840104587
  },
  "val_flat_loss": 0.002505292228051985,
  "val_flat_rmse": {
    "vel_body_x_mps": 0.000699623281367748,
    "vel_body_y_mps": 0.0006347434782978589,
    "roll_rad": 1.3022683772648692e-05,
    "pitch_rad": 7.08904871885479e-06,
    "roll_rate_radps": 0.0013552367063085888,
    "ang_vel_body_y_radps": 0.0006532211440466571,
    "yaw_rate_radps": 0.001263618298405594,
    "tire_fl_force_wheel_fz_n": 36.726572574304925,
    "tire_fr_force_wheel_fz_n": 40.39008337617671,
    "tire_rl_force_wheel_fz_n": 23.249550495314455,
    "tire_rr_force_wheel_fz_n": 21.863978455457705,
    "tire_fl_spindle_omega_radps": 0.05109181331918849,
    "tire_fr_spindle_omega_radps": 0.05068116182353889,
    "tire_rl_spindle_omega_radps": 0.05013006171121997,
    "tire_rr_spindle_omega_radps": 0.04429068840104587
  },
  "val_crm_loss": 0.09165754260495305,
  "val_crm_rmse": {
    "vel_body_x_mps": 0.0028989817789047538,
    "vel_body_y_mps": 0.0023632779221502294,
    "roll_rad": 3.9459679859982414e-05,
    "pitch_rad": 3.0233510835167346e-05,
    "roll_rate_radps": 0.0035461552031538263,
    "ang_vel_body_y_radps": 0.002458125251132481,
    "yaw_rate_radps": 0.0023207789864599705,
    "tire_fl_force_wheel_fz_n": 613.6301500336123,
    "tire_fr_force_wheel_fz_n": 614.8553907331966,
    "tire_rl_force_wheel_fz_n": 975.1939135054055,
    "tire_rr_force_wheel_fz_n": 1007.2494505864905,
    "tire_fl_spindle_omega_radps": 0.13112889858053184,
    "tire_fr_spindle_omega_radps": 0.13131807423595665,
    "tire_rl_spindle_omega_radps": 0.15564917772031414,
    "tire_rr_spindle_omega_radps": 0.15617022540304765
  },
  "val_mixed_loss": 0.04708141741650252,
  "rollout_flat_5.0s": {
    "xy_rmse_m": 0.7778078784756796,
    "yaw_rmse_rad": 0.05005028884120692,
    "errdist": 0.10244867801267019,
    "mean_dist_m": 7.592170963684718,
    "episodes": 12
  },
  "rollout_flat_10.0s": {
    "xy_rmse_m": 3.0018948598058217,
    "yaw_rmse_rad": 0.09961246690127672,
    "errdist": 0.08523967110075337,
    "mean_dist_m": 35.2171098391215,
    "episodes": 12
  },
  "rollout_crm_5.0s": {
    "xy_rmse_m": 0.6982511644190935,
    "yaw_rmse_rad": 0.0378217063404129,
    "errdist": 0.09756878020623791,
    "mean_dist_m": 7.1565019357949495,
    "episodes": 12
  },
  "rollout_crm_10.0s": {
    "xy_rmse_m": 2.657381555663617,
    "yaw_rmse_rad": 0.1052806019394607,
    "errdist": 0.10613901543325091,
    "mean_dist_m": 25.036802393694717,
    "episodes": 12
  },
  "rollout_sel": 0.09568934326700214
}
{
  "epoch": 58,
  "timestamp_utc": "2026-07-10T06:01:32.355235+00:00",
  "train_loss": 0.017627428037580103,
  "val_loss": 0.002368305442196288,
  "val_rmse": {
    "vel_body_x_mps": 0.0006816515316304771,
    "vel_body_y_mps": 0.000662783762899274,
    "roll_rad": 1.1865088212137917e-05,
    "pitch_rad": 6.972490119355788e-06,
    "roll_rate_radps": 0.0013250352803867477,
    "ang_vel_body_y_radps": 0.0006045816060213527,
    "yaw_rate_radps": 0.0012572827540085615,
    "tire_fl_force_wheel_fz_n": 36.675260325185945,
    "tire_fr_force_wheel_fz_n": 37.15824920935361,
    "tire_rl_force_wheel_fz_n": 23.254380413176488,
    "tire_rr_force_wheel_fz_n": 21.90318239226015,
    "tire_fl_spindle_omega_radps": 0.0467410247053188,
    "tire_fr_spindle_omega_radps": 0.045204974985594,
    "tire_rl_spindle_omega_radps": 0.04370785394537002,
    "tire_rr_spindle_omega_radps": 0.04153909159992575
  },
  "val_flat_loss": 0.002368305442196288,
  "val_flat_rmse": {
    "vel_body_x_mps": 0.0006816515316304771,
    "vel_body_y_mps": 0.000662783762899274,
    "roll_rad": 1.1865088212137917e-05,
    "pitch_rad": 6.972490119355788e-06,
    "roll_rate_radps": 0.0013250352803867477,
    "ang_vel_body_y_radps": 0.0006045816060213527,
    "yaw_rate_radps": 0.0012572827540085615,
    "tire_fl_force_wheel_fz_n": 36.675260325185945,
    "tire_fr_force_wheel_fz_n": 37.15824920935361,
    "tire_rl_force_wheel_fz_n": 23.254380413176488,
    "tire_rr_force_wheel_fz_n": 21.90318239226015,
    "tire_fl_spindle_omega_radps": 0.0467410247053188,
    "tire_fr_spindle_omega_radps": 0.045204974985594,
    "tire_rl_spindle_omega_radps": 0.04370785394537002,
    "tire_rr_spindle_omega_radps": 0.04153909159992575
  },
  "val_crm_loss": 0.09214075167663395,
  "val_crm_rmse": {
    "vel_body_x_mps": 0.0029072495038752004,
    "vel_body_y_mps": 0.002359657621533168,
    "roll_rad": 4.0260086212556846e-05,
    "pitch_rad": 2.7565997766514726e-05,
    "roll_rate_radps": 0.0035551051447371682,
    "ang_vel_body_y_radps": 0.002447543654246203,
    "yaw_rate_radps": 0.002310274964069434,
    "tire_fl_force_wheel_fz_n": 619.9122107843899,
    "tire_fr_force_wheel_fz_n": 614.0336848439562,
    "tire_rl_force_wheel_fz_n": 972.4236205979,
    "tire_rr_force_wheel_fz_n": 1015.6948133257516,
    "tire_fl_spindle_omega_radps": 0.1309978766440246,
    "tire_fr_spindle_omega_radps": 0.1309221991539592,
    "tire_rl_spindle_omega_radps": 0.15543587461134267,
    "tire_rr_spindle_omega_radps": 0.1564422876775245
  },
  "val_mixed_loss": 0.04725452855941512,
  "rollout_flat_5.0s": {
    "xy_rmse_m": 1.564122119114071,
    "yaw_rmse_rad": 0.117711631257843,
    "errdist": 0.20601776838214844,
    "mean_dist_m": 7.592170963684718,
    "episodes": 12
  },
  "rollout_flat_10.0s": {
    "xy_rmse_m": 8.111362151379138,
    "yaw_rmse_rad": 0.4122552083894472,
    "errdist": 0.23032446979418225,
    "mean_dist_m": 35.2171098391215,
    "episodes": 12
  },
  "rollout_crm_5.0s": {
    "xy_rmse_m": 0.5052927203308842,
    "yaw_rmse_rad": 0.03011759936862916,
    "errdist": 0.07060610405253191,
    "mean_dist_m": 7.1565019357949495,
    "episodes": 12
  },
  "rollout_crm_10.0s": {
    "xy_rmse_m": 1.6162769991770112,
    "yaw_rmse_rad": 0.08236972574512177,
    "errdist": 0.06455604728437907,
    "mean_dist_m": 25.036802393694717,
    "episodes": 12
  },
  "rollout_sel": 0.14744025853928067
}
{
  "epoch": 59,
  "timestamp_utc": "2026-07-10T06:02:22.132922+00:00",
  "train_loss": 0.01737461937731132,
  "val_loss": 0.0024355161331368435,
  "val_rmse": {
    "vel_body_x_mps": 0.0007083018084088439,
    "vel_body_y_mps": 0.0006329511791095955,
    "roll_rad": 1.2628520370158444e-05,
    "pitch_rad": 7.791847587277e-06,
    "roll_rate_radps": 0.0013316741003897643,
    "ang_vel_body_y_radps": 0.0006343034315982734,
    "yaw_rate_radps": 0.0012466307860904816,
    "tire_fl_force_wheel_fz_n": 36.72354072180067,
    "tire_fr_force_wheel_fz_n": 36.83958414199248,
    "tire_rl_force_wheel_fz_n": 23.70297208551861,
    "tire_rr_force_wheel_fz_n": 21.733439499270528,
    "tire_fl_spindle_omega_radps": 0.05018653896381928,
    "tire_fr_spindle_omega_radps": 0.04712033304488762,
    "tire_rl_spindle_omega_radps": 0.04584379051125966,
    "tire_rr_spindle_omega_radps": 0.043239321784664685
  },
  "val_flat_loss": 0.0024355161331368435,
  "val_flat_rmse": {
    "vel_body_x_mps": 0.0007083018084088439,
    "vel_body_y_mps": 0.0006329511791095955,
    "roll_rad": 1.2628520370158444e-05,
    "pitch_rad": 7.791847587277e-06,
    "roll_rate_radps": 0.0013316741003897643,
    "ang_vel_body_y_radps": 0.0006343034315982734,
    "yaw_rate_radps": 0.0012466307860904816,
    "tire_fl_force_wheel_fz_n": 36.72354072180067,
    "tire_fr_force_wheel_fz_n": 36.83958414199248,
    "tire_rl_force_wheel_fz_n": 23.70297208551861,
    "tire_rr_force_wheel_fz_n": 21.733439499270528,
    "tire_fl_spindle_omega_radps": 0.05018653896381928,
    "tire_fr_spindle_omega_radps": 0.04712033304488762,
    "tire_rl_spindle_omega_radps": 0.04584379051125966,
    "tire_rr_spindle_omega_radps": 0.043239321784664685
  },
  "val_crm_loss": 0.09167309040029067,
  "val_crm_rmse": {
    "vel_body_x_mps": 0.0029003468969549247,
    "vel_body_y_mps": 0.0023594122153280743,
    "roll_rad": 4.42629334836431e-05,
    "pitch_rad": 2.755917438905575e-05,
    "roll_rate_radps": 0.0035540742260926433,
    "ang_vel_body_y_radps": 0.002470526437530708,
    "yaw_rate_radps": 0.0023110156758285156,
    "tire_fl_force_wheel_fz_n": 617.3309447960892,
    "tire_fr_force_wheel_fz_n": 611.9332396572058,
    "tire_rl_force_wheel_fz_n": 966.6694503791804,
    "tire_rr_force_wheel_fz_n": 1019.6312007093054,
    "tire_fl_spindle_omega_radps": 0.13048764215576433,
    "tire_fr_spindle_omega_radps": 0.130251773466227,
    "tire_rl_spindle_omega_radps": 0.1540007599767533,
    "tire_rr_spindle_omega_radps": 0.15573185223267386
  },
  "val_mixed_loss": 0.04705430326671376,
  "rollout_flat_5.0s": {
    "xy_rmse_m": 0.7407102406215008,
    "yaw_rmse_rad": 0.0731818003112766,
    "errdist": 0.09756237631693307,
    "mean_dist_m": 7.592170963684718,
    "episodes": 12
  },
  "rollout_flat_10.0s": {
    "xy_rmse_m": 2.891472969347042,
    "yaw_rmse_rad": 0.1896787555424013,
    "errdist": 0.08210420964570472,
    "mean_dist_m": 35.2171098391215,
    "episodes": 12
  },
  "rollout_crm_5.0s": {
    "xy_rmse_m": 0.7299052573694863,
    "yaw_rmse_rad": 0.02619408678513411,
    "errdist": 0.10199190385440843,
    "mean_dist_m": 7.1565019357949495,
    "episodes": 12
  },
  "rollout_crm_10.0s": {
    "xy_rmse_m": 1.88632100788374,
    "yaw_rmse_rad": 0.25648075009984783,
    "errdist": 0.07534192978088895,
    "mean_dist_m": 25.036802393694717,
    "episodes": 12
  },
  "rollout_sel": 0.07872306971329684
}
{
  "epoch": 60,
  "timestamp_utc": "2026-07-10T06:03:11.797666+00:00",
  "train_loss": 0.017289139337372035,
  "val_loss": 0.0023518122186214894,
  "val_rmse": {
    "vel_body_x_mps": 0.0006581356102655557,
    "vel_body_y_mps": 0.0006807399164495296,
    "roll_rad": 1.298993999016388e-05,
    "pitch_rad": 7.011574834641364e-06,
    "roll_rate_radps": 0.0013243329901376874,
    "ang_vel_body_y_radps": 0.0005948423535130679,
    "yaw_rate_radps": 0.0012508939589251427,
    "tire_fl_force_wheel_fz_n": 36.655930554233,
    "tire_fr_force_wheel_fz_n": 37.46124081091262,
    "tire_rl_force_wheel_fz_n": 23.007487572129115,
    "tire_rr_force_wheel_fz_n": 21.524378847337676,
    "tire_fl_spindle_omega_radps": 0.04719549066553908,
    "tire_fr_spindle_omega_radps": 0.04486233100399143,
    "tire_rl_spindle_omega_radps": 0.04366545112283339,
    "tire_rr_spindle_omega_radps": 0.04094939349034204
  },
  "val_flat_loss": 0.0023518122186214894,
  "val_flat_rmse": {
    "vel_body_x_mps": 0.0006581356102655557,
    "vel_body_y_mps": 0.0006807399164495296,
    "roll_rad": 1.298993999016388e-05,
    "pitch_rad": 7.011574834641364e-06,
    "roll_rate_radps": 0.0013243329901376874,
    "ang_vel_body_y_radps": 0.0005948423535130679,
    "yaw_rate_radps": 0.0012508939589251427,
    "tire_fl_force_wheel_fz_n": 36.655930554233,
    "tire_fr_force_wheel_fz_n": 37.46124081091262,
    "tire_rl_force_wheel_fz_n": 23.007487572129115,
    "tire_rr_force_wheel_fz_n": 21.524378847337676,
    "tire_fl_spindle_omega_radps": 0.04719549066553908,
    "tire_fr_spindle_omega_radps": 0.04486233100399143,
    "tire_rl_spindle_omega_radps": 0.04366545112283339,
    "tire_rr_spindle_omega_radps": 0.04094939349034204
  },
  "val_crm_loss": 0.09143729592557065,
  "val_crm_rmse": {
    "vel_body_x_mps": 0.0028878953770382952,
    "vel_body_y_mps": 0.002364636445795285,
    "roll_rad": 3.877928562430865e-05,
    "pitch_rad": 2.7141375741231572e-05,
    "roll_rate_radps": 0.003550172601317765,
    "ang_vel_body_y_radps": 0.002482663430239457,
    "yaw_rate_radps": 0.0023002439863226347,
    "tire_fl_force_wheel_fz_n": 617.3358435668881,
    "tire_fr_force_wheel_fz_n": 608.6516469812982,
    "tire_rl_force_wheel_fz_n": 967.5449524636268,
    "tire_rr_force_wheel_fz_n": 1012.1841810519295,
    "tire_fl_spindle_omega_radps": 0.13168229417527125,
    "tire_fr_spindle_omega_radps": 0.1319398846287237,
    "tire_rl_spindle_omega_radps": 0.15570635330840435,
    "tire_rr_spindle_omega_radps": 0.15761247324698494
  },
  "val_mixed_loss": 0.04689455407209607,
  "rollout_flat_5.0s": {
    "xy_rmse_m": 1.0183509015275969,
    "yaw_rmse_rad": 0.05255721800747344,
    "errdist": 0.13413171362955706,
    "mean_dist_m": 7.592170963684718,
    "episodes": 12
  },
  "rollout_flat_10.0s": {
    "xy_rmse_m": 3.6217355569980834,
    "yaw_rmse_rad": 0.10026255100835348,
    "errdist": 0.10284022662685453,
    "mean_dist_m": 35.2171098391215,
    "episodes": 12
  },
  "rollout_crm_5.0s": {
    "xy_rmse_m": 0.6051369779173962,
    "yaw_rmse_rad": 0.03516212269511316,
    "errdist": 0.08455764888299121,
    "mean_dist_m": 7.1565019357949495,
    "episodes": 12
  },
  "rollout_crm_10.0s": {
    "xy_rmse_m": 1.4472482225999468,
    "yaw_rmse_rad": 0.06918939163754463,
    "errdist": 0.057804834652703994,
    "mean_dist_m": 25.036802393694717,
    "episodes": 12
  },
  "rollout_sel": 0.08032253063977926
}
{
  "epoch": 61,
  "timestamp_utc": "2026-07-10T06:04:01.235081+00:00",
  "train_loss": 0.017057390899863092,
  "val_loss": 0.0022994990086590405,
  "val_rmse": {
    "vel_body_x_mps": 0.0006464154369585875,
    "vel_body_y_mps": 0.0006325660460492089,
    "roll_rad": 1.1661721774900661e-05,
    "pitch_rad": 6.833830684105825e-06,
    "roll_rate_radps": 0.0013306577700293847,
    "ang_vel_body_y_radps": 0.0005925027327957586,
    "yaw_rate_radps": 0.0012521739522922241,
    "tire_fl_force_wheel_fz_n": 36.89721534586894,
    "tire_fr_force_wheel_fz_n": 36.580857457919755,
    "tire_rl_force_wheel_fz_n": 23.388314620428492,
    "tire_rr_force_wheel_fz_n": 21.99358705480324,
    "tire_fl_spindle_omega_radps": 0.045758558472141726,
    "tire_fr_spindle_omega_radps": 0.04494097681901598,
    "tire_rl_spindle_omega_radps": 0.04375784262023888,
    "tire_rr_spindle_omega_radps": 0.040465259890194595
  },
  "val_flat_loss": 0.0022994990086590405,
  "val_flat_rmse": {
    "vel_body_x_mps": 0.0006464154369585875,
    "vel_body_y_mps": 0.0006325660460492089,
    "roll_rad": 1.1661721774900661e-05,
    "pitch_rad": 6.833830684105825e-06,
    "roll_rate_radps": 0.0013306577700293847,
    "ang_vel_body_y_radps": 0.0005925027327957586,
    "yaw_rate_radps": 0.0012521739522922241,
    "tire_fl_force_wheel_fz_n": 36.89721534586894,
    "tire_fr_force_wheel_fz_n": 36.580857457919755,
    "tire_rl_force_wheel_fz_n": 23.388314620428492,
    "tire_rr_force_wheel_fz_n": 21.99358705480324,
    "tire_fl_spindle_omega_radps": 0.045758558472141726,
    "tire_fr_spindle_omega_radps": 0.04494097681901598,
    "tire_rl_spindle_omega_radps": 0.04375784262023888,
    "tire_rr_spindle_omega_radps": 0.040465259890194595
  },
  "val_crm_loss": 0.09234958604269196,
  "val_crm_rmse": {
    "vel_body_x_mps": 0.00288526496147644,
    "vel_body_y_mps": 0.00235197464266731,
    "roll_rad": 3.942726170970784e-05,
    "pitch_rad": 2.819612189367126e-05,
    "roll_rate_radps": 0.00356741377222981,
    "ang_vel_body_y_radps": 0.002453730138853227,
    "yaw_rate_radps": 0.0023327748117633494,
    "tire_fl_force_wheel_fz_n": 622.4066997844122,
    "tire_fr_force_wheel_fz_n": 609.0441103620486,
    "tire_rl_force_wheel_fz_n": 974.9644873452943,
    "tire_rr_force_wheel_fz_n": 1019.6916512813725,
    "tire_fl_spindle_omega_radps": 0.1322531196023839,
    "tire_fr_spindle_omega_radps": 0.13189482329965985,
    "tire_rl_spindle_omega_radps": 0.15680577409987942,
    "tire_rr_spindle_omega_radps": 0.15770753589104342
  },
  "val_mixed_loss": 0.0473245425256755,
  "rollout_flat_5.0s": {
    "xy_rmse_m": 1.0991395382332716,
    "yaw_rmse_rad": 0.10306226332622663,
    "errdist": 0.14477275913447354,
    "mean_dist_m": 7.592170963684718,
    "episodes": 12
  },
  "rollout_flat_10.0s": {
    "xy_rmse_m": 6.877566467189535,
    "yaw_rmse_rad": 0.19378534294608019,
    "errdist": 0.1952904851819918,
    "mean_dist_m": 35.2171098391215,
    "episodes": 12
  },
  "rollout_crm_5.0s": {
    "xy_rmse_m": 0.568435711780075,
    "yaw_rmse_rad": 0.036120283368835944,
    "errdist": 0.07942926822068032,
    "mean_dist_m": 7.1565019357949495,
    "episodes": 12
  },
  "rollout_crm_10.0s": {
    "xy_rmse_m": 1.8020201623094203,
    "yaw_rmse_rad": 0.10500700348249453,
    "errdist": 0.0719748526178903,
    "mean_dist_m": 25.036802393694717,
    "episodes": 12
  },
  "rollout_sel": 0.13363266889994105
}
{
  "epoch": 62,
  "timestamp_utc": "2026-07-10T06:04:50.869464+00:00",
  "train_loss": 0.01688702781777829,
  "val_loss": 0.0022658665958260825,
  "val_rmse": {
    "vel_body_x_mps": 0.0006587709013933171,
    "vel_body_y_mps": 0.000623848731235844,
    "roll_rad": 1.1953171590073985e-05,
    "pitch_rad": 5.985530709249651e-06,
    "roll_rate_radps": 0.0013161001640468275,
    "ang_vel_body_y_radps": 0.0005834228747474619,
    "yaw_rate_radps": 0.0012408571016523009,
    "tire_fl_force_wheel_fz_n": 36.12356067568654,
    "tire_fr_force_wheel_fz_n": 36.63784770794073,
    "tire_rl_force_wheel_fz_n": 23.034677790782716,
    "tire_rr_force_wheel_fz_n": 21.41251622904771,
    "tire_fl_spindle_omega_radps": 0.04616515450540942,
    "tire_fr_spindle_omega_radps": 0.044139364507081766,
    "tire_rl_spindle_omega_radps": 0.042797993118263426,
    "tire_rr_spindle_omega_radps": 0.040814288365863656
  },
  "val_flat_loss": 0.0022658665958260825,
  "val_flat_rmse": {
    "vel_body_x_mps": 0.0006587709013933171,
    "vel_body_y_mps": 0.000623848731235844,
    "roll_rad": 1.1953171590073985e-05,
    "pitch_rad": 5.985530709249651e-06,
    "roll_rate_radps": 0.0013161001640468275,
    "ang_vel_body_y_radps": 0.0005834228747474619,
    "yaw_rate_radps": 0.0012408571016523009,
    "tire_fl_force_wheel_fz_n": 36.12356067568654,
    "tire_fr_force_wheel_fz_n": 36.63784770794073,
    "tire_rl_force_wheel_fz_n": 23.034677790782716,
    "tire_rr_force_wheel_fz_n": 21.41251622904771,
    "tire_fl_spindle_omega_radps": 0.04616515450540942,
    "tire_fr_spindle_omega_radps": 0.044139364507081766,
    "tire_rl_spindle_omega_radps": 0.042797993118263426,
    "tire_rr_spindle_omega_radps": 0.040814288365863656
  },
  "val_crm_loss": 0.09208061236597131,
  "val_crm_rmse": {
    "vel_body_x_mps": 0.0028948007955421763,
    "vel_body_y_mps": 0.002353174583467903,
    "roll_rad": 3.7734096915388504e-05,
    "pitch_rad": 2.6292733067325154e-05,
    "roll_rate_radps": 0.0035253290696306144,
    "ang_vel_body_y_radps": 0.002443638044081985,
    "yaw_rate_radps": 0.0023053753915774446,
    "tire_fl_force_wheel_fz_n": 620.4522052101961,
    "tire_fr_force_wheel_fz_n": 606.9572200977665,
    "tire_rl_force_wheel_fz_n": 979.7302267490835,
    "tire_rr_force_wheel_fz_n": 1021.9541768446923,
    "tire_fl_spindle_omega_radps": 0.12958368085501323,
    "tire_fr_spindle_omega_radps": 0.1293179515706059,
    "tire_rl_spindle_omega_radps": 0.15453107366512409,
    "tire_rr_spindle_omega_radps": 0.15590656234261774
  },
  "val_mixed_loss": 0.0471732394808987,
  "rollout_flat_5.0s": {
    "xy_rmse_m": 1.3845257255530945,
    "yaw_rmse_rad": 0.06909251228204769,
    "errdist": 0.18236229560367287,
    "mean_dist_m": 7.592170963684718,
    "episodes": 12
  },
  "rollout_flat_10.0s": {
    "xy_rmse_m": 4.298168323352681,
    "yaw_rmse_rad": 0.11237780984036087,
    "errdist": 0.12204773029324488,
    "mean_dist_m": 35.2171098391215,
    "episodes": 12
  },
  "rollout_crm_5.0s": {
    "xy_rmse_m": 0.6710549137482156,
    "yaw_rmse_rad": 0.04734423904145382,
    "errdist": 0.09376856455411191,
    "mean_dist_m": 7.1565019357949495,
    "episodes": 12
  },
  "rollout_crm_10.0s": {
    "xy_rmse_m": 1.7685938351260397,
    "yaw_rmse_rad": 0.08160915337014576,
    "errdist": 0.07063976490749647,
    "mean_dist_m": 25.036802393694717,
    "episodes": 12
  },
  "rollout_sel": 0.09634374760037068
}
{
  "epoch": 63,
  "timestamp_utc": "2026-07-10T06:05:40.660678+00:00",
  "train_loss": 0.016809434610884636,
  "val_loss": 0.0022423181928388656,
  "val_rmse": {
    "vel_body_x_mps": 0.0006482509719456881,
    "vel_body_y_mps": 0.0006004179129241717,
    "roll_rad": 1.2146551330791717e-05,
    "pitch_rad": 6.020047286477699e-06,
    "roll_rate_radps": 0.001318632103153172,
    "ang_vel_body_y_radps": 0.0005778042663225835,
    "yaw_rate_radps": 0.0012405205249423111,
    "tire_fl_force_wheel_fz_n": 36.15264353220922,
    "tire_fr_force_wheel_fz_n": 36.65731298233879,
    "tire_rl_force_wheel_fz_n": 22.42047608310755,
    "tire_rr_force_wheel_fz_n": 21.129808367588215,
    "tire_fl_spindle_omega_radps": 0.04579166553453539,
    "tire_fr_spindle_omega_radps": 0.04381680188023408,
    "tire_rl_spindle_omega_radps": 0.042699121364109714,
    "tire_rr_spindle_omega_radps": 0.04069290749267245
  },
  "val_flat_loss": 0.0022423181928388656,
  "val_flat_rmse": {
    "vel_body_x_mps": 0.0006482509719456881,
    "vel_body_y_mps": 0.0006004179129241717,
    "roll_rad": 1.2146551330791717e-05,
    "pitch_rad": 6.020047286477699e-06,
    "roll_rate_radps": 0.001318632103153172,
    "ang_vel_body_y_radps": 0.0005778042663225835,
    "yaw_rate_radps": 0.0012405205249423111,
    "tire_fl_force_wheel_fz_n": 36.15264353220922,
    "tire_fr_force_wheel_fz_n": 36.65731298233879,
    "tire_rl_force_wheel_fz_n": 22.42047608310755,
    "tire_rr_force_wheel_fz_n": 21.129808367588215,
    "tire_fl_spindle_omega_radps": 0.04579166553453539,
    "tire_fr_spindle_omega_radps": 0.04381680188023408,
    "tire_rl_spindle_omega_radps": 0.042699121364109714,
    "tire_rr_spindle_omega_radps": 0.04069290749267245
  },
  "val_crm_loss": 0.09247445589338894,
  "val_crm_rmse": {
    "vel_body_x_mps": 0.0028818438648890994,
    "vel_body_y_mps": 0.0023342130924884704,
    "roll_rad": 3.982416579805284e-05,
    "pitch_rad": 2.6952376349247775e-05,
    "roll_rate_radps": 0.0034930410701759953,
    "ang_vel_body_y_radps": 0.002446636669380175,
    "yaw_rate_radps": 0.002314722036748408,
    "tire_fl_force_wheel_fz_n": 620.7697853640256,
    "tire_fr_force_wheel_fz_n": 612.4165725030367,
    "tire_rl_force_wheel_fz_n": 977.5549829191845,
    "tire_rr_force_wheel_fz_n": 1029.993431854046,
    "tire_fl_spindle_omega_radps": 0.1308535941610155,
    "tire_fr_spindle_omega_radps": 0.13090918695087875,
    "tire_rl_spindle_omega_radps": 0.15553472866542095,
    "tire_rr_spindle_omega_radps": 0.156633411073987
  },
  "val_mixed_loss": 0.0473583870431139,
  "rollout_flat_5.0s": {
    "xy_rmse_m": 1.9914833968793162,
    "yaw_rmse_rad": 0.08527696529971542,
    "errdist": 0.26230750155720767,
    "mean_dist_m": 7.592170963684718,
    "episodes": 12
  },
  "rollout_flat_10.0s": {
    "xy_rmse_m": 5.62403176074332,
    "yaw_rmse_rad": 0.12895207665563976,
    "errdist": 0.1596960053347641,
    "mean_dist_m": 35.2171098391215,
    "episodes": 12
  },
  "rollout_crm_5.0s": {
    "xy_rmse_m": 0.49524243510192956,
    "yaw_rmse_rad": 0.028469674895700306,
    "errdist": 0.06920174682338259,
    "mean_dist_m": 7.1565019357949495,
    "episodes": 12
  },
  "rollout_crm_10.0s": {
    "xy_rmse_m": 1.4498140951580532,
    "yaw_rmse_rad": 0.05710445935184644,
    "errdist": 0.057907318688714626,
    "mean_dist_m": 25.036802393694717,
    "episodes": 12
  },
  "rollout_sel": 0.10880166201173937
}
{
  "epoch": 64,
  "timestamp_utc": "2026-07-10T06:06:30.256083+00:00",
  "train_loss": 0.016609676396939905,
  "val_loss": 0.0023114933973920416,
  "val_rmse": {
    "vel_body_x_mps": 0.0006791013282269704,
    "vel_body_y_mps": 0.0006101641166495506,
    "roll_rad": 1.2512373160691886e-05,
    "pitch_rad": 6.548801776807934e-06,
    "roll_rate_radps": 0.0013343445326720366,
    "ang_vel_body_y_radps": 0.0006137469229515975,
    "yaw_rate_radps": 0.0012362787240918938,
    "tire_fl_force_wheel_fz_n": 36.2516627693294,
    "tire_fr_force_wheel_fz_n": 36.765245873684684,
    "tire_rl_force_wheel_fz_n": 23.122949754092286,
    "tire_rr_force_wheel_fz_n": 21.179718240893607,
    "tire_fl_spindle_omega_radps": 0.0478527968506097,
    "tire_fr_spindle_omega_radps": 0.04634780198054494,
    "tire_rl_spindle_omega_radps": 0.0452980509162277,
    "tire_rr_spindle_omega_radps": 0.041944508582453605
  },
  "val_flat_loss": 0.0023114933973920416,
  "val_flat_rmse": {
    "vel_body_x_mps": 0.0006791013282269704,
    "vel_body_y_mps": 0.0006101641166495506,
    "roll_rad": 1.2512373160691886e-05,
    "pitch_rad": 6.548801776807934e-06,
    "roll_rate_radps": 0.0013343445326720366,
    "ang_vel_body_y_radps": 0.0006137469229515975,
    "yaw_rate_radps": 0.0012362787240918938,
    "tire_fl_force_wheel_fz_n": 36.2516627693294,
    "tire_fr_force_wheel_fz_n": 36.765245873684684,
    "tire_rl_force_wheel_fz_n": 23.122949754092286,
    "tire_rr_force_wheel_fz_n": 21.179718240893607,
    "tire_fl_spindle_omega_radps": 0.0478527968506097,
    "tire_fr_spindle_omega_radps": 0.04634780198054494,
    "tire_rl_spindle_omega_radps": 0.0452980509162277,
    "tire_rr_spindle_omega_radps": 0.041944508582453605
  },
  "val_crm_loss": 0.0928252621361753,
  "val_crm_rmse": {
    "vel_body_x_mps": 0.002890866993893067,
    "vel_body_y_mps": 0.0023361701945542423,
    "roll_rad": 3.829045089822875e-05,
    "pitch_rad": 2.64680754829428e-05,
    "roll_rate_radps": 0.0035439042023836208,
    "ang_vel_body_y_radps": 0.002448673382288991,
    "yaw_rate_radps": 0.0023146604580892693,
    "tire_fl_force_wheel_fz_n": 617.7738260846866,
    "tire_fr_force_wheel_fz_n": 612.6741849282058,
    "tire_rl_force_wheel_fz_n": 986.5130329540672,
    "tire_rr_force_wheel_fz_n": 1027.3113192169092,
    "tire_fl_spindle_omega_radps": 0.13070707562281375,
    "tire_fr_spindle_omega_radps": 0.1303347186897225,
    "tire_rl_spindle_omega_radps": 0.1548986389151959,
    "tire_rr_spindle_omega_radps": 0.15624744164240398
  },
  "val_mixed_loss": 0.04756837776678367,
  "rollout_flat_5.0s": {
    "xy_rmse_m": 1.1084036575799436,
    "yaw_rmse_rad": 0.08563506697206812,
    "errdist": 0.1459929791994569,
    "mean_dist_m": 7.592170963684718,
    "episodes": 12
  },
  "rollout_flat_10.0s": {
    "xy_rmse_m": 4.382450681134343,
    "yaw_rmse_rad": 0.13093114689547897,
    "errdist": 0.12444095217223154,
    "mean_dist_m": 35.2171098391215,
    "episodes": 12
  },
  "rollout_crm_5.0s": {
    "xy_rmse_m": 0.6783703952134189,
    "yaw_rmse_rad": 0.027637160716662185,
    "errdist": 0.09479077925213543,
    "mean_dist_m": 7.1565019357949495,
    "episodes": 12
  },
  "rollout_crm_10.0s": {
    "xy_rmse_m": 1.5320906464408495,
    "yaw_rmse_rad": 0.0769492901090184,
    "errdist": 0.06119354310303987,
    "mean_dist_m": 25.036802393694717,
    "episodes": 12
  },
  "rollout_sel": 0.09281724763763571
}
{
  "epoch": 65,
  "timestamp_utc": "2026-07-10T06:07:19.992445+00:00",
  "train_loss": 0.0164187426129356,
  "val_loss": 0.002231844154448481,
  "val_rmse": {
    "vel_body_x_mps": 0.0006580966745840136,
    "vel_body_y_mps": 0.0006069946639127138,
    "roll_rad": 1.123596807989953e-05,
    "pitch_rad": 6.049012545915119e-06,
    "roll_rate_radps": 0.0013260988816190175,
    "ang_vel_body_y_radps": 0.0005832408917098797,
    "yaw_rate_radps": 0.0012304898069433153,
    "tire_fl_force_wheel_fz_n": 36.102986394245825,
    "tire_fr_force_wheel_fz_n": 36.26317370859609,
    "tire_rl_force_wheel_fz_n": 22.836825566180494,
    "tire_rr_force_wheel_fz_n": 21.47794202307302,
    "tire_fl_spindle_omega_radps": 0.04544951789675436,
    "tire_fr_spindle_omega_radps": 0.044130754362653235,
    "tire_rl_spindle_omega_radps": 0.04313572574063964,
    "tire_rr_spindle_omega_radps": 0.040751344667613695
  },
  "val_flat_loss": 0.002231844154448481,
  "val_flat_rmse": {
    "vel_body_x_mps": 0.0006580966745840136,
    "vel_body_y_mps": 0.0006069946639127138,
    "roll_rad": 1.123596807989953e-05,
    "pitch_rad": 6.049012545915119e-06,
    "roll_rate_radps": 0.0013260988816190175,
    "ang_vel_body_y_radps": 0.0005832408917098797,
    "yaw_rate_radps": 0.0012304898069433153,
    "tire_fl_force_wheel_fz_n": 36.102986394245825,
    "tire_fr_force_wheel_fz_n": 36.26317370859609,
    "tire_rl_force_wheel_fz_n": 22.836825566180494,
    "tire_rr_force_wheel_fz_n": 21.47794202307302,
    "tire_fl_spindle_omega_radps": 0.04544951789675436,
    "tire_fr_spindle_omega_radps": 0.044130754362653235,
    "tire_rl_spindle_omega_radps": 0.04313572574063964,
    "tire_rr_spindle_omega_radps": 0.040751344667613695
  },
  "val_crm_loss": 0.09252783016534522,
  "val_crm_rmse": {
    "vel_body_x_mps": 0.002883088555308041,
    "vel_body_y_mps": 0.002323627111305302,
    "roll_rad": 3.645181144694549e-05,
    "pitch_rad": 2.7282738911563007e-05,
    "roll_rate_radps": 0.0034763013441356863,
    "ang_vel_body_y_radps": 0.0024467941078106983,
    "yaw_rate_radps": 0.0023125403627419754,
    "tire_fl_force_wheel_fz_n": 617.3266365161508,
    "tire_fr_force_wheel_fz_n": 613.0445261918175,
    "tire_rl_force_wheel_fz_n": 984.6226546051386,
    "tire_rr_force_wheel_fz_n": 1028.6911320024221,
    "tire_fl_spindle_omega_radps": 0.1291311953672989,
    "tire_fr_spindle_omega_radps": 0.12902998645118607,
    "tire_rl_spindle_omega_radps": 0.15300384682233345,
    "tire_rr_spindle_omega_radps": 0.1550523533425077
  },
  "val_mixed_loss": 0.04737983715989685,
  "rollout_flat_5.0s": {
    "xy_rmse_m": 1.2877360609610113,
    "yaw_rmse_rad": 0.06262430671133969,
    "errdist": 0.1696136806086928,
    "mean_dist_m": 7.592170963684718,
    "episodes": 12
  },
  "rollout_flat_10.0s": {
    "xy_rmse_m": 4.735627804217012,
    "yaw_rmse_rad": 0.12454290947283919,
    "errdist": 0.13446951853375438,
    "mean_dist_m": 35.2171098391215,
    "episodes": 12
  },
  "rollout_crm_5.0s": {
    "xy_rmse_m": 0.562462198753346,
    "yaw_rmse_rad": 0.030968460947359677,
    "errdist": 0.07859457089504264,
    "mean_dist_m": 7.1565019357949495,
    "episodes": 12
  },
  "rollout_crm_10.0s": {
    "xy_rmse_m": 2.0588030485611757,
    "yaw_rmse_rad": 0.08837714378608784,
    "errdist": 0.08223106993406099,
    "mean_dist_m": 25.036802393694717,
    "episodes": 12
  },
  "rollout_sel": 0.10835029423390768
}
{
  "epoch": 66,
  "timestamp_utc": "2026-07-10T06:08:09.727838+00:00",
  "train_loss": 0.01631776922289282,
  "val_loss": 0.0023509770772943738,
  "val_rmse": {
    "vel_body_x_mps": 0.0006968189663820497,
    "vel_body_y_mps": 0.0006250505195550635,
    "roll_rad": 1.3558920703522721e-05,
    "pitch_rad": 6.317647921762087e-06,
    "roll_rate_radps": 0.0013322782854816456,
    "ang_vel_body_y_radps": 0.0006086701552953928,
    "yaw_rate_radps": 0.001238645421989586,
    "tire_fl_force_wheel_fz_n": 36.238622683147845,
    "tire_fr_force_wheel_fz_n": 36.553244132504695,
    "tire_rl_force_wheel_fz_n": 22.69778274470948,
    "tire_rr_force_wheel_fz_n": 21.41107853070015,
    "tire_fl_spindle_omega_radps": 0.04760196165629852,
    "tire_fr_spindle_omega_radps": 0.04563486007053382,
    "tire_rl_spindle_omega_radps": 0.045130395680306086,
    "tire_rr_spindle_omega_radps": 0.043108843116633384
  },
  "val_flat_loss": 0.0023509770772943738,
  "val_flat_rmse": {
    "vel_body_x_mps": 0.0006968189663820497,
    "vel_body_y_mps": 0.0006250505195550635,
    "roll_rad": 1.3558920703522721e-05,
    "pitch_rad": 6.317647921762087e-06,
    "roll_rate_radps": 0.0013322782854816456,
    "ang_vel_body_y_radps": 0.0006086701552953928,
    "yaw_rate_radps": 0.001238645421989586,
    "tire_fl_force_wheel_fz_n": 36.238622683147845,
    "tire_fr_force_wheel_fz_n": 36.553244132504695,
    "tire_rl_force_wheel_fz_n": 22.69778274470948,
    "tire_rr_force_wheel_fz_n": 21.41107853070015,
    "tire_fl_spindle_omega_radps": 0.04760196165629852,
    "tire_fr_spindle_omega_radps": 0.04563486007053382,
    "tire_rl_spindle_omega_radps": 0.045130395680306086,
    "tire_rr_spindle_omega_radps": 0.043108843116633384
  },
  "val_crm_loss": 0.09305086592386942,
  "val_crm_rmse": {
    "vel_body_x_mps": 0.0028773763007633284,
    "vel_body_y_mps": 0.002317806485200083,
    "roll_rad": 3.7940065868354566e-05,
    "pitch_rad": 2.597108934748551e-05,
    "roll_rate_radps": 0.0034793708266372086,
    "ang_vel_body_y_radps": 0.0024200479989258438,
    "yaw_rate_radps": 0.002314814824295939,
    "tire_fl_force_wheel_fz_n": 618.2575023396147,
    "tire_fr_force_wheel_fz_n": 615.4480628147763,
    "tire_rl_force_wheel_fz_n": 992.2969171176495,
    "tire_rr_force_wheel_fz_n": 1031.1428871133278,
    "tire_fl_spindle_omega_radps": 0.13142654031166928,
    "tire_fr_spindle_omega_radps": 0.13168109319688667,
    "tire_rl_spindle_omega_radps": 0.15560256506273923,
    "tire_rr_spindle_omega_radps": 0.15714047313911844
  },
  "val_mixed_loss": 0.047700921500581896,
  "rollout_flat_5.0s": {
    "xy_rmse_m": 1.292963562062776,
    "yaw_rmse_rad": 0.1244174591935224,
    "errdist": 0.17030221898944967,
    "mean_dist_m": 7.592170963684718,
    "episodes": 12
  },
  "rollout_flat_10.0s": {
    "xy_rmse_m": 8.23821953463059,
    "yaw_rmse_rad": 0.43740823854035865,
    "errdist": 0.2339266218115102,
    "mean_dist_m": 35.2171098391215,
    "episodes": 12
  },
  "rollout_crm_5.0s": {
    "xy_rmse_m": 0.5465104268072005,
    "yaw_rmse_rad": 0.03468261830099273,
    "errdist": 0.07636558079774958,
    "mean_dist_m": 7.1565019357949495,
    "episodes": 12
  },
  "rollout_crm_10.0s": {
    "xy_rmse_m": 1.3059377083432482,
    "yaw_rmse_rad": 0.08282937023479177,
    "errdist": 0.052160722755559885,
    "mean_dist_m": 25.036802393694717,
    "episodes": 12
  },
  "rollout_sel": 0.14304367228353504
}
{
  "epoch": 67,
  "timestamp_utc": "2026-07-10T06:08:59.252147+00:00",
  "train_loss": 0.016161369692068547,
  "val_loss": 0.002260543778738793,
  "val_rmse": {
    "vel_body_x_mps": 0.0006693252185701738,
    "vel_body_y_mps": 0.0006172707423130987,
    "roll_rad": 1.1442423494018279e-05,
    "pitch_rad": 6.2243526538782395e-06,
    "roll_rate_radps": 0.0013238485425692231,
    "ang_vel_body_y_radps": 0.0005960696406247973,
    "yaw_rate_radps": 0.001242002418598379,
    "tire_fl_force_wheel_fz_n": 36.51391470367988,
    "tire_fr_force_wheel_fz_n": 37.129341373918,
    "tire_rl_force_wheel_fz_n": 22.56784655279435,
    "tire_rr_force_wheel_fz_n": 20.932747159546818,
    "tire_fl_spindle_omega_radps": 0.04639594857444182,
    "tire_fr_spindle_omega_radps": 0.0448329319105704,
    "tire_rl_spindle_omega_radps": 0.04330378256244521,
    "tire_rr_spindle_omega_radps": 0.04094205665287194
  },
  "val_flat_loss": 0.002260543778738793,
  "val_flat_rmse": {
    "vel_body_x_mps": 0.0006693252185701738,
    "vel_body_y_mps": 0.0006172707423130987,
    "roll_rad": 1.1442423494018279e-05,
    "pitch_rad": 6.2243526538782395e-06,
    "roll_rate_radps": 0.0013238485425692231,
    "ang_vel_body_y_radps": 0.0005960696406247973,
    "yaw_rate_radps": 0.001242002418598379,
    "tire_fl_force_wheel_fz_n": 36.51391470367988,
    "tire_fr_force_wheel_fz_n": 37.129341373918,
    "tire_rl_force_wheel_fz_n": 22.56784655279435,
    "tire_rr_force_wheel_fz_n": 20.932747159546818,
    "tire_fl_spindle_omega_radps": 0.04639594857444182,
    "tire_fr_spindle_omega_radps": 0.0448329319105704,
    "tire_rl_spindle_omega_radps": 0.04330378256244521,
    "tire_rr_spindle_omega_radps": 0.04094205665287194
  },
  "val_crm_loss": 0.09374615982174873,
  "val_crm_rmse": {
    "vel_body_x_mps": 0.0028792675879062016,
    "vel_body_y_mps": 0.0023247340109582124,
    "roll_rad": 3.682729972726125e-05,
    "pitch_rad": 2.626077962474588e-05,
    "roll_rate_radps": 0.003496938999074695,
    "ang_vel_body_y_radps": 0.002435577264976765,
    "yaw_rate_radps": 0.0023166936785728475,
    "tire_fl_force_wheel_fz_n": 614.291461880401,
    "tire_fr_force_wheel_fz_n": 615.359353978477,
    "tire_rl_force_wheel_fz_n": 997.2711363011147,
    "tire_rr_force_wheel_fz_n": 1037.8513845941077,
    "tire_fl_spindle_omega_radps": 0.13040417705630755,
    "tire_fr_spindle_omega_radps": 0.13149912677301462,
    "tire_rl_spindle_omega_radps": 0.15600558708612372,
    "tire_rr_spindle_omega_radps": 0.15793911201349964
  },
  "val_mixed_loss": 0.04800335180024377,
  "rollout_flat_5.0s": {
    "xy_rmse_m": 0.9241235501166928,
    "yaw_rmse_rad": 0.0421353288284356,
    "errdist": 0.12172059277076483,
    "mean_dist_m": 7.592170963684718,
    "episodes": 12
  },
  "rollout_flat_10.0s": {
    "xy_rmse_m": 3.3188866178526584,
    "yaw_rmse_rad": 0.12322639491605682,
    "errdist": 0.09424074357645951,
    "mean_dist_m": 35.2171098391215,
    "episodes": 12
  },
  "rollout_crm_5.0s": {
    "xy_rmse_m": 1.0788695376975415,
    "yaw_rmse_rad": 0.06491913634957089,
    "errdist": 0.1507537547501131,
    "mean_dist_m": 7.1565019357949495,
    "episodes": 12
  },
  "rollout_crm_10.0s": {
    "xy_rmse_m": 3.61485084224654,
    "yaw_rmse_rad": 0.16206317761937022,
    "errdist": 0.14438149031191405,
    "mean_dist_m": 25.036802393694717,
    "episodes": 12
  },
  "rollout_sel": 0.11931111694418678
}
{
  "epoch": 68,
  "timestamp_utc": "2026-07-10T06:09:48.749074+00:00",
  "train_loss": 0.01603139211377129,
  "val_loss": 0.0022202768074566846,
  "val_rmse": {
    "vel_body_x_mps": 0.0006555644149239129,
    "vel_body_y_mps": 0.000598843195620108,
    "roll_rad": 1.0862403036781761e-05,
    "pitch_rad": 6.267323963051858e-06,
    "roll_rate_radps": 0.0013159167960954705,
    "ang_vel_body_y_radps": 0.0005882254546619929,
    "yaw_rate_radps": 0.0012274149450969634,
    "tire_fl_force_wheel_fz_n": 36.02757124914089,
    "tire_fr_force_wheel_fz_n": 36.32933569563033,
    "tire_rl_force_wheel_fz_n": 22.710288321051873,
    "tire_rr_force_wheel_fz_n": 21.085108563078315,
    "tire_fl_spindle_omega_radps": 0.04671241680771765,
    "tire_fr_spindle_omega_radps": 0.045000989393506025,
    "tire_rl_spindle_omega_radps": 0.04324025035049741,
    "tire_rr_spindle_omega_radps": 0.040637272556398596
  },
  "val_flat_loss": 0.0022202768074566846,
  "val_flat_rmse": {
    "vel_body_x_mps": 0.0006555644149239129,
    "vel_body_y_mps": 0.000598843195620108,
    "roll_rad": 1.0862403036781761e-05,
    "pitch_rad": 6.267323963051858e-06,
    "roll_rate_radps": 0.0013159167960954705,
    "ang_vel_body_y_radps": 0.0005882254546619929,
    "yaw_rate_radps": 0.0012274149450969634,
    "tire_fl_force_wheel_fz_n": 36.02757124914089,
    "tire_fr_force_wheel_fz_n": 36.32933569563033,
    "tire_rl_force_wheel_fz_n": 22.710288321051873,
    "tire_rr_force_wheel_fz_n": 21.085108563078315,
    "tire_fl_spindle_omega_radps": 0.04671241680771765,
    "tire_fr_spindle_omega_radps": 0.045000989393506025,
    "tire_rl_spindle_omega_radps": 0.04324025035049741,
    "tire_rr_spindle_omega_radps": 0.040637272556398596
  },
  "val_crm_loss": 0.09371263209322933,
  "val_crm_rmse": {
    "vel_body_x_mps": 0.0028779313904069436,
    "vel_body_y_mps": 0.0023200525420132745,
    "roll_rad": 3.607252803246429e-05,
    "pitch_rad": 2.615165709244634e-05,
    "roll_rate_radps": 0.003482132068620145,
    "ang_vel_body_y_radps": 0.0024369607509226302,
    "yaw_rate_radps": 0.0023230940261182863,
    "tire_fl_force_wheel_fz_n": 618.9756861946175,
    "tire_fr_force_wheel_fz_n": 611.7834168824481,
    "tire_rl_force_wheel_fz_n": 1000.7291918934975,
    "tire_rr_force_wheel_fz_n": 1037.826332633774,
    "tire_fl_spindle_omega_radps": 0.1308584238064948,
    "tire_fr_spindle_omega_radps": 0.1306675038592051,
    "tire_rl_spindle_omega_radps": 0.15568501245038177,
    "tire_rr_spindle_omega_radps": 0.1572788680963576
  },
  "val_mixed_loss": 0.047966454450343005,
  "rollout_flat_5.0s": {
    "xy_rmse_m": 1.7633788599195712,
    "yaw_rmse_rad": 0.08846228646477249,
    "errdist": 0.232262796551113,
    "mean_dist_m": 7.592170963684718,
    "episodes": 12
  },
  "rollout_flat_10.0s": {
    "xy_rmse_m": 4.966639742852954,
    "yaw_rmse_rad": 0.14057115855701136,
    "errdist": 0.1410291692175058,
    "mean_dist_m": 35.2171098391215,
    "episodes": 12
  },
  "rollout_crm_5.0s": {
    "xy_rmse_m": 0.7447725905974305,
    "yaw_rmse_rad": 0.02683750622294999,
    "errdist": 0.10406936199825126,
    "mean_dist_m": 7.1565019357949495,
    "episodes": 12
  },
  "rollout_crm_10.0s": {
    "xy_rmse_m": 1.607610411503217,
    "yaw_rmse_rad": 0.08135848984890981,
    "errdist": 0.06420989334916341,
    "mean_dist_m": 25.036802393694717,
    "episodes": 12
  },
  "rollout_sel": 0.1026195312833346
}
{
  "epoch": 69,
  "timestamp_utc": "2026-07-10T06:10:38.227810+00:00",
  "train_loss": 0.015975291150156407,
  "val_loss": 0.002284948315118527,
  "val_rmse": {
    "vel_body_x_mps": 0.0006530081594613215,
    "vel_body_y_mps": 0.0005978967946895647,
    "roll_rad": 1.1265243345872739e-05,
    "pitch_rad": 5.9336246710829665e-06,
    "roll_rate_radps": 0.0013319066272425013,
    "ang_vel_body_y_radps": 0.0006045486483141032,
    "yaw_rate_radps": 0.0012297861124799362,
    "tire_fl_force_wheel_fz_n": 36.29768486679485,
    "tire_fr_force_wheel_fz_n": 36.45557404101878,
    "tire_rl_force_wheel_fz_n": 22.728424453598386,
    "tire_rr_force_wheel_fz_n": 21.870356329102506,
    "tire_fl_spindle_omega_radps": 0.047959602150134326,
    "tire_fr_spindle_omega_radps": 0.048210650487835696,
    "tire_rl_spindle_omega_radps": 0.04793256596544552,
    "tire_rr_spindle_omega_radps": 0.041865329701429484
  },
  "val_flat_loss": 0.002284948315118527,
  "val_flat_rmse": {
    "vel_body_x_mps": 0.0006530081594613215,
    "vel_body_y_mps": 0.0005978967946895647,
    "roll_rad": 1.1265243345872739e-05,
    "pitch_rad": 5.9336246710829665e-06,
    "roll_rate_radps": 0.0013319066272425013,
    "ang_vel_body_y_radps": 0.0006045486483141032,
    "yaw_rate_radps": 0.0012297861124799362,
    "tire_fl_force_wheel_fz_n": 36.29768486679485,
    "tire_fr_force_wheel_fz_n": 36.45557404101878,
    "tire_rl_force_wheel_fz_n": 22.728424453598386,
    "tire_rr_force_wheel_fz_n": 21.870356329102506,
    "tire_fl_spindle_omega_radps": 0.047959602150134326,
    "tire_fr_spindle_omega_radps": 0.048210650487835696,
    "tire_rl_spindle_omega_radps": 0.04793256596544552,
    "tire_rr_spindle_omega_radps": 0.041865329701429484
  },
  "val_crm_loss": 0.09387313569313846,
  "val_crm_rmse": {
    "vel_body_x_mps": 0.002860549789706496,
    "vel_body_y_mps": 0.002312988473022227,
    "roll_rad": 3.569854520639197e-05,
    "pitch_rad": 2.5629164809602534e-05,
    "roll_rate_radps": 0.003470572182481624,
    "ang_vel_body_y_radps": 0.0024278175381228046,
    "yaw_rate_radps": 0.002308911687628447,
    "tire_fl_force_wheel_fz_n": 616.9177824458066,
    "tire_fr_force_wheel_fz_n": 614.8733802173836,
    "tire_rl_force_wheel_fz_n": 1003.4244934742244,
    "tire_rr_force_wheel_fz_n": 1045.931848054275,
    "tire_fl_spindle_omega_radps": 0.1305680485086839,
    "tire_fr_spindle_omega_radps": 0.13117447698510723,
    "tire_rl_spindle_omega_radps": 0.1558442832079663,
    "tire_rr_spindle_omega_radps": 0.15728868325017697
  },
  "val_mixed_loss": 0.04807904200412849,
  "rollout_flat_5.0s": {
    "xy_rmse_m": 1.065959045168558,
    "yaw_rmse_rad": 0.046079719463588804,
    "errdist": 0.1404024027208174,
    "mean_dist_m": 7.592170963684718,
    "episodes": 12
  },
  "rollout_flat_10.0s": {
    "xy_rmse_m": 3.5747569405685566,
    "yaw_rmse_rad": 0.08324656613578527,
    "errdist": 0.10150625525202751,
    "mean_dist_m": 35.2171098391215,
    "episodes": 12
  },
  "rollout_crm_5.0s": {
    "xy_rmse_m": 0.6117315662010971,
    "yaw_rmse_rad": 0.04560904906770541,
    "errdist": 0.08547913096220598,
    "mean_dist_m": 7.1565019357949495,
    "episodes": 12
  },
  "rollout_crm_10.0s": {
    "xy_rmse_m": 2.8911788016223836,
    "yaw_rmse_rad": 0.12575305579785467,
    "errdist": 0.11547715863070836,
    "mean_dist_m": 25.036802393694717,
    "episodes": 12
  },
  "rollout_sel": 0.10849170694136794
}
{
  "epoch": 70,
  "timestamp_utc": "2026-07-10T06:11:27.955715+00:00",
  "train_loss": 0.015770175744313747,
  "val_loss": 0.002207587518132641,
  "val_rmse": {
    "vel_body_x_mps": 0.0006436512184384626,
    "vel_body_y_mps": 0.0006099078295990229,
    "roll_rad": 1.1489650027500593e-05,
    "pitch_rad": 7.368016640273782e-06,
    "roll_rate_radps": 0.00132020579813016,
    "ang_vel_body_y_radps": 0.0005832035389213999,
    "yaw_rate_radps": 0.0012319853454065184,
    "tire_fl_force_wheel_fz_n": 36.07581481713941,
    "tire_fr_force_wheel_fz_n": 36.68055153378528,
    "tire_rl_force_wheel_fz_n": 22.63140462102484,
    "tire_rr_force_wheel_fz_n": 21.36302257811604,
    "tire_fl_spindle_omega_radps": 0.04506961110406961,
    "tire_fr_spindle_omega_radps": 0.04371577736962357,
    "tire_rl_spindle_omega_radps": 0.04300482499894164,
    "tire_rr_spindle_omega_radps": 0.0400687645654346
  },
  "val_flat_loss": 0.002207587518132641,
  "val_flat_rmse": {
    "vel_body_x_mps": 0.0006436512184384626,
    "vel_body_y_mps": 0.0006099078295990229,
    "roll_rad": 1.1489650027500593e-05,
    "pitch_rad": 7.368016640273782e-06,
    "roll_rate_radps": 0.00132020579813016,
    "ang_vel_body_y_radps": 0.0005832035389213999,
    "yaw_rate_radps": 0.0012319853454065184,
    "tire_fl_force_wheel_fz_n": 36.07581481713941,
    "tire_fr_force_wheel_fz_n": 36.68055153378528,
    "tire_rl_force_wheel_fz_n": 22.63140462102484,
    "tire_rr_force_wheel_fz_n": 21.36302257811604,
    "tire_fl_spindle_omega_radps": 0.04506961110406961,
    "tire_fr_spindle_omega_radps": 0.04371577736962357,
    "tire_rl_spindle_omega_radps": 0.04300482499894164,
    "tire_rr_spindle_omega_radps": 0.0400687645654346
  },
  "val_crm_loss": 0.09402830611477839,
  "val_crm_rmse": {
    "vel_body_x_mps": 0.0028545667812292994,
    "vel_body_y_mps": 0.002327785039848143,
    "roll_rad": 3.6745305652382454e-05,
    "pitch_rad": 2.6654191348229544e-05,
    "roll_rate_radps": 0.0034576462324334917,
    "ang_vel_body_y_radps": 0.0024223022747802076,
    "yaw_rate_radps": 0.0023217626164446763,
    "tire_fl_force_wheel_fz_n": 618.4733712555039,
    "tire_fr_force_wheel_fz_n": 615.1406927047576,
    "tire_rl_force_wheel_fz_n": 1007.0253224351584,
    "tire_rr_force_wheel_fz_n": 1042.1041766752235,
    "tire_fl_spindle_omega_radps": 0.13070882940892842,
    "tire_fr_spindle_omega_radps": 0.13133837505346682,
    "tire_rl_spindle_omega_radps": 0.15687318977133463,
    "tire_rr_spindle_omega_radps": 0.15762476687817087
  },
  "val_mixed_loss": 0.048117946816455516,
  "rollout_flat_5.0s": {
    "xy_rmse_m": 1.5027901116877833,
    "yaw_rmse_rad": 0.09238417682890329,
    "errdist": 0.1979394456310336,
    "mean_dist_m": 7.592170963684718,
    "episodes": 12
  },
  "rollout_flat_10.0s": {
    "xy_rmse_m": 4.923764299518978,
    "yaw_rmse_rad": 0.22638487348785508,
    "errdist": 0.13981170862718934,
    "mean_dist_m": 35.2171098391215,
    "episodes": 12
  },
  "rollout_crm_5.0s": {
    "xy_rmse_m": 0.6506546299099847,
    "yaw_rmse_rad": 0.026687219761032974,
    "errdist": 0.09091797022447246,
    "mean_dist_m": 7.1565019357949495,
    "episodes": 12
  },
  "rollout_crm_10.0s": {
    "xy_rmse_m": 1.4506864321661759,
    "yaw_rmse_rad": 0.07497883657457818,
    "errdist": 0.05794216087800084,
    "mean_dist_m": 25.036802393694717,
    "episodes": 12
  },
  "rollout_sel": 0.09887693475259508
}
{
  "epoch": 71,
  "timestamp_utc": "2026-07-10T06:12:17.626231+00:00",
  "train_loss": 0.01565171155007556,
  "val_loss": 0.0021307310347037857,
  "val_rmse": {
    "vel_body_x_mps": 0.0006371987353816221,
    "vel_body_y_mps": 0.0005927521836462731,
    "roll_rad": 1.2519619084167506e-05,
    "pitch_rad": 6.886561055089305e-06,
    "roll_rate_radps": 0.001310785360708424,
    "ang_vel_body_y_radps": 0.0005689566941620509,
    "yaw_rate_radps": 0.0012224687926716247,
    "tire_fl_force_wheel_fz_n": 35.92458605265666,
    "tire_fr_force_wheel_fz_n": 36.25841342933545,
    "tire_rl_force_wheel_fz_n": 22.276182790408352,
    "tire_rr_force_wheel_fz_n": 21.072229092918363,
    "tire_fl_spindle_omega_radps": 0.044655352682439794,
    "tire_fr_spindle_omega_radps": 0.04333554557080411,
    "tire_rl_spindle_omega_radps": 0.04212743795771894,
    "tire_rr_spindle_omega_radps": 0.039209589323430154
  },
  "val_flat_loss": 0.0021307310347037857,
  "val_flat_rmse": {
    "vel_body_x_mps": 0.0006371987353816221,
    "vel_body_y_mps": 0.0005927521836462731,
    "roll_rad": 1.2519619084167506e-05,
    "pitch_rad": 6.886561055089305e-06,
    "roll_rate_radps": 0.001310785360708424,
    "ang_vel_body_y_radps": 0.0005689566941620509,
    "yaw_rate_radps": 0.0012224687926716247,
    "tire_fl_force_wheel_fz_n": 35.92458605265666,
    "tire_fr_force_wheel_fz_n": 36.25841342933545,
    "tire_rl_force_wheel_fz_n": 22.276182790408352,
    "tire_rr_force_wheel_fz_n": 21.072229092918363,
    "tire_fl_spindle_omega_radps": 0.044655352682439794,
    "tire_fr_spindle_omega_radps": 0.04333554557080411,
    "tire_rl_spindle_omega_radps": 0.04212743795771894,
    "tire_rr_spindle_omega_radps": 0.039209589323430154
  },
  "val_crm_loss": 0.09438010555284564,
  "val_crm_rmse": {
    "vel_body_x_mps": 0.0028565847556225226,
    "vel_body_y_mps": 0.002317934918833069,
    "roll_rad": 3.693300695028843e-05,
    "pitch_rad": 2.8138050726705985e-05,
    "roll_rate_radps": 0.003457095881701832,
    "ang_vel_body_y_radps": 0.002421723120292626,
    "yaw_rate_radps": 0.002310085855585818,
    "tire_fl_force_wheel_fz_n": 620.9147675994242,
    "tire_fr_force_wheel_fz_n": 616.7141905412436,
    "tire_rl_force_wheel_fz_n": 1008.4799116466447,
    "tire_rr_force_wheel_fz_n": 1043.9704248175217,
    "tire_fl_spindle_omega_radps": 0.13132643657323703,
    "tire_fr_spindle_omega_radps": 0.13155272329688053,
    "tire_rl_spindle_omega_radps": 0.15637630410879555,
    "tire_rr_spindle_omega_radps": 0.15779884096644506
  },
  "val_mixed_loss": 0.048255418293774714,
  "rollout_flat_5.0s": {
    "xy_rmse_m": 1.2409787008387636,
    "yaw_rmse_rad": 0.07606847814243653,
    "errdist": 0.1634550521550002,
    "mean_dist_m": 7.592170963684718,
    "episodes": 12
  },
  "rollout_flat_10.0s": {
    "xy_rmse_m": 5.812465074441092,
    "yaw_rmse_rad": 0.37219543407403477,
    "errdist": 0.1650466236722305,
    "mean_dist_m": 35.2171098391215,
    "episodes": 12
  },
  "rollout_crm_5.0s": {
    "xy_rmse_m": 0.6062189425873504,
    "yaw_rmse_rad": 0.028803294144265332,
    "errdist": 0.08470883513007968,
    "mean_dist_m": 7.1565019357949495,
    "episodes": 12
  },
  "rollout_crm_10.0s": {
    "xy_rmse_m": 2.0141139125057537,
    "yaw_rmse_rad": 0.1817196313054096,
    "errdist": 0.08044613209125256,
    "mean_dist_m": 25.036802393694717,
    "episodes": 12
  },
  "rollout_sel": 0.12274637788174153
}
{
  "epoch": 72,
  "timestamp_utc": "2026-07-10T06:13:07.241329+00:00",
  "train_loss": 0.015582208514213563,
  "val_loss": 0.002130352019885322,
  "val_rmse": {
    "vel_body_x_mps": 0.000627647128456696,
    "vel_body_y_mps": 0.0006001786634731556,
    "roll_rad": 1.0350064018651153e-05,
    "pitch_rad": 5.8769160972812165e-06,
    "roll_rate_radps": 0.0013081379563882475,
    "ang_vel_body_y_radps": 0.0005689447143894356,
    "yaw_rate_radps": 0.0012245763054488218,
    "tire_fl_force_wheel_fz_n": 36.117296978790556,
    "tire_fr_force_wheel_fz_n": 36.185789798916275,
    "tire_rl_force_wheel_fz_n": 22.618082975432703,
    "tire_rr_force_wheel_fz_n": 21.218117356679755,
    "tire_fl_spindle_omega_radps": 0.044470991130872356,
    "tire_fr_spindle_omega_radps": 0.0430503084940434,
    "tire_rl_spindle_omega_radps": 0.04225099343052005,
    "tire_rr_spindle_omega_radps": 0.039226370116235545
  },
  "val_flat_loss": 0.002130352019885322,
  "val_flat_rmse": {
    "vel_body_x_mps": 0.000627647128456696,
    "vel_body_y_mps": 0.0006001786634731556,
    "roll_rad": 1.0350064018651153e-05,
    "pitch_rad": 5.8769160972812165e-06,
    "roll_rate_radps": 0.0013081379563882475,
    "ang_vel_body_y_radps": 0.0005689447143894356,
    "yaw_rate_radps": 0.0012245763054488218,
    "tire_fl_force_wheel_fz_n": 36.117296978790556,
    "tire_fr_force_wheel_fz_n": 36.185789798916275,
    "tire_rl_force_wheel_fz_n": 22.618082975432703,
    "tire_rr_force_wheel_fz_n": 21.218117356679755,
    "tire_fl_spindle_omega_radps": 0.044470991130872356,
    "tire_fr_spindle_omega_radps": 0.0430503084940434,
    "tire_rl_spindle_omega_radps": 0.04225099343052005,
    "tire_rr_spindle_omega_radps": 0.039226370116235545
  },
  "val_crm_loss": 0.09500387498061173,
  "val_crm_rmse": {
    "vel_body_x_mps": 0.0028713462674237497,
    "vel_body_y_mps": 0.002319954945297649,
    "roll_rad": 3.536116725245986e-05,
    "pitch_rad": 2.7027373568358783e-05,
    "roll_rate_radps": 0.0034522814893367362,
    "ang_vel_body_y_radps": 0.002417965670353727,
    "yaw_rate_radps": 0.002317594363369273,
    "tire_fl_force_wheel_fz_n": 618.5764390574792,
    "tire_fr_force_wheel_fz_n": 618.3079266578819,
    "tire_rl_force_wheel_fz_n": 1012.1507578529566,
    "tire_rr_force_wheel_fz_n": 1054.7581927277658,
    "tire_fl_spindle_omega_radps": 0.13079049283043867,
    "tire_fr_spindle_omega_radps": 0.13134779922462503,
    "tire_rl_spindle_omega_radps": 0.15678577425711898,
    "tire_rr_spindle_omega_radps": 0.15881375193901304
  },
  "val_mixed_loss": 0.048567113500248525,
  "rollout_flat_5.0s": {
    "xy_rmse_m": 0.856466192346913,
    "yaw_rmse_rad": 0.04488976231240782,
    "errdist": 0.11280912883068733,
    "mean_dist_m": 7.592170963684718,
    "episodes": 12
  },
  "rollout_flat_10.0s": {
    "xy_rmse_m": 2.6563511689909665,
    "yaw_rmse_rad": 0.09370768869786304,
    "errdist": 0.07542785825201691,
    "mean_dist_m": 35.2171098391215,
    "episodes": 12
  },
  "rollout_crm_5.0s": {
    "xy_rmse_m": 0.5790268063328737,
    "yaw_rmse_rad": 0.028914808003104076,
    "errdist": 0.08090919439799676,
    "mean_dist_m": 7.1565019357949495,
    "episodes": 12
  },
  "rollout_crm_10.0s": {
    "xy_rmse_m": 1.5170816203454054,
    "yaw_rmse_rad": 0.07061372522696849,
    "errdist": 0.06059406454905232,
    "mean_dist_m": 25.036802393694717,
    "episodes": 12
  },
  "rollout_sel": 0.06801096140053461
}
{
  "epoch": 73,
  "timestamp_utc": "2026-07-10T06:13:56.877695+00:00",
  "train_loss": 0.015416012795642019,
  "val_loss": 0.002241831530791387,
  "val_rmse": {
    "vel_body_x_mps": 0.0006751332868451239,
    "vel_body_y_mps": 0.0006139091262553395,
    "roll_rad": 1.1847370870574436e-05,
    "pitch_rad": 6.251736431745727e-06,
    "roll_rate_radps": 0.0013774611677325424,
    "ang_vel_body_y_radps": 0.0006034938702714082,
    "yaw_rate_radps": 0.0012286088877597398,
    "tire_fl_force_wheel_fz_n": 36.24351461485057,
    "tire_fr_force_wheel_fz_n": 36.376187754768154,
    "tire_rl_force_wheel_fz_n": 22.72654934051017,
    "tire_rr_force_wheel_fz_n": 21.172989807845862,
    "tire_fl_spindle_omega_radps": 0.0462267723747352,
    "tire_fr_spindle_omega_radps": 0.044594038401822335,
    "tire_rl_spindle_omega_radps": 0.04333707431214343,
    "tire_rr_spindle_omega_radps": 0.0416114341119493
  },
  "val_flat_loss": 0.002241831530791387,
  "val_flat_rmse": {
    "vel_body_x_mps": 0.0006751332868451239,
    "vel_body_y_mps": 0.0006139091262553395,
    "roll_rad": 1.1847370870574436e-05,
    "pitch_rad": 6.251736431745727e-06,
    "roll_rate_radps": 0.0013774611677325424,
    "ang_vel_body_y_radps": 0.0006034938702714082,
    "yaw_rate_radps": 0.0012286088877597398,
    "tire_fl_force_wheel_fz_n": 36.24351461485057,
    "tire_fr_force_wheel_fz_n": 36.376187754768154,
    "tire_rl_force_wheel_fz_n": 22.72654934051017,
    "tire_rr_force_wheel_fz_n": 21.172989807845862,
    "tire_fl_spindle_omega_radps": 0.0462267723747352,
    "tire_fr_spindle_omega_radps": 0.044594038401822335,
    "tire_rl_spindle_omega_radps": 0.04333707431214343,
    "tire_rr_spindle_omega_radps": 0.0416114341119493
  },
  "val_crm_loss": 0.09443811744218693,
  "val_crm_rmse": {
    "vel_body_x_mps": 0.0028613907677674756,
    "vel_body_y_mps": 0.002316344953624011,
    "roll_rad": 3.6352406885038866e-05,
    "pitch_rad": 2.5430084987929033e-05,
    "roll_rate_radps": 0.0034255360714125975,
    "ang_vel_body_y_radps": 0.0024203757523587476,
    "yaw_rate_radps": 0.002318747251713172,
    "tire_fl_force_wheel_fz_n": 618.7316427990258,
    "tire_fr_force_wheel_fz_n": 616.8363804014542,
    "tire_rl_force_wheel_fz_n": 1005.5743603644696,
    "tire_rr_force_wheel_fz_n": 1053.3436421533886,
    "tire_fl_spindle_omega_radps": 0.13031803232114786,
    "tire_fr_spindle_omega_radps": 0.13058916928404657,
    "tire_rl_spindle_omega_radps": 0.15581554174075507,
    "tire_rr_spindle_omega_radps": 0.15748820774391983
  },
  "val_mixed_loss": 0.048339974486489155,
  "rollout_flat_5.0s": {
    "xy_rmse_m": 0.8471945351252612,
    "yaw_rmse_rad": 0.036569593910887495,
    "errdist": 0.1115879159172795,
    "mean_dist_m": 7.592170963684718,
    "episodes": 12
  },
  "rollout_flat_10.0s": {
    "xy_rmse_m": 2.476550579952912,
    "yaw_rmse_rad": 0.1075484470373496,
    "errdist": 0.0703223686232706,
    "mean_dist_m": 35.2171098391215,
    "episodes": 12
  },
  "rollout_crm_5.0s": {
    "xy_rmse_m": 0.5732221707602788,
    "yaw_rmse_rad": 0.03758352114274947,
    "errdist": 0.08009809483781057,
    "mean_dist_m": 7.1565019357949495,
    "episodes": 12
  },
  "rollout_crm_10.0s": {
    "xy_rmse_m": 2.194745430503845,
    "yaw_rmse_rad": 0.11823313585276217,
    "errdist": 0.08766077217019419,
    "mean_dist_m": 25.036802393694717,
    "episodes": 12
  },
  "rollout_sel": 0.0789915703967324
}
{
  "epoch": 74,
  "timestamp_utc": "2026-07-10T06:14:46.557592+00:00",
  "train_loss": 0.015311063707340509,
  "val_loss": 0.002127532509930461,
  "val_rmse": {
    "vel_body_x_mps": 0.00062531565275456,
    "vel_body_y_mps": 0.0005885977397461495,
    "roll_rad": 1.1298451664129775e-05,
    "pitch_rad": 6.105449316582921e-06,
    "roll_rate_radps": 0.0013221605784568453,
    "ang_vel_body_y_radps": 0.0005654796810503977,
    "yaw_rate_radps": 0.0012212015556521433,
    "tire_fl_force_wheel_fz_n": 36.256671400207246,
    "tire_fr_force_wheel_fz_n": 36.642797657788996,
    "tire_rl_force_wheel_fz_n": 22.73460017246804,
    "tire_rr_force_wheel_fz_n": 21.1300653829073,
    "tire_fl_spindle_omega_radps": 0.044685226265719094,
    "tire_fr_spindle_omega_radps": 0.04332708660460328,
    "tire_rl_spindle_omega_radps": 0.04181285741249501,
    "tire_rr_spindle_omega_radps": 0.03883700136389438
  },
  "val_flat_loss": 0.002127532509930461,
  "val_flat_rmse": {
    "vel_body_x_mps": 0.00062531565275456,
    "vel_body_y_mps": 0.0005885977397461495,
    "roll_rad": 1.1298451664129775e-05,
    "pitch_rad": 6.105449316582921e-06,
    "roll_rate_radps": 0.0013221605784568453,
    "ang_vel_body_y_radps": 0.0005654796810503977,
    "yaw_rate_radps": 0.0012212015556521433,
    "tire_fl_force_wheel_fz_n": 36.256671400207246,
    "tire_fr_force_wheel_fz_n": 36.642797657788996,
    "tire_rl_force_wheel_fz_n": 22.73460017246804,
    "tire_rr_force_wheel_fz_n": 21.1300653829073,
    "tire_fl_spindle_omega_radps": 0.044685226265719094,
    "tire_fr_spindle_omega_radps": 0.04332708660460328,
    "tire_rl_spindle_omega_radps": 0.04181285741249501,
    "tire_rr_spindle_omega_radps": 0.03883700136389438
  },
  "val_crm_loss": 0.09482221918238792,
  "val_crm_rmse": {
    "vel_body_x_mps": 0.002862380724006729,
    "vel_body_y_mps": 0.002320261631494485,
    "roll_rad": 3.585216783103074e-05,
    "pitch_rad": 2.579992266775214e-05,
    "roll_rate_radps": 0.0034437235325170718,
    "ang_vel_body_y_radps": 0.002431744382299034,
    "yaw_rate_radps": 0.0023169989179121506,
    "tire_fl_force_wheel_fz_n": 618.1538785476288,
    "tire_fr_force_wheel_fz_n": 618.5873915099294,
    "tire_rl_force_wheel_fz_n": 1008.8799780401691,
    "tire_rr_force_wheel_fz_n": 1055.914984965721,
    "tire_fl_spindle_omega_radps": 0.13135166498327244,
    "tire_fr_spindle_omega_radps": 0.1321989163483735,
    "tire_rl_spindle_omega_radps": 0.1572462541121024,
    "tire_rr_spindle_omega_radps": 0.15917055746216852
  },
  "val_mixed_loss": 0.04847487584615919,
  "rollout_flat_5.0s": {
    "xy_rmse_m": 1.3486809008636478,
    "yaw_rmse_rad": 0.07066030997397134,
    "errdist": 0.17764100773214025,
    "mean_dist_m": 7.592170963684718,
    "episodes": 12
  },
  "rollout_flat_10.0s": {
    "xy_rmse_m": 4.053175959878256,
    "yaw_rmse_rad": 0.1550767704082169,
    "errdist": 0.11509110141047747,
    "mean_dist_m": 35.2171098391215,
    "episodes": 12
  },
  "rollout_crm_5.0s": {
    "xy_rmse_m": 0.51344272695997,
    "yaw_rmse_rad": 0.02637582912825458,
    "errdist": 0.0717449295153354,
    "mean_dist_m": 7.1565019357949495,
    "episodes": 12
  },
  "rollout_crm_10.0s": {
    "xy_rmse_m": 1.2692810845016536,
    "yaw_rmse_rad": 0.05307587039491062,
    "errdist": 0.05069661311147745,
    "mean_dist_m": 25.036802393694717,
    "episodes": 12
  },
  "rollout_sel": 0.08289385726097746
}
{
  "epoch": 75,
  "timestamp_utc": "2026-07-10T06:15:36.071292+00:00",
  "train_loss": 0.015311387991299852,
  "val_loss": 0.002120885169697431,
  "val_rmse": {
    "vel_body_x_mps": 0.0006398315721781786,
    "vel_body_y_mps": 0.0006006335948794247,
    "roll_rad": 1.0526264734641749e-05,
    "pitch_rad": 5.613320985079297e-06,
    "roll_rate_radps": 0.0013077705167885475,
    "ang_vel_body_y_radps": 0.000558954683786732,
    "yaw_rate_radps": 0.001217001065585796,
    "tire_fl_force_wheel_fz_n": 35.856427560718714,
    "tire_fr_force_wheel_fz_n": 36.26372553737736,
    "tire_rl_force_wheel_fz_n": 22.195363134845362,
    "tire_rr_force_wheel_fz_n": 21.110890860975783,
    "tire_fl_spindle_omega_radps": 0.04442995636877824,
    "tire_fr_spindle_omega_radps": 0.043386255723169176,
    "tire_rl_spindle_omega_radps": 0.04182440860525114,
    "tire_rr_spindle_omega_radps": 0.03896331931617373
  },
  "val_flat_loss": 0.002120885169697431,
  "val_flat_rmse": {
    "vel_body_x_mps": 0.0006398315721781786,
    "vel_body_y_mps": 0.0006006335948794247,
    "roll_rad": 1.0526264734641749e-05,
    "pitch_rad": 5.613320985079297e-06,
    "roll_rate_radps": 0.0013077705167885475,
    "ang_vel_body_y_radps": 0.000558954683786732,
    "yaw_rate_radps": 0.001217001065585796,
    "tire_fl_force_wheel_fz_n": 35.856427560718714,
    "tire_fr_force_wheel_fz_n": 36.26372553737736,
    "tire_rl_force_wheel_fz_n": 22.195363134845362,
    "tire_rr_force_wheel_fz_n": 21.110890860975783,
    "tire_fl_spindle_omega_radps": 0.04442995636877824,
    "tire_fr_spindle_omega_radps": 0.043386255723169176,
    "tire_rl_spindle_omega_radps": 0.04182440860525114,
    "tire_rr_spindle_omega_radps": 0.03896331931617373
  },
  "val_crm_loss": 0.09504019642161438,
  "val_crm_rmse": {
    "vel_body_x_mps": 0.0028619025424167885,
    "vel_body_y_mps": 0.002317968439469694,
    "roll_rad": 3.465833865502904e-05,
    "pitch_rad": 2.5229403390312607e-05,
    "roll_rate_radps": 0.003451419010380935,
    "ang_vel_body_y_radps": 0.00240727922442808,
    "yaw_rate_radps": 0.0023236845954178716,
    "tire_fl_force_wheel_fz_n": 620.9578067715449,
    "tire_fr_force_wheel_fz_n": 617.6723813508207,
    "tire_rl_force_wheel_fz_n": 1015.3107487324751,
    "tire_rr_force_wheel_fz_n": 1053.5190515493962,
    "tire_fl_spindle_omega_radps": 0.1302077073749631,
    "tire_fr_spindle_omega_radps": 0.1310037754149255,
    "tire_rl_spindle_omega_radps": 0.15615166133834626,
    "tire_rr_spindle_omega_radps": 0.15794804306469065
  },
  "val_mixed_loss": 0.0485805407956559,
  "rollout_flat_5.0s": {
    "xy_rmse_m": 1.907249072474477,
    "yaw_rmse_rad": 0.08906753012746392,
    "errdist": 0.25121260856707966,
    "mean_dist_m": 7.592170963684718,
    "episodes": 12
  },
  "rollout_flat_10.0s": {
    "xy_rmse_m": 5.055503846366354,
    "yaw_rmse_rad": 0.1321423885762592,
    "errdist": 0.14355249108915705,
    "mean_dist_m": 35.2171098391215,
    "episodes": 12
  },
  "rollout_crm_5.0s": {
    "xy_rmse_m": 1.0068586693561579,
    "yaw_rmse_rad": 0.06892751454095992,
    "errdist": 0.14069145490202614,
    "mean_dist_m": 7.1565019357949495,
    "episodes": 12
  },
  "rollout_crm_10.0s": {
    "xy_rmse_m": 3.4108941169061664,
    "yaw_rmse_rad": 0.15813392593942027,
    "errdist": 0.1362352133979045,
    "mean_dist_m": 25.036802393694717,
    "episodes": 12
  },
  "rollout_sel": 0.1398938522435308
}
{
  "epoch": 76,
  "timestamp_utc": "2026-07-10T06:16:25.789636+00:00",
  "train_loss": 0.015287453222554178,
  "val_loss": 0.002163914644570468,
  "val_rmse": {
    "vel_body_x_mps": 0.0006211539085517928,
    "vel_body_y_mps": 0.0005881312622182961,
    "roll_rad": 1.1216019833534115e-05,
    "pitch_rad": 5.700299112523676e-06,
    "roll_rate_radps": 0.0013065164533890494,
    "ang_vel_body_y_radps": 0.0005765299622062191,
    "yaw_rate_radps": 0.0012293038591072924,
    "tire_fl_force_wheel_fz_n": 35.96466193915459,
    "tire_fr_force_wheel_fz_n": 36.22149556369085,
    "tire_rl_force_wheel_fz_n": 22.045678088102324,
    "tire_rr_force_wheel_fz_n": 21.225495929338503,
    "tire_fl_spindle_omega_radps": 0.045120669469116394,
    "tire_fr_spindle_omega_radps": 0.04407133516658867,
    "tire_rl_spindle_omega_radps": 0.043302131160721936,
    "tire_rr_spindle_omega_radps": 0.039241807813175496
  },
  "val_flat_loss": 0.002163914644570468,
  "val_flat_rmse": {
    "vel_body_x_mps": 0.0006211539085517928,
    "vel_body_y_mps": 0.0005881312622182961,
    "roll_rad": 1.1216019833534115e-05,
    "pitch_rad": 5.700299112523676e-06,
    "roll_rate_radps": 0.0013065164533890494,
    "ang_vel_body_y_radps": 0.0005765299622062191,
    "yaw_rate_radps": 0.0012293038591072924,
    "tire_fl_force_wheel_fz_n": 35.96466193915459,
    "tire_fr_force_wheel_fz_n": 36.22149556369085,
    "tire_rl_force_wheel_fz_n": 22.045678088102324,
    "tire_rr_force_wheel_fz_n": 21.225495929338503,
    "tire_fl_spindle_omega_radps": 0.045120669469116394,
    "tire_fr_spindle_omega_radps": 0.04407133516658867,
    "tire_rl_spindle_omega_radps": 0.043302131160721936,
    "tire_rr_spindle_omega_radps": 0.039241807813175496
  },
  "val_crm_loss": 0.09509468715288677,
  "val_crm_rmse": {
    "vel_body_x_mps": 0.0028616712847383723,
    "vel_body_y_mps": 0.0023155125609974933,
    "roll_rad": 3.555018309598171e-05,
    "pitch_rad": 2.4644821703724336e-05,
    "roll_rate_radps": 0.003438418394710929,
    "ang_vel_body_y_radps": 0.002407365679037528,
    "yaw_rate_radps": 0.0023396720426151394,
    "tire_fl_force_wheel_fz_n": 621.3260589012234,
    "tire_fr_force_wheel_fz_n": 620.7016793347702,
    "tire_rl_force_wheel_fz_n": 1015.1427707530636,
    "tire_rr_force_wheel_fz_n": 1057.3907373854208,
    "tire_fl_spindle_omega_radps": 0.13109164206560603,
    "tire_fr_spindle_omega_radps": 0.13127652339567983,
    "tire_rl_spindle_omega_radps": 0.15616260363130266,
    "tire_rr_spindle_omega_radps": 0.15736337375225648
  },
  "val_mixed_loss": 0.04862930089872862,
  "rollout_flat_5.0s": {
    "xy_rmse_m": 1.1887810408814483,
    "yaw_rmse_rad": 0.05381195194036923,
    "errdist": 0.15657985661383153,
    "mean_dist_m": 7.592170963684718,
    "episodes": 12
  },
  "rollout_flat_10.0s": {
    "xy_rmse_m": 3.5077971569878352,
    "yaw_rmse_rad": 0.10972879622310995,
    "errdist": 0.09960491286798162,
    "mean_dist_m": 35.2171098391215,
    "episodes": 12
  },
  "rollout_crm_5.0s": {
    "xy_rmse_m": 0.6502887839618859,
    "yaw_rmse_rad": 0.03200254238015126,
    "errdist": 0.09086684944627929,
    "mean_dist_m": 7.1565019357949495,
    "episodes": 12
  },
  "rollout_crm_10.0s": {
    "xy_rmse_m": 1.9051135797090943,
    "yaw_rmse_rad": 0.08941390390679209,
    "errdist": 0.07609252770189531,
    "mean_dist_m": 25.036802393694717,
    "episodes": 12
  },
  "rollout_sel": 0.08784872028493847
}
{
  "epoch": 77,
  "timestamp_utc": "2026-07-10T06:17:15.505464+00:00",
  "train_loss": 0.015105325795710087,
  "val_loss": 0.0021022296857154286,
  "val_rmse": {
    "vel_body_x_mps": 0.0006285941117677424,
    "vel_body_y_mps": 0.0005924857090610365,
    "roll_rad": 1.0669299824633061e-05,
    "pitch_rad": 5.826544478524814e-06,
    "roll_rate_radps": 0.0013019319033108162,
    "ang_vel_body_y_radps": 0.0005606466815108933,
    "yaw_rate_radps": 0.0012247245027296142,
    "tire_fl_force_wheel_fz_n": 35.90986782303803,
    "tire_fr_force_wheel_fz_n": 36.35401932691795,
    "tire_rl_force_wheel_fz_n": 22.33084989958546,
    "tire_rr_force_wheel_fz_n": 20.946596726372206,
    "tire_fl_spindle_omega_radps": 0.04426907655832886,
    "tire_fr_spindle_omega_radps": 0.042809659578245444,
    "tire_rl_spindle_omega_radps": 0.04175843403253629,
    "tire_rr_spindle_omega_radps": 0.03888552220801512
  },
  "val_flat_loss": 0.0021022296857154286,
  "val_flat_rmse": {
    "vel_body_x_mps": 0.0006285941117677424,
    "vel_body_y_mps": 0.0005924857090610365,
    "roll_rad": 1.0669299824633061e-05,
    "pitch_rad": 5.826544478524814e-06,
    "roll_rate_radps": 0.0013019319033108162,
    "ang_vel_body_y_radps": 0.0005606466815108933,
    "yaw_rate_radps": 0.0012247245027296142,
    "tire_fl_force_wheel_fz_n": 35.90986782303803,
    "tire_fr_force_wheel_fz_n": 36.35401932691795,
    "tire_rl_force_wheel_fz_n": 22.33084989958546,
    "tire_rr_force_wheel_fz_n": 20.946596726372206,
    "tire_fl_spindle_omega_radps": 0.04426907655832886,
    "tire_fr_spindle_omega_radps": 0.042809659578245444,
    "tire_rl_spindle_omega_radps": 0.04175843403253629,
    "tire_rr_spindle_omega_radps": 0.03888552220801512
  },
  "val_crm_loss": 0.09473588030436077,
  "val_crm_rmse": {
    "vel_body_x_mps": 0.0028498933230805515,
    "vel_body_y_mps": 0.0023132029425555153,
    "roll_rad": 3.492641692061597e-05,
    "pitch_rad": 2.566019161226611e-05,
    "roll_rate_radps": 0.0034247209869368825,
    "ang_vel_body_y_radps": 0.002398358477656306,
    "yaw_rate_radps": 0.0023155830627189134,
    "tire_fl_force_wheel_fz_n": 620.6447251023433,
    "tire_fr_force_wheel_fz_n": 618.3408462677247,
    "tire_rl_force_wheel_fz_n": 1011.6927537019658,
    "tire_rr_force_wheel_fz_n": 1051.6638325041372,
    "tire_fl_spindle_omega_radps": 0.1284983246327961,
    "tire_fr_spindle_omega_radps": 0.12962465967148099,
    "tire_rl_spindle_omega_radps": 0.1549375537073954,
    "tire_rr_spindle_omega_radps": 0.15647930058453968
  },
  "val_mixed_loss": 0.0484190549950381,
  "rollout_flat_5.0s": {
    "xy_rmse_m": 1.225869048138794,
    "yaw_rmse_rad": 0.07937072304657022,
    "errdist": 0.16146488981905663,
    "mean_dist_m": 7.592170963684718,
    "episodes": 12
  },
  "rollout_flat_10.0s": {
    "xy_rmse_m": 3.2321249619741006,
    "yaw_rmse_rad": 0.14079043384872886,
    "errdist": 0.09177712131231286,
    "mean_dist_m": 35.2171098391215,
    "episodes": 12
  },
  "rollout_crm_5.0s": {
    "xy_rmse_m": 0.5983606799937776,
    "yaw_rmse_rad": 0.028766443899871517,
    "errdist": 0.08361077595758538,
    "mean_dist_m": 7.1565019357949495,
    "episodes": 12
  },
  "rollout_crm_10.0s": {
    "xy_rmse_m": 1.7722555527132149,
    "yaw_rmse_rad": 0.06780140732939885,
    "errdist": 0.07078601831196865,
    "mean_dist_m": 25.036802393694717,
    "episodes": 12
  },
  "rollout_sel": 0.08128156981214076
}
{
  "epoch": 78,
  "timestamp_utc": "2026-07-10T06:18:05.161541+00:00",
  "train_loss": 0.015120966332498938,
  "val_loss": 0.0020940894198429303,
  "val_rmse": {
    "vel_body_x_mps": 0.0006146884775427348,
    "vel_body_y_mps": 0.0005892410205462542,
    "roll_rad": 1.122259584914078e-05,
    "pitch_rad": 6.346490795888661e-06,
    "roll_rate_radps": 0.0013010990359196355,
    "ang_vel_body_y_radps": 0.0005597139055952748,
    "yaw_rate_radps": 0.0012188120745376312,
    "tire_fl_force_wheel_fz_n": 35.97621016763305,
    "tire_fr_force_wheel_fz_n": 35.91377069686235,
    "tire_rl_force_wheel_fz_n": 22.09501534298504,
    "tire_rr_force_wheel_fz_n": 21.06887069640418,
    "tire_fl_spindle_omega_radps": 0.04420901593035152,
    "tire_fr_spindle_omega_radps": 0.04299241119655433,
    "tire_rl_spindle_omega_radps": 0.041924046031118226,
    "tire_rr_spindle_omega_radps": 0.038792729590927374
  },
  "val_flat_loss": 0.0020940894198429303,
  "val_flat_rmse": {
    "vel_body_x_mps": 0.0006146884775427348,
    "vel_body_y_mps": 0.0005892410205462542,
    "roll_rad": 1.122259584914078e-05,
    "pitch_rad": 6.346490795888661e-06,
    "roll_rate_radps": 0.0013010990359196355,
    "ang_vel_body_y_radps": 0.0005597139055952748,
    "yaw_rate_radps": 0.0012188120745376312,
    "tire_fl_force_wheel_fz_n": 35.97621016763305,
    "tire_fr_force_wheel_fz_n": 35.91377069686235,
    "tire_rl_force_wheel_fz_n": 22.09501534298504,
    "tire_rr_force_wheel_fz_n": 21.06887069640418,
    "tire_fl_spindle_omega_radps": 0.04420901593035152,
    "tire_fr_spindle_omega_radps": 0.04299241119655433,
    "tire_rl_spindle_omega_radps": 0.041924046031118226,
    "tire_rr_spindle_omega_radps": 0.038792729590927374
  },
  "val_crm_loss": 0.0953817409905605,
  "val_crm_rmse": {
    "vel_body_x_mps": 0.002861559087964082,
    "vel_body_y_mps": 0.00230793288255125,
    "roll_rad": 3.531668275138984e-05,
    "pitch_rad": 2.5566258676773848e-05,
    "roll_rate_radps": 0.0034103019523593825,
    "ang_vel_body_y_radps": 0.00241462026336221,
    "yaw_rate_radps": 0.0023167479400016816,
    "tire_fl_force_wheel_fz_n": 623.4642414534243,
    "tire_fr_force_wheel_fz_n": 619.7045140657102,
    "tire_rl_force_wheel_fz_n": 1017.4548563670395,
    "tire_rr_force_wheel_fz_n": 1062.053086951052,
    "tire_fl_spindle_omega_radps": 0.12903927045590532,
    "tire_fr_spindle_omega_radps": 0.1299418852000768,
    "tire_rl_spindle_omega_radps": 0.15500339165590798,
    "tire_rr_spindle_omega_radps": 0.15683737148769425
  },
  "val_mixed_loss": 0.048737915205201716,
  "rollout_flat_5.0s": {
    "xy_rmse_m": 1.474355302856705,
    "yaw_rmse_rad": 0.0802349878997819,
    "errdist": 0.1941941652669468,
    "mean_dist_m": 7.592170963684718,
    "episodes": 12
  },
  "rollout_flat_10.0s": {
    "xy_rmse_m": 3.8531166256836547,
    "yaw_rmse_rad": 0.14334823156247722,
    "errdist": 0.10941035886492188,
    "mean_dist_m": 35.2171098391215,
    "episodes": 12
  },
  "rollout_crm_5.0s": {
    "xy_rmse_m": 0.4392899305452905,
    "yaw_rmse_rad": 0.023606167442619428,
    "errdist": 0.06138333147764234,
    "mean_dist_m": 7.1565019357949495,
    "episodes": 12
  },
  "rollout_crm_10.0s": {
    "xy_rmse_m": 1.6627431912487103,
    "yaw_rmse_rad": 0.30082775308661674,
    "errdist": 0.06641196288178783,
    "mean_dist_m": 25.036802393694717,
    "episodes": 12
  },
  "rollout_sel": 0.08791116087335485
}
{
  "epoch": 79,
  "timestamp_utc": "2026-07-10T06:18:54.887540+00:00",
  "train_loss": 0.015090929521480575,
  "val_loss": 0.00215313850718303,
  "val_rmse": {
    "vel_body_x_mps": 0.0006249738681678379,
    "vel_body_y_mps": 0.0006012249952321109,
    "roll_rad": 1.0934968597684468e-05,
    "pitch_rad": 6.091897533522551e-06,
    "roll_rate_radps": 0.0013124756053101295,
    "ang_vel_body_y_radps": 0.0005608735349992143,
    "yaw_rate_radps": 0.0012465402575391404,
    "tire_fl_force_wheel_fz_n": 35.92690095325225,
    "tire_fr_force_wheel_fz_n": 36.17679996388652,
    "tire_rl_force_wheel_fz_n": 22.20367496246937,
    "tire_rr_force_wheel_fz_n": 20.93010506902933,
    "tire_fl_spindle_omega_radps": 0.044148263019466505,
    "tire_fr_spindle_omega_radps": 0.04314898436466428,
    "tire_rl_spindle_omega_radps": 0.04175895934276243,
    "tire_rr_spindle_omega_radps": 0.03932233538610612
  },
  "val_flat_loss": 0.00215313850718303,
  "val_flat_rmse": {
    "vel_body_x_mps": 0.0006249738681678379,
    "vel_body_y_mps": 0.0006012249952321109,
    "roll_rad": 1.0934968597684468e-05,
    "pitch_rad": 6.091897533522551e-06,
    "roll_rate_radps": 0.0013124756053101295,
    "ang_vel_body_y_radps": 0.0005608735349992143,
    "yaw_rate_radps": 0.0012465402575391404,
    "tire_fl_force_wheel_fz_n": 35.92690095325225,
    "tire_fr_force_wheel_fz_n": 36.17679996388652,
    "tire_rl_force_wheel_fz_n": 22.20367496246937,
    "tire_rr_force_wheel_fz_n": 20.93010506902933,
    "tire_fl_spindle_omega_radps": 0.044148263019466505,
    "tire_fr_spindle_omega_radps": 0.04314898436466428,
    "tire_rl_spindle_omega_radps": 0.04175895934276243,
    "tire_rr_spindle_omega_radps": 0.03932233538610612
  },
  "val_crm_loss": 0.09569610238773749,
  "val_crm_rmse": {
    "vel_body_x_mps": 0.0028506386677323746,
    "vel_body_y_mps": 0.0023102381448658164,
    "roll_rad": 3.593326026916909e-05,
    "pitch_rad": 2.5068598442284817e-05,
    "roll_rate_radps": 0.0034499933021815534,
    "ang_vel_body_y_radps": 0.0024210930334377474,
    "yaw_rate_radps": 0.0023234883036315724,
    "tire_fl_force_wheel_fz_n": 625.5066515593735,
    "tire_fr_force_wheel_fz_n": 623.0967309754913,
    "tire_rl_force_wheel_fz_n": 1020.3071130887656,
    "tire_rr_force_wheel_fz_n": 1060.3939549615195,
    "tire_fl_spindle_omega_radps": 0.1315500481654829,
    "tire_fr_spindle_omega_radps": 0.1324610135737018,
    "tire_rl_spindle_omega_radps": 0.1574352851189614,
    "tire_rr_spindle_omega_radps": 0.1588034517571212
  },
  "val_mixed_loss": 0.04892462044746026,
  "rollout_flat_5.0s": {
    "xy_rmse_m": 0.8797319349288041,
    "yaw_rmse_rad": 0.035845983171696724,
    "errdist": 0.11587356753908537,
    "mean_dist_m": 7.592170963684718,
    "episodes": 12
  },
  "rollout_flat_10.0s": {
    "xy_rmse_m": 3.0241528201703805,
    "yaw_rmse_rad": 0.06300990007209452,
    "errdist": 0.0858716923105073,
    "mean_dist_m": 35.2171098391215,
    "episodes": 12
  },
  "rollout_crm_5.0s": {
    "xy_rmse_m": 0.9649113437795578,
    "yaw_rmse_rad": 0.05892457829152489,
    "errdist": 0.1348300262385627,
    "mean_dist_m": 7.1565019357949495,
    "episodes": 12
  },
  "rollout_crm_10.0s": {
    "xy_rmse_m": 3.6140657689285502,
    "yaw_rmse_rad": 0.16060796642135766,
    "errdist": 0.144350133539366,
    "mean_dist_m": 25.036802393694717,
    "episodes": 12
  },
  "rollout_sel": 0.11511091292493664
}
{
  "epoch": 80,
  "timestamp_utc": "2026-07-10T06:19:44.641678+00:00",
  "train_loss": 0.015019384991843254,
  "val_loss": 0.0020783408943407266,
  "val_rmse": {
    "vel_body_x_mps": 0.0006262138643183668,
    "vel_body_y_mps": 0.0005897521465278195,
    "roll_rad": 1.0740008488278498e-05,
    "pitch_rad": 5.666492798098494e-06,
    "roll_rate_radps": 0.0012948130290620456,
    "ang_vel_body_y_radps": 0.0005593405565052502,
    "yaw_rate_radps": 0.0012248215779988093,
    "tire_fl_force_wheel_fz_n": 35.52015236853823,
    "tire_fr_force_wheel_fz_n": 35.82725301693757,
    "tire_rl_force_wheel_fz_n": 22.050282553724372,
    "tire_rr_force_wheel_fz_n": 20.77160611541755,
    "tire_fl_spindle_omega_radps": 0.04394399393464618,
    "tire_fr_spindle_omega_radps": 0.04248486726306978,
    "tire_rl_spindle_omega_radps": 0.041460343399840456,
    "tire_rr_spindle_omega_radps": 0.03900421509945117
  },
  "val_flat_loss": 0.0020783408943407266,
  "val_flat_rmse": {
    "vel_body_x_mps": 0.0006262138643183668,
    "vel_body_y_mps": 0.0005897521465278195,
    "roll_rad": 1.0740008488278498e-05,
    "pitch_rad": 5.666492798098494e-06,
    "roll_rate_radps": 0.0012948130290620456,
    "ang_vel_body_y_radps": 0.0005593405565052502,
    "yaw_rate_radps": 0.0012248215779988093,
    "tire_fl_force_wheel_fz_n": 35.52015236853823,
    "tire_fr_force_wheel_fz_n": 35.82725301693757,
    "tire_rl_force_wheel_fz_n": 22.050282553724372,
    "tire_rr_force_wheel_fz_n": 20.77160611541755,
    "tire_fl_spindle_omega_radps": 0.04394399393464618,
    "tire_fr_spindle_omega_radps": 0.04248486726306978,
    "tire_rl_spindle_omega_radps": 0.041460343399840456,
    "tire_rr_spindle_omega_radps": 0.03900421509945117
  },
  "val_crm_loss": 0.09548464615887496,
  "val_crm_rmse": {
    "vel_body_x_mps": 0.002854273309226044,
    "vel_body_y_mps": 0.0023251313079119913,
    "roll_rad": 3.430930256506918e-05,
    "pitch_rad": 2.480085472360133e-05,
    "roll_rate_radps": 0.0034414810768613924,
    "ang_vel_body_y_radps": 0.0024125073228194005,
    "yaw_rate_radps": 0.0023208878318778992,
    "tire_fl_force_wheel_fz_n": 620.2736494662399,
    "tire_fr_force_wheel_fz_n": 617.9958076586696,
    "tire_rl_force_wheel_fz_n": 1020.4230916112956,
    "tire_rr_force_wheel_fz_n": 1062.5943977939196,
    "tire_fl_spindle_omega_radps": 0.13013451515218263,
    "tire_fr_spindle_omega_radps": 0.13113561957649067,
    "tire_rl_spindle_omega_radps": 0.15634428681938703,
    "tire_rr_spindle_omega_radps": 0.15747708180270567
  },
  "val_mixed_loss": 0.04878149352660784,
  "rollout_flat_5.0s": {
    "xy_rmse_m": 1.7168244222109705,
    "yaw_rmse_rad": 0.06114170533845775,
    "errdist": 0.2261308959483365,
    "mean_dist_m": 7.592170963684718,
    "episodes": 12
  },
  "rollout_flat_10.0s": {
    "xy_rmse_m": 4.893402767537642,
    "yaw_rmse_rad": 0.1012962607677407,
    "errdist": 0.13894958416212017,
    "mean_dist_m": 35.2171098391215,
    "episodes": 12
  },
  "rollout_crm_5.0s": {
    "xy_rmse_m": 0.7735319157459365,
    "yaw_rmse_rad": 0.044246616210777516,
    "errdist": 0.10808799084884367,
    "mean_dist_m": 7.1565019357949495,
    "episodes": 12
  },
  "rollout_crm_10.0s": {
    "xy_rmse_m": 3.010256089086842,
    "yaw_rmse_rad": 0.1314417690113115,
    "errdist": 0.12023324870930589,
    "mean_dist_m": 25.036802393694717,
    "episodes": 12
  },
  "rollout_sel": 0.12959141643571304
}
training completed; last checkpoint: /home/harry/NeDM/artifacts/training_runs/ablation_ofat/L6_H4_E256_ctx128/checkpoints/last.pt
