model: blind_state_fields=['q_0', 'q_1', 'q_2', 'q_3'] integrated_state_fields={'q_0': 'qd_0', 'q_1': 'qd_1', 'q_2': 'qd_2', 'q_3': 'qd_3'}
loss: type=mse huber_delta=1.0 channel_weights={'q_0': 0.0, 'q_1': 0.0, 'q_2': 0.0, 'q_3': 0.0, 'qd_0': 2.0, 'qd_1': 2.0, 'qd_2': 2.0, 'qd_3': 2.0}
{
  "epoch": 1,
  "timestamp_utc": "2026-08-15T16:30:35.862454+00:00",
  "train_loss": 0.1749964907001704,
  "val_loss": 0.08720934124663472,
  "val_rmse": {
    "q_0": 0.06360764876596886,
    "q_1": 0.025769567509697125,
    "q_2": 0.025871530691615453,
    "q_3": 0.02599826952421044,
    "qd_0": 0.1875394942833215,
    "qd_1": 0.03691930173914505,
    "qd_2": 0.04315218635672324,
    "qd_3": 0.04644699304085323
  },
  "val_arm_loss": 0.08720934124663472,
  "val_arm_rmse": {
    "q_0": 0.06360764876596886,
    "q_1": 0.025769567509697125,
    "q_2": 0.025871530691615453,
    "q_3": 0.02599826952421044,
    "qd_0": 0.1875394942833215,
    "qd_1": 0.03691930173914505,
    "qd_2": 0.04315218635672324,
    "qd_3": 0.04644699304085323
  },
  "rollout_arm_0.5s": {
    "ee_rmse_m": 1.876422740763293,
    "errdist": 0.285944297137434,
    "mean_dist_m": 6.56219676191487,
    "episodes": 82
  },
  "rollout_arm_1.0s": {
    "ee_rmse_m": 3.0976187185831034,
    "errdist": 0.30466122702868925,
    "mean_dist_m": 10.16742021554127,
    "episodes": 82
  },
  "rollout_arm_2.0s": {
    "ee_rmse_m": 4.211636031144768,
    "errdist": 0.2814416835750355,
    "mean_dist_m": 14.96450695449986,
    "episodes": 82
  },
  "rollout_sel": 0.285944297137434
}
{
  "epoch": 2,
  "timestamp_utc": "2026-08-15T16:31:05.160143+00:00",
  "train_loss": 0.06603925503604115,
  "val_loss": 0.06434759233146906,
  "val_rmse": {
    "q_0": 0.06334571337010272,
    "q_1": 0.025487759709731602,
    "q_2": 0.02592917573464177,
    "q_3": 0.02558583614062205,
    "qd_0": 0.1630801525239208,
    "qd_1": 0.030671389154460525,
    "qd_2": 0.03587689566166991,
    "qd_3": 0.0408611378965542
  },
  "val_arm_loss": 0.06434759233146906,
  "val_arm_rmse": {
    "q_0": 0.06334571337010272,
    "q_1": 0.025487759709731602,
    "q_2": 0.02592917573464177,
    "q_3": 0.02558583614062205,
    "qd_0": 0.1630801525239208,
    "qd_1": 0.030671389154460525,
    "qd_2": 0.03587689566166991,
    "qd_3": 0.0408611378965542
  },
  "rollout_arm_0.5s": {
    "ee_rmse_m": 1.0165189737295697,
    "errdist": 0.15490528714852894,
    "mean_dist_m": 6.56219676191487,
    "episodes": 82
  },
  "rollout_arm_1.0s": {
    "ee_rmse_m": 1.864173365436739,
    "errdist": 0.18334772498015597,
    "mean_dist_m": 10.16742021554127,
    "episodes": 82
  },
  "rollout_arm_2.0s": {
    "ee_rmse_m": 2.5654504619431515,
    "errdist": 0.1714356824279944,
    "mean_dist_m": 14.96450695449986,
    "episodes": 82
  },
  "rollout_sel": 0.15490528714852894
}
{
  "epoch": 3,
  "timestamp_utc": "2026-08-15T16:31:34.430008+00:00",
  "train_loss": 0.05261387592926622,
  "val_loss": 0.057505410723388196,
  "val_rmse": {
    "q_0": 0.06330573231472363,
    "q_1": 0.025341951608300294,
    "q_2": 0.02627799172524529,
    "q_3": 0.02581273203908599,
    "qd_0": 0.1572718908311512,
    "qd_1": 0.02833775111622863,
    "qd_2": 0.03334574635575686,
    "qd_3": 0.03813240934091103
  },
  "val_arm_loss": 0.057505410723388196,
  "val_arm_rmse": {
    "q_0": 0.06330573231472363,
    "q_1": 0.025341951608300294,
    "q_2": 0.02627799172524529,
    "q_3": 0.02581273203908599,
    "qd_0": 0.1572718908311512,
    "qd_1": 0.02833775111622863,
    "qd_2": 0.03334574635575686,
    "qd_3": 0.03813240934091103
  },
  "rollout_arm_0.5s": {
    "ee_rmse_m": 0.5310233564881154,
    "errdist": 0.08092158399913035,
    "mean_dist_m": 6.56219676191487,
    "episodes": 82
  },
  "rollout_arm_1.0s": {
    "ee_rmse_m": 1.6381848439978048,
    "errdist": 0.16112099325783544,
    "mean_dist_m": 10.16742021554127,
    "episodes": 82
  },
  "rollout_arm_2.0s": {
    "ee_rmse_m": 2.7930896900258637,
    "errdist": 0.18664762551271197,
    "mean_dist_m": 14.96450695449986,
    "episodes": 82
  },
  "rollout_sel": 0.08092158399913035
}
{
  "epoch": 4,
  "timestamp_utc": "2026-08-15T16:32:15.695822+00:00",
  "train_loss": 0.046262816781178114,
  "val_loss": 0.05484830637462437,
  "val_rmse": {
    "q_0": 0.06350040502448676,
    "q_1": 0.025808291635019128,
    "q_2": 0.02624832748861501,
    "q_3": 0.02579358192566839,
    "qd_0": 0.14649082922425627,
    "qd_1": 0.027046950426807336,
    "qd_2": 0.03159943974410972,
    "qd_3": 0.041736026387217566
  },
  "val_arm_loss": 0.05484830637462437,
  "val_arm_rmse": {
    "q_0": 0.06350040502448676,
    "q_1": 0.025808291635019128,
    "q_2": 0.02624832748861501,
    "q_3": 0.02579358192566839,
    "qd_0": 0.14649082922425627,
    "qd_1": 0.027046950426807336,
    "qd_2": 0.03159943974410972,
    "qd_3": 0.041736026387217566
  },
  "rollout_arm_0.5s": {
    "ee_rmse_m": 0.6180045169679149,
    "errdist": 0.09417646855008036,
    "mean_dist_m": 6.56219676191487,
    "episodes": 82
  },
  "rollout_arm_1.0s": {
    "ee_rmse_m": 1.4104113510276264,
    "errdist": 0.13871870357750746,
    "mean_dist_m": 10.16742021554127,
    "episodes": 82
  },
  "rollout_arm_2.0s": {
    "ee_rmse_m": 2.259977842647539,
    "errdist": 0.15102253950090608,
    "mean_dist_m": 14.96450695449986,
    "episodes": 82
  },
  "rollout_sel": 0.09417646855008036
}
{
  "epoch": 5,
  "timestamp_utc": "2026-08-15T16:33:07.432737+00:00",
  "train_loss": 0.042434998693875965,
  "val_loss": 0.05200260947458446,
  "val_rmse": {
    "q_0": 0.06315187356485305,
    "q_1": 0.02592874273184306,
    "q_2": 0.026105875815294017,
    "q_3": 0.025979042177153758,
    "qd_0": 0.1489399453251786,
    "qd_1": 0.026532348182358428,
    "qd_2": 0.031201463516645375,
    "qd_3": 0.03731768258329295
  },
  "val_arm_loss": 0.05200260947458446,
  "val_arm_rmse": {
    "q_0": 0.06315187356485305,
    "q_1": 0.02592874273184306,
    "q_2": 0.026105875815294017,
    "q_3": 0.025979042177153758,
    "qd_0": 0.1489399453251786,
    "qd_1": 0.026532348182358428,
    "qd_2": 0.031201463516645375,
    "qd_3": 0.03731768258329295
  },
  "rollout_arm_0.5s": {
    "ee_rmse_m": 0.68467210939732,
    "errdist": 0.10433580921726744,
    "mean_dist_m": 6.56219676191487,
    "episodes": 82
  },
  "rollout_arm_1.0s": {
    "ee_rmse_m": 1.6406855160070826,
    "errdist": 0.1613669427667832,
    "mean_dist_m": 10.16742021554127,
    "episodes": 82
  },
  "rollout_arm_2.0s": {
    "ee_rmse_m": 3.006592852053943,
    "errdist": 0.2009149289846702,
    "mean_dist_m": 14.96450695449986,
    "episodes": 82
  },
  "rollout_sel": 0.10433580921726744
}
{
  "epoch": 6,
  "timestamp_utc": "2026-08-15T16:33:59.050028+00:00",
  "train_loss": 0.039014863868243994,
  "val_loss": 0.04651142895687371,
  "val_rmse": {
    "q_0": 0.06266447630355683,
    "q_1": 0.025911882624200477,
    "q_2": 0.02627878776461461,
    "q_3": 0.02604851990339537,
    "qd_0": 0.1364328254166316,
    "qd_1": 0.02566721959639337,
    "qd_2": 0.030271197190952396,
    "qd_3": 0.03629532618110909
  },
  "val_arm_loss": 0.04651142895687371,
  "val_arm_rmse": {
    "q_0": 0.06266447630355683,
    "q_1": 0.025911882624200477,
    "q_2": 0.02627878776461461,
    "q_3": 0.02604851990339537,
    "qd_0": 0.1364328254166316,
    "qd_1": 0.02566721959639337,
    "qd_2": 0.030271197190952396,
    "qd_3": 0.03629532618110909
  },
  "rollout_arm_0.5s": {
    "ee_rmse_m": 0.5814199570337371,
    "errdist": 0.08860142085469513,
    "mean_dist_m": 6.56219676191487,
    "episodes": 82
  },
  "rollout_arm_1.0s": {
    "ee_rmse_m": 1.2892672419746363,
    "errdist": 0.12680377270174636,
    "mean_dist_m": 10.16742021554127,
    "episodes": 82
  },
  "rollout_arm_2.0s": {
    "ee_rmse_m": 2.0929836951024545,
    "errdist": 0.1398631910470722,
    "mean_dist_m": 14.96450695449986,
    "episodes": 82
  },
  "rollout_sel": 0.08860142085469513
}
{
  "epoch": 7,
  "timestamp_utc": "2026-08-15T16:34:34.367444+00:00",
  "train_loss": 0.03745737170055509,
  "val_loss": 0.04628177834674716,
  "val_rmse": {
    "q_0": 0.06272348352864619,
    "q_1": 0.025945936639176638,
    "q_2": 0.02625424489438105,
    "q_3": 0.026098341202534157,
    "qd_0": 0.1393295228156867,
    "qd_1": 0.02494848970407763,
    "qd_2": 0.02982939300076274,
    "qd_3": 0.035515190970858694
  },
  "val_arm_loss": 0.04628177834674716,
  "val_arm_rmse": {
    "q_0": 0.06272348352864619,
    "q_1": 0.025945936639176638,
    "q_2": 0.02625424489438105,
    "q_3": 0.026098341202534157,
    "qd_0": 0.1393295228156867,
    "qd_1": 0.02494848970407763,
    "qd_2": 0.02982939300076274,
    "qd_3": 0.035515190970858694
  },
  "rollout_arm_0.5s": {
    "ee_rmse_m": 0.9005059224513798,
    "errdist": 0.13722629100024264,
    "mean_dist_m": 6.56219676191487,
    "episodes": 82
  },
  "rollout_arm_1.0s": {
    "ee_rmse_m": 2.448486863357439,
    "errdist": 0.2408169242001858,
    "mean_dist_m": 10.16742021554127,
    "episodes": 82
  },
  "rollout_arm_2.0s": {
    "ee_rmse_m": 3.488988456493854,
    "errdist": 0.23315091283008874,
    "mean_dist_m": 14.96450695449986,
    "episodes": 82
  },
  "rollout_sel": 0.13722629100024264
}
{
  "epoch": 8,
  "timestamp_utc": "2026-08-15T16:35:03.726053+00:00",
  "train_loss": 0.035847682101652026,
  "val_loss": 0.04504790746606886,
  "val_rmse": {
    "q_0": 0.0626885219191289,
    "q_1": 0.026165757640577353,
    "q_2": 0.026120096130813113,
    "q_3": 0.02609984772928205,
    "qd_0": 0.136842292468058,
    "qd_1": 0.024852506487044835,
    "qd_2": 0.02948808547027497,
    "qd_3": 0.03509526127936567
  },
  "val_arm_loss": 0.04504790746606886,
  "val_arm_rmse": {
    "q_0": 0.0626885219191289,
    "q_1": 0.026165757640577353,
    "q_2": 0.026120096130813113,
    "q_3": 0.02609984772928205,
    "qd_0": 0.136842292468058,
    "qd_1": 0.024852506487044835,
    "qd_2": 0.02948808547027497,
    "qd_3": 0.03509526127936567
  },
  "rollout_arm_0.5s": {
    "ee_rmse_m": 1.2137791442579324,
    "errdist": 0.18496536880795203,
    "mean_dist_m": 6.56219676191487,
    "episodes": 82
  },
  "rollout_arm_1.0s": {
    "ee_rmse_m": 3.0776232904251914,
    "errdist": 0.30269460936815934,
    "mean_dist_m": 10.16742021554127,
    "episodes": 82
  },
  "rollout_arm_2.0s": {
    "ee_rmse_m": 4.520253282108285,
    "errdist": 0.30206496584566955,
    "mean_dist_m": 14.96450695449986,
    "episodes": 82
  },
  "rollout_sel": 0.18496536880795203
}
{
  "epoch": 9,
  "timestamp_utc": "2026-08-15T16:35:33.043361+00:00",
  "train_loss": 0.034298546731472014,
  "val_loss": 0.04343566668685526,
  "val_rmse": {
    "q_0": 0.06281221563942231,
    "q_1": 0.02620849388529649,
    "q_2": 0.026110378389931133,
    "q_3": 0.026127995547040695,
    "qd_0": 0.13337844147488095,
    "qd_1": 0.02430080604510998,
    "qd_2": 0.029214344546869,
    "qd_3": 0.03479616133460701
  },
  "val_arm_loss": 0.04343566668685526,
  "val_arm_rmse": {
    "q_0": 0.06281221563942231,
    "q_1": 0.02620849388529649,
    "q_2": 0.026110378389931133,
    "q_3": 0.026127995547040695,
    "qd_0": 0.13337844147488095,
    "qd_1": 0.02430080604510998,
    "qd_2": 0.029214344546869,
    "qd_3": 0.03479616133460701
  },
  "rollout_arm_0.5s": {
    "ee_rmse_m": 0.49328338958402895,
    "errdist": 0.07517046615348474,
    "mean_dist_m": 6.56219676191487,
    "episodes": 82
  },
  "rollout_arm_1.0s": {
    "ee_rmse_m": 1.1743012933729386,
    "errdist": 0.11549648470100377,
    "mean_dist_m": 10.16742021554127,
    "episodes": 82
  },
  "rollout_arm_2.0s": {
    "ee_rmse_m": 1.8775189545906286,
    "errdist": 0.12546480550941602,
    "mean_dist_m": 14.96450695449986,
    "episodes": 82
  },
  "rollout_sel": 0.07517046615348474
}
{
  "epoch": 10,
  "timestamp_utc": "2026-08-15T16:36:02.479268+00:00",
  "train_loss": 0.033337954550050196,
  "val_loss": 0.04362090487964451,
  "val_rmse": {
    "q_0": 0.0626596400105327,
    "q_1": 0.026189036636937807,
    "q_2": 0.02600409878254631,
    "q_3": 0.025971205347074415,
    "qd_0": 0.13160818847721567,
    "qd_1": 0.02457800704855245,
    "qd_2": 0.029248002691406698,
    "qd_3": 0.035651692820638216
  },
  "val_arm_loss": 0.04362090487964451,
  "val_arm_rmse": {
    "q_0": 0.0626596400105327,
    "q_1": 0.026189036636937807,
    "q_2": 0.02600409878254631,
    "q_3": 0.025971205347074415,
    "qd_0": 0.13160818847721567,
    "qd_1": 0.02457800704855245,
    "qd_2": 0.029248002691406698,
    "qd_3": 0.035651692820638216
  },
  "rollout_arm_0.5s": {
    "ee_rmse_m": 0.47814957665338526,
    "errdist": 0.07286425476121501,
    "mean_dist_m": 6.56219676191487,
    "episodes": 82
  },
  "rollout_arm_1.0s": {
    "ee_rmse_m": 1.0810397130028815,
    "errdist": 0.10632389436904291,
    "mean_dist_m": 10.16742021554127,
    "episodes": 82
  },
  "rollout_arm_2.0s": {
    "ee_rmse_m": 1.480894210936955,
    "errdist": 0.09896044122533865,
    "mean_dist_m": 14.96450695449986,
    "episodes": 82
  },
  "rollout_sel": 0.07286425476121501
}
{
  "epoch": 11,
  "timestamp_utc": "2026-08-15T16:36:31.883241+00:00",
  "train_loss": 0.03260258719976991,
  "val_loss": 0.041467630197294054,
  "val_rmse": {
    "q_0": 0.06255623691115272,
    "q_1": 0.026284965909891912,
    "q_2": 0.026104609186105018,
    "q_3": 0.026063511024181495,
    "qd_0": 0.1273319934524413,
    "qd_1": 0.023862973401020008,
    "qd_2": 0.029290432698507726,
    "qd_3": 0.03465733863407936
  },
  "val_arm_loss": 0.041467630197294054,
  "val_arm_rmse": {
    "q_0": 0.06255623691115272,
    "q_1": 0.026284965909891912,
    "q_2": 0.026104609186105018,
    "q_3": 0.026063511024181495,
    "qd_0": 0.1273319934524413,
    "qd_1": 0.023862973401020008,
    "qd_2": 0.029290432698507726,
    "qd_3": 0.03465733863407936
  },
  "rollout_arm_0.5s": {
    "ee_rmse_m": 0.37344405159460287,
    "errdist": 0.05690838984925998,
    "mean_dist_m": 6.56219676191487,
    "episodes": 82
  },
  "rollout_arm_1.0s": {
    "ee_rmse_m": 0.7703235591775179,
    "errdist": 0.07576391482276404,
    "mean_dist_m": 10.16742021554127,
    "episodes": 82
  },
  "rollout_arm_2.0s": {
    "ee_rmse_m": 1.389023354278312,
    "errdist": 0.092821190734963,
    "mean_dist_m": 14.96450695449986,
    "episodes": 82
  },
  "rollout_sel": 0.05690838984925998
}
{
  "epoch": 12,
  "timestamp_utc": "2026-08-15T16:37:01.218169+00:00",
  "train_loss": 0.031361025258898736,
  "val_loss": 0.04217946761287749,
  "val_rmse": {
    "q_0": 0.06250577139563654,
    "q_1": 0.026310137714564148,
    "q_2": 0.02609766670870832,
    "q_3": 0.025963781542817366,
    "qd_0": 0.13135543646424072,
    "qd_1": 0.02374831581607084,
    "qd_2": 0.028586175944202284,
    "qd_3": 0.03464070735868051
  },
  "val_arm_loss": 0.04217946761287749,
  "val_arm_rmse": {
    "q_0": 0.06250577139563654,
    "q_1": 0.026310137714564148,
    "q_2": 0.02609766670870832,
    "q_3": 0.025963781542817366,
    "qd_0": 0.13135543646424072,
    "qd_1": 0.02374831581607084,
    "qd_2": 0.028586175944202284,
    "qd_3": 0.03464070735868051
  },
  "rollout_arm_0.5s": {
    "ee_rmse_m": 0.33329764643836296,
    "errdist": 0.05079055970597042,
    "mean_dist_m": 6.56219676191487,
    "episodes": 82
  },
  "rollout_arm_1.0s": {
    "ee_rmse_m": 0.7730921660986126,
    "errdist": 0.07603621663211217,
    "mean_dist_m": 10.16742021554127,
    "episodes": 82
  },
  "rollout_arm_2.0s": {
    "ee_rmse_m": 1.429089753148535,
    "errdist": 0.09549861933264728,
    "mean_dist_m": 14.96450695449986,
    "episodes": 82
  },
  "rollout_sel": 0.05079055970597042
}
{
  "epoch": 13,
  "timestamp_utc": "2026-08-15T16:37:30.582487+00:00",
  "train_loss": 0.030527835759334265,
  "val_loss": 0.041228645970113574,
  "val_rmse": {
    "q_0": 0.06260492208085604,
    "q_1": 0.026370574189504697,
    "q_2": 0.026009418957973637,
    "q_3": 0.025979675807429627,
    "qd_0": 0.13060677502213178,
    "qd_1": 0.023214914344418375,
    "qd_2": 0.02808933966436682,
    "qd_3": 0.034244957133369024
  },
  "val_arm_loss": 0.041228645970113574,
  "val_arm_rmse": {
    "q_0": 0.06260492208085604,
    "q_1": 0.026370574189504697,
    "q_2": 0.026009418957973637,
    "q_3": 0.025979675807429627,
    "qd_0": 0.13060677502213178,
    "qd_1": 0.023214914344418375,
    "qd_2": 0.02808933966436682,
    "qd_3": 0.034244957133369024
  },
  "rollout_arm_0.5s": {
    "ee_rmse_m": 0.40683649467634236,
    "errdist": 0.06199699726126868,
    "mean_dist_m": 6.56219676191487,
    "episodes": 82
  },
  "rollout_arm_1.0s": {
    "ee_rmse_m": 0.9601535289477887,
    "errdist": 0.09443433128495655,
    "mean_dist_m": 10.16742021554127,
    "episodes": 82
  },
  "rollout_arm_2.0s": {
    "ee_rmse_m": 1.4755833197116346,
    "errdist": 0.09860554204680451,
    "mean_dist_m": 14.96450695449986,
    "episodes": 82
  },
  "rollout_sel": 0.06199699726126868
}
{
  "epoch": 14,
  "timestamp_utc": "2026-08-15T16:37:59.868859+00:00",
  "train_loss": 0.02976385425031185,
  "val_loss": 0.045262982184067366,
  "val_rmse": {
    "q_0": 0.0625754034941282,
    "q_1": 0.026400899513266095,
    "q_2": 0.026162593906437773,
    "q_3": 0.02594410100712395,
    "qd_0": 0.14129894857885436,
    "qd_1": 0.024196667349415685,
    "qd_2": 0.028489900664994485,
    "qd_3": 0.03460304714006619
  },
  "val_arm_loss": 0.045262982184067366,
  "val_arm_rmse": {
    "q_0": 0.0625754034941282,
    "q_1": 0.026400899513266095,
    "q_2": 0.026162593906437773,
    "q_3": 0.02594410100712395,
    "qd_0": 0.14129894857885436,
    "qd_1": 0.024196667349415685,
    "qd_2": 0.028489900664994485,
    "qd_3": 0.03460304714006619
  },
  "rollout_arm_0.5s": {
    "ee_rmse_m": 0.6089399675165783,
    "errdist": 0.09279514004375689,
    "mean_dist_m": 6.56219676191487,
    "episodes": 82
  },
  "rollout_arm_1.0s": {
    "ee_rmse_m": 1.8717781442631354,
    "errdist": 0.18409568057411993,
    "mean_dist_m": 10.16742021554127,
    "episodes": 82
  },
  "rollout_arm_2.0s": {
    "ee_rmse_m": 3.0805252009122595,
    "errdist": 0.20585544249995746,
    "mean_dist_m": 14.96450695449986,
    "episodes": 82
  },
  "rollout_sel": 0.09279514004375689
}
{
  "epoch": 15,
  "timestamp_utc": "2026-08-15T16:38:29.185035+00:00",
  "train_loss": 0.02918204279243946,
  "val_loss": 0.040695132953114804,
  "val_rmse": {
    "q_0": 0.06257248719697965,
    "q_1": 0.026412099002372715,
    "q_2": 0.02613596085343272,
    "q_3": 0.02594485309605415,
    "qd_0": 0.12683681531748447,
    "qd_1": 0.023935120150333385,
    "qd_2": 0.028363873624563836,
    "qd_3": 0.03431993563251722
  },
  "val_arm_loss": 0.040695132953114804,
  "val_arm_rmse": {
    "q_0": 0.06257248719697965,
    "q_1": 0.026412099002372715,
    "q_2": 0.02613596085343272,
    "q_3": 0.02594485309605415,
    "qd_0": 0.12683681531748447,
    "qd_1": 0.023935120150333385,
    "qd_2": 0.028363873624563836,
    "qd_3": 0.03431993563251722
  },
  "rollout_arm_0.5s": {
    "ee_rmse_m": 0.5621088316482056,
    "errdist": 0.08565863719761131,
    "mean_dist_m": 6.56219676191487,
    "episodes": 82
  },
  "rollout_arm_1.0s": {
    "ee_rmse_m": 1.631640173188304,
    "errdist": 0.16047730285547585,
    "mean_dist_m": 10.16742021554127,
    "episodes": 82
  },
  "rollout_arm_2.0s": {
    "ee_rmse_m": 2.288321345880797,
    "errdist": 0.15291658808663214,
    "mean_dist_m": 14.96450695449986,
    "episodes": 82
  },
  "rollout_sel": 0.08565863719761131
}
{
  "epoch": 16,
  "timestamp_utc": "2026-08-15T16:38:58.474500+00:00",
  "train_loss": 0.028638175347819924,
  "val_loss": 0.04199465387035161,
  "val_rmse": {
    "q_0": 0.06259626082555142,
    "q_1": 0.026432056630695023,
    "q_2": 0.026065576396665895,
    "q_3": 0.02592964677730788,
    "qd_0": 0.133035927019845,
    "qd_1": 0.023657553360084814,
    "qd_2": 0.028014530144671704,
    "qd_3": 0.03408331453177511
  },
  "val_arm_loss": 0.04199465387035161,
  "val_arm_rmse": {
    "q_0": 0.06259626082555142,
    "q_1": 0.026432056630695023,
    "q_2": 0.026065576396665895,
    "q_3": 0.02592964677730788,
    "qd_0": 0.133035927019845,
    "qd_1": 0.023657553360084814,
    "qd_2": 0.028014530144671704,
    "qd_3": 0.03408331453177511
  },
  "rollout_arm_0.5s": {
    "ee_rmse_m": 0.5055706943423457,
    "errdist": 0.07704290387580798,
    "mean_dist_m": 6.56219676191487,
    "episodes": 82
  },
  "rollout_arm_1.0s": {
    "ee_rmse_m": 1.1644732417570727,
    "errdist": 0.11452986274503862,
    "mean_dist_m": 10.16742021554127,
    "episodes": 82
  },
  "rollout_arm_2.0s": {
    "ee_rmse_m": 1.9003319588826868,
    "errdist": 0.12698927967762097,
    "mean_dist_m": 14.96450695449986,
    "episodes": 82
  },
  "rollout_sel": 0.07704290387580798
}
{
  "epoch": 17,
  "timestamp_utc": "2026-08-15T16:39:27.809462+00:00",
  "train_loss": 0.027652726702392102,
  "val_loss": 0.039440519670024515,
  "val_rmse": {
    "q_0": 0.0626869460027903,
    "q_1": 0.02649448414495968,
    "q_2": 0.026009280845600693,
    "q_3": 0.025861080917238762,
    "qd_0": 0.1272850034048771,
    "qd_1": 0.022760544917614662,
    "qd_2": 0.027406787523042153,
    "qd_3": 0.03371509090086207
  },
  "val_arm_loss": 0.039440519670024515,
  "val_arm_rmse": {
    "q_0": 0.0626869460027903,
    "q_1": 0.02649448414495968,
    "q_2": 0.026009280845600693,
    "q_3": 0.025861080917238762,
    "qd_0": 0.1272850034048771,
    "qd_1": 0.022760544917614662,
    "qd_2": 0.027406787523042153,
    "qd_3": 0.03371509090086207
  },
  "rollout_arm_0.5s": {
    "ee_rmse_m": 0.7867441442001487,
    "errdist": 0.11989036183221276,
    "mean_dist_m": 6.56219676191487,
    "episodes": 82
  },
  "rollout_arm_1.0s": {
    "ee_rmse_m": 2.3753215678340087,
    "errdist": 0.23362087112355637,
    "mean_dist_m": 10.16742021554127,
    "episodes": 82
  },
  "rollout_arm_2.0s": {
    "ee_rmse_m": 3.0705962955593353,
    "errdist": 0.2051919455078338,
    "mean_dist_m": 14.96450695449986,
    "episodes": 82
  },
  "rollout_sel": 0.11989036183221276
}
{
  "epoch": 18,
  "timestamp_utc": "2026-08-15T16:39:57.067677+00:00",
  "train_loss": 0.027149893533438444,
  "val_loss": 0.04039380275644362,
  "val_rmse": {
    "q_0": 0.06275694685803695,
    "q_1": 0.026495744205220363,
    "q_2": 0.02604535159831545,
    "q_3": 0.02586737397728356,
    "qd_0": 0.128686875781773,
    "qd_1": 0.023306066348670728,
    "qd_2": 0.028021846198424596,
    "qd_3": 0.03374643120103376
  },
  "val_arm_loss": 0.04039380275644362,
  "val_arm_rmse": {
    "q_0": 0.06275694685803695,
    "q_1": 0.026495744205220363,
    "q_2": 0.02604535159831545,
    "q_3": 0.02586737397728356,
    "qd_0": 0.128686875781773,
    "qd_1": 0.023306066348670728,
    "qd_2": 0.028021846198424596,
    "qd_3": 0.03374643120103376
  },
  "rollout_arm_0.5s": {
    "ee_rmse_m": 0.2618072713455281,
    "errdist": 0.039896284863779656,
    "mean_dist_m": 6.56219676191487,
    "episodes": 82
  },
  "rollout_arm_1.0s": {
    "ee_rmse_m": 0.7782435225388,
    "errdist": 0.07654286987659137,
    "mean_dist_m": 10.16742021554127,
    "episodes": 82
  },
  "rollout_arm_2.0s": {
    "ee_rmse_m": 1.5249922894850114,
    "errdist": 0.1019072859614959,
    "mean_dist_m": 14.96450695449986,
    "episodes": 82
  },
  "rollout_sel": 0.039896284863779656
}
{
  "epoch": 19,
  "timestamp_utc": "2026-08-15T16:40:26.363355+00:00",
  "train_loss": 0.0267219931143336,
  "val_loss": 0.04119499535299838,
  "val_rmse": {
    "q_0": 0.06268259431766156,
    "q_1": 0.026546631552364294,
    "q_2": 0.025996023904659476,
    "q_3": 0.02588930924911936,
    "qd_0": 0.13258394450433875,
    "qd_1": 0.023201109733128222,
    "qd_2": 0.027777209265464606,
    "qd_3": 0.0335209596239496
  },
  "val_arm_loss": 0.04119499535299838,
  "val_arm_rmse": {
    "q_0": 0.06268259431766156,
    "q_1": 0.026546631552364294,
    "q_2": 0.025996023904659476,
    "q_3": 0.02588930924911936,
    "qd_0": 0.13258394450433875,
    "qd_1": 0.023201109733128222,
    "qd_2": 0.027777209265464606,
    "qd_3": 0.0335209596239496
  },
  "rollout_arm_0.5s": {
    "ee_rmse_m": 0.3225114876159704,
    "errdist": 0.04914687860134516,
    "mean_dist_m": 6.56219676191487,
    "episodes": 82
  },
  "rollout_arm_1.0s": {
    "ee_rmse_m": 0.8495012015898502,
    "errdist": 0.08355130245245071,
    "mean_dist_m": 10.16742021554127,
    "episodes": 82
  },
  "rollout_arm_2.0s": {
    "ee_rmse_m": 1.6078369059373008,
    "errdist": 0.10744335986651539,
    "mean_dist_m": 14.96450695449986,
    "episodes": 82
  },
  "rollout_sel": 0.04914687860134516
}
{
  "epoch": 20,
  "timestamp_utc": "2026-08-15T16:40:55.654087+00:00",
  "train_loss": 0.026343289209064095,
  "val_loss": 0.040861265081912276,
  "val_rmse": {
    "q_0": 0.06271612321552515,
    "q_1": 0.026565590705875896,
    "q_2": 0.02602719297266133,
    "q_3": 0.025884545528275883,
    "qd_0": 0.13078001782046986,
    "qd_1": 0.023160184998737912,
    "qd_2": 0.02779106323466039,
    "qd_3": 0.033840940335968836
  },
  "val_arm_loss": 0.040861265081912276,
  "val_arm_rmse": {
    "q_0": 0.06271612321552515,
    "q_1": 0.026565590705875896,
    "q_2": 0.02602719297266133,
    "q_3": 0.025884545528275883,
    "qd_0": 0.13078001782046986,
    "qd_1": 0.023160184998737912,
    "qd_2": 0.02779106323466039,
    "qd_3": 0.033840940335968836
  },
  "rollout_arm_0.5s": {
    "ee_rmse_m": 0.42207914317455386,
    "errdist": 0.06431979388734296,
    "mean_dist_m": 6.56219676191487,
    "episodes": 82
  },
  "rollout_arm_1.0s": {
    "ee_rmse_m": 0.9835292567657172,
    "errdist": 0.09673341279456092,
    "mean_dist_m": 10.16742021554127,
    "episodes": 82
  },
  "rollout_arm_2.0s": {
    "ee_rmse_m": 1.4691316040752174,
    "errdist": 0.09817440751921641,
    "mean_dist_m": 14.96450695449986,
    "episodes": 82
  },
  "rollout_sel": 0.06431979388734296
}
{
  "epoch": 21,
  "timestamp_utc": "2026-08-15T16:41:24.950545+00:00",
  "train_loss": 0.026009992682840676,
  "val_loss": 0.04007347372360528,
  "val_rmse": {
    "q_0": 0.06278364678614172,
    "q_1": 0.02652074254991819,
    "q_2": 0.025986343199583713,
    "q_3": 0.025890637792843816,
    "qd_0": 0.12806374943734825,
    "qd_1": 0.022952145219632594,
    "qd_2": 0.027942477262781644,
    "qd_3": 0.03383680984565574
  },
  "val_arm_loss": 0.04007347372360528,
  "val_arm_rmse": {
    "q_0": 0.06278364678614172,
    "q_1": 0.02652074254991819,
    "q_2": 0.025986343199583713,
    "q_3": 0.025890637792843816,
    "qd_0": 0.12806374943734825,
    "qd_1": 0.022952145219632594,
    "qd_2": 0.027942477262781644,
    "qd_3": 0.03383680984565574
  },
  "rollout_arm_0.5s": {
    "ee_rmse_m": 0.2899042849940875,
    "errdist": 0.044177932407728125,
    "mean_dist_m": 6.56219676191487,
    "episodes": 82
  },
  "rollout_arm_1.0s": {
    "ee_rmse_m": 0.7615695496099157,
    "errdist": 0.0749029285172879,
    "mean_dist_m": 10.16742021554127,
    "episodes": 82
  },
  "rollout_arm_2.0s": {
    "ee_rmse_m": 1.4403430551460754,
    "errdist": 0.09625061884935414,
    "mean_dist_m": 14.96450695449986,
    "episodes": 82
  },
  "rollout_sel": 0.044177932407728125
}
{
  "epoch": 22,
  "timestamp_utc": "2026-08-15T16:41:54.264442+00:00",
  "train_loss": 0.025356321385130286,
  "val_loss": 0.040045110834762455,
  "val_rmse": {
    "q_0": 0.06272200148830864,
    "q_1": 0.02659757230443746,
    "q_2": 0.02599799010174223,
    "q_3": 0.02586424275784993,
    "qd_0": 0.12818481848691235,
    "qd_1": 0.023047851846703615,
    "qd_2": 0.028132002278270774,
    "qd_3": 0.03351018746593776
  },
  "val_arm_loss": 0.040045110834762455,
  "val_arm_rmse": {
    "q_0": 0.06272200148830864,
    "q_1": 0.02659757230443746,
    "q_2": 0.02599799010174223,
    "q_3": 0.02586424275784993,
    "qd_0": 0.12818481848691235,
    "qd_1": 0.023047851846703615,
    "qd_2": 0.028132002278270774,
    "qd_3": 0.03351018746593776
  },
  "rollout_arm_0.5s": {
    "ee_rmse_m": 0.5779608433036365,
    "errdist": 0.0880742934527592,
    "mean_dist_m": 6.56219676191487,
    "episodes": 82
  },
  "rollout_arm_1.0s": {
    "ee_rmse_m": 1.478649834871238,
    "errdist": 0.14543018814261932,
    "mean_dist_m": 10.16742021554127,
    "episodes": 82
  },
  "rollout_arm_2.0s": {
    "ee_rmse_m": 2.9948745407392035,
    "errdist": 0.20013185531907138,
    "mean_dist_m": 14.96450695449986,
    "episodes": 82
  },
  "rollout_sel": 0.0880742934527592
}
{
  "epoch": 23,
  "timestamp_utc": "2026-08-15T16:42:23.534065+00:00",
  "train_loss": 0.025470244459807872,
  "val_loss": 0.040256527452729646,
  "val_rmse": {
    "q_0": 0.06275039451969955,
    "q_1": 0.02656528275702545,
    "q_2": 0.026008375450213922,
    "q_3": 0.025857696914873194,
    "qd_0": 0.13008202169261385,
    "qd_1": 0.022759281007654675,
    "qd_2": 0.027600107659336404,
    "qd_3": 0.0336228442661183
  },
  "val_arm_loss": 0.040256527452729646,
  "val_arm_rmse": {
    "q_0": 0.06275039451969955,
    "q_1": 0.02656528275702545,
    "q_2": 0.026008375450213922,
    "q_3": 0.025857696914873194,
    "qd_0": 0.13008202169261385,
    "qd_1": 0.022759281007654675,
    "qd_2": 0.027600107659336404,
    "qd_3": 0.0336228442661183
  },
  "rollout_arm_0.5s": {
    "ee_rmse_m": 0.603992937763292,
    "errdist": 0.09204127210398441,
    "mean_dist_m": 6.56219676191487,
    "episodes": 82
  },
  "rollout_arm_1.0s": {
    "ee_rmse_m": 1.8040063833839681,
    "errdist": 0.17743009978347105,
    "mean_dist_m": 10.16742021554127,
    "episodes": 82
  },
  "rollout_arm_2.0s": {
    "ee_rmse_m": 3.137026529489258,
    "errdist": 0.2096311317858653,
    "mean_dist_m": 14.96450695449986,
    "episodes": 82
  },
  "rollout_sel": 0.09204127210398441
}
{
  "epoch": 24,
  "timestamp_utc": "2026-08-15T16:42:52.900062+00:00",
  "train_loss": 0.024316030473448335,
  "val_loss": 0.04193305445369333,
  "val_rmse": {
    "q_0": 0.06274177508774688,
    "q_1": 0.026609928355127873,
    "q_2": 0.026013675362383894,
    "q_3": 0.025844133067856965,
    "qd_0": 0.13445007949218013,
    "qd_1": 0.023224135754110718,
    "qd_2": 0.02753474216388527,
    "qd_3": 0.034019820854636805
  },
  "val_arm_loss": 0.04193305445369333,
  "val_arm_rmse": {
    "q_0": 0.06274177508774688,
    "q_1": 0.026609928355127873,
    "q_2": 0.026013675362383894,
    "q_3": 0.025844133067856965,
    "qd_0": 0.13445007949218013,
    "qd_1": 0.023224135754110718,
    "qd_2": 0.02753474216388527,
    "qd_3": 0.034019820854636805
  },
  "rollout_arm_0.5s": {
    "ee_rmse_m": 0.39509762116210734,
    "errdist": 0.06020813387601267,
    "mean_dist_m": 6.56219676191487,
    "episodes": 82
  },
  "rollout_arm_1.0s": {
    "ee_rmse_m": 1.1379043035281977,
    "errdist": 0.11191671824371631,
    "mean_dist_m": 10.16742021554127,
    "episodes": 82
  },
  "rollout_arm_2.0s": {
    "ee_rmse_m": 2.2765194508733524,
    "errdist": 0.1521279289585146,
    "mean_dist_m": 14.96450695449986,
    "episodes": 82
  },
  "rollout_sel": 0.06020813387601267
}
{
  "epoch": 25,
  "timestamp_utc": "2026-08-15T16:43:22.220515+00:00",
  "train_loss": 0.02407877571741119,
  "val_loss": 0.03829847006592899,
  "val_rmse": {
    "q_0": 0.06276351705594078,
    "q_1": 0.02663078456735001,
    "q_2": 0.025965383447775024,
    "q_3": 0.02585329099373703,
    "qd_0": 0.1255028467889672,
    "qd_1": 0.022170253778636705,
    "qd_2": 0.026984008915680948,
    "qd_3": 0.03339962855646168
  },
  "val_arm_loss": 0.03829847006592899,
  "val_arm_rmse": {
    "q_0": 0.06276351705594078,
    "q_1": 0.02663078456735001,
    "q_2": 0.025965383447775024,
    "q_3": 0.02585329099373703,
    "qd_0": 0.1255028467889672,
    "qd_1": 0.022170253778636705,
    "qd_2": 0.026984008915680948,
    "qd_3": 0.03339962855646168
  },
  "rollout_arm_0.5s": {
    "ee_rmse_m": 0.2758247446540233,
    "errdist": 0.042032379500540416,
    "mean_dist_m": 6.56219676191487,
    "episodes": 82
  },
  "rollout_arm_1.0s": {
    "ee_rmse_m": 0.7767604888201209,
    "errdist": 0.07639700851872085,
    "mean_dist_m": 10.16742021554127,
    "episodes": 82
  },
  "rollout_arm_2.0s": {
    "ee_rmse_m": 1.1938665495873657,
    "errdist": 0.07977987869679645,
    "mean_dist_m": 14.96450695449986,
    "episodes": 82
  },
  "rollout_sel": 0.042032379500540416
}
{
  "epoch": 26,
  "timestamp_utc": "2026-08-15T16:43:51.539849+00:00",
  "train_loss": 0.02391042080055922,
  "val_loss": 0.039737998275086284,
  "val_rmse": {
    "q_0": 0.06276151486130284,
    "q_1": 0.026634681162715456,
    "q_2": 0.025985615153846453,
    "q_3": 0.02581842809526062,
    "qd_0": 0.12922348862447086,
    "qd_1": 0.02246586676938864,
    "qd_2": 0.027728841066965503,
    "qd_3": 0.03327992986770495
  },
  "val_arm_loss": 0.039737998275086284,
  "val_arm_rmse": {
    "q_0": 0.06276151486130284,
    "q_1": 0.026634681162715456,
    "q_2": 0.025985615153846453,
    "q_3": 0.02581842809526062,
    "qd_0": 0.12922348862447086,
    "qd_1": 0.02246586676938864,
    "qd_2": 0.027728841066965503,
    "qd_3": 0.03327992986770495
  },
  "rollout_arm_0.5s": {
    "ee_rmse_m": 0.341643622916504,
    "errdist": 0.05206238631845159,
    "mean_dist_m": 6.56219676191487,
    "episodes": 82
  },
  "rollout_arm_1.0s": {
    "ee_rmse_m": 0.9206872682322114,
    "errdist": 0.09055269170688032,
    "mean_dist_m": 10.16742021554127,
    "episodes": 82
  },
  "rollout_arm_2.0s": {
    "ee_rmse_m": 1.3148053835342168,
    "errdist": 0.08786159059780128,
    "mean_dist_m": 14.96450695449986,
    "episodes": 82
  },
  "rollout_sel": 0.05206238631845159
}
{
  "epoch": 27,
  "timestamp_utc": "2026-08-15T16:44:20.803737+00:00",
  "train_loss": 0.023223419012501835,
  "val_loss": 0.038380704424344006,
  "val_rmse": {
    "q_0": 0.062810868240678,
    "q_1": 0.02664893077558734,
    "q_2": 0.025984914434607608,
    "q_3": 0.025871490529943305,
    "qd_0": 0.12596082195487915,
    "qd_1": 0.022318707211327508,
    "qd_2": 0.027078566191418046,
    "qd_3": 0.03314431523962235
  },
  "val_arm_loss": 0.038380704424344006,
  "val_arm_rmse": {
    "q_0": 0.062810868240678,
    "q_1": 0.02664893077558734,
    "q_2": 0.025984914434607608,
    "q_3": 0.025871490529943305,
    "qd_0": 0.12596082195487915,
    "qd_1": 0.022318707211327508,
    "qd_2": 0.027078566191418046,
    "qd_3": 0.03314431523962235
  },
  "rollout_arm_0.5s": {
    "ee_rmse_m": 0.35833379877237215,
    "errdist": 0.054605768734646905,
    "mean_dist_m": 6.56219676191487,
    "episodes": 82
  },
  "rollout_arm_1.0s": {
    "ee_rmse_m": 0.771046566519621,
    "errdist": 0.07583502502837922,
    "mean_dist_m": 10.16742021554127,
    "episodes": 82
  },
  "rollout_arm_2.0s": {
    "ee_rmse_m": 1.4638084472348212,
    "errdist": 0.09781868869355904,
    "mean_dist_m": 14.96450695449986,
    "episodes": 82
  },
  "rollout_sel": 0.054605768734646905
}
{
  "epoch": 28,
  "timestamp_utc": "2026-08-15T16:44:50.106631+00:00",
  "train_loss": 0.022840083498973398,
  "val_loss": 0.03861380460672081,
  "val_rmse": {
    "q_0": 0.06280223542977519,
    "q_1": 0.026642131310938812,
    "q_2": 0.025965031136194118,
    "q_3": 0.02584927948207139,
    "qd_0": 0.12592045794451942,
    "qd_1": 0.022514613542417777,
    "qd_2": 0.027308443339549637,
    "qd_3": 0.03322564937072656
  },
  "val_arm_loss": 0.03861380460672081,
  "val_arm_rmse": {
    "q_0": 0.06280223542977519,
    "q_1": 0.026642131310938812,
    "q_2": 0.025965031136194118,
    "q_3": 0.02584927948207139,
    "qd_0": 0.12592045794451942,
    "qd_1": 0.022514613542417777,
    "qd_2": 0.027308443339549637,
    "qd_3": 0.03322564937072656
  },
  "rollout_arm_0.5s": {
    "ee_rmse_m": 0.34713840538447044,
    "errdist": 0.052899725195556975,
    "mean_dist_m": 6.56219676191487,
    "episodes": 82
  },
  "rollout_arm_1.0s": {
    "ee_rmse_m": 0.9533174814125258,
    "errdist": 0.09376198300089393,
    "mean_dist_m": 10.16742021554127,
    "episodes": 82
  },
  "rollout_arm_2.0s": {
    "ee_rmse_m": 1.7753430698473858,
    "errdist": 0.11863692370523014,
    "mean_dist_m": 14.96450695449986,
    "episodes": 82
  },
  "rollout_sel": 0.052899725195556975
}
{
  "epoch": 29,
  "timestamp_utc": "2026-08-15T16:45:19.408406+00:00",
  "train_loss": 0.022343422589357943,
  "val_loss": 0.03873863340355456,
  "val_rmse": {
    "q_0": 0.06274172366808392,
    "q_1": 0.026637782737998612,
    "q_2": 0.02598924746427784,
    "q_3": 0.025832303244348494,
    "qd_0": 0.12706636678037675,
    "qd_1": 0.022385821233478657,
    "qd_2": 0.026854874569106783,
    "qd_3": 0.033359841460315766
  },
  "val_arm_loss": 0.03873863340355456,
  "val_arm_rmse": {
    "q_0": 0.06274172366808392,
    "q_1": 0.026637782737998612,
    "q_2": 0.02598924746427784,
    "q_3": 0.025832303244348494,
    "qd_0": 0.12706636678037675,
    "qd_1": 0.022385821233478657,
    "qd_2": 0.026854874569106783,
    "qd_3": 0.033359841460315766
  },
  "rollout_arm_0.5s": {
    "ee_rmse_m": 0.40794616922838817,
    "errdist": 0.06216609834011563,
    "mean_dist_m": 6.56219676191487,
    "episodes": 82
  },
  "rollout_arm_1.0s": {
    "ee_rmse_m": 1.7125962518786106,
    "errdist": 0.16843960567901436,
    "mean_dist_m": 10.16742021554127,
    "episodes": 82
  },
  "rollout_arm_2.0s": {
    "ee_rmse_m": 2.8281794516565997,
    "errdist": 0.18899249138349725,
    "mean_dist_m": 14.96450695449986,
    "episodes": 82
  },
  "rollout_sel": 0.06216609834011563
}
{
  "epoch": 30,
  "timestamp_utc": "2026-08-15T16:45:48.676319+00:00",
  "train_loss": 0.022193241537548602,
  "val_loss": 0.038587301974184814,
  "val_rmse": {
    "q_0": 0.06283314259239663,
    "q_1": 0.026670446531595164,
    "q_2": 0.025976653338104082,
    "q_3": 0.02585795869548671,
    "qd_0": 0.12447329858544755,
    "qd_1": 0.023071835451651,
    "qd_2": 0.02744440781075362,
    "qd_3": 0.0333069932006824
  },
  "val_arm_loss": 0.038587301974184814,
  "val_arm_rmse": {
    "q_0": 0.06283314259239663,
    "q_1": 0.026670446531595164,
    "q_2": 0.025976653338104082,
    "q_3": 0.02585795869548671,
    "qd_0": 0.12447329858544755,
    "qd_1": 0.023071835451651,
    "qd_2": 0.02744440781075362,
    "qd_3": 0.0333069932006824
  },
  "rollout_arm_0.5s": {
    "ee_rmse_m": 0.29119366496817106,
    "errdist": 0.04437441843532894,
    "mean_dist_m": 6.56219676191487,
    "episodes": 82
  },
  "rollout_arm_1.0s": {
    "ee_rmse_m": 1.0847240481145284,
    "errdist": 0.10668626112811669,
    "mean_dist_m": 10.16742021554127,
    "episodes": 82
  },
  "rollout_arm_2.0s": {
    "ee_rmse_m": 2.1490172658289795,
    "errdist": 0.14360762251393555,
    "mean_dist_m": 14.96450695449986,
    "episodes": 82
  },
  "rollout_sel": 0.04437441843532894
}
{
  "epoch": 31,
  "timestamp_utc": "2026-08-15T16:46:18.077213+00:00",
  "train_loss": 0.02187224012473598,
  "val_loss": 0.037485378119163214,
  "val_rmse": {
    "q_0": 0.06285102893318066,
    "q_1": 0.02668188008512117,
    "q_2": 0.02599326445681415,
    "q_3": 0.02586581271315642,
    "qd_0": 0.12301533465929089,
    "qd_1": 0.022382575843538886,
    "qd_2": 0.026864732940667106,
    "qd_3": 0.033095614327854427
  },
  "val_arm_loss": 0.037485378119163214,
  "val_arm_rmse": {
    "q_0": 0.06285102893318066,
    "q_1": 0.02668188008512117,
    "q_2": 0.02599326445681415,
    "q_3": 0.02586581271315642,
    "qd_0": 0.12301533465929089,
    "qd_1": 0.022382575843538886,
    "qd_2": 0.026864732940667106,
    "qd_3": 0.033095614327854427
  },
  "rollout_arm_0.5s": {
    "ee_rmse_m": 0.3758944656674199,
    "errdist": 0.05728180353399411,
    "mean_dist_m": 6.56219676191487,
    "episodes": 82
  },
  "rollout_arm_1.0s": {
    "ee_rmse_m": 1.0681846401687183,
    "errdist": 0.10505955468782134,
    "mean_dist_m": 10.16742021554127,
    "episodes": 82
  },
  "rollout_arm_2.0s": {
    "ee_rmse_m": 1.7309735558333295,
    "errdist": 0.11567194035168808,
    "mean_dist_m": 14.96450695449986,
    "episodes": 82
  },
  "rollout_sel": 0.05728180353399411
}
{
  "epoch": 32,
  "timestamp_utc": "2026-08-15T16:46:47.413237+00:00",
  "train_loss": 0.02159556296421215,
  "val_loss": 0.03808010356966406,
  "val_rmse": {
    "q_0": 0.06282491351568695,
    "q_1": 0.026684601768519174,
    "q_2": 0.025981365842953973,
    "q_3": 0.025881748685798844,
    "qd_0": 0.12481848503943814,
    "qd_1": 0.022393679941804807,
    "qd_2": 0.027033983894720243,
    "qd_3": 0.033139981420991005
  },
  "val_arm_loss": 0.03808010356966406,
  "val_arm_rmse": {
    "q_0": 0.06282491351568695,
    "q_1": 0.026684601768519174,
    "q_2": 0.025981365842953973,
    "q_3": 0.025881748685798844,
    "qd_0": 0.12481848503943814,
    "qd_1": 0.022393679941804807,
    "qd_2": 0.027033983894720243,
    "qd_3": 0.033139981420991005
  },
  "rollout_arm_0.5s": {
    "ee_rmse_m": 0.3635864404208435,
    "errdist": 0.05540620825803275,
    "mean_dist_m": 6.56219676191487,
    "episodes": 82
  },
  "rollout_arm_1.0s": {
    "ee_rmse_m": 1.371471960342462,
    "errdist": 0.13488888344027697,
    "mean_dist_m": 10.16742021554127,
    "episodes": 82
  },
  "rollout_arm_2.0s": {
    "ee_rmse_m": 1.8889894402795562,
    "errdist": 0.12623131828018783,
    "mean_dist_m": 14.96450695449986,
    "episodes": 82
  },
  "rollout_sel": 0.05540620825803275
}
{
  "epoch": 33,
  "timestamp_utc": "2026-08-15T16:47:16.722161+00:00",
  "train_loss": 0.020929420358967037,
  "val_loss": 0.03803400168661028,
  "val_rmse": {
    "q_0": 0.06281359069826037,
    "q_1": 0.026686320296295415,
    "q_2": 0.02597542932040194,
    "q_3": 0.025877471444890623,
    "qd_0": 0.12474050673909988,
    "qd_1": 0.02234450550609081,
    "qd_2": 0.027130422144025182,
    "qd_3": 0.03305905925030378
  },
  "val_arm_loss": 0.03803400168661028,
  "val_arm_rmse": {
    "q_0": 0.06281359069826037,
    "q_1": 0.026686320296295415,
    "q_2": 0.02597542932040194,
    "q_3": 0.025877471444890623,
    "qd_0": 0.12474050673909988,
    "qd_1": 0.02234450550609081,
    "qd_2": 0.027130422144025182,
    "qd_3": 0.03305905925030378
  },
  "rollout_arm_0.5s": {
    "ee_rmse_m": 0.19633615112402075,
    "errdist": 0.02991927219608838,
    "mean_dist_m": 6.56219676191487,
    "episodes": 82
  },
  "rollout_arm_1.0s": {
    "ee_rmse_m": 0.5386297513341448,
    "errdist": 0.05297604897954643,
    "mean_dist_m": 10.16742021554127,
    "episodes": 82
  },
  "rollout_arm_2.0s": {
    "ee_rmse_m": 1.3736886944882822,
    "errdist": 0.09179645535031884,
    "mean_dist_m": 14.96450695449986,
    "episodes": 82
  },
  "rollout_sel": 0.02991927219608838
}
{
  "epoch": 34,
  "timestamp_utc": "2026-08-15T16:47:46.054299+00:00",
  "train_loss": 0.02043957021739334,
  "val_loss": 0.03873610538896173,
  "val_rmse": {
    "q_0": 0.06288059217807532,
    "q_1": 0.0267378929983515,
    "q_2": 0.02597725430660653,
    "q_3": 0.02588835717287273,
    "qd_0": 0.1260989405850064,
    "qd_1": 0.02256158742122559,
    "qd_2": 0.027284637356500236,
    "qd_3": 0.03333199356371788
  },
  "val_arm_loss": 0.03873610538896173,
  "val_arm_rmse": {
    "q_0": 0.06288059217807532,
    "q_1": 0.0267378929983515,
    "q_2": 0.02597725430660653,
    "q_3": 0.02588835717287273,
    "qd_0": 0.1260989405850064,
    "qd_1": 0.02256158742122559,
    "qd_2": 0.027284637356500236,
    "qd_3": 0.03333199356371788
  },
  "rollout_arm_0.5s": {
    "ee_rmse_m": 0.3451516246775489,
    "errdist": 0.05259696366934791,
    "mean_dist_m": 6.56219676191487,
    "episodes": 82
  },
  "rollout_arm_1.0s": {
    "ee_rmse_m": 0.6794132545238701,
    "errdist": 0.06682258037150489,
    "mean_dist_m": 10.16742021554127,
    "episodes": 82
  },
  "rollout_arm_2.0s": {
    "ee_rmse_m": 1.1658699115109712,
    "errdist": 0.07790900930153208,
    "mean_dist_m": 14.96450695449986,
    "episodes": 82
  },
  "rollout_sel": 0.05259696366934791
}
{
  "epoch": 35,
  "timestamp_utc": "2026-08-15T16:48:15.386390+00:00",
  "train_loss": 0.020145157838240266,
  "val_loss": 0.037211014311760666,
  "val_rmse": {
    "q_0": 0.06283554765407423,
    "q_1": 0.026727799716317314,
    "q_2": 0.025982081729519456,
    "q_3": 0.02589176613356882,
    "qd_0": 0.12349232250395077,
    "qd_1": 0.021929899038867356,
    "qd_2": 0.02680128024315889,
    "qd_3": 0.0328047594970549
  },
  "val_arm_loss": 0.037211014311760666,
  "val_arm_rmse": {
    "q_0": 0.06283554765407423,
    "q_1": 0.026727799716317314,
    "q_2": 0.025982081729519456,
    "q_3": 0.02589176613356882,
    "qd_0": 0.12349232250395077,
    "qd_1": 0.021929899038867356,
    "qd_2": 0.02680128024315889,
    "qd_3": 0.0328047594970549
  },
  "rollout_arm_0.5s": {
    "ee_rmse_m": 0.34714973334051735,
    "errdist": 0.05290145144005373,
    "mean_dist_m": 6.56219676191487,
    "episodes": 82
  },
  "rollout_arm_1.0s": {
    "ee_rmse_m": 0.6647237247415788,
    "errdist": 0.06537781567496587,
    "mean_dist_m": 10.16742021554127,
    "episodes": 82
  },
  "rollout_arm_2.0s": {
    "ee_rmse_m": 1.013062382267549,
    "errdist": 0.06769767860363211,
    "mean_dist_m": 14.96450695449986,
    "episodes": 82
  },
  "rollout_sel": 0.05290145144005373
}
{
  "epoch": 36,
  "timestamp_utc": "2026-08-15T16:48:44.696571+00:00",
  "train_loss": 0.019794013378676027,
  "val_loss": 0.03804234389681369,
  "val_rmse": {
    "q_0": 0.06284804192732979,
    "q_1": 0.026759014395774237,
    "q_2": 0.02597716343279172,
    "q_3": 0.025892655770348588,
    "qd_0": 0.12469197923530212,
    "qd_1": 0.022150792835280805,
    "qd_2": 0.027125888966538305,
    "qd_3": 0.03324299821186541
  },
  "val_arm_loss": 0.03804234389681369,
  "val_arm_rmse": {
    "q_0": 0.06284804192732979,
    "q_1": 0.026759014395774237,
    "q_2": 0.02597716343279172,
    "q_3": 0.025892655770348588,
    "qd_0": 0.12469197923530212,
    "qd_1": 0.022150792835280805,
    "qd_2": 0.027125888966538305,
    "qd_3": 0.03324299821186541
  },
  "rollout_arm_0.5s": {
    "ee_rmse_m": 0.3740899908749866,
    "errdist": 0.05700682324036653,
    "mean_dist_m": 6.56219676191487,
    "episodes": 82
  },
  "rollout_arm_1.0s": {
    "ee_rmse_m": 0.8782496714629721,
    "errdist": 0.0863788112269163,
    "mean_dist_m": 10.16742021554127,
    "episodes": 82
  },
  "rollout_arm_2.0s": {
    "ee_rmse_m": 1.5035180446641618,
    "errdist": 0.10047227411071172,
    "mean_dist_m": 14.96450695449986,
    "episodes": 82
  },
  "rollout_sel": 0.05700682324036653
}
{
  "epoch": 37,
  "timestamp_utc": "2026-08-15T16:49:14.020862+00:00",
  "train_loss": 0.019414545862935482,
  "val_loss": 0.03723698010668158,
  "val_rmse": {
    "q_0": 0.06285670076582955,
    "q_1": 0.02675893149670476,
    "q_2": 0.02597144481668291,
    "q_3": 0.025873785445711,
    "qd_0": 0.12299857941082422,
    "qd_1": 0.022278676031729484,
    "qd_2": 0.02677472279702276,
    "qd_3": 0.03283246299780242
  },
  "val_arm_loss": 0.03723698010668158,
  "val_arm_rmse": {
    "q_0": 0.06285670076582955,
    "q_1": 0.02675893149670476,
    "q_2": 0.02597144481668291,
    "q_3": 0.025873785445711,
    "qd_0": 0.12299857941082422,
    "qd_1": 0.022278676031729484,
    "qd_2": 0.02677472279702276,
    "qd_3": 0.03283246299780242
  },
  "rollout_arm_0.5s": {
    "ee_rmse_m": 0.29342269230135226,
    "errdist": 0.04471409543893813,
    "mean_dist_m": 6.56219676191487,
    "episodes": 82
  },
  "rollout_arm_1.0s": {
    "ee_rmse_m": 0.7469562153118654,
    "errdist": 0.07346565790308497,
    "mean_dist_m": 10.16742021554127,
    "episodes": 82
  },
  "rollout_arm_2.0s": {
    "ee_rmse_m": 1.6002563283376499,
    "errdist": 0.10693678937791193,
    "mean_dist_m": 14.96450695449986,
    "episodes": 82
  },
  "rollout_sel": 0.04471409543893813
}
{
  "epoch": 38,
  "timestamp_utc": "2026-08-15T16:49:43.363009+00:00",
  "train_loss": 0.019027032175567,
  "val_loss": 0.03751346831209958,
  "val_rmse": {
    "q_0": 0.06287595218351513,
    "q_1": 0.026739815889939317,
    "q_2": 0.025982753463626634,
    "q_3": 0.025877044631581317,
    "qd_0": 0.1235008785321325,
    "qd_1": 0.022222596024240416,
    "qd_2": 0.026998730320785896,
    "qd_3": 0.03293924338940612
  },
  "val_arm_loss": 0.03751346831209958,
  "val_arm_rmse": {
    "q_0": 0.06287595218351513,
    "q_1": 0.026739815889939317,
    "q_2": 0.025982753463626634,
    "q_3": 0.025877044631581317,
    "qd_0": 0.1235008785321325,
    "qd_1": 0.022222596024240416,
    "qd_2": 0.026998730320785896,
    "qd_3": 0.03293924338940612
  },
  "rollout_arm_0.5s": {
    "ee_rmse_m": 0.32091938448483714,
    "errdist": 0.04890426119914024,
    "mean_dist_m": 6.56219676191487,
    "episodes": 82
  },
  "rollout_arm_1.0s": {
    "ee_rmse_m": 0.5973816979624481,
    "errdist": 0.0587545006794672,
    "mean_dist_m": 10.16742021554127,
    "episodes": 82
  },
  "rollout_arm_2.0s": {
    "ee_rmse_m": 1.321866187140181,
    "errdist": 0.088333427299634,
    "mean_dist_m": 14.96450695449986,
    "episodes": 82
  },
  "rollout_sel": 0.04890426119914024
}
{
  "epoch": 39,
  "timestamp_utc": "2026-08-15T16:50:12.719838+00:00",
  "train_loss": 0.018549072881694884,
  "val_loss": 0.038054500548169015,
  "val_rmse": {
    "q_0": 0.06286299901923637,
    "q_1": 0.026778460327354994,
    "q_2": 0.025996197900231627,
    "q_3": 0.025868614560959232,
    "qd_0": 0.1264462391620253,
    "qd_1": 0.022130472586546254,
    "qd_2": 0.026784581869319216,
    "qd_3": 0.03274098884385619
  },
  "val_arm_loss": 0.038054500548169015,
  "val_arm_rmse": {
    "q_0": 0.06286299901923637,
    "q_1": 0.026778460327354994,
    "q_2": 0.025996197900231627,
    "q_3": 0.025868614560959232,
    "qd_0": 0.1264462391620253,
    "qd_1": 0.022130472586546254,
    "qd_2": 0.026784581869319216,
    "qd_3": 0.03274098884385619
  },
  "rollout_arm_0.5s": {
    "ee_rmse_m": 0.27953429797507867,
    "errdist": 0.04259767088933031,
    "mean_dist_m": 6.56219676191487,
    "episodes": 82
  },
  "rollout_arm_1.0s": {
    "ee_rmse_m": 0.7789552909745,
    "errdist": 0.07661287469793357,
    "mean_dist_m": 10.16742021554127,
    "episodes": 82
  },
  "rollout_arm_2.0s": {
    "ee_rmse_m": 1.6428373298372576,
    "errdist": 0.10978225576240938,
    "mean_dist_m": 14.96450695449986,
    "episodes": 82
  },
  "rollout_sel": 0.04259767088933031
}
{
  "epoch": 40,
  "timestamp_utc": "2026-08-15T16:50:42.011816+00:00",
  "train_loss": 0.01841917218733579,
  "val_loss": 0.036979895699769255,
  "val_rmse": {
    "q_0": 0.06288835216163309,
    "q_1": 0.026768608292253332,
    "q_2": 0.025974559670312435,
    "q_3": 0.025897572549733763,
    "qd_0": 0.12191418456785459,
    "qd_1": 0.02204446942675876,
    "qd_2": 0.026789111486473168,
    "qd_3": 0.03304837730770544
  },
  "val_arm_loss": 0.036979895699769255,
  "val_arm_rmse": {
    "q_0": 0.06288835216163309,
    "q_1": 0.026768608292253332,
    "q_2": 0.025974559670312435,
    "q_3": 0.025897572549733763,
    "qd_0": 0.12191418456785459,
    "qd_1": 0.02204446942675876,
    "qd_2": 0.026789111486473168,
    "qd_3": 0.03304837730770544
  },
  "rollout_arm_0.5s": {
    "ee_rmse_m": 0.19293542435601643,
    "errdist": 0.029401042266175095,
    "mean_dist_m": 6.56219676191487,
    "episodes": 82
  },
  "rollout_arm_1.0s": {
    "ee_rmse_m": 0.6355181732207691,
    "errdist": 0.06250535138199133,
    "mean_dist_m": 10.16742021554127,
    "episodes": 82
  },
  "rollout_arm_2.0s": {
    "ee_rmse_m": 1.0712221063536975,
    "errdist": 0.07158418981733164,
    "mean_dist_m": 14.96450695449986,
    "episodes": 82
  },
  "rollout_sel": 0.029401042266175095
}
{
  "epoch": 41,
  "timestamp_utc": "2026-08-15T16:51:11.480410+00:00",
  "train_loss": 0.018114528702106326,
  "val_loss": 0.03717434773221612,
  "val_rmse": {
    "q_0": 0.0628717954432925,
    "q_1": 0.026779103556155114,
    "q_2": 0.025985345941393196,
    "q_3": 0.025881504603726804,
    "qd_0": 0.12415667733709347,
    "qd_1": 0.021769130637397372,
    "qd_2": 0.02661410480332396,
    "qd_3": 0.03270517867239947
  },
  "val_arm_loss": 0.03717434773221612,
  "val_arm_rmse": {
    "q_0": 0.0628717954432925,
    "q_1": 0.026779103556155114,
    "q_2": 0.025985345941393196,
    "q_3": 0.025881504603726804,
    "qd_0": 0.12415667733709347,
    "qd_1": 0.021769130637397372,
    "qd_2": 0.02661410480332396,
    "qd_3": 0.03270517867239947
  },
  "rollout_arm_0.5s": {
    "ee_rmse_m": 0.24272607566034476,
    "errdist": 0.03698853973246552,
    "mean_dist_m": 6.56219676191487,
    "episodes": 82
  },
  "rollout_arm_1.0s": {
    "ee_rmse_m": 0.5311633850205294,
    "errdist": 0.052241706722087375,
    "mean_dist_m": 10.16742021554127,
    "episodes": 82
  },
  "rollout_arm_2.0s": {
    "ee_rmse_m": 0.8319192523751848,
    "errdist": 0.055592827408525135,
    "mean_dist_m": 14.96450695449986,
    "episodes": 82
  },
  "rollout_sel": 0.03698853973246552
}
{
  "epoch": 42,
  "timestamp_utc": "2026-08-15T16:51:40.939081+00:00",
  "train_loss": 0.017648154555819928,
  "val_loss": 0.03671522338874638,
  "val_rmse": {
    "q_0": 0.06288376640822489,
    "q_1": 0.026772749681583725,
    "q_2": 0.025988964956199675,
    "q_3": 0.02589035343733893,
    "qd_0": 0.12194572205559974,
    "qd_1": 0.022055415589895107,
    "qd_2": 0.02666190147364255,
    "qd_3": 0.03267744812289749
  },
  "val_arm_loss": 0.03671522338874638,
  "val_arm_rmse": {
    "q_0": 0.06288376640822489,
    "q_1": 0.026772749681583725,
    "q_2": 0.025988964956199675,
    "q_3": 0.02589035343733893,
    "qd_0": 0.12194572205559974,
    "qd_1": 0.022055415589895107,
    "qd_2": 0.02666190147364255,
    "qd_3": 0.03267744812289749
  },
  "rollout_arm_0.5s": {
    "ee_rmse_m": 0.25823311669515203,
    "errdist": 0.03935162660678873,
    "mean_dist_m": 6.56219676191487,
    "episodes": 82
  },
  "rollout_arm_1.0s": {
    "ee_rmse_m": 0.8862997649046398,
    "errdist": 0.08717056501214522,
    "mean_dist_m": 10.16742021554127,
    "episodes": 82
  },
  "rollout_arm_2.0s": {
    "ee_rmse_m": 1.1929111505226706,
    "errdist": 0.07971603435714664,
    "mean_dist_m": 14.96450695449986,
    "episodes": 82
  },
  "rollout_sel": 0.03935162660678873
}
{
  "epoch": 43,
  "timestamp_utc": "2026-08-15T16:52:10.282381+00:00",
  "train_loss": 0.017209210791625084,
  "val_loss": 0.03624576369300485,
  "val_rmse": {
    "q_0": 0.06288782152930389,
    "q_1": 0.026785046680870485,
    "q_2": 0.025988909099252472,
    "q_3": 0.02589859850890612,
    "qd_0": 0.1213778693569695,
    "qd_1": 0.021623575786430947,
    "qd_2": 0.026641859422431115,
    "qd_3": 0.032468809448142504
  },
  "val_arm_loss": 0.03624576369300485,
  "val_arm_rmse": {
    "q_0": 0.06288782152930389,
    "q_1": 0.026785046680870485,
    "q_2": 0.025988909099252472,
    "q_3": 0.02589859850890612,
    "qd_0": 0.1213778693569695,
    "qd_1": 0.021623575786430947,
    "qd_2": 0.026641859422431115,
    "qd_3": 0.032468809448142504
  },
  "rollout_arm_0.5s": {
    "ee_rmse_m": 0.29373007126411926,
    "errdist": 0.04476093630243539,
    "mean_dist_m": 6.56219676191487,
    "episodes": 82
  },
  "rollout_arm_1.0s": {
    "ee_rmse_m": 0.6831380414427858,
    "errdist": 0.06718892570197743,
    "mean_dist_m": 10.16742021554127,
    "episodes": 82
  },
  "rollout_arm_2.0s": {
    "ee_rmse_m": 1.3369214986458386,
    "errdist": 0.08933949529448569,
    "mean_dist_m": 14.96450695449986,
    "episodes": 82
  },
  "rollout_sel": 0.04476093630243539
}
{
  "epoch": 44,
  "timestamp_utc": "2026-08-15T16:52:39.676061+00:00",
  "train_loss": 0.016995640023145825,
  "val_loss": 0.036609345432370904,
  "val_rmse": {
    "q_0": 0.0628996263740622,
    "q_1": 0.026784394334277314,
    "q_2": 0.025988901807590406,
    "q_3": 0.025900188054932455,
    "qd_0": 0.12200502353447616,
    "qd_1": 0.021819461449772468,
    "qd_2": 0.026541738773626443,
    "qd_3": 0.03274029833482823
  },
  "val_arm_loss": 0.036609345432370904,
  "val_arm_rmse": {
    "q_0": 0.0628996263740622,
    "q_1": 0.026784394334277314,
    "q_2": 0.025988901807590406,
    "q_3": 0.025900188054932455,
    "qd_0": 0.12200502353447616,
    "qd_1": 0.021819461449772468,
    "qd_2": 0.026541738773626443,
    "qd_3": 0.03274029833482823
  },
  "rollout_arm_0.5s": {
    "ee_rmse_m": 0.3380299910033977,
    "errdist": 0.05151171220058928,
    "mean_dist_m": 6.56219676191487,
    "episodes": 82
  },
  "rollout_arm_1.0s": {
    "ee_rmse_m": 0.7733711813543073,
    "errdist": 0.07606365872162747,
    "mean_dist_m": 10.16742021554127,
    "episodes": 82
  },
  "rollout_arm_2.0s": {
    "ee_rmse_m": 1.0315091388079043,
    "errdist": 0.06893037919286256,
    "mean_dist_m": 14.96450695449986,
    "episodes": 82
  },
  "rollout_sel": 0.05151171220058928
}
{
  "epoch": 45,
  "timestamp_utc": "2026-08-15T16:53:08.993336+00:00",
  "train_loss": 0.016670096861664204,
  "val_loss": 0.037887604394927624,
  "val_rmse": {
    "q_0": 0.06290182310957561,
    "q_1": 0.026792739215014443,
    "q_2": 0.02598148863269628,
    "q_3": 0.02588435757774932,
    "qd_0": 0.12625581583188206,
    "qd_1": 0.022103073325249595,
    "qd_2": 0.02655917987131232,
    "qd_3": 0.03274302767368702
  },
  "val_arm_loss": 0.037887604394927624,
  "val_arm_rmse": {
    "q_0": 0.06290182310957561,
    "q_1": 0.026792739215014443,
    "q_2": 0.02598148863269628,
    "q_3": 0.02588435757774932,
    "qd_0": 0.12625581583188206,
    "qd_1": 0.022103073325249595,
    "qd_2": 0.02655917987131232,
    "qd_3": 0.03274302767368702
  },
  "rollout_arm_0.5s": {
    "ee_rmse_m": 0.3361068006986269,
    "errdist": 0.05121864108819405,
    "mean_dist_m": 6.56219676191487,
    "episodes": 82
  },
  "rollout_arm_1.0s": {
    "ee_rmse_m": 0.6635168586110842,
    "errdist": 0.06525911632892625,
    "mean_dist_m": 10.16742021554127,
    "episodes": 82
  },
  "rollout_arm_2.0s": {
    "ee_rmse_m": 1.0247159424696826,
    "errdist": 0.06847642528987888,
    "mean_dist_m": 14.96450695449986,
    "episodes": 82
  },
  "rollout_sel": 0.05121864108819405
}
{
  "epoch": 46,
  "timestamp_utc": "2026-08-15T16:53:38.573109+00:00",
  "train_loss": 0.016254858523607255,
  "val_loss": 0.0365763218398206,
  "val_rmse": {
    "q_0": 0.06287966742983958,
    "q_1": 0.026793545992570025,
    "q_2": 0.025985781093582985,
    "q_3": 0.025897254907014486,
    "qd_0": 0.12343885443738827,
    "qd_1": 0.021754030724163355,
    "qd_2": 0.026310990536131947,
    "qd_3": 0.032259504931750185
  },
  "val_arm_loss": 0.0365763218398206,
  "val_arm_rmse": {
    "q_0": 0.06287966742983958,
    "q_1": 0.026793545992570025,
    "q_2": 0.025985781093582985,
    "q_3": 0.025897254907014486,
    "qd_0": 0.12343885443738827,
    "qd_1": 0.021754030724163355,
    "qd_2": 0.026310990536131947,
    "qd_3": 0.032259504931750185
  },
  "rollout_arm_0.5s": {
    "ee_rmse_m": 0.15503920254404913,
    "errdist": 0.023626113048583475,
    "mean_dist_m": 6.56219676191487,
    "episodes": 82
  },
  "rollout_arm_1.0s": {
    "ee_rmse_m": 0.4105980573994538,
    "errdist": 0.04038370094823462,
    "mean_dist_m": 10.16742021554127,
    "episodes": 82
  },
  "rollout_arm_2.0s": {
    "ee_rmse_m": 1.0343041108424857,
    "errdist": 0.06911715260565054,
    "mean_dist_m": 14.96450695449986,
    "episodes": 82
  },
  "rollout_sel": 0.023626113048583475
}
{
  "epoch": 47,
  "timestamp_utc": "2026-08-15T16:54:07.942371+00:00",
  "train_loss": 0.01598322871560231,
  "val_loss": 0.036695042098872366,
  "val_rmse": {
    "q_0": 0.06292669168370513,
    "q_1": 0.026805245123430136,
    "q_2": 0.025974216993351004,
    "q_3": 0.02589147575701116,
    "qd_0": 0.12274907833738678,
    "qd_1": 0.021813707670039085,
    "qd_2": 0.02659242358117784,
    "qd_3": 0.03251433476186693
  },
  "val_arm_loss": 0.036695042098872366,
  "val_arm_rmse": {
    "q_0": 0.06292669168370513,
    "q_1": 0.026805245123430136,
    "q_2": 0.025974216993351004,
    "q_3": 0.02589147575701116,
    "qd_0": 0.12274907833738678,
    "qd_1": 0.021813707670039085,
    "qd_2": 0.02659242358117784,
    "qd_3": 0.03251433476186693
  },
  "rollout_arm_0.5s": {
    "ee_rmse_m": 0.21860444210211083,
    "errdist": 0.03331269238539586,
    "mean_dist_m": 6.56219676191487,
    "episodes": 82
  },
  "rollout_arm_1.0s": {
    "ee_rmse_m": 0.5509872366326104,
    "errdist": 0.0541914492518374,
    "mean_dist_m": 10.16742021554127,
    "episodes": 82
  },
  "rollout_arm_2.0s": {
    "ee_rmse_m": 1.135348000594537,
    "errdist": 0.075869389084893,
    "mean_dist_m": 14.96450695449986,
    "episodes": 82
  },
  "rollout_sel": 0.03331269238539586
}
{
  "epoch": 48,
  "timestamp_utc": "2026-08-15T16:54:37.254383+00:00",
  "train_loss": 0.015568209077697247,
  "val_loss": 0.03617272276198492,
  "val_rmse": {
    "q_0": 0.0629322452575908,
    "q_1": 0.026817741921173786,
    "q_2": 0.025984485509363737,
    "q_3": 0.02590248405454256,
    "qd_0": 0.12137602620979288,
    "qd_1": 0.021747200910057347,
    "qd_2": 0.02632989317188488,
    "qd_3": 0.03249728210744424
  },
  "val_arm_loss": 0.03617272276198492,
  "val_arm_rmse": {
    "q_0": 0.0629322452575908,
    "q_1": 0.026817741921173786,
    "q_2": 0.025984485509363737,
    "q_3": 0.02590248405454256,
    "qd_0": 0.12137602620979288,
    "qd_1": 0.021747200910057347,
    "qd_2": 0.02632989317188488,
    "qd_3": 0.03249728210744424
  },
  "rollout_arm_0.5s": {
    "ee_rmse_m": 0.20258340704505054,
    "errdist": 0.030871278993154734,
    "mean_dist_m": 6.56219676191487,
    "episodes": 82
  },
  "rollout_arm_1.0s": {
    "ee_rmse_m": 0.6007573956457538,
    "errdist": 0.059086511908642704,
    "mean_dist_m": 10.16742021554127,
    "episodes": 82
  },
  "rollout_arm_2.0s": {
    "ee_rmse_m": 0.8880174140610595,
    "errdist": 0.05934157515253322,
    "mean_dist_m": 14.96450695449986,
    "episodes": 82
  },
  "rollout_sel": 0.030871278993154734
}
{
  "epoch": 49,
  "timestamp_utc": "2026-08-15T16:55:06.571453+00:00",
  "train_loss": 0.015528997224289924,
  "val_loss": 0.03733932728879154,
  "val_rmse": {
    "q_0": 0.06292671837941553,
    "q_1": 0.02681400955278611,
    "q_2": 0.025984910968120868,
    "q_3": 0.025897564683095155,
    "qd_0": 0.12526485967648687,
    "qd_1": 0.02171286826002169,
    "qd_2": 0.026674309341462584,
    "qd_3": 0.03246954118560615
  },
  "val_arm_loss": 0.03733932728879154,
  "val_arm_rmse": {
    "q_0": 0.06292671837941553,
    "q_1": 0.02681400955278611,
    "q_2": 0.025984910968120868,
    "q_3": 0.025897564683095155,
    "qd_0": 0.12526485967648687,
    "qd_1": 0.02171286826002169,
    "qd_2": 0.026674309341462584,
    "qd_3": 0.03246954118560615
  },
  "rollout_arm_0.5s": {
    "ee_rmse_m": 0.3197532057087912,
    "errdist": 0.048726549554952106,
    "mean_dist_m": 6.56219676191487,
    "episodes": 82
  },
  "rollout_arm_1.0s": {
    "ee_rmse_m": 0.5480146636887078,
    "errdist": 0.05389908669763127,
    "mean_dist_m": 10.16742021554127,
    "episodes": 82
  },
  "rollout_arm_2.0s": {
    "ee_rmse_m": 0.7315839986323086,
    "errdist": 0.048887945380139616,
    "mean_dist_m": 14.96450695449986,
    "episodes": 82
  },
  "rollout_sel": 0.048726549554952106
}
{
  "epoch": 50,
  "timestamp_utc": "2026-08-15T16:55:36.086524+00:00",
  "train_loss": 0.01491408735467121,
  "val_loss": 0.03590820237994194,
  "val_rmse": {
    "q_0": 0.06291566984162408,
    "q_1": 0.026821197544419556,
    "q_2": 0.02599139758245393,
    "q_3": 0.025903674737213826,
    "qd_0": 0.12024441623635826,
    "qd_1": 0.021747970801026573,
    "qd_2": 0.026389332410960607,
    "qd_3": 0.032505113023858424
  },
  "val_arm_loss": 0.03590820237994194,
  "val_arm_rmse": {
    "q_0": 0.06291566984162408,
    "q_1": 0.026821197544419556,
    "q_2": 0.02599139758245393,
    "q_3": 0.025903674737213826,
    "qd_0": 0.12024441623635826,
    "qd_1": 0.021747970801026573,
    "qd_2": 0.026389332410960607,
    "qd_3": 0.032505113023858424
  },
  "rollout_arm_0.5s": {
    "ee_rmse_m": 0.23875086837304416,
    "errdist": 0.03638276586869302,
    "mean_dist_m": 6.56219676191487,
    "episodes": 82
  },
  "rollout_arm_1.0s": {
    "ee_rmse_m": 0.642258906487571,
    "errdist": 0.06316832518693925,
    "mean_dist_m": 10.16742021554127,
    "episodes": 82
  },
  "rollout_arm_2.0s": {
    "ee_rmse_m": 0.9417053026750085,
    "errdist": 0.06292925691025428,
    "mean_dist_m": 14.96450695449986,
    "episodes": 82
  },
  "rollout_sel": 0.03638276586869302
}
{
  "epoch": 51,
  "timestamp_utc": "2026-08-15T16:56:05.417532+00:00",
  "train_loss": 0.014662378042237833,
  "val_loss": 0.03743208935018629,
  "val_rmse": {
    "q_0": 0.06292413905989715,
    "q_1": 0.026818740899425233,
    "q_2": 0.025992593393237694,
    "q_3": 0.025903775352888694,
    "qd_0": 0.1252958475568106,
    "qd_1": 0.02207125848340645,
    "qd_2": 0.02649498972536606,
    "qd_3": 0.03248678152386198
  },
  "val_arm_loss": 0.03743208935018629,
  "val_arm_rmse": {
    "q_0": 0.06292413905989715,
    "q_1": 0.026818740899425233,
    "q_2": 0.025992593393237694,
    "q_3": 0.025903775352888694,
    "qd_0": 0.1252958475568106,
    "qd_1": 0.02207125848340645,
    "qd_2": 0.02649498972536606,
    "qd_3": 0.03248678152386198
  },
  "rollout_arm_0.5s": {
    "ee_rmse_m": 0.17135778160813853,
    "errdist": 0.02611286857514705,
    "mean_dist_m": 6.56219676191487,
    "episodes": 82
  },
  "rollout_arm_1.0s": {
    "ee_rmse_m": 0.4342313205357957,
    "errdist": 0.04270811192322487,
    "mean_dist_m": 10.16742021554127,
    "episodes": 82
  },
  "rollout_arm_2.0s": {
    "ee_rmse_m": 0.7426727310546851,
    "errdist": 0.04962894756992724,
    "mean_dist_m": 14.96450695449986,
    "episodes": 82
  },
  "rollout_sel": 0.02611286857514705
}
{
  "epoch": 52,
  "timestamp_utc": "2026-08-15T16:56:34.862156+00:00",
  "train_loss": 0.014149387638550252,
  "val_loss": 0.036183412245009094,
  "val_rmse": {
    "q_0": 0.06292441185507958,
    "q_1": 0.02682083226963105,
    "q_2": 0.02598511645046369,
    "q_3": 0.025907048302125733,
    "qd_0": 0.12190513237746362,
    "qd_1": 0.021956931773483682,
    "qd_2": 0.026278631397216517,
    "qd_3": 0.03215813234408968
  },
  "val_arm_loss": 0.036183412245009094,
  "val_arm_rmse": {
    "q_0": 0.06292441185507958,
    "q_1": 0.02682083226963105,
    "q_2": 0.02598511645046369,
    "q_3": 0.025907048302125733,
    "qd_0": 0.12190513237746362,
    "qd_1": 0.021956931773483682,
    "qd_2": 0.026278631397216517,
    "qd_3": 0.03215813234408968
  },
  "rollout_arm_0.5s": {
    "ee_rmse_m": 0.2213437668444482,
    "errdist": 0.033730132587468986,
    "mean_dist_m": 6.56219676191487,
    "episodes": 82
  },
  "rollout_arm_1.0s": {
    "ee_rmse_m": 0.5840798818183747,
    "errdist": 0.05744622229005421,
    "mean_dist_m": 10.16742021554127,
    "episodes": 82
  },
  "rollout_arm_2.0s": {
    "ee_rmse_m": 0.9899030376582424,
    "errdist": 0.06615006031726132,
    "mean_dist_m": 14.96450695449986,
    "episodes": 82
  },
  "rollout_sel": 0.033730132587468986
}
{
  "epoch": 53,
  "timestamp_utc": "2026-08-15T16:57:04.212917+00:00",
  "train_loss": 0.013840890086954459,
  "val_loss": 0.03551998043665663,
  "val_rmse": {
    "q_0": 0.0629409968987356,
    "q_1": 0.026829838946212402,
    "q_2": 0.025991646274623734,
    "q_3": 0.02590698477971702,
    "qd_0": 0.11951237137333262,
    "qd_1": 0.02171710055592385,
    "qd_2": 0.026093598009274663,
    "qd_3": 0.03241858099157729
  },
  "val_arm_loss": 0.03551998043665663,
  "val_arm_rmse": {
    "q_0": 0.0629409968987356,
    "q_1": 0.026829838946212402,
    "q_2": 0.025991646274623734,
    "q_3": 0.02590698477971702,
    "qd_0": 0.11951237137333262,
    "qd_1": 0.02171710055592385,
    "qd_2": 0.026093598009274663,
    "qd_3": 0.03241858099157729
  },
  "rollout_arm_0.5s": {
    "ee_rmse_m": 0.22507923821182965,
    "errdist": 0.034299373575343815,
    "mean_dist_m": 6.56219676191487,
    "episodes": 82
  },
  "rollout_arm_1.0s": {
    "ee_rmse_m": 0.5078784063094438,
    "errdist": 0.04995155069258702,
    "mean_dist_m": 10.16742021554127,
    "episodes": 82
  },
  "rollout_arm_2.0s": {
    "ee_rmse_m": 0.9166406748656809,
    "errdist": 0.06125431847856805,
    "mean_dist_m": 14.96450695449986,
    "episodes": 82
  },
  "rollout_sel": 0.034299373575343815
}
{
  "epoch": 54,
  "timestamp_utc": "2026-08-15T16:57:33.571483+00:00",
  "train_loss": 0.013868209938518703,
  "val_loss": 0.036186160938814285,
  "val_rmse": {
    "q_0": 0.06294108899460248,
    "q_1": 0.026833110593398993,
    "q_2": 0.025989254149729035,
    "q_3": 0.025913895346388265,
    "qd_0": 0.12222386041393977,
    "qd_1": 0.02191424969683087,
    "qd_2": 0.026035289540825145,
    "qd_3": 0.03223930321522154
  },
  "val_arm_loss": 0.036186160938814285,
  "val_arm_rmse": {
    "q_0": 0.06294108899460248,
    "q_1": 0.026833110593398993,
    "q_2": 0.025989254149729035,
    "q_3": 0.025913895346388265,
    "qd_0": 0.12222386041393977,
    "qd_1": 0.02191424969683087,
    "qd_2": 0.026035289540825145,
    "qd_3": 0.03223930321522154
  },
  "rollout_arm_0.5s": {
    "ee_rmse_m": 0.24048456989359643,
    "errdist": 0.036646961165398256,
    "mean_dist_m": 6.56219676191487,
    "episodes": 82
  },
  "rollout_arm_1.0s": {
    "ee_rmse_m": 0.5439562262333795,
    "errdist": 0.053499925713891776,
    "mean_dist_m": 10.16742021554127,
    "episodes": 82
  },
  "rollout_arm_2.0s": {
    "ee_rmse_m": 0.8967378072771744,
    "errdist": 0.0599243135777035,
    "mean_dist_m": 14.96450695449986,
    "episodes": 82
  },
  "rollout_sel": 0.036646961165398256
}
{
  "epoch": 55,
  "timestamp_utc": "2026-08-15T16:58:02.860646+00:00",
  "train_loss": 0.013397474782075734,
  "val_loss": 0.03581202572677285,
  "val_rmse": {
    "q_0": 0.06294851958233946,
    "q_1": 0.026828366070104477,
    "q_2": 0.02598518316992434,
    "q_3": 0.025907421680595195,
    "qd_0": 0.1209724710911458,
    "qd_1": 0.021597754316944193,
    "qd_2": 0.026140520619388607,
    "qd_3": 0.03231841228364802
  },
  "val_arm_loss": 0.03581202572677285,
  "val_arm_rmse": {
    "q_0": 0.06294851958233946,
    "q_1": 0.026828366070104477,
    "q_2": 0.02598518316992434,
    "q_3": 0.025907421680595195,
    "qd_0": 0.1209724710911458,
    "qd_1": 0.021597754316944193,
    "qd_2": 0.026140520619388607,
    "qd_3": 0.03231841228364802
  },
  "rollout_arm_0.5s": {
    "ee_rmse_m": 0.14675892508695826,
    "errdist": 0.022364298178120086,
    "mean_dist_m": 6.56219676191487,
    "episodes": 82
  },
  "rollout_arm_1.0s": {
    "ee_rmse_m": 0.39021576841303185,
    "errdist": 0.03837903422311324,
    "mean_dist_m": 10.16742021554127,
    "episodes": 82
  },
  "rollout_arm_2.0s": {
    "ee_rmse_m": 0.7743264652189155,
    "errdist": 0.05174420163479384,
    "mean_dist_m": 14.96450695449986,
    "episodes": 82
  },
  "rollout_sel": 0.022364298178120086
}
{
  "epoch": 56,
  "timestamp_utc": "2026-08-15T16:58:32.206747+00:00",
  "train_loss": 0.013119605080923066,
  "val_loss": 0.035335373883135617,
  "val_rmse": {
    "q_0": 0.06294850826879626,
    "q_1": 0.02684170877631929,
    "q_2": 0.02598884628646503,
    "q_3": 0.02590523653516567,
    "qd_0": 0.11987697393704946,
    "qd_1": 0.021407605974482175,
    "qd_2": 0.025901764612644203,
    "qd_3": 0.03231558108773075
  },
  "val_arm_loss": 0.035335373883135617,
  "val_arm_rmse": {
    "q_0": 0.06294850826879626,
    "q_1": 0.02684170877631929,
    "q_2": 0.02598884628646503,
    "q_3": 0.02590523653516567,
    "qd_0": 0.11987697393704946,
    "qd_1": 0.021407605974482175,
    "qd_2": 0.025901764612644203,
    "qd_3": 0.03231558108773075
  },
  "rollout_arm_0.5s": {
    "ee_rmse_m": 0.18385905592371488,
    "errdist": 0.028017912689052654,
    "mean_dist_m": 6.56219676191487,
    "episodes": 82
  },
  "rollout_arm_1.0s": {
    "ee_rmse_m": 0.4033669522959341,
    "errdist": 0.039672497422637565,
    "mean_dist_m": 10.16742021554127,
    "episodes": 82
  },
  "rollout_arm_2.0s": {
    "ee_rmse_m": 0.6234609479284235,
    "errdist": 0.041662645473324295,
    "mean_dist_m": 14.96450695449986,
    "episodes": 82
  },
  "rollout_sel": 0.028017912689052654
}
{
  "epoch": 57,
  "timestamp_utc": "2026-08-15T16:59:01.585541+00:00",
  "train_loss": 0.012803186823846773,
  "val_loss": 0.035604610717855395,
  "val_rmse": {
    "q_0": 0.06293791721155338,
    "q_1": 0.026836597157188617,
    "q_2": 0.025993812584580164,
    "q_3": 0.02592006681550274,
    "qd_0": 0.12092026524712561,
    "qd_1": 0.021855612691830142,
    "qd_2": 0.025811304181326086,
    "qd_3": 0.032045523029663736
  },
  "val_arm_loss": 0.035604610717855395,
  "val_arm_rmse": {
    "q_0": 0.06293791721155338,
    "q_1": 0.026836597157188617,
    "q_2": 0.025993812584580164,
    "q_3": 0.02592006681550274,
    "qd_0": 0.12092026524712561,
    "qd_1": 0.021855612691830142,
    "qd_2": 0.025811304181326086,
    "qd_3": 0.032045523029663736
  },
  "rollout_arm_0.5s": {
    "ee_rmse_m": 0.15977719251514447,
    "errdist": 0.024348125835306555,
    "mean_dist_m": 6.56219676191487,
    "episodes": 82
  },
  "rollout_arm_1.0s": {
    "ee_rmse_m": 0.31389104112258986,
    "errdist": 0.030872240398089973,
    "mean_dist_m": 10.16742021554127,
    "episodes": 82
  },
  "rollout_arm_2.0s": {
    "ee_rmse_m": 0.5723847568686595,
    "errdist": 0.038249489850151204,
    "mean_dist_m": 14.96450695449986,
    "episodes": 82
  },
  "rollout_sel": 0.024348125835306555
}
{
  "epoch": 58,
  "timestamp_utc": "2026-08-15T16:59:30.895127+00:00",
  "train_loss": 0.012669366830494255,
  "val_loss": 0.035979169006459415,
  "val_rmse": {
    "q_0": 0.06294009029958908,
    "q_1": 0.026845754574719542,
    "q_2": 0.025983528802685854,
    "q_3": 0.025905045037102715,
    "qd_0": 0.12083199433528169,
    "qd_1": 0.02181858674351085,
    "qd_2": 0.026288891141512435,
    "qd_3": 0.032389122737792285
  },
  "val_arm_loss": 0.035979169006459415,
  "val_arm_rmse": {
    "q_0": 0.06294009029958908,
    "q_1": 0.026845754574719542,
    "q_2": 0.025983528802685854,
    "q_3": 0.025905045037102715,
    "qd_0": 0.12083199433528169,
    "qd_1": 0.02181858674351085,
    "qd_2": 0.026288891141512435,
    "qd_3": 0.032389122737792285
  },
  "rollout_arm_0.5s": {
    "ee_rmse_m": 0.2085893552070254,
    "errdist": 0.031786513384910814,
    "mean_dist_m": 6.56219676191487,
    "episodes": 82
  },
  "rollout_arm_1.0s": {
    "ee_rmse_m": 0.4982864409907928,
    "errdist": 0.04900814861857917,
    "mean_dist_m": 10.16742021554127,
    "episodes": 82
  },
  "rollout_arm_2.0s": {
    "ee_rmse_m": 0.841934843825543,
    "errdist": 0.05626211718070479,
    "mean_dist_m": 14.96450695449986,
    "episodes": 82
  },
  "rollout_sel": 0.031786513384910814
}
{
  "epoch": 59,
  "timestamp_utc": "2026-08-15T17:00:00.180567+00:00",
  "train_loss": 0.012324578237254172,
  "val_loss": 0.0352810384100303,
  "val_rmse": {
    "q_0": 0.06293975785243072,
    "q_1": 0.026839716034151043,
    "q_2": 0.02598874064159893,
    "q_3": 0.025909718446101168,
    "qd_0": 0.11931753363457606,
    "qd_1": 0.02157247208870697,
    "qd_2": 0.026004699793886005,
    "qd_3": 0.03227064939680467
  },
  "val_arm_loss": 0.0352810384100303,
  "val_arm_rmse": {
    "q_0": 0.06293975785243072,
    "q_1": 0.026839716034151043,
    "q_2": 0.02598874064159893,
    "q_3": 0.025909718446101168,
    "qd_0": 0.11931753363457606,
    "qd_1": 0.02157247208870697,
    "qd_2": 0.026004699793886005,
    "qd_3": 0.03227064939680467
  },
  "rollout_arm_0.5s": {
    "ee_rmse_m": 0.18422762810066562,
    "errdist": 0.028074078663698498,
    "mean_dist_m": 6.56219676191487,
    "episodes": 82
  },
  "rollout_arm_1.0s": {
    "ee_rmse_m": 0.43704766033871284,
    "errdist": 0.04298510842216098,
    "mean_dist_m": 10.16742021554127,
    "episodes": 82
  },
  "rollout_arm_2.0s": {
    "ee_rmse_m": 0.9369535861550308,
    "errdist": 0.06261172446268179,
    "mean_dist_m": 14.96450695449986,
    "episodes": 82
  },
  "rollout_sel": 0.028074078663698498
}
{
  "epoch": 60,
  "timestamp_utc": "2026-08-15T17:00:29.564881+00:00",
  "train_loss": 0.012046467246254905,
  "val_loss": 0.03601408017333597,
  "val_rmse": {
    "q_0": 0.06295800247368985,
    "q_1": 0.02684590691926099,
    "q_2": 0.025987436780334567,
    "q_3": 0.02591239882913699,
    "qd_0": 0.12069267437951671,
    "qd_1": 0.022038481665820814,
    "qd_2": 0.02632445585774585,
    "qd_3": 0.03231862042341099
  },
  "val_arm_loss": 0.03601408017333597,
  "val_arm_rmse": {
    "q_0": 0.06295800247368985,
    "q_1": 0.02684590691926099,
    "q_2": 0.025987436780334567,
    "q_3": 0.02591239882913699,
    "qd_0": 0.12069267437951671,
    "qd_1": 0.022038481665820814,
    "qd_2": 0.02632445585774585,
    "qd_3": 0.03231862042341099
  },
  "rollout_arm_0.5s": {
    "ee_rmse_m": 0.17345871625024137,
    "errdist": 0.026433025790532003,
    "mean_dist_m": 6.56219676191487,
    "episodes": 82
  },
  "rollout_arm_1.0s": {
    "ee_rmse_m": 0.5669467259282404,
    "errdist": 0.05576111874098031,
    "mean_dist_m": 10.16742021554127,
    "episodes": 82
  },
  "rollout_arm_2.0s": {
    "ee_rmse_m": 0.9133281942911692,
    "errdist": 0.06103296266747561,
    "mean_dist_m": 14.96450695449986,
    "episodes": 82
  },
  "rollout_sel": 0.026433025790532003
}
{
  "epoch": 61,
  "timestamp_utc": "2026-08-15T17:00:58.831661+00:00",
  "train_loss": 0.011716662949882448,
  "val_loss": 0.03585248129675165,
  "val_rmse": {
    "q_0": 0.06295084811776673,
    "q_1": 0.026854603176364615,
    "q_2": 0.025987641657552796,
    "q_3": 0.0259110206035019,
    "qd_0": 0.12127212150497466,
    "qd_1": 0.021620937382948673,
    "qd_2": 0.026014432946748697,
    "qd_3": 0.03233308381305484
  },
  "val_arm_loss": 0.03585248129675165,
  "val_arm_rmse": {
    "q_0": 0.06295084811776673,
    "q_1": 0.026854603176364615,
    "q_2": 0.025987641657552796,
    "q_3": 0.0259110206035019,
    "qd_0": 0.12127212150497466,
    "qd_1": 0.021620937382948673,
    "qd_2": 0.026014432946748697,
    "qd_3": 0.03233308381305484
  },
  "rollout_arm_0.5s": {
    "ee_rmse_m": 0.24385796736185097,
    "errdist": 0.0371610264381485,
    "mean_dist_m": 6.56219676191487,
    "episodes": 82
  },
  "rollout_arm_1.0s": {
    "ee_rmse_m": 0.5891304085734131,
    "errdist": 0.0579429585956235,
    "mean_dist_m": 10.16742021554127,
    "episodes": 82
  },
  "rollout_arm_2.0s": {
    "ee_rmse_m": 0.7852553628284527,
    "errdist": 0.05247452289714929,
    "mean_dist_m": 14.96450695449986,
    "episodes": 82
  },
  "rollout_sel": 0.0371610264381485
}
{
  "epoch": 62,
  "timestamp_utc": "2026-08-15T17:01:28.141792+00:00",
  "train_loss": 0.011597586546791718,
  "val_loss": 0.035946990945376456,
  "val_rmse": {
    "q_0": 0.0629544610383669,
    "q_1": 0.0268474574101178,
    "q_2": 0.025986591224752373,
    "q_3": 0.025906519884354447,
    "qd_0": 0.1214120632265929,
    "qd_1": 0.0217770773876089,
    "qd_2": 0.02625650715825828,
    "qd_3": 0.032127338736422664
  },
  "val_arm_loss": 0.035946990945376456,
  "val_arm_rmse": {
    "q_0": 0.0629544610383669,
    "q_1": 0.0268474574101178,
    "q_2": 0.025986591224752373,
    "q_3": 0.025906519884354447,
    "qd_0": 0.1214120632265929,
    "qd_1": 0.0217770773876089,
    "qd_2": 0.02625650715825828,
    "qd_3": 0.032127338736422664
  },
  "rollout_arm_0.5s": {
    "ee_rmse_m": 0.18144968786669058,
    "errdist": 0.02765075392432198,
    "mean_dist_m": 6.56219676191487,
    "episodes": 82
  },
  "rollout_arm_1.0s": {
    "ee_rmse_m": 0.5022193879497463,
    "errdist": 0.04939496718962061,
    "mean_dist_m": 10.16742021554127,
    "episodes": 82
  },
  "rollout_arm_2.0s": {
    "ee_rmse_m": 0.9584355799151874,
    "errdist": 0.06404725413468992,
    "mean_dist_m": 14.96450695449986,
    "episodes": 82
  },
  "rollout_sel": 0.02765075392432198
}
{
  "epoch": 63,
  "timestamp_utc": "2026-08-15T17:01:57.420950+00:00",
  "train_loss": 0.011394417682895437,
  "val_loss": 0.03604883606545627,
  "val_rmse": {
    "q_0": 0.06294416076331576,
    "q_1": 0.02685829860369983,
    "q_2": 0.025989555761734742,
    "q_3": 0.025912832231395577,
    "qd_0": 0.12154065491397784,
    "qd_1": 0.021594772724283052,
    "qd_2": 0.025957713724469974,
    "qd_3": 0.032611285575295024
  },
  "val_arm_loss": 0.03604883606545627,
  "val_arm_rmse": {
    "q_0": 0.06294416076331576,
    "q_1": 0.02685829860369983,
    "q_2": 0.025989555761734742,
    "q_3": 0.025912832231395577,
    "qd_0": 0.12154065491397784,
    "qd_1": 0.021594772724283052,
    "qd_2": 0.025957713724469974,
    "qd_3": 0.032611285575295024
  },
  "rollout_arm_0.5s": {
    "ee_rmse_m": 0.16062568433680424,
    "errdist": 0.024477425801833645,
    "mean_dist_m": 6.56219676191487,
    "episodes": 82
  },
  "rollout_arm_1.0s": {
    "ee_rmse_m": 0.42986554519070647,
    "errdist": 0.04227872322358049,
    "mean_dist_m": 10.16742021554127,
    "episodes": 82
  },
  "rollout_arm_2.0s": {
    "ee_rmse_m": 0.6691653420640892,
    "errdist": 0.044716831907573786,
    "mean_dist_m": 14.96450695449986,
    "episodes": 82
  },
  "rollout_sel": 0.024477425801833645
}
{
  "epoch": 64,
  "timestamp_utc": "2026-08-15T17:02:26.743516+00:00",
  "train_loss": 0.010950037093134597,
  "val_loss": 0.03622052614809945,
  "val_rmse": {
    "q_0": 0.06295461958848327,
    "q_1": 0.026856783515001165,
    "q_2": 0.025989884982062353,
    "q_3": 0.02591561467858565,
    "qd_0": 0.12172363610939307,
    "qd_1": 0.02181952244694256,
    "qd_2": 0.026032891031979484,
    "qd_3": 0.03259814291382769
  },
  "val_arm_loss": 0.03622052614809945,
  "val_arm_rmse": {
    "q_0": 0.06295461958848327,
    "q_1": 0.026856783515001165,
    "q_2": 0.025989884982062353,
    "q_3": 0.02591561467858565,
    "qd_0": 0.12172363610939307,
    "qd_1": 0.02181952244694256,
    "qd_2": 0.026032891031979484,
    "qd_3": 0.03259814291382769
  },
  "rollout_arm_0.5s": {
    "ee_rmse_m": 0.14300491668753745,
    "errdist": 0.02179223236912027,
    "mean_dist_m": 6.56219676191487,
    "episodes": 82
  },
  "rollout_arm_1.0s": {
    "ee_rmse_m": 0.3868688713556403,
    "errdist": 0.03804985563243439,
    "mean_dist_m": 10.16742021554127,
    "episodes": 82
  },
  "rollout_arm_2.0s": {
    "ee_rmse_m": 0.6071838812167731,
    "errdist": 0.040574933946232794,
    "mean_dist_m": 14.96450695449986,
    "episodes": 82
  },
  "rollout_sel": 0.02179223236912027
}
{
  "epoch": 65,
  "timestamp_utc": "2026-08-15T17:02:56.099453+00:00",
  "train_loss": 0.010836544026155024,
  "val_loss": 0.03574776970082894,
  "val_rmse": {
    "q_0": 0.06296094734733149,
    "q_1": 0.026855169129325823,
    "q_2": 0.02598878990152832,
    "q_3": 0.025918717896568102,
    "qd_0": 0.12054139979142231,
    "qd_1": 0.02177655344121614,
    "qd_2": 0.02614022492300971,
    "qd_3": 0.03226909812590874
  },
  "val_arm_loss": 0.03574776970082894,
  "val_arm_rmse": {
    "q_0": 0.06296094734733149,
    "q_1": 0.026855169129325823,
    "q_2": 0.02598878990152832,
    "q_3": 0.025918717896568102,
    "qd_0": 0.12054139979142231,
    "qd_1": 0.02177655344121614,
    "qd_2": 0.02614022492300971,
    "qd_3": 0.03226909812590874
  },
  "rollout_arm_0.5s": {
    "ee_rmse_m": 0.1339870325232007,
    "errdist": 0.02041801509226658,
    "mean_dist_m": 6.56219676191487,
    "episodes": 82
  },
  "rollout_arm_1.0s": {
    "ee_rmse_m": 0.37219885961731974,
    "errdist": 0.03660701060121429,
    "mean_dist_m": 10.16742021554127,
    "episodes": 82
  },
  "rollout_arm_2.0s": {
    "ee_rmse_m": 0.5886270613919388,
    "errdist": 0.03933487840138544,
    "mean_dist_m": 14.96450695449986,
    "episodes": 82
  },
  "rollout_sel": 0.02041801509226658
}
{
  "epoch": 66,
  "timestamp_utc": "2026-08-15T17:03:25.483127+00:00",
  "train_loss": 0.010637131912633777,
  "val_loss": 0.035595850374083964,
  "val_rmse": {
    "q_0": 0.06294882584246382,
    "q_1": 0.026859020571295224,
    "q_2": 0.02599088741999549,
    "q_3": 0.025921036775163917,
    "qd_0": 0.11955500063461127,
    "qd_1": 0.021832122451352787,
    "qd_2": 0.02607596356318246,
    "qd_3": 0.032457634594575346
  },
  "val_arm_loss": 0.035595850374083964,
  "val_arm_rmse": {
    "q_0": 0.06294882584246382,
    "q_1": 0.026859020571295224,
    "q_2": 0.02599088741999549,
    "q_3": 0.025921036775163917,
    "qd_0": 0.11955500063461127,
    "qd_1": 0.021832122451352787,
    "qd_2": 0.02607596356318246,
    "qd_3": 0.032457634594575346
  },
  "rollout_arm_0.5s": {
    "ee_rmse_m": 0.1597912894086311,
    "errdist": 0.024350274032624936,
    "mean_dist_m": 6.56219676191487,
    "episodes": 82
  },
  "rollout_arm_1.0s": {
    "ee_rmse_m": 0.43552678728387306,
    "errdist": 0.0428355254382183,
    "mean_dist_m": 10.16742021554127,
    "episodes": 82
  },
  "rollout_arm_2.0s": {
    "ee_rmse_m": 1.0606449828227156,
    "errdist": 0.07087737578308768,
    "mean_dist_m": 14.96450695449986,
    "episodes": 82
  },
  "rollout_sel": 0.024350274032624936
}
{
  "epoch": 67,
  "timestamp_utc": "2026-08-15T17:03:54.791663+00:00",
  "train_loss": 0.010355621638242156,
  "val_loss": 0.03583114271052182,
  "val_rmse": {
    "q_0": 0.06295824124223989,
    "q_1": 0.026864118808553255,
    "q_2": 0.02599018861218688,
    "q_3": 0.02591914826106981,
    "qd_0": 0.12023619434192567,
    "qd_1": 0.021930203890158984,
    "qd_2": 0.02607199460241686,
    "qd_3": 0.03248696259148469
  },
  "val_arm_loss": 0.03583114271052182,
  "val_arm_rmse": {
    "q_0": 0.06295824124223989,
    "q_1": 0.026864118808553255,
    "q_2": 0.02599018861218688,
    "q_3": 0.02591914826106981,
    "qd_0": 0.12023619434192567,
    "qd_1": 0.021930203890158984,
    "qd_2": 0.02607199460241686,
    "qd_3": 0.03248696259148469
  },
  "rollout_arm_0.5s": {
    "ee_rmse_m": 0.10674944416835684,
    "errdist": 0.016267333644717934,
    "mean_dist_m": 6.56219676191487,
    "episodes": 82
  },
  "rollout_arm_1.0s": {
    "ee_rmse_m": 0.3223013214435572,
    "errdist": 0.03169941977522558,
    "mean_dist_m": 10.16742021554127,
    "episodes": 82
  },
  "rollout_arm_2.0s": {
    "ee_rmse_m": 0.6819636340321177,
    "errdist": 0.04557207505102931,
    "mean_dist_m": 14.96450695449986,
    "episodes": 82
  },
  "rollout_sel": 0.016267333644717934
}
{
  "epoch": 68,
  "timestamp_utc": "2026-08-15T17:04:24.113989+00:00",
  "train_loss": 0.010202941562514752,
  "val_loss": 0.035595035559963434,
  "val_rmse": {
    "q_0": 0.06296426329020362,
    "q_1": 0.02686405750182376,
    "q_2": 0.025985438238399914,
    "q_3": 0.025920648166884264,
    "qd_0": 0.11969951962345786,
    "qd_1": 0.021913345487473177,
    "qd_2": 0.02601729975058385,
    "qd_3": 0.03237632321608752
  },
  "val_arm_loss": 0.035595035559963434,
  "val_arm_rmse": {
    "q_0": 0.06296426329020362,
    "q_1": 0.02686405750182376,
    "q_2": 0.025985438238399914,
    "q_3": 0.025920648166884264,
    "qd_0": 0.11969951962345786,
    "qd_1": 0.021913345487473177,
    "qd_2": 0.02601729975058385,
    "qd_3": 0.03237632321608752
  },
  "rollout_arm_0.5s": {
    "ee_rmse_m": 0.24054723045925389,
    "errdist": 0.03665650988329424,
    "mean_dist_m": 6.56219676191487,
    "episodes": 82
  },
  "rollout_arm_1.0s": {
    "ee_rmse_m": 0.5478343933177394,
    "errdist": 0.05388135649988723,
    "mean_dist_m": 10.16742021554127,
    "episodes": 82
  },
  "rollout_arm_2.0s": {
    "ee_rmse_m": 0.7572988688633835,
    "errdist": 0.05060633612360092,
    "mean_dist_m": 14.96450695449986,
    "episodes": 82
  },
  "rollout_sel": 0.03665650988329424
}
{
  "epoch": 69,
  "timestamp_utc": "2026-08-15T17:04:53.409800+00:00",
  "train_loss": 0.01005768635054119,
  "val_loss": 0.03553322887048125,
  "val_rmse": {
    "q_0": 0.0629557682743694,
    "q_1": 0.02686098508370752,
    "q_2": 0.02599043841611844,
    "q_3": 0.02591897585225046,
    "qd_0": 0.1192145179575481,
    "qd_1": 0.021790087125458907,
    "qd_2": 0.02604622135139491,
    "qd_3": 0.032555559382761834
  },
  "val_arm_loss": 0.03553322887048125,
  "val_arm_rmse": {
    "q_0": 0.0629557682743694,
    "q_1": 0.02686098508370752,
    "q_2": 0.02599043841611844,
    "q_3": 0.02591897585225046,
    "qd_0": 0.1192145179575481,
    "qd_1": 0.021790087125458907,
    "qd_2": 0.02604622135139491,
    "qd_3": 0.032555559382761834
  },
  "rollout_arm_0.5s": {
    "ee_rmse_m": 0.18106179662826807,
    "errdist": 0.027591643956654793,
    "mean_dist_m": 6.56219676191487,
    "episodes": 82
  },
  "rollout_arm_1.0s": {
    "ee_rmse_m": 0.44068594871040623,
    "errdist": 0.04334294632937486,
    "mean_dist_m": 10.16742021554127,
    "episodes": 82
  },
  "rollout_arm_2.0s": {
    "ee_rmse_m": 0.6036402422551048,
    "errdist": 0.04033813102499771,
    "mean_dist_m": 14.96450695449986,
    "episodes": 82
  },
  "rollout_sel": 0.027591643956654793
}
{
  "epoch": 70,
  "timestamp_utc": "2026-08-15T17:05:22.682761+00:00",
  "train_loss": 0.009888283366104587,
  "val_loss": 0.036063838885165754,
  "val_rmse": {
    "q_0": 0.06296131872882253,
    "q_1": 0.02686279230883562,
    "q_2": 0.025992433504204333,
    "q_3": 0.025919036968987997,
    "qd_0": 0.1206074725694183,
    "qd_1": 0.022170707719054196,
    "qd_2": 0.026056272044426128,
    "qd_3": 0.032550187629644824
  },
  "val_arm_loss": 0.036063838885165754,
  "val_arm_rmse": {
    "q_0": 0.06296131872882253,
    "q_1": 0.02686279230883562,
    "q_2": 0.025992433504204333,
    "q_3": 0.025919036968987997,
    "qd_0": 0.1206074725694183,
    "qd_1": 0.022170707719054196,
    "qd_2": 0.026056272044426128,
    "qd_3": 0.032550187629644824
  },
  "rollout_arm_0.5s": {
    "ee_rmse_m": 0.10695153303586102,
    "errdist": 0.01629812956182256,
    "mean_dist_m": 6.56219676191487,
    "episodes": 82
  },
  "rollout_arm_1.0s": {
    "ee_rmse_m": 0.2819992883211921,
    "errdist": 0.027735579167874457,
    "mean_dist_m": 10.16742021554127,
    "episodes": 82
  },
  "rollout_arm_2.0s": {
    "ee_rmse_m": 0.6023281572878704,
    "errdist": 0.04025045122564155,
    "mean_dist_m": 14.96450695449986,
    "episodes": 82
  },
  "rollout_sel": 0.01629812956182256
}
{
  "epoch": 71,
  "timestamp_utc": "2026-08-15T17:05:52.032646+00:00",
  "train_loss": 0.009779330437304452,
  "val_loss": 0.035691719760652635,
  "val_rmse": {
    "q_0": 0.06296915897472181,
    "q_1": 0.026859322691321096,
    "q_2": 0.025990920817130867,
    "q_3": 0.025918139915547464,
    "qd_0": 0.11938530822989689,
    "qd_1": 0.021798854030664023,
    "qd_2": 0.026087619662577857,
    "qd_3": 0.03271214153744695
  },
  "val_arm_loss": 0.035691719760652635,
  "val_arm_rmse": {
    "q_0": 0.06296915897472181,
    "q_1": 0.026859322691321096,
    "q_2": 0.025990920817130867,
    "q_3": 0.025918139915547464,
    "qd_0": 0.11938530822989689,
    "qd_1": 0.021798854030664023,
    "qd_2": 0.026087619662577857,
    "qd_3": 0.03271214153744695
  },
  "rollout_arm_0.5s": {
    "ee_rmse_m": 0.15786258938171802,
    "errdist": 0.024056363304725596,
    "mean_dist_m": 6.56219676191487,
    "episodes": 82
  },
  "rollout_arm_1.0s": {
    "ee_rmse_m": 0.4890457178712998,
    "errdist": 0.048099292397079815,
    "mean_dist_m": 10.16742021554127,
    "episodes": 82
  },
  "rollout_arm_2.0s": {
    "ee_rmse_m": 0.863507901417471,
    "errdist": 0.05770373217393656,
    "mean_dist_m": 14.96450695449986,
    "episodes": 82
  },
  "rollout_sel": 0.024056363304725596
}
{
  "epoch": 72,
  "timestamp_utc": "2026-08-15T17:06:21.329312+00:00",
  "train_loss": 0.009556876631919295,
  "val_loss": 0.03566451760707423,
  "val_rmse": {
    "q_0": 0.06296949377634539,
    "q_1": 0.02686632018144474,
    "q_2": 0.02599341693557544,
    "q_3": 0.025916829231749632,
    "qd_0": 0.12009399470731776,
    "qd_1": 0.021869881396512077,
    "qd_2": 0.025952208157023874,
    "qd_3": 0.03240227540659193
  },
  "val_arm_loss": 0.03566451760707423,
  "val_arm_rmse": {
    "q_0": 0.06296949377634539,
    "q_1": 0.02686632018144474,
    "q_2": 0.02599341693557544,
    "q_3": 0.025916829231749632,
    "qd_0": 0.12009399470731776,
    "qd_1": 0.021869881396512077,
    "qd_2": 0.025952208157023874,
    "qd_3": 0.03240227540659193
  },
  "rollout_arm_0.5s": {
    "ee_rmse_m": 0.10934006806437727,
    "errdist": 0.01666211362313243,
    "mean_dist_m": 6.56219676191487,
    "episodes": 82
  },
  "rollout_arm_1.0s": {
    "ee_rmse_m": 0.36177488481443904,
    "errdist": 0.03558177759403049,
    "mean_dist_m": 10.16742021554127,
    "episodes": 82
  },
  "rollout_arm_2.0s": {
    "ee_rmse_m": 0.6542838133760114,
    "errdist": 0.04372237691260966,
    "mean_dist_m": 14.96450695449986,
    "episodes": 82
  },
  "rollout_sel": 0.01666211362313243
}
{
  "epoch": 73,
  "timestamp_utc": "2026-08-15T17:06:50.646492+00:00",
  "train_loss": 0.009423716880613938,
  "val_loss": 0.03600276366109029,
  "val_rmse": {
    "q_0": 0.06296522377829869,
    "q_1": 0.026868306692121657,
    "q_2": 0.025991025525130385,
    "q_3": 0.025920410348700525,
    "qd_0": 0.12084769716520045,
    "qd_1": 0.021790942836236626,
    "qd_2": 0.026040978840626665,
    "qd_3": 0.03263471567943715
  },
  "val_arm_loss": 0.03600276366109029,
  "val_arm_rmse": {
    "q_0": 0.06296522377829869,
    "q_1": 0.026868306692121657,
    "q_2": 0.025991025525130385,
    "q_3": 0.025920410348700525,
    "qd_0": 0.12084769716520045,
    "qd_1": 0.021790942836236626,
    "qd_2": 0.026040978840626665,
    "qd_3": 0.03263471567943715
  },
  "rollout_arm_0.5s": {
    "ee_rmse_m": 0.11459325546144755,
    "errdist": 0.01746263631205244,
    "mean_dist_m": 6.56219676191487,
    "episodes": 82
  },
  "rollout_arm_1.0s": {
    "ee_rmse_m": 0.3539081588335829,
    "errdist": 0.034808058615755984,
    "mean_dist_m": 10.16742021554127,
    "episodes": 82
  },
  "rollout_arm_2.0s": {
    "ee_rmse_m": 0.7710706124369364,
    "errdist": 0.0515266299639143,
    "mean_dist_m": 14.96450695449986,
    "episodes": 82
  },
  "rollout_sel": 0.01746263631205244
}
{
  "epoch": 74,
  "timestamp_utc": "2026-08-15T17:07:19.967725+00:00",
  "train_loss": 0.009174089353298769,
  "val_loss": 0.03595322236651555,
  "val_rmse": {
    "q_0": 0.06296464008790255,
    "q_1": 0.026869846510429306,
    "q_2": 0.025989204837487036,
    "q_3": 0.02592337644759991,
    "qd_0": 0.11963828652357601,
    "qd_1": 0.021934764102201926,
    "qd_2": 0.026263288405551036,
    "qd_3": 0.03280928592599155
  },
  "val_arm_loss": 0.03595322236651555,
  "val_arm_rmse": {
    "q_0": 0.06296464008790255,
    "q_1": 0.026869846510429306,
    "q_2": 0.025989204837487036,
    "q_3": 0.02592337644759991,
    "qd_0": 0.11963828652357601,
    "qd_1": 0.021934764102201926,
    "qd_2": 0.026263288405551036,
    "qd_3": 0.03280928592599155
  },
  "rollout_arm_0.5s": {
    "ee_rmse_m": 0.13444643668371264,
    "errdist": 0.02048802277066754,
    "mean_dist_m": 6.56219676191487,
    "episodes": 82
  },
  "rollout_arm_1.0s": {
    "ee_rmse_m": 0.39971769405747165,
    "errdist": 0.03931358059210425,
    "mean_dist_m": 10.16742021554127,
    "episodes": 82
  },
  "rollout_arm_2.0s": {
    "ee_rmse_m": 0.7381183361455461,
    "errdist": 0.049324601097104126,
    "mean_dist_m": 14.96450695449986,
    "episodes": 82
  },
  "rollout_sel": 0.02048802277066754
}
{
  "epoch": 75,
  "timestamp_utc": "2026-08-15T17:07:49.375642+00:00",
  "train_loss": 0.009048564874799922,
  "val_loss": 0.036070065542589874,
  "val_rmse": {
    "q_0": 0.06296203379219317,
    "q_1": 0.026871500342616296,
    "q_2": 0.025992784869127768,
    "q_3": 0.0259238697935507,
    "qd_0": 0.12011142164168395,
    "qd_1": 0.0220057287482136,
    "qd_2": 0.026263290038003845,
    "qd_3": 0.03274601234880315
  },
  "val_arm_loss": 0.036070065542589874,
  "val_arm_rmse": {
    "q_0": 0.06296203379219317,
    "q_1": 0.026871500342616296,
    "q_2": 0.025992784869127768,
    "q_3": 0.0259238697935507,
    "qd_0": 0.12011142164168395,
    "qd_1": 0.0220057287482136,
    "qd_2": 0.026263290038003845,
    "qd_3": 0.03274601234880315
  },
  "rollout_arm_0.5s": {
    "ee_rmse_m": 0.19685228264885882,
    "errdist": 0.029997924443737143,
    "mean_dist_m": 6.56219676191487,
    "episodes": 82
  },
  "rollout_arm_1.0s": {
    "ee_rmse_m": 0.5337870850490035,
    "errdist": 0.0524997564508144,
    "mean_dist_m": 10.16742021554127,
    "episodes": 82
  },
  "rollout_arm_2.0s": {
    "ee_rmse_m": 0.7579123489966378,
    "errdist": 0.05064733180325276,
    "mean_dist_m": 14.96450695449986,
    "episodes": 82
  },
  "rollout_sel": 0.029997924443737143
}
{
  "epoch": 76,
  "timestamp_utc": "2026-08-15T17:08:18.661083+00:00",
  "train_loss": 0.009161996249575168,
  "val_loss": 0.03612984921783209,
  "val_rmse": {
    "q_0": 0.06296502287836868,
    "q_1": 0.02687216619623958,
    "q_2": 0.025988680502083705,
    "q_3": 0.025921776291774064,
    "qd_0": 0.1200229078765566,
    "qd_1": 0.02201237118795455,
    "qd_2": 0.026231674205825836,
    "qd_3": 0.03290573060159587
  },
  "val_arm_loss": 0.03612984921783209,
  "val_arm_rmse": {
    "q_0": 0.06296502287836868,
    "q_1": 0.02687216619623958,
    "q_2": 0.025988680502083705,
    "q_3": 0.025921776291774064,
    "qd_0": 0.1200229078765566,
    "qd_1": 0.02201237118795455,
    "qd_2": 0.026231674205825836,
    "qd_3": 0.03290573060159587
  },
  "rollout_arm_0.5s": {
    "ee_rmse_m": 0.10711193152012946,
    "errdist": 0.016322572365061766,
    "mean_dist_m": 6.56219676191487,
    "episodes": 82
  },
  "rollout_arm_1.0s": {
    "ee_rmse_m": 0.27420923489125887,
    "errdist": 0.026969401193049945,
    "mean_dist_m": 10.16742021554127,
    "episodes": 82
  },
  "rollout_arm_2.0s": {
    "ee_rmse_m": 0.5787264299085962,
    "errdist": 0.038673270804593526,
    "mean_dist_m": 14.96450695449986,
    "episodes": 82
  },
  "rollout_sel": 0.016322572365061766
}
{
  "epoch": 77,
  "timestamp_utc": "2026-08-15T17:08:48.011108+00:00",
  "train_loss": 0.00896315501513891,
  "val_loss": 0.03635253290180117,
  "val_rmse": {
    "q_0": 0.06297428145096391,
    "q_1": 0.026871777992684837,
    "q_2": 0.02598933054376499,
    "q_3": 0.025924282324879307,
    "qd_0": 0.1198438758221359,
    "qd_1": 0.022147419659662857,
    "qd_2": 0.026447512029324896,
    "qd_3": 0.033093792450872864
  },
  "val_arm_loss": 0.03635253290180117,
  "val_arm_rmse": {
    "q_0": 0.06297428145096391,
    "q_1": 0.026871777992684837,
    "q_2": 0.02598933054376499,
    "q_3": 0.025924282324879307,
    "qd_0": 0.1198438758221359,
    "qd_1": 0.022147419659662857,
    "qd_2": 0.026447512029324896,
    "qd_3": 0.033093792450872864
  },
  "rollout_arm_0.5s": {
    "ee_rmse_m": 0.14359854983460643,
    "errdist": 0.02188269493350332,
    "mean_dist_m": 6.56219676191487,
    "episodes": 82
  },
  "rollout_arm_1.0s": {
    "ee_rmse_m": 0.4141608315203661,
    "errdist": 0.04073411177471609,
    "mean_dist_m": 10.16742021554127,
    "episodes": 82
  },
  "rollout_arm_2.0s": {
    "ee_rmse_m": 0.7264562418080177,
    "errdist": 0.04854528411907154,
    "mean_dist_m": 14.96450695449986,
    "episodes": 82
  },
  "rollout_sel": 0.02188269493350332
}
{
  "epoch": 78,
  "timestamp_utc": "2026-08-15T17:09:17.293135+00:00",
  "train_loss": 0.008900090318406,
  "val_loss": 0.03623405577149242,
  "val_rmse": {
    "q_0": 0.06297736650905647,
    "q_1": 0.02687009621793224,
    "q_2": 0.025992468100234097,
    "q_3": 0.0259241228368765,
    "qd_0": 0.11944836377601604,
    "qd_1": 0.021943346736066193,
    "qd_2": 0.026316176864998316,
    "qd_3": 0.03331792337904139
  },
  "val_arm_loss": 0.03623405577149242,
  "val_arm_rmse": {
    "q_0": 0.06297736650905647,
    "q_1": 0.02687009621793224,
    "q_2": 0.025992468100234097,
    "q_3": 0.0259241228368765,
    "qd_0": 0.11944836377601604,
    "qd_1": 0.021943346736066193,
    "qd_2": 0.026316176864998316,
    "qd_3": 0.03331792337904139
  },
  "rollout_arm_0.5s": {
    "ee_rmse_m": 0.10994841912417283,
    "errdist": 0.01675481902071,
    "mean_dist_m": 6.56219676191487,
    "episodes": 82
  },
  "rollout_arm_1.0s": {
    "ee_rmse_m": 0.29244842271595306,
    "errdist": 0.028763286705602572,
    "mean_dist_m": 10.16742021554127,
    "episodes": 82
  },
  "rollout_arm_2.0s": {
    "ee_rmse_m": 0.7611872761107574,
    "errdist": 0.05086617811232776,
    "mean_dist_m": 14.96450695449986,
    "episodes": 82
  },
  "rollout_sel": 0.01675481902071
}
{
  "epoch": 79,
  "timestamp_utc": "2026-08-15T17:09:46.603855+00:00",
  "train_loss": 0.008819441405590624,
  "val_loss": 0.036383521512616424,
  "val_rmse": {
    "q_0": 0.06297647459339512,
    "q_1": 0.02687567446823205,
    "q_2": 0.02598936865881075,
    "q_3": 0.02592598462638182,
    "qd_0": 0.11963535708525701,
    "qd_1": 0.022251110629105574,
    "qd_2": 0.026334861169595818,
    "qd_3": 0.0332456336816289
  },
  "val_arm_loss": 0.036383521512616424,
  "val_arm_rmse": {
    "q_0": 0.06297647459339512,
    "q_1": 0.02687567446823205,
    "q_2": 0.02598936865881075,
    "q_3": 0.02592598462638182,
    "qd_0": 0.11963535708525701,
    "qd_1": 0.022251110629105574,
    "qd_2": 0.026334861169595818,
    "qd_3": 0.0332456336816289
  },
  "rollout_arm_0.5s": {
    "ee_rmse_m": 0.08735314867875195,
    "errdist": 0.013311571086335731,
    "mean_dist_m": 6.56219676191487,
    "episodes": 82
  },
  "rollout_arm_1.0s": {
    "ee_rmse_m": 0.25313974699406866,
    "errdist": 0.024897146142060244,
    "mean_dist_m": 10.16742021554127,
    "episodes": 82
  },
  "rollout_arm_2.0s": {
    "ee_rmse_m": 0.5868335013551437,
    "errdist": 0.039215024132731716,
    "mean_dist_m": 14.96450695449986,
    "episodes": 82
  },
  "rollout_sel": 0.013311571086335731
}
{
  "epoch": 80,
  "timestamp_utc": "2026-08-15T17:10:15.918531+00:00",
  "train_loss": 0.00868441036925651,
  "val_loss": 0.036311020401772115,
  "val_rmse": {
    "q_0": 0.06297644816370969,
    "q_1": 0.026872385869851308,
    "q_2": 0.025990358723348494,
    "q_3": 0.025924143899267723,
    "qd_0": 0.11974659593014647,
    "qd_1": 0.0221617850256826,
    "qd_2": 0.026543528007384992,
    "qd_3": 0.032981775673259155
  },
  "val_arm_loss": 0.036311020401772115,
  "val_arm_rmse": {
    "q_0": 0.06297644816370969,
    "q_1": 0.026872385869851308,
    "q_2": 0.025990358723348494,
    "q_3": 0.025924143899267723,
    "qd_0": 0.11974659593014647,
    "qd_1": 0.0221617850256826,
    "qd_2": 0.026543528007384992,
    "qd_3": 0.032981775673259155
  },
  "rollout_arm_0.5s": {
    "ee_rmse_m": 0.10393453985685386,
    "errdist": 0.015838376023721273,
    "mean_dist_m": 6.56219676191487,
    "episodes": 82
  },
  "rollout_arm_1.0s": {
    "ee_rmse_m": 0.28579170431325074,
    "errdist": 0.028108576045318533,
    "mean_dist_m": 10.16742021554127,
    "episodes": 82
  },
  "rollout_arm_2.0s": {
    "ee_rmse_m": 0.8017403264072799,
    "errdist": 0.053576127088249624,
    "mean_dist_m": 14.96450695449986,
    "episodes": 82
  },
  "rollout_sel": 0.015838376023721273
}
training completed; last checkpoint: /home/harry/NeDM/artifacts/training_runs/arm_transformer_8d_qdonly_v1/checkpoints/last.pt
