{
  "epoch": 1,
  "timestamp_utc": "2026-07-27T16:27:29.613572+00:00",
  "train_loss": 0.07979304450610653,
  "val_loss": 0.02052288410253823,
  "val_rmse": {
    "q_0": 0.004770867261341576,
    "q_1": 0.0014702598720355584,
    "q_2": 0.001528877901218683,
    "q_3": 0.0014423685477443313,
    "qd_0": 0.1292428783981926,
    "qd_1": 0.018820899409088775,
    "qd_2": 0.02586324129657784,
    "qd_3": 0.03259433968045361
  },
  "val_arm_loss": 0.02052288410253823,
  "val_arm_rmse": {
    "q_0": 0.004770867261341576,
    "q_1": 0.0014702598720355584,
    "q_2": 0.001528877901218683,
    "q_3": 0.0014423685477443313,
    "qd_0": 0.1292428783981926,
    "qd_1": 0.018820899409088775,
    "qd_2": 0.02586324129657784,
    "qd_3": 0.03259433968045361
  },
  "rollout_arm_0.5s": {
    "ee_rmse_m": 0.4173069122648289,
    "errdist": 0.06359256319267352,
    "mean_dist_m": 6.56219676191487,
    "episodes": 82
  },
  "rollout_arm_1.0s": {
    "ee_rmse_m": 0.5727610932612474,
    "errdist": 0.056332981338349845,
    "mean_dist_m": 10.16742021554127,
    "episodes": 82
  },
  "rollout_arm_2.0s": {
    "ee_rmse_m": 0.6616398341469409,
    "errdist": 0.04421394143881128,
    "mean_dist_m": 14.96450695449986,
    "episodes": 82
  },
  "rollout_sel": 0.06359256319267352
}
{
  "epoch": 2,
  "timestamp_utc": "2026-07-27T16:27:50.008353+00:00",
  "train_loss": 0.013055356809636577,
  "val_loss": 0.01169248738209717,
  "val_rmse": {
    "q_0": 0.0034690468686860557,
    "q_1": 0.001143060667412164,
    "q_2": 0.001064594155500511,
    "q_3": 0.0009211018546421801,
    "qd_0": 0.0918152312153616,
    "qd_1": 0.015836451936698682,
    "qd_2": 0.020450000999888387,
    "qd_3": 0.025933945119846636
  },
  "val_arm_loss": 0.01169248738209717,
  "val_arm_rmse": {
    "q_0": 0.0034690468686860557,
    "q_1": 0.001143060667412164,
    "q_2": 0.001064594155500511,
    "q_3": 0.0009211018546421801,
    "qd_0": 0.0918152312153616,
    "qd_1": 0.015836451936698682,
    "qd_2": 0.020450000999888387,
    "qd_3": 0.025933945119846636
  },
  "rollout_arm_0.5s": {
    "ee_rmse_m": 0.3202534542690937,
    "errdist": 0.04880278142949842,
    "mean_dist_m": 6.56219676191487,
    "episodes": 82
  },
  "rollout_arm_1.0s": {
    "ee_rmse_m": 0.4388046614906086,
    "errdist": 0.043157915399216,
    "mean_dist_m": 10.16742021554127,
    "episodes": 82
  },
  "rollout_arm_2.0s": {
    "ee_rmse_m": 0.5112216102445728,
    "errdist": 0.03416227556303466,
    "mean_dist_m": 14.96450695449986,
    "episodes": 82
  },
  "rollout_sel": 0.04880278142949842
}
{
  "epoch": 3,
  "timestamp_utc": "2026-07-27T16:28:10.527349+00:00",
  "train_loss": 0.009091820750152692,
  "val_loss": 0.008563972985139117,
  "val_rmse": {
    "q_0": 0.002854638143195487,
    "q_1": 0.0009627217410772559,
    "q_2": 0.000878872170370695,
    "q_3": 0.0008126921930838635,
    "qd_0": 0.07983978418020955,
    "qd_1": 0.013751104727553146,
    "qd_2": 0.015772485030043634,
    "qd_3": 0.022921933741104607
  },
  "val_arm_loss": 0.008563972985139117,
  "val_arm_rmse": {
    "q_0": 0.002854638143195487,
    "q_1": 0.0009627217410772559,
    "q_2": 0.000878872170370695,
    "q_3": 0.0008126921930838635,
    "qd_0": 0.07983978418020955,
    "qd_1": 0.013751104727553146,
    "qd_2": 0.015772485030043634,
    "qd_3": 0.022921933741104607
  },
  "rollout_arm_0.5s": {
    "ee_rmse_m": 0.20921915240327618,
    "errdist": 0.03188248691619929,
    "mean_dist_m": 6.56219676191487,
    "episodes": 82
  },
  "rollout_arm_1.0s": {
    "ee_rmse_m": 0.39935009277488176,
    "errdist": 0.03927742576867834,
    "mean_dist_m": 10.16742021554127,
    "episodes": 82
  },
  "rollout_arm_2.0s": {
    "ee_rmse_m": 0.4598276895129961,
    "errdist": 0.03072788772200242,
    "mean_dist_m": 14.96450695449986,
    "episodes": 82
  },
  "rollout_sel": 0.03188248691619929
}
{
  "epoch": 4,
  "timestamp_utc": "2026-07-27T16:28:31.071861+00:00",
  "train_loss": 0.007212831464479677,
  "val_loss": 0.0074336955114267765,
  "val_rmse": {
    "q_0": 0.002148512090896581,
    "q_1": 0.0006842718363973383,
    "q_2": 0.0006258472298421525,
    "q_3": 0.0005545789162113297,
    "qd_0": 0.0775476080894823,
    "qd_1": 0.013242673399243045,
    "qd_2": 0.013911237131534691,
    "qd_3": 0.021509238585749824
  },
  "val_arm_loss": 0.0074336955114267765,
  "val_arm_rmse": {
    "q_0": 0.002148512090896581,
    "q_1": 0.0006842718363973383,
    "q_2": 0.0006258472298421525,
    "q_3": 0.0005545789162113297,
    "qd_0": 0.0775476080894823,
    "qd_1": 0.013242673399243045,
    "qd_2": 0.013911237131534691,
    "qd_3": 0.021509238585749824
  },
  "rollout_arm_0.5s": {
    "ee_rmse_m": 0.14202300741090332,
    "errdist": 0.021642601184280942,
    "mean_dist_m": 6.56219676191487,
    "episodes": 82
  },
  "rollout_arm_1.0s": {
    "ee_rmse_m": 0.18064103222883834,
    "errdist": 0.017766653526596843,
    "mean_dist_m": 10.16742021554127,
    "episodes": 82
  },
  "rollout_arm_2.0s": {
    "ee_rmse_m": 0.2506009529427289,
    "errdist": 0.016746355473300282,
    "mean_dist_m": 14.96450695449986,
    "episodes": 82
  },
  "rollout_sel": 0.021642601184280942
}
{
  "epoch": 5,
  "timestamp_utc": "2026-07-27T16:28:51.705009+00:00",
  "train_loss": 0.00624922216811683,
  "val_loss": 0.006657377486699261,
  "val_rmse": {
    "q_0": 0.0020272247938050475,
    "q_1": 0.0006327639910374087,
    "q_2": 0.0006421827973939045,
    "q_3": 0.0006121148546175625,
    "qd_0": 0.07200552172982715,
    "qd_1": 0.012262865209146342,
    "qd_2": 0.01308541757536893,
    "qd_3": 0.021038306161280284
  },
  "val_arm_loss": 0.006657377486699261,
  "val_arm_rmse": {
    "q_0": 0.0020272247938050475,
    "q_1": 0.0006327639910374087,
    "q_2": 0.0006421827973939045,
    "q_3": 0.0006121148546175625,
    "qd_0": 0.07200552172982715,
    "qd_1": 0.012262865209146342,
    "qd_2": 0.01308541757536893,
    "qd_3": 0.021038306161280284
  },
  "rollout_arm_0.5s": {
    "ee_rmse_m": 0.13937201135591834,
    "errdist": 0.021238621213675576,
    "mean_dist_m": 6.56219676191487,
    "episodes": 82
  },
  "rollout_arm_1.0s": {
    "ee_rmse_m": 0.2441267287866348,
    "errdist": 0.024010685465077782,
    "mean_dist_m": 10.16742021554127,
    "episodes": 82
  },
  "rollout_arm_2.0s": {
    "ee_rmse_m": 0.296436568391457,
    "errdist": 0.019809310743934525,
    "mean_dist_m": 14.96450695449986,
    "episodes": 82
  },
  "rollout_sel": 0.021238621213675576
}
{
  "epoch": 6,
  "timestamp_utc": "2026-07-27T16:29:12.173498+00:00",
  "train_loss": 0.005776856048032642,
  "val_loss": 0.006070172034669668,
  "val_rmse": {
    "q_0": 0.0015825769159477073,
    "q_1": 0.0007226450361245269,
    "q_2": 0.0005039734981593229,
    "q_3": 0.000550136648636928,
    "qd_0": 0.06940344324425615,
    "qd_1": 0.01192187259677617,
    "qd_2": 0.011990381685858083,
    "qd_3": 0.020253778081430796
  },
  "val_arm_loss": 0.006070172034669668,
  "val_arm_rmse": {
    "q_0": 0.0015825769159477073,
    "q_1": 0.0007226450361245269,
    "q_2": 0.0005039734981593229,
    "q_3": 0.000550136648636928,
    "qd_0": 0.06940344324425615,
    "qd_1": 0.01192187259677617,
    "qd_2": 0.011990381685858083,
    "qd_3": 0.020253778081430796
  },
  "rollout_arm_0.5s": {
    "ee_rmse_m": 0.10865932534158151,
    "errdist": 0.016558376605256556,
    "mean_dist_m": 6.56219676191487,
    "episodes": 82
  },
  "rollout_arm_1.0s": {
    "ee_rmse_m": 0.1416179332517399,
    "errdist": 0.013928600397106807,
    "mean_dist_m": 10.16742021554127,
    "episodes": 82
  },
  "rollout_arm_2.0s": {
    "ee_rmse_m": 0.19670785538325689,
    "errdist": 0.013144960671364211,
    "mean_dist_m": 14.96450695449986,
    "episodes": 82
  },
  "rollout_sel": 0.016558376605256556
}
{
  "epoch": 7,
  "timestamp_utc": "2026-07-27T16:29:32.551940+00:00",
  "train_loss": 0.005414090496487916,
  "val_loss": 0.00780513389618136,
  "val_rmse": {
    "q_0": 0.0030201177834831843,
    "q_1": 0.0010930357254587285,
    "q_2": 0.001313683882596728,
    "q_3": 0.0007272580572703089,
    "qd_0": 0.07160665923148254,
    "qd_1": 0.013512599320991529,
    "qd_2": 0.015264466997173674,
    "qd_3": 0.021881066766878284
  },
  "val_arm_loss": 0.00780513389618136,
  "val_arm_rmse": {
    "q_0": 0.0030201177834831843,
    "q_1": 0.0010930357254587285,
    "q_2": 0.001313683882596728,
    "q_3": 0.0007272580572703089,
    "qd_0": 0.07160665923148254,
    "qd_1": 0.013512599320991529,
    "qd_2": 0.015264466997173674,
    "qd_3": 0.021881066766878284
  },
  "rollout_arm_0.5s": {
    "ee_rmse_m": 0.15762226524641895,
    "errdist": 0.02401974079186621,
    "mean_dist_m": 6.56219676191487,
    "episodes": 82
  },
  "rollout_arm_1.0s": {
    "ee_rmse_m": 0.2615151544778627,
    "errdist": 0.02572089565828383,
    "mean_dist_m": 10.16742021554127,
    "episodes": 82
  },
  "rollout_arm_2.0s": {
    "ee_rmse_m": 0.32449953029705714,
    "errdist": 0.02168461221500381,
    "mean_dist_m": 14.96450695449986,
    "episodes": 82
  },
  "rollout_sel": 0.02401974079186621
}
{
  "epoch": 8,
  "timestamp_utc": "2026-07-27T16:29:52.988544+00:00",
  "train_loss": 0.005037280454183929,
  "val_loss": 0.006144403372309171,
  "val_rmse": {
    "q_0": 0.002086295784647712,
    "q_1": 0.0008435684718524851,
    "q_2": 0.0006046363629295161,
    "q_3": 0.0006651793526058136,
    "qd_0": 0.06558683225564246,
    "qd_1": 0.012114794237231129,
    "qd_2": 0.013059686269469885,
    "qd_3": 0.020612375084136374
  },
  "val_arm_loss": 0.006144403372309171,
  "val_arm_rmse": {
    "q_0": 0.002086295784647712,
    "q_1": 0.0008435684718524851,
    "q_2": 0.0006046363629295161,
    "q_3": 0.0006651793526058136,
    "qd_0": 0.06558683225564246,
    "qd_1": 0.012114794237231129,
    "qd_2": 0.013059686269469885,
    "qd_3": 0.020612375084136374
  },
  "rollout_arm_0.5s": {
    "ee_rmse_m": 0.1532428526088124,
    "errdist": 0.02335237088564465,
    "mean_dist_m": 6.56219676191487,
    "episodes": 82
  },
  "rollout_arm_1.0s": {
    "ee_rmse_m": 0.29085870749482146,
    "errdist": 0.02860693286289411,
    "mean_dist_m": 10.16742021554127,
    "episodes": 82
  },
  "rollout_arm_2.0s": {
    "ee_rmse_m": 0.32818809644618147,
    "errdist": 0.02193109986476999,
    "mean_dist_m": 14.96450695449986,
    "episodes": 82
  },
  "rollout_sel": 0.02335237088564465
}
{
  "epoch": 9,
  "timestamp_utc": "2026-07-27T16:30:13.367844+00:00",
  "train_loss": 0.004675358052947559,
  "val_loss": 0.006085504067596048,
  "val_rmse": {
    "q_0": 0.0017396166100236918,
    "q_1": 0.0004572935525428813,
    "q_2": 0.0005999633811342008,
    "q_3": 0.0005712081891410084,
    "qd_0": 0.06661789712605552,
    "qd_1": 0.012608455052981611,
    "qd_2": 0.013392638620950498,
    "qd_3": 0.020217765480199185
  },
  "val_arm_loss": 0.006085504067596048,
  "val_arm_rmse": {
    "q_0": 0.0017396166100236918,
    "q_1": 0.0004572935525428813,
    "q_2": 0.0005999633811342008,
    "q_3": 0.0005712081891410084,
    "qd_0": 0.06661789712605552,
    "qd_1": 0.012608455052981611,
    "qd_2": 0.013392638620950498,
    "qd_3": 0.020217765480199185
  },
  "rollout_arm_0.5s": {
    "ee_rmse_m": 0.15659393545871592,
    "errdist": 0.023863035678470163,
    "mean_dist_m": 6.56219676191487,
    "episodes": 82
  },
  "rollout_arm_1.0s": {
    "ee_rmse_m": 0.19845346554701196,
    "errdist": 0.019518566297050323,
    "mean_dist_m": 10.16742021554127,
    "episodes": 82
  },
  "rollout_arm_2.0s": {
    "ee_rmse_m": 0.21823670112953839,
    "errdist": 0.014583621217397619,
    "mean_dist_m": 14.96450695449986,
    "episodes": 82
  },
  "rollout_sel": 0.023863035678470163
}
{
  "epoch": 10,
  "timestamp_utc": "2026-07-27T16:30:33.843806+00:00",
  "train_loss": 0.004658438700251281,
  "val_loss": 0.006084578543668613,
  "val_rmse": {
    "q_0": 0.0021787811277773745,
    "q_1": 0.0005129487636882648,
    "q_2": 0.000754121785059232,
    "q_3": 0.0006854876655853297,
    "qd_0": 0.06373959584273009,
    "qd_1": 0.012032775621978468,
    "qd_2": 0.013083418702801395,
    "qd_3": 0.021133540741904953
  },
  "val_arm_loss": 0.006084578543668613,
  "val_arm_rmse": {
    "q_0": 0.0021787811277773745,
    "q_1": 0.0005129487636882648,
    "q_2": 0.000754121785059232,
    "q_3": 0.0006854876655853297,
    "qd_0": 0.06373959584273009,
    "qd_1": 0.012032775621978468,
    "qd_2": 0.013083418702801395,
    "qd_3": 0.021133540741904953
  },
  "rollout_arm_0.5s": {
    "ee_rmse_m": 0.2402705994997191,
    "errdist": 0.036614354646325384,
    "mean_dist_m": 6.56219676191487,
    "episodes": 82
  },
  "rollout_arm_1.0s": {
    "ee_rmse_m": 0.26492109199571884,
    "errdist": 0.02605588107696949,
    "mean_dist_m": 10.16742021554127,
    "episodes": 82
  },
  "rollout_arm_2.0s": {
    "ee_rmse_m": 0.3169750349291837,
    "errdist": 0.02118178940963161,
    "mean_dist_m": 14.96450695449986,
    "episodes": 82
  },
  "rollout_sel": 0.036614354646325384
}
{
  "epoch": 11,
  "timestamp_utc": "2026-07-27T16:30:54.238337+00:00",
  "train_loss": 0.004576181138632819,
  "val_loss": 0.006183075857697986,
  "val_rmse": {
    "q_0": 0.0021162610162456003,
    "q_1": 0.0005534742266484705,
    "q_2": 0.0006140891221495503,
    "q_3": 0.000468803403008325,
    "qd_0": 0.06775315144996243,
    "qd_1": 0.012641090000926112,
    "qd_2": 0.01262905146809964,
    "qd_3": 0.020430647083254743
  },
  "val_arm_loss": 0.006183075857697986,
  "val_arm_rmse": {
    "q_0": 0.0021162610162456003,
    "q_1": 0.0005534742266484705,
    "q_2": 0.0006140891221495503,
    "q_3": 0.000468803403008325,
    "qd_0": 0.06775315144996243,
    "qd_1": 0.012641090000926112,
    "qd_2": 0.01262905146809964,
    "qd_3": 0.020430647083254743
  },
  "rollout_arm_0.5s": {
    "ee_rmse_m": 0.20998264251809054,
    "errdist": 0.03199883364314375,
    "mean_dist_m": 6.56219676191487,
    "episodes": 82
  },
  "rollout_arm_1.0s": {
    "ee_rmse_m": 0.22381465933175468,
    "errdist": 0.022012925067230512,
    "mean_dist_m": 10.16742021554127,
    "episodes": 82
  },
  "rollout_arm_2.0s": {
    "ee_rmse_m": 0.26669643341313687,
    "errdist": 0.017821932538374788,
    "mean_dist_m": 14.96450695449986,
    "episodes": 82
  },
  "rollout_sel": 0.03199883364314375
}
{
  "epoch": 12,
  "timestamp_utc": "2026-07-27T16:31:14.908252+00:00",
  "train_loss": 0.004408875046297908,
  "val_loss": 0.004787916377536021,
  "val_rmse": {
    "q_0": 0.001607077020929932,
    "q_1": 0.0005023727453092094,
    "q_2": 0.0005083419921885701,
    "q_3": 0.0004367599693367306,
    "qd_0": 0.05660654738091482,
    "qd_1": 0.010931685310989812,
    "qd_2": 0.011354794286265417,
    "qd_3": 0.019303507317035975
  },
  "val_arm_loss": 0.004787916377536021,
  "val_arm_rmse": {
    "q_0": 0.001607077020929932,
    "q_1": 0.0005023727453092094,
    "q_2": 0.0005083419921885701,
    "q_3": 0.0004367599693367306,
    "qd_0": 0.05660654738091482,
    "qd_1": 0.010931685310989812,
    "qd_2": 0.011354794286265417,
    "qd_3": 0.019303507317035975
  },
  "rollout_arm_0.5s": {
    "ee_rmse_m": 0.13259806703435187,
    "errdist": 0.02020635342785109,
    "mean_dist_m": 6.56219676191487,
    "episodes": 82
  },
  "rollout_arm_1.0s": {
    "ee_rmse_m": 0.15291777192297185,
    "errdist": 0.015039977563751274,
    "mean_dist_m": 10.16742021554127,
    "episodes": 82
  },
  "rollout_arm_2.0s": {
    "ee_rmse_m": 0.1586115724698422,
    "errdist": 0.010599184654202546,
    "mean_dist_m": 14.96450695449986,
    "episodes": 82
  },
  "rollout_sel": 0.02020635342785109
}
{
  "epoch": 13,
  "timestamp_utc": "2026-07-27T16:31:35.549386+00:00",
  "train_loss": 0.004476987335132435,
  "val_loss": 0.006244788377662189,
  "val_rmse": {
    "q_0": 0.001592833673406914,
    "q_1": 0.0005614702277989801,
    "q_2": 0.0006507350993081533,
    "q_3": 0.0005250513333034355,
    "qd_0": 0.0685033453407418,
    "qd_1": 0.012238404749876228,
    "qd_2": 0.015010639338464483,
    "qd_3": 0.019474778279585735
  },
  "val_arm_loss": 0.006244788377662189,
  "val_arm_rmse": {
    "q_0": 0.001592833673406914,
    "q_1": 0.0005614702277989801,
    "q_2": 0.0006507350993081533,
    "q_3": 0.0005250513333034355,
    "qd_0": 0.0685033453407418,
    "qd_1": 0.012238404749876228,
    "qd_2": 0.015010639338464483,
    "qd_3": 0.019474778279585735
  },
  "rollout_arm_0.5s": {
    "ee_rmse_m": 0.10257134900893783,
    "errdist": 0.015630642105130536,
    "mean_dist_m": 6.56219676191487,
    "episodes": 82
  },
  "rollout_arm_1.0s": {
    "ee_rmse_m": 0.1363980089322613,
    "errdist": 0.013415203270911535,
    "mean_dist_m": 10.16742021554127,
    "episodes": 82
  },
  "rollout_arm_2.0s": {
    "ee_rmse_m": 0.18648645153212576,
    "errdist": 0.012461917529200577,
    "mean_dist_m": 14.96450695449986,
    "episodes": 82
  },
  "rollout_sel": 0.015630642105130536
}
{
  "epoch": 14,
  "timestamp_utc": "2026-07-27T16:31:55.975599+00:00",
  "train_loss": 0.004270308011444285,
  "val_loss": 0.005215686250594444,
  "val_rmse": {
    "q_0": 0.0015248586224746719,
    "q_1": 0.00046473706190551555,
    "q_2": 0.0004558838602551402,
    "q_3": 0.000475503196187471,
    "qd_0": 0.06178403421771861,
    "qd_1": 0.0112847356628059,
    "qd_2": 0.011871323154937993,
    "qd_3": 0.019437901552059607
  },
  "val_arm_loss": 0.005215686250594444,
  "val_arm_rmse": {
    "q_0": 0.0015248586224746719,
    "q_1": 0.00046473706190551555,
    "q_2": 0.0004558838602551402,
    "q_3": 0.000475503196187471,
    "qd_0": 0.06178403421771861,
    "qd_1": 0.0112847356628059,
    "qd_2": 0.011871323154937993,
    "qd_3": 0.019437901552059607
  },
  "rollout_arm_0.5s": {
    "ee_rmse_m": 0.07517719233794615,
    "errdist": 0.01145610152597881,
    "mean_dist_m": 6.56219676191487,
    "episodes": 82
  },
  "rollout_arm_1.0s": {
    "ee_rmse_m": 0.1157343933975387,
    "errdist": 0.011382867132867637,
    "mean_dist_m": 10.16742021554127,
    "episodes": 82
  },
  "rollout_arm_2.0s": {
    "ee_rmse_m": 0.14457481309453593,
    "errdist": 0.00966118118920463,
    "mean_dist_m": 14.96450695449986,
    "episodes": 82
  },
  "rollout_sel": 0.01145610152597881
}
{
  "epoch": 15,
  "timestamp_utc": "2026-07-27T16:32:16.494265+00:00",
  "train_loss": 0.004175967008341104,
  "val_loss": 0.005548885236494243,
  "val_rmse": {
    "q_0": 0.0014029092691253155,
    "q_1": 0.0005315048799634133,
    "q_2": 0.0005123812964609393,
    "q_3": 0.000448618505984959,
    "qd_0": 0.06498164700288758,
    "qd_1": 0.011399738291261034,
    "qd_2": 0.011986756871423457,
    "qd_3": 0.019923801842442804
  },
  "val_arm_loss": 0.005548885236494243,
  "val_arm_rmse": {
    "q_0": 0.0014029092691253155,
    "q_1": 0.0005315048799634133,
    "q_2": 0.0005123812964609393,
    "q_3": 0.000448618505984959,
    "qd_0": 0.06498164700288758,
    "qd_1": 0.011399738291261034,
    "qd_2": 0.011986756871423457,
    "qd_3": 0.019923801842442804
  },
  "rollout_arm_0.5s": {
    "ee_rmse_m": 0.1508087664767719,
    "errdist": 0.022981445383049658,
    "mean_dist_m": 6.56219676191487,
    "episodes": 82
  },
  "rollout_arm_1.0s": {
    "ee_rmse_m": 0.170842937360182,
    "errdist": 0.01680297791754907,
    "mean_dist_m": 10.16742021554127,
    "episodes": 82
  },
  "rollout_arm_2.0s": {
    "ee_rmse_m": 0.21916493574345824,
    "errdist": 0.01464565029839188,
    "mean_dist_m": 14.96450695449986,
    "episodes": 82
  },
  "rollout_sel": 0.022981445383049658
}
{
  "epoch": 16,
  "timestamp_utc": "2026-07-27T16:32:37.247122+00:00",
  "train_loss": 0.00394802117953077,
  "val_loss": 0.005159788364544511,
  "val_rmse": {
    "q_0": 0.0014301560592204993,
    "q_1": 0.0006828471785270495,
    "q_2": 0.0005626942895579686,
    "q_3": 0.0004676750503576626,
    "qd_0": 0.06127896009892652,
    "qd_1": 0.011092950850143397,
    "qd_2": 0.011224432469282512,
    "qd_3": 0.019518848082208867
  },
  "val_arm_loss": 0.005159788364544511,
  "val_arm_rmse": {
    "q_0": 0.0014301560592204993,
    "q_1": 0.0006828471785270495,
    "q_2": 0.0005626942895579686,
    "q_3": 0.0004676750503576626,
    "qd_0": 0.06127896009892652,
    "qd_1": 0.011092950850143397,
    "qd_2": 0.011224432469282512,
    "qd_3": 0.019518848082208867
  },
  "rollout_arm_0.5s": {
    "ee_rmse_m": 0.15392360713520145,
    "errdist": 0.023456109702246423,
    "mean_dist_m": 6.56219676191487,
    "episodes": 82
  },
  "rollout_arm_1.0s": {
    "ee_rmse_m": 0.21580606469362193,
    "errdist": 0.02122525282900716,
    "mean_dist_m": 10.16742021554127,
    "episodes": 82
  },
  "rollout_arm_2.0s": {
    "ee_rmse_m": 0.2614827032230902,
    "errdist": 0.01747352612539378,
    "mean_dist_m": 14.96450695449986,
    "episodes": 82
  },
  "rollout_sel": 0.023456109702246423
}
{
  "epoch": 17,
  "timestamp_utc": "2026-07-27T16:32:57.832792+00:00",
  "train_loss": 0.004038450014428235,
  "val_loss": 0.005694232356618158,
  "val_rmse": {
    "q_0": 0.001874407431919793,
    "q_1": 0.0005158585744245018,
    "q_2": 0.000536506756386732,
    "q_3": 0.0004985165410774463,
    "qd_0": 0.06457481341263718,
    "qd_1": 0.011944160797623622,
    "qd_2": 0.01234471816875238,
    "qd_3": 0.01993745242548411
  },
  "val_arm_loss": 0.005694232356618158,
  "val_arm_rmse": {
    "q_0": 0.001874407431919793,
    "q_1": 0.0005158585744245018,
    "q_2": 0.000536506756386732,
    "q_3": 0.0004985165410774463,
    "qd_0": 0.06457481341263718,
    "qd_1": 0.011944160797623622,
    "qd_2": 0.01234471816875238,
    "qd_3": 0.01993745242548411
  },
  "rollout_arm_0.5s": {
    "ee_rmse_m": 0.08832021366363083,
    "errdist": 0.013458940179333896,
    "mean_dist_m": 6.56219676191487,
    "episodes": 82
  },
  "rollout_arm_1.0s": {
    "ee_rmse_m": 0.12702199747519727,
    "errdist": 0.012493040986054608,
    "mean_dist_m": 10.16742021554127,
    "episodes": 82
  },
  "rollout_arm_2.0s": {
    "ee_rmse_m": 0.1528417134157367,
    "errdist": 0.010213615047956984,
    "mean_dist_m": 14.96450695449986,
    "episodes": 82
  },
  "rollout_sel": 0.013458940179333896
}
{
  "epoch": 18,
  "timestamp_utc": "2026-07-27T16:33:18.271064+00:00",
  "train_loss": 0.0037892107053194195,
  "val_loss": 0.005454673691419884,
  "val_rmse": {
    "q_0": 0.0014668513515368237,
    "q_1": 0.0005230808269752296,
    "q_2": 0.000484173006662275,
    "q_3": 0.00042486700400848153,
    "qd_0": 0.06442509900935042,
    "qd_1": 0.0118070880413121,
    "qd_2": 0.011406097176660222,
    "qd_3": 0.019694780660688447
  },
  "val_arm_loss": 0.005454673691419884,
  "val_arm_rmse": {
    "q_0": 0.0014668513515368237,
    "q_1": 0.0005230808269752296,
    "q_2": 0.000484173006662275,
    "q_3": 0.00042486700400848153,
    "qd_0": 0.06442509900935042,
    "qd_1": 0.0118070880413121,
    "qd_2": 0.011406097176660222,
    "qd_3": 0.019694780660688447
  },
  "rollout_arm_0.5s": {
    "ee_rmse_m": 0.09824290330277811,
    "errdist": 0.014971038947346424,
    "mean_dist_m": 6.56219676191487,
    "episodes": 82
  },
  "rollout_arm_1.0s": {
    "ee_rmse_m": 0.12471538467319333,
    "errdist": 0.012266177853312422,
    "mean_dist_m": 10.16742021554127,
    "episodes": 82
  },
  "rollout_arm_2.0s": {
    "ee_rmse_m": 0.16612381055869277,
    "errdist": 0.011101188369506486,
    "mean_dist_m": 14.96450695449986,
    "episodes": 82
  },
  "rollout_sel": 0.014971038947346424
}
{
  "epoch": 19,
  "timestamp_utc": "2026-07-27T16:33:38.701270+00:00",
  "train_loss": 0.003880010012187995,
  "val_loss": 0.005386947596562095,
  "val_rmse": {
    "q_0": 0.0015453720742434772,
    "q_1": 0.0006076810955159145,
    "q_2": 0.0006195016749323137,
    "q_3": 0.00039673749289097286,
    "qd_0": 0.06471196080324204,
    "qd_1": 0.011323221237405407,
    "qd_2": 0.01156469542286501,
    "qd_3": 0.019148639303959776
  },
  "val_arm_loss": 0.005386947596562095,
  "val_arm_rmse": {
    "q_0": 0.0015453720742434772,
    "q_1": 0.0006076810955159145,
    "q_2": 0.0006195016749323137,
    "q_3": 0.00039673749289097286,
    "qd_0": 0.06471196080324204,
    "qd_1": 0.011323221237405407,
    "qd_2": 0.01156469542286501,
    "qd_3": 0.019148639303959776
  },
  "rollout_arm_0.5s": {
    "ee_rmse_m": 0.12103640504562398,
    "errdist": 0.018444494951459695,
    "mean_dist_m": 6.56219676191487,
    "episodes": 82
  },
  "rollout_arm_1.0s": {
    "ee_rmse_m": 0.1471296928124895,
    "errdist": 0.014470700501548705,
    "mean_dist_m": 10.16742021554127,
    "episodes": 82
  },
  "rollout_arm_2.0s": {
    "ee_rmse_m": 0.15970697003483206,
    "errdist": 0.010672384363910353,
    "mean_dist_m": 14.96450695449986,
    "episodes": 82
  },
  "rollout_sel": 0.018444494951459695
}
{
  "epoch": 20,
  "timestamp_utc": "2026-07-27T16:33:59.256231+00:00",
  "train_loss": 0.0036027645808644594,
  "val_loss": 0.005421449208515696,
  "val_rmse": {
    "q_0": 0.001812051622691233,
    "q_1": 0.0005381661308097532,
    "q_2": 0.000568278370791587,
    "q_3": 0.00048291973196804244,
    "qd_0": 0.06181069803574127,
    "qd_1": 0.01166435966950761,
    "qd_2": 0.011719269689756395,
    "qd_3": 0.02002716670626594
  },
  "val_arm_loss": 0.005421449208515696,
  "val_arm_rmse": {
    "q_0": 0.001812051622691233,
    "q_1": 0.0005381661308097532,
    "q_2": 0.000568278370791587,
    "q_3": 0.00048291973196804244,
    "qd_0": 0.06181069803574127,
    "qd_1": 0.01166435966950761,
    "qd_2": 0.011719269689756395,
    "qd_3": 0.02002716670626594
  },
  "rollout_arm_0.5s": {
    "ee_rmse_m": 0.14236722316799413,
    "errdist": 0.021695055532966207,
    "mean_dist_m": 6.56219676191487,
    "episodes": 82
  },
  "rollout_arm_1.0s": {
    "ee_rmse_m": 0.17268962143371266,
    "errdist": 0.016984605511804293,
    "mean_dist_m": 10.16742021554127,
    "episodes": 82
  },
  "rollout_arm_2.0s": {
    "ee_rmse_m": 0.18606738662980538,
    "errdist": 0.012433913606078047,
    "mean_dist_m": 14.96450695449986,
    "episodes": 82
  },
  "rollout_sel": 0.021695055532966207
}
{
  "epoch": 21,
  "timestamp_utc": "2026-07-27T16:34:19.937380+00:00",
  "train_loss": 0.0035568195478990674,
  "val_loss": 0.00535302132833749,
  "val_rmse": {
    "q_0": 0.0017315123654870156,
    "q_1": 0.0005210606169068568,
    "q_2": 0.00049072840132119,
    "q_3": 0.0004580447068008328,
    "qd_0": 0.06142211672498257,
    "qd_1": 0.011983106140344382,
    "qd_2": 0.012358470562412752,
    "qd_3": 0.019384868088041258
  },
  "val_arm_loss": 0.00535302132833749,
  "val_arm_rmse": {
    "q_0": 0.0017315123654870156,
    "q_1": 0.0005210606169068568,
    "q_2": 0.00049072840132119,
    "q_3": 0.0004580447068008328,
    "qd_0": 0.06142211672498257,
    "qd_1": 0.011983106140344382,
    "qd_2": 0.012358470562412752,
    "qd_3": 0.019384868088041258
  },
  "rollout_arm_0.5s": {
    "ee_rmse_m": 0.07982040431335645,
    "errdist": 0.012163671284075396,
    "mean_dist_m": 6.56219676191487,
    "episodes": 82
  },
  "rollout_arm_1.0s": {
    "ee_rmse_m": 0.12085559329690972,
    "errdist": 0.011886554380055776,
    "mean_dist_m": 10.16742021554127,
    "episodes": 82
  },
  "rollout_arm_2.0s": {
    "ee_rmse_m": 0.16925252992850567,
    "errdist": 0.011310264377110739,
    "mean_dist_m": 14.96450695449986,
    "episodes": 82
  },
  "rollout_sel": 0.012163671284075396
}
{
  "epoch": 22,
  "timestamp_utc": "2026-07-27T16:34:40.624858+00:00",
  "train_loss": 0.003507871726178564,
  "val_loss": 0.0053150655591161925,
  "val_rmse": {
    "q_0": 0.001749163597847456,
    "q_1": 0.000554451052664,
    "q_2": 0.0005602191893979231,
    "q_3": 0.00049296846345249,
    "qd_0": 0.0632581641679753,
    "qd_1": 0.011340730361646215,
    "qd_2": 0.011652931317485717,
    "qd_3": 0.01914606407761151
  },
  "val_arm_loss": 0.0053150655591161925,
  "val_arm_rmse": {
    "q_0": 0.001749163597847456,
    "q_1": 0.000554451052664,
    "q_2": 0.0005602191893979231,
    "q_3": 0.00049296846345249,
    "qd_0": 0.0632581641679753,
    "qd_1": 0.011340730361646215,
    "qd_2": 0.011652931317485717,
    "qd_3": 0.01914606407761151
  },
  "rollout_arm_0.5s": {
    "ee_rmse_m": 0.09553910662270296,
    "errdist": 0.014559012795407911,
    "mean_dist_m": 6.56219676191487,
    "episodes": 82
  },
  "rollout_arm_1.0s": {
    "ee_rmse_m": 0.13708120301646698,
    "errdist": 0.013482397708607872,
    "mean_dist_m": 10.16742021554127,
    "episodes": 82
  },
  "rollout_arm_2.0s": {
    "ee_rmse_m": 0.16385558237380102,
    "errdist": 0.010949614502636805,
    "mean_dist_m": 14.96450695449986,
    "episodes": 82
  },
  "rollout_sel": 0.014559012795407911
}
{
  "epoch": 23,
  "timestamp_utc": "2026-07-27T16:35:01.184689+00:00",
  "train_loss": 0.003514373791171238,
  "val_loss": 0.005391887916484848,
  "val_rmse": {
    "q_0": 0.0014989999782146592,
    "q_1": 0.0005322277248883637,
    "q_2": 0.0004779439570832806,
    "q_3": 0.0004411185058054433,
    "qd_0": 0.06353576728289585,
    "qd_1": 0.01160329190162605,
    "qd_2": 0.011898796737696494,
    "qd_3": 0.019503626670210345
  },
  "val_arm_loss": 0.005391887916484848,
  "val_arm_rmse": {
    "q_0": 0.0014989999782146592,
    "q_1": 0.0005322277248883637,
    "q_2": 0.0004779439570832806,
    "q_3": 0.0004411185058054433,
    "qd_0": 0.06353576728289585,
    "qd_1": 0.01160329190162605,
    "qd_2": 0.011898796737696494,
    "qd_3": 0.019503626670210345
  },
  "rollout_arm_0.5s": {
    "ee_rmse_m": 0.09106049550382954,
    "errdist": 0.01387652623163006,
    "mean_dist_m": 6.56219676191487,
    "episodes": 82
  },
  "rollout_arm_1.0s": {
    "ee_rmse_m": 0.1376035283501055,
    "errdist": 0.013533770163229167,
    "mean_dist_m": 10.16742021554127,
    "episodes": 82
  },
  "rollout_arm_2.0s": {
    "ee_rmse_m": 0.20559786547564082,
    "errdist": 0.013739033708278446,
    "mean_dist_m": 14.96450695449986,
    "episodes": 82
  },
  "rollout_sel": 0.01387652623163006
}
{
  "epoch": 24,
  "timestamp_utc": "2026-07-27T16:35:21.989814+00:00",
  "train_loss": 0.0034465460806968624,
  "val_loss": 0.00484156402235385,
  "val_rmse": {
    "q_0": 0.0012397572554856335,
    "q_1": 0.0005302583329524697,
    "q_2": 0.0005069700701018,
    "q_3": 0.00047082858813195743,
    "qd_0": 0.059842172707544834,
    "qd_1": 0.011000131191724325,
    "qd_2": 0.011067122223187181,
    "qd_3": 0.0187212823470281
  },
  "val_arm_loss": 0.00484156402235385,
  "val_arm_rmse": {
    "q_0": 0.0012397572554856335,
    "q_1": 0.0005302583329524697,
    "q_2": 0.0005069700701018,
    "q_3": 0.00047082858813195743,
    "qd_0": 0.059842172707544834,
    "qd_1": 0.011000131191724325,
    "qd_2": 0.011067122223187181,
    "qd_3": 0.0187212823470281
  },
  "rollout_arm_0.5s": {
    "ee_rmse_m": 0.06316846991070652,
    "errdist": 0.00962611640621909,
    "mean_dist_m": 6.56219676191487,
    "episodes": 82
  },
  "rollout_arm_1.0s": {
    "ee_rmse_m": 0.09046751566977626,
    "errdist": 0.008897784664343211,
    "mean_dist_m": 10.16742021554127,
    "episodes": 82
  },
  "rollout_arm_2.0s": {
    "ee_rmse_m": 0.11212864202053381,
    "errdist": 0.007492972696091165,
    "mean_dist_m": 14.96450695449986,
    "episodes": 82
  },
  "rollout_sel": 0.00962611640621909
}
{
  "epoch": 25,
  "timestamp_utc": "2026-07-27T16:35:42.514172+00:00",
  "train_loss": 0.003437115956505295,
  "val_loss": 0.00514183504274115,
  "val_rmse": {
    "q_0": 0.0014190533592283627,
    "q_1": 0.0006559744147695576,
    "q_2": 0.00048772436617252815,
    "q_3": 0.0004012275855133352,
    "qd_0": 0.061982035756889986,
    "qd_1": 0.011775673759659766,
    "qd_2": 0.011565484636351956,
    "qd_3": 0.01867375053359007
  },
  "val_arm_loss": 0.00514183504274115,
  "val_arm_rmse": {
    "q_0": 0.0014190533592283627,
    "q_1": 0.0006559744147695576,
    "q_2": 0.00048772436617252815,
    "q_3": 0.0004012275855133352,
    "qd_0": 0.061982035756889986,
    "qd_1": 0.011775673759659766,
    "qd_2": 0.011565484636351956,
    "qd_3": 0.01867375053359007
  },
  "rollout_arm_0.5s": {
    "ee_rmse_m": 0.06908375842619044,
    "errdist": 0.010527535356320462,
    "mean_dist_m": 6.56219676191487,
    "episodes": 82
  },
  "rollout_arm_1.0s": {
    "ee_rmse_m": 0.09285154049180881,
    "errdist": 0.009132261529810863,
    "mean_dist_m": 10.16742021554127,
    "episodes": 82
  },
  "rollout_arm_2.0s": {
    "ee_rmse_m": 0.11427957336132767,
    "errdist": 0.007636708226258236,
    "mean_dist_m": 14.96450695449986,
    "episodes": 82
  },
  "rollout_sel": 0.010527535356320462
}
{
  "epoch": 26,
  "timestamp_utc": "2026-07-27T16:36:03.006707+00:00",
  "train_loss": 0.0034676371606765315,
  "val_loss": 0.0055998371727764605,
  "val_rmse": {
    "q_0": 0.0015044654078920365,
    "q_1": 0.000568002855967123,
    "q_2": 0.0005024352335745158,
    "q_3": 0.00042838476472510136,
    "qd_0": 0.06847621264579948,
    "qd_1": 0.011755352800742244,
    "qd_2": 0.01113187865146393,
    "qd_3": 0.018943700808454783
  },
  "val_arm_loss": 0.0055998371727764605,
  "val_arm_rmse": {
    "q_0": 0.0015044654078920365,
    "q_1": 0.000568002855967123,
    "q_2": 0.0005024352335745158,
    "q_3": 0.00042838476472510136,
    "qd_0": 0.06847621264579948,
    "qd_1": 0.011755352800742244,
    "qd_2": 0.01113187865146393,
    "qd_3": 0.018943700808454783
  },
  "rollout_arm_0.5s": {
    "ee_rmse_m": 0.12162352299136665,
    "errdist": 0.0185339646773829,
    "mean_dist_m": 6.56219676191487,
    "episodes": 82
  },
  "rollout_arm_1.0s": {
    "ee_rmse_m": 0.19302281192253073,
    "errdist": 0.01898444323442916,
    "mean_dist_m": 10.16742021554127,
    "episodes": 82
  },
  "rollout_arm_2.0s": {
    "ee_rmse_m": 0.21184660088793522,
    "errdist": 0.014156604125485904,
    "mean_dist_m": 14.96450695449986,
    "episodes": 82
  },
  "rollout_sel": 0.0185339646773829
}
{
  "epoch": 27,
  "timestamp_utc": "2026-07-27T16:36:23.545481+00:00",
  "train_loss": 0.003192523194011301,
  "val_loss": 0.005456094843684696,
  "val_rmse": {
    "q_0": 0.001533688182090286,
    "q_1": 0.0005277752271120819,
    "q_2": 0.0005108519805969326,
    "q_3": 0.00046151571955292816,
    "qd_0": 0.060209315164597904,
    "qd_1": 0.012002884447753655,
    "qd_2": 0.012166837135907618,
    "qd_3": 0.020614177455837077
  },
  "val_arm_loss": 0.005456094843684696,
  "val_arm_rmse": {
    "q_0": 0.001533688182090286,
    "q_1": 0.0005277752271120819,
    "q_2": 0.0005108519805969326,
    "q_3": 0.00046151571955292816,
    "qd_0": 0.060209315164597904,
    "qd_1": 0.012002884447753655,
    "qd_2": 0.012166837135907618,
    "qd_3": 0.020614177455837077
  },
  "rollout_arm_0.5s": {
    "ee_rmse_m": 0.06921041341551269,
    "errdist": 0.010546836056058287,
    "mean_dist_m": 6.56219676191487,
    "episodes": 82
  },
  "rollout_arm_1.0s": {
    "ee_rmse_m": 0.10874982601318621,
    "errdist": 0.010695911421754573,
    "mean_dist_m": 10.16742021554127,
    "episodes": 82
  },
  "rollout_arm_2.0s": {
    "ee_rmse_m": 0.14757482930207902,
    "errdist": 0.009861656635316204,
    "mean_dist_m": 14.96450695449986,
    "episodes": 82
  },
  "rollout_sel": 0.010546836056058287
}
{
  "epoch": 28,
  "timestamp_utc": "2026-07-27T16:36:44.111827+00:00",
  "train_loss": 0.003176247040682938,
  "val_loss": 0.005134402905241586,
  "val_rmse": {
    "q_0": 0.0013759123876212825,
    "q_1": 0.0005737566065524371,
    "q_2": 0.0005530024753528262,
    "q_3": 0.00043099786486840754,
    "qd_0": 0.059887449809747056,
    "qd_1": 0.011559131024946174,
    "qd_2": 0.011664516084794243,
    "qd_3": 0.01955843625495322
  },
  "val_arm_loss": 0.005134402905241586,
  "val_arm_rmse": {
    "q_0": 0.0013759123876212825,
    "q_1": 0.0005737566065524371,
    "q_2": 0.0005530024753528262,
    "q_3": 0.00043099786486840754,
    "qd_0": 0.059887449809747056,
    "qd_1": 0.011559131024946174,
    "qd_2": 0.011664516084794243,
    "qd_3": 0.01955843625495322
  },
  "rollout_arm_0.5s": {
    "ee_rmse_m": 0.08288676556515423,
    "errdist": 0.01263094792375101,
    "mean_dist_m": 6.56219676191487,
    "episodes": 82
  },
  "rollout_arm_1.0s": {
    "ee_rmse_m": 0.12619820881397575,
    "errdist": 0.012412018598491408,
    "mean_dist_m": 10.16742021554127,
    "episodes": 82
  },
  "rollout_arm_2.0s": {
    "ee_rmse_m": 0.14617099852106558,
    "errdist": 0.009767845941433548,
    "mean_dist_m": 14.96450695449986,
    "episodes": 82
  },
  "rollout_sel": 0.01263094792375101
}
{
  "epoch": 29,
  "timestamp_utc": "2026-07-27T16:37:04.602674+00:00",
  "train_loss": 0.0030982304503559136,
  "val_loss": 0.005577231034985744,
  "val_rmse": {
    "q_0": 0.0017863307185775636,
    "q_1": 0.0008109913685746166,
    "q_2": 0.0005434215369223337,
    "q_3": 0.0004955573084436969,
    "qd_0": 0.0633330839524957,
    "qd_1": 0.011873064064267523,
    "qd_2": 0.012421646716300885,
    "qd_3": 0.01945293179433973
  },
  "val_arm_loss": 0.005577231034985744,
  "val_arm_rmse": {
    "q_0": 0.0017863307185775636,
    "q_1": 0.0008109913685746166,
    "q_2": 0.0005434215369223337,
    "q_3": 0.0004955573084436969,
    "qd_0": 0.0633330839524957,
    "qd_1": 0.011873064064267523,
    "qd_2": 0.012421646716300885,
    "qd_3": 0.01945293179433973
  },
  "rollout_arm_0.5s": {
    "ee_rmse_m": 0.15105199842130396,
    "errdist": 0.023018511011124648,
    "mean_dist_m": 6.56219676191487,
    "episodes": 82
  },
  "rollout_arm_1.0s": {
    "ee_rmse_m": 0.2798075957996556,
    "errdist": 0.0275200188315183,
    "mean_dist_m": 10.16742021554127,
    "episodes": 82
  },
  "rollout_arm_2.0s": {
    "ee_rmse_m": 0.3285823286322049,
    "errdist": 0.02195744434689841,
    "mean_dist_m": 14.96450695449986,
    "episodes": 82
  },
  "rollout_sel": 0.023018511011124648
}
{
  "epoch": 30,
  "timestamp_utc": "2026-07-27T16:37:25.053810+00:00",
  "train_loss": 0.0032343839255045167,
  "val_loss": 0.00554009107989259,
  "val_rmse": {
    "q_0": 0.0013500388890554504,
    "q_1": 0.0005452819326967509,
    "q_2": 0.0005470029966875332,
    "q_3": 0.0004099258377380415,
    "qd_0": 0.06068480976536033,
    "qd_1": 0.011526315450651959,
    "qd_2": 0.014292243199556052,
    "qd_3": 0.019982559372372397
  },
  "val_arm_loss": 0.00554009107989259,
  "val_arm_rmse": {
    "q_0": 0.0013500388890554504,
    "q_1": 0.0005452819326967509,
    "q_2": 0.0005470029966875332,
    "q_3": 0.0004099258377380415,
    "qd_0": 0.06068480976536033,
    "qd_1": 0.011526315450651959,
    "qd_2": 0.014292243199556052,
    "qd_3": 0.019982559372372397
  },
  "rollout_arm_0.5s": {
    "ee_rmse_m": 0.11890314264129251,
    "errdist": 0.01811941137324206,
    "mean_dist_m": 6.56219676191487,
    "episodes": 82
  },
  "rollout_arm_1.0s": {
    "ee_rmse_m": 0.17329335097366194,
    "errdist": 0.01704398434410892,
    "mean_dist_m": 10.16742021554127,
    "episodes": 82
  },
  "rollout_arm_2.0s": {
    "ee_rmse_m": 0.19397542907704884,
    "errdist": 0.012962366863595195,
    "mean_dist_m": 14.96450695449986,
    "episodes": 82
  },
  "rollout_sel": 0.01811941137324206
}
{
  "epoch": 31,
  "timestamp_utc": "2026-07-27T16:37:45.719915+00:00",
  "train_loss": 0.0030027145732892677,
  "val_loss": 0.004736641052295454,
  "val_rmse": {
    "q_0": 0.001175776473262338,
    "q_1": 0.0004210502290325573,
    "q_2": 0.00042219912659865186,
    "q_3": 0.0004980038804180293,
    "qd_0": 0.05839445617286407,
    "qd_1": 0.01062258701826772,
    "qd_2": 0.010720262293306361,
    "qd_3": 0.019272845383020307
  },
  "val_arm_loss": 0.004736641052295454,
  "val_arm_rmse": {
    "q_0": 0.001175776473262338,
    "q_1": 0.0004210502290325573,
    "q_2": 0.00042219912659865186,
    "q_3": 0.0004980038804180293,
    "qd_0": 0.05839445617286407,
    "qd_1": 0.01062258701826772,
    "qd_2": 0.010720262293306361,
    "qd_3": 0.019272845383020307
  },
  "rollout_arm_0.5s": {
    "ee_rmse_m": 0.12397517691655341,
    "errdist": 0.018892328501344275,
    "mean_dist_m": 6.56219676191487,
    "episodes": 82
  },
  "rollout_arm_1.0s": {
    "ee_rmse_m": 0.12680175119739842,
    "errdist": 0.012471379023321703,
    "mean_dist_m": 10.16742021554127,
    "episodes": 82
  },
  "rollout_arm_2.0s": {
    "ee_rmse_m": 0.13804859148848952,
    "errdist": 0.009225067816015014,
    "mean_dist_m": 14.96450695449986,
    "episodes": 82
  },
  "rollout_sel": 0.018892328501344275
}
{
  "epoch": 32,
  "timestamp_utc": "2026-07-27T16:38:06.700663+00:00",
  "train_loss": 0.002922267299494706,
  "val_loss": 0.004919706559740007,
  "val_rmse": {
    "q_0": 0.001213409621273273,
    "q_1": 0.0006198187207289624,
    "q_2": 0.0004707616516486335,
    "q_3": 0.0003749672542744297,
    "qd_0": 0.05931494392905431,
    "qd_1": 0.01091457544817959,
    "qd_2": 0.012048251142261069,
    "qd_3": 0.018893340149371128
  },
  "val_arm_loss": 0.004919706559740007,
  "val_arm_rmse": {
    "q_0": 0.001213409621273273,
    "q_1": 0.0006198187207289624,
    "q_2": 0.0004707616516486335,
    "q_3": 0.0003749672542744297,
    "qd_0": 0.05931494392905431,
    "qd_1": 0.01091457544817959,
    "qd_2": 0.012048251142261069,
    "qd_3": 0.018893340149371128
  },
  "rollout_arm_0.5s": {
    "ee_rmse_m": 0.13076526761424315,
    "errdist": 0.019927056801034633,
    "mean_dist_m": 6.56219676191487,
    "episodes": 82
  },
  "rollout_arm_1.0s": {
    "ee_rmse_m": 0.1471977427851925,
    "errdist": 0.01447739344540864,
    "mean_dist_m": 10.16742021554127,
    "episodes": 82
  },
  "rollout_arm_2.0s": {
    "ee_rmse_m": 0.16328445880945955,
    "errdist": 0.01091144929170951,
    "mean_dist_m": 14.96450695449986,
    "episodes": 82
  },
  "rollout_sel": 0.019927056801034633
}
{
  "epoch": 33,
  "timestamp_utc": "2026-07-27T16:38:27.732288+00:00",
  "train_loss": 0.002924517905281391,
  "val_loss": 0.004522697067877743,
  "val_rmse": {
    "q_0": 0.0011297112554447056,
    "q_1": 0.00040027084036718956,
    "q_2": 0.0004260845294632558,
    "q_3": 0.00037468457878654264,
    "qd_0": 0.05760561352337436,
    "qd_1": 0.010821541655097308,
    "qd_2": 0.010220533931855184,
    "qd_3": 0.01859752584396172
  },
  "val_arm_loss": 0.004522697067877743,
  "val_arm_rmse": {
    "q_0": 0.0011297112554447056,
    "q_1": 0.00040027084036718956,
    "q_2": 0.0004260845294632558,
    "q_3": 0.00037468457878654264,
    "qd_0": 0.05760561352337436,
    "qd_1": 0.010821541655097308,
    "qd_2": 0.010220533931855184,
    "qd_3": 0.01859752584396172
  },
  "rollout_arm_0.5s": {
    "ee_rmse_m": 0.058957376243526934,
    "errdist": 0.008984396290232996,
    "mean_dist_m": 6.56219676191487,
    "episodes": 82
  },
  "rollout_arm_1.0s": {
    "ee_rmse_m": 0.07406730841982567,
    "errdist": 0.007284769081011436,
    "mean_dist_m": 10.16742021554127,
    "episodes": 82
  },
  "rollout_arm_2.0s": {
    "ee_rmse_m": 0.09664096195845076,
    "errdist": 0.006458011764255996,
    "mean_dist_m": 14.96450695449986,
    "episodes": 82
  },
  "rollout_sel": 0.008984396290232996
}
{
  "epoch": 34,
  "timestamp_utc": "2026-07-27T16:38:48.747544+00:00",
  "train_loss": 0.0028990843745414167,
  "val_loss": 0.004759698285488412,
  "val_rmse": {
    "q_0": 0.0013847737580521282,
    "q_1": 0.0004059508164332144,
    "q_2": 0.0004082961792477859,
    "q_3": 0.00035217643915676173,
    "qd_0": 0.061279326687407557,
    "qd_1": 0.010922927288563146,
    "qd_2": 0.009964718543242568,
    "qd_3": 0.018544162959143195
  },
  "val_arm_loss": 0.004759698285488412,
  "val_arm_rmse": {
    "q_0": 0.0013847737580521282,
    "q_1": 0.0004059508164332144,
    "q_2": 0.0004082961792477859,
    "q_3": 0.00035217643915676173,
    "qd_0": 0.061279326687407557,
    "qd_1": 0.010922927288563146,
    "qd_2": 0.009964718543242568,
    "qd_3": 0.018544162959143195
  },
  "rollout_arm_0.5s": {
    "ee_rmse_m": 0.0657084758497124,
    "errdist": 0.010013182815709789,
    "mean_dist_m": 6.56219676191487,
    "episodes": 82
  },
  "rollout_arm_1.0s": {
    "ee_rmse_m": 0.08348317897795804,
    "errdist": 0.008210851642617365,
    "mean_dist_m": 10.16742021554127,
    "episodes": 82
  },
  "rollout_arm_2.0s": {
    "ee_rmse_m": 0.1230574925258945,
    "errdist": 0.008223290810720018,
    "mean_dist_m": 14.96450695449986,
    "episodes": 82
  },
  "rollout_sel": 0.010013182815709789
}
{
  "epoch": 35,
  "timestamp_utc": "2026-07-27T16:39:09.586238+00:00",
  "train_loss": 0.0028018090416444467,
  "val_loss": 0.005121275710407645,
  "val_rmse": {
    "q_0": 0.0015280811977824139,
    "q_1": 0.00045858446942441584,
    "q_2": 0.0004560085907184682,
    "q_3": 0.00040055349487031996,
    "qd_0": 0.05981454262556465,
    "qd_1": 0.0116229912783091,
    "qd_2": 0.01097093352189312,
    "qd_3": 0.019989480439043403
  },
  "val_arm_loss": 0.005121275710407645,
  "val_arm_rmse": {
    "q_0": 0.0015280811977824139,
    "q_1": 0.00045858446942441584,
    "q_2": 0.0004560085907184682,
    "q_3": 0.00040055349487031996,
    "qd_0": 0.05981454262556465,
    "qd_1": 0.0116229912783091,
    "qd_2": 0.01097093352189312,
    "qd_3": 0.019989480439043403
  },
  "rollout_arm_0.5s": {
    "ee_rmse_m": 0.07582269023976884,
    "errdist": 0.011554467656291905,
    "mean_dist_m": 6.56219676191487,
    "episodes": 82
  },
  "rollout_arm_1.0s": {
    "ee_rmse_m": 0.09704069065800434,
    "errdist": 0.009544278548620833,
    "mean_dist_m": 10.16742021554127,
    "episodes": 82
  },
  "rollout_arm_2.0s": {
    "ee_rmse_m": 0.1371473796568346,
    "errdist": 0.009164844526708184,
    "mean_dist_m": 14.96450695449986,
    "episodes": 82
  },
  "rollout_sel": 0.011554467656291905
}
{
  "epoch": 36,
  "timestamp_utc": "2026-07-27T16:39:30.784943+00:00",
  "train_loss": 0.0027851095405058003,
  "val_loss": 0.004837367388536223,
  "val_rmse": {
    "q_0": 0.0011922285101164923,
    "q_1": 0.000516180437806715,
    "q_2": 0.0004888979023827415,
    "q_3": 0.0003672521366349991,
    "qd_0": 0.05937315002648262,
    "qd_1": 0.011168215426607226,
    "qd_2": 0.010909162253103462,
    "qd_3": 0.019004634577159583
  },
  "val_arm_loss": 0.004837367388536223,
  "val_arm_rmse": {
    "q_0": 0.0011922285101164923,
    "q_1": 0.000516180437806715,
    "q_2": 0.0004888979023827415,
    "q_3": 0.0003672521366349991,
    "qd_0": 0.05937315002648262,
    "qd_1": 0.011168215426607226,
    "qd_2": 0.010909162253103462,
    "qd_3": 0.019004634577159583
  },
  "rollout_arm_0.5s": {
    "ee_rmse_m": 0.1288368909348916,
    "errdist": 0.01963319534742152,
    "mean_dist_m": 6.56219676191487,
    "episodes": 82
  },
  "rollout_arm_1.0s": {
    "ee_rmse_m": 0.13551886664826862,
    "errdist": 0.01332873666823794,
    "mean_dist_m": 10.16742021554127,
    "episodes": 82
  },
  "rollout_arm_2.0s": {
    "ee_rmse_m": 0.14115301976549247,
    "errdist": 0.009432520576499678,
    "mean_dist_m": 14.96450695449986,
    "episodes": 82
  },
  "rollout_sel": 0.01963319534742152
}
{
  "epoch": 37,
  "timestamp_utc": "2026-07-27T16:39:51.655817+00:00",
  "train_loss": 0.0027124419253668746,
  "val_loss": 0.004922524534922559,
  "val_rmse": {
    "q_0": 0.001443071773297057,
    "q_1": 0.00043786856936789555,
    "q_2": 0.0004459314306711996,
    "q_3": 0.00035614930966111993,
    "qd_0": 0.06142811370680576,
    "qd_1": 0.010995540084326816,
    "qd_2": 0.010570773536859326,
    "qd_3": 0.01898342341662686
  },
  "val_arm_loss": 0.004922524534922559,
  "val_arm_rmse": {
    "q_0": 0.001443071773297057,
    "q_1": 0.00043786856936789555,
    "q_2": 0.0004459314306711996,
    "q_3": 0.00035614930966111993,
    "qd_0": 0.06142811370680576,
    "qd_1": 0.010995540084326816,
    "qd_2": 0.010570773536859326,
    "qd_3": 0.01898342341662686
  },
  "rollout_arm_0.5s": {
    "ee_rmse_m": 0.15765058077982338,
    "errdist": 0.02402405573919738,
    "mean_dist_m": 6.56219676191487,
    "episodes": 82
  },
  "rollout_arm_1.0s": {
    "ee_rmse_m": 0.18046824069348044,
    "errdist": 0.01774965889750757,
    "mean_dist_m": 10.16742021554127,
    "episodes": 82
  },
  "rollout_arm_2.0s": {
    "ee_rmse_m": 0.20332234539237468,
    "errdist": 0.0135869725618481,
    "mean_dist_m": 14.96450695449986,
    "episodes": 82
  },
  "rollout_sel": 0.02402405573919738
}
{
  "epoch": 38,
  "timestamp_utc": "2026-07-27T16:40:12.598548+00:00",
  "train_loss": 0.0026423236227710732,
  "val_loss": 0.004782325571868569,
  "val_rmse": {
    "q_0": 0.001243069310151255,
    "q_1": 0.0004278852461846169,
    "q_2": 0.0003990674608759953,
    "q_3": 0.0003266408551379878,
    "qd_0": 0.05889510557930851,
    "qd_1": 0.010801223313776654,
    "qd_2": 0.010824521618003858,
    "qd_3": 0.019307315511856115
  },
  "val_arm_loss": 0.004782325571868569,
  "val_arm_rmse": {
    "q_0": 0.001243069310151255,
    "q_1": 0.0004278852461846169,
    "q_2": 0.0003990674608759953,
    "q_3": 0.0003266408551379878,
    "qd_0": 0.05889510557930851,
    "qd_1": 0.010801223313776654,
    "qd_2": 0.010824521618003858,
    "qd_3": 0.019307315511856115
  },
  "rollout_arm_0.5s": {
    "ee_rmse_m": 0.049582042332175016,
    "errdist": 0.0075557079635184266,
    "mean_dist_m": 6.56219676191487,
    "episodes": 82
  },
  "rollout_arm_1.0s": {
    "ee_rmse_m": 0.08765081519818976,
    "errdist": 0.008620752692429522,
    "mean_dist_m": 10.16742021554127,
    "episodes": 82
  },
  "rollout_arm_2.0s": {
    "ee_rmse_m": 0.11148006041109242,
    "errdist": 0.007449631367745806,
    "mean_dist_m": 14.96450695449986,
    "episodes": 82
  },
  "rollout_sel": 0.0075557079635184266
}
{
  "epoch": 39,
  "timestamp_utc": "2026-07-27T16:40:33.324606+00:00",
  "train_loss": 0.0025542777692317033,
  "val_loss": 0.004814301891601644,
  "val_rmse": {
    "q_0": 0.001161810684598845,
    "q_1": 0.0004591550644717802,
    "q_2": 0.0004307449891251149,
    "q_3": 0.00032789009583101094,
    "qd_0": 0.0632567568963086,
    "qd_1": 0.010550109820243892,
    "qd_2": 0.009868073962947465,
    "qd_3": 0.018443632092260607
  },
  "val_arm_loss": 0.004814301891601644,
  "val_arm_rmse": {
    "q_0": 0.001161810684598845,
    "q_1": 0.0004591550644717802,
    "q_2": 0.0004307449891251149,
    "q_3": 0.00032789009583101094,
    "qd_0": 0.0632567568963086,
    "qd_1": 0.010550109820243892,
    "qd_2": 0.009868073962947465,
    "qd_3": 0.018443632092260607
  },
  "rollout_arm_0.5s": {
    "ee_rmse_m": 0.13301145656770744,
    "errdist": 0.020269349029530512,
    "mean_dist_m": 6.56219676191487,
    "episodes": 82
  },
  "rollout_arm_1.0s": {
    "ee_rmse_m": 0.1563961081930379,
    "errdist": 0.015382083643398626,
    "mean_dist_m": 10.16742021554127,
    "episodes": 82
  },
  "rollout_arm_2.0s": {
    "ee_rmse_m": 0.15456960065214798,
    "errdist": 0.010329080745668573,
    "mean_dist_m": 14.96450695449986,
    "episodes": 82
  },
  "rollout_sel": 0.020269349029530512
}
{
  "epoch": 40,
  "timestamp_utc": "2026-07-27T16:40:54.006083+00:00",
  "train_loss": 0.0025766178632038645,
  "val_loss": 0.0048600632377201695,
  "val_rmse": {
    "q_0": 0.0014091929940435871,
    "q_1": 0.0005346099703162888,
    "q_2": 0.00043622892247271983,
    "q_3": 0.0003581560482625371,
    "qd_0": 0.06100140368250741,
    "qd_1": 0.010727176250071255,
    "qd_2": 0.010580445535938645,
    "qd_3": 0.018883602459352253
  },
  "val_arm_loss": 0.0048600632377201695,
  "val_arm_rmse": {
    "q_0": 0.0014091929940435871,
    "q_1": 0.0005346099703162888,
    "q_2": 0.00043622892247271983,
    "q_3": 0.0003581560482625371,
    "qd_0": 0.06100140368250741,
    "qd_1": 0.010727176250071255,
    "qd_2": 0.010580445535938645,
    "qd_3": 0.018883602459352253
  },
  "rollout_arm_0.5s": {
    "ee_rmse_m": 0.07420332206485022,
    "errdist": 0.01130769538876147,
    "mean_dist_m": 6.56219676191487,
    "episodes": 82
  },
  "rollout_arm_1.0s": {
    "ee_rmse_m": 0.09504049736653598,
    "errdist": 0.009347552806095605,
    "mean_dist_m": 10.16742021554127,
    "episodes": 82
  },
  "rollout_arm_2.0s": {
    "ee_rmse_m": 0.11608059000783884,
    "errdist": 0.007757060781273061,
    "mean_dist_m": 14.96450695449986,
    "episodes": 82
  },
  "rollout_sel": 0.01130769538876147
}
{
  "epoch": 41,
  "timestamp_utc": "2026-07-27T16:41:14.617863+00:00",
  "train_loss": 0.002469627209531609,
  "val_loss": 0.004820652569178492,
  "val_rmse": {
    "q_0": 0.0013007030308770074,
    "q_1": 0.00044810626501971004,
    "q_2": 0.0004125124182228753,
    "q_3": 0.000338627856358445,
    "qd_0": 0.06028004226343683,
    "qd_1": 0.011213605961879184,
    "qd_2": 0.010804411157161754,
    "qd_3": 0.018682516738637106
  },
  "val_arm_loss": 0.004820652569178492,
  "val_arm_rmse": {
    "q_0": 0.0013007030308770074,
    "q_1": 0.00044810626501971004,
    "q_2": 0.0004125124182228753,
    "q_3": 0.000338627856358445,
    "qd_0": 0.06028004226343683,
    "qd_1": 0.011213605961879184,
    "qd_2": 0.010804411157161754,
    "qd_3": 0.018682516738637106
  },
  "rollout_arm_0.5s": {
    "ee_rmse_m": 0.10449833368752628,
    "errdist": 0.015924291434539876,
    "mean_dist_m": 6.56219676191487,
    "episodes": 82
  },
  "rollout_arm_1.0s": {
    "ee_rmse_m": 0.11876731406339376,
    "errdist": 0.011681165088647917,
    "mean_dist_m": 10.16742021554127,
    "episodes": 82
  },
  "rollout_arm_2.0s": {
    "ee_rmse_m": 0.12896151415270887,
    "errdist": 0.008617825802401719,
    "mean_dist_m": 14.96450695449986,
    "episodes": 82
  },
  "rollout_sel": 0.015924291434539876
}
{
  "epoch": 42,
  "timestamp_utc": "2026-07-27T16:41:35.229990+00:00",
  "train_loss": 0.0024509698876645416,
  "val_loss": 0.004471395623695571,
  "val_rmse": {
    "q_0": 0.0011188048042626378,
    "q_1": 0.00035222763715146797,
    "q_2": 0.00037383365681213366,
    "q_3": 0.00033365264850977814,
    "qd_0": 0.058139940958985364,
    "qd_1": 0.010547917927100728,
    "qd_2": 0.009808634993987111,
    "qd_3": 0.018594795252016648
  },
  "val_arm_loss": 0.004471395623695571,
  "val_arm_rmse": {
    "q_0": 0.0011188048042626378,
    "q_1": 0.00035222763715146797,
    "q_2": 0.00037383365681213366,
    "q_3": 0.00033365264850977814,
    "qd_0": 0.058139940958985364,
    "qd_1": 0.010547917927100728,
    "qd_2": 0.009808634993987111,
    "qd_3": 0.018594795252016648
  },
  "rollout_arm_0.5s": {
    "ee_rmse_m": 0.07105733480556495,
    "errdist": 0.010828284701544089,
    "mean_dist_m": 6.56219676191487,
    "episodes": 82
  },
  "rollout_arm_1.0s": {
    "ee_rmse_m": 0.08334855571931013,
    "errdist": 0.008197610992010426,
    "mean_dist_m": 10.16742021554127,
    "episodes": 82
  },
  "rollout_arm_2.0s": {
    "ee_rmse_m": 0.09597128560010551,
    "errdist": 0.006413260783793931,
    "mean_dist_m": 14.96450695449986,
    "episodes": 82
  },
  "rollout_sel": 0.010828284701544089
}
{
  "epoch": 43,
  "timestamp_utc": "2026-07-27T16:41:55.817507+00:00",
  "train_loss": 0.002359699866559822,
  "val_loss": 0.004751346369739622,
  "val_rmse": {
    "q_0": 0.0012531116765901451,
    "q_1": 0.0004871806886059824,
    "q_2": 0.0004395153234875733,
    "q_3": 0.000334678900897919,
    "qd_0": 0.058327992187159255,
    "qd_1": 0.011123354811050437,
    "qd_2": 0.010957762339628838,
    "qd_3": 0.018959380592054362
  },
  "val_arm_loss": 0.004751346369739622,
  "val_arm_rmse": {
    "q_0": 0.0012531116765901451,
    "q_1": 0.0004871806886059824,
    "q_2": 0.0004395153234875733,
    "q_3": 0.000334678900897919,
    "qd_0": 0.058327992187159255,
    "qd_1": 0.011123354811050437,
    "qd_2": 0.010957762339628838,
    "qd_3": 0.018959380592054362
  },
  "rollout_arm_0.5s": {
    "ee_rmse_m": 0.05244828593148625,
    "errdist": 0.00799248907559146,
    "mean_dist_m": 6.56219676191487,
    "episodes": 82
  },
  "rollout_arm_1.0s": {
    "ee_rmse_m": 0.063232011313082,
    "errdist": 0.006219081140802028,
    "mean_dist_m": 10.16742021554127,
    "episodes": 82
  },
  "rollout_arm_2.0s": {
    "ee_rmse_m": 0.0880510676331982,
    "errdist": 0.005883993899760329,
    "mean_dist_m": 14.96450695449986,
    "episodes": 82
  },
  "rollout_sel": 0.00799248907559146
}
{
  "epoch": 44,
  "timestamp_utc": "2026-07-27T16:42:16.472564+00:00",
  "train_loss": 0.00217432463017758,
  "val_loss": 0.004607067491451744,
  "val_rmse": {
    "q_0": 0.001136659595999673,
    "q_1": 0.00036535180438458615,
    "q_2": 0.0003473337034510804,
    "q_3": 0.000382521959127726,
    "qd_0": 0.0603127832185291,
    "qd_1": 0.010334593340896456,
    "qd_2": 0.009833435759260455,
    "qd_3": 0.018655864014133425
  },
  "val_arm_loss": 0.004607067491451744,
  "val_arm_rmse": {
    "q_0": 0.001136659595999673,
    "q_1": 0.00036535180438458615,
    "q_2": 0.0003473337034510804,
    "q_3": 0.000382521959127726,
    "qd_0": 0.0603127832185291,
    "qd_1": 0.010334593340896456,
    "qd_2": 0.009833435759260455,
    "qd_3": 0.018655864014133425
  },
  "rollout_arm_0.5s": {
    "ee_rmse_m": 0.04534100476834123,
    "errdist": 0.006909424757192221,
    "mean_dist_m": 6.56219676191487,
    "episodes": 82
  },
  "rollout_arm_1.0s": {
    "ee_rmse_m": 0.061929185414483744,
    "errdist": 0.006090943828585224,
    "mean_dist_m": 10.16742021554127,
    "episodes": 82
  },
  "rollout_arm_2.0s": {
    "ee_rmse_m": 0.07568394568824291,
    "errdist": 0.005057563601551508,
    "mean_dist_m": 14.96450695449986,
    "episodes": 82
  },
  "rollout_sel": 0.006909424757192221
}
{
  "epoch": 45,
  "timestamp_utc": "2026-07-27T16:42:37.112845+00:00",
  "train_loss": 0.002218208856182173,
  "val_loss": 0.004545128298923373,
  "val_rmse": {
    "q_0": 0.001141275301046781,
    "q_1": 0.00040185368368639366,
    "q_2": 0.00043481626075109924,
    "q_3": 0.0003431520728501208,
    "qd_0": 0.056483231588650255,
    "qd_1": 0.01076808957165487,
    "qd_2": 0.010965961580758216,
    "qd_3": 0.018781321485587615
  },
  "val_arm_loss": 0.004545128298923373,
  "val_arm_rmse": {
    "q_0": 0.001141275301046781,
    "q_1": 0.00040185368368639366,
    "q_2": 0.00043481626075109924,
    "q_3": 0.0003431520728501208,
    "qd_0": 0.056483231588650255,
    "qd_1": 0.01076808957165487,
    "qd_2": 0.010965961580758216,
    "qd_3": 0.018781321485587615
  },
  "rollout_arm_0.5s": {
    "ee_rmse_m": 0.06365209444572258,
    "errdist": 0.009699814978901775,
    "mean_dist_m": 6.56219676191487,
    "episodes": 82
  },
  "rollout_arm_1.0s": {
    "ee_rmse_m": 0.08680137238247244,
    "errdist": 0.008537207132424153,
    "mean_dist_m": 10.16742021554127,
    "episodes": 82
  },
  "rollout_arm_2.0s": {
    "ee_rmse_m": 0.11555050172359564,
    "errdist": 0.0077216377442258025,
    "mean_dist_m": 14.96450695449986,
    "episodes": 82
  },
  "rollout_sel": 0.009699814978901775
}
{
  "epoch": 46,
  "timestamp_utc": "2026-07-27T16:42:57.756678+00:00",
  "train_loss": 0.002197242845839355,
  "val_loss": 0.00454906329716323,
  "val_rmse": {
    "q_0": 0.0013709276120020403,
    "q_1": 0.00036614305156798527,
    "q_2": 0.00039085194261228277,
    "q_3": 0.0003429871970962301,
    "qd_0": 0.05805384042938835,
    "qd_1": 0.010396466975585295,
    "qd_2": 0.009983701330659183,
    "qd_3": 0.01891684791158708
  },
  "val_arm_loss": 0.00454906329716323,
  "val_arm_rmse": {
    "q_0": 0.0013709276120020403,
    "q_1": 0.00036614305156798527,
    "q_2": 0.00039085194261228277,
    "q_3": 0.0003429871970962301,
    "qd_0": 0.05805384042938835,
    "qd_1": 0.010396466975585295,
    "qd_2": 0.009983701330659183,
    "qd_3": 0.01891684791158708
  },
  "rollout_arm_0.5s": {
    "ee_rmse_m": 0.06765316672262775,
    "errdist": 0.010309530356551872,
    "mean_dist_m": 6.56219676191487,
    "episodes": 82
  },
  "rollout_arm_1.0s": {
    "ee_rmse_m": 0.07462531866764902,
    "errdist": 0.007339651267052139,
    "mean_dist_m": 10.16742021554127,
    "episodes": 82
  },
  "rollout_arm_2.0s": {
    "ee_rmse_m": 0.08908106512485775,
    "errdist": 0.005952823263453453,
    "mean_dist_m": 14.96450695449986,
    "episodes": 82
  },
  "rollout_sel": 0.010309530356551872
}
{
  "epoch": 47,
  "timestamp_utc": "2026-07-27T16:43:18.535209+00:00",
  "train_loss": 0.002122989857918583,
  "val_loss": 0.004467388832126744,
  "val_rmse": {
    "q_0": 0.0009862690220562092,
    "q_1": 0.0003267716355101427,
    "q_2": 0.00038917953429206444,
    "q_3": 0.00031697163160257654,
    "qd_0": 0.05872857263257983,
    "qd_1": 0.010691852723401807,
    "qd_2": 0.009568558710691285,
    "qd_3": 0.018458290749357665
  },
  "val_arm_loss": 0.004467388832126744,
  "val_arm_rmse": {
    "q_0": 0.0009862690220562092,
    "q_1": 0.0003267716355101427,
    "q_2": 0.00038917953429206444,
    "q_3": 0.00031697163160257654,
    "qd_0": 0.05872857263257983,
    "qd_1": 0.010691852723401807,
    "qd_2": 0.009568558710691285,
    "qd_3": 0.018458290749357665
  },
  "rollout_arm_0.5s": {
    "ee_rmse_m": 0.033015933525424104,
    "errdist": 0.005031231876044806,
    "mean_dist_m": 6.56219676191487,
    "episodes": 82
  },
  "rollout_arm_1.0s": {
    "ee_rmse_m": 0.05369566756260168,
    "errdist": 0.005281149635236469,
    "mean_dist_m": 10.16742021554127,
    "episodes": 82
  },
  "rollout_arm_2.0s": {
    "ee_rmse_m": 0.08314893884212035,
    "errdist": 0.0055564101841068195,
    "mean_dist_m": 14.96450695449986,
    "episodes": 82
  },
  "rollout_sel": 0.005031231876044806
}
{
  "epoch": 48,
  "timestamp_utc": "2026-07-27T16:43:39.230713+00:00",
  "train_loss": 0.0021379333024378866,
  "val_loss": 0.004220473507593851,
  "val_rmse": {
    "q_0": 0.001049540357058427,
    "q_1": 0.00028391208547561025,
    "q_2": 0.0003418520513050454,
    "q_3": 0.0002898179527504799,
    "qd_0": 0.05544585460871694,
    "qd_1": 0.010466142028916693,
    "qd_2": 0.00933408041426398,
    "qd_3": 0.018504364460796306
  },
  "val_arm_loss": 0.004220473507593851,
  "val_arm_rmse": {
    "q_0": 0.001049540357058427,
    "q_1": 0.00028391208547561025,
    "q_2": 0.0003418520513050454,
    "q_3": 0.0002898179527504799,
    "qd_0": 0.05544585460871694,
    "qd_1": 0.010466142028916693,
    "qd_2": 0.00933408041426398,
    "qd_3": 0.018504364460796306
  },
  "rollout_arm_0.5s": {
    "ee_rmse_m": 0.03531232351729647,
    "errdist": 0.005381174140074431,
    "mean_dist_m": 6.56219676191487,
    "episodes": 82
  },
  "rollout_arm_1.0s": {
    "ee_rmse_m": 0.04524310152707706,
    "errdist": 0.00444981131574766,
    "mean_dist_m": 10.16742021554127,
    "episodes": 82
  },
  "rollout_arm_2.0s": {
    "ee_rmse_m": 0.061557008998949274,
    "errdist": 0.004113534056692656,
    "mean_dist_m": 14.96450695449986,
    "episodes": 82
  },
  "rollout_sel": 0.005381174140074431
}
{
  "epoch": 49,
  "timestamp_utc": "2026-07-27T16:43:59.909569+00:00",
  "train_loss": 0.0020840514974552206,
  "val_loss": 0.0045401124094496485,
  "val_rmse": {
    "q_0": 0.0010190575463185903,
    "q_1": 0.0004051137930255117,
    "q_2": 0.00039521002025785286,
    "q_3": 0.00029722764699162185,
    "qd_0": 0.058874502755961934,
    "qd_1": 0.010699152323137373,
    "qd_2": 0.009891736102103978,
    "qd_3": 0.01860495324893306
  },
  "val_arm_loss": 0.0045401124094496485,
  "val_arm_rmse": {
    "q_0": 0.0010190575463185903,
    "q_1": 0.0004051137930255117,
    "q_2": 0.00039521002025785286,
    "q_3": 0.00029722764699162185,
    "qd_0": 0.058874502755961934,
    "qd_1": 0.010699152323137373,
    "qd_2": 0.009891736102103978,
    "qd_3": 0.01860495324893306
  },
  "rollout_arm_0.5s": {
    "ee_rmse_m": 0.04480394687128385,
    "errdist": 0.006827583581661747,
    "mean_dist_m": 6.56219676191487,
    "episodes": 82
  },
  "rollout_arm_1.0s": {
    "ee_rmse_m": 0.07382035894987461,
    "errdist": 0.0072604807694519715,
    "mean_dist_m": 10.16742021554127,
    "episodes": 82
  },
  "rollout_arm_2.0s": {
    "ee_rmse_m": 0.0877821209911071,
    "errdist": 0.005866021597504809,
    "mean_dist_m": 14.96450695449986,
    "episodes": 82
  },
  "rollout_sel": 0.006827583581661747
}
{
  "epoch": 50,
  "timestamp_utc": "2026-07-27T16:44:20.576126+00:00",
  "train_loss": 0.00192773547465913,
  "val_loss": 0.004326361817365978,
  "val_rmse": {
    "q_0": 0.0009222051159541611,
    "q_1": 0.00029684084958109963,
    "q_2": 0.000384616727314679,
    "q_3": 0.00029632754912302834,
    "qd_0": 0.057360592977292214,
    "qd_1": 0.010416935766762914,
    "qd_2": 0.00952315016048028,
    "qd_3": 0.01838948547171895
  },
  "val_arm_loss": 0.004326361817365978,
  "val_arm_rmse": {
    "q_0": 0.0009222051159541611,
    "q_1": 0.00029684084958109963,
    "q_2": 0.000384616727314679,
    "q_3": 0.00029632754912302834,
    "qd_0": 0.057360592977292214,
    "qd_1": 0.010416935766762914,
    "qd_2": 0.00952315016048028,
    "qd_3": 0.01838948547171895
  },
  "rollout_arm_0.5s": {
    "ee_rmse_m": 0.034920615898253494,
    "errdist": 0.005321482601820605,
    "mean_dist_m": 6.56219676191487,
    "episodes": 82
  },
  "rollout_arm_1.0s": {
    "ee_rmse_m": 0.050649425471280846,
    "errdist": 0.004981541472423984,
    "mean_dist_m": 10.16742021554127,
    "episodes": 82
  },
  "rollout_arm_2.0s": {
    "ee_rmse_m": 0.07085459137824322,
    "errdist": 0.004734843025144713,
    "mean_dist_m": 14.96450695449986,
    "episodes": 82
  },
  "rollout_sel": 0.005321482601820605
}
{
  "epoch": 51,
  "timestamp_utc": "2026-07-27T16:44:41.468901+00:00",
  "train_loss": 0.0019109411623212508,
  "val_loss": 0.004523340867890511,
  "val_rmse": {
    "q_0": 0.0010658448799423957,
    "q_1": 0.00036176623774937706,
    "q_2": 0.0004189600424185304,
    "q_3": 0.0003131452804264374,
    "qd_0": 0.056300130464316984,
    "qd_1": 0.010670241060275091,
    "qd_2": 0.010772132178673541,
    "qd_3": 0.018991417782749008
  },
  "val_arm_loss": 0.004523340867890511,
  "val_arm_rmse": {
    "q_0": 0.0010658448799423957,
    "q_1": 0.00036176623774937706,
    "q_2": 0.0004189600424185304,
    "q_3": 0.0003131452804264374,
    "qd_0": 0.056300130464316984,
    "qd_1": 0.010670241060275091,
    "qd_2": 0.010772132178673541,
    "qd_3": 0.018991417782749008
  },
  "rollout_arm_0.5s": {
    "ee_rmse_m": 0.059358016506719444,
    "errdist": 0.009045449056208821,
    "mean_dist_m": 6.56219676191487,
    "episodes": 82
  },
  "rollout_arm_1.0s": {
    "ee_rmse_m": 0.07932393129860432,
    "errdist": 0.007801775634034956,
    "mean_dist_m": 10.16742021554127,
    "episodes": 82
  },
  "rollout_arm_2.0s": {
    "ee_rmse_m": 0.11185116939883852,
    "errdist": 0.007474430647058814,
    "mean_dist_m": 14.96450695449986,
    "episodes": 82
  },
  "rollout_sel": 0.009045449056208821
}
{
  "epoch": 52,
  "timestamp_utc": "2026-07-27T16:45:01.999416+00:00",
  "train_loss": 0.0018948867248254828,
  "val_loss": 0.004266523597761989,
  "val_rmse": {
    "q_0": 0.0008911703720465797,
    "q_1": 0.0002957904256916225,
    "q_2": 0.0003310097732481703,
    "q_3": 0.0002802045133617528,
    "qd_0": 0.05569146574421903,
    "qd_1": 0.010234160020170078,
    "qd_2": 0.009771157894783344,
    "qd_3": 0.01869732179676123
  },
  "val_arm_loss": 0.004266523597761989,
  "val_arm_rmse": {
    "q_0": 0.0008911703720465797,
    "q_1": 0.0002957904256916225,
    "q_2": 0.0003310097732481703,
    "q_3": 0.0002802045133617528,
    "qd_0": 0.05569146574421903,
    "qd_1": 0.010234160020170078,
    "qd_2": 0.009771157894783344,
    "qd_3": 0.01869732179676123
  },
  "rollout_arm_0.5s": {
    "ee_rmse_m": 0.14312215419341243,
    "errdist": 0.02181009795744816,
    "mean_dist_m": 6.56219676191487,
    "episodes": 82
  },
  "rollout_arm_1.0s": {
    "ee_rmse_m": 0.14623815492842748,
    "errdist": 0.014383014749886817,
    "mean_dist_m": 10.16742021554127,
    "episodes": 82
  },
  "rollout_arm_2.0s": {
    "ee_rmse_m": 0.1483993686518547,
    "errdist": 0.009916756302300404,
    "mean_dist_m": 14.96450695449986,
    "episodes": 82
  },
  "rollout_sel": 0.02181009795744816
}
{
  "epoch": 53,
  "timestamp_utc": "2026-07-27T16:45:22.434125+00:00",
  "train_loss": 0.0018596147656207904,
  "val_loss": 0.004166421055560932,
  "val_rmse": {
    "q_0": 0.0008996437651446041,
    "q_1": 0.0002653067683584898,
    "q_2": 0.00032494665021757895,
    "q_3": 0.00025414192252318663,
    "qd_0": 0.056036314622057305,
    "qd_1": 0.010156887849741846,
    "qd_2": 0.00915432429609118,
    "qd_3": 0.01835351420271527
  },
  "val_arm_loss": 0.004166421055560932,
  "val_arm_rmse": {
    "q_0": 0.0008996437651446041,
    "q_1": 0.0002653067683584898,
    "q_2": 0.00032494665021757895,
    "q_3": 0.00025414192252318663,
    "qd_0": 0.056036314622057305,
    "qd_1": 0.010156887849741846,
    "qd_2": 0.00915432429609118,
    "qd_3": 0.01835351420271527
  },
  "rollout_arm_0.5s": {
    "ee_rmse_m": 0.03141931528426718,
    "errdist": 0.004787926425281239,
    "mean_dist_m": 6.56219676191487,
    "episodes": 82
  },
  "rollout_arm_1.0s": {
    "ee_rmse_m": 0.03901441568966844,
    "errdist": 0.0038371990989448327,
    "mean_dist_m": 10.16742021554127,
    "episodes": 82
  },
  "rollout_arm_2.0s": {
    "ee_rmse_m": 0.05547179576735954,
    "errdist": 0.003706890974492083,
    "mean_dist_m": 14.96450695449986,
    "episodes": 82
  },
  "rollout_sel": 0.004787926425281239
}
{
  "epoch": 54,
  "timestamp_utc": "2026-07-27T16:45:42.890745+00:00",
  "train_loss": 0.0017676747393561528,
  "val_loss": 0.004359488697955385,
  "val_rmse": {
    "q_0": 0.0009447473609989955,
    "q_1": 0.00029470784874586857,
    "q_2": 0.0003827793483142593,
    "q_3": 0.00029687324189249477,
    "qd_0": 0.057444477424311836,
    "qd_1": 0.010316635805311777,
    "qd_2": 0.009478303071453281,
    "qd_3": 0.018634220366236173
  },
  "val_arm_loss": 0.004359488697955385,
  "val_arm_rmse": {
    "q_0": 0.0009447473609989955,
    "q_1": 0.00029470784874586857,
    "q_2": 0.0003827793483142593,
    "q_3": 0.00029687324189249477,
    "qd_0": 0.057444477424311836,
    "qd_1": 0.010316635805311777,
    "qd_2": 0.009478303071453281,
    "qd_3": 0.018634220366236173
  },
  "rollout_arm_0.5s": {
    "ee_rmse_m": 0.03931457062368157,
    "errdist": 0.005991068547632128,
    "mean_dist_m": 6.56219676191487,
    "episodes": 82
  },
  "rollout_arm_1.0s": {
    "ee_rmse_m": 0.06272503332596675,
    "errdist": 0.006169218149367848,
    "mean_dist_m": 10.16742021554127,
    "episodes": 82
  },
  "rollout_arm_2.0s": {
    "ee_rmse_m": 0.0784105393379882,
    "errdist": 0.0052397676432907785,
    "mean_dist_m": 14.96450695449986,
    "episodes": 82
  },
  "rollout_sel": 0.005991068547632128
}
{
  "epoch": 55,
  "timestamp_utc": "2026-07-27T16:46:03.238161+00:00",
  "train_loss": 0.0017348246389301493,
  "val_loss": 0.004452780995052308,
  "val_rmse": {
    "q_0": 0.0009473836108996843,
    "q_1": 0.0002972913553005706,
    "q_2": 0.0003278526567904589,
    "q_3": 0.0002769627180902915,
    "qd_0": 0.057267754746233905,
    "qd_1": 0.010568653039553134,
    "qd_2": 0.009896637495659931,
    "qd_3": 0.018938710782493148
  },
  "val_arm_loss": 0.004452780995052308,
  "val_arm_rmse": {
    "q_0": 0.0009473836108996843,
    "q_1": 0.0002972913553005706,
    "q_2": 0.0003278526567904589,
    "q_3": 0.0002769627180902915,
    "qd_0": 0.057267754746233905,
    "qd_1": 0.010568653039553134,
    "qd_2": 0.009896637495659931,
    "qd_3": 0.018938710782493148
  },
  "rollout_arm_0.5s": {
    "ee_rmse_m": 0.03733730778310087,
    "errdist": 0.005689757429980768,
    "mean_dist_m": 6.56219676191487,
    "episodes": 82
  },
  "rollout_arm_1.0s": {
    "ee_rmse_m": 0.054378452414316006,
    "errdist": 0.0053483038235398765,
    "mean_dist_m": 10.16742021554127,
    "episodes": 82
  },
  "rollout_arm_2.0s": {
    "ee_rmse_m": 0.07340988336424763,
    "errdist": 0.004905599869574929,
    "mean_dist_m": 14.96450695449986,
    "episodes": 82
  },
  "rollout_sel": 0.005689757429980768
}
{
  "epoch": 56,
  "timestamp_utc": "2026-07-27T16:46:23.638430+00:00",
  "train_loss": 0.00165248997323215,
  "val_loss": 0.004363914480782114,
  "val_rmse": {
    "q_0": 0.0009646601429574917,
    "q_1": 0.00032557489867945553,
    "q_2": 0.00037753239319521085,
    "q_3": 0.0003211038029992694,
    "qd_0": 0.05631281463664204,
    "qd_1": 0.01066643463687392,
    "qd_2": 0.009957300704865215,
    "qd_3": 0.018578588767500345
  },
  "val_arm_loss": 0.004363914480782114,
  "val_arm_rmse": {
    "q_0": 0.0009646601429574917,
    "q_1": 0.00032557489867945553,
    "q_2": 0.00037753239319521085,
    "q_3": 0.0003211038029992694,
    "qd_0": 0.05631281463664204,
    "qd_1": 0.01066643463687392,
    "qd_2": 0.009957300704865215,
    "qd_3": 0.018578588767500345
  },
  "rollout_arm_0.5s": {
    "ee_rmse_m": 0.0792042433835687,
    "errdist": 0.012069775756077246,
    "mean_dist_m": 6.56219676191487,
    "episodes": 82
  },
  "rollout_arm_1.0s": {
    "ee_rmse_m": 0.08681576057571293,
    "errdist": 0.008538622259657557,
    "mean_dist_m": 10.16742021554127,
    "episodes": 82
  },
  "rollout_arm_2.0s": {
    "ee_rmse_m": 0.09068962435369848,
    "errdist": 0.006060314892394628,
    "mean_dist_m": 14.96450695449986,
    "episodes": 82
  },
  "rollout_sel": 0.012069775756077246
}
{
  "epoch": 57,
  "timestamp_utc": "2026-07-27T16:46:44.076633+00:00",
  "train_loss": 0.0016247309211757965,
  "val_loss": 0.004375176542380359,
  "val_rmse": {
    "q_0": 0.0010188314907723416,
    "q_1": 0.0003124188709009059,
    "q_2": 0.0003528773839255493,
    "q_3": 0.0002850507603249137,
    "qd_0": 0.056166087612421624,
    "qd_1": 0.010982921466223535,
    "qd_2": 0.009661985897256899,
    "qd_3": 0.0186698267920664
  },
  "val_arm_loss": 0.004375176542380359,
  "val_arm_rmse": {
    "q_0": 0.0010188314907723416,
    "q_1": 0.0003124188709009059,
    "q_2": 0.0003528773839255493,
    "q_3": 0.0002850507603249137,
    "qd_0": 0.056166087612421624,
    "qd_1": 0.010982921466223535,
    "qd_2": 0.009661985897256899,
    "qd_3": 0.0186698267920664
  },
  "rollout_arm_0.5s": {
    "ee_rmse_m": 0.03229184394838707,
    "errdist": 0.004920889318010057,
    "mean_dist_m": 6.56219676191487,
    "episodes": 82
  },
  "rollout_arm_1.0s": {
    "ee_rmse_m": 0.04239764425059837,
    "errdist": 0.0041699510152823265,
    "mean_dist_m": 10.16742021554127,
    "episodes": 82
  },
  "rollout_arm_2.0s": {
    "ee_rmse_m": 0.05623030101425443,
    "errdist": 0.0037575779265715033,
    "mean_dist_m": 14.96450695449986,
    "episodes": 82
  },
  "rollout_sel": 0.004920889318010057
}
{
  "epoch": 58,
  "timestamp_utc": "2026-07-27T16:47:04.411143+00:00",
  "train_loss": 0.001594733242643997,
  "val_loss": 0.004174745738564525,
  "val_rmse": {
    "q_0": 0.0009562359133426973,
    "q_1": 0.0002633640046145131,
    "q_2": 0.0003108982286596238,
    "q_3": 0.0002534004979573734,
    "qd_0": 0.055816114603645085,
    "qd_1": 0.01007248338050591,
    "qd_2": 0.009256826346561647,
    "qd_3": 0.018472816662668597
  },
  "val_arm_loss": 0.004174745738564525,
  "val_arm_rmse": {
    "q_0": 0.0009562359133426973,
    "q_1": 0.0002633640046145131,
    "q_2": 0.0003108982286596238,
    "q_3": 0.0002534004979573734,
    "qd_0": 0.055816114603645085,
    "qd_1": 0.01007248338050591,
    "qd_2": 0.009256826346561647,
    "qd_3": 0.018472816662668597
  },
  "rollout_arm_0.5s": {
    "ee_rmse_m": 0.03344152974480814,
    "errdist": 0.005096087630120039,
    "mean_dist_m": 6.56219676191487,
    "episodes": 82
  },
  "rollout_arm_1.0s": {
    "ee_rmse_m": 0.039292506245667276,
    "errdist": 0.0038645502411326776,
    "mean_dist_m": 10.16742021554127,
    "episodes": 82
  },
  "rollout_arm_2.0s": {
    "ee_rmse_m": 0.04893267329787765,
    "errdist": 0.003269915503842476,
    "mean_dist_m": 14.96450695449986,
    "episodes": 82
  },
  "rollout_sel": 0.005096087630120039
}
{
  "epoch": 59,
  "timestamp_utc": "2026-07-27T16:47:24.966176+00:00",
  "train_loss": 0.0015586519507342017,
  "val_loss": 0.0044858767939149405,
  "val_rmse": {
    "q_0": 0.0009703889786079551,
    "q_1": 0.0003034065337806458,
    "q_2": 0.0003319014125365166,
    "q_3": 0.00028923013383763907,
    "qd_0": 0.05732408431271475,
    "qd_1": 0.010966143977690898,
    "qd_2": 0.009955422370079667,
    "qd_3": 0.018807809666004986
  },
  "val_arm_loss": 0.0044858767939149405,
  "val_arm_rmse": {
    "q_0": 0.0009703889786079551,
    "q_1": 0.0003034065337806458,
    "q_2": 0.0003319014125365166,
    "q_3": 0.00028923013383763907,
    "qd_0": 0.05732408431271475,
    "qd_1": 0.010966143977690898,
    "qd_2": 0.009955422370079667,
    "qd_3": 0.018807809666004986
  },
  "rollout_arm_0.5s": {
    "ee_rmse_m": 0.030432290449347293,
    "errdist": 0.004637515690777162,
    "mean_dist_m": 6.56219676191487,
    "episodes": 82
  },
  "rollout_arm_1.0s": {
    "ee_rmse_m": 0.04969905773399895,
    "errdist": 0.004888069606686673,
    "mean_dist_m": 10.16742021554127,
    "episodes": 82
  },
  "rollout_arm_2.0s": {
    "ee_rmse_m": 0.07123021056908156,
    "errdist": 0.004759943697821763,
    "mean_dist_m": 14.96450695449986,
    "episodes": 82
  },
  "rollout_sel": 0.004637515690777162
}
{
  "epoch": 60,
  "timestamp_utc": "2026-07-27T16:47:45.313380+00:00",
  "train_loss": 0.0014917837008833884,
  "val_loss": 0.004282972203800455,
  "val_rmse": {
    "q_0": 0.0008680649024737383,
    "q_1": 0.0002495349889535524,
    "q_2": 0.00030028679056938603,
    "q_3": 0.00025650603132545274,
    "qd_0": 0.056665171712051536,
    "qd_1": 0.01025693286689366,
    "qd_2": 0.00908014036819022,
    "qd_3": 0.018831237111779864
  },
  "val_arm_loss": 0.004282972203800455,
  "val_arm_rmse": {
    "q_0": 0.0008680649024737383,
    "q_1": 0.0002495349889535524,
    "q_2": 0.00030028679056938603,
    "q_3": 0.00025650603132545274,
    "qd_0": 0.056665171712051536,
    "qd_1": 0.01025693286689366,
    "qd_2": 0.00908014036819022,
    "qd_3": 0.018831237111779864
  },
  "rollout_arm_0.5s": {
    "ee_rmse_m": 0.022953158560722272,
    "errdist": 0.003497785786298865,
    "mean_dist_m": 6.56219676191487,
    "episodes": 82
  },
  "rollout_arm_1.0s": {
    "ee_rmse_m": 0.029018435558922296,
    "errdist": 0.002854060808322505,
    "mean_dist_m": 10.16742021554127,
    "episodes": 82
  },
  "rollout_arm_2.0s": {
    "ee_rmse_m": 0.0468689479707447,
    "errdist": 0.0031320074970228873,
    "mean_dist_m": 14.96450695449986,
    "episodes": 82
  },
  "rollout_sel": 0.003497785786298865
}
{
  "epoch": 61,
  "timestamp_utc": "2026-07-27T16:48:05.771736+00:00",
  "train_loss": 0.0014387675638135988,
  "val_loss": 0.004335523881600238,
  "val_rmse": {
    "q_0": 0.0008988075110648404,
    "q_1": 0.00026448854660284036,
    "q_2": 0.0003182381221558,
    "q_3": 0.00026552324933817694,
    "qd_0": 0.05711780508391677,
    "qd_1": 0.010408188180431136,
    "qd_2": 0.009424402805406096,
    "qd_3": 0.018684820375176086
  },
  "val_arm_loss": 0.004335523881600238,
  "val_arm_rmse": {
    "q_0": 0.0008988075110648404,
    "q_1": 0.00026448854660284036,
    "q_2": 0.0003182381221558,
    "q_3": 0.00026552324933817694,
    "qd_0": 0.05711780508391677,
    "qd_1": 0.010408188180431136,
    "qd_2": 0.009424402805406096,
    "qd_3": 0.018684820375176086
  },
  "rollout_arm_0.5s": {
    "ee_rmse_m": 0.03775479509394788,
    "errdist": 0.005753377483751479,
    "mean_dist_m": 6.56219676191487,
    "episodes": 82
  },
  "rollout_arm_1.0s": {
    "ee_rmse_m": 0.050957496416992334,
    "errdist": 0.005011841286848945,
    "mean_dist_m": 10.16742021554127,
    "episodes": 82
  },
  "rollout_arm_2.0s": {
    "ee_rmse_m": 0.05931538949959431,
    "errdist": 0.00396373830958447,
    "mean_dist_m": 14.96450695449986,
    "episodes": 82
  },
  "rollout_sel": 0.005753377483751479
}
{
  "epoch": 62,
  "timestamp_utc": "2026-07-27T16:48:26.167602+00:00",
  "train_loss": 0.0013795866649015808,
  "val_loss": 0.004208521614200436,
  "val_rmse": {
    "q_0": 0.0008972651137731426,
    "q_1": 0.0002665417930683706,
    "q_2": 0.00031088607672085446,
    "q_3": 0.00025186212800044336,
    "qd_0": 0.05614504909590544,
    "qd_1": 0.01031423308047172,
    "qd_2": 0.008999435963993826,
    "qd_3": 0.018554739559878547
  },
  "val_arm_loss": 0.004208521614200436,
  "val_arm_rmse": {
    "q_0": 0.0008972651137731426,
    "q_1": 0.0002665417930683706,
    "q_2": 0.00031088607672085446,
    "q_3": 0.00025186212800044336,
    "qd_0": 0.05614504909590544,
    "qd_1": 0.01031423308047172,
    "qd_2": 0.008999435963993826,
    "qd_3": 0.018554739559878547
  },
  "rollout_arm_0.5s": {
    "ee_rmse_m": 0.02652315135146349,
    "errdist": 0.004041809825849225,
    "mean_dist_m": 6.56219676191487,
    "episodes": 82
  },
  "rollout_arm_1.0s": {
    "ee_rmse_m": 0.037462880101287274,
    "errdist": 0.003684600351623503,
    "mean_dist_m": 10.16742021554127,
    "episodes": 82
  },
  "rollout_arm_2.0s": {
    "ee_rmse_m": 0.052310401445557896,
    "errdist": 0.0034956314701586636,
    "mean_dist_m": 14.96450695449986,
    "episodes": 82
  },
  "rollout_sel": 0.004041809825849225
}
{
  "epoch": 63,
  "timestamp_utc": "2026-07-27T16:48:46.537205+00:00",
  "train_loss": 0.001291463740868494,
  "val_loss": 0.004241881309135351,
  "val_rmse": {
    "q_0": 0.0009286122035857084,
    "q_1": 0.0002410804852307211,
    "q_2": 0.00029909027500078724,
    "q_3": 0.00024654586307841807,
    "qd_0": 0.05642167392469139,
    "qd_1": 0.010400566167002174,
    "qd_2": 0.009073631084915155,
    "qd_3": 0.018575468044648505
  },
  "val_arm_loss": 0.004241881309135351,
  "val_arm_rmse": {
    "q_0": 0.0009286122035857084,
    "q_1": 0.0002410804852307211,
    "q_2": 0.00029909027500078724,
    "q_3": 0.00024654586307841807,
    "qd_0": 0.05642167392469139,
    "qd_1": 0.010400566167002174,
    "qd_2": 0.009073631084915155,
    "qd_3": 0.018575468044648505
  },
  "rollout_arm_0.5s": {
    "ee_rmse_m": 0.027072365245761763,
    "errdist": 0.00412550342941286,
    "mean_dist_m": 6.56219676191487,
    "episodes": 82
  },
  "rollout_arm_1.0s": {
    "ee_rmse_m": 0.035149939829794065,
    "errdist": 0.003457114890959863,
    "mean_dist_m": 10.16742021554127,
    "episodes": 82
  },
  "rollout_arm_2.0s": {
    "ee_rmse_m": 0.04932605355987678,
    "errdist": 0.0032962030563288506,
    "mean_dist_m": 14.96450695449986,
    "episodes": 82
  },
  "rollout_sel": 0.00412550342941286
}
{
  "epoch": 64,
  "timestamp_utc": "2026-07-27T16:49:06.871627+00:00",
  "train_loss": 0.0012814499227097257,
  "val_loss": 0.004240059729199857,
  "val_rmse": {
    "q_0": 0.0009046757506844674,
    "q_1": 0.00024603808073963873,
    "q_2": 0.0003125777589330889,
    "q_3": 0.00025513899545648376,
    "qd_0": 0.05551097664211916,
    "qd_1": 0.010291975966307458,
    "qd_2": 0.009207320141918796,
    "qd_3": 0.018891485981900085
  },
  "val_arm_loss": 0.004240059729199857,
  "val_arm_rmse": {
    "q_0": 0.0009046757506844674,
    "q_1": 0.00024603808073963873,
    "q_2": 0.0003125777589330889,
    "q_3": 0.00025513899545648376,
    "qd_0": 0.05551097664211916,
    "qd_1": 0.010291975966307458,
    "qd_2": 0.009207320141918796,
    "qd_3": 0.018891485981900085
  },
  "rollout_arm_0.5s": {
    "ee_rmse_m": 0.02046071267673702,
    "errdist": 0.0031179669581816254,
    "mean_dist_m": 6.56219676191487,
    "episodes": 82
  },
  "rollout_arm_1.0s": {
    "ee_rmse_m": 0.03303109927868497,
    "errdist": 0.0032487197911025396,
    "mean_dist_m": 10.16742021554127,
    "episodes": 82
  },
  "rollout_arm_2.0s": {
    "ee_rmse_m": 0.04509060140194035,
    "errdist": 0.003013169865137555,
    "mean_dist_m": 14.96450695449986,
    "episodes": 82
  },
  "rollout_sel": 0.0031179669581816254
}
{
  "epoch": 65,
  "timestamp_utc": "2026-07-27T16:49:27.328200+00:00",
  "train_loss": 0.0013068520088563673,
  "val_loss": 0.004245879281952512,
  "val_rmse": {
    "q_0": 0.0008362543960374978,
    "q_1": 0.0002442303330449849,
    "q_2": 0.0002922361685204498,
    "q_3": 0.0002434004084832294,
    "qd_0": 0.05575276758009114,
    "qd_1": 0.010365939851634422,
    "qd_2": 0.009001315513214075,
    "qd_3": 0.01893738517691319
  },
  "val_arm_loss": 0.004245879281952512,
  "val_arm_rmse": {
    "q_0": 0.0008362543960374978,
    "q_1": 0.0002442303330449849,
    "q_2": 0.0002922361685204498,
    "q_3": 0.0002434004084832294,
    "qd_0": 0.05575276758009114,
    "qd_1": 0.010365939851634422,
    "qd_2": 0.009001315513214075,
    "qd_3": 0.01893738517691319
  },
  "rollout_arm_0.5s": {
    "ee_rmse_m": 0.019416056594766654,
    "errdist": 0.0029587739135546716,
    "mean_dist_m": 6.56219676191487,
    "episodes": 82
  },
  "rollout_arm_1.0s": {
    "ee_rmse_m": 0.03347619945707674,
    "errdist": 0.0032924968917786204,
    "mean_dist_m": 10.16742021554127,
    "episodes": 82
  },
  "rollout_arm_2.0s": {
    "ee_rmse_m": 0.04278174569412457,
    "errdist": 0.002858881072674433,
    "mean_dist_m": 14.96450695449986,
    "episodes": 82
  },
  "rollout_sel": 0.0029587739135546716
}
{
  "epoch": 66,
  "timestamp_utc": "2026-07-27T16:49:47.811620+00:00",
  "train_loss": 0.0012273337467340753,
  "val_loss": 0.004335576740850229,
  "val_rmse": {
    "q_0": 0.0008745875977964585,
    "q_1": 0.00026568611676942215,
    "q_2": 0.0003481835035682453,
    "q_3": 0.0002628952390970877,
    "qd_0": 0.057004937995698696,
    "qd_1": 0.010327341399349769,
    "qd_2": 0.009048022235195971,
    "qd_3": 0.018943531020825667
  },
  "val_arm_loss": 0.004335576740850229,
  "val_arm_rmse": {
    "q_0": 0.0008745875977964585,
    "q_1": 0.00026568611676942215,
    "q_2": 0.0003481835035682453,
    "q_3": 0.0002628952390970877,
    "qd_0": 0.057004937995698696,
    "qd_1": 0.010327341399349769,
    "qd_2": 0.009048022235195971,
    "qd_3": 0.018943531020825667
  },
  "rollout_arm_0.5s": {
    "ee_rmse_m": 0.018435051873606674,
    "errdist": 0.0028092805721094023,
    "mean_dist_m": 6.56219676191487,
    "episodes": 82
  },
  "rollout_arm_1.0s": {
    "ee_rmse_m": 0.031023114425522746,
    "errdist": 0.0030512277222596537,
    "mean_dist_m": 10.16742021554127,
    "episodes": 82
  },
  "rollout_arm_2.0s": {
    "ee_rmse_m": 0.05122553673947363,
    "errdist": 0.0034231356165109065,
    "mean_dist_m": 14.96450695449986,
    "episodes": 82
  },
  "rollout_sel": 0.0028092805721094023
}
{
  "epoch": 67,
  "timestamp_utc": "2026-07-27T16:50:08.258296+00:00",
  "train_loss": 0.0012036196831031703,
  "val_loss": 0.00423813205154147,
  "val_rmse": {
    "q_0": 0.0008569517741611718,
    "q_1": 0.00023612543870388036,
    "q_2": 0.00029626710377962065,
    "q_3": 0.0002476103285841074,
    "qd_0": 0.0556884217379914,
    "qd_1": 0.010247119347908642,
    "qd_2": 0.008926024297448425,
    "qd_3": 0.01901187417293681
  },
  "val_arm_loss": 0.00423813205154147,
  "val_arm_rmse": {
    "q_0": 0.0008569517741611718,
    "q_1": 0.00023612543870388036,
    "q_2": 0.00029626710377962065,
    "q_3": 0.0002476103285841074,
    "qd_0": 0.0556884217379914,
    "qd_1": 0.010247119347908642,
    "qd_2": 0.008926024297448425,
    "qd_3": 0.01901187417293681
  },
  "rollout_arm_0.5s": {
    "ee_rmse_m": 0.01653697409545102,
    "errdist": 0.0025200363072663307,
    "mean_dist_m": 6.56219676191487,
    "episodes": 82
  },
  "rollout_arm_1.0s": {
    "ee_rmse_m": 0.02502097291492924,
    "errdist": 0.00246089690250864,
    "mean_dist_m": 10.16742021554127,
    "episodes": 82
  },
  "rollout_arm_2.0s": {
    "ee_rmse_m": 0.04682127672123622,
    "errdist": 0.003128821875895948,
    "mean_dist_m": 14.96450695449986,
    "episodes": 82
  },
  "rollout_sel": 0.0025200363072663307
}
{
  "epoch": 68,
  "timestamp_utc": "2026-07-27T16:50:28.779396+00:00",
  "train_loss": 0.0011921010196965654,
  "val_loss": 0.004220937693607993,
  "val_rmse": {
    "q_0": 0.0008451865505536397,
    "q_1": 0.00024510626574930427,
    "q_2": 0.00029923144701535546,
    "q_3": 0.00023425358924288546,
    "qd_0": 0.05597554013575605,
    "qd_1": 0.010287929964954692,
    "qd_2": 0.008990966059699833,
    "qd_3": 0.018759080649670117
  },
  "val_arm_loss": 0.004220937693607993,
  "val_arm_rmse": {
    "q_0": 0.0008451865505536397,
    "q_1": 0.00024510626574930427,
    "q_2": 0.00029923144701535546,
    "q_3": 0.00023425358924288546,
    "qd_0": 0.05597554013575605,
    "qd_1": 0.010287929964954692,
    "qd_2": 0.008990966059699833,
    "qd_3": 0.018759080649670117
  },
  "rollout_arm_0.5s": {
    "ee_rmse_m": 0.019222230126018355,
    "errdist": 0.002929237086821098,
    "mean_dist_m": 6.56219676191487,
    "episodes": 82
  },
  "rollout_arm_1.0s": {
    "ee_rmse_m": 0.024844831500631114,
    "errdist": 0.002443572801550475,
    "mean_dist_m": 10.16742021554127,
    "episodes": 82
  },
  "rollout_arm_2.0s": {
    "ee_rmse_m": 0.0337356602407143,
    "errdist": 0.0022543783328972237,
    "mean_dist_m": 14.96450695449986,
    "episodes": 82
  },
  "rollout_sel": 0.002929237086821098
}
{
  "epoch": 69,
  "timestamp_utc": "2026-07-27T16:50:49.197826+00:00",
  "train_loss": 0.0011493738748249598,
  "val_loss": 0.004247152237221599,
  "val_rmse": {
    "q_0": 0.0008347602482307437,
    "q_1": 0.00024208464714409522,
    "q_2": 0.0002981972571376282,
    "q_3": 0.00024616532120826177,
    "qd_0": 0.05609544262877029,
    "qd_1": 0.010296014666880727,
    "qd_2": 0.008980887340492828,
    "qd_3": 0.01887093317699171
  },
  "val_arm_loss": 0.004247152237221599,
  "val_arm_rmse": {
    "q_0": 0.0008347602482307437,
    "q_1": 0.00024208464714409522,
    "q_2": 0.0002981972571376282,
    "q_3": 0.00024616532120826177,
    "qd_0": 0.05609544262877029,
    "qd_1": 0.010296014666880727,
    "qd_2": 0.008980887340492828,
    "qd_3": 0.01887093317699171
  },
  "rollout_arm_0.5s": {
    "ee_rmse_m": 0.0201038337203191,
    "errdist": 0.0030635828899547865,
    "mean_dist_m": 6.56219676191487,
    "episodes": 82
  },
  "rollout_arm_1.0s": {
    "ee_rmse_m": 0.035763600364300575,
    "errdist": 0.003517470470005225,
    "mean_dist_m": 10.16742021554127,
    "episodes": 82
  },
  "rollout_arm_2.0s": {
    "ee_rmse_m": 0.04639150154424923,
    "errdist": 0.0031001022409428065,
    "mean_dist_m": 14.96450695449986,
    "episodes": 82
  },
  "rollout_sel": 0.0030635828899547865
}
{
  "epoch": 70,
  "timestamp_utc": "2026-07-27T16:51:09.562160+00:00",
  "train_loss": 0.0011464940989098977,
  "val_loss": 0.004307893590594176,
  "val_rmse": {
    "q_0": 0.0008507798314593785,
    "q_1": 0.0002487787215508282,
    "q_2": 0.0002973662371203656,
    "q_3": 0.00023764639665273078,
    "qd_0": 0.056390787964435536,
    "qd_1": 0.01046402977935669,
    "qd_2": 0.009031719990599088,
    "qd_3": 0.018991807505729447
  },
  "val_arm_loss": 0.004307893590594176,
  "val_arm_rmse": {
    "q_0": 0.0008507798314593785,
    "q_1": 0.0002487787215508282,
    "q_2": 0.0002973662371203656,
    "q_3": 0.00023764639665273078,
    "qd_0": 0.056390787964435536,
    "qd_1": 0.01046402977935669,
    "qd_2": 0.009031719990599088,
    "qd_3": 0.018991807505729447
  },
  "rollout_arm_0.5s": {
    "ee_rmse_m": 0.02349402341883999,
    "errdist": 0.0035802070969881065,
    "mean_dist_m": 6.56219676191487,
    "episodes": 82
  },
  "rollout_arm_1.0s": {
    "ee_rmse_m": 0.03205300304507467,
    "errdist": 0.0031525207344219423,
    "mean_dist_m": 10.16742021554127,
    "episodes": 82
  },
  "rollout_arm_2.0s": {
    "ee_rmse_m": 0.041035048313340455,
    "errdist": 0.00274215839105886,
    "mean_dist_m": 14.96450695449986,
    "episodes": 82
  },
  "rollout_sel": 0.0035802070969881065
}
{
  "epoch": 71,
  "timestamp_utc": "2026-07-27T16:51:29.982194+00:00",
  "train_loss": 0.0011341198731970507,
  "val_loss": 0.004188365213922225,
  "val_rmse": {
    "q_0": 0.0008212427860081981,
    "q_1": 0.00023354726095193036,
    "q_2": 0.00028650720620863684,
    "q_3": 0.0002364612644194134,
    "qd_0": 0.05553869146498411,
    "qd_1": 0.010199144987704124,
    "qd_2": 0.008786465667674598,
    "qd_3": 0.018890521733801745
  },
  "val_arm_loss": 0.004188365213922225,
  "val_arm_rmse": {
    "q_0": 0.0008212427860081981,
    "q_1": 0.00023354726095193036,
    "q_2": 0.00028650720620863684,
    "q_3": 0.0002364612644194134,
    "qd_0": 0.05553869146498411,
    "qd_1": 0.010199144987704124,
    "qd_2": 0.008786465667674598,
    "qd_3": 0.018890521733801745
  },
  "rollout_arm_0.5s": {
    "ee_rmse_m": 0.01968524982330607,
    "errdist": 0.0029997957296181185,
    "mean_dist_m": 6.56219676191487,
    "episodes": 82
  },
  "rollout_arm_1.0s": {
    "ee_rmse_m": 0.033277723102747424,
    "errdist": 0.0032729760742927906,
    "mean_dist_m": 10.16742021554127,
    "episodes": 82
  },
  "rollout_arm_2.0s": {
    "ee_rmse_m": 0.041857922762607316,
    "errdist": 0.0027971468014200457,
    "mean_dist_m": 14.96450695449986,
    "episodes": 82
  },
  "rollout_sel": 0.0029997957296181185
}
{
  "epoch": 72,
  "timestamp_utc": "2026-07-27T16:51:50.391852+00:00",
  "train_loss": 0.0011036259207758122,
  "val_loss": 0.004198032013664488,
  "val_rmse": {
    "q_0": 0.0008745357001473255,
    "q_1": 0.00023771801092305257,
    "q_2": 0.0003040987955109919,
    "q_3": 0.00023327276632800414,
    "qd_0": 0.05523168563147541,
    "qd_1": 0.01014988458883209,
    "qd_2": 0.00893368399902309,
    "qd_3": 0.018986978980575702
  },
  "val_arm_loss": 0.004198032013664488,
  "val_arm_rmse": {
    "q_0": 0.0008745357001473255,
    "q_1": 0.00023771801092305257,
    "q_2": 0.0003040987955109919,
    "q_3": 0.00023327276632800414,
    "qd_0": 0.05523168563147541,
    "qd_1": 0.01014988458883209,
    "qd_2": 0.00893368399902309,
    "qd_3": 0.018986978980575702
  },
  "rollout_arm_0.5s": {
    "ee_rmse_m": 0.025413691390934835,
    "errdist": 0.003872741448173072,
    "mean_dist_m": 6.56219676191487,
    "episodes": 82
  },
  "rollout_arm_1.0s": {
    "ee_rmse_m": 0.03408055826661693,
    "errdist": 0.003351937614865525,
    "mean_dist_m": 10.16742021554127,
    "episodes": 82
  },
  "rollout_arm_2.0s": {
    "ee_rmse_m": 0.046278055698770595,
    "errdist": 0.0030925212464052937,
    "mean_dist_m": 14.96450695449986,
    "episodes": 82
  },
  "rollout_sel": 0.003872741448173072
}
{
  "epoch": 73,
  "timestamp_utc": "2026-07-27T16:52:10.790496+00:00",
  "train_loss": 0.001071313275489956,
  "val_loss": 0.004272645145829301,
  "val_rmse": {
    "q_0": 0.0008495552798648906,
    "q_1": 0.00023587518509275335,
    "q_2": 0.00030504512365486043,
    "q_3": 0.00023249387473673266,
    "qd_0": 0.055511258656559204,
    "qd_1": 0.010380595764460415,
    "qd_2": 0.00901310042891608,
    "qd_3": 0.01916102067408896
  },
  "val_arm_loss": 0.004272645145829301,
  "val_arm_rmse": {
    "q_0": 0.0008495552798648906,
    "q_1": 0.00023587518509275335,
    "q_2": 0.00030504512365486043,
    "q_3": 0.00023249387473673266,
    "qd_0": 0.055511258656559204,
    "qd_1": 0.010380595764460415,
    "qd_2": 0.00901310042891608,
    "qd_3": 0.01916102067408896
  },
  "rollout_arm_0.5s": {
    "ee_rmse_m": 0.019943023089713983,
    "errdist": 0.003039077280562149,
    "mean_dist_m": 6.56219676191487,
    "episodes": 82
  },
  "rollout_arm_1.0s": {
    "ee_rmse_m": 0.02684786670262735,
    "errdist": 0.0026405780555415043,
    "mean_dist_m": 10.16742021554127,
    "episodes": 82
  },
  "rollout_arm_2.0s": {
    "ee_rmse_m": 0.03615838424585767,
    "errdist": 0.0024162763501529706,
    "mean_dist_m": 14.96450695449986,
    "episodes": 82
  },
  "rollout_sel": 0.003039077280562149
}
{
  "epoch": 74,
  "timestamp_utc": "2026-07-27T16:52:31.182473+00:00",
  "train_loss": 0.0010503115390893072,
  "val_loss": 0.004163540969893802,
  "val_rmse": {
    "q_0": 0.0008123000401266555,
    "q_1": 0.0002310785825148109,
    "q_2": 0.00028384969151235364,
    "q_3": 0.0002388848664285309,
    "qd_0": 0.05521806557351884,
    "qd_1": 0.010030965231895995,
    "qd_2": 0.00875934751771772,
    "qd_3": 0.018974502090400757
  },
  "val_arm_loss": 0.004163540969893802,
  "val_arm_rmse": {
    "q_0": 0.0008123000401266555,
    "q_1": 0.0002310785825148109,
    "q_2": 0.00028384969151235364,
    "q_3": 0.0002388848664285309,
    "qd_0": 0.05521806557351884,
    "qd_1": 0.010030965231895995,
    "qd_2": 0.00875934751771772,
    "qd_3": 0.018974502090400757
  },
  "rollout_arm_0.5s": {
    "ee_rmse_m": 0.015127487071935465,
    "errdist": 0.0023052474073516223,
    "mean_dist_m": 6.56219676191487,
    "episodes": 82
  },
  "rollout_arm_1.0s": {
    "ee_rmse_m": 0.02040779681730906,
    "errdist": 0.0020071755061441252,
    "mean_dist_m": 10.16742021554127,
    "episodes": 82
  },
  "rollout_arm_2.0s": {
    "ee_rmse_m": 0.03216079479807579,
    "errdist": 0.002149138284065214,
    "mean_dist_m": 14.96450695449986,
    "episodes": 82
  },
  "rollout_sel": 0.0023052474073516223
}
{
  "epoch": 75,
  "timestamp_utc": "2026-07-27T16:52:51.520940+00:00",
  "train_loss": 0.0010660245743056294,
  "val_loss": 0.004196375466708559,
  "val_rmse": {
    "q_0": 0.0008254424128531949,
    "q_1": 0.00023552563976182622,
    "q_2": 0.00029081919654549575,
    "q_3": 0.0002311519268947209,
    "qd_0": 0.05510558289897941,
    "qd_1": 0.01015393341353677,
    "qd_2": 0.008791326135192776,
    "qd_3": 0.01911179719310241
  },
  "val_arm_loss": 0.004196375466708559,
  "val_arm_rmse": {
    "q_0": 0.0008254424128531949,
    "q_1": 0.00023552563976182622,
    "q_2": 0.00029081919654549575,
    "q_3": 0.0002311519268947209,
    "qd_0": 0.05510558289897941,
    "qd_1": 0.01015393341353677,
    "qd_2": 0.008791326135192776,
    "qd_3": 0.01911179719310241
  },
  "rollout_arm_0.5s": {
    "ee_rmse_m": 0.016763744590829202,
    "errdist": 0.0025545934081283913,
    "mean_dist_m": 6.56219676191487,
    "episodes": 82
  },
  "rollout_arm_1.0s": {
    "ee_rmse_m": 0.027072293540925454,
    "errdist": 0.0026626511904705654,
    "mean_dist_m": 10.16742021554127,
    "episodes": 82
  },
  "rollout_arm_2.0s": {
    "ee_rmse_m": 0.03627830662846065,
    "errdist": 0.002424290137908732,
    "mean_dist_m": 14.96450695449986,
    "episodes": 82
  },
  "rollout_sel": 0.0025545934081283913
}
{
  "epoch": 76,
  "timestamp_utc": "2026-07-27T16:53:12.058991+00:00",
  "train_loss": 0.0010559575297520497,
  "val_loss": 0.0041807283202069815,
  "val_rmse": {
    "q_0": 0.0008197429650507022,
    "q_1": 0.00022895649245220255,
    "q_2": 0.00029085469887597207,
    "q_3": 0.000228873033654265,
    "qd_0": 0.05512881675407026,
    "qd_1": 0.010061018467116416,
    "qd_2": 0.008740106686100252,
    "qd_3": 0.019095977004848483
  },
  "val_arm_loss": 0.0041807283202069815,
  "val_arm_rmse": {
    "q_0": 0.0008197429650507022,
    "q_1": 0.00022895649245220255,
    "q_2": 0.00029085469887597207,
    "q_3": 0.000228873033654265,
    "qd_0": 0.05512881675407026,
    "qd_1": 0.010061018467116416,
    "qd_2": 0.008740106686100252,
    "qd_3": 0.019095977004848483
  },
  "rollout_arm_0.5s": {
    "ee_rmse_m": 0.013783372115428084,
    "errdist": 0.0021004204255841382,
    "mean_dist_m": 6.56219676191487,
    "episodes": 82
  },
  "rollout_arm_1.0s": {
    "ee_rmse_m": 0.020708477125987227,
    "errdist": 0.002036748426541235,
    "mean_dist_m": 10.16742021554127,
    "episodes": 82
  },
  "rollout_arm_2.0s": {
    "ee_rmse_m": 0.03068232317690787,
    "errdist": 0.0020503397318868315,
    "mean_dist_m": 14.96450695449986,
    "episodes": 82
  },
  "rollout_sel": 0.0021004204255841382
}
{
  "epoch": 77,
  "timestamp_utc": "2026-07-27T16:53:32.504370+00:00",
  "train_loss": 0.0010401450550125446,
  "val_loss": 0.004154511529195588,
  "val_rmse": {
    "q_0": 0.0008187864643656486,
    "q_1": 0.00022728415838142342,
    "q_2": 0.00028699585496715107,
    "q_3": 0.00022832206013933154,
    "qd_0": 0.054983145691301256,
    "qd_1": 0.009975492283955181,
    "qd_2": 0.008722123952647117,
    "qd_3": 0.01905522244540579
  },
  "val_arm_loss": 0.004154511529195588,
  "val_arm_rmse": {
    "q_0": 0.0008187864643656486,
    "q_1": 0.00022728415838142342,
    "q_2": 0.00028699585496715107,
    "q_3": 0.00022832206013933154,
    "qd_0": 0.054983145691301256,
    "qd_1": 0.009975492283955181,
    "qd_2": 0.008722123952647117,
    "qd_3": 0.01905522244540579
  },
  "rollout_arm_0.5s": {
    "ee_rmse_m": 0.01576446352967775,
    "errdist": 0.002402314971896336,
    "mean_dist_m": 6.56219676191487,
    "episodes": 82
  },
  "rollout_arm_1.0s": {
    "ee_rmse_m": 0.02817843589049916,
    "errdist": 0.00277144401363754,
    "mean_dist_m": 10.16742021554127,
    "episodes": 82
  },
  "rollout_arm_2.0s": {
    "ee_rmse_m": 0.03684140990623756,
    "errdist": 0.002461919394889203,
    "mean_dist_m": 14.96450695449986,
    "episodes": 82
  },
  "rollout_sel": 0.002402314971896336
}
{
  "epoch": 78,
  "timestamp_utc": "2026-07-27T16:53:52.899957+00:00",
  "train_loss": 0.0010281860341783613,
  "val_loss": 0.00424160501890583,
  "val_rmse": {
    "q_0": 0.0008388749851394329,
    "q_1": 0.00023918902366032557,
    "q_2": 0.0002872580557470969,
    "q_3": 0.00023246052916316653,
    "qd_0": 0.055962583145207634,
    "qd_1": 0.010083071046285764,
    "qd_2": 0.008791103456427076,
    "qd_3": 0.019111067792098112
  },
  "val_arm_loss": 0.00424160501890583,
  "val_arm_rmse": {
    "q_0": 0.0008388749851394329,
    "q_1": 0.00023918902366032557,
    "q_2": 0.0002872580557470969,
    "q_3": 0.00023246052916316653,
    "qd_0": 0.055962583145207634,
    "qd_1": 0.010083071046285764,
    "qd_2": 0.008791103456427076,
    "qd_3": 0.019111067792098112
  },
  "rollout_arm_0.5s": {
    "ee_rmse_m": 0.01873105982995231,
    "errdist": 0.0028543886307497014,
    "mean_dist_m": 6.56219676191487,
    "episodes": 82
  },
  "rollout_arm_1.0s": {
    "ee_rmse_m": 0.0320326604830964,
    "errdist": 0.003150519974981787,
    "mean_dist_m": 10.16742021554127,
    "episodes": 82
  },
  "rollout_arm_2.0s": {
    "ee_rmse_m": 0.045460866503858305,
    "errdist": 0.00303791275195927,
    "mean_dist_m": 14.96450695449986,
    "episodes": 82
  },
  "rollout_sel": 0.0028543886307497014
}
{
  "epoch": 79,
  "timestamp_utc": "2026-07-27T16:54:13.261211+00:00",
  "train_loss": 0.0010211281149240677,
  "val_loss": 0.004227355412731413,
  "val_rmse": {
    "q_0": 0.0008257598842355637,
    "q_1": 0.00024178255876940592,
    "q_2": 0.0002994157092980483,
    "q_3": 0.00023039683147914834,
    "qd_0": 0.0552384255000172,
    "qd_1": 0.010159921741566609,
    "qd_2": 0.00880624802280339,
    "qd_3": 0.019227502797238328
  },
  "val_arm_loss": 0.004227355412731413,
  "val_arm_rmse": {
    "q_0": 0.0008257598842355637,
    "q_1": 0.00024178255876940592,
    "q_2": 0.0002994157092980483,
    "q_3": 0.00023039683147914834,
    "qd_0": 0.0552384255000172,
    "qd_1": 0.010159921741566609,
    "qd_2": 0.00880624802280339,
    "qd_3": 0.019227502797238328
  },
  "rollout_arm_0.5s": {
    "ee_rmse_m": 0.01581728384532914,
    "errdist": 0.002410364153834608,
    "mean_dist_m": 6.56219676191487,
    "episodes": 82
  },
  "rollout_arm_1.0s": {
    "ee_rmse_m": 0.0222960652848607,
    "errdist": 0.0021928930655172843,
    "mean_dist_m": 10.16742021554127,
    "episodes": 82
  },
  "rollout_arm_2.0s": {
    "ee_rmse_m": 0.03691670621244143,
    "errdist": 0.0024669510545645137,
    "mean_dist_m": 14.96450695449986,
    "episodes": 82
  },
  "rollout_sel": 0.002410364153834608
}
{
  "epoch": 80,
  "timestamp_utc": "2026-07-27T16:54:33.646496+00:00",
  "train_loss": 0.0009877107249049004,
  "val_loss": 0.004286410651984624,
  "val_rmse": {
    "q_0": 0.000841500960800474,
    "q_1": 0.00023037374442056837,
    "q_2": 0.0002931642084091005,
    "q_3": 0.0002295604316110274,
    "qd_0": 0.05550766703427206,
    "qd_1": 0.010372127510081774,
    "qd_2": 0.008958526333895954,
    "qd_3": 0.01928572886410156
  },
  "val_arm_loss": 0.004286410651984624,
  "val_arm_rmse": {
    "q_0": 0.000841500960800474,
    "q_1": 0.00023037374442056837,
    "q_2": 0.0002931642084091005,
    "q_3": 0.0002295604316110274,
    "qd_0": 0.05550766703427206,
    "qd_1": 0.010372127510081774,
    "qd_2": 0.008958526333895954,
    "qd_3": 0.01928572886410156
  },
  "rollout_arm_0.5s": {
    "ee_rmse_m": 0.021916311223093843,
    "errdist": 0.0033397827005569084,
    "mean_dist_m": 6.56219676191487,
    "episodes": 82
  },
  "rollout_arm_1.0s": {
    "ee_rmse_m": 0.027829780156915097,
    "errdist": 0.0027371525487238416,
    "mean_dist_m": 10.16742021554127,
    "episodes": 82
  },
  "rollout_arm_2.0s": {
    "ee_rmse_m": 0.036148704453078835,
    "errdist": 0.0024156295000557194,
    "mean_dist_m": 14.96450695449986,
    "episodes": 82
  },
  "rollout_sel": 0.0033397827005569084
}
training completed; last checkpoint: /home/harry/NeDM/artifacts/training_runs/arm_transformer_8d_v1/checkpoints/last.pt
