terrain_conditioning: one-hot over ['flat', 'crm']
loss: type=huber huber_delta=1.0 channel_weights={'vel_body_x_mps': 1.62196, 'vel_body_y_mps': 2.35058, 'roll_rad': 0.16566, 'pitch_rad': 0.01578, 'roll_rate_radps': 0.02387, 'ang_vel_body_y_radps': 0.01794, 'yaw_rate_radps': 2.14412, 'tire_fl_force_wheel_fz_n': 0.00463, 'tire_fr_force_wheel_fz_n': 0.00536, 'tire_rl_force_wheel_fz_n': 0.00382, 'tire_rr_force_wheel_fz_n': 0.00356, 'tire_fl_spindle_omega_radps': 1.73764, 'tire_fr_spindle_omega_radps': 1.69314, 'tire_rl_spindle_omega_radps': 2.63328, 'tire_rr_spindle_omega_radps': 2.57865}
{
  "epoch": 1,
  "timestamp_utc": "2026-07-10T00:45:05.251071+00:00",
  "train_loss": 0.14061352611891925,
  "val_loss": 0.017731235733954236,
  "val_rmse": {
    "vel_body_x_mps": 0.002099244973776098,
    "vel_body_y_mps": 0.0033056287441276004,
    "roll_rad": 6.597304057872816e-05,
    "pitch_rad": 2.5071992320274766e-05,
    "roll_rate_radps": 0.0024695424194665677,
    "ang_vel_body_y_radps": 0.0013563684127914882,
    "yaw_rate_radps": 0.0022102952950106523,
    "tire_fl_force_wheel_fz_n": 75.99139371604633,
    "tire_fr_force_wheel_fz_n": 74.66139390599682,
    "tire_rl_force_wheel_fz_n": 46.1659428359806,
    "tire_rr_force_wheel_fz_n": 44.8916243627611,
    "tire_fl_spindle_omega_radps": 0.10572748140465939,
    "tire_fr_spindle_omega_radps": 0.11316755722927987,
    "tire_rl_spindle_omega_radps": 0.11905109279045346,
    "tire_rr_spindle_omega_radps": 0.10757987165338646
  },
  "val_flat_loss": 0.017731235733954236,
  "val_flat_rmse": {
    "vel_body_x_mps": 0.002099244973776098,
    "vel_body_y_mps": 0.0033056287441276004,
    "roll_rad": 6.597304057872816e-05,
    "pitch_rad": 2.5071992320274766e-05,
    "roll_rate_radps": 0.0024695424194665677,
    "ang_vel_body_y_radps": 0.0013563684127914882,
    "yaw_rate_radps": 0.0022102952950106523,
    "tire_fl_force_wheel_fz_n": 75.99139371604633,
    "tire_fr_force_wheel_fz_n": 74.66139390599682,
    "tire_rl_force_wheel_fz_n": 46.1659428359806,
    "tire_rr_force_wheel_fz_n": 44.8916243627611,
    "tire_fl_spindle_omega_radps": 0.10572748140465939,
    "tire_fr_spindle_omega_radps": 0.11316755722927987,
    "tire_rl_spindle_omega_radps": 0.11905109279045346,
    "tire_rr_spindle_omega_radps": 0.10757987165338646
  },
  "val_crm_loss": 0.19388583154068328,
  "val_crm_rmse": {
    "vel_body_x_mps": 0.005512832820086776,
    "vel_body_y_mps": 0.004823659843557207,
    "roll_rad": 0.00013621976892779611,
    "pitch_rad": 8.844487457536738e-05,
    "roll_rate_radps": 0.008646263162668156,
    "ang_vel_body_y_radps": 0.0054719921801053605,
    "yaw_rate_radps": 0.0035769559259715583,
    "tire_fl_force_wheel_fz_n": 1344.4472348260624,
    "tire_fr_force_wheel_fz_n": 1390.6965502906212,
    "tire_rl_force_wheel_fz_n": 1162.0563610544411,
    "tire_rr_force_wheel_fz_n": 1261.525239146487,
    "tire_fl_spindle_omega_radps": 0.2329068445524058,
    "tire_fr_spindle_omega_radps": 0.2312627519238746,
    "tire_rl_spindle_omega_radps": 0.22401967094764835,
    "tire_rr_spindle_omega_radps": 0.22007930710046464
  },
  "val_mixed_loss": 0.10580853363731876,
  "rollout_flat_5.0s": {
    "xy_rmse_m": 3.678719449250727,
    "yaw_rmse_rad": 0.18585118328491265,
    "errdist": 0.48454117627842896,
    "mean_dist_m": 7.592170963684718,
    "episodes": 12
  },
  "rollout_flat_10.0s": {
    "xy_rmse_m": 11.86117566341927,
    "yaw_rmse_rad": 0.4440884874306892,
    "errdist": 0.336801506926701,
    "mean_dist_m": 35.2171098391215,
    "episodes": 12
  },
  "rollout_crm_5.0s": {
    "xy_rmse_m": 1.3525710837345934,
    "yaw_rmse_rad": 0.06440389398309508,
    "errdist": 0.18899891257897758,
    "mean_dist_m": 7.1565019357949495,
    "episodes": 12
  },
  "rollout_crm_10.0s": {
    "xy_rmse_m": 5.162950842431796,
    "yaw_rmse_rad": 0.23660453428816652,
    "errdist": 0.20621446625836037,
    "mean_dist_m": 25.036802393694717,
    "episodes": 12
  },
  "rollout_sel": 0.2715079865925307
}
{
  "epoch": 2,
  "timestamp_utc": "2026-07-10T00:45:48.519632+00:00",
  "train_loss": 0.05730856120493263,
  "val_loss": 0.008091962367325322,
  "val_rmse": {
    "vel_body_x_mps": 0.0014683599518983646,
    "vel_body_y_mps": 0.0011292166749423038,
    "roll_rad": 3.3381059778682836e-05,
    "pitch_rad": 1.791653288998584e-05,
    "roll_rate_radps": 0.0020300956271747887,
    "ang_vel_body_y_radps": 0.0011681402744789713,
    "yaw_rate_radps": 0.0017351783511950344,
    "tire_fl_force_wheel_fz_n": 66.22577895206439,
    "tire_fr_force_wheel_fz_n": 67.6141276676533,
    "tire_rl_force_wheel_fz_n": 36.246149423965335,
    "tire_rr_force_wheel_fz_n": 31.51620759137087,
    "tire_fl_spindle_omega_radps": 0.08567365559017809,
    "tire_fr_spindle_omega_radps": 0.0925648664458214,
    "tire_rl_spindle_omega_radps": 0.09033137797116608,
    "tire_rr_spindle_omega_radps": 0.07481183775299552
  },
  "val_flat_loss": 0.008091962367325322,
  "val_flat_rmse": {
    "vel_body_x_mps": 0.0014683599518983646,
    "vel_body_y_mps": 0.0011292166749423038,
    "roll_rad": 3.3381059778682836e-05,
    "pitch_rad": 1.791653288998584e-05,
    "roll_rate_radps": 0.0020300956271747887,
    "ang_vel_body_y_radps": 0.0011681402744789713,
    "yaw_rate_radps": 0.0017351783511950344,
    "tire_fl_force_wheel_fz_n": 66.22577895206439,
    "tire_fr_force_wheel_fz_n": 67.6141276676533,
    "tire_rl_force_wheel_fz_n": 36.246149423965335,
    "tire_rr_force_wheel_fz_n": 31.51620759137087,
    "tire_fl_spindle_omega_radps": 0.08567365559017809,
    "tire_fr_spindle_omega_radps": 0.0925648664458214,
    "tire_rl_spindle_omega_radps": 0.09033137797116608,
    "tire_rr_spindle_omega_radps": 0.07481183775299552
  },
  "val_crm_loss": 0.1477837274747435,
  "val_crm_rmse": {
    "vel_body_x_mps": 0.0044347333443955795,
    "vel_body_y_mps": 0.003793065702896823,
    "roll_rad": 0.00011500746382087619,
    "pitch_rad": 8.357915652114469e-05,
    "roll_rate_radps": 0.006773944899772324,
    "ang_vel_body_y_radps": 0.004451841588590222,
    "yaw_rate_radps": 0.0030927716662596328,
    "tire_fl_force_wheel_fz_n": 1080.547882773055,
    "tire_fr_force_wheel_fz_n": 1129.8317149973561,
    "tire_rl_force_wheel_fz_n": 1034.9298944874993,
    "tire_rr_force_wheel_fz_n": 1110.3393563195068,
    "tire_fl_spindle_omega_radps": 0.18755812034796054,
    "tire_fr_spindle_omega_radps": 0.18708374352986518,
    "tire_rl_spindle_omega_radps": 0.1884741133515756,
    "tire_rr_spindle_omega_radps": 0.1900399918382985
  },
  "val_mixed_loss": 0.07793784492103441,
  "rollout_flat_5.0s": {
    "xy_rmse_m": 2.845572291661832,
    "yaw_rmse_rad": 0.17168826611596386,
    "errdist": 0.37480350551547464,
    "mean_dist_m": 7.592170963684718,
    "episodes": 12
  },
  "rollout_flat_10.0s": {
    "xy_rmse_m": 8.942836363533377,
    "yaw_rmse_rad": 0.3745825951066485,
    "errdist": 0.2539344200698458,
    "mean_dist_m": 35.2171098391215,
    "episodes": 12
  },
  "rollout_crm_5.0s": {
    "xy_rmse_m": 3.3903794400996503,
    "yaw_rmse_rad": 0.11813122487990671,
    "errdist": 0.4737481342863697,
    "mean_dist_m": 7.1565019357949495,
    "episodes": 12
  },
  "rollout_crm_10.0s": {
    "xy_rmse_m": 9.636802358020573,
    "yaw_rmse_rad": 0.38190392721260696,
    "errdist": 0.3849054766054115,
    "mean_dist_m": 25.036802393694717,
    "episodes": 12
  },
  "rollout_sel": 0.31941994833762866
}
{
  "epoch": 3,
  "timestamp_utc": "2026-07-10T00:46:31.827315+00:00",
  "train_loss": 0.04788480587117374,
  "val_loss": 0.00935057268368837,
  "val_rmse": {
    "vel_body_x_mps": 0.0016575285985884858,
    "vel_body_y_mps": 0.0019161041583616147,
    "roll_rad": 5.043698095778673e-05,
    "pitch_rad": 1.7775986208770188e-05,
    "roll_rate_radps": 0.0019926197701030227,
    "ang_vel_body_y_radps": 0.0010534169657419993,
    "yaw_rate_radps": 0.0019782664925739367,
    "tire_fl_force_wheel_fz_n": 57.92267337830256,
    "tire_fr_force_wheel_fz_n": 61.39395508971235,
    "tire_rl_force_wheel_fz_n": 29.802467514454296,
    "tire_rr_force_wheel_fz_n": 29.376527914527333,
    "tire_fl_spindle_omega_radps": 0.08437698722785715,
    "tire_fr_spindle_omega_radps": 0.08807806707470689,
    "tire_rl_spindle_omega_radps": 0.08519016390093238,
    "tire_rr_spindle_omega_radps": 0.06845070589066965
  },
  "val_flat_loss": 0.00935057268368837,
  "val_flat_rmse": {
    "vel_body_x_mps": 0.0016575285985884858,
    "vel_body_y_mps": 0.0019161041583616147,
    "roll_rad": 5.043698095778673e-05,
    "pitch_rad": 1.7775986208770188e-05,
    "roll_rate_radps": 0.0019926197701030227,
    "ang_vel_body_y_radps": 0.0010534169657419993,
    "yaw_rate_radps": 0.0019782664925739367,
    "tire_fl_force_wheel_fz_n": 57.92267337830256,
    "tire_fr_force_wheel_fz_n": 61.39395508971235,
    "tire_rl_force_wheel_fz_n": 29.802467514454296,
    "tire_rr_force_wheel_fz_n": 29.376527914527333,
    "tire_fl_spindle_omega_radps": 0.08437698722785715,
    "tire_fr_spindle_omega_radps": 0.08807806707470689,
    "tire_rl_spindle_omega_radps": 0.08519016390093238,
    "tire_rr_spindle_omega_radps": 0.06845070589066965
  },
  "val_crm_loss": 0.13181047860474793,
  "val_crm_rmse": {
    "vel_body_x_mps": 0.004089907952742001,
    "vel_body_y_mps": 0.0036149683149598187,
    "roll_rad": 9.147233806371352e-05,
    "pitch_rad": 6.73469709978679e-05,
    "roll_rate_radps": 0.005942636345992447,
    "ang_vel_body_y_radps": 0.003826818405540764,
    "yaw_rate_radps": 0.002891056729543212,
    "tire_fl_force_wheel_fz_n": 960.2751146661918,
    "tire_fr_force_wheel_fz_n": 980.371371384374,
    "tire_rl_force_wheel_fz_n": 1014.1690829617363,
    "tire_rr_force_wheel_fz_n": 1075.85318567629,
    "tire_fl_spindle_omega_radps": 0.1738714759669215,
    "tire_fr_spindle_omega_radps": 0.17244464711786964,
    "tire_rl_spindle_omega_radps": 0.1771511664543532,
    "tire_rr_spindle_omega_radps": 0.1796562872640217
  },
  "val_mixed_loss": 0.07058052564421814,
  "rollout_flat_5.0s": {
    "xy_rmse_m": 2.1347758111271546,
    "yaw_rmse_rad": 0.13999368096322146,
    "errdist": 0.281181209082136,
    "mean_dist_m": 7.592170963684718,
    "episodes": 12
  },
  "rollout_flat_10.0s": {
    "xy_rmse_m": 6.81923519227667,
    "yaw_rmse_rad": 0.33140396756458285,
    "errdist": 0.1936341517923601,
    "mean_dist_m": 35.2171098391215,
    "episodes": 12
  },
  "rollout_crm_5.0s": {
    "xy_rmse_m": 0.929331002364412,
    "yaw_rmse_rad": 0.09580802509012966,
    "errdist": 0.129858275831121,
    "mean_dist_m": 7.1565019357949495,
    "episodes": 12
  },
  "rollout_crm_10.0s": {
    "xy_rmse_m": 2.610650021341273,
    "yaw_rmse_rad": 0.3335446998097697,
    "errdist": 0.10427250174721754,
    "mean_dist_m": 25.036802393694717,
    "episodes": 12
  },
  "rollout_sel": 0.1489533267697888
}
{
  "epoch": 4,
  "timestamp_utc": "2026-07-10T00:47:15.347087+00:00",
  "train_loss": 0.04342991731502116,
  "val_loss": 0.0064006532973144206,
  "val_rmse": {
    "vel_body_x_mps": 0.0012383404551723454,
    "vel_body_y_mps": 0.001117765889225696,
    "roll_rad": 2.9094131276383217e-05,
    "pitch_rad": 1.530514596878507e-05,
    "roll_rate_radps": 0.001930894100165354,
    "ang_vel_body_y_radps": 0.001026786530466651,
    "yaw_rate_radps": 0.0015779937751162917,
    "tire_fl_force_wheel_fz_n": 57.782018003089455,
    "tire_fr_force_wheel_fz_n": 59.995114908986594,
    "tire_rl_force_wheel_fz_n": 30.054869718661145,
    "tire_rr_force_wheel_fz_n": 30.245707750898355,
    "tire_fl_spindle_omega_radps": 0.07956955486307599,
    "tire_fr_spindle_omega_radps": 0.08364591645966611,
    "tire_rl_spindle_omega_radps": 0.08489281781189106,
    "tire_rr_spindle_omega_radps": 0.07000858569081113
  },
  "val_flat_loss": 0.0064006532973144206,
  "val_flat_rmse": {
    "vel_body_x_mps": 0.0012383404551723454,
    "vel_body_y_mps": 0.001117765889225696,
    "roll_rad": 2.9094131276383217e-05,
    "pitch_rad": 1.530514596878507e-05,
    "roll_rate_radps": 0.001930894100165354,
    "ang_vel_body_y_radps": 0.001026786530466651,
    "yaw_rate_radps": 0.0015779937751162917,
    "tire_fl_force_wheel_fz_n": 57.782018003089455,
    "tire_fr_force_wheel_fz_n": 59.995114908986594,
    "tire_rl_force_wheel_fz_n": 30.054869718661145,
    "tire_rr_force_wheel_fz_n": 30.245707750898355,
    "tire_fl_spindle_omega_radps": 0.07956955486307599,
    "tire_fr_spindle_omega_radps": 0.08364591645966611,
    "tire_rl_spindle_omega_radps": 0.08489281781189106,
    "tire_rr_spindle_omega_radps": 0.07000858569081113
  },
  "val_crm_loss": 0.12141030186088755,
  "val_crm_rmse": {
    "vel_body_x_mps": 0.003769363490347384,
    "vel_body_y_mps": 0.0032732022321535835,
    "roll_rad": 7.59372908926605e-05,
    "pitch_rad": 5.279301884264218e-05,
    "roll_rate_radps": 0.005444399811837101,
    "ang_vel_body_y_radps": 0.0037145617294659567,
    "yaw_rate_radps": 0.0027498026851418625,
    "tire_fl_force_wheel_fz_n": 886.1369509174358,
    "tire_fr_force_wheel_fz_n": 905.6085967029925,
    "tire_rl_force_wheel_fz_n": 974.9685445584478,
    "tire_rr_force_wheel_fz_n": 1043.0712976104767,
    "tire_fl_spindle_omega_radps": 0.16693866091762585,
    "tire_fr_spindle_omega_radps": 0.16612395853494824,
    "tire_rl_spindle_omega_radps": 0.17212297558739453,
    "tire_rr_spindle_omega_radps": 0.17624306128052547
  },
  "val_mixed_loss": 0.06390547757910099,
  "rollout_flat_5.0s": {
    "xy_rmse_m": 2.162018259593022,
    "yaw_rmse_rad": 0.09113902647850074,
    "errdist": 0.28476943814022426,
    "mean_dist_m": 7.592170963684718,
    "episodes": 12
  },
  "rollout_flat_10.0s": {
    "xy_rmse_m": 7.438757156422474,
    "yaw_rmse_rad": 0.18373626264053466,
    "errdist": 0.21122565680159847,
    "mean_dist_m": 35.2171098391215,
    "episodes": 12
  },
  "rollout_crm_5.0s": {
    "xy_rmse_m": 1.3759454184211974,
    "yaw_rmse_rad": 0.11718176170710917,
    "errdist": 0.1922650801698353,
    "mean_dist_m": 7.1565019357949495,
    "episodes": 12
  },
  "rollout_crm_10.0s": {
    "xy_rmse_m": 5.044782685765394,
    "yaw_rmse_rad": 0.26036964058026385,
    "errdist": 0.20149468795727185,
    "mean_dist_m": 25.036802393694717,
    "episodes": 12
  },
  "rollout_sel": 0.20636017237943516
}
{
  "epoch": 5,
  "timestamp_utc": "2026-07-10T00:47:58.559042+00:00",
  "train_loss": 0.04032682644855231,
  "val_loss": 0.00741845122021914,
  "val_rmse": {
    "vel_body_x_mps": 0.001621082034533313,
    "vel_body_y_mps": 0.0011600603900230432,
    "roll_rad": 3.179939670165734e-05,
    "pitch_rad": 1.9990232933257613e-05,
    "roll_rate_radps": 0.002023362561867928,
    "ang_vel_body_y_radps": 0.0010536903315873849,
    "yaw_rate_radps": 0.001594304806528159,
    "tire_fl_force_wheel_fz_n": 56.38927803145287,
    "tire_fr_force_wheel_fz_n": 58.02874194993394,
    "tire_rl_force_wheel_fz_n": 34.22949250901811,
    "tire_rr_force_wheel_fz_n": 33.678741888488375,
    "tire_fl_spindle_omega_radps": 0.07728974329702831,
    "tire_fr_spindle_omega_radps": 0.08516128635853673,
    "tire_rl_spindle_omega_radps": 0.08452717883339292,
    "tire_rr_spindle_omega_radps": 0.0747710878029328
  },
  "val_flat_loss": 0.00741845122021914,
  "val_flat_rmse": {
    "vel_body_x_mps": 0.001621082034533313,
    "vel_body_y_mps": 0.0011600603900230432,
    "roll_rad": 3.179939670165734e-05,
    "pitch_rad": 1.9990232933257613e-05,
    "roll_rate_radps": 0.002023362561867928,
    "ang_vel_body_y_radps": 0.0010536903315873849,
    "yaw_rate_radps": 0.001594304806528159,
    "tire_fl_force_wheel_fz_n": 56.38927803145287,
    "tire_fr_force_wheel_fz_n": 58.02874194993394,
    "tire_rl_force_wheel_fz_n": 34.22949250901811,
    "tire_rr_force_wheel_fz_n": 33.678741888488375,
    "tire_fl_spindle_omega_radps": 0.07728974329702831,
    "tire_fr_spindle_omega_radps": 0.08516128635853673,
    "tire_rl_spindle_omega_radps": 0.08452717883339292,
    "tire_rr_spindle_omega_radps": 0.0747710878029328
  },
  "val_crm_loss": 0.1188079574884614,
  "val_crm_rmse": {
    "vel_body_x_mps": 0.0038401900221886,
    "vel_body_y_mps": 0.0032603366824164913,
    "roll_rad": 7.681990415611226e-05,
    "pitch_rad": 5.187856704454223e-05,
    "roll_rate_radps": 0.005238788540150505,
    "ang_vel_body_y_radps": 0.0037047254940679197,
    "yaw_rate_radps": 0.0026499745035457037,
    "tire_fl_force_wheel_fz_n": 849.8470497341829,
    "tire_fr_force_wheel_fz_n": 865.9753242159264,
    "tire_rl_force_wheel_fz_n": 972.9859945087874,
    "tire_rr_force_wheel_fz_n": 1034.6500436366111,
    "tire_fl_spindle_omega_radps": 0.16603037995008782,
    "tire_fr_spindle_omega_radps": 0.1672472136804685,
    "tire_rl_spindle_omega_radps": 0.1692155865324047,
    "tire_rr_spindle_omega_radps": 0.17181223336323656
  },
  "val_mixed_loss": 0.06311320435434027,
  "rollout_flat_5.0s": {
    "xy_rmse_m": 3.5014375230443857,
    "yaw_rmse_rad": 0.25433026830414557,
    "errdist": 0.46119055271445425,
    "mean_dist_m": 7.592170963684718,
    "episodes": 12
  },
  "rollout_flat_10.0s": {
    "xy_rmse_m": 15.910521336806799,
    "yaw_rmse_rad": 0.6763672843196461,
    "errdist": 0.451783846246586,
    "mean_dist_m": 35.2171098391215,
    "episodes": 12
  },
  "rollout_crm_5.0s": {
    "xy_rmse_m": 2.2679256550838947,
    "yaw_rmse_rad": 0.12997185177689216,
    "errdist": 0.3169042187692739,
    "mean_dist_m": 7.1565019357949495,
    "episodes": 12
  },
  "rollout_crm_10.0s": {
    "xy_rmse_m": 5.5747829195419145,
    "yaw_rmse_rad": 0.2622488492725898,
    "errdist": 0.2226635347389997,
    "mean_dist_m": 25.036802393694717,
    "episodes": 12
  },
  "rollout_sel": 0.3372236904927929
}
{
  "epoch": 6,
  "timestamp_utc": "2026-07-10T00:48:41.824917+00:00",
  "train_loss": 0.03843805568665266,
  "val_loss": 0.005336460132275534,
  "val_rmse": {
    "vel_body_x_mps": 0.0011709629249045984,
    "vel_body_y_mps": 0.0009231866535012008,
    "roll_rad": 2.5599485352530457e-05,
    "pitch_rad": 1.7834245504357826e-05,
    "roll_rate_radps": 0.001834913567299629,
    "ang_vel_body_y_radps": 0.0009854768276124153,
    "yaw_rate_radps": 0.0015419739527055088,
    "tire_fl_force_wheel_fz_n": 48.72799104011484,
    "tire_fr_force_wheel_fz_n": 52.77944960835174,
    "tire_rl_force_wheel_fz_n": 32.32314559798082,
    "tire_rr_force_wheel_fz_n": 30.51863718568605,
    "tire_fl_spindle_omega_radps": 0.07349829077754261,
    "tire_fr_spindle_omega_radps": 0.07977534535350055,
    "tire_rl_spindle_omega_radps": 0.07847703561438447,
    "tire_rr_spindle_omega_radps": 0.06274366295479097
  },
  "val_flat_loss": 0.005336460132275534,
  "val_flat_rmse": {
    "vel_body_x_mps": 0.0011709629249045984,
    "vel_body_y_mps": 0.0009231866535012008,
    "roll_rad": 2.5599485352530457e-05,
    "pitch_rad": 1.7834245504357826e-05,
    "roll_rate_radps": 0.001834913567299629,
    "ang_vel_body_y_radps": 0.0009854768276124153,
    "yaw_rate_radps": 0.0015419739527055088,
    "tire_fl_force_wheel_fz_n": 48.72799104011484,
    "tire_fr_force_wheel_fz_n": 52.77944960835174,
    "tire_rl_force_wheel_fz_n": 32.32314559798082,
    "tire_rr_force_wheel_fz_n": 30.51863718568605,
    "tire_fl_spindle_omega_radps": 0.07349829077754261,
    "tire_fr_spindle_omega_radps": 0.07977534535350055,
    "tire_rl_spindle_omega_radps": 0.07847703561438447,
    "tire_rr_spindle_omega_radps": 0.06274366295479097
  },
  "val_crm_loss": 0.11172292729315814,
  "val_crm_rmse": {
    "vel_body_x_mps": 0.003607920091284496,
    "vel_body_y_mps": 0.0029521840800156188,
    "roll_rad": 6.647695675806547e-05,
    "pitch_rad": 4.822092768794749e-05,
    "roll_rate_radps": 0.004895960995759481,
    "ang_vel_body_y_radps": 0.0033798713325915845,
    "yaw_rate_radps": 0.00264498133572116,
    "tire_fl_force_wheel_fz_n": 789.9265217571763,
    "tire_fr_force_wheel_fz_n": 810.1473906006674,
    "tire_rl_force_wheel_fz_n": 966.0343200090268,
    "tire_rr_force_wheel_fz_n": 1024.2306531038046,
    "tire_fl_spindle_omega_radps": 0.15683443814606599,
    "tire_fr_spindle_omega_radps": 0.15616883073491936,
    "tire_rl_spindle_omega_radps": 0.17002142186496974,
    "tire_rr_spindle_omega_radps": 0.16775518265683875
  },
  "val_mixed_loss": 0.05852969371271684,
  "rollout_flat_5.0s": {
    "xy_rmse_m": 2.369932146563093,
    "yaw_rmse_rad": 0.13833592829893926,
    "errdist": 0.3121547391252226,
    "mean_dist_m": 7.592170963684718,
    "episodes": 12
  },
  "rollout_flat_10.0s": {
    "xy_rmse_m": 8.75269758222117,
    "yaw_rmse_rad": 0.3223983259007119,
    "errdist": 0.2485353744871504,
    "mean_dist_m": 35.2171098391215,
    "episodes": 12
  },
  "rollout_crm_5.0s": {
    "xy_rmse_m": 1.4686550690834728,
    "yaw_rmse_rad": 0.10727462500309266,
    "errdist": 0.2052196844575203,
    "mean_dist_m": 7.1565019357949495,
    "episodes": 12
  },
  "rollout_crm_10.0s": {
    "xy_rmse_m": 4.4191288702092555,
    "yaw_rmse_rad": 0.23059052813625724,
    "errdist": 0.1765053220742826,
    "mean_dist_m": 25.036802393694717,
    "episodes": 12
  },
  "rollout_sel": 0.2125203482807165
}
{
  "epoch": 7,
  "timestamp_utc": "2026-07-10T00:49:25.160357+00:00",
  "train_loss": 0.036631212160922584,
  "val_loss": 0.005348493117562612,
  "val_rmse": {
    "vel_body_x_mps": 0.00105427217514101,
    "vel_body_y_mps": 0.0012323113760529442,
    "roll_rad": 2.923502644580973e-05,
    "pitch_rad": 1.3085591008445673e-05,
    "roll_rate_radps": 0.0018940797345293105,
    "ang_vel_body_y_radps": 0.001019521565815908,
    "yaw_rate_radps": 0.0015375519586197268,
    "tire_fl_force_wheel_fz_n": 49.740807531287565,
    "tire_fr_force_wheel_fz_n": 51.199958194402676,
    "tire_rl_force_wheel_fz_n": 31.049196383846834,
    "tire_rr_force_wheel_fz_n": 26.68511617229606,
    "tire_fl_spindle_omega_radps": 0.07450846612401972,
    "tire_fr_spindle_omega_radps": 0.0812927489965274,
    "tire_rl_spindle_omega_radps": 0.07865336979023346,
    "tire_rr_spindle_omega_radps": 0.06122925222585678
  },
  "val_flat_loss": 0.005348493117562612,
  "val_flat_rmse": {
    "vel_body_x_mps": 0.00105427217514101,
    "vel_body_y_mps": 0.0012323113760529442,
    "roll_rad": 2.923502644580973e-05,
    "pitch_rad": 1.3085591008445673e-05,
    "roll_rate_radps": 0.0018940797345293105,
    "ang_vel_body_y_radps": 0.001019521565815908,
    "yaw_rate_radps": 0.0015375519586197268,
    "tire_fl_force_wheel_fz_n": 49.740807531287565,
    "tire_fr_force_wheel_fz_n": 51.199958194402676,
    "tire_rl_force_wheel_fz_n": 31.049196383846834,
    "tire_rr_force_wheel_fz_n": 26.68511617229606,
    "tire_fl_spindle_omega_radps": 0.07450846612401972,
    "tire_fr_spindle_omega_radps": 0.0812927489965274,
    "tire_rl_spindle_omega_radps": 0.07865336979023346,
    "tire_rr_spindle_omega_radps": 0.06122925222585678
  },
  "val_crm_loss": 0.10862488178303466,
  "val_crm_rmse": {
    "vel_body_x_mps": 0.0036494325389892,
    "vel_body_y_mps": 0.0029391607379667937,
    "roll_rad": 7.460889306874432e-05,
    "pitch_rad": 5.199511634580363e-05,
    "roll_rate_radps": 0.004740269291710789,
    "ang_vel_body_y_radps": 0.003329587410492665,
    "yaw_rate_radps": 0.0025835881229962815,
    "tire_fl_force_wheel_fz_n": 781.1925286954864,
    "tire_fr_force_wheel_fz_n": 791.5861519795931,
    "tire_rl_force_wheel_fz_n": 956.8668828061367,
    "tire_rr_force_wheel_fz_n": 1005.2029561993216,
    "tire_fl_spindle_omega_radps": 0.15671285540188873,
    "tire_fr_spindle_omega_radps": 0.1542590192705923,
    "tire_rl_spindle_omega_radps": 0.16635509279834462,
    "tire_rr_spindle_omega_radps": 0.16553594253293294
  },
  "val_mixed_loss": 0.05698668745029863,
  "rollout_flat_5.0s": {
    "xy_rmse_m": 2.396123952029524,
    "yaw_rmse_rad": 0.13696882606560518,
    "errdist": 0.3156045831279081,
    "mean_dist_m": 7.592170963684718,
    "episodes": 12
  },
  "rollout_flat_10.0s": {
    "xy_rmse_m": 10.756042095911042,
    "yaw_rmse_rad": 0.49250992857741166,
    "errdist": 0.30542092025855333,
    "mean_dist_m": 35.2171098391215,
    "episodes": 12
  },
  "rollout_crm_5.0s": {
    "xy_rmse_m": 1.16545471038388,
    "yaw_rmse_rad": 0.07620695172146902,
    "errdist": 0.16285256691604882,
    "mean_dist_m": 7.1565019357949495,
    "episodes": 12
  },
  "rollout_crm_10.0s": {
    "xy_rmse_m": 3.0609423587144526,
    "yaw_rmse_rad": 0.29523713625319625,
    "errdist": 0.12225771927989183,
    "mean_dist_m": 25.036802393694717,
    "episodes": 12
  },
  "rollout_sel": 0.21383931976922257
}
{
  "epoch": 8,
  "timestamp_utc": "2026-07-10T00:50:08.450265+00:00",
  "train_loss": 0.03550156887341291,
  "val_loss": 0.005249095734179718,
  "val_rmse": {
    "vel_body_x_mps": 0.0012638019720363942,
    "vel_body_y_mps": 0.0009857073777039358,
    "roll_rad": 2.692612506517803e-05,
    "pitch_rad": 1.2747484063090183e-05,
    "roll_rate_radps": 0.0018155766455184939,
    "ang_vel_body_y_radps": 0.001000214192826898,
    "yaw_rate_radps": 0.0015070588640744924,
    "tire_fl_force_wheel_fz_n": 51.052918937376056,
    "tire_fr_force_wheel_fz_n": 56.44661980806599,
    "tire_rl_force_wheel_fz_n": 28.357341643608198,
    "tire_rr_force_wheel_fz_n": 27.062015991111487,
    "tire_fl_spindle_omega_radps": 0.07138602082033066,
    "tire_fr_spindle_omega_radps": 0.07823575841217892,
    "tire_rl_spindle_omega_radps": 0.07852813369174208,
    "tire_rr_spindle_omega_radps": 0.060675630733929065
  },
  "val_flat_loss": 0.005249095734179718,
  "val_flat_rmse": {
    "vel_body_x_mps": 0.0012638019720363942,
    "vel_body_y_mps": 0.0009857073777039358,
    "roll_rad": 2.692612506517803e-05,
    "pitch_rad": 1.2747484063090183e-05,
    "roll_rate_radps": 0.0018155766455184939,
    "ang_vel_body_y_radps": 0.001000214192826898,
    "yaw_rate_radps": 0.0015070588640744924,
    "tire_fl_force_wheel_fz_n": 51.052918937376056,
    "tire_fr_force_wheel_fz_n": 56.44661980806599,
    "tire_rl_force_wheel_fz_n": 28.357341643608198,
    "tire_rr_force_wheel_fz_n": 27.062015991111487,
    "tire_fl_spindle_omega_radps": 0.07138602082033066,
    "tire_fr_spindle_omega_radps": 0.07823575841217892,
    "tire_rl_spindle_omega_radps": 0.07852813369174208,
    "tire_rr_spindle_omega_radps": 0.060675630733929065
  },
  "val_crm_loss": 0.10594555365154519,
  "val_crm_rmse": {
    "vel_body_x_mps": 0.003353932613225919,
    "vel_body_y_mps": 0.002846169648367229,
    "roll_rad": 7.796001074548461e-05,
    "pitch_rad": 5.043337978886122e-05,
    "roll_rate_radps": 0.004957067006532018,
    "ang_vel_body_y_radps": 0.003167567809555379,
    "yaw_rate_radps": 0.002557545895795512,
    "tire_fl_force_wheel_fz_n": 747.4893298011042,
    "tire_fr_force_wheel_fz_n": 755.8551859234693,
    "tire_rl_force_wheel_fz_n": 955.772437344426,
    "tire_rr_force_wheel_fz_n": 1007.9283928426,
    "tire_fl_spindle_omega_radps": 0.15001493398929136,
    "tire_fr_spindle_omega_radps": 0.1522273298266893,
    "tire_rl_spindle_omega_radps": 0.1643632301904824,
    "tire_rr_spindle_omega_radps": 0.16559590099316301
  },
  "val_mixed_loss": 0.05559732469286245,
  "rollout_flat_5.0s": {
    "xy_rmse_m": 4.477236573922266,
    "yaw_rmse_rad": 0.1557964836395993,
    "errdist": 0.5897175650203381,
    "mean_dist_m": 7.592170963684718,
    "episodes": 12
  },
  "rollout_flat_10.0s": {
    "xy_rmse_m": 12.459628111717127,
    "yaw_rmse_rad": 0.27502466320574576,
    "errdist": 0.35379473695130276,
    "mean_dist_m": 35.2171098391215,
    "episodes": 12
  },
  "rollout_crm_5.0s": {
    "xy_rmse_m": 2.4503699458035313,
    "yaw_rmse_rad": 0.12069151064271716,
    "errdist": 0.34239771997369584,
    "mean_dist_m": 7.1565019357949495,
    "episodes": 12
  },
  "rollout_crm_10.0s": {
    "xy_rmse_m": 6.497764511291997,
    "yaw_rmse_rad": 0.23734255704397883,
    "errdist": 0.2595285296068158,
    "mean_dist_m": 25.036802393694717,
    "episodes": 12
  },
  "rollout_sel": 0.30666163327905926
}
{
  "epoch": 9,
  "timestamp_utc": "2026-07-10T00:50:51.775277+00:00",
  "train_loss": 0.0344870242299512,
  "val_loss": 0.004993273150976165,
  "val_rmse": {
    "vel_body_x_mps": 0.0011296448321194013,
    "vel_body_y_mps": 0.0010629724121894394,
    "roll_rad": 2.421641743055311e-05,
    "pitch_rad": 1.5371782303507468e-05,
    "roll_rate_radps": 0.00172761029984264,
    "ang_vel_body_y_radps": 0.0009920708628313143,
    "yaw_rate_radps": 0.001550393827504917,
    "tire_fl_force_wheel_fz_n": 46.207506595068914,
    "tire_fr_force_wheel_fz_n": 46.406466258152,
    "tire_rl_force_wheel_fz_n": 27.481994649355904,
    "tire_rr_force_wheel_fz_n": 25.742066380032064,
    "tire_fl_spindle_omega_radps": 0.06908963649246264,
    "tire_fr_spindle_omega_radps": 0.07847042541156694,
    "tire_rl_spindle_omega_radps": 0.07779183690509281,
    "tire_rr_spindle_omega_radps": 0.06100345957434539
  },
  "val_flat_loss": 0.004993273150976165,
  "val_flat_rmse": {
    "vel_body_x_mps": 0.0011296448321194013,
    "vel_body_y_mps": 0.0010629724121894394,
    "roll_rad": 2.421641743055311e-05,
    "pitch_rad": 1.5371782303507468e-05,
    "roll_rate_radps": 0.00172761029984264,
    "ang_vel_body_y_radps": 0.0009920708628313143,
    "yaw_rate_radps": 0.001550393827504917,
    "tire_fl_force_wheel_fz_n": 46.207506595068914,
    "tire_fr_force_wheel_fz_n": 46.406466258152,
    "tire_rl_force_wheel_fz_n": 27.481994649355904,
    "tire_rr_force_wheel_fz_n": 25.742066380032064,
    "tire_fl_spindle_omega_radps": 0.06908963649246264,
    "tire_fr_spindle_omega_radps": 0.07847042541156694,
    "tire_rl_spindle_omega_radps": 0.07779183690509281,
    "tire_rr_spindle_omega_radps": 0.06100345957434539
  },
  "val_crm_loss": 0.10365594880538992,
  "val_crm_rmse": {
    "vel_body_x_mps": 0.003334383327647595,
    "vel_body_y_mps": 0.0028299653050789875,
    "roll_rad": 7.077276224841192e-05,
    "pitch_rad": 5.037865610752228e-05,
    "roll_rate_radps": 0.004519430234987949,
    "ang_vel_body_y_radps": 0.003030444651104598,
    "yaw_rate_radps": 0.002508736013788907,
    "tire_fl_force_wheel_fz_n": 731.6485655752363,
    "tire_fr_force_wheel_fz_n": 757.3822902578271,
    "tire_rl_force_wheel_fz_n": 948.9254150126004,
    "tire_rr_force_wheel_fz_n": 993.5583969272029,
    "tire_fl_spindle_omega_radps": 0.1487900083390266,
    "tire_fr_spindle_omega_radps": 0.15060315234574131,
    "tire_rl_spindle_omega_radps": 0.16568810669607614,
    "tire_rr_spindle_omega_radps": 0.16564084568166487
  },
  "val_mixed_loss": 0.054324610978183044,
  "rollout_flat_5.0s": {
    "xy_rmse_m": 2.701938914427596,
    "yaw_rmse_rad": 0.12156847356046027,
    "errdist": 0.35588488817647235,
    "mean_dist_m": 7.592170963684718,
    "episodes": 12
  },
  "rollout_flat_10.0s": {
    "xy_rmse_m": 11.477075449096683,
    "yaw_rmse_rad": 0.3706986750358076,
    "errdist": 0.3258948704628563,
    "mean_dist_m": 35.2171098391215,
    "episodes": 12
  },
  "rollout_crm_5.0s": {
    "xy_rmse_m": 0.576269429059287,
    "yaw_rmse_rad": 0.06298978121644783,
    "errdist": 0.08052389760099668,
    "mean_dist_m": 7.1565019357949495,
    "episodes": 12
  },
  "rollout_crm_10.0s": {
    "xy_rmse_m": 1.9944264570798782,
    "yaw_rmse_rad": 0.14331555399251883,
    "errdist": 0.07965979144294223,
    "mean_dist_m": 25.036802393694717,
    "episodes": 12
  },
  "rollout_sel": 0.20277733095289927
}
{
  "epoch": 10,
  "timestamp_utc": "2026-07-10T00:51:35.098995+00:00",
  "train_loss": 0.03359824956674129,
  "val_loss": 0.005020718553714687,
  "val_rmse": {
    "vel_body_x_mps": 0.0012669104601039302,
    "vel_body_y_mps": 0.0010577113054767316,
    "roll_rad": 2.9895012878749002e-05,
    "pitch_rad": 1.1319681259442669e-05,
    "roll_rate_radps": 0.0017216184490002116,
    "ang_vel_body_y_radps": 0.0009604747251233763,
    "yaw_rate_radps": 0.0014377840460839454,
    "tire_fl_force_wheel_fz_n": 47.21206551761698,
    "tire_fr_force_wheel_fz_n": 46.74600596752071,
    "tire_rl_force_wheel_fz_n": 26.749663063850747,
    "tire_rr_force_wheel_fz_n": 24.84110716614435,
    "tire_fl_spindle_omega_radps": 0.07160163064845285,
    "tire_fr_spindle_omega_radps": 0.08004446527340518,
    "tire_rl_spindle_omega_radps": 0.0765450667969898,
    "tire_rr_spindle_omega_radps": 0.059692178189361865
  },
  "val_flat_loss": 0.005020718553714687,
  "val_flat_rmse": {
    "vel_body_x_mps": 0.0012669104601039302,
    "vel_body_y_mps": 0.0010577113054767316,
    "roll_rad": 2.9895012878749002e-05,
    "pitch_rad": 1.1319681259442669e-05,
    "roll_rate_radps": 0.0017216184490002116,
    "ang_vel_body_y_radps": 0.0009604747251233763,
    "yaw_rate_radps": 0.0014377840460839454,
    "tire_fl_force_wheel_fz_n": 47.21206551761698,
    "tire_fr_force_wheel_fz_n": 46.74600596752071,
    "tire_rl_force_wheel_fz_n": 26.749663063850747,
    "tire_rr_force_wheel_fz_n": 24.84110716614435,
    "tire_fl_spindle_omega_radps": 0.07160163064845285,
    "tire_fr_spindle_omega_radps": 0.08004446527340518,
    "tire_rl_spindle_omega_radps": 0.0765450667969898,
    "tire_rr_spindle_omega_radps": 0.059692178189361865
  },
  "val_crm_loss": 0.100606292252196,
  "val_crm_rmse": {
    "vel_body_x_mps": 0.0033263203184828827,
    "vel_body_y_mps": 0.0027435799447121973,
    "roll_rad": 6.748886097448904e-05,
    "pitch_rad": 4.3483055270899535e-05,
    "roll_rate_radps": 0.004555959392637026,
    "ang_vel_body_y_radps": 0.0029596891601628922,
    "yaw_rate_radps": 0.002510593794095457,
    "tire_fl_force_wheel_fz_n": 697.1917456308424,
    "tire_fr_force_wheel_fz_n": 717.3447886584454,
    "tire_rl_force_wheel_fz_n": 945.1255473688703,
    "tire_rr_force_wheel_fz_n": 986.7301320201915,
    "tire_fl_spindle_omega_radps": 0.14572055712604895,
    "tire_fr_spindle_omega_radps": 0.14534523890934456,
    "tire_rl_spindle_omega_radps": 0.1630424032669079,
    "tire_rr_spindle_omega_radps": 0.16336384519322253
  },
  "val_mixed_loss": 0.052813505402955346,
  "rollout_flat_5.0s": {
    "xy_rmse_m": 2.19969898042945,
    "yaw_rmse_rad": 0.09555825006152655,
    "errdist": 0.28973254039604335,
    "mean_dist_m": 7.592170963684718,
    "episodes": 12
  },
  "rollout_flat_10.0s": {
    "xy_rmse_m": 5.370676404240205,
    "yaw_rmse_rad": 0.1554920333251792,
    "errdist": 0.15250190685080303,
    "mean_dist_m": 35.2171098391215,
    "episodes": 12
  },
  "rollout_crm_5.0s": {
    "xy_rmse_m": 0.9059979129827572,
    "yaw_rmse_rad": 0.09008291324142732,
    "errdist": 0.12659787157342792,
    "mean_dist_m": 7.1565019357949495,
    "episodes": 12
  },
  "rollout_crm_10.0s": {
    "xy_rmse_m": 3.0017998717251824,
    "yaw_rmse_rad": 0.17796360433774008,
    "errdist": 0.11989549721737458,
    "mean_dist_m": 25.036802393694717,
    "episodes": 12
  },
  "rollout_sel": 0.1361987020340888
}
{
  "epoch": 11,
  "timestamp_utc": "2026-07-10T00:52:18.474729+00:00",
  "train_loss": 0.03278684053523466,
  "val_loss": 0.004634785267116967,
  "val_rmse": {
    "vel_body_x_mps": 0.0010565619287041714,
    "vel_body_y_mps": 0.0009553310652001685,
    "roll_rad": 4.007594514745323e-05,
    "pitch_rad": 1.2851122703662785e-05,
    "roll_rate_radps": 0.001648924775209631,
    "ang_vel_body_y_radps": 0.0009865264455064548,
    "yaw_rate_radps": 0.0014646451483384705,
    "tire_fl_force_wheel_fz_n": 50.538310887173935,
    "tire_fr_force_wheel_fz_n": 47.416820928739455,
    "tire_rl_force_wheel_fz_n": 28.40159218616553,
    "tire_rr_force_wheel_fz_n": 25.472015266093095,
    "tire_fl_spindle_omega_radps": 0.06973679571332038,
    "tire_fr_spindle_omega_radps": 0.07681045727303196,
    "tire_rl_spindle_omega_radps": 0.07779836037359797,
    "tire_rr_spindle_omega_radps": 0.060730122953074346
  },
  "val_flat_loss": 0.004634785267116967,
  "val_flat_rmse": {
    "vel_body_x_mps": 0.0010565619287041714,
    "vel_body_y_mps": 0.0009553310652001685,
    "roll_rad": 4.007594514745323e-05,
    "pitch_rad": 1.2851122703662785e-05,
    "roll_rate_radps": 0.001648924775209631,
    "ang_vel_body_y_radps": 0.0009865264455064548,
    "yaw_rate_radps": 0.0014646451483384705,
    "tire_fl_force_wheel_fz_n": 50.538310887173935,
    "tire_fr_force_wheel_fz_n": 47.416820928739455,
    "tire_rl_force_wheel_fz_n": 28.40159218616553,
    "tire_rr_force_wheel_fz_n": 25.472015266093095,
    "tire_fl_spindle_omega_radps": 0.06973679571332038,
    "tire_fr_spindle_omega_radps": 0.07681045727303196,
    "tire_rl_spindle_omega_radps": 0.07779836037359797,
    "tire_rr_spindle_omega_radps": 0.060730122953074346
  },
  "val_crm_loss": 0.10079925130470656,
  "val_crm_rmse": {
    "vel_body_x_mps": 0.0033103596666911894,
    "vel_body_y_mps": 0.0027638212956063992,
    "roll_rad": 7.196495675262133e-05,
    "pitch_rad": 5.359041838723482e-05,
    "roll_rate_radps": 0.00440409356743358,
    "ang_vel_body_y_radps": 0.003006781441014146,
    "yaw_rate_radps": 0.002487868415346708,
    "tire_fl_force_wheel_fz_n": 701.7986412611359,
    "tire_fr_force_wheel_fz_n": 714.6303888948004,
    "tire_rl_force_wheel_fz_n": 946.5044758325214,
    "tire_rr_force_wheel_fz_n": 984.4192249211142,
    "tire_fl_spindle_omega_radps": 0.14582804064762506,
    "tire_fr_spindle_omega_radps": 0.14572580597150592,
    "tire_rl_spindle_omega_radps": 0.16304675787213863,
    "tire_rr_spindle_omega_radps": 0.1674403880848233
  },
  "val_mixed_loss": 0.052717018285911764,
  "rollout_flat_5.0s": {
    "xy_rmse_m": 1.1458854828960465,
    "yaw_rmse_rad": 0.1090403101999725,
    "errdist": 0.15092988400512947,
    "mean_dist_m": 7.592170963684718,
    "episodes": 12
  },
  "rollout_flat_10.0s": {
    "xy_rmse_m": 4.191379235020892,
    "yaw_rmse_rad": 0.18930643607236686,
    "errdist": 0.11901542330327261,
    "mean_dist_m": 35.2171098391215,
    "episodes": 12
  },
  "rollout_crm_5.0s": {
    "xy_rmse_m": 0.8481688179985294,
    "yaw_rmse_rad": 0.11482128284687419,
    "errdist": 0.11851723448242374,
    "mean_dist_m": 7.1565019357949495,
    "episodes": 12
  },
  "rollout_crm_10.0s": {
    "xy_rmse_m": 3.7890039360003795,
    "yaw_rmse_rad": 0.22384345128645106,
    "errdist": 0.15133737433477545,
    "mean_dist_m": 25.036802393694717,
    "episodes": 12
  },
  "rollout_sel": 0.13517639881902405
}
{
  "epoch": 12,
  "timestamp_utc": "2026-07-10T00:53:01.842793+00:00",
  "train_loss": 0.03207869348488748,
  "val_loss": 0.0046008444120525386,
  "val_rmse": {
    "vel_body_x_mps": 0.001088364941852986,
    "vel_body_y_mps": 0.0008283663552516816,
    "roll_rad": 2.3444100018485106e-05,
    "pitch_rad": 1.1005668745147678e-05,
    "roll_rate_radps": 0.0016737579425630286,
    "ang_vel_body_y_radps": 0.0009592613455967187,
    "yaw_rate_radps": 0.0014683732931870675,
    "tire_fl_force_wheel_fz_n": 44.3997627127381,
    "tire_fr_force_wheel_fz_n": 45.373210947639045,
    "tire_rl_force_wheel_fz_n": 26.340994787432102,
    "tire_rr_force_wheel_fz_n": 24.898606700675405,
    "tire_fl_spindle_omega_radps": 0.07017814140755028,
    "tire_fr_spindle_omega_radps": 0.07708462245899939,
    "tire_rl_spindle_omega_radps": 0.07775827320317392,
    "tire_rr_spindle_omega_radps": 0.06232540343291591
  },
  "val_flat_loss": 0.0046008444120525386,
  "val_flat_rmse": {
    "vel_body_x_mps": 0.001088364941852986,
    "vel_body_y_mps": 0.0008283663552516816,
    "roll_rad": 2.3444100018485106e-05,
    "pitch_rad": 1.1005668745147678e-05,
    "roll_rate_radps": 0.0016737579425630286,
    "ang_vel_body_y_radps": 0.0009592613455967187,
    "yaw_rate_radps": 0.0014683732931870675,
    "tire_fl_force_wheel_fz_n": 44.3997627127381,
    "tire_fr_force_wheel_fz_n": 45.373210947639045,
    "tire_rl_force_wheel_fz_n": 26.340994787432102,
    "tire_rr_force_wheel_fz_n": 24.898606700675405,
    "tire_fl_spindle_omega_radps": 0.07017814140755028,
    "tire_fr_spindle_omega_radps": 0.07708462245899939,
    "tire_rl_spindle_omega_radps": 0.07775827320317392,
    "tire_rr_spindle_omega_radps": 0.06232540343291591
  },
  "val_crm_loss": 0.0994184551620856,
  "val_crm_rmse": {
    "vel_body_x_mps": 0.003351064503516208,
    "vel_body_y_mps": 0.0027907518465571726,
    "roll_rad": 6.952539135980244e-05,
    "pitch_rad": 3.8257787484882977e-05,
    "roll_rate_radps": 0.0043952851397883325,
    "ang_vel_body_y_radps": 0.00294927972548884,
    "yaw_rate_radps": 0.0024887330083146774,
    "tire_fl_force_wheel_fz_n": 724.6642072094145,
    "tire_fr_force_wheel_fz_n": 698.9750735574122,
    "tire_rl_force_wheel_fz_n": 941.4402881054725,
    "tire_rr_force_wheel_fz_n": 983.1373171405143,
    "tire_fl_spindle_omega_radps": 0.14450346545919823,
    "tire_fr_spindle_omega_radps": 0.14436057970809424,
    "tire_rl_spindle_omega_radps": 0.16283004569542694,
    "tire_rr_spindle_omega_radps": 0.16152112173979502
  },
  "val_mixed_loss": 0.05200964978706907,
  "rollout_flat_5.0s": {
    "xy_rmse_m": 3.0335584759910734,
    "yaw_rmse_rad": 0.14012093731389705,
    "errdist": 0.3995640364925071,
    "mean_dist_m": 7.592170963684718,
    "episodes": 12
  },
  "rollout_flat_10.0s": {
    "xy_rmse_m": 8.212255637115339,
    "yaw_rmse_rad": 0.2669157690053866,
    "errdist": 0.23318936944657,
    "mean_dist_m": 35.2171098391215,
    "episodes": 12
  },
  "rollout_crm_5.0s": {
    "xy_rmse_m": 1.7024508286450637,
    "yaw_rmse_rad": 0.10285500421064564,
    "errdist": 0.23788868415305672,
    "mean_dist_m": 7.1565019357949495,
    "episodes": 12
  },
  "rollout_crm_10.0s": {
    "xy_rmse_m": 5.761662598596442,
    "yaw_rmse_rad": 0.2545175078475758,
    "errdist": 0.2301277338853568,
    "mean_dist_m": 25.036802393694717,
    "episodes": 12
  },
  "rollout_sel": 0.23165855166596339
}
{
  "epoch": 13,
  "timestamp_utc": "2026-07-10T00:53:45.221047+00:00",
  "train_loss": 0.031494312224909664,
  "val_loss": 0.004175908354955027,
  "val_rmse": {
    "vel_body_x_mps": 0.0010443714477475312,
    "vel_body_y_mps": 0.0008160700489733027,
    "roll_rad": 3.244803885302506e-05,
    "pitch_rad": 1.1609509033137026e-05,
    "roll_rate_radps": 0.0016182621248065486,
    "ang_vel_body_y_radps": 0.0009677876263320886,
    "yaw_rate_radps": 0.0014018984027296872,
    "tire_fl_force_wheel_fz_n": 48.172842139360874,
    "tire_fr_force_wheel_fz_n": 51.532457107461696,
    "tire_rl_force_wheel_fz_n": 25.792518473000438,
    "tire_rr_force_wheel_fz_n": 25.179836817720904,
    "tire_fl_spindle_omega_radps": 0.06854919621404554,
    "tire_fr_spindle_omega_radps": 0.07600609902806585,
    "tire_rl_spindle_omega_radps": 0.07539390135410667,
    "tire_rr_spindle_omega_radps": 0.05918656549665321
  },
  "val_flat_loss": 0.004175908354955027,
  "val_flat_rmse": {
    "vel_body_x_mps": 0.0010443714477475312,
    "vel_body_y_mps": 0.0008160700489733027,
    "roll_rad": 3.244803885302506e-05,
    "pitch_rad": 1.1609509033137026e-05,
    "roll_rate_radps": 0.0016182621248065486,
    "ang_vel_body_y_radps": 0.0009677876263320886,
    "yaw_rate_radps": 0.0014018984027296872,
    "tire_fl_force_wheel_fz_n": 48.172842139360874,
    "tire_fr_force_wheel_fz_n": 51.532457107461696,
    "tire_rl_force_wheel_fz_n": 25.792518473000438,
    "tire_rr_force_wheel_fz_n": 25.179836817720904,
    "tire_fl_spindle_omega_radps": 0.06854919621404554,
    "tire_fr_spindle_omega_radps": 0.07600609902806585,
    "tire_rl_spindle_omega_radps": 0.07539390135410667,
    "tire_rr_spindle_omega_radps": 0.05918656549665321
  },
  "val_crm_loss": 0.09727973936358467,
  "val_crm_rmse": {
    "vel_body_x_mps": 0.0032201698923949224,
    "vel_body_y_mps": 0.002639937309521729,
    "roll_rad": 7.358482311079794e-05,
    "pitch_rad": 5.054489437422545e-05,
    "roll_rate_radps": 0.0042989642038784226,
    "ang_vel_body_y_radps": 0.0028816936584518107,
    "yaw_rate_radps": 0.0024412126925415097,
    "tire_fl_force_wheel_fz_n": 675.2422466241109,
    "tire_fr_force_wheel_fz_n": 698.4174598757374,
    "tire_rl_force_wheel_fz_n": 943.4230895629013,
    "tire_rr_force_wheel_fz_n": 980.8494396241757,
    "tire_fl_spindle_omega_radps": 0.1439873607718029,
    "tire_fr_spindle_omega_radps": 0.14451211086109883,
    "tire_rl_spindle_omega_radps": 0.16168540112302152,
    "tire_rr_spindle_omega_radps": 0.15868115425762547
  },
  "val_mixed_loss": 0.05072782385926985,
  "rollout_flat_5.0s": {
    "xy_rmse_m": 1.938849323285579,
    "yaw_rmse_rad": 0.17579454877491563,
    "errdist": 0.25537482395478023,
    "mean_dist_m": 7.592170963684718,
    "episodes": 12
  },
  "rollout_flat_10.0s": {
    "xy_rmse_m": 7.041921462044587,
    "yaw_rmse_rad": 0.3907486348127296,
    "errdist": 0.19995739270523427,
    "mean_dist_m": 35.2171098391215,
    "episodes": 12
  },
  "rollout_crm_5.0s": {
    "xy_rmse_m": 0.7897856751173349,
    "yaw_rmse_rad": 0.05710269960229489,
    "errdist": 0.1103591785767616,
    "mean_dist_m": 7.1565019357949495,
    "episodes": 12
  },
  "rollout_crm_10.0s": {
    "xy_rmse_m": 2.1717868821818187,
    "yaw_rmse_rad": 0.13804177726928665,
    "errdist": 0.08674378013738539,
    "mean_dist_m": 25.036802393694717,
    "episodes": 12
  },
  "rollout_sel": 0.14335058642130982
}
{
  "epoch": 14,
  "timestamp_utc": "2026-07-10T00:54:28.657528+00:00",
  "train_loss": 0.031135735895484688,
  "val_loss": 0.004227440533359186,
  "val_rmse": {
    "vel_body_x_mps": 0.0010431930205068325,
    "vel_body_y_mps": 0.0010357020944728155,
    "roll_rad": 2.3854545231304572e-05,
    "pitch_rad": 1.0617697962573717e-05,
    "roll_rate_radps": 0.001618582289268421,
    "ang_vel_body_y_radps": 0.0009556304242712945,
    "yaw_rate_radps": 0.0013965267942881025,
    "tire_fl_force_wheel_fz_n": 44.42758319559519,
    "tire_fr_force_wheel_fz_n": 48.58204468646795,
    "tire_rl_force_wheel_fz_n": 26.585645720489065,
    "tire_rr_force_wheel_fz_n": 24.807320300228604,
    "tire_fl_spindle_omega_radps": 0.06834650009698576,
    "tire_fr_spindle_omega_radps": 0.07714012992436461,
    "tire_rl_spindle_omega_radps": 0.07533820044213416,
    "tire_rr_spindle_omega_radps": 0.05795344123782365
  },
  "val_flat_loss": 0.004227440533359186,
  "val_flat_rmse": {
    "vel_body_x_mps": 0.0010431930205068325,
    "vel_body_y_mps": 0.0010357020944728155,
    "roll_rad": 2.3854545231304572e-05,
    "pitch_rad": 1.0617697962573717e-05,
    "roll_rate_radps": 0.001618582289268421,
    "ang_vel_body_y_radps": 0.0009556304242712945,
    "yaw_rate_radps": 0.0013965267942881025,
    "tire_fl_force_wheel_fz_n": 44.42758319559519,
    "tire_fr_force_wheel_fz_n": 48.58204468646795,
    "tire_rl_force_wheel_fz_n": 26.585645720489065,
    "tire_rr_force_wheel_fz_n": 24.807320300228604,
    "tire_fl_spindle_omega_radps": 0.06834650009698576,
    "tire_fr_spindle_omega_radps": 0.07714012992436461,
    "tire_rl_spindle_omega_radps": 0.07533820044213416,
    "tire_rr_spindle_omega_radps": 0.05795344123782365
  },
  "val_crm_loss": 0.09616970226867125,
  "val_crm_rmse": {
    "vel_body_x_mps": 0.0031844286851036635,
    "vel_body_y_mps": 0.0026553348288900543,
    "roll_rad": 6.450677367426964e-05,
    "pitch_rad": 4.407676881458176e-05,
    "roll_rate_radps": 0.004223379196142539,
    "ang_vel_body_y_radps": 0.002983695700411907,
    "yaw_rate_radps": 0.002442518335265361,
    "tire_fl_force_wheel_fz_n": 665.2361894389525,
    "tire_fr_force_wheel_fz_n": 676.8275292842134,
    "tire_rl_force_wheel_fz_n": 934.4454826670758,
    "tire_rr_force_wheel_fz_n": 972.370103686709,
    "tire_fl_spindle_omega_radps": 0.14290517958272916,
    "tire_fr_spindle_omega_radps": 0.141875040294445,
    "tire_rl_spindle_omega_radps": 0.16134317966774334,
    "tire_rr_spindle_omega_radps": 0.16302684738155443
  },
  "val_mixed_loss": 0.05019857140101522,
  "rollout_flat_5.0s": {
    "xy_rmse_m": 1.5874296386024256,
    "yaw_rmse_rad": 0.20052368483848484,
    "errdist": 0.20908770972038232,
    "mean_dist_m": 7.592170963684718,
    "episodes": 12
  },
  "rollout_flat_10.0s": {
    "xy_rmse_m": 7.682505963421771,
    "yaw_rmse_rad": 0.6650135926958411,
    "errdist": 0.21814697453927734,
    "mean_dist_m": 35.2171098391215,
    "episodes": 12
  },
  "rollout_crm_5.0s": {
    "xy_rmse_m": 0.4599823144263394,
    "yaw_rmse_rad": 0.042917557811473876,
    "errdist": 0.06427474184358538,
    "mean_dist_m": 7.1565019357949495,
    "episodes": 12
  },
  "rollout_crm_10.0s": {
    "xy_rmse_m": 2.460760457188831,
    "yaw_rmse_rad": 0.1509387048983544,
    "errdist": 0.09828573227899702,
    "mean_dist_m": 25.036802393694717,
    "episodes": 12
  },
  "rollout_sel": 0.15821635340913717
}
{
  "epoch": 15,
  "timestamp_utc": "2026-07-10T00:55:12.131455+00:00",
  "train_loss": 0.030621360033750534,
  "val_loss": 0.00460006888704811,
  "val_rmse": {
    "vel_body_x_mps": 0.0010296951877308165,
    "vel_body_y_mps": 0.0010063242976933416,
    "roll_rad": 2.77131611681441e-05,
    "pitch_rad": 1.0988894647807048e-05,
    "roll_rate_radps": 0.0015903449484683794,
    "ang_vel_body_y_radps": 0.0009630468483796446,
    "yaw_rate_radps": 0.0014658221352771778,
    "tire_fl_force_wheel_fz_n": 42.72279090616673,
    "tire_fr_force_wheel_fz_n": 45.48973274894176,
    "tire_rl_force_wheel_fz_n": 26.259026869954308,
    "tire_rr_force_wheel_fz_n": 26.8223178134078,
    "tire_fl_spindle_omega_radps": 0.0703041747628486,
    "tire_fr_spindle_omega_radps": 0.07880542370678158,
    "tire_rl_spindle_omega_radps": 0.07805626574769896,
    "tire_rr_spindle_omega_radps": 0.05925527053682276
  },
  "val_flat_loss": 0.00460006888704811,
  "val_flat_rmse": {
    "vel_body_x_mps": 0.0010296951877308165,
    "vel_body_y_mps": 0.0010063242976933416,
    "roll_rad": 2.77131611681441e-05,
    "pitch_rad": 1.0988894647807048e-05,
    "roll_rate_radps": 0.0015903449484683794,
    "ang_vel_body_y_radps": 0.0009630468483796446,
    "yaw_rate_radps": 0.0014658221352771778,
    "tire_fl_force_wheel_fz_n": 42.72279090616673,
    "tire_fr_force_wheel_fz_n": 45.48973274894176,
    "tire_rl_force_wheel_fz_n": 26.259026869954308,
    "tire_rr_force_wheel_fz_n": 26.8223178134078,
    "tire_fl_spindle_omega_radps": 0.0703041747628486,
    "tire_fr_spindle_omega_radps": 0.07880542370678158,
    "tire_rl_spindle_omega_radps": 0.07805626574769896,
    "tire_rr_spindle_omega_radps": 0.05925527053682276
  },
  "val_crm_loss": 0.09510524233279284,
  "val_crm_rmse": {
    "vel_body_x_mps": 0.0031492718574324388,
    "vel_body_y_mps": 0.0026939891684251865,
    "roll_rad": 5.7473363326015646e-05,
    "pitch_rad": 4.361904158765864e-05,
    "roll_rate_radps": 0.00423755650552559,
    "ang_vel_body_y_radps": 0.0027715453174899088,
    "yaw_rate_radps": 0.002436994540885367,
    "tire_fl_force_wheel_fz_n": 658.570293823475,
    "tire_fr_force_wheel_fz_n": 673.8590806403987,
    "tire_rl_force_wheel_fz_n": 927.4364776012164,
    "tire_rr_force_wheel_fz_n": 974.3507034512984,
    "tire_fl_spindle_omega_radps": 0.14103524059855385,
    "tire_fr_spindle_omega_radps": 0.14354085880216774,
    "tire_rl_spindle_omega_radps": 0.16073651245813586,
    "tire_rr_spindle_omega_radps": 0.15927965493599494
  },
  "val_mixed_loss": 0.04985265560992048,
  "rollout_flat_5.0s": {
    "xy_rmse_m": 1.2839418293064866,
    "yaw_rmse_rad": 0.19969638188577743,
    "errdist": 0.16911392478487464,
    "mean_dist_m": 7.592170963684718,
    "episodes": 12
  },
  "rollout_flat_10.0s": {
    "xy_rmse_m": 5.542889150752751,
    "yaw_rmse_rad": 0.428674299917934,
    "errdist": 0.15739193750065608,
    "mean_dist_m": 35.2171098391215,
    "episodes": 12
  },
  "rollout_crm_5.0s": {
    "xy_rmse_m": 0.8544275949358995,
    "yaw_rmse_rad": 0.07366965672317759,
    "errdist": 0.11939179261061557,
    "mean_dist_m": 7.1565019357949495,
    "episodes": 12
  },
  "rollout_crm_10.0s": {
    "xy_rmse_m": 4.0160003599879746,
    "yaw_rmse_rad": 0.18743170098279083,
    "errdist": 0.1604038845231836,
    "mean_dist_m": 25.036802393694717,
    "episodes": 12
  },
  "rollout_sel": 0.15889791101191986
}
{
  "epoch": 16,
  "timestamp_utc": "2026-07-10T00:55:55.673749+00:00",
  "train_loss": 0.030144988713320345,
  "val_loss": 0.004105018641821516,
  "val_rmse": {
    "vel_body_x_mps": 0.0010063179105431145,
    "vel_body_y_mps": 0.0007860416519682447,
    "roll_rad": 2.2601180144494712e-05,
    "pitch_rad": 1.140940467779471e-05,
    "roll_rate_radps": 0.001570926441852437,
    "ang_vel_body_y_radps": 0.000957196820565234,
    "yaw_rate_radps": 0.0014229403601196593,
    "tire_fl_force_wheel_fz_n": 43.82787022622324,
    "tire_fr_force_wheel_fz_n": 44.2069764113046,
    "tire_rl_force_wheel_fz_n": 26.794092774206284,
    "tire_rr_force_wheel_fz_n": 25.168770377314512,
    "tire_fl_spindle_omega_radps": 0.0671353896891884,
    "tire_fr_spindle_omega_radps": 0.07627777875408094,
    "tire_rl_spindle_omega_radps": 0.07833331575584358,
    "tire_rr_spindle_omega_radps": 0.05833865837840347
  },
  "val_flat_loss": 0.004105018641821516,
  "val_flat_rmse": {
    "vel_body_x_mps": 0.0010063179105431145,
    "vel_body_y_mps": 0.0007860416519682447,
    "roll_rad": 2.2601180144494712e-05,
    "pitch_rad": 1.140940467779471e-05,
    "roll_rate_radps": 0.001570926441852437,
    "ang_vel_body_y_radps": 0.000957196820565234,
    "yaw_rate_radps": 0.0014229403601196593,
    "tire_fl_force_wheel_fz_n": 43.82787022622324,
    "tire_fr_force_wheel_fz_n": 44.2069764113046,
    "tire_rl_force_wheel_fz_n": 26.794092774206284,
    "tire_rr_force_wheel_fz_n": 25.168770377314512,
    "tire_fl_spindle_omega_radps": 0.0671353896891884,
    "tire_fr_spindle_omega_radps": 0.07627777875408094,
    "tire_rl_spindle_omega_radps": 0.07833331575584358,
    "tire_rr_spindle_omega_radps": 0.05833865837840347
  },
  "val_crm_loss": 0.094816427443875,
  "val_crm_rmse": {
    "vel_body_x_mps": 0.00325936751890087,
    "vel_body_y_mps": 0.002642509537823277,
    "roll_rad": 5.44717636327699e-05,
    "pitch_rad": 4.16474917219998e-05,
    "roll_rate_radps": 0.0040881944881301395,
    "ang_vel_body_y_radps": 0.0028161046612909164,
    "yaw_rate_radps": 0.0024264378017695236,
    "tire_fl_force_wheel_fz_n": 657.0998731999383,
    "tire_fr_force_wheel_fz_n": 664.8251225633013,
    "tire_rl_force_wheel_fz_n": 929.6898312418251,
    "tire_rr_force_wheel_fz_n": 971.7347301115444,
    "tire_fl_spindle_omega_radps": 0.13960072954692615,
    "tire_fr_spindle_omega_radps": 0.1429359358849988,
    "tire_rl_spindle_omega_radps": 0.16136148466689554,
    "tire_rr_spindle_omega_radps": 0.1592175224668121
  },
  "val_mixed_loss": 0.04946072304284826,
  "rollout_flat_5.0s": {
    "xy_rmse_m": 1.2561892634270797,
    "yaw_rmse_rad": 0.09005276572268804,
    "errdist": 0.16545850579969182,
    "mean_dist_m": 7.592170963684718,
    "episodes": 12
  },
  "rollout_flat_10.0s": {
    "xy_rmse_m": 7.39438729921948,
    "yaw_rmse_rad": 0.278601789182881,
    "errdist": 0.20996576189807903,
    "mean_dist_m": 35.2171098391215,
    "episodes": 12
  },
  "rollout_crm_5.0s": {
    "xy_rmse_m": 0.5170599164842509,
    "yaw_rmse_rad": 0.04472629012589901,
    "errdist": 0.07225037051943667,
    "mean_dist_m": 7.1565019357949495,
    "episodes": 12
  },
  "rollout_crm_10.0s": {
    "xy_rmse_m": 2.5790917645631444,
    "yaw_rmse_rad": 0.20745907963798524,
    "errdist": 0.10301202701558504,
    "mean_dist_m": 25.036802393694717,
    "episodes": 12
  },
  "rollout_sel": 0.15648889445683203
}
{
  "epoch": 17,
  "timestamp_utc": "2026-07-10T00:56:38.851256+00:00",
  "train_loss": 0.02989161188993603,
  "val_loss": 0.004040764291930827,
  "val_rmse": {
    "vel_body_x_mps": 0.0010437871421557438,
    "vel_body_y_mps": 0.0008672897928635026,
    "roll_rad": 1.9236017882169263e-05,
    "pitch_rad": 1.275479587203987e-05,
    "roll_rate_radps": 0.001615045267624049,
    "ang_vel_body_y_radps": 0.000937189908325524,
    "yaw_rate_radps": 0.0014006064222239017,
    "tire_fl_force_wheel_fz_n": 43.919869851855836,
    "tire_fr_force_wheel_fz_n": 45.02395768947501,
    "tire_rl_force_wheel_fz_n": 26.059864723296528,
    "tire_rr_force_wheel_fz_n": 23.748666306241827,
    "tire_fl_spindle_omega_radps": 0.06575992150282862,
    "tire_fr_spindle_omega_radps": 0.07457718242437669,
    "tire_rl_spindle_omega_radps": 0.07671973467258,
    "tire_rr_spindle_omega_radps": 0.058229263120187086
  },
  "val_flat_loss": 0.004040764291930827,
  "val_flat_rmse": {
    "vel_body_x_mps": 0.0010437871421557438,
    "vel_body_y_mps": 0.0008672897928635026,
    "roll_rad": 1.9236017882169263e-05,
    "pitch_rad": 1.275479587203987e-05,
    "roll_rate_radps": 0.001615045267624049,
    "ang_vel_body_y_radps": 0.000937189908325524,
    "yaw_rate_radps": 0.0014006064222239017,
    "tire_fl_force_wheel_fz_n": 43.919869851855836,
    "tire_fr_force_wheel_fz_n": 45.02395768947501,
    "tire_rl_force_wheel_fz_n": 26.059864723296528,
    "tire_rr_force_wheel_fz_n": 23.748666306241827,
    "tire_fl_spindle_omega_radps": 0.06575992150282862,
    "tire_fr_spindle_omega_radps": 0.07457718242437669,
    "tire_rl_spindle_omega_radps": 0.07671973467258,
    "tire_rr_spindle_omega_radps": 0.058229263120187086
  },
  "val_crm_loss": 0.09544000252208207,
  "val_crm_rmse": {
    "vel_body_x_mps": 0.0034101436336009764,
    "vel_body_y_mps": 0.0026531932712068234,
    "roll_rad": 5.983240515603335e-05,
    "pitch_rad": 4.10851358956406e-05,
    "roll_rate_radps": 0.004284609736249469,
    "ang_vel_body_y_radps": 0.0028090975055378715,
    "yaw_rate_radps": 0.0024656484075571573,
    "tire_fl_force_wheel_fz_n": 646.6821059755441,
    "tire_fr_force_wheel_fz_n": 659.0302722031635,
    "tire_rl_force_wheel_fz_n": 931.400632817842,
    "tire_rr_force_wheel_fz_n": 966.6437065991856,
    "tire_fl_spindle_omega_radps": 0.1389986911047443,
    "tire_fr_spindle_omega_radps": 0.1418083715448751,
    "tire_rl_spindle_omega_radps": 0.15915626141970785,
    "tire_rr_spindle_omega_radps": 0.15975313255552256
  },
  "val_mixed_loss": 0.04974038340700645,
  "rollout_flat_5.0s": {
    "xy_rmse_m": 1.9063439092799097,
    "yaw_rmse_rad": 0.10162861399746562,
    "errdist": 0.25109338533055126,
    "mean_dist_m": 7.592170963684718,
    "episodes": 12
  },
  "rollout_flat_10.0s": {
    "xy_rmse_m": 6.11298482832671,
    "yaw_rmse_rad": 0.17708928358842704,
    "errdist": 0.17357996883480772,
    "mean_dist_m": 35.2171098391215,
    "episodes": 12
  },
  "rollout_crm_5.0s": {
    "xy_rmse_m": 0.6664504025476223,
    "yaw_rmse_rad": 0.0811288765564944,
    "errdist": 0.09312516205916355,
    "mean_dist_m": 7.1565019357949495,
    "episodes": 12
  },
  "rollout_crm_10.0s": {
    "xy_rmse_m": 1.559192426921681,
    "yaw_rmse_rad": 0.24655428667252569,
    "errdist": 0.06227602081144152,
    "mean_dist_m": 25.036802393694717,
    "episodes": 12
  },
  "rollout_sel": 0.11792799482312462
}
{
  "epoch": 18,
  "timestamp_utc": "2026-07-10T00:57:22.292813+00:00",
  "train_loss": 0.02947705767583102,
  "val_loss": 0.004140547197894193,
  "val_rmse": {
    "vel_body_x_mps": 0.0009760409786088565,
    "vel_body_y_mps": 0.001124665773658039,
    "roll_rad": 2.8429946469591084e-05,
    "pitch_rad": 1.2444609927268312e-05,
    "roll_rate_radps": 0.0016200908353008335,
    "ang_vel_body_y_radps": 0.0009515630918186886,
    "yaw_rate_radps": 0.001419635075414613,
    "tire_fl_force_wheel_fz_n": 44.18240818216823,
    "tire_fr_force_wheel_fz_n": 43.98591121537155,
    "tire_rl_force_wheel_fz_n": 25.349242678922632,
    "tire_rr_force_wheel_fz_n": 25.808680417744007,
    "tire_fl_spindle_omega_radps": 0.06569967076639253,
    "tire_fr_spindle_omega_radps": 0.07454053001363327,
    "tire_rl_spindle_omega_radps": 0.07644673845003097,
    "tire_rr_spindle_omega_radps": 0.058292308141290466
  },
  "val_flat_loss": 0.004140547197894193,
  "val_flat_rmse": {
    "vel_body_x_mps": 0.0009760409786088565,
    "vel_body_y_mps": 0.001124665773658039,
    "roll_rad": 2.8429946469591084e-05,
    "pitch_rad": 1.2444609927268312e-05,
    "roll_rate_radps": 0.0016200908353008335,
    "ang_vel_body_y_radps": 0.0009515630918186886,
    "yaw_rate_radps": 0.001419635075414613,
    "tire_fl_force_wheel_fz_n": 44.18240818216823,
    "tire_fr_force_wheel_fz_n": 43.98591121537155,
    "tire_rl_force_wheel_fz_n": 25.349242678922632,
    "tire_rr_force_wheel_fz_n": 25.808680417744007,
    "tire_fl_spindle_omega_radps": 0.06569967076639253,
    "tire_fr_spindle_omega_radps": 0.07454053001363327,
    "tire_rl_spindle_omega_radps": 0.07644673845003097,
    "tire_rr_spindle_omega_radps": 0.058292308141290466
  },
  "val_crm_loss": 0.09343378743389621,
  "val_crm_rmse": {
    "vel_body_x_mps": 0.003195881200986561,
    "vel_body_y_mps": 0.002575838234366123,
    "roll_rad": 6.739978132032793e-05,
    "pitch_rad": 3.81309713332403e-05,
    "roll_rate_radps": 0.004152161808908302,
    "ang_vel_body_y_radps": 0.0028027297641645722,
    "yaw_rate_radps": 0.0024031716165894374,
    "tire_fl_force_wheel_fz_n": 644.4797244385601,
    "tire_fr_force_wheel_fz_n": 654.8030214467187,
    "tire_rl_force_wheel_fz_n": 926.8681148321375,
    "tire_rr_force_wheel_fz_n": 961.2057668605785,
    "tire_fl_spindle_omega_radps": 0.13808942419781486,
    "tire_fr_spindle_omega_radps": 0.1388095484570277,
    "tire_rl_spindle_omega_radps": 0.1602167093205322,
    "tire_rr_spindle_omega_radps": 0.15864614450568318
  },
  "val_mixed_loss": 0.048787167315895205,
  "rollout_flat_5.0s": {
    "xy_rmse_m": 1.4054938613828114,
    "yaw_rmse_rad": 0.17840731105420984,
    "errdist": 0.1851241058856084,
    "mean_dist_m": 7.592170963684718,
    "episodes": 12
  },
  "rollout_flat_10.0s": {
    "xy_rmse_m": 5.983539820998052,
    "yaw_rmse_rad": 0.2696132454474104,
    "errdist": 0.1699043404848384,
    "mean_dist_m": 35.2171098391215,
    "episodes": 12
  },
  "rollout_crm_5.0s": {
    "xy_rmse_m": 0.8328054910428073,
    "yaw_rmse_rad": 0.05288553730899118,
    "errdist": 0.11637046961132397,
    "mean_dist_m": 7.1565019357949495,
    "episodes": 12
  },
  "rollout_crm_10.0s": {
    "xy_rmse_m": 3.9042913155757066,
    "yaw_rmse_rad": 0.1295215553345431,
    "errdist": 0.15594209093406294,
    "mean_dist_m": 25.036802393694717,
    "episodes": 12
  },
  "rollout_sel": 0.16292321570945067
}
{
  "epoch": 19,
  "timestamp_utc": "2026-07-10T00:58:05.698565+00:00",
  "train_loss": 0.028990880358964206,
  "val_loss": 0.004628308586798084,
  "val_rmse": {
    "vel_body_x_mps": 0.0011181618206252443,
    "vel_body_y_mps": 0.0010573086675051636,
    "roll_rad": 2.9013045545385824e-05,
    "pitch_rad": 1.1776531690040072e-05,
    "roll_rate_radps": 0.0015916512106870478,
    "ang_vel_body_y_radps": 0.0009372578144232722,
    "yaw_rate_radps": 0.0014210365837082498,
    "tire_fl_force_wheel_fz_n": 41.91077107527764,
    "tire_fr_force_wheel_fz_n": 43.778427753413226,
    "tire_rl_force_wheel_fz_n": 26.501607307417345,
    "tire_rr_force_wheel_fz_n": 23.5889077492746,
    "tire_fl_spindle_omega_radps": 0.07121918855476977,
    "tire_fr_spindle_omega_radps": 0.0761186575955363,
    "tire_rl_spindle_omega_radps": 0.07798551646564511,
    "tire_rr_spindle_omega_radps": 0.06217767851877624
  },
  "val_flat_loss": 0.004628308586798084,
  "val_flat_rmse": {
    "vel_body_x_mps": 0.0011181618206252443,
    "vel_body_y_mps": 0.0010573086675051636,
    "roll_rad": 2.9013045545385824e-05,
    "pitch_rad": 1.1776531690040072e-05,
    "roll_rate_radps": 0.0015916512106870478,
    "ang_vel_body_y_radps": 0.0009372578144232722,
    "yaw_rate_radps": 0.0014210365837082498,
    "tire_fl_force_wheel_fz_n": 41.91077107527764,
    "tire_fr_force_wheel_fz_n": 43.778427753413226,
    "tire_rl_force_wheel_fz_n": 26.501607307417345,
    "tire_rr_force_wheel_fz_n": 23.5889077492746,
    "tire_fl_spindle_omega_radps": 0.07121918855476977,
    "tire_fr_spindle_omega_radps": 0.0761186575955363,
    "tire_rl_spindle_omega_radps": 0.07798551646564511,
    "tire_rr_spindle_omega_radps": 0.06217767851877624
  },
  "val_crm_loss": 0.09429652868187986,
  "val_crm_rmse": {
    "vel_body_x_mps": 0.00328003845822293,
    "vel_body_y_mps": 0.0026652162762543924,
    "roll_rad": 6.113214162462928e-05,
    "pitch_rad": 3.6202686823820585e-05,
    "roll_rate_radps": 0.004126259830286022,
    "ang_vel_body_y_radps": 0.0027685042455919797,
    "yaw_rate_radps": 0.002502687441614833,
    "tire_fl_force_wheel_fz_n": 654.1423768656375,
    "tire_fr_force_wheel_fz_n": 653.7413491656213,
    "tire_rl_force_wheel_fz_n": 922.7314607304912,
    "tire_rr_force_wheel_fz_n": 954.227968173138,
    "tire_fl_spindle_omega_radps": 0.14200313218657165,
    "tire_fr_spindle_omega_radps": 0.14036342827055975,
    "tire_rl_spindle_omega_radps": 0.16091720648684016,
    "tire_rr_spindle_omega_radps": 0.1579150400380075
  },
  "val_mixed_loss": 0.04946241863433897,
  "rollout_flat_5.0s": {
    "xy_rmse_m": 1.6081337264657294,
    "yaw_rmse_rad": 0.12421843948565366,
    "errdist": 0.2118147410217501,
    "mean_dist_m": 7.592170963684718,
    "episodes": 12
  },
  "rollout_flat_10.0s": {
    "xy_rmse_m": 5.171429577842159,
    "yaw_rmse_rad": 0.21949396362056772,
    "errdist": 0.14684423569867713,
    "mean_dist_m": 35.2171098391215,
    "episodes": 12
  },
  "rollout_crm_5.0s": {
    "xy_rmse_m": 1.0748831893976245,
    "yaw_rmse_rad": 0.06766771218882625,
    "errdist": 0.15019673005624998,
    "mean_dist_m": 7.1565019357949495,
    "episodes": 12
  },
  "rollout_crm_10.0s": {
    "xy_rmse_m": 2.1923652972342285,
    "yaw_rmse_rad": 0.1395997108956344,
    "errdist": 0.08756570678475918,
    "mean_dist_m": 25.036802393694717,
    "episodes": 12
  },
  "rollout_sel": 0.11720497124171816
}
{
  "epoch": 20,
  "timestamp_utc": "2026-07-10T00:58:49.200933+00:00",
  "train_loss": 0.02871610672865063,
  "val_loss": 0.004029801859360305,
  "val_rmse": {
    "vel_body_x_mps": 0.0009610446430123189,
    "vel_body_y_mps": 0.0008498990801649617,
    "roll_rad": 1.9746283078519013e-05,
    "pitch_rad": 1.5259844796701795e-05,
    "roll_rate_radps": 0.001589865021891866,
    "ang_vel_body_y_radps": 0.0009260037446069411,
    "yaw_rate_radps": 0.001419540672720635,
    "tire_fl_force_wheel_fz_n": 44.45456869559931,
    "tire_fr_force_wheel_fz_n": 45.44487430176972,
    "tire_rl_force_wheel_fz_n": 25.81985783985488,
    "tire_rr_force_wheel_fz_n": 23.38852100518929,
    "tire_fl_spindle_omega_radps": 0.06641385247369941,
    "tire_fr_spindle_omega_radps": 0.07473306819964601,
    "tire_rl_spindle_omega_radps": 0.07637917757197284,
    "tire_rr_spindle_omega_radps": 0.06026596490006472
  },
  "val_flat_loss": 0.004029801859360305,
  "val_flat_rmse": {
    "vel_body_x_mps": 0.0009610446430123189,
    "vel_body_y_mps": 0.0008498990801649617,
    "roll_rad": 1.9746283078519013e-05,
    "pitch_rad": 1.5259844796701795e-05,
    "roll_rate_radps": 0.001589865021891866,
    "ang_vel_body_y_radps": 0.0009260037446069411,
    "yaw_rate_radps": 0.001419540672720635,
    "tire_fl_force_wheel_fz_n": 44.45456869559931,
    "tire_fr_force_wheel_fz_n": 45.44487430176972,
    "tire_rl_force_wheel_fz_n": 25.81985783985488,
    "tire_rr_force_wheel_fz_n": 23.38852100518929,
    "tire_fl_spindle_omega_radps": 0.06641385247369941,
    "tire_fr_spindle_omega_radps": 0.07473306819964601,
    "tire_rl_spindle_omega_radps": 0.07637917757197284,
    "tire_rr_spindle_omega_radps": 0.06026596490006472
  },
  "val_crm_loss": 0.09298725800705142,
  "val_crm_rmse": {
    "vel_body_x_mps": 0.0031730832504662456,
    "vel_body_y_mps": 0.0025429806664398332,
    "roll_rad": 5.3733027414487817e-05,
    "pitch_rad": 4.626546245941555e-05,
    "roll_rate_radps": 0.0040650187959021785,
    "ang_vel_body_y_radps": 0.00270247421448166,
    "yaw_rate_radps": 0.002404362067037383,
    "tire_fl_force_wheel_fz_n": 637.8026992525417,
    "tire_fr_force_wheel_fz_n": 667.0915113766486,
    "tire_rl_force_wheel_fz_n": 911.9035614328984,
    "tire_rr_force_wheel_fz_n": 966.5880933041279,
    "tire_fl_spindle_omega_radps": 0.13998968282876753,
    "tire_fr_spindle_omega_radps": 0.14103091927660566,
    "tire_rl_spindle_omega_radps": 0.15980068698160974,
    "tire_rr_spindle_omega_radps": 0.15961142677661994
  },
  "val_mixed_loss": 0.04850852993320586,
  "rollout_flat_5.0s": {
    "xy_rmse_m": 2.116433493118617,
    "yaw_rmse_rad": 0.08107239720470039,
    "errdist": 0.278765257426638,
    "mean_dist_m": 7.592170963684718,
    "episodes": 12
  },
  "rollout_flat_10.0s": {
    "xy_rmse_m": 6.021689688459674,
    "yaw_rmse_rad": 0.13148186502763884,
    "errdist": 0.17098761698412804,
    "mean_dist_m": 35.2171098391215,
    "episodes": 12
  },
  "rollout_crm_5.0s": {
    "xy_rmse_m": 1.0583080582091176,
    "yaw_rmse_rad": 0.08269216972076834,
    "errdist": 0.14788063605708504,
    "mean_dist_m": 7.1565019357949495,
    "episodes": 12
  },
  "rollout_crm_10.0s": {
    "xy_rmse_m": 3.844675890718387,
    "yaw_rmse_rad": 0.21581864410722137,
    "errdist": 0.15356097916428146,
    "mean_dist_m": 25.036802393694717,
    "episodes": 12
  },
  "rollout_sel": 0.16227429807420474
}
{
  "epoch": 21,
  "timestamp_utc": "2026-07-10T00:59:32.659989+00:00",
  "train_loss": 0.028481006362475456,
  "val_loss": 0.004126237753844179,
  "val_rmse": {
    "vel_body_x_mps": 0.0010440541962339412,
    "vel_body_y_mps": 0.0009811921055568338,
    "roll_rad": 2.2394439435673125e-05,
    "pitch_rad": 1.2010465429797061e-05,
    "roll_rate_radps": 0.0016277870427621266,
    "ang_vel_body_y_radps": 0.0010381746848823741,
    "yaw_rate_radps": 0.0013735833966955942,
    "tire_fl_force_wheel_fz_n": 42.06881497493856,
    "tire_fr_force_wheel_fz_n": 43.6445806283039,
    "tire_rl_force_wheel_fz_n": 25.717175841611308,
    "tire_rr_force_wheel_fz_n": 25.860196522919644,
    "tire_fl_spindle_omega_radps": 0.06710679286581528,
    "tire_fr_spindle_omega_radps": 0.07514381456154841,
    "tire_rl_spindle_omega_radps": 0.07577681188542768,
    "tire_rr_spindle_omega_radps": 0.059485709120210895
  },
  "val_flat_loss": 0.004126237753844179,
  "val_flat_rmse": {
    "vel_body_x_mps": 0.0010440541962339412,
    "vel_body_y_mps": 0.0009811921055568338,
    "roll_rad": 2.2394439435673125e-05,
    "pitch_rad": 1.2010465429797061e-05,
    "roll_rate_radps": 0.0016277870427621266,
    "ang_vel_body_y_radps": 0.0010381746848823741,
    "yaw_rate_radps": 0.0013735833966955942,
    "tire_fl_force_wheel_fz_n": 42.06881497493856,
    "tire_fr_force_wheel_fz_n": 43.6445806283039,
    "tire_rl_force_wheel_fz_n": 25.717175841611308,
    "tire_rr_force_wheel_fz_n": 25.860196522919644,
    "tire_fl_spindle_omega_radps": 0.06710679286581528,
    "tire_fr_spindle_omega_radps": 0.07514381456154841,
    "tire_rl_spindle_omega_radps": 0.07577681188542768,
    "tire_rr_spindle_omega_radps": 0.059485709120210895
  },
  "val_crm_loss": 0.0914847610326251,
  "val_crm_rmse": {
    "vel_body_x_mps": 0.0031060990071407066,
    "vel_body_y_mps": 0.002589482348343447,
    "roll_rad": 5.618691901907464e-05,
    "pitch_rad": 4.266673573345301e-05,
    "roll_rate_radps": 0.004038033908707422,
    "ang_vel_body_y_radps": 0.0027518138854989533,
    "yaw_rate_radps": 0.0023925284956535465,
    "tire_fl_force_wheel_fz_n": 630.019010567743,
    "tire_fr_force_wheel_fz_n": 638.636821671846,
    "tire_rl_force_wheel_fz_n": 915.9170049290562,
    "tire_rr_force_wheel_fz_n": 955.7361246290524,
    "tire_fl_spindle_omega_radps": 0.1387388674711569,
    "tire_fr_spindle_omega_radps": 0.13792982402567108,
    "tire_rl_spindle_omega_radps": 0.15854696575531244,
    "tire_rr_spindle_omega_radps": 0.1574603671509414
  },
  "val_mixed_loss": 0.04780549939323464,
  "rollout_flat_5.0s": {
    "xy_rmse_m": 1.6875762874172433,
    "yaw_rmse_rad": 0.13234745113537466,
    "errdist": 0.22227848865487215,
    "mean_dist_m": 7.592170963684718,
    "episodes": 12
  },
  "rollout_flat_10.0s": {
    "xy_rmse_m": 7.2232367944830935,
    "yaw_rmse_rad": 0.30310577429925567,
    "errdist": 0.20510589391009718,
    "mean_dist_m": 35.2171098391215,
    "episodes": 12
  },
  "rollout_crm_5.0s": {
    "xy_rmse_m": 0.7184121687467719,
    "yaw_rmse_rad": 0.03616966904936811,
    "errdist": 0.10038593927480999,
    "mean_dist_m": 7.1565019357949495,
    "episodes": 12
  },
  "rollout_crm_10.0s": {
    "xy_rmse_m": 2.143710351694102,
    "yaw_rmse_rad": 0.08099552970881782,
    "errdist": 0.08562236974135223,
    "mean_dist_m": 25.036802393694717,
    "episodes": 12
  },
  "rollout_sel": 0.14536413182572472
}
{
  "epoch": 22,
  "timestamp_utc": "2026-07-10T01:00:16.106815+00:00",
  "train_loss": 0.028140036086551846,
  "val_loss": 0.003853483118728036,
  "val_rmse": {
    "vel_body_x_mps": 0.000997102776161128,
    "vel_body_y_mps": 0.0007594572450957379,
    "roll_rad": 2.053742375268591e-05,
    "pitch_rad": 1.0833999651538768e-05,
    "roll_rate_radps": 0.0015872658026574212,
    "ang_vel_body_y_radps": 0.000926143894614349,
    "yaw_rate_radps": 0.0013922747239879221,
    "tire_fl_force_wheel_fz_n": 41.99217631994764,
    "tire_fr_force_wheel_fz_n": 44.56467806999952,
    "tire_rl_force_wheel_fz_n": 25.307281443537622,
    "tire_rr_force_wheel_fz_n": 24.047599636509563,
    "tire_fl_spindle_omega_radps": 0.06613346738920163,
    "tire_fr_spindle_omega_radps": 0.07534754055810654,
    "tire_rl_spindle_omega_radps": 0.075689377901448,
    "tire_rr_spindle_omega_radps": 0.05792661995088361
  },
  "val_flat_loss": 0.003853483118728036,
  "val_flat_rmse": {
    "vel_body_x_mps": 0.000997102776161128,
    "vel_body_y_mps": 0.0007594572450957379,
    "roll_rad": 2.053742375268591e-05,
    "pitch_rad": 1.0833999651538768e-05,
    "roll_rate_radps": 0.0015872658026574212,
    "ang_vel_body_y_radps": 0.000926143894614349,
    "yaw_rate_radps": 0.0013922747239879221,
    "tire_fl_force_wheel_fz_n": 41.99217631994764,
    "tire_fr_force_wheel_fz_n": 44.56467806999952,
    "tire_rl_force_wheel_fz_n": 25.307281443537622,
    "tire_rr_force_wheel_fz_n": 24.047599636509563,
    "tire_fl_spindle_omega_radps": 0.06613346738920163,
    "tire_fr_spindle_omega_radps": 0.07534754055810654,
    "tire_rl_spindle_omega_radps": 0.075689377901448,
    "tire_rr_spindle_omega_radps": 0.05792661995088361
  },
  "val_crm_loss": 0.0917355253448477,
  "val_crm_rmse": {
    "vel_body_x_mps": 0.003088114045549199,
    "vel_body_y_mps": 0.002550357082031929,
    "roll_rad": 6.137569169766064e-05,
    "pitch_rad": 3.783113890099234e-05,
    "roll_rate_radps": 0.004086857091319327,
    "ang_vel_body_y_radps": 0.0027322559710341817,
    "yaw_rate_radps": 0.002388525803952159,
    "tire_fl_force_wheel_fz_n": 651.2982152950997,
    "tire_fr_force_wheel_fz_n": 642.4704167566556,
    "tire_rl_force_wheel_fz_n": 917.340588397161,
    "tire_rr_force_wheel_fz_n": 950.8638473761363,
    "tire_fl_spindle_omega_radps": 0.14048011261252405,
    "tire_fr_spindle_omega_radps": 0.13880042197115172,
    "tire_rl_spindle_omega_radps": 0.15855342632323402,
    "tire_rr_spindle_omega_radps": 0.15890636091349045
  },
  "val_mixed_loss": 0.04779450423178787,
  "rollout_flat_5.0s": {
    "xy_rmse_m": 1.5550320088648197,
    "yaw_rmse_rad": 0.06651086033347271,
    "errdist": 0.20482046786129196,
    "mean_dist_m": 7.592170963684718,
    "episodes": 12
  },
  "rollout_flat_10.0s": {
    "xy_rmse_m": 6.417530084293528,
    "yaw_rmse_rad": 0.17733284948965383,
    "errdist": 0.18222761929102174,
    "mean_dist_m": 35.2171098391215,
    "episodes": 12
  },
  "rollout_crm_5.0s": {
    "xy_rmse_m": 0.46138535274896636,
    "yaw_rmse_rad": 0.049847788878785236,
    "errdist": 0.0644707926984883,
    "mean_dist_m": 7.1565019357949495,
    "episodes": 12
  },
  "rollout_crm_10.0s": {
    "xy_rmse_m": 2.2478188254128924,
    "yaw_rmse_rad": 0.16136012278026754,
    "errdist": 0.08978058739557669,
    "mean_dist_m": 25.036802393694717,
    "episodes": 12
  },
  "rollout_sel": 0.1360041033432992
}
{
  "epoch": 23,
  "timestamp_utc": "2026-07-10T01:00:59.466709+00:00",
  "train_loss": 0.028069688958581536,
  "val_loss": 0.003748432152242458,
  "val_rmse": {
    "vel_body_x_mps": 0.0009492501802943939,
    "vel_body_y_mps": 0.000849769635804217,
    "roll_rad": 1.9792129470574086e-05,
    "pitch_rad": 9.930460847581296e-06,
    "roll_rate_radps": 0.001580559664071934,
    "ang_vel_body_y_radps": 0.0009258564625662273,
    "yaw_rate_radps": 0.0013731524517021627,
    "tire_fl_force_wheel_fz_n": 41.15046957218535,
    "tire_fr_force_wheel_fz_n": 44.429216877386835,
    "tire_rl_force_wheel_fz_n": 28.437550717822113,
    "tire_rr_force_wheel_fz_n": 24.562816733921945,
    "tire_fl_spindle_omega_radps": 0.0658925429822607,
    "tire_fr_spindle_omega_radps": 0.0741607389043819,
    "tire_rl_spindle_omega_radps": 0.0750537612193569,
    "tire_rr_spindle_omega_radps": 0.058339790602112945
  },
  "val_flat_loss": 0.003748432152242458,
  "val_flat_rmse": {
    "vel_body_x_mps": 0.0009492501802943939,
    "vel_body_y_mps": 0.000849769635804217,
    "roll_rad": 1.9792129470574086e-05,
    "pitch_rad": 9.930460847581296e-06,
    "roll_rate_radps": 0.001580559664071934,
    "ang_vel_body_y_radps": 0.0009258564625662273,
    "yaw_rate_radps": 0.0013731524517021627,
    "tire_fl_force_wheel_fz_n": 41.15046957218535,
    "tire_fr_force_wheel_fz_n": 44.429216877386835,
    "tire_rl_force_wheel_fz_n": 28.437550717822113,
    "tire_rr_force_wheel_fz_n": 24.562816733921945,
    "tire_fl_spindle_omega_radps": 0.0658925429822607,
    "tire_fr_spindle_omega_radps": 0.0741607389043819,
    "tire_rl_spindle_omega_radps": 0.0750537612193569,
    "tire_rr_spindle_omega_radps": 0.058339790602112945
  },
  "val_crm_loss": 0.09158087516669183,
  "val_crm_rmse": {
    "vel_body_x_mps": 0.003089871819817563,
    "vel_body_y_mps": 0.00263644845028661,
    "roll_rad": 5.989296710486439e-05,
    "pitch_rad": 4.239628154491458e-05,
    "roll_rate_radps": 0.004024146428078109,
    "ang_vel_body_y_radps": 0.002770995568252726,
    "yaw_rate_radps": 0.0023632567484026174,
    "tire_fl_force_wheel_fz_n": 634.3232652126509,
    "tire_fr_force_wheel_fz_n": 652.6761271269133,
    "tire_rl_force_wheel_fz_n": 917.9585165387037,
    "tire_rr_force_wheel_fz_n": 953.0155525602039,
    "tire_fl_spindle_omega_radps": 0.13654263822792614,
    "tire_fr_spindle_omega_radps": 0.1365775675403715,
    "tire_rl_spindle_omega_radps": 0.15678317485233634,
    "tire_rr_spindle_omega_radps": 0.1560829080997552
  },
  "val_mixed_loss": 0.04766465365946715,
  "rollout_flat_5.0s": {
    "xy_rmse_m": 1.9899142469527231,
    "yaw_rmse_rad": 0.0756203688827132,
    "errdist": 0.26210082155301667,
    "mean_dist_m": 7.592170963684718,
    "episodes": 12
  },
  "rollout_flat_10.0s": {
    "xy_rmse_m": 6.4712071912279345,
    "yaw_rmse_rad": 0.12774238355225448,
    "errdist": 0.1837517962373871,
    "mean_dist_m": 35.2171098391215,
    "episodes": 12
  },
  "rollout_crm_5.0s": {
    "xy_rmse_m": 1.2160410465728833,
    "yaw_rmse_rad": 0.07130754008403242,
    "errdist": 0.169921151071107,
    "mean_dist_m": 7.1565019357949495,
    "episodes": 12
  },
  "rollout_crm_10.0s": {
    "xy_rmse_m": 4.369863795901031,
    "yaw_rmse_rad": 0.21432979889422968,
    "errdist": 0.17453761575406052,
    "mean_dist_m": 25.036802393694717,
    "episodes": 12
  },
  "rollout_sel": 0.1791447059957238
}
{
  "epoch": 24,
  "timestamp_utc": "2026-07-10T01:01:42.923446+00:00",
  "train_loss": 0.027712243663612753,
  "val_loss": 0.0037505061914998804,
  "val_rmse": {
    "vel_body_x_mps": 0.000981111594670429,
    "vel_body_y_mps": 0.0007875684164877127,
    "roll_rad": 1.9051489884449993e-05,
    "pitch_rad": 1.2755706837304295e-05,
    "roll_rate_radps": 0.0015717547666146787,
    "ang_vel_body_y_radps": 0.0009484719869700282,
    "yaw_rate_radps": 0.0013860928709006621,
    "tire_fl_force_wheel_fz_n": 41.26895197579601,
    "tire_fr_force_wheel_fz_n": 43.354847563835364,
    "tire_rl_force_wheel_fz_n": 27.141156559879366,
    "tire_rr_force_wheel_fz_n": 25.099514470970686,
    "tire_fl_spindle_omega_radps": 0.0648086182961937,
    "tire_fr_spindle_omega_radps": 0.07427354806516857,
    "tire_rl_spindle_omega_radps": 0.07576120806145913,
    "tire_rr_spindle_omega_radps": 0.05642576278099509
  },
  "val_flat_loss": 0.0037505061914998804,
  "val_flat_rmse": {
    "vel_body_x_mps": 0.000981111594670429,
    "vel_body_y_mps": 0.0007875684164877127,
    "roll_rad": 1.9051489884449993e-05,
    "pitch_rad": 1.2755706837304295e-05,
    "roll_rate_radps": 0.0015717547666146787,
    "ang_vel_body_y_radps": 0.0009484719869700282,
    "yaw_rate_radps": 0.0013860928709006621,
    "tire_fl_force_wheel_fz_n": 41.26895197579601,
    "tire_fr_force_wheel_fz_n": 43.354847563835364,
    "tire_rl_force_wheel_fz_n": 27.141156559879366,
    "tire_rr_force_wheel_fz_n": 25.099514470970686,
    "tire_fl_spindle_omega_radps": 0.0648086182961937,
    "tire_fr_spindle_omega_radps": 0.07427354806516857,
    "tire_rl_spindle_omega_radps": 0.07576120806145913,
    "tire_rr_spindle_omega_radps": 0.05642576278099509
  },
  "val_crm_loss": 0.09064053835405503,
  "val_crm_rmse": {
    "vel_body_x_mps": 0.0030629354773685285,
    "vel_body_y_mps": 0.002537003100384124,
    "roll_rad": 5.314187840047525e-05,
    "pitch_rad": 4.1362460374052677e-05,
    "roll_rate_radps": 0.0040568225456500216,
    "ang_vel_body_y_radps": 0.0026904297790130583,
    "yaw_rate_radps": 0.0023683840581572584,
    "tire_fl_force_wheel_fz_n": 628.5337141391624,
    "tire_fr_force_wheel_fz_n": 633.285746512457,
    "tire_rl_force_wheel_fz_n": 911.9666724690853,
    "tire_rr_force_wheel_fz_n": 948.4243843740871,
    "tire_fl_spindle_omega_radps": 0.13602740986083522,
    "tire_fr_spindle_omega_radps": 0.1361553716200808,
    "tire_rl_spindle_omega_radps": 0.15713812711099,
    "tire_rr_spindle_omega_radps": 0.15563515104523093
  },
  "val_mixed_loss": 0.04719552227277746,
  "rollout_flat_5.0s": {
    "xy_rmse_m": 1.5779655537143402,
    "yaw_rmse_rad": 0.054943588856272124,
    "errdist": 0.2078411512678192,
    "mean_dist_m": 7.592170963684718,
    "episodes": 12
  },
  "rollout_flat_10.0s": {
    "xy_rmse_m": 4.162089410489033,
    "yaw_rmse_rad": 0.13681356295949204,
    "errdist": 0.11818373028060095,
    "mean_dist_m": 35.2171098391215,
    "episodes": 12
  },
  "rollout_crm_5.0s": {
    "xy_rmse_m": 1.4410840948143253,
    "yaw_rmse_rad": 0.07405716811140141,
    "errdist": 0.20136710752587098,
    "mean_dist_m": 7.1565019357949495,
    "episodes": 12
  },
  "rollout_crm_10.0s": {
    "xy_rmse_m": 4.964128649859916,
    "yaw_rmse_rad": 0.19438186486194392,
    "errdist": 0.198273268758557,
    "mean_dist_m": 25.036802393694717,
    "episodes": 12
  },
  "rollout_sel": 0.15822849951957896
}
{
  "epoch": 25,
  "timestamp_utc": "2026-07-10T01:02:26.429742+00:00",
  "train_loss": 0.027638773606624454,
  "val_loss": 0.003661749315142515,
  "val_rmse": {
    "vel_body_x_mps": 0.0009568707613867428,
    "vel_body_y_mps": 0.0007801274139148857,
    "roll_rad": 2.6379286002098895e-05,
    "pitch_rad": 1.1719114563361917e-05,
    "roll_rate_radps": 0.0015741826012725267,
    "ang_vel_body_y_radps": 0.0009244787482961056,
    "yaw_rate_radps": 0.001381116276504458,
    "tire_fl_force_wheel_fz_n": 41.45116013811869,
    "tire_fr_force_wheel_fz_n": 41.40242457189301,
    "tire_rl_force_wheel_fz_n": 24.372540016067124,
    "tire_rr_force_wheel_fz_n": 23.428171509239515,
    "tire_fl_spindle_omega_radps": 0.06442129155511478,
    "tire_fr_spindle_omega_radps": 0.07390305047991734,
    "tire_rl_spindle_omega_radps": 0.0753306039672278,
    "tire_rr_spindle_omega_radps": 0.05679040312227214
  },
  "val_flat_loss": 0.003661749315142515,
  "val_flat_rmse": {
    "vel_body_x_mps": 0.0009568707613867428,
    "vel_body_y_mps": 0.0007801274139148857,
    "roll_rad": 2.6379286002098895e-05,
    "pitch_rad": 1.1719114563361917e-05,
    "roll_rate_radps": 0.0015741826012725267,
    "ang_vel_body_y_radps": 0.0009244787482961056,
    "yaw_rate_radps": 0.001381116276504458,
    "tire_fl_force_wheel_fz_n": 41.45116013811869,
    "tire_fr_force_wheel_fz_n": 41.40242457189301,
    "tire_rl_force_wheel_fz_n": 24.372540016067124,
    "tire_rr_force_wheel_fz_n": 23.428171509239515,
    "tire_fl_spindle_omega_radps": 0.06442129155511478,
    "tire_fr_spindle_omega_radps": 0.07390305047991734,
    "tire_rl_spindle_omega_radps": 0.0753306039672278,
    "tire_rr_spindle_omega_radps": 0.05679040312227214
  },
  "val_crm_loss": 0.09058713761798572,
  "val_crm_rmse": {
    "vel_body_x_mps": 0.0031364700610677226,
    "vel_body_y_mps": 0.0025030909777039585,
    "roll_rad": 5.456076336983579e-05,
    "pitch_rad": 3.8247432990315614e-05,
    "roll_rate_radps": 0.0039490923362039835,
    "ang_vel_body_y_radps": 0.0027248307847058976,
    "yaw_rate_radps": 0.0023993531822636203,
    "tire_fl_force_wheel_fz_n": 626.0205642354755,
    "tire_fr_force_wheel_fz_n": 634.9023420268135,
    "tire_rl_force_wheel_fz_n": 916.1687141944176,
    "tire_rr_force_wheel_fz_n": 949.8038283729792,
    "tire_fl_spindle_omega_radps": 0.1357821873847192,
    "tire_fr_spindle_omega_radps": 0.1357549239731243,
    "tire_rl_spindle_omega_radps": 0.15512845946344284,
    "tire_rr_spindle_omega_radps": 0.1557055896716158
  },
  "val_mixed_loss": 0.047124443466564116,
  "rollout_flat_5.0s": {
    "xy_rmse_m": 2.2236018579266545,
    "yaw_rmse_rad": 0.11892787628074314,
    "errdist": 0.29288089909496334,
    "mean_dist_m": 7.592170963684718,
    "episodes": 12
  },
  "rollout_flat_10.0s": {
    "xy_rmse_m": 6.068069016461634,
    "yaw_rmse_rad": 0.2898117582448648,
    "errdist": 0.1723045713910578,
    "mean_dist_m": 35.2171098391215,
    "episodes": 12
  },
  "rollout_crm_5.0s": {
    "xy_rmse_m": 1.6458152960581616,
    "yaw_rmse_rad": 0.08669832376389261,
    "errdist": 0.22997482720241075,
    "mean_dist_m": 7.1565019357949495,
    "episodes": 12
  },
  "rollout_crm_10.0s": {
    "xy_rmse_m": 5.3425068417215105,
    "yaw_rmse_rad": 0.19741295910492854,
    "errdist": 0.21338614882653587,
    "mean_dist_m": 25.036802393694717,
    "episodes": 12
  },
  "rollout_sel": 0.19284536010879683
}
{
  "epoch": 26,
  "timestamp_utc": "2026-07-10T01:03:09.550323+00:00",
  "train_loss": 0.027209607244934885,
  "val_loss": 0.0038933461258420722,
  "val_rmse": {
    "vel_body_x_mps": 0.0009925779295140169,
    "vel_body_y_mps": 0.0009344226326759318,
    "roll_rad": 2.382550436276484e-05,
    "pitch_rad": 1.0034557483946726e-05,
    "roll_rate_radps": 0.0015893970854451945,
    "ang_vel_body_y_radps": 0.0009211813813744857,
    "yaw_rate_radps": 0.0014215778190866518,
    "tire_fl_force_wheel_fz_n": 41.89754759694704,
    "tire_fr_force_wheel_fz_n": 43.08168776729833,
    "tire_rl_force_wheel_fz_n": 25.344192579664206,
    "tire_rr_force_wheel_fz_n": 23.810742014674446,
    "tire_fl_spindle_omega_radps": 0.06459786898462586,
    "tire_fr_spindle_omega_radps": 0.0738216145459701,
    "tire_rl_spindle_omega_radps": 0.07590972190982402,
    "tire_rr_spindle_omega_radps": 0.056612449032362254
  },
  "val_flat_loss": 0.0038933461258420722,
  "val_flat_rmse": {
    "vel_body_x_mps": 0.0009925779295140169,
    "vel_body_y_mps": 0.0009344226326759318,
    "roll_rad": 2.382550436276484e-05,
    "pitch_rad": 1.0034557483946726e-05,
    "roll_rate_radps": 0.0015893970854451945,
    "ang_vel_body_y_radps": 0.0009211813813744857,
    "yaw_rate_radps": 0.0014215778190866518,
    "tire_fl_force_wheel_fz_n": 41.89754759694704,
    "tire_fr_force_wheel_fz_n": 43.08168776729833,
    "tire_rl_force_wheel_fz_n": 25.344192579664206,
    "tire_rr_force_wheel_fz_n": 23.810742014674446,
    "tire_fl_spindle_omega_radps": 0.06459786898462586,
    "tire_fr_spindle_omega_radps": 0.0738216145459701,
    "tire_rl_spindle_omega_radps": 0.07590972190982402,
    "tire_rr_spindle_omega_radps": 0.056612449032362254
  },
  "val_crm_loss": 0.09067432225449011,
  "val_crm_rmse": {
    "vel_body_x_mps": 0.0030776930823757415,
    "vel_body_y_mps": 0.0025786417864713893,
    "roll_rad": 5.529138755546189e-05,
    "pitch_rad": 3.7840996941402245e-05,
    "roll_rate_radps": 0.003984653009492743,
    "ang_vel_body_y_radps": 0.0027060275731351897,
    "yaw_rate_radps": 0.00235490267421742,
    "tire_fl_force_wheel_fz_n": 626.9571762505401,
    "tire_fr_force_wheel_fz_n": 634.7478163896092,
    "tire_rl_force_wheel_fz_n": 914.3882874153373,
    "tire_rr_force_wheel_fz_n": 957.7909398496145,
    "tire_fl_spindle_omega_radps": 0.1350035177625261,
    "tire_fr_spindle_omega_radps": 0.13425078371345123,
    "tire_rl_spindle_omega_radps": 0.15699289693685117,
    "tire_rr_spindle_omega_radps": 0.15593984442533443
  },
  "val_mixed_loss": 0.047283834190166095,
  "rollout_flat_5.0s": {
    "xy_rmse_m": 1.0994846844892345,
    "yaw_rmse_rad": 0.07197575059999606,
    "errdist": 0.14481821994635646,
    "mean_dist_m": 7.592170963684718,
    "episodes": 12
  },
  "rollout_flat_10.0s": {
    "xy_rmse_m": 5.055669871694798,
    "yaw_rmse_rad": 0.17247855672840962,
    "errdist": 0.14355720542628472,
    "mean_dist_m": 35.2171098391215,
    "episodes": 12
  },
  "rollout_crm_5.0s": {
    "xy_rmse_m": 0.6142095220573399,
    "yaw_rmse_rad": 0.041690181762447084,
    "errdist": 0.08582538334618826,
    "mean_dist_m": 7.1565019357949495,
    "episodes": 12
  },
  "rollout_crm_10.0s": {
    "xy_rmse_m": 1.3411214013500714,
    "yaw_rmse_rad": 0.06562036800689036,
    "errdist": 0.05356600177057036,
    "mean_dist_m": 25.036802393694717,
    "episodes": 12
  },
  "rollout_sel": 0.09856160359842754
}
{
  "epoch": 27,
  "timestamp_utc": "2026-07-10T01:03:52.876328+00:00",
  "train_loss": 0.026859854609705507,
  "val_loss": 0.0038454815281875197,
  "val_rmse": {
    "vel_body_x_mps": 0.0010849265762208728,
    "vel_body_y_mps": 0.0007903682631941853,
    "roll_rad": 2.5110675383070208e-05,
    "pitch_rad": 9.49364044350209e-06,
    "roll_rate_radps": 0.0015366154813155138,
    "ang_vel_body_y_radps": 0.0009141607608711734,
    "yaw_rate_radps": 0.0013883955116998621,
    "tire_fl_force_wheel_fz_n": 42.07705935166057,
    "tire_fr_force_wheel_fz_n": 40.6780592957208,
    "tire_rl_force_wheel_fz_n": 24.425144425885637,
    "tire_rr_force_wheel_fz_n": 23.911578131821333,
    "tire_fl_spindle_omega_radps": 0.06497987298196325,
    "tire_fr_spindle_omega_radps": 0.07443020833709023,
    "tire_rl_spindle_omega_radps": 0.07458534076019632,
    "tire_rr_spindle_omega_radps": 0.05659172869606957
  },
  "val_flat_loss": 0.0038454815281875197,
  "val_flat_rmse": {
    "vel_body_x_mps": 0.0010849265762208728,
    "vel_body_y_mps": 0.0007903682631941853,
    "roll_rad": 2.5110675383070208e-05,
    "pitch_rad": 9.49364044350209e-06,
    "roll_rate_radps": 0.0015366154813155138,
    "ang_vel_body_y_radps": 0.0009141607608711734,
    "yaw_rate_radps": 0.0013883955116998621,
    "tire_fl_force_wheel_fz_n": 42.07705935166057,
    "tire_fr_force_wheel_fz_n": 40.6780592957208,
    "tire_rl_force_wheel_fz_n": 24.425144425885637,
    "tire_rr_force_wheel_fz_n": 23.911578131821333,
    "tire_fl_spindle_omega_radps": 0.06497987298196325,
    "tire_fr_spindle_omega_radps": 0.07443020833709023,
    "tire_rl_spindle_omega_radps": 0.07458534076019632,
    "tire_rr_spindle_omega_radps": 0.05659172869606957
  },
  "val_crm_loss": 0.08920423309376929,
  "val_crm_rmse": {
    "vel_body_x_mps": 0.0030093307324945296,
    "vel_body_y_mps": 0.002491930839985735,
    "roll_rad": 5.8720340663383326e-05,
    "pitch_rad": 3.491839339902831e-05,
    "roll_rate_radps": 0.003911130145299077,
    "ang_vel_body_y_radps": 0.0026780684710502093,
    "yaw_rate_radps": 0.002337158289424055,
    "tire_fl_force_wheel_fz_n": 627.8528995059024,
    "tire_fr_force_wheel_fz_n": 645.6868259654534,
    "tire_rl_force_wheel_fz_n": 905.5550720204233,
    "tire_rr_force_wheel_fz_n": 938.2674268869162,
    "tire_fl_spindle_omega_radps": 0.1356353375149652,
    "tire_fr_spindle_omega_radps": 0.13549336400483278,
    "tire_rl_spindle_omega_radps": 0.1540806556845537,
    "tire_rr_spindle_omega_radps": 0.15647629095175664
  },
  "val_mixed_loss": 0.046524857310978406,
  "rollout_flat_5.0s": {
    "xy_rmse_m": 1.3861190228606979,
    "yaw_rmse_rad": 0.07979583638791171,
    "errdist": 0.1825721561712529,
    "mean_dist_m": 7.592170963684718,
    "episodes": 12
  },
  "rollout_flat_10.0s": {
    "xy_rmse_m": 4.437931786962896,
    "yaw_rmse_rad": 0.12289693781827457,
    "errdist": 0.12601635418795631,
    "mean_dist_m": 35.2171098391215,
    "episodes": 12
  },
  "rollout_crm_5.0s": {
    "xy_rmse_m": 0.6831555291811531,
    "yaw_rmse_rad": 0.05496613796242087,
    "errdist": 0.0954594207212029,
    "mean_dist_m": 7.1565019357949495,
    "episodes": 12
  },
  "rollout_crm_10.0s": {
    "xy_rmse_m": 2.06332584500944,
    "yaw_rmse_rad": 0.17418171231625063,
    "errdist": 0.0824117158638864,
    "mean_dist_m": 25.036802393694717,
    "episodes": 12
  },
  "rollout_sel": 0.10421403502592136
}
{
  "epoch": 28,
  "timestamp_utc": "2026-07-10T01:04:36.354359+00:00",
  "train_loss": 0.026655542602296918,
  "val_loss": 0.0038207779508593375,
  "val_rmse": {
    "vel_body_x_mps": 0.0010046380341250008,
    "vel_body_y_mps": 0.0008008871922133716,
    "roll_rad": 2.0356589464438933e-05,
    "pitch_rad": 9.517825543429651e-06,
    "roll_rate_radps": 0.0015184530394887958,
    "ang_vel_body_y_radps": 0.0009321508682315335,
    "yaw_rate_radps": 0.0013656862324188987,
    "tire_fl_force_wheel_fz_n": 41.34112110594323,
    "tire_fr_force_wheel_fz_n": 42.39706729179768,
    "tire_rl_force_wheel_fz_n": 27.457868028286228,
    "tire_rr_force_wheel_fz_n": 23.311122812495565,
    "tire_fl_spindle_omega_radps": 0.06497337944081454,
    "tire_fr_spindle_omega_radps": 0.07522066844879706,
    "tire_rl_spindle_omega_radps": 0.07554084123237476,
    "tire_rr_spindle_omega_radps": 0.058839733778473735
  },
  "val_flat_loss": 0.0038207779508593375,
  "val_flat_rmse": {
    "vel_body_x_mps": 0.0010046380341250008,
    "vel_body_y_mps": 0.0008008871922133716,
    "roll_rad": 2.0356589464438933e-05,
    "pitch_rad": 9.517825543429651e-06,
    "roll_rate_radps": 0.0015184530394887958,
    "ang_vel_body_y_radps": 0.0009321508682315335,
    "yaw_rate_radps": 0.0013656862324188987,
    "tire_fl_force_wheel_fz_n": 41.34112110594323,
    "tire_fr_force_wheel_fz_n": 42.39706729179768,
    "tire_rl_force_wheel_fz_n": 27.457868028286228,
    "tire_rr_force_wheel_fz_n": 23.311122812495565,
    "tire_fl_spindle_omega_radps": 0.06497337944081454,
    "tire_fr_spindle_omega_radps": 0.07522066844879706,
    "tire_rl_spindle_omega_radps": 0.07554084123237476,
    "tire_rr_spindle_omega_radps": 0.058839733778473735
  },
  "val_crm_loss": 0.0896940063155489,
  "val_crm_rmse": {
    "vel_body_x_mps": 0.0030304005911366066,
    "vel_body_y_mps": 0.0025320442801959014,
    "roll_rad": 5.854396870789513e-05,
    "pitch_rad": 3.967992577301157e-05,
    "roll_rate_radps": 0.003954286160609697,
    "ang_vel_body_y_radps": 0.002682762451255666,
    "yaw_rate_radps": 0.0023528420803440066,
    "tire_fl_force_wheel_fz_n": 615.0607982285801,
    "tire_fr_force_wheel_fz_n": 630.776422884134,
    "tire_rl_force_wheel_fz_n": 920.1702211963624,
    "tire_rr_force_wheel_fz_n": 940.5148730201295,
    "tire_fl_spindle_omega_radps": 0.13484580575815938,
    "tire_fr_spindle_omega_radps": 0.13518923250978757,
    "tire_rl_spindle_omega_radps": 0.1552850789501516,
    "tire_rr_spindle_omega_radps": 0.15663443600540794
  },
  "val_mixed_loss": 0.046757392133204116,
  "rollout_flat_5.0s": {
    "xy_rmse_m": 1.537990224473177,
    "yaw_rmse_rad": 0.10629897853996628,
    "errdist": 0.20257581551176532,
    "mean_dist_m": 7.592170963684718,
    "episodes": 12
  },
  "rollout_flat_10.0s": {
    "xy_rmse_m": 8.012277238579028,
    "yaw_rmse_rad": 0.3063300023714168,
    "errdist": 0.22751092509239526,
    "mean_dist_m": 35.2171098391215,
    "episodes": 12
  },
  "rollout_crm_5.0s": {
    "xy_rmse_m": 0.5837805868082109,
    "yaw_rmse_rad": 0.04509824781882059,
    "errdist": 0.08157345474725483,
    "mean_dist_m": 7.1565019357949495,
    "episodes": 12
  },
  "rollout_crm_10.0s": {
    "xy_rmse_m": 2.69845262008934,
    "yaw_rmse_rad": 0.08731699730882925,
    "errdist": 0.10777944314362284,
    "mean_dist_m": 25.036802393694717,
    "episodes": 12
  },
  "rollout_sel": 0.16764518411800905
}
{
  "epoch": 29,
  "timestamp_utc": "2026-07-10T01:05:19.707814+00:00",
  "train_loss": 0.026566944372374564,
  "val_loss": 0.0037089170084800573,
  "val_rmse": {
    "vel_body_x_mps": 0.0009522505103885963,
    "vel_body_y_mps": 0.0008108814885482661,
    "roll_rad": 1.901951433563586e-05,
    "pitch_rad": 1.1344784509661738e-05,
    "roll_rate_radps": 0.001536077837407202,
    "ang_vel_body_y_radps": 0.0009233275598497281,
    "yaw_rate_radps": 0.001381015510287642,
    "tire_fl_force_wheel_fz_n": 41.268370631899394,
    "tire_fr_force_wheel_fz_n": 41.95759637923514,
    "tire_rl_force_wheel_fz_n": 25.905702670841727,
    "tire_rr_force_wheel_fz_n": 22.925809786439686,
    "tire_fl_spindle_omega_radps": 0.06498206559734314,
    "tire_fr_spindle_omega_radps": 0.07378474205182264,
    "tire_rl_spindle_omega_radps": 0.07731911569474792,
    "tire_rr_spindle_omega_radps": 0.05604662679183634
  },
  "val_flat_loss": 0.0037089170084800573,
  "val_flat_rmse": {
    "vel_body_x_mps": 0.0009522505103885963,
    "vel_body_y_mps": 0.0008108814885482661,
    "roll_rad": 1.901951433563586e-05,
    "pitch_rad": 1.1344784509661738e-05,
    "roll_rate_radps": 0.001536077837407202,
    "ang_vel_body_y_radps": 0.0009233275598497281,
    "yaw_rate_radps": 0.001381015510287642,
    "tire_fl_force_wheel_fz_n": 41.268370631899394,
    "tire_fr_force_wheel_fz_n": 41.95759637923514,
    "tire_rl_force_wheel_fz_n": 25.905702670841727,
    "tire_rr_force_wheel_fz_n": 22.925809786439686,
    "tire_fl_spindle_omega_radps": 0.06498206559734314,
    "tire_fr_spindle_omega_radps": 0.07378474205182264,
    "tire_rl_spindle_omega_radps": 0.07731911569474792,
    "tire_rr_spindle_omega_radps": 0.05604662679183634
  },
  "val_crm_loss": 0.08870711991563439,
  "val_crm_rmse": {
    "vel_body_x_mps": 0.0030369461314754902,
    "vel_body_y_mps": 0.002468864733445388,
    "roll_rad": 5.872676292787965e-05,
    "pitch_rad": 3.7664193927334705e-05,
    "roll_rate_radps": 0.0038939608739710636,
    "ang_vel_body_y_radps": 0.002694230325654357,
    "yaw_rate_radps": 0.002357077623969,
    "tire_fl_force_wheel_fz_n": 603.2083173729862,
    "tire_fr_force_wheel_fz_n": 617.649637653742,
    "tire_rl_force_wheel_fz_n": 911.6777562194345,
    "tire_rr_force_wheel_fz_n": 946.145061837534,
    "tire_fl_spindle_omega_radps": 0.13426203015500074,
    "tire_fr_spindle_omega_radps": 0.13446768796498795,
    "tire_rl_spindle_omega_radps": 0.1567741785472676,
    "tire_rr_spindle_omega_radps": 0.15589838223771685
  },
  "val_mixed_loss": 0.04620801846205722,
  "rollout_flat_5.0s": {
    "xy_rmse_m": 0.8035799094302604,
    "yaw_rmse_rad": 0.08418915281606162,
    "errdist": 0.10584323157025667,
    "mean_dist_m": 7.592170963684718,
    "episodes": 12
  },
  "rollout_flat_10.0s": {
    "xy_rmse_m": 4.541123017323308,
    "yaw_rmse_rad": 0.2615001292593073,
    "errdist": 0.12894649896223817,
    "mean_dist_m": 35.2171098391215,
    "episodes": 12
  },
  "rollout_crm_5.0s": {
    "xy_rmse_m": 0.8214218139528444,
    "yaw_rmse_rad": 0.11261893175891184,
    "errdist": 0.11477979344130511,
    "mean_dist_m": 7.1565019357949495,
    "episodes": 12
  },
  "rollout_crm_10.0s": {
    "xy_rmse_m": 2.8817780509089386,
    "yaw_rmse_rad": 0.2309070404339673,
    "errdist": 0.11510168134069258,
    "mean_dist_m": 25.036802393694717,
    "episodes": 12
  },
  "rollout_sel": 0.12202409015146537
}
{
  "epoch": 30,
  "timestamp_utc": "2026-07-10T01:06:03.177177+00:00",
  "train_loss": 0.026279783500358464,
  "val_loss": 0.003651429299643496,
  "val_rmse": {
    "vel_body_x_mps": 0.000957208464379816,
    "vel_body_y_mps": 0.0007341345435989853,
    "roll_rad": 1.9579543358759777e-05,
    "pitch_rad": 1.0368453578723842e-05,
    "roll_rate_radps": 0.0015574285457790346,
    "ang_vel_body_y_radps": 0.0009258558546474695,
    "yaw_rate_radps": 0.0013531546088998206,
    "tire_fl_force_wheel_fz_n": 42.762641486675655,
    "tire_fr_force_wheel_fz_n": 41.6925461117386,
    "tire_rl_force_wheel_fz_n": 27.21439020945473,
    "tire_rr_force_wheel_fz_n": 25.033870531846183,
    "tire_fl_spindle_omega_radps": 0.0656660348190492,
    "tire_fr_spindle_omega_radps": 0.07432451952011686,
    "tire_rl_spindle_omega_radps": 0.07573613143235586,
    "tire_rr_spindle_omega_radps": 0.056505396616339285
  },
  "val_flat_loss": 0.003651429299643496,
  "val_flat_rmse": {
    "vel_body_x_mps": 0.000957208464379816,
    "vel_body_y_mps": 0.0007341345435989853,
    "roll_rad": 1.9579543358759777e-05,
    "pitch_rad": 1.0368453578723842e-05,
    "roll_rate_radps": 0.0015574285457790346,
    "ang_vel_body_y_radps": 0.0009258558546474695,
    "yaw_rate_radps": 0.0013531546088998206,
    "tire_fl_force_wheel_fz_n": 42.762641486675655,
    "tire_fr_force_wheel_fz_n": 41.6925461117386,
    "tire_rl_force_wheel_fz_n": 27.21439020945473,
    "tire_rr_force_wheel_fz_n": 25.033870531846183,
    "tire_fl_spindle_omega_radps": 0.0656660348190492,
    "tire_fr_spindle_omega_radps": 0.07432451952011686,
    "tire_rl_spindle_omega_radps": 0.07573613143235586,
    "tire_rr_spindle_omega_radps": 0.056505396616339285
  },
  "val_crm_loss": 0.08901249438233208,
  "val_crm_rmse": {
    "vel_body_x_mps": 0.003034278164754244,
    "vel_body_y_mps": 0.00251859876220734,
    "roll_rad": 5.441181392044185e-05,
    "pitch_rad": 3.473774772295168e-05,
    "roll_rate_radps": 0.003916973207844587,
    "ang_vel_body_y_radps": 0.0026471138207038764,
    "yaw_rate_radps": 0.002374255241345822,
    "tire_fl_force_wheel_fz_n": 620.9590742273072,
    "tire_fr_force_wheel_fz_n": 625.3437662664438,
    "tire_rl_force_wheel_fz_n": 913.2207192969946,
    "tire_rr_force_wheel_fz_n": 949.4046574996069,
    "tire_fl_spindle_omega_radps": 0.13312462903351208,
    "tire_fr_spindle_omega_radps": 0.13241072338135668,
    "tire_rl_spindle_omega_radps": 0.1547466961385024,
    "tire_rr_spindle_omega_radps": 0.15400703916601402
  },
  "val_mixed_loss": 0.04633196184098779,
  "rollout_flat_5.0s": {
    "xy_rmse_m": 0.7560576223114269,
    "yaw_rmse_rad": 0.07647930698664203,
    "errdist": 0.09958385103916159,
    "mean_dist_m": 7.592170963684718,
    "episodes": 12
  },
  "rollout_flat_10.0s": {
    "xy_rmse_m": 4.656707756463755,
    "yaw_rmse_rad": 0.15937818567669984,
    "errdist": 0.13222856099596156,
    "mean_dist_m": 35.2171098391215,
    "episodes": 12
  },
  "rollout_crm_5.0s": {
    "xy_rmse_m": 0.9819028324397016,
    "yaw_rmse_rad": 0.027256582103164756,
    "errdist": 0.13720429914627433,
    "mean_dist_m": 7.1565019357949495,
    "episodes": 12
  },
  "rollout_crm_10.0s": {
    "xy_rmse_m": 2.1655838538697307,
    "yaw_rmse_rad": 0.08521322535317842,
    "errdist": 0.08649602372606147,
    "mean_dist_m": 25.036802393694717,
    "episodes": 12
  },
  "rollout_sel": 0.10936229236101151
}
{
  "epoch": 31,
  "timestamp_utc": "2026-07-10T01:06:46.658664+00:00",
  "train_loss": 0.026005047582555563,
  "val_loss": 0.0035399885431615986,
  "val_rmse": {
    "vel_body_x_mps": 0.0009442573692706568,
    "vel_body_y_mps": 0.00075514843125339,
    "roll_rad": 2.0424342632992748e-05,
    "pitch_rad": 9.609857664045238e-06,
    "roll_rate_radps": 0.0015401198032631805,
    "ang_vel_body_y_radps": 0.0009314881890302496,
    "yaw_rate_radps": 0.0013633269426527037,
    "tire_fl_force_wheel_fz_n": 40.76690707821397,
    "tire_fr_force_wheel_fz_n": 40.83848676455576,
    "tire_rl_force_wheel_fz_n": 23.68662094699446,
    "tire_rr_force_wheel_fz_n": 24.165790522862036,
    "tire_fl_spindle_omega_radps": 0.06467517267441737,
    "tire_fr_spindle_omega_radps": 0.07414898021313211,
    "tire_rl_spindle_omega_radps": 0.07415800578231142,
    "tire_rr_spindle_omega_radps": 0.0553619536727354
  },
  "val_flat_loss": 0.0035399885431615986,
  "val_flat_rmse": {
    "vel_body_x_mps": 0.0009442573692706568,
    "vel_body_y_mps": 0.00075514843125339,
    "roll_rad": 2.0424342632992748e-05,
    "pitch_rad": 9.609857664045238e-06,
    "roll_rate_radps": 0.0015401198032631805,
    "ang_vel_body_y_radps": 0.0009314881890302496,
    "yaw_rate_radps": 0.0013633269426527037,
    "tire_fl_force_wheel_fz_n": 40.76690707821397,
    "tire_fr_force_wheel_fz_n": 40.83848676455576,
    "tire_rl_force_wheel_fz_n": 23.68662094699446,
    "tire_rr_force_wheel_fz_n": 24.165790522862036,
    "tire_fl_spindle_omega_radps": 0.06467517267441737,
    "tire_fr_spindle_omega_radps": 0.07414898021313211,
    "tire_rl_spindle_omega_radps": 0.07415800578231142,
    "tire_rr_spindle_omega_radps": 0.0553619536727354
  },
  "val_crm_loss": 0.08848891948407982,
  "val_crm_rmse": {
    "vel_body_x_mps": 0.0030899748314326954,
    "vel_body_y_mps": 0.0025319193403765747,
    "roll_rad": 5.878880033153235e-05,
    "pitch_rad": 3.4929888368327445e-05,
    "roll_rate_radps": 0.0038815996180394745,
    "ang_vel_body_y_radps": 0.0025960873908391297,
    "yaw_rate_radps": 0.0023303473146477384,
    "tire_fl_force_wheel_fz_n": 615.8808270596255,
    "tire_fr_force_wheel_fz_n": 622.1874044901201,
    "tire_rl_force_wheel_fz_n": 911.7807174206725,
    "tire_rr_force_wheel_fz_n": 933.8406347156578,
    "tire_fl_spindle_omega_radps": 0.1332385331435372,
    "tire_fr_spindle_omega_radps": 0.13406965936673468,
    "tire_rl_spindle_omega_radps": 0.15357544141243304,
    "tire_rr_spindle_omega_radps": 0.15349840894765968
  },
  "val_mixed_loss": 0.046014454013620705,
  "rollout_flat_5.0s": {
    "xy_rmse_m": 0.9997204850878268,
    "yaw_rmse_rad": 0.05100829545957693,
    "errdist": 0.13167781519538269,
    "mean_dist_m": 7.592170963684718,
    "episodes": 12
  },
  "rollout_flat_10.0s": {
    "xy_rmse_m": 3.7368545862926856,
    "yaw_rmse_rad": 0.15696373550550619,
    "errdist": 0.10610906469506876,
    "mean_dist_m": 35.2171098391215,
    "episodes": 12
  },
  "rollout_crm_5.0s": {
    "xy_rmse_m": 0.6777475559444301,
    "yaw_rmse_rad": 0.049885853358809615,
    "errdist": 0.09470374800774024,
    "mean_dist_m": 7.1565019357949495,
    "episodes": 12
  },
  "rollout_crm_10.0s": {
    "xy_rmse_m": 1.6788070628110567,
    "yaw_rmse_rad": 0.11693773217622484,
    "errdist": 0.0670535732324128,
    "mean_dist_m": 25.036802393694717,
    "episodes": 12
  },
  "rollout_sel": 0.08658131896374077
}
{
  "epoch": 32,
  "timestamp_utc": "2026-07-10T01:07:30.173277+00:00",
  "train_loss": 0.02589898541942239,
  "val_loss": 0.0037548515017988395,
  "val_rmse": {
    "vel_body_x_mps": 0.0009567303482668464,
    "vel_body_y_mps": 0.000940987468282582,
    "roll_rad": 2.4601949615958158e-05,
    "pitch_rad": 1.1302666117343267e-05,
    "roll_rate_radps": 0.0015333934603578294,
    "ang_vel_body_y_radps": 0.0009411947389994079,
    "yaw_rate_radps": 0.0013806186442030996,
    "tire_fl_force_wheel_fz_n": 40.28198441616479,
    "tire_fr_force_wheel_fz_n": 40.13533130591462,
    "tire_rl_force_wheel_fz_n": 24.932014568173738,
    "tire_rr_force_wheel_fz_n": 23.024512689012504,
    "tire_fl_spindle_omega_radps": 0.06365212558726016,
    "tire_fr_spindle_omega_radps": 0.07371650535509178,
    "tire_rl_spindle_omega_radps": 0.07564047011699304,
    "tire_rr_spindle_omega_radps": 0.057963672859000004
  },
  "val_flat_loss": 0.0037548515017988395,
  "val_flat_rmse": {
    "vel_body_x_mps": 0.0009567303482668464,
    "vel_body_y_mps": 0.000940987468282582,
    "roll_rad": 2.4601949615958158e-05,
    "pitch_rad": 1.1302666117343267e-05,
    "roll_rate_radps": 0.0015333934603578294,
    "ang_vel_body_y_radps": 0.0009411947389994079,
    "yaw_rate_radps": 0.0013806186442030996,
    "tire_fl_force_wheel_fz_n": 40.28198441616479,
    "tire_fr_force_wheel_fz_n": 40.13533130591462,
    "tire_rl_force_wheel_fz_n": 24.932014568173738,
    "tire_rr_force_wheel_fz_n": 23.024512689012504,
    "tire_fl_spindle_omega_radps": 0.06365212558726016,
    "tire_fr_spindle_omega_radps": 0.07371650535509178,
    "tire_rl_spindle_omega_radps": 0.07564047011699304,
    "tire_rr_spindle_omega_radps": 0.057963672859000004
  },
  "val_crm_loss": 0.08849096251185984,
  "val_crm_rmse": {
    "vel_body_x_mps": 0.0029967565797421078,
    "vel_body_y_mps": 0.0025080817056239366,
    "roll_rad": 4.790760097597281e-05,
    "pitch_rad": 3.519056743830008e-05,
    "roll_rate_radps": 0.003902246694576272,
    "ang_vel_body_y_radps": 0.002640755162263136,
    "yaw_rate_radps": 0.002361330509931513,
    "tire_fl_force_wheel_fz_n": 608.4268368050747,
    "tire_fr_force_wheel_fz_n": 626.5896561592847,
    "tire_rl_force_wheel_fz_n": 912.470331028535,
    "tire_rr_force_wheel_fz_n": 941.8576207422458,
    "tire_fl_spindle_omega_radps": 0.13212417440505986,
    "tire_fr_spindle_omega_radps": 0.13206348917476915,
    "tire_rl_spindle_omega_radps": 0.15330888543369373,
    "tire_rr_spindle_omega_radps": 0.15368759286082473
  },
  "val_mixed_loss": 0.04612290700682934,
  "rollout_flat_5.0s": {
    "xy_rmse_m": 0.7889767644149814,
    "yaw_rmse_rad": 0.05313920490304475,
    "errdist": 0.10391978370730291,
    "mean_dist_m": 7.592170963684718,
    "episodes": 12
  },
  "rollout_flat_10.0s": {
    "xy_rmse_m": 3.6146700554520743,
    "yaw_rmse_rad": 0.16869266592720483,
    "errdist": 0.10263959967085827,
    "mean_dist_m": 35.2171098391215,
    "episodes": 12
  },
  "rollout_crm_5.0s": {
    "xy_rmse_m": 0.8027666319022387,
    "yaw_rmse_rad": 0.0452433184060403,
    "errdist": 0.11217304754533917,
    "mean_dist_m": 7.1565019357949495,
    "episodes": 12
  },
  "rollout_crm_10.0s": {
    "xy_rmse_m": 1.7739806024837723,
    "yaw_rmse_rad": 0.1233325336914731,
    "errdist": 0.07085491887456573,
    "mean_dist_m": 25.036802393694717,
    "episodes": 12
  },
  "rollout_sel": 0.086747259272712
}
{
  "epoch": 33,
  "timestamp_utc": "2026-07-10T01:08:13.436477+00:00",
  "train_loss": 0.02563104416709393,
  "val_loss": 0.00353003291758796,
  "val_rmse": {
    "vel_body_x_mps": 0.0009458674042722616,
    "vel_body_y_mps": 0.0007163582318618513,
    "roll_rad": 1.8556114792416986e-05,
    "pitch_rad": 1.1510883108183336e-05,
    "roll_rate_radps": 0.0015292844080839999,
    "ang_vel_body_y_radps": 0.0009296405364656719,
    "yaw_rate_radps": 0.001342564394607384,
    "tire_fl_force_wheel_fz_n": 39.75763913435195,
    "tire_fr_force_wheel_fz_n": 42.2704984462076,
    "tire_rl_force_wheel_fz_n": 24.59951739225496,
    "tire_rr_force_wheel_fz_n": 25.05641254439885,
    "tire_fl_spindle_omega_radps": 0.06383861173465499,
    "tire_fr_spindle_omega_radps": 0.07456035023107176,
    "tire_rl_spindle_omega_radps": 0.07545874804968615,
    "tire_rr_spindle_omega_radps": 0.05702517721765283
  },
  "val_flat_loss": 0.00353003291758796,
  "val_flat_rmse": {
    "vel_body_x_mps": 0.0009458674042722616,
    "vel_body_y_mps": 0.0007163582318618513,
    "roll_rad": 1.8556114792416986e-05,
    "pitch_rad": 1.1510883108183336e-05,
    "roll_rate_radps": 0.0015292844080839999,
    "ang_vel_body_y_radps": 0.0009296405364656719,
    "yaw_rate_radps": 0.001342564394607384,
    "tire_fl_force_wheel_fz_n": 39.75763913435195,
    "tire_fr_force_wheel_fz_n": 42.2704984462076,
    "tire_rl_force_wheel_fz_n": 24.59951739225496,
    "tire_rr_force_wheel_fz_n": 25.05641254439885,
    "tire_fl_spindle_omega_radps": 0.06383861173465499,
    "tire_fr_spindle_omega_radps": 0.07456035023107176,
    "tire_rl_spindle_omega_radps": 0.07545874804968615,
    "tire_rr_spindle_omega_radps": 0.05702517721765283
  },
  "val_crm_loss": 0.08806160398293286,
  "val_crm_rmse": {
    "vel_body_x_mps": 0.00300296636953091,
    "vel_body_y_mps": 0.0024849942082993226,
    "roll_rad": 5.751235284599615e-05,
    "pitch_rad": 4.067428053866337e-05,
    "roll_rate_radps": 0.0038469948870595936,
    "ang_vel_body_y_radps": 0.0026030016242737696,
    "yaw_rate_radps": 0.002333493494373777,
    "tire_fl_force_wheel_fz_n": 609.8549779964181,
    "tire_fr_force_wheel_fz_n": 615.730311725307,
    "tire_rl_force_wheel_fz_n": 906.8824361793193,
    "tire_rr_force_wheel_fz_n": 941.9717018551817,
    "tire_fl_spindle_omega_radps": 0.13082586614394404,
    "tire_fr_spindle_omega_radps": 0.13200408700566077,
    "tire_rl_spindle_omega_radps": 0.1523035692693673,
    "tire_rr_spindle_omega_radps": 0.15289042180666584
  },
  "val_mixed_loss": 0.045795818450260414,
  "rollout_flat_5.0s": {
    "xy_rmse_m": 1.7188199030677187,
    "yaw_rmse_rad": 0.07285230409519164,
    "errdist": 0.22639372997384685,
    "mean_dist_m": 7.592170963684718,
    "episodes": 12
  },
  "rollout_flat_10.0s": {
    "xy_rmse_m": 6.797851190075351,
    "yaw_rmse_rad": 0.17669052918696698,
    "errdist": 0.19302694687693672,
    "mean_dist_m": 35.2171098391215,
    "episodes": 12
  },
  "rollout_crm_5.0s": {
    "xy_rmse_m": 1.1709457187857912,
    "yaw_rmse_rad": 0.07359982332518526,
    "errdist": 0.16361984238822422,
    "mean_dist_m": 7.1565019357949495,
    "episodes": 12
  },
  "rollout_crm_10.0s": {
    "xy_rmse_m": 3.4654105766976433,
    "yaw_rmse_rad": 0.19341906597857686,
    "errdist": 0.13841266637030192,
    "mean_dist_m": 25.036802393694717,
    "episodes": 12
  },
  "rollout_sel": 0.16571980662361932
}
{
  "epoch": 34,
  "timestamp_utc": "2026-07-10T01:08:56.946946+00:00",
  "train_loss": 0.025609118282329292,
  "val_loss": 0.004075738497522252,
  "val_rmse": {
    "vel_body_x_mps": 0.0009934636962955078,
    "vel_body_y_mps": 0.000847922122204757,
    "roll_rad": 2.4000756432753987e-05,
    "pitch_rad": 1.0220409905843211e-05,
    "roll_rate_radps": 0.001524713038808565,
    "ang_vel_body_y_radps": 0.0009115687829662362,
    "yaw_rate_radps": 0.0013687436173701456,
    "tire_fl_force_wheel_fz_n": 40.13385299507104,
    "tire_fr_force_wheel_fz_n": 40.5064307962346,
    "tire_rl_force_wheel_fz_n": 25.67237911293602,
    "tire_rr_force_wheel_fz_n": 23.292763993602602,
    "tire_fl_spindle_omega_radps": 0.06652315916108549,
    "tire_fr_spindle_omega_radps": 0.07650964687675994,
    "tire_rl_spindle_omega_radps": 0.07782484587855953,
    "tire_rr_spindle_omega_radps": 0.061562209010662616
  },
  "val_flat_loss": 0.004075738497522252,
  "val_flat_rmse": {
    "vel_body_x_mps": 0.0009934636962955078,
    "vel_body_y_mps": 0.000847922122204757,
    "roll_rad": 2.4000756432753987e-05,
    "pitch_rad": 1.0220409905843211e-05,
    "roll_rate_radps": 0.001524713038808565,
    "ang_vel_body_y_radps": 0.0009115687829662362,
    "yaw_rate_radps": 0.0013687436173701456,
    "tire_fl_force_wheel_fz_n": 40.13385299507104,
    "tire_fr_force_wheel_fz_n": 40.5064307962346,
    "tire_rl_force_wheel_fz_n": 25.67237911293602,
    "tire_rr_force_wheel_fz_n": 23.292763993602602,
    "tire_fl_spindle_omega_radps": 0.06652315916108549,
    "tire_fr_spindle_omega_radps": 0.07650964687675994,
    "tire_rl_spindle_omega_radps": 0.07782484587855953,
    "tire_rr_spindle_omega_radps": 0.061562209010662616
  },
  "val_crm_loss": 0.08768719712737948,
  "val_crm_rmse": {
    "vel_body_x_mps": 0.002997657631139719,
    "vel_body_y_mps": 0.0025708459944722463,
    "roll_rad": 5.237121139910633e-05,
    "pitch_rad": 3.494507515722701e-05,
    "roll_rate_radps": 0.003882014776125684,
    "ang_vel_body_y_radps": 0.0025813703089890864,
    "yaw_rate_radps": 0.0023250643481047373,
    "tire_fl_force_wheel_fz_n": 603.6559603445265,
    "tire_fr_force_wheel_fz_n": 619.6048826849031,
    "tire_rl_force_wheel_fz_n": 904.8771683533234,
    "tire_rr_force_wheel_fz_n": 934.5538299624116,
    "tire_fl_spindle_omega_radps": 0.1318342205632298,
    "tire_fr_spindle_omega_radps": 0.13395540204071002,
    "tire_rl_spindle_omega_radps": 0.15235915134563663,
    "tire_rr_spindle_omega_radps": 0.1549417567139734
  },
  "val_mixed_loss": 0.045881467812450866,
  "rollout_flat_5.0s": {
    "xy_rmse_m": 2.015403416403205,
    "yaw_rmse_rad": 0.19138908293675314,
    "errdist": 0.2654581181118538,
    "mean_dist_m": 7.592170963684718,
    "episodes": 12
  },
  "rollout_flat_10.0s": {
    "xy_rmse_m": 15.058208753995485,
    "yaw_rmse_rad": 0.548477823019498,
    "errdist": 0.42758218442070534,
    "mean_dist_m": 35.2171098391215,
    "episodes": 12
  },
  "rollout_crm_5.0s": {
    "xy_rmse_m": 1.407189571010018,
    "yaw_rmse_rad": 0.08617391990824523,
    "errdist": 0.19663092159196158,
    "mean_dist_m": 7.1565019357949495,
    "episodes": 12
  },
  "rollout_crm_10.0s": {
    "xy_rmse_m": 5.492039405009024,
    "yaw_rmse_rad": 0.2248432343790532,
    "errdist": 0.21935865925083717,
    "mean_dist_m": 25.036802393694717,
    "episodes": 12
  },
  "rollout_sel": 0.32347042183577124
}
{
  "epoch": 35,
  "timestamp_utc": "2026-07-10T01:09:40.301544+00:00",
  "train_loss": 0.025353660378139468,
  "val_loss": 0.003408773128830944,
  "val_rmse": {
    "vel_body_x_mps": 0.0009477019575035378,
    "vel_body_y_mps": 0.0007540071349110779,
    "roll_rad": 1.7322672029396373e-05,
    "pitch_rad": 9.01979367314149e-06,
    "roll_rate_radps": 0.0015135142769529867,
    "ang_vel_body_y_radps": 0.000917184168021629,
    "yaw_rate_radps": 0.001329634191687528,
    "tire_fl_force_wheel_fz_n": 40.740944163412486,
    "tire_fr_force_wheel_fz_n": 39.497221785274824,
    "tire_rl_force_wheel_fz_n": 25.026489288952735,
    "tire_rr_force_wheel_fz_n": 22.638803504137947,
    "tire_fl_spindle_omega_radps": 0.06369950928309624,
    "tire_fr_spindle_omega_radps": 0.07284649694792075,
    "tire_rl_spindle_omega_radps": 0.07415475029261866,
    "tire_rr_spindle_omega_radps": 0.05543918465542949
  },
  "val_flat_loss": 0.003408773128830944,
  "val_flat_rmse": {
    "vel_body_x_mps": 0.0009477019575035378,
    "vel_body_y_mps": 0.0007540071349110779,
    "roll_rad": 1.7322672029396373e-05,
    "pitch_rad": 9.01979367314149e-06,
    "roll_rate_radps": 0.0015135142769529867,
    "ang_vel_body_y_radps": 0.000917184168021629,
    "yaw_rate_radps": 0.001329634191687528,
    "tire_fl_force_wheel_fz_n": 40.740944163412486,
    "tire_fr_force_wheel_fz_n": 39.497221785274824,
    "tire_rl_force_wheel_fz_n": 25.026489288952735,
    "tire_rr_force_wheel_fz_n": 22.638803504137947,
    "tire_fl_spindle_omega_radps": 0.06369950928309624,
    "tire_fr_spindle_omega_radps": 0.07284649694792075,
    "tire_rl_spindle_omega_radps": 0.07415475029261866,
    "tire_rr_spindle_omega_radps": 0.05543918465542949
  },
  "val_crm_loss": 0.08783635629515629,
  "val_crm_rmse": {
    "vel_body_x_mps": 0.003006815791026087,
    "vel_body_y_mps": 0.0024107853734775192,
    "roll_rad": 4.757669875025152e-05,
    "pitch_rad": 3.459467410615758e-05,
    "roll_rate_radps": 0.0037976016836082727,
    "ang_vel_body_y_radps": 0.0026084957479480136,
    "yaw_rate_radps": 0.0023309798463855788,
    "tire_fl_force_wheel_fz_n": 613.9113142030719,
    "tire_fr_force_wheel_fz_n": 619.3943728720078,
    "tire_rl_force_wheel_fz_n": 900.5260240582187,
    "tire_rr_force_wheel_fz_n": 944.9907500257754,
    "tire_fl_spindle_omega_radps": 0.13174096814663333,
    "tire_fr_spindle_omega_radps": 0.13163464098739125,
    "tire_rl_spindle_omega_radps": 0.15148284163802142,
    "tire_rr_spindle_omega_radps": 0.1540229156828968
  },
  "val_mixed_loss": 0.04562256471199362,
  "rollout_flat_5.0s": {
    "xy_rmse_m": 2.093099132889443,
    "yaw_rmse_rad": 0.09188312255653101,
    "errdist": 0.2756917807701207,
    "mean_dist_m": 7.592170963684718,
    "episodes": 12
  },
  "rollout_flat_10.0s": {
    "xy_rmse_m": 6.74967284777882,
    "yaw_rmse_rad": 0.14912540196405624,
    "errdist": 0.19165890893979143,
    "mean_dist_m": 35.2171098391215,
    "episodes": 12
  },
  "rollout_crm_5.0s": {
    "xy_rmse_m": 0.9945937023946098,
    "yaw_rmse_rad": 0.0655224131772492,
    "errdist": 0.13897763339096053,
    "mean_dist_m": 7.1565019357949495,
    "episodes": 12
  },
  "rollout_crm_10.0s": {
    "xy_rmse_m": 3.9783885806759174,
    "yaw_rmse_rad": 0.17928260113392785,
    "errdist": 0.15890162482082124,
    "mean_dist_m": 25.036802393694717,
    "episodes": 12
  },
  "rollout_sel": 0.17528026688030635
}
{
  "epoch": 36,
  "timestamp_utc": "2026-07-10T01:10:23.458624+00:00",
  "train_loss": 0.025273909827228637,
  "val_loss": 0.003578039732237812,
  "val_rmse": {
    "vel_body_x_mps": 0.0009561856917860899,
    "vel_body_y_mps": 0.0007981625656825284,
    "roll_rad": 1.9463840514665206e-05,
    "pitch_rad": 1.1140296626490845e-05,
    "roll_rate_radps": 0.0015172358080070949,
    "ang_vel_body_y_radps": 0.0009079696219851121,
    "yaw_rate_radps": 0.0013415374750437817,
    "tire_fl_force_wheel_fz_n": 42.12486214284101,
    "tire_fr_force_wheel_fz_n": 40.49777163344457,
    "tire_rl_force_wheel_fz_n": 24.990839149899873,
    "tire_rr_force_wheel_fz_n": 23.22897535256148,
    "tire_fl_spindle_omega_radps": 0.06624142498245449,
    "tire_fr_spindle_omega_radps": 0.07376713962509014,
    "tire_rl_spindle_omega_radps": 0.07457381071250263,
    "tire_rr_spindle_omega_radps": 0.05493424281141448
  },
  "val_flat_loss": 0.003578039732237812,
  "val_flat_rmse": {
    "vel_body_x_mps": 0.0009561856917860899,
    "vel_body_y_mps": 0.0007981625656825284,
    "roll_rad": 1.9463840514665206e-05,
    "pitch_rad": 1.1140296626490845e-05,
    "roll_rate_radps": 0.0015172358080070949,
    "ang_vel_body_y_radps": 0.0009079696219851121,
    "yaw_rate_radps": 0.0013415374750437817,
    "tire_fl_force_wheel_fz_n": 42.12486214284101,
    "tire_fr_force_wheel_fz_n": 40.49777163344457,
    "tire_rl_force_wheel_fz_n": 24.990839149899873,
    "tire_rr_force_wheel_fz_n": 23.22897535256148,
    "tire_fl_spindle_omega_radps": 0.06624142498245449,
    "tire_fr_spindle_omega_radps": 0.07376713962509014,
    "tire_rl_spindle_omega_radps": 0.07457381071250263,
    "tire_rr_spindle_omega_radps": 0.05493424281141448
  },
  "val_crm_loss": 0.08751588621991686,
  "val_crm_rmse": {
    "vel_body_x_mps": 0.0029860991686745885,
    "vel_body_y_mps": 0.0024400868225226777,
    "roll_rad": 4.924784413729692e-05,
    "pitch_rad": 3.559622904808005e-05,
    "roll_rate_radps": 0.0038407033505671916,
    "ang_vel_body_y_radps": 0.002607803984207042,
    "yaw_rate_radps": 0.00233091664232783,
    "tire_fl_force_wheel_fz_n": 604.6681449219882,
    "tire_fr_force_wheel_fz_n": 612.9899326014279,
    "tire_rl_force_wheel_fz_n": 911.9337472046813,
    "tire_rr_force_wheel_fz_n": 944.6762735457221,
    "tire_fl_spindle_omega_radps": 0.13206987160363173,
    "tire_fr_spindle_omega_radps": 0.1315323129145367,
    "tire_rl_spindle_omega_radps": 0.15350969953611454,
    "tire_rr_spindle_omega_radps": 0.15433352103501294
  },
  "val_mixed_loss": 0.04554696297607734,
  "rollout_flat_5.0s": {
    "xy_rmse_m": 2.004240140248855,
    "yaw_rmse_rad": 0.11656974709867556,
    "errdist": 0.26398775130797825,
    "mean_dist_m": 7.592170963684718,
    "episodes": 12
  },
  "rollout_flat_10.0s": {
    "xy_rmse_m": 11.394848816423746,
    "yaw_rmse_rad": 0.3936019918758287,
    "errdist": 0.3235600214917578,
    "mean_dist_m": 35.2171098391215,
    "episodes": 12
  },
  "rollout_crm_5.0s": {
    "xy_rmse_m": 0.8761268444284059,
    "yaw_rmse_rad": 0.060759954225593105,
    "errdist": 0.12242389540150178,
    "mean_dist_m": 7.1565019357949495,
    "episodes": 12
  },
  "rollout_crm_10.0s": {
    "xy_rmse_m": 2.7266583665318835,
    "yaw_rmse_rad": 0.16405960840371514,
    "errdist": 0.10890601458030306,
    "mean_dist_m": 25.036802393694717,
    "episodes": 12
  },
  "rollout_sel": 0.21623301803603043
}
{
  "epoch": 37,
  "timestamp_utc": "2026-07-10T01:11:06.797486+00:00",
  "train_loss": 0.024884591850917785,
  "val_loss": 0.0034228129847178935,
  "val_rmse": {
    "vel_body_x_mps": 0.000958121394327932,
    "vel_body_y_mps": 0.0007217535485603743,
    "roll_rad": 1.7834180631919594e-05,
    "pitch_rad": 8.796526889979241e-06,
    "roll_rate_radps": 0.0015281773357468252,
    "ang_vel_body_y_radps": 0.0008914790060811952,
    "yaw_rate_radps": 0.0013363550546196129,
    "tire_fl_force_wheel_fz_n": 41.91459594665825,
    "tire_fr_force_wheel_fz_n": 40.300466611210204,
    "tire_rl_force_wheel_fz_n": 25.461774623016314,
    "tire_rr_force_wheel_fz_n": 24.392833994722984,
    "tire_fl_spindle_omega_radps": 0.0631309864190932,
    "tire_fr_spindle_omega_radps": 0.07328222300454972,
    "tire_rl_spindle_omega_radps": 0.07360061932416784,
    "tire_rr_spindle_omega_radps": 0.054890528103524835
  },
  "val_flat_loss": 0.0034228129847178935,
  "val_flat_rmse": {
    "vel_body_x_mps": 0.000958121394327932,
    "vel_body_y_mps": 0.0007217535485603743,
    "roll_rad": 1.7834180631919594e-05,
    "pitch_rad": 8.796526889979241e-06,
    "roll_rate_radps": 0.0015281773357468252,
    "ang_vel_body_y_radps": 0.0008914790060811952,
    "yaw_rate_radps": 0.0013363550546196129,
    "tire_fl_force_wheel_fz_n": 41.91459594665825,
    "tire_fr_force_wheel_fz_n": 40.300466611210204,
    "tire_rl_force_wheel_fz_n": 25.461774623016314,
    "tire_rr_force_wheel_fz_n": 24.392833994722984,
    "tire_fl_spindle_omega_radps": 0.0631309864190932,
    "tire_fr_spindle_omega_radps": 0.07328222300454972,
    "tire_rl_spindle_omega_radps": 0.07360061932416784,
    "tire_rr_spindle_omega_radps": 0.054890528103524835
  },
  "val_crm_loss": 0.08743999441852793,
  "val_crm_rmse": {
    "vel_body_x_mps": 0.002991009686880041,
    "vel_body_y_mps": 0.002419762777065803,
    "roll_rad": 4.7076828458222754e-05,
    "pitch_rad": 3.529297589138653e-05,
    "roll_rate_radps": 0.003840228969315025,
    "ang_vel_body_y_radps": 0.0025608177707559265,
    "yaw_rate_radps": 0.0023382975844293353,
    "tire_fl_force_wheel_fz_n": 602.314670593461,
    "tire_fr_force_wheel_fz_n": 624.3227308401099,
    "tire_rl_force_wheel_fz_n": 910.3690939392148,
    "tire_rr_force_wheel_fz_n": 937.5800832514338,
    "tire_fl_spindle_omega_radps": 0.1297326661264138,
    "tire_fr_spindle_omega_radps": 0.13055687432554572,
    "tire_rl_spindle_omega_radps": 0.15098145690398712,
    "tire_rr_spindle_omega_radps": 0.15130825512853024
  },
  "val_mixed_loss": 0.04543140370162291,
  "rollout_flat_5.0s": {
    "xy_rmse_m": 2.409985827751224,
    "yaw_rmse_rad": 0.10141706071565244,
    "errdist": 0.3174303949790907,
    "mean_dist_m": 7.592170963684718,
    "episodes": 12
  },
  "rollout_flat_10.0s": {
    "xy_rmse_m": 6.071538858184581,
    "yaw_rmse_rad": 0.21408786795075166,
    "errdist": 0.1724030985484196,
    "mean_dist_m": 35.2171098391215,
    "episodes": 12
  },
  "rollout_crm_5.0s": {
    "xy_rmse_m": 0.7296701137042483,
    "yaw_rmse_rad": 0.0273131817751509,
    "errdist": 0.10195904650771201,
    "mean_dist_m": 7.1565019357949495,
    "episodes": 12
  },
  "rollout_crm_10.0s": {
    "xy_rmse_m": 1.5880045972448469,
    "yaw_rmse_rad": 0.10811286498937422,
    "errdist": 0.06342681354727514,
    "mean_dist_m": 25.036802393694717,
    "episodes": 12
  },
  "rollout_sel": 0.11791495604784737
}
{
  "epoch": 38,
  "timestamp_utc": "2026-07-10T01:11:50.102817+00:00",
  "train_loss": 0.024781594106927513,
  "val_loss": 0.0035304509534034877,
  "val_rmse": {
    "vel_body_x_mps": 0.0008864116871446468,
    "vel_body_y_mps": 0.0007048043029859102,
    "roll_rad": 1.7183502434484254e-05,
    "pitch_rad": 9.582239360986089e-06,
    "roll_rate_radps": 0.001442879183843231,
    "ang_vel_body_y_radps": 0.0008091792835666412,
    "yaw_rate_radps": 0.0013198109036236024,
    "tire_fl_force_wheel_fz_n": 39.549641092446635,
    "tire_fr_force_wheel_fz_n": 41.02039776534812,
    "tire_rl_force_wheel_fz_n": 26.97362877186231,
    "tire_rr_force_wheel_fz_n": 23.95036672120269,
    "tire_fl_spindle_omega_radps": 0.05641797811326523,
    "tire_fr_spindle_omega_radps": 0.05884822512153828,
    "tire_rl_spindle_omega_radps": 0.06583460530243293,
    "tire_rr_spindle_omega_radps": 0.053568493870459984
  },
  "val_flat_loss": 0.0035304509534034877,
  "val_flat_rmse": {
    "vel_body_x_mps": 0.0008864116871446468,
    "vel_body_y_mps": 0.0007048043029859102,
    "roll_rad": 1.7183502434484254e-05,
    "pitch_rad": 9.582239360986089e-06,
    "roll_rate_radps": 0.001442879183843231,
    "ang_vel_body_y_radps": 0.0008091792835666412,
    "yaw_rate_radps": 0.0013198109036236024,
    "tire_fl_force_wheel_fz_n": 39.549641092446635,
    "tire_fr_force_wheel_fz_n": 41.02039776534812,
    "tire_rl_force_wheel_fz_n": 26.97362877186231,
    "tire_rr_force_wheel_fz_n": 23.95036672120269,
    "tire_fl_spindle_omega_radps": 0.05641797811326523,
    "tire_fr_spindle_omega_radps": 0.05884822512153828,
    "tire_rl_spindle_omega_radps": 0.06583460530243293,
    "tire_rr_spindle_omega_radps": 0.053568493870459984
  },
  "val_crm_loss": 0.08759957947710063,
  "val_crm_rmse": {
    "vel_body_x_mps": 0.0029455579590550005,
    "vel_body_y_mps": 0.002459426370760723,
    "roll_rad": 4.578574904751216e-05,
    "pitch_rad": 3.5837815796697105e-05,
    "roll_rate_radps": 0.003844022015223382,
    "ang_vel_body_y_radps": 0.002614212959695335,
    "yaw_rate_radps": 0.0023197227768057553,
    "tire_fl_force_wheel_fz_n": 610.6495044321117,
    "tire_fr_force_wheel_fz_n": 615.131995467757,
    "tire_rl_force_wheel_fz_n": 914.0606677398837,
    "tire_rr_force_wheel_fz_n": 946.4689824018232,
    "tire_fl_spindle_omega_radps": 0.1308159180100942,
    "tire_fr_spindle_omega_radps": 0.1312760229884076,
    "tire_rl_spindle_omega_radps": 0.15213063484231945,
    "tire_rr_spindle_omega_radps": 0.15305204078835574
  },
  "val_mixed_loss": 0.04556501521525206,
  "rollout_flat_5.0s": {
    "xy_rmse_m": 1.055487666361742,
    "yaw_rmse_rad": 0.07906136892663121,
    "errdist": 0.13902316892103822,
    "mean_dist_m": 7.592170963684718,
    "episodes": 12
  },
  "rollout_flat_10.0s": {
    "xy_rmse_m": 6.812848337209651,
    "yaw_rmse_rad": 0.4103503091131185,
    "errdist": 0.19345279519903952,
    "mean_dist_m": 35.2171098391215,
    "episodes": 12
  },
  "rollout_crm_5.0s": {
    "xy_rmse_m": 0.8681479559349388,
    "yaw_rmse_rad": 0.04840185370151127,
    "errdist": 0.12130898080145691,
    "mean_dist_m": 7.1565019357949495,
    "episodes": 12
  },
  "rollout_crm_10.0s": {
    "xy_rmse_m": 2.4742460742754973,
    "yaw_rmse_rad": 0.18973417649448124,
    "errdist": 0.09882436404493142,
    "mean_dist_m": 25.036802393694717,
    "episodes": 12
  },
  "rollout_sel": 0.14613857962198545
}
{
  "epoch": 39,
  "timestamp_utc": "2026-07-10T01:12:33.567062+00:00",
  "train_loss": 0.02443543390650302,
  "val_loss": 0.003243216205828503,
  "val_rmse": {
    "vel_body_x_mps": 0.0008500706745942547,
    "vel_body_y_mps": 0.0006749457654362438,
    "roll_rad": 1.8286423640979997e-05,
    "pitch_rad": 1.1500198969581059e-05,
    "roll_rate_radps": 0.0014680542795370195,
    "ang_vel_body_y_radps": 0.0007862536223603364,
    "yaw_rate_radps": 0.001317205164439748,
    "tire_fl_force_wheel_fz_n": 39.17403108193416,
    "tire_fr_force_wheel_fz_n": 40.13162140352836,
    "tire_rl_force_wheel_fz_n": 26.98523801889105,
    "tire_rr_force_wheel_fz_n": 23.08087331907104,
    "tire_fl_spindle_omega_radps": 0.057835252029601596,
    "tire_fr_spindle_omega_radps": 0.06590051403696948,
    "tire_rl_spindle_omega_radps": 0.06616607238565486,
    "tire_rr_spindle_omega_radps": 0.04976083292366647
  },
  "val_flat_loss": 0.003243216205828503,
  "val_flat_rmse": {
    "vel_body_x_mps": 0.0008500706745942547,
    "vel_body_y_mps": 0.0006749457654362438,
    "roll_rad": 1.8286423640979997e-05,
    "pitch_rad": 1.1500198969581059e-05,
    "roll_rate_radps": 0.0014680542795370195,
    "ang_vel_body_y_radps": 0.0007862536223603364,
    "yaw_rate_radps": 0.001317205164439748,
    "tire_fl_force_wheel_fz_n": 39.17403108193416,
    "tire_fr_force_wheel_fz_n": 40.13162140352836,
    "tire_rl_force_wheel_fz_n": 26.98523801889105,
    "tire_rr_force_wheel_fz_n": 23.08087331907104,
    "tire_fl_spindle_omega_radps": 0.057835252029601596,
    "tire_fr_spindle_omega_radps": 0.06590051403696948,
    "tire_rl_spindle_omega_radps": 0.06616607238565486,
    "tire_rr_spindle_omega_radps": 0.04976083292366647
  },
  "val_crm_loss": 0.08771190746570938,
  "val_crm_rmse": {
    "vel_body_x_mps": 0.0029518321145034078,
    "vel_body_y_mps": 0.0024593930473798113,
    "roll_rad": 4.6074188334718195e-05,
    "pitch_rad": 3.3677286562123704e-05,
    "roll_rate_radps": 0.0038017674995198185,
    "ang_vel_body_y_radps": 0.0025773293906334116,
    "yaw_rate_radps": 0.002338221503336555,
    "tire_fl_force_wheel_fz_n": 616.3622017927673,
    "tire_fr_force_wheel_fz_n": 615.7672695420388,
    "tire_rl_force_wheel_fz_n": 910.2911573997818,
    "tire_rr_force_wheel_fz_n": 946.5213557904905,
    "tire_fl_spindle_omega_radps": 0.12783822505972897,
    "tire_fr_spindle_omega_radps": 0.1297799663439669,
    "tire_rl_spindle_omega_radps": 0.15197311904990343,
    "tire_rr_spindle_omega_radps": 0.15236860263442806
  },
  "val_mixed_loss": 0.04547756183576894,
  "rollout_flat_5.0s": {
    "xy_rmse_m": 1.175975487634691,
    "yaw_rmse_rad": 0.12295961080056342,
    "errdist": 0.1548931778880745,
    "mean_dist_m": 7.592170963684718,
    "episodes": 12
  },
  "rollout_flat_10.0s": {
    "xy_rmse_m": 7.913367052828585,
    "yaw_rmse_rad": 0.41433891407764856,
    "errdist": 0.22470234181562204,
    "mean_dist_m": 35.2171098391215,
    "episodes": 12
  },
  "rollout_crm_5.0s": {
    "xy_rmse_m": 0.6998441077530458,
    "yaw_rmse_rad": 0.03570567147003106,
    "errdist": 0.09779136707175454,
    "mean_dist_m": 7.1565019357949495,
    "episodes": 12
  },
  "rollout_crm_10.0s": {
    "xy_rmse_m": 1.666901628081088,
    "yaw_rmse_rad": 0.07061658244164455,
    "errdist": 0.0665780558503302,
    "mean_dist_m": 25.036802393694717,
    "episodes": 12
  },
  "rollout_sel": 0.14564019883297613
}
{
  "epoch": 40,
  "timestamp_utc": "2026-07-10T01:13:16.790717+00:00",
  "train_loss": 0.024303536297287792,
  "val_loss": 0.003033041256858269,
  "val_rmse": {
    "vel_body_x_mps": 0.0007866189180384233,
    "vel_body_y_mps": 0.0007145176403918664,
    "roll_rad": 1.6731198294399824e-05,
    "pitch_rad": 1.0514557591593242e-05,
    "roll_rate_radps": 0.0014061621282954319,
    "ang_vel_body_y_radps": 0.0007099248333191486,
    "yaw_rate_radps": 0.0013186108698475018,
    "tire_fl_force_wheel_fz_n": 39.68411518615364,
    "tire_fr_force_wheel_fz_n": 39.76456680802484,
    "tire_rl_force_wheel_fz_n": 26.233052821600488,
    "tire_rr_force_wheel_fz_n": 24.427330871065244,
    "tire_fl_spindle_omega_radps": 0.05455088247980491,
    "tire_fr_spindle_omega_radps": 0.054341275783478984,
    "tire_rl_spindle_omega_radps": 0.05641850300295342,
    "tire_rr_spindle_omega_radps": 0.04787463922152402
  },
  "val_flat_loss": 0.003033041256858269,
  "val_flat_rmse": {
    "vel_body_x_mps": 0.0007866189180384233,
    "vel_body_y_mps": 0.0007145176403918664,
    "roll_rad": 1.6731198294399824e-05,
    "pitch_rad": 1.0514557591593242e-05,
    "roll_rate_radps": 0.0014061621282954319,
    "ang_vel_body_y_radps": 0.0007099248333191486,
    "yaw_rate_radps": 0.0013186108698475018,
    "tire_fl_force_wheel_fz_n": 39.68411518615364,
    "tire_fr_force_wheel_fz_n": 39.76456680802484,
    "tire_rl_force_wheel_fz_n": 26.233052821600488,
    "tire_rr_force_wheel_fz_n": 24.427330871065244,
    "tire_fl_spindle_omega_radps": 0.05455088247980491,
    "tire_fr_spindle_omega_radps": 0.054341275783478984,
    "tire_rl_spindle_omega_radps": 0.05641850300295342,
    "tire_rr_spindle_omega_radps": 0.04787463922152402
  },
  "val_crm_loss": 0.08760888743563555,
  "val_crm_rmse": {
    "vel_body_x_mps": 0.0029648482265517253,
    "vel_body_y_mps": 0.0024529869755996548,
    "roll_rad": 5.076132936338813e-05,
    "pitch_rad": 3.8265105072601485e-05,
    "roll_rate_radps": 0.0038503873652500475,
    "ang_vel_body_y_radps": 0.0025478819591983996,
    "yaw_rate_radps": 0.00232940459849741,
    "tire_fl_force_wheel_fz_n": 616.1066603152133,
    "tire_fr_force_wheel_fz_n": 611.4110143605898,
    "tire_rl_force_wheel_fz_n": 909.9268286541718,
    "tire_rr_force_wheel_fz_n": 949.1168622931449,
    "tire_fl_spindle_omega_radps": 0.13091402531162372,
    "tire_fr_spindle_omega_radps": 0.13152302303057406,
    "tire_rl_spindle_omega_radps": 0.15155643023153167,
    "tire_rr_spindle_omega_radps": 0.1517251568613004
  },
  "val_mixed_loss": 0.04532096434624691,
  "rollout_flat_5.0s": {
    "xy_rmse_m": 1.582371685757973,
    "yaw_rmse_rad": 0.13975069994991432,
    "errdist": 0.20842150332584167,
    "mean_dist_m": 7.592170963684718,
    "episodes": 12
  },
  "rollout_flat_10.0s": {
    "xy_rmse_m": 5.140390228321406,
    "yaw_rmse_rad": 0.2042840685577762,
    "errdist": 0.1459628644089107,
    "mean_dist_m": 35.2171098391215,
    "episodes": 12
  },
  "rollout_crm_5.0s": {
    "xy_rmse_m": 0.6925697376928862,
    "yaw_rmse_rad": 0.03173428535982889,
    "errdist": 0.09677489699665051,
    "mean_dist_m": 7.1565019357949495,
    "episodes": 12
  },
  "rollout_crm_10.0s": {
    "xy_rmse_m": 2.068461294014766,
    "yaw_rmse_rad": 0.10419052975627185,
    "errdist": 0.0826168318736936,
    "mean_dist_m": 25.036802393694717,
    "episodes": 12
  },
  "rollout_sel": 0.11428984814130216
}
{
  "epoch": 41,
  "timestamp_utc": "2026-07-10T01:14:00.001641+00:00",
  "train_loss": 0.02416602146718651,
  "val_loss": 0.0030166564172941436,
  "val_rmse": {
    "vel_body_x_mps": 0.0007902234030665431,
    "vel_body_y_mps": 0.0007216246460409389,
    "roll_rad": 1.6489952886914337e-05,
    "pitch_rad": 8.799855532853984e-06,
    "roll_rate_radps": 0.0014314515133168422,
    "ang_vel_body_y_radps": 0.0007076020963883486,
    "yaw_rate_radps": 0.0013180459035830713,
    "tire_fl_force_wheel_fz_n": 39.77928596592704,
    "tire_fr_force_wheel_fz_n": 38.86247197208762,
    "tire_rl_force_wheel_fz_n": 24.941993814810974,
    "tire_rr_force_wheel_fz_n": 23.20103566667729,
    "tire_fl_spindle_omega_radps": 0.05380736893024778,
    "tire_fr_spindle_omega_radps": 0.05477941444434119,
    "tire_rl_spindle_omega_radps": 0.0556312306384937,
    "tire_rr_spindle_omega_radps": 0.048730296479982
  },
  "val_flat_loss": 0.0030166564172941436,
  "val_flat_rmse": {
    "vel_body_x_mps": 0.0007902234030665431,
    "vel_body_y_mps": 0.0007216246460409389,
    "roll_rad": 1.6489952886914337e-05,
    "pitch_rad": 8.799855532853984e-06,
    "roll_rate_radps": 0.0014314515133168422,
    "ang_vel_body_y_radps": 0.0007076020963883486,
    "yaw_rate_radps": 0.0013180459035830713,
    "tire_fl_force_wheel_fz_n": 39.77928596592704,
    "tire_fr_force_wheel_fz_n": 38.86247197208762,
    "tire_rl_force_wheel_fz_n": 24.941993814810974,
    "tire_rr_force_wheel_fz_n": 23.20103566667729,
    "tire_fl_spindle_omega_radps": 0.05380736893024778,
    "tire_fr_spindle_omega_radps": 0.05477941444434119,
    "tire_rl_spindle_omega_radps": 0.0556312306384937,
    "tire_rr_spindle_omega_radps": 0.048730296479982
  },
  "val_crm_loss": 0.08713412307959516,
  "val_crm_rmse": {
    "vel_body_x_mps": 0.002938117745630268,
    "vel_body_y_mps": 0.002437674576789574,
    "roll_rad": 4.8635742158969654e-05,
    "pitch_rad": 3.709994008611067e-05,
    "roll_rate_radps": 0.0038603112368513224,
    "ang_vel_body_y_radps": 0.002524284357919589,
    "yaw_rate_radps": 0.0023148621224409025,
    "tire_fl_force_wheel_fz_n": 603.4854064441125,
    "tire_fr_force_wheel_fz_n": 617.5231196942618,
    "tire_rl_force_wheel_fz_n": 902.316145402975,
    "tire_rr_force_wheel_fz_n": 946.3883194840257,
    "tire_fl_spindle_omega_radps": 0.1303668698960911,
    "tire_fr_spindle_omega_radps": 0.13201459004282634,
    "tire_rl_spindle_omega_radps": 0.15145880605563902,
    "tire_rr_spindle_omega_radps": 0.15531216949502247
  },
  "val_mixed_loss": 0.045075389748444654,
  "rollout_flat_5.0s": {
    "xy_rmse_m": 0.7139896458606098,
    "yaw_rmse_rad": 0.10633799662885293,
    "errdist": 0.09404288302723998,
    "mean_dist_m": 7.592170963684718,
    "episodes": 12
  },
  "rollout_flat_10.0s": {
    "xy_rmse_m": 4.306233995589666,
    "yaw_rmse_rad": 0.29896621151533564,
    "errdist": 0.12227675738473053,
    "mean_dist_m": 35.2171098391215,
    "episodes": 12
  },
  "rollout_crm_5.0s": {
    "xy_rmse_m": 0.6867955912077307,
    "yaw_rmse_rad": 0.05418598464825462,
    "errdist": 0.09596805777031359,
    "mean_dist_m": 7.1565019357949495,
    "episodes": 12
  },
  "rollout_crm_10.0s": {
    "xy_rmse_m": 1.6302417454164688,
    "yaw_rmse_rad": 0.1052543484821327,
    "errdist": 0.06511381604493671,
    "mean_dist_m": 25.036802393694717,
    "episodes": 12
  },
  "rollout_sel": 0.09369528671483363
}
{
  "epoch": 42,
  "timestamp_utc": "2026-07-10T01:14:43.446697+00:00",
  "train_loss": 0.023959278777241706,
  "val_loss": 0.002984742326734704,
  "val_rmse": {
    "vel_body_x_mps": 0.0008543125214710452,
    "vel_body_y_mps": 0.0006845996756086704,
    "roll_rad": 1.5571266374219347e-05,
    "pitch_rad": 8.563274484634492e-06,
    "roll_rate_radps": 0.001427690303562224,
    "ang_vel_body_y_radps": 0.0007077327174399397,
    "yaw_rate_radps": 0.001314432244971876,
    "tire_fl_force_wheel_fz_n": 43.093519812530005,
    "tire_fr_force_wheel_fz_n": 39.86688078812974,
    "tire_rl_force_wheel_fz_n": 24.844691574199796,
    "tire_rr_force_wheel_fz_n": 23.389771054465587,
    "tire_fl_spindle_omega_radps": 0.053209371982298165,
    "tire_fr_spindle_omega_radps": 0.05252254192578005,
    "tire_rl_spindle_omega_radps": 0.05351816242716783,
    "tire_rr_spindle_omega_radps": 0.0480214111922495
  },
  "val_flat_loss": 0.002984742326734704,
  "val_flat_rmse": {
    "vel_body_x_mps": 0.0008543125214710452,
    "vel_body_y_mps": 0.0006845996756086704,
    "roll_rad": 1.5571266374219347e-05,
    "pitch_rad": 8.563274484634492e-06,
    "roll_rate_radps": 0.001427690303562224,
    "ang_vel_body_y_radps": 0.0007077327174399397,
    "yaw_rate_radps": 0.001314432244971876,
    "tire_fl_force_wheel_fz_n": 43.093519812530005,
    "tire_fr_force_wheel_fz_n": 39.86688078812974,
    "tire_rl_force_wheel_fz_n": 24.844691574199796,
    "tire_rr_force_wheel_fz_n": 23.389771054465587,
    "tire_fl_spindle_omega_radps": 0.053209371982298165,
    "tire_fr_spindle_omega_radps": 0.05252254192578005,
    "tire_rl_spindle_omega_radps": 0.05351816242716783,
    "tire_rr_spindle_omega_radps": 0.0480214111922495
  },
  "val_crm_loss": 0.0880118991213385,
  "val_crm_rmse": {
    "vel_body_x_mps": 0.0029947218186335577,
    "vel_body_y_mps": 0.002402060934811761,
    "roll_rad": 4.580753523401617e-05,
    "pitch_rad": 4.112804830725852e-05,
    "roll_rate_radps": 0.0037070943916902273,
    "ang_vel_body_y_radps": 0.002558336295104291,
    "yaw_rate_radps": 0.0023417497200662893,
    "tire_fl_force_wheel_fz_n": 612.6176790292456,
    "tire_fr_force_wheel_fz_n": 621.169649703991,
    "tire_rl_force_wheel_fz_n": 911.724861567723,
    "tire_rr_force_wheel_fz_n": 954.7856850834681,
    "tire_fl_spindle_omega_radps": 0.1341716670180081,
    "tire_fr_spindle_omega_radps": 0.1329638787521708,
    "tire_rl_spindle_omega_radps": 0.15259865152579505,
    "tire_rr_spindle_omega_radps": 0.15442453101417283
  },
  "val_mixed_loss": 0.0454983207240366,
  "rollout_flat_5.0s": {
    "xy_rmse_m": 1.0097815338396605,
    "yaw_rmse_rad": 0.13929800930976977,
    "errdist": 0.13300300252321795,
    "mean_dist_m": 7.592170963684718,
    "episodes": 12
  },
  "rollout_flat_10.0s": {
    "xy_rmse_m": 7.562824942173198,
    "yaw_rmse_rad": 0.4842822726922536,
    "errdist": 0.21474859739262053,
    "mean_dist_m": 35.2171098391215,
    "episodes": 12
  },
  "rollout_crm_5.0s": {
    "xy_rmse_m": 0.7764180759986118,
    "yaw_rmse_rad": 0.06416302286031396,
    "errdist": 0.10849128288712839,
    "mean_dist_m": 7.1565019357949495,
    "episodes": 12
  },
  "rollout_crm_10.0s": {
    "xy_rmse_m": 2.7262971963576597,
    "yaw_rmse_rad": 0.14413599615064873,
    "errdist": 0.10889158900915605,
    "mean_dist_m": 25.036802393694717,
    "episodes": 12
  },
  "rollout_sel": 0.1618200932008883
}
{
  "epoch": 43,
  "timestamp_utc": "2026-07-10T01:15:26.906104+00:00",
  "train_loss": 0.023646527507342398,
  "val_loss": 0.0032970727557221835,
  "val_rmse": {
    "vel_body_x_mps": 0.0008640452477800517,
    "vel_body_y_mps": 0.0008464921322623588,
    "roll_rad": 2.4667275020119877e-05,
    "pitch_rad": 8.53141147024023e-06,
    "roll_rate_radps": 0.001404138694603533,
    "ang_vel_body_y_radps": 0.0007329439953438951,
    "yaw_rate_radps": 0.0013475310494538819,
    "tire_fl_force_wheel_fz_n": 41.07867586563832,
    "tire_fr_force_wheel_fz_n": 40.44737874368508,
    "tire_rl_force_wheel_fz_n": 24.629903766128123,
    "tire_rr_force_wheel_fz_n": 22.865240952427357,
    "tire_fl_spindle_omega_radps": 0.05663479644746876,
    "tire_fr_spindle_omega_radps": 0.056176170950579175,
    "tire_rl_spindle_omega_radps": 0.05548726681873201,
    "tire_rr_spindle_omega_radps": 0.05061254400999697
  },
  "val_flat_loss": 0.0032970727557221835,
  "val_flat_rmse": {
    "vel_body_x_mps": 0.0008640452477800517,
    "vel_body_y_mps": 0.0008464921322623588,
    "roll_rad": 2.4667275020119877e-05,
    "pitch_rad": 8.53141147024023e-06,
    "roll_rate_radps": 0.001404138694603533,
    "ang_vel_body_y_radps": 0.0007329439953438951,
    "yaw_rate_radps": 0.0013475310494538819,
    "tire_fl_force_wheel_fz_n": 41.07867586563832,
    "tire_fr_force_wheel_fz_n": 40.44737874368508,
    "tire_rl_force_wheel_fz_n": 24.629903766128123,
    "tire_rr_force_wheel_fz_n": 22.865240952427357,
    "tire_fl_spindle_omega_radps": 0.05663479644746876,
    "tire_fr_spindle_omega_radps": 0.056176170950579175,
    "tire_rl_spindle_omega_radps": 0.05548726681873201,
    "tire_rr_spindle_omega_radps": 0.05061254400999697
  },
  "val_crm_loss": 0.08734971247322391,
  "val_crm_rmse": {
    "vel_body_x_mps": 0.002934813603678309,
    "vel_body_y_mps": 0.0024422930408826665,
    "roll_rad": 5.415530719750013e-05,
    "pitch_rad": 3.6078849728925924e-05,
    "roll_rate_radps": 0.0036968696652237448,
    "ang_vel_body_y_radps": 0.0025451360362941074,
    "yaw_rate_radps": 0.002337634222374744,
    "tire_fl_force_wheel_fz_n": 611.9487248381638,
    "tire_fr_force_wheel_fz_n": 612.1105751543754,
    "tire_rl_force_wheel_fz_n": 910.5258912720483,
    "tire_rr_force_wheel_fz_n": 953.7113554229002,
    "tire_fl_spindle_omega_radps": 0.13007219778420012,
    "tire_fr_spindle_omega_radps": 0.13073856629107752,
    "tire_rl_spindle_omega_radps": 0.1524417052990559,
    "tire_rr_spindle_omega_radps": 0.15356860868855735
  },
  "val_mixed_loss": 0.045323392614473046,
  "rollout_flat_5.0s": {
    "xy_rmse_m": 2.480639527985466,
    "yaw_rmse_rad": 0.16448838702355792,
    "errdist": 0.32673652106242007,
    "mean_dist_m": 7.592170963684718,
    "episodes": 12
  },
  "rollout_flat_10.0s": {
    "xy_rmse_m": 11.64152531866845,
    "yaw_rmse_rad": 0.5867144037010376,
    "errdist": 0.33056447198106736,
    "mean_dist_m": 35.2171098391215,
    "episodes": 12
  },
  "rollout_crm_5.0s": {
    "xy_rmse_m": 0.507284762853164,
    "yaw_rmse_rad": 0.04890688861357866,
    "errdist": 0.0708844582736516,
    "mean_dist_m": 7.1565019357949495,
    "episodes": 12
  },
  "rollout_crm_10.0s": {
    "xy_rmse_m": 2.4102899380150578,
    "yaw_rmse_rad": 0.25681506010424104,
    "errdist": 0.09626987904102588,
    "mean_dist_m": 25.036802393694717,
    "episodes": 12
  },
  "rollout_sel": 0.2134171755110466
}
{
  "epoch": 44,
  "timestamp_utc": "2026-07-10T01:16:10.179955+00:00",
  "train_loss": 0.02376670017745346,
  "val_loss": 0.0029059248458361254,
  "val_rmse": {
    "vel_body_x_mps": 0.0008014847022409736,
    "vel_body_y_mps": 0.0006660067152154652,
    "roll_rad": 1.8614439113801623e-05,
    "pitch_rad": 1.0951737089510476e-05,
    "roll_rate_radps": 0.0014070838376608863,
    "ang_vel_body_y_radps": 0.0007056362161939043,
    "yaw_rate_radps": 0.0013099479372864337,
    "tire_fl_force_wheel_fz_n": 40.15977909952559,
    "tire_fr_force_wheel_fz_n": 40.1093222654239,
    "tire_rl_force_wheel_fz_n": 24.38059810245099,
    "tire_rr_force_wheel_fz_n": 24.164170019315723,
    "tire_fl_spindle_omega_radps": 0.0532535456144709,
    "tire_fr_spindle_omega_radps": 0.05249842185665179,
    "tire_rl_spindle_omega_radps": 0.05256255880990881,
    "tire_rr_spindle_omega_radps": 0.047994944152514867
  },
  "val_flat_loss": 0.0029059248458361254,
  "val_flat_rmse": {
    "vel_body_x_mps": 0.0008014847022409736,
    "vel_body_y_mps": 0.0006660067152154652,
    "roll_rad": 1.8614439113801623e-05,
    "pitch_rad": 1.0951737089510476e-05,
    "roll_rate_radps": 0.0014070838376608863,
    "ang_vel_body_y_radps": 0.0007056362161939043,
    "yaw_rate_radps": 0.0013099479372864337,
    "tire_fl_force_wheel_fz_n": 40.15977909952559,
    "tire_fr_force_wheel_fz_n": 40.1093222654239,
    "tire_rl_force_wheel_fz_n": 24.38059810245099,
    "tire_rr_force_wheel_fz_n": 24.164170019315723,
    "tire_fl_spindle_omega_radps": 0.0532535456144709,
    "tire_fr_spindle_omega_radps": 0.05249842185665179,
    "tire_rl_spindle_omega_radps": 0.05256255880990881,
    "tire_rr_spindle_omega_radps": 0.047994944152514867
  },
  "val_crm_loss": 0.08694963693851605,
  "val_crm_rmse": {
    "vel_body_x_mps": 0.0029349798802081675,
    "vel_body_y_mps": 0.0024023164875940344,
    "roll_rad": 4.8649891213306964e-05,
    "pitch_rad": 3.951010934446563e-05,
    "roll_rate_radps": 0.0037431264896040117,
    "ang_vel_body_y_radps": 0.0025611794006336367,
    "yaw_rate_radps": 0.0022939376186712564,
    "tire_fl_force_wheel_fz_n": 598.6524900640297,
    "tire_fr_force_wheel_fz_n": 617.1512326072852,
    "tire_rl_force_wheel_fz_n": 911.9896275663305,
    "tire_rr_force_wheel_fz_n": 946.8862396067072,
    "tire_fl_spindle_omega_radps": 0.13167816177113484,
    "tire_fr_spindle_omega_radps": 0.13295175438099513,
    "tire_rl_spindle_omega_radps": 0.15366943463142413,
    "tire_rr_spindle_omega_radps": 0.15461099813230397
  },
  "val_mixed_loss": 0.04492778089217609,
  "rollout_flat_5.0s": {
    "xy_rmse_m": 1.3304182385965904,
    "yaw_rmse_rad": 0.08283584972551912,
    "errdist": 0.17523554790327017,
    "mean_dist_m": 7.592170963684718,
    "episodes": 12
  },
  "rollout_flat_10.0s": {
    "xy_rmse_m": 4.318525523761728,
    "yaw_rmse_rad": 0.21490083904664678,
    "errdist": 0.12262577887536995,
    "mean_dist_m": 35.2171098391215,
    "episodes": 12
  },
  "rollout_crm_5.0s": {
    "xy_rmse_m": 0.7230046302494134,
    "yaw_rmse_rad": 0.029111818153567826,
    "errdist": 0.10102765802844732,
    "mean_dist_m": 7.1565019357949495,
    "episodes": 12
  },
  "rollout_crm_10.0s": {
    "xy_rmse_m": 1.8330846331132018,
    "yaw_rmse_rad": 0.05495059507781473,
    "errdist": 0.0732156049438185,
    "mean_dist_m": 25.036802393694717,
    "episodes": 12
  },
  "rollout_sel": 0.09792069190959422
}
{
  "epoch": 45,
  "timestamp_utc": "2026-07-10T01:16:53.470471+00:00",
  "train_loss": 0.023633692032657562,
  "val_loss": 0.0029228729476926674,
  "val_rmse": {
    "vel_body_x_mps": 0.0007796392966864137,
    "vel_body_y_mps": 0.0007257001897801534,
    "roll_rad": 1.3863492390631262e-05,
    "pitch_rad": 1.2129541078394851e-05,
    "roll_rate_radps": 0.001423342171223165,
    "ang_vel_body_y_radps": 0.0007139748842399453,
    "yaw_rate_radps": 0.0013078875850785832,
    "tire_fl_force_wheel_fz_n": 38.23556221625076,
    "tire_fr_force_wheel_fz_n": 38.425691511152735,
    "tire_rl_force_wheel_fz_n": 24.44776802406802,
    "tire_rr_force_wheel_fz_n": 22.88077975813413,
    "tire_fl_spindle_omega_radps": 0.0537714938329574,
    "tire_fr_spindle_omega_radps": 0.054579693744960786,
    "tire_rl_spindle_omega_radps": 0.05147153934654302,
    "tire_rr_spindle_omega_radps": 0.0477047196692001
  },
  "val_flat_loss": 0.0029228729476926674,
  "val_flat_rmse": {
    "vel_body_x_mps": 0.0007796392966864137,
    "vel_body_y_mps": 0.0007257001897801534,
    "roll_rad": 1.3863492390631262e-05,
    "pitch_rad": 1.2129541078394851e-05,
    "roll_rate_radps": 0.001423342171223165,
    "ang_vel_body_y_radps": 0.0007139748842399453,
    "yaw_rate_radps": 0.0013078875850785832,
    "tire_fl_force_wheel_fz_n": 38.23556221625076,
    "tire_fr_force_wheel_fz_n": 38.425691511152735,
    "tire_rl_force_wheel_fz_n": 24.44776802406802,
    "tire_rr_force_wheel_fz_n": 22.88077975813413,
    "tire_fl_spindle_omega_radps": 0.0537714938329574,
    "tire_fr_spindle_omega_radps": 0.054579693744960786,
    "tire_rl_spindle_omega_radps": 0.05147153934654302,
    "tire_rr_spindle_omega_radps": 0.0477047196692001
  },
  "val_crm_loss": 0.08685324532270897,
  "val_crm_rmse": {
    "vel_body_x_mps": 0.002956834534743548,
    "vel_body_y_mps": 0.002382394085993686,
    "roll_rad": 4.493355574411711e-05,
    "pitch_rad": 3.4678974443099964e-05,
    "roll_rate_radps": 0.003687903029200124,
    "ang_vel_body_y_radps": 0.0025398448691135046,
    "yaw_rate_radps": 0.002328323336494147,
    "tire_fl_force_wheel_fz_n": 597.6409930589373,
    "tire_fr_force_wheel_fz_n": 614.25853313352,
    "tire_rl_force_wheel_fz_n": 913.3102403780674,
    "tire_rr_force_wheel_fz_n": 947.2088095409957,
    "tire_fl_spindle_omega_radps": 0.12974567667240022,
    "tire_fr_spindle_omega_radps": 0.130451098724901,
    "tire_rl_spindle_omega_radps": 0.15187908647844145,
    "tire_rr_spindle_omega_radps": 0.15256441827828557
  },
  "val_mixed_loss": 0.04488805913520082,
  "rollout_flat_5.0s": {
    "xy_rmse_m": 1.693184643898034,
    "yaw_rmse_rad": 0.14061172332608518,
    "errdist": 0.22301719126149375,
    "mean_dist_m": 7.592170963684718,
    "episodes": 12
  },
  "rollout_flat_10.0s": {
    "xy_rmse_m": 6.17606527223503,
    "yaw_rmse_rad": 0.27533951603873313,
    "errdist": 0.17537115624900734,
    "mean_dist_m": 35.2171098391215,
    "episodes": 12
  },
  "rollout_crm_5.0s": {
    "xy_rmse_m": 1.0937631592458479,
    "yaw_rmse_rad": 0.07570128018034462,
    "errdist": 0.1528348862417169,
    "mean_dist_m": 7.1565019357949495,
    "episodes": 12
  },
  "rollout_crm_10.0s": {
    "xy_rmse_m": 4.042461105659705,
    "yaw_rmse_rad": 0.18344084840065603,
    "errdist": 0.161460758530321,
    "mean_dist_m": 25.036802393694717,
    "episodes": 12
  },
  "rollout_sel": 0.16841595738966417
}
{
  "epoch": 46,
  "timestamp_utc": "2026-07-10T01:17:36.823042+00:00",
  "train_loss": 0.023308377374894915,
  "val_loss": 0.00287081671966007,
  "val_rmse": {
    "vel_body_x_mps": 0.0008134777193297427,
    "vel_body_y_mps": 0.0006790938497333845,
    "roll_rad": 1.7541494551197026e-05,
    "pitch_rad": 8.162194255388663e-06,
    "roll_rate_radps": 0.001441617665190218,
    "ang_vel_body_y_radps": 0.0007084466992119341,
    "yaw_rate_radps": 0.0012969232131584438,
    "tire_fl_force_wheel_fz_n": 38.75510947153819,
    "tire_fr_force_wheel_fz_n": 39.22376375195267,
    "tire_rl_force_wheel_fz_n": 24.667388207497474,
    "tire_rr_force_wheel_fz_n": 23.09908367626727,
    "tire_fl_spindle_omega_radps": 0.052505699833277776,
    "tire_fr_spindle_omega_radps": 0.05314814745324086,
    "tire_rl_spindle_omega_radps": 0.05332037328880554,
    "tire_rr_spindle_omega_radps": 0.04678093538420996
  },
  "val_flat_loss": 0.00287081671966007,
  "val_flat_rmse": {
    "vel_body_x_mps": 0.0008134777193297427,
    "vel_body_y_mps": 0.0006790938497333845,
    "roll_rad": 1.7541494551197026e-05,
    "pitch_rad": 8.162194255388663e-06,
    "roll_rate_radps": 0.001441617665190218,
    "ang_vel_body_y_radps": 0.0007084466992119341,
    "yaw_rate_radps": 0.0012969232131584438,
    "tire_fl_force_wheel_fz_n": 38.75510947153819,
    "tire_fr_force_wheel_fz_n": 39.22376375195267,
    "tire_rl_force_wheel_fz_n": 24.667388207497474,
    "tire_rr_force_wheel_fz_n": 23.09908367626727,
    "tire_fl_spindle_omega_radps": 0.052505699833277776,
    "tire_fr_spindle_omega_radps": 0.05314814745324086,
    "tire_rl_spindle_omega_radps": 0.05332037328880554,
    "tire_rr_spindle_omega_radps": 0.04678093538420996
  },
  "val_crm_loss": 0.08645022310258355,
  "val_crm_rmse": {
    "vel_body_x_mps": 0.0028770395564682322,
    "vel_body_y_mps": 0.0023944637354978704,
    "roll_rad": 4.251583650813576e-05,
    "pitch_rad": 3.5608796142184054e-05,
    "roll_rate_radps": 0.00378606662855283,
    "ang_vel_body_y_radps": 0.0025540977215812747,
    "yaw_rate_radps": 0.0023042942822014056,
    "tire_fl_force_wheel_fz_n": 597.6426129489931,
    "tire_fr_force_wheel_fz_n": 610.1060248274571,
    "tire_rl_force_wheel_fz_n": 907.4529144107471,
    "tire_rr_force_wheel_fz_n": 949.2005036852272,
    "tire_fl_spindle_omega_radps": 0.13134671270300688,
    "tire_fr_spindle_omega_radps": 0.13306157505439933,
    "tire_rl_spindle_omega_radps": 0.15306800910730292,
    "tire_rr_spindle_omega_radps": 0.15512578767363636
  },
  "val_mixed_loss": 0.044660519911121806,
  "rollout_flat_5.0s": {
    "xy_rmse_m": 1.4575718782039608,
    "yaw_rmse_rad": 0.1647138347597995,
    "errdist": 0.19198354267519754,
    "mean_dist_m": 7.592170963684718,
    "episodes": 12
  },
  "rollout_flat_10.0s": {
    "xy_rmse_m": 7.835279478903899,
    "yaw_rmse_rad": 0.42365585011250007,
    "errdist": 0.22248502261250158,
    "mean_dist_m": 35.2171098391215,
    "episodes": 12
  },
  "rollout_crm_5.0s": {
    "xy_rmse_m": 0.6140795914825036,
    "yaw_rmse_rad": 0.03684428848178317,
    "errdist": 0.08580722774782443,
    "mean_dist_m": 7.1565019357949495,
    "episodes": 12
  },
  "rollout_crm_10.0s": {
    "xy_rmse_m": 1.3663411226449953,
    "yaw_rmse_rad": 0.07052346558614499,
    "errdist": 0.05457330777148664,
    "mean_dist_m": 25.036802393694717,
    "episodes": 12
  },
  "rollout_sel": 0.1385291651919941
}
{
  "epoch": 47,
  "timestamp_utc": "2026-07-10T01:18:20.256323+00:00",
  "train_loss": 0.023247449395246804,
  "val_loss": 0.002835776052579604,
  "val_rmse": {
    "vel_body_x_mps": 0.0007691874534088937,
    "vel_body_y_mps": 0.0007348750999622247,
    "roll_rad": 1.769475736338734e-05,
    "pitch_rad": 7.865186812263909e-06,
    "roll_rate_radps": 0.001392884021994392,
    "ang_vel_body_y_radps": 0.0007007484956647914,
    "yaw_rate_radps": 0.0013002370751715182,
    "tire_fl_force_wheel_fz_n": 39.32253582958534,
    "tire_fr_force_wheel_fz_n": 38.320234238788665,
    "tire_rl_force_wheel_fz_n": 24.502935092045607,
    "tire_rr_force_wheel_fz_n": 24.52319897446047,
    "tire_fl_spindle_omega_radps": 0.052450539713177195,
    "tire_fr_spindle_omega_radps": 0.05193889200338969,
    "tire_rl_spindle_omega_radps": 0.05158154954500824,
    "tire_rr_spindle_omega_radps": 0.04796430079816113
  },
  "val_flat_loss": 0.002835776052579604,
  "val_flat_rmse": {
    "vel_body_x_mps": 0.0007691874534088937,
    "vel_body_y_mps": 0.0007348750999622247,
    "roll_rad": 1.769475736338734e-05,
    "pitch_rad": 7.865186812263909e-06,
    "roll_rate_radps": 0.001392884021994392,
    "ang_vel_body_y_radps": 0.0007007484956647914,
    "yaw_rate_radps": 0.0013002370751715182,
    "tire_fl_force_wheel_fz_n": 39.32253582958534,
    "tire_fr_force_wheel_fz_n": 38.320234238788665,
    "tire_rl_force_wheel_fz_n": 24.502935092045607,
    "tire_rr_force_wheel_fz_n": 24.52319897446047,
    "tire_fl_spindle_omega_radps": 0.052450539713177195,
    "tire_fr_spindle_omega_radps": 0.05193889200338969,
    "tire_rl_spindle_omega_radps": 0.05158154954500824,
    "tire_rr_spindle_omega_radps": 0.04796430079816113
  },
  "val_crm_loss": 0.08651378901384305,
  "val_crm_rmse": {
    "vel_body_x_mps": 0.0028564737317764402,
    "vel_body_y_mps": 0.0023987970842704338,
    "roll_rad": 4.4558572025731134e-05,
    "pitch_rad": 3.267160535609252e-05,
    "roll_rate_radps": 0.003673097278434822,
    "ang_vel_body_y_radps": 0.00251763441478695,
    "yaw_rate_radps": 0.00231500142734474,
    "tire_fl_force_wheel_fz_n": 593.0482553501258,
    "tire_fr_force_wheel_fz_n": 603.9279999196212,
    "tire_rl_force_wheel_fz_n": 909.9087331391112,
    "tire_rr_force_wheel_fz_n": 957.8513447080189,
    "tire_fl_spindle_omega_radps": 0.1277669555968761,
    "tire_fr_spindle_omega_radps": 0.1280405940926896,
    "tire_rl_spindle_omega_radps": 0.1499162014325507,
    "tire_rr_spindle_omega_radps": 0.15120734299600977
  },
  "val_mixed_loss": 0.044674782533211325,
  "rollout_flat_5.0s": {
    "xy_rmse_m": 1.6133005604916009,
    "yaw_rmse_rad": 0.10477586914222499,
    "errdist": 0.21249528866096762,
    "mean_dist_m": 7.592170963684718,
    "episodes": 12
  },
  "rollout_flat_10.0s": {
    "xy_rmse_m": 7.604387134383362,
    "yaw_rmse_rad": 0.24009351372962684,
    "errdist": 0.21592876783818032,
    "mean_dist_m": 35.2171098391215,
    "episodes": 12
  },
  "rollout_crm_5.0s": {
    "xy_rmse_m": 0.7088994356528125,
    "yaw_rmse_rad": 0.03782918946049268,
    "errdist": 0.099056695856824,
    "mean_dist_m": 7.1565019357949495,
    "episodes": 12
  },
  "rollout_crm_10.0s": {
    "xy_rmse_m": 2.2263882213180892,
    "yaw_rmse_rad": 0.2135147681764597,
    "errdist": 0.08892462329290038,
    "mean_dist_m": 25.036802393694717,
    "episodes": 12
  },
  "rollout_sel": 0.15242669556554034
}
{
  "epoch": 48,
  "timestamp_utc": "2026-07-10T01:19:03.542755+00:00",
  "train_loss": 0.022928906308487058,
  "val_loss": 0.002999695121216064,
  "val_rmse": {
    "vel_body_x_mps": 0.0008706253140350811,
    "vel_body_y_mps": 0.0006493300453020379,
    "roll_rad": 1.5512636831509916e-05,
    "pitch_rad": 8.725118949195985e-06,
    "roll_rate_radps": 0.0014342103757799256,
    "ang_vel_body_y_radps": 0.0007293310974815526,
    "yaw_rate_radps": 0.0012946211409802213,
    "tire_fl_force_wheel_fz_n": 38.9187257965439,
    "tire_fr_force_wheel_fz_n": 38.2197186472202,
    "tire_rl_force_wheel_fz_n": 24.629408397810188,
    "tire_rr_force_wheel_fz_n": 22.784231934015203,
    "tire_fl_spindle_omega_radps": 0.05353614709884287,
    "tire_fr_spindle_omega_radps": 0.0546878887833845,
    "tire_rl_spindle_omega_radps": 0.052303660313043475,
    "tire_rr_spindle_omega_radps": 0.048033294368627265
  },
  "val_flat_loss": 0.002999695121216064,
  "val_flat_rmse": {
    "vel_body_x_mps": 0.0008706253140350811,
    "vel_body_y_mps": 0.0006493300453020379,
    "roll_rad": 1.5512636831509916e-05,
    "pitch_rad": 8.725118949195985e-06,
    "roll_rate_radps": 0.0014342103757799256,
    "ang_vel_body_y_radps": 0.0007293310974815526,
    "yaw_rate_radps": 0.0012946211409802213,
    "tire_fl_force_wheel_fz_n": 38.9187257965439,
    "tire_fr_force_wheel_fz_n": 38.2197186472202,
    "tire_rl_force_wheel_fz_n": 24.629408397810188,
    "tire_rr_force_wheel_fz_n": 22.784231934015203,
    "tire_fl_spindle_omega_radps": 0.05353614709884287,
    "tire_fr_spindle_omega_radps": 0.0546878887833845,
    "tire_rl_spindle_omega_radps": 0.052303660313043475,
    "tire_rr_spindle_omega_radps": 0.048033294368627265
  },
  "val_crm_loss": 0.08682876236794983,
  "val_crm_rmse": {
    "vel_body_x_mps": 0.0028886810760509122,
    "vel_body_y_mps": 0.002383530079720749,
    "roll_rad": 4.5771714983471814e-05,
    "pitch_rad": 3.384382171936087e-05,
    "roll_rate_radps": 0.003732117930491021,
    "ang_vel_body_y_radps": 0.0025575520884110565,
    "yaw_rate_radps": 0.0023170285959437527,
    "tire_fl_force_wheel_fz_n": 597.1574393189659,
    "tire_fr_force_wheel_fz_n": 601.6819213372721,
    "tire_rl_force_wheel_fz_n": 911.0407553561596,
    "tire_rr_force_wheel_fz_n": 958.6664324631845,
    "tire_fl_spindle_omega_radps": 0.132307113638538,
    "tire_fr_spindle_omega_radps": 0.1322597573767461,
    "tire_rl_spindle_omega_radps": 0.1549670753706146,
    "tire_rr_spindle_omega_radps": 0.15473781663110941
  },
  "val_mixed_loss": 0.044914228744582944,
  "rollout_flat_5.0s": {
    "xy_rmse_m": 1.8794202536473434,
    "yaw_rmse_rad": 0.12739717167216694,
    "errdist": 0.24754714595299393,
    "mean_dist_m": 7.592170963684718,
    "episodes": 12
  },
  "rollout_flat_10.0s": {
    "xy_rmse_m": 6.063028205015312,
    "yaw_rmse_rad": 0.19478361646486747,
    "errdist": 0.17216143609490916,
    "mean_dist_m": 35.2171098391215,
    "episodes": 12
  },
  "rollout_crm_5.0s": {
    "xy_rmse_m": 0.7365297748134886,
    "yaw_rmse_rad": 0.0582032426810515,
    "errdist": 0.1029175680271334,
    "mean_dist_m": 7.1565019357949495,
    "episodes": 12
  },
  "rollout_crm_10.0s": {
    "xy_rmse_m": 2.3720619061675614,
    "yaw_rmse_rad": 0.1749080825707616,
    "errdist": 0.09474300547121556,
    "mean_dist_m": 25.036802393694717,
    "episodes": 12
  },
  "rollout_sel": 0.13345222078306235
}
{
  "epoch": 49,
  "timestamp_utc": "2026-07-10T01:19:46.840253+00:00",
  "train_loss": 0.022867738696746527,
  "val_loss": 0.0027853130994481036,
  "val_rmse": {
    "vel_body_x_mps": 0.0008103186798302471,
    "vel_body_y_mps": 0.0006531444482424843,
    "roll_rad": 1.8418370983406117e-05,
    "pitch_rad": 8.450864401204442e-06,
    "roll_rate_radps": 0.0014081059659805143,
    "ang_vel_body_y_radps": 0.0007136621343082432,
    "yaw_rate_radps": 0.00128965167484826,
    "tire_fl_force_wheel_fz_n": 38.583589783833084,
    "tire_fr_force_wheel_fz_n": 37.92422343774816,
    "tire_rl_force_wheel_fz_n": 24.440398456170797,
    "tire_rr_force_wheel_fz_n": 22.663149797115615,
    "tire_fl_spindle_omega_radps": 0.05206836593963401,
    "tire_fr_spindle_omega_radps": 0.05302576338163873,
    "tire_rl_spindle_omega_radps": 0.05208258974707353,
    "tire_rr_spindle_omega_radps": 0.04600394996157537
  },
  "val_flat_loss": 0.0027853130994481036,
  "val_flat_rmse": {
    "vel_body_x_mps": 0.0008103186798302471,
    "vel_body_y_mps": 0.0006531444482424843,
    "roll_rad": 1.8418370983406117e-05,
    "pitch_rad": 8.450864401204442e-06,
    "roll_rate_radps": 0.0014081059659805143,
    "ang_vel_body_y_radps": 0.0007136621343082432,
    "yaw_rate_radps": 0.00128965167484826,
    "tire_fl_force_wheel_fz_n": 38.583589783833084,
    "tire_fr_force_wheel_fz_n": 37.92422343774816,
    "tire_rl_force_wheel_fz_n": 24.440398456170797,
    "tire_rr_force_wheel_fz_n": 22.663149797115615,
    "tire_fl_spindle_omega_radps": 0.05206836593963401,
    "tire_fr_spindle_omega_radps": 0.05302576338163873,
    "tire_rl_spindle_omega_radps": 0.05208258974707353,
    "tire_rr_spindle_omega_radps": 0.04600394996157537
  },
  "val_crm_loss": 0.0860072224214673,
  "val_crm_rmse": {
    "vel_body_x_mps": 0.0028652472671852787,
    "vel_body_y_mps": 0.002427376720873319,
    "roll_rad": 4.623317615331972e-05,
    "pitch_rad": 3.283483616239959e-05,
    "roll_rate_radps": 0.0037611354039761157,
    "ang_vel_body_y_radps": 0.002495716915074417,
    "yaw_rate_radps": 0.0022917738937496867,
    "tire_fl_force_wheel_fz_n": 600.0834954925023,
    "tire_fr_force_wheel_fz_n": 596.869212414676,
    "tire_rl_force_wheel_fz_n": 904.3291847622976,
    "tire_rr_force_wheel_fz_n": 953.3053061266091,
    "tire_fl_spindle_omega_radps": 0.13158465298520336,
    "tire_fr_spindle_omega_radps": 0.1322338788167077,
    "tire_rl_spindle_omega_radps": 0.15339680679303558,
    "tire_rr_spindle_omega_radps": 0.1545436316438909
  },
  "val_mixed_loss": 0.0443962677604577,
  "rollout_flat_5.0s": {
    "xy_rmse_m": 1.2772768343042142,
    "yaw_rmse_rad": 0.13114685849071117,
    "errdist": 0.16823604742487408,
    "mean_dist_m": 7.592170963684718,
    "episodes": 12
  },
  "rollout_flat_10.0s": {
    "xy_rmse_m": 7.050832196261001,
    "yaw_rmse_rad": 0.3331427853961548,
    "errdist": 0.20021041557556973,
    "mean_dist_m": 35.2171098391215,
    "episodes": 12
  },
  "rollout_crm_5.0s": {
    "xy_rmse_m": 0.5828698956818406,
    "yaw_rmse_rad": 0.027548879638563648,
    "errdist": 0.08144620107855738,
    "mean_dist_m": 7.1565019357949495,
    "episodes": 12
  },
  "rollout_crm_10.0s": {
    "xy_rmse_m": 1.6898532352072548,
    "yaw_rmse_rad": 0.07767583781978807,
    "errdist": 0.06749477064342803,
    "mean_dist_m": 25.036802393694717,
    "episodes": 12
  },
  "rollout_sel": 0.13385259310949887
}
{
  "epoch": 50,
  "timestamp_utc": "2026-07-10T01:20:30.127277+00:00",
  "train_loss": 0.022541121867951007,
  "val_loss": 0.0027216178755043075,
  "val_rmse": {
    "vel_body_x_mps": 0.0007483143955760159,
    "vel_body_y_mps": 0.0006593008055770794,
    "roll_rad": 1.7546037260894126e-05,
    "pitch_rad": 7.766794245590017e-06,
    "roll_rate_radps": 0.0014770870921473867,
    "ang_vel_body_y_radps": 0.0006920590321136151,
    "yaw_rate_radps": 0.001290344416530042,
    "tire_fl_force_wheel_fz_n": 38.67791699047423,
    "tire_fr_force_wheel_fz_n": 40.95160251993758,
    "tire_rl_force_wheel_fz_n": 25.60734564960637,
    "tire_rr_force_wheel_fz_n": 22.46044363077966,
    "tire_fl_spindle_omega_radps": 0.05170553133315521,
    "tire_fr_spindle_omega_radps": 0.051237566354853256,
    "tire_rl_spindle_omega_radps": 0.04941986434056245,
    "tire_rr_spindle_omega_radps": 0.04782224239088148
  },
  "val_flat_loss": 0.0027216178755043075,
  "val_flat_rmse": {
    "vel_body_x_mps": 0.0007483143955760159,
    "vel_body_y_mps": 0.0006593008055770794,
    "roll_rad": 1.7546037260894126e-05,
    "pitch_rad": 7.766794245590017e-06,
    "roll_rate_radps": 0.0014770870921473867,
    "ang_vel_body_y_radps": 0.0006920590321136151,
    "yaw_rate_radps": 0.001290344416530042,
    "tire_fl_force_wheel_fz_n": 38.67791699047423,
    "tire_fr_force_wheel_fz_n": 40.95160251993758,
    "tire_rl_force_wheel_fz_n": 25.60734564960637,
    "tire_rr_force_wheel_fz_n": 22.46044363077966,
    "tire_fl_spindle_omega_radps": 0.05170553133315521,
    "tire_fr_spindle_omega_radps": 0.051237566354853256,
    "tire_rl_spindle_omega_radps": 0.04941986434056245,
    "tire_rr_spindle_omega_radps": 0.04782224239088148
  },
  "val_crm_loss": 0.08728069140168372,
  "val_crm_rmse": {
    "vel_body_x_mps": 0.002906583717574568,
    "vel_body_y_mps": 0.002374848825165889,
    "roll_rad": 4.542460393572931e-05,
    "pitch_rad": 3.253503528958282e-05,
    "roll_rate_radps": 0.003649892847829396,
    "ang_vel_body_y_radps": 0.002532976146151397,
    "yaw_rate_radps": 0.002321500941240117,
    "tire_fl_force_wheel_fz_n": 603.9237434400349,
    "tire_fr_force_wheel_fz_n": 611.5713793188438,
    "tire_rl_force_wheel_fz_n": 915.384247717448,
    "tire_rr_force_wheel_fz_n": 961.7382147102365,
    "tire_fl_spindle_omega_radps": 0.12949487734405055,
    "tire_fr_spindle_omega_radps": 0.13147230803120075,
    "tire_rl_spindle_omega_radps": 0.15177103903020608,
    "tire_rr_spindle_omega_radps": 0.15339182107665775
  },
  "val_mixed_loss": 0.04500115463859401,
  "rollout_flat_5.0s": {
    "xy_rmse_m": 1.893449532789137,
    "yaw_rmse_rad": 0.11164944230629535,
    "errdist": 0.2493950072839491,
    "mean_dist_m": 7.592170963684718,
    "episodes": 12
  },
  "rollout_flat_10.0s": {
    "xy_rmse_m": 11.022347874625934,
    "yaw_rmse_rad": 0.41756054833214007,
    "errdist": 0.31298274971961443,
    "mean_dist_m": 35.2171098391215,
    "episodes": 12
  },
  "rollout_crm_5.0s": {
    "xy_rmse_m": 0.6667156564673387,
    "yaw_rmse_rad": 0.025119306222585187,
    "errdist": 0.09316222680421582,
    "mean_dist_m": 7.1565019357949495,
    "episodes": 12
  },
  "rollout_crm_10.0s": {
    "xy_rmse_m": 1.5855256819203438,
    "yaw_rmse_rad": 0.0999279699586788,
    "errdist": 0.0633278026877603,
    "mean_dist_m": 25.036802393694717,
    "episodes": 12
  },
  "rollout_sel": 0.18815527620368735
}
{
  "epoch": 51,
  "timestamp_utc": "2026-07-10T01:21:13.759006+00:00",
  "train_loss": 0.022576545748859644,
  "val_loss": 0.0028588206099084347,
  "val_rmse": {
    "vel_body_x_mps": 0.0008147476778479455,
    "vel_body_y_mps": 0.0007527814989011479,
    "roll_rad": 1.8316356693565132e-05,
    "pitch_rad": 8.239364787518458e-06,
    "roll_rate_radps": 0.0014177679741721563,
    "ang_vel_body_y_radps": 0.0006876429009491089,
    "yaw_rate_radps": 0.0013021294114789518,
    "tire_fl_force_wheel_fz_n": 39.32253427371944,
    "tire_fr_force_wheel_fz_n": 38.15059431658041,
    "tire_rl_force_wheel_fz_n": 25.730656094816645,
    "tire_rr_force_wheel_fz_n": 23.50347721661163,
    "tire_fl_spindle_omega_radps": 0.0523958309912545,
    "tire_fr_spindle_omega_radps": 0.05084315717362445,
    "tire_rl_spindle_omega_radps": 0.04975238255606408,
    "tire_rr_spindle_omega_radps": 0.04674431236966377
  },
  "val_flat_loss": 0.0028588206099084347,
  "val_flat_rmse": {
    "vel_body_x_mps": 0.0008147476778479455,
    "vel_body_y_mps": 0.0007527814989011479,
    "roll_rad": 1.8316356693565132e-05,
    "pitch_rad": 8.239364787518458e-06,
    "roll_rate_radps": 0.0014177679741721563,
    "ang_vel_body_y_radps": 0.0006876429009491089,
    "yaw_rate_radps": 0.0013021294114789518,
    "tire_fl_force_wheel_fz_n": 39.32253427371944,
    "tire_fr_force_wheel_fz_n": 38.15059431658041,
    "tire_rl_force_wheel_fz_n": 25.730656094816645,
    "tire_rr_force_wheel_fz_n": 23.50347721661163,
    "tire_fl_spindle_omega_radps": 0.0523958309912545,
    "tire_fr_spindle_omega_radps": 0.05084315717362445,
    "tire_rl_spindle_omega_radps": 0.04975238255606408,
    "tire_rr_spindle_omega_radps": 0.04674431236966377
  },
  "val_crm_loss": 0.08615844319283497,
  "val_crm_rmse": {
    "vel_body_x_mps": 0.0028725166277882614,
    "vel_body_y_mps": 0.00235607789566395,
    "roll_rad": 4.383547578614253e-05,
    "pitch_rad": 3.572485409588532e-05,
    "roll_rate_radps": 0.003684495688537491,
    "ang_vel_body_y_radps": 0.0025267785531221166,
    "yaw_rate_radps": 0.0022818828645217648,
    "tire_fl_force_wheel_fz_n": 595.6876959067457,
    "tire_fr_force_wheel_fz_n": 602.9308574737596,
    "tire_rl_force_wheel_fz_n": 915.439394248596,
    "tire_rr_force_wheel_fz_n": 950.3520226275269,
    "tire_fl_spindle_omega_radps": 0.13097037097071065,
    "tire_fr_spindle_omega_radps": 0.13309483813391196,
    "tire_rl_spindle_omega_radps": 0.15342726454693986,
    "tire_rr_spindle_omega_radps": 0.15403981962895585
  },
  "val_mixed_loss": 0.044508631901371706,
  "rollout_flat_5.0s": {
    "xy_rmse_m": 1.4246402518382653,
    "yaw_rmse_rad": 0.12401856640639042,
    "errdist": 0.18764596564707003,
    "mean_dist_m": 7.592170963684718,
    "episodes": 12
  },
  "rollout_flat_10.0s": {
    "xy_rmse_m": 5.760198113248684,
    "yaw_rmse_rad": 0.3860497718834406,
    "errdist": 0.16356248822127575,
    "mean_dist_m": 35.2171098391215,
    "episodes": 12
  },
  "rollout_crm_5.0s": {
    "xy_rmse_m": 0.6851536528519269,
    "yaw_rmse_rad": 0.1727576167921302,
    "errdist": 0.09573862467988273,
    "mean_dist_m": 7.1565019357949495,
    "episodes": 12
  },
  "rollout_crm_10.0s": {
    "xy_rmse_m": 7.28374556154677,
    "yaw_rmse_rad": 0.46300648551629964,
    "errdist": 0.290921558073291,
    "mean_dist_m": 25.036802393694717,
    "episodes": 12
  },
  "rollout_sel": 0.22724202314728337
}
{
  "epoch": 52,
  "timestamp_utc": "2026-07-10T01:21:57.446607+00:00",
  "train_loss": 0.022328927966766058,
  "val_loss": 0.002753507123416057,
  "val_rmse": {
    "vel_body_x_mps": 0.0007486497888847113,
    "vel_body_y_mps": 0.0006806478260557902,
    "roll_rad": 1.645281769357625e-05,
    "pitch_rad": 7.982704967360877e-06,
    "roll_rate_radps": 0.0014257143426286898,
    "ang_vel_body_y_radps": 0.0006750788408688904,
    "yaw_rate_radps": 0.0013015362750331558,
    "tire_fl_force_wheel_fz_n": 39.799769757793335,
    "tire_fr_force_wheel_fz_n": 38.557221117310235,
    "tire_rl_force_wheel_fz_n": 25.188103006116247,
    "tire_rr_force_wheel_fz_n": 23.27431656400527,
    "tire_fl_spindle_omega_radps": 0.05082408796557784,
    "tire_fr_spindle_omega_radps": 0.05075627860153523,
    "tire_rl_spindle_omega_radps": 0.0488138244985612,
    "tire_rr_spindle_omega_radps": 0.04660371770824035
  },
  "val_flat_loss": 0.002753507123416057,
  "val_flat_rmse": {
    "vel_body_x_mps": 0.0007486497888847113,
    "vel_body_y_mps": 0.0006806478260557902,
    "roll_rad": 1.645281769357625e-05,
    "pitch_rad": 7.982704967360877e-06,
    "roll_rate_radps": 0.0014257143426286898,
    "ang_vel_body_y_radps": 0.0006750788408688904,
    "yaw_rate_radps": 0.0013015362750331558,
    "tire_fl_force_wheel_fz_n": 39.799769757793335,
    "tire_fr_force_wheel_fz_n": 38.557221117310235,
    "tire_rl_force_wheel_fz_n": 25.188103006116247,
    "tire_rr_force_wheel_fz_n": 23.27431656400527,
    "tire_fl_spindle_omega_radps": 0.05082408796557784,
    "tire_fr_spindle_omega_radps": 0.05075627860153523,
    "tire_rl_spindle_omega_radps": 0.0488138244985612,
    "tire_rr_spindle_omega_radps": 0.04660371770824035
  },
  "val_crm_loss": 0.08679557285504416,
  "val_crm_rmse": {
    "vel_body_x_mps": 0.0028770095556440852,
    "vel_body_y_mps": 0.002350591626842365,
    "roll_rad": 4.6533179939184805e-05,
    "pitch_rad": 3.1108474956411726e-05,
    "roll_rate_radps": 0.0036494695556179174,
    "ang_vel_body_y_radps": 0.0024820003091804745,
    "yaw_rate_radps": 0.0022951215925227537,
    "tire_fl_force_wheel_fz_n": 596.918519971414,
    "tire_fr_force_wheel_fz_n": 601.6127377906594,
    "tire_rl_force_wheel_fz_n": 920.1655868453,
    "tire_rr_force_wheel_fz_n": 966.3243493945121,
    "tire_fl_spindle_omega_radps": 0.12515928532228138,
    "tire_fr_spindle_omega_radps": 0.12495440958460859,
    "tire_rl_spindle_omega_radps": 0.1490502290202069,
    "tire_rr_spindle_omega_radps": 0.15024516263996532
  },
  "val_mixed_loss": 0.04477453998923011,
  "rollout_flat_5.0s": {
    "xy_rmse_m": 1.0054197856814122,
    "yaw_rmse_rad": 0.091723559909819,
    "errdist": 0.13242849647229896,
    "mean_dist_m": 7.592170963684718,
    "episodes": 12
  },
  "rollout_flat_10.0s": {
    "xy_rmse_m": 4.456727837138242,
    "yaw_rmse_rad": 0.24836449236146116,
    "errdist": 0.12655007345853844,
    "mean_dist_m": 35.2171098391215,
    "episodes": 12
  },
  "rollout_crm_5.0s": {
    "xy_rmse_m": 0.46787104279182046,
    "yaw_rmse_rad": 0.03075681649862667,
    "errdist": 0.06537705809197815,
    "mean_dist_m": 7.1565019357949495,
    "episodes": 12
  },
  "rollout_crm_10.0s": {
    "xy_rmse_m": 2.3083316832810805,
    "yaw_rmse_rad": 0.2112313551861391,
    "errdist": 0.09219754371917765,
    "mean_dist_m": 25.036802393694717,
    "episodes": 12
  },
  "rollout_sel": 0.10937380858885805
}
{
  "epoch": 53,
  "timestamp_utc": "2026-07-10T01:22:41.094696+00:00",
  "train_loss": 0.022109223334584385,
  "val_loss": 0.0026716019264677016,
  "val_rmse": {
    "vel_body_x_mps": 0.0007331728961287174,
    "vel_body_y_mps": 0.000661993526716179,
    "roll_rad": 1.5626320244392967e-05,
    "pitch_rad": 8.230814731050875e-06,
    "roll_rate_radps": 0.0014139214651730009,
    "ang_vel_body_y_radps": 0.0006574795960198661,
    "yaw_rate_radps": 0.0012866195140937271,
    "tire_fl_force_wheel_fz_n": 39.40992325920255,
    "tire_fr_force_wheel_fz_n": 38.548313432999215,
    "tire_rl_force_wheel_fz_n": 24.938639999566934,
    "tire_rr_force_wheel_fz_n": 22.421307317585324,
    "tire_fl_spindle_omega_radps": 0.049476427071561066,
    "tire_fr_spindle_omega_radps": 0.04898998033761619,
    "tire_rl_spindle_omega_radps": 0.04785209215122292,
    "tire_rr_spindle_omega_radps": 0.04701270056478724
  },
  "val_flat_loss": 0.0026716019264677016,
  "val_flat_rmse": {
    "vel_body_x_mps": 0.0007331728961287174,
    "vel_body_y_mps": 0.000661993526716179,
    "roll_rad": 1.5626320244392967e-05,
    "pitch_rad": 8.230814731050875e-06,
    "roll_rate_radps": 0.0014139214651730009,
    "ang_vel_body_y_radps": 0.0006574795960198661,
    "yaw_rate_radps": 0.0012866195140937271,
    "tire_fl_force_wheel_fz_n": 39.40992325920255,
    "tire_fr_force_wheel_fz_n": 38.548313432999215,
    "tire_rl_force_wheel_fz_n": 24.938639999566934,
    "tire_rr_force_wheel_fz_n": 22.421307317585324,
    "tire_fl_spindle_omega_radps": 0.049476427071561066,
    "tire_fr_spindle_omega_radps": 0.04898998033761619,
    "tire_rl_spindle_omega_radps": 0.04785209215122292,
    "tire_rr_spindle_omega_radps": 0.04701270056478724
  },
  "val_crm_loss": 0.0862502027687151,
  "val_crm_rmse": {
    "vel_body_x_mps": 0.0029284223102158916,
    "vel_body_y_mps": 0.002366110131210056,
    "roll_rad": 4.4643916097175636e-05,
    "pitch_rad": 3.1908005371049024e-05,
    "roll_rate_radps": 0.0036942568556244926,
    "ang_vel_body_y_radps": 0.0024832581536628436,
    "yaw_rate_radps": 0.0022894373811798235,
    "tire_fl_force_wheel_fz_n": 590.0681639587716,
    "tire_fr_force_wheel_fz_n": 594.3225220419455,
    "tire_rl_force_wheel_fz_n": 913.5873285841167,
    "tire_rr_force_wheel_fz_n": 967.9917697171987,
    "tire_fl_spindle_omega_radps": 0.12640785101368623,
    "tire_fr_spindle_omega_radps": 0.1256283423937425,
    "tire_rl_spindle_omega_radps": 0.14916871190116918,
    "tire_rr_spindle_omega_radps": 0.15019754895762552
  },
  "val_mixed_loss": 0.044460902347591404,
  "rollout_flat_5.0s": {
    "xy_rmse_m": 1.0913523367561528,
    "yaw_rmse_rad": 0.050128085046034124,
    "errdist": 0.14374707076228502,
    "mean_dist_m": 7.592170963684718,
    "episodes": 12
  },
  "rollout_flat_10.0s": {
    "xy_rmse_m": 4.876856929190374,
    "yaw_rmse_rad": 0.10863521554980528,
    "errdist": 0.13847976030596462,
    "mean_dist_m": 35.2171098391215,
    "episodes": 12
  },
  "rollout_crm_5.0s": {
    "xy_rmse_m": 0.5888667582124967,
    "yaw_rmse_rad": 0.04156504096543483,
    "errdist": 0.08228416110210762,
    "mean_dist_m": 7.1565019357949495,
    "episodes": 12
  },
  "rollout_crm_10.0s": {
    "xy_rmse_m": 1.496300877295949,
    "yaw_rmse_rad": 0.10545991102314829,
    "errdist": 0.05976405667813148,
    "mean_dist_m": 25.036802393694717,
    "episodes": 12
  },
  "rollout_sel": 0.09912190849204805
}
{
  "epoch": 54,
  "timestamp_utc": "2026-07-10T01:23:24.737972+00:00",
  "train_loss": 0.02196710774488747,
  "val_loss": 0.00273678992596615,
  "val_rmse": {
    "vel_body_x_mps": 0.0008063262834359408,
    "vel_body_y_mps": 0.0007190271163656258,
    "roll_rad": 1.3643323768641142e-05,
    "pitch_rad": 8.868712118503255e-06,
    "roll_rate_radps": 0.0013865405003072953,
    "ang_vel_body_y_radps": 0.0006977040384323714,
    "yaw_rate_radps": 0.0012760557264640878,
    "tire_fl_force_wheel_fz_n": 38.394346946361665,
    "tire_fr_force_wheel_fz_n": 37.496330846384026,
    "tire_rl_force_wheel_fz_n": 23.714497148811333,
    "tire_rr_force_wheel_fz_n": 22.891544255777728,
    "tire_fl_spindle_omega_radps": 0.05123592254361563,
    "tire_fr_spindle_omega_radps": 0.05164476280852286,
    "tire_rl_spindle_omega_radps": 0.050692195610253926,
    "tire_rr_spindle_omega_radps": 0.04530796861187165
  },
  "val_flat_loss": 0.00273678992596615,
  "val_flat_rmse": {
    "vel_body_x_mps": 0.0008063262834359408,
    "vel_body_y_mps": 0.0007190271163656258,
    "roll_rad": 1.3643323768641142e-05,
    "pitch_rad": 8.868712118503255e-06,
    "roll_rate_radps": 0.0013865405003072953,
    "ang_vel_body_y_radps": 0.0006977040384323714,
    "yaw_rate_radps": 0.0012760557264640878,
    "tire_fl_force_wheel_fz_n": 38.394346946361665,
    "tire_fr_force_wheel_fz_n": 37.496330846384026,
    "tire_rl_force_wheel_fz_n": 23.714497148811333,
    "tire_rr_force_wheel_fz_n": 22.891544255777728,
    "tire_fl_spindle_omega_radps": 0.05123592254361563,
    "tire_fr_spindle_omega_radps": 0.05164476280852286,
    "tire_rl_spindle_omega_radps": 0.050692195610253926,
    "tire_rr_spindle_omega_radps": 0.04530796861187165
  },
  "val_crm_loss": 0.0865270942816278,
  "val_crm_rmse": {
    "vel_body_x_mps": 0.0028537732389034257,
    "vel_body_y_mps": 0.0023279575257748385,
    "roll_rad": 4.4956150735330055e-05,
    "pitch_rad": 3.107495847578525e-05,
    "roll_rate_radps": 0.003608101349400234,
    "ang_vel_body_y_radps": 0.002489190697522904,
    "yaw_rate_radps": 0.0022944885490645624,
    "tire_fl_force_wheel_fz_n": 597.672015696877,
    "tire_fr_force_wheel_fz_n": 599.3294193251758,
    "tire_rl_force_wheel_fz_n": 914.9611892463791,
    "tire_rr_force_wheel_fz_n": 973.4660942111309,
    "tire_fl_spindle_omega_radps": 0.1289743375532585,
    "tire_fr_spindle_omega_radps": 0.13013543949766437,
    "tire_rl_spindle_omega_radps": 0.15195905337549775,
    "tire_rr_spindle_omega_radps": 0.15344350899746914
  },
  "val_mixed_loss": 0.04463194210379698,
  "rollout_flat_5.0s": {
    "xy_rmse_m": 2.220286322449886,
    "yaw_rmse_rad": 0.12971557336316533,
    "errdist": 0.29244419456175047,
    "mean_dist_m": 7.592170963684718,
    "episodes": 12
  },
  "rollout_flat_10.0s": {
    "xy_rmse_m": 6.580226434833009,
    "yaw_rmse_rad": 0.19601521138846592,
    "errdist": 0.18684742913012292,
    "mean_dist_m": 35.2171098391215,
    "episodes": 12
  },
  "rollout_crm_5.0s": {
    "xy_rmse_m": 1.2077719466033454,
    "yaw_rmse_rad": 0.0655920398721553,
    "errdist": 0.16876568432999176,
    "mean_dist_m": 7.1565019357949495,
    "episodes": 12
  },
  "rollout_crm_10.0s": {
    "xy_rmse_m": 3.488467409412973,
    "yaw_rmse_rad": 0.17404127779477985,
    "errdist": 0.13933358399998838,
    "mean_dist_m": 25.036802393694717,
    "episodes": 12
  },
  "rollout_sel": 0.16309050656505564
}
{
  "epoch": 55,
  "timestamp_utc": "2026-07-10T01:24:08.538099+00:00",
  "train_loss": 0.02195561983436346,
  "val_loss": 0.002730646351319592,
  "val_rmse": {
    "vel_body_x_mps": 0.0007640526676506217,
    "vel_body_y_mps": 0.0006980742441108428,
    "roll_rad": 1.3578722278457012e-05,
    "pitch_rad": 7.780493010401994e-06,
    "roll_rate_radps": 0.0014257622182269113,
    "ang_vel_body_y_radps": 0.0006914160240777615,
    "yaw_rate_radps": 0.0012954660327917369,
    "tire_fl_force_wheel_fz_n": 38.26734496239183,
    "tire_fr_force_wheel_fz_n": 37.70166551385466,
    "tire_rl_force_wheel_fz_n": 24.154763964978564,
    "tire_rr_force_wheel_fz_n": 23.62781068643022,
    "tire_fl_spindle_omega_radps": 0.05195644904306354,
    "tire_fr_spindle_omega_radps": 0.05138212503970594,
    "tire_rl_spindle_omega_radps": 0.04941073880976573,
    "tire_rr_spindle_omega_radps": 0.046227916868299586
  },
  "val_flat_loss": 0.002730646351319592,
  "val_flat_rmse": {
    "vel_body_x_mps": 0.0007640526676506217,
    "vel_body_y_mps": 0.0006980742441108428,
    "roll_rad": 1.3578722278457012e-05,
    "pitch_rad": 7.780493010401994e-06,
    "roll_rate_radps": 0.0014257622182269113,
    "ang_vel_body_y_radps": 0.0006914160240777615,
    "yaw_rate_radps": 0.0012954660327917369,
    "tire_fl_force_wheel_fz_n": 38.26734496239183,
    "tire_fr_force_wheel_fz_n": 37.70166551385466,
    "tire_rl_force_wheel_fz_n": 24.154763964978564,
    "tire_rr_force_wheel_fz_n": 23.62781068643022,
    "tire_fl_spindle_omega_radps": 0.05195644904306354,
    "tire_fr_spindle_omega_radps": 0.05138212503970594,
    "tire_rl_spindle_omega_radps": 0.04941073880976573,
    "tire_rr_spindle_omega_radps": 0.046227916868299586
  },
  "val_crm_loss": 0.08640478874964173,
  "val_crm_rmse": {
    "vel_body_x_mps": 0.002835701703027748,
    "vel_body_y_mps": 0.0023585656999670877,
    "roll_rad": 4.096272277035642e-05,
    "pitch_rad": 3.1141549627851294e-05,
    "roll_rate_radps": 0.003664461374703796,
    "ang_vel_body_y_radps": 0.00245854506171906,
    "yaw_rate_radps": 0.002310279966473796,
    "tire_fl_force_wheel_fz_n": 597.8106481936818,
    "tire_fr_force_wheel_fz_n": 595.3368084716753,
    "tire_rl_force_wheel_fz_n": 922.0273119679767,
    "tire_rr_force_wheel_fz_n": 968.9036712095026,
    "tire_fl_spindle_omega_radps": 0.1283565596777936,
    "tire_fr_spindle_omega_radps": 0.12888617677645506,
    "tire_rl_spindle_omega_radps": 0.1517664707499967,
    "tire_rr_spindle_omega_radps": 0.1527363222089742
  },
  "val_mixed_loss": 0.04456771755048066,
  "rollout_flat_5.0s": {
    "xy_rmse_m": 1.8710217972992276,
    "yaw_rmse_rad": 0.09072041180602271,
    "errdist": 0.24644094637078118,
    "mean_dist_m": 7.592170963684718,
    "episodes": 12
  },
  "rollout_flat_10.0s": {
    "xy_rmse_m": 6.453505777992206,
    "yaw_rmse_rad": 0.1906435917819209,
    "errdist": 0.18324915949869414,
    "mean_dist_m": 35.2171098391215,
    "episodes": 12
  },
  "rollout_crm_5.0s": {
    "xy_rmse_m": 1.7571970877288876,
    "yaw_rmse_rad": 0.1190820296190923,
    "errdist": 0.24553854711333867,
    "mean_dist_m": 7.1565019357949495,
    "episodes": 12
  },
  "rollout_crm_10.0s": {
    "xy_rmse_m": 5.757929379371202,
    "yaw_rmse_rad": 0.2745114943825605,
    "errdist": 0.22997862461946347,
    "mean_dist_m": 25.036802393694717,
    "episodes": 12
  },
  "rollout_sel": 0.20661389205907882
}
{
  "epoch": 56,
  "timestamp_utc": "2026-07-10T01:24:52.362212+00:00",
  "train_loss": 0.021698405683971942,
  "val_loss": 0.0026003092175960773,
  "val_rmse": {
    "vel_body_x_mps": 0.0007265392978514587,
    "vel_body_y_mps": 0.0006843487341416976,
    "roll_rad": 1.4919986716392274e-05,
    "pitch_rad": 8.230392595820119e-06,
    "roll_rate_radps": 0.001387436923490762,
    "ang_vel_body_y_radps": 0.000650524599359702,
    "yaw_rate_radps": 0.0012747005834471768,
    "tire_fl_force_wheel_fz_n": 37.758924790678485,
    "tire_fr_force_wheel_fz_n": 37.87368022822506,
    "tire_rl_force_wheel_fz_n": 24.01013553918747,
    "tire_rr_force_wheel_fz_n": 22.345923316096762,
    "tire_fl_spindle_omega_radps": 0.04903213868629384,
    "tire_fr_spindle_omega_radps": 0.04913533903701977,
    "tire_rl_spindle_omega_radps": 0.048456801525407926,
    "tire_rr_spindle_omega_radps": 0.044133697650406374
  },
  "val_flat_loss": 0.0026003092175960773,
  "val_flat_rmse": {
    "vel_body_x_mps": 0.0007265392978514587,
    "vel_body_y_mps": 0.0006843487341416976,
    "roll_rad": 1.4919986716392274e-05,
    "pitch_rad": 8.230392595820119e-06,
    "roll_rate_radps": 0.001387436923490762,
    "ang_vel_body_y_radps": 0.000650524599359702,
    "yaw_rate_radps": 0.0012747005834471768,
    "tire_fl_force_wheel_fz_n": 37.758924790678485,
    "tire_fr_force_wheel_fz_n": 37.87368022822506,
    "tire_rl_force_wheel_fz_n": 24.01013553918747,
    "tire_rr_force_wheel_fz_n": 22.345923316096762,
    "tire_fl_spindle_omega_radps": 0.04903213868629384,
    "tire_fr_spindle_omega_radps": 0.04913533903701977,
    "tire_rl_spindle_omega_radps": 0.048456801525407926,
    "tire_rr_spindle_omega_radps": 0.044133697650406374
  },
  "val_crm_loss": 0.08640698839095422,
  "val_crm_rmse": {
    "vel_body_x_mps": 0.002853990716546796,
    "vel_body_y_mps": 0.0023343685396116,
    "roll_rad": 4.484681977427823e-05,
    "pitch_rad": 2.9025357740330215e-05,
    "roll_rate_radps": 0.0035889154721622874,
    "ang_vel_body_y_radps": 0.0025018294276361575,
    "yaw_rate_radps": 0.0022848193397961357,
    "tire_fl_force_wheel_fz_n": 597.1494449442015,
    "tire_fr_force_wheel_fz_n": 596.5526414326267,
    "tire_rl_force_wheel_fz_n": 921.0880885428215,
    "tire_rr_force_wheel_fz_n": 964.137951318043,
    "tire_fl_spindle_omega_radps": 0.1286546642338003,
    "tire_fr_spindle_omega_radps": 0.1293540001711091,
    "tire_rl_spindle_omega_radps": 0.15277191753156957,
    "tire_rr_spindle_omega_radps": 0.15280569745972547
  },
  "val_mixed_loss": 0.044503648804275146,
  "rollout_flat_5.0s": {
    "xy_rmse_m": 1.1941143485803203,
    "yaw_rmse_rad": 0.06807170749445678,
    "errdist": 0.15728233127152597,
    "mean_dist_m": 7.592170963684718,
    "episodes": 12
  },
  "rollout_flat_10.0s": {
    "xy_rmse_m": 4.551863640390385,
    "yaw_rmse_rad": 0.14945896756260765,
    "errdist": 0.12925148205472198,
    "mean_dist_m": 35.2171098391215,
    "episodes": 12
  },
  "rollout_crm_5.0s": {
    "xy_rmse_m": 0.7083274383521678,
    "yaw_rmse_rad": 0.05134567379903178,
    "errdist": 0.0989767689168502,
    "mean_dist_m": 7.1565019357949495,
    "episodes": 12
  },
  "rollout_crm_10.0s": {
    "xy_rmse_m": 1.957932452733329,
    "yaw_rmse_rad": 0.14907733631433517,
    "errdist": 0.0782021770170785,
    "mean_dist_m": 25.036802393694717,
    "episodes": 12
  },
  "rollout_sel": 0.10372682953590023
}
{
  "epoch": 57,
  "timestamp_utc": "2026-07-10T01:25:36.169657+00:00",
  "train_loss": 0.021565920086111873,
  "val_loss": 0.002704381015864783,
  "val_rmse": {
    "vel_body_x_mps": 0.0008078315792288972,
    "vel_body_y_mps": 0.0006810048401298512,
    "roll_rad": 1.6852694016181354e-05,
    "pitch_rad": 8.28444089543283e-06,
    "roll_rate_radps": 0.0013923486723946114,
    "ang_vel_body_y_radps": 0.0006891274543937211,
    "yaw_rate_radps": 0.0012854189320377993,
    "tire_fl_force_wheel_fz_n": 38.26215209771617,
    "tire_fr_force_wheel_fz_n": 37.57486521765875,
    "tire_rl_force_wheel_fz_n": 24.141386680067967,
    "tire_rr_force_wheel_fz_n": 22.21305129655632,
    "tire_fl_spindle_omega_radps": 0.05094996787402823,
    "tire_fr_spindle_omega_radps": 0.050733915801887804,
    "tire_rl_spindle_omega_radps": 0.0496343118902447,
    "tire_rr_spindle_omega_radps": 0.04732039701213495
  },
  "val_flat_loss": 0.002704381015864783,
  "val_flat_rmse": {
    "vel_body_x_mps": 0.0008078315792288972,
    "vel_body_y_mps": 0.0006810048401298512,
    "roll_rad": 1.6852694016181354e-05,
    "pitch_rad": 8.28444089543283e-06,
    "roll_rate_radps": 0.0013923486723946114,
    "ang_vel_body_y_radps": 0.0006891274543937211,
    "yaw_rate_radps": 0.0012854189320377993,
    "tire_fl_force_wheel_fz_n": 38.26215209771617,
    "tire_fr_force_wheel_fz_n": 37.57486521765875,
    "tire_rl_force_wheel_fz_n": 24.141386680067967,
    "tire_rr_force_wheel_fz_n": 22.21305129655632,
    "tire_fl_spindle_omega_radps": 0.05094996787402823,
    "tire_fr_spindle_omega_radps": 0.050733915801887804,
    "tire_rl_spindle_omega_radps": 0.0496343118902447,
    "tire_rr_spindle_omega_radps": 0.04732039701213495
  },
  "val_crm_loss": 0.08574076862481889,
  "val_crm_rmse": {
    "vel_body_x_mps": 0.002849142315362145,
    "vel_body_y_mps": 0.0023169240396615034,
    "roll_rad": 4.459222921261661e-05,
    "pitch_rad": 2.964615760014535e-05,
    "roll_rate_radps": 0.0035404004332479587,
    "ang_vel_body_y_radps": 0.0024211532667113003,
    "yaw_rate_radps": 0.0022873404007069816,
    "tire_fl_force_wheel_fz_n": 591.1506544794685,
    "tire_fr_force_wheel_fz_n": 593.6399834382144,
    "tire_rl_force_wheel_fz_n": 919.5666363631068,
    "tire_rr_force_wheel_fz_n": 963.4287364475967,
    "tire_fl_spindle_omega_radps": 0.12330853409018992,
    "tire_fr_spindle_omega_radps": 0.12351078190664334,
    "tire_rl_spindle_omega_radps": 0.1468927463591124,
    "tire_rr_spindle_omega_radps": 0.1479278312637528
  },
  "val_mixed_loss": 0.04422257482034184,
  "rollout_flat_5.0s": {
    "xy_rmse_m": 1.6993616743875921,
    "yaw_rmse_rad": 0.12603924408730927,
    "errdist": 0.22383079655556634,
    "mean_dist_m": 7.592170963684718,
    "episodes": 12
  },
  "rollout_flat_10.0s": {
    "xy_rmse_m": 7.5697121182709,
    "yaw_rmse_rad": 0.2968219077503742,
    "errdist": 0.21494416074603492,
    "mean_dist_m": 35.2171098391215,
    "episodes": 12
  },
  "rollout_crm_5.0s": {
    "xy_rmse_m": 0.8536105540171309,
    "yaw_rmse_rad": 0.05242380490158093,
    "errdist": 0.11927762497311632,
    "mean_dist_m": 7.1565019357949495,
    "episodes": 12
  },
  "rollout_crm_10.0s": {
    "xy_rmse_m": 2.980614934920135,
    "yaw_rmse_rad": 0.1486130419551363,
    "errdist": 0.11904934536172139,
    "mean_dist_m": 25.036802393694717,
    "episodes": 12
  },
  "rollout_sel": 0.16699675305387815
}
{
  "epoch": 58,
  "timestamp_utc": "2026-07-10T01:26:19.974258+00:00",
  "train_loss": 0.021469642447773368,
  "val_loss": 0.0026632555431569927,
  "val_rmse": {
    "vel_body_x_mps": 0.00075010619187578,
    "vel_body_y_mps": 0.0006547270387024584,
    "roll_rad": 1.3226659816281045e-05,
    "pitch_rad": 7.220173227180112e-06,
    "roll_rate_radps": 0.0013742272611678348,
    "ang_vel_body_y_radps": 0.0006828872320964912,
    "yaw_rate_radps": 0.001283332291436479,
    "tire_fl_force_wheel_fz_n": 37.63212660817183,
    "tire_fr_force_wheel_fz_n": 38.66276262942141,
    "tire_rl_force_wheel_fz_n": 25.38405924329117,
    "tire_rr_force_wheel_fz_n": 22.31092471804888,
    "tire_fl_spindle_omega_radps": 0.051931889242856,
    "tire_fr_spindle_omega_radps": 0.05067938809327342,
    "tire_rl_spindle_omega_radps": 0.04929206202422368,
    "tire_rr_spindle_omega_radps": 0.04743117138592378
  },
  "val_flat_loss": 0.0026632555431569927,
  "val_flat_rmse": {
    "vel_body_x_mps": 0.00075010619187578,
    "vel_body_y_mps": 0.0006547270387024584,
    "roll_rad": 1.3226659816281045e-05,
    "pitch_rad": 7.220173227180112e-06,
    "roll_rate_radps": 0.0013742272611678348,
    "ang_vel_body_y_radps": 0.0006828872320964912,
    "yaw_rate_radps": 0.001283332291436479,
    "tire_fl_force_wheel_fz_n": 37.63212660817183,
    "tire_fr_force_wheel_fz_n": 38.66276262942141,
    "tire_rl_force_wheel_fz_n": 25.38405924329117,
    "tire_rr_force_wheel_fz_n": 22.31092471804888,
    "tire_fl_spindle_omega_radps": 0.051931889242856,
    "tire_fr_spindle_omega_radps": 0.05067938809327342,
    "tire_rl_spindle_omega_radps": 0.04929206202422368,
    "tire_rr_spindle_omega_radps": 0.04743117138592378
  },
  "val_crm_loss": 0.08619902993901633,
  "val_crm_rmse": {
    "vel_body_x_mps": 0.002851674314376553,
    "vel_body_y_mps": 0.0023489386187648897,
    "roll_rad": 4.17891974495677e-05,
    "pitch_rad": 2.7859414936771695e-05,
    "roll_rate_radps": 0.0035760313524509516,
    "ang_vel_body_y_radps": 0.0024330894903765218,
    "yaw_rate_radps": 0.0022805946148424447,
    "tire_fl_force_wheel_fz_n": 589.343428050677,
    "tire_fr_force_wheel_fz_n": 595.0383339517466,
    "tire_rl_force_wheel_fz_n": 925.9868570279103,
    "tire_rr_force_wheel_fz_n": 968.8255295751613,
    "tire_fl_spindle_omega_radps": 0.12499723263062905,
    "tire_fr_spindle_omega_radps": 0.12515212011523102,
    "tire_rl_spindle_omega_radps": 0.14823881410940817,
    "tire_rr_spindle_omega_radps": 0.14955708438641285
  },
  "val_mixed_loss": 0.044431142741086664,
  "rollout_flat_5.0s": {
    "xy_rmse_m": 1.037188852218692,
    "yaw_rmse_rad": 0.11850094993972757,
    "errdist": 0.1366129473611474,
    "mean_dist_m": 7.592170963684718,
    "episodes": 12
  },
  "rollout_flat_10.0s": {
    "xy_rmse_m": 3.6810300554718527,
    "yaw_rmse_rad": 0.32189822062277285,
    "errdist": 0.10452391102755175,
    "mean_dist_m": 35.2171098391215,
    "episodes": 12
  },
  "rollout_crm_5.0s": {
    "xy_rmse_m": 0.9002965001621371,
    "yaw_rmse_rad": 0.04252347155157349,
    "errdist": 0.12580119564547165,
    "mean_dist_m": 7.1565019357949495,
    "episodes": 12
  },
  "rollout_crm_10.0s": {
    "xy_rmse_m": 3.3185211116120574,
    "yaw_rmse_rad": 0.12409395470442612,
    "errdist": 0.1325457244671067,
    "mean_dist_m": 25.036802393694717,
    "episodes": 12
  },
  "rollout_sel": 0.11853481774732921
}
{
  "epoch": 59,
  "timestamp_utc": "2026-07-10T01:27:03.947292+00:00",
  "train_loss": 0.021269930738955736,
  "val_loss": 0.0026190565134675127,
  "val_rmse": {
    "vel_body_x_mps": 0.0007341004405826856,
    "vel_body_y_mps": 0.0006289476670383873,
    "roll_rad": 1.240424635152539e-05,
    "pitch_rad": 7.5505281015724555e-06,
    "roll_rate_radps": 0.001391343285462159,
    "ang_vel_body_y_radps": 0.0006742966865685951,
    "yaw_rate_radps": 0.001277515802475575,
    "tire_fl_force_wheel_fz_n": 39.032234505117124,
    "tire_fr_force_wheel_fz_n": 37.095237270449424,
    "tire_rl_force_wheel_fz_n": 24.073395559735275,
    "tire_rr_force_wheel_fz_n": 22.283276212567216,
    "tire_fl_spindle_omega_radps": 0.05041808742797794,
    "tire_fr_spindle_omega_radps": 0.04951079879180605,
    "tire_rl_spindle_omega_radps": 0.04947445886370538,
    "tire_rr_spindle_omega_radps": 0.04779598550425699
  },
  "val_flat_loss": 0.0026190565134675127,
  "val_flat_rmse": {
    "vel_body_x_mps": 0.0007341004405826856,
    "vel_body_y_mps": 0.0006289476670383873,
    "roll_rad": 1.240424635152539e-05,
    "pitch_rad": 7.5505281015724555e-06,
    "roll_rate_radps": 0.001391343285462159,
    "ang_vel_body_y_radps": 0.0006742966865685951,
    "yaw_rate_radps": 0.001277515802475575,
    "tire_fl_force_wheel_fz_n": 39.032234505117124,
    "tire_fr_force_wheel_fz_n": 37.095237270449424,
    "tire_rl_force_wheel_fz_n": 24.073395559735275,
    "tire_rr_force_wheel_fz_n": 22.283276212567216,
    "tire_fl_spindle_omega_radps": 0.05041808742797794,
    "tire_fr_spindle_omega_radps": 0.04951079879180605,
    "tire_rl_spindle_omega_radps": 0.04947445886370538,
    "tire_rr_spindle_omega_radps": 0.04779598550425699
  },
  "val_crm_loss": 0.08654886143631302,
  "val_crm_rmse": {
    "vel_body_x_mps": 0.0028201525501338,
    "vel_body_y_mps": 0.002318042151764902,
    "roll_rad": 4.202071831590594e-05,
    "pitch_rad": 2.8957876349130217e-05,
    "roll_rate_radps": 0.003577051481604427,
    "ang_vel_body_y_radps": 0.0024314659818544916,
    "yaw_rate_radps": 0.00228999296297224,
    "tire_fl_force_wheel_fz_n": 587.686774080131,
    "tire_fr_force_wheel_fz_n": 597.4032594329424,
    "tire_rl_force_wheel_fz_n": 926.5493637355328,
    "tire_rr_force_wheel_fz_n": 978.7083574449005,
    "tire_fl_spindle_omega_radps": 0.12475764335302894,
    "tire_fr_spindle_omega_radps": 0.12634582004668962,
    "tire_rl_spindle_omega_radps": 0.15007761359952074,
    "tire_rr_spindle_omega_radps": 0.1507528941801938
  },
  "val_mixed_loss": 0.044583958974890266,
  "rollout_flat_5.0s": {
    "xy_rmse_m": 2.4264561877652366,
    "yaw_rmse_rad": 0.15451262103023725,
    "errdist": 0.3195997823773454,
    "mean_dist_m": 7.592170963684718,
    "episodes": 12
  },
  "rollout_flat_10.0s": {
    "xy_rmse_m": 9.864348059571949,
    "yaw_rmse_rad": 0.462774754203554,
    "errdist": 0.2801010106915127,
    "mean_dist_m": 35.2171098391215,
    "episodes": 12
  },
  "rollout_crm_5.0s": {
    "xy_rmse_m": 0.6827528625911568,
    "yaw_rmse_rad": 0.037535906977696605,
    "errdist": 0.09540315488160572,
    "mean_dist_m": 7.1565019357949495,
    "episodes": 12
  },
  "rollout_crm_10.0s": {
    "xy_rmse_m": 2.4336313963499423,
    "yaw_rmse_rad": 0.47016031198115277,
    "errdist": 0.0972021649602838,
    "mean_dist_m": 25.036802393694717,
    "episodes": 12
  },
  "rollout_sel": 0.18865158782589825
}
{
  "epoch": 60,
  "timestamp_utc": "2026-07-10T01:27:47.770616+00:00",
  "train_loss": 0.021052005821838974,
  "val_loss": 0.0025579178594853148,
  "val_rmse": {
    "vel_body_x_mps": 0.000782255105340563,
    "vel_body_y_mps": 0.0006212171883370833,
    "roll_rad": 1.3921374343929603e-05,
    "pitch_rad": 7.654803902196896e-06,
    "roll_rate_radps": 0.0013662629917554519,
    "ang_vel_body_y_radps": 0.0006643231209030262,
    "yaw_rate_radps": 0.0012438763986542252,
    "tire_fl_force_wheel_fz_n": 38.33874993160136,
    "tire_fr_force_wheel_fz_n": 37.43080624138833,
    "tire_rl_force_wheel_fz_n": 25.392172774339425,
    "tire_rr_force_wheel_fz_n": 22.96614087768967,
    "tire_fl_spindle_omega_radps": 0.04995244796849906,
    "tire_fr_spindle_omega_radps": 0.04874415386343965,
    "tire_rl_spindle_omega_radps": 0.0483612577104339,
    "tire_rr_spindle_omega_radps": 0.045489373170836706
  },
  "val_flat_loss": 0.0025579178594853148,
  "val_flat_rmse": {
    "vel_body_x_mps": 0.000782255105340563,
    "vel_body_y_mps": 0.0006212171883370833,
    "roll_rad": 1.3921374343929603e-05,
    "pitch_rad": 7.654803902196896e-06,
    "roll_rate_radps": 0.0013662629917554519,
    "ang_vel_body_y_radps": 0.0006643231209030262,
    "yaw_rate_radps": 0.0012438763986542252,
    "tire_fl_force_wheel_fz_n": 38.33874993160136,
    "tire_fr_force_wheel_fz_n": 37.43080624138833,
    "tire_rl_force_wheel_fz_n": 25.392172774339425,
    "tire_rr_force_wheel_fz_n": 22.96614087768967,
    "tire_fl_spindle_omega_radps": 0.04995244796849906,
    "tire_fr_spindle_omega_radps": 0.04874415386343965,
    "tire_rl_spindle_omega_radps": 0.0483612577104339,
    "tire_rr_spindle_omega_radps": 0.045489373170836706
  },
  "val_crm_loss": 0.08655137953115627,
  "val_crm_rmse": {
    "vel_body_x_mps": 0.002807320841188565,
    "vel_body_y_mps": 0.002318051905881129,
    "roll_rad": 4.176224603105667e-05,
    "pitch_rad": 2.8650454616477125e-05,
    "roll_rate_radps": 0.003548168075710849,
    "ang_vel_body_y_radps": 0.0024700203683469973,
    "yaw_rate_radps": 0.0022774815432408837,
    "tire_fl_force_wheel_fz_n": 588.8128081151838,
    "tire_fr_force_wheel_fz_n": 593.6021457047253,
    "tire_rl_force_wheel_fz_n": 926.4997945430588,
    "tire_rr_force_wheel_fz_n": 979.1667346999471,
    "tire_fl_spindle_omega_radps": 0.12825942674131244,
    "tire_fr_spindle_omega_radps": 0.12928581749529564,
    "tire_rl_spindle_omega_radps": 0.15266897902181834,
    "tire_rr_spindle_omega_radps": 0.15445083179850164
  },
  "val_mixed_loss": 0.04455464869532079,
  "rollout_flat_5.0s": {
    "xy_rmse_m": 1.965158004555732,
    "yaw_rmse_rad": 0.12584808349079016,
    "errdist": 0.25884006221087247,
    "mean_dist_m": 7.592170963684718,
    "episodes": 12
  },
  "rollout_flat_10.0s": {
    "xy_rmse_m": 9.352395818504466,
    "yaw_rmse_rad": 0.5128616482000606,
    "errdist": 0.2655639790212201,
    "mean_dist_m": 35.2171098391215,
    "episodes": 12
  },
  "rollout_crm_5.0s": {
    "xy_rmse_m": 0.5518346430306814,
    "yaw_rmse_rad": 0.03648215548185262,
    "errdist": 0.07710954988645347,
    "mean_dist_m": 7.1565019357949495,
    "episodes": 12
  },
  "rollout_crm_10.0s": {
    "xy_rmse_m": 1.886145372499364,
    "yaw_rmse_rad": 0.07663549080676116,
    "errdist": 0.07533491469239587,
    "mean_dist_m": 25.036802393694717,
    "episodes": 12
  },
  "rollout_sel": 0.17044944685680796
}
{
  "epoch": 61,
  "timestamp_utc": "2026-07-10T01:28:31.219826+00:00",
  "train_loss": 0.020914844774175434,
  "val_loss": 0.0024464959625038318,
  "val_rmse": {
    "vel_body_x_mps": 0.0007015435164224992,
    "vel_body_y_mps": 0.000619806189003431,
    "roll_rad": 1.256017815769826e-05,
    "pitch_rad": 7.717413218054393e-06,
    "roll_rate_radps": 0.0013462994607328122,
    "ang_vel_body_y_radps": 0.0005991239267461204,
    "yaw_rate_radps": 0.001259606561724025,
    "tire_fl_force_wheel_fz_n": 37.48552197735714,
    "tire_fr_force_wheel_fz_n": 37.18834535282251,
    "tire_rl_force_wheel_fz_n": 24.592740451784714,
    "tire_rr_force_wheel_fz_n": 22.5868888440862,
    "tire_fl_spindle_omega_radps": 0.04741182451920776,
    "tire_fr_spindle_omega_radps": 0.04556465477895304,
    "tire_rl_spindle_omega_radps": 0.04472769522588416,
    "tire_rr_spindle_omega_radps": 0.043011635106034486
  },
  "val_flat_loss": 0.0024464959625038318,
  "val_flat_rmse": {
    "vel_body_x_mps": 0.0007015435164224992,
    "vel_body_y_mps": 0.000619806189003431,
    "roll_rad": 1.256017815769826e-05,
    "pitch_rad": 7.717413218054393e-06,
    "roll_rate_radps": 0.0013462994607328122,
    "ang_vel_body_y_radps": 0.0005991239267461204,
    "yaw_rate_radps": 0.001259606561724025,
    "tire_fl_force_wheel_fz_n": 37.48552197735714,
    "tire_fr_force_wheel_fz_n": 37.18834535282251,
    "tire_rl_force_wheel_fz_n": 24.592740451784714,
    "tire_rr_force_wheel_fz_n": 22.5868888440862,
    "tire_fl_spindle_omega_radps": 0.04741182451920776,
    "tire_fr_spindle_omega_radps": 0.04556465477895304,
    "tire_rl_spindle_omega_radps": 0.04472769522588416,
    "tire_rr_spindle_omega_radps": 0.043011635106034486
  },
  "val_crm_loss": 0.0866108870593598,
  "val_crm_rmse": {
    "vel_body_x_mps": 0.0027993351975692036,
    "vel_body_y_mps": 0.0022945291068860655,
    "roll_rad": 4.131553823665643e-05,
    "pitch_rad": 2.8972583154770342e-05,
    "roll_rate_radps": 0.003539935209838655,
    "ang_vel_body_y_radps": 0.0024690510959663463,
    "yaw_rate_radps": 0.002279974290959866,
    "tire_fl_force_wheel_fz_n": 589.1577803558301,
    "tire_fr_force_wheel_fz_n": 597.3989407969619,
    "tire_rl_force_wheel_fz_n": 927.9657622506468,
    "tire_rr_force_wheel_fz_n": 977.5868038029803,
    "tire_fl_spindle_omega_radps": 0.12864721498097295,
    "tire_fr_spindle_omega_radps": 0.1303997726336466,
    "tire_rl_spindle_omega_radps": 0.15287096090463143,
    "tire_rr_spindle_omega_radps": 0.1537091186891475
  },
  "val_mixed_loss": 0.04452869151093182,
  "rollout_flat_5.0s": {
    "xy_rmse_m": 1.994158836707517,
    "yaw_rmse_rad": 0.13233358363647155,
    "errdist": 0.2626598961280094,
    "mean_dist_m": 7.592170963684718,
    "episodes": 12
  },
  "rollout_flat_10.0s": {
    "xy_rmse_m": 7.699703149068861,
    "yaw_rmse_rad": 0.4115517099352038,
    "errdist": 0.2186352935900356,
    "mean_dist_m": 35.2171098391215,
    "episodes": 12
  },
  "rollout_crm_5.0s": {
    "xy_rmse_m": 0.7390761500920027,
    "yaw_rmse_rad": 0.03985734241019257,
    "errdist": 0.1032733808671716,
    "mean_dist_m": 7.1565019357949495,
    "episodes": 12
  },
  "rollout_crm_10.0s": {
    "xy_rmse_m": 3.194859649727593,
    "yaw_rmse_rad": 0.1364753500702786,
    "errdist": 0.12760653694867155,
    "mean_dist_m": 25.036802393694717,
    "episodes": 12
  },
  "rollout_sel": 0.17312091526935358
}
{
  "epoch": 62,
  "timestamp_utc": "2026-07-10T01:29:14.658178+00:00",
  "train_loss": 0.020765612611081452,
  "val_loss": 0.0025311973805219167,
  "val_rmse": {
    "vel_body_x_mps": 0.0007218142773936767,
    "vel_body_y_mps": 0.0006506569759393038,
    "roll_rad": 1.53479737435218e-05,
    "pitch_rad": 8.897788489124268e-06,
    "roll_rate_radps": 0.001370702404940797,
    "ang_vel_body_y_radps": 0.0006483812535320449,
    "yaw_rate_radps": 0.0012550000832676782,
    "tire_fl_force_wheel_fz_n": 37.516188345369024,
    "tire_fr_force_wheel_fz_n": 37.07667625545156,
    "tire_rl_force_wheel_fz_n": 23.736363665283335,
    "tire_rr_force_wheel_fz_n": 22.088746941195872,
    "tire_fl_spindle_omega_radps": 0.05037343343741978,
    "tire_fr_spindle_omega_radps": 0.048495052444832425,
    "tire_rl_spindle_omega_radps": 0.04806547616033932,
    "tire_rr_spindle_omega_radps": 0.045340490415405624
  },
  "val_flat_loss": 0.0025311973805219167,
  "val_flat_rmse": {
    "vel_body_x_mps": 0.0007218142773936767,
    "vel_body_y_mps": 0.0006506569759393038,
    "roll_rad": 1.53479737435218e-05,
    "pitch_rad": 8.897788489124268e-06,
    "roll_rate_radps": 0.001370702404940797,
    "ang_vel_body_y_radps": 0.0006483812535320449,
    "yaw_rate_radps": 0.0012550000832676782,
    "tire_fl_force_wheel_fz_n": 37.516188345369024,
    "tire_fr_force_wheel_fz_n": 37.07667625545156,
    "tire_rl_force_wheel_fz_n": 23.736363665283335,
    "tire_rr_force_wheel_fz_n": 22.088746941195872,
    "tire_fl_spindle_omega_radps": 0.05037343343741978,
    "tire_fr_spindle_omega_radps": 0.048495052444832425,
    "tire_rl_spindle_omega_radps": 0.04806547616033932,
    "tire_rr_spindle_omega_radps": 0.045340490415405624
  },
  "val_crm_loss": 0.08663903343200217,
  "val_crm_rmse": {
    "vel_body_x_mps": 0.002823157916994211,
    "vel_body_y_mps": 0.002331770378830697,
    "roll_rad": 4.079602203977166e-05,
    "pitch_rad": 2.9383769138735733e-05,
    "roll_rate_radps": 0.0035548695323339985,
    "ang_vel_body_y_radps": 0.002432776908225799,
    "yaw_rate_radps": 0.0022752974475081142,
    "tire_fl_force_wheel_fz_n": 590.1613653947451,
    "tire_fr_force_wheel_fz_n": 597.9831317127502,
    "tire_rl_force_wheel_fz_n": 932.0905564095692,
    "tire_rr_force_wheel_fz_n": 976.8901855493534,
    "tire_fl_spindle_omega_radps": 0.12566634246227668,
    "tire_fr_spindle_omega_radps": 0.1271245956848729,
    "tire_rl_spindle_omega_radps": 0.14987408266458058,
    "tire_rr_spindle_omega_radps": 0.15045903284885304
  },
  "val_mixed_loss": 0.044585115406262046,
  "rollout_flat_5.0s": {
    "xy_rmse_m": 1.9494162215489161,
    "yaw_rmse_rad": 0.06440415736895017,
    "errdist": 0.25676663906456654,
    "mean_dist_m": 7.592170963684718,
    "episodes": 12
  },
  "rollout_flat_10.0s": {
    "xy_rmse_m": 5.11898268844977,
    "yaw_rmse_rad": 0.10751650450555154,
    "errdist": 0.14535499113454406,
    "mean_dist_m": 35.2171098391215,
    "episodes": 12
  },
  "rollout_crm_5.0s": {
    "xy_rmse_m": 0.7212209560269585,
    "yaw_rmse_rad": 0.030229938136965263,
    "errdist": 0.10077841974996192,
    "mean_dist_m": 7.1565019357949495,
    "episodes": 12
  },
  "rollout_crm_10.0s": {
    "xy_rmse_m": 1.8640405562058615,
    "yaw_rmse_rad": 0.09591553929848053,
    "errdist": 0.07445202174361142,
    "mean_dist_m": 25.036802393694717,
    "episodes": 12
  },
  "rollout_sel": 0.10990350643907773
}
{
  "epoch": 63,
  "timestamp_utc": "2026-07-10T01:29:57.967957+00:00",
  "train_loss": 0.020629559576511382,
  "val_loss": 0.002499452671236213,
  "val_rmse": {
    "vel_body_x_mps": 0.0007371869819939988,
    "vel_body_y_mps": 0.0006437684816873088,
    "roll_rad": 1.1949785713943654e-05,
    "pitch_rad": 6.923481498630012e-06,
    "roll_rate_radps": 0.0013695611953267275,
    "ang_vel_body_y_radps": 0.0006532658128106278,
    "yaw_rate_radps": 0.001258793896322126,
    "tire_fl_force_wheel_fz_n": 37.551561335257816,
    "tire_fr_force_wheel_fz_n": 37.56817630881281,
    "tire_rl_force_wheel_fz_n": 23.974911633806997,
    "tire_rr_force_wheel_fz_n": 22.603407057367342,
    "tire_fl_spindle_omega_radps": 0.04933169919912155,
    "tire_fr_spindle_omega_radps": 0.0481252378173149,
    "tire_rl_spindle_omega_radps": 0.047528731549439394,
    "tire_rr_spindle_omega_radps": 0.044844204014251474
  },
  "val_flat_loss": 0.002499452671236213,
  "val_flat_rmse": {
    "vel_body_x_mps": 0.0007371869819939988,
    "vel_body_y_mps": 0.0006437684816873088,
    "roll_rad": 1.1949785713943654e-05,
    "pitch_rad": 6.923481498630012e-06,
    "roll_rate_radps": 0.0013695611953267275,
    "ang_vel_body_y_radps": 0.0006532658128106278,
    "yaw_rate_radps": 0.001258793896322126,
    "tire_fl_force_wheel_fz_n": 37.551561335257816,
    "tire_fr_force_wheel_fz_n": 37.56817630881281,
    "tire_rl_force_wheel_fz_n": 23.974911633806997,
    "tire_rr_force_wheel_fz_n": 22.603407057367342,
    "tire_fl_spindle_omega_radps": 0.04933169919912155,
    "tire_fr_spindle_omega_radps": 0.0481252378173149,
    "tire_rl_spindle_omega_radps": 0.047528731549439394,
    "tire_rr_spindle_omega_radps": 0.044844204014251474
  },
  "val_crm_loss": 0.08679403969377746,
  "val_crm_rmse": {
    "vel_body_x_mps": 0.002801290322040993,
    "vel_body_y_mps": 0.002310528819247054,
    "roll_rad": 4.0069382616465175e-05,
    "pitch_rad": 2.889093076825311e-05,
    "roll_rate_radps": 0.003535296141432846,
    "ang_vel_body_y_radps": 0.0024158082939094504,
    "yaw_rate_radps": 0.0022807478085064056,
    "tire_fl_force_wheel_fz_n": 592.5829125012605,
    "tire_fr_force_wheel_fz_n": 598.0243961371845,
    "tire_rl_force_wheel_fz_n": 930.9577708047387,
    "tire_rr_force_wheel_fz_n": 980.079613213952,
    "tire_fl_spindle_omega_radps": 0.12932922212946,
    "tire_fr_spindle_omega_radps": 0.12947796559973396,
    "tire_rl_spindle_omega_radps": 0.15276402075000753,
    "tire_rr_spindle_omega_radps": 0.15396439931507355
  },
  "val_mixed_loss": 0.04464674618250684,
  "rollout_flat_5.0s": {
    "xy_rmse_m": 1.4865115530123458,
    "yaw_rmse_rad": 0.08348908768645762,
    "errdist": 0.1957953212753912,
    "mean_dist_m": 7.592170963684718,
    "episodes": 12
  },
  "rollout_flat_10.0s": {
    "xy_rmse_m": 5.781906483700944,
    "yaw_rmse_rad": 0.2897687584309995,
    "errdist": 0.16417890366681992,
    "mean_dist_m": 35.2171098391215,
    "episodes": 12
  },
  "rollout_crm_5.0s": {
    "xy_rmse_m": 0.8630847684759225,
    "yaw_rmse_rad": 0.04434148349048287,
    "errdist": 0.12060148606388248,
    "mean_dist_m": 7.1565019357949495,
    "episodes": 12
  },
  "rollout_crm_10.0s": {
    "xy_rmse_m": 2.850688454868861,
    "yaw_rmse_rad": 0.12482435362025705,
    "errdist": 0.11385992548260795,
    "mean_dist_m": 25.036802393694717,
    "episodes": 12
  },
  "rollout_sel": 0.13901941457471395
}
{
  "epoch": 64,
  "timestamp_utc": "2026-07-10T01:30:41.327898+00:00",
  "train_loss": 0.020493948794901372,
  "val_loss": 0.00242292096334495,
  "val_rmse": {
    "vel_body_x_mps": 0.0006879922132166483,
    "vel_body_y_mps": 0.0006444763356695993,
    "roll_rad": 1.4744925940838338e-05,
    "pitch_rad": 7.638645852450837e-06,
    "roll_rate_radps": 0.001346173767850154,
    "ang_vel_body_y_radps": 0.0006030114211577323,
    "yaw_rate_radps": 0.0012557411327385156,
    "tire_fl_force_wheel_fz_n": 37.82425937135503,
    "tire_fr_force_wheel_fz_n": 37.099381979642814,
    "tire_rl_force_wheel_fz_n": 23.72098110938487,
    "tire_rr_force_wheel_fz_n": 22.312723724782305,
    "tire_fl_spindle_omega_radps": 0.04761899697483736,
    "tire_fr_spindle_omega_radps": 0.0461394444350723,
    "tire_rl_spindle_omega_radps": 0.045400082310617935,
    "tire_rr_spindle_omega_radps": 0.043613007092443735
  },
  "val_flat_loss": 0.00242292096334495,
  "val_flat_rmse": {
    "vel_body_x_mps": 0.0006879922132166483,
    "vel_body_y_mps": 0.0006444763356695993,
    "roll_rad": 1.4744925940838338e-05,
    "pitch_rad": 7.638645852450837e-06,
    "roll_rate_radps": 0.001346173767850154,
    "ang_vel_body_y_radps": 0.0006030114211577323,
    "yaw_rate_radps": 0.0012557411327385156,
    "tire_fl_force_wheel_fz_n": 37.82425937135503,
    "tire_fr_force_wheel_fz_n": 37.099381979642814,
    "tire_rl_force_wheel_fz_n": 23.72098110938487,
    "tire_rr_force_wheel_fz_n": 22.312723724782305,
    "tire_fl_spindle_omega_radps": 0.04761899697483736,
    "tire_fr_spindle_omega_radps": 0.0461394444350723,
    "tire_rl_spindle_omega_radps": 0.045400082310617935,
    "tire_rr_spindle_omega_radps": 0.043613007092443735
  },
  "val_crm_loss": 0.08653112188447266,
  "val_crm_rmse": {
    "vel_body_x_mps": 0.002794280305339731,
    "vel_body_y_mps": 0.0022813811225410553,
    "roll_rad": 3.907357916757941e-05,
    "pitch_rad": 2.7861516806938976e-05,
    "roll_rate_radps": 0.0035060288581982265,
    "ang_vel_body_y_radps": 0.002413366262930548,
    "yaw_rate_radps": 0.0022763586524214394,
    "tire_fl_force_wheel_fz_n": 587.5094198422016,
    "tire_fr_force_wheel_fz_n": 597.6275051114387,
    "tire_rl_force_wheel_fz_n": 935.302585512338,
    "tire_rr_force_wheel_fz_n": 977.3019785213164,
    "tire_fl_spindle_omega_radps": 0.1269490855652095,
    "tire_fr_spindle_omega_radps": 0.1284863229049273,
    "tire_rl_spindle_omega_radps": 0.15172242232253327,
    "tire_rr_spindle_omega_radps": 0.15275755194791207
  },
  "val_mixed_loss": 0.04447702142390881,
  "rollout_flat_5.0s": {
    "xy_rmse_m": 0.6117575817035863,
    "yaw_rmse_rad": 0.03167308620807069,
    "errdist": 0.08057742437963768,
    "mean_dist_m": 7.592170963684718,
    "episodes": 12
  },
  "rollout_flat_10.0s": {
    "xy_rmse_m": 2.034872135766087,
    "yaw_rmse_rad": 0.09829622138978446,
    "errdist": 0.05778078170133132,
    "mean_dist_m": 35.2171098391215,
    "episodes": 12
  },
  "rollout_crm_5.0s": {
    "xy_rmse_m": 0.7080989323212062,
    "yaw_rmse_rad": 0.03156649183356833,
    "errdist": 0.0989448390671818,
    "mean_dist_m": 7.1565019357949495,
    "episodes": 12
  },
  "rollout_crm_10.0s": {
    "xy_rmse_m": 1.5145202056168279,
    "yaw_rmse_rad": 0.06472633010309921,
    "errdist": 0.06049175856411462,
    "mean_dist_m": 25.036802393694717,
    "episodes": 12
  },
  "rollout_sel": 0.059136270132722976
}
{
  "epoch": 65,
  "timestamp_utc": "2026-07-10T01:31:24.726520+00:00",
  "train_loss": 0.020314459086861462,
  "val_loss": 0.0023321576777925656,
  "val_rmse": {
    "vel_body_x_mps": 0.0006840678091093767,
    "vel_body_y_mps": 0.0006084333157773211,
    "roll_rad": 1.4244172837337139e-05,
    "pitch_rad": 6.8383621544698316e-06,
    "roll_rate_radps": 0.0013536338100525304,
    "ang_vel_body_y_radps": 0.0005751546349774146,
    "yaw_rate_radps": 0.0012407370463166265,
    "tire_fl_force_wheel_fz_n": 37.804220849231726,
    "tire_fr_force_wheel_fz_n": 36.944345803539434,
    "tire_rl_force_wheel_fz_n": 23.8478474153422,
    "tire_rr_force_wheel_fz_n": 23.121199029475594,
    "tire_fl_spindle_omega_radps": 0.04516791851208109,
    "tire_fr_spindle_omega_radps": 0.04427717868534108,
    "tire_rl_spindle_omega_radps": 0.04307906116861343,
    "tire_rr_spindle_omega_radps": 0.040999226170693966
  },
  "val_flat_loss": 0.0023321576777925656,
  "val_flat_rmse": {
    "vel_body_x_mps": 0.0006840678091093767,
    "vel_body_y_mps": 0.0006084333157773211,
    "roll_rad": 1.4244172837337139e-05,
    "pitch_rad": 6.8383621544698316e-06,
    "roll_rate_radps": 0.0013536338100525304,
    "ang_vel_body_y_radps": 0.0005751546349774146,
    "yaw_rate_radps": 0.0012407370463166265,
    "tire_fl_force_wheel_fz_n": 37.804220849231726,
    "tire_fr_force_wheel_fz_n": 36.944345803539434,
    "tire_rl_force_wheel_fz_n": 23.8478474153422,
    "tire_rr_force_wheel_fz_n": 23.121199029475594,
    "tire_fl_spindle_omega_radps": 0.04516791851208109,
    "tire_fr_spindle_omega_radps": 0.04427717868534108,
    "tire_rl_spindle_omega_radps": 0.04307906116861343,
    "tire_rr_spindle_omega_radps": 0.040999226170693966
  },
  "val_crm_loss": 0.08709919620770962,
  "val_crm_rmse": {
    "vel_body_x_mps": 0.0028085097153616356,
    "vel_body_y_mps": 0.0022751146506787803,
    "roll_rad": 3.923732180863994e-05,
    "pitch_rad": 2.9667713914338747e-05,
    "roll_rate_radps": 0.003471138049296479,
    "ang_vel_body_y_radps": 0.002400602869742275,
    "yaw_rate_radps": 0.0022721919870243457,
    "tire_fl_force_wheel_fz_n": 593.8231453053936,
    "tire_fr_force_wheel_fz_n": 598.1998913723086,
    "tire_rl_force_wheel_fz_n": 937.8049653172203,
    "tire_rr_force_wheel_fz_n": 990.8147781374179,
    "tire_fl_spindle_omega_radps": 0.12443197911267236,
    "tire_fr_spindle_omega_radps": 0.12467878203734742,
    "tire_rl_spindle_omega_radps": 0.14871551858629053,
    "tire_rr_spindle_omega_radps": 0.14973915349637837
  },
  "val_mixed_loss": 0.04471567694275109,
  "rollout_flat_5.0s": {
    "xy_rmse_m": 0.47068087141898945,
    "yaw_rmse_rad": 0.047585690133890156,
    "errdist": 0.06199555748551707,
    "mean_dist_m": 7.592170963684718,
    "episodes": 12
  },
  "rollout_flat_10.0s": {
    "xy_rmse_m": 3.7467452197364364,
    "yaw_rmse_rad": 0.11805821207585591,
    "errdist": 0.10638991208683182,
    "mean_dist_m": 35.2171098391215,
    "episodes": 12
  },
  "rollout_crm_5.0s": {
    "xy_rmse_m": 0.7126063179422676,
    "yaw_rmse_rad": 0.029325929328016222,
    "errdist": 0.09957466990653595,
    "mean_dist_m": 7.1565019357949495,
    "episodes": 12
  },
  "rollout_crm_10.0s": {
    "xy_rmse_m": 1.719873675357532,
    "yaw_rmse_rad": 0.13824956945892056,
    "errdist": 0.06869382312937318,
    "mean_dist_m": 25.036802393694717,
    "episodes": 12
  },
  "rollout_sel": 0.08754186760810251
}
{
  "epoch": 66,
  "timestamp_utc": "2026-07-10T01:32:08.031791+00:00",
  "train_loss": 0.02015301115065813,
  "val_loss": 0.0023533662287263724,
  "val_rmse": {
    "vel_body_x_mps": 0.000670946696729489,
    "vel_body_y_mps": 0.0006475173782133516,
    "roll_rad": 1.3361545222740504e-05,
    "pitch_rad": 6.480881956381537e-06,
    "roll_rate_radps": 0.001345655886729007,
    "ang_vel_body_y_radps": 0.0006003682264808273,
    "yaw_rate_radps": 0.0012525729513071984,
    "tire_fl_force_wheel_fz_n": 37.57062595337414,
    "tire_fr_force_wheel_fz_n": 37.169447430702704,
    "tire_rl_force_wheel_fz_n": 23.714825876977276,
    "tire_rr_force_wheel_fz_n": 23.268285900306523,
    "tire_fl_spindle_omega_radps": 0.04559454682630104,
    "tire_fr_spindle_omega_radps": 0.04441955123475216,
    "tire_rl_spindle_omega_radps": 0.042729393962028885,
    "tire_rr_spindle_omega_radps": 0.04127045089784765
  },
  "val_flat_loss": 0.0023533662287263724,
  "val_flat_rmse": {
    "vel_body_x_mps": 0.000670946696729489,
    "vel_body_y_mps": 0.0006475173782133516,
    "roll_rad": 1.3361545222740504e-05,
    "pitch_rad": 6.480881956381537e-06,
    "roll_rate_radps": 0.001345655886729007,
    "ang_vel_body_y_radps": 0.0006003682264808273,
    "yaw_rate_radps": 0.0012525729513071984,
    "tire_fl_force_wheel_fz_n": 37.57062595337414,
    "tire_fr_force_wheel_fz_n": 37.169447430702704,
    "tire_rl_force_wheel_fz_n": 23.714825876977276,
    "tire_rr_force_wheel_fz_n": 23.268285900306523,
    "tire_fl_spindle_omega_radps": 0.04559454682630104,
    "tire_fr_spindle_omega_radps": 0.04441955123475216,
    "tire_rl_spindle_omega_radps": 0.042729393962028885,
    "tire_rr_spindle_omega_radps": 0.04127045089784765
  },
  "val_crm_loss": 0.08734995518170763,
  "val_crm_rmse": {
    "vel_body_x_mps": 0.0027859900644646995,
    "vel_body_y_mps": 0.002303114385721438,
    "roll_rad": 4.027184106159444e-05,
    "pitch_rad": 2.8491646661712587e-05,
    "roll_rate_radps": 0.0035276197592283647,
    "ang_vel_body_y_radps": 0.002461620830593273,
    "yaw_rate_radps": 0.002282868089556652,
    "tire_fl_force_wheel_fz_n": 595.4980126059012,
    "tire_fr_force_wheel_fz_n": 601.4667089063263,
    "tire_rl_force_wheel_fz_n": 943.598641445448,
    "tire_rr_force_wheel_fz_n": 983.3898632451119,
    "tire_fl_spindle_omega_radps": 0.12657516039665068,
    "tire_fr_spindle_omega_radps": 0.1271671771618309,
    "tire_rl_spindle_omega_radps": 0.1512543023855918,
    "tire_rr_spindle_omega_radps": 0.15236467550102595
  },
  "val_mixed_loss": 0.044851660705217,
  "rollout_flat_5.0s": {
    "xy_rmse_m": 2.1576493220190778,
    "yaw_rmse_rad": 0.13527056712374022,
    "errdist": 0.2841939851380669,
    "mean_dist_m": 7.592170963684718,
    "episodes": 12
  },
  "rollout_flat_10.0s": {
    "xy_rmse_m": 9.916123259030277,
    "yaw_rmse_rad": 0.4140824467394949,
    "errdist": 0.2815711824260715,
    "mean_dist_m": 35.2171098391215,
    "episodes": 12
  },
  "rollout_crm_5.0s": {
    "xy_rmse_m": 0.5960923883731701,
    "yaw_rmse_rad": 0.032762799626842816,
    "errdist": 0.08329382060132927,
    "mean_dist_m": 7.1565019357949495,
    "episodes": 12
  },
  "rollout_crm_10.0s": {
    "xy_rmse_m": 2.0152887346370183,
    "yaw_rmse_rad": 0.1923385362295514,
    "errdist": 0.08049305590016358,
    "mean_dist_m": 25.036802393694717,
    "episodes": 12
  },
  "rollout_sel": 0.18103211916311754
}
{
  "epoch": 67,
  "timestamp_utc": "2026-07-10T01:32:51.500283+00:00",
  "train_loss": 0.020175695099867882,
  "val_loss": 0.0023468229497302672,
  "val_rmse": {
    "vel_body_x_mps": 0.0006755657304021555,
    "vel_body_y_mps": 0.0006117915264582338,
    "roll_rad": 1.3299399503437665e-05,
    "pitch_rad": 7.117259391579173e-06,
    "roll_rate_radps": 0.0013597292449006291,
    "ang_vel_body_y_radps": 0.0006014142959004861,
    "yaw_rate_radps": 0.0012583403810056157,
    "tire_fl_force_wheel_fz_n": 36.80572691500537,
    "tire_fr_force_wheel_fz_n": 37.06207048086841,
    "tire_rl_force_wheel_fz_n": 23.947387024369746,
    "tire_rr_force_wheel_fz_n": 22.357737492512765,
    "tire_fl_spindle_omega_radps": 0.046057451538561396,
    "tire_fr_spindle_omega_radps": 0.044642724708182105,
    "tire_rl_spindle_omega_radps": 0.04326865818130755,
    "tire_rr_spindle_omega_radps": 0.04161160900194123
  },
  "val_flat_loss": 0.0023468229497302672,
  "val_flat_rmse": {
    "vel_body_x_mps": 0.0006755657304021555,
    "vel_body_y_mps": 0.0006117915264582338,
    "roll_rad": 1.3299399503437665e-05,
    "pitch_rad": 7.117259391579173e-06,
    "roll_rate_radps": 0.0013597292449006291,
    "ang_vel_body_y_radps": 0.0006014142959004861,
    "yaw_rate_radps": 0.0012583403810056157,
    "tire_fl_force_wheel_fz_n": 36.80572691500537,
    "tire_fr_force_wheel_fz_n": 37.06207048086841,
    "tire_rl_force_wheel_fz_n": 23.947387024369746,
    "tire_rr_force_wheel_fz_n": 22.357737492512765,
    "tire_fl_spindle_omega_radps": 0.046057451538561396,
    "tire_fr_spindle_omega_radps": 0.044642724708182105,
    "tire_rl_spindle_omega_radps": 0.04326865818130755,
    "tire_rr_spindle_omega_radps": 0.04161160900194123
  },
  "val_crm_loss": 0.08739587961521465,
  "val_crm_rmse": {
    "vel_body_x_mps": 0.002810107175612344,
    "vel_body_y_mps": 0.002303322607237477,
    "roll_rad": 3.8078380373897646e-05,
    "pitch_rad": 2.8110243002322678e-05,
    "roll_rate_radps": 0.003473700858544371,
    "ang_vel_body_y_radps": 0.00241032414507943,
    "yaw_rate_radps": 0.0022862310050313145,
    "tire_fl_force_wheel_fz_n": 587.667034468396,
    "tire_fr_force_wheel_fz_n": 600.0797468681295,
    "tire_rl_force_wheel_fz_n": 945.9661848106283,
    "tire_rr_force_wheel_fz_n": 989.1754682948906,
    "tire_fl_spindle_omega_radps": 0.12352877672000288,
    "tire_fr_spindle_omega_radps": 0.124983394311606,
    "tire_rl_spindle_omega_radps": 0.1490755930982407,
    "tire_rr_spindle_omega_radps": 0.15014944674550482
  },
  "val_mixed_loss": 0.04487135128247246,
  "rollout_flat_5.0s": {
    "xy_rmse_m": 1.903243698485827,
    "yaw_rmse_rad": 0.11151717874342429,
    "errdist": 0.2506850422085494,
    "mean_dist_m": 7.592170963684718,
    "episodes": 12
  },
  "rollout_flat_10.0s": {
    "xy_rmse_m": 8.893716274330673,
    "yaw_rmse_rad": 0.38491699455671485,
    "errdist": 0.25253964095744574,
    "mean_dist_m": 35.2171098391215,
    "episodes": 12
  },
  "rollout_crm_5.0s": {
    "xy_rmse_m": 0.6396557850345336,
    "yaw_rmse_rad": 0.03301450401022783,
    "errdist": 0.08938106784197776,
    "mean_dist_m": 7.1565019357949495,
    "episodes": 12
  },
  "rollout_crm_10.0s": {
    "xy_rmse_m": 1.7100607518043485,
    "yaw_rmse_rad": 0.11992347677385039,
    "errdist": 0.06830188316040754,
    "mean_dist_m": 25.036802393694717,
    "episodes": 12
  },
  "rollout_sel": 0.16042076205892664
}
{
  "epoch": 68,
  "timestamp_utc": "2026-07-10T01:33:34.808918+00:00",
  "train_loss": 0.020017671258188784,
  "val_loss": 0.002283959607302677,
  "val_rmse": {
    "vel_body_x_mps": 0.0006547888181590072,
    "vel_body_y_mps": 0.0006083473536157165,
    "roll_rad": 1.2168451341384815e-05,
    "pitch_rad": 6.484074886002789e-06,
    "roll_rate_radps": 0.0013545884224903384,
    "ang_vel_body_y_radps": 0.0005821733015525701,
    "yaw_rate_radps": 0.0012321194044030617,
    "tire_fl_force_wheel_fz_n": 36.645220007731105,
    "tire_fr_force_wheel_fz_n": 37.217490064048604,
    "tire_rl_force_wheel_fz_n": 23.79338354234839,
    "tire_rr_force_wheel_fz_n": 21.881011476717603,
    "tire_fl_spindle_omega_radps": 0.04556744390991748,
    "tire_fr_spindle_omega_radps": 0.044532263070910225,
    "tire_rl_spindle_omega_radps": 0.04377443959908615,
    "tire_rr_spindle_omega_radps": 0.04111081558869827
  },
  "val_flat_loss": 0.002283959607302677,
  "val_flat_rmse": {
    "vel_body_x_mps": 0.0006547888181590072,
    "vel_body_y_mps": 0.0006083473536157165,
    "roll_rad": 1.2168451341384815e-05,
    "pitch_rad": 6.484074886002789e-06,
    "roll_rate_radps": 0.0013545884224903384,
    "ang_vel_body_y_radps": 0.0005821733015525701,
    "yaw_rate_radps": 0.0012321194044030617,
    "tire_fl_force_wheel_fz_n": 36.645220007731105,
    "tire_fr_force_wheel_fz_n": 37.217490064048604,
    "tire_rl_force_wheel_fz_n": 23.79338354234839,
    "tire_rr_force_wheel_fz_n": 21.881011476717603,
    "tire_fl_spindle_omega_radps": 0.04556744390991748,
    "tire_fr_spindle_omega_radps": 0.044532263070910225,
    "tire_rl_spindle_omega_radps": 0.04377443959908615,
    "tire_rr_spindle_omega_radps": 0.04111081558869827
  },
  "val_crm_loss": 0.08692330889112782,
  "val_crm_rmse": {
    "vel_body_x_mps": 0.002788453424332868,
    "vel_body_y_mps": 0.0022711259234842896,
    "roll_rad": 3.8146817121424984e-05,
    "pitch_rad": 2.6756942826143925e-05,
    "roll_rate_radps": 0.003445477970465109,
    "ang_vel_body_y_radps": 0.002403844605890352,
    "yaw_rate_radps": 0.0022759659269284463,
    "tire_fl_force_wheel_fz_n": 588.168647143751,
    "tire_fr_force_wheel_fz_n": 599.0815360866022,
    "tire_rl_force_wheel_fz_n": 941.1547037245117,
    "tire_rr_force_wheel_fz_n": 990.1413134107505,
    "tire_fl_spindle_omega_radps": 0.1235274237474524,
    "tire_fr_spindle_omega_radps": 0.1249997884126452,
    "tire_rl_spindle_omega_radps": 0.1496250018275058,
    "tire_rr_spindle_omega_radps": 0.15002781616347732
  },
  "val_mixed_loss": 0.04460363424921525,
  "rollout_flat_5.0s": {
    "xy_rmse_m": 1.5297668733613299,
    "yaw_rmse_rad": 0.11573820591795514,
    "errdist": 0.20149267985120373,
    "mean_dist_m": 7.592170963684718,
    "episodes": 12
  },
  "rollout_flat_10.0s": {
    "xy_rmse_m": 5.647483793823351,
    "yaw_rmse_rad": 0.32903163416769987,
    "errdist": 0.16036193258396667,
    "mean_dist_m": 35.2171098391215,
    "episodes": 12
  },
  "rollout_crm_5.0s": {
    "xy_rmse_m": 0.9132547561461788,
    "yaw_rmse_rad": 0.06114926727136129,
    "errdist": 0.12761189256140873,
    "mean_dist_m": 7.1565019357949495,
    "episodes": 12
  },
  "rollout_crm_10.0s": {
    "xy_rmse_m": 2.8549704895454053,
    "yaw_rmse_rad": 0.15751512442469123,
    "errdist": 0.1140309550977006,
    "mean_dist_m": 25.036802393694717,
    "episodes": 12
  },
  "rollout_sel": 0.13719644384083363
}
{
  "epoch": 69,
  "timestamp_utc": "2026-07-10T01:34:18.263861+00:00",
  "train_loss": 0.019928921565413475,
  "val_loss": 0.0023797311491216533,
  "val_rmse": {
    "vel_body_x_mps": 0.0007030026082702011,
    "vel_body_y_mps": 0.0006040142689795328,
    "roll_rad": 1.2574259764741832e-05,
    "pitch_rad": 6.595734953302511e-06,
    "roll_rate_radps": 0.0013682073440680856,
    "ang_vel_body_y_radps": 0.0005986481059271552,
    "yaw_rate_radps": 0.0012439209601173065,
    "tire_fl_force_wheel_fz_n": 36.743125151168144,
    "tire_fr_force_wheel_fz_n": 39.66315128189635,
    "tire_rl_force_wheel_fz_n": 24.12406762994674,
    "tire_rr_force_wheel_fz_n": 22.313782173416904,
    "tire_fl_spindle_omega_radps": 0.046388236181989555,
    "tire_fr_spindle_omega_radps": 0.045211888357662905,
    "tire_rl_spindle_omega_radps": 0.044307587773905206,
    "tire_rr_spindle_omega_radps": 0.04266994268753123
  },
  "val_flat_loss": 0.0023797311491216533,
  "val_flat_rmse": {
    "vel_body_x_mps": 0.0007030026082702011,
    "vel_body_y_mps": 0.0006040142689795328,
    "roll_rad": 1.2574259764741832e-05,
    "pitch_rad": 6.595734953302511e-06,
    "roll_rate_radps": 0.0013682073440680856,
    "ang_vel_body_y_radps": 0.0005986481059271552,
    "yaw_rate_radps": 0.0012439209601173065,
    "tire_fl_force_wheel_fz_n": 36.743125151168144,
    "tire_fr_force_wheel_fz_n": 39.66315128189635,
    "tire_rl_force_wheel_fz_n": 24.12406762994674,
    "tire_rr_force_wheel_fz_n": 22.313782173416904,
    "tire_fl_spindle_omega_radps": 0.046388236181989555,
    "tire_fr_spindle_omega_radps": 0.045211888357662905,
    "tire_rl_spindle_omega_radps": 0.044307587773905206,
    "tire_rr_spindle_omega_radps": 0.04266994268753123
  },
  "val_crm_loss": 0.08722968572983518,
  "val_crm_rmse": {
    "vel_body_x_mps": 0.002771443287599129,
    "vel_body_y_mps": 0.002283231697995927,
    "roll_rad": 3.773329680166204e-05,
    "pitch_rad": 2.6533024080069324e-05,
    "roll_rate_radps": 0.0034852085537107804,
    "ang_vel_body_y_radps": 0.0023889898790904886,
    "yaw_rate_radps": 0.002282865075845231,
    "tire_fl_force_wheel_fz_n": 592.2446538279539,
    "tire_fr_force_wheel_fz_n": 594.088196934853,
    "tire_rl_force_wheel_fz_n": 942.0009429402097,
    "tire_rr_force_wheel_fz_n": 996.5888304785515,
    "tire_fl_spindle_omega_radps": 0.12418404903426622,
    "tire_fr_spindle_omega_radps": 0.12490488885055695,
    "tire_rl_spindle_omega_radps": 0.14972289144132164,
    "tire_rr_spindle_omega_radps": 0.15077476710973178
  },
  "val_mixed_loss": 0.04480470843947842,
  "rollout_flat_5.0s": {
    "xy_rmse_m": 1.0648775217284863,
    "yaw_rmse_rad": 0.08213366687273377,
    "errdist": 0.14025995025955895,
    "mean_dist_m": 7.592170963684718,
    "episodes": 12
  },
  "rollout_flat_10.0s": {
    "xy_rmse_m": 4.299256899594692,
    "yaw_rmse_rad": 0.19119313338675153,
    "errdist": 0.12207864072987593,
    "mean_dist_m": 35.2171098391215,
    "episodes": 12
  },
  "rollout_crm_5.0s": {
    "xy_rmse_m": 1.0028072929148073,
    "yaw_rmse_rad": 0.05432260726836582,
    "errdist": 0.14012534362619644,
    "mean_dist_m": 7.1565019357949495,
    "episodes": 12
  },
  "rollout_crm_10.0s": {
    "xy_rmse_m": 3.5861993808127925,
    "yaw_rmse_rad": 0.13138490110771045,
    "errdist": 0.14323711648241244,
    "mean_dist_m": 25.036802393694717,
    "episodes": 12
  },
  "rollout_sel": 0.1326578786061442
}
{
  "epoch": 70,
  "timestamp_utc": "2026-07-10T01:35:01.634958+00:00",
  "train_loss": 0.019804678576998413,
  "val_loss": 0.0022958852329611544,
  "val_rmse": {
    "vel_body_x_mps": 0.0006644222493746319,
    "vel_body_y_mps": 0.0005981124974700318,
    "roll_rad": 1.3756182084286483e-05,
    "pitch_rad": 8.494795771481061e-06,
    "roll_rate_radps": 0.0013440565518606702,
    "ang_vel_body_y_radps": 0.0005785638299642994,
    "yaw_rate_radps": 0.001247124486061746,
    "tire_fl_force_wheel_fz_n": 36.81499467398695,
    "tire_fr_force_wheel_fz_n": 37.48908937575923,
    "tire_rl_force_wheel_fz_n": 23.647032112374987,
    "tire_rr_force_wheel_fz_n": 22.656104900447943,
    "tire_fl_spindle_omega_radps": 0.04556504327924057,
    "tire_fr_spindle_omega_radps": 0.04465938799328213,
    "tire_rl_spindle_omega_radps": 0.04299509348288301,
    "tire_rr_spindle_omega_radps": 0.040717380200566894
  },
  "val_flat_loss": 0.0022958852329611544,
  "val_flat_rmse": {
    "vel_body_x_mps": 0.0006644222493746319,
    "vel_body_y_mps": 0.0005981124974700318,
    "roll_rad": 1.3756182084286483e-05,
    "pitch_rad": 8.494795771481061e-06,
    "roll_rate_radps": 0.0013440565518606702,
    "ang_vel_body_y_radps": 0.0005785638299642994,
    "yaw_rate_radps": 0.001247124486061746,
    "tire_fl_force_wheel_fz_n": 36.81499467398695,
    "tire_fr_force_wheel_fz_n": 37.48908937575923,
    "tire_rl_force_wheel_fz_n": 23.647032112374987,
    "tire_rr_force_wheel_fz_n": 22.656104900447943,
    "tire_fl_spindle_omega_radps": 0.04556504327924057,
    "tire_fr_spindle_omega_radps": 0.04465938799328213,
    "tire_rl_spindle_omega_radps": 0.04299509348288301,
    "tire_rr_spindle_omega_radps": 0.040717380200566894
  },
  "val_crm_loss": 0.08702993873448577,
  "val_crm_rmse": {
    "vel_body_x_mps": 0.0027917906538338184,
    "vel_body_y_mps": 0.0022627096610495956,
    "roll_rad": 3.796667637402139e-05,
    "pitch_rad": 2.6479548900186817e-05,
    "roll_rate_radps": 0.003442522030149006,
    "ang_vel_body_y_radps": 0.002393998589373936,
    "yaw_rate_radps": 0.002289805772672496,
    "tire_fl_force_wheel_fz_n": 589.5264656184239,
    "tire_fr_force_wheel_fz_n": 599.4834077169523,
    "tire_rl_force_wheel_fz_n": 944.9755415025755,
    "tire_rr_force_wheel_fz_n": 988.1427033879829,
    "tire_fl_spindle_omega_radps": 0.12458298841534768,
    "tire_fr_spindle_omega_radps": 0.12702614687322542,
    "tire_rl_spindle_omega_radps": 0.15108505553314244,
    "tire_rr_spindle_omega_radps": 0.1516581114456594
  },
  "val_mixed_loss": 0.044662911983723456,
  "rollout_flat_5.0s": {
    "xy_rmse_m": 1.631610018195223,
    "yaw_rmse_rad": 0.09814620386978977,
    "errdist": 0.21490691213351598,
    "mean_dist_m": 7.592170963684718,
    "episodes": 12
  },
  "rollout_flat_10.0s": {
    "xy_rmse_m": 7.096995746991293,
    "yaw_rmse_rad": 0.2586940225613139,
    "errdist": 0.2015212429245821,
    "mean_dist_m": 35.2171098391215,
    "episodes": 12
  },
  "rollout_crm_5.0s": {
    "xy_rmse_m": 0.7154969910763417,
    "yaw_rmse_rad": 0.03614653445350796,
    "errdist": 0.09997859254360192,
    "mean_dist_m": 7.1565019357949495,
    "episodes": 12
  },
  "rollout_crm_10.0s": {
    "xy_rmse_m": 2.354676131584064,
    "yaw_rmse_rad": 0.18894720904710433,
    "errdist": 0.0940485967240396,
    "mean_dist_m": 25.036802393694717,
    "episodes": 12
  },
  "rollout_sel": 0.14778491982431086
}
{
  "epoch": 71,
  "timestamp_utc": "2026-07-10T01:35:45.157021+00:00",
  "train_loss": 0.019717650530859828,
  "val_loss": 0.0022857379205925097,
  "val_rmse": {
    "vel_body_x_mps": 0.0006810943639600252,
    "vel_body_y_mps": 0.0006023953884221997,
    "roll_rad": 1.1601524687949932e-05,
    "pitch_rad": 6.3538010095301586e-06,
    "roll_rate_radps": 0.0013385196685331187,
    "ang_vel_body_y_radps": 0.0005899255347975535,
    "yaw_rate_radps": 0.0012340661439767038,
    "tire_fl_force_wheel_fz_n": 36.5783660939389,
    "tire_fr_force_wheel_fz_n": 37.369151267886224,
    "tire_rl_force_wheel_fz_n": 23.310127159939462,
    "tire_rr_force_wheel_fz_n": 21.868837001089997,
    "tire_fl_spindle_omega_radps": 0.0460878775622554,
    "tire_fr_spindle_omega_radps": 0.044912587953407114,
    "tire_rl_spindle_omega_radps": 0.043451644140078544,
    "tire_rr_spindle_omega_radps": 0.04190961731057497
  },
  "val_flat_loss": 0.0022857379205925097,
  "val_flat_rmse": {
    "vel_body_x_mps": 0.0006810943639600252,
    "vel_body_y_mps": 0.0006023953884221997,
    "roll_rad": 1.1601524687949932e-05,
    "pitch_rad": 6.3538010095301586e-06,
    "roll_rate_radps": 0.0013385196685331187,
    "ang_vel_body_y_radps": 0.0005899255347975535,
    "yaw_rate_radps": 0.0012340661439767038,
    "tire_fl_force_wheel_fz_n": 36.5783660939389,
    "tire_fr_force_wheel_fz_n": 37.369151267886224,
    "tire_rl_force_wheel_fz_n": 23.310127159939462,
    "tire_rr_force_wheel_fz_n": 21.868837001089997,
    "tire_fl_spindle_omega_radps": 0.0460878775622554,
    "tire_fr_spindle_omega_radps": 0.044912587953407114,
    "tire_rl_spindle_omega_radps": 0.043451644140078544,
    "tire_rr_spindle_omega_radps": 0.04190961731057497
  },
  "val_crm_loss": 0.08703933749406133,
  "val_crm_rmse": {
    "vel_body_x_mps": 0.002773275658411345,
    "vel_body_y_mps": 0.0022577576164126223,
    "roll_rad": 3.77493975324063e-05,
    "pitch_rad": 2.664727967861441e-05,
    "roll_rate_radps": 0.0034353195773488363,
    "ang_vel_body_y_radps": 0.0023763608167503905,
    "yaw_rate_radps": 0.002274929006585783,
    "tire_fl_force_wheel_fz_n": 588.180067668017,
    "tire_fr_force_wheel_fz_n": 595.375679967389,
    "tire_rl_force_wheel_fz_n": 947.1307951454187,
    "tire_rr_force_wheel_fz_n": 990.5750879083048,
    "tire_fl_spindle_omega_radps": 0.12286593728494102,
    "tire_fr_spindle_omega_radps": 0.12515156280920525,
    "tire_rl_spindle_omega_radps": 0.14987462057881817,
    "tire_rr_spindle_omega_radps": 0.15107139164104524
  },
  "val_mixed_loss": 0.04466253770732692,
  "rollout_flat_5.0s": {
    "xy_rmse_m": 0.9310852021027,
    "yaw_rmse_rad": 0.04560298324771532,
    "errdist": 0.12263754419602996,
    "mean_dist_m": 7.592170963684718,
    "episodes": 12
  },
  "rollout_flat_10.0s": {
    "xy_rmse_m": 3.7642412845922544,
    "yaw_rmse_rad": 0.14867464057633992,
    "errdist": 0.10688671789899937,
    "mean_dist_m": 35.2171098391215,
    "episodes": 12
  },
  "rollout_crm_5.0s": {
    "xy_rmse_m": 0.7712638354593263,
    "yaw_rmse_rad": 0.03502147968836579,
    "errdist": 0.10777106502293621,
    "mean_dist_m": 7.1565019357949495,
    "episodes": 12
  },
  "rollout_crm_10.0s": {
    "xy_rmse_m": 2.606805007593694,
    "yaw_rmse_rad": 0.10082844390653185,
    "errdist": 0.10411892727364391,
    "mean_dist_m": 25.036802393694717,
    "episodes": 12
  },
  "rollout_sel": 0.10550282258632164
}
{
  "epoch": 72,
  "timestamp_utc": "2026-07-10T01:36:28.552313+00:00",
  "train_loss": 0.019545112911611796,
  "val_loss": 0.0022271738671770435,
  "val_rmse": {
    "vel_body_x_mps": 0.0006386525492357432,
    "vel_body_y_mps": 0.0005916539485955163,
    "roll_rad": 1.307439511667275e-05,
    "pitch_rad": 6.7087946697471975e-06,
    "roll_rate_radps": 0.001339406727681694,
    "ang_vel_body_y_radps": 0.0005652481842109645,
    "yaw_rate_radps": 0.0012277757910763138,
    "tire_fl_force_wheel_fz_n": 36.48754939343519,
    "tire_fr_force_wheel_fz_n": 36.745279291664076,
    "tire_rl_force_wheel_fz_n": 24.70351621005576,
    "tire_rr_force_wheel_fz_n": 23.052077023976032,
    "tire_fl_spindle_omega_radps": 0.0454838353921069,
    "tire_fr_spindle_omega_radps": 0.043779990837448844,
    "tire_rl_spindle_omega_radps": 0.04287151247871251,
    "tire_rr_spindle_omega_radps": 0.04012722934857525
  },
  "val_flat_loss": 0.0022271738671770435,
  "val_flat_rmse": {
    "vel_body_x_mps": 0.0006386525492357432,
    "vel_body_y_mps": 0.0005916539485955163,
    "roll_rad": 1.307439511667275e-05,
    "pitch_rad": 6.7087946697471975e-06,
    "roll_rate_radps": 0.001339406727681694,
    "ang_vel_body_y_radps": 0.0005652481842109645,
    "yaw_rate_radps": 0.0012277757910763138,
    "tire_fl_force_wheel_fz_n": 36.48754939343519,
    "tire_fr_force_wheel_fz_n": 36.745279291664076,
    "tire_rl_force_wheel_fz_n": 24.70351621005576,
    "tire_rr_force_wheel_fz_n": 23.052077023976032,
    "tire_fl_spindle_omega_radps": 0.0454838353921069,
    "tire_fr_spindle_omega_radps": 0.043779990837448844,
    "tire_rl_spindle_omega_radps": 0.04287151247871251,
    "tire_rr_spindle_omega_radps": 0.04012722934857525
  },
  "val_crm_loss": 0.08698319594142959,
  "val_crm_rmse": {
    "vel_body_x_mps": 0.0027813860850122215,
    "vel_body_y_mps": 0.0022621831459098173,
    "roll_rad": 3.825949418968255e-05,
    "pitch_rad": 2.6830867695111165e-05,
    "roll_rate_radps": 0.003412882821701249,
    "ang_vel_body_y_radps": 0.002370984880506161,
    "yaw_rate_radps": 0.0022682192702794747,
    "tire_fl_force_wheel_fz_n": 588.0325532582411,
    "tire_fr_force_wheel_fz_n": 592.1037598918177,
    "tire_rl_force_wheel_fz_n": 944.7071817282773,
    "tire_rr_force_wheel_fz_n": 986.9534224244214,
    "tire_fl_spindle_omega_radps": 0.12412160138454001,
    "tire_fr_spindle_omega_radps": 0.12537772011921325,
    "tire_rl_spindle_omega_radps": 0.15009318701546695,
    "tire_rr_spindle_omega_radps": 0.15217701530439942
  },
  "val_mixed_loss": 0.04460518490430331,
  "rollout_flat_5.0s": {
    "xy_rmse_m": 1.7033500574016283,
    "yaw_rmse_rad": 0.06836575672697102,
    "errdist": 0.22435612495413818,
    "mean_dist_m": 7.592170963684718,
    "episodes": 12
  },
  "rollout_flat_10.0s": {
    "xy_rmse_m": 5.012707866312857,
    "yaw_rmse_rad": 0.11805096700187587,
    "errdist": 0.14233728688162844,
    "mean_dist_m": 35.2171098391215,
    "episodes": 12
  },
  "rollout_crm_5.0s": {
    "xy_rmse_m": 0.40966254630912396,
    "yaw_rmse_rad": 0.035341705630640444,
    "errdist": 0.05724340606408546,
    "mean_dist_m": 7.1565019357949495,
    "episodes": 12
  },
  "rollout_crm_10.0s": {
    "xy_rmse_m": 2.018068942207708,
    "yaw_rmse_rad": 0.20096408237736163,
    "errdist": 0.08060410073436293,
    "mean_dist_m": 25.036802393694717,
    "episodes": 12
  },
  "rollout_sel": 0.11147069380799568
}
{
  "epoch": 73,
  "timestamp_utc": "2026-07-10T01:37:11.763053+00:00",
  "train_loss": 0.019561417690943928,
  "val_loss": 0.002221450037959585,
  "val_rmse": {
    "vel_body_x_mps": 0.0006389942153178856,
    "vel_body_y_mps": 0.0006116636575820186,
    "roll_rad": 1.1539167983496629e-05,
    "pitch_rad": 5.740914438693119e-06,
    "roll_rate_radps": 0.0013396838157725744,
    "ang_vel_body_y_radps": 0.0005771133201190157,
    "yaw_rate_radps": 0.0012308260502714742,
    "tire_fl_force_wheel_fz_n": 36.24706709868653,
    "tire_fr_force_wheel_fz_n": 36.52080027648219,
    "tire_rl_force_wheel_fz_n": 23.795486998627414,
    "tire_rr_force_wheel_fz_n": 22.019204333661413,
    "tire_fl_spindle_omega_radps": 0.04491212075922124,
    "tire_fr_spindle_omega_radps": 0.04404716140530093,
    "tire_rl_spindle_omega_radps": 0.042982571716137015,
    "tire_rr_spindle_omega_radps": 0.040795357567911375
  },
  "val_flat_loss": 0.002221450037959585,
  "val_flat_rmse": {
    "vel_body_x_mps": 0.0006389942153178856,
    "vel_body_y_mps": 0.0006116636575820186,
    "roll_rad": 1.1539167983496629e-05,
    "pitch_rad": 5.740914438693119e-06,
    "roll_rate_radps": 0.0013396838157725744,
    "ang_vel_body_y_radps": 0.0005771133201190157,
    "yaw_rate_radps": 0.0012308260502714742,
    "tire_fl_force_wheel_fz_n": 36.24706709868653,
    "tire_fr_force_wheel_fz_n": 36.52080027648219,
    "tire_rl_force_wheel_fz_n": 23.795486998627414,
    "tire_rr_force_wheel_fz_n": 22.019204333661413,
    "tire_fl_spindle_omega_radps": 0.04491212075922124,
    "tire_fr_spindle_omega_radps": 0.04404716140530093,
    "tire_rl_spindle_omega_radps": 0.042982571716137015,
    "tire_rr_spindle_omega_radps": 0.040795357567911375
  },
  "val_crm_loss": 0.08758025534043554,
  "val_crm_rmse": {
    "vel_body_x_mps": 0.0027846003098988535,
    "vel_body_y_mps": 0.002273938343178202,
    "roll_rad": 3.6439856765070756e-05,
    "pitch_rad": 2.682038143165277e-05,
    "roll_rate_radps": 0.0034326895029169243,
    "ang_vel_body_y_radps": 0.002401519999028618,
    "yaw_rate_radps": 0.002283935954899156,
    "tire_fl_force_wheel_fz_n": 592.5198976913402,
    "tire_fr_force_wheel_fz_n": 603.5460611995591,
    "tire_rl_force_wheel_fz_n": 946.5125762951916,
    "tire_rr_force_wheel_fz_n": 998.0167142895668,
    "tire_fl_spindle_omega_radps": 0.12544126664092173,
    "tire_fr_spindle_omega_radps": 0.12674090390488604,
    "tire_rl_spindle_omega_radps": 0.15060103448928125,
    "tire_rr_spindle_omega_radps": 0.15205807886916411
  },
  "val_mixed_loss": 0.04490085268919756,
  "rollout_flat_5.0s": {
    "xy_rmse_m": 1.071537917937907,
    "yaw_rmse_rad": 0.08517159239188428,
    "errdist": 0.14113722189125416,
    "mean_dist_m": 7.592170963684718,
    "episodes": 12
  },
  "rollout_flat_10.0s": {
    "xy_rmse_m": 5.0222225822366084,
    "yaw_rmse_rad": 0.15813687193887568,
    "errdist": 0.14260745998689509,
    "mean_dist_m": 35.2171098391215,
    "episodes": 12
  },
  "rollout_crm_5.0s": {
    "xy_rmse_m": 0.6325832666142047,
    "yaw_rmse_rad": 0.016979607788939772,
    "errdist": 0.08839280311658812,
    "mean_dist_m": 7.1565019357949495,
    "episodes": 12
  },
  "rollout_crm_10.0s": {
    "xy_rmse_m": 1.4502416142360046,
    "yaw_rmse_rad": 0.05426283541225093,
    "errdist": 0.05792439431487602,
    "mean_dist_m": 25.036802393694717,
    "episodes": 12
  },
  "rollout_sel": 0.10026592715088556
}
{
  "epoch": 74,
  "timestamp_utc": "2026-07-10T01:37:54.940967+00:00",
  "train_loss": 0.01949384638480842,
  "val_loss": 0.002213319989386946,
  "val_rmse": {
    "vel_body_x_mps": 0.0006407642815613085,
    "vel_body_y_mps": 0.0005975649087444403,
    "roll_rad": 1.1489556763173174e-05,
    "pitch_rad": 6.270806611931055e-06,
    "roll_rate_radps": 0.001327127222412116,
    "ang_vel_body_y_radps": 0.0005706965641540153,
    "yaw_rate_radps": 0.001228685003489984,
    "tire_fl_force_wheel_fz_n": 36.479599953254436,
    "tire_fr_force_wheel_fz_n": 37.05598246901988,
    "tire_rl_force_wheel_fz_n": 23.674600015139564,
    "tire_rr_force_wheel_fz_n": 22.108582239826386,
    "tire_fl_spindle_omega_radps": 0.045665080276271794,
    "tire_fr_spindle_omega_radps": 0.04374513416564134,
    "tire_rl_spindle_omega_radps": 0.04253634257970748,
    "tire_rr_spindle_omega_radps": 0.04046636452758963
  },
  "val_flat_loss": 0.002213319989386946,
  "val_flat_rmse": {
    "vel_body_x_mps": 0.0006407642815613085,
    "vel_body_y_mps": 0.0005975649087444403,
    "roll_rad": 1.1489556763173174e-05,
    "pitch_rad": 6.270806611931055e-06,
    "roll_rate_radps": 0.001327127222412116,
    "ang_vel_body_y_radps": 0.0005706965641540153,
    "yaw_rate_radps": 0.001228685003489984,
    "tire_fl_force_wheel_fz_n": 36.479599953254436,
    "tire_fr_force_wheel_fz_n": 37.05598246901988,
    "tire_rl_force_wheel_fz_n": 23.674600015139564,
    "tire_rr_force_wheel_fz_n": 22.108582239826386,
    "tire_fl_spindle_omega_radps": 0.045665080276271794,
    "tire_fr_spindle_omega_radps": 0.04374513416564134,
    "tire_rl_spindle_omega_radps": 0.04253634257970748,
    "tire_rr_spindle_omega_radps": 0.04046636452758963
  },
  "val_crm_loss": 0.08765981940960046,
  "val_crm_rmse": {
    "vel_body_x_mps": 0.0027671721757335866,
    "vel_body_y_mps": 0.0022626377651329115,
    "roll_rad": 3.8075611055006105e-05,
    "pitch_rad": 2.7889773571117753e-05,
    "roll_rate_radps": 0.0034349570711294406,
    "ang_vel_body_y_radps": 0.0023723571423557663,
    "yaw_rate_radps": 0.0022735856818692224,
    "tire_fl_force_wheel_fz_n": 591.7206961860654,
    "tire_fr_force_wheel_fz_n": 599.7258753741261,
    "tire_rl_force_wheel_fz_n": 956.0057463175561,
    "tire_rr_force_wheel_fz_n": 995.7315483068919,
    "tire_fl_spindle_omega_radps": 0.12256057495868795,
    "tire_fr_spindle_omega_radps": 0.12452897159725484,
    "tire_rl_spindle_omega_radps": 0.14898976767548838,
    "tire_rr_spindle_omega_radps": 0.14962624260784027
  },
  "val_mixed_loss": 0.04493656969949371,
  "rollout_flat_5.0s": {
    "xy_rmse_m": 2.019003562159527,
    "yaw_rmse_rad": 0.10960101609181418,
    "errdist": 0.2659323099831305,
    "mean_dist_m": 7.592170963684718,
    "episodes": 12
  },
  "rollout_flat_10.0s": {
    "xy_rmse_m": 9.827559088768135,
    "yaw_rmse_rad": 0.38659789054704263,
    "errdist": 0.2790563772456714,
    "mean_dist_m": 35.2171098391215,
    "episodes": 12
  },
  "rollout_crm_5.0s": {
    "xy_rmse_m": 0.6173134256013334,
    "yaw_rmse_rad": 0.033835176590247026,
    "errdist": 0.08625910132346827,
    "mean_dist_m": 7.1565019357949495,
    "episodes": 12
  },
  "rollout_crm_10.0s": {
    "xy_rmse_m": 1.916996843640371,
    "yaw_rmse_rad": 0.30630421782227957,
    "errdist": 0.07656715955561276,
    "mean_dist_m": 25.036802393694717,
    "episodes": 12
  },
  "rollout_sel": 0.17781176840064208
}
{
  "epoch": 75,
  "timestamp_utc": "2026-07-10T01:38:38.263347+00:00",
  "train_loss": 0.01941981047252193,
  "val_loss": 0.002265564554490993,
  "val_rmse": {
    "vel_body_x_mps": 0.0006693720598696568,
    "vel_body_y_mps": 0.0005916313503344829,
    "roll_rad": 1.173745137982015e-05,
    "pitch_rad": 6.504853353512895e-06,
    "roll_rate_radps": 0.0013379554698723995,
    "ang_vel_body_y_radps": 0.0005742691126656529,
    "yaw_rate_radps": 0.001236319704598739,
    "tire_fl_force_wheel_fz_n": 36.679409819018055,
    "tire_fr_force_wheel_fz_n": 36.648819132265125,
    "tire_rl_force_wheel_fz_n": 23.482866219323267,
    "tire_rr_force_wheel_fz_n": 22.141670938902262,
    "tire_fl_spindle_omega_radps": 0.045877077444512526,
    "tire_fr_spindle_omega_radps": 0.04437168750395118,
    "tire_rl_spindle_omega_radps": 0.04298994698731716,
    "tire_rr_spindle_omega_radps": 0.04033013726713841
  },
  "val_flat_loss": 0.002265564554490993,
  "val_flat_rmse": {
    "vel_body_x_mps": 0.0006693720598696568,
    "vel_body_y_mps": 0.0005916313503344829,
    "roll_rad": 1.173745137982015e-05,
    "pitch_rad": 6.504853353512895e-06,
    "roll_rate_radps": 0.0013379554698723995,
    "ang_vel_body_y_radps": 0.0005742691126656529,
    "yaw_rate_radps": 0.001236319704598739,
    "tire_fl_force_wheel_fz_n": 36.679409819018055,
    "tire_fr_force_wheel_fz_n": 36.648819132265125,
    "tire_rl_force_wheel_fz_n": 23.482866219323267,
    "tire_rr_force_wheel_fz_n": 22.141670938902262,
    "tire_fl_spindle_omega_radps": 0.045877077444512526,
    "tire_fr_spindle_omega_radps": 0.04437168750395118,
    "tire_rl_spindle_omega_radps": 0.04298994698731716,
    "tire_rr_spindle_omega_radps": 0.04033013726713841
  },
  "val_crm_loss": 0.08743937865365296,
  "val_crm_rmse": {
    "vel_body_x_mps": 0.0027627351477509643,
    "vel_body_y_mps": 0.002261644312132823,
    "roll_rad": 3.7160309181757904e-05,
    "pitch_rad": 2.8283007208685638e-05,
    "roll_rate_radps": 0.0034289306762053653,
    "ang_vel_body_y_radps": 0.0023884646574331135,
    "yaw_rate_radps": 0.0022795448544629003,
    "tire_fl_force_wheel_fz_n": 588.8723253673041,
    "tire_fr_force_wheel_fz_n": 594.9548207801423,
    "tire_rl_force_wheel_fz_n": 948.0319734794064,
    "tire_rr_force_wheel_fz_n": 998.6802782809091,
    "tire_fl_spindle_omega_radps": 0.12453518540936806,
    "tire_fr_spindle_omega_radps": 0.12632473186432583,
    "tire_rl_spindle_omega_radps": 0.15041360915045757,
    "tire_rr_spindle_omega_radps": 0.15192382693804593
  },
  "val_mixed_loss": 0.04485247160407198,
  "rollout_flat_5.0s": {
    "xy_rmse_m": 0.8507044300418843,
    "yaw_rmse_rad": 0.10046521113853688,
    "errdist": 0.11205022043247177,
    "mean_dist_m": 7.592170963684718,
    "episodes": 12
  },
  "rollout_flat_10.0s": {
    "xy_rmse_m": 3.9317678390062336,
    "yaw_rmse_rad": 0.22479928026454618,
    "errdist": 0.1116436827714512,
    "mean_dist_m": 35.2171098391215,
    "episodes": 12
  },
  "rollout_crm_5.0s": {
    "xy_rmse_m": 0.7338329767146454,
    "yaw_rmse_rad": 0.032091120866502,
    "errdist": 0.10254073614431723,
    "mean_dist_m": 7.1565019357949495,
    "episodes": 12
  },
  "rollout_crm_10.0s": {
    "xy_rmse_m": 2.256788015422712,
    "yaw_rmse_rad": 0.10544180788491199,
    "errdist": 0.09013882763204069,
    "mean_dist_m": 25.036802393694717,
    "episodes": 12
  },
  "rollout_sel": 0.10089125520174594
}
{
  "epoch": 76,
  "timestamp_utc": "2026-07-10T01:39:21.785656+00:00",
  "train_loss": 0.01933549949573353,
  "val_loss": 0.002293016262647143,
  "val_rmse": {
    "vel_body_x_mps": 0.0006766186168892,
    "vel_body_y_mps": 0.0006071118251936268,
    "roll_rad": 1.2170232816918502e-05,
    "pitch_rad": 6.862951682936276e-06,
    "roll_rate_radps": 0.0013444319504498715,
    "ang_vel_body_y_radps": 0.0006028228773408307,
    "yaw_rate_radps": 0.0012306726067240282,
    "tire_fl_force_wheel_fz_n": 36.48967537715424,
    "tire_fr_force_wheel_fz_n": 36.6367407674222,
    "tire_rl_force_wheel_fz_n": 24.108269619871255,
    "tire_rr_force_wheel_fz_n": 22.07127490534222,
    "tire_fl_spindle_omega_radps": 0.04607355973248704,
    "tire_fr_spindle_omega_radps": 0.045434854114477626,
    "tire_rl_spindle_omega_radps": 0.044900137747386555,
    "tire_rr_spindle_omega_radps": 0.041752077884067984
  },
  "val_flat_loss": 0.002293016262647143,
  "val_flat_rmse": {
    "vel_body_x_mps": 0.0006766186168892,
    "vel_body_y_mps": 0.0006071118251936268,
    "roll_rad": 1.2170232816918502e-05,
    "pitch_rad": 6.862951682936276e-06,
    "roll_rate_radps": 0.0013444319504498715,
    "ang_vel_body_y_radps": 0.0006028228773408307,
    "yaw_rate_radps": 0.0012306726067240282,
    "tire_fl_force_wheel_fz_n": 36.48967537715424,
    "tire_fr_force_wheel_fz_n": 36.6367407674222,
    "tire_rl_force_wheel_fz_n": 24.108269619871255,
    "tire_rr_force_wheel_fz_n": 22.07127490534222,
    "tire_fl_spindle_omega_radps": 0.04607355973248704,
    "tire_fr_spindle_omega_radps": 0.045434854114477626,
    "tire_rl_spindle_omega_radps": 0.044900137747386555,
    "tire_rr_spindle_omega_radps": 0.041752077884067984
  },
  "val_crm_loss": 0.08784453786036465,
  "val_crm_rmse": {
    "vel_body_x_mps": 0.002766394122782968,
    "vel_body_y_mps": 0.0022763335545363684,
    "roll_rad": 3.599772202530193e-05,
    "pitch_rad": 2.6628878893923988e-05,
    "roll_rate_radps": 0.0034185427355392017,
    "ang_vel_body_y_radps": 0.002387015069212654,
    "yaw_rate_radps": 0.0022759487996867446,
    "tire_fl_force_wheel_fz_n": 590.2014325539794,
    "tire_fr_force_wheel_fz_n": 595.3358728884491,
    "tire_rl_force_wheel_fz_n": 953.6752817655164,
    "tire_rr_force_wheel_fz_n": 1000.4193002326955,
    "tire_fl_spindle_omega_radps": 0.1259410939041863,
    "tire_fr_spindle_omega_radps": 0.12753958554622954,
    "tire_rl_spindle_omega_radps": 0.15157250041734882,
    "tire_rr_spindle_omega_radps": 0.15290178028838294
  },
  "val_mixed_loss": 0.0450687770615059,
  "rollout_flat_5.0s": {
    "xy_rmse_m": 1.4812697975026772,
    "yaw_rmse_rad": 0.0904622917980452,
    "errdist": 0.19510490538055147,
    "mean_dist_m": 7.592170963684718,
    "episodes": 12
  },
  "rollout_flat_10.0s": {
    "xy_rmse_m": 6.313690673432586,
    "yaw_rmse_rad": 0.21626848398048815,
    "errdist": 0.17927906924431716,
    "mean_dist_m": 35.2171098391215,
    "episodes": 12
  },
  "rollout_crm_5.0s": {
    "xy_rmse_m": 0.5953181445237141,
    "yaw_rmse_rad": 0.029463541000314054,
    "errdist": 0.08318563312979607,
    "mean_dist_m": 7.1565019357949495,
    "episodes": 12
  },
  "rollout_crm_10.0s": {
    "xy_rmse_m": 1.3848341106630382,
    "yaw_rmse_rad": 0.07135105501592645,
    "errdist": 0.05531193995491196,
    "mean_dist_m": 25.036802393694717,
    "episodes": 12
  },
  "rollout_sel": 0.11729550459961456
}
{
  "epoch": 77,
  "timestamp_utc": "2026-07-10T01:40:05.085149+00:00",
  "train_loss": 0.019385610655881465,
  "val_loss": 0.0022428899961232673,
  "val_rmse": {
    "vel_body_x_mps": 0.0006645732447456917,
    "vel_body_y_mps": 0.0006009678790777984,
    "roll_rad": 1.1366320138306619e-05,
    "pitch_rad": 6.156414414743705e-06,
    "roll_rate_radps": 0.0013325838654814923,
    "ang_vel_body_y_radps": 0.0005893526885186249,
    "yaw_rate_radps": 0.0012281161027374043,
    "tire_fl_force_wheel_fz_n": 36.88066719925095,
    "tire_fr_force_wheel_fz_n": 36.63989935430089,
    "tire_rl_force_wheel_fz_n": 23.782649771039228,
    "tire_rr_force_wheel_fz_n": 22.70203015075972,
    "tire_fl_spindle_omega_radps": 0.04528966820750904,
    "tire_fr_spindle_omega_radps": 0.04441548787016387,
    "tire_rl_spindle_omega_radps": 0.04324241263800036,
    "tire_rr_spindle_omega_radps": 0.04066826256456591
  },
  "val_flat_loss": 0.0022428899961232673,
  "val_flat_rmse": {
    "vel_body_x_mps": 0.0006645732447456917,
    "vel_body_y_mps": 0.0006009678790777984,
    "roll_rad": 1.1366320138306619e-05,
    "pitch_rad": 6.156414414743705e-06,
    "roll_rate_radps": 0.0013325838654814923,
    "ang_vel_body_y_radps": 0.0005893526885186249,
    "yaw_rate_radps": 0.0012281161027374043,
    "tire_fl_force_wheel_fz_n": 36.88066719925095,
    "tire_fr_force_wheel_fz_n": 36.63989935430089,
    "tire_rl_force_wheel_fz_n": 23.782649771039228,
    "tire_rr_force_wheel_fz_n": 22.70203015075972,
    "tire_fl_spindle_omega_radps": 0.04528966820750904,
    "tire_fr_spindle_omega_radps": 0.04441548787016387,
    "tire_rl_spindle_omega_radps": 0.04324241263800036,
    "tire_rr_spindle_omega_radps": 0.04066826256456591
  },
  "val_crm_loss": 0.08772801012673881,
  "val_crm_rmse": {
    "vel_body_x_mps": 0.002777477559695151,
    "vel_body_y_mps": 0.0022550888086505325,
    "roll_rad": 3.605751562073144e-05,
    "pitch_rad": 2.7364180487755723e-05,
    "roll_rate_radps": 0.003421040403299307,
    "ang_vel_body_y_radps": 0.0023973212140676694,
    "yaw_rate_radps": 0.0022742771376422248,
    "tire_fl_force_wheel_fz_n": 590.9770990376142,
    "tire_fr_force_wheel_fz_n": 594.9120682998363,
    "tire_rl_force_wheel_fz_n": 954.0374729984426,
    "tire_rr_force_wheel_fz_n": 1000.7107073907397,
    "tire_fl_spindle_omega_radps": 0.1253892282081139,
    "tire_fr_spindle_omega_radps": 0.12727057729911398,
    "tire_rl_spindle_omega_radps": 0.15100584667811975,
    "tire_rr_spindle_omega_radps": 0.1525204314738562
  },
  "val_mixed_loss": 0.04498545006143104,
  "rollout_flat_5.0s": {
    "xy_rmse_m": 1.5501995382771636,
    "yaw_rmse_rad": 0.07520188785472347,
    "errdist": 0.20418396077909226,
    "mean_dist_m": 7.592170963684718,
    "episodes": 12
  },
  "rollout_flat_10.0s": {
    "xy_rmse_m": 4.210516553345456,
    "yaw_rmse_rad": 0.12960586297680726,
    "errdist": 0.1195588329814656,
    "mean_dist_m": 35.2171098391215,
    "episodes": 12
  },
  "rollout_crm_5.0s": {
    "xy_rmse_m": 0.36037179494846805,
    "yaw_rmse_rad": 0.021009502817041132,
    "errdist": 0.05035585795708133,
    "mean_dist_m": 7.1565019357949495,
    "episodes": 12
  },
  "rollout_crm_10.0s": {
    "xy_rmse_m": 1.0472300107639883,
    "yaw_rmse_rad": 0.04939735098756315,
    "errdist": 0.04182762615994937,
    "mean_dist_m": 25.036802393694717,
    "episodes": 12
  },
  "rollout_sel": 0.08069322957070749
}
{
  "epoch": 78,
  "timestamp_utc": "2026-07-10T01:40:48.350370+00:00",
  "train_loss": 0.01922677733330056,
  "val_loss": 0.002218214246004209,
  "val_rmse": {
    "vel_body_x_mps": 0.0006316011560921114,
    "vel_body_y_mps": 0.0005946150062657841,
    "roll_rad": 1.1626355001076033e-05,
    "pitch_rad": 5.923935016730454e-06,
    "roll_rate_radps": 0.0013355035757726982,
    "ang_vel_body_y_radps": 0.0005743075759678987,
    "yaw_rate_radps": 0.0012249735804739025,
    "tire_fl_force_wheel_fz_n": 36.348309746001895,
    "tire_fr_force_wheel_fz_n": 36.59833599943411,
    "tire_rl_force_wheel_fz_n": 23.95620675106708,
    "tire_rr_force_wheel_fz_n": 21.86129732090083,
    "tire_fl_spindle_omega_radps": 0.04592827145375239,
    "tire_fr_spindle_omega_radps": 0.04440032009942405,
    "tire_rl_spindle_omega_radps": 0.04293550688649329,
    "tire_rr_spindle_omega_radps": 0.04062043804997455
  },
  "val_flat_loss": 0.002218214246004209,
  "val_flat_rmse": {
    "vel_body_x_mps": 0.0006316011560921114,
    "vel_body_y_mps": 0.0005946150062657841,
    "roll_rad": 1.1626355001076033e-05,
    "pitch_rad": 5.923935016730454e-06,
    "roll_rate_radps": 0.0013355035757726982,
    "ang_vel_body_y_radps": 0.0005743075759678987,
    "yaw_rate_radps": 0.0012249735804739025,
    "tire_fl_force_wheel_fz_n": 36.348309746001895,
    "tire_fr_force_wheel_fz_n": 36.59833599943411,
    "tire_rl_force_wheel_fz_n": 23.95620675106708,
    "tire_rr_force_wheel_fz_n": 21.86129732090083,
    "tire_fl_spindle_omega_radps": 0.04592827145375239,
    "tire_fr_spindle_omega_radps": 0.04440032009942405,
    "tire_rl_spindle_omega_radps": 0.04293550688649329,
    "tire_rr_spindle_omega_radps": 0.04062043804997455
  },
  "val_crm_loss": 0.08807853069971315,
  "val_crm_rmse": {
    "vel_body_x_mps": 0.0027760535086837923,
    "vel_body_y_mps": 0.0022624756525586025,
    "roll_rad": 3.691449667816317e-05,
    "pitch_rad": 2.7515431489654093e-05,
    "roll_rate_radps": 0.003467319637053957,
    "ang_vel_body_y_radps": 0.0023947953993233065,
    "yaw_rate_radps": 0.002271760347518401,
    "tire_fl_force_wheel_fz_n": 594.5933303104796,
    "tire_fr_force_wheel_fz_n": 598.9098567654082,
    "tire_rl_force_wheel_fz_n": 958.2363853213927,
    "tire_rr_force_wheel_fz_n": 1000.5024402086506,
    "tire_fl_spindle_omega_radps": 0.12812671779125215,
    "tire_fr_spindle_omega_radps": 0.12962988442415632,
    "tire_rl_spindle_omega_radps": 0.15361986030043795,
    "tire_rr_spindle_omega_radps": 0.15462348853643287
  },
  "val_mixed_loss": 0.04514837247285868,
  "rollout_flat_5.0s": {
    "xy_rmse_m": 1.4776844136075,
    "yaw_rmse_rad": 0.11142341069495121,
    "errdist": 0.19463265786237427,
    "mean_dist_m": 7.592170963684718,
    "episodes": 12
  },
  "rollout_flat_10.0s": {
    "xy_rmse_m": 7.699702690957237,
    "yaw_rmse_rad": 0.42365075602327784,
    "errdist": 0.2186352805818238,
    "mean_dist_m": 35.2171098391215,
    "episodes": 12
  },
  "rollout_crm_5.0s": {
    "xy_rmse_m": 0.4656557392261519,
    "yaw_rmse_rad": 0.028759319547395343,
    "errdist": 0.065067506919416,
    "mean_dist_m": 7.1565019357949495,
    "episodes": 12
  },
  "rollout_crm_10.0s": {
    "xy_rmse_m": 1.9890566626256094,
    "yaw_rmse_rad": 0.2062574177384068,
    "errdist": 0.07944531539405106,
    "mean_dist_m": 25.036802393694717,
    "episodes": 12
  },
  "rollout_sel": 0.14904029798793744
}
{
  "epoch": 79,
  "timestamp_utc": "2026-07-10T01:41:31.897925+00:00",
  "train_loss": 0.019264082798734306,
  "val_loss": 0.0021895395185129018,
  "val_rmse": {
    "vel_body_x_mps": 0.0006284848605432613,
    "vel_body_y_mps": 0.0006063197394201496,
    "roll_rad": 1.268905963129882e-05,
    "pitch_rad": 5.832157888263459e-06,
    "roll_rate_radps": 0.0013438413749387425,
    "ang_vel_body_y_radps": 0.0005646389397569677,
    "yaw_rate_radps": 0.0012203662684256377,
    "tire_fl_force_wheel_fz_n": 36.55930934345464,
    "tire_fr_force_wheel_fz_n": 37.17482292617974,
    "tire_rl_force_wheel_fz_n": 23.459894401641094,
    "tire_rr_force_wheel_fz_n": 21.90232616115658,
    "tire_fl_spindle_omega_radps": 0.045048835056726584,
    "tire_fr_spindle_omega_radps": 0.04354464445618926,
    "tire_rl_spindle_omega_radps": 0.04225883709161537,
    "tire_rr_spindle_omega_radps": 0.040146823538451185
  },
  "val_flat_loss": 0.0021895395185129018,
  "val_flat_rmse": {
    "vel_body_x_mps": 0.0006284848605432613,
    "vel_body_y_mps": 0.0006063197394201496,
    "roll_rad": 1.268905963129882e-05,
    "pitch_rad": 5.832157888263459e-06,
    "roll_rate_radps": 0.0013438413749387425,
    "ang_vel_body_y_radps": 0.0005646389397569677,
    "yaw_rate_radps": 0.0012203662684256377,
    "tire_fl_force_wheel_fz_n": 36.55930934345464,
    "tire_fr_force_wheel_fz_n": 37.17482292617974,
    "tire_rl_force_wheel_fz_n": 23.459894401641094,
    "tire_rr_force_wheel_fz_n": 21.90232616115658,
    "tire_fl_spindle_omega_radps": 0.045048835056726584,
    "tire_fr_spindle_omega_radps": 0.04354464445618926,
    "tire_rl_spindle_omega_radps": 0.04225883709161537,
    "tire_rr_spindle_omega_radps": 0.040146823538451185
  },
  "val_crm_loss": 0.08796576292254031,
  "val_crm_rmse": {
    "vel_body_x_mps": 0.002758692883944777,
    "vel_body_y_mps": 0.0022654236296576133,
    "roll_rad": 3.671396807091235e-05,
    "pitch_rad": 2.5244959112269536e-05,
    "roll_rate_radps": 0.0034252902610480297,
    "ang_vel_body_y_radps": 0.0023975320250130584,
    "yaw_rate_radps": 0.002281411819512555,
    "tire_fl_force_wheel_fz_n": 592.3146204135637,
    "tire_fr_force_wheel_fz_n": 596.8864553199659,
    "tire_rl_force_wheel_fz_n": 959.6934692020685,
    "tire_rr_force_wheel_fz_n": 1003.6724850051296,
    "tire_fl_spindle_omega_radps": 0.12545621512117772,
    "tire_fr_spindle_omega_radps": 0.12653439606207645,
    "tire_rl_spindle_omega_radps": 0.15198203132290022,
    "tire_rr_spindle_omega_radps": 0.15264559551065265
  },
  "val_mixed_loss": 0.04507765122052661,
  "rollout_flat_5.0s": {
    "xy_rmse_m": 1.3843843616774705,
    "yaw_rmse_rad": 0.08854880732313035,
    "errdist": 0.18234367591290193,
    "mean_dist_m": 7.592170963684718,
    "episodes": 12
  },
  "rollout_flat_10.0s": {
    "xy_rmse_m": 5.022511535195826,
    "yaw_rmse_rad": 0.25955915065865254,
    "errdist": 0.14261566488958408,
    "mean_dist_m": 35.2171098391215,
    "episodes": 12
  },
  "rollout_crm_5.0s": {
    "xy_rmse_m": 0.4278865139294605,
    "yaw_rmse_rad": 0.030909521196332845,
    "errdist": 0.059789897043034966,
    "mean_dist_m": 7.1565019357949495,
    "episodes": 12
  },
  "rollout_crm_10.0s": {
    "xy_rmse_m": 1.06565704133459,
    "yaw_rmse_rad": 0.05749605538479489,
    "errdist": 0.0425636239235952,
    "mean_dist_m": 25.036802393694717,
    "episodes": 12
  },
  "rollout_sel": 0.09258964440658964
}
{
  "epoch": 80,
  "timestamp_utc": "2026-07-10T01:42:15.130296+00:00",
  "train_loss": 0.019062507970258595,
  "val_loss": 0.0021836580785384286,
  "val_rmse": {
    "vel_body_x_mps": 0.0006297113420561345,
    "vel_body_y_mps": 0.000587501712638011,
    "roll_rad": 1.1862395256225579e-05,
    "pitch_rad": 6.322386134062084e-06,
    "roll_rate_radps": 0.0013265415329764179,
    "ang_vel_body_y_radps": 0.0005664067118125251,
    "yaw_rate_radps": 0.0012236949083935667,
    "tire_fl_force_wheel_fz_n": 36.487740354409546,
    "tire_fr_force_wheel_fz_n": 36.447731837461504,
    "tire_rl_force_wheel_fz_n": 23.519510160676514,
    "tire_rr_force_wheel_fz_n": 22.03727121326349,
    "tire_fl_spindle_omega_radps": 0.04533529862356939,
    "tire_fr_spindle_omega_radps": 0.04360574479518656,
    "tire_rl_spindle_omega_radps": 0.042157871595503556,
    "tire_rr_spindle_omega_radps": 0.03996107208153093
  },
  "val_flat_loss": 0.0021836580785384286,
  "val_flat_rmse": {
    "vel_body_x_mps": 0.0006297113420561345,
    "vel_body_y_mps": 0.000587501712638011,
    "roll_rad": 1.1862395256225579e-05,
    "pitch_rad": 6.322386134062084e-06,
    "roll_rate_radps": 0.0013265415329764179,
    "ang_vel_body_y_radps": 0.0005664067118125251,
    "yaw_rate_radps": 0.0012236949083935667,
    "tire_fl_force_wheel_fz_n": 36.487740354409546,
    "tire_fr_force_wheel_fz_n": 36.447731837461504,
    "tire_rl_force_wheel_fz_n": 23.519510160676514,
    "tire_rr_force_wheel_fz_n": 22.03727121326349,
    "tire_fl_spindle_omega_radps": 0.04533529862356939,
    "tire_fr_spindle_omega_radps": 0.04360574479518656,
    "tire_rl_spindle_omega_radps": 0.042157871595503556,
    "tire_rr_spindle_omega_radps": 0.03996107208153093
  },
  "val_crm_loss": 0.08780468245706288,
  "val_crm_rmse": {
    "vel_body_x_mps": 0.002764510568136193,
    "vel_body_y_mps": 0.002255931404931474,
    "roll_rad": 3.596114527707958e-05,
    "pitch_rad": 2.5074071952550032e-05,
    "roll_rate_radps": 0.0034283769561563784,
    "ang_vel_body_y_radps": 0.002373065411227288,
    "yaw_rate_radps": 0.0022757830704576228,
    "tire_fl_force_wheel_fz_n": 593.5115914759447,
    "tire_fr_force_wheel_fz_n": 597.0039615580175,
    "tire_rl_force_wheel_fz_n": 958.1513018510018,
    "tire_rr_force_wheel_fz_n": 995.8753362205324,
    "tire_fl_spindle_omega_radps": 0.12530102607854032,
    "tire_fr_spindle_omega_radps": 0.1265076942908394,
    "tire_rl_spindle_omega_radps": 0.15102614508515447,
    "tire_rr_spindle_omega_radps": 0.15206974150609098
  },
  "val_mixed_loss": 0.04499417026780066,
  "rollout_flat_5.0s": {
    "xy_rmse_m": 1.5484026982784453,
    "yaw_rmse_rad": 0.09879884312437193,
    "errdist": 0.20394729066097808,
    "mean_dist_m": 7.592170963684718,
    "episodes": 12
  },
  "rollout_flat_10.0s": {
    "xy_rmse_m": 7.042970327232213,
    "yaw_rmse_rad": 0.39715472098370935,
    "errdist": 0.1999871755350127,
    "mean_dist_m": 35.2171098391215,
    "episodes": 12
  },
  "rollout_crm_5.0s": {
    "xy_rmse_m": 0.6889571621883632,
    "yaw_rmse_rad": 0.019102614325319418,
    "errdist": 0.09627010072370411,
    "mean_dist_m": 7.1565019357949495,
    "episodes": 12
  },
  "rollout_crm_10.0s": {
    "xy_rmse_m": 1.4661642780487583,
    "yaw_rmse_rad": 0.045160407269729426,
    "errdist": 0.058560364658148116,
    "mean_dist_m": 25.036802393694717,
    "episodes": 12
  },
  "rollout_sel": 0.1292737700965804
}
training completed; last checkpoint: /home/harry/NeDM/artifacts/training_runs/ablation_ofat/L6_H6_E192_ctx128/checkpoints/last.pt
