loss: type=huber huber_delta=1.0 channel_weights={'vel_body_x_mps': 1.62196, 'vel_body_y_mps': 2.35058, 'roll_rad': 0.16566, 'pitch_rad': 0.01578, 'roll_rate_radps': 0.02387, 'ang_vel_body_y_radps': 0.01794, 'yaw_rate_radps': 2.14412, 'tire_fl_force_wheel_fz_n': 0.00463, 'tire_fr_force_wheel_fz_n': 0.00536, 'tire_rl_force_wheel_fz_n': 0.00382, 'tire_rr_force_wheel_fz_n': 0.00356, 'tire_fl_spindle_omega_radps': 1.73764, 'tire_fr_spindle_omega_radps': 1.69314, 'tire_rl_spindle_omega_radps': 2.63328, 'tire_rr_spindle_omega_radps': 2.57865}
{
  "epoch": 1,
  "timestamp_utc": "2026-07-15T15:02:17.308041+00:00",
  "train_loss": 0.13107436779048293,
  "val_loss": 0.012767837507271906,
  "val_rmse": {
    "vel_body_x_mps": 0.001804051144264433,
    "vel_body_y_mps": 0.0021356932766883325,
    "roll_rad": 5.5903616114978836e-05,
    "pitch_rad": 2.3473028714789224e-05,
    "roll_rate_radps": 0.002144602964172408,
    "ang_vel_body_y_radps": 0.0013148520847438133,
    "yaw_rate_radps": 0.0019656368646205204,
    "tire_fl_force_wheel_fz_n": 70.82436352843393,
    "tire_fr_force_wheel_fz_n": 72.23646926514175,
    "tire_rl_force_wheel_fz_n": 50.39517166969119,
    "tire_rr_force_wheel_fz_n": 45.92109399921209,
    "tire_fl_spindle_omega_radps": 0.10710412053841027,
    "tire_fr_spindle_omega_radps": 0.11152344345536733,
    "tire_rl_spindle_omega_radps": 0.09858613040309418,
    "tire_rr_spindle_omega_radps": 0.0902970996960248
  },
  "val_flat_loss": 0.012767837507271906,
  "val_flat_rmse": {
    "vel_body_x_mps": 0.001804051144264433,
    "vel_body_y_mps": 0.0021356932766883325,
    "roll_rad": 5.5903616114978836e-05,
    "pitch_rad": 2.3473028714789224e-05,
    "roll_rate_radps": 0.002144602964172408,
    "ang_vel_body_y_radps": 0.0013148520847438133,
    "yaw_rate_radps": 0.0019656368646205204,
    "tire_fl_force_wheel_fz_n": 70.82436352843393,
    "tire_fr_force_wheel_fz_n": 72.23646926514175,
    "tire_rl_force_wheel_fz_n": 50.39517166969119,
    "tire_rr_force_wheel_fz_n": 45.92109399921209,
    "tire_fl_spindle_omega_radps": 0.10710412053841027,
    "tire_fr_spindle_omega_radps": 0.11152344345536733,
    "tire_rl_spindle_omega_radps": 0.09858613040309418,
    "tire_rr_spindle_omega_radps": 0.0902970996960248
  },
  "val_crm_loss": 0.1841389332409017,
  "val_crm_rmse": {
    "vel_body_x_mps": 0.005602637597313591,
    "vel_body_y_mps": 0.004463251620038748,
    "roll_rad": 0.00013203418671107903,
    "pitch_rad": 8.698579330491448e-05,
    "roll_rate_radps": 0.00823945392472767,
    "ang_vel_body_y_radps": 0.005275960896829256,
    "yaw_rate_radps": 0.0036821901034820932,
    "tire_fl_force_wheel_fz_n": 1226.9305666891155,
    "tire_fr_force_wheel_fz_n": 1288.4078405587577,
    "tire_rl_force_wheel_fz_n": 1099.8568587941004,
    "tire_rr_force_wheel_fz_n": 1179.2971118787802,
    "tire_fl_spindle_omega_radps": 0.23055521807895746,
    "tire_fr_spindle_omega_radps": 0.23148583448073073,
    "tire_rl_spindle_omega_radps": 0.22011503993771758,
    "tire_rr_spindle_omega_radps": 0.21704370247596638
  },
  "val_mixed_loss": 0.0984533853740868,
  "rollout_flat_5.0s": {
    "xy_rmse_m": 2.439704748748854,
    "yaw_rmse_rad": 0.2346276622313618,
    "errdist": 0.32134481170386986,
    "mean_dist_m": 7.592170963684718,
    "episodes": 12
  },
  "rollout_flat_10.0s": {
    "xy_rmse_m": 9.00620103394334,
    "yaw_rmse_rad": 0.4991787294555294,
    "errdist": 0.25573367817760717,
    "mean_dist_m": 35.2171098391215,
    "episodes": 12
  },
  "rollout_crm_5.0s": {
    "xy_rmse_m": 1.3462525180048108,
    "yaw_rmse_rad": 0.22541704592669928,
    "errdist": 0.18811599997915296,
    "mean_dist_m": 7.1565019357949495,
    "episodes": 12
  },
  "rollout_crm_10.0s": {
    "xy_rmse_m": 7.085894673244339,
    "yaw_rmse_rad": 0.5842432052310778,
    "errdist": 0.2830191556342217,
    "mean_dist_m": 25.036802393694717,
    "episodes": 12
  },
  "rollout_sel": 0.2693764169059144
}
{
  "epoch": 2,
  "timestamp_utc": "2026-07-15T15:03:23.940489+00:00",
  "train_loss": 0.05451636856701225,
  "val_loss": 0.008149987929937198,
  "val_rmse": {
    "vel_body_x_mps": 0.0014650750683101454,
    "vel_body_y_mps": 0.001762406665197924,
    "roll_rad": 3.792406200455456e-05,
    "pitch_rad": 1.9468621711615638e-05,
    "roll_rate_radps": 0.001983849195283166,
    "ang_vel_body_y_radps": 0.0011381657428943689,
    "yaw_rate_radps": 0.0017806627083711817,
    "tire_fl_force_wheel_fz_n": 59.28413014607937,
    "tire_fr_force_wheel_fz_n": 61.26112656998696,
    "tire_rl_force_wheel_fz_n": 33.675817705830944,
    "tire_rr_force_wheel_fz_n": 30.640201442967655,
    "tire_fl_spindle_omega_radps": 0.08522474396519703,
    "tire_fr_spindle_omega_radps": 0.09080933954522902,
    "tire_rl_spindle_omega_radps": 0.0824127253545717,
    "tire_rr_spindle_omega_radps": 0.07117371526287895
  },
  "val_flat_loss": 0.008149987929937198,
  "val_flat_rmse": {
    "vel_body_x_mps": 0.0014650750683101454,
    "vel_body_y_mps": 0.001762406665197924,
    "roll_rad": 3.792406200455456e-05,
    "pitch_rad": 1.9468621711615638e-05,
    "roll_rate_radps": 0.001983849195283166,
    "ang_vel_body_y_radps": 0.0011381657428943689,
    "yaw_rate_radps": 0.0017806627083711817,
    "tire_fl_force_wheel_fz_n": 59.28413014607937,
    "tire_fr_force_wheel_fz_n": 61.26112656998696,
    "tire_rl_force_wheel_fz_n": 33.675817705830944,
    "tire_rr_force_wheel_fz_n": 30.640201442967655,
    "tire_fl_spindle_omega_radps": 0.08522474396519703,
    "tire_fr_spindle_omega_radps": 0.09080933954522902,
    "tire_rl_spindle_omega_radps": 0.0824127253545717,
    "tire_rr_spindle_omega_radps": 0.07117371526287895
  },
  "val_crm_loss": 0.13905546872643754,
  "val_crm_rmse": {
    "vel_body_x_mps": 0.004384756648539164,
    "vel_body_y_mps": 0.003708785952254184,
    "roll_rad": 8.89068325164941e-05,
    "pitch_rad": 7.11629840010409e-05,
    "roll_rate_radps": 0.006246237851562026,
    "ang_vel_body_y_radps": 0.0040643165577523505,
    "yaw_rate_radps": 0.0030107511481338644,
    "tire_fl_force_wheel_fz_n": 983.394713169462,
    "tire_fr_force_wheel_fz_n": 1074.2746660344812,
    "tire_rl_force_wheel_fz_n": 1024.8159058955723,
    "tire_rr_force_wheel_fz_n": 1077.612963880681,
    "tire_fl_spindle_omega_radps": 0.18416497452874667,
    "tire_fr_spindle_omega_radps": 0.1855907522518523,
    "tire_rl_spindle_omega_radps": 0.1838471858255886,
    "tire_rr_spindle_omega_radps": 0.18595489839402332
  },
  "val_mixed_loss": 0.07360272832818737,
  "rollout_flat_5.0s": {
    "xy_rmse_m": 3.7285508158698115,
    "yaw_rmse_rad": 0.15039884160868172,
    "errdist": 0.4911046963647706,
    "mean_dist_m": 7.592170963684718,
    "episodes": 12
  },
  "rollout_flat_10.0s": {
    "xy_rmse_m": 12.104822739767728,
    "yaw_rmse_rad": 0.2983850449004709,
    "errdist": 0.3437199359931828,
    "mean_dist_m": 35.2171098391215,
    "episodes": 12
  },
  "rollout_crm_5.0s": {
    "xy_rmse_m": 2.5605477773207475,
    "yaw_rmse_rad": 0.1329519565540047,
    "errdist": 0.3577932068338524,
    "mean_dist_m": 7.1565019357949495,
    "episodes": 12
  },
  "rollout_crm_10.0s": {
    "xy_rmse_m": 6.268291607391361,
    "yaw_rmse_rad": 0.22742648039548766,
    "errdist": 0.25036310583215576,
    "mean_dist_m": 25.036802393694717,
    "episodes": 12
  },
  "rollout_sel": 0.2970415209126693
}
{
  "epoch": 3,
  "timestamp_utc": "2026-07-15T15:04:29.311562+00:00",
  "train_loss": 0.04536520672496408,
  "val_loss": 0.006643681430505239,
  "val_rmse": {
    "vel_body_x_mps": 0.0012688569893918504,
    "vel_body_y_mps": 0.0012755336932362227,
    "roll_rad": 3.4003058687497624e-05,
    "pitch_rad": 2.236283407441751e-05,
    "roll_rate_radps": 0.0019647758499585777,
    "ang_vel_body_y_radps": 0.0010450088031795275,
    "yaw_rate_radps": 0.0016761518486571743,
    "tire_fl_force_wheel_fz_n": 56.28042035954436,
    "tire_fr_force_wheel_fz_n": 59.940644096831676,
    "tire_rl_force_wheel_fz_n": 31.988685631552535,
    "tire_rr_force_wheel_fz_n": 27.739407474897703,
    "tire_fl_spindle_omega_radps": 0.0802766546226908,
    "tire_fr_spindle_omega_radps": 0.08481508852953697,
    "tire_rl_spindle_omega_radps": 0.08173742947729604,
    "tire_rr_spindle_omega_radps": 0.06658042585176462
  },
  "val_flat_loss": 0.006643681430505239,
  "val_flat_rmse": {
    "vel_body_x_mps": 0.0012688569893918504,
    "vel_body_y_mps": 0.0012755336932362227,
    "roll_rad": 3.4003058687497624e-05,
    "pitch_rad": 2.236283407441751e-05,
    "roll_rate_radps": 0.0019647758499585777,
    "ang_vel_body_y_radps": 0.0010450088031795275,
    "yaw_rate_radps": 0.0016761518486571743,
    "tire_fl_force_wheel_fz_n": 56.28042035954436,
    "tire_fr_force_wheel_fz_n": 59.940644096831676,
    "tire_rl_force_wheel_fz_n": 31.988685631552535,
    "tire_rr_force_wheel_fz_n": 27.739407474897703,
    "tire_fl_spindle_omega_radps": 0.0802766546226908,
    "tire_fr_spindle_omega_radps": 0.08481508852953697,
    "tire_rl_spindle_omega_radps": 0.08173742947729604,
    "tire_rr_spindle_omega_radps": 0.06658042585176462
  },
  "val_crm_loss": 0.12694593867810908,
  "val_crm_rmse": {
    "vel_body_x_mps": 0.00413939192086139,
    "vel_body_y_mps": 0.0034233714597058013,
    "roll_rad": 8.700060823554572e-05,
    "pitch_rad": 8.593344356204523e-05,
    "roll_rate_radps": 0.005671289838886304,
    "ang_vel_body_y_radps": 0.003706810860220037,
    "yaw_rate_radps": 0.0028784699925829263,
    "tire_fl_force_wheel_fz_n": 873.4765889215595,
    "tire_fr_force_wheel_fz_n": 911.9379678938568,
    "tire_rl_force_wheel_fz_n": 982.1104287056336,
    "tire_rr_force_wheel_fz_n": 1052.6789929686774,
    "tire_fl_spindle_omega_radps": 0.17587174081365936,
    "tire_fr_spindle_omega_radps": 0.17438026915013435,
    "tire_rl_spindle_omega_radps": 0.17595514516182686,
    "tire_rr_spindle_omega_radps": 0.17386501495953635
  },
  "val_mixed_loss": 0.06679481005430715,
  "rollout_flat_5.0s": {
    "xy_rmse_m": 1.1912094291831328,
    "yaw_rmse_rad": 0.06967399432083064,
    "errdist": 0.15689971088388158,
    "mean_dist_m": 7.592170963684718,
    "episodes": 12
  },
  "rollout_flat_10.0s": {
    "xy_rmse_m": 4.769442939992579,
    "yaw_rmse_rad": 0.21673491509585027,
    "errdist": 0.13542970907551208,
    "mean_dist_m": 35.2171098391215,
    "episodes": 12
  },
  "rollout_crm_5.0s": {
    "xy_rmse_m": 1.7097031020290059,
    "yaw_rmse_rad": 0.1541496719812432,
    "errdist": 0.2389020665917127,
    "mean_dist_m": 7.1565019357949495,
    "episodes": 12
  },
  "rollout_crm_10.0s": {
    "xy_rmse_m": 5.239399317316712,
    "yaw_rmse_rad": 0.29260869289648755,
    "errdist": 0.20926791029177932,
    "mean_dist_m": 25.036802393694717,
    "episodes": 12
  },
  "rollout_sel": 0.1723488096836457
}
{
  "epoch": 4,
  "timestamp_utc": "2026-07-15T15:05:34.179348+00:00",
  "train_loss": 0.040621336161158976,
  "val_loss": 0.006557775058754487,
  "val_rmse": {
    "vel_body_x_mps": 0.0013967045335491189,
    "vel_body_y_mps": 0.0012772480457331032,
    "roll_rad": 2.675954271450299e-05,
    "pitch_rad": 1.5021791695947361e-05,
    "roll_rate_radps": 0.001855823381613222,
    "ang_vel_body_y_radps": 0.0010505007243909866,
    "yaw_rate_radps": 0.0016158741820749513,
    "tire_fl_force_wheel_fz_n": 58.72526437919935,
    "tire_fr_force_wheel_fz_n": 55.45470579798978,
    "tire_rl_force_wheel_fz_n": 34.440387988834736,
    "tire_rr_force_wheel_fz_n": 28.508090744019718,
    "tire_fl_spindle_omega_radps": 0.07604284292712396,
    "tire_fr_spindle_omega_radps": 0.08169048067896555,
    "tire_rl_spindle_omega_radps": 0.08243420001325524,
    "tire_rr_spindle_omega_radps": 0.06763335072255769
  },
  "val_flat_loss": 0.006557775058754487,
  "val_flat_rmse": {
    "vel_body_x_mps": 0.0013967045335491189,
    "vel_body_y_mps": 0.0012772480457331032,
    "roll_rad": 2.675954271450299e-05,
    "pitch_rad": 1.5021791695947361e-05,
    "roll_rate_radps": 0.001855823381613222,
    "ang_vel_body_y_radps": 0.0010505007243909866,
    "yaw_rate_radps": 0.0016158741820749513,
    "tire_fl_force_wheel_fz_n": 58.72526437919935,
    "tire_fr_force_wheel_fz_n": 55.45470579798978,
    "tire_rl_force_wheel_fz_n": 34.440387988834736,
    "tire_rr_force_wheel_fz_n": 28.508090744019718,
    "tire_fl_spindle_omega_radps": 0.07604284292712396,
    "tire_fr_spindle_omega_radps": 0.08169048067896555,
    "tire_rl_spindle_omega_radps": 0.08243420001325524,
    "tire_rr_spindle_omega_radps": 0.06763335072255769
  },
  "val_crm_loss": 0.11463777320284863,
  "val_crm_rmse": {
    "vel_body_x_mps": 0.0038171253836210514,
    "vel_body_y_mps": 0.003039028121331307,
    "roll_rad": 0.00010265159894167668,
    "pitch_rad": 5.1257742413961214e-05,
    "roll_rate_radps": 0.005034447799811171,
    "ang_vel_body_y_radps": 0.0033649845026658956,
    "yaw_rate_radps": 0.0026990016325093374,
    "tire_fl_force_wheel_fz_n": 799.7637669339557,
    "tire_fr_force_wheel_fz_n": 830.1812775142283,
    "tire_rl_force_wheel_fz_n": 969.165971576296,
    "tire_rr_force_wheel_fz_n": 1036.1445153140055,
    "tire_fl_spindle_omega_radps": 0.1600077703011486,
    "tire_fr_spindle_omega_radps": 0.15879006206097332,
    "tire_rl_spindle_omega_radps": 0.1719833358546251,
    "tire_rr_spindle_omega_radps": 0.17056681218382383
  },
  "val_mixed_loss": 0.06059777413080156,
  "rollout_flat_5.0s": {
    "xy_rmse_m": 2.7946820429798747,
    "yaw_rmse_rad": 0.14570953798200617,
    "errdist": 0.3681005151685267,
    "mean_dist_m": 7.592170963684718,
    "episodes": 12
  },
  "rollout_flat_10.0s": {
    "xy_rmse_m": 11.759121251047734,
    "yaw_rmse_rad": 0.5294154720155814,
    "errdist": 0.3339036424273784,
    "mean_dist_m": 35.2171098391215,
    "episodes": 12
  },
  "rollout_crm_5.0s": {
    "xy_rmse_m": 2.2809817887888846,
    "yaw_rmse_rad": 0.11429006888641884,
    "errdist": 0.3187285924398358,
    "mean_dist_m": 7.1565019357949495,
    "episodes": 12
  },
  "rollout_crm_10.0s": {
    "xy_rmse_m": 6.633953676338224,
    "yaw_rmse_rad": 0.2501538654732378,
    "errdist": 0.2649680886569174,
    "mean_dist_m": 25.036802393694717,
    "episodes": 12
  },
  "rollout_sel": 0.2994358655421479
}
{
  "epoch": 5,
  "timestamp_utc": "2026-07-15T15:06:41.062489+00:00",
  "train_loss": 0.037531478332355615,
  "val_loss": 0.005792345326844952,
  "val_rmse": {
    "vel_body_x_mps": 0.0011807258461887795,
    "vel_body_y_mps": 0.0012816660322357357,
    "roll_rad": 2.7937495565545485e-05,
    "pitch_rad": 1.5045452841514408e-05,
    "roll_rate_radps": 0.0018587410941558254,
    "ang_vel_body_y_radps": 0.0009880889940743446,
    "yaw_rate_radps": 0.001579061884771293,
    "tire_fl_force_wheel_fz_n": 51.66205600101932,
    "tire_fr_force_wheel_fz_n": 52.95898859818695,
    "tire_rl_force_wheel_fz_n": 28.405150269559265,
    "tire_rr_force_wheel_fz_n": 25.315848337885164,
    "tire_fl_spindle_omega_radps": 0.07310473019496709,
    "tire_fr_spindle_omega_radps": 0.07970435099780647,
    "tire_rl_spindle_omega_radps": 0.08004301105273239,
    "tire_rr_spindle_omega_radps": 0.06771526449380878
  },
  "val_flat_loss": 0.005792345326844952,
  "val_flat_rmse": {
    "vel_body_x_mps": 0.0011807258461887795,
    "vel_body_y_mps": 0.0012816660322357357,
    "roll_rad": 2.7937495565545485e-05,
    "pitch_rad": 1.5045452841514408e-05,
    "roll_rate_radps": 0.0018587410941558254,
    "ang_vel_body_y_radps": 0.0009880889940743446,
    "yaw_rate_radps": 0.001579061884771293,
    "tire_fl_force_wheel_fz_n": 51.66205600101932,
    "tire_fr_force_wheel_fz_n": 52.95898859818695,
    "tire_rl_force_wheel_fz_n": 28.405150269559265,
    "tire_rr_force_wheel_fz_n": 25.315848337885164,
    "tire_fl_spindle_omega_radps": 0.07310473019496709,
    "tire_fr_spindle_omega_radps": 0.07970435099780647,
    "tire_rl_spindle_omega_radps": 0.08004301105273239,
    "tire_rr_spindle_omega_radps": 0.06771526449380878
  },
  "val_crm_loss": 0.11109307111473754,
  "val_crm_rmse": {
    "vel_body_x_mps": 0.0035809933785021395,
    "vel_body_y_mps": 0.003265792388566055,
    "roll_rad": 8.749778981678255e-05,
    "pitch_rad": 4.574265433120068e-05,
    "roll_rate_radps": 0.004897782040453275,
    "ang_vel_body_y_radps": 0.0033429765394238707,
    "yaw_rate_radps": 0.0026154849884545634,
    "tire_fl_force_wheel_fz_n": 785.0248836217062,
    "tire_fr_force_wheel_fz_n": 791.0767686793057,
    "tire_rl_force_wheel_fz_n": 962.7796271304667,
    "tire_rr_force_wheel_fz_n": 1021.0269712175453,
    "tire_fl_spindle_omega_radps": 0.1574165955435293,
    "tire_fr_spindle_omega_radps": 0.15426162156713175,
    "tire_rl_spindle_omega_radps": 0.16759483546992415,
    "tire_rr_spindle_omega_radps": 0.17151934698679508
  },
  "val_mixed_loss": 0.05844270822079125,
  "rollout_flat_5.0s": {
    "xy_rmse_m": 2.799761482252239,
    "yaw_rmse_rad": 0.13480700151610508,
    "errdist": 0.36876955163999986,
    "mean_dist_m": 7.592170963684718,
    "episodes": 12
  },
  "rollout_flat_10.0s": {
    "xy_rmse_m": 8.514043220829093,
    "yaw_rmse_rad": 0.2384707087892616,
    "errdist": 0.24175871500310142,
    "mean_dist_m": 35.2171098391215,
    "episodes": 12
  },
  "rollout_crm_5.0s": {
    "xy_rmse_m": 1.2635728574437337,
    "yaw_rmse_rad": 0.12243336474121118,
    "errdist": 0.17656291702006996,
    "mean_dist_m": 7.1565019357949495,
    "episodes": 12
  },
  "rollout_crm_10.0s": {
    "xy_rmse_m": 6.083219393285841,
    "yaw_rmse_rad": 0.2860487649531875,
    "errdist": 0.24297109900974584,
    "mean_dist_m": 25.036802393694717,
    "episodes": 12
  },
  "rollout_sel": 0.24236490700642363
}
{
  "epoch": 6,
  "timestamp_utc": "2026-07-15T15:07:45.447282+00:00",
  "train_loss": 0.03578960303403437,
  "val_loss": 0.004986875693502952,
  "val_rmse": {
    "vel_body_x_mps": 0.0010630295225425102,
    "vel_body_y_mps": 0.00114748134094596,
    "roll_rad": 3.1189035437706435e-05,
    "pitch_rad": 1.6509808769063162e-05,
    "roll_rate_radps": 0.0017816896188686253,
    "ang_vel_body_y_radps": 0.0009918696110593542,
    "yaw_rate_radps": 0.0015319758165638145,
    "tire_fl_force_wheel_fz_n": 48.155854557104476,
    "tire_fr_force_wheel_fz_n": 52.914463601016394,
    "tire_rl_force_wheel_fz_n": 27.151329836759853,
    "tire_rr_force_wheel_fz_n": 25.110246078678525,
    "tire_fl_spindle_omega_radps": 0.07069206229095833,
    "tire_fr_spindle_omega_radps": 0.07699081587108696,
    "tire_rl_spindle_omega_radps": 0.07785031789064227,
    "tire_rr_spindle_omega_radps": 0.061645246885017164
  },
  "val_flat_loss": 0.004986875693502952,
  "val_flat_rmse": {
    "vel_body_x_mps": 0.0010630295225425102,
    "vel_body_y_mps": 0.00114748134094596,
    "roll_rad": 3.1189035437706435e-05,
    "pitch_rad": 1.6509808769063162e-05,
    "roll_rate_radps": 0.0017816896188686253,
    "ang_vel_body_y_radps": 0.0009918696110593542,
    "yaw_rate_radps": 0.0015319758165638145,
    "tire_fl_force_wheel_fz_n": 48.155854557104476,
    "tire_fr_force_wheel_fz_n": 52.914463601016394,
    "tire_rl_force_wheel_fz_n": 27.151329836759853,
    "tire_rr_force_wheel_fz_n": 25.110246078678525,
    "tire_fl_spindle_omega_radps": 0.07069206229095833,
    "tire_fr_spindle_omega_radps": 0.07699081587108696,
    "tire_rl_spindle_omega_radps": 0.07785031789064227,
    "tire_rr_spindle_omega_radps": 0.061645246885017164
  },
  "val_crm_loss": 0.10541260723082814,
  "val_crm_rmse": {
    "vel_body_x_mps": 0.003553236287142101,
    "vel_body_y_mps": 0.002929217423201927,
    "roll_rad": 8.009857600994729e-05,
    "pitch_rad": 5.32458392236681e-05,
    "roll_rate_radps": 0.004747598629253282,
    "ang_vel_body_y_radps": 0.0031115931239298995,
    "yaw_rate_radps": 0.0025313015624912525,
    "tire_fl_force_wheel_fz_n": 744.2742165764237,
    "tire_fr_force_wheel_fz_n": 749.4306412601304,
    "tire_rl_force_wheel_fz_n": 951.6964065065449,
    "tire_rr_force_wheel_fz_n": 1005.2335768717809,
    "tire_fl_spindle_omega_radps": 0.15014834036348712,
    "tire_fr_spindle_omega_radps": 0.1495898923893064,
    "tire_rl_spindle_omega_radps": 0.16583110905570175,
    "tire_rr_spindle_omega_radps": 0.16636313343599346
  },
  "val_mixed_loss": 0.055199741462165546,
  "rollout_flat_5.0s": {
    "xy_rmse_m": 0.9789464291107689,
    "yaw_rmse_rad": 0.0422916261269249,
    "errdist": 0.1289415680697021,
    "mean_dist_m": 7.592170963684718,
    "episodes": 12
  },
  "rollout_flat_10.0s": {
    "xy_rmse_m": 3.3490022424140014,
    "yaw_rmse_rad": 0.09831194878803796,
    "errdist": 0.09509588542935195,
    "mean_dist_m": 35.2171098391215,
    "episodes": 12
  },
  "rollout_crm_5.0s": {
    "xy_rmse_m": 1.0365775777697517,
    "yaw_rmse_rad": 0.05607188947750028,
    "errdist": 0.14484416927005384,
    "mean_dist_m": 7.1565019357949495,
    "episodes": 12
  },
  "rollout_crm_10.0s": {
    "xy_rmse_m": 3.451797751149935,
    "yaw_rmse_rad": 0.1853467909048336,
    "errdist": 0.13786895374543667,
    "mean_dist_m": 25.036802393694717,
    "episodes": 12
  },
  "rollout_sel": 0.1164824195873943
}
{
  "epoch": 7,
  "timestamp_utc": "2026-07-15T15:08:50.420345+00:00",
  "train_loss": 0.03423536004964262,
  "val_loss": 0.005726461005069723,
  "val_rmse": {
    "vel_body_x_mps": 0.0010685702781632448,
    "vel_body_y_mps": 0.0008489199355201798,
    "roll_rad": 2.4344882249312905e-05,
    "pitch_rad": 1.65478695480771e-05,
    "roll_rate_radps": 0.0017257696476322445,
    "ang_vel_body_y_radps": 0.0009820421956153035,
    "yaw_rate_radps": 0.0014754505173247712,
    "tire_fl_force_wheel_fz_n": 47.8293511632241,
    "tire_fr_force_wheel_fz_n": 49.37437837194909,
    "tire_rl_force_wheel_fz_n": 26.635824534595727,
    "tire_rr_force_wheel_fz_n": 27.1517375318048,
    "tire_fl_spindle_omega_radps": 0.07958479365001721,
    "tire_fr_spindle_omega_radps": 0.08419200077222765,
    "tire_rl_spindle_omega_radps": 0.08554547186029403,
    "tire_rr_spindle_omega_radps": 0.07081337674534606
  },
  "val_flat_loss": 0.005726461005069723,
  "val_flat_rmse": {
    "vel_body_x_mps": 0.0010685702781632448,
    "vel_body_y_mps": 0.0008489199355201798,
    "roll_rad": 2.4344882249312905e-05,
    "pitch_rad": 1.65478695480771e-05,
    "roll_rate_radps": 0.0017257696476322445,
    "ang_vel_body_y_radps": 0.0009820421956153035,
    "yaw_rate_radps": 0.0014754505173247712,
    "tire_fl_force_wheel_fz_n": 47.8293511632241,
    "tire_fr_force_wheel_fz_n": 49.37437837194909,
    "tire_rl_force_wheel_fz_n": 26.635824534595727,
    "tire_rr_force_wheel_fz_n": 27.1517375318048,
    "tire_fl_spindle_omega_radps": 0.07958479365001721,
    "tire_fr_spindle_omega_radps": 0.08419200077222765,
    "tire_rl_spindle_omega_radps": 0.08554547186029403,
    "tire_rr_spindle_omega_radps": 0.07081337674534606
  },
  "val_crm_loss": 0.10323066933138762,
  "val_crm_rmse": {
    "vel_body_x_mps": 0.003475707920667815,
    "vel_body_y_mps": 0.00280916537645093,
    "roll_rad": 7.046085430513685e-05,
    "pitch_rad": 4.67665188071635e-05,
    "roll_rate_radps": 0.004632674199724884,
    "ang_vel_body_y_radps": 0.003032703713891242,
    "yaw_rate_radps": 0.002507315829828605,
    "tire_fl_force_wheel_fz_n": 723.7876411978732,
    "tire_fr_force_wheel_fz_n": 730.3588796833542,
    "tire_rl_force_wheel_fz_n": 948.6688536956233,
    "tire_rr_force_wheel_fz_n": 990.511395394075,
    "tire_fl_spindle_omega_radps": 0.1487144053835108,
    "tire_fr_spindle_omega_radps": 0.14840566555491455,
    "tire_rl_spindle_omega_radps": 0.16399275053838497,
    "tire_rr_spindle_omega_radps": 0.16435195380406714
  },
  "val_mixed_loss": 0.054478565168228674,
  "rollout_flat_5.0s": {
    "xy_rmse_m": 1.1141014080199754,
    "yaw_rmse_rad": 0.0680139870573096,
    "errdist": 0.14674345629846922,
    "mean_dist_m": 7.592170963684718,
    "episodes": 12
  },
  "rollout_flat_10.0s": {
    "xy_rmse_m": 4.33688369227479,
    "yaw_rmse_rad": 0.16266017331324445,
    "errdist": 0.12314706436974826,
    "mean_dist_m": 35.2171098391215,
    "episodes": 12
  },
  "rollout_crm_5.0s": {
    "xy_rmse_m": 1.8357638103165295,
    "yaw_rmse_rad": 0.14629530342041805,
    "errdist": 0.256516916614599,
    "mean_dist_m": 7.1565019357949495,
    "episodes": 12
  },
  "rollout_crm_10.0s": {
    "xy_rmse_m": 5.715678127369357,
    "yaw_rmse_rad": 0.45917942563634556,
    "errdist": 0.2282910587978598,
    "mean_dist_m": 25.036802393694717,
    "episodes": 12
  },
  "rollout_sel": 0.17571906158380401
}
{
  "epoch": 8,
  "timestamp_utc": "2026-07-15T15:09:54.606567+00:00",
  "train_loss": 0.03282570172380656,
  "val_loss": 0.004934569796751021,
  "val_rmse": {
    "vel_body_x_mps": 0.001120194260975623,
    "vel_body_y_mps": 0.0010682546389329435,
    "roll_rad": 2.3450141734116388e-05,
    "pitch_rad": 1.4155169466729709e-05,
    "roll_rate_radps": 0.001675616402917064,
    "ang_vel_body_y_radps": 0.0009651844225252622,
    "yaw_rate_radps": 0.0014894306396512319,
    "tire_fl_force_wheel_fz_n": 46.67166821480283,
    "tire_fr_force_wheel_fz_n": 47.650817035603254,
    "tire_rl_force_wheel_fz_n": 27.585390600218993,
    "tire_rr_force_wheel_fz_n": 28.73426680328261,
    "tire_fl_spindle_omega_radps": 0.07204880152740556,
    "tire_fr_spindle_omega_radps": 0.08092488398787591,
    "tire_rl_spindle_omega_radps": 0.07815459963752357,
    "tire_rr_spindle_omega_radps": 0.059021405478773575
  },
  "val_flat_loss": 0.004934569796751021,
  "val_flat_rmse": {
    "vel_body_x_mps": 0.001120194260975623,
    "vel_body_y_mps": 0.0010682546389329435,
    "roll_rad": 2.3450141734116388e-05,
    "pitch_rad": 1.4155169466729709e-05,
    "roll_rate_radps": 0.001675616402917064,
    "ang_vel_body_y_radps": 0.0009651844225252622,
    "yaw_rate_radps": 0.0014894306396512319,
    "tire_fl_force_wheel_fz_n": 46.67166821480283,
    "tire_fr_force_wheel_fz_n": 47.650817035603254,
    "tire_rl_force_wheel_fz_n": 27.585390600218993,
    "tire_rr_force_wheel_fz_n": 28.73426680328261,
    "tire_fl_spindle_omega_radps": 0.07204880152740556,
    "tire_fr_spindle_omega_radps": 0.08092488398787591,
    "tire_rl_spindle_omega_radps": 0.07815459963752357,
    "tire_rr_spindle_omega_radps": 0.059021405478773575
  },
  "val_crm_loss": 0.10126326863479335,
  "val_crm_rmse": {
    "vel_body_x_mps": 0.0033738909820417735,
    "vel_body_y_mps": 0.002839051378717174,
    "roll_rad": 7.845194456036136e-05,
    "pitch_rad": 5.3836981260475995e-05,
    "roll_rate_radps": 0.004478199147732577,
    "ang_vel_body_y_radps": 0.002985824424625508,
    "yaw_rate_radps": 0.002533354989423466,
    "tire_fl_force_wheel_fz_n": 699.6062754066596,
    "tire_fr_force_wheel_fz_n": 709.6874673447124,
    "tire_rl_force_wheel_fz_n": 938.8874668056375,
    "tire_rr_force_wheel_fz_n": 990.8682740064368,
    "tire_fl_spindle_omega_radps": 0.14680895767605234,
    "tire_fr_spindle_omega_radps": 0.1479712197001077,
    "tire_rl_spindle_omega_radps": 0.1644676661282411,
    "tire_rr_spindle_omega_radps": 0.16391849596643643
  },
  "val_mixed_loss": 0.053098919215772186,
  "rollout_flat_5.0s": {
    "xy_rmse_m": 2.8429385937653904,
    "yaw_rmse_rad": 0.14538640777751557,
    "errdist": 0.3744566089678285,
    "mean_dist_m": 7.592170963684718,
    "episodes": 12
  },
  "rollout_flat_10.0s": {
    "xy_rmse_m": 12.164783640446723,
    "yaw_rmse_rad": 0.5599810903413426,
    "errdist": 0.3454225430768676,
    "mean_dist_m": 35.2171098391215,
    "episodes": 12
  },
  "rollout_crm_5.0s": {
    "xy_rmse_m": 1.2523306854385219,
    "yaw_rmse_rad": 0.0661991850513605,
    "errdist": 0.1749920137902418,
    "mean_dist_m": 7.1565019357949495,
    "episodes": 12
  },
  "rollout_crm_10.0s": {
    "xy_rmse_m": 3.413046893777039,
    "yaw_rmse_rad": 0.18351163545561686,
    "errdist": 0.1363211978953264,
    "mean_dist_m": 25.036802393694717,
    "episodes": 12
  },
  "rollout_sel": 0.24087187048609698
}
{
  "epoch": 9,
  "timestamp_utc": "2026-07-15T15:10:58.503487+00:00",
  "train_loss": 0.03191365539235994,
  "val_loss": 0.004154305420051969,
  "val_rmse": {
    "vel_body_x_mps": 0.0010156140073334968,
    "vel_body_y_mps": 0.000875476413945924,
    "roll_rad": 2.6888355044417427e-05,
    "pitch_rad": 1.3728561870955934e-05,
    "roll_rate_radps": 0.0016621433502285886,
    "ang_vel_body_y_radps": 0.0009684908862267079,
    "yaw_rate_radps": 0.001432907524468003,
    "tire_fl_force_wheel_fz_n": 46.371295359104714,
    "tire_fr_force_wheel_fz_n": 46.50077872249782,
    "tire_rl_force_wheel_fz_n": 28.54544809200543,
    "tire_rr_force_wheel_fz_n": 24.874772835274115,
    "tire_fl_spindle_omega_radps": 0.06698721749240352,
    "tire_fr_spindle_omega_radps": 0.07611735725786647,
    "tire_rl_spindle_omega_radps": 0.0763025559463435,
    "tire_rr_spindle_omega_radps": 0.05809729161261825
  },
  "val_flat_loss": 0.004154305420051969,
  "val_flat_rmse": {
    "vel_body_x_mps": 0.0010156140073334968,
    "vel_body_y_mps": 0.000875476413945924,
    "roll_rad": 2.6888355044417427e-05,
    "pitch_rad": 1.3728561870955934e-05,
    "roll_rate_radps": 0.0016621433502285886,
    "ang_vel_body_y_radps": 0.0009684908862267079,
    "yaw_rate_radps": 0.001432907524468003,
    "tire_fl_force_wheel_fz_n": 46.371295359104714,
    "tire_fr_force_wheel_fz_n": 46.50077872249782,
    "tire_rl_force_wheel_fz_n": 28.54544809200543,
    "tire_rr_force_wheel_fz_n": 24.874772835274115,
    "tire_fl_spindle_omega_radps": 0.06698721749240352,
    "tire_fr_spindle_omega_radps": 0.07611735725786647,
    "tire_rl_spindle_omega_radps": 0.0763025559463435,
    "tire_rr_spindle_omega_radps": 0.05809729161261825
  },
  "val_crm_loss": 0.0989469737408217,
  "val_crm_rmse": {
    "vel_body_x_mps": 0.003288555747091973,
    "vel_body_y_mps": 0.002709212675648269,
    "roll_rad": 6.573501267818619e-05,
    "pitch_rad": 4.959181432093995e-05,
    "roll_rate_radps": 0.004462740960152221,
    "ang_vel_body_y_radps": 0.002911236644680271,
    "yaw_rate_radps": 0.0024603460381779126,
    "tire_fl_force_wheel_fz_n": 698.7776822854705,
    "tire_fr_force_wheel_fz_n": 718.0892830900414,
    "tire_rl_force_wheel_fz_n": 937.792085881275,
    "tire_rr_force_wheel_fz_n": 977.0506220992498,
    "tire_fl_spindle_omega_radps": 0.14462555058502657,
    "tire_fr_spindle_omega_radps": 0.14639980694055674,
    "tire_rl_spindle_omega_radps": 0.16193597224287654,
    "tire_rr_spindle_omega_radps": 0.1633873888451332
  },
  "val_mixed_loss": 0.05155063958043683,
  "rollout_flat_5.0s": {
    "xy_rmse_m": 0.6920108282090986,
    "yaw_rmse_rad": 0.04102132495752949,
    "errdist": 0.09114795116168513,
    "mean_dist_m": 7.592170963684718,
    "episodes": 12
  },
  "rollout_flat_10.0s": {
    "xy_rmse_m": 4.982476362117134,
    "yaw_rmse_rad": 0.18567205859434707,
    "errdist": 0.14147885459306683,
    "mean_dist_m": 35.2171098391215,
    "episodes": 12
  },
  "rollout_crm_5.0s": {
    "xy_rmse_m": 1.3779502295340116,
    "yaw_rmse_rad": 0.06851350820904202,
    "errdist": 0.192545218585335,
    "mean_dist_m": 7.1565019357949495,
    "episodes": 12
  },
  "rollout_crm_10.0s": {
    "xy_rmse_m": 5.759358896145701,
    "yaw_rmse_rad": 0.19457917724171084,
    "errdist": 0.230035721238753,
    "mean_dist_m": 25.036802393694717,
    "episodes": 12
  },
  "rollout_sel": 0.1857572879159099
}
{
  "epoch": 10,
  "timestamp_utc": "2026-07-15T15:12:02.843280+00:00",
  "train_loss": 0.031180784744676202,
  "val_loss": 0.004518426388858643,
  "val_rmse": {
    "vel_body_x_mps": 0.0010674661566637464,
    "vel_body_y_mps": 0.0010016649517433321,
    "roll_rad": 3.727009011118298e-05,
    "pitch_rad": 1.1583263536230479e-05,
    "roll_rate_radps": 0.0016947732088238411,
    "ang_vel_body_y_radps": 0.0009560428257115648,
    "yaw_rate_radps": 0.001465044737943564,
    "tire_fl_force_wheel_fz_n": 42.9580181082634,
    "tire_fr_force_wheel_fz_n": 45.260588706136964,
    "tire_rl_force_wheel_fz_n": 25.41661613423895,
    "tire_rr_force_wheel_fz_n": 25.14153249332011,
    "tire_fl_spindle_omega_radps": 0.06822061715507555,
    "tire_fr_spindle_omega_radps": 0.0766453065923927,
    "tire_rl_spindle_omega_radps": 0.07831964830830467,
    "tire_rr_spindle_omega_radps": 0.05901292182937541
  },
  "val_flat_loss": 0.004518426388858643,
  "val_flat_rmse": {
    "vel_body_x_mps": 0.0010674661566637464,
    "vel_body_y_mps": 0.0010016649517433321,
    "roll_rad": 3.727009011118298e-05,
    "pitch_rad": 1.1583263536230479e-05,
    "roll_rate_radps": 0.0016947732088238411,
    "ang_vel_body_y_radps": 0.0009560428257115648,
    "yaw_rate_radps": 0.001465044737943564,
    "tire_fl_force_wheel_fz_n": 42.9580181082634,
    "tire_fr_force_wheel_fz_n": 45.260588706136964,
    "tire_rl_force_wheel_fz_n": 25.41661613423895,
    "tire_rr_force_wheel_fz_n": 25.14153249332011,
    "tire_fl_spindle_omega_radps": 0.06822061715507555,
    "tire_fr_spindle_omega_radps": 0.0766453065923927,
    "tire_rl_spindle_omega_radps": 0.07831964830830467,
    "tire_rr_spindle_omega_radps": 0.05901292182937541
  },
  "val_crm_loss": 0.09708095857407897,
  "val_crm_rmse": {
    "vel_body_x_mps": 0.0032148866174858378,
    "vel_body_y_mps": 0.002768497683025664,
    "roll_rad": 6.898819704274674e-05,
    "pitch_rad": 4.6580615361826814e-05,
    "roll_rate_radps": 0.004541510438375197,
    "ang_vel_body_y_radps": 0.0029630013807084,
    "yaw_rate_radps": 0.0024461176456024906,
    "tire_fl_force_wheel_fz_n": 672.8946936466307,
    "tire_fr_force_wheel_fz_n": 688.7247427807131,
    "tire_rl_force_wheel_fz_n": 933.8231443372467,
    "tire_rr_force_wheel_fz_n": 972.242134328518,
    "tire_fl_spindle_omega_radps": 0.14296190156738706,
    "tire_fr_spindle_omega_radps": 0.1433862000881687,
    "tire_rl_spindle_omega_radps": 0.16306793072001544,
    "tire_rr_spindle_omega_radps": 0.1639121862261998
  },
  "val_mixed_loss": 0.05079969248146881,
  "rollout_flat_5.0s": {
    "xy_rmse_m": 1.1878361313913026,
    "yaw_rmse_rad": 0.04983410179846473,
    "errdist": 0.15645539820863155,
    "mean_dist_m": 7.592170963684718,
    "episodes": 12
  },
  "rollout_flat_10.0s": {
    "xy_rmse_m": 4.845374034698747,
    "yaw_rmse_rad": 0.17018851226279583,
    "errdist": 0.13758579442871216,
    "mean_dist_m": 35.2171098391215,
    "episodes": 12
  },
  "rollout_crm_5.0s": {
    "xy_rmse_m": 2.3327833980815513,
    "yaw_rmse_rad": 0.12972963493175463,
    "errdist": 0.3259669904389433,
    "mean_dist_m": 7.1565019357949495,
    "episodes": 12
  },
  "rollout_crm_10.0s": {
    "xy_rmse_m": 7.38856389732428,
    "yaw_rmse_rad": 0.2725362290341756,
    "errdist": 0.2951081284719098,
    "mean_dist_m": 25.036802393694717,
    "episodes": 12
  },
  "rollout_sel": 0.216346961450311
}
{
  "epoch": 11,
  "timestamp_utc": "2026-07-15T15:13:07.466479+00:00",
  "train_loss": 0.03037730977218598,
  "val_loss": 0.004616545839307946,
  "val_rmse": {
    "vel_body_x_mps": 0.0011245758427148333,
    "vel_body_y_mps": 0.0008316383286827186,
    "roll_rad": 2.7072498281895055e-05,
    "pitch_rad": 1.317512600235064e-05,
    "roll_rate_radps": 0.0016276966144160299,
    "ang_vel_body_y_radps": 0.0009600534312938812,
    "yaw_rate_radps": 0.0014352201174605303,
    "tire_fl_force_wheel_fz_n": 44.30188677754567,
    "tire_fr_force_wheel_fz_n": 49.63767493252464,
    "tire_rl_force_wheel_fz_n": 25.363486489729144,
    "tire_rr_force_wheel_fz_n": 24.78633102396054,
    "tire_fl_spindle_omega_radps": 0.0731592904681736,
    "tire_fr_spindle_omega_radps": 0.07974958085711285,
    "tire_rl_spindle_omega_radps": 0.077197403007652,
    "tire_rr_spindle_omega_radps": 0.05921841317603821
  },
  "val_flat_loss": 0.004616545839307946,
  "val_flat_rmse": {
    "vel_body_x_mps": 0.0011245758427148333,
    "vel_body_y_mps": 0.0008316383286827186,
    "roll_rad": 2.7072498281895055e-05,
    "pitch_rad": 1.317512600235064e-05,
    "roll_rate_radps": 0.0016276966144160299,
    "ang_vel_body_y_radps": 0.0009600534312938812,
    "yaw_rate_radps": 0.0014352201174605303,
    "tire_fl_force_wheel_fz_n": 44.30188677754567,
    "tire_fr_force_wheel_fz_n": 49.63767493252464,
    "tire_rl_force_wheel_fz_n": 25.363486489729144,
    "tire_rr_force_wheel_fz_n": 24.78633102396054,
    "tire_fl_spindle_omega_radps": 0.0731592904681736,
    "tire_fr_spindle_omega_radps": 0.07974958085711285,
    "tire_rl_spindle_omega_radps": 0.077197403007652,
    "tire_rr_spindle_omega_radps": 0.05921841317603821
  },
  "val_crm_loss": 0.09577868910098913,
  "val_crm_rmse": {
    "vel_body_x_mps": 0.0032104965505249353,
    "vel_body_y_mps": 0.0026445973882131464,
    "roll_rad": 7.727068229136e-05,
    "pitch_rad": 5.2518953962219455e-05,
    "roll_rate_radps": 0.004184095332317264,
    "ang_vel_body_y_radps": 0.0028634680838573903,
    "yaw_rate_radps": 0.0024121066881446587,
    "tire_fl_force_wheel_fz_n": 658.1622674540778,
    "tire_fr_force_wheel_fz_n": 677.2803860032036,
    "tire_rl_force_wheel_fz_n": 926.0483153503824,
    "tire_rr_force_wheel_fz_n": 968.6540469645527,
    "tire_fl_spindle_omega_radps": 0.14328634703411433,
    "tire_fr_spindle_omega_radps": 0.14590975537514286,
    "tire_rl_spindle_omega_radps": 0.16103340980128183,
    "tire_rr_spindle_omega_radps": 0.1637957609899378
  },
  "val_mixed_loss": 0.05019761747014854,
  "rollout_flat_5.0s": {
    "xy_rmse_m": 0.8013420060487683,
    "yaw_rmse_rad": 0.044192229357600026,
    "errdist": 0.10554846695125684,
    "mean_dist_m": 7.592170963684718,
    "episodes": 12
  },
  "rollout_flat_10.0s": {
    "xy_rmse_m": 4.216559003779833,
    "yaw_rmse_rad": 0.14870474720068363,
    "errdist": 0.11973041010582304,
    "mean_dist_m": 35.2171098391215,
    "episodes": 12
  },
  "rollout_crm_5.0s": {
    "xy_rmse_m": 0.8049065537049592,
    "yaw_rmse_rad": 0.07836154185500543,
    "errdist": 0.11247206539259458,
    "mean_dist_m": 7.1565019357949495,
    "episodes": 12
  },
  "rollout_crm_10.0s": {
    "xy_rmse_m": 3.117803107717131,
    "yaw_rmse_rad": 0.19748377918477783,
    "errdist": 0.12452880598292058,
    "mean_dist_m": 25.036802393694717,
    "episodes": 12
  },
  "rollout_sel": 0.12212960804437181
}
{
  "epoch": 12,
  "timestamp_utc": "2026-07-15T15:14:12.606791+00:00",
  "train_loss": 0.02973463745834306,
  "val_loss": 0.004536579329687811,
  "val_rmse": {
    "vel_body_x_mps": 0.0010015537752817599,
    "vel_body_y_mps": 0.0009004555685656605,
    "roll_rad": 2.182840715956384e-05,
    "pitch_rad": 1.1865695766718644e-05,
    "roll_rate_radps": 0.0016816096982724294,
    "ang_vel_body_y_radps": 0.0009676035884700992,
    "yaw_rate_radps": 0.0014544424079623076,
    "tire_fl_force_wheel_fz_n": 42.94951630898408,
    "tire_fr_force_wheel_fz_n": 43.91336123943721,
    "tire_rl_force_wheel_fz_n": 25.78636865635052,
    "tire_rr_force_wheel_fz_n": 24.147089979918718,
    "tire_fl_spindle_omega_radps": 0.06916399576078396,
    "tire_fr_spindle_omega_radps": 0.07742378407359636,
    "tire_rl_spindle_omega_radps": 0.08170614004413689,
    "tire_rr_spindle_omega_radps": 0.06297619062451382
  },
  "val_flat_loss": 0.004536579329687811,
  "val_flat_rmse": {
    "vel_body_x_mps": 0.0010015537752817599,
    "vel_body_y_mps": 0.0009004555685656605,
    "roll_rad": 2.182840715956384e-05,
    "pitch_rad": 1.1865695766718644e-05,
    "roll_rate_radps": 0.0016816096982724294,
    "ang_vel_body_y_radps": 0.0009676035884700992,
    "yaw_rate_radps": 0.0014544424079623076,
    "tire_fl_force_wheel_fz_n": 42.94951630898408,
    "tire_fr_force_wheel_fz_n": 43.91336123943721,
    "tire_rl_force_wheel_fz_n": 25.78636865635052,
    "tire_rr_force_wheel_fz_n": 24.147089979918718,
    "tire_fl_spindle_omega_radps": 0.06916399576078396,
    "tire_fr_spindle_omega_radps": 0.07742378407359636,
    "tire_rl_spindle_omega_radps": 0.08170614004413689,
    "tire_rr_spindle_omega_radps": 0.06297619062451382
  },
  "val_crm_loss": 0.09419830343162175,
  "val_crm_rmse": {
    "vel_body_x_mps": 0.003137128476819844,
    "vel_body_y_mps": 0.002685754914906676,
    "roll_rad": 6.457396456016394e-05,
    "pitch_rad": 4.2599592944373895e-05,
    "roll_rate_radps": 0.0043839425602292354,
    "ang_vel_body_y_radps": 0.0028763648521051345,
    "yaw_rate_radps": 0.002442438529018744,
    "tire_fl_force_wheel_fz_n": 655.380912011558,
    "tire_fr_force_wheel_fz_n": 669.019045493955,
    "tire_rl_force_wheel_fz_n": 921.3769765817103,
    "tire_rr_force_wheel_fz_n": 962.1041010143651,
    "tire_fl_spindle_omega_radps": 0.14144378229752924,
    "tire_fr_spindle_omega_radps": 0.14116075126215197,
    "tire_rl_spindle_omega_radps": 0.15921597752051914,
    "tire_rr_spindle_omega_radps": 0.16080711147899343
  },
  "val_mixed_loss": 0.049367441380654783,
  "rollout_flat_5.0s": {
    "xy_rmse_m": 2.5193760579576274,
    "yaw_rmse_rad": 0.12823553126731735,
    "errdist": 0.33183868882938,
    "mean_dist_m": 7.592170963684718,
    "episodes": 12
  },
  "rollout_flat_10.0s": {
    "xy_rmse_m": 11.11651438214621,
    "yaw_rmse_rad": 0.36319159009759855,
    "errdist": 0.3156566348836851,
    "mean_dist_m": 35.2171098391215,
    "episodes": 12
  },
  "rollout_crm_5.0s": {
    "xy_rmse_m": 1.0254987941302731,
    "yaw_rmse_rad": 0.03449200207122924,
    "errdist": 0.14329609679849264,
    "mean_dist_m": 7.1565019357949495,
    "episodes": 12
  },
  "rollout_crm_10.0s": {
    "xy_rmse_m": 3.50153686632076,
    "yaw_rmse_rad": 0.20747919084582198,
    "errdist": 0.13985559382785195,
    "mean_dist_m": 25.036802393694717,
    "episodes": 12
  },
  "rollout_sel": 0.22775611435576854
}
{
  "epoch": 13,
  "timestamp_utc": "2026-07-15T15:15:17.131770+00:00",
  "train_loss": 0.02908801324898377,
  "val_loss": 0.004133538526330085,
  "val_rmse": {
    "vel_body_x_mps": 0.0010463480274035897,
    "vel_body_y_mps": 0.0008282325136745085,
    "roll_rad": 2.363512226685713e-05,
    "pitch_rad": 1.1233181944528151e-05,
    "roll_rate_radps": 0.0016107425818692013,
    "ang_vel_body_y_radps": 0.0009456242554513053,
    "yaw_rate_radps": 0.001433391434539628,
    "tire_fl_force_wheel_fz_n": 41.736038710018136,
    "tire_fr_force_wheel_fz_n": 42.791329343940234,
    "tire_rl_force_wheel_fz_n": 25.275069206286425,
    "tire_rr_force_wheel_fz_n": 23.54765444917831,
    "tire_fl_spindle_omega_radps": 0.06662856389100268,
    "tire_fr_spindle_omega_radps": 0.07564436098009679,
    "tire_rl_spindle_omega_radps": 0.07659073218551563,
    "tire_rr_spindle_omega_radps": 0.05953090300770807
  },
  "val_flat_loss": 0.004133538526330085,
  "val_flat_rmse": {
    "vel_body_x_mps": 0.0010463480274035897,
    "vel_body_y_mps": 0.0008282325136745085,
    "roll_rad": 2.363512226685713e-05,
    "pitch_rad": 1.1233181944528151e-05,
    "roll_rate_radps": 0.0016107425818692013,
    "ang_vel_body_y_radps": 0.0009456242554513053,
    "yaw_rate_radps": 0.001433391434539628,
    "tire_fl_force_wheel_fz_n": 41.736038710018136,
    "tire_fr_force_wheel_fz_n": 42.791329343940234,
    "tire_rl_force_wheel_fz_n": 25.275069206286425,
    "tire_rr_force_wheel_fz_n": 23.54765444917831,
    "tire_fl_spindle_omega_radps": 0.06662856389100268,
    "tire_fr_spindle_omega_radps": 0.07564436098009679,
    "tire_rl_spindle_omega_radps": 0.07659073218551563,
    "tire_rr_spindle_omega_radps": 0.05953090300770807
  },
  "val_crm_loss": 0.09335752368380781,
  "val_crm_rmse": {
    "vel_body_x_mps": 0.003124356209251598,
    "vel_body_y_mps": 0.002697307018373369,
    "roll_rad": 5.829273882020765e-05,
    "pitch_rad": 4.968229945917812e-05,
    "roll_rate_radps": 0.0042953084655775855,
    "ang_vel_body_y_radps": 0.002774009913803725,
    "yaw_rate_radps": 0.0024404259768203342,
    "tire_fl_force_wheel_fz_n": 640.9778772020919,
    "tire_fr_force_wheel_fz_n": 661.6010923171337,
    "tire_rl_force_wheel_fz_n": 920.7453331343958,
    "tire_rr_force_wheel_fz_n": 961.6015469664002,
    "tire_fl_spindle_omega_radps": 0.1404936131624121,
    "tire_fr_spindle_omega_radps": 0.1391399730115198,
    "tire_rl_spindle_omega_radps": 0.16061900924950215,
    "tire_rr_spindle_omega_radps": 0.16018318067647427
  },
  "val_mixed_loss": 0.04874553110506895,
  "rollout_flat_5.0s": {
    "xy_rmse_m": 0.9515484550036714,
    "yaw_rmse_rad": 0.06773718297092331,
    "errdist": 0.12533285400910613,
    "mean_dist_m": 7.592170963684718,
    "episodes": 12
  },
  "rollout_flat_10.0s": {
    "xy_rmse_m": 5.608464681023476,
    "yaw_rmse_rad": 0.5048678352008602,
    "errdist": 0.15925397361237242,
    "mean_dist_m": 35.2171098391215,
    "episodes": 12
  },
  "rollout_crm_5.0s": {
    "xy_rmse_m": 0.7276345989950893,
    "yaw_rmse_rad": 0.04297693486720684,
    "errdist": 0.10167461778437473,
    "mean_dist_m": 7.1565019357949495,
    "episodes": 12
  },
  "rollout_crm_10.0s": {
    "xy_rmse_m": 2.606212782437789,
    "yaw_rmse_rad": 0.7250084163736302,
    "errdist": 0.10409527308863288,
    "mean_dist_m": 25.036802393694717,
    "episodes": 12
  },
  "rollout_sel": 0.13167462335050265
}
{
  "epoch": 14,
  "timestamp_utc": "2026-07-15T15:16:23.018958+00:00",
  "train_loss": 0.028562855154741554,
  "val_loss": 0.004216566660034005,
  "val_rmse": {
    "vel_body_x_mps": 0.0010182119948666426,
    "vel_body_y_mps": 0.0007730031813579159,
    "roll_rad": 2.2418999611741273e-05,
    "pitch_rad": 1.1837477941829222e-05,
    "roll_rate_radps": 0.0015688069987309008,
    "ang_vel_body_y_radps": 0.0009429492293211474,
    "yaw_rate_radps": 0.0014124789575566928,
    "tire_fl_force_wheel_fz_n": 41.43052192988566,
    "tire_fr_force_wheel_fz_n": 43.06595195139318,
    "tire_rl_force_wheel_fz_n": 24.233873286609295,
    "tire_rr_force_wheel_fz_n": 23.614739298418332,
    "tire_fl_spindle_omega_radps": 0.07051444949510524,
    "tire_fr_spindle_omega_radps": 0.07829351557953022,
    "tire_rl_spindle_omega_radps": 0.07776767597512495,
    "tire_rr_spindle_omega_radps": 0.05810991704110714
  },
  "val_flat_loss": 0.004216566660034005,
  "val_flat_rmse": {
    "vel_body_x_mps": 0.0010182119948666426,
    "vel_body_y_mps": 0.0007730031813579159,
    "roll_rad": 2.2418999611741273e-05,
    "pitch_rad": 1.1837477941829222e-05,
    "roll_rate_radps": 0.0015688069987309008,
    "ang_vel_body_y_radps": 0.0009429492293211474,
    "yaw_rate_radps": 0.0014124789575566928,
    "tire_fl_force_wheel_fz_n": 41.43052192988566,
    "tire_fr_force_wheel_fz_n": 43.06595195139318,
    "tire_rl_force_wheel_fz_n": 24.233873286609295,
    "tire_rr_force_wheel_fz_n": 23.614739298418332,
    "tire_fl_spindle_omega_radps": 0.07051444949510524,
    "tire_fr_spindle_omega_radps": 0.07829351557953022,
    "tire_rl_spindle_omega_radps": 0.07776767597512495,
    "tire_rr_spindle_omega_radps": 0.05810991704110714
  },
  "val_crm_loss": 0.09340452740201727,
  "val_crm_rmse": {
    "vel_body_x_mps": 0.00318669499834327,
    "vel_body_y_mps": 0.002606863886991072,
    "roll_rad": 6.297032067146468e-05,
    "pitch_rad": 5.181636637621969e-05,
    "roll_rate_radps": 0.004268196763325017,
    "ang_vel_body_y_radps": 0.0027543731529633465,
    "yaw_rate_radps": 0.0024042317604753382,
    "tire_fl_force_wheel_fz_n": 649.4819802830579,
    "tire_fr_force_wheel_fz_n": 662.8031865615998,
    "tire_rl_force_wheel_fz_n": 916.9527393897758,
    "tire_rr_force_wheel_fz_n": 958.9856266065534,
    "tire_fl_spindle_omega_radps": 0.13991517175037813,
    "tire_fr_spindle_omega_radps": 0.13904842090459987,
    "tire_rl_spindle_omega_radps": 0.15990334098059353,
    "tire_rr_spindle_omega_radps": 0.15975554674228853
  },
  "val_mixed_loss": 0.048810547031025636,
  "rollout_flat_5.0s": {
    "xy_rmse_m": 1.0863443725351225,
    "yaw_rmse_rad": 0.0587959522928797,
    "errdist": 0.14308744860085257,
    "mean_dist_m": 7.592170963684718,
    "episodes": 12
  },
  "rollout_flat_10.0s": {
    "xy_rmse_m": 6.41607260645042,
    "yaw_rmse_rad": 0.23350317288692898,
    "errdist": 0.18218623378693677,
    "mean_dist_m": 35.2171098391215,
    "episodes": 12
  },
  "rollout_crm_5.0s": {
    "xy_rmse_m": 1.031960959840728,
    "yaw_rmse_rad": 0.08745850995698541,
    "errdist": 0.14419907506475046,
    "mean_dist_m": 7.1565019357949495,
    "episodes": 12
  },
  "rollout_crm_10.0s": {
    "xy_rmse_m": 3.205519631763178,
    "yaw_rmse_rad": 0.19758836911223246,
    "errdist": 0.12803230945220295,
    "mean_dist_m": 25.036802393694717,
    "episodes": 12
  },
  "rollout_sel": 0.15510927161956986
}
{
  "epoch": 15,
  "timestamp_utc": "2026-07-15T15:17:28.586630+00:00",
  "train_loss": 0.02802630349714309,
  "val_loss": 0.003855237570242025,
  "val_rmse": {
    "vel_body_x_mps": 0.0009677637604758322,
    "vel_body_y_mps": 0.0008558458392048279,
    "roll_rad": 2.5529947965088415e-05,
    "pitch_rad": 1.2851966792251119e-05,
    "roll_rate_radps": 0.0015823260411159702,
    "ang_vel_body_y_radps": 0.0009569295421139955,
    "yaw_rate_radps": 0.0013933655771177238,
    "tire_fl_force_wheel_fz_n": 43.12488209561802,
    "tire_fr_force_wheel_fz_n": 44.55609748933022,
    "tire_rl_force_wheel_fz_n": 24.594799864486507,
    "tire_rr_force_wheel_fz_n": 23.75508591535412,
    "tire_fl_spindle_omega_radps": 0.06647552298004077,
    "tire_fr_spindle_omega_radps": 0.07450740492073936,
    "tire_rl_spindle_omega_radps": 0.07594529942156723,
    "tire_rr_spindle_omega_radps": 0.05687476321239078
  },
  "val_flat_loss": 0.003855237570242025,
  "val_flat_rmse": {
    "vel_body_x_mps": 0.0009677637604758322,
    "vel_body_y_mps": 0.0008558458392048279,
    "roll_rad": 2.5529947965088415e-05,
    "pitch_rad": 1.2851966792251119e-05,
    "roll_rate_radps": 0.0015823260411159702,
    "ang_vel_body_y_radps": 0.0009569295421139955,
    "yaw_rate_radps": 0.0013933655771177238,
    "tire_fl_force_wheel_fz_n": 43.12488209561802,
    "tire_fr_force_wheel_fz_n": 44.55609748933022,
    "tire_rl_force_wheel_fz_n": 24.594799864486507,
    "tire_rr_force_wheel_fz_n": 23.75508591535412,
    "tire_fl_spindle_omega_radps": 0.06647552298004077,
    "tire_fr_spindle_omega_radps": 0.07450740492073936,
    "tire_rl_spindle_omega_radps": 0.07594529942156723,
    "tire_rr_spindle_omega_radps": 0.05687476321239078
  },
  "val_crm_loss": 0.09333600363635924,
  "val_crm_rmse": {
    "vel_body_x_mps": 0.003122032885425685,
    "vel_body_y_mps": 0.002611073310065238,
    "roll_rad": 7.048168802178769e-05,
    "pitch_rad": 4.0588990381114146e-05,
    "roll_rate_radps": 0.004375143448779167,
    "ang_vel_body_y_radps": 0.002805759771330192,
    "yaw_rate_radps": 0.0024111742299117696,
    "tire_fl_force_wheel_fz_n": 647.6119066224162,
    "tire_fr_force_wheel_fz_n": 646.4245224351923,
    "tire_rl_force_wheel_fz_n": 923.1497403921181,
    "tire_rr_force_wheel_fz_n": 956.6423796716949,
    "tire_fl_spindle_omega_radps": 0.14266320714340186,
    "tire_fr_spindle_omega_radps": 0.13873344775580118,
    "tire_rl_spindle_omega_radps": 0.1596776165003739,
    "tire_rr_spindle_omega_radps": 0.15931320553866304
  },
  "val_mixed_loss": 0.04859562060330064,
  "rollout_flat_5.0s": {
    "xy_rmse_m": 0.7520727700700681,
    "yaw_rmse_rad": 0.04395870951142038,
    "errdist": 0.09905898769501151,
    "mean_dist_m": 7.592170963684718,
    "episodes": 12
  },
  "rollout_flat_10.0s": {
    "xy_rmse_m": 2.693340667991597,
    "yaw_rmse_rad": 0.08223062505222901,
    "errdist": 0.0764781857538933,
    "mean_dist_m": 35.2171098391215,
    "episodes": 12
  },
  "rollout_crm_5.0s": {
    "xy_rmse_m": 0.7557723234452717,
    "yaw_rmse_rad": 0.0320939305559482,
    "errdist": 0.10560638845985583,
    "mean_dist_m": 7.1565019357949495,
    "episodes": 12
  },
  "rollout_crm_10.0s": {
    "xy_rmse_m": 2.5658321315278965,
    "yaw_rmse_rad": 0.1950186946509024,
    "errdist": 0.10248242132446103,
    "mean_dist_m": 25.036802393694717,
    "episodes": 12
  },
  "rollout_sel": 0.08948030353917716
}
{
  "epoch": 16,
  "timestamp_utc": "2026-07-15T15:18:33.994499+00:00",
  "train_loss": 0.027624443176202475,
  "val_loss": 0.004293586028143182,
  "val_rmse": {
    "vel_body_x_mps": 0.001005892427913123,
    "vel_body_y_mps": 0.0010190634400610303,
    "roll_rad": 2.1516242076098677e-05,
    "pitch_rad": 1.1505233787458237e-05,
    "roll_rate_radps": 0.0016715842582772937,
    "ang_vel_body_y_radps": 0.0009594428231583809,
    "yaw_rate_radps": 0.0014579434186321762,
    "tire_fl_force_wheel_fz_n": 41.89762006375857,
    "tire_fr_force_wheel_fz_n": 44.796584377510335,
    "tire_rl_force_wheel_fz_n": 26.05797781921855,
    "tire_rr_force_wheel_fz_n": 22.987133353225353,
    "tire_fl_spindle_omega_radps": 0.0693569047355017,
    "tire_fr_spindle_omega_radps": 0.07604070013809584,
    "tire_rl_spindle_omega_radps": 0.07600477479660657,
    "tire_rr_spindle_omega_radps": 0.057726908499326865
  },
  "val_flat_loss": 0.004293586028143182,
  "val_flat_rmse": {
    "vel_body_x_mps": 0.001005892427913123,
    "vel_body_y_mps": 0.0010190634400610303,
    "roll_rad": 2.1516242076098677e-05,
    "pitch_rad": 1.1505233787458237e-05,
    "roll_rate_radps": 0.0016715842582772937,
    "ang_vel_body_y_radps": 0.0009594428231583809,
    "yaw_rate_radps": 0.0014579434186321762,
    "tire_fl_force_wheel_fz_n": 41.89762006375857,
    "tire_fr_force_wheel_fz_n": 44.796584377510335,
    "tire_rl_force_wheel_fz_n": 26.05797781921855,
    "tire_rr_force_wheel_fz_n": 22.987133353225353,
    "tire_fl_spindle_omega_radps": 0.0693569047355017,
    "tire_fr_spindle_omega_radps": 0.07604070013809584,
    "tire_rl_spindle_omega_radps": 0.07600477479660657,
    "tire_rr_spindle_omega_radps": 0.057726908499326865
  },
  "val_crm_loss": 0.09275780289201066,
  "val_crm_rmse": {
    "vel_body_x_mps": 0.0031002385364592706,
    "vel_body_y_mps": 0.0025911128141196883,
    "roll_rad": 5.744797114982297e-05,
    "pitch_rad": 4.58971919956319e-05,
    "roll_rate_radps": 0.004064781422876672,
    "ang_vel_body_y_radps": 0.0027969619256134615,
    "yaw_rate_radps": 0.0024173939469376697,
    "tire_fl_force_wheel_fz_n": 650.6377514154052,
    "tire_fr_force_wheel_fz_n": 653.0911643887747,
    "tire_rl_force_wheel_fz_n": 921.3777265303786,
    "tire_rr_force_wheel_fz_n": 949.5987980604399,
    "tire_fl_spindle_omega_radps": 0.138035563134988,
    "tire_fr_spindle_omega_radps": 0.13874257050061634,
    "tire_rl_spindle_omega_radps": 0.15933283764312403,
    "tire_rr_spindle_omega_radps": 0.1588151873515933
  },
  "val_mixed_loss": 0.04852569446007692,
  "rollout_flat_5.0s": {
    "xy_rmse_m": 1.3532667400312042,
    "yaw_rmse_rad": 0.08111442262915217,
    "errdist": 0.1782450298477501,
    "mean_dist_m": 7.592170963684718,
    "episodes": 12
  },
  "rollout_flat_10.0s": {
    "xy_rmse_m": 7.47363736187876,
    "yaw_rmse_rad": 0.267285868363041,
    "errdist": 0.2122160903043937,
    "mean_dist_m": 35.2171098391215,
    "episodes": 12
  },
  "rollout_crm_5.0s": {
    "xy_rmse_m": 0.8394480971346588,
    "yaw_rmse_rad": 0.044712997042368606,
    "errdist": 0.11729866136638058,
    "mean_dist_m": 7.1565019357949495,
    "episodes": 12
  },
  "rollout_crm_10.0s": {
    "xy_rmse_m": 2.650905587791484,
    "yaw_rmse_rad": 0.26868187716025155,
    "errdist": 0.10588035748762749,
    "mean_dist_m": 25.036802393694717,
    "episodes": 12
  },
  "rollout_sel": 0.1590482238960106
}
{
  "epoch": 17,
  "timestamp_utc": "2026-07-15T15:19:38.832193+00:00",
  "train_loss": 0.027159635048359634,
  "val_loss": 0.003916069373372011,
  "val_rmse": {
    "vel_body_x_mps": 0.0010152381432416533,
    "vel_body_y_mps": 0.0008151365552047377,
    "roll_rad": 2.448410208149474e-05,
    "pitch_rad": 1.0700706536336407e-05,
    "roll_rate_radps": 0.0015998662710132038,
    "ang_vel_body_y_radps": 0.0009319939355126634,
    "yaw_rate_radps": 0.001399902307166175,
    "tire_fl_force_wheel_fz_n": 42.00985137480933,
    "tire_fr_force_wheel_fz_n": 43.651945220671,
    "tire_rl_force_wheel_fz_n": 24.418143002747705,
    "tire_rr_force_wheel_fz_n": 23.265589895740717,
    "tire_fl_spindle_omega_radps": 0.06687026067841507,
    "tire_fr_spindle_omega_radps": 0.07556035308521795,
    "tire_rl_spindle_omega_radps": 0.07501898396577085,
    "tire_rr_spindle_omega_radps": 0.057237802698469516
  },
  "val_flat_loss": 0.003916069373372011,
  "val_flat_rmse": {
    "vel_body_x_mps": 0.0010152381432416533,
    "vel_body_y_mps": 0.0008151365552047377,
    "roll_rad": 2.448410208149474e-05,
    "pitch_rad": 1.0700706536336407e-05,
    "roll_rate_radps": 0.0015998662710132038,
    "ang_vel_body_y_radps": 0.0009319939355126634,
    "yaw_rate_radps": 0.001399902307166175,
    "tire_fl_force_wheel_fz_n": 42.00985137480933,
    "tire_fr_force_wheel_fz_n": 43.651945220671,
    "tire_rl_force_wheel_fz_n": 24.418143002747705,
    "tire_rr_force_wheel_fz_n": 23.265589895740717,
    "tire_fl_spindle_omega_radps": 0.06687026067841507,
    "tire_fr_spindle_omega_radps": 0.07556035308521795,
    "tire_rl_spindle_omega_radps": 0.07501898396577085,
    "tire_rr_spindle_omega_radps": 0.057237802698469516
  },
  "val_crm_loss": 0.09257334824011196,
  "val_crm_rmse": {
    "vel_body_x_mps": 0.0031061771357109445,
    "vel_body_y_mps": 0.0025921105185151816,
    "roll_rad": 7.601472130310925e-05,
    "pitch_rad": 4.162689772903295e-05,
    "roll_rate_radps": 0.004273846531637879,
    "ang_vel_body_y_radps": 0.0027714516215530324,
    "yaw_rate_radps": 0.0024117557279098104,
    "tire_fl_force_wheel_fz_n": 640.0098676035259,
    "tire_fr_force_wheel_fz_n": 649.4215592330452,
    "tire_rl_force_wheel_fz_n": 908.9977007738837,
    "tire_rr_force_wheel_fz_n": 965.4323027925519,
    "tire_fl_spindle_omega_radps": 0.13879359322697116,
    "tire_fr_spindle_omega_radps": 0.13755136256567863,
    "tire_rl_spindle_omega_radps": 0.1578661888582648,
    "tire_rr_spindle_omega_radps": 0.16029731080830695
  },
  "val_mixed_loss": 0.04824470880674198,
  "rollout_flat_5.0s": {
    "xy_rmse_m": 0.780873852319364,
    "yaw_rmse_rad": 0.03526989489727115,
    "errdist": 0.10285251162737008,
    "mean_dist_m": 7.592170963684718,
    "episodes": 12
  },
  "rollout_flat_10.0s": {
    "xy_rmse_m": 3.5136797830302893,
    "yaw_rmse_rad": 0.11801414964562557,
    "errdist": 0.09977195173259394,
    "mean_dist_m": 35.2171098391215,
    "episodes": 12
  },
  "rollout_crm_5.0s": {
    "xy_rmse_m": 1.1421212535038388,
    "yaw_rmse_rad": 0.08375583879109129,
    "errdist": 0.15959211130667725,
    "mean_dist_m": 7.1565019357949495,
    "episodes": 12
  },
  "rollout_crm_10.0s": {
    "xy_rmse_m": 3.823972937627823,
    "yaw_rmse_rad": 0.24288867583606752,
    "errdist": 0.15273407831787875,
    "mean_dist_m": 25.036802393694717,
    "episodes": 12
  },
  "rollout_sel": 0.12625301502523634
}
{
  "epoch": 18,
  "timestamp_utc": "2026-07-15T15:20:43.570987+00:00",
  "train_loss": 0.026603210190311075,
  "val_loss": 0.004031444301363081,
  "val_rmse": {
    "vel_body_x_mps": 0.0010051555720158622,
    "vel_body_y_mps": 0.0011360728515345392,
    "roll_rad": 2.3105697914421265e-05,
    "pitch_rad": 1.1718380298884943e-05,
    "roll_rate_radps": 0.0015595191448498798,
    "ang_vel_body_y_radps": 0.0009409891941616031,
    "yaw_rate_radps": 0.0014164603995061326,
    "tire_fl_force_wheel_fz_n": 41.93025517098778,
    "tire_fr_force_wheel_fz_n": 42.151874365485234,
    "tire_rl_force_wheel_fz_n": 25.07833111867842,
    "tire_rr_force_wheel_fz_n": 22.89429247934863,
    "tire_fl_spindle_omega_radps": 0.0651094113175935,
    "tire_fr_spindle_omega_radps": 0.07523030968387485,
    "tire_rl_spindle_omega_radps": 0.07535441975671488,
    "tire_rr_spindle_omega_radps": 0.05701864633036489
  },
  "val_flat_loss": 0.004031444301363081,
  "val_flat_rmse": {
    "vel_body_x_mps": 0.0010051555720158622,
    "vel_body_y_mps": 0.0011360728515345392,
    "roll_rad": 2.3105697914421265e-05,
    "pitch_rad": 1.1718380298884943e-05,
    "roll_rate_radps": 0.0015595191448498798,
    "ang_vel_body_y_radps": 0.0009409891941616031,
    "yaw_rate_radps": 0.0014164603995061326,
    "tire_fl_force_wheel_fz_n": 41.93025517098778,
    "tire_fr_force_wheel_fz_n": 42.151874365485234,
    "tire_rl_force_wheel_fz_n": 25.07833111867842,
    "tire_rr_force_wheel_fz_n": 22.89429247934863,
    "tire_fl_spindle_omega_radps": 0.0651094113175935,
    "tire_fr_spindle_omega_radps": 0.07523030968387485,
    "tire_rl_spindle_omega_radps": 0.07535441975671488,
    "tire_rr_spindle_omega_radps": 0.05701864633036489
  },
  "val_crm_loss": 0.09252770520222839,
  "val_crm_rmse": {
    "vel_body_x_mps": 0.0031449645882713462,
    "vel_body_y_mps": 0.0026427763715911874,
    "roll_rad": 6.27190612467018e-05,
    "pitch_rad": 4.023313549718026e-05,
    "roll_rate_radps": 0.004251139796761785,
    "ang_vel_body_y_radps": 0.002835652339264168,
    "yaw_rate_radps": 0.002401612133700738,
    "tire_fl_force_wheel_fz_n": 635.9952467811553,
    "tire_fr_force_wheel_fz_n": 637.8152258753302,
    "tire_rl_force_wheel_fz_n": 923.4793668643442,
    "tire_rr_force_wheel_fz_n": 951.1355653535514,
    "tire_fl_spindle_omega_radps": 0.13793116583235496,
    "tire_fr_spindle_omega_radps": 0.1394034353409566,
    "tire_rl_spindle_omega_radps": 0.16060369882936168,
    "tire_rr_spindle_omega_radps": 0.16150948929167766
  },
  "val_mixed_loss": 0.048279574751795735,
  "rollout_flat_5.0s": {
    "xy_rmse_m": 0.9374081976129857,
    "yaw_rmse_rad": 0.07888232734044619,
    "errdist": 0.12347037521900484,
    "mean_dist_m": 7.592170963684718,
    "episodes": 12
  },
  "rollout_flat_10.0s": {
    "xy_rmse_m": 6.483122723581857,
    "yaw_rmse_rad": 0.2400027684211007,
    "errdist": 0.1840901412182318,
    "mean_dist_m": 35.2171098391215,
    "episodes": 12
  },
  "rollout_crm_5.0s": {
    "xy_rmse_m": 1.2075529109559038,
    "yaw_rmse_rad": 0.0780064225268004,
    "errdist": 0.16873507780610528,
    "mean_dist_m": 7.1565019357949495,
    "episodes": 12
  },
  "rollout_crm_10.0s": {
    "xy_rmse_m": 4.362795894756877,
    "yaw_rmse_rad": 0.16171808657302778,
    "errdist": 0.17425531528161942,
    "mean_dist_m": 25.036802393694717,
    "episodes": 12
  },
  "rollout_sel": 0.1791727282499256
}
{
  "epoch": 19,
  "timestamp_utc": "2026-07-15T15:21:48.637653+00:00",
  "train_loss": 0.026206292492803186,
  "val_loss": 0.003997817415292957,
  "val_rmse": {
    "vel_body_x_mps": 0.0011095696583675546,
    "vel_body_y_mps": 0.0008173772201259747,
    "roll_rad": 2.474954213169875e-05,
    "pitch_rad": 9.66311451939084e-06,
    "roll_rate_radps": 0.0015698144035745335,
    "ang_vel_body_y_radps": 0.0009319823050670711,
    "yaw_rate_radps": 0.0013812688331545963,
    "tire_fl_force_wheel_fz_n": 40.627565823208776,
    "tire_fr_force_wheel_fz_n": 42.454506467961345,
    "tire_rl_force_wheel_fz_n": 23.917672276794026,
    "tire_rr_force_wheel_fz_n": 22.71773196063248,
    "tire_fl_spindle_omega_radps": 0.06550315404383479,
    "tire_fr_spindle_omega_radps": 0.07468266090670378,
    "tire_rl_spindle_omega_radps": 0.07658244273525988,
    "tire_rr_spindle_omega_radps": 0.058125594846173294
  },
  "val_flat_loss": 0.003997817415292957,
  "val_flat_rmse": {
    "vel_body_x_mps": 0.0011095696583675546,
    "vel_body_y_mps": 0.0008173772201259747,
    "roll_rad": 2.474954213169875e-05,
    "pitch_rad": 9.66311451939084e-06,
    "roll_rate_radps": 0.0015698144035745335,
    "ang_vel_body_y_radps": 0.0009319823050670711,
    "yaw_rate_radps": 0.0013812688331545963,
    "tire_fl_force_wheel_fz_n": 40.627565823208776,
    "tire_fr_force_wheel_fz_n": 42.454506467961345,
    "tire_rl_force_wheel_fz_n": 23.917672276794026,
    "tire_rr_force_wheel_fz_n": 22.71773196063248,
    "tire_fl_spindle_omega_radps": 0.06550315404383479,
    "tire_fr_spindle_omega_radps": 0.07468266090670378,
    "tire_rl_spindle_omega_radps": 0.07658244273525988,
    "tire_rr_spindle_omega_radps": 0.058125594846173294
  },
  "val_crm_loss": 0.09197827155701815,
  "val_crm_rmse": {
    "vel_body_x_mps": 0.0030731794647755723,
    "vel_body_y_mps": 0.002558730148431776,
    "roll_rad": 8.445870699748602e-05,
    "pitch_rad": 4.665103603118129e-05,
    "roll_rate_radps": 0.0040657060092644075,
    "ang_vel_body_y_radps": 0.0027289787089041936,
    "yaw_rate_radps": 0.0023794807457786686,
    "tire_fl_force_wheel_fz_n": 648.634440877962,
    "tire_fr_force_wheel_fz_n": 643.6450459934681,
    "tire_rl_force_wheel_fz_n": 918.015220017931,
    "tire_rr_force_wheel_fz_n": 951.6702416269081,
    "tire_fl_spindle_omega_radps": 0.1387943577997502,
    "tire_fr_spindle_omega_radps": 0.1370088932578439,
    "tire_rl_spindle_omega_radps": 0.15679094279861466,
    "tire_rr_spindle_omega_radps": 0.15846389372381617
  },
  "val_mixed_loss": 0.047988044486155554,
  "rollout_flat_5.0s": {
    "xy_rmse_m": 0.809005609415079,
    "yaw_rmse_rad": 0.0789408291376202,
    "errdist": 0.10655787564383867,
    "mean_dist_m": 7.592170963684718,
    "episodes": 12
  },
  "rollout_flat_10.0s": {
    "xy_rmse_m": 4.863068905379277,
    "yaw_rmse_rad": 0.20856975336430097,
    "errdist": 0.13808824538966163,
    "mean_dist_m": 35.2171098391215,
    "episodes": 12
  },
  "rollout_crm_5.0s": {
    "xy_rmse_m": 0.8531786244811251,
    "yaw_rmse_rad": 0.030638244089489418,
    "errdist": 0.11921727013217855,
    "mean_dist_m": 7.1565019357949495,
    "episodes": 12
  },
  "rollout_crm_10.0s": {
    "xy_rmse_m": 2.342824613863719,
    "yaw_rmse_rad": 0.13195513802794642,
    "errdist": 0.09357523285216875,
    "mean_dist_m": 25.036802393694717,
    "episodes": 12
  },
  "rollout_sel": 0.11583173912091518
}
{
  "epoch": 20,
  "timestamp_utc": "2026-07-15T15:22:52.833910+00:00",
  "train_loss": 0.025809699947480114,
  "val_loss": 0.003989865927396749,
  "val_rmse": {
    "vel_body_x_mps": 0.0010997671567598221,
    "vel_body_y_mps": 0.0008936277767006325,
    "roll_rad": 2.1772883960451553e-05,
    "pitch_rad": 1.275977798716312e-05,
    "roll_rate_radps": 0.001533067294478878,
    "ang_vel_body_y_radps": 0.0009366229133825107,
    "yaw_rate_radps": 0.001401069529518598,
    "tire_fl_force_wheel_fz_n": 40.48824517546839,
    "tire_fr_force_wheel_fz_n": 41.599347169618305,
    "tire_rl_force_wheel_fz_n": 24.233620321598107,
    "tire_rr_force_wheel_fz_n": 23.259775162247315,
    "tire_fl_spindle_omega_radps": 0.06421934779764843,
    "tire_fr_spindle_omega_radps": 0.07475418875278783,
    "tire_rl_spindle_omega_radps": 0.07586499309723653,
    "tire_rr_spindle_omega_radps": 0.0572664007360282
  },
  "val_flat_loss": 0.003989865927396749,
  "val_flat_rmse": {
    "vel_body_x_mps": 0.0010997671567598221,
    "vel_body_y_mps": 0.0008936277767006325,
    "roll_rad": 2.1772883960451553e-05,
    "pitch_rad": 1.275977798716312e-05,
    "roll_rate_radps": 0.001533067294478878,
    "ang_vel_body_y_radps": 0.0009366229133825107,
    "yaw_rate_radps": 0.001401069529518598,
    "tire_fl_force_wheel_fz_n": 40.48824517546839,
    "tire_fr_force_wheel_fz_n": 41.599347169618305,
    "tire_rl_force_wheel_fz_n": 24.233620321598107,
    "tire_rr_force_wheel_fz_n": 23.259775162247315,
    "tire_fl_spindle_omega_radps": 0.06421934779764843,
    "tire_fr_spindle_omega_radps": 0.07475418875278783,
    "tire_rl_spindle_omega_radps": 0.07586499309723653,
    "tire_rr_spindle_omega_radps": 0.0572664007360282
  },
  "val_crm_loss": 0.09091471373278182,
  "val_crm_rmse": {
    "vel_body_x_mps": 0.0030871911687585505,
    "vel_body_y_mps": 0.002527339810105758,
    "roll_rad": 5.3669614718042274e-05,
    "pitch_rad": 4.470933167118258e-05,
    "roll_rate_radps": 0.00396453990364978,
    "ang_vel_body_y_radps": 0.0027143051904410928,
    "yaw_rate_radps": 0.0023935584376210146,
    "tire_fl_force_wheel_fz_n": 622.9037112027635,
    "tire_fr_force_wheel_fz_n": 633.5838822829002,
    "tire_rl_force_wheel_fz_n": 914.0407858251488,
    "tire_rr_force_wheel_fz_n": 962.7598185333521,
    "tire_fl_spindle_omega_radps": 0.13857349125271357,
    "tire_fr_spindle_omega_radps": 0.1375536904495576,
    "tire_rl_spindle_omega_radps": 0.1588331575764792,
    "tire_rr_spindle_omega_radps": 0.1597012776202272
  },
  "val_mixed_loss": 0.047452289830089284,
  "rollout_flat_5.0s": {
    "xy_rmse_m": 1.242908418615027,
    "yaw_rmse_rad": 0.05823164987614787,
    "errdist": 0.16370922422060483,
    "mean_dist_m": 7.592170963684718,
    "episodes": 12
  },
  "rollout_flat_10.0s": {
    "xy_rmse_m": 3.8519400288794716,
    "yaw_rmse_rad": 0.1020153484006725,
    "errdist": 0.10937694905901908,
    "mean_dist_m": 35.2171098391215,
    "episodes": 12
  },
  "rollout_crm_5.0s": {
    "xy_rmse_m": 0.674769604769715,
    "yaw_rmse_rad": 0.06612290497817533,
    "errdist": 0.09428762974194055,
    "mean_dist_m": 7.1565019357949495,
    "episodes": 12
  },
  "rollout_crm_10.0s": {
    "xy_rmse_m": 2.9372534543727427,
    "yaw_rmse_rad": 0.18797810152573585,
    "errdist": 0.11731743567670855,
    "mean_dist_m": 25.036802393694717,
    "episodes": 12
  },
  "rollout_sel": 0.11334719236786381
}
{
  "epoch": 21,
  "timestamp_utc": "2026-07-15T15:23:56.902325+00:00",
  "train_loss": 0.025406697775702924,
  "val_loss": 0.0038389259649920858,
  "val_rmse": {
    "vel_body_x_mps": 0.0009958533134226456,
    "vel_body_y_mps": 0.000792421703001719,
    "roll_rad": 2.1524384748700777e-05,
    "pitch_rad": 1.023353863637692e-05,
    "roll_rate_radps": 0.001535115929232369,
    "ang_vel_body_y_radps": 0.0009251237355141902,
    "yaw_rate_radps": 0.0013991960128475918,
    "tire_fl_force_wheel_fz_n": 40.64554658251252,
    "tire_fr_force_wheel_fz_n": 40.94604814613529,
    "tire_rl_force_wheel_fz_n": 23.467039480033986,
    "tire_rr_force_wheel_fz_n": 23.96438219561453,
    "tire_fl_spindle_omega_radps": 0.0650245584682576,
    "tire_fr_spindle_omega_radps": 0.07453072001301637,
    "tire_rl_spindle_omega_radps": 0.07751546686047221,
    "tire_rr_spindle_omega_radps": 0.057191159644725396
  },
  "val_flat_loss": 0.0038389259649920858,
  "val_flat_rmse": {
    "vel_body_x_mps": 0.0009958533134226456,
    "vel_body_y_mps": 0.000792421703001719,
    "roll_rad": 2.1524384748700777e-05,
    "pitch_rad": 1.023353863637692e-05,
    "roll_rate_radps": 0.001535115929232369,
    "ang_vel_body_y_radps": 0.0009251237355141902,
    "yaw_rate_radps": 0.0013991960128475918,
    "tire_fl_force_wheel_fz_n": 40.64554658251252,
    "tire_fr_force_wheel_fz_n": 40.94604814613529,
    "tire_rl_force_wheel_fz_n": 23.467039480033986,
    "tire_rr_force_wheel_fz_n": 23.96438219561453,
    "tire_fl_spindle_omega_radps": 0.0650245584682576,
    "tire_fr_spindle_omega_radps": 0.07453072001301637,
    "tire_rl_spindle_omega_radps": 0.07751546686047221,
    "tire_rr_spindle_omega_radps": 0.057191159644725396
  },
  "val_crm_loss": 0.09027850232028868,
  "val_crm_rmse": {
    "vel_body_x_mps": 0.003023928493044397,
    "vel_body_y_mps": 0.0025237558006931623,
    "roll_rad": 5.380508274220995e-05,
    "pitch_rad": 3.823766437239077e-05,
    "roll_rate_radps": 0.003992074337732594,
    "ang_vel_body_y_radps": 0.002697161420445976,
    "yaw_rate_radps": 0.002392014335761084,
    "tire_fl_force_wheel_fz_n": 629.3561273548248,
    "tire_fr_force_wheel_fz_n": 639.4412279408316,
    "tire_rl_force_wheel_fz_n": 908.262114744863,
    "tire_rr_force_wheel_fz_n": 959.4535882819016,
    "tire_fl_spindle_omega_radps": 0.13696487853464573,
    "tire_fr_spindle_omega_radps": 0.137080070361343,
    "tire_rl_spindle_omega_radps": 0.15687213923594742,
    "tire_rr_spindle_omega_radps": 0.15826955808391352
  },
  "val_mixed_loss": 0.04705871414264038,
  "rollout_flat_5.0s": {
    "xy_rmse_m": 0.8641263861144529,
    "yaw_rmse_rad": 0.06714915243940274,
    "errdist": 0.11381808842922385,
    "mean_dist_m": 7.592170963684718,
    "episodes": 12
  },
  "rollout_flat_10.0s": {
    "xy_rmse_m": 4.077078645547866,
    "yaw_rmse_rad": 0.16904123548900585,
    "errdist": 0.11576982507005094,
    "mean_dist_m": 35.2171098391215,
    "episodes": 12
  },
  "rollout_crm_5.0s": {
    "xy_rmse_m": 0.7299530149606831,
    "yaw_rmse_rad": 0.036374852518795076,
    "errdist": 0.10199857716933593,
    "mean_dist_m": 7.1565019357949495,
    "episodes": 12
  },
  "rollout_crm_10.0s": {
    "xy_rmse_m": 2.0068608251954347,
    "yaw_rmse_rad": 0.13327873610812338,
    "errdist": 0.08015643506060677,
    "mean_dist_m": 25.036802393694717,
    "episodes": 12
  },
  "rollout_sel": 0.09796313006532886
}
{
  "epoch": 22,
  "timestamp_utc": "2026-07-15T15:25:01.224657+00:00",
  "train_loss": 0.025144809808582066,
  "val_loss": 0.004377139419520972,
  "val_rmse": {
    "vel_body_x_mps": 0.001153237214033443,
    "vel_body_y_mps": 0.0008037967199983391,
    "roll_rad": 2.5879926063252606e-05,
    "pitch_rad": 1.3807357485728184e-05,
    "roll_rate_radps": 0.001594644456982122,
    "ang_vel_body_y_radps": 0.0009339189327971345,
    "yaw_rate_radps": 0.001423568188191585,
    "tire_fl_force_wheel_fz_n": 43.099411299793985,
    "tire_fr_force_wheel_fz_n": 41.1322775156673,
    "tire_rl_force_wheel_fz_n": 24.64515247838391,
    "tire_rr_force_wheel_fz_n": 24.769905776347866,
    "tire_fl_spindle_omega_radps": 0.06775694662001054,
    "tire_fr_spindle_omega_radps": 0.07718619581684309,
    "tire_rl_spindle_omega_radps": 0.07680621867533768,
    "tire_rr_spindle_omega_radps": 0.059425281185642304
  },
  "val_flat_loss": 0.004377139419520972,
  "val_flat_rmse": {
    "vel_body_x_mps": 0.001153237214033443,
    "vel_body_y_mps": 0.0008037967199983391,
    "roll_rad": 2.5879926063252606e-05,
    "pitch_rad": 1.3807357485728184e-05,
    "roll_rate_radps": 0.001594644456982122,
    "ang_vel_body_y_radps": 0.0009339189327971345,
    "yaw_rate_radps": 0.001423568188191585,
    "tire_fl_force_wheel_fz_n": 43.099411299793985,
    "tire_fr_force_wheel_fz_n": 41.1322775156673,
    "tire_rl_force_wheel_fz_n": 24.64515247838391,
    "tire_rr_force_wheel_fz_n": 24.769905776347866,
    "tire_fl_spindle_omega_radps": 0.06775694662001054,
    "tire_fr_spindle_omega_radps": 0.07718619581684309,
    "tire_rl_spindle_omega_radps": 0.07680621867533768,
    "tire_rr_spindle_omega_radps": 0.059425281185642304
  },
  "val_crm_loss": 0.09080126013315748,
  "val_crm_rmse": {
    "vel_body_x_mps": 0.0030950548815440256,
    "vel_body_y_mps": 0.002584063414710238,
    "roll_rad": 6.348784362851788e-05,
    "pitch_rad": 4.54788908041449e-05,
    "roll_rate_radps": 0.003963294307586566,
    "ang_vel_body_y_radps": 0.002648099941210865,
    "yaw_rate_radps": 0.002372200010541842,
    "tire_fl_force_wheel_fz_n": 628.9250271284608,
    "tire_fr_force_wheel_fz_n": 627.2082716143381,
    "tire_rl_force_wheel_fz_n": 918.7612551413858,
    "tire_rr_force_wheel_fz_n": 956.316924676793,
    "tire_fl_spindle_omega_radps": 0.13419254958052232,
    "tire_fr_spindle_omega_radps": 0.13636505412258698,
    "tire_rl_spindle_omega_radps": 0.15648475537344445,
    "tire_rr_spindle_omega_radps": 0.15698921912820388
  },
  "val_mixed_loss": 0.04758919977633923,
  "rollout_flat_5.0s": {
    "xy_rmse_m": 0.8388509167953616,
    "yaw_rmse_rad": 0.05809367235902547,
    "errdist": 0.11048893930442275,
    "mean_dist_m": 7.592170963684718,
    "episodes": 12
  },
  "rollout_flat_10.0s": {
    "xy_rmse_m": 4.872311955061467,
    "yaw_rmse_rad": 0.1606138216327145,
    "errdist": 0.13835070445357728,
    "mean_dist_m": 35.2171098391215,
    "episodes": 12
  },
  "rollout_crm_5.0s": {
    "xy_rmse_m": 2.6318925868763094,
    "yaw_rmse_rad": 0.07285525867429254,
    "errdist": 0.36776243624168836,
    "mean_dist_m": 7.1565019357949495,
    "episodes": 12
  },
  "rollout_crm_10.0s": {
    "xy_rmse_m": 8.0000752240459,
    "yaw_rmse_rad": 0.2541961063307311,
    "errdist": 0.31953262634131924,
    "mean_dist_m": 25.036802393694717,
    "episodes": 12
  },
  "rollout_sel": 0.22894166539744826
}
{
  "epoch": 23,
  "timestamp_utc": "2026-07-15T15:26:05.548109+00:00",
  "train_loss": 0.02477130245324224,
  "val_loss": 0.0037191745552263454,
  "val_rmse": {
    "vel_body_x_mps": 0.000988375357901744,
    "vel_body_y_mps": 0.0007785739649130276,
    "roll_rad": 2.0576148930558516e-05,
    "pitch_rad": 1.5382279879269096e-05,
    "roll_rate_radps": 0.0015468875268670468,
    "ang_vel_body_y_radps": 0.0009413626193872664,
    "yaw_rate_radps": 0.0013668948633745253,
    "tire_fl_force_wheel_fz_n": 40.46060980199151,
    "tire_fr_force_wheel_fz_n": 43.45963730609821,
    "tire_rl_force_wheel_fz_n": 23.652247978942665,
    "tire_rr_force_wheel_fz_n": 23.865151555059448,
    "tire_fl_spindle_omega_radps": 0.0646142236257696,
    "tire_fr_spindle_omega_radps": 0.07372176213838448,
    "tire_rl_spindle_omega_radps": 0.07573258433682077,
    "tire_rr_spindle_omega_radps": 0.056523997464563325
  },
  "val_flat_loss": 0.0037191745552263454,
  "val_flat_rmse": {
    "vel_body_x_mps": 0.000988375357901744,
    "vel_body_y_mps": 0.0007785739649130276,
    "roll_rad": 2.0576148930558516e-05,
    "pitch_rad": 1.5382279879269096e-05,
    "roll_rate_radps": 0.0015468875268670468,
    "ang_vel_body_y_radps": 0.0009413626193872664,
    "yaw_rate_radps": 0.0013668948633745253,
    "tire_fl_force_wheel_fz_n": 40.46060980199151,
    "tire_fr_force_wheel_fz_n": 43.45963730609821,
    "tire_rl_force_wheel_fz_n": 23.652247978942665,
    "tire_rr_force_wheel_fz_n": 23.865151555059448,
    "tire_fl_spindle_omega_radps": 0.0646142236257696,
    "tire_fr_spindle_omega_radps": 0.07372176213838448,
    "tire_rl_spindle_omega_radps": 0.07573258433682077,
    "tire_rr_spindle_omega_radps": 0.056523997464563325
  },
  "val_crm_loss": 0.09096374524466228,
  "val_crm_rmse": {
    "vel_body_x_mps": 0.0030897126355378213,
    "vel_body_y_mps": 0.002517575115527293,
    "roll_rad": 5.849379264814695e-05,
    "pitch_rad": 4.44112928760365e-05,
    "roll_rate_radps": 0.003960635555024068,
    "ang_vel_body_y_radps": 0.0027555751412241445,
    "yaw_rate_radps": 0.0023746372687386834,
    "tire_fl_force_wheel_fz_n": 630.1482602510785,
    "tire_fr_force_wheel_fz_n": 642.6677303367666,
    "tire_rl_force_wheel_fz_n": 918.8025920706802,
    "tire_rr_force_wheel_fz_n": 955.3916709840298,
    "tire_fl_spindle_omega_radps": 0.1359156695052877,
    "tire_fr_spindle_omega_radps": 0.13757760120127097,
    "tire_rl_spindle_omega_radps": 0.157987036329324,
    "tire_rr_spindle_omega_radps": 0.15814737544097007
  },
  "val_mixed_loss": 0.04734145989994431,
  "rollout_flat_5.0s": {
    "xy_rmse_m": 1.3852060692942172,
    "yaw_rmse_rad": 0.0964386207155063,
    "errdist": 0.18245190682875947,
    "mean_dist_m": 7.592170963684718,
    "episodes": 12
  },
  "rollout_flat_10.0s": {
    "xy_rmse_m": 4.545811763797337,
    "yaw_rmse_rad": 0.20244259328658232,
    "errdist": 0.129079637271868,
    "mean_dist_m": 35.2171098391215,
    "episodes": 12
  },
  "rollout_crm_5.0s": {
    "xy_rmse_m": 1.1767445657704714,
    "yaw_rmse_rad": 0.06870437784493512,
    "errdist": 0.16443013309123877,
    "mean_dist_m": 7.1565019357949495,
    "episodes": 12
  },
  "rollout_crm_10.0s": {
    "xy_rmse_m": 3.125252258698696,
    "yaw_rmse_rad": 0.1887511436715119,
    "errdist": 0.12482633403240669,
    "mean_dist_m": 25.036802393694717,
    "episodes": 12
  },
  "rollout_sel": 0.12695298565213733
}
{
  "epoch": 24,
  "timestamp_utc": "2026-07-15T15:27:09.731311+00:00",
  "train_loss": 0.024372883858159184,
  "val_loss": 0.0038922784707028767,
  "val_rmse": {
    "vel_body_x_mps": 0.0009571954503749174,
    "vel_body_y_mps": 0.0008829109444807295,
    "roll_rad": 1.8301258191787242e-05,
    "pitch_rad": 9.689861539625641e-06,
    "roll_rate_radps": 0.001582491308309008,
    "ang_vel_body_y_radps": 0.0009271763132934319,
    "yaw_rate_radps": 0.0013489361797444598,
    "tire_fl_force_wheel_fz_n": 40.599353827892024,
    "tire_fr_force_wheel_fz_n": 42.60877385520105,
    "tire_rl_force_wheel_fz_n": 25.170749535337187,
    "tire_rr_force_wheel_fz_n": 23.03286888675142,
    "tire_fl_spindle_omega_radps": 0.06523211440124553,
    "tire_fr_spindle_omega_radps": 0.07446179543347753,
    "tire_rl_spindle_omega_radps": 0.07729559428859936,
    "tire_rr_spindle_omega_radps": 0.062129013942720655
  },
  "val_flat_loss": 0.0038922784707028767,
  "val_flat_rmse": {
    "vel_body_x_mps": 0.0009571954503749174,
    "vel_body_y_mps": 0.0008829109444807295,
    "roll_rad": 1.8301258191787242e-05,
    "pitch_rad": 9.689861539625641e-06,
    "roll_rate_radps": 0.001582491308309008,
    "ang_vel_body_y_radps": 0.0009271763132934319,
    "yaw_rate_radps": 0.0013489361797444598,
    "tire_fl_force_wheel_fz_n": 40.599353827892024,
    "tire_fr_force_wheel_fz_n": 42.60877385520105,
    "tire_rl_force_wheel_fz_n": 25.170749535337187,
    "tire_rr_force_wheel_fz_n": 23.03286888675142,
    "tire_fl_spindle_omega_radps": 0.06523211440124553,
    "tire_fr_spindle_omega_radps": 0.07446179543347753,
    "tire_rl_spindle_omega_radps": 0.07729559428859936,
    "tire_rr_spindle_omega_radps": 0.062129013942720655
  },
  "val_crm_loss": 0.09065443492669147,
  "val_crm_rmse": {
    "vel_body_x_mps": 0.003052752859742773,
    "vel_body_y_mps": 0.002494570019706756,
    "roll_rad": 5.565057910448795e-05,
    "pitch_rad": 4.244793960232026e-05,
    "roll_rate_radps": 0.003921321041660198,
    "ang_vel_body_y_radps": 0.002614490689168199,
    "yaw_rate_radps": 0.002371704153204262,
    "tire_fl_force_wheel_fz_n": 639.5846485139759,
    "tire_fr_force_wheel_fz_n": 631.7046519052789,
    "tire_rl_force_wheel_fz_n": 920.799085135051,
    "tire_rr_force_wheel_fz_n": 962.9262434471365,
    "tire_fl_spindle_omega_radps": 0.13643525802136935,
    "tire_fr_spindle_omega_radps": 0.1370937511688546,
    "tire_rl_spindle_omega_radps": 0.15682997483870503,
    "tire_rr_spindle_omega_radps": 0.15746520181671347
  },
  "val_mixed_loss": 0.04727335669869717,
  "rollout_flat_5.0s": {
    "xy_rmse_m": 1.3063238412042213,
    "yaw_rmse_rad": 0.06898744549295532,
    "errdist": 0.17206196323195302,
    "mean_dist_m": 7.592170963684718,
    "episodes": 12
  },
  "rollout_flat_10.0s": {
    "xy_rmse_m": 6.009053678817394,
    "yaw_rmse_rad": 0.15780775978976389,
    "errdist": 0.17062881384270037,
    "mean_dist_m": 35.2171098391215,
    "episodes": 12
  },
  "rollout_crm_5.0s": {
    "xy_rmse_m": 0.4969607001398296,
    "yaw_rmse_rad": 0.03439488881373148,
    "errdist": 0.06944184527557552,
    "mean_dist_m": 7.1565019357949495,
    "episodes": 12
  },
  "rollout_crm_10.0s": {
    "xy_rmse_m": 2.043844816320225,
    "yaw_rmse_rad": 0.06332237702709903,
    "errdist": 0.08163362014771296,
    "mean_dist_m": 25.036802393694717,
    "episodes": 12
  },
  "rollout_sel": 0.12613121699520666
}
{
  "epoch": 25,
  "timestamp_utc": "2026-07-15T15:28:14.283223+00:00",
  "train_loss": 0.02404374367976561,
  "val_loss": 0.003704066835780395,
  "val_rmse": {
    "vel_body_x_mps": 0.000906756108131958,
    "vel_body_y_mps": 0.0010884796780956363,
    "roll_rad": 2.3899650782071637e-05,
    "pitch_rad": 1.1147107316614866e-05,
    "roll_rate_radps": 0.0015335775316391892,
    "ang_vel_body_y_radps": 0.0007783279108939009,
    "yaw_rate_radps": 0.0013590108503233496,
    "tire_fl_force_wheel_fz_n": 41.149272769513665,
    "tire_fr_force_wheel_fz_n": 41.0783217955381,
    "tire_rl_force_wheel_fz_n": 24.417223057532116,
    "tire_rr_force_wheel_fz_n": 23.034777775928987,
    "tire_fl_spindle_omega_radps": 0.057869343537411744,
    "tire_fr_spindle_omega_radps": 0.06079223129245703,
    "tire_rl_spindle_omega_radps": 0.05974147270695386,
    "tire_rr_spindle_omega_radps": 0.0513205668582682
  },
  "val_flat_loss": 0.003704066835780395,
  "val_flat_rmse": {
    "vel_body_x_mps": 0.000906756108131958,
    "vel_body_y_mps": 0.0010884796780956363,
    "roll_rad": 2.3899650782071637e-05,
    "pitch_rad": 1.1147107316614866e-05,
    "roll_rate_radps": 0.0015335775316391892,
    "ang_vel_body_y_radps": 0.0007783279108939009,
    "yaw_rate_radps": 0.0013590108503233496,
    "tire_fl_force_wheel_fz_n": 41.149272769513665,
    "tire_fr_force_wheel_fz_n": 41.0783217955381,
    "tire_rl_force_wheel_fz_n": 24.417223057532116,
    "tire_rr_force_wheel_fz_n": 23.034777775928987,
    "tire_fl_spindle_omega_radps": 0.057869343537411744,
    "tire_fr_spindle_omega_radps": 0.06079223129245703,
    "tire_rl_spindle_omega_radps": 0.05974147270695386,
    "tire_rr_spindle_omega_radps": 0.0513205668582682
  },
  "val_crm_loss": 0.0911149552394636,
  "val_crm_rmse": {
    "vel_body_x_mps": 0.0030889050544300467,
    "vel_body_y_mps": 0.002523685646823135,
    "roll_rad": 5.63848492399472e-05,
    "pitch_rad": 4.154478627213459e-05,
    "roll_rate_radps": 0.004050719173900781,
    "ang_vel_body_y_radps": 0.00271049000713952,
    "yaw_rate_radps": 0.0023702137045863683,
    "tire_fl_force_wheel_fz_n": 632.3839671197533,
    "tire_fr_force_wheel_fz_n": 628.7123356616947,
    "tire_rl_force_wheel_fz_n": 926.9363988344243,
    "tire_rr_force_wheel_fz_n": 958.1984281338719,
    "tire_fl_spindle_omega_radps": 0.13683927847747482,
    "tire_fr_spindle_omega_radps": 0.1370109482276933,
    "tire_rl_spindle_omega_radps": 0.15953883716158657,
    "tire_rr_spindle_omega_radps": 0.15803864885043253
  },
  "val_mixed_loss": 0.047409511037622,
  "rollout_flat_5.0s": {
    "xy_rmse_m": 1.214550558054763,
    "yaw_rmse_rad": 0.02967550140855825,
    "errdist": 0.15997407906964514,
    "mean_dist_m": 7.592170963684718,
    "episodes": 12
  },
  "rollout_flat_10.0s": {
    "xy_rmse_m": 8.02470827327036,
    "yaw_rmse_rad": 0.12883845590716905,
    "errdist": 0.22786390791092068,
    "mean_dist_m": 35.2171098391215,
    "episodes": 12
  },
  "rollout_crm_5.0s": {
    "xy_rmse_m": 0.7607115181391361,
    "yaw_rmse_rad": 0.05387533186925013,
    "errdist": 0.10629655730745438,
    "mean_dist_m": 7.1565019357949495,
    "episodes": 12
  },
  "rollout_crm_10.0s": {
    "xy_rmse_m": 3.1726562390784996,
    "yaw_rmse_rad": 0.10929763543900813,
    "errdist": 0.12671970602274288,
    "mean_dist_m": 25.036802393694717,
    "episodes": 12
  },
  "rollout_sel": 0.17729180696683178
}
{
  "epoch": 26,
  "timestamp_utc": "2026-07-15T15:29:19.184008+00:00",
  "train_loss": 0.023689480311702937,
  "val_loss": 0.0038310197923055967,
  "val_rmse": {
    "vel_body_x_mps": 0.0009333430407131515,
    "vel_body_y_mps": 0.0007434120135697208,
    "roll_rad": 1.7607539779849882e-05,
    "pitch_rad": 9.909538507009529e-06,
    "roll_rate_radps": 0.0014775909809624766,
    "ang_vel_body_y_radps": 0.0007334646982559709,
    "yaw_rate_radps": 0.0013993019380546573,
    "tire_fl_force_wheel_fz_n": 41.08899963016663,
    "tire_fr_force_wheel_fz_n": 41.20832270074726,
    "tire_rl_force_wheel_fz_n": 23.88855328585722,
    "tire_rr_force_wheel_fz_n": 23.92070234996304,
    "tire_fl_spindle_omega_radps": 0.05661937852130235,
    "tire_fr_spindle_omega_radps": 0.056268036556299,
    "tire_rl_spindle_omega_radps": 0.06009499940224172,
    "tire_rr_spindle_omega_radps": 0.05868668412040485
  },
  "val_flat_loss": 0.0038310197923055967,
  "val_flat_rmse": {
    "vel_body_x_mps": 0.0009333430407131515,
    "vel_body_y_mps": 0.0007434120135697208,
    "roll_rad": 1.7607539779849882e-05,
    "pitch_rad": 9.909538507009529e-06,
    "roll_rate_radps": 0.0014775909809624766,
    "ang_vel_body_y_radps": 0.0007334646982559709,
    "yaw_rate_radps": 0.0013993019380546573,
    "tire_fl_force_wheel_fz_n": 41.08899963016663,
    "tire_fr_force_wheel_fz_n": 41.20832270074726,
    "tire_rl_force_wheel_fz_n": 23.88855328585722,
    "tire_rr_force_wheel_fz_n": 23.92070234996304,
    "tire_fl_spindle_omega_radps": 0.05661937852130235,
    "tire_fr_spindle_omega_radps": 0.056268036556299,
    "tire_rl_spindle_omega_radps": 0.06009499940224172,
    "tire_rr_spindle_omega_radps": 0.05868668412040485
  },
  "val_crm_loss": 0.0900344718125416,
  "val_crm_rmse": {
    "vel_body_x_mps": 0.003022293261761383,
    "vel_body_y_mps": 0.0024801303572989123,
    "roll_rad": 5.6110932134725184e-05,
    "pitch_rad": 4.186548458422559e-05,
    "roll_rate_radps": 0.0039283527087285355,
    "ang_vel_body_y_radps": 0.002604641749072436,
    "yaw_rate_radps": 0.0023479574353327923,
    "tire_fl_force_wheel_fz_n": 622.1778699617314,
    "tire_fr_force_wheel_fz_n": 628.4596623663922,
    "tire_rl_force_wheel_fz_n": 922.6009741731069,
    "tire_rr_force_wheel_fz_n": 958.2695404963272,
    "tire_fl_spindle_omega_radps": 0.13400803220163665,
    "tire_fr_spindle_omega_radps": 0.13873537186681353,
    "tire_rl_spindle_omega_radps": 0.15854194707956823,
    "tire_rr_spindle_omega_radps": 0.1577679181235541
  },
  "val_mixed_loss": 0.0469327458024236,
  "rollout_flat_5.0s": {
    "xy_rmse_m": 1.3886684595451435,
    "yaw_rmse_rad": 0.05270653270476324,
    "errdist": 0.18290795428441975,
    "mean_dist_m": 7.592170963684718,
    "episodes": 12
  },
  "rollout_flat_10.0s": {
    "xy_rmse_m": 4.316843864505738,
    "yaw_rmse_rad": 0.10506449074431566,
    "errdist": 0.12257802767535175,
    "mean_dist_m": 35.2171098391215,
    "episodes": 12
  },
  "rollout_crm_5.0s": {
    "xy_rmse_m": 0.9763083415807251,
    "yaw_rmse_rad": 0.04480826442301403,
    "errdist": 0.13642256375247888,
    "mean_dist_m": 7.1565019357949495,
    "episodes": 12
  },
  "rollout_crm_10.0s": {
    "xy_rmse_m": 2.838319450560252,
    "yaw_rmse_rad": 0.11503373322073089,
    "errdist": 0.11336589257400762,
    "mean_dist_m": 25.036802393694717,
    "episodes": 12
  },
  "rollout_sel": 0.11797196012467968
}
{
  "epoch": 27,
  "timestamp_utc": "2026-07-15T15:30:23.610345+00:00",
  "train_loss": 0.02342375229112804,
  "val_loss": 0.00355931875819806,
  "val_rmse": {
    "vel_body_x_mps": 0.0009246821619189536,
    "vel_body_y_mps": 0.0008403351303266093,
    "roll_rad": 2.4166305986112762e-05,
    "pitch_rad": 9.50086883004132e-06,
    "roll_rate_radps": 0.0015750056397955666,
    "ang_vel_body_y_radps": 0.0008683003662185667,
    "yaw_rate_radps": 0.001372052819878941,
    "tire_fl_force_wheel_fz_n": 41.081911989789575,
    "tire_fr_force_wheel_fz_n": 43.3550853828537,
    "tire_rl_force_wheel_fz_n": 26.69245641437033,
    "tire_rr_force_wheel_fz_n": 23.11322735322255,
    "tire_fl_spindle_omega_radps": 0.060205233425898105,
    "tire_fr_spindle_omega_radps": 0.06754386663605201,
    "tire_rl_spindle_omega_radps": 0.06770837354445618,
    "tire_rr_spindle_omega_radps": 0.053502478106183284
  },
  "val_flat_loss": 0.00355931875819806,
  "val_flat_rmse": {
    "vel_body_x_mps": 0.0009246821619189536,
    "vel_body_y_mps": 0.0008403351303266093,
    "roll_rad": 2.4166305986112762e-05,
    "pitch_rad": 9.50086883004132e-06,
    "roll_rate_radps": 0.0015750056397955666,
    "ang_vel_body_y_radps": 0.0008683003662185667,
    "yaw_rate_radps": 0.001372052819878941,
    "tire_fl_force_wheel_fz_n": 41.081911989789575,
    "tire_fr_force_wheel_fz_n": 43.3550853828537,
    "tire_rl_force_wheel_fz_n": 26.69245641437033,
    "tire_rr_force_wheel_fz_n": 23.11322735322255,
    "tire_fl_spindle_omega_radps": 0.060205233425898105,
    "tire_fr_spindle_omega_radps": 0.06754386663605201,
    "tire_rl_spindle_omega_radps": 0.06770837354445618,
    "tire_rr_spindle_omega_radps": 0.053502478106183284
  },
  "val_crm_loss": 0.09079128401121124,
  "val_crm_rmse": {
    "vel_body_x_mps": 0.0030128616193611673,
    "vel_body_y_mps": 0.0024859250059510673,
    "roll_rad": 5.338251125610787e-05,
    "pitch_rad": 3.704062385129381e-05,
    "roll_rate_radps": 0.004041498988082114,
    "ang_vel_body_y_radps": 0.0027458192163570616,
    "yaw_rate_radps": 0.0023443089703458018,
    "tire_fl_force_wheel_fz_n": 624.7495621626023,
    "tire_fr_force_wheel_fz_n": 629.5725767277954,
    "tire_rl_force_wheel_fz_n": 931.6449617476369,
    "tire_rr_force_wheel_fz_n": 962.9363428881018,
    "tire_fl_spindle_omega_radps": 0.1360056055059042,
    "tire_fr_spindle_omega_radps": 0.1358150343706095,
    "tire_rl_spindle_omega_radps": 0.15847586034917743,
    "tire_rr_spindle_omega_radps": 0.15719000329309663
  },
  "val_mixed_loss": 0.04717530138470465,
  "rollout_flat_5.0s": {
    "xy_rmse_m": 1.9114908399043955,
    "yaw_rmse_rad": 0.11604859571840626,
    "errdist": 0.25177131140059167,
    "mean_dist_m": 7.592170963684718,
    "episodes": 12
  },
  "rollout_flat_10.0s": {
    "xy_rmse_m": 6.379525531597219,
    "yaw_rmse_rad": 0.34204383027368324,
    "errdist": 0.18114846904644116,
    "mean_dist_m": 35.2171098391215,
    "episodes": 12
  },
  "rollout_crm_5.0s": {
    "xy_rmse_m": 0.6722520512310124,
    "yaw_rmse_rad": 0.03300465886627478,
    "errdist": 0.09393584425214553,
    "mean_dist_m": 7.1565019357949495,
    "episodes": 12
  },
  "rollout_crm_10.0s": {
    "xy_rmse_m": 1.5412278720716706,
    "yaw_rmse_rad": 0.06542345338036053,
    "errdist": 0.06155849488430736,
    "mean_dist_m": 25.036802393694717,
    "episodes": 12
  },
  "rollout_sel": 0.12135348196537427
}
{
  "epoch": 28,
  "timestamp_utc": "2026-07-15T15:31:27.924114+00:00",
  "train_loss": 0.023050932672340423,
  "val_loss": 0.0034695203624505668,
  "val_rmse": {
    "vel_body_x_mps": 0.0008774787038227114,
    "vel_body_y_mps": 0.0008577751061301859,
    "roll_rad": 1.68692744383742e-05,
    "pitch_rad": 1.4837389988747095e-05,
    "roll_rate_radps": 0.0014734954078070726,
    "ang_vel_body_y_radps": 0.0007885666900897521,
    "yaw_rate_radps": 0.0013575098736950618,
    "tire_fl_force_wheel_fz_n": 39.235079587065954,
    "tire_fr_force_wheel_fz_n": 40.66471235517107,
    "tire_rl_force_wheel_fz_n": 24.134954035746617,
    "tire_rr_force_wheel_fz_n": 22.518943421154905,
    "tire_fl_spindle_omega_radps": 0.05926116914300856,
    "tire_fr_spindle_omega_radps": 0.06284691639848308,
    "tire_rl_spindle_omega_radps": 0.0601878910688961,
    "tire_rr_spindle_omega_radps": 0.04954671822332207
  },
  "val_flat_loss": 0.0034695203624505668,
  "val_flat_rmse": {
    "vel_body_x_mps": 0.0008774787038227114,
    "vel_body_y_mps": 0.0008577751061301859,
    "roll_rad": 1.68692744383742e-05,
    "pitch_rad": 1.4837389988747095e-05,
    "roll_rate_radps": 0.0014734954078070726,
    "ang_vel_body_y_radps": 0.0007885666900897521,
    "yaw_rate_radps": 0.0013575098736950618,
    "tire_fl_force_wheel_fz_n": 39.235079587065954,
    "tire_fr_force_wheel_fz_n": 40.66471235517107,
    "tire_rl_force_wheel_fz_n": 24.134954035746617,
    "tire_rr_force_wheel_fz_n": 22.518943421154905,
    "tire_fl_spindle_omega_radps": 0.05926116914300856,
    "tire_fr_spindle_omega_radps": 0.06284691639848308,
    "tire_rl_spindle_omega_radps": 0.0601878910688961,
    "tire_rr_spindle_omega_radps": 0.04954671822332207
  },
  "val_crm_loss": 0.09130663238698616,
  "val_crm_rmse": {
    "vel_body_x_mps": 0.003036801478499624,
    "vel_body_y_mps": 0.0025585816919696997,
    "roll_rad": 5.0208211721910204e-05,
    "pitch_rad": 4.615347301232703e-05,
    "roll_rate_radps": 0.0038989173698173226,
    "ang_vel_body_y_radps": 0.002796646227119203,
    "yaw_rate_radps": 0.002353020482089582,
    "tire_fl_force_wheel_fz_n": 625.8962281505505,
    "tire_fr_force_wheel_fz_n": 630.1870942736471,
    "tire_rl_force_wheel_fz_n": 920.9799128114826,
    "tire_rr_force_wheel_fz_n": 967.4928203237116,
    "tire_fl_spindle_omega_radps": 0.13745948746896286,
    "tire_fr_spindle_omega_radps": 0.13745040058846797,
    "tire_rl_spindle_omega_radps": 0.1587668044591105,
    "tire_rr_spindle_omega_radps": 0.1585310343240615
  },
  "val_mixed_loss": 0.04738807637471837,
  "rollout_flat_5.0s": {
    "xy_rmse_m": 1.1684786164962386,
    "yaw_rmse_rad": 0.08170672690654969,
    "errdist": 0.15390573026942736,
    "mean_dist_m": 7.592170963684718,
    "episodes": 12
  },
  "rollout_flat_10.0s": {
    "xy_rmse_m": 4.580829548123171,
    "yaw_rmse_rad": 0.16897821853435036,
    "errdist": 0.13007397736637896,
    "mean_dist_m": 35.2171098391215,
    "episodes": 12
  },
  "rollout_crm_5.0s": {
    "xy_rmse_m": 1.0527051715940496,
    "yaw_rmse_rad": 0.06755548201650681,
    "errdist": 0.1470977274984995,
    "mean_dist_m": 7.1565019357949495,
    "episodes": 12
  },
  "rollout_crm_10.0s": {
    "xy_rmse_m": 3.979221281359223,
    "yaw_rmse_rad": 0.16742896072588093,
    "errdist": 0.15893488388762267,
    "mean_dist_m": 25.036802393694717,
    "episodes": 12
  },
  "rollout_sel": 0.1445044306270008
}
{
  "epoch": 29,
  "timestamp_utc": "2026-07-15T15:32:32.169455+00:00",
  "train_loss": 0.02275360727449879,
  "val_loss": 0.0035052161070052534,
  "val_rmse": {
    "vel_body_x_mps": 0.0008996144397668361,
    "vel_body_y_mps": 0.0009403361443906872,
    "roll_rad": 2.1162010816895484e-05,
    "pitch_rad": 8.726489756891032e-06,
    "roll_rate_radps": 0.001477990400470753,
    "ang_vel_body_y_radps": 0.0007561888074610968,
    "yaw_rate_radps": 0.0014136936324827044,
    "tire_fl_force_wheel_fz_n": 42.68593803033494,
    "tire_fr_force_wheel_fz_n": 40.526966227298495,
    "tire_rl_force_wheel_fz_n": 24.765842780277826,
    "tire_rr_force_wheel_fz_n": 22.95351117353915,
    "tire_fl_spindle_omega_radps": 0.054291514194546836,
    "tire_fr_spindle_omega_radps": 0.05890280283904605,
    "tire_rl_spindle_omega_radps": 0.058849527757241976,
    "tire_rr_spindle_omega_radps": 0.048338945319316325
  },
  "val_flat_loss": 0.0035052161070052534,
  "val_flat_rmse": {
    "vel_body_x_mps": 0.0008996144397668361,
    "vel_body_y_mps": 0.0009403361443906872,
    "roll_rad": 2.1162010816895484e-05,
    "pitch_rad": 8.726489756891032e-06,
    "roll_rate_radps": 0.001477990400470753,
    "ang_vel_body_y_radps": 0.0007561888074610968,
    "yaw_rate_radps": 0.0014136936324827044,
    "tire_fl_force_wheel_fz_n": 42.68593803033494,
    "tire_fr_force_wheel_fz_n": 40.526966227298495,
    "tire_rl_force_wheel_fz_n": 24.765842780277826,
    "tire_rr_force_wheel_fz_n": 22.95351117353915,
    "tire_fl_spindle_omega_radps": 0.054291514194546836,
    "tire_fr_spindle_omega_radps": 0.05890280283904605,
    "tire_rl_spindle_omega_radps": 0.058849527757241976,
    "tire_rr_spindle_omega_radps": 0.048338945319316325
  },
  "val_crm_loss": 0.09067508478707169,
  "val_crm_rmse": {
    "vel_body_x_mps": 0.003007330416253579,
    "vel_body_y_mps": 0.002494980530983128,
    "roll_rad": 5.3334909102777976e-05,
    "pitch_rad": 3.8365566270814225e-05,
    "roll_rate_radps": 0.003931723012638488,
    "ang_vel_body_y_radps": 0.0026258845140201743,
    "yaw_rate_radps": 0.0023638811151951247,
    "tire_fl_force_wheel_fz_n": 625.2620529278448,
    "tire_fr_force_wheel_fz_n": 627.262459043768,
    "tire_rl_force_wheel_fz_n": 929.1732687288805,
    "tire_rr_force_wheel_fz_n": 966.5162585592584,
    "tire_fl_spindle_omega_radps": 0.1372071628900296,
    "tire_fr_spindle_omega_radps": 0.1378776365470041,
    "tire_rl_spindle_omega_radps": 0.15925319882621855,
    "tire_rr_spindle_omega_radps": 0.15909397729142227
  },
  "val_mixed_loss": 0.04709015044703847,
  "rollout_flat_5.0s": {
    "xy_rmse_m": 1.3355774290329963,
    "yaw_rmse_rad": 0.06984888260516812,
    "errdist": 0.17591508876991868,
    "mean_dist_m": 7.592170963684718,
    "episodes": 12
  },
  "rollout_flat_10.0s": {
    "xy_rmse_m": 5.410250748460204,
    "yaw_rmse_rad": 0.22906311150434958,
    "errdist": 0.15362563177885025,
    "mean_dist_m": 35.2171098391215,
    "episodes": 12
  },
  "rollout_crm_5.0s": {
    "xy_rmse_m": 1.5443282288493663,
    "yaw_rmse_rad": 0.08687886005969418,
    "errdist": 0.21579372753677892,
    "mean_dist_m": 7.1565019357949495,
    "episodes": 12
  },
  "rollout_crm_10.0s": {
    "xy_rmse_m": 5.300109537060348,
    "yaw_rmse_rad": 0.21020690307533885,
    "errdist": 0.2116927494860578,
    "mean_dist_m": 25.036802393694717,
    "episodes": 12
  },
  "rollout_sel": 0.182659190632454
}
{
  "epoch": 30,
  "timestamp_utc": "2026-07-15T15:33:37.399911+00:00",
  "train_loss": 0.022548512304667385,
  "val_loss": 0.0032197895822355348,
  "val_rmse": {
    "vel_body_x_mps": 0.0008542865537004245,
    "vel_body_y_mps": 0.0007272004313975281,
    "roll_rad": 2.445412237743732e-05,
    "pitch_rad": 8.500347789745357e-06,
    "roll_rate_radps": 0.001485882058731858,
    "ang_vel_body_y_radps": 0.0007094147030737673,
    "yaw_rate_radps": 0.0013840753636649237,
    "tire_fl_force_wheel_fz_n": 40.52320550726046,
    "tire_fr_force_wheel_fz_n": 39.734355113166636,
    "tire_rl_force_wheel_fz_n": 25.67037756222757,
    "tire_rr_force_wheel_fz_n": 22.704472217847847,
    "tire_fl_spindle_omega_radps": 0.0550699003429135,
    "tire_fr_spindle_omega_radps": 0.05284665218368111,
    "tire_rl_spindle_omega_radps": 0.052282566282312676,
    "tire_rr_spindle_omega_radps": 0.04772053253566639
  },
  "val_flat_loss": 0.0032197895822355348,
  "val_flat_rmse": {
    "vel_body_x_mps": 0.0008542865537004245,
    "vel_body_y_mps": 0.0007272004313975281,
    "roll_rad": 2.445412237743732e-05,
    "pitch_rad": 8.500347789745357e-06,
    "roll_rate_radps": 0.001485882058731858,
    "ang_vel_body_y_radps": 0.0007094147030737673,
    "yaw_rate_radps": 0.0013840753636649237,
    "tire_fl_force_wheel_fz_n": 40.52320550726046,
    "tire_fr_force_wheel_fz_n": 39.734355113166636,
    "tire_rl_force_wheel_fz_n": 25.67037756222757,
    "tire_rr_force_wheel_fz_n": 22.704472217847847,
    "tire_fl_spindle_omega_radps": 0.0550699003429135,
    "tire_fr_spindle_omega_radps": 0.05284665218368111,
    "tire_rl_spindle_omega_radps": 0.052282566282312676,
    "tire_rr_spindle_omega_radps": 0.04772053253566639
  },
  "val_crm_loss": 0.09153988162695896,
  "val_crm_rmse": {
    "vel_body_x_mps": 0.003111822983030883,
    "vel_body_y_mps": 0.0025566133734966317,
    "roll_rad": 7.478249771719919e-05,
    "pitch_rad": 4.7215122652109424e-05,
    "roll_rate_radps": 0.003961209961869255,
    "ang_vel_body_y_radps": 0.0026898188903309406,
    "yaw_rate_radps": 0.0023428267158394126,
    "tire_fl_force_wheel_fz_n": 621.2272223958823,
    "tire_fr_force_wheel_fz_n": 631.3600141051766,
    "tire_rl_force_wheel_fz_n": 927.8944945981028,
    "tire_rr_force_wheel_fz_n": 967.1487921695754,
    "tire_fl_spindle_omega_radps": 0.1358050194166028,
    "tire_fr_spindle_omega_radps": 0.1366814244823487,
    "tire_rl_spindle_omega_radps": 0.15776525662006113,
    "tire_rr_spindle_omega_radps": 0.15750161620167843
  },
  "val_mixed_loss": 0.04737983560459725,
  "rollout_flat_5.0s": {
    "xy_rmse_m": 1.4837868803797514,
    "yaw_rmse_rad": 0.06482921798483753,
    "errdist": 0.19543644202390606,
    "mean_dist_m": 7.592170963684718,
    "episodes": 12
  },
  "rollout_flat_10.0s": {
    "xy_rmse_m": 8.436458810420898,
    "yaw_rmse_rad": 0.1198599330464922,
    "errdist": 0.2395556832732799,
    "mean_dist_m": 35.2171098391215,
    "episodes": 12
  },
  "rollout_crm_5.0s": {
    "xy_rmse_m": 0.8177518093594863,
    "yaw_rmse_rad": 0.03644513152289832,
    "errdist": 0.11426697242535572,
    "mean_dist_m": 7.1565019357949495,
    "episodes": 12
  },
  "rollout_crm_10.0s": {
    "xy_rmse_m": 2.1654411058023646,
    "yaw_rmse_rad": 0.19269710960867367,
    "errdist": 0.08649032219656415,
    "mean_dist_m": 25.036802393694717,
    "episodes": 12
  },
  "rollout_sel": 0.163023002734922
}
{
  "epoch": 31,
  "timestamp_utc": "2026-07-15T15:34:41.952509+00:00",
  "train_loss": 0.02225097593013197,
  "val_loss": 0.0033053594855664416,
  "val_rmse": {
    "vel_body_x_mps": 0.0008196590349904506,
    "vel_body_y_mps": 0.0007381358163162936,
    "roll_rad": 1.9385711868751282e-05,
    "pitch_rad": 1.3360799242917509e-05,
    "roll_rate_radps": 0.001452472626027928,
    "ang_vel_body_y_radps": 0.0007496852411763197,
    "yaw_rate_radps": 0.0013803797296407171,
    "tire_fl_force_wheel_fz_n": 39.76396972652623,
    "tire_fr_force_wheel_fz_n": 41.66369283337978,
    "tire_rl_force_wheel_fz_n": 24.207752616787083,
    "tire_rr_force_wheel_fz_n": 23.299594657159485,
    "tire_fl_spindle_omega_radps": 0.05530072674937026,
    "tire_fr_spindle_omega_radps": 0.060723946175749145,
    "tire_rl_spindle_omega_radps": 0.0586636614306715,
    "tire_rr_spindle_omega_radps": 0.04893927012958253
  },
  "val_flat_loss": 0.0033053594855664416,
  "val_flat_rmse": {
    "vel_body_x_mps": 0.0008196590349904506,
    "vel_body_y_mps": 0.0007381358163162936,
    "roll_rad": 1.9385711868751282e-05,
    "pitch_rad": 1.3360799242917509e-05,
    "roll_rate_radps": 0.001452472626027928,
    "ang_vel_body_y_radps": 0.0007496852411763197,
    "yaw_rate_radps": 0.0013803797296407171,
    "tire_fl_force_wheel_fz_n": 39.76396972652623,
    "tire_fr_force_wheel_fz_n": 41.66369283337978,
    "tire_rl_force_wheel_fz_n": 24.207752616787083,
    "tire_rr_force_wheel_fz_n": 23.299594657159485,
    "tire_fl_spindle_omega_radps": 0.05530072674937026,
    "tire_fr_spindle_omega_radps": 0.060723946175749145,
    "tire_rl_spindle_omega_radps": 0.0586636614306715,
    "tire_rr_spindle_omega_radps": 0.04893927012958253
  },
  "val_crm_loss": 0.09104231544944924,
  "val_crm_rmse": {
    "vel_body_x_mps": 0.0030402789100498124,
    "vel_body_y_mps": 0.002511896381496962,
    "roll_rad": 5.4170034322266225e-05,
    "pitch_rad": 4.890306194869905e-05,
    "roll_rate_radps": 0.003856057704116203,
    "ang_vel_body_y_radps": 0.0026834504397106823,
    "yaw_rate_radps": 0.0023544560071176563,
    "tire_fl_force_wheel_fz_n": 627.4027317132358,
    "tire_fr_force_wheel_fz_n": 625.0410767400049,
    "tire_rl_force_wheel_fz_n": 929.7536605699714,
    "tire_rr_force_wheel_fz_n": 967.5928013699773,
    "tire_fl_spindle_omega_radps": 0.1370085744061419,
    "tire_fr_spindle_omega_radps": 0.13672757009118988,
    "tire_rl_spindle_omega_radps": 0.1582572778746812,
    "tire_rr_spindle_omega_radps": 0.15757883384780955
  },
  "val_mixed_loss": 0.04717383746750784,
  "rollout_flat_5.0s": {
    "xy_rmse_m": 1.8444741136856508,
    "yaw_rmse_rad": 0.1301690330816735,
    "errdist": 0.24294422800912135,
    "mean_dist_m": 7.592170963684718,
    "episodes": 12
  },
  "rollout_flat_10.0s": {
    "xy_rmse_m": 7.717212812679938,
    "yaw_rmse_rad": 0.48103604816356815,
    "errdist": 0.2191324855427843,
    "mean_dist_m": 35.2171098391215,
    "episodes": 12
  },
  "rollout_crm_5.0s": {
    "xy_rmse_m": 0.7441608230372774,
    "yaw_rmse_rad": 0.05421142153219876,
    "errdist": 0.10398387783774357,
    "mean_dist_m": 7.1565019357949495,
    "episodes": 12
  },
  "rollout_crm_10.0s": {
    "xy_rmse_m": 2.6573294222213257,
    "yaw_rmse_rad": 0.1610782130320372,
    "errdist": 0.10613693316086359,
    "mean_dist_m": 25.036802393694717,
    "episodes": 12
  },
  "rollout_sel": 0.16263470935182395
}
{
  "epoch": 32,
  "timestamp_utc": "2026-07-15T15:35:47.849411+00:00",
  "train_loss": 0.021946450368501246,
  "val_loss": 0.003279723545347224,
  "val_rmse": {
    "vel_body_x_mps": 0.0008991498391727985,
    "vel_body_y_mps": 0.0007453224236676137,
    "roll_rad": 2.0155103205659787e-05,
    "pitch_rad": 9.20717694229658e-06,
    "roll_rate_radps": 0.0014534783685652888,
    "ang_vel_body_y_radps": 0.0008241820436099272,
    "yaw_rate_radps": 0.0013522374630668625,
    "tire_fl_force_wheel_fz_n": 40.50823124197347,
    "tire_fr_force_wheel_fz_n": 41.1266606632712,
    "tire_rl_force_wheel_fz_n": 23.620367128662682,
    "tire_rr_force_wheel_fz_n": 22.76294499642602,
    "tire_fl_spindle_omega_radps": 0.05953153099619656,
    "tire_fr_spindle_omega_radps": 0.06389934518816977,
    "tire_rl_spindle_omega_radps": 0.06438450513122414,
    "tire_rr_spindle_omega_radps": 0.05153752569700727
  },
  "val_flat_loss": 0.003279723545347224,
  "val_flat_rmse": {
    "vel_body_x_mps": 0.0008991498391727985,
    "vel_body_y_mps": 0.0007453224236676137,
    "roll_rad": 2.0155103205659787e-05,
    "pitch_rad": 9.20717694229658e-06,
    "roll_rate_radps": 0.0014534783685652888,
    "ang_vel_body_y_radps": 0.0008241820436099272,
    "yaw_rate_radps": 0.0013522374630668625,
    "tire_fl_force_wheel_fz_n": 40.50823124197347,
    "tire_fr_force_wheel_fz_n": 41.1266606632712,
    "tire_rl_force_wheel_fz_n": 23.620367128662682,
    "tire_rr_force_wheel_fz_n": 22.76294499642602,
    "tire_fl_spindle_omega_radps": 0.05953153099619656,
    "tire_fr_spindle_omega_radps": 0.06389934518816977,
    "tire_rl_spindle_omega_radps": 0.06438450513122414,
    "tire_rr_spindle_omega_radps": 0.05153752569700727
  },
  "val_crm_loss": 0.09189343440753873,
  "val_crm_rmse": {
    "vel_body_x_mps": 0.003041963685451816,
    "vel_body_y_mps": 0.002482651639291278,
    "roll_rad": 4.9502149086291064e-05,
    "pitch_rad": 3.4865043270299635e-05,
    "roll_rate_radps": 0.003915977105452935,
    "ang_vel_body_y_radps": 0.00261797449874901,
    "yaw_rate_radps": 0.0023612211943428614,
    "tire_fl_force_wheel_fz_n": 627.1257848524931,
    "tire_fr_force_wheel_fz_n": 639.0559266948767,
    "tire_rl_force_wheel_fz_n": 934.2954078768062,
    "tire_rr_force_wheel_fz_n": 971.4066233439975,
    "tire_fl_spindle_omega_radps": 0.13897772852171053,
    "tire_fr_spindle_omega_radps": 0.14018501110093481,
    "tire_rl_spindle_omega_radps": 0.1608765220851615,
    "tire_rr_spindle_omega_radps": 0.16175209180865593
  },
  "val_mixed_loss": 0.04758657897644298,
  "rollout_flat_5.0s": {
    "xy_rmse_m": 0.9364133622839171,
    "yaw_rmse_rad": 0.06491916438142745,
    "errdist": 0.12333934085033386,
    "mean_dist_m": 7.592170963684718,
    "episodes": 12
  },
  "rollout_flat_10.0s": {
    "xy_rmse_m": 6.593874445700574,
    "yaw_rmse_rad": 0.19860132688669402,
    "errdist": 0.1872349683384768,
    "mean_dist_m": 35.2171098391215,
    "episodes": 12
  },
  "rollout_crm_5.0s": {
    "xy_rmse_m": 0.7920680896215943,
    "yaw_rmse_rad": 0.027910250500537005,
    "errdist": 0.11067810736693537,
    "mean_dist_m": 7.1565019357949495,
    "episodes": 12
  },
  "rollout_crm_10.0s": {
    "xy_rmse_m": 3.1191347823338096,
    "yaw_rmse_rad": 0.1008194728628158,
    "errdist": 0.12458199466874949,
    "mean_dist_m": 25.036802393694717,
    "episodes": 12
  },
  "rollout_sel": 0.15590848150361314
}
{
  "epoch": 33,
  "timestamp_utc": "2026-07-15T15:36:52.766934+00:00",
  "train_loss": 0.021654803034849464,
  "val_loss": 0.0032277351256379916,
  "val_rmse": {
    "vel_body_x_mps": 0.0008422821439612542,
    "vel_body_y_mps": 0.0007352004434147187,
    "roll_rad": 1.6186316054885426e-05,
    "pitch_rad": 9.590985766873035e-06,
    "roll_rate_radps": 0.001446065870540634,
    "ang_vel_body_y_radps": 0.0007893273599534685,
    "yaw_rate_radps": 0.0013513018047296114,
    "tire_fl_force_wheel_fz_n": 38.7106568647542,
    "tire_fr_force_wheel_fz_n": 40.07993204997636,
    "tire_rl_force_wheel_fz_n": 23.882479715820857,
    "tire_rr_force_wheel_fz_n": 22.44623924957849,
    "tire_fl_spindle_omega_radps": 0.05652948727758583,
    "tire_fr_spindle_omega_radps": 0.0649399556368472,
    "tire_rl_spindle_omega_radps": 0.06387965740308629,
    "tire_rr_spindle_omega_radps": 0.04910816756046409
  },
  "val_flat_loss": 0.0032277351256379916,
  "val_flat_rmse": {
    "vel_body_x_mps": 0.0008422821439612542,
    "vel_body_y_mps": 0.0007352004434147187,
    "roll_rad": 1.6186316054885426e-05,
    "pitch_rad": 9.590985766873035e-06,
    "roll_rate_radps": 0.001446065870540634,
    "ang_vel_body_y_radps": 0.0007893273599534685,
    "yaw_rate_radps": 0.0013513018047296114,
    "tire_fl_force_wheel_fz_n": 38.7106568647542,
    "tire_fr_force_wheel_fz_n": 40.07993204997636,
    "tire_rl_force_wheel_fz_n": 23.882479715820857,
    "tire_rr_force_wheel_fz_n": 22.44623924957849,
    "tire_fl_spindle_omega_radps": 0.05652948727758583,
    "tire_fr_spindle_omega_radps": 0.0649399556368472,
    "tire_rl_spindle_omega_radps": 0.06387965740308629,
    "tire_rr_spindle_omega_radps": 0.04910816756046409
  },
  "val_crm_loss": 0.09096785313391592,
  "val_crm_rmse": {
    "vel_body_x_mps": 0.0030299233212191354,
    "vel_body_y_mps": 0.002474826359188281,
    "roll_rad": 6.07313025458572e-05,
    "pitch_rad": 3.365324978924997e-05,
    "roll_rate_radps": 0.003886073574400355,
    "ang_vel_body_y_radps": 0.0026024735772865954,
    "yaw_rate_radps": 0.0023428242098902687,
    "tire_fl_force_wheel_fz_n": 622.078944661458,
    "tire_fr_force_wheel_fz_n": 620.9050446054565,
    "tire_rl_force_wheel_fz_n": 936.5597350780059,
    "tire_rr_force_wheel_fz_n": 971.8676318224512,
    "tire_fl_spindle_omega_radps": 0.135067496533245,
    "tire_fr_spindle_omega_radps": 0.137437662911523,
    "tire_rl_spindle_omega_radps": 0.15774095707661404,
    "tire_rr_spindle_omega_radps": 0.1565590508701026
  },
  "val_mixed_loss": 0.04709779412977696,
  "rollout_flat_5.0s": {
    "xy_rmse_m": 1.1278641929558262,
    "yaw_rmse_rad": 0.06607151774000328,
    "errdist": 0.14855621644331865,
    "mean_dist_m": 7.592170963684718,
    "episodes": 12
  },
  "rollout_flat_10.0s": {
    "xy_rmse_m": 3.704971555805716,
    "yaw_rmse_rad": 0.12967072777700858,
    "errdist": 0.10520373684072133,
    "mean_dist_m": 35.2171098391215,
    "episodes": 12
  },
  "rollout_crm_5.0s": {
    "xy_rmse_m": 0.681755512921218,
    "yaw_rmse_rad": 0.02612858926796845,
    "errdist": 0.0952637921484036,
    "mean_dist_m": 7.1565019357949495,
    "episodes": 12
  },
  "rollout_crm_10.0s": {
    "xy_rmse_m": 2.4716112326461066,
    "yaw_rmse_rad": 0.07700090151600687,
    "errdist": 0.09871912530126285,
    "mean_dist_m": 25.036802393694717,
    "episodes": 12
  },
  "rollout_sel": 0.10196143107099209
}
{
  "epoch": 34,
  "timestamp_utc": "2026-07-15T15:37:59.208129+00:00",
  "train_loss": 0.02139558316022158,
  "val_loss": 0.0030425935892708367,
  "val_rmse": {
    "vel_body_x_mps": 0.0008070511264364972,
    "vel_body_y_mps": 0.0007211984843825831,
    "roll_rad": 1.9841220345488395e-05,
    "pitch_rad": 9.594274021578884e-06,
    "roll_rate_radps": 0.0014379418619412197,
    "ang_vel_body_y_radps": 0.0007233898272351149,
    "yaw_rate_radps": 0.001326773695946122,
    "tire_fl_force_wheel_fz_n": 40.35833458965761,
    "tire_fr_force_wheel_fz_n": 39.520366473533045,
    "tire_rl_force_wheel_fz_n": 23.571247984592805,
    "tire_rr_force_wheel_fz_n": 22.634645487648957,
    "tire_fl_spindle_omega_radps": 0.05343772095222095,
    "tire_fr_spindle_omega_radps": 0.053413890235996214,
    "tire_rl_spindle_omega_radps": 0.052163217141006635,
    "tire_rr_spindle_omega_radps": 0.049343172201772305
  },
  "val_flat_loss": 0.0030425935892708367,
  "val_flat_rmse": {
    "vel_body_x_mps": 0.0008070511264364972,
    "vel_body_y_mps": 0.0007211984843825831,
    "roll_rad": 1.9841220345488395e-05,
    "pitch_rad": 9.594274021578884e-06,
    "roll_rate_radps": 0.0014379418619412197,
    "ang_vel_body_y_radps": 0.0007233898272351149,
    "yaw_rate_radps": 0.001326773695946122,
    "tire_fl_force_wheel_fz_n": 40.35833458965761,
    "tire_fr_force_wheel_fz_n": 39.520366473533045,
    "tire_rl_force_wheel_fz_n": 23.571247984592805,
    "tire_rr_force_wheel_fz_n": 22.634645487648957,
    "tire_fl_spindle_omega_radps": 0.05343772095222095,
    "tire_fr_spindle_omega_radps": 0.053413890235996214,
    "tire_rl_spindle_omega_radps": 0.052163217141006635,
    "tire_rr_spindle_omega_radps": 0.049343172201772305
  },
  "val_crm_loss": 0.09117883304832503,
  "val_crm_rmse": {
    "vel_body_x_mps": 0.002985770143875364,
    "vel_body_y_mps": 0.0024670694937917372,
    "roll_rad": 5.276227970255688e-05,
    "pitch_rad": 3.6661772797128495e-05,
    "roll_rate_radps": 0.003815407104721651,
    "ang_vel_body_y_radps": 0.0025699191127357413,
    "yaw_rate_radps": 0.0023567696165174112,
    "tire_fl_force_wheel_fz_n": 615.083536023052,
    "tire_fr_force_wheel_fz_n": 625.8440874213433,
    "tire_rl_force_wheel_fz_n": 930.4871316437111,
    "tire_rr_force_wheel_fz_n": 982.9485396235942,
    "tire_fl_spindle_omega_radps": 0.132095634954163,
    "tire_fr_spindle_omega_radps": 0.1336389753905209,
    "tire_rl_spindle_omega_radps": 0.15554248849127103,
    "tire_rr_spindle_omega_radps": 0.15615021516588837
  },
  "val_mixed_loss": 0.04711071331879793,
  "rollout_flat_5.0s": {
    "xy_rmse_m": 1.8163816649383122,
    "yaw_rmse_rad": 0.12238019492467793,
    "errdist": 0.23924404147727008,
    "mean_dist_m": 7.592170963684718,
    "episodes": 12
  },
  "rollout_flat_10.0s": {
    "xy_rmse_m": 6.5466651067841966,
    "yaw_rmse_rad": 0.3441914331973856,
    "errdist": 0.18589444553203305,
    "mean_dist_m": 35.2171098391215,
    "episodes": 12
  },
  "rollout_crm_5.0s": {
    "xy_rmse_m": 0.9243527906121403,
    "yaw_rmse_rad": 0.04779931996262807,
    "errdist": 0.12916265501009222,
    "mean_dist_m": 7.1565019357949495,
    "episodes": 12
  },
  "rollout_crm_10.0s": {
    "xy_rmse_m": 3.2545130283463966,
    "yaw_rmse_rad": 0.12428319880567691,
    "errdist": 0.12998916463733465,
    "mean_dist_m": 25.036802393694717,
    "episodes": 12
  },
  "rollout_sel": 0.15794180508468386
}
{
  "epoch": 35,
  "timestamp_utc": "2026-07-15T15:39:04.999209+00:00",
  "train_loss": 0.02098573255119845,
  "val_loss": 0.003060957393681747,
  "val_rmse": {
    "vel_body_x_mps": 0.000813192149734255,
    "vel_body_y_mps": 0.0007563530466841398,
    "roll_rad": 1.9806633776355818e-05,
    "pitch_rad": 8.266963048326487e-06,
    "roll_rate_radps": 0.001420972753664815,
    "ang_vel_body_y_radps": 0.000709901170047055,
    "yaw_rate_radps": 0.0013471190426394052,
    "tire_fl_force_wheel_fz_n": 40.88833159245674,
    "tire_fr_force_wheel_fz_n": 42.09870983704392,
    "tire_rl_force_wheel_fz_n": 24.824453177869103,
    "tire_rr_force_wheel_fz_n": 23.89091465816206,
    "tire_fl_spindle_omega_radps": 0.054163923219995955,
    "tire_fr_spindle_omega_radps": 0.05316628837028855,
    "tire_rl_spindle_omega_radps": 0.050613569070420084,
    "tire_rr_spindle_omega_radps": 0.04752718783607271
  },
  "val_flat_loss": 0.003060957393681747,
  "val_flat_rmse": {
    "vel_body_x_mps": 0.000813192149734255,
    "vel_body_y_mps": 0.0007563530466841398,
    "roll_rad": 1.9806633776355818e-05,
    "pitch_rad": 8.266963048326487e-06,
    "roll_rate_radps": 0.001420972753664815,
    "ang_vel_body_y_radps": 0.000709901170047055,
    "yaw_rate_radps": 0.0013471190426394052,
    "tire_fl_force_wheel_fz_n": 40.88833159245674,
    "tire_fr_force_wheel_fz_n": 42.09870983704392,
    "tire_rl_force_wheel_fz_n": 24.824453177869103,
    "tire_rr_force_wheel_fz_n": 23.89091465816206,
    "tire_fl_spindle_omega_radps": 0.054163923219995955,
    "tire_fr_spindle_omega_radps": 0.05316628837028855,
    "tire_rl_spindle_omega_radps": 0.050613569070420084,
    "tire_rr_spindle_omega_radps": 0.04752718783607271
  },
  "val_crm_loss": 0.09214198291301727,
  "val_crm_rmse": {
    "vel_body_x_mps": 0.002998623726596211,
    "vel_body_y_mps": 0.0024527031508711776,
    "roll_rad": 5.415872403897107e-05,
    "pitch_rad": 3.997217864210425e-05,
    "roll_rate_radps": 0.0038478986879244502,
    "ang_vel_body_y_radps": 0.0025396486519516904,
    "yaw_rate_radps": 0.0023705880967076604,
    "tire_fl_force_wheel_fz_n": 616.2192197086043,
    "tire_fr_force_wheel_fz_n": 640.4996070106605,
    "tire_rl_force_wheel_fz_n": 943.7866052607079,
    "tire_rr_force_wheel_fz_n": 979.0512163244584,
    "tire_fl_spindle_omega_radps": 0.13229901903594848,
    "tire_fr_spindle_omega_radps": 0.13114605764131196,
    "tire_rl_spindle_omega_radps": 0.15366992834436952,
    "tire_rr_spindle_omega_radps": 0.15257816135323532
  },
  "val_mixed_loss": 0.04760147015334951,
  "rollout_flat_5.0s": {
    "xy_rmse_m": 0.786536301813227,
    "yaw_rmse_rad": 0.039640927930745,
    "errdist": 0.10359833907526976,
    "mean_dist_m": 7.592170963684718,
    "episodes": 12
  },
  "rollout_flat_10.0s": {
    "xy_rmse_m": 3.1226330627644354,
    "yaw_rmse_rad": 0.1814273788409734,
    "errdist": 0.08866806722724327,
    "mean_dist_m": 35.2171098391215,
    "episodes": 12
  },
  "rollout_crm_5.0s": {
    "xy_rmse_m": 0.533457438612715,
    "yaw_rmse_rad": 0.033012700179844964,
    "errdist": 0.0745416466590333,
    "mean_dist_m": 7.1565019357949495,
    "episodes": 12
  },
  "rollout_crm_10.0s": {
    "xy_rmse_m": 1.6477123955990742,
    "yaw_rmse_rad": 0.06776749312746233,
    "errdist": 0.06581161482562306,
    "mean_dist_m": 25.036802393694717,
    "episodes": 12
  },
  "rollout_sel": 0.07723984102643316
}
{
  "epoch": 36,
  "timestamp_utc": "2026-07-15T15:40:10.105868+00:00",
  "train_loss": 0.020947003176435827,
  "val_loss": 0.003239387235189497,
  "val_rmse": {
    "vel_body_x_mps": 0.000858577307429952,
    "vel_body_y_mps": 0.0008366724639713259,
    "roll_rad": 1.5035300425123461e-05,
    "pitch_rad": 1.0485275514744434e-05,
    "roll_rate_radps": 0.0014448629769860158,
    "ang_vel_body_y_radps": 0.000792126278813605,
    "yaw_rate_radps": 0.0013450344151342713,
    "tire_fl_force_wheel_fz_n": 39.52810241290836,
    "tire_fr_force_wheel_fz_n": 40.43176471236923,
    "tire_rl_force_wheel_fz_n": 23.5273309969626,
    "tire_rr_force_wheel_fz_n": 22.89051048963632,
    "tire_fl_spindle_omega_radps": 0.057734362922386415,
    "tire_fr_spindle_omega_radps": 0.05814692856574898,
    "tire_rl_spindle_omega_radps": 0.056968951856342126,
    "tire_rr_spindle_omega_radps": 0.051959704765944865
  },
  "val_flat_loss": 0.003239387235189497,
  "val_flat_rmse": {
    "vel_body_x_mps": 0.000858577307429952,
    "vel_body_y_mps": 0.0008366724639713259,
    "roll_rad": 1.5035300425123461e-05,
    "pitch_rad": 1.0485275514744434e-05,
    "roll_rate_radps": 0.0014448629769860158,
    "ang_vel_body_y_radps": 0.000792126278813605,
    "yaw_rate_radps": 0.0013450344151342713,
    "tire_fl_force_wheel_fz_n": 39.52810241290836,
    "tire_fr_force_wheel_fz_n": 40.43176471236923,
    "tire_rl_force_wheel_fz_n": 23.5273309969626,
    "tire_rr_force_wheel_fz_n": 22.89051048963632,
    "tire_fl_spindle_omega_radps": 0.057734362922386415,
    "tire_fr_spindle_omega_radps": 0.05814692856574898,
    "tire_rl_spindle_omega_radps": 0.056968951856342126,
    "tire_rr_spindle_omega_radps": 0.051959704765944865
  },
  "val_crm_loss": 0.0923633440915728,
  "val_crm_rmse": {
    "vel_body_x_mps": 0.0030387841283124393,
    "vel_body_y_mps": 0.0024640556178233356,
    "roll_rad": 4.661862064859299e-05,
    "pitch_rad": 3.449743536895614e-05,
    "roll_rate_radps": 0.003817280283413982,
    "ang_vel_body_y_radps": 0.00260560449337507,
    "yaw_rate_radps": 0.002378437825604009,
    "tire_fl_force_wheel_fz_n": 626.6903546160956,
    "tire_fr_force_wheel_fz_n": 635.2455570978045,
    "tire_rl_force_wheel_fz_n": 947.4945567937626,
    "tire_rr_force_wheel_fz_n": 985.5144668833332,
    "tire_fl_spindle_omega_radps": 0.1364395974090557,
    "tire_fr_spindle_omega_radps": 0.13727807015474236,
    "tire_rl_spindle_omega_radps": 0.16010190081017334,
    "tire_rr_spindle_omega_radps": 0.15881998316722357
  },
  "val_mixed_loss": 0.047801365663381154,
  "rollout_flat_5.0s": {
    "xy_rmse_m": 1.484251718267074,
    "yaw_rmse_rad": 0.09325845266118825,
    "errdist": 0.19549766797489504,
    "mean_dist_m": 7.592170963684718,
    "episodes": 12
  },
  "rollout_flat_10.0s": {
    "xy_rmse_m": 6.646828570267264,
    "yaw_rmse_rad": 0.2641628411521484,
    "errdist": 0.18873861599180766,
    "mean_dist_m": 35.2171098391215,
    "episodes": 12
  },
  "rollout_crm_5.0s": {
    "xy_rmse_m": 0.6625559779575664,
    "yaw_rmse_rad": 0.03439553868213574,
    "errdist": 0.09258098214766558,
    "mean_dist_m": 7.1565019357949495,
    "episodes": 12
  },
  "rollout_crm_10.0s": {
    "xy_rmse_m": 1.5122958377048925,
    "yaw_rmse_rad": 0.08026047469678922,
    "errdist": 0.06040291463440835,
    "mean_dist_m": 25.036802393694717,
    "episodes": 12
  },
  "rollout_sel": 0.12457076531310801
}
{
  "epoch": 37,
  "timestamp_utc": "2026-07-15T15:41:16.039295+00:00",
  "train_loss": 0.02070428305119276,
  "val_loss": 0.0031217543862294404,
  "val_rmse": {
    "vel_body_x_mps": 0.0008175591441672244,
    "vel_body_y_mps": 0.000750516168071603,
    "roll_rad": 1.913643882341752e-05,
    "pitch_rad": 8.285269373139574e-06,
    "roll_rate_radps": 0.001455098451941792,
    "ang_vel_body_y_radps": 0.0007222255236438665,
    "yaw_rate_radps": 0.0013344448183673495,
    "tire_fl_force_wheel_fz_n": 40.07549665170665,
    "tire_fr_force_wheel_fz_n": 39.99213786368579,
    "tire_rl_force_wheel_fz_n": 23.830413335264204,
    "tire_rr_force_wheel_fz_n": 22.729016676098144,
    "tire_fl_spindle_omega_radps": 0.05579634188809425,
    "tire_fr_spindle_omega_radps": 0.055612758973522775,
    "tire_rl_spindle_omega_radps": 0.05018726396281354,
    "tire_rr_spindle_omega_radps": 0.04864741929603962
  },
  "val_flat_loss": 0.0031217543862294404,
  "val_flat_rmse": {
    "vel_body_x_mps": 0.0008175591441672244,
    "vel_body_y_mps": 0.000750516168071603,
    "roll_rad": 1.913643882341752e-05,
    "pitch_rad": 8.285269373139574e-06,
    "roll_rate_radps": 0.001455098451941792,
    "ang_vel_body_y_radps": 0.0007222255236438665,
    "yaw_rate_radps": 0.0013344448183673495,
    "tire_fl_force_wheel_fz_n": 40.07549665170665,
    "tire_fr_force_wheel_fz_n": 39.99213786368579,
    "tire_rl_force_wheel_fz_n": 23.830413335264204,
    "tire_rr_force_wheel_fz_n": 22.729016676098144,
    "tire_fl_spindle_omega_radps": 0.05579634188809425,
    "tire_fr_spindle_omega_radps": 0.055612758973522775,
    "tire_rl_spindle_omega_radps": 0.05018726396281354,
    "tire_rr_spindle_omega_radps": 0.04864741929603962
  },
  "val_crm_loss": 0.09112505948753097,
  "val_crm_rmse": {
    "vel_body_x_mps": 0.002969778361281175,
    "vel_body_y_mps": 0.00246726704637905,
    "roll_rad": 5.4375741687116014e-05,
    "pitch_rad": 3.729458630806203e-05,
    "roll_rate_radps": 0.003794689712296397,
    "ang_vel_body_y_radps": 0.0025258440763287243,
    "yaw_rate_radps": 0.002351064807139909,
    "tire_fl_force_wheel_fz_n": 616.6467978734964,
    "tire_fr_force_wheel_fz_n": 622.9718241847117,
    "tire_rl_force_wheel_fz_n": 947.4825900464673,
    "tire_rr_force_wheel_fz_n": 984.7687901683936,
    "tire_fl_spindle_omega_radps": 0.13257703300312235,
    "tire_fr_spindle_omega_radps": 0.13297936515205128,
    "tire_rl_spindle_omega_radps": 0.15533321882620854,
    "tire_rr_spindle_omega_radps": 0.15588043753162578
  },
  "val_mixed_loss": 0.047123406936880205,
  "rollout_flat_5.0s": {
    "xy_rmse_m": 1.1275566471415175,
    "yaw_rmse_rad": 0.04868799320555911,
    "errdist": 0.14851570815974868,
    "mean_dist_m": 7.592170963684718,
    "episodes": 12
  },
  "rollout_flat_10.0s": {
    "xy_rmse_m": 3.525180549777365,
    "yaw_rmse_rad": 0.09869856793516708,
    "errdist": 0.10009851932430187,
    "mean_dist_m": 35.2171098391215,
    "episodes": 12
  },
  "rollout_crm_5.0s": {
    "xy_rmse_m": 1.093949223330726,
    "yaw_rmse_rad": 0.06546198723774585,
    "errdist": 0.15286088554787897,
    "mean_dist_m": 7.1565019357949495,
    "episodes": 12
  },
  "rollout_crm_10.0s": {
    "xy_rmse_m": 3.3655160167620704,
    "yaw_rmse_rad": 0.1482293659440303,
    "errdist": 0.1344227575007599,
    "mean_dist_m": 25.036802393694717,
    "episodes": 12
  },
  "rollout_sel": 0.1172606384125309
}
{
  "epoch": 38,
  "timestamp_utc": "2026-07-15T15:42:20.574853+00:00",
  "train_loss": 0.020396126095205545,
  "val_loss": 0.0029198331206498553,
  "val_rmse": {
    "vel_body_x_mps": 0.0008140457193400165,
    "vel_body_y_mps": 0.0006933083171372868,
    "roll_rad": 1.5952170977482937e-05,
    "pitch_rad": 8.840050901531176e-06,
    "roll_rate_radps": 0.0013920176272144568,
    "ang_vel_body_y_radps": 0.0006890964946009079,
    "yaw_rate_radps": 0.0013267466923163385,
    "tire_fl_force_wheel_fz_n": 39.780808372173816,
    "tire_fr_force_wheel_fz_n": 39.10420616385014,
    "tire_rl_force_wheel_fz_n": 23.02536175906512,
    "tire_rr_force_wheel_fz_n": 22.91541663157971,
    "tire_fl_spindle_omega_radps": 0.052067308599698804,
    "tire_fr_spindle_omega_radps": 0.050912346164815846,
    "tire_rl_spindle_omega_radps": 0.04977228767673874,
    "tire_rr_spindle_omega_radps": 0.04703351594274343
  },
  "val_flat_loss": 0.0029198331206498553,
  "val_flat_rmse": {
    "vel_body_x_mps": 0.0008140457193400165,
    "vel_body_y_mps": 0.0006933083171372868,
    "roll_rad": 1.5952170977482937e-05,
    "pitch_rad": 8.840050901531176e-06,
    "roll_rate_radps": 0.0013920176272144568,
    "ang_vel_body_y_radps": 0.0006890964946009079,
    "yaw_rate_radps": 0.0013267466923163385,
    "tire_fl_force_wheel_fz_n": 39.780808372173816,
    "tire_fr_force_wheel_fz_n": 39.10420616385014,
    "tire_rl_force_wheel_fz_n": 23.02536175906512,
    "tire_rr_force_wheel_fz_n": 22.91541663157971,
    "tire_fl_spindle_omega_radps": 0.052067308599698804,
    "tire_fr_spindle_omega_radps": 0.050912346164815846,
    "tire_rl_spindle_omega_radps": 0.04977228767673874,
    "tire_rr_spindle_omega_radps": 0.04703351594274343
  },
  "val_crm_loss": 0.09210617693315726,
  "val_crm_rmse": {
    "vel_body_x_mps": 0.0029707630025520475,
    "vel_body_y_mps": 0.002462968926647042,
    "roll_rad": 5.4030792167099295e-05,
    "pitch_rad": 3.587533765003517e-05,
    "roll_rate_radps": 0.0038318705948297968,
    "ang_vel_body_y_radps": 0.002547643596802543,
    "yaw_rate_radps": 0.0023345608183526463,
    "tire_fl_force_wheel_fz_n": 617.9594502480554,
    "tire_fr_force_wheel_fz_n": 633.1356334057386,
    "tire_rl_force_wheel_fz_n": 958.7402441476477,
    "tire_rr_force_wheel_fz_n": 988.9741925287302,
    "tire_fl_spindle_omega_radps": 0.13492031536613713,
    "tire_fr_spindle_omega_radps": 0.13608609932469737,
    "tire_rl_spindle_omega_radps": 0.15820195390995798,
    "tire_rr_spindle_omega_radps": 0.15829272222869248
  },
  "val_mixed_loss": 0.04751300502690356,
  "rollout_flat_5.0s": {
    "xy_rmse_m": 1.2738940737038786,
    "yaw_rmse_rad": 0.0760202477474968,
    "errdist": 0.16779048835928978,
    "mean_dist_m": 7.592170963684718,
    "episodes": 12
  },
  "rollout_flat_10.0s": {
    "xy_rmse_m": 5.173946746430217,
    "yaw_rmse_rad": 0.25300605616652677,
    "errdist": 0.14691571142736576,
    "mean_dist_m": 35.2171098391215,
    "episodes": 12
  },
  "rollout_crm_5.0s": {
    "xy_rmse_m": 0.875463565078261,
    "yaw_rmse_rad": 0.04469853740602787,
    "errdist": 0.1223312133403362,
    "mean_dist_m": 7.1565019357949495,
    "episodes": 12
  },
  "rollout_crm_10.0s": {
    "xy_rmse_m": 3.0234749329292567,
    "yaw_rmse_rad": 0.13309051549091713,
    "errdist": 0.12076122523100995,
    "mean_dist_m": 25.036802393694717,
    "episodes": 12
  },
  "rollout_sel": 0.13383846832918786
}
{
  "epoch": 39,
  "timestamp_utc": "2026-07-15T15:43:25.768192+00:00",
  "train_loss": 0.020070174457505346,
  "val_loss": 0.002937326536521141,
  "val_rmse": {
    "vel_body_x_mps": 0.0007853917575956636,
    "vel_body_y_mps": 0.0007115745117301344,
    "roll_rad": 1.800317742329998e-05,
    "pitch_rad": 8.472122544757026e-06,
    "roll_rate_radps": 0.0014308069366857322,
    "ang_vel_body_y_radps": 0.0006990455066442084,
    "yaw_rate_radps": 0.0013298783219043322,
    "tire_fl_force_wheel_fz_n": 40.18795244558461,
    "tire_fr_force_wheel_fz_n": 40.78318867240092,
    "tire_rl_force_wheel_fz_n": 23.68910966230259,
    "tire_rr_force_wheel_fz_n": 22.820012216965917,
    "tire_fl_spindle_omega_radps": 0.05353614015495201,
    "tire_fr_spindle_omega_radps": 0.05225896881690365,
    "tire_rl_spindle_omega_radps": 0.05026647386866143,
    "tire_rr_spindle_omega_radps": 0.04789271270700397
  },
  "val_flat_loss": 0.002937326536521141,
  "val_flat_rmse": {
    "vel_body_x_mps": 0.0007853917575956636,
    "vel_body_y_mps": 0.0007115745117301344,
    "roll_rad": 1.800317742329998e-05,
    "pitch_rad": 8.472122544757026e-06,
    "roll_rate_radps": 0.0014308069366857322,
    "ang_vel_body_y_radps": 0.0006990455066442084,
    "yaw_rate_radps": 0.0013298783219043322,
    "tire_fl_force_wheel_fz_n": 40.18795244558461,
    "tire_fr_force_wheel_fz_n": 40.78318867240092,
    "tire_rl_force_wheel_fz_n": 23.68910966230259,
    "tire_rr_force_wheel_fz_n": 22.820012216965917,
    "tire_fl_spindle_omega_radps": 0.05353614015495201,
    "tire_fr_spindle_omega_radps": 0.05225896881690365,
    "tire_rl_spindle_omega_radps": 0.05026647386866143,
    "tire_rr_spindle_omega_radps": 0.04789271270700397
  },
  "val_crm_loss": 0.0928152187296655,
  "val_crm_rmse": {
    "vel_body_x_mps": 0.003006450718485236,
    "vel_body_y_mps": 0.0024432871925652087,
    "roll_rad": 4.9074378933222363e-05,
    "pitch_rad": 3.588934122964247e-05,
    "roll_rate_radps": 0.0037972567968490023,
    "ang_vel_body_y_radps": 0.0026481237068555173,
    "yaw_rate_radps": 0.0023696042267253056,
    "tire_fl_force_wheel_fz_n": 631.1203229697406,
    "tire_fr_force_wheel_fz_n": 625.6107795196402,
    "tire_rl_force_wheel_fz_n": 952.828163357874,
    "tire_rr_force_wheel_fz_n": 988.5255794573325,
    "tire_fl_spindle_omega_radps": 0.13597663331709198,
    "tire_fr_spindle_omega_radps": 0.1367071009041299,
    "tire_rl_spindle_omega_radps": 0.15883307802471158,
    "tire_rr_spindle_omega_radps": 0.15945793536939123
  },
  "val_mixed_loss": 0.04787627263309332,
  "rollout_flat_5.0s": {
    "xy_rmse_m": 0.5693607675537136,
    "yaw_rmse_rad": 0.03371808629359398,
    "errdist": 0.07499314363139485,
    "mean_dist_m": 7.592170963684718,
    "episodes": 12
  },
  "rollout_flat_10.0s": {
    "xy_rmse_m": 4.078180167924863,
    "yaw_rmse_rad": 0.07606944955967951,
    "errdist": 0.1158011031159221,
    "mean_dist_m": 35.2171098391215,
    "episodes": 12
  },
  "rollout_crm_5.0s": {
    "xy_rmse_m": 0.5227365361166493,
    "yaw_rmse_rad": 0.03736130618631309,
    "errdist": 0.07304358201903893,
    "mean_dist_m": 7.1565019357949495,
    "episodes": 12
  },
  "rollout_crm_10.0s": {
    "xy_rmse_m": 1.921708156926522,
    "yaw_rmse_rad": 0.12615969865857327,
    "errdist": 0.07675533507467736,
    "mean_dist_m": 25.036802393694717,
    "episodes": 12
  },
  "rollout_sel": 0.09627821909529972
}
{
  "epoch": 40,
  "timestamp_utc": "2026-07-15T15:44:30.450620+00:00",
  "train_loss": 0.019858900791499764,
  "val_loss": 0.0029066782820518712,
  "val_rmse": {
    "vel_body_x_mps": 0.0008185219071538709,
    "vel_body_y_mps": 0.0007192878620500861,
    "roll_rad": 1.6644068738447106e-05,
    "pitch_rad": 9.833342332033977e-06,
    "roll_rate_radps": 0.0013895363665116162,
    "ang_vel_body_y_radps": 0.0007006012341697334,
    "yaw_rate_radps": 0.0013324052092246869,
    "tire_fl_force_wheel_fz_n": 38.21600960801479,
    "tire_fr_force_wheel_fz_n": 38.28945125560721,
    "tire_rl_force_wheel_fz_n": 22.936756131949803,
    "tire_rr_force_wheel_fz_n": 22.430813834179332,
    "tire_fl_spindle_omega_radps": 0.05312547476143169,
    "tire_fr_spindle_omega_radps": 0.0520618158728118,
    "tire_rl_spindle_omega_radps": 0.04958852694583909,
    "tire_rr_spindle_omega_radps": 0.04711270673099852
  },
  "val_flat_loss": 0.0029066782820518712,
  "val_flat_rmse": {
    "vel_body_x_mps": 0.0008185219071538709,
    "vel_body_y_mps": 0.0007192878620500861,
    "roll_rad": 1.6644068738447106e-05,
    "pitch_rad": 9.833342332033977e-06,
    "roll_rate_radps": 0.0013895363665116162,
    "ang_vel_body_y_radps": 0.0007006012341697334,
    "yaw_rate_radps": 0.0013324052092246869,
    "tire_fl_force_wheel_fz_n": 38.21600960801479,
    "tire_fr_force_wheel_fz_n": 38.28945125560721,
    "tire_rl_force_wheel_fz_n": 22.936756131949803,
    "tire_rr_force_wheel_fz_n": 22.430813834179332,
    "tire_fl_spindle_omega_radps": 0.05312547476143169,
    "tire_fr_spindle_omega_radps": 0.0520618158728118,
    "tire_rl_spindle_omega_radps": 0.04958852694583909,
    "tire_rr_spindle_omega_radps": 0.04711270673099852
  },
  "val_crm_loss": 0.09210605380416383,
  "val_crm_rmse": {
    "vel_body_x_mps": 0.003017504158713615,
    "vel_body_y_mps": 0.0024689690262693453,
    "roll_rad": 4.6334546630731816e-05,
    "pitch_rad": 4.085454803729326e-05,
    "roll_rate_radps": 0.0038299682724514,
    "ang_vel_body_y_radps": 0.002563759466070742,
    "yaw_rate_radps": 0.0023358593394562366,
    "tire_fl_force_wheel_fz_n": 623.9224002339329,
    "tire_fr_force_wheel_fz_n": 623.7375343702081,
    "tire_rl_force_wheel_fz_n": 955.2032961317282,
    "tire_rr_force_wheel_fz_n": 996.4093464895789,
    "tire_fl_spindle_omega_radps": 0.13570533716877473,
    "tire_fr_spindle_omega_radps": 0.13652478306582666,
    "tire_rl_spindle_omega_radps": 0.1584858297300549,
    "tire_rr_spindle_omega_radps": 0.15783997108113884
  },
  "val_mixed_loss": 0.04750636604310785,
  "rollout_flat_5.0s": {
    "xy_rmse_m": 1.5240616863437066,
    "yaw_rmse_rad": 0.08383752438067728,
    "errdist": 0.20074122324611507,
    "mean_dist_m": 7.592170963684718,
    "episodes": 12
  },
  "rollout_flat_10.0s": {
    "xy_rmse_m": 7.638524716858417,
    "yaw_rmse_rad": 0.2384459243992704,
    "errdist": 0.21689811434705064,
    "mean_dist_m": 35.2171098391215,
    "episodes": 12
  },
  "rollout_crm_5.0s": {
    "xy_rmse_m": 0.606317634545836,
    "yaw_rmse_rad": 0.04391561338197913,
    "errdist": 0.08472262566061693,
    "mean_dist_m": 7.1565019357949495,
    "episodes": 12
  },
  "rollout_crm_10.0s": {
    "xy_rmse_m": 1.6626335484301884,
    "yaw_rmse_rad": 0.11398880162750008,
    "errdist": 0.06640758361574588,
    "mean_dist_m": 25.036802393694717,
    "episodes": 12
  },
  "rollout_sel": 0.14165284898139827
}
{
  "epoch": 41,
  "timestamp_utc": "2026-07-15T15:45:34.682465+00:00",
  "train_loss": 0.01954966484475881,
  "val_loss": 0.002817102495500876,
  "val_rmse": {
    "vel_body_x_mps": 0.0007674389591858177,
    "vel_body_y_mps": 0.0007202181195050727,
    "roll_rad": 1.597037694863311e-05,
    "pitch_rad": 1.0020829167144276e-05,
    "roll_rate_radps": 0.0013875760801049678,
    "ang_vel_body_y_radps": 0.0006540224821882588,
    "yaw_rate_radps": 0.0013300907952958948,
    "tire_fl_force_wheel_fz_n": 39.38192642580273,
    "tire_fr_force_wheel_fz_n": 39.10572185187148,
    "tire_rl_force_wheel_fz_n": 23.378972755280174,
    "tire_rr_force_wheel_fz_n": 22.19174441377565,
    "tire_fl_spindle_omega_radps": 0.04991560479452508,
    "tire_fr_spindle_omega_radps": 0.04945778472929671,
    "tire_rl_spindle_omega_radps": 0.04839902812868721,
    "tire_rr_spindle_omega_radps": 0.044926566312429896
  },
  "val_flat_loss": 0.002817102495500876,
  "val_flat_rmse": {
    "vel_body_x_mps": 0.0007674389591858177,
    "vel_body_y_mps": 0.0007202181195050727,
    "roll_rad": 1.597037694863311e-05,
    "pitch_rad": 1.0020829167144276e-05,
    "roll_rate_radps": 0.0013875760801049678,
    "ang_vel_body_y_radps": 0.0006540224821882588,
    "yaw_rate_radps": 0.0013300907952958948,
    "tire_fl_force_wheel_fz_n": 39.38192642580273,
    "tire_fr_force_wheel_fz_n": 39.10572185187148,
    "tire_rl_force_wheel_fz_n": 23.378972755280174,
    "tire_rr_force_wheel_fz_n": 22.19174441377565,
    "tire_fl_spindle_omega_radps": 0.04991560479452508,
    "tire_fr_spindle_omega_radps": 0.04945778472929671,
    "tire_rl_spindle_omega_radps": 0.04839902812868721,
    "tire_rr_spindle_omega_radps": 0.044926566312429896
  },
  "val_crm_loss": 0.09259374920569825,
  "val_crm_rmse": {
    "vel_body_x_mps": 0.002978422034103438,
    "vel_body_y_mps": 0.0024596376354788572,
    "roll_rad": 4.459665482259753e-05,
    "pitch_rad": 3.685590702061532e-05,
    "roll_rate_radps": 0.003816026548005672,
    "ang_vel_body_y_radps": 0.0025657215370552965,
    "yaw_rate_radps": 0.0023619942803589002,
    "tire_fl_force_wheel_fz_n": 620.8504039083837,
    "tire_fr_force_wheel_fz_n": 623.8009374124101,
    "tire_rl_force_wheel_fz_n": 951.9975174494839,
    "tire_rr_force_wheel_fz_n": 996.2647873647692,
    "tire_fl_spindle_omega_radps": 0.13886040276378375,
    "tire_fr_spindle_omega_radps": 0.13913684865798695,
    "tire_rl_spindle_omega_radps": 0.16054200375485964,
    "tire_rr_spindle_omega_radps": 0.16091957107313448
  },
  "val_mixed_loss": 0.047705425850599566,
  "rollout_flat_5.0s": {
    "xy_rmse_m": 0.8797064476163414,
    "yaw_rmse_rad": 0.06795159973069478,
    "errdist": 0.115870210487119,
    "mean_dist_m": 7.592170963684718,
    "episodes": 12
  },
  "rollout_flat_10.0s": {
    "xy_rmse_m": 4.6700140829370875,
    "yaw_rmse_rad": 0.16388949409492554,
    "errdist": 0.13260639797730722,
    "mean_dist_m": 35.2171098391215,
    "episodes": 12
  },
  "rollout_crm_5.0s": {
    "xy_rmse_m": 0.7176720709329993,
    "yaw_rmse_rad": 0.03720245216340107,
    "errdist": 0.10028252313373821,
    "mean_dist_m": 7.1565019357949495,
    "episodes": 12
  },
  "rollout_crm_10.0s": {
    "xy_rmse_m": 2.164857472697808,
    "yaw_rmse_rad": 0.11294856218765818,
    "errdist": 0.08646701118841785,
    "mean_dist_m": 25.036802393694717,
    "episodes": 12
  },
  "rollout_sel": 0.10953670458286253
}
{
  "epoch": 42,
  "timestamp_utc": "2026-07-15T15:46:39.122855+00:00",
  "train_loss": 0.019246191530954092,
  "val_loss": 0.002926154109736672,
  "val_rmse": {
    "vel_body_x_mps": 0.0007960685029713254,
    "vel_body_y_mps": 0.0006895794432376851,
    "roll_rad": 1.5111124266156144e-05,
    "pitch_rad": 9.235307705410064e-06,
    "roll_rate_radps": 0.0013897150638523003,
    "ang_vel_body_y_radps": 0.0007263563879465818,
    "yaw_rate_radps": 0.001319940248988704,
    "tire_fl_force_wheel_fz_n": 39.7516208873617,
    "tire_fr_force_wheel_fz_n": 39.5179501849697,
    "tire_rl_force_wheel_fz_n": 24.008737893708503,
    "tire_rr_force_wheel_fz_n": 23.467830664334084,
    "tire_fl_spindle_omega_radps": 0.05324522697898404,
    "tire_fr_spindle_omega_radps": 0.05286345797368391,
    "tire_rl_spindle_omega_radps": 0.05309653393781281,
    "tire_rr_spindle_omega_radps": 0.04888241372677193
  },
  "val_flat_loss": 0.002926154109736672,
  "val_flat_rmse": {
    "vel_body_x_mps": 0.0007960685029713254,
    "vel_body_y_mps": 0.0006895794432376851,
    "roll_rad": 1.5111124266156144e-05,
    "pitch_rad": 9.235307705410064e-06,
    "roll_rate_radps": 0.0013897150638523003,
    "ang_vel_body_y_radps": 0.0007263563879465818,
    "yaw_rate_radps": 0.001319940248988704,
    "tire_fl_force_wheel_fz_n": 39.7516208873617,
    "tire_fr_force_wheel_fz_n": 39.5179501849697,
    "tire_rl_force_wheel_fz_n": 24.008737893708503,
    "tire_rr_force_wheel_fz_n": 23.467830664334084,
    "tire_fl_spindle_omega_radps": 0.05324522697898404,
    "tire_fr_spindle_omega_radps": 0.05286345797368391,
    "tire_rl_spindle_omega_radps": 0.05309653393781281,
    "tire_rr_spindle_omega_radps": 0.04888241372677193
  },
  "val_crm_loss": 0.0914907232177211,
  "val_crm_rmse": {
    "vel_body_x_mps": 0.0029532620752786773,
    "vel_body_y_mps": 0.002424998731835372,
    "roll_rad": 4.916570192360934e-05,
    "pitch_rad": 3.3279135550107174e-05,
    "roll_rate_radps": 0.003784268043651104,
    "ang_vel_body_y_radps": 0.002559928017046076,
    "yaw_rate_radps": 0.002326492344295782,
    "tire_fl_force_wheel_fz_n": 619.2900556759183,
    "tire_fr_force_wheel_fz_n": 620.924351067451,
    "tire_rl_force_wheel_fz_n": 956.8858476368615,
    "tire_rr_force_wheel_fz_n": 986.8096002322818,
    "tire_fl_spindle_omega_radps": 0.13197130464010554,
    "tire_fr_spindle_omega_radps": 0.13247366072586722,
    "tire_rl_spindle_omega_radps": 0.1550644785714828,
    "tire_rr_spindle_omega_radps": 0.154506322252968
  },
  "val_mixed_loss": 0.04720843866372889,
  "rollout_flat_5.0s": {
    "xy_rmse_m": 1.8424698570715408,
    "yaw_rmse_rad": 0.13776291720266834,
    "errdist": 0.24268023808796482,
    "mean_dist_m": 7.592170963684718,
    "episodes": 12
  },
  "rollout_flat_10.0s": {
    "xy_rmse_m": 7.629532683707507,
    "yaw_rmse_rad": 0.3688320066232553,
    "errdist": 0.2166427829700016,
    "mean_dist_m": 35.2171098391215,
    "episodes": 12
  },
  "rollout_crm_5.0s": {
    "xy_rmse_m": 0.8267835203061433,
    "yaw_rmse_rad": 0.043423238295212725,
    "errdist": 0.11552900114101676,
    "mean_dist_m": 7.1565019357949495,
    "episodes": 12
  },
  "rollout_crm_10.0s": {
    "xy_rmse_m": 2.291140854686945,
    "yaw_rmse_rad": 0.11525624497637395,
    "errdist": 0.0915109213492833,
    "mean_dist_m": 25.036802393694717,
    "episodes": 12
  },
  "rollout_sel": 0.15407685215964245
}
{
  "epoch": 43,
  "timestamp_utc": "2026-07-15T15:47:43.505148+00:00",
  "train_loss": 0.01902057283464819,
  "val_loss": 0.002964463935204549,
  "val_rmse": {
    "vel_body_x_mps": 0.0007575077985059913,
    "vel_body_y_mps": 0.0007381982371746532,
    "roll_rad": 1.4604853203864479e-05,
    "pitch_rad": 9.153756349604074e-06,
    "roll_rate_radps": 0.0014014359306874927,
    "ang_vel_body_y_radps": 0.0007010387828074645,
    "yaw_rate_radps": 0.0013379525003257037,
    "tire_fl_force_wheel_fz_n": 39.2713274644007,
    "tire_fr_force_wheel_fz_n": 39.972710818303135,
    "tire_rl_force_wheel_fz_n": 24.07010726568825,
    "tire_rr_force_wheel_fz_n": 22.30146197500366,
    "tire_fl_spindle_omega_radps": 0.05403137090064918,
    "tire_fr_spindle_omega_radps": 0.05508841340930165,
    "tire_rl_spindle_omega_radps": 0.05152846366852304,
    "tire_rr_spindle_omega_radps": 0.047311193014652114
  },
  "val_flat_loss": 0.002964463935204549,
  "val_flat_rmse": {
    "vel_body_x_mps": 0.0007575077985059913,
    "vel_body_y_mps": 0.0007381982371746532,
    "roll_rad": 1.4604853203864479e-05,
    "pitch_rad": 9.153756349604074e-06,
    "roll_rate_radps": 0.0014014359306874927,
    "ang_vel_body_y_radps": 0.0007010387828074645,
    "yaw_rate_radps": 0.0013379525003257037,
    "tire_fl_force_wheel_fz_n": 39.2713274644007,
    "tire_fr_force_wheel_fz_n": 39.972710818303135,
    "tire_rl_force_wheel_fz_n": 24.07010726568825,
    "tire_rr_force_wheel_fz_n": 22.30146197500366,
    "tire_fl_spindle_omega_radps": 0.05403137090064918,
    "tire_fr_spindle_omega_radps": 0.05508841340930165,
    "tire_rl_spindle_omega_radps": 0.05152846366852304,
    "tire_rr_spindle_omega_radps": 0.047311193014652114
  },
  "val_crm_loss": 0.09223555276053957,
  "val_crm_rmse": {
    "vel_body_x_mps": 0.00296944919941191,
    "vel_body_y_mps": 0.002421132300902183,
    "roll_rad": 4.530699848895578e-05,
    "pitch_rad": 3.631094476620107e-05,
    "roll_rate_radps": 0.0037252443476894727,
    "ang_vel_body_y_radps": 0.002609881357118026,
    "yaw_rate_radps": 0.0023437027648257327,
    "tire_fl_force_wheel_fz_n": 616.7533975533128,
    "tire_fr_force_wheel_fz_n": 622.2490223253967,
    "tire_rl_force_wheel_fz_n": 957.8242591556146,
    "tire_rr_force_wheel_fz_n": 996.055631655604,
    "tire_fl_spindle_omega_radps": 0.13156443062030243,
    "tire_fr_spindle_omega_radps": 0.1321943902044064,
    "tire_rl_spindle_omega_radps": 0.15604707178026,
    "tire_rr_spindle_omega_radps": 0.1555353415308326
  },
  "val_mixed_loss": 0.047600008347872064,
  "rollout_flat_5.0s": {
    "xy_rmse_m": 1.459038823607583,
    "yaw_rmse_rad": 0.09846197008326348,
    "errdist": 0.19217676084831814,
    "mean_dist_m": 7.592170963684718,
    "episodes": 12
  },
  "rollout_flat_10.0s": {
    "xy_rmse_m": 5.782636263976693,
    "yaw_rmse_rad": 0.23088209243231173,
    "errdist": 0.16419962598841537,
    "mean_dist_m": 35.2171098391215,
    "episodes": 12
  },
  "rollout_crm_5.0s": {
    "xy_rmse_m": 0.654796526562429,
    "yaw_rmse_rad": 0.02942585698529069,
    "errdist": 0.09149673016747305,
    "mean_dist_m": 7.1565019357949495,
    "episodes": 12
  },
  "rollout_crm_10.0s": {
    "xy_rmse_m": 2.7575733161925626,
    "yaw_rmse_rad": 0.07030014509691232,
    "errdist": 0.11014079485194289,
    "mean_dist_m": 25.036802393694717,
    "episodes": 12
  },
  "rollout_sel": 0.13717021042017913
}
{
  "epoch": 44,
  "timestamp_utc": "2026-07-15T15:48:47.941555+00:00",
  "train_loss": 0.018702471917960792,
  "val_loss": 0.002700535723597568,
  "val_rmse": {
    "vel_body_x_mps": 0.0007677904705208856,
    "vel_body_y_mps": 0.0006424161467747016,
    "roll_rad": 1.8712556449732093e-05,
    "pitch_rad": 7.6871873982022e-06,
    "roll_rate_radps": 0.0014133745799459585,
    "ang_vel_body_y_radps": 0.0006565562179898928,
    "yaw_rate_radps": 0.0013243697368531227,
    "tire_fl_force_wheel_fz_n": 38.167095713654,
    "tire_fr_force_wheel_fz_n": 38.22114307294416,
    "tire_rl_force_wheel_fz_n": 23.18794011842232,
    "tire_rr_force_wheel_fz_n": 22.129730650343866,
    "tire_fl_spindle_omega_radps": 0.04942091374607795,
    "tire_fr_spindle_omega_radps": 0.048467133476084986,
    "tire_rl_spindle_omega_radps": 0.04714498722803025,
    "tire_rr_spindle_omega_radps": 0.04477799566685257
  },
  "val_flat_loss": 0.002700535723597568,
  "val_flat_rmse": {
    "vel_body_x_mps": 0.0007677904705208856,
    "vel_body_y_mps": 0.0006424161467747016,
    "roll_rad": 1.8712556449732093e-05,
    "pitch_rad": 7.6871873982022e-06,
    "roll_rate_radps": 0.0014133745799459585,
    "ang_vel_body_y_radps": 0.0006565562179898928,
    "yaw_rate_radps": 0.0013243697368531227,
    "tire_fl_force_wheel_fz_n": 38.167095713654,
    "tire_fr_force_wheel_fz_n": 38.22114307294416,
    "tire_rl_force_wheel_fz_n": 23.18794011842232,
    "tire_rr_force_wheel_fz_n": 22.129730650343866,
    "tire_fl_spindle_omega_radps": 0.04942091374607795,
    "tire_fr_spindle_omega_radps": 0.048467133476084986,
    "tire_rl_spindle_omega_radps": 0.04714498722803025,
    "tire_rr_spindle_omega_radps": 0.04477799566685257
  },
  "val_crm_loss": 0.09139726687921211,
  "val_crm_rmse": {
    "vel_body_x_mps": 0.002949086792893225,
    "vel_body_y_mps": 0.0023987861546614,
    "roll_rad": 5.38458052500261e-05,
    "pitch_rad": 3.17078543192684e-05,
    "roll_rate_radps": 0.0037071395842321725,
    "ang_vel_body_y_radps": 0.0025148606953725064,
    "yaw_rate_radps": 0.00232305242374547,
    "tire_fl_force_wheel_fz_n": 612.0419574870741,
    "tire_fr_force_wheel_fz_n": 617.3820478700579,
    "tire_rl_force_wheel_fz_n": 957.3409208991983,
    "tire_rr_force_wheel_fz_n": 997.4652423758558,
    "tire_fl_spindle_omega_radps": 0.13034605836174282,
    "tire_fr_spindle_omega_radps": 0.13150126547504212,
    "tire_rl_spindle_omega_radps": 0.15546652724893786,
    "tire_rr_spindle_omega_radps": 0.15510116657134818
  },
  "val_mixed_loss": 0.04704890130140484,
  "rollout_flat_5.0s": {
    "xy_rmse_m": 1.8490461741325166,
    "yaw_rmse_rad": 0.1117784558573658,
    "errdist": 0.2435464352656143,
    "mean_dist_m": 7.592170963684718,
    "episodes": 12
  },
  "rollout_flat_10.0s": {
    "xy_rmse_m": 8.809725636349887,
    "yaw_rmse_rad": 0.33034254996644996,
    "errdist": 0.25015470254641564,
    "mean_dist_m": 35.2171098391215,
    "episodes": 12
  },
  "rollout_crm_5.0s": {
    "xy_rmse_m": 0.7219947147048248,
    "yaw_rmse_rad": 0.045620513982883505,
    "errdist": 0.10088653942697845,
    "mean_dist_m": 7.1565019357949495,
    "episodes": 12
  },
  "rollout_crm_10.0s": {
    "xy_rmse_m": 1.7908676721550718,
    "yaw_rmse_rad": 0.11267083064635536,
    "errdist": 0.07152940874774348,
    "mean_dist_m": 25.036802393694717,
    "episodes": 12
  },
  "rollout_sel": 0.16084205564707957
}
{
  "epoch": 45,
  "timestamp_utc": "2026-07-15T15:49:52.388425+00:00",
  "train_loss": 0.01856605536630377,
  "val_loss": 0.0026942244155543447,
  "val_rmse": {
    "vel_body_x_mps": 0.0007786086872682774,
    "vel_body_y_mps": 0.0006872295034147842,
    "roll_rad": 1.394566721057969e-05,
    "pitch_rad": 7.443356439118028e-06,
    "roll_rate_radps": 0.0013904791848979305,
    "ang_vel_body_y_radps": 0.0006879734731141549,
    "yaw_rate_radps": 0.0012931678764472592,
    "tire_fl_force_wheel_fz_n": 38.481193799871086,
    "tire_fr_force_wheel_fz_n": 38.028772818791715,
    "tire_rl_force_wheel_fz_n": 23.365721083235975,
    "tire_rr_force_wheel_fz_n": 22.468788887595107,
    "tire_fl_spindle_omega_radps": 0.05159488219353746,
    "tire_fr_spindle_omega_radps": 0.051009373489970644,
    "tire_rl_spindle_omega_radps": 0.04937826189824757,
    "tire_rr_spindle_omega_radps": 0.04630721739193535
  },
  "val_flat_loss": 0.0026942244155543447,
  "val_flat_rmse": {
    "vel_body_x_mps": 0.0007786086872682774,
    "vel_body_y_mps": 0.0006872295034147842,
    "roll_rad": 1.394566721057969e-05,
    "pitch_rad": 7.443356439118028e-06,
    "roll_rate_radps": 0.0013904791848979305,
    "ang_vel_body_y_radps": 0.0006879734731141549,
    "yaw_rate_radps": 0.0012931678764472592,
    "tire_fl_force_wheel_fz_n": 38.481193799871086,
    "tire_fr_force_wheel_fz_n": 38.028772818791715,
    "tire_rl_force_wheel_fz_n": 23.365721083235975,
    "tire_rr_force_wheel_fz_n": 22.468788887595107,
    "tire_fl_spindle_omega_radps": 0.05159488219353746,
    "tire_fr_spindle_omega_radps": 0.051009373489970644,
    "tire_rl_spindle_omega_radps": 0.04937826189824757,
    "tire_rr_spindle_omega_radps": 0.04630721739193535
  },
  "val_crm_loss": 0.09219655858178158,
  "val_crm_rmse": {
    "vel_body_x_mps": 0.0029527374304860123,
    "vel_body_y_mps": 0.0024291024484290004,
    "roll_rad": 4.675574255649585e-05,
    "pitch_rad": 3.318828191248865e-05,
    "roll_rate_radps": 0.0036756339933102667,
    "ang_vel_body_y_radps": 0.002517464453888792,
    "yaw_rate_radps": 0.0023247309871974936,
    "tire_fl_force_wheel_fz_n": 611.4591031952759,
    "tire_fr_force_wheel_fz_n": 622.779408980223,
    "tire_rl_force_wheel_fz_n": 959.8398191490454,
    "tire_rr_force_wheel_fz_n": 1001.104194487222,
    "tire_fl_spindle_omega_radps": 0.13313871050591017,
    "tire_fr_spindle_omega_radps": 0.133474235320659,
    "tire_rl_spindle_omega_radps": 0.15708955519498738,
    "tire_rr_spindle_omega_radps": 0.157779012389767
  },
  "val_mixed_loss": 0.047445391498667965,
  "rollout_flat_5.0s": {
    "xy_rmse_m": 1.0714651362552825,
    "yaw_rmse_rad": 0.04007989177131051,
    "errdist": 0.14112763547875468,
    "mean_dist_m": 7.592170963684718,
    "episodes": 12
  },
  "rollout_flat_10.0s": {
    "xy_rmse_m": 5.548111351723783,
    "yaw_rmse_rad": 0.10952527594497842,
    "errdist": 0.15754022340472054,
    "mean_dist_m": 35.2171098391215,
    "episodes": 12
  },
  "rollout_crm_5.0s": {
    "xy_rmse_m": 0.5812136259285362,
    "yaw_rmse_rad": 0.04920221896388893,
    "errdist": 0.08121476541792824,
    "mean_dist_m": 7.1565019357949495,
    "episodes": 12
  },
  "rollout_crm_10.0s": {
    "xy_rmse_m": 1.7538096408645096,
    "yaw_rmse_rad": 0.13350370226592945,
    "errdist": 0.07004926640736639,
    "mean_dist_m": 25.036802393694717,
    "episodes": 12
  },
  "rollout_sel": 0.11379474490604347
}
{
  "epoch": 46,
  "timestamp_utc": "2026-07-15T15:50:57.105291+00:00",
  "train_loss": 0.018297922142781316,
  "val_loss": 0.00293859930261533,
  "val_rmse": {
    "vel_body_x_mps": 0.0007150597420766548,
    "vel_body_y_mps": 0.0007052408063319815,
    "roll_rad": 1.7598092715127022e-05,
    "pitch_rad": 1.0289770540341696e-05,
    "roll_rate_radps": 0.0014437151006218706,
    "ang_vel_body_y_radps": 0.0006185720751063494,
    "yaw_rate_radps": 0.0013497074647326529,
    "tire_fl_force_wheel_fz_n": 38.7702339409861,
    "tire_fr_force_wheel_fz_n": 39.52543253942439,
    "tire_rl_force_wheel_fz_n": 24.294986510060095,
    "tire_rr_force_wheel_fz_n": 22.8883923897768,
    "tire_fl_spindle_omega_radps": 0.048614391663126366,
    "tire_fr_spindle_omega_radps": 0.048130471991969424,
    "tire_rl_spindle_omega_radps": 0.04884950794170804,
    "tire_rr_spindle_omega_radps": 0.04640739001115628
  },
  "val_flat_loss": 0.00293859930261533,
  "val_flat_rmse": {
    "vel_body_x_mps": 0.0007150597420766548,
    "vel_body_y_mps": 0.0007052408063319815,
    "roll_rad": 1.7598092715127022e-05,
    "pitch_rad": 1.0289770540341696e-05,
    "roll_rate_radps": 0.0014437151006218706,
    "ang_vel_body_y_radps": 0.0006185720751063494,
    "yaw_rate_radps": 0.0013497074647326529,
    "tire_fl_force_wheel_fz_n": 38.7702339409861,
    "tire_fr_force_wheel_fz_n": 39.52543253942439,
    "tire_rl_force_wheel_fz_n": 24.294986510060095,
    "tire_rr_force_wheel_fz_n": 22.8883923897768,
    "tire_fl_spindle_omega_radps": 0.048614391663126366,
    "tire_fr_spindle_omega_radps": 0.048130471991969424,
    "tire_rl_spindle_omega_radps": 0.04884950794170804,
    "tire_rr_spindle_omega_radps": 0.04640739001115628
  },
  "val_crm_loss": 0.09238727864751127,
  "val_crm_rmse": {
    "vel_body_x_mps": 0.0029702219576687363,
    "vel_body_y_mps": 0.002438839804209809,
    "roll_rad": 4.379643238579711e-05,
    "pitch_rad": 3.3585962198594636e-05,
    "roll_rate_radps": 0.0037809357534280743,
    "ang_vel_body_y_radps": 0.0025135964466339177,
    "yaw_rate_radps": 0.0023562560933640575,
    "tire_fl_force_wheel_fz_n": 619.9187322699166,
    "tire_fr_force_wheel_fz_n": 625.3018800234721,
    "tire_rl_force_wheel_fz_n": 960.1241682057602,
    "tire_rr_force_wheel_fz_n": 994.1794630872859,
    "tire_fl_spindle_omega_radps": 0.13671679022089,
    "tire_fr_spindle_omega_radps": 0.13505555863434743,
    "tire_rl_spindle_omega_radps": 0.15669695487454186,
    "tire_rr_spindle_omega_radps": 0.15763310657975987
  },
  "val_mixed_loss": 0.0476629389750633,
  "rollout_flat_5.0s": {
    "xy_rmse_m": 1.0899729207376136,
    "yaw_rmse_rad": 0.0543074880034362,
    "errdist": 0.14356538148985723,
    "mean_dist_m": 7.592170963684718,
    "episodes": 12
  },
  "rollout_flat_10.0s": {
    "xy_rmse_m": 5.017051134722427,
    "yaw_rmse_rad": 0.2062686382407174,
    "errdist": 0.14246061524188888,
    "mean_dist_m": 35.2171098391215,
    "episodes": 12
  },
  "rollout_crm_5.0s": {
    "xy_rmse_m": 0.5524945427983248,
    "yaw_rmse_rad": 0.05115781166145245,
    "errdist": 0.07720175970817414,
    "mean_dist_m": 7.1565019357949495,
    "episodes": 12
  },
  "rollout_crm_10.0s": {
    "xy_rmse_m": 2.506253216647068,
    "yaw_rmse_rad": 0.1319848333400257,
    "errdist": 0.10010276780705207,
    "mean_dist_m": 25.036802393694717,
    "episodes": 12
  },
  "rollout_sel": 0.12128169152447048
}
{
  "epoch": 47,
  "timestamp_utc": "2026-07-15T15:52:01.259582+00:00",
  "train_loss": 0.018082914634607733,
  "val_loss": 0.0025811673991302086,
  "val_rmse": {
    "vel_body_x_mps": 0.0006999592213020278,
    "vel_body_y_mps": 0.0006944081074398831,
    "roll_rad": 1.342913941359308e-05,
    "pitch_rad": 8.691437679177572e-06,
    "roll_rate_radps": 0.0013655211625346313,
    "ang_vel_body_y_radps": 0.0006247552819784613,
    "yaw_rate_radps": 0.0012999823744762908,
    "tire_fl_force_wheel_fz_n": 37.89255298898969,
    "tire_fr_force_wheel_fz_n": 39.07783565433949,
    "tire_rl_force_wheel_fz_n": 23.636212808833033,
    "tire_rr_force_wheel_fz_n": 21.69258309459521,
    "tire_fl_spindle_omega_radps": 0.04896867933844948,
    "tire_fr_spindle_omega_radps": 0.047237439438443864,
    "tire_rl_spindle_omega_radps": 0.04510890191918165,
    "tire_rr_spindle_omega_radps": 0.042243040129188676
  },
  "val_flat_loss": 0.0025811673991302086,
  "val_flat_rmse": {
    "vel_body_x_mps": 0.0006999592213020278,
    "vel_body_y_mps": 0.0006944081074398831,
    "roll_rad": 1.342913941359308e-05,
    "pitch_rad": 8.691437679177572e-06,
    "roll_rate_radps": 0.0013655211625346313,
    "ang_vel_body_y_radps": 0.0006247552819784613,
    "yaw_rate_radps": 0.0012999823744762908,
    "tire_fl_force_wheel_fz_n": 37.89255298898969,
    "tire_fr_force_wheel_fz_n": 39.07783565433949,
    "tire_rl_force_wheel_fz_n": 23.636212808833033,
    "tire_rr_force_wheel_fz_n": 21.69258309459521,
    "tire_fl_spindle_omega_radps": 0.04896867933844948,
    "tire_fr_spindle_omega_radps": 0.047237439438443864,
    "tire_rl_spindle_omega_radps": 0.04510890191918165,
    "tire_rr_spindle_omega_radps": 0.042243040129188676
  },
  "val_crm_loss": 0.09295353268971666,
  "val_crm_rmse": {
    "vel_body_x_mps": 0.0030048855225679807,
    "vel_body_y_mps": 0.0023914408764605134,
    "roll_rad": 4.522063385533595e-05,
    "pitch_rad": 3.1911237148821075e-05,
    "roll_rate_radps": 0.003636010911923199,
    "ang_vel_body_y_radps": 0.0025970218843968697,
    "yaw_rate_radps": 0.002333082074059132,
    "tire_fl_force_wheel_fz_n": 628.7319410129426,
    "tire_fr_force_wheel_fz_n": 625.8620500094968,
    "tire_rl_force_wheel_fz_n": 957.2599673873099,
    "tire_rr_force_wheel_fz_n": 1009.505794050453,
    "tire_fl_spindle_omega_radps": 0.1348578121423852,
    "tire_fr_spindle_omega_radps": 0.1351201443467849,
    "tire_rl_spindle_omega_radps": 0.15756001612868006,
    "tire_rr_spindle_omega_radps": 0.15826426546955394
  },
  "val_mixed_loss": 0.04776735004442344,
  "rollout_flat_5.0s": {
    "xy_rmse_m": 1.0508608011719067,
    "yaw_rmse_rad": 0.04827012905415315,
    "errdist": 0.13841374307802615,
    "mean_dist_m": 7.592170963684718,
    "episodes": 12
  },
  "rollout_flat_10.0s": {
    "xy_rmse_m": 5.4463629632242645,
    "yaw_rmse_rad": 0.23557123044580208,
    "errdist": 0.1546510485415837,
    "mean_dist_m": 35.2171098391215,
    "episodes": 12
  },
  "rollout_crm_5.0s": {
    "xy_rmse_m": 0.5332771493579165,
    "yaw_rmse_rad": 0.02965527474809162,
    "errdist": 0.07451645428761834,
    "mean_dist_m": 7.1565019357949495,
    "episodes": 12
  },
  "rollout_crm_10.0s": {
    "xy_rmse_m": 2.2945601593264158,
    "yaw_rmse_rad": 0.08708930175588643,
    "errdist": 0.09164749248906798,
    "mean_dist_m": 25.036802393694717,
    "episodes": 12
  },
  "rollout_sel": 0.12314927051532584
}
{
  "epoch": 48,
  "timestamp_utc": "2026-07-15T15:53:06.071544+00:00",
  "train_loss": 0.017806875022128223,
  "val_loss": 0.0027643692560923227,
  "val_rmse": {
    "vel_body_x_mps": 0.0007440664989611202,
    "vel_body_y_mps": 0.0007093158208864448,
    "roll_rad": 2.0032605976980238e-05,
    "pitch_rad": 7.2737030490264984e-06,
    "roll_rate_radps": 0.001413927514029533,
    "ang_vel_body_y_radps": 0.0006483203496695645,
    "yaw_rate_radps": 0.0013038797893372943,
    "tire_fl_force_wheel_fz_n": 38.966224561167856,
    "tire_fr_force_wheel_fz_n": 38.21340245649646,
    "tire_rl_force_wheel_fz_n": 24.351150721671736,
    "tire_rr_force_wheel_fz_n": 22.534781325976102,
    "tire_fl_spindle_omega_radps": 0.050234973622950485,
    "tire_fr_spindle_omega_radps": 0.04918020961033411,
    "tire_rl_spindle_omega_radps": 0.048654150323550485,
    "tire_rr_spindle_omega_radps": 0.04634251482383766
  },
  "val_flat_loss": 0.0027643692560923227,
  "val_flat_rmse": {
    "vel_body_x_mps": 0.0007440664989611202,
    "vel_body_y_mps": 0.0007093158208864448,
    "roll_rad": 2.0032605976980238e-05,
    "pitch_rad": 7.2737030490264984e-06,
    "roll_rate_radps": 0.001413927514029533,
    "ang_vel_body_y_radps": 0.0006483203496695645,
    "yaw_rate_radps": 0.0013038797893372943,
    "tire_fl_force_wheel_fz_n": 38.966224561167856,
    "tire_fr_force_wheel_fz_n": 38.21340245649646,
    "tire_rl_force_wheel_fz_n": 24.351150721671736,
    "tire_rr_force_wheel_fz_n": 22.534781325976102,
    "tire_fl_spindle_omega_radps": 0.050234973622950485,
    "tire_fr_spindle_omega_radps": 0.04918020961033411,
    "tire_rl_spindle_omega_radps": 0.048654150323550485,
    "tire_rr_spindle_omega_radps": 0.04634251482383766
  },
  "val_crm_loss": 0.092756636615959,
  "val_crm_rmse": {
    "vel_body_x_mps": 0.00296030153538477,
    "vel_body_y_mps": 0.0024147192157702837,
    "roll_rad": 4.82178138208323e-05,
    "pitch_rad": 3.2604274033293624e-05,
    "roll_rate_radps": 0.0036814166090305325,
    "ang_vel_body_y_radps": 0.002495783611086913,
    "yaw_rate_radps": 0.0023286638449967647,
    "tire_fl_force_wheel_fz_n": 621.8774711379137,
    "tire_fr_force_wheel_fz_n": 622.3393359846134,
    "tire_rl_force_wheel_fz_n": 965.5019152579135,
    "tire_rr_force_wheel_fz_n": 1009.5428180456688,
    "tire_fl_spindle_omega_radps": 0.13276833454210726,
    "tire_fr_spindle_omega_radps": 0.13322063729145608,
    "tire_rl_spindle_omega_radps": 0.1549351486597527,
    "tire_rr_spindle_omega_radps": 0.15588642961236554
  },
  "val_mixed_loss": 0.047760502936025656,
  "rollout_flat_5.0s": {
    "xy_rmse_m": 2.1974192103712458,
    "yaw_rmse_rad": 0.13896782748767036,
    "errdist": 0.2894322613231525,
    "mean_dist_m": 7.592170963684718,
    "episodes": 12
  },
  "rollout_flat_10.0s": {
    "xy_rmse_m": 9.686953355292735,
    "yaw_rmse_rad": 0.4437501901331794,
    "errdist": 0.2750638368550001,
    "mean_dist_m": 35.2171098391215,
    "episodes": 12
  },
  "rollout_crm_5.0s": {
    "xy_rmse_m": 0.442795900308755,
    "yaw_rmse_rad": 0.04864233699918284,
    "errdist": 0.06187323140290171,
    "mean_dist_m": 7.1565019357949495,
    "episodes": 12
  },
  "rollout_crm_10.0s": {
    "xy_rmse_m": 2.0985245044250993,
    "yaw_rmse_rad": 0.12333696782335048,
    "errdist": 0.08381759265526627,
    "mean_dist_m": 25.036802393694717,
    "episodes": 12
  },
  "rollout_sel": 0.17944071475513318
}
{
  "epoch": 49,
  "timestamp_utc": "2026-07-15T15:54:12.435278+00:00",
  "train_loss": 0.017535016390029343,
  "val_loss": 0.002597970324131893,
  "val_rmse": {
    "vel_body_x_mps": 0.0007166875151909867,
    "vel_body_y_mps": 0.0006414680328605099,
    "roll_rad": 1.5395804800155908e-05,
    "pitch_rad": 8.101560140235587e-06,
    "roll_rate_radps": 0.0013677945709304462,
    "ang_vel_body_y_radps": 0.0006337518834710847,
    "yaw_rate_radps": 0.0012899321047732842,
    "tire_fl_force_wheel_fz_n": 38.58829313389267,
    "tire_fr_force_wheel_fz_n": 38.07734022469016,
    "tire_rl_force_wheel_fz_n": 23.551466083044534,
    "tire_rr_force_wheel_fz_n": 22.667653143455777,
    "tire_fl_spindle_omega_radps": 0.048908335127597645,
    "tire_fr_spindle_omega_radps": 0.04830682132641526,
    "tire_rl_spindle_omega_radps": 0.04781376060675311,
    "tire_rr_spindle_omega_radps": 0.04352161359972265
  },
  "val_flat_loss": 0.002597970324131893,
  "val_flat_rmse": {
    "vel_body_x_mps": 0.0007166875151909867,
    "vel_body_y_mps": 0.0006414680328605099,
    "roll_rad": 1.5395804800155908e-05,
    "pitch_rad": 8.101560140235587e-06,
    "roll_rate_radps": 0.0013677945709304462,
    "ang_vel_body_y_radps": 0.0006337518834710847,
    "yaw_rate_radps": 0.0012899321047732842,
    "tire_fl_force_wheel_fz_n": 38.58829313389267,
    "tire_fr_force_wheel_fz_n": 38.07734022469016,
    "tire_rl_force_wheel_fz_n": 23.551466083044534,
    "tire_rr_force_wheel_fz_n": 22.667653143455777,
    "tire_fl_spindle_omega_radps": 0.048908335127597645,
    "tire_fr_spindle_omega_radps": 0.04830682132641526,
    "tire_rl_spindle_omega_radps": 0.04781376060675311,
    "tire_rr_spindle_omega_radps": 0.04352161359972265
  },
  "val_crm_loss": 0.09304132394201588,
  "val_crm_rmse": {
    "vel_body_x_mps": 0.002982592984239108,
    "vel_body_y_mps": 0.0024120617029771987,
    "roll_rad": 4.476898515055209e-05,
    "pitch_rad": 3.1369305115596855e-05,
    "roll_rate_radps": 0.0036802316031112276,
    "ang_vel_body_y_radps": 0.002512273277206555,
    "yaw_rate_radps": 0.002317045619410269,
    "tire_fl_force_wheel_fz_n": 621.3094824626829,
    "tire_fr_force_wheel_fz_n": 626.5073697632581,
    "tire_rl_force_wheel_fz_n": 971.9461892247612,
    "tire_rr_force_wheel_fz_n": 1008.2887937775613,
    "tire_fl_spindle_omega_radps": 0.13632367332295997,
    "tire_fr_spindle_omega_radps": 0.1359156831548338,
    "tire_rl_spindle_omega_radps": 0.15817607700693653,
    "tire_rr_spindle_omega_radps": 0.1583973461471547
  },
  "val_mixed_loss": 0.047819647133073885,
  "rollout_flat_5.0s": {
    "xy_rmse_m": 1.9182050133112458,
    "yaw_rmse_rad": 0.12020911139283798,
    "errdist": 0.25265566627602404,
    "mean_dist_m": 7.592170963684718,
    "episodes": 12
  },
  "rollout_flat_10.0s": {
    "xy_rmse_m": 8.914393339997881,
    "yaw_rmse_rad": 0.3015217333129095,
    "errdist": 0.25312677220591173,
    "mean_dist_m": 35.2171098391215,
    "episodes": 12
  },
  "rollout_crm_5.0s": {
    "xy_rmse_m": 0.725150075594532,
    "yaw_rmse_rad": 0.03268066926237329,
    "errdist": 0.10132744769725013,
    "mean_dist_m": 7.1565019357949495,
    "episodes": 12
  },
  "rollout_crm_10.0s": {
    "xy_rmse_m": 1.7224744728237984,
    "yaw_rmse_rad": 0.09274217227334429,
    "errdist": 0.0687977021082208,
    "mean_dist_m": 25.036802393694717,
    "episodes": 12
  },
  "rollout_sel": 0.16096223715706626
}
{
  "epoch": 50,
  "timestamp_utc": "2026-07-15T15:55:18.217164+00:00",
  "train_loss": 0.017346644352655857,
  "val_loss": 0.0026259279818805228,
  "val_rmse": {
    "vel_body_x_mps": 0.0007599370738733967,
    "vel_body_y_mps": 0.0007389957594302661,
    "roll_rad": 1.7039426925772553e-05,
    "pitch_rad": 7.538991676536144e-06,
    "roll_rate_radps": 0.0013505619498957499,
    "ang_vel_body_y_radps": 0.0006432836395439312,
    "yaw_rate_radps": 0.0012824866891916554,
    "tire_fl_force_wheel_fz_n": 36.939475107460254,
    "tire_fr_force_wheel_fz_n": 38.24632396935334,
    "tire_rl_force_wheel_fz_n": 23.038174004094756,
    "tire_rr_force_wheel_fz_n": 22.232936557072726,
    "tire_fl_spindle_omega_radps": 0.049634190921891475,
    "tire_fr_spindle_omega_radps": 0.048132189987273984,
    "tire_rl_spindle_omega_radps": 0.04596744517515111,
    "tire_rr_spindle_omega_radps": 0.0432778504912781
  },
  "val_flat_loss": 0.0026259279818805228,
  "val_flat_rmse": {
    "vel_body_x_mps": 0.0007599370738733967,
    "vel_body_y_mps": 0.0007389957594302661,
    "roll_rad": 1.7039426925772553e-05,
    "pitch_rad": 7.538991676536144e-06,
    "roll_rate_radps": 0.0013505619498957499,
    "ang_vel_body_y_radps": 0.0006432836395439312,
    "yaw_rate_radps": 0.0012824866891916554,
    "tire_fl_force_wheel_fz_n": 36.939475107460254,
    "tire_fr_force_wheel_fz_n": 38.24632396935334,
    "tire_rl_force_wheel_fz_n": 23.038174004094756,
    "tire_rr_force_wheel_fz_n": 22.232936557072726,
    "tire_fl_spindle_omega_radps": 0.049634190921891475,
    "tire_fr_spindle_omega_radps": 0.048132189987273984,
    "tire_rl_spindle_omega_radps": 0.04596744517515111,
    "tire_rr_spindle_omega_radps": 0.0432778504912781
  },
  "val_crm_loss": 0.09262562818301376,
  "val_crm_rmse": {
    "vel_body_x_mps": 0.0029654349365448936,
    "vel_body_y_mps": 0.002382366582224338,
    "roll_rad": 4.4381557468442035e-05,
    "pitch_rad": 2.9662379853042543e-05,
    "roll_rate_radps": 0.0035958560973081157,
    "ang_vel_body_y_radps": 0.002460353531193725,
    "yaw_rate_radps": 0.002320831144968252,
    "tire_fl_force_wheel_fz_n": 614.9038883390893,
    "tire_fr_force_wheel_fz_n": 619.375297828826,
    "tire_rl_force_wheel_fz_n": 970.6147772578464,
    "tire_rr_force_wheel_fz_n": 1002.8486901812528,
    "tire_fl_spindle_omega_radps": 0.13024736972294618,
    "tire_fr_spindle_omega_radps": 0.13127653745109755,
    "tire_rl_spindle_omega_radps": 0.1548913933881704,
    "tire_rr_spindle_omega_radps": 0.154902312931644
  },
  "val_mixed_loss": 0.04762577808244714,
  "rollout_flat_5.0s": {
    "xy_rmse_m": 1.9355430766510093,
    "yaw_rmse_rad": 0.10246941686872588,
    "errdist": 0.25493934289799364,
    "mean_dist_m": 7.592170963684718,
    "episodes": 12
  },
  "rollout_flat_10.0s": {
    "xy_rmse_m": 8.044819926192057,
    "yaw_rmse_rad": 0.4409442366291121,
    "errdist": 0.22843498410126029,
    "mean_dist_m": 35.2171098391215,
    "episodes": 12
  },
  "rollout_crm_5.0s": {
    "xy_rmse_m": 0.5606367947611042,
    "yaw_rmse_rad": 0.031398709387913885,
    "errdist": 0.07833950158763259,
    "mean_dist_m": 7.1565019357949495,
    "episodes": 12
  },
  "rollout_crm_10.0s": {
    "xy_rmse_m": 2.8091512004917285,
    "yaw_rmse_rad": 0.20015606763483,
    "errdist": 0.11220087758487828,
    "mean_dist_m": 25.036802393694717,
    "episodes": 12
  },
  "rollout_sel": 0.1703179308430693
}
{
  "epoch": 51,
  "timestamp_utc": "2026-07-15T15:56:23.231684+00:00",
  "train_loss": 0.01716689252248034,
  "val_loss": 0.0026381584056252906,
  "val_rmse": {
    "vel_body_x_mps": 0.0007315929942815722,
    "vel_body_y_mps": 0.0006537729776274494,
    "roll_rad": 1.3911733086075959e-05,
    "pitch_rad": 7.117253305519733e-06,
    "roll_rate_radps": 0.0013637183429287567,
    "ang_vel_body_y_radps": 0.0006425928710493892,
    "yaw_rate_radps": 0.001287530579877804,
    "tire_fl_force_wheel_fz_n": 37.36450428045691,
    "tire_fr_force_wheel_fz_n": 37.73744507659575,
    "tire_rl_force_wheel_fz_n": 22.697390727870346,
    "tire_rr_force_wheel_fz_n": 22.104095191324667,
    "tire_fl_spindle_omega_radps": 0.05074085922964127,
    "tire_fr_spindle_omega_radps": 0.04936522056088653,
    "tire_rl_spindle_omega_radps": 0.04710926631701245,
    "tire_rr_spindle_omega_radps": 0.04400013827007533
  },
  "val_flat_loss": 0.0026381584056252906,
  "val_flat_rmse": {
    "vel_body_x_mps": 0.0007315929942815722,
    "vel_body_y_mps": 0.0006537729776274494,
    "roll_rad": 1.3911733086075959e-05,
    "pitch_rad": 7.117253305519733e-06,
    "roll_rate_radps": 0.0013637183429287567,
    "ang_vel_body_y_radps": 0.0006425928710493892,
    "yaw_rate_radps": 0.001287530579877804,
    "tire_fl_force_wheel_fz_n": 37.36450428045691,
    "tire_fr_force_wheel_fz_n": 37.73744507659575,
    "tire_rl_force_wheel_fz_n": 22.697390727870346,
    "tire_rr_force_wheel_fz_n": 22.104095191324667,
    "tire_fl_spindle_omega_radps": 0.05074085922964127,
    "tire_fr_spindle_omega_radps": 0.04936522056088653,
    "tire_rl_spindle_omega_radps": 0.04710926631701245,
    "tire_rr_spindle_omega_radps": 0.04400013827007533
  },
  "val_crm_loss": 0.0934770372393541,
  "val_crm_rmse": {
    "vel_body_x_mps": 0.002963714013262568,
    "vel_body_y_mps": 0.0023840646081316904,
    "roll_rad": 4.520056955206851e-05,
    "pitch_rad": 3.228660831765409e-05,
    "roll_rate_radps": 0.003731887558464184,
    "ang_vel_body_y_radps": 0.0024923120357420916,
    "yaw_rate_radps": 0.0023227982614603144,
    "tire_fl_force_wheel_fz_n": 620.5715178267474,
    "tire_fr_force_wheel_fz_n": 618.144270291364,
    "tire_rl_force_wheel_fz_n": 975.8780937531017,
    "tire_rr_force_wheel_fz_n": 1015.1884243803461,
    "tire_fl_spindle_omega_radps": 0.13615518853544323,
    "tire_fr_spindle_omega_radps": 0.1363667522442942,
    "tire_rl_spindle_omega_radps": 0.1598409849868364,
    "tire_rr_spindle_omega_radps": 0.16124464700826835
  },
  "val_mixed_loss": 0.048057597822489695,
  "rollout_flat_5.0s": {
    "xy_rmse_m": 0.6644212408711739,
    "yaw_rmse_rad": 0.05982782246139651,
    "errdist": 0.08751399883501959,
    "mean_dist_m": 7.592170963684718,
    "episodes": 12
  },
  "rollout_flat_10.0s": {
    "xy_rmse_m": 4.124902788962659,
    "yaw_rmse_rad": 0.11253151478692545,
    "errdist": 0.11712780542770276,
    "mean_dist_m": 35.2171098391215,
    "episodes": 12
  },
  "rollout_crm_5.0s": {
    "xy_rmse_m": 0.4309948583858247,
    "yaw_rmse_rad": 0.02511121208451611,
    "errdist": 0.060224235562642864,
    "mean_dist_m": 7.1565019357949495,
    "episodes": 12
  },
  "rollout_crm_10.0s": {
    "xy_rmse_m": 0.9815005704541588,
    "yaw_rmse_rad": 0.06056935830186564,
    "errdist": 0.039202313259513545,
    "mean_dist_m": 25.036802393694717,
    "episodes": 12
  },
  "rollout_sel": 0.07816505934360815
}
{
  "epoch": 52,
  "timestamp_utc": "2026-07-15T15:57:28.474931+00:00",
  "train_loss": 0.016783838535193354,
  "val_loss": 0.0025577610887194168,
  "val_rmse": {
    "vel_body_x_mps": 0.0007722743485099889,
    "vel_body_y_mps": 0.0006289704069838327,
    "roll_rad": 1.5654781221900924e-05,
    "pitch_rad": 7.396903303286197e-06,
    "roll_rate_radps": 0.0013555339814136599,
    "ang_vel_body_y_radps": 0.00068470693711405,
    "yaw_rate_radps": 0.001272633989094797,
    "tire_fl_force_wheel_fz_n": 37.96772663461003,
    "tire_fr_force_wheel_fz_n": 37.53091987445616,
    "tire_rl_force_wheel_fz_n": 23.699421177608354,
    "tire_rr_force_wheel_fz_n": 21.777798179202787,
    "tire_fl_spindle_omega_radps": 0.05075595793721841,
    "tire_fr_spindle_omega_radps": 0.04979046340065139,
    "tire_rl_spindle_omega_radps": 0.04827080318171252,
    "tire_rr_spindle_omega_radps": 0.04552895042163979
  },
  "val_flat_loss": 0.0025577610887194168,
  "val_flat_rmse": {
    "vel_body_x_mps": 0.0007722743485099889,
    "vel_body_y_mps": 0.0006289704069838327,
    "roll_rad": 1.5654781221900924e-05,
    "pitch_rad": 7.396903303286197e-06,
    "roll_rate_radps": 0.0013555339814136599,
    "ang_vel_body_y_radps": 0.00068470693711405,
    "yaw_rate_radps": 0.001272633989094797,
    "tire_fl_force_wheel_fz_n": 37.96772663461003,
    "tire_fr_force_wheel_fz_n": 37.53091987445616,
    "tire_rl_force_wheel_fz_n": 23.699421177608354,
    "tire_rr_force_wheel_fz_n": 21.777798179202787,
    "tire_fl_spindle_omega_radps": 0.05075595793721841,
    "tire_fr_spindle_omega_radps": 0.04979046340065139,
    "tire_rl_spindle_omega_radps": 0.04827080318171252,
    "tire_rr_spindle_omega_radps": 0.04552895042163979
  },
  "val_crm_loss": 0.09292867348587606,
  "val_crm_rmse": {
    "vel_body_x_mps": 0.0029649923964801417,
    "vel_body_y_mps": 0.002391232165496959,
    "roll_rad": 4.6908928327924087e-05,
    "pitch_rad": 3.051688282514859e-05,
    "roll_rate_radps": 0.0035845719269712254,
    "ang_vel_body_y_radps": 0.0024858917312637354,
    "yaw_rate_radps": 0.0023276488329225563,
    "tire_fl_force_wheel_fz_n": 616.6565345189665,
    "tire_fr_force_wheel_fz_n": 624.0826196192614,
    "tire_rl_force_wheel_fz_n": 972.4796887891397,
    "tire_rr_force_wheel_fz_n": 1016.3187695243735,
    "tire_fl_spindle_omega_radps": 0.1321457349997818,
    "tire_fr_spindle_omega_radps": 0.13378061566865884,
    "tire_rl_spindle_omega_radps": 0.1561033504402156,
    "tire_rr_spindle_omega_radps": 0.15653251655909972
  },
  "val_mixed_loss": 0.04774321728729774,
  "rollout_flat_5.0s": {
    "xy_rmse_m": 0.6901676531301544,
    "yaw_rmse_rad": 0.04899474994756255,
    "errdist": 0.09090517803555814,
    "mean_dist_m": 7.592170963684718,
    "episodes": 12
  },
  "rollout_flat_10.0s": {
    "xy_rmse_m": 3.7595518859192927,
    "yaw_rmse_rad": 0.08421760811323548,
    "errdist": 0.10675356106999256,
    "mean_dist_m": 35.2171098391215,
    "episodes": 12
  },
  "rollout_crm_5.0s": {
    "xy_rmse_m": 0.5900627156238952,
    "yaw_rmse_rad": 0.03574294513323264,
    "errdist": 0.08245127590513963,
    "mean_dist_m": 7.1565019357949495,
    "episodes": 12
  },
  "rollout_crm_10.0s": {
    "xy_rmse_m": 1.4374935643148792,
    "yaw_rmse_rad": 0.0844904007254663,
    "errdist": 0.05741522186862402,
    "mean_dist_m": 25.036802393694717,
    "episodes": 12
  },
  "rollout_sel": 0.0820843914693083
}
{
  "epoch": 53,
  "timestamp_utc": "2026-07-15T15:58:32.725181+00:00",
  "train_loss": 0.01662357664760202,
  "val_loss": 0.002514265909703681,
  "val_rmse": {
    "vel_body_x_mps": 0.0007315179654935392,
    "vel_body_y_mps": 0.0006285223493766046,
    "roll_rad": 1.3386206828999052e-05,
    "pitch_rad": 1.0493698275246702e-05,
    "roll_rate_radps": 0.0013800143262500334,
    "ang_vel_body_y_radps": 0.0006435139842074335,
    "yaw_rate_radps": 0.0012689715071262187,
    "tire_fl_force_wheel_fz_n": 37.74211611526804,
    "tire_fr_force_wheel_fz_n": 38.07342728004783,
    "tire_rl_force_wheel_fz_n": 23.64113369431601,
    "tire_rr_force_wheel_fz_n": 22.018003384711427,
    "tire_fl_spindle_omega_radps": 0.04906712077107626,
    "tire_fr_spindle_omega_radps": 0.04790219148711788,
    "tire_rl_spindle_omega_radps": 0.046453144467461245,
    "tire_rr_spindle_omega_radps": 0.043754341989569276
  },
  "val_flat_loss": 0.002514265909703681,
  "val_flat_rmse": {
    "vel_body_x_mps": 0.0007315179654935392,
    "vel_body_y_mps": 0.0006285223493766046,
    "roll_rad": 1.3386206828999052e-05,
    "pitch_rad": 1.0493698275246702e-05,
    "roll_rate_radps": 0.0013800143262500334,
    "ang_vel_body_y_radps": 0.0006435139842074335,
    "yaw_rate_radps": 0.0012689715071262187,
    "tire_fl_force_wheel_fz_n": 37.74211611526804,
    "tire_fr_force_wheel_fz_n": 38.07342728004783,
    "tire_rl_force_wheel_fz_n": 23.64113369431601,
    "tire_rr_force_wheel_fz_n": 22.018003384711427,
    "tire_fl_spindle_omega_radps": 0.04906712077107626,
    "tire_fr_spindle_omega_radps": 0.04790219148711788,
    "tire_rl_spindle_omega_radps": 0.046453144467461245,
    "tire_rr_spindle_omega_radps": 0.043754341989569276
  },
  "val_crm_loss": 0.09299873922427651,
  "val_crm_rmse": {
    "vel_body_x_mps": 0.0029331462600681235,
    "vel_body_y_mps": 0.002372443380749477,
    "roll_rad": 4.283371642374024e-05,
    "pitch_rad": 3.1676813940382534e-05,
    "roll_rate_radps": 0.0036002687054759756,
    "ang_vel_body_y_radps": 0.002446609758991075,
    "yaw_rate_radps": 0.0023242104893686933,
    "tire_fl_force_wheel_fz_n": 621.7272115710475,
    "tire_fr_force_wheel_fz_n": 621.5579527705713,
    "tire_rl_force_wheel_fz_n": 973.4833886768614,
    "tire_rr_force_wheel_fz_n": 1012.1151254401722,
    "tire_fl_spindle_omega_radps": 0.13059749273395743,
    "tire_fr_spindle_omega_radps": 0.13061220660527298,
    "tire_rl_spindle_omega_radps": 0.1542212099872036,
    "tire_rr_spindle_omega_radps": 0.15437257965344367
  },
  "val_mixed_loss": 0.04775650256699009,
  "rollout_flat_5.0s": {
    "xy_rmse_m": 0.8789441844750471,
    "yaw_rmse_rad": 0.04297777602011455,
    "errdist": 0.11576980927843437,
    "mean_dist_m": 7.592170963684718,
    "episodes": 12
  },
  "rollout_flat_10.0s": {
    "xy_rmse_m": 6.553111648703626,
    "yaw_rmse_rad": 0.080643822198844,
    "errdist": 0.1860774969507576,
    "mean_dist_m": 35.2171098391215,
    "episodes": 12
  },
  "rollout_crm_5.0s": {
    "xy_rmse_m": 0.5560517719041846,
    "yaw_rmse_rad": 0.04128323060803448,
    "errdist": 0.07769882225881324,
    "mean_dist_m": 7.1565019357949495,
    "episodes": 12
  },
  "rollout_crm_10.0s": {
    "xy_rmse_m": 1.4985368826019163,
    "yaw_rmse_rad": 0.09493351316205965,
    "errdist": 0.05985336541935198,
    "mean_dist_m": 25.036802393694717,
    "episodes": 12
  },
  "rollout_sel": 0.12296543118505479
}
{
  "epoch": 54,
  "timestamp_utc": "2026-07-15T15:59:37.514538+00:00",
  "train_loss": 0.016442582900635896,
  "val_loss": 0.0024324286328919697,
  "val_rmse": {
    "vel_body_x_mps": 0.0006689189202910565,
    "vel_body_y_mps": 0.0006264518785710266,
    "roll_rad": 1.372736254529319e-05,
    "pitch_rad": 7.76874655529943e-06,
    "roll_rate_radps": 0.0013659820217070452,
    "ang_vel_body_y_radps": 0.0006075867701198325,
    "yaw_rate_radps": 0.001290190085765044,
    "tire_fl_force_wheel_fz_n": 37.92106918478457,
    "tire_fr_force_wheel_fz_n": 38.277326349464104,
    "tire_rl_force_wheel_fz_n": 22.76914198959732,
    "tire_rr_force_wheel_fz_n": 22.311476933935964,
    "tire_fl_spindle_omega_radps": 0.04707102414360818,
    "tire_fr_spindle_omega_radps": 0.045558461165942164,
    "tire_rl_spindle_omega_radps": 0.044007827767717535,
    "tire_rr_spindle_omega_radps": 0.04238558928098334
  },
  "val_flat_loss": 0.0024324286328919697,
  "val_flat_rmse": {
    "vel_body_x_mps": 0.0006689189202910565,
    "vel_body_y_mps": 0.0006264518785710266,
    "roll_rad": 1.372736254529319e-05,
    "pitch_rad": 7.76874655529943e-06,
    "roll_rate_radps": 0.0013659820217070452,
    "ang_vel_body_y_radps": 0.0006075867701198325,
    "yaw_rate_radps": 0.001290190085765044,
    "tire_fl_force_wheel_fz_n": 37.92106918478457,
    "tire_fr_force_wheel_fz_n": 38.277326349464104,
    "tire_rl_force_wheel_fz_n": 22.76914198959732,
    "tire_rr_force_wheel_fz_n": 22.311476933935964,
    "tire_fl_spindle_omega_radps": 0.04707102414360818,
    "tire_fr_spindle_omega_radps": 0.045558461165942164,
    "tire_rl_spindle_omega_radps": 0.044007827767717535,
    "tire_rr_spindle_omega_radps": 0.04238558928098334
  },
  "val_crm_loss": 0.09408602994983084,
  "val_crm_rmse": {
    "vel_body_x_mps": 0.00295445094280089,
    "vel_body_y_mps": 0.0023746424154042736,
    "roll_rad": 4.224160604518917e-05,
    "pitch_rad": 3.208141336079208e-05,
    "roll_rate_radps": 0.003622686697023504,
    "ang_vel_body_y_radps": 0.0024875871336847762,
    "yaw_rate_radps": 0.0023199498878753726,
    "tire_fl_force_wheel_fz_n": 624.0831075657519,
    "tire_fr_force_wheel_fz_n": 627.2753853705699,
    "tire_rl_force_wheel_fz_n": 982.6119772142474,
    "tire_rr_force_wheel_fz_n": 1021.9174265167673,
    "tire_fl_spindle_omega_radps": 0.13392986276851393,
    "tire_fr_spindle_omega_radps": 0.13393291196225426,
    "tire_rl_spindle_omega_radps": 0.15677244820574351,
    "tire_rr_spindle_omega_radps": 0.1583124917695062
  },
  "val_mixed_loss": 0.04825922929136141,
  "rollout_flat_5.0s": {
    "xy_rmse_m": 0.621921027699027,
    "yaw_rmse_rad": 0.03661587215920874,
    "errdist": 0.0819160989226709,
    "mean_dist_m": 7.592170963684718,
    "episodes": 12
  },
  "rollout_flat_10.0s": {
    "xy_rmse_m": 3.221555836825736,
    "yaw_rmse_rad": 0.10394390835769936,
    "errdist": 0.09147700795273718,
    "mean_dist_m": 35.2171098391215,
    "episodes": 12
  },
  "rollout_crm_5.0s": {
    "xy_rmse_m": 0.8428975619383837,
    "yaw_rmse_rad": 0.05225051912241123,
    "errdist": 0.11778066568003437,
    "mean_dist_m": 7.1565019357949495,
    "episodes": 12
  },
  "rollout_crm_10.0s": {
    "xy_rmse_m": 3.620682106035252,
    "yaw_rmse_rad": 0.1476851345248962,
    "errdist": 0.14461439800104373,
    "mean_dist_m": 25.036802393694717,
    "episodes": 12
  },
  "rollout_sel": 0.11804570297689046
}
{
  "epoch": 55,
  "timestamp_utc": "2026-07-15T16:00:42.446806+00:00",
  "train_loss": 0.01617100363271311,
  "val_loss": 0.0024249022892217907,
  "val_rmse": {
    "vel_body_x_mps": 0.0006726953078514295,
    "vel_body_y_mps": 0.0006435081920123378,
    "roll_rad": 1.655105332089177e-05,
    "pitch_rad": 7.0276008052771895e-06,
    "roll_rate_radps": 0.0013668990631246943,
    "ang_vel_body_y_radps": 0.0005927032147337867,
    "yaw_rate_radps": 0.0012746349916920173,
    "tire_fl_force_wheel_fz_n": 37.35977156941953,
    "tire_fr_force_wheel_fz_n": 37.372232447067184,
    "tire_rl_force_wheel_fz_n": 23.485288538420154,
    "tire_rr_force_wheel_fz_n": 21.64933762726443,
    "tire_fl_spindle_omega_radps": 0.04702442832618684,
    "tire_fr_spindle_omega_radps": 0.0455889630930144,
    "tire_rl_spindle_omega_radps": 0.04382327852671897,
    "tire_rr_spindle_omega_radps": 0.04092495048067351
  },
  "val_flat_loss": 0.0024249022892217907,
  "val_flat_rmse": {
    "vel_body_x_mps": 0.0006726953078514295,
    "vel_body_y_mps": 0.0006435081920123378,
    "roll_rad": 1.655105332089177e-05,
    "pitch_rad": 7.0276008052771895e-06,
    "roll_rate_radps": 0.0013668990631246943,
    "ang_vel_body_y_radps": 0.0005927032147337867,
    "yaw_rate_radps": 0.0012746349916920173,
    "tire_fl_force_wheel_fz_n": 37.35977156941953,
    "tire_fr_force_wheel_fz_n": 37.372232447067184,
    "tire_rl_force_wheel_fz_n": 23.485288538420154,
    "tire_rr_force_wheel_fz_n": 21.64933762726443,
    "tire_fl_spindle_omega_radps": 0.04702442832618684,
    "tire_fr_spindle_omega_radps": 0.0455889630930144,
    "tire_rl_spindle_omega_radps": 0.04382327852671897,
    "tire_rr_spindle_omega_radps": 0.04092495048067351
  },
  "val_crm_loss": 0.09361037036345805,
  "val_crm_rmse": {
    "vel_body_x_mps": 0.0029336557859708386,
    "vel_body_y_mps": 0.002346539211187361,
    "roll_rad": 4.2836731826126135e-05,
    "pitch_rad": 3.162990367803935e-05,
    "roll_rate_radps": 0.003582941271649979,
    "ang_vel_body_y_radps": 0.002465859252779094,
    "yaw_rate_radps": 0.0023247295850194116,
    "tire_fl_force_wheel_fz_n": 619.0767202154312,
    "tire_fr_force_wheel_fz_n": 626.6393293548039,
    "tire_rl_force_wheel_fz_n": 976.2453055908809,
    "tire_rr_force_wheel_fz_n": 1025.442115311068,
    "tire_fl_spindle_omega_radps": 0.1356541066485748,
    "tire_fr_spindle_omega_radps": 0.1359553915551448,
    "tire_rl_spindle_omega_radps": 0.15818197081684474,
    "tire_rr_spindle_omega_radps": 0.1581065721896187
  },
  "val_mixed_loss": 0.04801763632633992,
  "rollout_flat_5.0s": {
    "xy_rmse_m": 0.8683775489908461,
    "yaw_rmse_rad": 0.04404049439961819,
    "errdist": 0.11437802878050513,
    "mean_dist_m": 7.592170963684718,
    "episodes": 12
  },
  "rollout_flat_10.0s": {
    "xy_rmse_m": 4.544405229104448,
    "yaw_rmse_rad": 0.14656975771225583,
    "errdist": 0.12903969831323925,
    "mean_dist_m": 35.2171098391215,
    "episodes": 12
  },
  "rollout_crm_5.0s": {
    "xy_rmse_m": 0.8476444490668971,
    "yaw_rmse_rad": 0.038274286895461015,
    "errdist": 0.11844396280076464,
    "mean_dist_m": 7.1565019357949495,
    "episodes": 12
  },
  "rollout_crm_10.0s": {
    "xy_rmse_m": 2.430490823398414,
    "yaw_rmse_rad": 0.11189350215593781,
    "errdist": 0.0970767266993532,
    "mean_dist_m": 25.036802393694717,
    "episodes": 12
  },
  "rollout_sel": 0.11305821250629622
}
{
  "epoch": 56,
  "timestamp_utc": "2026-07-15T16:01:46.954624+00:00",
  "train_loss": 0.01586358618736267,
  "val_loss": 0.0024741910901866504,
  "val_rmse": {
    "vel_body_x_mps": 0.0007082209944274877,
    "vel_body_y_mps": 0.0006140870555624571,
    "roll_rad": 1.2886440798285458e-05,
    "pitch_rad": 7.77290148107422e-06,
    "roll_rate_radps": 0.0013561182481894357,
    "ang_vel_body_y_radps": 0.0006483559712714125,
    "yaw_rate_radps": 0.0012717392749434034,
    "tire_fl_force_wheel_fz_n": 37.16777017154055,
    "tire_fr_force_wheel_fz_n": 38.22047193526795,
    "tire_rl_force_wheel_fz_n": 23.198925241391894,
    "tire_rr_force_wheel_fz_n": 21.528772149428157,
    "tire_fl_spindle_omega_radps": 0.050243838372490544,
    "tire_fr_spindle_omega_radps": 0.04824479250643762,
    "tire_rl_spindle_omega_radps": 0.047606673330601576,
    "tire_rr_spindle_omega_radps": 0.04490236448440056
  },
  "val_flat_loss": 0.0024741910901866504,
  "val_flat_rmse": {
    "vel_body_x_mps": 0.0007082209944274877,
    "vel_body_y_mps": 0.0006140870555624571,
    "roll_rad": 1.2886440798285458e-05,
    "pitch_rad": 7.77290148107422e-06,
    "roll_rate_radps": 0.0013561182481894357,
    "ang_vel_body_y_radps": 0.0006483559712714125,
    "yaw_rate_radps": 0.0012717392749434034,
    "tire_fl_force_wheel_fz_n": 37.16777017154055,
    "tire_fr_force_wheel_fz_n": 38.22047193526795,
    "tire_rl_force_wheel_fz_n": 23.198925241391894,
    "tire_rr_force_wheel_fz_n": 21.528772149428157,
    "tire_fl_spindle_omega_radps": 0.050243838372490544,
    "tire_fr_spindle_omega_radps": 0.04824479250643762,
    "tire_rl_spindle_omega_radps": 0.047606673330601576,
    "tire_rr_spindle_omega_radps": 0.04490236448440056
  },
  "val_crm_loss": 0.09395697378029581,
  "val_crm_rmse": {
    "vel_body_x_mps": 0.0029370099773011033,
    "vel_body_y_mps": 0.0023711391888459614,
    "roll_rad": 4.4276863012098255e-05,
    "pitch_rad": 3.0175675849240167e-05,
    "roll_rate_radps": 0.0035761742598963467,
    "ang_vel_body_y_radps": 0.002474909853119704,
    "yaw_rate_radps": 0.002320994930914664,
    "tire_fl_force_wheel_fz_n": 620.0093509918885,
    "tire_fr_force_wheel_fz_n": 629.2867366065302,
    "tire_rl_force_wheel_fz_n": 981.1008206111426,
    "tire_rr_force_wheel_fz_n": 1025.2252388586428,
    "tire_fl_spindle_omega_radps": 0.1334803780859678,
    "tire_fr_spindle_omega_radps": 0.13393718663752327,
    "tire_rl_spindle_omega_radps": 0.1572716498648993,
    "tire_rr_spindle_omega_radps": 0.15783578964208098
  },
  "val_mixed_loss": 0.04821558243524123,
  "rollout_flat_5.0s": {
    "xy_rmse_m": 0.5282119787698791,
    "yaw_rmse_rad": 0.05759969956688877,
    "errdist": 0.06957324608421639,
    "mean_dist_m": 7.592170963684718,
    "episodes": 12
  },
  "rollout_flat_10.0s": {
    "xy_rmse_m": 3.7236695182292405,
    "yaw_rmse_rad": 0.11829473125541015,
    "errdist": 0.10573467088127549,
    "mean_dist_m": 35.2171098391215,
    "episodes": 12
  },
  "rollout_crm_5.0s": {
    "xy_rmse_m": 0.7538830693293308,
    "yaw_rmse_rad": 0.048894974975914586,
    "errdist": 0.10534239717851608,
    "mean_dist_m": 7.1565019357949495,
    "episodes": 12
  },
  "rollout_crm_10.0s": {
    "xy_rmse_m": 2.3822887924759684,
    "yaw_rmse_rad": 0.1407681310975206,
    "errdist": 0.09515147961050831,
    "mean_dist_m": 25.036802393694717,
    "episodes": 12
  },
  "rollout_sel": 0.1004430752458919
}
{
  "epoch": 57,
  "timestamp_utc": "2026-07-15T16:02:51.343510+00:00",
  "train_loss": 0.015838481919839976,
  "val_loss": 0.002596413524024683,
  "val_rmse": {
    "vel_body_x_mps": 0.0007518083637144339,
    "vel_body_y_mps": 0.0006840663283201277,
    "roll_rad": 1.6743172267096684e-05,
    "pitch_rad": 7.903947798203598e-06,
    "roll_rate_radps": 0.0014248462229591884,
    "ang_vel_body_y_radps": 0.000678540158596426,
    "yaw_rate_radps": 0.0012658159381818902,
    "tire_fl_force_wheel_fz_n": 37.01958043894489,
    "tire_fr_force_wheel_fz_n": 37.534222983228005,
    "tire_rl_force_wheel_fz_n": 22.87484139007028,
    "tire_rr_force_wheel_fz_n": 21.81788120534281,
    "tire_fl_spindle_omega_radps": 0.05097224923832396,
    "tire_fr_spindle_omega_radps": 0.051144661955091694,
    "tire_rl_spindle_omega_radps": 0.04846000800512519,
    "tire_rr_spindle_omega_radps": 0.045750151943672136
  },
  "val_flat_loss": 0.002596413524024683,
  "val_flat_rmse": {
    "vel_body_x_mps": 0.0007518083637144339,
    "vel_body_y_mps": 0.0006840663283201277,
    "roll_rad": 1.6743172267096684e-05,
    "pitch_rad": 7.903947798203598e-06,
    "roll_rate_radps": 0.0014248462229591884,
    "ang_vel_body_y_radps": 0.000678540158596426,
    "yaw_rate_radps": 0.0012658159381818902,
    "tire_fl_force_wheel_fz_n": 37.01958043894489,
    "tire_fr_force_wheel_fz_n": 37.534222983228005,
    "tire_rl_force_wheel_fz_n": 22.87484139007028,
    "tire_rr_force_wheel_fz_n": 21.81788120534281,
    "tire_fl_spindle_omega_radps": 0.05097224923832396,
    "tire_fr_spindle_omega_radps": 0.051144661955091694,
    "tire_rl_spindle_omega_radps": 0.04846000800512519,
    "tire_rr_spindle_omega_radps": 0.045750151943672136
  },
  "val_crm_loss": 0.09382707607583143,
  "val_crm_rmse": {
    "vel_body_x_mps": 0.0029805739023818336,
    "vel_body_y_mps": 0.002372676986345455,
    "roll_rad": 4.22586997191558e-05,
    "pitch_rad": 2.798276681890515e-05,
    "roll_rate_radps": 0.0036260742168035703,
    "ang_vel_body_y_radps": 0.002446430039435637,
    "yaw_rate_radps": 0.002321282824472297,
    "tire_fl_force_wheel_fz_n": 619.8597882819196,
    "tire_fr_force_wheel_fz_n": 627.0510569463846,
    "tire_rl_force_wheel_fz_n": 978.5388533252224,
    "tire_rr_force_wheel_fz_n": 1022.0952173791258,
    "tire_fl_spindle_omega_radps": 0.1317614999709642,
    "tire_fr_spindle_omega_radps": 0.1322412915649775,
    "tire_rl_spindle_omega_radps": 0.15601798343936987,
    "tire_rr_spindle_omega_radps": 0.15585691657932316
  },
  "val_mixed_loss": 0.048211744799928055,
  "rollout_flat_5.0s": {
    "xy_rmse_m": 0.5623586265078,
    "yaw_rmse_rad": 0.03713766145129939,
    "errdist": 0.07407085920452847,
    "mean_dist_m": 7.592170963684718,
    "episodes": 12
  },
  "rollout_flat_10.0s": {
    "xy_rmse_m": 3.9009222775751335,
    "yaw_rmse_rad": 0.09245977193637366,
    "errdist": 0.11076781415043124,
    "mean_dist_m": 35.2171098391215,
    "episodes": 12
  },
  "rollout_crm_5.0s": {
    "xy_rmse_m": 0.8533790096585299,
    "yaw_rmse_rad": 0.05652651215705774,
    "errdist": 0.11924527056859321,
    "mean_dist_m": 7.1565019357949495,
    "episodes": 12
  },
  "rollout_crm_10.0s": {
    "xy_rmse_m": 2.6925298839198786,
    "yaw_rmse_rad": 0.1491755316429218,
    "errdist": 0.10754288193758987,
    "mean_dist_m": 25.036802393694717,
    "episodes": 12
  },
  "rollout_sel": 0.10915534804401056
}
{
  "epoch": 58,
  "timestamp_utc": "2026-07-15T16:03:55.983882+00:00",
  "train_loss": 0.015601893894840032,
  "val_loss": 0.002360127213505621,
  "val_rmse": {
    "vel_body_x_mps": 0.0006616273395445643,
    "vel_body_y_mps": 0.0006338610933786891,
    "roll_rad": 1.4895187578413032e-05,
    "pitch_rad": 6.6902266479063444e-06,
    "roll_rate_radps": 0.0013435733770522837,
    "ang_vel_body_y_radps": 0.0005845974572329392,
    "yaw_rate_radps": 0.0012501777838328035,
    "tire_fl_force_wheel_fz_n": 36.44733301185825,
    "tire_fr_force_wheel_fz_n": 36.758685323959455,
    "tire_rl_force_wheel_fz_n": 22.995462807031064,
    "tire_rr_force_wheel_fz_n": 21.99101681074966,
    "tire_fl_spindle_omega_radps": 0.04702525627114648,
    "tire_fr_spindle_omega_radps": 0.04543073743094437,
    "tire_rl_spindle_omega_radps": 0.04351365783383544,
    "tire_rr_spindle_omega_radps": 0.04136525506187396
  },
  "val_flat_loss": 0.002360127213505621,
  "val_flat_rmse": {
    "vel_body_x_mps": 0.0006616273395445643,
    "vel_body_y_mps": 0.0006338610933786891,
    "roll_rad": 1.4895187578413032e-05,
    "pitch_rad": 6.6902266479063444e-06,
    "roll_rate_radps": 0.0013435733770522837,
    "ang_vel_body_y_radps": 0.0005845974572329392,
    "yaw_rate_radps": 0.0012501777838328035,
    "tire_fl_force_wheel_fz_n": 36.44733301185825,
    "tire_fr_force_wheel_fz_n": 36.758685323959455,
    "tire_rl_force_wheel_fz_n": 22.995462807031064,
    "tire_rr_force_wheel_fz_n": 21.99101681074966,
    "tire_fl_spindle_omega_radps": 0.04702525627114648,
    "tire_fr_spindle_omega_radps": 0.04543073743094437,
    "tire_rl_spindle_omega_radps": 0.04351365783383544,
    "tire_rr_spindle_omega_radps": 0.04136525506187396
  },
  "val_crm_loss": 0.09394591792079154,
  "val_crm_rmse": {
    "vel_body_x_mps": 0.0029329906077578895,
    "vel_body_y_mps": 0.0023620661666901295,
    "roll_rad": 4.0199805366307416e-05,
    "pitch_rad": 2.854441525937906e-05,
    "roll_rate_radps": 0.003565365083682936,
    "ang_vel_body_y_radps": 0.002429695590500712,
    "yaw_rate_radps": 0.0023214431331711185,
    "tire_fl_force_wheel_fz_n": 618.1420181318191,
    "tire_fr_force_wheel_fz_n": 618.2236284275244,
    "tire_rl_force_wheel_fz_n": 985.6523289734772,
    "tire_rr_force_wheel_fz_n": 1037.179356117782,
    "tire_fl_spindle_omega_radps": 0.13015015358219065,
    "tire_fr_spindle_omega_radps": 0.1300333766968909,
    "tire_rl_spindle_omega_radps": 0.15443474684786587,
    "tire_rr_spindle_omega_radps": 0.1551791578180898
  },
  "val_mixed_loss": 0.04815302256714858,
  "rollout_flat_5.0s": {
    "xy_rmse_m": 0.5084502896492169,
    "yaw_rmse_rad": 0.022444237184514066,
    "errdist": 0.06697034248586653,
    "mean_dist_m": 7.592170963684718,
    "episodes": 12
  },
  "rollout_flat_10.0s": {
    "xy_rmse_m": 2.907519270706494,
    "yaw_rmse_rad": 0.050279300968233374,
    "errdist": 0.08255984900488991,
    "mean_dist_m": 35.2171098391215,
    "episodes": 12
  },
  "rollout_crm_5.0s": {
    "xy_rmse_m": 0.4761231735647137,
    "yaw_rmse_rad": 0.030614097459617004,
    "errdist": 0.06653015367511747,
    "mean_dist_m": 7.1565019357949495,
    "episodes": 12
  },
  "rollout_crm_10.0s": {
    "xy_rmse_m": 1.2171530398517054,
    "yaw_rmse_rad": 0.048795271231668984,
    "errdist": 0.04861455631244004,
    "mean_dist_m": 25.036802393694717,
    "episodes": 12
  },
  "rollout_sel": 0.06558720265866498
}
{
  "epoch": 59,
  "timestamp_utc": "2026-07-15T16:05:00.650771+00:00",
  "train_loss": 0.015460706708254293,
  "val_loss": 0.002341013817986095,
  "val_rmse": {
    "vel_body_x_mps": 0.0006550954420060014,
    "vel_body_y_mps": 0.0006445894679751006,
    "roll_rad": 1.2116465756856753e-05,
    "pitch_rad": 7.373088080934381e-06,
    "roll_rate_radps": 0.0013239222700417521,
    "ang_vel_body_y_radps": 0.0005812866258511391,
    "yaw_rate_radps": 0.001258493873586437,
    "tire_fl_force_wheel_fz_n": 36.859786879569675,
    "tire_fr_force_wheel_fz_n": 37.08122575528593,
    "tire_rl_force_wheel_fz_n": 22.60847319802135,
    "tire_rr_force_wheel_fz_n": 21.91011388335584,
    "tire_fl_spindle_omega_radps": 0.04601207945855357,
    "tire_fr_spindle_omega_radps": 0.04486448161927611,
    "tire_rl_spindle_omega_radps": 0.043561363368334556,
    "tire_rr_spindle_omega_radps": 0.0409252869458943
  },
  "val_flat_loss": 0.002341013817986095,
  "val_flat_rmse": {
    "vel_body_x_mps": 0.0006550954420060014,
    "vel_body_y_mps": 0.0006445894679751006,
    "roll_rad": 1.2116465756856753e-05,
    "pitch_rad": 7.373088080934381e-06,
    "roll_rate_radps": 0.0013239222700417521,
    "ang_vel_body_y_radps": 0.0005812866258511391,
    "yaw_rate_radps": 0.001258493873586437,
    "tire_fl_force_wheel_fz_n": 36.859786879569675,
    "tire_fr_force_wheel_fz_n": 37.08122575528593,
    "tire_rl_force_wheel_fz_n": 22.60847319802135,
    "tire_rr_force_wheel_fz_n": 21.91011388335584,
    "tire_fl_spindle_omega_radps": 0.04601207945855357,
    "tire_fr_spindle_omega_radps": 0.04486448161927611,
    "tire_rl_spindle_omega_radps": 0.043561363368334556,
    "tire_rr_spindle_omega_radps": 0.0409252869458943
  },
  "val_crm_loss": 0.09398203120334074,
  "val_crm_rmse": {
    "vel_body_x_mps": 0.00294952766239152,
    "vel_body_y_mps": 0.002354730054704968,
    "roll_rad": 4.096532822565752e-05,
    "pitch_rad": 2.905121918358596e-05,
    "roll_rate_radps": 0.003560703306751633,
    "ang_vel_body_y_radps": 0.002474313646822781,
    "yaw_rate_radps": 0.002328377700043131,
    "tire_fl_force_wheel_fz_n": 622.388693703384,
    "tire_fr_force_wheel_fz_n": 626.5967827474173,
    "tire_rl_force_wheel_fz_n": 977.9578785668515,
    "tire_rr_force_wheel_fz_n": 1030.7874995143122,
    "tire_fl_spindle_omega_radps": 0.13278177062014207,
    "tire_fr_spindle_omega_radps": 0.13256692995790126,
    "tire_rl_spindle_omega_radps": 0.15663422970928703,
    "tire_rr_spindle_omega_radps": 0.15830143044950507
  },
  "val_mixed_loss": 0.04816152251066342,
  "rollout_flat_5.0s": {
    "xy_rmse_m": 1.1179957604671933,
    "yaw_rmse_rad": 0.04862157354748697,
    "errdist": 0.14725639949559235,
    "mean_dist_m": 7.592170963684718,
    "episodes": 12
  },
  "rollout_flat_10.0s": {
    "xy_rmse_m": 4.914944239753164,
    "yaw_rmse_rad": 0.14733473325764795,
    "errdist": 0.13956126048405365,
    "mean_dist_m": 35.2171098391215,
    "episodes": 12
  },
  "rollout_crm_5.0s": {
    "xy_rmse_m": 1.1662960193736291,
    "yaw_rmse_rad": 0.07040167568312916,
    "errdist": 0.16297012560565682,
    "mean_dist_m": 7.1565019357949495,
    "episodes": 12
  },
  "rollout_crm_10.0s": {
    "xy_rmse_m": 5.15244055754263,
    "yaw_rmse_rad": 0.16723091175376228,
    "errdist": 0.2057946728389015,
    "mean_dist_m": 25.036802393694717,
    "episodes": 12
  },
  "rollout_sel": 0.17267796666147756
}
{
  "epoch": 60,
  "timestamp_utc": "2026-07-15T16:06:05.601424+00:00",
  "train_loss": 0.015230259062256665,
  "val_loss": 0.0022499298661387,
  "val_rmse": {
    "vel_body_x_mps": 0.0006410447832504719,
    "vel_body_y_mps": 0.0006187457200116119,
    "roll_rad": 1.1376433201840215e-05,
    "pitch_rad": 7.130699957126471e-06,
    "roll_rate_radps": 0.0013333417900108062,
    "ang_vel_body_y_radps": 0.0005738060391099363,
    "yaw_rate_radps": 0.0012616586982284914,
    "tire_fl_force_wheel_fz_n": 36.4560325443421,
    "tire_fr_force_wheel_fz_n": 36.415283880597755,
    "tire_rl_force_wheel_fz_n": 22.571300846166594,
    "tire_rr_force_wheel_fz_n": 21.652604925379073,
    "tire_fl_spindle_omega_radps": 0.04548645341228364,
    "tire_fr_spindle_omega_radps": 0.044160022748111545,
    "tire_rl_spindle_omega_radps": 0.042508227676808855,
    "tire_rr_spindle_omega_radps": 0.03962118230493358
  },
  "val_flat_loss": 0.0022499298661387,
  "val_flat_rmse": {
    "vel_body_x_mps": 0.0006410447832504719,
    "vel_body_y_mps": 0.0006187457200116119,
    "roll_rad": 1.1376433201840215e-05,
    "pitch_rad": 7.130699957126471e-06,
    "roll_rate_radps": 0.0013333417900108062,
    "ang_vel_body_y_radps": 0.0005738060391099363,
    "yaw_rate_radps": 0.0012616586982284914,
    "tire_fl_force_wheel_fz_n": 36.4560325443421,
    "tire_fr_force_wheel_fz_n": 36.415283880597755,
    "tire_rl_force_wheel_fz_n": 22.571300846166594,
    "tire_rr_force_wheel_fz_n": 21.652604925379073,
    "tire_fl_spindle_omega_radps": 0.04548645341228364,
    "tire_fr_spindle_omega_radps": 0.044160022748111545,
    "tire_rl_spindle_omega_radps": 0.042508227676808855,
    "tire_rr_spindle_omega_radps": 0.03962118230493358
  },
  "val_crm_loss": 0.09422265923058148,
  "val_crm_rmse": {
    "vel_body_x_mps": 0.00295132668111149,
    "vel_body_y_mps": 0.002342483547622447,
    "roll_rad": 3.98015840887793e-05,
    "pitch_rad": 2.8055955755318324e-05,
    "roll_rate_radps": 0.0035256745547095937,
    "ang_vel_body_y_radps": 0.0024323330128372092,
    "yaw_rate_radps": 0.002326270167560265,
    "tire_fl_force_wheel_fz_n": 620.7234567921626,
    "tire_fr_force_wheel_fz_n": 624.9643038732073,
    "tire_rl_force_wheel_fz_n": 990.1897182219727,
    "tire_rr_force_wheel_fz_n": 1024.385525569816,
    "tire_fl_spindle_omega_radps": 0.13245333953628954,
    "tire_fr_spindle_omega_radps": 0.1319213897174587,
    "tire_rl_spindle_omega_radps": 0.1564885431769007,
    "tire_rr_spindle_omega_radps": 0.15663908875523863
  },
  "val_mixed_loss": 0.04823629454836009,
  "rollout_flat_5.0s": {
    "xy_rmse_m": 1.5904853608617846,
    "yaw_rmse_rad": 0.06948007920123236,
    "errdist": 0.20949019305143154,
    "mean_dist_m": 7.592170963684718,
    "episodes": 12
  },
  "rollout_flat_10.0s": {
    "xy_rmse_m": 7.679333550358994,
    "yaw_rmse_rad": 0.17618420990492353,
    "errdist": 0.21805689295457975,
    "mean_dist_m": 35.2171098391215,
    "episodes": 12
  },
  "rollout_crm_5.0s": {
    "xy_rmse_m": 0.6984441687491705,
    "yaw_rmse_rad": 0.03298832705720228,
    "errdist": 0.09759574929418179,
    "mean_dist_m": 7.1565019357949495,
    "episodes": 12
  },
  "rollout_crm_10.0s": {
    "xy_rmse_m": 1.408415953152051,
    "yaw_rmse_rad": 0.09958548379000026,
    "errdist": 0.056253827106401866,
    "mean_dist_m": 25.036802393694717,
    "episodes": 12
  },
  "rollout_sel": 0.1371553600304908
}
{
  "epoch": 61,
  "timestamp_utc": "2026-07-15T16:07:10.609195+00:00",
  "train_loss": 0.015075206228997558,
  "val_loss": 0.002427883710679453,
  "val_rmse": {
    "vel_body_x_mps": 0.0006736201980887936,
    "vel_body_y_mps": 0.000631397940779751,
    "roll_rad": 1.1961074019436835e-05,
    "pitch_rad": 6.678344763007701e-06,
    "roll_rate_radps": 0.001371616628222214,
    "ang_vel_body_y_radps": 0.0005969901549684538,
    "yaw_rate_radps": 0.0012556467501460662,
    "tire_fl_force_wheel_fz_n": 37.565166268952424,
    "tire_fr_force_wheel_fz_n": 37.05088207337733,
    "tire_rl_force_wheel_fz_n": 23.335807452763778,
    "tire_rr_force_wheel_fz_n": 21.73460202897257,
    "tire_fl_spindle_omega_radps": 0.0473646702944191,
    "tire_fr_spindle_omega_radps": 0.04642602217436948,
    "tire_rl_spindle_omega_radps": 0.045583673509793046,
    "tire_rr_spindle_omega_radps": 0.04234704370657449
  },
  "val_flat_loss": 0.002427883710679453,
  "val_flat_rmse": {
    "vel_body_x_mps": 0.0006736201980887936,
    "vel_body_y_mps": 0.000631397940779751,
    "roll_rad": 1.1961074019436835e-05,
    "pitch_rad": 6.678344763007701e-06,
    "roll_rate_radps": 0.001371616628222214,
    "ang_vel_body_y_radps": 0.0005969901549684538,
    "yaw_rate_radps": 0.0012556467501460662,
    "tire_fl_force_wheel_fz_n": 37.565166268952424,
    "tire_fr_force_wheel_fz_n": 37.05088207337733,
    "tire_rl_force_wheel_fz_n": 23.335807452763778,
    "tire_rr_force_wheel_fz_n": 21.73460202897257,
    "tire_fl_spindle_omega_radps": 0.0473646702944191,
    "tire_fr_spindle_omega_radps": 0.04642602217436948,
    "tire_rl_spindle_omega_radps": 0.045583673509793046,
    "tire_rr_spindle_omega_radps": 0.04234704370657449
  },
  "val_crm_loss": 0.09459409299190157,
  "val_crm_rmse": {
    "vel_body_x_mps": 0.002934960186909671,
    "vel_body_y_mps": 0.0023450935467163583,
    "roll_rad": 3.90083017344226e-05,
    "pitch_rad": 2.8172747925717714e-05,
    "roll_rate_radps": 0.0035038089015224498,
    "ang_vel_body_y_radps": 0.002432571411144368,
    "yaw_rate_radps": 0.002327098700167052,
    "tire_fl_force_wheel_fz_n": 624.4178133860597,
    "tire_fr_force_wheel_fz_n": 623.8966975373392,
    "tire_rl_force_wheel_fz_n": 991.933051689076,
    "tire_rr_force_wheel_fz_n": 1037.465378428448,
    "tire_fl_spindle_omega_radps": 0.13080582531765073,
    "tire_fr_spindle_omega_radps": 0.13100026479340812,
    "tire_rl_spindle_omega_radps": 0.15611390386574836,
    "tire_rr_spindle_omega_radps": 0.1558761539359045
  },
  "val_mixed_loss": 0.04851098835129051,
  "rollout_flat_5.0s": {
    "xy_rmse_m": 0.8640965737953182,
    "yaw_rmse_rad": 0.04020499327870483,
    "errdist": 0.11381416171059788,
    "mean_dist_m": 7.592170963684718,
    "episodes": 12
  },
  "rollout_flat_10.0s": {
    "xy_rmse_m": 4.051763076377938,
    "yaw_rmse_rad": 0.08575477942112246,
    "errdist": 0.11505098217562905,
    "mean_dist_m": 35.2171098391215,
    "episodes": 12
  },
  "rollout_crm_5.0s": {
    "xy_rmse_m": 0.5803817014255966,
    "yaw_rmse_rad": 0.029248200364683948,
    "errdist": 0.08109851805149094,
    "mean_dist_m": 7.1565019357949495,
    "episodes": 12
  },
  "rollout_crm_10.0s": {
    "xy_rmse_m": 1.1406982777368018,
    "yaw_rmse_rad": 0.05969529229206924,
    "errdist": 0.045560861159493586,
    "mean_dist_m": 25.036802393694717,
    "episodes": 12
  },
  "rollout_sel": 0.08030592166756131
}
{
  "epoch": 62,
  "timestamp_utc": "2026-07-15T16:08:15.555705+00:00",
  "train_loss": 0.014843355824705213,
  "val_loss": 0.002287117402211152,
  "val_rmse": {
    "vel_body_x_mps": 0.0006568896298300743,
    "vel_body_y_mps": 0.0006240334056210861,
    "roll_rad": 1.2729336332622957e-05,
    "pitch_rad": 6.480126486707124e-06,
    "roll_rate_radps": 0.0013469003270999808,
    "ang_vel_body_y_radps": 0.0005663064928102566,
    "yaw_rate_radps": 0.0012697641126082244,
    "tire_fl_force_wheel_fz_n": 36.32948717269868,
    "tire_fr_force_wheel_fz_n": 36.97285055795626,
    "tire_rl_force_wheel_fz_n": 22.79835158148819,
    "tire_rr_force_wheel_fz_n": 21.588115268105504,
    "tire_fl_spindle_omega_radps": 0.04472745974147923,
    "tire_fr_spindle_omega_radps": 0.043454835880293904,
    "tire_rl_spindle_omega_radps": 0.0423016391381571,
    "tire_rr_spindle_omega_radps": 0.040076554591595516
  },
  "val_flat_loss": 0.002287117402211152,
  "val_flat_rmse": {
    "vel_body_x_mps": 0.0006568896298300743,
    "vel_body_y_mps": 0.0006240334056210861,
    "roll_rad": 1.2729336332622957e-05,
    "pitch_rad": 6.480126486707124e-06,
    "roll_rate_radps": 0.0013469003270999808,
    "ang_vel_body_y_radps": 0.0005663064928102566,
    "yaw_rate_radps": 0.0012697641126082244,
    "tire_fl_force_wheel_fz_n": 36.32948717269868,
    "tire_fr_force_wheel_fz_n": 36.97285055795626,
    "tire_rl_force_wheel_fz_n": 22.79835158148819,
    "tire_rr_force_wheel_fz_n": 21.588115268105504,
    "tire_fl_spindle_omega_radps": 0.04472745974147923,
    "tire_fr_spindle_omega_radps": 0.043454835880293904,
    "tire_rl_spindle_omega_radps": 0.0423016391381571,
    "tire_rr_spindle_omega_radps": 0.040076554591595516
  },
  "val_crm_loss": 0.09457930493052118,
  "val_crm_rmse": {
    "vel_body_x_mps": 0.002934716206516876,
    "vel_body_y_mps": 0.002324009964121509,
    "roll_rad": 3.7854471515059155e-05,
    "pitch_rad": 2.7195123078621388e-05,
    "roll_rate_radps": 0.003489541453302886,
    "ang_vel_body_y_radps": 0.002433139726221669,
    "yaw_rate_radps": 0.0023140475656070335,
    "tire_fl_force_wheel_fz_n": 623.0546408665705,
    "tire_fr_force_wheel_fz_n": 628.334454565746,
    "tire_rl_force_wheel_fz_n": 992.1417276283747,
    "tire_rr_force_wheel_fz_n": 1032.9124644605545,
    "tire_fl_spindle_omega_radps": 0.13329291326882375,
    "tire_fr_spindle_omega_radps": 0.13351858683056694,
    "tire_rl_spindle_omega_radps": 0.15792157675529805,
    "tire_rr_spindle_omega_radps": 0.1581604076672541
  },
  "val_mixed_loss": 0.04843321116636617,
  "rollout_flat_5.0s": {
    "xy_rmse_m": 0.8709758626087581,
    "yaw_rmse_rad": 0.039569028746149516,
    "errdist": 0.11472026470094746,
    "mean_dist_m": 7.592170963684718,
    "episodes": 12
  },
  "rollout_flat_10.0s": {
    "xy_rmse_m": 3.030992630457396,
    "yaw_rmse_rad": 0.10163441658606412,
    "errdist": 0.08606591069805418,
    "mean_dist_m": 35.2171098391215,
    "episodes": 12
  },
  "rollout_crm_5.0s": {
    "xy_rmse_m": 0.6457485371163388,
    "yaw_rmse_rad": 0.05072321588273364,
    "errdist": 0.09023242680707927,
    "mean_dist_m": 7.1565019357949495,
    "episodes": 12
  },
  "rollout_crm_10.0s": {
    "xy_rmse_m": 2.519447246813054,
    "yaw_rmse_rad": 0.1401968849386594,
    "errdist": 0.10062975324067554,
    "mean_dist_m": 25.036802393694717,
    "episodes": 12
  },
  "rollout_sel": 0.09334783196936486
}
{
  "epoch": 63,
  "timestamp_utc": "2026-07-15T16:09:20.455561+00:00",
  "train_loss": 0.014647483652457594,
  "val_loss": 0.0022281313034909545,
  "val_rmse": {
    "vel_body_x_mps": 0.0006463465645710563,
    "vel_body_y_mps": 0.0005993252982832186,
    "roll_rad": 1.1595029028730164e-05,
    "pitch_rad": 6.289427431392838e-06,
    "roll_rate_radps": 0.0013396620517126293,
    "ang_vel_body_y_radps": 0.0005794537355576289,
    "yaw_rate_radps": 0.001246545651698476,
    "tire_fl_force_wheel_fz_n": 37.45159046185261,
    "tire_fr_force_wheel_fz_n": 36.657948087432814,
    "tire_rl_force_wheel_fz_n": 22.890062104370475,
    "tire_rr_force_wheel_fz_n": 21.759752482249432,
    "tire_fl_spindle_omega_radps": 0.045050089022606474,
    "tire_fr_spindle_omega_radps": 0.04429465985213307,
    "tire_rl_spindle_omega_radps": 0.04270215325964425,
    "tire_rr_spindle_omega_radps": 0.04048893865707371
  },
  "val_flat_loss": 0.0022281313034909545,
  "val_flat_rmse": {
    "vel_body_x_mps": 0.0006463465645710563,
    "vel_body_y_mps": 0.0005993252982832186,
    "roll_rad": 1.1595029028730164e-05,
    "pitch_rad": 6.289427431392838e-06,
    "roll_rate_radps": 0.0013396620517126293,
    "ang_vel_body_y_radps": 0.0005794537355576289,
    "yaw_rate_radps": 0.001246545651698476,
    "tire_fl_force_wheel_fz_n": 37.45159046185261,
    "tire_fr_force_wheel_fz_n": 36.657948087432814,
    "tire_rl_force_wheel_fz_n": 22.890062104370475,
    "tire_rr_force_wheel_fz_n": 21.759752482249432,
    "tire_fl_spindle_omega_radps": 0.045050089022606474,
    "tire_fr_spindle_omega_radps": 0.04429465985213307,
    "tire_rl_spindle_omega_radps": 0.04270215325964425,
    "tire_rr_spindle_omega_radps": 0.04048893865707371
  },
  "val_crm_loss": 0.09489514564280398,
  "val_crm_rmse": {
    "vel_body_x_mps": 0.002924063253219353,
    "vel_body_y_mps": 0.002324434011430653,
    "roll_rad": 3.889662667628794e-05,
    "pitch_rad": 2.627550582194643e-05,
    "roll_rate_radps": 0.0035074452227184427,
    "ang_vel_body_y_radps": 0.0024184167720626534,
    "yaw_rate_radps": 0.0023173238621671077,
    "tire_fl_force_wheel_fz_n": 621.0932206247744,
    "tire_fr_force_wheel_fz_n": 625.0691267621536,
    "tire_rl_force_wheel_fz_n": 999.0039458924531,
    "tire_rr_force_wheel_fz_n": 1039.5811452038647,
    "tire_fl_spindle_omega_radps": 0.13306150835638775,
    "tire_fr_spindle_omega_radps": 0.131956241647787,
    "tire_rl_spindle_omega_radps": 0.15653214734150492,
    "tire_rr_spindle_omega_radps": 0.15635499626007462
  },
  "val_mixed_loss": 0.04856163847314746,
  "rollout_flat_5.0s": {
    "xy_rmse_m": 0.6036515289994626,
    "yaw_rmse_rad": 0.026942219946875522,
    "errdist": 0.07950973863561307,
    "mean_dist_m": 7.592170963684718,
    "episodes": 12
  },
  "rollout_flat_10.0s": {
    "xy_rmse_m": 2.5511861548128527,
    "yaw_rmse_rad": 0.07420583299699972,
    "errdist": 0.07244166731645951,
    "mean_dist_m": 35.2171098391215,
    "episodes": 12
  },
  "rollout_crm_5.0s": {
    "xy_rmse_m": 1.2739366515283,
    "yaw_rmse_rad": 0.07118235937439413,
    "errdist": 0.17801108180470157,
    "mean_dist_m": 7.1565019357949495,
    "episodes": 12
  },
  "rollout_crm_10.0s": {
    "xy_rmse_m": 4.9521438785372265,
    "yaw_rmse_rad": 0.17517005766025492,
    "errdist": 0.197794582577541,
    "mean_dist_m": 25.036802393694717,
    "episodes": 12
  },
  "rollout_sel": 0.13511812494700026
}
{
  "epoch": 64,
  "timestamp_utc": "2026-07-15T16:10:24.701731+00:00",
  "train_loss": 0.014473994996631517,
  "val_loss": 0.002375780325382948,
  "val_rmse": {
    "vel_body_x_mps": 0.0007073865334179239,
    "vel_body_y_mps": 0.0006119769641260115,
    "roll_rad": 1.3761699365874772e-05,
    "pitch_rad": 6.2348372433366445e-06,
    "roll_rate_radps": 0.00135734756355343,
    "ang_vel_body_y_radps": 0.0006226087934047418,
    "yaw_rate_radps": 0.001236479334745166,
    "tire_fl_force_wheel_fz_n": 37.00189754569097,
    "tire_fr_force_wheel_fz_n": 36.66750283559413,
    "tire_rl_force_wheel_fz_n": 22.36637104821402,
    "tire_rr_force_wheel_fz_n": 21.75134176960651,
    "tire_fl_spindle_omega_radps": 0.04780718420537606,
    "tire_fr_spindle_omega_radps": 0.048442828732991765,
    "tire_rl_spindle_omega_radps": 0.047525894420431765,
    "tire_rr_spindle_omega_radps": 0.04257627722086389
  },
  "val_flat_loss": 0.002375780325382948,
  "val_flat_rmse": {
    "vel_body_x_mps": 0.0007073865334179239,
    "vel_body_y_mps": 0.0006119769641260115,
    "roll_rad": 1.3761699365874772e-05,
    "pitch_rad": 6.2348372433366445e-06,
    "roll_rate_radps": 0.00135734756355343,
    "ang_vel_body_y_radps": 0.0006226087934047418,
    "yaw_rate_radps": 0.001236479334745166,
    "tire_fl_force_wheel_fz_n": 37.00189754569097,
    "tire_fr_force_wheel_fz_n": 36.66750283559413,
    "tire_rl_force_wheel_fz_n": 22.36637104821402,
    "tire_rr_force_wheel_fz_n": 21.75134176960651,
    "tire_fl_spindle_omega_radps": 0.04780718420537606,
    "tire_fr_spindle_omega_radps": 0.048442828732991765,
    "tire_rl_spindle_omega_radps": 0.047525894420431765,
    "tire_rr_spindle_omega_radps": 0.04257627722086389
  },
  "val_crm_loss": 0.09542500277806538,
  "val_crm_rmse": {
    "vel_body_x_mps": 0.002961221687354815,
    "vel_body_y_mps": 0.002323544900486629,
    "roll_rad": 3.7185471541556524e-05,
    "pitch_rad": 2.6093293101192648e-05,
    "roll_rate_radps": 0.0034947451804006684,
    "ang_vel_body_y_radps": 0.002440531963414827,
    "yaw_rate_radps": 0.0023184673232407344,
    "tire_fl_force_wheel_fz_n": 625.0820186945189,
    "tire_fr_force_wheel_fz_n": 633.0443717342985,
    "tire_rl_force_wheel_fz_n": 997.2513454471214,
    "tire_rr_force_wheel_fz_n": 1038.85511346504,
    "tire_fl_spindle_omega_radps": 0.13371032954683668,
    "tire_fr_spindle_omega_radps": 0.1344880315029362,
    "tire_rl_spindle_omega_radps": 0.15837431800879936,
    "tire_rr_spindle_omega_radps": 0.15877636092986433
  },
  "val_mixed_loss": 0.04890039155172417,
  "rollout_flat_5.0s": {
    "xy_rmse_m": 1.4346918116068297,
    "yaw_rmse_rad": 0.045242335301821306,
    "errdist": 0.18896990313697162,
    "mean_dist_m": 7.592170963684718,
    "episodes": 12
  },
  "rollout_flat_10.0s": {
    "xy_rmse_m": 6.756994832517386,
    "yaw_rmse_rad": 0.11296029186973383,
    "errdist": 0.19186681881007933,
    "mean_dist_m": 35.2171098391215,
    "episodes": 12
  },
  "rollout_crm_5.0s": {
    "xy_rmse_m": 0.747269155969568,
    "yaw_rmse_rad": 0.02313156654690599,
    "errdist": 0.10441821474705726,
    "mean_dist_m": 7.1565019357949495,
    "episodes": 12
  },
  "rollout_crm_10.0s": {
    "xy_rmse_m": 2.0586424824244514,
    "yaw_rmse_rad": 0.06608505789041401,
    "errdist": 0.08222465672944325,
    "mean_dist_m": 25.036802393694717,
    "episodes": 12
  },
  "rollout_sel": 0.13704573776976128
}
{
  "epoch": 65,
  "timestamp_utc": "2026-07-15T16:11:29.528846+00:00",
  "train_loss": 0.014341436059214174,
  "val_loss": 0.002185903792051249,
  "val_rmse": {
    "vel_body_x_mps": 0.0006282624230583095,
    "vel_body_y_mps": 0.0006234795129196982,
    "roll_rad": 1.148304880418519e-05,
    "pitch_rad": 6.732029028421622e-06,
    "roll_rate_radps": 0.0013206992845515148,
    "ang_vel_body_y_radps": 0.0005578073161060493,
    "yaw_rate_radps": 0.0012357602674875877,
    "tire_fl_force_wheel_fz_n": 36.49004948887353,
    "tire_fr_force_wheel_fz_n": 36.426505740703234,
    "tire_rl_force_wheel_fz_n": 23.415556645901344,
    "tire_rr_force_wheel_fz_n": 21.469011070296585,
    "tire_fl_spindle_omega_radps": 0.044822313628114153,
    "tire_fr_spindle_omega_radps": 0.04364229186669241,
    "tire_rl_spindle_omega_radps": 0.04188267668860518,
    "tire_rr_spindle_omega_radps": 0.03929661316987901
  },
  "val_flat_loss": 0.002185903792051249,
  "val_flat_rmse": {
    "vel_body_x_mps": 0.0006282624230583095,
    "vel_body_y_mps": 0.0006234795129196982,
    "roll_rad": 1.148304880418519e-05,
    "pitch_rad": 6.732029028421622e-06,
    "roll_rate_radps": 0.0013206992845515148,
    "ang_vel_body_y_radps": 0.0005578073161060493,
    "yaw_rate_radps": 0.0012357602674875877,
    "tire_fl_force_wheel_fz_n": 36.49004948887353,
    "tire_fr_force_wheel_fz_n": 36.426505740703234,
    "tire_rl_force_wheel_fz_n": 23.415556645901344,
    "tire_rr_force_wheel_fz_n": 21.469011070296585,
    "tire_fl_spindle_omega_radps": 0.044822313628114153,
    "tire_fr_spindle_omega_radps": 0.04364229186669241,
    "tire_rl_spindle_omega_radps": 0.04188267668860518,
    "tire_rr_spindle_omega_radps": 0.03929661316987901
  },
  "val_crm_loss": 0.09525905970600433,
  "val_crm_rmse": {
    "vel_body_x_mps": 0.0029358147164424125,
    "vel_body_y_mps": 0.0023145826299559506,
    "roll_rad": 3.822303985230603e-05,
    "pitch_rad": 2.6220161762998494e-05,
    "roll_rate_radps": 0.003467854357491784,
    "ang_vel_body_y_radps": 0.0024225116923850664,
    "yaw_rate_radps": 0.0023099751062120267,
    "tire_fl_force_wheel_fz_n": 621.3526761680135,
    "tire_fr_force_wheel_fz_n": 631.827707118922,
    "tire_rl_force_wheel_fz_n": 998.9852360474705,
    "tire_rr_force_wheel_fz_n": 1048.8182569055382,
    "tire_fl_spindle_omega_radps": 0.13206894052092605,
    "tire_fr_spindle_omega_radps": 0.13230554364338035,
    "tire_rl_spindle_omega_radps": 0.15611767970256485,
    "tire_rr_spindle_omega_radps": 0.1566792492986963
  },
  "val_mixed_loss": 0.04872248174902779,
  "rollout_flat_5.0s": {
    "xy_rmse_m": 1.2584164655563295,
    "yaw_rmse_rad": 0.07413146691493612,
    "errdist": 0.16575186090719704,
    "mean_dist_m": 7.592170963684718,
    "episodes": 12
  },
  "rollout_flat_10.0s": {
    "xy_rmse_m": 6.250685584142742,
    "yaw_rmse_rad": 0.17198594318727475,
    "errdist": 0.17749002154626176,
    "mean_dist_m": 35.2171098391215,
    "episodes": 12
  },
  "rollout_crm_5.0s": {
    "xy_rmse_m": 0.5736267234990822,
    "yaw_rmse_rad": 0.023106401558472624,
    "errdist": 0.08015462423477474,
    "mean_dist_m": 7.1565019357949495,
    "episodes": 12
  },
  "rollout_crm_10.0s": {
    "xy_rmse_m": 1.7088837169017221,
    "yaw_rmse_rad": 0.08066910249976351,
    "errdist": 0.06825487097074698,
    "mean_dist_m": 25.036802393694717,
    "episodes": 12
  },
  "rollout_sel": 0.12287244625850437
}
{
  "epoch": 66,
  "timestamp_utc": "2026-07-15T16:12:34.440617+00:00",
  "train_loss": 0.014247619521571324,
  "val_loss": 0.002266253415709798,
  "val_rmse": {
    "vel_body_x_mps": 0.0006346391406116184,
    "vel_body_y_mps": 0.0006095215507060939,
    "roll_rad": 1.1781071534175657e-05,
    "pitch_rad": 5.911291766338836e-06,
    "roll_rate_radps": 0.00133518278159164,
    "ang_vel_body_y_radps": 0.0005973570053134846,
    "yaw_rate_radps": 0.0012375796037174635,
    "tire_fl_force_wheel_fz_n": 36.886170762950485,
    "tire_fr_force_wheel_fz_n": 36.616745581185185,
    "tire_rl_force_wheel_fz_n": 22.55015628881068,
    "tire_rr_force_wheel_fz_n": 22.39958529535502,
    "tire_fl_spindle_omega_radps": 0.045377322855240154,
    "tire_fr_spindle_omega_radps": 0.04773905508640098,
    "tire_rl_spindle_omega_radps": 0.0470844615016821,
    "tire_rr_spindle_omega_radps": 0.04009773516715055
  },
  "val_flat_loss": 0.002266253415709798,
  "val_flat_rmse": {
    "vel_body_x_mps": 0.0006346391406116184,
    "vel_body_y_mps": 0.0006095215507060939,
    "roll_rad": 1.1781071534175657e-05,
    "pitch_rad": 5.911291766338836e-06,
    "roll_rate_radps": 0.00133518278159164,
    "ang_vel_body_y_radps": 0.0005973570053134846,
    "yaw_rate_radps": 0.0012375796037174635,
    "tire_fl_force_wheel_fz_n": 36.886170762950485,
    "tire_fr_force_wheel_fz_n": 36.616745581185185,
    "tire_rl_force_wheel_fz_n": 22.55015628881068,
    "tire_rr_force_wheel_fz_n": 22.39958529535502,
    "tire_fl_spindle_omega_radps": 0.045377322855240154,
    "tire_fr_spindle_omega_radps": 0.04773905508640098,
    "tire_rl_spindle_omega_radps": 0.0470844615016821,
    "tire_rr_spindle_omega_radps": 0.04009773516715055
  },
  "val_crm_loss": 0.09554416022176156,
  "val_crm_rmse": {
    "vel_body_x_mps": 0.0029152340370199757,
    "vel_body_y_mps": 0.002331452163099259,
    "roll_rad": 3.682611398955401e-05,
    "pitch_rad": 2.4955549359346744e-05,
    "roll_rate_radps": 0.003494084263616158,
    "ang_vel_body_y_radps": 0.0024162138885346998,
    "yaw_rate_radps": 0.0023141486357039728,
    "tire_fl_force_wheel_fz_n": 626.8353312746336,
    "tire_fr_force_wheel_fz_n": 629.2000686102245,
    "tire_rl_force_wheel_fz_n": 1006.104461673982,
    "tire_rr_force_wheel_fz_n": 1046.7020386557654,
    "tire_fl_spindle_omega_radps": 0.1318659288348254,
    "tire_fr_spindle_omega_radps": 0.13249016216138526,
    "tire_rl_spindle_omega_radps": 0.15693442412463104,
    "tire_rr_spindle_omega_radps": 0.1569356647709661
  },
  "val_mixed_loss": 0.048905206818735676,
  "rollout_flat_5.0s": {
    "xy_rmse_m": 1.2205484910521391,
    "yaw_rmse_rad": 0.046715067376907934,
    "errdist": 0.16076409460355048,
    "mean_dist_m": 7.592170963684718,
    "episodes": 12
  },
  "rollout_flat_10.0s": {
    "xy_rmse_m": 8.056034604101479,
    "yaw_rmse_rad": 0.13744079066745793,
    "errdist": 0.2287534281178378,
    "mean_dist_m": 35.2171098391215,
    "episodes": 12
  },
  "rollout_crm_5.0s": {
    "xy_rmse_m": 0.6350933612815477,
    "yaw_rmse_rad": 0.028951886055323103,
    "errdist": 0.08874354635537468,
    "mean_dist_m": 7.1565019357949495,
    "episodes": 12
  },
  "rollout_crm_10.0s": {
    "xy_rmse_m": 1.4183331143430966,
    "yaw_rmse_rad": 0.05789981737955957,
    "errdist": 0.05664993045199296,
    "mean_dist_m": 25.036802393694717,
    "episodes": 12
  },
  "rollout_sel": 0.1427016792849154
}
{
  "epoch": 67,
  "timestamp_utc": "2026-07-15T16:13:39.291445+00:00",
  "train_loss": 0.013987959041725844,
  "val_loss": 0.002198486365196004,
  "val_rmse": {
    "vel_body_x_mps": 0.0006585109688177875,
    "vel_body_y_mps": 0.0005838939811237798,
    "roll_rad": 1.2844602968764236e-05,
    "pitch_rad": 6.0878223229237045e-06,
    "roll_rate_radps": 0.001328475729030907,
    "ang_vel_body_y_radps": 0.0005653532727927136,
    "yaw_rate_radps": 0.0012279564662131413,
    "tire_fl_force_wheel_fz_n": 36.93485754769238,
    "tire_fr_force_wheel_fz_n": 36.36361208454698,
    "tire_rl_force_wheel_fz_n": 22.477753709208326,
    "tire_rr_force_wheel_fz_n": 21.58406484670173,
    "tire_fl_spindle_omega_radps": 0.04450376889299203,
    "tire_fr_spindle_omega_radps": 0.04321286306865582,
    "tire_rl_spindle_omega_radps": 0.04258648969536334,
    "tire_rr_spindle_omega_radps": 0.04038628944942859
  },
  "val_flat_loss": 0.002198486365196004,
  "val_flat_rmse": {
    "vel_body_x_mps": 0.0006585109688177875,
    "vel_body_y_mps": 0.0005838939811237798,
    "roll_rad": 1.2844602968764236e-05,
    "pitch_rad": 6.0878223229237045e-06,
    "roll_rate_radps": 0.001328475729030907,
    "ang_vel_body_y_radps": 0.0005653532727927136,
    "yaw_rate_radps": 0.0012279564662131413,
    "tire_fl_force_wheel_fz_n": 36.93485754769238,
    "tire_fr_force_wheel_fz_n": 36.36361208454698,
    "tire_rl_force_wheel_fz_n": 22.477753709208326,
    "tire_rr_force_wheel_fz_n": 21.58406484670173,
    "tire_fl_spindle_omega_radps": 0.04450376889299203,
    "tire_fr_spindle_omega_radps": 0.04321286306865582,
    "tire_rl_spindle_omega_radps": 0.04258648969536334,
    "tire_rr_spindle_omega_radps": 0.04038628944942859
  },
  "val_crm_loss": 0.0961255049915053,
  "val_crm_rmse": {
    "vel_body_x_mps": 0.002964734049903978,
    "vel_body_y_mps": 0.0023116262629673734,
    "roll_rad": 4.236710523675379e-05,
    "pitch_rad": 2.7215489912614972e-05,
    "roll_rate_radps": 0.0034611308730392604,
    "ang_vel_body_y_radps": 0.0024402948182101064,
    "yaw_rate_radps": 0.002345316520195776,
    "tire_fl_force_wheel_fz_n": 624.9315178438585,
    "tire_fr_force_wheel_fz_n": 631.7838170919754,
    "tire_rl_force_wheel_fz_n": 1001.0470665078709,
    "tire_rr_force_wheel_fz_n": 1052.2164520046251,
    "tire_fl_spindle_omega_radps": 0.1301381029248422,
    "tire_fr_spindle_omega_radps": 0.1310709704471541,
    "tire_rl_spindle_omega_radps": 0.1550851502081459,
    "tire_rr_spindle_omega_radps": 0.1554795246173065
  },
  "val_mixed_loss": 0.049161995678350646,
  "rollout_flat_5.0s": {
    "xy_rmse_m": 0.7725647741359939,
    "yaw_rmse_rad": 0.04848296417906105,
    "errdist": 0.10175808445718193,
    "mean_dist_m": 7.592170963684718,
    "episodes": 12
  },
  "rollout_flat_10.0s": {
    "xy_rmse_m": 3.847110046097864,
    "yaw_rmse_rad": 0.08989849537318555,
    "errdist": 0.10923980030366488,
    "mean_dist_m": 35.2171098391215,
    "episodes": 12
  },
  "rollout_crm_5.0s": {
    "xy_rmse_m": 0.643784848168097,
    "yaw_rmse_rad": 0.0350205836059952,
    "errdist": 0.08995803451796103,
    "mean_dist_m": 7.1565019357949495,
    "episodes": 12
  },
  "rollout_crm_10.0s": {
    "xy_rmse_m": 1.3588251405800618,
    "yaw_rmse_rad": 0.11054594236942031,
    "errdist": 0.054273110408151366,
    "mean_dist_m": 25.036802393694717,
    "episodes": 12
  },
  "rollout_sel": 0.08175645535590813
}
{
  "epoch": 68,
  "timestamp_utc": "2026-07-15T16:14:44.928011+00:00",
  "train_loss": 0.01400232154224068,
  "val_loss": 0.0021839559346881286,
  "val_rmse": {
    "vel_body_x_mps": 0.0006271405268379625,
    "vel_body_y_mps": 0.0005892210911120822,
    "roll_rad": 1.347122016944098e-05,
    "pitch_rad": 6.160555703292118e-06,
    "roll_rate_radps": 0.001317234600957105,
    "ang_vel_body_y_radps": 0.0005596441544115744,
    "yaw_rate_radps": 0.0012515043197085952,
    "tire_fl_force_wheel_fz_n": 35.99109056215879,
    "tire_fr_force_wheel_fz_n": 36.693856569920634,
    "tire_rl_force_wheel_fz_n": 22.43065448617787,
    "tire_rr_force_wheel_fz_n": 21.378224260634802,
    "tire_fl_spindle_omega_radps": 0.04443699995632192,
    "tire_fr_spindle_omega_radps": 0.0433034522343652,
    "tire_rl_spindle_omega_radps": 0.042216235163998486,
    "tire_rr_spindle_omega_radps": 0.039513467744504434
  },
  "val_flat_loss": 0.0021839559346881286,
  "val_flat_rmse": {
    "vel_body_x_mps": 0.0006271405268379625,
    "vel_body_y_mps": 0.0005892210911120822,
    "roll_rad": 1.347122016944098e-05,
    "pitch_rad": 6.160555703292118e-06,
    "roll_rate_radps": 0.001317234600957105,
    "ang_vel_body_y_radps": 0.0005596441544115744,
    "yaw_rate_radps": 0.0012515043197085952,
    "tire_fl_force_wheel_fz_n": 35.99109056215879,
    "tire_fr_force_wheel_fz_n": 36.693856569920634,
    "tire_rl_force_wheel_fz_n": 22.43065448617787,
    "tire_rr_force_wheel_fz_n": 21.378224260634802,
    "tire_fl_spindle_omega_radps": 0.04443699995632192,
    "tire_fr_spindle_omega_radps": 0.0433034522343652,
    "tire_rl_spindle_omega_radps": 0.042216235163998486,
    "tire_rr_spindle_omega_radps": 0.039513467744504434
  },
  "val_crm_loss": 0.09589136466442141,
  "val_crm_rmse": {
    "vel_body_x_mps": 0.002937125889409624,
    "vel_body_y_mps": 0.002312960341423967,
    "roll_rad": 3.680164240662155e-05,
    "pitch_rad": 2.5270639183471607e-05,
    "roll_rate_radps": 0.0034690106324077948,
    "ang_vel_body_y_radps": 0.0024081903662660966,
    "yaw_rate_radps": 0.0023140337081790155,
    "tire_fl_force_wheel_fz_n": 626.1187789871748,
    "tire_fr_force_wheel_fz_n": 626.3681661455561,
    "tire_rl_force_wheel_fz_n": 1003.4812382519574,
    "tire_rr_force_wheel_fz_n": 1049.6761966923548,
    "tire_fl_spindle_omega_radps": 0.13111511984760946,
    "tire_fr_spindle_omega_radps": 0.13154270289813663,
    "tire_rl_spindle_omega_radps": 0.15616030760578195,
    "tire_rr_spindle_omega_radps": 0.1565638584356602
  },
  "val_mixed_loss": 0.049037660299554774,
  "rollout_flat_5.0s": {
    "xy_rmse_m": 0.7350526664829061,
    "yaw_rmse_rad": 0.04858908008644696,
    "errdist": 0.0968171910246555,
    "mean_dist_m": 7.592170963684718,
    "episodes": 12
  },
  "rollout_flat_10.0s": {
    "xy_rmse_m": 3.341183524525973,
    "yaw_rmse_rad": 0.11774222831357506,
    "errdist": 0.09487387067789319,
    "mean_dist_m": 35.2171098391215,
    "episodes": 12
  },
  "rollout_crm_5.0s": {
    "xy_rmse_m": 0.5024908220898524,
    "yaw_rmse_rad": 0.03152159822180552,
    "errdist": 0.07021458620398394,
    "mean_dist_m": 7.1565019357949495,
    "episodes": 12
  },
  "rollout_crm_10.0s": {
    "xy_rmse_m": 1.2236513345731708,
    "yaw_rmse_rad": 0.06507524993853127,
    "errdist": 0.04887410601927888,
    "mean_dist_m": 25.036802393694717,
    "episodes": 12
  },
  "rollout_sel": 0.07187398834858603
}
{
  "epoch": 69,
  "timestamp_utc": "2026-07-15T16:15:49.338446+00:00",
  "train_loss": 0.01380388430482708,
  "val_loss": 0.0021182750822117667,
  "val_rmse": {
    "vel_body_x_mps": 0.0006142466574070196,
    "vel_body_y_mps": 0.0005950136640380264,
    "roll_rad": 1.089351105754994e-05,
    "pitch_rad": 7.099439653670396e-06,
    "roll_rate_radps": 0.0013271028741637706,
    "ang_vel_body_y_radps": 0.0005558222569664464,
    "yaw_rate_radps": 0.0012245774696302046,
    "tire_fl_force_wheel_fz_n": 36.62481484109209,
    "tire_fr_force_wheel_fz_n": 36.19373906398391,
    "tire_rl_force_wheel_fz_n": 22.172435547380903,
    "tire_rr_force_wheel_fz_n": 21.792709787419568,
    "tire_fl_spindle_omega_radps": 0.04419821566132603,
    "tire_fr_spindle_omega_radps": 0.04311320448255787,
    "tire_rl_spindle_omega_radps": 0.04173477609451673,
    "tire_rr_spindle_omega_radps": 0.03899079563677453
  },
  "val_flat_loss": 0.0021182750822117667,
  "val_flat_rmse": {
    "vel_body_x_mps": 0.0006142466574070196,
    "vel_body_y_mps": 0.0005950136640380264,
    "roll_rad": 1.089351105754994e-05,
    "pitch_rad": 7.099439653670396e-06,
    "roll_rate_radps": 0.0013271028741637706,
    "ang_vel_body_y_radps": 0.0005558222569664464,
    "yaw_rate_radps": 0.0012245774696302046,
    "tire_fl_force_wheel_fz_n": 36.62481484109209,
    "tire_fr_force_wheel_fz_n": 36.19373906398391,
    "tire_rl_force_wheel_fz_n": 22.172435547380903,
    "tire_rr_force_wheel_fz_n": 21.792709787419568,
    "tire_fl_spindle_omega_radps": 0.04419821566132603,
    "tire_fr_spindle_omega_radps": 0.04311320448255787,
    "tire_rl_spindle_omega_radps": 0.04173477609451673,
    "tire_rr_spindle_omega_radps": 0.03899079563677453
  },
  "val_crm_loss": 0.09639792384405155,
  "val_crm_rmse": {
    "vel_body_x_mps": 0.002926773143772215,
    "vel_body_y_mps": 0.0023130887838304754,
    "roll_rad": 3.656074259526505e-05,
    "pitch_rad": 2.746575831354992e-05,
    "roll_rate_radps": 0.003458050216590057,
    "ang_vel_body_y_radps": 0.002425917269575763,
    "yaw_rate_radps": 0.0023243130234608385,
    "tire_fl_force_wheel_fz_n": 621.579008200131,
    "tire_fr_force_wheel_fz_n": 631.4855115954605,
    "tire_rl_force_wheel_fz_n": 1014.0848556544829,
    "tire_rr_force_wheel_fz_n": 1055.5204006160366,
    "tire_fl_spindle_omega_radps": 0.13197512242726633,
    "tire_fr_spindle_omega_radps": 0.13227763761493838,
    "tire_rl_spindle_omega_radps": 0.1568077300109806,
    "tire_rr_spindle_omega_radps": 0.15731871374249498
  },
  "val_mixed_loss": 0.04925809946313166,
  "rollout_flat_5.0s": {
    "xy_rmse_m": 0.884041158616999,
    "yaw_rmse_rad": 0.04786483722271965,
    "errdist": 0.11644115534879185,
    "mean_dist_m": 7.592170963684718,
    "episodes": 12
  },
  "rollout_flat_10.0s": {
    "xy_rmse_m": 4.061621770056241,
    "yaw_rmse_rad": 0.08866715885005731,
    "errdist": 0.11533092262853217,
    "mean_dist_m": 35.2171098391215,
    "episodes": 12
  },
  "rollout_crm_5.0s": {
    "xy_rmse_m": 0.5239864056943492,
    "yaw_rmse_rad": 0.027095915814733612,
    "errdist": 0.07321823013468443,
    "mean_dist_m": 7.1565019357949495,
    "episodes": 12
  },
  "rollout_crm_10.0s": {
    "xy_rmse_m": 1.4462340442840067,
    "yaw_rmse_rad": 0.05282292039502659,
    "errdist": 0.05776432715098742,
    "mean_dist_m": 25.036802393694717,
    "episodes": 12
  },
  "rollout_sel": 0.0865476248897598
}
{
  "epoch": 70,
  "timestamp_utc": "2026-07-15T16:16:53.802762+00:00",
  "train_loss": 0.013720611616037786,
  "val_loss": 0.0021607351185230074,
  "val_rmse": {
    "vel_body_x_mps": 0.0006462463991513873,
    "vel_body_y_mps": 0.0005919539968291882,
    "roll_rad": 1.0911133199146597e-05,
    "pitch_rad": 5.962135037131665e-06,
    "roll_rate_radps": 0.0013132262898327288,
    "ang_vel_body_y_radps": 0.000551685057945362,
    "yaw_rate_radps": 0.0012274273536995429,
    "tire_fl_force_wheel_fz_n": 35.999654048409774,
    "tire_fr_force_wheel_fz_n": 36.34509076847482,
    "tire_rl_force_wheel_fz_n": 22.27489506271853,
    "tire_rr_force_wheel_fz_n": 21.988916530272366,
    "tire_fl_spindle_omega_radps": 0.044673838443619544,
    "tire_fr_spindle_omega_radps": 0.04327806688138239,
    "tire_rl_spindle_omega_radps": 0.04174260036255772,
    "tire_rr_spindle_omega_radps": 0.03900315024427119
  },
  "val_flat_loss": 0.0021607351185230074,
  "val_flat_rmse": {
    "vel_body_x_mps": 0.0006462463991513873,
    "vel_body_y_mps": 0.0005919539968291882,
    "roll_rad": 1.0911133199146597e-05,
    "pitch_rad": 5.962135037131665e-06,
    "roll_rate_radps": 0.0013132262898327288,
    "ang_vel_body_y_radps": 0.000551685057945362,
    "yaw_rate_radps": 0.0012274273536995429,
    "tire_fl_force_wheel_fz_n": 35.999654048409774,
    "tire_fr_force_wheel_fz_n": 36.34509076847482,
    "tire_rl_force_wheel_fz_n": 22.27489506271853,
    "tire_rr_force_wheel_fz_n": 21.988916530272366,
    "tire_fl_spindle_omega_radps": 0.044673838443619544,
    "tire_fr_spindle_omega_radps": 0.04327806688138239,
    "tire_rl_spindle_omega_radps": 0.04174260036255772,
    "tire_rr_spindle_omega_radps": 0.03900315024427119
  },
  "val_crm_loss": 0.09653853430383606,
  "val_crm_rmse": {
    "vel_body_x_mps": 0.0029282032044242383,
    "vel_body_y_mps": 0.0023294984077695037,
    "roll_rad": 3.6946388101332133e-05,
    "pitch_rad": 2.5200081842063602e-05,
    "roll_rate_radps": 0.003492451500734347,
    "ang_vel_body_y_radps": 0.0024189913486523536,
    "yaw_rate_radps": 0.0023256447364800215,
    "tire_fl_force_wheel_fz_n": 626.0021247783834,
    "tire_fr_force_wheel_fz_n": 631.3162791144407,
    "tire_rl_force_wheel_fz_n": 1012.6334900638901,
    "tire_rr_force_wheel_fz_n": 1056.3735980626252,
    "tire_fl_spindle_omega_radps": 0.13233359120145527,
    "tire_fr_spindle_omega_radps": 0.1321028057736868,
    "tire_rl_spindle_omega_radps": 0.157105177681101,
    "tire_rr_spindle_omega_radps": 0.15727762782515084
  },
  "val_mixed_loss": 0.049349634711179535,
  "rollout_flat_5.0s": {
    "xy_rmse_m": 0.9041565288614072,
    "yaw_rmse_rad": 0.07088966846093986,
    "errdist": 0.11909064392598868,
    "mean_dist_m": 7.592170963684718,
    "episodes": 12
  },
  "rollout_flat_10.0s": {
    "xy_rmse_m": 5.376258675755177,
    "yaw_rmse_rad": 0.1731212884514284,
    "errdist": 0.15266041706190417,
    "mean_dist_m": 35.2171098391215,
    "episodes": 12
  },
  "rollout_crm_5.0s": {
    "xy_rmse_m": 0.6194353415680892,
    "yaw_rmse_rad": 0.01917041889335992,
    "errdist": 0.08655560315995106,
    "mean_dist_m": 7.1565019357949495,
    "episodes": 12
  },
  "rollout_crm_10.0s": {
    "xy_rmse_m": 2.5704931885073097,
    "yaw_rmse_rad": 0.04765505213352472,
    "errdist": 0.10266858954618997,
    "mean_dist_m": 25.036802393694717,
    "episodes": 12
  },
  "rollout_sel": 0.12766450330404708
}
{
  "epoch": 71,
  "timestamp_utc": "2026-07-15T16:17:58.813473+00:00",
  "train_loss": 0.013540926539571957,
  "val_loss": 0.0021532620050493277,
  "val_rmse": {
    "vel_body_x_mps": 0.0006444032614146924,
    "vel_body_y_mps": 0.0005940403908514074,
    "roll_rad": 1.0631441631397353e-05,
    "pitch_rad": 6.030062158492662e-06,
    "roll_rate_radps": 0.0013172243770319984,
    "ang_vel_body_y_radps": 0.0005572162131381793,
    "yaw_rate_radps": 0.0012285271813729333,
    "tire_fl_force_wheel_fz_n": 36.24729059156898,
    "tire_fr_force_wheel_fz_n": 36.73113197215527,
    "tire_rl_force_wheel_fz_n": 22.39757206809943,
    "tire_rr_force_wheel_fz_n": 21.65663842275378,
    "tire_fl_spindle_omega_radps": 0.04444006915922124,
    "tire_fr_spindle_omega_radps": 0.043008612832753694,
    "tire_rl_spindle_omega_radps": 0.042240611165762776,
    "tire_rr_spindle_omega_radps": 0.03909815450599315
  },
  "val_flat_loss": 0.0021532620050493277,
  "val_flat_rmse": {
    "vel_body_x_mps": 0.0006444032614146924,
    "vel_body_y_mps": 0.0005940403908514074,
    "roll_rad": 1.0631441631397353e-05,
    "pitch_rad": 6.030062158492662e-06,
    "roll_rate_radps": 0.0013172243770319984,
    "ang_vel_body_y_radps": 0.0005572162131381793,
    "yaw_rate_radps": 0.0012285271813729333,
    "tire_fl_force_wheel_fz_n": 36.24729059156898,
    "tire_fr_force_wheel_fz_n": 36.73113197215527,
    "tire_rl_force_wheel_fz_n": 22.39757206809943,
    "tire_rr_force_wheel_fz_n": 21.65663842275378,
    "tire_fl_spindle_omega_radps": 0.04444006915922124,
    "tire_fr_spindle_omega_radps": 0.043008612832753694,
    "tire_rl_spindle_omega_radps": 0.042240611165762776,
    "tire_rr_spindle_omega_radps": 0.03909815450599315
  },
  "val_crm_loss": 0.09661471698724199,
  "val_crm_rmse": {
    "vel_body_x_mps": 0.002940574403626132,
    "vel_body_y_mps": 0.002312392175395019,
    "roll_rad": 3.6438097638253906e-05,
    "pitch_rad": 2.6067947074492357e-05,
    "roll_rate_radps": 0.0034657253728185337,
    "ang_vel_body_y_radps": 0.0024048273937068206,
    "yaw_rate_radps": 0.0023180546959386686,
    "tire_fl_force_wheel_fz_n": 623.2922478700364,
    "tire_fr_force_wheel_fz_n": 631.9599733835873,
    "tire_rl_force_wheel_fz_n": 1018.0626149782524,
    "tire_rr_force_wheel_fz_n": 1056.610063773756,
    "tire_fl_spindle_omega_radps": 0.133163309471766,
    "tire_fr_spindle_omega_radps": 0.13344281506900657,
    "tire_rl_spindle_omega_radps": 0.15789020416818195,
    "tire_rr_spindle_omega_radps": 0.15855120673642545
  },
  "val_mixed_loss": 0.049383989496145655,
  "rollout_flat_5.0s": {
    "xy_rmse_m": 1.3466262215007079,
    "yaw_rmse_rad": 0.040273163453753626,
    "errdist": 0.17737037639720749,
    "mean_dist_m": 7.592170963684718,
    "episodes": 12
  },
  "rollout_flat_10.0s": {
    "xy_rmse_m": 6.6794848607786435,
    "yaw_rmse_rad": 0.09064578411308016,
    "errdist": 0.18966590078776507,
    "mean_dist_m": 35.2171098391215,
    "episodes": 12
  },
  "rollout_crm_5.0s": {
    "xy_rmse_m": 0.440700228426356,
    "yaw_rmse_rad": 0.03326288203837475,
    "errdist": 0.06158039673294697,
    "mean_dist_m": 7.1565019357949495,
    "episodes": 12
  },
  "rollout_crm_10.0s": {
    "xy_rmse_m": 1.727059295941043,
    "yaw_rmse_rad": 0.14985784307077424,
    "errdist": 0.06898082545780633,
    "mean_dist_m": 25.036802393694717,
    "episodes": 12
  },
  "rollout_sel": 0.1293233631227857
}
{
  "epoch": 72,
  "timestamp_utc": "2026-07-15T16:19:02.727288+00:00",
  "train_loss": 0.013449638032354414,
  "val_loss": 0.0021128864095408062,
  "val_rmse": {
    "vel_body_x_mps": 0.0006251773918114233,
    "vel_body_y_mps": 0.0005853160908530281,
    "roll_rad": 1.3221453341980893e-05,
    "pitch_rad": 5.8931955458742075e-06,
    "roll_rate_radps": 0.0013154608241419076,
    "ang_vel_body_y_radps": 0.0005513999004723436,
    "yaw_rate_radps": 0.0012206398800277323,
    "tire_fl_force_wheel_fz_n": 35.8580118607211,
    "tire_fr_force_wheel_fz_n": 35.99612545515,
    "tire_rl_force_wheel_fz_n": 22.122958757452853,
    "tire_rr_force_wheel_fz_n": 21.31947783606362,
    "tire_fl_spindle_omega_radps": 0.04413329791840646,
    "tire_fr_spindle_omega_radps": 0.043168159723157934,
    "tire_rl_spindle_omega_radps": 0.04151009294548561,
    "tire_rr_spindle_omega_radps": 0.039023917704235196
  },
  "val_flat_loss": 0.0021128864095408062,
  "val_flat_rmse": {
    "vel_body_x_mps": 0.0006251773918114233,
    "vel_body_y_mps": 0.0005853160908530281,
    "roll_rad": 1.3221453341980893e-05,
    "pitch_rad": 5.8931955458742075e-06,
    "roll_rate_radps": 0.0013154608241419076,
    "ang_vel_body_y_radps": 0.0005513999004723436,
    "yaw_rate_radps": 0.0012206398800277323,
    "tire_fl_force_wheel_fz_n": 35.8580118607211,
    "tire_fr_force_wheel_fz_n": 35.99612545515,
    "tire_rl_force_wheel_fz_n": 22.122958757452853,
    "tire_rr_force_wheel_fz_n": 21.31947783606362,
    "tire_fl_spindle_omega_radps": 0.04413329791840646,
    "tire_fr_spindle_omega_radps": 0.043168159723157934,
    "tire_rl_spindle_omega_radps": 0.04151009294548561,
    "tire_rr_spindle_omega_radps": 0.039023917704235196
  },
  "val_crm_loss": 0.09627600172825623,
  "val_crm_rmse": {
    "vel_body_x_mps": 0.002927579101055203,
    "vel_body_y_mps": 0.0023023210157682083,
    "roll_rad": 3.553767768951269e-05,
    "pitch_rad": 2.5624878759957478e-05,
    "roll_rate_radps": 0.0034328023089942017,
    "ang_vel_body_y_radps": 0.0023918801962298304,
    "yaw_rate_radps": 0.002309898328428122,
    "tire_fl_force_wheel_fz_n": 626.3069684920791,
    "tire_fr_force_wheel_fz_n": 629.3573562338834,
    "tire_rl_force_wheel_fz_n": 1018.4383921534285,
    "tire_rr_force_wheel_fz_n": 1053.0817530371096,
    "tire_fl_spindle_omega_radps": 0.13011871059709984,
    "tire_fr_spindle_omega_radps": 0.12946211964433493,
    "tire_rl_spindle_omega_radps": 0.15486689145448992,
    "tire_rr_spindle_omega_radps": 0.1551368349508865
  },
  "val_mixed_loss": 0.04919444406889852,
  "rollout_flat_5.0s": {
    "xy_rmse_m": 1.2663293375941456,
    "yaw_rmse_rad": 0.05116360467709914,
    "errdist": 0.16679410193096553,
    "mean_dist_m": 7.592170963684718,
    "episodes": 12
  },
  "rollout_flat_10.0s": {
    "xy_rmse_m": 5.339384772093705,
    "yaw_rmse_rad": 0.11174089390145656,
    "errdist": 0.1516133719230521,
    "mean_dist_m": 35.2171098391215,
    "episodes": 12
  },
  "rollout_crm_5.0s": {
    "xy_rmse_m": 0.6115243655026856,
    "yaw_rmse_rad": 0.022312098586877605,
    "errdist": 0.085450178172104,
    "mean_dist_m": 7.1565019357949495,
    "episodes": 12
  },
  "rollout_crm_10.0s": {
    "xy_rmse_m": 2.7571208134429286,
    "yaw_rmse_rad": 0.05254445738729446,
    "errdist": 0.110122721347886,
    "mean_dist_m": 25.036802393694717,
    "episodes": 12
  },
  "rollout_sel": 0.13086804663546905
}
{
  "epoch": 73,
  "timestamp_utc": "2026-07-15T16:20:07.106723+00:00",
  "train_loss": 0.013346793857403099,
  "val_loss": 0.002089675907391211,
  "val_rmse": {
    "vel_body_x_mps": 0.0006062811609813092,
    "vel_body_y_mps": 0.0005793388981287168,
    "roll_rad": 1.0368075849345542e-05,
    "pitch_rad": 5.764363388440802e-06,
    "roll_rate_radps": 0.001294570055566759,
    "ang_vel_body_y_radps": 0.0005549133091899772,
    "yaw_rate_radps": 0.001230930455334526,
    "tire_fl_force_wheel_fz_n": 36.14869977649379,
    "tire_fr_force_wheel_fz_n": 36.095872095452634,
    "tire_rl_force_wheel_fz_n": 22.453279824569268,
    "tire_rr_force_wheel_fz_n": 21.275152475279103,
    "tire_fl_spindle_omega_radps": 0.044400163215156024,
    "tire_fr_spindle_omega_radps": 0.043014106035039495,
    "tire_rl_spindle_omega_radps": 0.041403468206514873,
    "tire_rr_spindle_omega_radps": 0.038978928744852155
  },
  "val_flat_loss": 0.002089675907391211,
  "val_flat_rmse": {
    "vel_body_x_mps": 0.0006062811609813092,
    "vel_body_y_mps": 0.0005793388981287168,
    "roll_rad": 1.0368075849345542e-05,
    "pitch_rad": 5.764363388440802e-06,
    "roll_rate_radps": 0.001294570055566759,
    "ang_vel_body_y_radps": 0.0005549133091899772,
    "yaw_rate_radps": 0.001230930455334526,
    "tire_fl_force_wheel_fz_n": 36.14869977649379,
    "tire_fr_force_wheel_fz_n": 36.095872095452634,
    "tire_rl_force_wheel_fz_n": 22.453279824569268,
    "tire_rr_force_wheel_fz_n": 21.275152475279103,
    "tire_fl_spindle_omega_radps": 0.044400163215156024,
    "tire_fr_spindle_omega_radps": 0.043014106035039495,
    "tire_rl_spindle_omega_radps": 0.041403468206514873,
    "tire_rr_spindle_omega_radps": 0.038978928744852155
  },
  "val_crm_loss": 0.09740624368540012,
  "val_crm_rmse": {
    "vel_body_x_mps": 0.002910696654792706,
    "vel_body_y_mps": 0.0023171165581874695,
    "roll_rad": 3.497627807346041e-05,
    "pitch_rad": 2.544983694735471e-05,
    "roll_rate_radps": 0.003463490849263399,
    "ang_vel_body_y_radps": 0.0023975852355163692,
    "yaw_rate_radps": 0.0023233149531763993,
    "tire_fl_force_wheel_fz_n": 625.0013014048951,
    "tire_fr_force_wheel_fz_n": 631.6904216707472,
    "tire_rl_force_wheel_fz_n": 1023.3792876264272,
    "tire_rr_force_wheel_fz_n": 1066.0523726478111,
    "tire_fl_spindle_omega_radps": 0.13387856456509087,
    "tire_fr_spindle_omega_radps": 0.13460205053762805,
    "tire_rl_spindle_omega_radps": 0.15874045730883116,
    "tire_rr_spindle_omega_radps": 0.1592962054366561
  },
  "val_mixed_loss": 0.049747959796395666,
  "rollout_flat_5.0s": {
    "xy_rmse_m": 1.33459705271097,
    "yaw_rmse_rad": 0.03278429212040804,
    "errdist": 0.17578595886403067,
    "mean_dist_m": 7.592170963684718,
    "episodes": 12
  },
  "rollout_flat_10.0s": {
    "xy_rmse_m": 6.023655427822442,
    "yaw_rmse_rad": 0.07016743502135785,
    "errdist": 0.17104343472078354,
    "mean_dist_m": 35.2171098391215,
    "episodes": 12
  },
  "rollout_crm_5.0s": {
    "xy_rmse_m": 0.48652545582952317,
    "yaw_rmse_rad": 0.03591024017988107,
    "errdist": 0.06798369653140876,
    "mean_dist_m": 7.1565019357949495,
    "episodes": 12
  },
  "rollout_crm_10.0s": {
    "xy_rmse_m": 2.1866457537294557,
    "yaw_rmse_rad": 0.2028046759382982,
    "errdist": 0.08733726133813885,
    "mean_dist_m": 25.036802393694717,
    "episodes": 12
  },
  "rollout_sel": 0.1291903480294612
}
{
  "epoch": 74,
  "timestamp_utc": "2026-07-15T16:21:10.994049+00:00",
  "train_loss": 0.01323906810511835,
  "val_loss": 0.0020599827562182327,
  "val_rmse": {
    "vel_body_x_mps": 0.0006067190215782242,
    "vel_body_y_mps": 0.0005823133779050215,
    "roll_rad": 1.0746036734737737e-05,
    "pitch_rad": 6.18780382525836e-06,
    "roll_rate_radps": 0.001301562298105313,
    "ang_vel_body_y_radps": 0.0005524434669500733,
    "yaw_rate_radps": 0.001224699711007861,
    "tire_fl_force_wheel_fz_n": 35.36157025840642,
    "tire_fr_force_wheel_fz_n": 36.36643579766977,
    "tire_rl_force_wheel_fz_n": 22.39937066307442,
    "tire_rr_force_wheel_fz_n": 21.368037382585165,
    "tire_fl_spindle_omega_radps": 0.04403563689787506,
    "tire_fr_spindle_omega_radps": 0.042749999297217206,
    "tire_rl_spindle_omega_radps": 0.04130520413867922,
    "tire_rr_spindle_omega_radps": 0.03859741539746548
  },
  "val_flat_loss": 0.0020599827562182327,
  "val_flat_rmse": {
    "vel_body_x_mps": 0.0006067190215782242,
    "vel_body_y_mps": 0.0005823133779050215,
    "roll_rad": 1.0746036734737737e-05,
    "pitch_rad": 6.18780382525836e-06,
    "roll_rate_radps": 0.001301562298105313,
    "ang_vel_body_y_radps": 0.0005524434669500733,
    "yaw_rate_radps": 0.001224699711007861,
    "tire_fl_force_wheel_fz_n": 35.36157025840642,
    "tire_fr_force_wheel_fz_n": 36.36643579766977,
    "tire_rl_force_wheel_fz_n": 22.39937066307442,
    "tire_rr_force_wheel_fz_n": 21.368037382585165,
    "tire_fl_spindle_omega_radps": 0.04403563689787506,
    "tire_fr_spindle_omega_radps": 0.042749999297217206,
    "tire_rl_spindle_omega_radps": 0.04130520413867922,
    "tire_rr_spindle_omega_radps": 0.03859741539746548
  },
  "val_crm_loss": 0.0973790915630525,
  "val_crm_rmse": {
    "vel_body_x_mps": 0.0029243490398588243,
    "vel_body_y_mps": 0.0023165202878278456,
    "roll_rad": 3.56793399395563e-05,
    "pitch_rad": 2.4848141888660045e-05,
    "roll_rate_radps": 0.003473437086620127,
    "ang_vel_body_y_radps": 0.0024174116283400093,
    "yaw_rate_radps": 0.0023169578411820994,
    "tire_fl_force_wheel_fz_n": 625.881202042228,
    "tire_fr_force_wheel_fz_n": 634.7472606708903,
    "tire_rl_force_wheel_fz_n": 1025.4508791308601,
    "tire_rr_force_wheel_fz_n": 1062.1127769301497,
    "tire_fl_spindle_omega_radps": 0.13272407362920086,
    "tire_fr_spindle_omega_radps": 0.13378311561840447,
    "tire_rl_spindle_omega_radps": 0.15836702235842237,
    "tire_rr_spindle_omega_radps": 0.15890459069674456
  },
  "val_mixed_loss": 0.04971953715963536,
  "rollout_flat_5.0s": {
    "xy_rmse_m": 1.182911577530668,
    "yaw_rmse_rad": 0.09748575054210933,
    "errdist": 0.1558067624120735,
    "mean_dist_m": 7.592170963684718,
    "episodes": 12
  },
  "rollout_flat_10.0s": {
    "xy_rmse_m": 6.876108255844562,
    "yaw_rmse_rad": 0.21377163196040977,
    "errdist": 0.19524907884990964,
    "mean_dist_m": 35.2171098391215,
    "episodes": 12
  },
  "rollout_crm_5.0s": {
    "xy_rmse_m": 0.47711504612874206,
    "yaw_rmse_rad": 0.03184416502749814,
    "errdist": 0.06666875107548528,
    "mean_dist_m": 7.1565019357949495,
    "episodes": 12
  },
  "rollout_crm_10.0s": {
    "xy_rmse_m": 1.4080835499358173,
    "yaw_rmse_rad": 0.1020770859104151,
    "errdist": 0.05624055052215573,
    "mean_dist_m": 25.036802393694717,
    "episodes": 12
  },
  "rollout_sel": 0.12574481468603269
}
{
  "epoch": 75,
  "timestamp_utc": "2026-07-15T16:22:15.633243+00:00",
  "train_loss": 0.013201122268568724,
  "val_loss": 0.002086369230000855,
  "val_rmse": {
    "vel_body_x_mps": 0.0006302113634524102,
    "vel_body_y_mps": 0.0005930011485774579,
    "roll_rad": 1.056246600830244e-05,
    "pitch_rad": 5.716102294914164e-06,
    "roll_rate_radps": 0.0012934132850983204,
    "ang_vel_body_y_radps": 0.0005515950151246435,
    "yaw_rate_radps": 0.0012226313706619398,
    "tire_fl_force_wheel_fz_n": 35.951337989783546,
    "tire_fr_force_wheel_fz_n": 36.2630433846952,
    "tire_rl_force_wheel_fz_n": 22.222760359167697,
    "tire_rr_force_wheel_fz_n": 21.320073375598003,
    "tire_fl_spindle_omega_radps": 0.04365417267176278,
    "tire_fr_spindle_omega_radps": 0.04283989128597644,
    "tire_rl_spindle_omega_radps": 0.04180469628413134,
    "tire_rr_spindle_omega_radps": 0.038937671286748084
  },
  "val_flat_loss": 0.002086369230000855,
  "val_flat_rmse": {
    "vel_body_x_mps": 0.0006302113634524102,
    "vel_body_y_mps": 0.0005930011485774579,
    "roll_rad": 1.056246600830244e-05,
    "pitch_rad": 5.716102294914164e-06,
    "roll_rate_radps": 0.0012934132850983204,
    "ang_vel_body_y_radps": 0.0005515950151246435,
    "yaw_rate_radps": 0.0012226313706619398,
    "tire_fl_force_wheel_fz_n": 35.951337989783546,
    "tire_fr_force_wheel_fz_n": 36.2630433846952,
    "tire_rl_force_wheel_fz_n": 22.222760359167697,
    "tire_rr_force_wheel_fz_n": 21.320073375598003,
    "tire_fl_spindle_omega_radps": 0.04365417267176278,
    "tire_fr_spindle_omega_radps": 0.04283989128597644,
    "tire_rl_spindle_omega_radps": 0.04180469628413134,
    "tire_rr_spindle_omega_radps": 0.038937671286748084
  },
  "val_crm_loss": 0.09767616683646338,
  "val_crm_rmse": {
    "vel_body_x_mps": 0.0029193675589107987,
    "vel_body_y_mps": 0.0023095803757922913,
    "roll_rad": 3.596398269657289e-05,
    "pitch_rad": 2.560376399540292e-05,
    "roll_rate_radps": 0.0034529164820317638,
    "ang_vel_body_y_radps": 0.0023968350516525095,
    "yaw_rate_radps": 0.0023216041265442184,
    "tire_fl_force_wheel_fz_n": 628.3897444249369,
    "tire_fr_force_wheel_fz_n": 636.6789330763522,
    "tire_rl_force_wheel_fz_n": 1025.7136329746804,
    "tire_rr_force_wheel_fz_n": 1067.500551054551,
    "tire_fl_spindle_omega_radps": 0.1326715866160519,
    "tire_fr_spindle_omega_radps": 0.13338951040105865,
    "tire_rl_spindle_omega_radps": 0.1579942373517058,
    "tire_rr_spindle_omega_radps": 0.15847615089021552
  },
  "val_mixed_loss": 0.04988126803323212,
  "rollout_flat_5.0s": {
    "xy_rmse_m": 1.0639659891225957,
    "yaw_rmse_rad": 0.04955505890050293,
    "errdist": 0.1401398880783659,
    "mean_dist_m": 7.592170963684718,
    "episodes": 12
  },
  "rollout_flat_10.0s": {
    "xy_rmse_m": 3.8753040209224405,
    "yaw_rmse_rad": 0.10830537397015792,
    "errdist": 0.11004037635755948,
    "mean_dist_m": 35.2171098391215,
    "episodes": 12
  },
  "rollout_crm_5.0s": {
    "xy_rmse_m": 0.7906905557948655,
    "yaw_rmse_rad": 0.039145700716059884,
    "errdist": 0.11048562033359319,
    "mean_dist_m": 7.1565019357949495,
    "episodes": 12
  },
  "rollout_crm_10.0s": {
    "xy_rmse_m": 2.5487192824780944,
    "yaw_rmse_rad": 0.07722546548776546,
    "errdist": 0.10179891355135531,
    "mean_dist_m": 25.036802393694717,
    "episodes": 12
  },
  "rollout_sel": 0.1059196449544574
}
{
  "epoch": 76,
  "timestamp_utc": "2026-07-15T16:23:20.222205+00:00",
  "train_loss": 0.013129805717384443,
  "val_loss": 0.0020675088284770027,
  "val_rmse": {
    "vel_body_x_mps": 0.0006163837200149552,
    "vel_body_y_mps": 0.0005790685945179596,
    "roll_rad": 1.0854856710580847e-05,
    "pitch_rad": 6.1108798539981494e-06,
    "roll_rate_radps": 0.0012837151185035463,
    "ang_vel_body_y_radps": 0.0005506457141990497,
    "yaw_rate_radps": 0.001220363719590586,
    "tire_fl_force_wheel_fz_n": 35.286604037246086,
    "tire_fr_force_wheel_fz_n": 36.041140921328456,
    "tire_rl_force_wheel_fz_n": 22.168948758279928,
    "tire_rr_force_wheel_fz_n": 21.553832328951973,
    "tire_fl_spindle_omega_radps": 0.04365112756958908,
    "tire_fr_spindle_omega_radps": 0.04317283521231525,
    "tire_rl_spindle_omega_radps": 0.04192543299753026,
    "tire_rr_spindle_omega_radps": 0.03900621918254595
  },
  "val_flat_loss": 0.0020675088284770027,
  "val_flat_rmse": {
    "vel_body_x_mps": 0.0006163837200149552,
    "vel_body_y_mps": 0.0005790685945179596,
    "roll_rad": 1.0854856710580847e-05,
    "pitch_rad": 6.1108798539981494e-06,
    "roll_rate_radps": 0.0012837151185035463,
    "ang_vel_body_y_radps": 0.0005506457141990497,
    "yaw_rate_radps": 0.001220363719590586,
    "tire_fl_force_wheel_fz_n": 35.286604037246086,
    "tire_fr_force_wheel_fz_n": 36.041140921328456,
    "tire_rl_force_wheel_fz_n": 22.168948758279928,
    "tire_rr_force_wheel_fz_n": 21.553832328951973,
    "tire_fl_spindle_omega_radps": 0.04365112756958908,
    "tire_fr_spindle_omega_radps": 0.04317283521231525,
    "tire_rl_spindle_omega_radps": 0.04192543299753026,
    "tire_rr_spindle_omega_radps": 0.03900621918254595
  },
  "val_crm_loss": 0.09781241222255631,
  "val_crm_rmse": {
    "vel_body_x_mps": 0.002917171367090225,
    "vel_body_y_mps": 0.0023042848033832347,
    "roll_rad": 3.5440913984735836e-05,
    "pitch_rad": 2.4348229252421146e-05,
    "roll_rate_radps": 0.003466129900613631,
    "ang_vel_body_y_radps": 0.002407378276803752,
    "yaw_rate_radps": 0.0023204128857319054,
    "tire_fl_force_wheel_fz_n": 632.2469334202705,
    "tire_fr_force_wheel_fz_n": 634.2080871932557,
    "tire_rl_force_wheel_fz_n": 1025.827143394539,
    "tire_rr_force_wheel_fz_n": 1067.0972007858459,
    "tire_fl_spindle_omega_radps": 0.134367997664173,
    "tire_fr_spindle_omega_radps": 0.13469300031471823,
    "tire_rl_spindle_omega_radps": 0.159397667089082,
    "tire_rr_spindle_omega_radps": 0.15976371753247412
  },
  "val_mixed_loss": 0.049939960525516656,
  "rollout_flat_5.0s": {
    "xy_rmse_m": 0.8889335077498255,
    "yaw_rmse_rad": 0.03800424592151287,
    "errdist": 0.11708554931149735,
    "mean_dist_m": 7.592170963684718,
    "episodes": 12
  },
  "rollout_flat_10.0s": {
    "xy_rmse_m": 3.4163448214407732,
    "yaw_rmse_rad": 0.06995948168228334,
    "errdist": 0.09700809740058995,
    "mean_dist_m": 35.2171098391215,
    "episodes": 12
  },
  "rollout_crm_5.0s": {
    "xy_rmse_m": 0.4957271959068315,
    "yaw_rmse_rad": 0.04133980927346808,
    "errdist": 0.06926948393981895,
    "mean_dist_m": 7.1565019357949495,
    "episodes": 12
  },
  "rollout_crm_10.0s": {
    "xy_rmse_m": 1.5245991830487586,
    "yaw_rmse_rad": 0.11196253438638654,
    "errdist": 0.06089432504498716,
    "mean_dist_m": 25.036802393694717,
    "episodes": 12
  },
  "rollout_sel": 0.07895121122278856
}
{
  "epoch": 77,
  "timestamp_utc": "2026-07-15T16:24:24.223858+00:00",
  "train_loss": 0.013016640670597553,
  "val_loss": 0.0020694478874793277,
  "val_rmse": {
    "vel_body_x_mps": 0.0006089488585448115,
    "vel_body_y_mps": 0.0005904820511402506,
    "roll_rad": 1.2592761570944729e-05,
    "pitch_rad": 6.002193639104253e-06,
    "roll_rate_radps": 0.0012939432083608462,
    "ang_vel_body_y_radps": 0.0005563191865868567,
    "yaw_rate_radps": 0.0012177446691721723,
    "tire_fl_force_wheel_fz_n": 35.4703183237606,
    "tire_fr_force_wheel_fz_n": 36.160682924903575,
    "tire_rl_force_wheel_fz_n": 22.277604040357346,
    "tire_rr_force_wheel_fz_n": 21.697319228844115,
    "tire_fl_spindle_omega_radps": 0.04378469112926696,
    "tire_fr_spindle_omega_radps": 0.04285769166697274,
    "tire_rl_spindle_omega_radps": 0.04160883961673276,
    "tire_rr_spindle_omega_radps": 0.038828930587213394
  },
  "val_flat_loss": 0.0020694478874793277,
  "val_flat_rmse": {
    "vel_body_x_mps": 0.0006089488585448115,
    "vel_body_y_mps": 0.0005904820511402506,
    "roll_rad": 1.2592761570944729e-05,
    "pitch_rad": 6.002193639104253e-06,
    "roll_rate_radps": 0.0012939432083608462,
    "ang_vel_body_y_radps": 0.0005563191865868567,
    "yaw_rate_radps": 0.0012177446691721723,
    "tire_fl_force_wheel_fz_n": 35.4703183237606,
    "tire_fr_force_wheel_fz_n": 36.160682924903575,
    "tire_rl_force_wheel_fz_n": 22.277604040357346,
    "tire_rr_force_wheel_fz_n": 21.697319228844115,
    "tire_fl_spindle_omega_radps": 0.04378469112926696,
    "tire_fr_spindle_omega_radps": 0.04285769166697274,
    "tire_rl_spindle_omega_radps": 0.04160883961673276,
    "tire_rr_spindle_omega_radps": 0.038828930587213394
  },
  "val_crm_loss": 0.09816775535000488,
  "val_crm_rmse": {
    "vel_body_x_mps": 0.0029243889271707833,
    "vel_body_y_mps": 0.002303166674843149,
    "roll_rad": 3.626494590434286e-05,
    "pitch_rad": 2.4694900036366312e-05,
    "roll_rate_radps": 0.003452846115906348,
    "ang_vel_body_y_radps": 0.002413110189248699,
    "yaw_rate_radps": 0.00232664870545685,
    "tire_fl_force_wheel_fz_n": 633.5525778681197,
    "tire_fr_force_wheel_fz_n": 635.809169242142,
    "tire_rl_force_wheel_fz_n": 1026.4348555381264,
    "tire_rr_force_wheel_fz_n": 1073.4422177821182,
    "tire_fl_spindle_omega_radps": 0.1341518311131045,
    "tire_fr_spindle_omega_radps": 0.1351312462364218,
    "tire_rl_spindle_omega_radps": 0.15903363259734873,
    "tire_rr_spindle_omega_radps": 0.15998473072526634
  },
  "val_mixed_loss": 0.050118601618742105,
  "rollout_flat_5.0s": {
    "xy_rmse_m": 0.6283041050885573,
    "yaw_rmse_rad": 0.053763274916453975,
    "errdist": 0.08275684360822423,
    "mean_dist_m": 7.592170963684718,
    "episodes": 12
  },
  "rollout_flat_10.0s": {
    "xy_rmse_m": 4.376759177540293,
    "yaw_rmse_rad": 0.1096854152825489,
    "errdist": 0.12427934028471295,
    "mean_dist_m": 35.2171098391215,
    "episodes": 12
  },
  "rollout_crm_5.0s": {
    "xy_rmse_m": 0.45274235026916426,
    "yaw_rmse_rad": 0.04005825196177246,
    "errdist": 0.06326307941099904,
    "mean_dist_m": 7.1565019357949495,
    "episodes": 12
  },
  "rollout_crm_10.0s": {
    "xy_rmse_m": 1.4776920986354873,
    "yaw_rmse_rad": 0.0802891202830352,
    "errdist": 0.05902079967718362,
    "mean_dist_m": 25.036802393694717,
    "episodes": 12
  },
  "rollout_sel": 0.09165006998094828
}
{
  "epoch": 78,
  "timestamp_utc": "2026-07-15T16:25:28.050451+00:00",
  "train_loss": 0.012949512846535071,
  "val_loss": 0.0020653897765623695,
  "val_rmse": {
    "vel_body_x_mps": 0.0006036754063399638,
    "vel_body_y_mps": 0.0005863158386265327,
    "roll_rad": 1.0868583647135587e-05,
    "pitch_rad": 5.8985571743120355e-06,
    "roll_rate_radps": 0.0012968546158669428,
    "ang_vel_body_y_radps": 0.0005609425980350667,
    "yaw_rate_radps": 0.0012133765336266725,
    "tire_fl_force_wheel_fz_n": 35.62790267228533,
    "tire_fr_force_wheel_fz_n": 36.059247127114155,
    "tire_rl_force_wheel_fz_n": 22.206960791805688,
    "tire_rr_force_wheel_fz_n": 21.402016937718287,
    "tire_fl_spindle_omega_radps": 0.043805205463139776,
    "tire_fr_spindle_omega_radps": 0.04289156762434093,
    "tire_rl_spindle_omega_radps": 0.041970072841293685,
    "tire_rr_spindle_omega_radps": 0.039330441859139094
  },
  "val_flat_loss": 0.0020653897765623695,
  "val_flat_rmse": {
    "vel_body_x_mps": 0.0006036754063399638,
    "vel_body_y_mps": 0.0005863158386265327,
    "roll_rad": 1.0868583647135587e-05,
    "pitch_rad": 5.8985571743120355e-06,
    "roll_rate_radps": 0.0012968546158669428,
    "ang_vel_body_y_radps": 0.0005609425980350667,
    "yaw_rate_radps": 0.0012133765336266725,
    "tire_fl_force_wheel_fz_n": 35.62790267228533,
    "tire_fr_force_wheel_fz_n": 36.059247127114155,
    "tire_rl_force_wheel_fz_n": 22.206960791805688,
    "tire_rr_force_wheel_fz_n": 21.402016937718287,
    "tire_fl_spindle_omega_radps": 0.043805205463139776,
    "tire_fr_spindle_omega_radps": 0.04289156762434093,
    "tire_rl_spindle_omega_radps": 0.041970072841293685,
    "tire_rr_spindle_omega_radps": 0.039330441859139094
  },
  "val_crm_loss": 0.09777506261540111,
  "val_crm_rmse": {
    "vel_body_x_mps": 0.0029327995440726175,
    "vel_body_y_mps": 0.002298842035482258,
    "roll_rad": 3.463548975379977e-05,
    "pitch_rad": 2.4878359685199297e-05,
    "roll_rate_radps": 0.0034566938732343193,
    "ang_vel_body_y_radps": 0.0024296249588990552,
    "yaw_rate_radps": 0.0023225527285592063,
    "tire_fl_force_wheel_fz_n": 632.0475616000047,
    "tire_fr_force_wheel_fz_n": 631.0089899037537,
    "tire_rl_force_wheel_fz_n": 1029.2747157410734,
    "tire_rr_force_wheel_fz_n": 1068.7425399492072,
    "tire_fl_spindle_omega_radps": 0.13283599158978132,
    "tire_fr_spindle_omega_radps": 0.13345277742752568,
    "tire_rl_spindle_omega_radps": 0.15856721313446667,
    "tire_rr_spindle_omega_radps": 0.15866543991844778
  },
  "val_mixed_loss": 0.04992022619598174,
  "rollout_flat_5.0s": {
    "xy_rmse_m": 0.8519950510069337,
    "yaw_rmse_rad": 0.06085332550682889,
    "errdist": 0.1122202140971591,
    "mean_dist_m": 7.592170963684718,
    "episodes": 12
  },
  "rollout_flat_10.0s": {
    "xy_rmse_m": 4.146619357077354,
    "yaw_rmse_rad": 0.1105616813467269,
    "errdist": 0.11774445364823817,
    "mean_dist_m": 35.2171098391215,
    "episodes": 12
  },
  "rollout_crm_5.0s": {
    "xy_rmse_m": 0.4494689860098977,
    "yaw_rmse_rad": 0.026575174323175906,
    "errdist": 0.06280568216739682,
    "mean_dist_m": 7.1565019357949495,
    "episodes": 12
  },
  "rollout_crm_10.0s": {
    "xy_rmse_m": 2.5468442156282745,
    "yaw_rmse_rad": 0.08844732910358388,
    "errdist": 0.10172402112618316,
    "mean_dist_m": 25.036802393694717,
    "episodes": 12
  },
  "rollout_sel": 0.10973423738721066
}
{
  "epoch": 79,
  "timestamp_utc": "2026-07-15T16:26:32.613508+00:00",
  "train_loss": 0.012947524145245552,
  "val_loss": 0.0021034906163731647,
  "val_rmse": {
    "vel_body_x_mps": 0.0006220206366732268,
    "vel_body_y_mps": 0.0005955352876751973,
    "roll_rad": 1.1214438132898275e-05,
    "pitch_rad": 6.391199272700757e-06,
    "roll_rate_radps": 0.0013100118944169472,
    "ang_vel_body_y_radps": 0.0005590457322930508,
    "yaw_rate_radps": 0.0012267619650064552,
    "tire_fl_force_wheel_fz_n": 36.47021319398418,
    "tire_fr_force_wheel_fz_n": 36.20683503938478,
    "tire_rl_force_wheel_fz_n": 23.453305028012238,
    "tire_rr_force_wheel_fz_n": 21.895441011446284,
    "tire_fl_spindle_omega_radps": 0.044182858487072124,
    "tire_fr_spindle_omega_radps": 0.043354900559035965,
    "tire_rl_spindle_omega_radps": 0.04177520732379737,
    "tire_rr_spindle_omega_radps": 0.03890245190883973
  },
  "val_flat_loss": 0.0021034906163731647,
  "val_flat_rmse": {
    "vel_body_x_mps": 0.0006220206366732268,
    "vel_body_y_mps": 0.0005955352876751973,
    "roll_rad": 1.1214438132898275e-05,
    "pitch_rad": 6.391199272700757e-06,
    "roll_rate_radps": 0.0013100118944169472,
    "ang_vel_body_y_radps": 0.0005590457322930508,
    "yaw_rate_radps": 0.0012267619650064552,
    "tire_fl_force_wheel_fz_n": 36.47021319398418,
    "tire_fr_force_wheel_fz_n": 36.20683503938478,
    "tire_rl_force_wheel_fz_n": 23.453305028012238,
    "tire_rr_force_wheel_fz_n": 21.895441011446284,
    "tire_fl_spindle_omega_radps": 0.044182858487072124,
    "tire_fr_spindle_omega_radps": 0.043354900559035965,
    "tire_rl_spindle_omega_radps": 0.04177520732379737,
    "tire_rr_spindle_omega_radps": 0.03890245190883973
  },
  "val_crm_loss": 0.0983341560055851,
  "val_crm_rmse": {
    "vel_body_x_mps": 0.002926642475185534,
    "vel_body_y_mps": 0.0023063743509337837,
    "roll_rad": 3.5302914028845045e-05,
    "pitch_rad": 2.4379681445306204e-05,
    "roll_rate_radps": 0.0034605458746811185,
    "ang_vel_body_y_radps": 0.0024019919597534642,
    "yaw_rate_radps": 0.0023199587927743306,
    "tire_fl_force_wheel_fz_n": 629.67664763446,
    "tire_fr_force_wheel_fz_n": 635.9167451657698,
    "tire_rl_force_wheel_fz_n": 1033.2875500667985,
    "tire_rr_force_wheel_fz_n": 1075.4200924080922,
    "tire_fl_spindle_omega_radps": 0.13250301949657667,
    "tire_fr_spindle_omega_radps": 0.13337210326571983,
    "tire_rl_spindle_omega_radps": 0.1580285212001854,
    "tire_rr_spindle_omega_radps": 0.15841262065044792
  },
  "val_mixed_loss": 0.05021882331097913,
  "rollout_flat_5.0s": {
    "xy_rmse_m": 1.2784513797657728,
    "yaw_rmse_rad": 0.032826533429306054,
    "errdist": 0.16839075224740466,
    "mean_dist_m": 7.592170963684718,
    "episodes": 12
  },
  "rollout_flat_10.0s": {
    "xy_rmse_m": 6.469988909185653,
    "yaw_rmse_rad": 0.36657738265958323,
    "errdist": 0.18371720276711523,
    "mean_dist_m": 35.2171098391215,
    "episodes": 12
  },
  "rollout_crm_5.0s": {
    "xy_rmse_m": 0.39788827838127083,
    "yaw_rmse_rad": 0.029939033357403468,
    "errdist": 0.05559815143640747,
    "mean_dist_m": 7.1565019357949495,
    "episodes": 12
  },
  "rollout_crm_10.0s": {
    "xy_rmse_m": 1.89577886661078,
    "yaw_rmse_rad": 0.407393856228854,
    "errdist": 0.07571968803365298,
    "mean_dist_m": 25.036802393694717,
    "episodes": 12
  },
  "rollout_sel": 0.1297184454003841
}
{
  "epoch": 80,
  "timestamp_utc": "2026-07-15T16:27:37.642328+00:00",
  "train_loss": 0.012904031285084784,
  "val_loss": 0.0022069543586803776,
  "val_rmse": {
    "vel_body_x_mps": 0.0006316705553013941,
    "vel_body_y_mps": 0.0005888842916741198,
    "roll_rad": 1.0655491496245118e-05,
    "pitch_rad": 5.838258712495098e-06,
    "roll_rate_radps": 0.0013061862259916566,
    "ang_vel_body_y_radps": 0.0005949836716382619,
    "yaw_rate_radps": 0.0012163459941978393,
    "tire_fl_force_wheel_fz_n": 35.44409260497628,
    "tire_fr_force_wheel_fz_n": 35.86859686885782,
    "tire_rl_force_wheel_fz_n": 22.531569660686294,
    "tire_rr_force_wheel_fz_n": 21.31346581549969,
    "tire_fl_spindle_omega_radps": 0.04728527173112793,
    "tire_fr_spindle_omega_radps": 0.0456284761176374,
    "tire_rl_spindle_omega_radps": 0.046295645810963425,
    "tire_rr_spindle_omega_radps": 0.040665760304084295
  },
  "val_flat_loss": 0.0022069543586803776,
  "val_flat_rmse": {
    "vel_body_x_mps": 0.0006316705553013941,
    "vel_body_y_mps": 0.0005888842916741198,
    "roll_rad": 1.0655491496245118e-05,
    "pitch_rad": 5.838258712495098e-06,
    "roll_rate_radps": 0.0013061862259916566,
    "ang_vel_body_y_radps": 0.0005949836716382619,
    "yaw_rate_radps": 0.0012163459941978393,
    "tire_fl_force_wheel_fz_n": 35.44409260497628,
    "tire_fr_force_wheel_fz_n": 35.86859686885782,
    "tire_rl_force_wheel_fz_n": 22.531569660686294,
    "tire_rr_force_wheel_fz_n": 21.31346581549969,
    "tire_fl_spindle_omega_radps": 0.04728527173112793,
    "tire_fr_spindle_omega_radps": 0.0456284761176374,
    "tire_rl_spindle_omega_radps": 0.046295645810963425,
    "tire_rr_spindle_omega_radps": 0.040665760304084295
  },
  "val_crm_loss": 0.09794705268694087,
  "val_crm_rmse": {
    "vel_body_x_mps": 0.002903536626532566,
    "vel_body_y_mps": 0.0022920055123534355,
    "roll_rad": 3.458723109653297e-05,
    "pitch_rad": 2.416891026078415e-05,
    "roll_rate_radps": 0.0034229443687765287,
    "ang_vel_body_y_radps": 0.002395887094582615,
    "yaw_rate_radps": 0.0023241338083634863,
    "tire_fl_force_wheel_fz_n": 631.0080523835267,
    "tire_fr_force_wheel_fz_n": 639.487718041464,
    "tire_rl_force_wheel_fz_n": 1031.908182705312,
    "tire_rr_force_wheel_fz_n": 1071.0190361644939,
    "tire_fl_spindle_omega_radps": 0.1306231130536659,
    "tire_fr_spindle_omega_radps": 0.13106745762545063,
    "tire_rl_spindle_omega_radps": 0.15596432648433967,
    "tire_rr_spindle_omega_radps": 0.15642101462046407
  },
  "val_mixed_loss": 0.05007700352281062,
  "rollout_flat_5.0s": {
    "xy_rmse_m": 0.8961093772405773,
    "yaw_rmse_rad": 0.043784211048735956,
    "errdist": 0.11803071631643913,
    "mean_dist_m": 7.592170963684718,
    "episodes": 12
  },
  "rollout_flat_10.0s": {
    "xy_rmse_m": 3.5586915306841576,
    "yaw_rmse_rad": 0.08065588219199255,
    "errdist": 0.10105007330076039,
    "mean_dist_m": 35.2171098391215,
    "episodes": 12
  },
  "rollout_crm_5.0s": {
    "xy_rmse_m": 0.7122456037602822,
    "yaw_rmse_rad": 0.038507310152437225,
    "errdist": 0.0995242662057864,
    "mean_dist_m": 7.1565019357949495,
    "episodes": 12
  },
  "rollout_crm_10.0s": {
    "xy_rmse_m": 2.0897811452454773,
    "yaw_rmse_rad": 0.10267398537563756,
    "errdist": 0.08346837237377282,
    "mean_dist_m": 25.036802393694717,
    "episodes": 12
  },
  "rollout_sel": 0.0922592228372666
}
training completed; last checkpoint: /home/harry/NeDM/artifacts/training_runs/ablation_ofat/L8_H8_E256_ctx128_no_onehot/checkpoints/last.pt
