terrain_conditioning: one-hot over ['flat', 'crm']
loss: type=huber huber_delta=1.0 channel_weights={'vel_body_x_mps': 1.62196, 'vel_body_y_mps': 2.35058, 'roll_rad': 0.16566, 'pitch_rad': 0.01578, 'roll_rate_radps': 0.02387, 'ang_vel_body_y_radps': 0.01794, 'yaw_rate_radps': 2.14412, 'tire_fl_force_wheel_fz_n': 0.00463, 'tire_fr_force_wheel_fz_n': 0.00536, 'tire_rl_force_wheel_fz_n': 0.00382, 'tire_rr_force_wheel_fz_n': 0.00356, 'tire_fl_spindle_omega_radps': 1.73764, 'tire_fr_spindle_omega_radps': 1.69314, 'tire_rl_spindle_omega_radps': 2.63328, 'tire_rr_spindle_omega_radps': 2.57865}
{
  "epoch": 1,
  "timestamp_utc": "2026-07-09T23:57:02.733219+00:00",
  "train_loss": 0.15450445674546062,
  "val_loss": 0.018282312552037182,
  "val_rmse": {
    "vel_body_x_mps": 0.002117284046230558,
    "vel_body_y_mps": 0.002022435321212922,
    "roll_rad": 5.2520693965721095e-05,
    "pitch_rad": 2.7665619280865717e-05,
    "roll_rate_radps": 0.002611805053151016,
    "ang_vel_body_y_radps": 0.001477992983332003,
    "yaw_rate_radps": 0.00215750524554337,
    "tire_fl_force_wheel_fz_n": 79.92605875380136,
    "tire_fr_force_wheel_fz_n": 84.63974751282929,
    "tire_rl_force_wheel_fz_n": 53.33543678586191,
    "tire_rr_force_wheel_fz_n": 48.94534276378332,
    "tire_fl_spindle_omega_radps": 0.11808886535977817,
    "tire_fr_spindle_omega_radps": 0.12191766451534561,
    "tire_rl_spindle_omega_radps": 0.13150332626587388,
    "tire_rr_spindle_omega_radps": 0.1267547570906406
  },
  "val_flat_loss": 0.018282312552037182,
  "val_flat_rmse": {
    "vel_body_x_mps": 0.002117284046230558,
    "vel_body_y_mps": 0.002022435321212922,
    "roll_rad": 5.2520693965721095e-05,
    "pitch_rad": 2.7665619280865717e-05,
    "roll_rate_radps": 0.002611805053151016,
    "ang_vel_body_y_radps": 0.001477992983332003,
    "yaw_rate_radps": 0.00215750524554337,
    "tire_fl_force_wheel_fz_n": 79.92605875380136,
    "tire_fr_force_wheel_fz_n": 84.63974751282929,
    "tire_rl_force_wheel_fz_n": 53.33543678586191,
    "tire_rr_force_wheel_fz_n": 48.94534276378332,
    "tire_fl_spindle_omega_radps": 0.11808886535977817,
    "tire_fr_spindle_omega_radps": 0.12191766451534561,
    "tire_rl_spindle_omega_radps": 0.13150332626587388,
    "tire_rr_spindle_omega_radps": 0.1267547570906406
  },
  "val_crm_loss": 0.2290602044481784,
  "val_crm_rmse": {
    "vel_body_x_mps": 0.005595068288955095,
    "vel_body_y_mps": 0.004802982676374118,
    "roll_rad": 0.00016316082148994367,
    "pitch_rad": 0.00011110354295679463,
    "roll_rate_radps": 0.00922055637238258,
    "ang_vel_body_y_radps": 0.006072980245366698,
    "yaw_rate_radps": 0.0038108740534139266,
    "tire_fl_force_wheel_fz_n": 1507.2246819874558,
    "tire_fr_force_wheel_fz_n": 1608.537980337876,
    "tire_rl_force_wheel_fz_n": 1360.48557613938,
    "tire_rr_force_wheel_fz_n": 1462.598652409919,
    "tire_fl_spindle_omega_radps": 0.2496165057377762,
    "tire_fr_spindle_omega_radps": 0.2502882391630886,
    "tire_rl_spindle_omega_radps": 0.24456286643396952,
    "tire_rr_spindle_omega_radps": 0.24121077235857866
  },
  "val_mixed_loss": 0.1236712585001078,
  "rollout_flat_5.0s": {
    "xy_rmse_m": 2.487833680946522,
    "yaw_rmse_rad": 0.3546935389336537,
    "errdist": 0.32768409626791367,
    "mean_dist_m": 7.592170963684718,
    "episodes": 12
  },
  "rollout_flat_10.0s": {
    "xy_rmse_m": 10.537563941674081,
    "yaw_rmse_rad": 0.6035069954758244,
    "errdist": 0.2992171700009368,
    "mean_dist_m": 35.2171098391215,
    "episodes": 12
  },
  "rollout_crm_5.0s": {
    "xy_rmse_m": 1.3766178430869827,
    "yaw_rmse_rad": 0.10751991228018222,
    "errdist": 0.19235904013404936,
    "mean_dist_m": 7.1565019357949495,
    "episodes": 12
  },
  "rollout_crm_10.0s": {
    "xy_rmse_m": 6.298832828648115,
    "yaw_rmse_rad": 0.2741338727831017,
    "errdist": 0.2515829589418502,
    "mean_dist_m": 25.036802393694717,
    "episodes": 12
  },
  "rollout_sel": 0.2754000644713935
}
{
  "epoch": 2,
  "timestamp_utc": "2026-07-09T23:57:38.559810+00:00",
  "train_loss": 0.06369744908623397,
  "val_loss": 0.010462417343223934,
  "val_rmse": {
    "vel_body_x_mps": 0.0016982153119603444,
    "vel_body_y_mps": 0.0017859169454678557,
    "roll_rad": 4.579523011764617e-05,
    "pitch_rad": 2.5113732022191244e-05,
    "roll_rate_radps": 0.002135182191361036,
    "ang_vel_body_y_radps": 0.0012759025280494874,
    "yaw_rate_radps": 0.0018196457510981734,
    "tire_fl_force_wheel_fz_n": 71.5063572278222,
    "tire_fr_force_wheel_fz_n": 67.02808499548246,
    "tire_rl_force_wheel_fz_n": 39.757692009534686,
    "tire_rr_force_wheel_fz_n": 33.35469419679714,
    "tire_fl_spindle_omega_radps": 0.09360400255648668,
    "tire_fr_spindle_omega_radps": 0.0993898019486243,
    "tire_rl_spindle_omega_radps": 0.09033899419343369,
    "tire_rr_spindle_omega_radps": 0.08667962316496813
  },
  "val_flat_loss": 0.010462417343223934,
  "val_flat_rmse": {
    "vel_body_x_mps": 0.0016982153119603444,
    "vel_body_y_mps": 0.0017859169454678557,
    "roll_rad": 4.579523011764617e-05,
    "pitch_rad": 2.5113732022191244e-05,
    "roll_rate_radps": 0.002135182191361036,
    "ang_vel_body_y_radps": 0.0012759025280494874,
    "yaw_rate_radps": 0.0018196457510981734,
    "tire_fl_force_wheel_fz_n": 71.5063572278222,
    "tire_fr_force_wheel_fz_n": 67.02808499548246,
    "tire_rl_force_wheel_fz_n": 39.757692009534686,
    "tire_rr_force_wheel_fz_n": 33.35469419679714,
    "tire_fl_spindle_omega_radps": 0.09360400255648668,
    "tire_fr_spindle_omega_radps": 0.0993898019486243,
    "tire_rl_spindle_omega_radps": 0.09033899419343369,
    "tire_rr_spindle_omega_radps": 0.08667962316496813
  },
  "val_crm_loss": 0.15995993222109972,
  "val_crm_rmse": {
    "vel_body_x_mps": 0.0045602948672869145,
    "vel_body_y_mps": 0.004076104554414179,
    "roll_rad": 9.840051718684993e-05,
    "pitch_rad": 6.522477463938436e-05,
    "roll_rate_radps": 0.0074273366975357085,
    "ang_vel_body_y_radps": 0.004696837577254031,
    "yaw_rate_radps": 0.0032946918468717435,
    "tire_fl_force_wheel_fz_n": 1181.2244033912405,
    "tire_fr_force_wheel_fz_n": 1246.0409910510145,
    "tire_rl_force_wheel_fz_n": 1074.0581076180372,
    "tire_rr_force_wheel_fz_n": 1141.7168433415848,
    "tire_fl_spindle_omega_radps": 0.20266760961495056,
    "tire_fr_spindle_omega_radps": 0.1988832911818829,
    "tire_rl_spindle_omega_radps": 0.19544823389346433,
    "tire_rr_spindle_omega_radps": 0.19378708687448468
  },
  "val_mixed_loss": 0.08521117478216182,
  "rollout_flat_5.0s": {
    "xy_rmse_m": 2.6844884202034436,
    "yaw_rmse_rad": 0.32587934734622137,
    "errdist": 0.35358640276200753,
    "mean_dist_m": 7.592170963684718,
    "episodes": 12
  },
  "rollout_flat_10.0s": {
    "xy_rmse_m": 10.32299363119854,
    "yaw_rmse_rad": 0.44884783932533123,
    "errdist": 0.29312438409500247,
    "mean_dist_m": 35.2171098391215,
    "episodes": 12
  },
  "rollout_crm_5.0s": {
    "xy_rmse_m": 1.6842903173600248,
    "yaw_rmse_rad": 0.18694028579403024,
    "errdist": 0.23535106012277388,
    "mean_dist_m": 7.1565019357949495,
    "episodes": 12
  },
  "rollout_crm_10.0s": {
    "xy_rmse_m": 9.216268443172753,
    "yaw_rmse_rad": 0.8207215745883567,
    "errdist": 0.36810884625960794,
    "mean_dist_m": 25.036802393694717,
    "episodes": 12
  },
  "rollout_sel": 0.33061661517730523
}
{
  "epoch": 3,
  "timestamp_utc": "2026-07-09T23:58:14.898590+00:00",
  "train_loss": 0.052145535118877887,
  "val_loss": 0.008652622952358796,
  "val_rmse": {
    "vel_body_x_mps": 0.0016187015073728355,
    "vel_body_y_mps": 0.0013468176691871989,
    "roll_rad": 3.233804270141165e-05,
    "pitch_rad": 1.662880844513993e-05,
    "roll_rate_radps": 0.001986525540534318,
    "ang_vel_body_y_radps": 0.0011370925396744364,
    "yaw_rate_radps": 0.0017425041311688921,
    "tire_fl_force_wheel_fz_n": 61.56007022613228,
    "tire_fr_force_wheel_fz_n": 66.29627109357725,
    "tire_rl_force_wheel_fz_n": 33.85593079009265,
    "tire_rr_force_wheel_fz_n": 30.215369846214735,
    "tire_fl_spindle_omega_radps": 0.08421811371400906,
    "tire_fr_spindle_omega_radps": 0.0877868188398776,
    "tire_rl_spindle_omega_radps": 0.09364710516246956,
    "tire_rr_spindle_omega_radps": 0.07954402856340582
  },
  "val_flat_loss": 0.008652622952358796,
  "val_flat_rmse": {
    "vel_body_x_mps": 0.0016187015073728355,
    "vel_body_y_mps": 0.0013468176691871989,
    "roll_rad": 3.233804270141165e-05,
    "pitch_rad": 1.662880844513993e-05,
    "roll_rate_radps": 0.001986525540534318,
    "ang_vel_body_y_radps": 0.0011370925396744364,
    "yaw_rate_radps": 0.0017425041311688921,
    "tire_fl_force_wheel_fz_n": 61.56007022613228,
    "tire_fr_force_wheel_fz_n": 66.29627109357725,
    "tire_rl_force_wheel_fz_n": 33.85593079009265,
    "tire_rr_force_wheel_fz_n": 30.215369846214735,
    "tire_fl_spindle_omega_radps": 0.08421811371400906,
    "tire_fr_spindle_omega_radps": 0.0877868188398776,
    "tire_rl_spindle_omega_radps": 0.09364710516246956,
    "tire_rr_spindle_omega_radps": 0.07954402856340582
  },
  "val_crm_loss": 0.1425850053632166,
  "val_crm_rmse": {
    "vel_body_x_mps": 0.004166447347426428,
    "vel_body_y_mps": 0.0037671117913889783,
    "roll_rad": 0.00010081587099912337,
    "pitch_rad": 6.220997547233369e-05,
    "roll_rate_radps": 0.006710746458713016,
    "ang_vel_body_y_radps": 0.004495854758092688,
    "yaw_rate_radps": 0.003041896962232178,
    "tire_fl_force_wheel_fz_n": 1040.0319206902677,
    "tire_fr_force_wheel_fz_n": 1103.4089108401674,
    "tire_rl_force_wheel_fz_n": 1043.2899289563838,
    "tire_rr_force_wheel_fz_n": 1097.8115345122894,
    "tire_fl_spindle_omega_radps": 0.18030187551614799,
    "tire_fr_spindle_omega_radps": 0.1801048109252211,
    "tire_rl_spindle_omega_radps": 0.1857467340683257,
    "tire_rr_spindle_omega_radps": 0.18597721410386792
  },
  "val_mixed_loss": 0.0756188141577877,
  "rollout_flat_5.0s": {
    "xy_rmse_m": 5.67988751940326,
    "yaw_rmse_rad": 0.23428176665812014,
    "errdist": 0.7481242910060383,
    "mean_dist_m": 7.592170963684718,
    "episodes": 12
  },
  "rollout_flat_10.0s": {
    "xy_rmse_m": 16.18895993657792,
    "yaw_rmse_rad": 0.4197822510426153,
    "errdist": 0.4596901906639184,
    "mean_dist_m": 35.2171098391215,
    "episodes": 12
  },
  "rollout_crm_5.0s": {
    "xy_rmse_m": 4.328210715720121,
    "yaw_rmse_rad": 0.214371028210888,
    "errdist": 0.6047941794120874,
    "mean_dist_m": 7.1565019357949495,
    "episodes": 12
  },
  "rollout_crm_10.0s": {
    "xy_rmse_m": 12.126002334536619,
    "yaw_rmse_rad": 0.3828193581414436,
    "errdist": 0.4843271174912671,
    "mean_dist_m": 25.036802393694717,
    "episodes": 12
  },
  "rollout_sel": 0.47200865407759274
}
{
  "epoch": 4,
  "timestamp_utc": "2026-07-09T23:58:50.473027+00:00",
  "train_loss": 0.04756657699123025,
  "val_loss": 0.007443846096284687,
  "val_rmse": {
    "vel_body_x_mps": 0.0013665296999345717,
    "vel_body_y_mps": 0.0014479955933596864,
    "roll_rad": 3.4688257688172975e-05,
    "pitch_rad": 1.7028035262659265e-05,
    "roll_rate_radps": 0.001955646916177938,
    "ang_vel_body_y_radps": 0.00109036027448346,
    "yaw_rate_radps": 0.0017131599529257924,
    "tire_fl_force_wheel_fz_n": 58.87892666253694,
    "tire_fr_force_wheel_fz_n": 62.61337838587746,
    "tire_rl_force_wheel_fz_n": 31.633535709343402,
    "tire_rr_force_wheel_fz_n": 31.047599994735837,
    "tire_fl_spindle_omega_radps": 0.08454321574573027,
    "tire_fr_spindle_omega_radps": 0.08563640202632201,
    "tire_rl_spindle_omega_radps": 0.08373663927813507,
    "tire_rr_spindle_omega_radps": 0.07096238432359193
  },
  "val_flat_loss": 0.007443846096284687,
  "val_flat_rmse": {
    "vel_body_x_mps": 0.0013665296999345717,
    "vel_body_y_mps": 0.0014479955933596864,
    "roll_rad": 3.4688257688172975e-05,
    "pitch_rad": 1.7028035262659265e-05,
    "roll_rate_radps": 0.001955646916177938,
    "ang_vel_body_y_radps": 0.00109036027448346,
    "yaw_rate_radps": 0.0017131599529257924,
    "tire_fl_force_wheel_fz_n": 58.87892666253694,
    "tire_fr_force_wheel_fz_n": 62.61337838587746,
    "tire_rl_force_wheel_fz_n": 31.633535709343402,
    "tire_rr_force_wheel_fz_n": 31.047599994735837,
    "tire_fl_spindle_omega_radps": 0.08454321574573027,
    "tire_fr_spindle_omega_radps": 0.08563640202632201,
    "tire_rl_spindle_omega_radps": 0.08373663927813507,
    "tire_rr_spindle_omega_radps": 0.07096238432359193
  },
  "val_crm_loss": 0.13395443748682737,
  "val_crm_rmse": {
    "vel_body_x_mps": 0.00409534084244189,
    "vel_body_y_mps": 0.0034388652806288033,
    "roll_rad": 9.444934390987232e-05,
    "pitch_rad": 6.935408141014723e-05,
    "roll_rate_radps": 0.005899555263663057,
    "ang_vel_body_y_radps": 0.004063480455719941,
    "yaw_rate_radps": 0.0028789394902715764,
    "tire_fl_force_wheel_fz_n": 969.1612824405627,
    "tire_fr_force_wheel_fz_n": 1003.9106083891287,
    "tire_rl_force_wheel_fz_n": 1031.8870756410315,
    "tire_rr_force_wheel_fz_n": 1085.616992486722,
    "tire_fl_spindle_omega_radps": 0.17630530794328142,
    "tire_fr_spindle_omega_radps": 0.1795680364815669,
    "tire_rl_spindle_omega_radps": 0.18100569547602074,
    "tire_rr_spindle_omega_radps": 0.18194862056656672
  },
  "val_mixed_loss": 0.07069914179155602,
  "rollout_flat_5.0s": {
    "xy_rmse_m": 3.243015484762222,
    "yaw_rmse_rad": 0.1504524230483743,
    "errdist": 0.42715258919673815,
    "mean_dist_m": 7.592170963684718,
    "episodes": 12
  },
  "rollout_flat_10.0s": {
    "xy_rmse_m": 8.756861572110122,
    "yaw_rmse_rad": 0.2691568339024943,
    "errdist": 0.24865361218206555,
    "mean_dist_m": 35.2171098391215,
    "episodes": 12
  },
  "rollout_crm_5.0s": {
    "xy_rmse_m": 1.845270606891624,
    "yaw_rmse_rad": 0.11993453570952281,
    "errdist": 0.25784533050456726,
    "mean_dist_m": 7.1565019357949495,
    "episodes": 12
  },
  "rollout_crm_10.0s": {
    "xy_rmse_m": 6.134504671337594,
    "yaw_rmse_rad": 0.246265370366103,
    "errdist": 0.24501949469723464,
    "mean_dist_m": 25.036802393694717,
    "episodes": 12
  },
  "rollout_sel": 0.2468365534396501
}
{
  "epoch": 5,
  "timestamp_utc": "2026-07-09T23:59:26.153375+00:00",
  "train_loss": 0.04442415352538228,
  "val_loss": 0.00690836274799949,
  "val_rmse": {
    "vel_body_x_mps": 0.0013572606771252707,
    "vel_body_y_mps": 0.0013709112261456767,
    "roll_rad": 2.915924487735408e-05,
    "pitch_rad": 2.4287501366525773e-05,
    "roll_rate_radps": 0.001987409849286178,
    "ang_vel_body_y_radps": 0.0010333269430709922,
    "yaw_rate_radps": 0.0017493291596971828,
    "tire_fl_force_wheel_fz_n": 57.356778759497196,
    "tire_fr_force_wheel_fz_n": 59.301566304304295,
    "tire_rl_force_wheel_fz_n": 29.828769797324277,
    "tire_rr_force_wheel_fz_n": 30.016760257855335,
    "tire_fl_spindle_omega_radps": 0.07804567701301429,
    "tire_fr_spindle_omega_radps": 0.08383208062582634,
    "tire_rl_spindle_omega_radps": 0.07910415750477413,
    "tire_rr_spindle_omega_radps": 0.06684228196794213
  },
  "val_flat_loss": 0.00690836274799949,
  "val_flat_rmse": {
    "vel_body_x_mps": 0.0013572606771252707,
    "vel_body_y_mps": 0.0013709112261456767,
    "roll_rad": 2.915924487735408e-05,
    "pitch_rad": 2.4287501366525773e-05,
    "roll_rate_radps": 0.001987409849286178,
    "ang_vel_body_y_radps": 0.0010333269430709922,
    "yaw_rate_radps": 0.0017493291596971828,
    "tire_fl_force_wheel_fz_n": 57.356778759497196,
    "tire_fr_force_wheel_fz_n": 59.301566304304295,
    "tire_rl_force_wheel_fz_n": 29.828769797324277,
    "tire_rr_force_wheel_fz_n": 30.016760257855335,
    "tire_fl_spindle_omega_radps": 0.07804567701301429,
    "tire_fr_spindle_omega_radps": 0.08383208062582634,
    "tire_rl_spindle_omega_radps": 0.07910415750477413,
    "tire_rr_spindle_omega_radps": 0.06684228196794213
  },
  "val_crm_loss": 0.12754142501857132,
  "val_crm_rmse": {
    "vel_body_x_mps": 0.003982199460027756,
    "vel_body_y_mps": 0.003212404010402701,
    "roll_rad": 8.985012529046084e-05,
    "pitch_rad": 5.039738671776803e-05,
    "roll_rate_radps": 0.0056639171200602864,
    "ang_vel_body_y_radps": 0.003794736875783854,
    "yaw_rate_radps": 0.0027746165116312406,
    "tire_fl_force_wheel_fz_n": 912.5408503404323,
    "tire_fr_force_wheel_fz_n": 944.3755668895138,
    "tire_rl_force_wheel_fz_n": 996.7864882004982,
    "tire_rr_force_wheel_fz_n": 1054.83709877429,
    "tire_fl_spindle_omega_radps": 0.17477555605127382,
    "tire_fr_spindle_omega_radps": 0.1745853770025969,
    "tire_rl_spindle_omega_radps": 0.18209370641280942,
    "tire_rr_spindle_omega_radps": 0.17857239508862463
  },
  "val_mixed_loss": 0.06722489388328541,
  "rollout_flat_5.0s": {
    "xy_rmse_m": 3.4748899095692662,
    "yaw_rmse_rad": 0.35369119618213496,
    "errdist": 0.45769384359105547,
    "mean_dist_m": 7.592170963684718,
    "episodes": 12
  },
  "rollout_flat_10.0s": {
    "xy_rmse_m": 12.730810544084575,
    "yaw_rmse_rad": 0.7088120204739027,
    "errdist": 0.36149504040057107,
    "mean_dist_m": 35.2171098391215,
    "episodes": 12
  },
  "rollout_crm_5.0s": {
    "xy_rmse_m": 2.7187387844745916,
    "yaw_rmse_rad": 0.1436187038801217,
    "errdist": 0.37989772222042895,
    "mean_dist_m": 7.1565019357949495,
    "episodes": 12
  },
  "rollout_crm_10.0s": {
    "xy_rmse_m": 8.69185695694689,
    "yaw_rmse_rad": 0.3490743714980213,
    "errdist": 0.34716322077678147,
    "mean_dist_m": 25.036802393694717,
    "episodes": 12
  },
  "rollout_sel": 0.35432913058867627
}
{
  "epoch": 6,
  "timestamp_utc": "2026-07-10T00:00:02.323703+00:00",
  "train_loss": 0.04197043498698622,
  "val_loss": 0.006410274238805869,
  "val_rmse": {
    "vel_body_x_mps": 0.0013895010204379753,
    "vel_body_y_mps": 0.0010466054561380884,
    "roll_rad": 3.3859480230345374e-05,
    "pitch_rad": 1.8014779991257723e-05,
    "roll_rate_radps": 0.001854833877913182,
    "ang_vel_body_y_radps": 0.0010277819908680573,
    "yaw_rate_radps": 0.0016249778833360715,
    "tire_fl_force_wheel_fz_n": 56.56476315871865,
    "tire_fr_force_wheel_fz_n": 57.58502630721552,
    "tire_rl_force_wheel_fz_n": 31.63144846614434,
    "tire_rr_force_wheel_fz_n": 29.40036624985236,
    "tire_fl_spindle_omega_radps": 0.07567740674984928,
    "tire_fr_spindle_omega_radps": 0.0836625545795085,
    "tire_rl_spindle_omega_radps": 0.08294584202411226,
    "tire_rr_spindle_omega_radps": 0.06575721124606837
  },
  "val_flat_loss": 0.006410274238805869,
  "val_flat_rmse": {
    "vel_body_x_mps": 0.0013895010204379753,
    "vel_body_y_mps": 0.0010466054561380884,
    "roll_rad": 3.3859480230345374e-05,
    "pitch_rad": 1.8014779991257723e-05,
    "roll_rate_radps": 0.001854833877913182,
    "ang_vel_body_y_radps": 0.0010277819908680573,
    "yaw_rate_radps": 0.0016249778833360715,
    "tire_fl_force_wheel_fz_n": 56.56476315871865,
    "tire_fr_force_wheel_fz_n": 57.58502630721552,
    "tire_rl_force_wheel_fz_n": 31.63144846614434,
    "tire_rr_force_wheel_fz_n": 29.40036624985236,
    "tire_fl_spindle_omega_radps": 0.07567740674984928,
    "tire_fr_spindle_omega_radps": 0.0836625545795085,
    "tire_rl_spindle_omega_radps": 0.08294584202411226,
    "tire_rr_spindle_omega_radps": 0.06575721124606837
  },
  "val_crm_loss": 0.12042155464354437,
  "val_crm_rmse": {
    "vel_body_x_mps": 0.0037386315921192725,
    "vel_body_y_mps": 0.0032110237723629916,
    "roll_rad": 7.628207723160731e-05,
    "pitch_rad": 6.236238717039357e-05,
    "roll_rate_radps": 0.005539578463907547,
    "ang_vel_body_y_radps": 0.0035604134250345584,
    "yaw_rate_radps": 0.0026992501414539525,
    "tire_fl_force_wheel_fz_n": 879.0558084558015,
    "tire_fr_force_wheel_fz_n": 894.0733923213091,
    "tire_rl_force_wheel_fz_n": 979.0461431727443,
    "tire_rr_force_wheel_fz_n": 1043.6805121384327,
    "tire_fl_spindle_omega_radps": 0.16634976833921628,
    "tire_fr_spindle_omega_radps": 0.16348906455150078,
    "tire_rl_spindle_omega_radps": 0.1744307667759542,
    "tire_rr_spindle_omega_radps": 0.1731329296391686
  },
  "val_mixed_loss": 0.06341591444117511,
  "rollout_flat_5.0s": {
    "xy_rmse_m": 2.0671674113548186,
    "yaw_rmse_rad": 0.1146640816737233,
    "errdist": 0.27227619362664585,
    "mean_dist_m": 7.592170963684718,
    "episodes": 12
  },
  "rollout_flat_10.0s": {
    "xy_rmse_m": 9.742963352058618,
    "yaw_rmse_rad": 0.37887916347523815,
    "errdist": 0.27665425688156525,
    "mean_dist_m": 35.2171098391215,
    "episodes": 12
  },
  "rollout_crm_5.0s": {
    "xy_rmse_m": 1.4922743265345535,
    "yaw_rmse_rad": 0.07670651574131662,
    "errdist": 0.2085200758586521,
    "mean_dist_m": 7.1565019357949495,
    "episodes": 12
  },
  "rollout_crm_10.0s": {
    "xy_rmse_m": 4.000789841871938,
    "yaw_rmse_rad": 0.16211597199402775,
    "errdist": 0.15979635813555404,
    "mean_dist_m": 25.036802393694717,
    "episodes": 12
  },
  "rollout_sel": 0.21822530750855965
}
{
  "epoch": 7,
  "timestamp_utc": "2026-07-10T00:00:38.148200+00:00",
  "train_loss": 0.040150130187161265,
  "val_loss": 0.007309551523721893,
  "val_rmse": {
    "vel_body_x_mps": 0.001408715996948196,
    "vel_body_y_mps": 0.0008960901059321213,
    "roll_rad": 3.2294786764229706e-05,
    "pitch_rad": 1.6203029913378324e-05,
    "roll_rate_radps": 0.001945019408758532,
    "ang_vel_body_y_radps": 0.0010231903783245462,
    "yaw_rate_radps": 0.0016931492676157283,
    "tire_fl_force_wheel_fz_n": 54.654989576337854,
    "tire_fr_force_wheel_fz_n": 57.9649716559204,
    "tire_rl_force_wheel_fz_n": 33.18355364754304,
    "tire_rr_force_wheel_fz_n": 31.796686618856125,
    "tire_fl_spindle_omega_radps": 0.0824629862152792,
    "tire_fr_spindle_omega_radps": 0.09166539265801886,
    "tire_rl_spindle_omega_radps": 0.08473275704660732,
    "tire_rr_spindle_omega_radps": 0.0702668517758866
  },
  "val_flat_loss": 0.007309551523721893,
  "val_flat_rmse": {
    "vel_body_x_mps": 0.001408715996948196,
    "vel_body_y_mps": 0.0008960901059321213,
    "roll_rad": 3.2294786764229706e-05,
    "pitch_rad": 1.6203029913378324e-05,
    "roll_rate_radps": 0.001945019408758532,
    "ang_vel_body_y_radps": 0.0010231903783245462,
    "yaw_rate_radps": 0.0016931492676157283,
    "tire_fl_force_wheel_fz_n": 54.654989576337854,
    "tire_fr_force_wheel_fz_n": 57.9649716559204,
    "tire_rl_force_wheel_fz_n": 33.18355364754304,
    "tire_rr_force_wheel_fz_n": 31.796686618856125,
    "tire_fl_spindle_omega_radps": 0.0824629862152792,
    "tire_fr_spindle_omega_radps": 0.09166539265801886,
    "tire_rl_spindle_omega_radps": 0.08473275704660732,
    "tire_rr_spindle_omega_radps": 0.0702668517758866
  },
  "val_crm_loss": 0.1175712259998545,
  "val_crm_rmse": {
    "vel_body_x_mps": 0.0036926995236838452,
    "vel_body_y_mps": 0.003212693274616973,
    "roll_rad": 7.593241366865547e-05,
    "pitch_rad": 5.088777350111313e-05,
    "roll_rate_radps": 0.005332256543479005,
    "ang_vel_body_y_radps": 0.0034024508327093676,
    "yaw_rate_radps": 0.002662537851268003,
    "tire_fl_force_wheel_fz_n": 853.2372139241804,
    "tire_fr_force_wheel_fz_n": 863.1055070761713,
    "tire_rl_force_wheel_fz_n": 978.9324619906934,
    "tire_rr_force_wheel_fz_n": 1027.7685086518286,
    "tire_fl_spindle_omega_radps": 0.16798672091245268,
    "tire_fr_spindle_omega_radps": 0.15968200637015084,
    "tire_rl_spindle_omega_radps": 0.16909534648119556,
    "tire_rr_spindle_omega_radps": 0.16884250803141831
  },
  "val_mixed_loss": 0.0624403887617882,
  "rollout_flat_5.0s": {
    "xy_rmse_m": 1.5742231893547827,
    "yaw_rmse_rad": 0.07925377665810936,
    "errdist": 0.2073482271256393,
    "mean_dist_m": 7.592170963684718,
    "episodes": 12
  },
  "rollout_flat_10.0s": {
    "xy_rmse_m": 4.827325796009662,
    "yaw_rmse_rad": 0.13275826412634364,
    "errdist": 0.13707330948115307,
    "mean_dist_m": 35.2171098391215,
    "episodes": 12
  },
  "rollout_crm_5.0s": {
    "xy_rmse_m": 2.2051714555278323,
    "yaw_rmse_rad": 0.17097172407881164,
    "errdist": 0.30813538168670673,
    "mean_dist_m": 7.1565019357949495,
    "episodes": 12
  },
  "rollout_crm_10.0s": {
    "xy_rmse_m": 5.7561797757857915,
    "yaw_rmse_rad": 0.2590097301800578,
    "errdist": 0.22990874334796968,
    "mean_dist_m": 25.036802393694717,
    "episodes": 12
  },
  "rollout_sel": 0.1834910264145614
}
{
  "epoch": 8,
  "timestamp_utc": "2026-07-10T00:01:14.042749+00:00",
  "train_loss": 0.03869348855596036,
  "val_loss": 0.005433481080835918,
  "val_rmse": {
    "vel_body_x_mps": 0.0012082095730839397,
    "vel_body_y_mps": 0.001065397441593242,
    "roll_rad": 3.378789232894923e-05,
    "pitch_rad": 1.3555114990322914e-05,
    "roll_rate_radps": 0.0018259244613952814,
    "ang_vel_body_y_radps": 0.0010284323529510186,
    "yaw_rate_radps": 0.001525530709723526,
    "tire_fl_force_wheel_fz_n": 54.50599073749265,
    "tire_fr_force_wheel_fz_n": 55.78447219748703,
    "tire_rl_force_wheel_fz_n": 33.920429913961044,
    "tire_rr_force_wheel_fz_n": 28.910240360792766,
    "tire_fl_spindle_omega_radps": 0.07148651984684283,
    "tire_fr_spindle_omega_radps": 0.0783197674884814,
    "tire_rl_spindle_omega_radps": 0.08039338565895816,
    "tire_rr_spindle_omega_radps": 0.06390167972624052
  },
  "val_flat_loss": 0.005433481080835918,
  "val_flat_rmse": {
    "vel_body_x_mps": 0.0012082095730839397,
    "vel_body_y_mps": 0.001065397441593242,
    "roll_rad": 3.378789232894923e-05,
    "pitch_rad": 1.3555114990322914e-05,
    "roll_rate_radps": 0.0018259244613952814,
    "ang_vel_body_y_radps": 0.0010284323529510186,
    "yaw_rate_radps": 0.001525530709723526,
    "tire_fl_force_wheel_fz_n": 54.50599073749265,
    "tire_fr_force_wheel_fz_n": 55.78447219748703,
    "tire_rl_force_wheel_fz_n": 33.920429913961044,
    "tire_rr_force_wheel_fz_n": 28.910240360792766,
    "tire_fl_spindle_omega_radps": 0.07148651984684283,
    "tire_fr_spindle_omega_radps": 0.0783197674884814,
    "tire_rl_spindle_omega_radps": 0.08039338565895816,
    "tire_rr_spindle_omega_radps": 0.06390167972624052
  },
  "val_crm_loss": 0.113164843628183,
  "val_crm_rmse": {
    "vel_body_x_mps": 0.0035875118132653932,
    "vel_body_y_mps": 0.00303970444890987,
    "roll_rad": 7.840529316274723e-05,
    "pitch_rad": 4.716279626801946e-05,
    "roll_rate_radps": 0.004965807564315646,
    "ang_vel_body_y_radps": 0.00331235597520679,
    "yaw_rate_radps": 0.002630380079175999,
    "tire_fl_force_wheel_fz_n": 821.8073349269561,
    "tire_fr_force_wheel_fz_n": 852.9916650183754,
    "tire_rl_force_wheel_fz_n": 971.0806217215214,
    "tire_rr_force_wheel_fz_n": 1017.1604426463874,
    "tire_fl_spindle_omega_radps": 0.1585797655557148,
    "tire_fr_spindle_omega_radps": 0.159226017108371,
    "tire_rl_spindle_omega_radps": 0.16895729528568926,
    "tire_rr_spindle_omega_radps": 0.16704166057511896
  },
  "val_mixed_loss": 0.059299162354509466,
  "rollout_flat_5.0s": {
    "xy_rmse_m": 1.0524763001637674,
    "yaw_rmse_rad": 0.16573582288401464,
    "errdist": 0.13862652793226454,
    "mean_dist_m": 7.592170963684718,
    "episodes": 12
  },
  "rollout_flat_10.0s": {
    "xy_rmse_m": 6.531646799399779,
    "yaw_rmse_rad": 0.5839364564217995,
    "errdist": 0.18546799635851982,
    "mean_dist_m": 35.2171098391215,
    "episodes": 12
  },
  "rollout_crm_5.0s": {
    "xy_rmse_m": 2.0685888870366123,
    "yaw_rmse_rad": 0.10127333852464958,
    "errdist": 0.2890502798147894,
    "mean_dist_m": 7.1565019357949495,
    "episodes": 12
  },
  "rollout_crm_10.0s": {
    "xy_rmse_m": 5.415431297552312,
    "yaw_rmse_rad": 0.19408771446940978,
    "errdist": 0.21629883930050656,
    "mean_dist_m": 25.036802393694717,
    "episodes": 12
  },
  "rollout_sel": 0.2008834178295132
}
{
  "epoch": 9,
  "timestamp_utc": "2026-07-10T00:01:50.143952+00:00",
  "train_loss": 0.0374429576843977,
  "val_loss": 0.005655473786355288,
  "val_rmse": {
    "vel_body_x_mps": 0.0012181433182108278,
    "vel_body_y_mps": 0.0010416507490472104,
    "roll_rad": 2.8712435695486053e-05,
    "pitch_rad": 1.7232892298017172e-05,
    "roll_rate_radps": 0.0018412051236092089,
    "ang_vel_body_y_radps": 0.0009975385349208527,
    "yaw_rate_radps": 0.0015322244758177379,
    "tire_fl_force_wheel_fz_n": 53.03644641860977,
    "tire_fr_force_wheel_fz_n": 55.07685650637156,
    "tire_rl_force_wheel_fz_n": 34.06910132963721,
    "tire_rr_force_wheel_fz_n": 26.07274779818434,
    "tire_fl_spindle_omega_radps": 0.07345652159019646,
    "tire_fr_spindle_omega_radps": 0.08149400251895236,
    "tire_rl_spindle_omega_radps": 0.08115978788075646,
    "tire_rr_spindle_omega_radps": 0.0645889773990041
  },
  "val_flat_loss": 0.005655473786355288,
  "val_flat_rmse": {
    "vel_body_x_mps": 0.0012181433182108278,
    "vel_body_y_mps": 0.0010416507490472104,
    "roll_rad": 2.8712435695486053e-05,
    "pitch_rad": 1.7232892298017172e-05,
    "roll_rate_radps": 0.0018412051236092089,
    "ang_vel_body_y_radps": 0.0009975385349208527,
    "yaw_rate_radps": 0.0015322244758177379,
    "tire_fl_force_wheel_fz_n": 53.03644641860977,
    "tire_fr_force_wheel_fz_n": 55.07685650637156,
    "tire_rl_force_wheel_fz_n": 34.06910132963721,
    "tire_rr_force_wheel_fz_n": 26.07274779818434,
    "tire_fl_spindle_omega_radps": 0.07345652159019646,
    "tire_fr_spindle_omega_radps": 0.08149400251895236,
    "tire_rl_spindle_omega_radps": 0.08115978788075646,
    "tire_rr_spindle_omega_radps": 0.0645889773990041
  },
  "val_crm_loss": 0.11071792041882872,
  "val_crm_rmse": {
    "vel_body_x_mps": 0.003454106963282948,
    "vel_body_y_mps": 0.002895635500891872,
    "roll_rad": 6.772557647030833e-05,
    "pitch_rad": 5.751228014618401e-05,
    "roll_rate_radps": 0.005040853459723372,
    "ang_vel_body_y_radps": 0.0032034957505901393,
    "yaw_rate_radps": 0.0025715971326419427,
    "tire_fl_force_wheel_fz_n": 802.9529129865791,
    "tire_fr_force_wheel_fz_n": 818.4902202139849,
    "tire_rl_force_wheel_fz_n": 980.9545286058793,
    "tire_rr_force_wheel_fz_n": 1024.317411330574,
    "tire_fl_spindle_omega_radps": 0.15773594742587757,
    "tire_fr_spindle_omega_radps": 0.15511340703282678,
    "tire_rl_spindle_omega_radps": 0.16852928044255247,
    "tire_rr_spindle_omega_radps": 0.16594270290802052
  },
  "val_mixed_loss": 0.058186697102592,
  "rollout_flat_5.0s": {
    "xy_rmse_m": 1.4683571632925392,
    "yaw_rmse_rad": 0.05566349129634712,
    "errdist": 0.1934041225251729,
    "mean_dist_m": 7.592170963684718,
    "episodes": 12
  },
  "rollout_flat_10.0s": {
    "xy_rmse_m": 8.103686274891322,
    "yaw_rmse_rad": 0.20675878169365136,
    "errdist": 0.23010651106551652,
    "mean_dist_m": 35.2171098391215,
    "episodes": 12
  },
  "rollout_crm_5.0s": {
    "xy_rmse_m": 0.6923745577543855,
    "yaw_rmse_rad": 0.05442885550647478,
    "errdist": 0.0967476239042582,
    "mean_dist_m": 7.1565019357949495,
    "episodes": 12
  },
  "rollout_crm_10.0s": {
    "xy_rmse_m": 3.362806512979567,
    "yaw_rmse_rad": 0.36685328204235357,
    "errdist": 0.13431453666089796,
    "mean_dist_m": 25.036802393694717,
    "episodes": 12
  },
  "rollout_sel": 0.18221052386320724
}
{
  "epoch": 10,
  "timestamp_utc": "2026-07-10T00:02:25.396043+00:00",
  "train_loss": 0.03666644279845059,
  "val_loss": 0.005641834597627167,
  "val_rmse": {
    "vel_body_x_mps": 0.001226091840678972,
    "vel_body_y_mps": 0.0012601193045560287,
    "roll_rad": 3.271446709957869e-05,
    "pitch_rad": 1.5861208036580255e-05,
    "roll_rate_radps": 0.0018658304247050849,
    "ang_vel_body_y_radps": 0.001037013422089207,
    "yaw_rate_radps": 0.0015847494509349043,
    "tire_fl_force_wheel_fz_n": 61.18082905799024,
    "tire_fr_force_wheel_fz_n": 59.75750538489108,
    "tire_rl_force_wheel_fz_n": 35.36221024093495,
    "tire_rr_force_wheel_fz_n": 36.99420597203366,
    "tire_fl_spindle_omega_radps": 0.07093251595081368,
    "tire_fr_spindle_omega_radps": 0.0769272735384843,
    "tire_rl_spindle_omega_radps": 0.07759860056718469,
    "tire_rr_spindle_omega_radps": 0.06190430219018214
  },
  "val_flat_loss": 0.005641834597627167,
  "val_flat_rmse": {
    "vel_body_x_mps": 0.001226091840678972,
    "vel_body_y_mps": 0.0012601193045560287,
    "roll_rad": 3.271446709957869e-05,
    "pitch_rad": 1.5861208036580255e-05,
    "roll_rate_radps": 0.0018658304247050849,
    "ang_vel_body_y_radps": 0.001037013422089207,
    "yaw_rate_radps": 0.0015847494509349043,
    "tire_fl_force_wheel_fz_n": 61.18082905799024,
    "tire_fr_force_wheel_fz_n": 59.75750538489108,
    "tire_rl_force_wheel_fz_n": 35.36221024093495,
    "tire_rr_force_wheel_fz_n": 36.99420597203366,
    "tire_fl_spindle_omega_radps": 0.07093251595081368,
    "tire_fr_spindle_omega_radps": 0.0769272735384843,
    "tire_rl_spindle_omega_radps": 0.07759860056718469,
    "tire_rr_spindle_omega_radps": 0.06190430219018214
  },
  "val_crm_loss": 0.10986429123440758,
  "val_crm_rmse": {
    "vel_body_x_mps": 0.0035068541524290613,
    "vel_body_y_mps": 0.002962728318286497,
    "roll_rad": 6.600778095687441e-05,
    "pitch_rad": 4.086099301318534e-05,
    "roll_rate_radps": 0.004727277445972091,
    "ang_vel_body_y_radps": 0.003159021039758199,
    "yaw_rate_radps": 0.002581950945559349,
    "tire_fl_force_wheel_fz_n": 790.5800495945332,
    "tire_fr_force_wheel_fz_n": 821.1189114796655,
    "tire_rl_force_wheel_fz_n": 963.8246384681509,
    "tire_rr_force_wheel_fz_n": 1027.2743546506456,
    "tire_fl_spindle_omega_radps": 0.15544405310725867,
    "tire_fr_spindle_omega_radps": 0.15320004006153437,
    "tire_rl_spindle_omega_radps": 0.16818362800008882,
    "tire_rr_spindle_omega_radps": 0.16764467632714958
  },
  "val_mixed_loss": 0.057753062916017374,
  "rollout_flat_5.0s": {
    "xy_rmse_m": 2.9333137696509657,
    "yaw_rmse_rad": 0.14433836639384112,
    "errdist": 0.3863603419472178,
    "mean_dist_m": 7.592170963684718,
    "episodes": 12
  },
  "rollout_flat_10.0s": {
    "xy_rmse_m": 12.648393414067703,
    "yaw_rmse_rad": 0.5443526165371851,
    "errdist": 0.35915478220240066,
    "mean_dist_m": 35.2171098391215,
    "episodes": 12
  },
  "rollout_crm_5.0s": {
    "xy_rmse_m": 0.8883945899393308,
    "yaw_rmse_rad": 0.0656149745016643,
    "errdist": 0.12413810516780742,
    "mean_dist_m": 7.1565019357949495,
    "episodes": 12
  },
  "rollout_crm_10.0s": {
    "xy_rmse_m": 3.3479892393521866,
    "yaw_rmse_rad": 0.21076374795697056,
    "errdist": 0.13372271693111043,
    "mean_dist_m": 25.036802393694717,
    "episodes": 12
  },
  "rollout_sel": 0.24643874956675554
}
{
  "epoch": 11,
  "timestamp_utc": "2026-07-10T00:03:00.662336+00:00",
  "train_loss": 0.036138134153559806,
  "val_loss": 0.004980736489815171,
  "val_rmse": {
    "vel_body_x_mps": 0.0011068852248940968,
    "vel_body_y_mps": 0.0008725502991920502,
    "roll_rad": 2.7416979120819246e-05,
    "pitch_rad": 2.3211446636755035e-05,
    "roll_rate_radps": 0.0017732165597425823,
    "ang_vel_body_y_radps": 0.0010150586059349837,
    "yaw_rate_radps": 0.001501654738000675,
    "tire_fl_force_wheel_fz_n": 50.02761655595948,
    "tire_fr_force_wheel_fz_n": 54.956349099958274,
    "tire_rl_force_wheel_fz_n": 28.51497178591517,
    "tire_rr_force_wheel_fz_n": 26.91574196271331,
    "tire_fl_spindle_omega_radps": 0.07060536891536975,
    "tire_fr_spindle_omega_radps": 0.07874767986661031,
    "tire_rl_spindle_omega_radps": 0.07824132406117787,
    "tire_rr_spindle_omega_radps": 0.06269687415245379
  },
  "val_flat_loss": 0.004980736489815171,
  "val_flat_rmse": {
    "vel_body_x_mps": 0.0011068852248940968,
    "vel_body_y_mps": 0.0008725502991920502,
    "roll_rad": 2.7416979120819246e-05,
    "pitch_rad": 2.3211446636755035e-05,
    "roll_rate_radps": 0.0017732165597425823,
    "ang_vel_body_y_radps": 0.0010150586059349837,
    "yaw_rate_radps": 0.001501654738000675,
    "tire_fl_force_wheel_fz_n": 50.02761655595948,
    "tire_fr_force_wheel_fz_n": 54.956349099958274,
    "tire_rl_force_wheel_fz_n": 28.51497178591517,
    "tire_rr_force_wheel_fz_n": 26.91574196271331,
    "tire_fl_spindle_omega_radps": 0.07060536891536975,
    "tire_fr_spindle_omega_radps": 0.07874767986661031,
    "tire_rl_spindle_omega_radps": 0.07824132406117787,
    "tire_rr_spindle_omega_radps": 0.06269687415245379
  },
  "val_crm_loss": 0.10802220306999516,
  "val_crm_rmse": {
    "vel_body_x_mps": 0.003424088294503949,
    "vel_body_y_mps": 0.002877427080215595,
    "roll_rad": 6.899117109807594e-05,
    "pitch_rad": 4.9708037850290745e-05,
    "roll_rate_radps": 0.00476450956535044,
    "ang_vel_body_y_radps": 0.0031662463530436023,
    "yaw_rate_radps": 0.0026332178562372315,
    "tire_fl_force_wheel_fz_n": 765.0326295555425,
    "tire_fr_force_wheel_fz_n": 779.0781721529588,
    "tire_rl_force_wheel_fz_n": 962.078238103799,
    "tire_rr_force_wheel_fz_n": 1009.4409216893793,
    "tire_fl_spindle_omega_radps": 0.15406105211961155,
    "tire_fr_spindle_omega_radps": 0.15386619442251678,
    "tire_rl_spindle_omega_radps": 0.16551690569198252,
    "tire_rr_spindle_omega_radps": 0.1677157006739109
  },
  "val_mixed_loss": 0.05650146977990517,
  "rollout_flat_5.0s": {
    "xy_rmse_m": 2.662017318122795,
    "yaw_rmse_rad": 0.1428975563460812,
    "errdist": 0.35062662983432535,
    "mean_dist_m": 7.592170963684718,
    "episodes": 12
  },
  "rollout_flat_10.0s": {
    "xy_rmse_m": 12.941246381634045,
    "yaw_rmse_rad": 0.5331741556162556,
    "errdist": 0.3674704267542719,
    "mean_dist_m": 35.2171098391215,
    "episodes": 12
  },
  "rollout_crm_5.0s": {
    "xy_rmse_m": 1.391628953038188,
    "yaw_rmse_rad": 0.11513548257437546,
    "errdist": 0.1944565886411103,
    "mean_dist_m": 7.1565019357949495,
    "episodes": 12
  },
  "rollout_crm_10.0s": {
    "xy_rmse_m": 6.283066473976401,
    "yaw_rmse_rad": 0.5312876937059892,
    "errdist": 0.2509532317736682,
    "mean_dist_m": 25.036802393694717,
    "episodes": 12
  },
  "rollout_sel": 0.30921182926397006
}
{
  "epoch": 12,
  "timestamp_utc": "2026-07-10T00:03:36.135485+00:00",
  "train_loss": 0.035125462889671326,
  "val_loss": 0.0056341179172886766,
  "val_rmse": {
    "vel_body_x_mps": 0.0011518789593588136,
    "vel_body_y_mps": 0.0009601976460577259,
    "roll_rad": 4.330046468152651e-05,
    "pitch_rad": 1.7030250975663166e-05,
    "roll_rate_radps": 0.0019873623336862903,
    "ang_vel_body_y_radps": 0.0009926038215958282,
    "yaw_rate_radps": 0.0015264333487578715,
    "tire_fl_force_wheel_fz_n": 49.53749339421065,
    "tire_fr_force_wheel_fz_n": 50.48882163939527,
    "tire_rl_force_wheel_fz_n": 27.516590070030617,
    "tire_rr_force_wheel_fz_n": 26.729005282225295,
    "tire_fl_spindle_omega_radps": 0.07646551006641217,
    "tire_fr_spindle_omega_radps": 0.08499477097670666,
    "tire_rl_spindle_omega_radps": 0.07945393039684465,
    "tire_rr_spindle_omega_radps": 0.06061410323122369
  },
  "val_flat_loss": 0.0056341179172886766,
  "val_flat_rmse": {
    "vel_body_x_mps": 0.0011518789593588136,
    "vel_body_y_mps": 0.0009601976460577259,
    "roll_rad": 4.330046468152651e-05,
    "pitch_rad": 1.7030250975663166e-05,
    "roll_rate_radps": 0.0019873623336862903,
    "ang_vel_body_y_radps": 0.0009926038215958282,
    "yaw_rate_radps": 0.0015264333487578715,
    "tire_fl_force_wheel_fz_n": 49.53749339421065,
    "tire_fr_force_wheel_fz_n": 50.48882163939527,
    "tire_rl_force_wheel_fz_n": 27.516590070030617,
    "tire_rr_force_wheel_fz_n": 26.729005282225295,
    "tire_fl_spindle_omega_radps": 0.07646551006641217,
    "tire_fr_spindle_omega_radps": 0.08499477097670666,
    "tire_rl_spindle_omega_radps": 0.07945393039684465,
    "tire_rr_spindle_omega_radps": 0.06061410323122369
  },
  "val_crm_loss": 0.1063361444399925,
  "val_crm_rmse": {
    "vel_body_x_mps": 0.0033502944456970224,
    "vel_body_y_mps": 0.0031409335211889694,
    "roll_rad": 7.209541786092955e-05,
    "pitch_rad": 4.542794573583291e-05,
    "roll_rate_radps": 0.0049730191425700725,
    "ang_vel_body_y_radps": 0.003200997697703615,
    "yaw_rate_radps": 0.0025320192871268097,
    "tire_fl_force_wheel_fz_n": 755.5119255016398,
    "tire_fr_force_wheel_fz_n": 769.710973316509,
    "tire_rl_force_wheel_fz_n": 957.4227479404935,
    "tire_rr_force_wheel_fz_n": 998.4071951982849,
    "tire_fl_spindle_omega_radps": 0.15109110310810228,
    "tire_fr_spindle_omega_radps": 0.15330376313365782,
    "tire_rl_spindle_omega_radps": 0.16540051743291814,
    "tire_rr_spindle_omega_radps": 0.16548948409698264
  },
  "val_mixed_loss": 0.05598513117864058,
  "rollout_flat_5.0s": {
    "xy_rmse_m": 1.411174355105061,
    "yaw_rmse_rad": 0.17794122127442144,
    "errdist": 0.18587231002239893,
    "mean_dist_m": 7.592170963684718,
    "episodes": 12
  },
  "rollout_flat_10.0s": {
    "xy_rmse_m": 6.883730976481832,
    "yaw_rmse_rad": 0.3440039172582521,
    "errdist": 0.19546552820285462,
    "mean_dist_m": 35.2171098391215,
    "episodes": 12
  },
  "rollout_crm_5.0s": {
    "xy_rmse_m": 0.6740555861602936,
    "yaw_rmse_rad": 0.05387168498278742,
    "errdist": 0.09418785772820712,
    "mean_dist_m": 7.1565019357949495,
    "episodes": 12
  },
  "rollout_crm_10.0s": {
    "xy_rmse_m": 2.6800046135022892,
    "yaw_rmse_rad": 0.1843603601947464,
    "errdist": 0.10704260757265166,
    "mean_dist_m": 25.036802393694717,
    "episodes": 12
  },
  "rollout_sel": 0.15125406788775314
}
{
  "epoch": 13,
  "timestamp_utc": "2026-07-10T00:04:12.010512+00:00",
  "train_loss": 0.03450658247899264,
  "val_loss": 0.005247355988394702,
  "val_rmse": {
    "vel_body_x_mps": 0.001132383335408006,
    "vel_body_y_mps": 0.00118421866499284,
    "roll_rad": 3.220277138975786e-05,
    "pitch_rad": 1.4543037386648473e-05,
    "roll_rate_radps": 0.0017393732846048653,
    "ang_vel_body_y_radps": 0.001008884967635063,
    "yaw_rate_radps": 0.00145414948353785,
    "tire_fl_force_wheel_fz_n": 47.43662655133061,
    "tire_fr_force_wheel_fz_n": 49.62404032185245,
    "tire_rl_force_wheel_fz_n": 29.923135339871518,
    "tire_rr_force_wheel_fz_n": 28.71715774223255,
    "tire_fl_spindle_omega_radps": 0.07217265154985689,
    "tire_fr_spindle_omega_radps": 0.07809343698667559,
    "tire_rl_spindle_omega_radps": 0.07939948987431839,
    "tire_rr_spindle_omega_radps": 0.066816019362328
  },
  "val_flat_loss": 0.005247355988394702,
  "val_flat_rmse": {
    "vel_body_x_mps": 0.001132383335408006,
    "vel_body_y_mps": 0.00118421866499284,
    "roll_rad": 3.220277138975786e-05,
    "pitch_rad": 1.4543037386648473e-05,
    "roll_rate_radps": 0.0017393732846048653,
    "ang_vel_body_y_radps": 0.001008884967635063,
    "yaw_rate_radps": 0.00145414948353785,
    "tire_fl_force_wheel_fz_n": 47.43662655133061,
    "tire_fr_force_wheel_fz_n": 49.62404032185245,
    "tire_rl_force_wheel_fz_n": 29.923135339871518,
    "tire_rr_force_wheel_fz_n": 28.71715774223255,
    "tire_fl_spindle_omega_radps": 0.07217265154985689,
    "tire_fr_spindle_omega_radps": 0.07809343698667559,
    "tire_rl_spindle_omega_radps": 0.07939948987431839,
    "tire_rr_spindle_omega_radps": 0.066816019362328
  },
  "val_crm_loss": 0.10549657089170068,
  "val_crm_rmse": {
    "vel_body_x_mps": 0.0033907927262362266,
    "vel_body_y_mps": 0.0028429748527520346,
    "roll_rad": 6.106512428644747e-05,
    "pitch_rad": 4.2596761496132295e-05,
    "roll_rate_radps": 0.004602833147961498,
    "ang_vel_body_y_radps": 0.0032315082263837357,
    "yaw_rate_radps": 0.002545607149938444,
    "tire_fl_force_wheel_fz_n": 763.1595914191852,
    "tire_fr_force_wheel_fz_n": 746.7871263061526,
    "tire_rl_force_wheel_fz_n": 956.6612294560368,
    "tire_rr_force_wheel_fz_n": 1010.8631647530808,
    "tire_fl_spindle_omega_radps": 0.1526324743192624,
    "tire_fr_spindle_omega_radps": 0.14921569085581932,
    "tire_rl_spindle_omega_radps": 0.16429886578798555,
    "tire_rr_spindle_omega_radps": 0.1646452544131645
  },
  "val_mixed_loss": 0.05537196344004769,
  "rollout_flat_5.0s": {
    "xy_rmse_m": 3.0806196532380734,
    "yaw_rmse_rad": 0.17643348968399414,
    "errdist": 0.40576268210679917,
    "mean_dist_m": 7.592170963684718,
    "episodes": 12
  },
  "rollout_flat_10.0s": {
    "xy_rmse_m": 14.221465036687098,
    "yaw_rmse_rad": 0.553567487879906,
    "errdist": 0.40382260502504247,
    "mean_dist_m": 35.2171098391215,
    "episodes": 12
  },
  "rollout_crm_5.0s": {
    "xy_rmse_m": 2.2414829293244236,
    "yaw_rmse_rad": 0.14417857269321893,
    "errdist": 0.31320929546781967,
    "mean_dist_m": 7.1565019357949495,
    "episodes": 12
  },
  "rollout_crm_10.0s": {
    "xy_rmse_m": 5.254074098929731,
    "yaw_rmse_rad": 0.30075866363405224,
    "errdist": 0.20985403871913452,
    "mean_dist_m": 25.036802393694717,
    "episodes": 12
  },
  "rollout_sel": 0.3068383218720885
}
{
  "epoch": 14,
  "timestamp_utc": "2026-07-10T00:04:47.860482+00:00",
  "train_loss": 0.034087563236244026,
  "val_loss": 0.004744878395104024,
  "val_rmse": {
    "vel_body_x_mps": 0.0011076629471508802,
    "vel_body_y_mps": 0.0008592262422556852,
    "roll_rad": 3.231602929349025e-05,
    "pitch_rad": 1.5810618592987343e-05,
    "roll_rate_radps": 0.001769242196769163,
    "ang_vel_body_y_radps": 0.0010307328450350462,
    "yaw_rate_radps": 0.0014386848673503224,
    "tire_fl_force_wheel_fz_n": 46.447292216517,
    "tire_fr_force_wheel_fz_n": 46.67337786037365,
    "tire_rl_force_wheel_fz_n": 31.944917277827432,
    "tire_rr_force_wheel_fz_n": 27.726010011621774,
    "tire_fl_spindle_omega_radps": 0.07236793811214068,
    "tire_fr_spindle_omega_radps": 0.07772533120184186,
    "tire_rl_spindle_omega_radps": 0.0779803564901998,
    "tire_rr_spindle_omega_radps": 0.06032900828925994
  },
  "val_flat_loss": 0.004744878395104024,
  "val_flat_rmse": {
    "vel_body_x_mps": 0.0011076629471508802,
    "vel_body_y_mps": 0.0008592262422556852,
    "roll_rad": 3.231602929349025e-05,
    "pitch_rad": 1.5810618592987343e-05,
    "roll_rate_radps": 0.001769242196769163,
    "ang_vel_body_y_radps": 0.0010307328450350462,
    "yaw_rate_radps": 0.0014386848673503224,
    "tire_fl_force_wheel_fz_n": 46.447292216517,
    "tire_fr_force_wheel_fz_n": 46.67337786037365,
    "tire_rl_force_wheel_fz_n": 31.944917277827432,
    "tire_rr_force_wheel_fz_n": 27.726010011621774,
    "tire_fl_spindle_omega_radps": 0.07236793811214068,
    "tire_fr_spindle_omega_radps": 0.07772533120184186,
    "tire_rl_spindle_omega_radps": 0.0779803564901998,
    "tire_rr_spindle_omega_radps": 0.06032900828925994
  },
  "val_crm_loss": 0.1027868975349702,
  "val_crm_rmse": {
    "vel_body_x_mps": 0.003307183404140952,
    "vel_body_y_mps": 0.0028450382077551796,
    "roll_rad": 7.22683407147144e-05,
    "pitch_rad": 4.7767372399969245e-05,
    "roll_rate_radps": 0.004545252269318715,
    "ang_vel_body_y_radps": 0.0031192443817295544,
    "yaw_rate_radps": 0.00248395502883201,
    "tire_fl_force_wheel_fz_n": 746.0231679457524,
    "tire_fr_force_wheel_fz_n": 730.1279553904752,
    "tire_rl_force_wheel_fz_n": 954.3604670999999,
    "tire_rr_force_wheel_fz_n": 1000.9097001632362,
    "tire_fl_spindle_omega_radps": 0.1493898949759005,
    "tire_fr_spindle_omega_radps": 0.14590501932110847,
    "tire_rl_spindle_omega_radps": 0.1641831623598889,
    "tire_rr_spindle_omega_radps": 0.16567295553751413
  },
  "val_mixed_loss": 0.05376588796503711,
  "rollout_flat_5.0s": {
    "xy_rmse_m": 0.9904746229273755,
    "yaw_rmse_rad": 0.04747564295325536,
    "errdist": 0.1304599998689528,
    "mean_dist_m": 7.592170963684718,
    "episodes": 12
  },
  "rollout_flat_10.0s": {
    "xy_rmse_m": 4.748514788878235,
    "yaw_rmse_rad": 0.15649049961180972,
    "errdist": 0.13483544818329385,
    "mean_dist_m": 35.2171098391215,
    "episodes": 12
  },
  "rollout_crm_5.0s": {
    "xy_rmse_m": 1.1203407148552924,
    "yaw_rmse_rad": 0.08068401690233384,
    "errdist": 0.15654864973230026,
    "mean_dist_m": 7.1565019357949495,
    "episodes": 12
  },
  "rollout_crm_10.0s": {
    "xy_rmse_m": 4.352340678849212,
    "yaw_rmse_rad": 0.2803377397699695,
    "errdist": 0.17383772138351455,
    "mean_dist_m": 25.036802393694717,
    "episodes": 12
  },
  "rollout_sel": 0.1543365847834042
}
{
  "epoch": 15,
  "timestamp_utc": "2026-07-10T00:05:23.410115+00:00",
  "train_loss": 0.033503388236276806,
  "val_loss": 0.0047437032094239835,
  "val_rmse": {
    "vel_body_x_mps": 0.0010501177221802409,
    "vel_body_y_mps": 0.0013936442364143988,
    "roll_rad": 2.5489215086189405e-05,
    "pitch_rad": 1.2797818061087319e-05,
    "roll_rate_radps": 0.0016786023834579416,
    "ang_vel_body_y_radps": 0.0009636880367126017,
    "yaw_rate_radps": 0.0014651038183817115,
    "tire_fl_force_wheel_fz_n": 46.591117707265454,
    "tire_fr_force_wheel_fz_n": 46.23915989792414,
    "tire_rl_force_wheel_fz_n": 27.32880916029143,
    "tire_rr_force_wheel_fz_n": 26.938034792943963,
    "tire_fl_spindle_omega_radps": 0.06857297635338046,
    "tire_fr_spindle_omega_radps": 0.07602585155123522,
    "tire_rl_spindle_omega_radps": 0.07767102180535045,
    "tire_rr_spindle_omega_radps": 0.05841141200321652
  },
  "val_flat_loss": 0.0047437032094239835,
  "val_flat_rmse": {
    "vel_body_x_mps": 0.0010501177221802409,
    "vel_body_y_mps": 0.0013936442364143988,
    "roll_rad": 2.5489215086189405e-05,
    "pitch_rad": 1.2797818061087319e-05,
    "roll_rate_radps": 0.0016786023834579416,
    "ang_vel_body_y_radps": 0.0009636880367126017,
    "yaw_rate_radps": 0.0014651038183817115,
    "tire_fl_force_wheel_fz_n": 46.591117707265454,
    "tire_fr_force_wheel_fz_n": 46.23915989792414,
    "tire_rl_force_wheel_fz_n": 27.32880916029143,
    "tire_rr_force_wheel_fz_n": 26.938034792943963,
    "tire_fl_spindle_omega_radps": 0.06857297635338046,
    "tire_fr_spindle_omega_radps": 0.07602585155123522,
    "tire_rl_spindle_omega_radps": 0.07767102180535045,
    "tire_rr_spindle_omega_radps": 0.05841141200321652
  },
  "val_crm_loss": 0.1023246131913038,
  "val_crm_rmse": {
    "vel_body_x_mps": 0.003292143516722856,
    "vel_body_y_mps": 0.002758146584582404,
    "roll_rad": 5.645860734111208e-05,
    "pitch_rad": 4.252820986737557e-05,
    "roll_rate_radps": 0.004633655374209257,
    "ang_vel_body_y_radps": 0.003071938584858597,
    "yaw_rate_radps": 0.0024895803762982217,
    "tire_fl_force_wheel_fz_n": 734.3143222372647,
    "tire_fr_force_wheel_fz_n": 737.777711723866,
    "tire_rl_force_wheel_fz_n": 949.5402766419822,
    "tire_rr_force_wheel_fz_n": 997.8678914720483,
    "tire_fl_spindle_omega_radps": 0.14842145168621537,
    "tire_fr_spindle_omega_radps": 0.14832799299158436,
    "tire_rl_spindle_omega_radps": 0.16443048592575513,
    "tire_rr_spindle_omega_radps": 0.16195681171653356
  },
  "val_mixed_loss": 0.05353415820036389,
  "rollout_flat_5.0s": {
    "xy_rmse_m": 3.8332365082384947,
    "yaw_rmse_rad": 0.13676309132641512,
    "errdist": 0.5048933337478619,
    "mean_dist_m": 7.592170963684718,
    "episodes": 12
  },
  "rollout_flat_10.0s": {
    "xy_rmse_m": 10.732097685712569,
    "yaw_rmse_rad": 0.3295355181344519,
    "errdist": 0.3047410118189382,
    "mean_dist_m": 35.2171098391215,
    "episodes": 12
  },
  "rollout_crm_5.0s": {
    "xy_rmse_m": 1.3407931025467632,
    "yaw_rmse_rad": 0.07449230108567506,
    "errdist": 0.18735313908607598,
    "mean_dist_m": 7.1565019357949495,
    "episodes": 12
  },
  "rollout_crm_10.0s": {
    "xy_rmse_m": 4.906653756991971,
    "yaw_rmse_rad": 0.1725329981690972,
    "errdist": 0.19597765241090312,
    "mean_dist_m": 25.036802393694717,
    "episodes": 12
  },
  "rollout_sel": 0.2503593321149207
}
{
  "epoch": 16,
  "timestamp_utc": "2026-07-10T00:05:58.848172+00:00",
  "train_loss": 0.03314034722931683,
  "val_loss": 0.004354064436192857,
  "val_rmse": {
    "vel_body_x_mps": 0.0010243215045173536,
    "vel_body_y_mps": 0.00088084526021797,
    "roll_rad": 2.7908591697760105e-05,
    "pitch_rad": 1.5839825284133366e-05,
    "roll_rate_radps": 0.0016603074251791271,
    "ang_vel_body_y_radps": 0.000984162505649103,
    "yaw_rate_radps": 0.001467558502878456,
    "tire_fl_force_wheel_fz_n": 46.387946463605076,
    "tire_fr_force_wheel_fz_n": 47.44006915416711,
    "tire_rl_force_wheel_fz_n": 31.592062800302003,
    "tire_rr_force_wheel_fz_n": 30.64174736663494,
    "tire_fl_spindle_omega_radps": 0.06806984051156229,
    "tire_fr_spindle_omega_radps": 0.07608285292121435,
    "tire_rl_spindle_omega_radps": 0.07719920159026594,
    "tire_rr_spindle_omega_radps": 0.05824175248758242
  },
  "val_flat_loss": 0.004354064436192857,
  "val_flat_rmse": {
    "vel_body_x_mps": 0.0010243215045173536,
    "vel_body_y_mps": 0.00088084526021797,
    "roll_rad": 2.7908591697760105e-05,
    "pitch_rad": 1.5839825284133366e-05,
    "roll_rate_radps": 0.0016603074251791271,
    "ang_vel_body_y_radps": 0.000984162505649103,
    "yaw_rate_radps": 0.001467558502878456,
    "tire_fl_force_wheel_fz_n": 46.387946463605076,
    "tire_fr_force_wheel_fz_n": 47.44006915416711,
    "tire_rl_force_wheel_fz_n": 31.592062800302003,
    "tire_rr_force_wheel_fz_n": 30.64174736663494,
    "tire_fl_spindle_omega_radps": 0.06806984051156229,
    "tire_fr_spindle_omega_radps": 0.07608285292121435,
    "tire_rl_spindle_omega_radps": 0.07719920159026594,
    "tire_rr_spindle_omega_radps": 0.05824175248758242
  },
  "val_crm_loss": 0.10141714896191843,
  "val_crm_rmse": {
    "vel_body_x_mps": 0.0032625521863988657,
    "vel_body_y_mps": 0.002722708105826018,
    "roll_rad": 5.9321719698451175e-05,
    "pitch_rad": 4.378597027585095e-05,
    "roll_rate_radps": 0.004413081227616837,
    "ang_vel_body_y_radps": 0.0030742982924090137,
    "yaw_rate_radps": 0.002471552053506359,
    "tire_fl_force_wheel_fz_n": 723.1795894173208,
    "tire_fr_force_wheel_fz_n": 734.7984807014852,
    "tire_rl_force_wheel_fz_n": 949.7377916673331,
    "tire_rr_force_wheel_fz_n": 1000.9078448580145,
    "tire_fl_spindle_omega_radps": 0.14536967574831466,
    "tire_fr_spindle_omega_radps": 0.14491184730147671,
    "tire_rl_spindle_omega_radps": 0.1632065872116937,
    "tire_rr_spindle_omega_radps": 0.16270468114149172
  },
  "val_mixed_loss": 0.05288560669905565,
  "rollout_flat_5.0s": {
    "xy_rmse_m": 1.2554813793142978,
    "yaw_rmse_rad": 0.09051369109728133,
    "errdist": 0.16536526710470353,
    "mean_dist_m": 7.592170963684718,
    "episodes": 12
  },
  "rollout_flat_10.0s": {
    "xy_rmse_m": 5.3829240849283355,
    "yaw_rmse_rad": 0.2575375299742278,
    "errdist": 0.15284968327947873,
    "mean_dist_m": 35.2171098391215,
    "episodes": 12
  },
  "rollout_crm_5.0s": {
    "xy_rmse_m": 0.9441724423324163,
    "yaw_rmse_rad": 0.08033759458417446,
    "errdist": 0.13193211583020928,
    "mean_dist_m": 7.1565019357949495,
    "episodes": 12
  },
  "rollout_crm_10.0s": {
    "xy_rmse_m": 4.217993703910719,
    "yaw_rmse_rad": 0.17982183872348137,
    "errdist": 0.16847174162196452,
    "mean_dist_m": 25.036802393694717,
    "episodes": 12
  },
  "rollout_sel": 0.1606607124507216
}
{
  "epoch": 17,
  "timestamp_utc": "2026-07-10T00:06:34.643396+00:00",
  "train_loss": 0.03265214895829558,
  "val_loss": 0.0058447285040165295,
  "val_rmse": {
    "vel_body_x_mps": 0.001226935792340425,
    "vel_body_y_mps": 0.0009089437408591969,
    "roll_rad": 2.7204800457916095e-05,
    "pitch_rad": 1.3081839862538813e-05,
    "roll_rate_radps": 0.001629697232754733,
    "ang_vel_body_y_radps": 0.0009858006934553242,
    "yaw_rate_radps": 0.0014503072274484315,
    "tire_fl_force_wheel_fz_n": 45.488965965480155,
    "tire_fr_force_wheel_fz_n": 48.198615882121246,
    "tire_rl_force_wheel_fz_n": 30.61974942627431,
    "tire_rr_force_wheel_fz_n": 26.30866166686175,
    "tire_fl_spindle_omega_radps": 0.07882135221805697,
    "tire_fr_spindle_omega_radps": 0.08508637973244343,
    "tire_rl_spindle_omega_radps": 0.08449583540515443,
    "tire_rr_spindle_omega_radps": 0.06894913662104206
  },
  "val_flat_loss": 0.0058447285040165295,
  "val_flat_rmse": {
    "vel_body_x_mps": 0.001226935792340425,
    "vel_body_y_mps": 0.0009089437408591969,
    "roll_rad": 2.7204800457916095e-05,
    "pitch_rad": 1.3081839862538813e-05,
    "roll_rate_radps": 0.001629697232754733,
    "ang_vel_body_y_radps": 0.0009858006934553242,
    "yaw_rate_radps": 0.0014503072274484315,
    "tire_fl_force_wheel_fz_n": 45.488965965480155,
    "tire_fr_force_wheel_fz_n": 48.198615882121246,
    "tire_rl_force_wheel_fz_n": 30.61974942627431,
    "tire_rr_force_wheel_fz_n": 26.30866166686175,
    "tire_fl_spindle_omega_radps": 0.07882135221805697,
    "tire_fr_spindle_omega_radps": 0.08508637973244343,
    "tire_rl_spindle_omega_radps": 0.08449583540515443,
    "tire_rr_spindle_omega_radps": 0.06894913662104206
  },
  "val_crm_loss": 0.10078920769679826,
  "val_crm_rmse": {
    "vel_body_x_mps": 0.0033388460770930497,
    "vel_body_y_mps": 0.0027879318289540647,
    "roll_rad": 7.996845959382489e-05,
    "pitch_rad": 4.2181384005188956e-05,
    "roll_rate_radps": 0.004474255202438736,
    "ang_vel_body_y_radps": 0.0029575233735734873,
    "yaw_rate_radps": 0.002461857297170626,
    "tire_fl_force_wheel_fz_n": 710.1668354271586,
    "tire_fr_force_wheel_fz_n": 717.5293132843865,
    "tire_rl_force_wheel_fz_n": 944.1961719735119,
    "tire_rr_force_wheel_fz_n": 989.6113939281579,
    "tire_fl_spindle_omega_radps": 0.14536575994133194,
    "tire_fr_spindle_omega_radps": 0.14449518508696133,
    "tire_rl_spindle_omega_radps": 0.1623439892597035,
    "tire_rr_spindle_omega_radps": 0.1626386860598995
  },
  "val_mixed_loss": 0.0533169681004074,
  "rollout_flat_5.0s": {
    "xy_rmse_m": 1.8378891568693216,
    "yaw_rmse_rad": 0.3131630608782651,
    "errdist": 0.24207689284928016,
    "mean_dist_m": 7.592170963684718,
    "episodes": 12
  },
  "rollout_flat_10.0s": {
    "xy_rmse_m": 11.147423934888032,
    "yaw_rmse_rad": 0.6317977272676698,
    "errdist": 0.3165343205564454,
    "mean_dist_m": 35.2171098391215,
    "episodes": 12
  },
  "rollout_crm_5.0s": {
    "xy_rmse_m": 0.8698516779924836,
    "yaw_rmse_rad": 0.0550341606078054,
    "errdist": 0.12154704711832931,
    "mean_dist_m": 7.1565019357949495,
    "episodes": 12
  },
  "rollout_crm_10.0s": {
    "xy_rmse_m": 3.863994831089646,
    "yaw_rmse_rad": 0.12460896190985407,
    "errdist": 0.15433260087808803,
    "mean_dist_m": 25.036802393694717,
    "episodes": 12
  },
  "rollout_sel": 0.23543346071726673
}
{
  "epoch": 18,
  "timestamp_utc": "2026-07-10T00:07:10.820434+00:00",
  "train_loss": 0.032439336645416914,
  "val_loss": 0.00448966439893411,
  "val_rmse": {
    "vel_body_x_mps": 0.0010737582407156533,
    "vel_body_y_mps": 0.0009609613513486104,
    "roll_rad": 3.405381238418353e-05,
    "pitch_rad": 1.5260726701816008e-05,
    "roll_rate_radps": 0.001680629868220975,
    "ang_vel_body_y_radps": 0.00097947560843856,
    "yaw_rate_radps": 0.0014349820369732554,
    "tire_fl_force_wheel_fz_n": 44.70867766032924,
    "tire_fr_force_wheel_fz_n": 48.872280010918786,
    "tire_rl_force_wheel_fz_n": 35.97938217714077,
    "tire_rr_force_wheel_fz_n": 26.716616550151855,
    "tire_fl_spindle_omega_radps": 0.06836568959814303,
    "tire_fr_spindle_omega_radps": 0.07661858661139173,
    "tire_rl_spindle_omega_radps": 0.07572914155966162,
    "tire_rr_spindle_omega_radps": 0.06070273709325868
  },
  "val_flat_loss": 0.00448966439893411,
  "val_flat_rmse": {
    "vel_body_x_mps": 0.0010737582407156533,
    "vel_body_y_mps": 0.0009609613513486104,
    "roll_rad": 3.405381238418353e-05,
    "pitch_rad": 1.5260726701816008e-05,
    "roll_rate_radps": 0.001680629868220975,
    "ang_vel_body_y_radps": 0.00097947560843856,
    "yaw_rate_radps": 0.0014349820369732554,
    "tire_fl_force_wheel_fz_n": 44.70867766032924,
    "tire_fr_force_wheel_fz_n": 48.872280010918786,
    "tire_rl_force_wheel_fz_n": 35.97938217714077,
    "tire_rr_force_wheel_fz_n": 26.716616550151855,
    "tire_fl_spindle_omega_radps": 0.06836568959814303,
    "tire_fr_spindle_omega_radps": 0.07661858661139173,
    "tire_rl_spindle_omega_radps": 0.07572914155966162,
    "tire_rr_spindle_omega_radps": 0.06070273709325868
  },
  "val_crm_loss": 0.09941288129193708,
  "val_crm_rmse": {
    "vel_body_x_mps": 0.0032388467723955612,
    "vel_body_y_mps": 0.0027926509466361443,
    "roll_rad": 7.600231544777923e-05,
    "pitch_rad": 4.253987853812843e-05,
    "roll_rate_radps": 0.004292000504200216,
    "ang_vel_body_y_radps": 0.002924474377580664,
    "yaw_rate_radps": 0.002470412927187346,
    "tire_fl_force_wheel_fz_n": 702.9109245029874,
    "tire_fr_force_wheel_fz_n": 721.7560646289114,
    "tire_rl_force_wheel_fz_n": 943.6002788237661,
    "tire_rr_force_wheel_fz_n": 986.8368313385964,
    "tire_fl_spindle_omega_radps": 0.14382390479186888,
    "tire_fr_spindle_omega_radps": 0.14372911071017114,
    "tire_rl_spindle_omega_radps": 0.16168240326885222,
    "tire_rr_spindle_omega_radps": 0.16074381425678663
  },
  "val_mixed_loss": 0.051951272845435596,
  "rollout_flat_5.0s": {
    "xy_rmse_m": 2.796751649434556,
    "yaw_rmse_rad": 0.30270327601514935,
    "errdist": 0.36837311261984607,
    "mean_dist_m": 7.592170963684718,
    "episodes": 12
  },
  "rollout_flat_10.0s": {
    "xy_rmse_m": 12.580402488556896,
    "yaw_rmse_rad": 0.9546156934173207,
    "errdist": 0.3572241602455904,
    "mean_dist_m": 35.2171098391215,
    "episodes": 12
  },
  "rollout_crm_5.0s": {
    "xy_rmse_m": 0.753334042462997,
    "yaw_rmse_rad": 0.06565252298370848,
    "errdist": 0.10526567996789286,
    "mean_dist_m": 7.1565019357949495,
    "episodes": 12
  },
  "rollout_crm_10.0s": {
    "xy_rmse_m": 1.9557147609080239,
    "yaw_rmse_rad": 0.14106825812307,
    "errdist": 0.07811359973830173,
    "mean_dist_m": 25.036802393694717,
    "episodes": 12
  },
  "rollout_sel": 0.21766887999194606
}
{
  "epoch": 19,
  "timestamp_utc": "2026-07-10T00:07:46.305399+00:00",
  "train_loss": 0.0321172544863075,
  "val_loss": 0.004416602215023886,
  "val_rmse": {
    "vel_body_x_mps": 0.0010741292942467867,
    "vel_body_y_mps": 0.000951550656950947,
    "roll_rad": 2.091424802028598e-05,
    "pitch_rad": 1.263559626238007e-05,
    "roll_rate_radps": 0.0016787828162747303,
    "ang_vel_body_y_radps": 0.001041424821455862,
    "yaw_rate_radps": 0.0014786036764185748,
    "tire_fl_force_wheel_fz_n": 46.17784315318695,
    "tire_fr_force_wheel_fz_n": 46.22119846257661,
    "tire_rl_force_wheel_fz_n": 26.36662292002615,
    "tire_rr_force_wheel_fz_n": 28.68041466572793,
    "tire_fl_spindle_omega_radps": 0.067721156657857,
    "tire_fr_spindle_omega_radps": 0.07565744425739965,
    "tire_rl_spindle_omega_radps": 0.07601221273753352,
    "tire_rr_spindle_omega_radps": 0.057818080204940565
  },
  "val_flat_loss": 0.004416602215023886,
  "val_flat_rmse": {
    "vel_body_x_mps": 0.0010741292942467867,
    "vel_body_y_mps": 0.000951550656950947,
    "roll_rad": 2.091424802028598e-05,
    "pitch_rad": 1.263559626238007e-05,
    "roll_rate_radps": 0.0016787828162747303,
    "ang_vel_body_y_radps": 0.001041424821455862,
    "yaw_rate_radps": 0.0014786036764185748,
    "tire_fl_force_wheel_fz_n": 46.17784315318695,
    "tire_fr_force_wheel_fz_n": 46.22119846257661,
    "tire_rl_force_wheel_fz_n": 26.36662292002615,
    "tire_rr_force_wheel_fz_n": 28.68041466572793,
    "tire_fl_spindle_omega_radps": 0.067721156657857,
    "tire_fr_spindle_omega_radps": 0.07565744425739965,
    "tire_rl_spindle_omega_radps": 0.07601221273753352,
    "tire_rr_spindle_omega_radps": 0.057818080204940565
  },
  "val_crm_loss": 0.09771184605138843,
  "val_crm_rmse": {
    "vel_body_x_mps": 0.0032168088657189035,
    "vel_body_y_mps": 0.002678707414678649,
    "roll_rad": 6.391809624344412e-05,
    "pitch_rad": 4.4460561817279606e-05,
    "roll_rate_radps": 0.004310094952194569,
    "ang_vel_body_y_radps": 0.0029399405342485107,
    "yaw_rate_radps": 0.0024261536910675087,
    "tire_fl_force_wheel_fz_n": 699.8526184813592,
    "tire_fr_force_wheel_fz_n": 696.7624923736987,
    "tire_rl_force_wheel_fz_n": 934.6177149995167,
    "tire_rr_force_wheel_fz_n": 985.1711538926412,
    "tire_fl_spindle_omega_radps": 0.1439888453532652,
    "tire_fr_spindle_omega_radps": 0.1423976638962702,
    "tire_rl_spindle_omega_radps": 0.16148225675720265,
    "tire_rr_spindle_omega_radps": 0.16157989428683536
  },
  "val_mixed_loss": 0.05106422413320616,
  "rollout_flat_5.0s": {
    "xy_rmse_m": 2.838526102248517,
    "yaw_rmse_rad": 0.519573961481299,
    "errdist": 0.3738754192741323,
    "mean_dist_m": 7.592170963684718,
    "episodes": 12
  },
  "rollout_flat_10.0s": {
    "xy_rmse_m": 17.768443971857252,
    "yaw_rmse_rad": 1.1501452109666455,
    "errdist": 0.5045400957951094,
    "mean_dist_m": 35.2171098391215,
    "episodes": 12
  },
  "rollout_crm_5.0s": {
    "xy_rmse_m": 2.2754080389925457,
    "yaw_rmse_rad": 0.11338550407144626,
    "errdist": 0.31794975525843855,
    "mean_dist_m": 7.1565019357949495,
    "episodes": 12
  },
  "rollout_crm_10.0s": {
    "xy_rmse_m": 6.649337337815235,
    "yaw_rmse_rad": 0.24868355158150207,
    "errdist": 0.2655825305986282,
    "mean_dist_m": 25.036802393694717,
    "episodes": 12
  },
  "rollout_sel": 0.38506131319686876
}
{
  "epoch": 20,
  "timestamp_utc": "2026-07-10T00:08:21.932005+00:00",
  "train_loss": 0.0317380314450711,
  "val_loss": 0.004093162548961118,
  "val_rmse": {
    "vel_body_x_mps": 0.0010334254169748725,
    "vel_body_y_mps": 0.0007568641545869433,
    "roll_rad": 2.608900214290791e-05,
    "pitch_rad": 1.6737553720369455e-05,
    "roll_rate_radps": 0.0015911739436395267,
    "ang_vel_body_y_radps": 0.0009991103875156603,
    "yaw_rate_radps": 0.001416046805559798,
    "tire_fl_force_wheel_fz_n": 44.978733301776884,
    "tire_fr_force_wheel_fz_n": 45.871916566589924,
    "tire_rl_force_wheel_fz_n": 31.791325821272206,
    "tire_rr_force_wheel_fz_n": 25.749810269036406,
    "tire_fl_spindle_omega_radps": 0.06658204409630555,
    "tire_fr_spindle_omega_radps": 0.07589536652841233,
    "tire_rl_spindle_omega_radps": 0.07571637326286622,
    "tire_rr_spindle_omega_radps": 0.0587495930740147
  },
  "val_flat_loss": 0.004093162548961118,
  "val_flat_rmse": {
    "vel_body_x_mps": 0.0010334254169748725,
    "vel_body_y_mps": 0.0007568641545869433,
    "roll_rad": 2.608900214290791e-05,
    "pitch_rad": 1.6737553720369455e-05,
    "roll_rate_radps": 0.0015911739436395267,
    "ang_vel_body_y_radps": 0.0009991103875156603,
    "yaw_rate_radps": 0.001416046805559798,
    "tire_fl_force_wheel_fz_n": 44.978733301776884,
    "tire_fr_force_wheel_fz_n": 45.871916566589924,
    "tire_rl_force_wheel_fz_n": 31.791325821272206,
    "tire_rr_force_wheel_fz_n": 25.749810269036406,
    "tire_fl_spindle_omega_radps": 0.06658204409630555,
    "tire_fr_spindle_omega_radps": 0.07589536652841233,
    "tire_rl_spindle_omega_radps": 0.07571637326286622,
    "tire_rr_spindle_omega_radps": 0.0587495930740147
  },
  "val_crm_loss": 0.0981490291870432,
  "val_crm_rmse": {
    "vel_body_x_mps": 0.00318730291391437,
    "vel_body_y_mps": 0.002641476095248481,
    "roll_rad": 7.765429713875873e-05,
    "pitch_rad": 4.2555943770848596e-05,
    "roll_rate_radps": 0.004254131885826523,
    "ang_vel_body_y_radps": 0.0029087612840913678,
    "yaw_rate_radps": 0.002461086278685382,
    "tire_fl_force_wheel_fz_n": 689.764586725136,
    "tire_fr_force_wheel_fz_n": 692.9325657266595,
    "tire_rl_force_wheel_fz_n": 939.3420775389836,
    "tire_rr_force_wheel_fz_n": 980.2092848326542,
    "tire_fl_spindle_omega_radps": 0.14581800176627938,
    "tire_fr_spindle_omega_radps": 0.14302216037335072,
    "tire_rl_spindle_omega_radps": 0.1648527806900391,
    "tire_rr_spindle_omega_radps": 0.16196592671846896
  },
  "val_mixed_loss": 0.05112109586800216,
  "rollout_flat_5.0s": {
    "xy_rmse_m": 1.437290188280414,
    "yaw_rmse_rad": 0.09796900094632383,
    "errdist": 0.18931214736276858,
    "mean_dist_m": 7.592170963684718,
    "episodes": 12
  },
  "rollout_flat_10.0s": {
    "xy_rmse_m": 7.8252443669099225,
    "yaw_rmse_rad": 0.36388449785545357,
    "errdist": 0.22220007271059827,
    "mean_dist_m": 35.2171098391215,
    "episodes": 12
  },
  "rollout_crm_5.0s": {
    "xy_rmse_m": 1.4199039770622337,
    "yaw_rmse_rad": 0.0898379651847173,
    "errdist": 0.19840754460782659,
    "mean_dist_m": 7.1565019357949495,
    "episodes": 12
  },
  "rollout_crm_10.0s": {
    "xy_rmse_m": 5.563888126973577,
    "yaw_rmse_rad": 0.23454620974390902,
    "errdist": 0.22222838362037756,
    "mean_dist_m": 25.036802393694717,
    "episodes": 12
  },
  "rollout_sel": 0.22221422816548791
}
{
  "epoch": 21,
  "timestamp_utc": "2026-07-10T00:08:57.589105+00:00",
  "train_loss": 0.03166302336752415,
  "val_loss": 0.004216550793935312,
  "val_rmse": {
    "vel_body_x_mps": 0.001078871050617158,
    "vel_body_y_mps": 0.0008984274754249623,
    "roll_rad": 2.155790686432873e-05,
    "pitch_rad": 1.3639783649603665e-05,
    "roll_rate_radps": 0.0015908017506248355,
    "ang_vel_body_y_radps": 0.0009561324368623288,
    "yaw_rate_radps": 0.0013844331658789653,
    "tire_fl_force_wheel_fz_n": 45.28725365169782,
    "tire_fr_force_wheel_fz_n": 44.612742389310135,
    "tire_rl_force_wheel_fz_n": 26.749569194212423,
    "tire_rr_force_wheel_fz_n": 27.148785589783113,
    "tire_fl_spindle_omega_radps": 0.06872925352384748,
    "tire_fr_spindle_omega_radps": 0.07756890652465841,
    "tire_rl_spindle_omega_radps": 0.07645105662830386,
    "tire_rr_spindle_omega_radps": 0.057980114283087456
  },
  "val_flat_loss": 0.004216550793935312,
  "val_flat_rmse": {
    "vel_body_x_mps": 0.001078871050617158,
    "vel_body_y_mps": 0.0008984274754249623,
    "roll_rad": 2.155790686432873e-05,
    "pitch_rad": 1.3639783649603665e-05,
    "roll_rate_radps": 0.0015908017506248355,
    "ang_vel_body_y_radps": 0.0009561324368623288,
    "yaw_rate_radps": 0.0013844331658789653,
    "tire_fl_force_wheel_fz_n": 45.28725365169782,
    "tire_fr_force_wheel_fz_n": 44.612742389310135,
    "tire_rl_force_wheel_fz_n": 26.749569194212423,
    "tire_rr_force_wheel_fz_n": 27.148785589783113,
    "tire_fl_spindle_omega_radps": 0.06872925352384748,
    "tire_fr_spindle_omega_radps": 0.07756890652465841,
    "tire_rl_spindle_omega_radps": 0.07645105662830386,
    "tire_rr_spindle_omega_radps": 0.057980114283087456
  },
  "val_crm_loss": 0.09768029901082627,
  "val_crm_rmse": {
    "vel_body_x_mps": 0.0031957697768214793,
    "vel_body_y_mps": 0.0027846837905966594,
    "roll_rad": 6.660570795927983e-05,
    "pitch_rad": 3.86746021492821e-05,
    "roll_rate_radps": 0.004643315075990192,
    "ang_vel_body_y_radps": 0.0028487450582486873,
    "yaw_rate_radps": 0.0024288082204792206,
    "tire_fl_force_wheel_fz_n": 697.791920493954,
    "tire_fr_force_wheel_fz_n": 690.6553511112143,
    "tire_rl_force_wheel_fz_n": 941.2790136241528,
    "tire_rr_force_wheel_fz_n": 989.7067641960718,
    "tire_fl_spindle_omega_radps": 0.14234548080220513,
    "tire_fr_spindle_omega_radps": 0.14426892466077043,
    "tire_rl_spindle_omega_radps": 0.1602684529833494,
    "tire_rr_spindle_omega_radps": 0.16035716659834345
  },
  "val_mixed_loss": 0.05094842490238079,
  "rollout_flat_5.0s": {
    "xy_rmse_m": 1.3061316172177557,
    "yaw_rmse_rad": 0.07173223829898978,
    "errdist": 0.17203664452042966,
    "mean_dist_m": 7.592170963684718,
    "episodes": 12
  },
  "rollout_flat_10.0s": {
    "xy_rmse_m": 5.983167801517974,
    "yaw_rmse_rad": 0.3559631710909652,
    "errdist": 0.1698937768843108,
    "mean_dist_m": 35.2171098391215,
    "episodes": 12
  },
  "rollout_crm_5.0s": {
    "xy_rmse_m": 0.5673941370872922,
    "yaw_rmse_rad": 0.044852207126546556,
    "errdist": 0.07928372578917856,
    "mean_dist_m": 7.1565019357949495,
    "episodes": 12
  },
  "rollout_crm_10.0s": {
    "xy_rmse_m": 2.462243788246399,
    "yaw_rmse_rad": 0.1906667351113696,
    "errdist": 0.09834497830547609,
    "mean_dist_m": 25.036802393694717,
    "episodes": 12
  },
  "rollout_sel": 0.13411937759489345
}
{
  "epoch": 22,
  "timestamp_utc": "2026-07-10T00:09:33.000114+00:00",
  "train_loss": 0.03143082012608647,
  "val_loss": 0.004301840089574398,
  "val_rmse": {
    "vel_body_x_mps": 0.0010779566806893277,
    "vel_body_y_mps": 0.0009479978021767208,
    "roll_rad": 2.2621600648396596e-05,
    "pitch_rad": 1.341246764073209e-05,
    "roll_rate_radps": 0.0016067384892474526,
    "ang_vel_body_y_radps": 0.0009706285930794339,
    "yaw_rate_radps": 0.001407952204523973,
    "tire_fl_force_wheel_fz_n": 45.71964978900371,
    "tire_fr_force_wheel_fz_n": 46.32017135508537,
    "tire_rl_force_wheel_fz_n": 26.652647395444276,
    "tire_rr_force_wheel_fz_n": 26.645681621804616,
    "tire_fl_spindle_omega_radps": 0.06712595223737652,
    "tire_fr_spindle_omega_radps": 0.07630972483246938,
    "tire_rl_spindle_omega_radps": 0.07664888992047726,
    "tire_rr_spindle_omega_radps": 0.06034586166971239
  },
  "val_flat_loss": 0.004301840089574398,
  "val_flat_rmse": {
    "vel_body_x_mps": 0.0010779566806893277,
    "vel_body_y_mps": 0.0009479978021767208,
    "roll_rad": 2.2621600648396596e-05,
    "pitch_rad": 1.341246764073209e-05,
    "roll_rate_radps": 0.0016067384892474526,
    "ang_vel_body_y_radps": 0.0009706285930794339,
    "yaw_rate_radps": 0.001407952204523973,
    "tire_fl_force_wheel_fz_n": 45.71964978900371,
    "tire_fr_force_wheel_fz_n": 46.32017135508537,
    "tire_rl_force_wheel_fz_n": 26.652647395444276,
    "tire_rr_force_wheel_fz_n": 26.645681621804616,
    "tire_fl_spindle_omega_radps": 0.06712595223737652,
    "tire_fr_spindle_omega_radps": 0.07630972483246938,
    "tire_rl_spindle_omega_radps": 0.07664888992047726,
    "tire_rr_spindle_omega_radps": 0.06034586166971239
  },
  "val_crm_loss": 0.09639236049202736,
  "val_crm_rmse": {
    "vel_body_x_mps": 0.003123338485961565,
    "vel_body_y_mps": 0.002737443644471228,
    "roll_rad": 6.320657662142432e-05,
    "pitch_rad": 3.965515643401976e-05,
    "roll_rate_radps": 0.004243311506963761,
    "ang_vel_body_y_radps": 0.0028424217476666945,
    "yaw_rate_radps": 0.0024157761225958,
    "tire_fl_force_wheel_fz_n": 675.4460875958459,
    "tire_fr_force_wheel_fz_n": 684.9576933939073,
    "tire_rl_force_wheel_fz_n": 943.363413563431,
    "tire_rr_force_wheel_fz_n": 976.7332568030375,
    "tire_fl_spindle_omega_radps": 0.14163866687625182,
    "tire_fr_spindle_omega_radps": 0.14127150227706656,
    "tire_rl_spindle_omega_radps": 0.16269774555812025,
    "tire_rr_spindle_omega_radps": 0.16079996046548772
  },
  "val_mixed_loss": 0.050347100290800875,
  "rollout_flat_5.0s": {
    "xy_rmse_m": 1.7534720576757306,
    "yaw_rmse_rad": 0.0905741371001634,
    "errdist": 0.23095792574522264,
    "mean_dist_m": 7.592170963684718,
    "episodes": 12
  },
  "rollout_flat_10.0s": {
    "xy_rmse_m": 4.6479103895162375,
    "yaw_rmse_rad": 0.19162040858855353,
    "errdist": 0.13197875722195213,
    "mean_dist_m": 35.2171098391215,
    "episodes": 12
  },
  "rollout_crm_5.0s": {
    "xy_rmse_m": 0.7284158719982977,
    "yaw_rmse_rad": 0.06335798667722527,
    "errdist": 0.10178378746115503,
    "mean_dist_m": 7.1565019357949495,
    "episodes": 12
  },
  "rollout_crm_10.0s": {
    "xy_rmse_m": 2.372907937301463,
    "yaw_rmse_rad": 0.40456094954005123,
    "errdist": 0.09477679697224665,
    "mean_dist_m": 25.036802393694717,
    "episodes": 12
  },
  "rollout_sel": 0.1133777770970994
}
{
  "epoch": 23,
  "timestamp_utc": "2026-07-10T00:10:08.465994+00:00",
  "train_loss": 0.03121177100064233,
  "val_loss": 0.004091629309587006,
  "val_rmse": {
    "vel_body_x_mps": 0.0010391721673736584,
    "vel_body_y_mps": 0.0007816393627250722,
    "roll_rad": 2.2620241279772566e-05,
    "pitch_rad": 1.7133916252488517e-05,
    "roll_rate_radps": 0.0016637042244860925,
    "ang_vel_body_y_radps": 0.000959477918483464,
    "yaw_rate_radps": 0.0014230427966539934,
    "tire_fl_force_wheel_fz_n": 47.15787516084478,
    "tire_fr_force_wheel_fz_n": 44.73990991544117,
    "tire_rl_force_wheel_fz_n": 26.567648451069005,
    "tire_rr_force_wheel_fz_n": 25.91406003007253,
    "tire_fl_spindle_omega_radps": 0.06686028316622764,
    "tire_fr_spindle_omega_radps": 0.07552724823900675,
    "tire_rl_spindle_omega_radps": 0.07608362788752436,
    "tire_rr_spindle_omega_radps": 0.05844359645122392
  },
  "val_flat_loss": 0.004091629309587006,
  "val_flat_rmse": {
    "vel_body_x_mps": 0.0010391721673736584,
    "vel_body_y_mps": 0.0007816393627250722,
    "roll_rad": 2.2620241279772566e-05,
    "pitch_rad": 1.7133916252488517e-05,
    "roll_rate_radps": 0.0016637042244860925,
    "ang_vel_body_y_radps": 0.000959477918483464,
    "yaw_rate_radps": 0.0014230427966539934,
    "tire_fl_force_wheel_fz_n": 47.15787516084478,
    "tire_fr_force_wheel_fz_n": 44.73990991544117,
    "tire_rl_force_wheel_fz_n": 26.567648451069005,
    "tire_rr_force_wheel_fz_n": 25.91406003007253,
    "tire_fl_spindle_omega_radps": 0.06686028316622764,
    "tire_fr_spindle_omega_radps": 0.07552724823900675,
    "tire_rl_spindle_omega_radps": 0.07608362788752436,
    "tire_rr_spindle_omega_radps": 0.05844359645122392
  },
  "val_crm_loss": 0.09593252727994696,
  "val_crm_rmse": {
    "vel_body_x_mps": 0.003119498582915285,
    "vel_body_y_mps": 0.0026657506017936363,
    "roll_rad": 5.473992632761922e-05,
    "pitch_rad": 3.8199661903367644e-05,
    "roll_rate_radps": 0.004324464340561429,
    "ang_vel_body_y_radps": 0.0028811820962059025,
    "yaw_rate_radps": 0.0024276837447024277,
    "tire_fl_force_wheel_fz_n": 683.7485968353546,
    "tire_fr_force_wheel_fz_n": 681.1504475246903,
    "tire_rl_force_wheel_fz_n": 938.4518677942433,
    "tire_rr_force_wheel_fz_n": 979.3297812403105,
    "tire_fl_spindle_omega_radps": 0.1408938400086862,
    "tire_fr_spindle_omega_radps": 0.14036212226743394,
    "tire_rl_spindle_omega_radps": 0.16010712882270844,
    "tire_rr_spindle_omega_radps": 0.16014302421472482
  },
  "val_mixed_loss": 0.05001207829476698,
  "rollout_flat_5.0s": {
    "xy_rmse_m": 1.360386714323218,
    "yaw_rmse_rad": 0.08342959217022983,
    "errdist": 0.17918283463719312,
    "mean_dist_m": 7.592170963684718,
    "episodes": 12
  },
  "rollout_flat_10.0s": {
    "xy_rmse_m": 5.1703016670015955,
    "yaw_rmse_rad": 0.22248120110972017,
    "errdist": 0.14681220834476547,
    "mean_dist_m": 35.2171098391215,
    "episodes": 12
  },
  "rollout_crm_5.0s": {
    "xy_rmse_m": 0.4775138540654821,
    "yaw_rmse_rad": 0.025953668817177204,
    "errdist": 0.06672447773360932,
    "mean_dist_m": 7.1565019357949495,
    "episodes": 12
  },
  "rollout_crm_10.0s": {
    "xy_rmse_m": 2.241220256596003,
    "yaw_rmse_rad": 0.10550107427625613,
    "errdist": 0.08951703262076442,
    "mean_dist_m": 25.036802393694717,
    "episodes": 12
  },
  "rollout_sel": 0.11816462048276494
}
{
  "epoch": 24,
  "timestamp_utc": "2026-07-10T00:10:43.869225+00:00",
  "train_loss": 0.03082786366250366,
  "val_loss": 0.004467216615848884,
  "val_rmse": {
    "vel_body_x_mps": 0.0010928088328830987,
    "vel_body_y_mps": 0.0009187908203584664,
    "roll_rad": 2.956563964151947e-05,
    "pitch_rad": 1.4088618443283317e-05,
    "roll_rate_radps": 0.001636605993729232,
    "ang_vel_body_y_radps": 0.0009668668798521615,
    "yaw_rate_radps": 0.0014320421514608796,
    "tire_fl_force_wheel_fz_n": 48.54683918097396,
    "tire_fr_force_wheel_fz_n": 46.135753583862865,
    "tire_rl_force_wheel_fz_n": 25.357995661220304,
    "tire_rr_force_wheel_fz_n": 25.537590432625446,
    "tire_fl_spindle_omega_radps": 0.06731912455144029,
    "tire_fr_spindle_omega_radps": 0.0787339746385779,
    "tire_rl_spindle_omega_radps": 0.07601152468676078,
    "tire_rr_spindle_omega_radps": 0.06140689177815733
  },
  "val_flat_loss": 0.004467216615848884,
  "val_flat_rmse": {
    "vel_body_x_mps": 0.0010928088328830987,
    "vel_body_y_mps": 0.0009187908203584664,
    "roll_rad": 2.956563964151947e-05,
    "pitch_rad": 1.4088618443283317e-05,
    "roll_rate_radps": 0.001636605993729232,
    "ang_vel_body_y_radps": 0.0009668668798521615,
    "yaw_rate_radps": 0.0014320421514608796,
    "tire_fl_force_wheel_fz_n": 48.54683918097396,
    "tire_fr_force_wheel_fz_n": 46.135753583862865,
    "tire_rl_force_wheel_fz_n": 25.357995661220304,
    "tire_rr_force_wheel_fz_n": 25.537590432625446,
    "tire_fl_spindle_omega_radps": 0.06731912455144029,
    "tire_fr_spindle_omega_radps": 0.0787339746385779,
    "tire_rl_spindle_omega_radps": 0.07601152468676078,
    "tire_rr_spindle_omega_radps": 0.06140689177815733
  },
  "val_crm_loss": 0.09591691320529208,
  "val_crm_rmse": {
    "vel_body_x_mps": 0.0030997523915993423,
    "vel_body_y_mps": 0.0026535634441493257,
    "roll_rad": 5.176501403014252e-05,
    "pitch_rad": 5.724391579767689e-05,
    "roll_rate_radps": 0.004294225694774682,
    "ang_vel_body_y_radps": 0.0027959612249662358,
    "yaw_rate_radps": 0.002395645919747978,
    "tire_fl_force_wheel_fz_n": 677.476678057277,
    "tire_fr_force_wheel_fz_n": 685.0430878381477,
    "tire_rl_force_wheel_fz_n": 936.8115023101476,
    "tire_rr_force_wheel_fz_n": 979.3450057459531,
    "tire_fl_spindle_omega_radps": 0.14153567812673426,
    "tire_fr_spindle_omega_radps": 0.14132923627004212,
    "tire_rl_spindle_omega_radps": 0.15915449931006434,
    "tire_rr_spindle_omega_radps": 0.1614512264582952
  },
  "val_mixed_loss": 0.05019206491057048,
  "rollout_flat_5.0s": {
    "xy_rmse_m": 2.3172378179943527,
    "yaw_rmse_rad": 0.1511471848117428,
    "errdist": 0.3052141250609726,
    "mean_dist_m": 7.592170963684718,
    "episodes": 12
  },
  "rollout_flat_10.0s": {
    "xy_rmse_m": 9.942088534625839,
    "yaw_rmse_rad": 0.9345073879613922,
    "errdist": 0.2823084739219999,
    "mean_dist_m": 35.2171098391215,
    "episodes": 12
  },
  "rollout_crm_5.0s": {
    "xy_rmse_m": 0.6167828302151381,
    "yaw_rmse_rad": 0.03528689710290312,
    "errdist": 0.08618495960018566,
    "mean_dist_m": 7.1565019357949495,
    "episodes": 12
  },
  "rollout_crm_10.0s": {
    "xy_rmse_m": 2.1309199613681176,
    "yaw_rmse_rad": 0.073464049281535,
    "errdist": 0.0851115061684063,
    "mean_dist_m": 25.036802393694717,
    "episodes": 12
  },
  "rollout_sel": 0.1837099900452031
}
{
  "epoch": 25,
  "timestamp_utc": "2026-07-10T00:11:19.468000+00:00",
  "train_loss": 0.030676409886218607,
  "val_loss": 0.003970021668537811,
  "val_rmse": {
    "vel_body_x_mps": 0.0010231319807519216,
    "vel_body_y_mps": 0.0008193279876000031,
    "roll_rad": 2.279287777991159e-05,
    "pitch_rad": 1.5171805198086894e-05,
    "roll_rate_radps": 0.0016864838922138786,
    "ang_vel_body_y_radps": 0.0009452891460019292,
    "yaw_rate_radps": 0.0013785655893506967,
    "tire_fl_force_wheel_fz_n": 50.16029657714265,
    "tire_fr_force_wheel_fz_n": 44.49659672356818,
    "tire_rl_force_wheel_fz_n": 26.19942916728743,
    "tire_rr_force_wheel_fz_n": 24.969693494595305,
    "tire_fl_spindle_omega_radps": 0.06686764773088132,
    "tire_fr_spindle_omega_radps": 0.07579441308998615,
    "tire_rl_spindle_omega_radps": 0.07579264650521923,
    "tire_rr_spindle_omega_radps": 0.05735680568217115
  },
  "val_flat_loss": 0.003970021668537811,
  "val_flat_rmse": {
    "vel_body_x_mps": 0.0010231319807519216,
    "vel_body_y_mps": 0.0008193279876000031,
    "roll_rad": 2.279287777991159e-05,
    "pitch_rad": 1.5171805198086894e-05,
    "roll_rate_radps": 0.0016864838922138786,
    "ang_vel_body_y_radps": 0.0009452891460019292,
    "yaw_rate_radps": 0.0013785655893506967,
    "tire_fl_force_wheel_fz_n": 50.16029657714265,
    "tire_fr_force_wheel_fz_n": 44.49659672356818,
    "tire_rl_force_wheel_fz_n": 26.19942916728743,
    "tire_rr_force_wheel_fz_n": 24.969693494595305,
    "tire_fl_spindle_omega_radps": 0.06686764773088132,
    "tire_fr_spindle_omega_radps": 0.07579441308998615,
    "tire_rl_spindle_omega_radps": 0.07579264650521923,
    "tire_rr_spindle_omega_radps": 0.05735680568217115
  },
  "val_crm_loss": 0.09535249280335847,
  "val_crm_rmse": {
    "vel_body_x_mps": 0.0030975796604685974,
    "vel_body_y_mps": 0.0025790046891011865,
    "roll_rad": 6.253401075066907e-05,
    "pitch_rad": 4.007775925657366e-05,
    "roll_rate_radps": 0.004203374796938801,
    "ang_vel_body_y_radps": 0.0028968338790423174,
    "yaw_rate_radps": 0.002429003068929171,
    "tire_fl_force_wheel_fz_n": 667.9955606808742,
    "tire_fr_force_wheel_fz_n": 683.8890433172153,
    "tire_rl_force_wheel_fz_n": 937.0674982918682,
    "tire_rr_force_wheel_fz_n": 977.8290762727809,
    "tire_fl_spindle_omega_radps": 0.14114997146821334,
    "tire_fr_spindle_omega_radps": 0.14232561595329196,
    "tire_rl_spindle_omega_radps": 0.1590991698011103,
    "tire_rr_spindle_omega_radps": 0.15908547662128839
  },
  "val_mixed_loss": 0.04966125723594814,
  "rollout_flat_5.0s": {
    "xy_rmse_m": 1.3559596497150177,
    "yaw_rmse_rad": 0.07256190707008012,
    "errdist": 0.17859972545414443,
    "mean_dist_m": 7.592170963684718,
    "episodes": 12
  },
  "rollout_flat_10.0s": {
    "xy_rmse_m": 5.154759913322579,
    "yaw_rmse_rad": 0.21644974988624935,
    "errdist": 0.14637089576261395,
    "mean_dist_m": 35.2171098391215,
    "episodes": 12
  },
  "rollout_crm_5.0s": {
    "xy_rmse_m": 0.7500918321549354,
    "yaw_rmse_rad": 0.15219672636512385,
    "errdist": 0.10481263596159632,
    "mean_dist_m": 7.1565019357949495,
    "episodes": 12
  },
  "rollout_crm_10.0s": {
    "xy_rmse_m": 3.6860441042027214,
    "yaw_rmse_rad": 0.43559835410846365,
    "errdist": 0.14722503482038174,
    "mean_dist_m": 25.036802393694717,
    "episodes": 12
  },
  "rollout_sel": 0.14679796529149786
}
{
  "epoch": 26,
  "timestamp_utc": "2026-07-10T00:11:55.081068+00:00",
  "train_loss": 0.030377194124739618,
  "val_loss": 0.004059340935164073,
  "val_rmse": {
    "vel_body_x_mps": 0.0010030130250905426,
    "vel_body_y_mps": 0.0008472337105608513,
    "roll_rad": 4.169822135257507e-05,
    "pitch_rad": 1.738156899819893e-05,
    "roll_rate_radps": 0.0015996253435255879,
    "ang_vel_body_y_radps": 0.001015299138099503,
    "yaw_rate_radps": 0.0014080920028639555,
    "tire_fl_force_wheel_fz_n": 44.16624954981541,
    "tire_fr_force_wheel_fz_n": 43.45818615784538,
    "tire_rl_force_wheel_fz_n": 26.91041406891982,
    "tire_rr_force_wheel_fz_n": 26.959191992604943,
    "tire_fl_spindle_omega_radps": 0.06674090995564141,
    "tire_fr_spindle_omega_radps": 0.0757391886075565,
    "tire_rl_spindle_omega_radps": 0.07564261644753399,
    "tire_rr_spindle_omega_radps": 0.05769946848229998
  },
  "val_flat_loss": 0.004059340935164073,
  "val_flat_rmse": {
    "vel_body_x_mps": 0.0010030130250905426,
    "vel_body_y_mps": 0.0008472337105608513,
    "roll_rad": 4.169822135257507e-05,
    "pitch_rad": 1.738156899819893e-05,
    "roll_rate_radps": 0.0015996253435255879,
    "ang_vel_body_y_radps": 0.001015299138099503,
    "yaw_rate_radps": 0.0014080920028639555,
    "tire_fl_force_wheel_fz_n": 44.16624954981541,
    "tire_fr_force_wheel_fz_n": 43.45818615784538,
    "tire_rl_force_wheel_fz_n": 26.91041406891982,
    "tire_rr_force_wheel_fz_n": 26.959191992604943,
    "tire_fl_spindle_omega_radps": 0.06674090995564141,
    "tire_fr_spindle_omega_radps": 0.0757391886075565,
    "tire_rl_spindle_omega_radps": 0.07564261644753399,
    "tire_rr_spindle_omega_radps": 0.05769946848229998
  },
  "val_crm_loss": 0.09578172509674915,
  "val_crm_rmse": {
    "vel_body_x_mps": 0.0031411864734846974,
    "vel_body_y_mps": 0.0026227000356153825,
    "roll_rad": 6.384183989904352e-05,
    "pitch_rad": 4.164993882517794e-05,
    "roll_rate_radps": 0.004212058852119143,
    "ang_vel_body_y_radps": 0.0028815945744932927,
    "yaw_rate_radps": 0.002412907958084528,
    "tire_fl_force_wheel_fz_n": 675.0163732642377,
    "tire_fr_force_wheel_fz_n": 692.5600142989499,
    "tire_rl_force_wheel_fz_n": 933.2479354116972,
    "tire_rr_force_wheel_fz_n": 974.0697575677176,
    "tire_fl_spindle_omega_radps": 0.14020626982510187,
    "tire_fr_spindle_omega_radps": 0.14012437754852133,
    "tire_rl_spindle_omega_radps": 0.15979449986854,
    "tire_rr_spindle_omega_radps": 0.16005977361060536
  },
  "val_mixed_loss": 0.049920533015956614,
  "rollout_flat_5.0s": {
    "xy_rmse_m": 1.8249773367254072,
    "yaw_rmse_rad": 0.09762742439815902,
    "errdist": 0.24037621721833416,
    "mean_dist_m": 7.592170963684718,
    "episodes": 12
  },
  "rollout_flat_10.0s": {
    "xy_rmse_m": 6.151736964124949,
    "yaw_rmse_rad": 0.2929665113575494,
    "errdist": 0.1746803469173723,
    "mean_dist_m": 35.2171098391215,
    "episodes": 12
  },
  "rollout_crm_5.0s": {
    "xy_rmse_m": 0.5232562042101802,
    "yaw_rmse_rad": 0.05076867450379532,
    "errdist": 0.07311619683814932,
    "mean_dist_m": 7.1565019357949495,
    "episodes": 12
  },
  "rollout_crm_10.0s": {
    "xy_rmse_m": 2.912693553599935,
    "yaw_rmse_rad": 0.09884686479576368,
    "errdist": 0.11633648370102843,
    "mean_dist_m": 25.036802393694717,
    "episodes": 12
  },
  "rollout_sel": 0.14550841530920036
}
{
  "epoch": 27,
  "timestamp_utc": "2026-07-10T00:12:30.841106+00:00",
  "train_loss": 0.03014888376509771,
  "val_loss": 0.004018248518441396,
  "val_rmse": {
    "vel_body_x_mps": 0.0010184479694674191,
    "vel_body_y_mps": 0.0007780538957859803,
    "roll_rad": 2.6252264763580582e-05,
    "pitch_rad": 1.3804459740933874e-05,
    "roll_rate_radps": 0.0016209202139406502,
    "ang_vel_body_y_radps": 0.0009646733884354824,
    "yaw_rate_radps": 0.0013857462428645193,
    "tire_fl_force_wheel_fz_n": 48.348322827029016,
    "tire_fr_force_wheel_fz_n": 44.6641242013011,
    "tire_rl_force_wheel_fz_n": 26.665024499536802,
    "tire_rr_force_wheel_fz_n": 25.246861502795714,
    "tire_fl_spindle_omega_radps": 0.06827122176746898,
    "tire_fr_spindle_omega_radps": 0.07715289897500247,
    "tire_rl_spindle_omega_radps": 0.07503064969786254,
    "tire_rr_spindle_omega_radps": 0.05691781585024286
  },
  "val_flat_loss": 0.004018248518441396,
  "val_flat_rmse": {
    "vel_body_x_mps": 0.0010184479694674191,
    "vel_body_y_mps": 0.0007780538957859803,
    "roll_rad": 2.6252264763580582e-05,
    "pitch_rad": 1.3804459740933874e-05,
    "roll_rate_radps": 0.0016209202139406502,
    "ang_vel_body_y_radps": 0.0009646733884354824,
    "yaw_rate_radps": 0.0013857462428645193,
    "tire_fl_force_wheel_fz_n": 48.348322827029016,
    "tire_fr_force_wheel_fz_n": 44.6641242013011,
    "tire_rl_force_wheel_fz_n": 26.665024499536802,
    "tire_rr_force_wheel_fz_n": 25.246861502795714,
    "tire_fl_spindle_omega_radps": 0.06827122176746898,
    "tire_fr_spindle_omega_radps": 0.07715289897500247,
    "tire_rl_spindle_omega_radps": 0.07503064969786254,
    "tire_rr_spindle_omega_radps": 0.05691781585024286
  },
  "val_crm_loss": 0.09505964322423097,
  "val_crm_rmse": {
    "vel_body_x_mps": 0.0031229213757325296,
    "vel_body_y_mps": 0.002631522944007455,
    "roll_rad": 6.091498891946044e-05,
    "pitch_rad": 4.0336202929354576e-05,
    "roll_rate_radps": 0.004185563831941803,
    "ang_vel_body_y_radps": 0.002828488798068489,
    "yaw_rate_radps": 0.0024253058427274867,
    "tire_fl_force_wheel_fz_n": 656.9122860418538,
    "tire_fr_force_wheel_fz_n": 690.8790032426676,
    "tire_rl_force_wheel_fz_n": 934.8053868025518,
    "tire_rr_force_wheel_fz_n": 984.6179727952255,
    "tire_fl_spindle_omega_radps": 0.13953028698497025,
    "tire_fr_spindle_omega_radps": 0.13993218383062,
    "tire_rl_spindle_omega_radps": 0.1596602520853813,
    "tire_rr_spindle_omega_radps": 0.15942749916315538
  },
  "val_mixed_loss": 0.049538945871336185,
  "rollout_flat_5.0s": {
    "xy_rmse_m": 2.1450633660762617,
    "yaw_rmse_rad": 0.13415354072763905,
    "errdist": 0.2825362305902547,
    "mean_dist_m": 7.592170963684718,
    "episodes": 12
  },
  "rollout_flat_10.0s": {
    "xy_rmse_m": 9.289759969960427,
    "yaw_rmse_rad": 0.45213117042785445,
    "errdist": 0.2637854160207305,
    "mean_dist_m": 35.2171098391215,
    "episodes": 12
  },
  "rollout_crm_5.0s": {
    "xy_rmse_m": 1.1056304909652608,
    "yaw_rmse_rad": 0.09545697815486916,
    "errdist": 0.1544931449588781,
    "mean_dist_m": 7.1565019357949495,
    "episodes": 12
  },
  "rollout_crm_10.0s": {
    "xy_rmse_m": 4.639239113344046,
    "yaw_rmse_rad": 0.23226439762144038,
    "errdist": 0.18529678991724577,
    "mean_dist_m": 25.036802393694717,
    "episodes": 12
  },
  "rollout_sel": 0.22454110296898816
}
{
  "epoch": 28,
  "timestamp_utc": "2026-07-10T00:13:06.210915+00:00",
  "train_loss": 0.030035368983168154,
  "val_loss": 0.004585181377478875,
  "val_rmse": {
    "vel_body_x_mps": 0.001285885564066998,
    "vel_body_y_mps": 0.0010470159446916937,
    "roll_rad": 2.7149441961204298e-05,
    "pitch_rad": 1.1339706965036994e-05,
    "roll_rate_radps": 0.0016172162905328416,
    "ang_vel_body_y_radps": 0.0009658838260695239,
    "yaw_rate_radps": 0.0014016630967610118,
    "tire_fl_force_wheel_fz_n": 43.26063798492178,
    "tire_fr_force_wheel_fz_n": 43.87088742014465,
    "tire_rl_force_wheel_fz_n": 29.462998952027302,
    "tire_rr_force_wheel_fz_n": 25.374554430333475,
    "tire_fl_spindle_omega_radps": 0.06718988901008717,
    "tire_fr_spindle_omega_radps": 0.07629595829501552,
    "tire_rl_spindle_omega_radps": 0.07617290160514967,
    "tire_rr_spindle_omega_radps": 0.05809627844580996
  },
  "val_flat_loss": 0.004585181377478875,
  "val_flat_rmse": {
    "vel_body_x_mps": 0.001285885564066998,
    "vel_body_y_mps": 0.0010470159446916937,
    "roll_rad": 2.7149441961204298e-05,
    "pitch_rad": 1.1339706965036994e-05,
    "roll_rate_radps": 0.0016172162905328416,
    "ang_vel_body_y_radps": 0.0009658838260695239,
    "yaw_rate_radps": 0.0014016630967610118,
    "tire_fl_force_wheel_fz_n": 43.26063798492178,
    "tire_fr_force_wheel_fz_n": 43.87088742014465,
    "tire_rl_force_wheel_fz_n": 29.462998952027302,
    "tire_rr_force_wheel_fz_n": 25.374554430333475,
    "tire_fl_spindle_omega_radps": 0.06718988901008717,
    "tire_fr_spindle_omega_radps": 0.07629595829501552,
    "tire_rl_spindle_omega_radps": 0.07617290160514967,
    "tire_rr_spindle_omega_radps": 0.05809627844580996
  },
  "val_crm_loss": 0.09413238175329752,
  "val_crm_rmse": {
    "vel_body_x_mps": 0.003064754223932803,
    "vel_body_y_mps": 0.0026773011208593416,
    "roll_rad": 7.767413039852988e-05,
    "pitch_rad": 3.392152287622868e-05,
    "roll_rate_radps": 0.004074868173122863,
    "ang_vel_body_y_radps": 0.0028127998886478198,
    "yaw_rate_radps": 0.002411125406134581,
    "tire_fl_force_wheel_fz_n": 668.461634265105,
    "tire_fr_force_wheel_fz_n": 668.209339988854,
    "tire_rl_force_wheel_fz_n": 930.3802222710692,
    "tire_rr_force_wheel_fz_n": 973.5607492447981,
    "tire_fl_spindle_omega_radps": 0.14016261649413794,
    "tire_fr_spindle_omega_radps": 0.14075167475957837,
    "tire_rl_spindle_omega_radps": 0.15803448481630797,
    "tire_rr_spindle_omega_radps": 0.15862410800082205
  },
  "val_mixed_loss": 0.0493587815653882,
  "rollout_flat_5.0s": {
    "xy_rmse_m": 2.4372996524734636,
    "yaw_rmse_rad": 0.09703358036453535,
    "errdist": 0.32102802533447766,
    "mean_dist_m": 7.592170963684718,
    "episodes": 12
  },
  "rollout_flat_10.0s": {
    "xy_rmse_m": 5.713522428560744,
    "yaw_rmse_rad": 0.3711226486464769,
    "errdist": 0.16223711868069837,
    "mean_dist_m": 35.2171098391215,
    "episodes": 12
  },
  "rollout_crm_5.0s": {
    "xy_rmse_m": 0.5395160115587971,
    "yaw_rmse_rad": 0.044265158946423556,
    "errdist": 0.07538822966850317,
    "mean_dist_m": 7.1565019357949495,
    "episodes": 12
  },
  "rollout_crm_10.0s": {
    "xy_rmse_m": 2.187367167190917,
    "yaw_rmse_rad": 0.14079423083539366,
    "errdist": 0.08736607545945184,
    "mean_dist_m": 25.036802393694717,
    "episodes": 12
  },
  "rollout_sel": 0.1248015970700751
}
{
  "epoch": 29,
  "timestamp_utc": "2026-07-10T00:13:41.760477+00:00",
  "train_loss": 0.029829500947613267,
  "val_loss": 0.0038465558987445547,
  "val_rmse": {
    "vel_body_x_mps": 0.0009947538445854913,
    "vel_body_y_mps": 0.0008085007636597243,
    "roll_rad": 2.3135038470656254e-05,
    "pitch_rad": 1.380336753142083e-05,
    "roll_rate_radps": 0.0016074049990597462,
    "ang_vel_body_y_radps": 0.0009582589634103688,
    "yaw_rate_radps": 0.001378010718090086,
    "tire_fl_force_wheel_fz_n": 44.60683027132954,
    "tire_fr_force_wheel_fz_n": 44.04153645381006,
    "tire_rl_force_wheel_fz_n": 26.980928187674603,
    "tire_rr_force_wheel_fz_n": 29.590718730778466,
    "tire_fl_spindle_omega_radps": 0.06588572255203849,
    "tire_fr_spindle_omega_radps": 0.07519266542595002,
    "tire_rl_spindle_omega_radps": 0.07550934086814642,
    "tire_rr_spindle_omega_radps": 0.05697831675398507
  },
  "val_flat_loss": 0.0038465558987445547,
  "val_flat_rmse": {
    "vel_body_x_mps": 0.0009947538445854913,
    "vel_body_y_mps": 0.0008085007636597243,
    "roll_rad": 2.3135038470656254e-05,
    "pitch_rad": 1.380336753142083e-05,
    "roll_rate_radps": 0.0016074049990597462,
    "ang_vel_body_y_radps": 0.0009582589634103688,
    "yaw_rate_radps": 0.001378010718090086,
    "tire_fl_force_wheel_fz_n": 44.60683027132954,
    "tire_fr_force_wheel_fz_n": 44.04153645381006,
    "tire_rl_force_wheel_fz_n": 26.980928187674603,
    "tire_rr_force_wheel_fz_n": 29.590718730778466,
    "tire_fl_spindle_omega_radps": 0.06588572255203849,
    "tire_fr_spindle_omega_radps": 0.07519266542595002,
    "tire_rl_spindle_omega_radps": 0.07550934086814642,
    "tire_rr_spindle_omega_radps": 0.05697831675398507
  },
  "val_crm_loss": 0.09331209429248702,
  "val_crm_rmse": {
    "vel_body_x_mps": 0.003051189068560129,
    "vel_body_y_mps": 0.0025591699183318568,
    "roll_rad": 6.738518637321675e-05,
    "pitch_rad": 3.7224602013748844e-05,
    "roll_rate_radps": 0.004120073270671738,
    "ang_vel_body_y_radps": 0.002811972375921577,
    "yaw_rate_radps": 0.002387285045345589,
    "tire_fl_force_wheel_fz_n": 660.1365958094984,
    "tire_fr_force_wheel_fz_n": 666.781457029204,
    "tire_rl_force_wheel_fz_n": 925.0240428548974,
    "tire_rr_force_wheel_fz_n": 969.8029711899072,
    "tire_fl_spindle_omega_radps": 0.1387096211099411,
    "tire_fr_spindle_omega_radps": 0.13877398399813112,
    "tire_rl_spindle_omega_radps": 0.15953416889072142,
    "tire_rr_spindle_omega_radps": 0.16053202986605009
  },
  "val_mixed_loss": 0.048579325095615786,
  "rollout_flat_5.0s": {
    "xy_rmse_m": 3.4185820283137707,
    "yaw_rmse_rad": 0.14927569895408033,
    "errdist": 0.45027727176662863,
    "mean_dist_m": 7.592170963684718,
    "episodes": 12
  },
  "rollout_flat_10.0s": {
    "xy_rmse_m": 10.250169507617708,
    "yaw_rmse_rad": 0.35187277313801607,
    "errdist": 0.2910565220837952,
    "mean_dist_m": 35.2171098391215,
    "episodes": 12
  },
  "rollout_crm_5.0s": {
    "xy_rmse_m": 1.5746828011348462,
    "yaw_rmse_rad": 0.08580241188950312,
    "errdist": 0.22003526517036137,
    "mean_dist_m": 7.1565019357949495,
    "episodes": 12
  },
  "rollout_crm_10.0s": {
    "xy_rmse_m": 6.080971304455829,
    "yaw_rmse_rad": 0.24039069228511775,
    "errdist": 0.24288130763804186,
    "mean_dist_m": 25.036802393694717,
    "episodes": 12
  },
  "rollout_sel": 0.2669689148609185
}
{
  "epoch": 30,
  "timestamp_utc": "2026-07-10T00:14:17.416192+00:00",
  "train_loss": 0.029660517690703273,
  "val_loss": 0.0039642894416465424,
  "val_rmse": {
    "vel_body_x_mps": 0.000982600291315294,
    "vel_body_y_mps": 0.0008936674788895028,
    "roll_rad": 3.135620417820435e-05,
    "pitch_rad": 1.1628234581771593e-05,
    "roll_rate_radps": 0.0015631778021667684,
    "ang_vel_body_y_radps": 0.0009612356448800684,
    "yaw_rate_radps": 0.0013911493399806354,
    "tire_fl_force_wheel_fz_n": 42.597819414878366,
    "tire_fr_force_wheel_fz_n": 55.597876837727064,
    "tire_rl_force_wheel_fz_n": 25.97980088319159,
    "tire_rr_force_wheel_fz_n": 25.56664365653835,
    "tire_fl_spindle_omega_radps": 0.06754317833804023,
    "tire_fr_spindle_omega_radps": 0.07574170876293897,
    "tire_rl_spindle_omega_radps": 0.07485051448410235,
    "tire_rr_spindle_omega_radps": 0.05734803740297309
  },
  "val_flat_loss": 0.0039642894416465424,
  "val_flat_rmse": {
    "vel_body_x_mps": 0.000982600291315294,
    "vel_body_y_mps": 0.0008936674788895028,
    "roll_rad": 3.135620417820435e-05,
    "pitch_rad": 1.1628234581771593e-05,
    "roll_rate_radps": 0.0015631778021667684,
    "ang_vel_body_y_radps": 0.0009612356448800684,
    "yaw_rate_radps": 0.0013911493399806354,
    "tire_fl_force_wheel_fz_n": 42.597819414878366,
    "tire_fr_force_wheel_fz_n": 55.597876837727064,
    "tire_rl_force_wheel_fz_n": 25.97980088319159,
    "tire_rr_force_wheel_fz_n": 25.56664365653835,
    "tire_fl_spindle_omega_radps": 0.06754317833804023,
    "tire_fr_spindle_omega_radps": 0.07574170876293897,
    "tire_rl_spindle_omega_radps": 0.07485051448410235,
    "tire_rr_spindle_omega_radps": 0.05734803740297309
  },
  "val_crm_loss": 0.09243865379248746,
  "val_crm_rmse": {
    "vel_body_x_mps": 0.0030165263274823124,
    "vel_body_y_mps": 0.002528456759997707,
    "roll_rad": 5.355270108685521e-05,
    "pitch_rad": 3.510601296751272e-05,
    "roll_rate_radps": 0.004106128001128138,
    "ang_vel_body_y_radps": 0.0027323145722329208,
    "yaw_rate_radps": 0.0023831064773237112,
    "tire_fl_force_wheel_fz_n": 652.299288773021,
    "tire_fr_force_wheel_fz_n": 660.472146079659,
    "tire_rl_force_wheel_fz_n": 930.2605750974113,
    "tire_rr_force_wheel_fz_n": 967.5064790781018,
    "tire_fl_spindle_omega_radps": 0.1380596772321535,
    "tire_fr_spindle_omega_radps": 0.1380772925472957,
    "tire_rl_spindle_omega_radps": 0.1580955755021452,
    "tire_rr_spindle_omega_radps": 0.15789736459482914
  },
  "val_mixed_loss": 0.048201471617067004,
  "rollout_flat_5.0s": {
    "xy_rmse_m": 1.8353961095044795,
    "yaw_rmse_rad": 0.20200140060018518,
    "errdist": 0.2417485220345597,
    "mean_dist_m": 7.592170963684718,
    "episodes": 12
  },
  "rollout_flat_10.0s": {
    "xy_rmse_m": 6.285667485876206,
    "yaw_rmse_rad": 0.28562430341344874,
    "errdist": 0.17848334274420413,
    "mean_dist_m": 35.2171098391215,
    "episodes": 12
  },
  "rollout_crm_5.0s": {
    "xy_rmse_m": 0.789373432662769,
    "yaw_rmse_rad": 0.07028210076407572,
    "errdist": 0.11030157467219141,
    "mean_dist_m": 7.1565019357949495,
    "episodes": 12
  },
  "rollout_crm_10.0s": {
    "xy_rmse_m": 2.677495435371865,
    "yaw_rmse_rad": 0.16533859369090176,
    "errdist": 0.10694238798027048,
    "mean_dist_m": 25.036802393694717,
    "episodes": 12
  },
  "rollout_sel": 0.14271286536223732
}
{
  "epoch": 31,
  "timestamp_utc": "2026-07-10T00:14:52.904259+00:00",
  "train_loss": 0.02939938822761178,
  "val_loss": 0.003981160470866598,
  "val_rmse": {
    "vel_body_x_mps": 0.0010602397969493756,
    "vel_body_y_mps": 0.0007556406063430625,
    "roll_rad": 4.196919554409742e-05,
    "pitch_rad": 1.2373728668304013e-05,
    "roll_rate_radps": 0.0015708101407637925,
    "ang_vel_body_y_radps": 0.0009490300159163374,
    "yaw_rate_radps": 0.0013814634613609554,
    "tire_fl_force_wheel_fz_n": 45.298937298349536,
    "tire_fr_force_wheel_fz_n": 44.2454721548085,
    "tire_rl_force_wheel_fz_n": 26.181068318333782,
    "tire_rr_force_wheel_fz_n": 25.002030341863016,
    "tire_fl_spindle_omega_radps": 0.06618935872957064,
    "tire_fr_spindle_omega_radps": 0.07535292281448276,
    "tire_rl_spindle_omega_radps": 0.07639015503614252,
    "tire_rr_spindle_omega_radps": 0.056845811638312996
  },
  "val_flat_loss": 0.003981160470866598,
  "val_flat_rmse": {
    "vel_body_x_mps": 0.0010602397969493756,
    "vel_body_y_mps": 0.0007556406063430625,
    "roll_rad": 4.196919554409742e-05,
    "pitch_rad": 1.2373728668304013e-05,
    "roll_rate_radps": 0.0015708101407637925,
    "ang_vel_body_y_radps": 0.0009490300159163374,
    "yaw_rate_radps": 0.0013814634613609554,
    "tire_fl_force_wheel_fz_n": 45.298937298349536,
    "tire_fr_force_wheel_fz_n": 44.2454721548085,
    "tire_rl_force_wheel_fz_n": 26.181068318333782,
    "tire_rr_force_wheel_fz_n": 25.002030341863016,
    "tire_fl_spindle_omega_radps": 0.06618935872957064,
    "tire_fr_spindle_omega_radps": 0.07535292281448276,
    "tire_rl_spindle_omega_radps": 0.07639015503614252,
    "tire_rr_spindle_omega_radps": 0.056845811638312996
  },
  "val_crm_loss": 0.0926339951530099,
  "val_crm_rmse": {
    "vel_body_x_mps": 0.003066050203273417,
    "vel_body_y_mps": 0.002554539335473154,
    "roll_rad": 7.706234084842265e-05,
    "pitch_rad": 4.185642054371462e-05,
    "roll_rate_radps": 0.004025669959415753,
    "ang_vel_body_y_radps": 0.0027668733228310423,
    "yaw_rate_radps": 0.002377083874796606,
    "tire_fl_force_wheel_fz_n": 639.746483029667,
    "tire_fr_force_wheel_fz_n": 658.1585501171319,
    "tire_rl_force_wheel_fz_n": 922.9419886332641,
    "tire_rr_force_wheel_fz_n": 968.528963399508,
    "tire_fl_spindle_omega_radps": 0.1370191855885092,
    "tire_fr_spindle_omega_radps": 0.1383837152149312,
    "tire_rl_spindle_omega_radps": 0.15811911970074305,
    "tire_rr_spindle_omega_radps": 0.15879476970695852
  },
  "val_mixed_loss": 0.04830757781193824,
  "rollout_flat_5.0s": {
    "xy_rmse_m": 2.0559144759146455,
    "yaw_rmse_rad": 0.1405349102373493,
    "errdist": 0.2707940173829866,
    "mean_dist_m": 7.592170963684718,
    "episodes": 12
  },
  "rollout_flat_10.0s": {
    "xy_rmse_m": 8.916489864509815,
    "yaw_rmse_rad": 0.27666866326664913,
    "errdist": 0.25318630362463157,
    "mean_dist_m": 35.2171098391215,
    "episodes": 12
  },
  "rollout_crm_5.0s": {
    "xy_rmse_m": 0.6425218603667849,
    "yaw_rmse_rad": 0.08260338952868293,
    "errdist": 0.08978155335263151,
    "mean_dist_m": 7.1565019357949495,
    "episodes": 12
  },
  "rollout_crm_10.0s": {
    "xy_rmse_m": 2.8750201344545188,
    "yaw_rmse_rad": 0.18270995111267568,
    "errdist": 0.11483176202958591,
    "mean_dist_m": 25.036802393694717,
    "episodes": 12
  },
  "rollout_sel": 0.18400903282710873
}
{
  "epoch": 32,
  "timestamp_utc": "2026-07-10T00:15:29.285605+00:00",
  "train_loss": 0.02925733292195946,
  "val_loss": 0.004073893399945519,
  "val_rmse": {
    "vel_body_x_mps": 0.0010684191690664474,
    "vel_body_y_mps": 0.0007623207188855568,
    "roll_rad": 2.161606837161373e-05,
    "pitch_rad": 1.1884169157642016e-05,
    "roll_rate_radps": 0.0015690966245310392,
    "ang_vel_body_y_radps": 0.0009456261812130468,
    "yaw_rate_radps": 0.0014423396590698496,
    "tire_fl_force_wheel_fz_n": 41.58601170655244,
    "tire_fr_force_wheel_fz_n": 43.49336550850022,
    "tire_rl_force_wheel_fz_n": 27.190002034254935,
    "tire_rr_force_wheel_fz_n": 23.777338310279934,
    "tire_fl_spindle_omega_radps": 0.06663662620112044,
    "tire_fr_spindle_omega_radps": 0.07548190374614132,
    "tire_rl_spindle_omega_radps": 0.07635945047419065,
    "tire_rr_spindle_omega_radps": 0.05732318710284129
  },
  "val_flat_loss": 0.004073893399945519,
  "val_flat_rmse": {
    "vel_body_x_mps": 0.0010684191690664474,
    "vel_body_y_mps": 0.0007623207188855568,
    "roll_rad": 2.161606837161373e-05,
    "pitch_rad": 1.1884169157642016e-05,
    "roll_rate_radps": 0.0015690966245310392,
    "ang_vel_body_y_radps": 0.0009456261812130468,
    "yaw_rate_radps": 0.0014423396590698496,
    "tire_fl_force_wheel_fz_n": 41.58601170655244,
    "tire_fr_force_wheel_fz_n": 43.49336550850022,
    "tire_rl_force_wheel_fz_n": 27.190002034254935,
    "tire_rr_force_wheel_fz_n": 23.777338310279934,
    "tire_fl_spindle_omega_radps": 0.06663662620112044,
    "tire_fr_spindle_omega_radps": 0.07548190374614132,
    "tire_rl_spindle_omega_radps": 0.07635945047419065,
    "tire_rr_spindle_omega_radps": 0.05732318710284129
  },
  "val_crm_loss": 0.09264352519006934,
  "val_crm_rmse": {
    "vel_body_x_mps": 0.003024824526251057,
    "vel_body_y_mps": 0.0025716722752246648,
    "roll_rad": 5.3639665706672464e-05,
    "pitch_rad": 3.908288404321877e-05,
    "roll_rate_radps": 0.004123434307085031,
    "ang_vel_body_y_radps": 0.0029016944723644937,
    "yaw_rate_radps": 0.002381637621444197,
    "tire_fl_force_wheel_fz_n": 642.6936841037992,
    "tire_fr_force_wheel_fz_n": 659.0241242587258,
    "tire_rl_force_wheel_fz_n": 927.5387289994662,
    "tire_rr_force_wheel_fz_n": 973.8521125199818,
    "tire_fl_spindle_omega_radps": 0.13773661770963833,
    "tire_fr_spindle_omega_radps": 0.1372679808657398,
    "tire_rl_spindle_omega_radps": 0.15902474144272621,
    "tire_rr_spindle_omega_radps": 0.15889863589496106
  },
  "val_mixed_loss": 0.04835870929500743,
  "rollout_flat_5.0s": {
    "xy_rmse_m": 2.1448005986101033,
    "yaw_rmse_rad": 0.10986873458326055,
    "errdist": 0.282501620270306,
    "mean_dist_m": 7.592170963684718,
    "episodes": 12
  },
  "rollout_flat_10.0s": {
    "xy_rmse_m": 6.842301733888832,
    "yaw_rmse_rad": 0.1826211181190416,
    "errdist": 0.19428913290005276,
    "mean_dist_m": 35.2171098391215,
    "episodes": 12
  },
  "rollout_crm_5.0s": {
    "xy_rmse_m": 1.04788640387478,
    "yaw_rmse_rad": 0.030622508975983325,
    "errdist": 0.14642438628200832,
    "mean_dist_m": 7.1565019357949495,
    "episodes": 12
  },
  "rollout_crm_10.0s": {
    "xy_rmse_m": 3.8299927021352165,
    "yaw_rmse_rad": 0.0953033052175824,
    "errdist": 0.15297451495242714,
    "mean_dist_m": 25.036802393694717,
    "episodes": 12
  },
  "rollout_sel": 0.17363182392623994
}
{
  "epoch": 33,
  "timestamp_utc": "2026-07-10T00:16:04.963074+00:00",
  "train_loss": 0.02897871700953692,
  "val_loss": 0.003853716293015168,
  "val_rmse": {
    "vel_body_x_mps": 0.0010120680518498225,
    "vel_body_y_mps": 0.0008003325222729235,
    "roll_rad": 1.7313626432446235e-05,
    "pitch_rad": 1.2350406007150292e-05,
    "roll_rate_radps": 0.0015885397679976335,
    "ang_vel_body_y_radps": 0.0009494776513911496,
    "yaw_rate_radps": 0.0013686372077666043,
    "tire_fl_force_wheel_fz_n": 41.55759857050385,
    "tire_fr_force_wheel_fz_n": 43.597487485087484,
    "tire_rl_force_wheel_fz_n": 25.72723474647728,
    "tire_rr_force_wheel_fz_n": 25.087983060708822,
    "tire_fl_spindle_omega_radps": 0.06644639487094339,
    "tire_fr_spindle_omega_radps": 0.07489488891588855,
    "tire_rl_spindle_omega_radps": 0.07664949066877928,
    "tire_rr_spindle_omega_radps": 0.05838191666992847
  },
  "val_flat_loss": 0.003853716293015168,
  "val_flat_rmse": {
    "vel_body_x_mps": 0.0010120680518498225,
    "vel_body_y_mps": 0.0008003325222729235,
    "roll_rad": 1.7313626432446235e-05,
    "pitch_rad": 1.2350406007150292e-05,
    "roll_rate_radps": 0.0015885397679976335,
    "ang_vel_body_y_radps": 0.0009494776513911496,
    "yaw_rate_radps": 0.0013686372077666043,
    "tire_fl_force_wheel_fz_n": 41.55759857050385,
    "tire_fr_force_wheel_fz_n": 43.597487485087484,
    "tire_rl_force_wheel_fz_n": 25.72723474647728,
    "tire_rr_force_wheel_fz_n": 25.087983060708822,
    "tire_fl_spindle_omega_radps": 0.06644639487094339,
    "tire_fr_spindle_omega_radps": 0.07489488891588855,
    "tire_rl_spindle_omega_radps": 0.07664949066877928,
    "tire_rr_spindle_omega_radps": 0.05838191666992847
  },
  "val_crm_loss": 0.09249963623064104,
  "val_crm_rmse": {
    "vel_body_x_mps": 0.0030765888808576597,
    "vel_body_y_mps": 0.002571264031065888,
    "roll_rad": 5.1152525790007196e-05,
    "pitch_rad": 3.410725137883389e-05,
    "roll_rate_radps": 0.004014291788984589,
    "ang_vel_body_y_radps": 0.002769004989648308,
    "yaw_rate_radps": 0.00237862247511244,
    "tire_fl_force_wheel_fz_n": 658.8859299818348,
    "tire_fr_force_wheel_fz_n": 651.7622015547452,
    "tire_rl_force_wheel_fz_n": 928.3112001498907,
    "tire_rr_force_wheel_fz_n": 969.175486308707,
    "tire_fl_spindle_omega_radps": 0.13748361642007853,
    "tire_fr_spindle_omega_radps": 0.13745034572620257,
    "tire_rl_spindle_omega_radps": 0.1584001021150597,
    "tire_rr_spindle_omega_radps": 0.15805884164502662
  },
  "val_mixed_loss": 0.04817667626182811,
  "rollout_flat_5.0s": {
    "xy_rmse_m": 1.738886653558813,
    "yaw_rmse_rad": 0.15538170526321538,
    "errdist": 0.22903681461815725,
    "mean_dist_m": 7.592170963684718,
    "episodes": 12
  },
  "rollout_flat_10.0s": {
    "xy_rmse_m": 3.605729938738241,
    "yaw_rmse_rad": 0.1906976859340549,
    "errdist": 0.10238574247602673,
    "mean_dist_m": 35.2171098391215,
    "episodes": 12
  },
  "rollout_crm_5.0s": {
    "xy_rmse_m": 1.1036956147000134,
    "yaw_rmse_rad": 0.05867118514612476,
    "errdist": 0.1542227787544662,
    "mean_dist_m": 7.1565019357949495,
    "episodes": 12
  },
  "rollout_crm_10.0s": {
    "xy_rmse_m": 3.8051794468141535,
    "yaw_rmse_rad": 0.2973634502825912,
    "errdist": 0.1519834436913738,
    "mean_dist_m": 25.036802393694717,
    "episodes": 12
  },
  "rollout_sel": 0.12718459308370025
}
{
  "epoch": 34,
  "timestamp_utc": "2026-07-10T00:16:40.695342+00:00",
  "train_loss": 0.028883673036005347,
  "val_loss": 0.00378921272502339,
  "val_rmse": {
    "vel_body_x_mps": 0.0009710442849759722,
    "vel_body_y_mps": 0.0007419423265242988,
    "roll_rad": 2.8369525633527104e-05,
    "pitch_rad": 1.0606411805052738e-05,
    "roll_rate_radps": 0.0015442192960064733,
    "ang_vel_body_y_radps": 0.000950413966628649,
    "yaw_rate_radps": 0.0013724916598064484,
    "tire_fl_force_wheel_fz_n": 43.84442755232038,
    "tire_fr_force_wheel_fz_n": 45.38459645184243,
    "tire_rl_force_wheel_fz_n": 26.961641361551845,
    "tire_rr_force_wheel_fz_n": 23.929924691444814,
    "tire_fl_spindle_omega_radps": 0.0653360355738673,
    "tire_fr_spindle_omega_radps": 0.07540899505681874,
    "tire_rl_spindle_omega_radps": 0.0753091004225801,
    "tire_rr_spindle_omega_radps": 0.059071586395918294
  },
  "val_flat_loss": 0.00378921272502339,
  "val_flat_rmse": {
    "vel_body_x_mps": 0.0009710442849759722,
    "vel_body_y_mps": 0.0007419423265242988,
    "roll_rad": 2.8369525633527104e-05,
    "pitch_rad": 1.0606411805052738e-05,
    "roll_rate_radps": 0.0015442192960064733,
    "ang_vel_body_y_radps": 0.000950413966628649,
    "yaw_rate_radps": 0.0013724916598064484,
    "tire_fl_force_wheel_fz_n": 43.84442755232038,
    "tire_fr_force_wheel_fz_n": 45.38459645184243,
    "tire_rl_force_wheel_fz_n": 26.961641361551845,
    "tire_rr_force_wheel_fz_n": 23.929924691444814,
    "tire_fl_spindle_omega_radps": 0.0653360355738673,
    "tire_fr_spindle_omega_radps": 0.07540899505681874,
    "tire_rl_spindle_omega_radps": 0.0753091004225801,
    "tire_rr_spindle_omega_radps": 0.059071586395918294
  },
  "val_crm_loss": 0.09271421900077258,
  "val_crm_rmse": {
    "vel_body_x_mps": 0.003028915786918813,
    "vel_body_y_mps": 0.002542342474146921,
    "roll_rad": 6.029483012502107e-05,
    "pitch_rad": 3.644176781743464e-05,
    "roll_rate_radps": 0.004210624752910654,
    "ang_vel_body_y_radps": 0.0027488320087764337,
    "yaw_rate_radps": 0.0023926162980219506,
    "tire_fl_force_wheel_fz_n": 653.0656391927524,
    "tire_fr_force_wheel_fz_n": 664.793064908465,
    "tire_rl_force_wheel_fz_n": 928.17581783358,
    "tire_rr_force_wheel_fz_n": 967.8079677432751,
    "tire_fl_spindle_omega_radps": 0.13801914578244354,
    "tire_fr_spindle_omega_radps": 0.1378079897340515,
    "tire_rl_spindle_omega_radps": 0.15937660178848398,
    "tire_rr_spindle_omega_radps": 0.1577782167564928
  },
  "val_mixed_loss": 0.04825171586289798,
  "rollout_flat_5.0s": {
    "xy_rmse_m": 2.8634171759802003,
    "yaw_rmse_rad": 0.20189968427058033,
    "errdist": 0.3771539378758265,
    "mean_dist_m": 7.592170963684718,
    "episodes": 12
  },
  "rollout_flat_10.0s": {
    "xy_rmse_m": 9.805191493416887,
    "yaw_rmse_rad": 0.47125574967243733,
    "errdist": 0.2784212429188221,
    "mean_dist_m": 35.2171098391215,
    "episodes": 12
  },
  "rollout_crm_5.0s": {
    "xy_rmse_m": 0.881308772875534,
    "yaw_rmse_rad": 0.03554901163785184,
    "errdist": 0.12314798218211305,
    "mean_dist_m": 7.1565019357949495,
    "episodes": 12
  },
  "rollout_crm_10.0s": {
    "xy_rmse_m": 2.7814541891630644,
    "yaw_rmse_rad": 0.16030036845510673,
    "errdist": 0.11109462564051499,
    "mean_dist_m": 25.036802393694717,
    "episodes": 12
  },
  "rollout_sel": 0.19475793427966853
}
{
  "epoch": 35,
  "timestamp_utc": "2026-07-10T00:17:16.129259+00:00",
  "train_loss": 0.028855192076414824,
  "val_loss": 0.003864400754282542,
  "val_rmse": {
    "vel_body_x_mps": 0.0009764981458634503,
    "vel_body_y_mps": 0.0007419923685085897,
    "roll_rad": 2.284854139701562e-05,
    "pitch_rad": 1.3338957245029052e-05,
    "roll_rate_radps": 0.0015616070919889217,
    "ang_vel_body_y_radps": 0.0009389781765955237,
    "yaw_rate_radps": 0.0014483547764416686,
    "tire_fl_force_wheel_fz_n": 41.85295169315645,
    "tire_fr_force_wheel_fz_n": 43.15333334555985,
    "tire_rl_force_wheel_fz_n": 25.58048847238386,
    "tire_rr_force_wheel_fz_n": 25.57085048334538,
    "tire_fl_spindle_omega_radps": 0.0652923394923819,
    "tire_fr_spindle_omega_radps": 0.07461047844470783,
    "tire_rl_spindle_omega_radps": 0.07619787078573803,
    "tire_rr_spindle_omega_radps": 0.05660849079807176
  },
  "val_flat_loss": 0.003864400754282542,
  "val_flat_rmse": {
    "vel_body_x_mps": 0.0009764981458634503,
    "vel_body_y_mps": 0.0007419923685085897,
    "roll_rad": 2.284854139701562e-05,
    "pitch_rad": 1.3338957245029052e-05,
    "roll_rate_radps": 0.0015616070919889217,
    "ang_vel_body_y_radps": 0.0009389781765955237,
    "yaw_rate_radps": 0.0014483547764416686,
    "tire_fl_force_wheel_fz_n": 41.85295169315645,
    "tire_fr_force_wheel_fz_n": 43.15333334555985,
    "tire_rl_force_wheel_fz_n": 25.58048847238386,
    "tire_rr_force_wheel_fz_n": 25.57085048334538,
    "tire_fl_spindle_omega_radps": 0.0652923394923819,
    "tire_fr_spindle_omega_radps": 0.07461047844470783,
    "tire_rl_spindle_omega_radps": 0.07619787078573803,
    "tire_rr_spindle_omega_radps": 0.05660849079807176
  },
  "val_crm_loss": 0.09190588670026045,
  "val_crm_rmse": {
    "vel_body_x_mps": 0.003112411152519826,
    "vel_body_y_mps": 0.0024983804647735566,
    "roll_rad": 5.394352635130188e-05,
    "pitch_rad": 3.3023426037175196e-05,
    "roll_rate_radps": 0.0040059265771726655,
    "ang_vel_body_y_radps": 0.0027150333916432213,
    "yaw_rate_radps": 0.002357786522832705,
    "tire_fl_force_wheel_fz_n": 645.3801383136047,
    "tire_fr_force_wheel_fz_n": 659.355591931492,
    "tire_rl_force_wheel_fz_n": 922.7258990580466,
    "tire_rr_force_wheel_fz_n": 965.91796499564,
    "tire_fl_spindle_omega_radps": 0.13872510495652257,
    "tire_fr_spindle_omega_radps": 0.1378496836115086,
    "tire_rl_spindle_omega_radps": 0.1576741529619245,
    "tire_rr_spindle_omega_radps": 0.1572753979960667
  },
  "val_mixed_loss": 0.0478851437272715,
  "rollout_flat_5.0s": {
    "xy_rmse_m": 1.9735490959793027,
    "yaw_rmse_rad": 0.11283345857298215,
    "errdist": 0.2599452917247635,
    "mean_dist_m": 7.592170963684718,
    "episodes": 12
  },
  "rollout_flat_10.0s": {
    "xy_rmse_m": 5.892576420250278,
    "yaw_rmse_rad": 0.15499871130376813,
    "errdist": 0.16732140846221327,
    "mean_dist_m": 35.2171098391215,
    "episodes": 12
  },
  "rollout_crm_5.0s": {
    "xy_rmse_m": 1.2840778762665448,
    "yaw_rmse_rad": 0.09561050492693512,
    "errdist": 0.17942814629084683,
    "mean_dist_m": 7.1565019357949495,
    "episodes": 12
  },
  "rollout_crm_10.0s": {
    "xy_rmse_m": 4.604150550963676,
    "yaw_rmse_rad": 0.19738458391677205,
    "errdist": 0.18389531053387184,
    "mean_dist_m": 25.036802393694717,
    "episodes": 12
  },
  "rollout_sel": 0.17560835949804254
}
{
  "epoch": 36,
  "timestamp_utc": "2026-07-10T00:17:52.256989+00:00",
  "train_loss": 0.028849614925682544,
  "val_loss": 0.0038510391761155914,
  "val_rmse": {
    "vel_body_x_mps": 0.001028116269858654,
    "vel_body_y_mps": 0.000815828079117737,
    "roll_rad": 2.526624869577841e-05,
    "pitch_rad": 1.0995893168966173e-05,
    "roll_rate_radps": 0.00156580886181813,
    "ang_vel_body_y_radps": 0.000993485261928792,
    "yaw_rate_radps": 0.0013725136988900703,
    "tire_fl_force_wheel_fz_n": 43.84450318818586,
    "tire_fr_force_wheel_fz_n": 46.03252046746949,
    "tire_rl_force_wheel_fz_n": 25.806432626437886,
    "tire_rr_force_wheel_fz_n": 24.233230630896625,
    "tire_fl_spindle_omega_radps": 0.06514066760012754,
    "tire_fr_spindle_omega_radps": 0.07487663885532929,
    "tire_rl_spindle_omega_radps": 0.07569092678224196,
    "tire_rr_spindle_omega_radps": 0.05688005343875528
  },
  "val_flat_loss": 0.0038510391761155914,
  "val_flat_rmse": {
    "vel_body_x_mps": 0.001028116269858654,
    "vel_body_y_mps": 0.000815828079117737,
    "roll_rad": 2.526624869577841e-05,
    "pitch_rad": 1.0995893168966173e-05,
    "roll_rate_radps": 0.00156580886181813,
    "ang_vel_body_y_radps": 0.000993485261928792,
    "yaw_rate_radps": 0.0013725136988900703,
    "tire_fl_force_wheel_fz_n": 43.84450318818586,
    "tire_fr_force_wheel_fz_n": 46.03252046746949,
    "tire_rl_force_wheel_fz_n": 25.806432626437886,
    "tire_rr_force_wheel_fz_n": 24.233230630896625,
    "tire_fl_spindle_omega_radps": 0.06514066760012754,
    "tire_fr_spindle_omega_radps": 0.07487663885532929,
    "tire_rl_spindle_omega_radps": 0.07569092678224196,
    "tire_rr_spindle_omega_radps": 0.05688005343875528
  },
  "val_crm_loss": 0.0919927712273784,
  "val_crm_rmse": {
    "vel_body_x_mps": 0.0030961375212720673,
    "vel_body_y_mps": 0.0025450401823756104,
    "roll_rad": 5.266934065668278e-05,
    "pitch_rad": 3.683435665705773e-05,
    "roll_rate_radps": 0.003957484098827079,
    "ang_vel_body_y_radps": 0.0029048695612827733,
    "yaw_rate_radps": 0.0023650020869273444,
    "tire_fl_force_wheel_fz_n": 650.2827623959719,
    "tire_fr_force_wheel_fz_n": 645.0402334494762,
    "tire_rl_force_wheel_fz_n": 929.4663538685157,
    "tire_rr_force_wheel_fz_n": 961.9026472598363,
    "tire_fl_spindle_omega_radps": 0.136895799822989,
    "tire_fr_spindle_omega_radps": 0.13644004529845377,
    "tire_rl_spindle_omega_radps": 0.15804197265178965,
    "tire_rr_spindle_omega_radps": 0.15889461574330613
  },
  "val_mixed_loss": 0.047921905201746995,
  "rollout_flat_5.0s": {
    "xy_rmse_m": 2.8932715665432687,
    "yaw_rmse_rad": 0.14251906130487,
    "errdist": 0.38108619792448317,
    "mean_dist_m": 7.592170963684718,
    "episodes": 12
  },
  "rollout_flat_10.0s": {
    "xy_rmse_m": 8.499008083734791,
    "yaw_rmse_rad": 0.5785785687170424,
    "errdist": 0.2413317879451178,
    "mean_dist_m": 35.2171098391215,
    "episodes": 12
  },
  "rollout_crm_5.0s": {
    "xy_rmse_m": 0.8835964151798149,
    "yaw_rmse_rad": 0.04068736369759132,
    "errdist": 0.12346764146884345,
    "mean_dist_m": 7.1565019357949495,
    "episodes": 12
  },
  "rollout_crm_10.0s": {
    "xy_rmse_m": 4.452704747622359,
    "yaw_rmse_rad": 0.33433677627179553,
    "errdist": 0.17784638300071942,
    "mean_dist_m": 25.036802393694717,
    "episodes": 12
  },
  "rollout_sel": 0.2095890854729186
}
{
  "epoch": 37,
  "timestamp_utc": "2026-07-10T00:18:28.547819+00:00",
  "train_loss": 0.02854361067339778,
  "val_loss": 0.003698449870971672,
  "val_rmse": {
    "vel_body_x_mps": 0.000990820477076753,
    "vel_body_y_mps": 0.0007153385258764904,
    "roll_rad": 1.8904772513389884e-05,
    "pitch_rad": 1.75565149211233e-05,
    "roll_rate_radps": 0.001604365007224455,
    "ang_vel_body_y_radps": 0.0009476109523811688,
    "yaw_rate_radps": 0.0013699470060404622,
    "tire_fl_force_wheel_fz_n": 41.899730186458584,
    "tire_fr_force_wheel_fz_n": 43.02486278882222,
    "tire_rl_force_wheel_fz_n": 26.03571736628959,
    "tire_rr_force_wheel_fz_n": 24.880709212059863,
    "tire_fl_spindle_omega_radps": 0.06637192709979345,
    "tire_fr_spindle_omega_radps": 0.07485815898322505,
    "tire_rl_spindle_omega_radps": 0.07553065953673513,
    "tire_rr_spindle_omega_radps": 0.05638009941647909
  },
  "val_flat_loss": 0.003698449870971672,
  "val_flat_rmse": {
    "vel_body_x_mps": 0.000990820477076753,
    "vel_body_y_mps": 0.0007153385258764904,
    "roll_rad": 1.8904772513389884e-05,
    "pitch_rad": 1.75565149211233e-05,
    "roll_rate_radps": 0.001604365007224455,
    "ang_vel_body_y_radps": 0.0009476109523811688,
    "yaw_rate_radps": 0.0013699470060404622,
    "tire_fl_force_wheel_fz_n": 41.899730186458584,
    "tire_fr_force_wheel_fz_n": 43.02486278882222,
    "tire_rl_force_wheel_fz_n": 26.03571736628959,
    "tire_rr_force_wheel_fz_n": 24.880709212059863,
    "tire_fl_spindle_omega_radps": 0.06637192709979345,
    "tire_fr_spindle_omega_radps": 0.07485815898322505,
    "tire_rl_spindle_omega_radps": 0.07553065953673513,
    "tire_rr_spindle_omega_radps": 0.05638009941647909
  },
  "val_crm_loss": 0.09143876617541537,
  "val_crm_rmse": {
    "vel_body_x_mps": 0.003008363481523446,
    "vel_body_y_mps": 0.002479972108246439,
    "roll_rad": 5.010823556183492e-05,
    "pitch_rad": 3.8355552365703945e-05,
    "roll_rate_radps": 0.003974886309029935,
    "ang_vel_body_y_radps": 0.0027207644280136515,
    "yaw_rate_radps": 0.002371736551616792,
    "tire_fl_force_wheel_fz_n": 644.5109249181639,
    "tire_fr_force_wheel_fz_n": 651.0782972925163,
    "tire_rl_force_wheel_fz_n": 920.2415522671441,
    "tire_rr_force_wheel_fz_n": 967.7296009789934,
    "tire_fl_spindle_omega_radps": 0.1363993113393173,
    "tire_fr_spindle_omega_radps": 0.1369455932138705,
    "tire_rl_spindle_omega_radps": 0.15737854692220152,
    "tire_rr_spindle_omega_radps": 0.1576367416389832
  },
  "val_mixed_loss": 0.04756860802319352,
  "rollout_flat_5.0s": {
    "xy_rmse_m": 1.599577319620879,
    "yaw_rmse_rad": 0.07067911356809635,
    "errdist": 0.21068773704808064,
    "mean_dist_m": 7.592170963684718,
    "episodes": 12
  },
  "rollout_flat_10.0s": {
    "xy_rmse_m": 4.38389163640253,
    "yaw_rmse_rad": 0.113649378426093,
    "errdist": 0.12448186851303206,
    "mean_dist_m": 35.2171098391215,
    "episodes": 12
  },
  "rollout_crm_5.0s": {
    "xy_rmse_m": 0.6113881659227856,
    "yaw_rmse_rad": 0.06371803147523722,
    "errdist": 0.08543114658640445,
    "mean_dist_m": 7.1565019357949495,
    "episodes": 12
  },
  "rollout_crm_10.0s": {
    "xy_rmse_m": 2.2295104187308956,
    "yaw_rmse_rad": 0.1860655380631437,
    "errdist": 0.08904932761271371,
    "mean_dist_m": 25.036802393694717,
    "episodes": 12
  },
  "rollout_sel": 0.10676559806287289
}
{
  "epoch": 38,
  "timestamp_utc": "2026-07-10T00:19:04.038452+00:00",
  "train_loss": 0.028390141510404646,
  "val_loss": 0.003862204137767549,
  "val_rmse": {
    "vel_body_x_mps": 0.0010068191773134928,
    "vel_body_y_mps": 0.0007475046767778145,
    "roll_rad": 1.8147294014325006e-05,
    "pitch_rad": 1.0855931682618057e-05,
    "roll_rate_radps": 0.0015758042212562701,
    "ang_vel_body_y_radps": 0.0009800748252727948,
    "yaw_rate_radps": 0.0014274408782811014,
    "tire_fl_force_wheel_fz_n": 44.22671178348146,
    "tire_fr_force_wheel_fz_n": 43.79588597433354,
    "tire_rl_force_wheel_fz_n": 27.059445736439407,
    "tire_rr_force_wheel_fz_n": 24.6895857673017,
    "tire_fl_spindle_omega_radps": 0.06598283337886343,
    "tire_fr_spindle_omega_radps": 0.0753164126149516,
    "tire_rl_spindle_omega_radps": 0.07504715252451782,
    "tire_rr_spindle_omega_radps": 0.05603457115374273
  },
  "val_flat_loss": 0.003862204137767549,
  "val_flat_rmse": {
    "vel_body_x_mps": 0.0010068191773134928,
    "vel_body_y_mps": 0.0007475046767778145,
    "roll_rad": 1.8147294014325006e-05,
    "pitch_rad": 1.0855931682618057e-05,
    "roll_rate_radps": 0.0015758042212562701,
    "ang_vel_body_y_radps": 0.0009800748252727948,
    "yaw_rate_radps": 0.0014274408782811014,
    "tire_fl_force_wheel_fz_n": 44.22671178348146,
    "tire_fr_force_wheel_fz_n": 43.79588597433354,
    "tire_rl_force_wheel_fz_n": 27.059445736439407,
    "tire_rr_force_wheel_fz_n": 24.6895857673017,
    "tire_fl_spindle_omega_radps": 0.06598283337886343,
    "tire_fr_spindle_omega_radps": 0.0753164126149516,
    "tire_rl_spindle_omega_radps": 0.07504715252451782,
    "tire_rr_spindle_omega_radps": 0.05603457115374273
  },
  "val_crm_loss": 0.09029745819279925,
  "val_crm_rmse": {
    "vel_body_x_mps": 0.0029558116988439146,
    "vel_body_y_mps": 0.0025555370322599383,
    "roll_rad": 5.140405575787343e-05,
    "pitch_rad": 3.40419762091244e-05,
    "roll_rate_radps": 0.0038898937632393426,
    "ang_vel_body_y_radps": 0.0026681695152900023,
    "yaw_rate_radps": 0.002356676703211815,
    "tire_fl_force_wheel_fz_n": 629.1913652432618,
    "tire_fr_force_wheel_fz_n": 635.7154748842631,
    "tire_rl_force_wheel_fz_n": 921.9198037960501,
    "tire_rr_force_wheel_fz_n": 954.9498549391498,
    "tire_fl_spindle_omega_radps": 0.13534795892443027,
    "tire_fr_spindle_omega_radps": 0.13594222139161086,
    "tire_rl_spindle_omega_radps": 0.15759169253126173,
    "tire_rr_spindle_omega_radps": 0.1572202417049436
  },
  "val_mixed_loss": 0.0470798311652834,
  "rollout_flat_5.0s": {
    "xy_rmse_m": 1.832752162658889,
    "yaw_rmse_rad": 0.12034379536601371,
    "errdist": 0.24140027555035418,
    "mean_dist_m": 7.592170963684718,
    "episodes": 12
  },
  "rollout_flat_10.0s": {
    "xy_rmse_m": 6.928830215198065,
    "yaw_rmse_rad": 0.42669552726346044,
    "errdist": 0.19674613410499295,
    "mean_dist_m": 35.2171098391215,
    "episodes": 12
  },
  "rollout_crm_5.0s": {
    "xy_rmse_m": 0.990761356375627,
    "yaw_rmse_rad": 0.057079174641283606,
    "errdist": 0.1384421279089017,
    "mean_dist_m": 7.1565019357949495,
    "episodes": 12
  },
  "rollout_crm_10.0s": {
    "xy_rmse_m": 4.5402665231141945,
    "yaw_rmse_rad": 0.15051062191795567,
    "errdist": 0.18134370562662658,
    "mean_dist_m": 25.036802393694717,
    "episodes": 12
  },
  "rollout_sel": 0.18904491986580976
}
{
  "epoch": 39,
  "timestamp_utc": "2026-07-10T00:19:39.536465+00:00",
  "train_loss": 0.028153093860950322,
  "val_loss": 0.0036935778719271186,
  "val_rmse": {
    "vel_body_x_mps": 0.0009716385421737299,
    "vel_body_y_mps": 0.000726747089071904,
    "roll_rad": 2.04950879659158e-05,
    "pitch_rad": 1.4498700461648212e-05,
    "roll_rate_radps": 0.0015986593814130373,
    "ang_vel_body_y_radps": 0.0009541014022395282,
    "yaw_rate_radps": 0.0013698552314218642,
    "tire_fl_force_wheel_fz_n": 41.2924231843649,
    "tire_fr_force_wheel_fz_n": 41.94510698210937,
    "tire_rl_force_wheel_fz_n": 25.361428748529388,
    "tire_rr_force_wheel_fz_n": 24.022596862078423,
    "tire_fl_spindle_omega_radps": 0.06482703191060274,
    "tire_fr_spindle_omega_radps": 0.07590780737004195,
    "tire_rl_spindle_omega_radps": 0.07587921883355978,
    "tire_rr_spindle_omega_radps": 0.05605218700035755
  },
  "val_flat_loss": 0.0036935778719271186,
  "val_flat_rmse": {
    "vel_body_x_mps": 0.0009716385421737299,
    "vel_body_y_mps": 0.000726747089071904,
    "roll_rad": 2.04950879659158e-05,
    "pitch_rad": 1.4498700461648212e-05,
    "roll_rate_radps": 0.0015986593814130373,
    "ang_vel_body_y_radps": 0.0009541014022395282,
    "yaw_rate_radps": 0.0013698552314218642,
    "tire_fl_force_wheel_fz_n": 41.2924231843649,
    "tire_fr_force_wheel_fz_n": 41.94510698210937,
    "tire_rl_force_wheel_fz_n": 25.361428748529388,
    "tire_rr_force_wheel_fz_n": 24.022596862078423,
    "tire_fl_spindle_omega_radps": 0.06482703191060274,
    "tire_fr_spindle_omega_radps": 0.07590780737004195,
    "tire_rl_spindle_omega_radps": 0.07587921883355978,
    "tire_rr_spindle_omega_radps": 0.05605218700035755
  },
  "val_crm_loss": 0.09154224525555037,
  "val_crm_rmse": {
    "vel_body_x_mps": 0.003157727030805345,
    "vel_body_y_mps": 0.002469426117649252,
    "roll_rad": 4.9485177881700185e-05,
    "pitch_rad": 4.2765654039698825e-05,
    "roll_rate_radps": 0.0038860777452104944,
    "ang_vel_body_y_radps": 0.002676985125743242,
    "yaw_rate_radps": 0.002387529390592864,
    "tire_fl_force_wheel_fz_n": 637.373378973136,
    "tire_fr_force_wheel_fz_n": 650.8764225782509,
    "tire_rl_force_wheel_fz_n": 927.0206659759449,
    "tire_rr_force_wheel_fz_n": 958.2663841240595,
    "tire_fl_spindle_omega_radps": 0.13747941489301543,
    "tire_fr_spindle_omega_radps": 0.13817411270810287,
    "tire_rl_spindle_omega_radps": 0.15831314253829656,
    "tire_rr_spindle_omega_radps": 0.1568630430320796
  },
  "val_mixed_loss": 0.04761791156373874,
  "rollout_flat_5.0s": {
    "xy_rmse_m": 1.3807333475647026,
    "yaw_rmse_rad": 0.09534335021478321,
    "errdist": 0.18186278393480612,
    "mean_dist_m": 7.592170963684718,
    "episodes": 12
  },
  "rollout_flat_10.0s": {
    "xy_rmse_m": 3.099854291547406,
    "yaw_rmse_rad": 0.161165695410964,
    "errdist": 0.08802125744299104,
    "mean_dist_m": 35.2171098391215,
    "episodes": 12
  },
  "rollout_crm_5.0s": {
    "xy_rmse_m": 0.5993134464801854,
    "yaw_rmse_rad": 0.03452173724839517,
    "errdist": 0.08374390894559483,
    "mean_dist_m": 7.1565019357949495,
    "episodes": 12
  },
  "rollout_crm_10.0s": {
    "xy_rmse_m": 1.9310372791191737,
    "yaw_rmse_rad": 0.0917058448442326,
    "errdist": 0.07712795143542321,
    "mean_dist_m": 25.036802393694717,
    "episodes": 12
  },
  "rollout_sel": 0.08257460443920712
}
{
  "epoch": 40,
  "timestamp_utc": "2026-07-10T00:20:15.648106+00:00",
  "train_loss": 0.028160276179667564,
  "val_loss": 0.0037881182763157993,
  "val_rmse": {
    "vel_body_x_mps": 0.0009989976975842338,
    "vel_body_y_mps": 0.0007290806662472648,
    "roll_rad": 2.3174985532267223e-05,
    "pitch_rad": 1.829528782160716e-05,
    "roll_rate_radps": 0.0015785033087521083,
    "ang_vel_body_y_radps": 0.0009363507410790489,
    "yaw_rate_radps": 0.0013898281606883791,
    "tire_fl_force_wheel_fz_n": 42.657728963287866,
    "tire_fr_force_wheel_fz_n": 42.5850301879009,
    "tire_rl_force_wheel_fz_n": 26.594396147000005,
    "tire_rr_force_wheel_fz_n": 23.987024917589277,
    "tire_fl_spindle_omega_radps": 0.06673393784368827,
    "tire_fr_spindle_omega_radps": 0.07436980007641934,
    "tire_rl_spindle_omega_radps": 0.07453070756212356,
    "tire_rr_spindle_omega_radps": 0.05626950439036526
  },
  "val_flat_loss": 0.0037881182763157993,
  "val_flat_rmse": {
    "vel_body_x_mps": 0.0009989976975842338,
    "vel_body_y_mps": 0.0007290806662472648,
    "roll_rad": 2.3174985532267223e-05,
    "pitch_rad": 1.829528782160716e-05,
    "roll_rate_radps": 0.0015785033087521083,
    "ang_vel_body_y_radps": 0.0009363507410790489,
    "yaw_rate_radps": 0.0013898281606883791,
    "tire_fl_force_wheel_fz_n": 42.657728963287866,
    "tire_fr_force_wheel_fz_n": 42.5850301879009,
    "tire_rl_force_wheel_fz_n": 26.594396147000005,
    "tire_rr_force_wheel_fz_n": 23.987024917589277,
    "tire_fl_spindle_omega_radps": 0.06673393784368827,
    "tire_fr_spindle_omega_radps": 0.07436980007641934,
    "tire_rl_spindle_omega_radps": 0.07453070756212356,
    "tire_rr_spindle_omega_radps": 0.05626950439036526
  },
  "val_crm_loss": 0.09074678458913694,
  "val_crm_rmse": {
    "vel_body_x_mps": 0.0029936370153157373,
    "vel_body_y_mps": 0.0024557903375328487,
    "roll_rad": 4.817862587750851e-05,
    "pitch_rad": 4.5434110083812047e-05,
    "roll_rate_radps": 0.004016189414874995,
    "ang_vel_body_y_radps": 0.0026575685752374804,
    "yaw_rate_radps": 0.0023564237620534306,
    "tire_fl_force_wheel_fz_n": 644.261047875827,
    "tire_fr_force_wheel_fz_n": 638.0690547984648,
    "tire_rl_force_wheel_fz_n": 923.8384782116747,
    "tire_rr_force_wheel_fz_n": 965.2518711893775,
    "tire_fl_spindle_omega_radps": 0.13642509327434618,
    "tire_fr_spindle_omega_radps": 0.13571746312843802,
    "tire_rl_spindle_omega_radps": 0.15678607986902537,
    "tire_rr_spindle_omega_radps": 0.15799785805718874
  },
  "val_mixed_loss": 0.04726745143272637,
  "rollout_flat_5.0s": {
    "xy_rmse_m": 1.4941492546813018,
    "yaw_rmse_rad": 0.10568698026943643,
    "errdist": 0.19680131833545333,
    "mean_dist_m": 7.592170963684718,
    "episodes": 12
  },
  "rollout_flat_10.0s": {
    "xy_rmse_m": 5.633250347782732,
    "yaw_rmse_rad": 0.21097672538089474,
    "errdist": 0.1599577697748764,
    "mean_dist_m": 35.2171098391215,
    "episodes": 12
  },
  "rollout_crm_5.0s": {
    "xy_rmse_m": 0.5887337961687018,
    "yaw_rmse_rad": 0.04302954788322954,
    "errdist": 0.08226558190727365,
    "mean_dist_m": 7.1565019357949495,
    "episodes": 12
  },
  "rollout_crm_10.0s": {
    "xy_rmse_m": 3.0927362203877187,
    "yaw_rmse_rad": 0.13045432141368746,
    "errdist": 0.1235276043544041,
    "mean_dist_m": 25.036802393694717,
    "episodes": 12
  },
  "rollout_sel": 0.14174268706464027
}
{
  "epoch": 41,
  "timestamp_utc": "2026-07-10T00:20:51.646128+00:00",
  "train_loss": 0.02784042358258739,
  "val_loss": 0.004078229424230813,
  "val_rmse": {
    "vel_body_x_mps": 0.0012403566921350927,
    "vel_body_y_mps": 0.0007592164160981166,
    "roll_rad": 1.7387728881619108e-05,
    "pitch_rad": 1.0976226324048955e-05,
    "roll_rate_radps": 0.0015570908762221102,
    "ang_vel_body_y_radps": 0.0009622155917707326,
    "yaw_rate_radps": 0.0013611955115439634,
    "tire_fl_force_wheel_fz_n": 44.66043188355203,
    "tire_fr_force_wheel_fz_n": 42.00262761048224,
    "tire_rl_force_wheel_fz_n": 26.724960618485213,
    "tire_rr_force_wheel_fz_n": 23.7031571902897,
    "tire_fl_spindle_omega_radps": 0.06514211597062974,
    "tire_fr_spindle_omega_radps": 0.07496700022176768,
    "tire_rl_spindle_omega_radps": 0.07509194111852119,
    "tire_rr_spindle_omega_radps": 0.05707540250122063
  },
  "val_flat_loss": 0.004078229424230813,
  "val_flat_rmse": {
    "vel_body_x_mps": 0.0012403566921350927,
    "vel_body_y_mps": 0.0007592164160981166,
    "roll_rad": 1.7387728881619108e-05,
    "pitch_rad": 1.0976226324048955e-05,
    "roll_rate_radps": 0.0015570908762221102,
    "ang_vel_body_y_radps": 0.0009622155917707326,
    "yaw_rate_radps": 0.0013611955115439634,
    "tire_fl_force_wheel_fz_n": 44.66043188355203,
    "tire_fr_force_wheel_fz_n": 42.00262761048224,
    "tire_rl_force_wheel_fz_n": 26.724960618485213,
    "tire_rr_force_wheel_fz_n": 23.7031571902897,
    "tire_fl_spindle_omega_radps": 0.06514211597062974,
    "tire_fr_spindle_omega_radps": 0.07496700022176768,
    "tire_rl_spindle_omega_radps": 0.07509194111852119,
    "tire_rr_spindle_omega_radps": 0.05707540250122063
  },
  "val_crm_loss": 0.08978614525694865,
  "val_crm_rmse": {
    "vel_body_x_mps": 0.003049305619567485,
    "vel_body_y_mps": 0.0024613619585683953,
    "roll_rad": 4.77866169614903e-05,
    "pitch_rad": 3.8553100219259644e-05,
    "roll_rate_radps": 0.003886805655953496,
    "ang_vel_body_y_radps": 0.0026168073274841696,
    "yaw_rate_radps": 0.002324088115875049,
    "tire_fl_force_wheel_fz_n": 629.8411498275683,
    "tire_fr_force_wheel_fz_n": 632.3330228639014,
    "tire_rl_force_wheel_fz_n": 917.7668149872791,
    "tire_rr_force_wheel_fz_n": 958.8248007438185,
    "tire_fl_spindle_omega_radps": 0.13549041588729724,
    "tire_fr_spindle_omega_radps": 0.13455963362761753,
    "tire_rl_spindle_omega_radps": 0.1570922104169913,
    "tire_rr_spindle_omega_radps": 0.15598643119394376
  },
  "val_mixed_loss": 0.04693218734058974,
  "rollout_flat_5.0s": {
    "xy_rmse_m": 2.3764827246551383,
    "yaw_rmse_rad": 0.1126545482053712,
    "errdist": 0.3130175461040668,
    "mean_dist_m": 7.592170963684718,
    "episodes": 12
  },
  "rollout_flat_10.0s": {
    "xy_rmse_m": 8.805401973932028,
    "yaw_rmse_rad": 0.22819986486669144,
    "errdist": 0.25003193090394954,
    "mean_dist_m": 35.2171098391215,
    "episodes": 12
  },
  "rollout_crm_5.0s": {
    "xy_rmse_m": 0.7387864784705557,
    "yaw_rmse_rad": 0.06836066187600974,
    "errdist": 0.10323290416164622,
    "mean_dist_m": 7.1565019357949495,
    "episodes": 12
  },
  "rollout_crm_10.0s": {
    "xy_rmse_m": 3.190918177561521,
    "yaw_rmse_rad": 0.1304977367469471,
    "errdist": 0.1274491098098503,
    "mean_dist_m": 25.036802393694717,
    "episodes": 12
  },
  "rollout_sel": 0.18874052035689992
}
{
  "epoch": 42,
  "timestamp_utc": "2026-07-10T00:21:27.854210+00:00",
  "train_loss": 0.027910373706836255,
  "val_loss": 0.0037475464664021275,
  "val_rmse": {
    "vel_body_x_mps": 0.0009457877450195699,
    "vel_body_y_mps": 0.0007228010030941777,
    "roll_rad": 2.892585715056125e-05,
    "pitch_rad": 1.9815995396204517e-05,
    "roll_rate_radps": 0.0015930310430862776,
    "ang_vel_body_y_radps": 0.000925443961665365,
    "yaw_rate_radps": 0.0013659529935520613,
    "tire_fl_force_wheel_fz_n": 41.69983823296618,
    "tire_fr_force_wheel_fz_n": 43.10663394035205,
    "tire_rl_force_wheel_fz_n": 28.375819353885873,
    "tire_rr_force_wheel_fz_n": 29.424662136286976,
    "tire_fl_spindle_omega_radps": 0.06571163994596695,
    "tire_fr_spindle_omega_radps": 0.07529514921599866,
    "tire_rl_spindle_omega_radps": 0.07611985560542338,
    "tire_rr_spindle_omega_radps": 0.057571715706716015
  },
  "val_flat_loss": 0.0037475464664021275,
  "val_flat_rmse": {
    "vel_body_x_mps": 0.0009457877450195699,
    "vel_body_y_mps": 0.0007228010030941777,
    "roll_rad": 2.892585715056125e-05,
    "pitch_rad": 1.9815995396204517e-05,
    "roll_rate_radps": 0.0015930310430862776,
    "ang_vel_body_y_radps": 0.000925443961665365,
    "yaw_rate_radps": 0.0013659529935520613,
    "tire_fl_force_wheel_fz_n": 41.69983823296618,
    "tire_fr_force_wheel_fz_n": 43.10663394035205,
    "tire_rl_force_wheel_fz_n": 28.375819353885873,
    "tire_rr_force_wheel_fz_n": 29.424662136286976,
    "tire_fl_spindle_omega_radps": 0.06571163994596695,
    "tire_fr_spindle_omega_radps": 0.07529514921599866,
    "tire_rl_spindle_omega_radps": 0.07611985560542338,
    "tire_rr_spindle_omega_radps": 0.057571715706716015
  },
  "val_crm_loss": 0.08961532508779783,
  "val_crm_rmse": {
    "vel_body_x_mps": 0.0029120209025255556,
    "vel_body_y_mps": 0.0024428037372473364,
    "roll_rad": 5.550088232487831e-05,
    "pitch_rad": 3.535156756331857e-05,
    "roll_rate_radps": 0.003907787443544478,
    "ang_vel_body_y_radps": 0.0026285589691667577,
    "yaw_rate_radps": 0.002324602465103889,
    "tire_fl_force_wheel_fz_n": 632.865114832361,
    "tire_fr_force_wheel_fz_n": 629.43656722067,
    "tire_rl_force_wheel_fz_n": 923.3729399016295,
    "tire_rr_force_wheel_fz_n": 959.5418883581457,
    "tire_fl_spindle_omega_radps": 0.1348023527014431,
    "tire_fr_spindle_omega_radps": 0.1341743698252413,
    "tire_rl_spindle_omega_radps": 0.15704260597700778,
    "tire_rr_spindle_omega_radps": 0.1561574632689319
  },
  "val_mixed_loss": 0.04668143577709998,
  "rollout_flat_5.0s": {
    "xy_rmse_m": 2.678676577624089,
    "yaw_rmse_rad": 0.10222200242841858,
    "errdist": 0.35282089805891875,
    "mean_dist_m": 7.592170963684718,
    "episodes": 12
  },
  "rollout_flat_10.0s": {
    "xy_rmse_m": 7.830184282397271,
    "yaw_rmse_rad": 0.16508042193847441,
    "errdist": 0.22234034303686623,
    "mean_dist_m": 35.2171098391215,
    "episodes": 12
  },
  "rollout_crm_5.0s": {
    "xy_rmse_m": 0.8502300914986106,
    "yaw_rmse_rad": 0.0540919498483451,
    "errdist": 0.11880526256074665,
    "mean_dist_m": 7.1565019357949495,
    "episodes": 12
  },
  "rollout_crm_10.0s": {
    "xy_rmse_m": 4.118033719024029,
    "yaw_rmse_rad": 0.12325401381402677,
    "errdist": 0.16447921960118667,
    "mean_dist_m": 25.036802393694717,
    "episodes": 12
  },
  "rollout_sel": 0.19340978131902645
}
{
  "epoch": 43,
  "timestamp_utc": "2026-07-10T00:22:05.060128+00:00",
  "train_loss": 0.027660338805988432,
  "val_loss": 0.0036784314598480704,
  "val_rmse": {
    "vel_body_x_mps": 0.0009697620347716915,
    "vel_body_y_mps": 0.0007163028776521354,
    "roll_rad": 2.434387528361993e-05,
    "pitch_rad": 1.0400227001173347e-05,
    "roll_rate_radps": 0.0015496049952084864,
    "ang_vel_body_y_radps": 0.0009242979224049657,
    "yaw_rate_radps": 0.0013545119855747742,
    "tire_fl_force_wheel_fz_n": 40.65446187560818,
    "tire_fr_force_wheel_fz_n": 45.459136564825634,
    "tire_rl_force_wheel_fz_n": 26.000287282346942,
    "tire_rr_force_wheel_fz_n": 24.259089881865698,
    "tire_fl_spindle_omega_radps": 0.06371940392568445,
    "tire_fr_spindle_omega_radps": 0.07468031355526739,
    "tire_rl_spindle_omega_radps": 0.07599942647597185,
    "tire_rr_spindle_omega_radps": 0.05906033029440451
  },
  "val_flat_loss": 0.0036784314598480704,
  "val_flat_rmse": {
    "vel_body_x_mps": 0.0009697620347716915,
    "vel_body_y_mps": 0.0007163028776521354,
    "roll_rad": 2.434387528361993e-05,
    "pitch_rad": 1.0400227001173347e-05,
    "roll_rate_radps": 0.0015496049952084864,
    "ang_vel_body_y_radps": 0.0009242979224049657,
    "yaw_rate_radps": 0.0013545119855747742,
    "tire_fl_force_wheel_fz_n": 40.65446187560818,
    "tire_fr_force_wheel_fz_n": 45.459136564825634,
    "tire_rl_force_wheel_fz_n": 26.000287282346942,
    "tire_rr_force_wheel_fz_n": 24.259089881865698,
    "tire_fl_spindle_omega_radps": 0.06371940392568445,
    "tire_fr_spindle_omega_radps": 0.07468031355526739,
    "tire_rl_spindle_omega_radps": 0.07599942647597185,
    "tire_rr_spindle_omega_radps": 0.05906033029440451
  },
  "val_crm_loss": 0.0894538986304542,
  "val_crm_rmse": {
    "vel_body_x_mps": 0.002942986682930962,
    "vel_body_y_mps": 0.0024958484852955474,
    "roll_rad": 5.4010977670585236e-05,
    "pitch_rad": 3.0410790801371467e-05,
    "roll_rate_radps": 0.003855142369173173,
    "ang_vel_body_y_radps": 0.0026561007466760064,
    "yaw_rate_radps": 0.002344858326720201,
    "tire_fl_force_wheel_fz_n": 616.1283604951531,
    "tire_fr_force_wheel_fz_n": 642.124323783817,
    "tire_rl_force_wheel_fz_n": 922.0447641616539,
    "tire_rr_force_wheel_fz_n": 952.272714507462,
    "tire_fl_spindle_omega_radps": 0.13568098516991262,
    "tire_fr_spindle_omega_radps": 0.1353845513131571,
    "tire_rl_spindle_omega_radps": 0.15648585574934024,
    "tire_rr_spindle_omega_radps": 0.1563841201700937
  },
  "val_mixed_loss": 0.04656616504515114,
  "rollout_flat_5.0s": {
    "xy_rmse_m": 2.1227840888566205,
    "yaw_rmse_rad": 0.12447924148003339,
    "errdist": 0.2796017238034333,
    "mean_dist_m": 7.592170963684718,
    "episodes": 12
  },
  "rollout_flat_10.0s": {
    "xy_rmse_m": 9.18347315003934,
    "yaw_rmse_rad": 0.5276235400148587,
    "errdist": 0.26076737108726994,
    "mean_dist_m": 35.2171098391215,
    "episodes": 12
  },
  "rollout_crm_5.0s": {
    "xy_rmse_m": 0.63442633259863,
    "yaw_rmse_rad": 0.04595952101962858,
    "errdist": 0.08865034038842294,
    "mean_dist_m": 7.1565019357949495,
    "episodes": 12
  },
  "rollout_crm_10.0s": {
    "xy_rmse_m": 1.9727457723214923,
    "yaw_rmse_rad": 0.28251809759443247,
    "errdist": 0.07879383881778408,
    "mean_dist_m": 25.036802393694717,
    "episodes": 12
  },
  "rollout_sel": 0.169780604952527
}
{
  "epoch": 44,
  "timestamp_utc": "2026-07-10T00:22:42.604455+00:00",
  "train_loss": 0.027473505992908032,
  "val_loss": 0.0038197784344811223,
  "val_rmse": {
    "vel_body_x_mps": 0.0009278073656268661,
    "vel_body_y_mps": 0.0007288529657339596,
    "roll_rad": 2.0813889006446914e-05,
    "pitch_rad": 1.1032780157367603e-05,
    "roll_rate_radps": 0.00152680240431735,
    "ang_vel_body_y_radps": 0.0009305408941949941,
    "yaw_rate_radps": 0.0014219619349365273,
    "tire_fl_force_wheel_fz_n": 41.86972932093035,
    "tire_fr_force_wheel_fz_n": 41.05324238007357,
    "tire_rl_force_wheel_fz_n": 25.019933361053155,
    "tire_rr_force_wheel_fz_n": 25.849481026440724,
    "tire_fl_spindle_omega_radps": 0.06687119865303809,
    "tire_fr_spindle_omega_radps": 0.07593858967805421,
    "tire_rl_spindle_omega_radps": 0.0759468084337306,
    "tire_rr_spindle_omega_radps": 0.05834949469034469
  },
  "val_flat_loss": 0.0038197784344811223,
  "val_flat_rmse": {
    "vel_body_x_mps": 0.0009278073656268661,
    "vel_body_y_mps": 0.0007288529657339596,
    "roll_rad": 2.0813889006446914e-05,
    "pitch_rad": 1.1032780157367603e-05,
    "roll_rate_radps": 0.00152680240431735,
    "ang_vel_body_y_radps": 0.0009305408941949941,
    "yaw_rate_radps": 0.0014219619349365273,
    "tire_fl_force_wheel_fz_n": 41.86972932093035,
    "tire_fr_force_wheel_fz_n": 41.05324238007357,
    "tire_rl_force_wheel_fz_n": 25.019933361053155,
    "tire_rr_force_wheel_fz_n": 25.849481026440724,
    "tire_fl_spindle_omega_radps": 0.06687119865303809,
    "tire_fr_spindle_omega_radps": 0.07593858967805421,
    "tire_rl_spindle_omega_radps": 0.0759468084337306,
    "tire_rr_spindle_omega_radps": 0.05834949469034469
  },
  "val_crm_loss": 0.08924531252938323,
  "val_crm_rmse": {
    "vel_body_x_mps": 0.0029368990848544487,
    "vel_body_y_mps": 0.002566729668660092,
    "roll_rad": 4.772183234740943e-05,
    "pitch_rad": 3.887327335606487e-05,
    "roll_rate_radps": 0.003927011938021529,
    "ang_vel_body_y_radps": 0.00262888315230758,
    "yaw_rate_radps": 0.00232277180047091,
    "tire_fl_force_wheel_fz_n": 620.433215914619,
    "tire_fr_force_wheel_fz_n": 633.8064679177817,
    "tire_rl_force_wheel_fz_n": 919.5187694638105,
    "tire_rr_force_wheel_fz_n": 951.1210619827106,
    "tire_fl_spindle_omega_radps": 0.1339260632813645,
    "tire_fr_spindle_omega_radps": 0.13477777344960493,
    "tire_rl_spindle_omega_radps": 0.15710779304381,
    "tire_rr_spindle_omega_radps": 0.15680060830845988
  },
  "val_mixed_loss": 0.046532545481932176,
  "rollout_flat_5.0s": {
    "xy_rmse_m": 2.94401216909409,
    "yaw_rmse_rad": 0.15723821592878837,
    "errdist": 0.3877694776864283,
    "mean_dist_m": 7.592170963684718,
    "episodes": 12
  },
  "rollout_flat_10.0s": {
    "xy_rmse_m": 7.8096318550300605,
    "yaw_rmse_rad": 0.2696416245919252,
    "errdist": 0.22175675092890798,
    "mean_dist_m": 35.2171098391215,
    "episodes": 12
  },
  "rollout_crm_5.0s": {
    "xy_rmse_m": 0.8957234631666714,
    "yaw_rmse_rad": 0.05637548345732423,
    "errdist": 0.12516219113789337,
    "mean_dist_m": 7.1565019357949495,
    "episodes": 12
  },
  "rollout_crm_10.0s": {
    "xy_rmse_m": 3.3147183395374795,
    "yaw_rmse_rad": 0.18601488231546454,
    "errdist": 0.13239383717675784,
    "mean_dist_m": 25.036802393694717,
    "episodes": 12
  },
  "rollout_sel": 0.1770752940528329
}
{
  "epoch": 45,
  "timestamp_utc": "2026-07-10T00:23:18.480220+00:00",
  "train_loss": 0.027521160728298126,
  "val_loss": 0.0035976159213169014,
  "val_rmse": {
    "vel_body_x_mps": 0.001065161312542272,
    "vel_body_y_mps": 0.0007084989933254643,
    "roll_rad": 1.7899728542765073e-05,
    "pitch_rad": 9.980857509937712e-06,
    "roll_rate_radps": 0.0015276167541284007,
    "ang_vel_body_y_radps": 0.0009253599402311817,
    "yaw_rate_radps": 0.001336748491512475,
    "tire_fl_force_wheel_fz_n": 40.742196984382325,
    "tire_fr_force_wheel_fz_n": 41.67453776093486,
    "tire_rl_force_wheel_fz_n": 25.37366753466923,
    "tire_rr_force_wheel_fz_n": 24.01017460244406,
    "tire_fl_spindle_omega_radps": 0.06492726868424487,
    "tire_fr_spindle_omega_radps": 0.07371073854976902,
    "tire_rl_spindle_omega_radps": 0.0739072451767704,
    "tire_rr_spindle_omega_radps": 0.055945560665275874
  },
  "val_flat_loss": 0.0035976159213169014,
  "val_flat_rmse": {
    "vel_body_x_mps": 0.001065161312542272,
    "vel_body_y_mps": 0.0007084989933254643,
    "roll_rad": 1.7899728542765073e-05,
    "pitch_rad": 9.980857509937712e-06,
    "roll_rate_radps": 0.0015276167541284007,
    "ang_vel_body_y_radps": 0.0009253599402311817,
    "yaw_rate_radps": 0.001336748491512475,
    "tire_fl_force_wheel_fz_n": 40.742196984382325,
    "tire_fr_force_wheel_fz_n": 41.67453776093486,
    "tire_rl_force_wheel_fz_n": 25.37366753466923,
    "tire_rr_force_wheel_fz_n": 24.01017460244406,
    "tire_fl_spindle_omega_radps": 0.06492726868424487,
    "tire_fr_spindle_omega_radps": 0.07371073854976902,
    "tire_rl_spindle_omega_radps": 0.0739072451767704,
    "tire_rr_spindle_omega_radps": 0.055945560665275874
  },
  "val_crm_loss": 0.08929967403935735,
  "val_crm_rmse": {
    "vel_body_x_mps": 0.0030148493502119888,
    "vel_body_y_mps": 0.0024889901133343722,
    "roll_rad": 5.23927903434279e-05,
    "pitch_rad": 3.0553664787209e-05,
    "roll_rate_radps": 0.0038966867966819603,
    "ang_vel_body_y_radps": 0.0026410583382943994,
    "yaw_rate_radps": 0.002327282722157837,
    "tire_fl_force_wheel_fz_n": 621.7010252857145,
    "tire_fr_force_wheel_fz_n": 626.1076502572807,
    "tire_rl_force_wheel_fz_n": 918.3776365328652,
    "tire_rr_force_wheel_fz_n": 955.63541911972,
    "tire_fl_spindle_omega_radps": 0.13513154517716888,
    "tire_fr_spindle_omega_radps": 0.13479417779310796,
    "tire_rl_spindle_omega_radps": 0.15685708669465775,
    "tire_rr_spindle_omega_radps": 0.15539642882449917
  },
  "val_mixed_loss": 0.04644864498033712,
  "rollout_flat_5.0s": {
    "xy_rmse_m": 1.8055843403535048,
    "yaw_rmse_rad": 0.13098615420676987,
    "errdist": 0.2378218758494867,
    "mean_dist_m": 7.592170963684718,
    "episodes": 12
  },
  "rollout_flat_10.0s": {
    "xy_rmse_m": 7.403192742100716,
    "yaw_rmse_rad": 0.46712449086923463,
    "errdist": 0.21021579499055765,
    "mean_dist_m": 35.2171098391215,
    "episodes": 12
  },
  "rollout_crm_5.0s": {
    "xy_rmse_m": 0.4180590557333473,
    "yaw_rmse_rad": 0.03104736877666934,
    "errdist": 0.05841667611970107,
    "mean_dist_m": 7.1565019357949495,
    "episodes": 12
  },
  "rollout_crm_10.0s": {
    "xy_rmse_m": 1.0754872351964366,
    "yaw_rmse_rad": 0.06675276932362148,
    "errdist": 0.04295625368946028,
    "mean_dist_m": 25.036802393694717,
    "episodes": 12
  },
  "rollout_sel": 0.12658602434000896
}
{
  "epoch": 46,
  "timestamp_utc": "2026-07-10T00:23:54.936797+00:00",
  "train_loss": 0.02717293898202479,
  "val_loss": 0.003406171487604297,
  "val_rmse": {
    "vel_body_x_mps": 0.0009375672986583918,
    "vel_body_y_mps": 0.000698885181326391,
    "roll_rad": 1.6334828837208932e-05,
    "pitch_rad": 1.0436666735103953e-05,
    "roll_rate_radps": 0.0015310814137289616,
    "ang_vel_body_y_radps": 0.0009555352399138506,
    "yaw_rate_radps": 0.0013322067128232462,
    "tire_fl_force_wheel_fz_n": 40.664804467078575,
    "tire_fr_force_wheel_fz_n": 43.86121479270336,
    "tire_rl_force_wheel_fz_n": 30.544876010747405,
    "tire_rr_force_wheel_fz_n": 23.168815546017658,
    "tire_fl_spindle_omega_radps": 0.06364316462389362,
    "tire_fr_spindle_omega_radps": 0.07384829739202793,
    "tire_rl_spindle_omega_radps": 0.07415140939262352,
    "tire_rr_spindle_omega_radps": 0.0561480108433033
  },
  "val_flat_loss": 0.003406171487604297,
  "val_flat_rmse": {
    "vel_body_x_mps": 0.0009375672986583918,
    "vel_body_y_mps": 0.000698885181326391,
    "roll_rad": 1.6334828837208932e-05,
    "pitch_rad": 1.0436666735103953e-05,
    "roll_rate_radps": 0.0015310814137289616,
    "ang_vel_body_y_radps": 0.0009555352399138506,
    "yaw_rate_radps": 0.0013322067128232462,
    "tire_fl_force_wheel_fz_n": 40.664804467078575,
    "tire_fr_force_wheel_fz_n": 43.86121479270336,
    "tire_rl_force_wheel_fz_n": 30.544876010747405,
    "tire_rr_force_wheel_fz_n": 23.168815546017658,
    "tire_fl_spindle_omega_radps": 0.06364316462389362,
    "tire_fr_spindle_omega_radps": 0.07384829739202793,
    "tire_rl_spindle_omega_radps": 0.07415140939262352,
    "tire_rr_spindle_omega_radps": 0.0561480108433033
  },
  "val_crm_loss": 0.08923958598868921,
  "val_crm_rmse": {
    "vel_body_x_mps": 0.002941647280777009,
    "vel_body_y_mps": 0.0024588242258077255,
    "roll_rad": 4.438790821987917e-05,
    "pitch_rad": 3.068752442905017e-05,
    "roll_rate_radps": 0.0038262125343921888,
    "ang_vel_body_y_radps": 0.0026194549073869523,
    "yaw_rate_radps": 0.002324861513861003,
    "tire_fl_force_wheel_fz_n": 626.3362150102759,
    "tire_fr_force_wheel_fz_n": 649.2538951697297,
    "tire_rl_force_wheel_fz_n": 914.3056679748664,
    "tire_rr_force_wheel_fz_n": 956.5274736720343,
    "tire_fl_spindle_omega_radps": 0.13479655804412452,
    "tire_fr_spindle_omega_radps": 0.13505972842178937,
    "tire_rl_spindle_omega_radps": 0.15634925412739148,
    "tire_rr_spindle_omega_radps": 0.15589642533743658
  },
  "val_mixed_loss": 0.04632287873814676,
  "rollout_flat_5.0s": {
    "xy_rmse_m": 1.3642075373625322,
    "yaw_rmse_rad": 0.10089359935936801,
    "errdist": 0.17968609293545723,
    "mean_dist_m": 7.592170963684718,
    "episodes": 12
  },
  "rollout_flat_10.0s": {
    "xy_rmse_m": 5.097156636596014,
    "yaw_rmse_rad": 0.2523352270192814,
    "errdist": 0.14473523409163336,
    "mean_dist_m": 35.2171098391215,
    "episodes": 12
  },
  "rollout_crm_5.0s": {
    "xy_rmse_m": 0.5656251969872794,
    "yaw_rmse_rad": 0.03800500854507461,
    "errdist": 0.07903654635488468,
    "mean_dist_m": 7.1565019357949495,
    "episodes": 12
  },
  "rollout_crm_10.0s": {
    "xy_rmse_m": 1.9258103290913275,
    "yaw_rmse_rad": 0.10040400770246916,
    "errdist": 0.07691918076472595,
    "mean_dist_m": 25.036802393694717,
    "episodes": 12
  },
  "rollout_sel": 0.11082720742817966
}
{
  "epoch": 47,
  "timestamp_utc": "2026-07-10T00:24:30.759197+00:00",
  "train_loss": 0.0270236759330146,
  "val_loss": 0.0035110088563669707,
  "val_rmse": {
    "vel_body_x_mps": 0.0009495588731841947,
    "vel_body_y_mps": 0.000711241186073207,
    "roll_rad": 1.8402262944801354e-05,
    "pitch_rad": 1.0754960028263206e-05,
    "roll_rate_radps": 0.0016223210414253806,
    "ang_vel_body_y_radps": 0.0009285022962454906,
    "yaw_rate_radps": 0.0013396682971786584,
    "tire_fl_force_wheel_fz_n": 40.88798487978406,
    "tire_fr_force_wheel_fz_n": 43.76784346340442,
    "tire_rl_force_wheel_fz_n": 25.505653829975433,
    "tire_rr_force_wheel_fz_n": 28.383321447327013,
    "tire_fl_spindle_omega_radps": 0.06419320227365422,
    "tire_fr_spindle_omega_radps": 0.07338484270535563,
    "tire_rl_spindle_omega_radps": 0.07467328140070778,
    "tire_rr_spindle_omega_radps": 0.05699969063415492
  },
  "val_flat_loss": 0.0035110088563669707,
  "val_flat_rmse": {
    "vel_body_x_mps": 0.0009495588731841947,
    "vel_body_y_mps": 0.000711241186073207,
    "roll_rad": 1.8402262944801354e-05,
    "pitch_rad": 1.0754960028263206e-05,
    "roll_rate_radps": 0.0016223210414253806,
    "ang_vel_body_y_radps": 0.0009285022962454906,
    "yaw_rate_radps": 0.0013396682971786584,
    "tire_fl_force_wheel_fz_n": 40.88798487978406,
    "tire_fr_force_wheel_fz_n": 43.76784346340442,
    "tire_rl_force_wheel_fz_n": 25.505653829975433,
    "tire_rr_force_wheel_fz_n": 28.383321447327013,
    "tire_fl_spindle_omega_radps": 0.06419320227365422,
    "tire_fr_spindle_omega_radps": 0.07338484270535563,
    "tire_rl_spindle_omega_radps": 0.07467328140070778,
    "tire_rr_spindle_omega_radps": 0.05699969063415492
  },
  "val_crm_loss": 0.08890219347027596,
  "val_crm_rmse": {
    "vel_body_x_mps": 0.0029255902576602495,
    "vel_body_y_mps": 0.0024625069052146126,
    "roll_rad": 4.5757447807848e-05,
    "pitch_rad": 3.114773545763871e-05,
    "roll_rate_radps": 0.0038669130757718,
    "ang_vel_body_y_radps": 0.002579910891860153,
    "yaw_rate_radps": 0.0023339246475759332,
    "tire_fl_force_wheel_fz_n": 624.5679529710262,
    "tire_fr_force_wheel_fz_n": 634.5096812475944,
    "tire_rl_force_wheel_fz_n": 919.9976029207265,
    "tire_rr_force_wheel_fz_n": 954.2563675033321,
    "tire_fl_spindle_omega_radps": 0.13416983431312787,
    "tire_fr_spindle_omega_radps": 0.1345247260365031,
    "tire_rl_spindle_omega_radps": 0.1561712570053147,
    "tire_rr_spindle_omega_radps": 0.15640411873289237
  },
  "val_mixed_loss": 0.04620660116332147,
  "rollout_flat_5.0s": {
    "xy_rmse_m": 1.8029498927057586,
    "yaw_rmse_rad": 0.16464495503222185,
    "errdist": 0.2374748805486238,
    "mean_dist_m": 7.592170963684718,
    "episodes": 12
  },
  "rollout_flat_10.0s": {
    "xy_rmse_m": 8.432813069374943,
    "yaw_rmse_rad": 0.49547723319174664,
    "errdist": 0.2394521614038644,
    "mean_dist_m": 35.2171098391215,
    "episodes": 12
  },
  "rollout_crm_5.0s": {
    "xy_rmse_m": 1.0544847180998769,
    "yaw_rmse_rad": 0.07501619569764897,
    "errdist": 0.1473463889984603,
    "mean_dist_m": 7.1565019357949495,
    "episodes": 12
  },
  "rollout_crm_10.0s": {
    "xy_rmse_m": 4.4745176166843095,
    "yaw_rmse_rad": 0.20632474477522705,
    "errdist": 0.17871761522594334,
    "mean_dist_m": 25.036802393694717,
    "episodes": 12
  },
  "rollout_sel": 0.20908488831490388
}
{
  "epoch": 48,
  "timestamp_utc": "2026-07-10T00:25:06.662239+00:00",
  "train_loss": 0.027154404962901026,
  "val_loss": 0.0034358219926434687,
  "val_rmse": {
    "vel_body_x_mps": 0.0009250010469302522,
    "vel_body_y_mps": 0.0008651176954469485,
    "roll_rad": 1.5979999313519366e-05,
    "pitch_rad": 9.405287138133786e-06,
    "roll_rate_radps": 0.0015116146700849115,
    "ang_vel_body_y_radps": 0.0009265767976345501,
    "yaw_rate_radps": 0.0013497453650785085,
    "tire_fl_force_wheel_fz_n": 40.04410581720916,
    "tire_fr_force_wheel_fz_n": 41.07207751868162,
    "tire_rl_force_wheel_fz_n": 24.433502754462786,
    "tire_rr_force_wheel_fz_n": 24.037043946135977,
    "tire_fl_spindle_omega_radps": 0.06291774905120229,
    "tire_fr_spindle_omega_radps": 0.07326987313336761,
    "tire_rl_spindle_omega_radps": 0.07370282907279413,
    "tire_rr_spindle_omega_radps": 0.05614243384552823
  },
  "val_flat_loss": 0.0034358219926434687,
  "val_flat_rmse": {
    "vel_body_x_mps": 0.0009250010469302522,
    "vel_body_y_mps": 0.0008651176954469485,
    "roll_rad": 1.5979999313519366e-05,
    "pitch_rad": 9.405287138133786e-06,
    "roll_rate_radps": 0.0015116146700849115,
    "ang_vel_body_y_radps": 0.0009265767976345501,
    "yaw_rate_radps": 0.0013497453650785085,
    "tire_fl_force_wheel_fz_n": 40.04410581720916,
    "tire_fr_force_wheel_fz_n": 41.07207751868162,
    "tire_rl_force_wheel_fz_n": 24.433502754462786,
    "tire_rr_force_wheel_fz_n": 24.037043946135977,
    "tire_fl_spindle_omega_radps": 0.06291774905120229,
    "tire_fr_spindle_omega_radps": 0.07326987313336761,
    "tire_rl_spindle_omega_radps": 0.07370282907279413,
    "tire_rr_spindle_omega_radps": 0.05614243384552823
  },
  "val_crm_loss": 0.08888926988060121,
  "val_crm_rmse": {
    "vel_body_x_mps": 0.002903970783263101,
    "vel_body_y_mps": 0.0024541552935037183,
    "roll_rad": 4.7082572628082885e-05,
    "pitch_rad": 3.116237947483192e-05,
    "roll_rate_radps": 0.003796569696298898,
    "ang_vel_body_y_radps": 0.0025888291346397576,
    "yaw_rate_radps": 0.0023454899450524127,
    "tire_fl_force_wheel_fz_n": 626.2034674169255,
    "tire_fr_force_wheel_fz_n": 628.9387614607042,
    "tire_rl_force_wheel_fz_n": 917.8876476859323,
    "tire_rr_force_wheel_fz_n": 959.9088043820113,
    "tire_fl_spindle_omega_radps": 0.13424060856319864,
    "tire_fr_spindle_omega_radps": 0.1337911975327608,
    "tire_rl_spindle_omega_radps": 0.15796313915845042,
    "tire_rr_spindle_omega_radps": 0.15616155191875059
  },
  "val_mixed_loss": 0.04616254593662234,
  "rollout_flat_5.0s": {
    "xy_rmse_m": 1.5518751979607035,
    "yaw_rmse_rad": 0.09095039469610745,
    "errdist": 0.2044046696766599,
    "mean_dist_m": 7.592170963684718,
    "episodes": 12
  },
  "rollout_flat_10.0s": {
    "xy_rmse_m": 4.922149678698663,
    "yaw_rmse_rad": 0.20768023519584045,
    "errdist": 0.13976586100290414,
    "mean_dist_m": 35.2171098391215,
    "episodes": 12
  },
  "rollout_crm_5.0s": {
    "xy_rmse_m": 0.9825551434444062,
    "yaw_rmse_rad": 0.06892445400938675,
    "errdist": 0.13729544856683717,
    "mean_dist_m": 7.1565019357949495,
    "episodes": 12
  },
  "rollout_crm_10.0s": {
    "xy_rmse_m": 3.7500467779844744,
    "yaw_rmse_rad": 0.17835385233120585,
    "errdist": 0.1497813785888604,
    "mean_dist_m": 25.036802393694717,
    "episodes": 12
  },
  "rollout_sel": 0.14477361979588227
}
{
  "epoch": 49,
  "timestamp_utc": "2026-07-10T00:25:43.887135+00:00",
  "train_loss": 0.02682467331876978,
  "val_loss": 0.0035720639871578896,
  "val_rmse": {
    "vel_body_x_mps": 0.000975835909457312,
    "vel_body_y_mps": 0.000731217370745724,
    "roll_rad": 1.786151146901352e-05,
    "pitch_rad": 9.613197436022009e-06,
    "roll_rate_radps": 0.0015268408770479274,
    "ang_vel_body_y_radps": 0.0009133641255620894,
    "yaw_rate_radps": 0.0013826420165104583,
    "tire_fl_force_wheel_fz_n": 40.308616712437775,
    "tire_fr_force_wheel_fz_n": 40.92896552718805,
    "tire_rl_force_wheel_fz_n": 24.988433784948384,
    "tire_rr_force_wheel_fz_n": 24.185818310809957,
    "tire_fl_spindle_omega_radps": 0.06406348163685434,
    "tire_fr_spindle_omega_radps": 0.07356420564269303,
    "tire_rl_spindle_omega_radps": 0.07408442316562296,
    "tire_rr_spindle_omega_radps": 0.05536821609879606
  },
  "val_flat_loss": 0.0035720639871578896,
  "val_flat_rmse": {
    "vel_body_x_mps": 0.000975835909457312,
    "vel_body_y_mps": 0.000731217370745724,
    "roll_rad": 1.786151146901352e-05,
    "pitch_rad": 9.613197436022009e-06,
    "roll_rate_radps": 0.0015268408770479274,
    "ang_vel_body_y_radps": 0.0009133641255620894,
    "yaw_rate_radps": 0.0013826420165104583,
    "tire_fl_force_wheel_fz_n": 40.308616712437775,
    "tire_fr_force_wheel_fz_n": 40.92896552718805,
    "tire_rl_force_wheel_fz_n": 24.988433784948384,
    "tire_rr_force_wheel_fz_n": 24.185818310809957,
    "tire_fl_spindle_omega_radps": 0.06406348163685434,
    "tire_fr_spindle_omega_radps": 0.07356420564269303,
    "tire_rl_spindle_omega_radps": 0.07408442316562296,
    "tire_rr_spindle_omega_radps": 0.05536821609879606
  },
  "val_crm_loss": 0.08902066332637332,
  "val_crm_rmse": {
    "vel_body_x_mps": 0.0029621360941545567,
    "vel_body_y_mps": 0.0024895178207586903,
    "roll_rad": 4.358024860747599e-05,
    "pitch_rad": 3.524184848743318e-05,
    "roll_rate_radps": 0.0038452733966908943,
    "ang_vel_body_y_radps": 0.0026184543237285436,
    "yaw_rate_radps": 0.002341327841416624,
    "tire_fl_force_wheel_fz_n": 623.9085879953219,
    "tire_fr_force_wheel_fz_n": 624.7186794838888,
    "tire_rl_force_wheel_fz_n": 916.0173829940487,
    "tire_rr_force_wheel_fz_n": 961.0892571828159,
    "tire_fl_spindle_omega_radps": 0.1347786825573176,
    "tire_fr_spindle_omega_radps": 0.13320052792214382,
    "tire_rl_spindle_omega_radps": 0.15589241069697196,
    "tire_rr_spindle_omega_radps": 0.15747052628658312
  },
  "val_mixed_loss": 0.0462963636567656,
  "rollout_flat_5.0s": {
    "xy_rmse_m": 2.524740156646134,
    "yaw_rmse_rad": 0.19965938110638443,
    "errdist": 0.33254521911092455,
    "mean_dist_m": 7.592170963684718,
    "episodes": 12
  },
  "rollout_flat_10.0s": {
    "xy_rmse_m": 7.362408481929345,
    "yaw_rmse_rad": 0.42972175973803783,
    "errdist": 0.20905771414980492,
    "mean_dist_m": 35.2171098391215,
    "episodes": 12
  },
  "rollout_crm_5.0s": {
    "xy_rmse_m": 0.8573827326362354,
    "yaw_rmse_rad": 0.0720899950975159,
    "errdist": 0.1198047230795581,
    "mean_dist_m": 7.1565019357949495,
    "episodes": 12
  },
  "rollout_crm_10.0s": {
    "xy_rmse_m": 3.961990847763641,
    "yaw_rmse_rad": 0.18784254657174984,
    "errdist": 0.1582466796463366,
    "mean_dist_m": 25.036802393694717,
    "episodes": 12
  },
  "rollout_sel": 0.18365219689807077
}
{
  "epoch": 50,
  "timestamp_utc": "2026-07-10T00:26:21.078197+00:00",
  "train_loss": 0.026815289225429296,
  "val_loss": 0.0033672873687464744,
  "val_rmse": {
    "vel_body_x_mps": 0.0009213485020573315,
    "vel_body_y_mps": 0.0007024222554662594,
    "roll_rad": 1.7831469635594322e-05,
    "pitch_rad": 1.0208936533600958e-05,
    "roll_rate_radps": 0.001535253243417049,
    "ang_vel_body_y_radps": 0.0009188258573245858,
    "yaw_rate_radps": 0.0013407879590827895,
    "tire_fl_force_wheel_fz_n": 40.15007419650584,
    "tire_fr_force_wheel_fz_n": 41.4523289479453,
    "tire_rl_force_wheel_fz_n": 25.649297811887056,
    "tire_rr_force_wheel_fz_n": 24.189620137506306,
    "tire_fl_spindle_omega_radps": 0.06360491231744453,
    "tire_fr_spindle_omega_radps": 0.07358319927972451,
    "tire_rl_spindle_omega_radps": 0.07410262021516671,
    "tire_rr_spindle_omega_radps": 0.055341165060635356
  },
  "val_flat_loss": 0.0033672873687464744,
  "val_flat_rmse": {
    "vel_body_x_mps": 0.0009213485020573315,
    "vel_body_y_mps": 0.0007024222554662594,
    "roll_rad": 1.7831469635594322e-05,
    "pitch_rad": 1.0208936533600958e-05,
    "roll_rate_radps": 0.001535253243417049,
    "ang_vel_body_y_radps": 0.0009188258573245858,
    "yaw_rate_radps": 0.0013407879590827895,
    "tire_fl_force_wheel_fz_n": 40.15007419650584,
    "tire_fr_force_wheel_fz_n": 41.4523289479453,
    "tire_rl_force_wheel_fz_n": 25.649297811887056,
    "tire_rr_force_wheel_fz_n": 24.189620137506306,
    "tire_fl_spindle_omega_radps": 0.06360491231744453,
    "tire_fr_spindle_omega_radps": 0.07358319927972451,
    "tire_rl_spindle_omega_radps": 0.07410262021516671,
    "tire_rr_spindle_omega_radps": 0.055341165060635356
  },
  "val_crm_loss": 0.08806781894585583,
  "val_crm_rmse": {
    "vel_body_x_mps": 0.0029197728985069344,
    "vel_body_y_mps": 0.002425973619982837,
    "roll_rad": 4.712946646022827e-05,
    "pitch_rad": 3.0788836255531196e-05,
    "roll_rate_radps": 0.003781893348145026,
    "ang_vel_body_y_radps": 0.002582091432464854,
    "yaw_rate_radps": 0.0023068823647234347,
    "tire_fl_force_wheel_fz_n": 619.4195468398816,
    "tire_fr_force_wheel_fz_n": 627.0167281581383,
    "tire_rl_force_wheel_fz_n": 917.9851117478023,
    "tire_rr_force_wheel_fz_n": 950.9551388025698,
    "tire_fl_spindle_omega_radps": 0.13405205357996194,
    "tire_fr_spindle_omega_radps": 0.13331875242517446,
    "tire_rl_spindle_omega_radps": 0.15668161666248526,
    "tire_rr_spindle_omega_radps": 0.15473213429575255
  },
  "val_mixed_loss": 0.04571755315730115,
  "rollout_flat_5.0s": {
    "xy_rmse_m": 2.920114279344067,
    "yaw_rmse_rad": 0.2370992822138259,
    "errdist": 0.3846217759467898,
    "mean_dist_m": 7.592170963684718,
    "episodes": 12
  },
  "rollout_flat_10.0s": {
    "xy_rmse_m": 12.096491284655215,
    "yaw_rmse_rad": 0.7011164502718358,
    "errdist": 0.343483361920223,
    "mean_dist_m": 35.2171098391215,
    "episodes": 12
  },
  "rollout_crm_5.0s": {
    "xy_rmse_m": 0.903151104691683,
    "yaw_rmse_rad": 0.042607108387568704,
    "errdist": 0.1262000783056255,
    "mean_dist_m": 7.1565019357949495,
    "episodes": 12
  },
  "rollout_crm_10.0s": {
    "xy_rmse_m": 3.431596967505921,
    "yaw_rmse_rad": 0.11156050535920184,
    "errdist": 0.13706211015070105,
    "mean_dist_m": 25.036802393694717,
    "episodes": 12
  },
  "rollout_sel": 0.240272736035462
}
{
  "epoch": 51,
  "timestamp_utc": "2026-07-10T00:26:58.321285+00:00",
  "train_loss": 0.02671099601406604,
  "val_loss": 0.003240285095380386,
  "val_rmse": {
    "vel_body_x_mps": 0.0009127055278799558,
    "vel_body_y_mps": 0.0007106291992349553,
    "roll_rad": 2.0696707750957483e-05,
    "pitch_rad": 1.1248751013155308e-05,
    "roll_rate_radps": 0.0015127849066204633,
    "ang_vel_body_y_radps": 0.0009178876747881861,
    "yaw_rate_radps": 0.0013148253252892907,
    "tire_fl_force_wheel_fz_n": 39.67665236126438,
    "tire_fr_force_wheel_fz_n": 40.63976763098472,
    "tire_rl_force_wheel_fz_n": 25.327323623772074,
    "tire_rr_force_wheel_fz_n": 22.790270681384836,
    "tire_fl_spindle_omega_radps": 0.06244506380098277,
    "tire_fr_spindle_omega_radps": 0.07283550353522636,
    "tire_rl_spindle_omega_radps": 0.07367938939457985,
    "tire_rr_spindle_omega_radps": 0.05525545787145513
  },
  "val_flat_loss": 0.003240285095380386,
  "val_flat_rmse": {
    "vel_body_x_mps": 0.0009127055278799558,
    "vel_body_y_mps": 0.0007106291992349553,
    "roll_rad": 2.0696707750957483e-05,
    "pitch_rad": 1.1248751013155308e-05,
    "roll_rate_radps": 0.0015127849066204633,
    "ang_vel_body_y_radps": 0.0009178876747881861,
    "yaw_rate_radps": 0.0013148253252892907,
    "tire_fl_force_wheel_fz_n": 39.67665236126438,
    "tire_fr_force_wheel_fz_n": 40.63976763098472,
    "tire_rl_force_wheel_fz_n": 25.327323623772074,
    "tire_rr_force_wheel_fz_n": 22.790270681384836,
    "tire_fl_spindle_omega_radps": 0.06244506380098277,
    "tire_fr_spindle_omega_radps": 0.07283550353522636,
    "tire_rl_spindle_omega_radps": 0.07367938939457985,
    "tire_rr_spindle_omega_radps": 0.05525545787145513
  },
  "val_crm_loss": 0.08781603263225407,
  "val_crm_rmse": {
    "vel_body_x_mps": 0.0028794678680488044,
    "vel_body_y_mps": 0.002419205828280239,
    "roll_rad": 4.598755232249531e-05,
    "pitch_rad": 3.6100624313186994e-05,
    "roll_rate_radps": 0.003814328576223263,
    "ang_vel_body_y_radps": 0.0025600312561740784,
    "yaw_rate_radps": 0.0023075015155237803,
    "tire_fl_force_wheel_fz_n": 621.1427957620137,
    "tire_fr_force_wheel_fz_n": 620.9135245856928,
    "tire_rl_force_wheel_fz_n": 914.2825693921633,
    "tire_rr_force_wheel_fz_n": 954.1460225856819,
    "tire_fl_spindle_omega_radps": 0.13275644864340638,
    "tire_fr_spindle_omega_radps": 0.13345228745546409,
    "tire_rl_spindle_omega_radps": 0.15527316453567372,
    "tire_rr_spindle_omega_radps": 0.15549761427927242
  },
  "val_mixed_loss": 0.045528158863817225,
  "rollout_flat_5.0s": {
    "xy_rmse_m": 3.1766229345374257,
    "yaw_rmse_rad": 0.19673834643524926,
    "errdist": 0.41840771891623885,
    "mean_dist_m": 7.592170963684718,
    "episodes": 12
  },
  "rollout_flat_10.0s": {
    "xy_rmse_m": 7.564988824063333,
    "yaw_rmse_rad": 0.24615955791895744,
    "errdist": 0.21481004144353838,
    "mean_dist_m": 35.2171098391215,
    "episodes": 12
  },
  "rollout_crm_5.0s": {
    "xy_rmse_m": 0.6159996038694677,
    "yaw_rmse_rad": 0.040780171578619136,
    "errdist": 0.08607551697686253,
    "mean_dist_m": 7.1565019357949495,
    "episodes": 12
  },
  "rollout_crm_10.0s": {
    "xy_rmse_m": 2.688805450028474,
    "yaw_rmse_rad": 0.09303484883009161,
    "errdist": 0.10739412356849629,
    "mean_dist_m": 25.036802393694717,
    "episodes": 12
  },
  "rollout_sel": 0.16110208250601732
}
{
  "epoch": 52,
  "timestamp_utc": "2026-07-10T00:27:34.712427+00:00",
  "train_loss": 0.026461676279082896,
  "val_loss": 0.003341965298586729,
  "val_rmse": {
    "vel_body_x_mps": 0.0009312709421818038,
    "vel_body_y_mps": 0.0006611234450843281,
    "roll_rad": 1.7345990738277805e-05,
    "pitch_rad": 8.98058605203072e-06,
    "roll_rate_radps": 0.0016160318131506813,
    "ang_vel_body_y_radps": 0.0009141756797524026,
    "yaw_rate_radps": 0.0013174887166605045,
    "tire_fl_force_wheel_fz_n": 40.12872863783697,
    "tire_fr_force_wheel_fz_n": 40.36935389389363,
    "tire_rl_force_wheel_fz_n": 25.693586365854465,
    "tire_rr_force_wheel_fz_n": 23.297757565355543,
    "tire_fl_spindle_omega_radps": 0.06241475176962753,
    "tire_fr_spindle_omega_radps": 0.07222252541152589,
    "tire_rl_spindle_omega_radps": 0.07511807033016597,
    "tire_rr_spindle_omega_radps": 0.056064023457614
  },
  "val_flat_loss": 0.003341965298586729,
  "val_flat_rmse": {
    "vel_body_x_mps": 0.0009312709421818038,
    "vel_body_y_mps": 0.0006611234450843281,
    "roll_rad": 1.7345990738277805e-05,
    "pitch_rad": 8.98058605203072e-06,
    "roll_rate_radps": 0.0016160318131506813,
    "ang_vel_body_y_radps": 0.0009141756797524026,
    "yaw_rate_radps": 0.0013174887166605045,
    "tire_fl_force_wheel_fz_n": 40.12872863783697,
    "tire_fr_force_wheel_fz_n": 40.36935389389363,
    "tire_rl_force_wheel_fz_n": 25.693586365854465,
    "tire_rr_force_wheel_fz_n": 23.297757565355543,
    "tire_fl_spindle_omega_radps": 0.06241475176962753,
    "tire_fr_spindle_omega_radps": 0.07222252541152589,
    "tire_rl_spindle_omega_radps": 0.07511807033016597,
    "tire_rr_spindle_omega_radps": 0.056064023457614
  },
  "val_crm_loss": 0.08717379030247685,
  "val_crm_rmse": {
    "vel_body_x_mps": 0.0028686563123208066,
    "vel_body_y_mps": 0.0024074480100652494,
    "roll_rad": 4.2492440222585516e-05,
    "pitch_rad": 2.9690087342569455e-05,
    "roll_rate_radps": 0.0037225392726884746,
    "ang_vel_body_y_radps": 0.0025350689090588613,
    "yaw_rate_radps": 0.0023154608323452566,
    "tire_fl_force_wheel_fz_n": 611.9773691817575,
    "tire_fr_force_wheel_fz_n": 615.4036694902941,
    "tire_rl_force_wheel_fz_n": 913.1895692394191,
    "tire_rr_force_wheel_fz_n": 953.3126363165077,
    "tire_fl_spindle_omega_radps": 0.13301138299622275,
    "tire_fr_spindle_omega_radps": 0.13336609700128846,
    "tire_rl_spindle_omega_radps": 0.1549092771693482,
    "tire_rr_spindle_omega_radps": 0.15430679317858714
  },
  "val_mixed_loss": 0.04525787780053179,
  "rollout_flat_5.0s": {
    "xy_rmse_m": 1.7286090877803848,
    "yaw_rmse_rad": 0.1563913258696189,
    "errdist": 0.2276831088299725,
    "mean_dist_m": 7.592170963684718,
    "episodes": 12
  },
  "rollout_flat_10.0s": {
    "xy_rmse_m": 6.757636552381945,
    "yaw_rmse_rad": 0.44908129103254535,
    "errdist": 0.19188504063087866,
    "mean_dist_m": 35.2171098391215,
    "episodes": 12
  },
  "rollout_crm_5.0s": {
    "xy_rmse_m": 1.0774319851939207,
    "yaw_rmse_rad": 0.04605900401809261,
    "errdist": 0.15055288112267362,
    "mean_dist_m": 7.1565019357949495,
    "episodes": 12
  },
  "rollout_crm_10.0s": {
    "xy_rmse_m": 4.609450128492611,
    "yaw_rmse_rad": 0.14201658817575588,
    "errdist": 0.18410698203431353,
    "mean_dist_m": 25.036802393694717,
    "episodes": 12
  },
  "rollout_sel": 0.18799601133259608
}
{
  "epoch": 53,
  "timestamp_utc": "2026-07-10T00:28:12.965363+00:00",
  "train_loss": 0.02637291683908552,
  "val_loss": 0.003305327034322545,
  "val_rmse": {
    "vel_body_x_mps": 0.0009171145318014585,
    "vel_body_y_mps": 0.0006960954409738496,
    "roll_rad": 1.8887202596168232e-05,
    "pitch_rad": 9.06786650183844e-06,
    "roll_rate_radps": 0.0015110898400674114,
    "ang_vel_body_y_radps": 0.0009154359861061155,
    "yaw_rate_radps": 0.0013071074488630993,
    "tire_fl_force_wheel_fz_n": 41.79318903618873,
    "tire_fr_force_wheel_fz_n": 40.36274218700731,
    "tire_rl_force_wheel_fz_n": 24.782072134920124,
    "tire_rr_force_wheel_fz_n": 24.216501843267192,
    "tire_fl_spindle_omega_radps": 0.06270895051085898,
    "tire_fr_spindle_omega_radps": 0.07272062120007251,
    "tire_rl_spindle_omega_radps": 0.07555526966201048,
    "tire_rr_spindle_omega_radps": 0.05614601731055033
  },
  "val_flat_loss": 0.003305327034322545,
  "val_flat_rmse": {
    "vel_body_x_mps": 0.0009171145318014585,
    "vel_body_y_mps": 0.0006960954409738496,
    "roll_rad": 1.8887202596168232e-05,
    "pitch_rad": 9.06786650183844e-06,
    "roll_rate_radps": 0.0015110898400674114,
    "ang_vel_body_y_radps": 0.0009154359861061155,
    "yaw_rate_radps": 0.0013071074488630993,
    "tire_fl_force_wheel_fz_n": 41.79318903618873,
    "tire_fr_force_wheel_fz_n": 40.36274218700731,
    "tire_rl_force_wheel_fz_n": 24.782072134920124,
    "tire_rr_force_wheel_fz_n": 24.216501843267192,
    "tire_fl_spindle_omega_radps": 0.06270895051085898,
    "tire_fr_spindle_omega_radps": 0.07272062120007251,
    "tire_rl_spindle_omega_radps": 0.07555526966201048,
    "tire_rr_spindle_omega_radps": 0.05614601731055033
  },
  "val_crm_loss": 0.08693133692373521,
  "val_crm_rmse": {
    "vel_body_x_mps": 0.0028474677543944486,
    "vel_body_y_mps": 0.0024011316040771775,
    "roll_rad": 4.8802027483743625e-05,
    "pitch_rad": 2.992893036386428e-05,
    "roll_rate_radps": 0.0037035257641716826,
    "ang_vel_body_y_radps": 0.0025557594788160882,
    "yaw_rate_radps": 0.0023068747882358928,
    "tire_fl_force_wheel_fz_n": 608.1890454536037,
    "tire_fr_force_wheel_fz_n": 623.2135663946822,
    "tire_rl_force_wheel_fz_n": 916.24724640936,
    "tire_rr_force_wheel_fz_n": 943.5310597751926,
    "tire_fl_spindle_omega_radps": 0.13201993838454984,
    "tire_fr_spindle_omega_radps": 0.13269371948505748,
    "tire_rl_spindle_omega_radps": 0.1546094091901515,
    "tire_rr_spindle_omega_radps": 0.15466481514549188
  },
  "val_mixed_loss": 0.045118331979028876,
  "rollout_flat_5.0s": {
    "xy_rmse_m": 1.7373428383423501,
    "yaw_rmse_rad": 0.15181507314985562,
    "errdist": 0.22883347156597267,
    "mean_dist_m": 7.592170963684718,
    "episodes": 12
  },
  "rollout_flat_10.0s": {
    "xy_rmse_m": 6.32048624928564,
    "yaw_rmse_rad": 0.23642157629539298,
    "errdist": 0.17947203158234254,
    "mean_dist_m": 35.2171098391215,
    "episodes": 12
  },
  "rollout_crm_5.0s": {
    "xy_rmse_m": 0.7586907672752544,
    "yaw_rmse_rad": 0.02963814623396443,
    "errdist": 0.10601419158157169,
    "mean_dist_m": 7.1565019357949495,
    "episodes": 12
  },
  "rollout_crm_10.0s": {
    "xy_rmse_m": 1.6952336471197187,
    "yaw_rmse_rad": 0.06020926117319607,
    "errdist": 0.0677096707663694,
    "mean_dist_m": 25.036802393694717,
    "episodes": 12
  },
  "rollout_sel": 0.12359085117435598
}
{
  "epoch": 54,
  "timestamp_utc": "2026-07-10T00:28:48.362460+00:00",
  "train_loss": 0.026310625256504863,
  "val_loss": 0.0032458262782529344,
  "val_rmse": {
    "vel_body_x_mps": 0.0009194186391256931,
    "vel_body_y_mps": 0.0006848157356103193,
    "roll_rad": 1.688295852236629e-05,
    "pitch_rad": 1.141488524289211e-05,
    "roll_rate_radps": 0.0015042110592563978,
    "ang_vel_body_y_radps": 0.0009205711102832477,
    "yaw_rate_radps": 0.0013152913918437494,
    "tire_fl_force_wheel_fz_n": 38.96635077988597,
    "tire_fr_force_wheel_fz_n": 40.044538559524014,
    "tire_rl_force_wheel_fz_n": 25.85031521658486,
    "tire_rr_force_wheel_fz_n": 23.07501706218812,
    "tire_fl_spindle_omega_radps": 0.062154426729086235,
    "tire_fr_spindle_omega_radps": 0.07282729569484213,
    "tire_rl_spindle_omega_radps": 0.07377696793044428,
    "tire_rr_spindle_omega_radps": 0.05530351730020412
  },
  "val_flat_loss": 0.0032458262782529344,
  "val_flat_rmse": {
    "vel_body_x_mps": 0.0009194186391256931,
    "vel_body_y_mps": 0.0006848157356103193,
    "roll_rad": 1.688295852236629e-05,
    "pitch_rad": 1.141488524289211e-05,
    "roll_rate_radps": 0.0015042110592563978,
    "ang_vel_body_y_radps": 0.0009205711102832477,
    "yaw_rate_radps": 0.0013152913918437494,
    "tire_fl_force_wheel_fz_n": 38.96635077988597,
    "tire_fr_force_wheel_fz_n": 40.044538559524014,
    "tire_rl_force_wheel_fz_n": 25.85031521658486,
    "tire_rr_force_wheel_fz_n": 23.07501706218812,
    "tire_fl_spindle_omega_radps": 0.062154426729086235,
    "tire_fr_spindle_omega_radps": 0.07282729569484213,
    "tire_rl_spindle_omega_radps": 0.07377696793044428,
    "tire_rr_spindle_omega_radps": 0.05530351730020412
  },
  "val_crm_loss": 0.08702436663617846,
  "val_crm_rmse": {
    "vel_body_x_mps": 0.002857102936925857,
    "vel_body_y_mps": 0.0023753747471515958,
    "roll_rad": 4.361861083273494e-05,
    "pitch_rad": 3.2793831196789615e-05,
    "roll_rate_radps": 0.0037532155529731905,
    "ang_vel_body_y_radps": 0.002549131760232706,
    "yaw_rate_radps": 0.0022983549844581776,
    "tire_fl_force_wheel_fz_n": 616.3643401607343,
    "tire_fr_force_wheel_fz_n": 610.0316558228409,
    "tire_rl_force_wheel_fz_n": 914.3685957648034,
    "tire_rr_force_wheel_fz_n": 949.6465569364195,
    "tire_fl_spindle_omega_radps": 0.1323472371004256,
    "tire_fr_spindle_omega_radps": 0.13202704743092586,
    "tire_rl_spindle_omega_radps": 0.154672979621616,
    "tire_rr_spindle_omega_radps": 0.15497555849964004
  },
  "val_mixed_loss": 0.045135096457215695,
  "rollout_flat_5.0s": {
    "xy_rmse_m": 2.3355116935496585,
    "yaw_rmse_rad": 0.15848602316987645,
    "errdist": 0.30762106184397114,
    "mean_dist_m": 7.592170963684718,
    "episodes": 12
  },
  "rollout_flat_10.0s": {
    "xy_rmse_m": 7.774190483186268,
    "yaw_rmse_rad": 0.35686584731489013,
    "errdist": 0.22075038294454766,
    "mean_dist_m": 35.2171098391215,
    "episodes": 12
  },
  "rollout_crm_5.0s": {
    "xy_rmse_m": 0.8240829331766749,
    "yaw_rmse_rad": 0.027399875838338198,
    "errdist": 0.11515163980531155,
    "mean_dist_m": 7.1565019357949495,
    "episodes": 12
  },
  "rollout_crm_10.0s": {
    "xy_rmse_m": 2.089435572573957,
    "yaw_rmse_rad": 0.13474852947402607,
    "errdist": 0.0834545697856433,
    "mean_dist_m": 25.036802393694717,
    "episodes": 12
  },
  "rollout_sel": 0.1521024763650955
}
{
  "epoch": 55,
  "timestamp_utc": "2026-07-10T00:29:23.930475+00:00",
  "train_loss": 0.02622481627948582,
  "val_loss": 0.0032603461577673442,
  "val_rmse": {
    "vel_body_x_mps": 0.0009193140857069052,
    "vel_body_y_mps": 0.0006755428930836303,
    "roll_rad": 1.7937867337368133e-05,
    "pitch_rad": 1.229581577594715e-05,
    "roll_rate_radps": 0.001528682137735691,
    "ang_vel_body_y_radps": 0.0009088907856705461,
    "yaw_rate_radps": 0.0013254987397937892,
    "tire_fl_force_wheel_fz_n": 39.351154841571564,
    "tire_fr_force_wheel_fz_n": 40.00951429034586,
    "tire_rl_force_wheel_fz_n": 25.69365897546455,
    "tire_rr_force_wheel_fz_n": 23.04344583925708,
    "tire_fl_spindle_omega_radps": 0.06203840527360986,
    "tire_fr_spindle_omega_radps": 0.07205295557133401,
    "tire_rl_spindle_omega_radps": 0.07415140009644368,
    "tire_rr_spindle_omega_radps": 0.055225117868011826
  },
  "val_flat_loss": 0.0032603461577673442,
  "val_flat_rmse": {
    "vel_body_x_mps": 0.0009193140857069052,
    "vel_body_y_mps": 0.0006755428930836303,
    "roll_rad": 1.7937867337368133e-05,
    "pitch_rad": 1.229581577594715e-05,
    "roll_rate_radps": 0.001528682137735691,
    "ang_vel_body_y_radps": 0.0009088907856705461,
    "yaw_rate_radps": 0.0013254987397937892,
    "tire_fl_force_wheel_fz_n": 39.351154841571564,
    "tire_fr_force_wheel_fz_n": 40.00951429034586,
    "tire_rl_force_wheel_fz_n": 25.69365897546455,
    "tire_rr_force_wheel_fz_n": 23.04344583925708,
    "tire_fl_spindle_omega_radps": 0.06203840527360986,
    "tire_fr_spindle_omega_radps": 0.07205295557133401,
    "tire_rl_spindle_omega_radps": 0.07415140009644368,
    "tire_rr_spindle_omega_radps": 0.055225117868011826
  },
  "val_crm_loss": 0.08696611109364312,
  "val_crm_rmse": {
    "vel_body_x_mps": 0.0028493072155307956,
    "vel_body_y_mps": 0.002365747167511996,
    "roll_rad": 4.2471280194696106e-05,
    "pitch_rad": 3.2533041793064094e-05,
    "roll_rate_radps": 0.0036926144585071393,
    "ang_vel_body_y_radps": 0.0025571746693548256,
    "yaw_rate_radps": 0.0023092892949319707,
    "tire_fl_force_wheel_fz_n": 612.664970963338,
    "tire_fr_force_wheel_fz_n": 608.071387215912,
    "tire_rl_force_wheel_fz_n": 916.6515906500994,
    "tire_rr_force_wheel_fz_n": 949.2507106730322,
    "tire_fl_spindle_omega_radps": 0.13146124246799967,
    "tire_fr_spindle_omega_radps": 0.13207989260238304,
    "tire_rl_spindle_omega_radps": 0.15572020091775765,
    "tire_rr_spindle_omega_radps": 0.15528836083467304
  },
  "val_mixed_loss": 0.04511322862570523,
  "rollout_flat_5.0s": {
    "xy_rmse_m": 3.1476287086678774,
    "yaw_rmse_rad": 0.335382308513265,
    "errdist": 0.41458875514313165,
    "mean_dist_m": 7.592170963684718,
    "episodes": 12
  },
  "rollout_flat_10.0s": {
    "xy_rmse_m": 11.796030460939674,
    "yaw_rmse_rad": 0.5515418344810201,
    "errdist": 0.33495169009683645,
    "mean_dist_m": 35.2171098391215,
    "episodes": 12
  },
  "rollout_crm_5.0s": {
    "xy_rmse_m": 0.6385277520593314,
    "yaw_rmse_rad": 0.025553112753448064,
    "errdist": 0.08922344432907686,
    "mean_dist_m": 7.1565019357949495,
    "episodes": 12
  },
  "rollout_crm_10.0s": {
    "xy_rmse_m": 1.8083065726970706,
    "yaw_rmse_rad": 0.08275586443809493,
    "errdist": 0.07222593940959791,
    "mean_dist_m": 25.036802393694717,
    "episodes": 12
  },
  "rollout_sel": 0.2035888147532172
}
{
  "epoch": 56,
  "timestamp_utc": "2026-07-10T00:29:59.557247+00:00",
  "train_loss": 0.026033970525488257,
  "val_loss": 0.003257751007222396,
  "val_rmse": {
    "vel_body_x_mps": 0.0009443690247973624,
    "vel_body_y_mps": 0.0006595461473182666,
    "roll_rad": 1.5966860165704163e-05,
    "pitch_rad": 9.089938703735059e-06,
    "roll_rate_radps": 0.001520836469392283,
    "ang_vel_body_y_radps": 0.0009088720021324892,
    "yaw_rate_radps": 0.0013062274058739261,
    "tire_fl_force_wheel_fz_n": 39.95815065357401,
    "tire_fr_force_wheel_fz_n": 40.37034649678269,
    "tire_rl_force_wheel_fz_n": 24.616570938413215,
    "tire_rr_force_wheel_fz_n": 23.00428893817931,
    "tire_fl_spindle_omega_radps": 0.06310988638875793,
    "tire_fr_spindle_omega_radps": 0.07319619166798262,
    "tire_rl_spindle_omega_radps": 0.07364519468715375,
    "tire_rr_spindle_omega_radps": 0.05484575087535706
  },
  "val_flat_loss": 0.003257751007222396,
  "val_flat_rmse": {
    "vel_body_x_mps": 0.0009443690247973624,
    "vel_body_y_mps": 0.0006595461473182666,
    "roll_rad": 1.5966860165704163e-05,
    "pitch_rad": 9.089938703735059e-06,
    "roll_rate_radps": 0.001520836469392283,
    "ang_vel_body_y_radps": 0.0009088720021324892,
    "yaw_rate_radps": 0.0013062274058739261,
    "tire_fl_force_wheel_fz_n": 39.95815065357401,
    "tire_fr_force_wheel_fz_n": 40.37034649678269,
    "tire_rl_force_wheel_fz_n": 24.616570938413215,
    "tire_rr_force_wheel_fz_n": 23.00428893817931,
    "tire_fl_spindle_omega_radps": 0.06310988638875793,
    "tire_fr_spindle_omega_radps": 0.07319619166798262,
    "tire_rl_spindle_omega_radps": 0.07364519468715375,
    "tire_rr_spindle_omega_radps": 0.05484575087535706
  },
  "val_crm_loss": 0.08647685705684126,
  "val_crm_rmse": {
    "vel_body_x_mps": 0.0028320674837109634,
    "vel_body_y_mps": 0.002383372620132229,
    "roll_rad": 4.697126222886403e-05,
    "pitch_rad": 2.7952509077334998e-05,
    "roll_rate_radps": 0.0036846122402148934,
    "ang_vel_body_y_radps": 0.002541680050618788,
    "yaw_rate_radps": 0.0022982759501340867,
    "tire_fl_force_wheel_fz_n": 614.7581620543968,
    "tire_fr_force_wheel_fz_n": 608.6281460414139,
    "tire_rl_force_wheel_fz_n": 914.9241893889906,
    "tire_rr_force_wheel_fz_n": 943.1572382279259,
    "tire_fl_spindle_omega_radps": 0.13237338525446168,
    "tire_fr_spindle_omega_radps": 0.13146285812409408,
    "tire_rl_spindle_omega_radps": 0.15477725108095258,
    "tire_rr_spindle_omega_radps": 0.1539214199249131
  },
  "val_mixed_loss": 0.044867304032031825,
  "rollout_flat_5.0s": {
    "xy_rmse_m": 1.5831716132979088,
    "yaw_rmse_rad": 0.0993091932845166,
    "errdist": 0.2085268654869102,
    "mean_dist_m": 7.592170963684718,
    "episodes": 12
  },
  "rollout_flat_10.0s": {
    "xy_rmse_m": 5.424891370397682,
    "yaw_rmse_rad": 0.4744936023474478,
    "errdist": 0.15404135646507122,
    "mean_dist_m": 35.2171098391215,
    "episodes": 12
  },
  "rollout_crm_5.0s": {
    "xy_rmse_m": 1.1176274109930189,
    "yaw_rmse_rad": 0.06800836198983919,
    "errdist": 0.15616951144845487,
    "mean_dist_m": 7.1565019357949495,
    "episodes": 12
  },
  "rollout_crm_10.0s": {
    "xy_rmse_m": 3.9055272925198192,
    "yaw_rmse_rad": 0.1808904286248666,
    "errdist": 0.15599145733975156,
    "mean_dist_m": 25.036802393694717,
    "episodes": 12
  },
  "rollout_sel": 0.1550164069024114
}
{
  "epoch": 57,
  "timestamp_utc": "2026-07-10T00:30:35.452847+00:00",
  "train_loss": 0.025802380533423274,
  "val_loss": 0.0032349772226552887,
  "val_rmse": {
    "vel_body_x_mps": 0.0009287425164996261,
    "vel_body_y_mps": 0.0006931898847965342,
    "roll_rad": 1.4691439242190602e-05,
    "pitch_rad": 8.931953262841201e-06,
    "roll_rate_radps": 0.001506857804222522,
    "ang_vel_body_y_radps": 0.0009257055177763791,
    "yaw_rate_radps": 0.0013158560919224811,
    "tire_fl_force_wheel_fz_n": 39.60545823213442,
    "tire_fr_force_wheel_fz_n": 41.299210710811394,
    "tire_rl_force_wheel_fz_n": 24.63656958434911,
    "tire_rr_force_wheel_fz_n": 25.719218552725806,
    "tire_fl_spindle_omega_radps": 0.0621256135745913,
    "tire_fr_spindle_omega_radps": 0.07265428266646021,
    "tire_rl_spindle_omega_radps": 0.07388717790110802,
    "tire_rr_spindle_omega_radps": 0.05496699036428744
  },
  "val_flat_loss": 0.0032349772226552887,
  "val_flat_rmse": {
    "vel_body_x_mps": 0.0009287425164996261,
    "vel_body_y_mps": 0.0006931898847965342,
    "roll_rad": 1.4691439242190602e-05,
    "pitch_rad": 8.931953262841201e-06,
    "roll_rate_radps": 0.001506857804222522,
    "ang_vel_body_y_radps": 0.0009257055177763791,
    "yaw_rate_radps": 0.0013158560919224811,
    "tire_fl_force_wheel_fz_n": 39.60545823213442,
    "tire_fr_force_wheel_fz_n": 41.299210710811394,
    "tire_rl_force_wheel_fz_n": 24.63656958434911,
    "tire_rr_force_wheel_fz_n": 25.719218552725806,
    "tire_fl_spindle_omega_radps": 0.0621256135745913,
    "tire_fr_spindle_omega_radps": 0.07265428266646021,
    "tire_rl_spindle_omega_radps": 0.07388717790110802,
    "tire_rr_spindle_omega_radps": 0.05496699036428744
  },
  "val_crm_loss": 0.08680104173661675,
  "val_crm_rmse": {
    "vel_body_x_mps": 0.0028460472866862776,
    "vel_body_y_mps": 0.0023572167853373157,
    "roll_rad": 4.173435513856667e-05,
    "pitch_rad": 2.8497298617839937e-05,
    "roll_rate_radps": 0.0036751294784341123,
    "ang_vel_body_y_radps": 0.0025259700932745385,
    "yaw_rate_radps": 0.002295756832228912,
    "tire_fl_force_wheel_fz_n": 609.1694668828407,
    "tire_fr_force_wheel_fz_n": 607.4885575727226,
    "tire_rl_force_wheel_fz_n": 921.0915842028185,
    "tire_rr_force_wheel_fz_n": 950.8837608042737,
    "tire_fl_spindle_omega_radps": 0.13160635309391186,
    "tire_fr_spindle_omega_radps": 0.13123013154823163,
    "tire_rl_spindle_omega_radps": 0.1546836326776453,
    "tire_rr_spindle_omega_radps": 0.1549608882211769
  },
  "val_mixed_loss": 0.045018009479636016,
  "rollout_flat_5.0s": {
    "xy_rmse_m": 1.9067989848758446,
    "yaw_rmse_rad": 0.12213627181706106,
    "errdist": 0.2511533254449285,
    "mean_dist_m": 7.592170963684718,
    "episodes": 12
  },
  "rollout_flat_10.0s": {
    "xy_rmse_m": 5.243505118422273,
    "yaw_rmse_rad": 0.23372825016483886,
    "errdist": 0.14889084147948564,
    "mean_dist_m": 35.2171098391215,
    "episodes": 12
  },
  "rollout_crm_5.0s": {
    "xy_rmse_m": 0.8966679244508277,
    "yaw_rmse_rad": 0.059059579623984566,
    "errdist": 0.12529416361447893,
    "mean_dist_m": 7.1565019357949495,
    "episodes": 12
  },
  "rollout_crm_10.0s": {
    "xy_rmse_m": 2.138675515925126,
    "yaw_rmse_rad": 0.1589186661247887,
    "errdist": 0.08542127234521495,
    "mean_dist_m": 25.036802393694717,
    "episodes": 12
  },
  "rollout_sel": 0.11715605691235029
}
{
  "epoch": 58,
  "timestamp_utc": "2026-07-10T00:31:10.922204+00:00",
  "train_loss": 0.025794154272414743,
  "val_loss": 0.003082165323103254,
  "val_rmse": {
    "vel_body_x_mps": 0.0008878746585962154,
    "vel_body_y_mps": 0.0006474771594593467,
    "roll_rad": 1.966959124615908e-05,
    "pitch_rad": 8.626813564301231e-06,
    "roll_rate_radps": 0.001498818704305064,
    "ang_vel_body_y_radps": 0.0008965718815856398,
    "yaw_rate_radps": 0.001304404534068219,
    "tire_fl_force_wheel_fz_n": 39.36886273610346,
    "tire_fr_force_wheel_fz_n": 39.23300313321776,
    "tire_rl_force_wheel_fz_n": 24.886261061443147,
    "tire_rr_force_wheel_fz_n": 22.957601605181882,
    "tire_fl_spindle_omega_radps": 0.06080289137689618,
    "tire_fr_spindle_omega_radps": 0.07082635911711134,
    "tire_rl_spindle_omega_radps": 0.07252412139141803,
    "tire_rr_spindle_omega_radps": 0.05368016763627354
  },
  "val_flat_loss": 0.003082165323103254,
  "val_flat_rmse": {
    "vel_body_x_mps": 0.0008878746585962154,
    "vel_body_y_mps": 0.0006474771594593467,
    "roll_rad": 1.966959124615908e-05,
    "pitch_rad": 8.626813564301231e-06,
    "roll_rate_radps": 0.001498818704305064,
    "ang_vel_body_y_radps": 0.0008965718815856398,
    "yaw_rate_radps": 0.001304404534068219,
    "tire_fl_force_wheel_fz_n": 39.36886273610346,
    "tire_fr_force_wheel_fz_n": 39.23300313321776,
    "tire_rl_force_wheel_fz_n": 24.886261061443147,
    "tire_rr_force_wheel_fz_n": 22.957601605181882,
    "tire_fl_spindle_omega_radps": 0.06080289137689618,
    "tire_fr_spindle_omega_radps": 0.07082635911711134,
    "tire_rl_spindle_omega_radps": 0.07252412139141803,
    "tire_rr_spindle_omega_radps": 0.05368016763627354
  },
  "val_crm_loss": 0.08675297831068747,
  "val_crm_rmse": {
    "vel_body_x_mps": 0.0028541673314436138,
    "vel_body_y_mps": 0.002408592894974228,
    "roll_rad": 4.209367938833032e-05,
    "pitch_rad": 2.847074121671087e-05,
    "roll_rate_radps": 0.003648620791447954,
    "ang_vel_body_y_radps": 0.002522757926006868,
    "yaw_rate_radps": 0.002288941384650002,
    "tire_fl_force_wheel_fz_n": 613.6231369669754,
    "tire_fr_force_wheel_fz_n": 610.9966277064085,
    "tire_rl_force_wheel_fz_n": 915.906750784605,
    "tire_rr_force_wheel_fz_n": 954.9871258696539,
    "tire_fl_spindle_omega_radps": 0.1316851661281676,
    "tire_fr_spindle_omega_radps": 0.1310364060816332,
    "tire_rl_spindle_omega_radps": 0.15416632621000326,
    "tire_rr_spindle_omega_radps": 0.15429244789085747
  },
  "val_mixed_loss": 0.04491757181689536,
  "rollout_flat_5.0s": {
    "xy_rmse_m": 2.440180302613122,
    "yaw_rmse_rad": 0.16812437555044699,
    "errdist": 0.3214074491058123,
    "mean_dist_m": 7.592170963684718,
    "episodes": 12
  },
  "rollout_flat_10.0s": {
    "xy_rmse_m": 5.667557240833568,
    "yaw_rmse_rad": 0.43545689346429606,
    "errdist": 0.1609319239064209,
    "mean_dist_m": 35.2171098391215,
    "episodes": 12
  },
  "rollout_crm_5.0s": {
    "xy_rmse_m": 0.7876368761949678,
    "yaw_rmse_rad": 0.035027256439963475,
    "errdist": 0.1100589203023078,
    "mean_dist_m": 7.1565019357949495,
    "episodes": 12
  },
  "rollout_crm_10.0s": {
    "xy_rmse_m": 1.780450431681513,
    "yaw_rmse_rad": 0.0817329319305297,
    "errdist": 0.0711133316341508,
    "mean_dist_m": 25.036802393694717,
    "episodes": 12
  },
  "rollout_sel": 0.11602262777028585
}
{
  "epoch": 59,
  "timestamp_utc": "2026-07-10T00:31:47.045645+00:00",
  "train_loss": 0.025726671798620374,
  "val_loss": 0.0031692642889538545,
  "val_rmse": {
    "vel_body_x_mps": 0.0009236247735866206,
    "vel_body_y_mps": 0.0006967425177158295,
    "roll_rad": 2.1606714909488386e-05,
    "pitch_rad": 1.1458095621942757e-05,
    "roll_rate_radps": 0.0015058175270045659,
    "ang_vel_body_y_radps": 0.0009152054402679724,
    "yaw_rate_radps": 0.001281885927404133,
    "tire_fl_force_wheel_fz_n": 39.24109083213432,
    "tire_fr_force_wheel_fz_n": 39.846253087902596,
    "tire_rl_force_wheel_fz_n": 24.577186514851878,
    "tire_rr_force_wheel_fz_n": 22.81144360100339,
    "tire_fl_spindle_omega_radps": 0.06211903812160267,
    "tire_fr_spindle_omega_radps": 0.07230651729487794,
    "tire_rl_spindle_omega_radps": 0.07315858494989201,
    "tire_rr_spindle_omega_radps": 0.055170000572954424
  },
  "val_flat_loss": 0.0031692642889538545,
  "val_flat_rmse": {
    "vel_body_x_mps": 0.0009236247735866206,
    "vel_body_y_mps": 0.0006967425177158295,
    "roll_rad": 2.1606714909488386e-05,
    "pitch_rad": 1.1458095621942757e-05,
    "roll_rate_radps": 0.0015058175270045659,
    "ang_vel_body_y_radps": 0.0009152054402679724,
    "yaw_rate_radps": 0.001281885927404133,
    "tire_fl_force_wheel_fz_n": 39.24109083213432,
    "tire_fr_force_wheel_fz_n": 39.846253087902596,
    "tire_rl_force_wheel_fz_n": 24.577186514851878,
    "tire_rr_force_wheel_fz_n": 22.81144360100339,
    "tire_fl_spindle_omega_radps": 0.06211903812160267,
    "tire_fr_spindle_omega_radps": 0.07230651729487794,
    "tire_rl_spindle_omega_radps": 0.07315858494989201,
    "tire_rr_spindle_omega_radps": 0.055170000572954424
  },
  "val_crm_loss": 0.0858403257332975,
  "val_crm_rmse": {
    "vel_body_x_mps": 0.002817604304607559,
    "vel_body_y_mps": 0.002324013764252206,
    "roll_rad": 4.750487862336564e-05,
    "pitch_rad": 3.026676909022594e-05,
    "roll_rate_radps": 0.0036529814378007046,
    "ang_vel_body_y_radps": 0.002516407160900712,
    "yaw_rate_radps": 0.002289372522911535,
    "tire_fl_force_wheel_fz_n": 599.8139781843142,
    "tire_fr_force_wheel_fz_n": 604.9643768869751,
    "tire_rl_force_wheel_fz_n": 915.2369268316965,
    "tire_rr_force_wheel_fz_n": 942.5689235698503,
    "tire_fl_spindle_omega_radps": 0.1318076249897529,
    "tire_fr_spindle_omega_radps": 0.1307348327846589,
    "tire_rl_spindle_omega_radps": 0.15402995369371442,
    "tire_rr_spindle_omega_radps": 0.15396743053837467
  },
  "val_mixed_loss": 0.04450479501112568,
  "rollout_flat_5.0s": {
    "xy_rmse_m": 2.1634393093364768,
    "yaw_rmse_rad": 0.1792258255043273,
    "errdist": 0.28495661118338306,
    "mean_dist_m": 7.592170963684718,
    "episodes": 12
  },
  "rollout_flat_10.0s": {
    "xy_rmse_m": 5.727162542460308,
    "yaw_rmse_rad": 0.26472172936921,
    "errdist": 0.16262443365236623,
    "mean_dist_m": 35.2171098391215,
    "episodes": 12
  },
  "rollout_crm_5.0s": {
    "xy_rmse_m": 0.8043343473397147,
    "yaw_rmse_rad": 0.037805865376643266,
    "errdist": 0.11239210923938199,
    "mean_dist_m": 7.1565019357949495,
    "episodes": 12
  },
  "rollout_crm_10.0s": {
    "xy_rmse_m": 1.640917576330065,
    "yaw_rmse_rad": 0.11601893775611498,
    "errdist": 0.06554022157171774,
    "mean_dist_m": 25.036802393694717,
    "episodes": 12
  },
  "rollout_sel": 0.11408232761204198
}
{
  "epoch": 60,
  "timestamp_utc": "2026-07-10T00:32:22.844590+00:00",
  "train_loss": 0.02555775720346719,
  "val_loss": 0.003061254249259946,
  "val_rmse": {
    "vel_body_x_mps": 0.0008908431301316395,
    "vel_body_y_mps": 0.0006727097538451248,
    "roll_rad": 1.6222121051328763e-05,
    "pitch_rad": 9.791572336459247e-06,
    "roll_rate_radps": 0.0014793380342273553,
    "ang_vel_body_y_radps": 0.000897263504514292,
    "yaw_rate_radps": 0.0012885718059708637,
    "tire_fl_force_wheel_fz_n": 38.58630777055072,
    "tire_fr_force_wheel_fz_n": 39.44274934198429,
    "tire_rl_force_wheel_fz_n": 25.245238978160874,
    "tire_rr_force_wheel_fz_n": 23.835488935992913,
    "tire_fl_spindle_omega_radps": 0.061635895930252836,
    "tire_fr_spindle_omega_radps": 0.07166348633682311,
    "tire_rl_spindle_omega_radps": 0.07305653950493445,
    "tire_rr_spindle_omega_radps": 0.05414418294832502
  },
  "val_flat_loss": 0.003061254249259946,
  "val_flat_rmse": {
    "vel_body_x_mps": 0.0008908431301316395,
    "vel_body_y_mps": 0.0006727097538451248,
    "roll_rad": 1.6222121051328763e-05,
    "pitch_rad": 9.791572336459247e-06,
    "roll_rate_radps": 0.0014793380342273553,
    "ang_vel_body_y_radps": 0.000897263504514292,
    "yaw_rate_radps": 0.0012885718059708637,
    "tire_fl_force_wheel_fz_n": 38.58630777055072,
    "tire_fr_force_wheel_fz_n": 39.44274934198429,
    "tire_rl_force_wheel_fz_n": 25.245238978160874,
    "tire_rr_force_wheel_fz_n": 23.835488935992913,
    "tire_fl_spindle_omega_radps": 0.061635895930252836,
    "tire_fr_spindle_omega_radps": 0.07166348633682311,
    "tire_rl_spindle_omega_radps": 0.07305653950493445,
    "tire_rr_spindle_omega_radps": 0.05414418294832502
  },
  "val_crm_loss": 0.08554098062042613,
  "val_crm_rmse": {
    "vel_body_x_mps": 0.002805757261639835,
    "vel_body_y_mps": 0.0023481103797630023,
    "roll_rad": 3.921943876509468e-05,
    "pitch_rad": 3.31211437891471e-05,
    "roll_rate_radps": 0.0036722850319621542,
    "ang_vel_body_y_radps": 0.002500666595507763,
    "yaw_rate_radps": 0.002280218263518876,
    "tire_fl_force_wheel_fz_n": 605.2498851197744,
    "tire_fr_force_wheel_fz_n": 604.0004453321419,
    "tire_rl_force_wheel_fz_n": 910.6531254845798,
    "tire_rr_force_wheel_fz_n": 943.4814139892162,
    "tire_fl_spindle_omega_radps": 0.1312692438645238,
    "tire_fr_spindle_omega_radps": 0.1305737273034394,
    "tire_rl_spindle_omega_radps": 0.15310606539359847,
    "tire_rr_spindle_omega_radps": 0.15331684170087595
  },
  "val_mixed_loss": 0.04430111743484304,
  "rollout_flat_5.0s": {
    "xy_rmse_m": 2.4127613943927977,
    "yaw_rmse_rad": 0.14486082064864556,
    "errdist": 0.317795977716209,
    "mean_dist_m": 7.592170963684718,
    "episodes": 12
  },
  "rollout_flat_10.0s": {
    "xy_rmse_m": 7.492448622898965,
    "yaw_rmse_rad": 0.4932107916256291,
    "errdist": 0.2127502414913065,
    "mean_dist_m": 35.2171098391215,
    "episodes": 12
  },
  "rollout_crm_5.0s": {
    "xy_rmse_m": 0.9474254665735008,
    "yaw_rmse_rad": 0.037105795509887345,
    "errdist": 0.13238667090058714,
    "mean_dist_m": 7.1565019357949495,
    "episodes": 12
  },
  "rollout_crm_10.0s": {
    "xy_rmse_m": 3.0747287508620604,
    "yaw_rmse_rad": 0.12510598028174905,
    "errdist": 0.12280836436351,
    "mean_dist_m": 25.036802393694717,
    "episodes": 12
  },
  "rollout_sel": 0.16777930292740825
}
{
  "epoch": 61,
  "timestamp_utc": "2026-07-10T00:32:59.029882+00:00",
  "train_loss": 0.025383053089957683,
  "val_loss": 0.0030750676034222123,
  "val_rmse": {
    "vel_body_x_mps": 0.0008957690958842082,
    "vel_body_y_mps": 0.0006514176120030003,
    "roll_rad": 1.656564883696919e-05,
    "pitch_rad": 9.446523105091354e-06,
    "roll_rate_radps": 0.0015078071490752486,
    "ang_vel_body_y_radps": 0.0008974777746352468,
    "yaw_rate_radps": 0.0012907261270002958,
    "tire_fl_force_wheel_fz_n": 41.11828579244158,
    "tire_fr_force_wheel_fz_n": 39.14177590876677,
    "tire_rl_force_wheel_fz_n": 24.726820491366894,
    "tire_rr_force_wheel_fz_n": 23.071822501893596,
    "tire_fl_spindle_omega_radps": 0.06052155636131742,
    "tire_fr_spindle_omega_radps": 0.07082804440890138,
    "tire_rl_spindle_omega_radps": 0.07260516098322613,
    "tire_rr_spindle_omega_radps": 0.053032591799035946
  },
  "val_flat_loss": 0.0030750676034222123,
  "val_flat_rmse": {
    "vel_body_x_mps": 0.0008957690958842082,
    "vel_body_y_mps": 0.0006514176120030003,
    "roll_rad": 1.656564883696919e-05,
    "pitch_rad": 9.446523105091354e-06,
    "roll_rate_radps": 0.0015078071490752486,
    "ang_vel_body_y_radps": 0.0008974777746352468,
    "yaw_rate_radps": 0.0012907261270002958,
    "tire_fl_force_wheel_fz_n": 41.11828579244158,
    "tire_fr_force_wheel_fz_n": 39.14177590876677,
    "tire_rl_force_wheel_fz_n": 24.726820491366894,
    "tire_rr_force_wheel_fz_n": 23.071822501893596,
    "tire_fl_spindle_omega_radps": 0.06052155636131742,
    "tire_fr_spindle_omega_radps": 0.07082804440890138,
    "tire_rl_spindle_omega_radps": 0.07260516098322613,
    "tire_rr_spindle_omega_radps": 0.053032591799035946
  },
  "val_crm_loss": 0.08574614965531509,
  "val_crm_rmse": {
    "vel_body_x_mps": 0.002807525654866084,
    "vel_body_y_mps": 0.0023305218334316166,
    "roll_rad": 4.65341941944678e-05,
    "pitch_rad": 2.943001379754028e-05,
    "roll_rate_radps": 0.0036017470872945294,
    "ang_vel_body_y_radps": 0.002487867239997177,
    "yaw_rate_radps": 0.002286953252192404,
    "tire_fl_force_wheel_fz_n": 595.9990873823923,
    "tire_fr_force_wheel_fz_n": 602.2413871557818,
    "tire_rl_force_wheel_fz_n": 914.3024886194945,
    "tire_rr_force_wheel_fz_n": 947.3905327824608,
    "tire_fl_spindle_omega_radps": 0.1307415608631877,
    "tire_fr_spindle_omega_radps": 0.13067004959316056,
    "tire_rl_spindle_omega_radps": 0.1535014876695536,
    "tire_rr_spindle_omega_radps": 0.15349700889162043
  },
  "val_mixed_loss": 0.04441060862936865,
  "rollout_flat_5.0s": {
    "xy_rmse_m": 1.9955804612338488,
    "yaw_rmse_rad": 0.25986476234034034,
    "errdist": 0.262847144878483,
    "mean_dist_m": 7.592170963684718,
    "episodes": 12
  },
  "rollout_flat_10.0s": {
    "xy_rmse_m": 9.467115927051752,
    "yaw_rmse_rad": 0.5324690352572194,
    "errdist": 0.2688214896196579,
    "mean_dist_m": 35.2171098391215,
    "episodes": 12
  },
  "rollout_crm_5.0s": {
    "xy_rmse_m": 1.6125517700815328,
    "yaw_rmse_rad": 0.0985464259975314,
    "errdist": 0.22532681253336506,
    "mean_dist_m": 7.1565019357949495,
    "episodes": 12
  },
  "rollout_crm_10.0s": {
    "xy_rmse_m": 5.5094674153834395,
    "yaw_rmse_rad": 0.21115511829330666,
    "errdist": 0.22005475494630045,
    "mean_dist_m": 25.036802393694717,
    "episodes": 12
  },
  "rollout_sel": 0.24443812228297918
}
{
  "epoch": 62,
  "timestamp_utc": "2026-07-10T00:33:34.453745+00:00",
  "train_loss": 0.02543387468578294,
  "val_loss": 0.00302751506689674,
  "val_rmse": {
    "vel_body_x_mps": 0.0008789979998670139,
    "vel_body_y_mps": 0.0006460535920868076,
    "roll_rad": 1.4886446069861627e-05,
    "pitch_rad": 8.380888716770812e-06,
    "roll_rate_radps": 0.0014851293259886195,
    "ang_vel_body_y_radps": 0.0009009678846064144,
    "yaw_rate_radps": 0.0012883323369339077,
    "tire_fl_force_wheel_fz_n": 39.05054565065561,
    "tire_fr_force_wheel_fz_n": 40.68192638046499,
    "tire_rl_force_wheel_fz_n": 26.773006668653938,
    "tire_rr_force_wheel_fz_n": 25.480711998685614,
    "tire_fl_spindle_omega_radps": 0.06056542235526629,
    "tire_fr_spindle_omega_radps": 0.07077248827653428,
    "tire_rl_spindle_omega_radps": 0.07224011993040083,
    "tire_rr_spindle_omega_radps": 0.05262117584044813
  },
  "val_flat_loss": 0.00302751506689674,
  "val_flat_rmse": {
    "vel_body_x_mps": 0.0008789979998670139,
    "vel_body_y_mps": 0.0006460535920868076,
    "roll_rad": 1.4886446069861627e-05,
    "pitch_rad": 8.380888716770812e-06,
    "roll_rate_radps": 0.0014851293259886195,
    "ang_vel_body_y_radps": 0.0009009678846064144,
    "yaw_rate_radps": 0.0012883323369339077,
    "tire_fl_force_wheel_fz_n": 39.05054565065561,
    "tire_fr_force_wheel_fz_n": 40.68192638046499,
    "tire_rl_force_wheel_fz_n": 26.773006668653938,
    "tire_rr_force_wheel_fz_n": 25.480711998685614,
    "tire_fl_spindle_omega_radps": 0.06056542235526629,
    "tire_fr_spindle_omega_radps": 0.07077248827653428,
    "tire_rl_spindle_omega_radps": 0.07224011993040083,
    "tire_rr_spindle_omega_radps": 0.05262117584044813
  },
  "val_crm_loss": 0.0860364611732075,
  "val_crm_rmse": {
    "vel_body_x_mps": 0.0028062232965864737,
    "vel_body_y_mps": 0.0023373340721927673,
    "roll_rad": 4.3186433593553615e-05,
    "pitch_rad": 2.6827132362300325e-05,
    "roll_rate_radps": 0.0036362791760216136,
    "ang_vel_body_y_radps": 0.0025024048991183732,
    "yaw_rate_radps": 0.0022768382156652302,
    "tire_fl_force_wheel_fz_n": 607.9092263210758,
    "tire_fr_force_wheel_fz_n": 606.3713169671925,
    "tire_rl_force_wheel_fz_n": 914.4801661576124,
    "tire_rr_force_wheel_fz_n": 952.3954092345289,
    "tire_fl_spindle_omega_radps": 0.13101653271542324,
    "tire_fr_spindle_omega_radps": 0.13061981904983344,
    "tire_rl_spindle_omega_radps": 0.15394467739361792,
    "tire_rr_spindle_omega_radps": 0.15389396792861385
  },
  "val_mixed_loss": 0.04453198812005212,
  "rollout_flat_5.0s": {
    "xy_rmse_m": 3.3800460490263164,
    "yaw_rmse_rad": 0.16996364027247488,
    "errdist": 0.44520151945918174,
    "mean_dist_m": 7.592170963684718,
    "episodes": 12
  },
  "rollout_flat_10.0s": {
    "xy_rmse_m": 8.927657878487084,
    "yaw_rmse_rad": 0.2602382854762226,
    "errdist": 0.2535034226053851,
    "mean_dist_m": 35.2171098391215,
    "episodes": 12
  },
  "rollout_crm_5.0s": {
    "xy_rmse_m": 1.6422113352847594,
    "yaw_rmse_rad": 0.09505575896912016,
    "errdist": 0.229471234692308,
    "mean_dist_m": 7.1565019357949495,
    "episodes": 12
  },
  "rollout_crm_10.0s": {
    "xy_rmse_m": 5.512503358085919,
    "yaw_rmse_rad": 0.22687035709767406,
    "errdist": 0.2201760141492426,
    "mean_dist_m": 25.036802393694717,
    "episodes": 12
  },
  "rollout_sel": 0.23683971837731385
}
{
  "epoch": 63,
  "timestamp_utc": "2026-07-10T00:34:12.692945+00:00",
  "train_loss": 0.025188501263502985,
  "val_loss": 0.0030289134916347393,
  "val_rmse": {
    "vel_body_x_mps": 0.0008856822170232505,
    "vel_body_y_mps": 0.0006407598613732637,
    "roll_rad": 1.4130758308766978e-05,
    "pitch_rad": 8.621010934685972e-06,
    "roll_rate_radps": 0.0014715184068695162,
    "ang_vel_body_y_radps": 0.0008960210482992263,
    "yaw_rate_radps": 0.0012860429718760072,
    "tire_fl_force_wheel_fz_n": 39.02023963962664,
    "tire_fr_force_wheel_fz_n": 39.13260762007762,
    "tire_rl_force_wheel_fz_n": 24.85198424436235,
    "tire_rr_force_wheel_fz_n": 22.415964625141772,
    "tire_fl_spindle_omega_radps": 0.06163857801947719,
    "tire_fr_spindle_omega_radps": 0.07146454816084923,
    "tire_rl_spindle_omega_radps": 0.0728371508773571,
    "tire_rr_spindle_omega_radps": 0.05356366310178229
  },
  "val_flat_loss": 0.0030289134916347393,
  "val_flat_rmse": {
    "vel_body_x_mps": 0.0008856822170232505,
    "vel_body_y_mps": 0.0006407598613732637,
    "roll_rad": 1.4130758308766978e-05,
    "pitch_rad": 8.621010934685972e-06,
    "roll_rate_radps": 0.0014715184068695162,
    "ang_vel_body_y_radps": 0.0008960210482992263,
    "yaw_rate_radps": 0.0012860429718760072,
    "tire_fl_force_wheel_fz_n": 39.02023963962664,
    "tire_fr_force_wheel_fz_n": 39.13260762007762,
    "tire_rl_force_wheel_fz_n": 24.85198424436235,
    "tire_rr_force_wheel_fz_n": 22.415964625141772,
    "tire_fl_spindle_omega_radps": 0.06163857801947719,
    "tire_fr_spindle_omega_radps": 0.07146454816084923,
    "tire_rl_spindle_omega_radps": 0.0728371508773571,
    "tire_rr_spindle_omega_radps": 0.05356366310178229
  },
  "val_crm_loss": 0.08540469769097399,
  "val_crm_rmse": {
    "vel_body_x_mps": 0.0027931838270793125,
    "vel_body_y_mps": 0.0023216992516251794,
    "roll_rad": 4.020235846770629e-05,
    "pitch_rad": 2.615002078692086e-05,
    "roll_rate_radps": 0.0035935593011099344,
    "ang_vel_body_y_radps": 0.0024808786472726315,
    "yaw_rate_radps": 0.002277841370719921,
    "tire_fl_force_wheel_fz_n": 600.8055039561342,
    "tire_fr_force_wheel_fz_n": 603.4983569404593,
    "tire_rl_force_wheel_fz_n": 912.5028671896843,
    "tire_rr_force_wheel_fz_n": 945.8320420206495,
    "tire_fl_spindle_omega_radps": 0.13084463915678682,
    "tire_fr_spindle_omega_radps": 0.13081669287029474,
    "tire_rl_spindle_omega_radps": 0.15329357942034091,
    "tire_rr_spindle_omega_radps": 0.15320108542336516
  },
  "val_mixed_loss": 0.044216805591304364,
  "rollout_flat_5.0s": {
    "xy_rmse_m": 3.182995444002605,
    "yaw_rmse_rad": 0.22834140289953775,
    "errdist": 0.41924707165153163,
    "mean_dist_m": 7.592170963684718,
    "episodes": 12
  },
  "rollout_flat_10.0s": {
    "xy_rmse_m": 10.625460674755766,
    "yaw_rmse_rad": 0.4121510066959636,
    "errdist": 0.3017130231099288,
    "mean_dist_m": 35.2171098391215,
    "episodes": 12
  },
  "rollout_crm_5.0s": {
    "xy_rmse_m": 1.5026807273872163,
    "yaw_rmse_rad": 0.09699724473416681,
    "errdist": 0.20997419421787628,
    "mean_dist_m": 7.1565019357949495,
    "episodes": 12
  },
  "rollout_crm_10.0s": {
    "xy_rmse_m": 5.363349545608226,
    "yaw_rmse_rad": 0.2454186022259291,
    "errdist": 0.2142186314878187,
    "mean_dist_m": 25.036802393694717,
    "episodes": 12
  },
  "rollout_sel": 0.25796582729887374
}
{
  "epoch": 64,
  "timestamp_utc": "2026-07-10T00:34:48.607043+00:00",
  "train_loss": 0.025363559467718004,
  "val_loss": 0.003027881019261258,
  "val_rmse": {
    "vel_body_x_mps": 0.0008898893820148487,
    "vel_body_y_mps": 0.0006548061253430185,
    "roll_rad": 1.4004503014996552e-05,
    "pitch_rad": 8.265750076541586e-06,
    "roll_rate_radps": 0.0014838250124802048,
    "ang_vel_body_y_radps": 0.0009015511259346994,
    "yaw_rate_radps": 0.0012912771559132215,
    "tire_fl_force_wheel_fz_n": 39.34745590136232,
    "tire_fr_force_wheel_fz_n": 39.71754251008764,
    "tire_rl_force_wheel_fz_n": 26.594896628094116,
    "tire_rr_force_wheel_fz_n": 22.501579818787793,
    "tire_fl_spindle_omega_radps": 0.06113305843605943,
    "tire_fr_spindle_omega_radps": 0.07117361097024553,
    "tire_rl_spindle_omega_radps": 0.0731678081303268,
    "tire_rr_spindle_omega_radps": 0.05349150654227806
  },
  "val_flat_loss": 0.003027881019261258,
  "val_flat_rmse": {
    "vel_body_x_mps": 0.0008898893820148487,
    "vel_body_y_mps": 0.0006548061253430185,
    "roll_rad": 1.4004503014996552e-05,
    "pitch_rad": 8.265750076541586e-06,
    "roll_rate_radps": 0.0014838250124802048,
    "ang_vel_body_y_radps": 0.0009015511259346994,
    "yaw_rate_radps": 0.0012912771559132215,
    "tire_fl_force_wheel_fz_n": 39.34745590136232,
    "tire_fr_force_wheel_fz_n": 39.71754251008764,
    "tire_rl_force_wheel_fz_n": 26.594896628094116,
    "tire_rr_force_wheel_fz_n": 22.501579818787793,
    "tire_fl_spindle_omega_radps": 0.06113305843605943,
    "tire_fr_spindle_omega_radps": 0.07117361097024553,
    "tire_rl_spindle_omega_radps": 0.0731678081303268,
    "tire_rr_spindle_omega_radps": 0.05349150654227806
  },
  "val_crm_loss": 0.08580198718176689,
  "val_crm_rmse": {
    "vel_body_x_mps": 0.002826095764487018,
    "vel_body_y_mps": 0.0023205132932181773,
    "roll_rad": 4.4519885638787464e-05,
    "pitch_rad": 2.795854805837709e-05,
    "roll_rate_radps": 0.003570892954839793,
    "ang_vel_body_y_radps": 0.002472949911068569,
    "yaw_rate_radps": 0.0022887560635709366,
    "tire_fl_force_wheel_fz_n": 606.8816547411267,
    "tire_fr_force_wheel_fz_n": 601.2550853119875,
    "tire_rl_force_wheel_fz_n": 912.2376384173767,
    "tire_rr_force_wheel_fz_n": 952.6356643473471,
    "tire_fl_spindle_omega_radps": 0.1309992856094592,
    "tire_fr_spindle_omega_radps": 0.13002628488289575,
    "tire_rl_spindle_omega_radps": 0.15299355551453123,
    "tire_rr_spindle_omega_radps": 0.15320832574522977
  },
  "val_mixed_loss": 0.04441493410051407,
  "rollout_flat_5.0s": {
    "xy_rmse_m": 1.8160114534061684,
    "yaw_rmse_rad": 0.15635097300791742,
    "errdist": 0.23919527920177408,
    "mean_dist_m": 7.592170963684718,
    "episodes": 12
  },
  "rollout_flat_10.0s": {
    "xy_rmse_m": 5.914064420443601,
    "yaw_rmse_rad": 0.2471082249981596,
    "errdist": 0.16793156643064067,
    "mean_dist_m": 35.2171098391215,
    "episodes": 12
  },
  "rollout_crm_5.0s": {
    "xy_rmse_m": 0.8095185432155929,
    "yaw_rmse_rad": 0.05119063188315745,
    "errdist": 0.11311651285477799,
    "mean_dist_m": 7.1565019357949495,
    "episodes": 12
  },
  "rollout_crm_10.0s": {
    "xy_rmse_m": 1.9881512073691077,
    "yaw_rmse_rad": 0.1350017189676951,
    "errdist": 0.07940915042209243,
    "mean_dist_m": 25.036802393694717,
    "episodes": 12
  },
  "rollout_sel": 0.12367035842636655
}
{
  "epoch": 65,
  "timestamp_utc": "2026-07-10T00:35:24.154706+00:00",
  "train_loss": 0.02510993006126955,
  "val_loss": 0.003018229016015539,
  "val_rmse": {
    "vel_body_x_mps": 0.0008880528503636601,
    "vel_body_y_mps": 0.0006541461962224158,
    "roll_rad": 1.3639525650805519e-05,
    "pitch_rad": 8.755537826152344e-06,
    "roll_rate_radps": 0.0014906123682622073,
    "ang_vel_body_y_radps": 0.0009059455365854575,
    "yaw_rate_radps": 0.0012734640163396787,
    "tire_fl_force_wheel_fz_n": 39.872869081869254,
    "tire_fr_force_wheel_fz_n": 39.71568012094151,
    "tire_rl_force_wheel_fz_n": 25.31667613263065,
    "tire_rr_force_wheel_fz_n": 26.40220051719394,
    "tire_fl_spindle_omega_radps": 0.06150914105363191,
    "tire_fr_spindle_omega_radps": 0.07190280768009823,
    "tire_rl_spindle_omega_radps": 0.07302792087244526,
    "tire_rr_spindle_omega_radps": 0.053975480764244285
  },
  "val_flat_loss": 0.003018229016015539,
  "val_flat_rmse": {
    "vel_body_x_mps": 0.0008880528503636601,
    "vel_body_y_mps": 0.0006541461962224158,
    "roll_rad": 1.3639525650805519e-05,
    "pitch_rad": 8.755537826152344e-06,
    "roll_rate_radps": 0.0014906123682622073,
    "ang_vel_body_y_radps": 0.0009059455365854575,
    "yaw_rate_radps": 0.0012734640163396787,
    "tire_fl_force_wheel_fz_n": 39.872869081869254,
    "tire_fr_force_wheel_fz_n": 39.71568012094151,
    "tire_rl_force_wheel_fz_n": 25.31667613263065,
    "tire_rr_force_wheel_fz_n": 26.40220051719394,
    "tire_fl_spindle_omega_radps": 0.06150914105363191,
    "tire_fr_spindle_omega_radps": 0.07190280768009823,
    "tire_rl_spindle_omega_radps": 0.07302792087244526,
    "tire_rr_spindle_omega_radps": 0.053975480764244285
  },
  "val_crm_loss": 0.08515440836374183,
  "val_crm_rmse": {
    "vel_body_x_mps": 0.0027682280734607143,
    "vel_body_y_mps": 0.0023218087746630102,
    "roll_rad": 3.976611558457783e-05,
    "pitch_rad": 2.6749401700796806e-05,
    "roll_rate_radps": 0.0035992415053469214,
    "ang_vel_body_y_radps": 0.002480721925036487,
    "yaw_rate_radps": 0.0022741778004404124,
    "tire_fl_force_wheel_fz_n": 597.7996555811075,
    "tire_fr_force_wheel_fz_n": 602.0419666452254,
    "tire_rl_force_wheel_fz_n": 906.241346315095,
    "tire_rr_force_wheel_fz_n": 952.3374636256515,
    "tire_fl_spindle_omega_radps": 0.12982546518598875,
    "tire_fr_spindle_omega_radps": 0.13008469719360036,
    "tire_rl_spindle_omega_radps": 0.15293553092600362,
    "tire_rr_spindle_omega_radps": 0.15288299558163246
  },
  "val_mixed_loss": 0.04408631868987868,
  "rollout_flat_5.0s": {
    "xy_rmse_m": 1.947398543973636,
    "yaw_rmse_rad": 0.11667505649928743,
    "errdist": 0.25650088140645644,
    "mean_dist_m": 7.592170963684718,
    "episodes": 12
  },
  "rollout_flat_10.0s": {
    "xy_rmse_m": 5.774782221047027,
    "yaw_rmse_rad": 0.4584062143020188,
    "errdist": 0.16397660817220203,
    "mean_dist_m": 35.2171098391215,
    "episodes": 12
  },
  "rollout_crm_5.0s": {
    "xy_rmse_m": 1.2684421958939796,
    "yaw_rmse_rad": 0.06648244808488668,
    "errdist": 0.17724332464015188,
    "mean_dist_m": 7.1565019357949495,
    "episodes": 12
  },
  "rollout_crm_10.0s": {
    "xy_rmse_m": 4.542972559543804,
    "yaw_rmse_rad": 0.17283211610533117,
    "errdist": 0.18145178797624367,
    "mean_dist_m": 25.036802393694717,
    "episodes": 12
  },
  "rollout_sel": 0.17271419807422284
}
{
  "epoch": 66,
  "timestamp_utc": "2026-07-10T00:35:59.949118+00:00",
  "train_loss": 0.02501983734034002,
  "val_loss": 0.0030297207470721334,
  "val_rmse": {
    "vel_body_x_mps": 0.0008985633338802644,
    "vel_body_y_mps": 0.0006745530655078372,
    "roll_rad": 1.7368994990361896e-05,
    "pitch_rad": 8.609210192988608e-06,
    "roll_rate_radps": 0.0015053279246418512,
    "ang_vel_body_y_radps": 0.0008843521654065652,
    "yaw_rate_radps": 0.0012738697481258223,
    "tire_fl_force_wheel_fz_n": 39.44155216709531,
    "tire_fr_force_wheel_fz_n": 39.459986580504676,
    "tire_rl_force_wheel_fz_n": 24.674760799543307,
    "tire_rr_force_wheel_fz_n": 23.24224111793809,
    "tire_fl_spindle_omega_radps": 0.0606758820751465,
    "tire_fr_spindle_omega_radps": 0.07110806576476421,
    "tire_rl_spindle_omega_radps": 0.0726355556250218,
    "tire_rr_spindle_omega_radps": 0.05311111350602851
  },
  "val_flat_loss": 0.0030297207470721334,
  "val_flat_rmse": {
    "vel_body_x_mps": 0.0008985633338802644,
    "vel_body_y_mps": 0.0006745530655078372,
    "roll_rad": 1.7368994990361896e-05,
    "pitch_rad": 8.609210192988608e-06,
    "roll_rate_radps": 0.0015053279246418512,
    "ang_vel_body_y_radps": 0.0008843521654065652,
    "yaw_rate_radps": 0.0012738697481258223,
    "tire_fl_force_wheel_fz_n": 39.44155216709531,
    "tire_fr_force_wheel_fz_n": 39.459986580504676,
    "tire_rl_force_wheel_fz_n": 24.674760799543307,
    "tire_rr_force_wheel_fz_n": 23.24224111793809,
    "tire_fl_spindle_omega_radps": 0.0606758820751465,
    "tire_fr_spindle_omega_radps": 0.07110806576476421,
    "tire_rl_spindle_omega_radps": 0.0726355556250218,
    "tire_rr_spindle_omega_radps": 0.05311111350602851
  },
  "val_crm_loss": 0.08511219811276532,
  "val_crm_rmse": {
    "vel_body_x_mps": 0.0027872809155115572,
    "vel_body_y_mps": 0.002319902102443983,
    "roll_rad": 3.976915943805632e-05,
    "pitch_rad": 2.6989634969468015e-05,
    "roll_rate_radps": 0.003621353620464118,
    "ang_vel_body_y_radps": 0.0024866368655541956,
    "yaw_rate_radps": 0.002270495931143073,
    "tire_fl_force_wheel_fz_n": 597.8091955402333,
    "tire_fr_force_wheel_fz_n": 598.374883440818,
    "tire_rl_force_wheel_fz_n": 910.7322573666502,
    "tire_rr_force_wheel_fz_n": 950.5784391269905,
    "tire_fl_spindle_omega_radps": 0.13016895898273734,
    "tire_fr_spindle_omega_radps": 0.12941074351364404,
    "tire_rl_spindle_omega_radps": 0.1528387588220778,
    "tire_rr_spindle_omega_radps": 0.15248309900716386
  },
  "val_mixed_loss": 0.04407095942991873,
  "rollout_flat_5.0s": {
    "xy_rmse_m": 1.7582294586499008,
    "yaw_rmse_rad": 0.12085709899916096,
    "errdist": 0.23158454506095277,
    "mean_dist_m": 7.592170963684718,
    "episodes": 12
  },
  "rollout_flat_10.0s": {
    "xy_rmse_m": 6.788228570042454,
    "yaw_rmse_rad": 0.38104342987726025,
    "errdist": 0.19275370980334225,
    "mean_dist_m": 35.2171098391215,
    "episodes": 12
  },
  "rollout_crm_5.0s": {
    "xy_rmse_m": 0.7636063724663898,
    "yaw_rmse_rad": 0.027917829346516695,
    "errdist": 0.10670106419548783,
    "mean_dist_m": 7.1565019357949495,
    "episodes": 12
  },
  "rollout_crm_10.0s": {
    "xy_rmse_m": 2.021529698943383,
    "yaw_rmse_rad": 0.09980037138030043,
    "errdist": 0.0807423275207255,
    "mean_dist_m": 25.036802393694717,
    "episodes": 12
  },
  "rollout_sel": 0.13674801866203387
}
{
  "epoch": 67,
  "timestamp_utc": "2026-07-10T00:36:35.555281+00:00",
  "train_loss": 0.024915026486385612,
  "val_loss": 0.0029491197730203565,
  "val_rmse": {
    "vel_body_x_mps": 0.0008658372102681008,
    "vel_body_y_mps": 0.0006258510115294539,
    "roll_rad": 1.534045369530387e-05,
    "pitch_rad": 7.86038176901822e-06,
    "roll_rate_radps": 0.001463381167644131,
    "ang_vel_body_y_radps": 0.0008829164941515457,
    "yaw_rate_radps": 0.0012704011666999097,
    "tire_fl_force_wheel_fz_n": 38.43128298753237,
    "tire_fr_force_wheel_fz_n": 38.69361617654079,
    "tire_rl_force_wheel_fz_n": 24.321146184771553,
    "tire_rr_force_wheel_fz_n": 23.02189204004495,
    "tire_fl_spindle_omega_radps": 0.06120402673588637,
    "tire_fr_spindle_omega_radps": 0.07085479368373784,
    "tire_rl_spindle_omega_radps": 0.0728179190018179,
    "tire_rr_spindle_omega_radps": 0.0532576817057407
  },
  "val_flat_loss": 0.0029491197730203565,
  "val_flat_rmse": {
    "vel_body_x_mps": 0.0008658372102681008,
    "vel_body_y_mps": 0.0006258510115294539,
    "roll_rad": 1.534045369530387e-05,
    "pitch_rad": 7.86038176901822e-06,
    "roll_rate_radps": 0.001463381167644131,
    "ang_vel_body_y_radps": 0.0008829164941515457,
    "yaw_rate_radps": 0.0012704011666999097,
    "tire_fl_force_wheel_fz_n": 38.43128298753237,
    "tire_fr_force_wheel_fz_n": 38.69361617654079,
    "tire_rl_force_wheel_fz_n": 24.321146184771553,
    "tire_rr_force_wheel_fz_n": 23.02189204004495,
    "tire_fl_spindle_omega_radps": 0.06120402673588637,
    "tire_fr_spindle_omega_radps": 0.07085479368373784,
    "tire_rl_spindle_omega_radps": 0.0728179190018179,
    "tire_rr_spindle_omega_radps": 0.0532576817057407
  },
  "val_crm_loss": 0.08513102407741827,
  "val_crm_rmse": {
    "vel_body_x_mps": 0.0027602299802097184,
    "vel_body_y_mps": 0.0023018448784135562,
    "roll_rad": 4.060145988441086e-05,
    "pitch_rad": 2.6536634791517296e-05,
    "roll_rate_radps": 0.00354400398630123,
    "ang_vel_body_y_radps": 0.002451119587312459,
    "yaw_rate_radps": 0.002261736289907757,
    "tire_fl_force_wheel_fz_n": 600.7467766808098,
    "tire_fr_force_wheel_fz_n": 597.2004284744105,
    "tire_rl_force_wheel_fz_n": 916.5553269881857,
    "tire_rr_force_wheel_fz_n": 947.7318741934575,
    "tire_fl_spindle_omega_radps": 0.12993327644805092,
    "tire_fr_spindle_omega_radps": 0.12911754814332324,
    "tire_rl_spindle_omega_radps": 0.15306495292843098,
    "tire_rr_spindle_omega_radps": 0.15319898712353
  },
  "val_mixed_loss": 0.04404007192521931,
  "rollout_flat_5.0s": {
    "xy_rmse_m": 2.424104735036964,
    "yaw_rmse_rad": 0.1966288376476805,
    "errdist": 0.3192900616479888,
    "mean_dist_m": 7.592170963684718,
    "episodes": 12
  },
  "rollout_flat_10.0s": {
    "xy_rmse_m": 7.837164301398139,
    "yaw_rmse_rad": 0.3232387080778421,
    "errdist": 0.22253854269131698,
    "mean_dist_m": 35.2171098391215,
    "episodes": 12
  },
  "rollout_crm_5.0s": {
    "xy_rmse_m": 0.9248222095154853,
    "yaw_rmse_rad": 0.04040668505059257,
    "errdist": 0.1292282483554943,
    "mean_dist_m": 7.1565019357949495,
    "episodes": 12
  },
  "rollout_crm_10.0s": {
    "xy_rmse_m": 2.970696444913337,
    "yaw_rmse_rad": 0.10094433470026763,
    "errdist": 0.11865318894163093,
    "mean_dist_m": 25.036802393694717,
    "episodes": 12
  },
  "rollout_sel": 0.17059586581647396
}
{
  "epoch": 68,
  "timestamp_utc": "2026-07-10T00:37:11.038024+00:00",
  "train_loss": 0.02484168241871521,
  "val_loss": 0.0029704164190479786,
  "val_rmse": {
    "vel_body_x_mps": 0.0008920841951524267,
    "vel_body_y_mps": 0.0006274009598170532,
    "roll_rad": 1.4211475491701533e-05,
    "pitch_rad": 8.71935029632109e-06,
    "roll_rate_radps": 0.0014908825259655671,
    "ang_vel_body_y_radps": 0.0008921367747852574,
    "yaw_rate_radps": 0.0012675673969224375,
    "tire_fl_force_wheel_fz_n": 40.86222553411887,
    "tire_fr_force_wheel_fz_n": 38.90661280647465,
    "tire_rl_force_wheel_fz_n": 24.2133168115731,
    "tire_rr_force_wheel_fz_n": 23.64545511263093,
    "tire_fl_spindle_omega_radps": 0.06103492836958098,
    "tire_fr_spindle_omega_radps": 0.07139234414484617,
    "tire_rl_spindle_omega_radps": 0.0727561832765214,
    "tire_rr_spindle_omega_radps": 0.05359411223200198
  },
  "val_flat_loss": 0.0029704164190479786,
  "val_flat_rmse": {
    "vel_body_x_mps": 0.0008920841951524267,
    "vel_body_y_mps": 0.0006274009598170532,
    "roll_rad": 1.4211475491701533e-05,
    "pitch_rad": 8.71935029632109e-06,
    "roll_rate_radps": 0.0014908825259655671,
    "ang_vel_body_y_radps": 0.0008921367747852574,
    "yaw_rate_radps": 0.0012675673969224375,
    "tire_fl_force_wheel_fz_n": 40.86222553411887,
    "tire_fr_force_wheel_fz_n": 38.90661280647465,
    "tire_rl_force_wheel_fz_n": 24.2133168115731,
    "tire_rr_force_wheel_fz_n": 23.64545511263093,
    "tire_fl_spindle_omega_radps": 0.06103492836958098,
    "tire_fr_spindle_omega_radps": 0.07139234414484617,
    "tire_rl_spindle_omega_radps": 0.0727561832765214,
    "tire_rr_spindle_omega_radps": 0.05359411223200198
  },
  "val_crm_loss": 0.08457139236736111,
  "val_crm_rmse": {
    "vel_body_x_mps": 0.0027561852500127266,
    "vel_body_y_mps": 0.002282060269263447,
    "roll_rad": 3.7718222908004785e-05,
    "pitch_rad": 2.5210826720043464e-05,
    "roll_rate_radps": 0.003540289665629965,
    "ang_vel_body_y_radps": 0.002437979476163728,
    "yaw_rate_radps": 0.0022616820094470405,
    "tire_fl_force_wheel_fz_n": 602.2403248370731,
    "tire_fr_force_wheel_fz_n": 594.9500475898773,
    "tire_rl_force_wheel_fz_n": 912.4060817410452,
    "tire_rr_force_wheel_fz_n": 943.3036154674588,
    "tire_fl_spindle_omega_radps": 0.12954062798963992,
    "tire_fr_spindle_omega_radps": 0.1292797485776466,
    "tire_rl_spindle_omega_radps": 0.15254566138467582,
    "tire_rr_spindle_omega_radps": 0.15225235481152743
  },
  "val_mixed_loss": 0.043770904393204545,
  "rollout_flat_5.0s": {
    "xy_rmse_m": 3.6636968017797398,
    "yaw_rmse_rad": 0.2506116183038809,
    "errdist": 0.4825624738041506,
    "mean_dist_m": 7.592170963684718,
    "episodes": 12
  },
  "rollout_flat_10.0s": {
    "xy_rmse_m": 8.277586129355964,
    "yaw_rmse_rad": 0.35715007428216944,
    "errdist": 0.23504444763268656,
    "mean_dist_m": 35.2171098391215,
    "episodes": 12
  },
  "rollout_crm_5.0s": {
    "xy_rmse_m": 0.8630291483050131,
    "yaw_rmse_rad": 0.04159927412613477,
    "errdist": 0.12059371408653817,
    "mean_dist_m": 7.1565019357949495,
    "episodes": 12
  },
  "rollout_crm_10.0s": {
    "xy_rmse_m": 3.3228167425137105,
    "yaw_rmse_rad": 0.12343937669204626,
    "errdist": 0.1327172971317827,
    "mean_dist_m": 25.036802393694717,
    "episodes": 12
  },
  "rollout_sel": 0.18388087238223463
}
{
  "epoch": 69,
  "timestamp_utc": "2026-07-10T00:37:46.493513+00:00",
  "train_loss": 0.024736220060847698,
  "val_loss": 0.0029752648111571033,
  "val_rmse": {
    "vel_body_x_mps": 0.000885195990314945,
    "vel_body_y_mps": 0.0006294815371889513,
    "roll_rad": 1.294135584933734e-05,
    "pitch_rad": 1.3116567807161823e-05,
    "roll_rate_radps": 0.0014760308642039635,
    "ang_vel_body_y_radps": 0.0008709056572953507,
    "yaw_rate_radps": 0.0012779355130484262,
    "tire_fl_force_wheel_fz_n": 39.13769920588395,
    "tire_fr_force_wheel_fz_n": 39.77808662824468,
    "tire_rl_force_wheel_fz_n": 24.52239275692343,
    "tire_rr_force_wheel_fz_n": 22.506896996831767,
    "tire_fl_spindle_omega_radps": 0.05994409112495771,
    "tire_fr_spindle_omega_radps": 0.07029755040534157,
    "tire_rl_spindle_omega_radps": 0.07237867693770474,
    "tire_rr_spindle_omega_radps": 0.052363582954282145
  },
  "val_flat_loss": 0.0029752648111571033,
  "val_flat_rmse": {
    "vel_body_x_mps": 0.000885195990314945,
    "vel_body_y_mps": 0.0006294815371889513,
    "roll_rad": 1.294135584933734e-05,
    "pitch_rad": 1.3116567807161823e-05,
    "roll_rate_radps": 0.0014760308642039635,
    "ang_vel_body_y_radps": 0.0008709056572953507,
    "yaw_rate_radps": 0.0012779355130484262,
    "tire_fl_force_wheel_fz_n": 39.13769920588395,
    "tire_fr_force_wheel_fz_n": 39.77808662824468,
    "tire_rl_force_wheel_fz_n": 24.52239275692343,
    "tire_rr_force_wheel_fz_n": 22.506896996831767,
    "tire_fl_spindle_omega_radps": 0.05994409112495771,
    "tire_fr_spindle_omega_radps": 0.07029755040534157,
    "tire_rl_spindle_omega_radps": 0.07237867693770474,
    "tire_rr_spindle_omega_radps": 0.052363582954282145
  },
  "val_crm_loss": 0.08473081922449638,
  "val_crm_rmse": {
    "vel_body_x_mps": 0.0027642671855016036,
    "vel_body_y_mps": 0.002296053833930529,
    "roll_rad": 4.1230321856545955e-05,
    "pitch_rad": 2.5998102446612155e-05,
    "roll_rate_radps": 0.0035424618723857004,
    "ang_vel_body_y_radps": 0.0024633565636517515,
    "yaw_rate_radps": 0.0022591346222695127,
    "tire_fl_force_wheel_fz_n": 596.5349585256207,
    "tire_fr_force_wheel_fz_n": 596.0543918915972,
    "tire_rl_force_wheel_fz_n": 911.0204177715665,
    "tire_rr_force_wheel_fz_n": 947.9709928562233,
    "tire_fl_spindle_omega_radps": 0.12946504211238882,
    "tire_fr_spindle_omega_radps": 0.12903633407335238,
    "tire_rl_spindle_omega_radps": 0.15220674676310522,
    "tire_rr_spindle_omega_radps": 0.15296711722519535
  },
  "val_mixed_loss": 0.04385304201782674,
  "rollout_flat_5.0s": {
    "xy_rmse_m": 3.2309629047877135,
    "yaw_rmse_rad": 0.19593858311638707,
    "errdist": 0.42556508806798865,
    "mean_dist_m": 7.592170963684718,
    "episodes": 12
  },
  "rollout_flat_10.0s": {
    "xy_rmse_m": 7.465572724359586,
    "yaw_rmse_rad": 0.2757394454040813,
    "errdist": 0.211987092594019,
    "mean_dist_m": 35.2171098391215,
    "episodes": 12
  },
  "rollout_crm_5.0s": {
    "xy_rmse_m": 1.2002904027977057,
    "yaw_rmse_rad": 0.0645673154976101,
    "errdist": 0.16772026523100164,
    "mean_dist_m": 7.1565019357949495,
    "episodes": 12
  },
  "rollout_crm_10.0s": {
    "xy_rmse_m": 3.2054671206103307,
    "yaw_rmse_rad": 0.17219620889746784,
    "errdist": 0.12803021209360174,
    "mean_dist_m": 25.036802393694717,
    "episodes": 12
  },
  "rollout_sel": 0.17000865234381035
}
{
  "epoch": 70,
  "timestamp_utc": "2026-07-10T00:38:21.878044+00:00",
  "train_loss": 0.024699788068886848,
  "val_loss": 0.0029226984904198615,
  "val_rmse": {
    "vel_body_x_mps": 0.0008674535718907199,
    "vel_body_y_mps": 0.0006182201071650581,
    "roll_rad": 1.3624126021030334e-05,
    "pitch_rad": 8.677275308549545e-06,
    "roll_rate_radps": 0.001469572848758675,
    "ang_vel_body_y_radps": 0.0008663018195726805,
    "yaw_rate_radps": 0.0012708649952377642,
    "tire_fl_force_wheel_fz_n": 38.3569167544299,
    "tire_fr_force_wheel_fz_n": 39.21549998242256,
    "tire_rl_force_wheel_fz_n": 25.060032357669165,
    "tire_rr_force_wheel_fz_n": 22.45222823017286,
    "tire_fl_spindle_omega_radps": 0.059850141905355266,
    "tire_fr_spindle_omega_radps": 0.06976194925068337,
    "tire_rl_spindle_omega_radps": 0.071573561339556,
    "tire_rr_spindle_omega_radps": 0.05181270786155523
  },
  "val_flat_loss": 0.0029226984904198615,
  "val_flat_rmse": {
    "vel_body_x_mps": 0.0008674535718907199,
    "vel_body_y_mps": 0.0006182201071650581,
    "roll_rad": 1.3624126021030334e-05,
    "pitch_rad": 8.677275308549545e-06,
    "roll_rate_radps": 0.001469572848758675,
    "ang_vel_body_y_radps": 0.0008663018195726805,
    "yaw_rate_radps": 0.0012708649952377642,
    "tire_fl_force_wheel_fz_n": 38.3569167544299,
    "tire_fr_force_wheel_fz_n": 39.21549998242256,
    "tire_rl_force_wheel_fz_n": 25.060032357669165,
    "tire_rr_force_wheel_fz_n": 22.45222823017286,
    "tire_fl_spindle_omega_radps": 0.059850141905355266,
    "tire_fr_spindle_omega_radps": 0.06976194925068337,
    "tire_rl_spindle_omega_radps": 0.071573561339556,
    "tire_rr_spindle_omega_radps": 0.05181270786155523
  },
  "val_crm_loss": 0.08416012022586074,
  "val_crm_rmse": {
    "vel_body_x_mps": 0.0027492425942538005,
    "vel_body_y_mps": 0.0022773164440517933,
    "roll_rad": 3.942566216323392e-05,
    "pitch_rad": 2.6412150181576506e-05,
    "roll_rate_radps": 0.0035328747881569417,
    "ang_vel_body_y_radps": 0.002447990428571643,
    "yaw_rate_radps": 0.002262842400791139,
    "tire_fl_force_wheel_fz_n": 592.6145597030758,
    "tire_fr_force_wheel_fz_n": 592.0082679614507,
    "tire_rl_force_wheel_fz_n": 908.7626051563288,
    "tire_rr_force_wheel_fz_n": 944.0974319886939,
    "tire_fl_spindle_omega_radps": 0.12933478665360557,
    "tire_fr_spindle_omega_radps": 0.1292570169693178,
    "tire_rl_spindle_omega_radps": 0.15201740566307692,
    "tire_rr_spindle_omega_radps": 0.15258272543715223
  },
  "val_mixed_loss": 0.0435414093581403,
  "rollout_flat_5.0s": {
    "xy_rmse_m": 3.92404438931358,
    "yaw_rmse_rad": 0.20150903204544662,
    "errdist": 0.5168540603317919,
    "mean_dist_m": 7.592170963684718,
    "episodes": 12
  },
  "rollout_flat_10.0s": {
    "xy_rmse_m": 8.960161946967556,
    "yaw_rmse_rad": 0.4487903676254903,
    "errdist": 0.25442638501283305,
    "mean_dist_m": 35.2171098391215,
    "episodes": 12
  },
  "rollout_crm_5.0s": {
    "xy_rmse_m": 0.8788536208664518,
    "yaw_rmse_rad": 0.049360126969439116,
    "errdist": 0.1228049162497471,
    "mean_dist_m": 7.1565019357949495,
    "episodes": 12
  },
  "rollout_crm_10.0s": {
    "xy_rmse_m": 3.2331990353027376,
    "yaw_rmse_rad": 0.13526111101592408,
    "errdist": 0.12913785812029208,
    "mean_dist_m": 25.036802393694717,
    "episodes": 12
  },
  "rollout_sel": 0.19178212156656255
}
{
  "epoch": 71,
  "timestamp_utc": "2026-07-10T00:38:57.430650+00:00",
  "train_loss": 0.02451125114923343,
  "val_loss": 0.0029123907407483784,
  "val_rmse": {
    "vel_body_x_mps": 0.0008661868444417997,
    "vel_body_y_mps": 0.000626526309804827,
    "roll_rad": 1.2811180714129663e-05,
    "pitch_rad": 7.555988937867187e-06,
    "roll_rate_radps": 0.0014644096422829578,
    "ang_vel_body_y_radps": 0.0008942733812035955,
    "yaw_rate_radps": 0.0012640524752575532,
    "tire_fl_force_wheel_fz_n": 38.49916236164389,
    "tire_fr_force_wheel_fz_n": 38.54543261182441,
    "tire_rl_force_wheel_fz_n": 24.264345459323266,
    "tire_rr_force_wheel_fz_n": 22.8049766396217,
    "tire_fl_spindle_omega_radps": 0.060465443849232116,
    "tire_fr_spindle_omega_radps": 0.07045956627384914,
    "tire_rl_spindle_omega_radps": 0.07238725671030942,
    "tire_rr_spindle_omega_radps": 0.05270819065313847
  },
  "val_flat_loss": 0.0029123907407483784,
  "val_flat_rmse": {
    "vel_body_x_mps": 0.0008661868444417997,
    "vel_body_y_mps": 0.000626526309804827,
    "roll_rad": 1.2811180714129663e-05,
    "pitch_rad": 7.555988937867187e-06,
    "roll_rate_radps": 0.0014644096422829578,
    "ang_vel_body_y_radps": 0.0008942733812035955,
    "yaw_rate_radps": 0.0012640524752575532,
    "tire_fl_force_wheel_fz_n": 38.49916236164389,
    "tire_fr_force_wheel_fz_n": 38.54543261182441,
    "tire_rl_force_wheel_fz_n": 24.264345459323266,
    "tire_rr_force_wheel_fz_n": 22.8049766396217,
    "tire_fl_spindle_omega_radps": 0.060465443849232116,
    "tire_fr_spindle_omega_radps": 0.07045956627384914,
    "tire_rl_spindle_omega_radps": 0.07238725671030942,
    "tire_rr_spindle_omega_radps": 0.05270819065313847
  },
  "val_crm_loss": 0.08494189158256632,
  "val_crm_rmse": {
    "vel_body_x_mps": 0.00279654654232383,
    "vel_body_y_mps": 0.0022865276771422472,
    "roll_rad": 3.87504579018285e-05,
    "pitch_rad": 2.6592755041597535e-05,
    "roll_rate_radps": 0.003532760724396577,
    "ang_vel_body_y_radps": 0.0024356552769266375,
    "yaw_rate_radps": 0.0022670301715184225,
    "tire_fl_force_wheel_fz_n": 594.2929897931534,
    "tire_fr_force_wheel_fz_n": 596.634592275053,
    "tire_rl_force_wheel_fz_n": 914.4209267932475,
    "tire_rr_force_wheel_fz_n": 950.1971913114133,
    "tire_fl_spindle_omega_radps": 0.12901838748378705,
    "tire_fr_spindle_omega_radps": 0.1285247190683761,
    "tire_rl_spindle_omega_radps": 0.15202681688100272,
    "tire_rr_spindle_omega_radps": 0.15188460973593904
  },
  "val_mixed_loss": 0.04392714116165735,
  "rollout_flat_5.0s": {
    "xy_rmse_m": 2.58896790912769,
    "yaw_rmse_rad": 0.23958431945818978,
    "errdist": 0.34100495385461954,
    "mean_dist_m": 7.592170963684718,
    "episodes": 12
  },
  "rollout_flat_10.0s": {
    "xy_rmse_m": 9.23610538373752,
    "yaw_rmse_rad": 0.5203103604430235,
    "errdist": 0.26226187855646926,
    "mean_dist_m": 35.2171098391215,
    "episodes": 12
  },
  "rollout_crm_5.0s": {
    "xy_rmse_m": 0.795997031968725,
    "yaw_rmse_rad": 0.025189534148168043,
    "errdist": 0.11122711055066668,
    "mean_dist_m": 7.1565019357949495,
    "episodes": 12
  },
  "rollout_crm_10.0s": {
    "xy_rmse_m": 1.6139726760651747,
    "yaw_rmse_rad": 0.11215716931568699,
    "errdist": 0.06446400984782459,
    "mean_dist_m": 25.036802393694717,
    "episodes": 12
  },
  "rollout_sel": 0.16336294420214692
}
{
  "epoch": 72,
  "timestamp_utc": "2026-07-10T00:39:32.981379+00:00",
  "train_loss": 0.02459230391960591,
  "val_loss": 0.002921329128475918,
  "val_rmse": {
    "vel_body_x_mps": 0.0008619144601606725,
    "vel_body_y_mps": 0.0006776534996680464,
    "roll_rad": 1.4785755501253929e-05,
    "pitch_rad": 8.092007828185941e-06,
    "roll_rate_radps": 0.0014734182722760322,
    "ang_vel_body_y_radps": 0.0008785138438174178,
    "yaw_rate_radps": 0.0012630950697831633,
    "tire_fl_force_wheel_fz_n": 38.31093945696345,
    "tire_fr_force_wheel_fz_n": 38.89422180353046,
    "tire_rl_force_wheel_fz_n": 24.28821191848685,
    "tire_rr_force_wheel_fz_n": 22.47880399503928,
    "tire_fl_spindle_omega_radps": 0.06047956226564966,
    "tire_fr_spindle_omega_radps": 0.07072482986149264,
    "tire_rl_spindle_omega_radps": 0.07228903151739301,
    "tire_rr_spindle_omega_radps": 0.05252623766122702
  },
  "val_flat_loss": 0.002921329128475918,
  "val_flat_rmse": {
    "vel_body_x_mps": 0.0008619144601606725,
    "vel_body_y_mps": 0.0006776534996680464,
    "roll_rad": 1.4785755501253929e-05,
    "pitch_rad": 8.092007828185941e-06,
    "roll_rate_radps": 0.0014734182722760322,
    "ang_vel_body_y_radps": 0.0008785138438174178,
    "yaw_rate_radps": 0.0012630950697831633,
    "tire_fl_force_wheel_fz_n": 38.31093945696345,
    "tire_fr_force_wheel_fz_n": 38.89422180353046,
    "tire_rl_force_wheel_fz_n": 24.28821191848685,
    "tire_rr_force_wheel_fz_n": 22.47880399503928,
    "tire_fl_spindle_omega_radps": 0.06047956226564966,
    "tire_fr_spindle_omega_radps": 0.07072482986149264,
    "tire_rl_spindle_omega_radps": 0.07228903151739301,
    "tire_rr_spindle_omega_radps": 0.05252623766122702
  },
  "val_crm_loss": 0.0844144541962305,
  "val_crm_rmse": {
    "vel_body_x_mps": 0.0027399156737123002,
    "vel_body_y_mps": 0.002296531320733912,
    "roll_rad": 3.786385916894486e-05,
    "pitch_rad": 2.6656847426736287e-05,
    "roll_rate_radps": 0.0035359956888926366,
    "ang_vel_body_y_radps": 0.002465049383887445,
    "yaw_rate_radps": 0.00226777849107896,
    "tire_fl_force_wheel_fz_n": 595.6289127339021,
    "tire_fr_force_wheel_fz_n": 592.4954060776712,
    "tire_rl_force_wheel_fz_n": 910.0326033085148,
    "tire_rr_force_wheel_fz_n": 951.1625029392615,
    "tire_fl_spindle_omega_radps": 0.12854170515294114,
    "tire_fr_spindle_omega_radps": 0.12871075291116807,
    "tire_rl_spindle_omega_radps": 0.15277681820981576,
    "tire_rr_spindle_omega_radps": 0.15224117528273629
  },
  "val_mixed_loss": 0.043667891662353214,
  "rollout_flat_5.0s": {
    "xy_rmse_m": 2.804852126196513,
    "yaw_rmse_rad": 0.2681516175092402,
    "errdist": 0.3694400639307035,
    "mean_dist_m": 7.592170963684718,
    "episodes": 12
  },
  "rollout_flat_10.0s": {
    "xy_rmse_m": 8.04015936394648,
    "yaw_rmse_rad": 0.4491345663165774,
    "errdist": 0.22830264609093326,
    "mean_dist_m": 35.2171098391215,
    "episodes": 12
  },
  "rollout_crm_5.0s": {
    "xy_rmse_m": 0.6941645553333701,
    "yaw_rmse_rad": 0.03723774812223297,
    "errdist": 0.0969977457647766,
    "mean_dist_m": 7.1565019357949495,
    "episodes": 12
  },
  "rollout_crm_10.0s": {
    "xy_rmse_m": 1.964833022303838,
    "yaw_rmse_rad": 0.08126439624183318,
    "errdist": 0.07847779406521428,
    "mean_dist_m": 25.036802393694717,
    "episodes": 12
  },
  "rollout_sel": 0.15339022007807376
}
{
  "epoch": 73,
  "timestamp_utc": "2026-07-10T00:40:08.366377+00:00",
  "train_loss": 0.024479711719788612,
  "val_loss": 0.002902324603546731,
  "val_rmse": {
    "vel_body_x_mps": 0.0008745936588210005,
    "vel_body_y_mps": 0.00062439653181172,
    "roll_rad": 1.353995159592431e-05,
    "pitch_rad": 8.13558519697457e-06,
    "roll_rate_radps": 0.0014630954486262082,
    "ang_vel_body_y_radps": 0.0008786000230398264,
    "yaw_rate_radps": 0.0012600410997751844,
    "tire_fl_force_wheel_fz_n": 38.40348216376614,
    "tire_fr_force_wheel_fz_n": 38.23941035778245,
    "tire_rl_force_wheel_fz_n": 24.31673200788951,
    "tire_rr_force_wheel_fz_n": 24.102235826679316,
    "tire_fl_spindle_omega_radps": 0.06018470642244356,
    "tire_fr_spindle_omega_radps": 0.07071995267217895,
    "tire_rl_spindle_omega_radps": 0.07239908445010629,
    "tire_rr_spindle_omega_radps": 0.05288807899341619
  },
  "val_flat_loss": 0.002902324603546731,
  "val_flat_rmse": {
    "vel_body_x_mps": 0.0008745936588210005,
    "vel_body_y_mps": 0.00062439653181172,
    "roll_rad": 1.353995159592431e-05,
    "pitch_rad": 8.13558519697457e-06,
    "roll_rate_radps": 0.0014630954486262082,
    "ang_vel_body_y_radps": 0.0008786000230398264,
    "yaw_rate_radps": 0.0012600410997751844,
    "tire_fl_force_wheel_fz_n": 38.40348216376614,
    "tire_fr_force_wheel_fz_n": 38.23941035778245,
    "tire_rl_force_wheel_fz_n": 24.31673200788951,
    "tire_rr_force_wheel_fz_n": 24.102235826679316,
    "tire_fl_spindle_omega_radps": 0.06018470642244356,
    "tire_fr_spindle_omega_radps": 0.07071995267217895,
    "tire_rl_spindle_omega_radps": 0.07239908445010629,
    "tire_rr_spindle_omega_radps": 0.05288807899341619
  },
  "val_crm_loss": 0.08449222467083019,
  "val_crm_rmse": {
    "vel_body_x_mps": 0.0027483730609193387,
    "vel_body_y_mps": 0.0022817427993157466,
    "roll_rad": 3.774844253590589e-05,
    "pitch_rad": 3.0510516823952966e-05,
    "roll_rate_radps": 0.0035473253045467945,
    "ang_vel_body_y_radps": 0.002444187092216831,
    "yaw_rate_radps": 0.0022649638597235996,
    "tire_fl_force_wheel_fz_n": 596.9277780248917,
    "tire_fr_force_wheel_fz_n": 593.3308600023703,
    "tire_rl_force_wheel_fz_n": 909.4760066454851,
    "tire_rr_force_wheel_fz_n": 945.8053438286955,
    "tire_fl_spindle_omega_radps": 0.13015199265965263,
    "tire_fr_spindle_omega_radps": 0.1293583161871552,
    "tire_rl_spindle_omega_radps": 0.15224411797074694,
    "tire_rr_spindle_omega_radps": 0.15194130209271303
  },
  "val_mixed_loss": 0.043697274637188456,
  "rollout_flat_5.0s": {
    "xy_rmse_m": 3.19086820516778,
    "yaw_rmse_rad": 0.30060441854109776,
    "errdist": 0.4202840294864951,
    "mean_dist_m": 7.592170963684718,
    "episodes": 12
  },
  "rollout_flat_10.0s": {
    "xy_rmse_m": 8.901212537369089,
    "yaw_rmse_rad": 0.44541340537999047,
    "errdist": 0.25275249951036677,
    "mean_dist_m": 35.2171098391215,
    "episodes": 12
  },
  "rollout_crm_5.0s": {
    "xy_rmse_m": 0.9637259218017594,
    "yaw_rmse_rad": 0.050670684722899734,
    "errdist": 0.1346643835840321,
    "mean_dist_m": 7.1565019357949495,
    "episodes": 12
  },
  "rollout_crm_10.0s": {
    "xy_rmse_m": 3.0229923111757553,
    "yaw_rmse_rad": 0.1416152627433982,
    "errdist": 0.1207419487377137,
    "mean_dist_m": 25.036802393694717,
    "episodes": 12
  },
  "rollout_sel": 0.18674722412404024
}
{
  "epoch": 74,
  "timestamp_utc": "2026-07-10T00:40:44.168699+00:00",
  "train_loss": 0.02442353736050427,
  "val_loss": 0.0028876280946496993,
  "val_rmse": {
    "vel_body_x_mps": 0.000869662959051805,
    "vel_body_y_mps": 0.0006249225686260719,
    "roll_rad": 1.312465826243476e-05,
    "pitch_rad": 8.06311059354118e-06,
    "roll_rate_radps": 0.0014777570097405613,
    "ang_vel_body_y_radps": 0.0008739615256867883,
    "yaw_rate_radps": 0.0012553415031596284,
    "tire_fl_force_wheel_fz_n": 39.52015482227409,
    "tire_fr_force_wheel_fz_n": 39.06186474239313,
    "tire_rl_force_wheel_fz_n": 25.384085531062393,
    "tire_rr_force_wheel_fz_n": 22.359262737469514,
    "tire_fl_spindle_omega_radps": 0.059897114085559075,
    "tire_fr_spindle_omega_radps": 0.07018504372151439,
    "tire_rl_spindle_omega_radps": 0.07178019739986054,
    "tire_rr_spindle_omega_radps": 0.05193309741296222
  },
  "val_flat_loss": 0.0028876280946496993,
  "val_flat_rmse": {
    "vel_body_x_mps": 0.000869662959051805,
    "vel_body_y_mps": 0.0006249225686260719,
    "roll_rad": 1.312465826243476e-05,
    "pitch_rad": 8.06311059354118e-06,
    "roll_rate_radps": 0.0014777570097405613,
    "ang_vel_body_y_radps": 0.0008739615256867883,
    "yaw_rate_radps": 0.0012553415031596284,
    "tire_fl_force_wheel_fz_n": 39.52015482227409,
    "tire_fr_force_wheel_fz_n": 39.06186474239313,
    "tire_rl_force_wheel_fz_n": 25.384085531062393,
    "tire_rr_force_wheel_fz_n": 22.359262737469514,
    "tire_fl_spindle_omega_radps": 0.059897114085559075,
    "tire_fr_spindle_omega_radps": 0.07018504372151439,
    "tire_rl_spindle_omega_radps": 0.07178019739986054,
    "tire_rr_spindle_omega_radps": 0.05193309741296222
  },
  "val_crm_loss": 0.08433837860182393,
  "val_crm_rmse": {
    "vel_body_x_mps": 0.0027577487166636633,
    "vel_body_y_mps": 0.0022735382728890628,
    "roll_rad": 3.625691675494504e-05,
    "pitch_rad": 2.6198108217864363e-05,
    "roll_rate_radps": 0.003491320408926099,
    "ang_vel_body_y_radps": 0.002417732105763226,
    "yaw_rate_radps": 0.0022588658014253654,
    "tire_fl_force_wheel_fz_n": 589.7224404062898,
    "tire_fr_force_wheel_fz_n": 590.3813535035615,
    "tire_rl_force_wheel_fz_n": 914.2846304033803,
    "tire_rr_force_wheel_fz_n": 947.3072966413906,
    "tire_fl_spindle_omega_radps": 0.12848996687110076,
    "tire_fr_spindle_omega_radps": 0.12830491211257777,
    "tire_rl_spindle_omega_radps": 0.1523907401439512,
    "tire_rr_spindle_omega_radps": 0.15172505887535714
  },
  "val_mixed_loss": 0.04361300334823681,
  "rollout_flat_5.0s": {
    "xy_rmse_m": 3.438685630936362,
    "yaw_rmse_rad": 0.21658045860561465,
    "errdist": 0.4529252103758554,
    "mean_dist_m": 7.592170963684718,
    "episodes": 12
  },
  "rollout_flat_10.0s": {
    "xy_rmse_m": 7.435577526395758,
    "yaw_rmse_rad": 0.29164882708669576,
    "errdist": 0.21113537028912652,
    "mean_dist_m": 35.2171098391215,
    "episodes": 12
  },
  "rollout_crm_5.0s": {
    "xy_rmse_m": 0.9622900923023502,
    "yaw_rmse_rad": 0.058919859164902805,
    "errdist": 0.13446375071726413,
    "mean_dist_m": 7.1565019357949495,
    "episodes": 12
  },
  "rollout_crm_10.0s": {
    "xy_rmse_m": 3.1092394990006795,
    "yaw_rmse_rad": 0.15691278692791724,
    "errdist": 0.12418676515111658,
    "mean_dist_m": 25.036802393694717,
    "episodes": 12
  },
  "rollout_sel": 0.16766106772012154
}
{
  "epoch": 75,
  "timestamp_utc": "2026-07-10T00:41:19.450913+00:00",
  "train_loss": 0.024452206928748638,
  "val_loss": 0.0028281194945884635,
  "val_rmse": {
    "vel_body_x_mps": 0.0008357982118350895,
    "vel_body_y_mps": 0.0006313939951240852,
    "roll_rad": 1.4528240344445357e-05,
    "pitch_rad": 7.660469202211046e-06,
    "roll_rate_radps": 0.0014691122228232567,
    "ang_vel_body_y_radps": 0.0008474581097631409,
    "yaw_rate_radps": 0.0012606923134799578,
    "tire_fl_force_wheel_fz_n": 38.64971891969674,
    "tire_fr_force_wheel_fz_n": 38.338539145397505,
    "tire_rl_force_wheel_fz_n": 24.12208867043288,
    "tire_rr_force_wheel_fz_n": 22.205616058053188,
    "tire_fl_spindle_omega_radps": 0.058574264124471656,
    "tire_fr_spindle_omega_radps": 0.06900861224757827,
    "tire_rl_spindle_omega_radps": 0.07083676604522815,
    "tire_rr_spindle_omega_radps": 0.05086011777159383
  },
  "val_flat_loss": 0.0028281194945884635,
  "val_flat_rmse": {
    "vel_body_x_mps": 0.0008357982118350895,
    "vel_body_y_mps": 0.0006313939951240852,
    "roll_rad": 1.4528240344445357e-05,
    "pitch_rad": 7.660469202211046e-06,
    "roll_rate_radps": 0.0014691122228232567,
    "ang_vel_body_y_radps": 0.0008474581097631409,
    "yaw_rate_radps": 0.0012606923134799578,
    "tire_fl_force_wheel_fz_n": 38.64971891969674,
    "tire_fr_force_wheel_fz_n": 38.338539145397505,
    "tire_rl_force_wheel_fz_n": 24.12208867043288,
    "tire_rr_force_wheel_fz_n": 22.205616058053188,
    "tire_fl_spindle_omega_radps": 0.058574264124471656,
    "tire_fr_spindle_omega_radps": 0.06900861224757827,
    "tire_rl_spindle_omega_radps": 0.07083676604522815,
    "tire_rr_spindle_omega_radps": 0.05086011777159383
  },
  "val_crm_loss": 0.0842027000640519,
  "val_crm_rmse": {
    "vel_body_x_mps": 0.0027472084757432227,
    "vel_body_y_mps": 0.0022679206841833208,
    "roll_rad": 3.927092159414426e-05,
    "pitch_rad": 2.655259794748069e-05,
    "roll_rate_radps": 0.0035192446740860447,
    "ang_vel_body_y_radps": 0.0024288265479726298,
    "yaw_rate_radps": 0.0022622610804132926,
    "tire_fl_force_wheel_fz_n": 589.4684597740234,
    "tire_fr_force_wheel_fz_n": 589.6633781354919,
    "tire_rl_force_wheel_fz_n": 913.4338472894594,
    "tire_rr_force_wheel_fz_n": 948.477831774124,
    "tire_fl_spindle_omega_radps": 0.12922437815978935,
    "tire_fr_spindle_omega_radps": 0.1291495525071734,
    "tire_rl_spindle_omega_radps": 0.15199736820103837,
    "tire_rr_spindle_omega_radps": 0.15207662937809774
  },
  "val_mixed_loss": 0.043515409779320176,
  "rollout_flat_5.0s": {
    "xy_rmse_m": 3.672290237214973,
    "yaw_rmse_rad": 0.3852607971915989,
    "errdist": 0.48369435498495356,
    "mean_dist_m": 7.592170963684718,
    "episodes": 12
  },
  "rollout_flat_10.0s": {
    "xy_rmse_m": 11.325127951240956,
    "yaw_rmse_rad": 0.5282850324094228,
    "errdist": 0.3215802773985801,
    "mean_dist_m": 35.2171098391215,
    "episodes": 12
  },
  "rollout_crm_5.0s": {
    "xy_rmse_m": 0.7485121596972526,
    "yaw_rmse_rad": 0.030460979324586704,
    "errdist": 0.10459190347638847,
    "mean_dist_m": 7.1565019357949495,
    "episodes": 12
  },
  "rollout_crm_10.0s": {
    "xy_rmse_m": 2.2579717782233244,
    "yaw_rmse_rad": 0.07771988610681077,
    "errdist": 0.09018610854203864,
    "mean_dist_m": 25.036802393694717,
    "episodes": 12
  },
  "rollout_sel": 0.20588319297030935
}
{
  "epoch": 76,
  "timestamp_utc": "2026-07-10T00:41:55.921929+00:00",
  "train_loss": 0.024425963423680513,
  "val_loss": 0.0028425719580809526,
  "val_rmse": {
    "vel_body_x_mps": 0.0008521744297387703,
    "vel_body_y_mps": 0.0006209953942148744,
    "roll_rad": 1.55248912299763e-05,
    "pitch_rad": 8.231898659228177e-06,
    "roll_rate_radps": 0.0014515772127090506,
    "ang_vel_body_y_radps": 0.000871394452253146,
    "yaw_rate_radps": 0.001257448684945504,
    "tire_fl_force_wheel_fz_n": 38.00756914584281,
    "tire_fr_force_wheel_fz_n": 38.34376231086863,
    "tire_rl_force_wheel_fz_n": 25.348546522933972,
    "tire_rr_force_wheel_fz_n": 22.061736718177265,
    "tire_fl_spindle_omega_radps": 0.058964020225737684,
    "tire_fr_spindle_omega_radps": 0.06954521790385355,
    "tire_rl_spindle_omega_radps": 0.07110253735507943,
    "tire_rr_spindle_omega_radps": 0.05144650408258569
  },
  "val_flat_loss": 0.0028425719580809526,
  "val_flat_rmse": {
    "vel_body_x_mps": 0.0008521744297387703,
    "vel_body_y_mps": 0.0006209953942148744,
    "roll_rad": 1.55248912299763e-05,
    "pitch_rad": 8.231898659228177e-06,
    "roll_rate_radps": 0.0014515772127090506,
    "ang_vel_body_y_radps": 0.000871394452253146,
    "yaw_rate_radps": 0.001257448684945504,
    "tire_fl_force_wheel_fz_n": 38.00756914584281,
    "tire_fr_force_wheel_fz_n": 38.34376231086863,
    "tire_rl_force_wheel_fz_n": 25.348546522933972,
    "tire_rr_force_wheel_fz_n": 22.061736718177265,
    "tire_fl_spindle_omega_radps": 0.058964020225737684,
    "tire_fr_spindle_omega_radps": 0.06954521790385355,
    "tire_rl_spindle_omega_radps": 0.07110253735507943,
    "tire_rr_spindle_omega_radps": 0.05144650408258569
  },
  "val_crm_loss": 0.08401195272628684,
  "val_crm_rmse": {
    "vel_body_x_mps": 0.0027254407049890706,
    "vel_body_y_mps": 0.002262059188270518,
    "roll_rad": 3.711269721486032e-05,
    "pitch_rad": 2.5178852190443045e-05,
    "roll_rate_radps": 0.0035150547538199276,
    "ang_vel_body_y_radps": 0.0024303796090208384,
    "yaw_rate_radps": 0.0022550993838422557,
    "tire_fl_force_wheel_fz_n": 592.5338099262874,
    "tire_fr_force_wheel_fz_n": 590.7759367239913,
    "tire_rl_force_wheel_fz_n": 909.5010622043709,
    "tire_rr_force_wheel_fz_n": 946.6784287956482,
    "tire_fl_spindle_omega_radps": 0.12842590875386356,
    "tire_fr_spindle_omega_radps": 0.12844383239301982,
    "tire_rl_spindle_omega_radps": 0.15158965804890948,
    "tire_rr_spindle_omega_radps": 0.15144885296231728
  },
  "val_mixed_loss": 0.043427262342183894,
  "rollout_flat_5.0s": {
    "xy_rmse_m": 3.0954646382243483,
    "yaw_rmse_rad": 0.2694605824437757,
    "errdist": 0.4077179838323902,
    "mean_dist_m": 7.592170963684718,
    "episodes": 12
  },
  "rollout_flat_10.0s": {
    "xy_rmse_m": 8.022274124644506,
    "yaw_rmse_rad": 0.4718063189984756,
    "errdist": 0.2277947895580242,
    "mean_dist_m": 35.2171098391215,
    "episodes": 12
  },
  "rollout_crm_5.0s": {
    "xy_rmse_m": 0.7134480784547185,
    "yaw_rmse_rad": 0.02198264838948895,
    "errdist": 0.09969229168879812,
    "mean_dist_m": 7.1565019357949495,
    "episodes": 12
  },
  "rollout_crm_10.0s": {
    "xy_rmse_m": 1.698603203769736,
    "yaw_rmse_rad": 0.05432427261102815,
    "errdist": 0.06784425491162215,
    "mean_dist_m": 25.036802393694717,
    "episodes": 12
  },
  "rollout_sel": 0.14781952223482317
}
{
  "epoch": 77,
  "timestamp_utc": "2026-07-10T00:42:31.701464+00:00",
  "train_loss": 0.024255889998283237,
  "val_loss": 0.002841813100985746,
  "val_rmse": {
    "vel_body_x_mps": 0.0008396181156533654,
    "vel_body_y_mps": 0.0006256040979610257,
    "roll_rad": 1.2539199415725228e-05,
    "pitch_rad": 9.0174915944112e-06,
    "roll_rate_radps": 0.0014670083262030642,
    "ang_vel_body_y_radps": 0.0008517498784313236,
    "yaw_rate_radps": 0.0012620785091420799,
    "tire_fl_force_wheel_fz_n": 38.08679126421874,
    "tire_fr_force_wheel_fz_n": 37.80018591254802,
    "tire_rl_force_wheel_fz_n": 24.486039786739504,
    "tire_rr_force_wheel_fz_n": 22.100474920607134,
    "tire_fl_spindle_omega_radps": 0.059135255554861696,
    "tire_fr_spindle_omega_radps": 0.0691015238904259,
    "tire_rl_spindle_omega_radps": 0.0709651285204033,
    "tire_rr_spindle_omega_radps": 0.05100025977625031
  },
  "val_flat_loss": 0.002841813100985746,
  "val_flat_rmse": {
    "vel_body_x_mps": 0.0008396181156533654,
    "vel_body_y_mps": 0.0006256040979610257,
    "roll_rad": 1.2539199415725228e-05,
    "pitch_rad": 9.0174915944112e-06,
    "roll_rate_radps": 0.0014670083262030642,
    "ang_vel_body_y_radps": 0.0008517498784313236,
    "yaw_rate_radps": 0.0012620785091420799,
    "tire_fl_force_wheel_fz_n": 38.08679126421874,
    "tire_fr_force_wheel_fz_n": 37.80018591254802,
    "tire_rl_force_wheel_fz_n": 24.486039786739504,
    "tire_rr_force_wheel_fz_n": 22.100474920607134,
    "tire_fl_spindle_omega_radps": 0.059135255554861696,
    "tire_fr_spindle_omega_radps": 0.0691015238904259,
    "tire_rl_spindle_omega_radps": 0.0709651285204033,
    "tire_rr_spindle_omega_radps": 0.05100025977625031
  },
  "val_crm_loss": 0.08440026064403355,
  "val_crm_rmse": {
    "vel_body_x_mps": 0.0027393123633035186,
    "vel_body_y_mps": 0.002260258809719979,
    "roll_rad": 3.7506157998494784e-05,
    "pitch_rad": 2.7657977265278507e-05,
    "roll_rate_radps": 0.003526055092127772,
    "ang_vel_body_y_radps": 0.0024327891536367226,
    "yaw_rate_radps": 0.0022667472669357916,
    "tire_fl_force_wheel_fz_n": 589.3541086899179,
    "tire_fr_force_wheel_fz_n": 596.8777512657467,
    "tire_rl_force_wheel_fz_n": 912.5812629637161,
    "tire_rr_force_wheel_fz_n": 952.2065931122781,
    "tire_fl_spindle_omega_radps": 0.12809675156880793,
    "tire_fr_spindle_omega_radps": 0.12906480998789144,
    "tire_rl_spindle_omega_radps": 0.15212271048967835,
    "tire_rr_spindle_omega_radps": 0.15204865520502442
  },
  "val_mixed_loss": 0.04362103687250965,
  "rollout_flat_5.0s": {
    "xy_rmse_m": 1.9620594176415027,
    "yaw_rmse_rad": 0.13103028815989456,
    "errdist": 0.25843193297760697,
    "mean_dist_m": 7.592170963684718,
    "episodes": 12
  },
  "rollout_flat_10.0s": {
    "xy_rmse_m": 8.825137665190855,
    "yaw_rmse_rad": 0.5410174210905335,
    "errdist": 0.2505923315543432,
    "mean_dist_m": 35.2171098391215,
    "episodes": 12
  },
  "rollout_crm_5.0s": {
    "xy_rmse_m": 0.7098504850513234,
    "yaw_rmse_rad": 0.026123361508385,
    "errdist": 0.0991895889108668,
    "mean_dist_m": 7.1565019357949495,
    "episodes": 12
  },
  "rollout_crm_10.0s": {
    "xy_rmse_m": 1.737977841395863,
    "yaw_rmse_rad": 0.32550228936844955,
    "errdist": 0.06941692529528277,
    "mean_dist_m": 25.036802393694717,
    "episodes": 12
  },
  "rollout_sel": 0.16000462842481297
}
{
  "epoch": 78,
  "timestamp_utc": "2026-07-10T00:43:07.085817+00:00",
  "train_loss": 0.024136119032278656,
  "val_loss": 0.0028620334443257888,
  "val_rmse": {
    "vel_body_x_mps": 0.0008505493080907084,
    "vel_body_y_mps": 0.0006071380021322856,
    "roll_rad": 1.2401170154677947e-05,
    "pitch_rad": 7.904709129845706e-06,
    "roll_rate_radps": 0.0014562534012990723,
    "ang_vel_body_y_radps": 0.0008578270240612841,
    "yaw_rate_radps": 0.0012688173052904307,
    "tire_fl_force_wheel_fz_n": 38.47285088714437,
    "tire_fr_force_wheel_fz_n": 38.02884590706347,
    "tire_rl_force_wheel_fz_n": 24.339570084002027,
    "tire_rr_force_wheel_fz_n": 22.677292528310474,
    "tire_fl_spindle_omega_radps": 0.0596449675081177,
    "tire_fr_spindle_omega_radps": 0.06977532195722977,
    "tire_rl_spindle_omega_radps": 0.07163554564323443,
    "tire_rr_spindle_omega_radps": 0.05156537946241843
  },
  "val_flat_loss": 0.0028620334443257888,
  "val_flat_rmse": {
    "vel_body_x_mps": 0.0008505493080907084,
    "vel_body_y_mps": 0.0006071380021322856,
    "roll_rad": 1.2401170154677947e-05,
    "pitch_rad": 7.904709129845706e-06,
    "roll_rate_radps": 0.0014562534012990723,
    "ang_vel_body_y_radps": 0.0008578270240612841,
    "yaw_rate_radps": 0.0012688173052904307,
    "tire_fl_force_wheel_fz_n": 38.47285088714437,
    "tire_fr_force_wheel_fz_n": 38.02884590706347,
    "tire_rl_force_wheel_fz_n": 24.339570084002027,
    "tire_rr_force_wheel_fz_n": 22.677292528310474,
    "tire_fl_spindle_omega_radps": 0.0596449675081177,
    "tire_fr_spindle_omega_radps": 0.06977532195722977,
    "tire_rl_spindle_omega_radps": 0.07163554564323443,
    "tire_rr_spindle_omega_radps": 0.05156537946241843
  },
  "val_crm_loss": 0.08413300385989714,
  "val_crm_rmse": {
    "vel_body_x_mps": 0.0027227524512426662,
    "vel_body_y_mps": 0.0022652500446363427,
    "roll_rad": 3.725455494939456e-05,
    "pitch_rad": 2.4901074775742934e-05,
    "roll_rate_radps": 0.003489162224350827,
    "ang_vel_body_y_radps": 0.002412388232303366,
    "yaw_rate_radps": 0.002256720645823112,
    "tire_fl_force_wheel_fz_n": 589.3768134810216,
    "tire_fr_force_wheel_fz_n": 589.5701818061208,
    "tire_rl_force_wheel_fz_n": 913.9866970077458,
    "tire_rr_force_wheel_fz_n": 952.4985040740835,
    "tire_fl_spindle_omega_radps": 0.1282312030879254,
    "tire_fr_spindle_omega_radps": 0.12877876549877804,
    "tire_rl_spindle_omega_radps": 0.15178593435287496,
    "tire_rr_spindle_omega_radps": 0.15196452018637294
  },
  "val_mixed_loss": 0.04349751865211146,
  "rollout_flat_5.0s": {
    "xy_rmse_m": 1.4368841606590375,
    "yaw_rmse_rad": 0.13557897961204174,
    "errdist": 0.18925866758428114,
    "mean_dist_m": 7.592170963684718,
    "episodes": 12
  },
  "rollout_flat_10.0s": {
    "xy_rmse_m": 4.561172393085643,
    "yaw_rmse_rad": 0.16643631150185056,
    "errdist": 0.12951580677466015,
    "mean_dist_m": 35.2171098391215,
    "episodes": 12
  },
  "rollout_crm_5.0s": {
    "xy_rmse_m": 0.7817156095185611,
    "yaw_rmse_rad": 0.033261309344653635,
    "errdist": 0.10923152351969952,
    "mean_dist_m": 7.1565019357949495,
    "episodes": 12
  },
  "rollout_crm_10.0s": {
    "xy_rmse_m": 2.341668806878285,
    "yaw_rmse_rad": 0.1022157989928973,
    "errdist": 0.0935290685310522,
    "mean_dist_m": 25.036802393694717,
    "episodes": 12
  },
  "rollout_sel": 0.11152243765285617
}
{
  "epoch": 79,
  "timestamp_utc": "2026-07-10T00:43:42.733599+00:00",
  "train_loss": 0.024367966329678893,
  "val_loss": 0.00286135686092166,
  "val_rmse": {
    "vel_body_x_mps": 0.0008580166022641214,
    "vel_body_y_mps": 0.0006215132800802541,
    "roll_rad": 1.3424392325091316e-05,
    "pitch_rad": 9.408964012990698e-06,
    "roll_rate_radps": 0.0014534724676278235,
    "ang_vel_body_y_radps": 0.0008577877182626551,
    "yaw_rate_radps": 0.001265104842364727,
    "tire_fl_force_wheel_fz_n": 38.727858854555315,
    "tire_fr_force_wheel_fz_n": 38.65628869254443,
    "tire_rl_force_wheel_fz_n": 25.44896592304593,
    "tire_rr_force_wheel_fz_n": 22.268748540714974,
    "tire_fl_spindle_omega_radps": 0.05906509529880803,
    "tire_fr_spindle_omega_radps": 0.06958710904845457,
    "tire_rl_spindle_omega_radps": 0.07139982494992334,
    "tire_rr_spindle_omega_radps": 0.051493960593177394
  },
  "val_flat_loss": 0.00286135686092166,
  "val_flat_rmse": {
    "vel_body_x_mps": 0.0008580166022641214,
    "vel_body_y_mps": 0.0006215132800802541,
    "roll_rad": 1.3424392325091316e-05,
    "pitch_rad": 9.408964012990698e-06,
    "roll_rate_radps": 0.0014534724676278235,
    "ang_vel_body_y_radps": 0.0008577877182626551,
    "yaw_rate_radps": 0.001265104842364727,
    "tire_fl_force_wheel_fz_n": 38.727858854555315,
    "tire_fr_force_wheel_fz_n": 38.65628869254443,
    "tire_rl_force_wheel_fz_n": 25.44896592304593,
    "tire_rr_force_wheel_fz_n": 22.268748540714974,
    "tire_fl_spindle_omega_radps": 0.05906509529880803,
    "tire_fr_spindle_omega_radps": 0.06958710904845457,
    "tire_rl_spindle_omega_radps": 0.07139982494992334,
    "tire_rr_spindle_omega_radps": 0.051493960593177394
  },
  "val_crm_loss": 0.0839941290137358,
  "val_crm_rmse": {
    "vel_body_x_mps": 0.002721067634573191,
    "vel_body_y_mps": 0.0022679627774342278,
    "roll_rad": 3.901845146913109e-05,
    "pitch_rad": 2.4755239831608823e-05,
    "roll_rate_radps": 0.003496720613133103,
    "ang_vel_body_y_radps": 0.0024189860135132926,
    "yaw_rate_radps": 0.002250661920673055,
    "tire_fl_force_wheel_fz_n": 590.1310661016099,
    "tire_fr_force_wheel_fz_n": 590.3315195722555,
    "tire_rl_force_wheel_fz_n": 913.2192998236035,
    "tire_rr_force_wheel_fz_n": 950.2066570377185,
    "tire_fl_spindle_omega_radps": 0.12821551369880235,
    "tire_fr_spindle_omega_radps": 0.12794325721009084,
    "tire_rl_spindle_omega_radps": 0.15133868159068717,
    "tire_rr_spindle_omega_radps": 0.1510852569765746
  },
  "val_mixed_loss": 0.043427742937328734,
  "rollout_flat_5.0s": {
    "xy_rmse_m": 2.772699095695123,
    "yaw_rmse_rad": 0.27418371698599997,
    "errdist": 0.3652050393698518,
    "mean_dist_m": 7.592170963684718,
    "episodes": 12
  },
  "rollout_flat_10.0s": {
    "xy_rmse_m": 8.122853497512883,
    "yaw_rmse_rad": 0.4778079695119857,
    "errdist": 0.23065076988485522,
    "mean_dist_m": 35.2171098391215,
    "episodes": 12
  },
  "rollout_crm_5.0s": {
    "xy_rmse_m": 0.637723952315747,
    "yaw_rmse_rad": 0.03228772830876607,
    "errdist": 0.08911112692166248,
    "mean_dist_m": 7.1565019357949495,
    "episodes": 12
  },
  "rollout_crm_10.0s": {
    "xy_rmse_m": 1.614805371237978,
    "yaw_rmse_rad": 0.11405416783182362,
    "errdist": 0.06449726869452992,
    "mean_dist_m": 25.036802393694717,
    "episodes": 12
  },
  "rollout_sel": 0.14757401928969258
}
{
  "epoch": 80,
  "timestamp_utc": "2026-07-10T00:44:19.318609+00:00",
  "train_loss": 0.02436082010762766,
  "val_loss": 0.0028198676984175107,
  "val_rmse": {
    "vel_body_x_mps": 0.0008327558554687399,
    "vel_body_y_mps": 0.0006288019942763971,
    "roll_rad": 1.46196583600686e-05,
    "pitch_rad": 9.435142703325924e-06,
    "roll_rate_radps": 0.001468286314886232,
    "ang_vel_body_y_radps": 0.0008515918668478734,
    "yaw_rate_radps": 0.001260545456753998,
    "tire_fl_force_wheel_fz_n": 39.13408998457024,
    "tire_fr_force_wheel_fz_n": 41.45440647460906,
    "tire_rl_force_wheel_fz_n": 23.960071839876054,
    "tire_rr_force_wheel_fz_n": 23.5905004951081,
    "tire_fl_spindle_omega_radps": 0.05817544048845745,
    "tire_fr_spindle_omega_radps": 0.06873276028865959,
    "tire_rl_spindle_omega_radps": 0.07060840487831037,
    "tire_rr_spindle_omega_radps": 0.05087116103624143
  },
  "val_flat_loss": 0.0028198676984175107,
  "val_flat_rmse": {
    "vel_body_x_mps": 0.0008327558554687399,
    "vel_body_y_mps": 0.0006288019942763971,
    "roll_rad": 1.46196583600686e-05,
    "pitch_rad": 9.435142703325924e-06,
    "roll_rate_radps": 0.001468286314886232,
    "ang_vel_body_y_radps": 0.0008515918668478734,
    "yaw_rate_radps": 0.001260545456753998,
    "tire_fl_force_wheel_fz_n": 39.13408998457024,
    "tire_fr_force_wheel_fz_n": 41.45440647460906,
    "tire_rl_force_wheel_fz_n": 23.960071839876054,
    "tire_rr_force_wheel_fz_n": 23.5905004951081,
    "tire_fl_spindle_omega_radps": 0.05817544048845745,
    "tire_fr_spindle_omega_radps": 0.06873276028865959,
    "tire_rl_spindle_omega_radps": 0.07060840487831037,
    "tire_rr_spindle_omega_radps": 0.05087116103624143
  },
  "val_crm_loss": 0.08467017444374506,
  "val_crm_rmse": {
    "vel_body_x_mps": 0.00275991019266208,
    "vel_body_y_mps": 0.0022640916510132283,
    "roll_rad": 3.727690264508132e-05,
    "pitch_rad": 2.595313476781286e-05,
    "roll_rate_radps": 0.0035302984457001364,
    "ang_vel_body_y_radps": 0.0024171716391357726,
    "yaw_rate_radps": 0.002259741314385746,
    "tire_fl_force_wheel_fz_n": 598.6788006927636,
    "tire_fr_force_wheel_fz_n": 591.7070427631958,
    "tire_rl_force_wheel_fz_n": 913.3194091111181,
    "tire_rr_force_wheel_fz_n": 956.7726805397261,
    "tire_fl_spindle_omega_radps": 0.12815771940423887,
    "tire_fr_spindle_omega_radps": 0.12839666859829474,
    "tire_rl_spindle_omega_radps": 0.15169098226278174,
    "tire_rr_spindle_omega_radps": 0.15146175721294955
  },
  "val_mixed_loss": 0.04374502107108128,
  "rollout_flat_5.0s": {
    "xy_rmse_m": 3.7080430625436898,
    "yaw_rmse_rad": 0.23979645820943196,
    "errdist": 0.4884035251945987,
    "mean_dist_m": 7.592170963684718,
    "episodes": 12
  },
  "rollout_flat_10.0s": {
    "xy_rmse_m": 9.633472405544062,
    "yaw_rmse_rad": 0.339748328160366,
    "errdist": 0.2735452298485483,
    "mean_dist_m": 35.2171098391215,
    "episodes": 12
  },
  "rollout_crm_5.0s": {
    "xy_rmse_m": 0.8919165755866512,
    "yaw_rmse_rad": 0.023958321138133527,
    "errdist": 0.12463024304171817,
    "mean_dist_m": 7.1565019357949495,
    "episodes": 12
  },
  "rollout_crm_10.0s": {
    "xy_rmse_m": 2.245698703936913,
    "yaw_rmse_rad": 0.056045417174150146,
    "errdist": 0.08969590719390233,
    "mean_dist_m": 25.036802393694717,
    "episodes": 12
  },
  "rollout_sel": 0.18162056852122532
}
training completed; last checkpoint: /home/harry/NeDM/artifacts/training_runs/ablation_ofat/L6_H4_E128_ctx128/checkpoints/last.pt
