terrain_conditioning: one-hot over ['flat', 'crm']
loss: type=huber huber_delta=1.0 channel_weights={'vel_body_x_mps': 1.62196, 'vel_body_y_mps': 2.35058, 'roll_rad': 0.16566, 'pitch_rad': 0.01578, 'roll_rate_radps': 0.02387, 'ang_vel_body_y_radps': 0.01794, 'yaw_rate_radps': 2.14412, 'tire_fl_force_wheel_fz_n': 0.00463, 'tire_fr_force_wheel_fz_n': 0.00536, 'tire_rl_force_wheel_fz_n': 0.00382, 'tire_rr_force_wheel_fz_n': 0.00356, 'tire_fl_spindle_omega_radps': 1.73764, 'tire_fr_spindle_omega_radps': 1.69314, 'tire_rl_spindle_omega_radps': 2.63328, 'tire_rr_spindle_omega_radps': 2.57865}
{
  "epoch": 1,
  "timestamp_utc": "2026-07-09T18:48:35.609113+00:00",
  "train_loss": 0.14410581465438008,
  "val_loss": 0.012574208349833497,
  "val_rmse": {
    "vel_body_x_mps": 0.0019685884136221997,
    "vel_body_y_mps": 0.0016122208798964564,
    "roll_rad": 5.01144204708727e-05,
    "pitch_rad": 3.532263275892605e-05,
    "roll_rate_radps": 0.0022789874022756474,
    "ang_vel_body_y_radps": 0.0014483491891119562,
    "yaw_rate_radps": 0.0019378420283588872,
    "tire_fl_force_wheel_fz_n": 74.4269999465066,
    "tire_fr_force_wheel_fz_n": 70.73705889963209,
    "tire_rl_force_wheel_fz_n": 46.97505357047981,
    "tire_rr_force_wheel_fz_n": 40.144550331425215,
    "tire_fl_spindle_omega_radps": 0.11213403713573843,
    "tire_fr_spindle_omega_radps": 0.11206372921042583,
    "tire_rl_spindle_omega_radps": 0.100628485010134,
    "tire_rr_spindle_omega_radps": 0.09574826235177994
  },
  "val_flat_loss": 0.012574208349833497,
  "val_flat_rmse": {
    "vel_body_x_mps": 0.0019685884136221997,
    "vel_body_y_mps": 0.0016122208798964564,
    "roll_rad": 5.01144204708727e-05,
    "pitch_rad": 3.532263275892605e-05,
    "roll_rate_radps": 0.0022789874022756474,
    "ang_vel_body_y_radps": 0.0014483491891119562,
    "yaw_rate_radps": 0.0019378420283588872,
    "tire_fl_force_wheel_fz_n": 74.4269999465066,
    "tire_fr_force_wheel_fz_n": 70.73705889963209,
    "tire_rl_force_wheel_fz_n": 46.97505357047981,
    "tire_rr_force_wheel_fz_n": 40.144550331425215,
    "tire_fl_spindle_omega_radps": 0.11213403713573843,
    "tire_fr_spindle_omega_radps": 0.11206372921042583,
    "tire_rl_spindle_omega_radps": 0.100628485010134,
    "tire_rr_spindle_omega_radps": 0.09574826235177994
  },
  "val_crm_loss": 0.20235796604305506,
  "val_crm_rmse": {
    "vel_body_x_mps": 0.005571810731290934,
    "vel_body_y_mps": 0.005013560594297102,
    "roll_rad": 0.00013390040280551437,
    "pitch_rad": 8.486843696364776e-05,
    "roll_rate_radps": 0.009197171587093777,
    "ang_vel_body_y_radps": 0.0059046458226673,
    "yaw_rate_radps": 0.0038048194685206065,
    "tire_fl_force_wheel_fz_n": 1342.631616504214,
    "tire_fr_force_wheel_fz_n": 1405.5333428736892,
    "tire_rl_force_wheel_fz_n": 1164.6662307702923,
    "tire_rr_force_wheel_fz_n": 1242.9303024547492,
    "tire_fl_spindle_omega_radps": 0.24074682552381826,
    "tire_fr_spindle_omega_radps": 0.249933548649126,
    "tire_rl_spindle_omega_radps": 0.23796682335359037,
    "tire_rr_spindle_omega_radps": 0.2381430984260932
  },
  "val_mixed_loss": 0.10746608719644428,
  "rollout_flat_5.0s": {
    "xy_rmse_m": 1.5194029918892096,
    "yaw_rmse_rad": 0.09690013658083271,
    "errdist": 0.2001276050232404,
    "mean_dist_m": 7.592170963684718,
    "episodes": 12
  },
  "rollout_flat_10.0s": {
    "xy_rmse_m": 5.602391785792647,
    "yaw_rmse_rad": 0.33890166026141444,
    "errdist": 0.1590815319992312,
    "mean_dist_m": 35.2171098391215,
    "episodes": 12
  },
  "rollout_crm_5.0s": {
    "xy_rmse_m": 1.1543525251903908,
    "yaw_rmse_rad": 0.17995398116945227,
    "errdist": 0.16130122447345702,
    "mean_dist_m": 7.1565019357949495,
    "episodes": 12
  },
  "rollout_crm_10.0s": {
    "xy_rmse_m": 6.989528530158041,
    "yaw_rmse_rad": 0.3560835226815653,
    "errdist": 0.27917017597735594,
    "mean_dist_m": 25.036802393694717,
    "episodes": 12
  },
  "rollout_sel": 0.21912585398829357
}
{
  "epoch": 2,
  "timestamp_utc": "2026-07-09T18:49:03.397141+00:00",
  "train_loss": 0.06160970694757998,
  "val_loss": 0.009716343259933638,
  "val_rmse": {
    "vel_body_x_mps": 0.0016450501326765257,
    "vel_body_y_mps": 0.0012200862522255317,
    "roll_rad": 4.345233172507287e-05,
    "pitch_rad": 2.039214866499078e-05,
    "roll_rate_radps": 0.002095190170728698,
    "ang_vel_body_y_radps": 0.0011740771491030202,
    "yaw_rate_radps": 0.0018560563319505413,
    "tire_fl_force_wheel_fz_n": 61.62460848314443,
    "tire_fr_force_wheel_fz_n": 65.73867864660129,
    "tire_rl_force_wheel_fz_n": 32.02045669727957,
    "tire_rr_force_wheel_fz_n": 32.25253988067335,
    "tire_fl_spindle_omega_radps": 0.09559561673159343,
    "tire_fr_spindle_omega_radps": 0.10010589727871645,
    "tire_rl_spindle_omega_radps": 0.09208095585119674,
    "tire_rr_spindle_omega_radps": 0.08639373848650872
  },
  "val_flat_loss": 0.009716343259933638,
  "val_flat_rmse": {
    "vel_body_x_mps": 0.0016450501326765257,
    "vel_body_y_mps": 0.0012200862522255317,
    "roll_rad": 4.345233172507287e-05,
    "pitch_rad": 2.039214866499078e-05,
    "roll_rate_radps": 0.002095190170728698,
    "ang_vel_body_y_radps": 0.0011740771491030202,
    "yaw_rate_radps": 0.0018560563319505413,
    "tire_fl_force_wheel_fz_n": 61.62460848314443,
    "tire_fr_force_wheel_fz_n": 65.73867864660129,
    "tire_rl_force_wheel_fz_n": 32.02045669727957,
    "tire_rr_force_wheel_fz_n": 32.25253988067335,
    "tire_fl_spindle_omega_radps": 0.09559561673159343,
    "tire_fr_spindle_omega_radps": 0.10010589727871645,
    "tire_rl_spindle_omega_radps": 0.09208095585119674,
    "tire_rr_spindle_omega_radps": 0.08639373848650872
  },
  "val_crm_loss": 0.16309016312821767,
  "val_crm_rmse": {
    "vel_body_x_mps": 0.004878399580351746,
    "vel_body_y_mps": 0.0041015328049078155,
    "roll_rad": 0.00010667747398257752,
    "pitch_rad": 6.323845851288214e-05,
    "roll_rate_radps": 0.007426877080220532,
    "ang_vel_body_y_radps": 0.00477833777779401,
    "yaw_rate_radps": 0.003366008999967573,
    "tire_fl_force_wheel_fz_n": 1154.0173388829055,
    "tire_fr_force_wheel_fz_n": 1178.3524046278292,
    "tire_rl_force_wheel_fz_n": 1056.3149649122918,
    "tire_rr_force_wheel_fz_n": 1140.288328298081,
    "tire_fl_spindle_omega_radps": 0.20996902870858467,
    "tire_fr_spindle_omega_radps": 0.20589911013531043,
    "tire_rl_spindle_omega_radps": 0.2086815074521628,
    "tire_rr_spindle_omega_radps": 0.20384801953102724
  },
  "val_mixed_loss": 0.08640325319407566,
  "rollout_flat_5.0s": {
    "xy_rmse_m": 3.3514882348998145,
    "yaw_rmse_rad": 0.2568657164818172,
    "errdist": 0.4414400374979481,
    "mean_dist_m": 7.592170963684718,
    "episodes": 12
  },
  "rollout_flat_10.0s": {
    "xy_rmse_m": 10.570622185350144,
    "yaw_rmse_rad": 0.8438129665285969,
    "errdist": 0.30015586837303715,
    "mean_dist_m": 35.2171098391215,
    "episodes": 12
  },
  "rollout_crm_5.0s": {
    "xy_rmse_m": 2.3386365556956963,
    "yaw_rmse_rad": 0.31394069386929035,
    "errdist": 0.3267848701330532,
    "mean_dist_m": 7.1565019357949495,
    "episodes": 12
  },
  "rollout_crm_10.0s": {
    "xy_rmse_m": 8.993054776902985,
    "yaw_rmse_rad": 0.5221247209101924,
    "errdist": 0.3591934239640682,
    "mean_dist_m": 25.036802393694717,
    "episodes": 12
  },
  "rollout_sel": 0.3296746461685527
}
{
  "epoch": 3,
  "timestamp_utc": "2026-07-09T18:49:28.692260+00:00",
  "train_loss": 0.052197899897582827,
  "val_loss": 0.007398524431700935,
  "val_rmse": {
    "vel_body_x_mps": 0.0013391881270929224,
    "vel_body_y_mps": 0.0010536066610968525,
    "roll_rad": 3.352315965959965e-05,
    "pitch_rad": 1.621501859136269e-05,
    "roll_rate_radps": 0.001895181612805046,
    "ang_vel_body_y_radps": 0.0010843715994993909,
    "yaw_rate_radps": 0.0016504372657569048,
    "tire_fl_force_wheel_fz_n": 63.43271559314085,
    "tire_fr_force_wheel_fz_n": 61.26289510687083,
    "tire_rl_force_wheel_fz_n": 33.64862973539354,
    "tire_rr_force_wheel_fz_n": 32.1544411310439,
    "tire_fl_spindle_omega_radps": 0.08884026799907939,
    "tire_fr_spindle_omega_radps": 0.09186635252117482,
    "tire_rl_spindle_omega_radps": 0.08943486772130282,
    "tire_rr_spindle_omega_radps": 0.07417796082791797
  },
  "val_flat_loss": 0.007398524431700935,
  "val_flat_rmse": {
    "vel_body_x_mps": 0.0013391881270929224,
    "vel_body_y_mps": 0.0010536066610968525,
    "roll_rad": 3.352315965959965e-05,
    "pitch_rad": 1.621501859136269e-05,
    "roll_rate_radps": 0.001895181612805046,
    "ang_vel_body_y_radps": 0.0010843715994993909,
    "yaw_rate_radps": 0.0016504372657569048,
    "tire_fl_force_wheel_fz_n": 63.43271559314085,
    "tire_fr_force_wheel_fz_n": 61.26289510687083,
    "tire_rl_force_wheel_fz_n": 33.64862973539354,
    "tire_rr_force_wheel_fz_n": 32.1544411310439,
    "tire_fl_spindle_omega_radps": 0.08884026799907939,
    "tire_fr_spindle_omega_radps": 0.09186635252117482,
    "tire_rl_spindle_omega_radps": 0.08943486772130282,
    "tire_rr_spindle_omega_radps": 0.07417796082791797
  },
  "val_crm_loss": 0.14329518407117575,
  "val_crm_rmse": {
    "vel_body_x_mps": 0.004263410775219149,
    "vel_body_y_mps": 0.003722279558083464,
    "roll_rad": 8.764013018605799e-05,
    "pitch_rad": 6.058807934002349e-05,
    "roll_rate_radps": 0.006532045155086876,
    "ang_vel_body_y_radps": 0.004133994939813642,
    "yaw_rate_radps": 0.003090397950504372,
    "tire_fl_force_wheel_fz_n": 1035.0078763452382,
    "tire_fr_force_wheel_fz_n": 1066.2436002244192,
    "tire_rl_force_wheel_fz_n": 1027.175548020004,
    "tire_rr_force_wheel_fz_n": 1087.356589586075,
    "tire_fl_spindle_omega_radps": 0.1901090955048523,
    "tire_fr_spindle_omega_radps": 0.1880908722571106,
    "tire_rl_spindle_omega_radps": 0.19688451279741367,
    "tire_rr_spindle_omega_radps": 0.18838753343100964
  },
  "val_mixed_loss": 0.07534685425143835,
  "rollout_flat_5.0s": {
    "xy_rmse_m": 3.4190058125359752,
    "yaw_rmse_rad": 0.3187160456405813,
    "errdist": 0.450333090349249,
    "mean_dist_m": 7.592170963684718,
    "episodes": 12
  },
  "rollout_flat_10.0s": {
    "xy_rmse_m": 9.917348565600312,
    "yaw_rmse_rad": 0.72747729967364,
    "errdist": 0.2816059753598367,
    "mean_dist_m": 35.2171098391215,
    "episodes": 12
  },
  "rollout_crm_5.0s": {
    "xy_rmse_m": 1.501882082736845,
    "yaw_rmse_rad": 0.1745620845131187,
    "errdist": 0.20986259714747285,
    "mean_dist_m": 7.1565019357949495,
    "episodes": 12
  },
  "rollout_crm_10.0s": {
    "xy_rmse_m": 4.550048841277181,
    "yaw_rmse_rad": 0.7274203212128609,
    "errdist": 0.18173442317949787,
    "mean_dist_m": 25.036802393694717,
    "episodes": 12
  },
  "rollout_sel": 0.2316701992696673
}
{
  "epoch": 4,
  "timestamp_utc": "2026-07-09T18:49:55.040229+00:00",
  "train_loss": 0.047327387859113515,
  "val_loss": 0.007797697700880235,
  "val_rmse": {
    "vel_body_x_mps": 0.0013059243508276141,
    "vel_body_y_mps": 0.0012548580039202287,
    "roll_rad": 2.9982753293023704e-05,
    "pitch_rad": 1.7088782231748003e-05,
    "roll_rate_radps": 0.0020853043910302725,
    "ang_vel_body_y_radps": 0.001058869780604662,
    "yaw_rate_radps": 0.001717723682392523,
    "tire_fl_force_wheel_fz_n": 60.51057938394346,
    "tire_fr_force_wheel_fz_n": 68.28434757118465,
    "tire_rl_force_wheel_fz_n": 31.773702412484145,
    "tire_rr_force_wheel_fz_n": 28.64209840338338,
    "tire_fl_spindle_omega_radps": 0.0850463743382946,
    "tire_fr_spindle_omega_radps": 0.08934711908771724,
    "tire_rl_spindle_omega_radps": 0.09252599502720954,
    "tire_rr_spindle_omega_radps": 0.07943292473546061
  },
  "val_flat_loss": 0.007797697700880235,
  "val_flat_rmse": {
    "vel_body_x_mps": 0.0013059243508276141,
    "vel_body_y_mps": 0.0012548580039202287,
    "roll_rad": 2.9982753293023704e-05,
    "pitch_rad": 1.7088782231748003e-05,
    "roll_rate_radps": 0.0020853043910302725,
    "ang_vel_body_y_radps": 0.001058869780604662,
    "yaw_rate_radps": 0.001717723682392523,
    "tire_fl_force_wheel_fz_n": 60.51057938394346,
    "tire_fr_force_wheel_fz_n": 68.28434757118465,
    "tire_rl_force_wheel_fz_n": 31.773702412484145,
    "tire_rr_force_wheel_fz_n": 28.64209840338338,
    "tire_fl_spindle_omega_radps": 0.0850463743382946,
    "tire_fr_spindle_omega_radps": 0.08934711908771724,
    "tire_rl_spindle_omega_radps": 0.09252599502720954,
    "tire_rr_spindle_omega_radps": 0.07943292473546061
  },
  "val_crm_loss": 0.13379713706090116,
  "val_crm_rmse": {
    "vel_body_x_mps": 0.004167078919985691,
    "vel_body_y_mps": 0.003576515733968964,
    "roll_rad": 8.381688778175172e-05,
    "pitch_rad": 5.228280642955487e-05,
    "roll_rate_radps": 0.006128055858935732,
    "ang_vel_body_y_radps": 0.0039010214192335708,
    "yaw_rate_radps": 0.002938144215770595,
    "tire_fl_force_wheel_fz_n": 967.7378213854935,
    "tire_fr_force_wheel_fz_n": 989.642387993401,
    "tire_rl_force_wheel_fz_n": 999.4790076770544,
    "tire_rr_force_wheel_fz_n": 1067.8100664091928,
    "tire_fl_spindle_omega_radps": 0.1789547910708741,
    "tire_fr_spindle_omega_radps": 0.1787064432695588,
    "tire_rl_spindle_omega_radps": 0.18213092634827177,
    "tire_rr_spindle_omega_radps": 0.18201156739634117
  },
  "val_mixed_loss": 0.0707974173808907,
  "rollout_flat_5.0s": {
    "xy_rmse_m": 2.857890761860947,
    "yaw_rmse_rad": 0.22089713891387158,
    "errdist": 0.3764260282771508,
    "mean_dist_m": 7.592170963684718,
    "episodes": 12
  },
  "rollout_flat_10.0s": {
    "xy_rmse_m": 10.930473673178673,
    "yaw_rmse_rad": 0.6667467306061934,
    "errdist": 0.3103739552482066,
    "mean_dist_m": 35.2171098391215,
    "episodes": 12
  },
  "rollout_crm_5.0s": {
    "xy_rmse_m": 0.8489141176719165,
    "yaw_rmse_rad": 0.06842045465763402,
    "errdist": 0.11862137749531937,
    "mean_dist_m": 7.1565019357949495,
    "episodes": 12
  },
  "rollout_crm_10.0s": {
    "xy_rmse_m": 3.502967491272755,
    "yaw_rmse_rad": 0.3344086872642151,
    "errdist": 0.13991273470908347,
    "mean_dist_m": 25.036802393694717,
    "episodes": 12
  },
  "rollout_sel": 0.22514334497864502
}
{
  "epoch": 5,
  "timestamp_utc": "2026-07-09T18:50:20.085633+00:00",
  "train_loss": 0.0442323432136327,
  "val_loss": 0.006631972415416385,
  "val_rmse": {
    "vel_body_x_mps": 0.0013473739548033657,
    "vel_body_y_mps": 0.0009556877881961344,
    "roll_rad": 3.700773244619628e-05,
    "pitch_rad": 1.5446693008793215e-05,
    "roll_rate_radps": 0.0019698554007916112,
    "ang_vel_body_y_radps": 0.0010496457216360013,
    "yaw_rate_radps": 0.0016396711973153766,
    "tire_fl_force_wheel_fz_n": 62.40583723463727,
    "tire_fr_force_wheel_fz_n": 56.832806441790986,
    "tire_rl_force_wheel_fz_n": 30.672382725590857,
    "tire_rr_force_wheel_fz_n": 28.946576747204062,
    "tire_fl_spindle_omega_radps": 0.08307151684660125,
    "tire_fr_spindle_omega_radps": 0.08652489418340971,
    "tire_rl_spindle_omega_radps": 0.08262990478090913,
    "tire_rr_spindle_omega_radps": 0.06715579981032073
  },
  "val_flat_loss": 0.006631972415416385,
  "val_flat_rmse": {
    "vel_body_x_mps": 0.0013473739548033657,
    "vel_body_y_mps": 0.0009556877881961344,
    "roll_rad": 3.700773244619628e-05,
    "pitch_rad": 1.5446693008793215e-05,
    "roll_rate_radps": 0.0019698554007916112,
    "ang_vel_body_y_radps": 0.0010496457216360013,
    "yaw_rate_radps": 0.0016396711973153766,
    "tire_fl_force_wheel_fz_n": 62.40583723463727,
    "tire_fr_force_wheel_fz_n": 56.832806441790986,
    "tire_rl_force_wheel_fz_n": 30.672382725590857,
    "tire_rr_force_wheel_fz_n": 28.946576747204062,
    "tire_fl_spindle_omega_radps": 0.08307151684660125,
    "tire_fr_spindle_omega_radps": 0.08652489418340971,
    "tire_rl_spindle_omega_radps": 0.08262990478090913,
    "tire_rr_spindle_omega_radps": 0.06715579981032073
  },
  "val_crm_loss": 0.12659484363044612,
  "val_crm_rmse": {
    "vel_body_x_mps": 0.0039796580538794275,
    "vel_body_y_mps": 0.0033311194508714808,
    "roll_rad": 7.61495955107987e-05,
    "pitch_rad": 5.6652892149950906e-05,
    "roll_rate_radps": 0.0055627376017659165,
    "ang_vel_body_y_radps": 0.003845602922747824,
    "yaw_rate_radps": 0.002820643397408942,
    "tire_fl_force_wheel_fz_n": 909.3351604567861,
    "tire_fr_force_wheel_fz_n": 935.9507437410757,
    "tire_rl_force_wheel_fz_n": 983.4080583156497,
    "tire_rr_force_wheel_fz_n": 1049.3364848919487,
    "tire_fl_spindle_omega_radps": 0.17195700499182479,
    "tire_fr_spindle_omega_radps": 0.1692416066754224,
    "tire_rl_spindle_omega_radps": 0.1781453782208604,
    "tire_rr_spindle_omega_radps": 0.18072914915836058
  },
  "val_mixed_loss": 0.06661340802293125,
  "rollout_flat_5.0s": {
    "xy_rmse_m": 1.2661028321513321,
    "yaw_rmse_rad": 0.2204067051360566,
    "errdist": 0.16676426785005546,
    "mean_dist_m": 7.592170963684718,
    "episodes": 12
  },
  "rollout_flat_10.0s": {
    "xy_rmse_m": 6.8465594640929925,
    "yaw_rmse_rad": 0.32365656364798706,
    "errdist": 0.19441003237827825,
    "mean_dist_m": 35.2171098391215,
    "episodes": 12
  },
  "rollout_crm_5.0s": {
    "xy_rmse_m": 1.1838896860393184,
    "yaw_rmse_rad": 0.054741379943991454,
    "errdist": 0.16542854269595206,
    "mean_dist_m": 7.1565019357949495,
    "episodes": 12
  },
  "rollout_crm_10.0s": {
    "xy_rmse_m": 2.659777054777297,
    "yaw_rmse_rad": 0.3687620498148585,
    "errdist": 0.1062346945489787,
    "mean_dist_m": 25.036802393694717,
    "episodes": 12
  },
  "rollout_sel": 0.15032236346362848
}
{
  "epoch": 6,
  "timestamp_utc": "2026-07-09T18:50:45.513391+00:00",
  "train_loss": 0.0420181474564597,
  "val_loss": 0.006159776490894728,
  "val_rmse": {
    "vel_body_x_mps": 0.0012612666762965969,
    "vel_body_y_mps": 0.0011105083894623747,
    "roll_rad": 2.5300187335320696e-05,
    "pitch_rad": 1.6067759448503166e-05,
    "roll_rate_radps": 0.0018488851492072496,
    "ang_vel_body_y_radps": 0.001013449329829268,
    "yaw_rate_radps": 0.001583631506650841,
    "tire_fl_force_wheel_fz_n": 54.45786522306814,
    "tire_fr_force_wheel_fz_n": 54.2827132695106,
    "tire_rl_force_wheel_fz_n": 28.61018018138459,
    "tire_rr_force_wheel_fz_n": 27.343356528802662,
    "tire_fl_spindle_omega_radps": 0.07795096351680653,
    "tire_fr_spindle_omega_radps": 0.0846485291618807,
    "tire_rl_spindle_omega_radps": 0.08214838469303039,
    "tire_rr_spindle_omega_radps": 0.06663984689685552
  },
  "val_flat_loss": 0.006159776490894728,
  "val_flat_rmse": {
    "vel_body_x_mps": 0.0012612666762965969,
    "vel_body_y_mps": 0.0011105083894623747,
    "roll_rad": 2.5300187335320696e-05,
    "pitch_rad": 1.6067759448503166e-05,
    "roll_rate_radps": 0.0018488851492072496,
    "ang_vel_body_y_radps": 0.001013449329829268,
    "yaw_rate_radps": 0.001583631506650841,
    "tire_fl_force_wheel_fz_n": 54.45786522306814,
    "tire_fr_force_wheel_fz_n": 54.2827132695106,
    "tire_rl_force_wheel_fz_n": 28.61018018138459,
    "tire_rr_force_wheel_fz_n": 27.343356528802662,
    "tire_fl_spindle_omega_radps": 0.07795096351680653,
    "tire_fr_spindle_omega_radps": 0.0846485291618807,
    "tire_rl_spindle_omega_radps": 0.08214838469303039,
    "tire_rr_spindle_omega_radps": 0.06663984689685552
  },
  "val_crm_loss": 0.12361341324518435,
  "val_crm_rmse": {
    "vel_body_x_mps": 0.0039224924635984735,
    "vel_body_y_mps": 0.0032787855738837537,
    "roll_rad": 8.508940506875936e-05,
    "pitch_rad": 6.015396552442882e-05,
    "roll_rate_radps": 0.005368220111001848,
    "ang_vel_body_y_radps": 0.00401257994108892,
    "yaw_rate_radps": 0.0028136444186406457,
    "tire_fl_force_wheel_fz_n": 898.8489675114971,
    "tire_fr_force_wheel_fz_n": 891.2119046099289,
    "tire_rl_force_wheel_fz_n": 981.2037907517457,
    "tire_rr_force_wheel_fz_n": 1039.3535804578592,
    "tire_fl_spindle_omega_radps": 0.17057627709824577,
    "tire_fr_spindle_omega_radps": 0.16823374588452436,
    "tire_rl_spindle_omega_radps": 0.17664033916927502,
    "tire_rr_spindle_omega_radps": 0.17458724509751025
  },
  "val_mixed_loss": 0.06488659486803953,
  "rollout_flat_5.0s": {
    "xy_rmse_m": 2.4381542810531442,
    "yaw_rmse_rad": 0.1450247068327168,
    "errdist": 0.3211405924228334,
    "mean_dist_m": 7.592170963684718,
    "episodes": 12
  },
  "rollout_flat_10.0s": {
    "xy_rmse_m": 7.885857057825632,
    "yaw_rmse_rad": 0.3236737076454785,
    "errdist": 0.2239211875662068,
    "mean_dist_m": 35.2171098391215,
    "episodes": 12
  },
  "rollout_crm_5.0s": {
    "xy_rmse_m": 0.6491755225475699,
    "yaw_rmse_rad": 0.10448972683680158,
    "errdist": 0.0907112900089587,
    "mean_dist_m": 7.1565019357949495,
    "episodes": 12
  },
  "rollout_crm_10.0s": {
    "xy_rmse_m": 2.318425296556456,
    "yaw_rmse_rad": 0.1956592224785659,
    "errdist": 0.09260069477324026,
    "mean_dist_m": 25.036802393694717,
    "episodes": 12
  },
  "rollout_sel": 0.15826094116972353
}
{
  "epoch": 7,
  "timestamp_utc": "2026-07-09T18:51:11.723256+00:00",
  "train_loss": 0.040904526816681025,
  "val_loss": 0.006267853115059552,
  "val_rmse": {
    "vel_body_x_mps": 0.001180339702814176,
    "vel_body_y_mps": 0.0012009679256917653,
    "roll_rad": 3.9866540369922644e-05,
    "pitch_rad": 1.5051439381664635e-05,
    "roll_rate_radps": 0.0019455035627844045,
    "ang_vel_body_y_radps": 0.0010329447749202175,
    "yaw_rate_radps": 0.0015788004712312248,
    "tire_fl_force_wheel_fz_n": 52.52917902979031,
    "tire_fr_force_wheel_fz_n": 55.17157762125919,
    "tire_rl_force_wheel_fz_n": 28.19717705340874,
    "tire_rr_force_wheel_fz_n": 28.106228731336937,
    "tire_fl_spindle_omega_radps": 0.07714232700202703,
    "tire_fr_spindle_omega_radps": 0.0829304407614177,
    "tire_rl_spindle_omega_radps": 0.08254600804706637,
    "tire_rr_spindle_omega_radps": 0.07153187427656058
  },
  "val_flat_loss": 0.006267853115059552,
  "val_flat_rmse": {
    "vel_body_x_mps": 0.001180339702814176,
    "vel_body_y_mps": 0.0012009679256917653,
    "roll_rad": 3.9866540369922644e-05,
    "pitch_rad": 1.5051439381664635e-05,
    "roll_rate_radps": 0.0019455035627844045,
    "ang_vel_body_y_radps": 0.0010329447749202175,
    "yaw_rate_radps": 0.0015788004712312248,
    "tire_fl_force_wheel_fz_n": 52.52917902979031,
    "tire_fr_force_wheel_fz_n": 55.17157762125919,
    "tire_rl_force_wheel_fz_n": 28.19717705340874,
    "tire_rr_force_wheel_fz_n": 28.106228731336937,
    "tire_fl_spindle_omega_radps": 0.07714232700202703,
    "tire_fr_spindle_omega_radps": 0.0829304407614177,
    "tire_rl_spindle_omega_radps": 0.08254600804706637,
    "tire_rr_spindle_omega_radps": 0.07153187427656058
  },
  "val_crm_loss": 0.11926922352635301,
  "val_crm_rmse": {
    "vel_body_x_mps": 0.003730545477338934,
    "vel_body_y_mps": 0.003146500679196878,
    "roll_rad": 7.843833668139757e-05,
    "pitch_rad": 5.8640580696934454e-05,
    "roll_rate_radps": 0.00506506750997426,
    "ang_vel_body_y_radps": 0.003345619376761666,
    "yaw_rate_radps": 0.002760211089082945,
    "tire_fl_force_wheel_fz_n": 872.3458242295777,
    "tire_fr_force_wheel_fz_n": 869.0386209131743,
    "tire_rl_force_wheel_fz_n": 980.1861067382936,
    "tire_rr_force_wheel_fz_n": 1037.3481092919988,
    "tire_fl_spindle_omega_radps": 0.16486276706485065,
    "tire_fr_spindle_omega_radps": 0.1650108247596463,
    "tire_rl_spindle_omega_radps": 0.17358577280572077,
    "tire_rr_spindle_omega_radps": 0.17147403812981085
  },
  "val_mixed_loss": 0.06276853832070628,
  "rollout_flat_5.0s": {
    "xy_rmse_m": 1.79585417957406,
    "yaw_rmse_rad": 0.15787383313869732,
    "errdist": 0.236540271308969,
    "mean_dist_m": 7.592170963684718,
    "episodes": 12
  },
  "rollout_flat_10.0s": {
    "xy_rmse_m": 7.426450924892976,
    "yaw_rmse_rad": 0.40044152091722396,
    "errdist": 0.21087621780488025,
    "mean_dist_m": 35.2171098391215,
    "episodes": 12
  },
  "rollout_crm_5.0s": {
    "xy_rmse_m": 0.6196434417775247,
    "yaw_rmse_rad": 0.05010275415133273,
    "errdist": 0.08658468164149169,
    "mean_dist_m": 7.1565019357949495,
    "episodes": 12
  },
  "rollout_crm_10.0s": {
    "xy_rmse_m": 2.381704172524697,
    "yaw_rmse_rad": 0.38108012322580465,
    "errdist": 0.09512812918651731,
    "mean_dist_m": 25.036802393694717,
    "episodes": 12
  },
  "rollout_sel": 0.15300217349569878
}
{
  "epoch": 8,
  "timestamp_utc": "2026-07-09T18:51:37.982797+00:00",
  "train_loss": 0.03976417643856257,
  "val_loss": 0.006117068028470385,
  "val_rmse": {
    "vel_body_x_mps": 0.0012362534656278135,
    "vel_body_y_mps": 0.0012146068571870366,
    "roll_rad": 2.6558307903414085e-05,
    "pitch_rad": 1.7757100007651614e-05,
    "roll_rate_radps": 0.001899142830568675,
    "ang_vel_body_y_radps": 0.0010078727413577405,
    "yaw_rate_radps": 0.001626653842247786,
    "tire_fl_force_wheel_fz_n": 49.15869249875607,
    "tire_fr_force_wheel_fz_n": 52.08411780925734,
    "tire_rl_force_wheel_fz_n": 28.11727662577154,
    "tire_rr_force_wheel_fz_n": 25.96832100414038,
    "tire_fl_spindle_omega_radps": 0.07459817245003131,
    "tire_fr_spindle_omega_radps": 0.08211897720964681,
    "tire_rl_spindle_omega_radps": 0.08324857505100132,
    "tire_rr_spindle_omega_radps": 0.06422601709072877
  },
  "val_flat_loss": 0.006117068028470385,
  "val_flat_rmse": {
    "vel_body_x_mps": 0.0012362534656278135,
    "vel_body_y_mps": 0.0012146068571870366,
    "roll_rad": 2.6558307903414085e-05,
    "pitch_rad": 1.7757100007651614e-05,
    "roll_rate_radps": 0.001899142830568675,
    "ang_vel_body_y_radps": 0.0010078727413577405,
    "yaw_rate_radps": 0.001626653842247786,
    "tire_fl_force_wheel_fz_n": 49.15869249875607,
    "tire_fr_force_wheel_fz_n": 52.08411780925734,
    "tire_rl_force_wheel_fz_n": 28.11727662577154,
    "tire_rr_force_wheel_fz_n": 25.96832100414038,
    "tire_fl_spindle_omega_radps": 0.07459817245003131,
    "tire_fr_spindle_omega_radps": 0.08211897720964681,
    "tire_rl_spindle_omega_radps": 0.08324857505100132,
    "tire_rr_spindle_omega_radps": 0.06422601709072877
  },
  "val_crm_loss": 0.11677396623650566,
  "val_crm_rmse": {
    "vel_body_x_mps": 0.0035471873173028644,
    "vel_body_y_mps": 0.0032380765609526735,
    "roll_rad": 6.672432337392254e-05,
    "pitch_rad": 7.154868788611763e-05,
    "roll_rate_radps": 0.0051784498500969415,
    "ang_vel_body_y_radps": 0.003323950660234234,
    "yaw_rate_radps": 0.002654350088264798,
    "tire_fl_force_wheel_fz_n": 842.9574716026094,
    "tire_fr_force_wheel_fz_n": 868.6213943253341,
    "tire_rl_force_wheel_fz_n": 987.167551946089,
    "tire_rr_force_wheel_fz_n": 1031.022248503188,
    "tire_fl_spindle_omega_radps": 0.16292303201788425,
    "tire_fr_spindle_omega_radps": 0.16320672509722559,
    "tire_rl_spindle_omega_radps": 0.17234221560379032,
    "tire_rr_spindle_omega_radps": 0.17207220928791098
  },
  "val_mixed_loss": 0.06144551713248802,
  "rollout_flat_5.0s": {
    "xy_rmse_m": 2.229057398129369,
    "yaw_rmse_rad": 0.16414058668507453,
    "errdist": 0.29359947356184635,
    "mean_dist_m": 7.592170963684718,
    "episodes": 12
  },
  "rollout_flat_10.0s": {
    "xy_rmse_m": 8.81629610817702,
    "yaw_rmse_rad": 0.3209831250182846,
    "errdist": 0.2503412729906443,
    "mean_dist_m": 35.2171098391215,
    "episodes": 12
  },
  "rollout_crm_5.0s": {
    "xy_rmse_m": 1.4430551811677124,
    "yaw_rmse_rad": 0.11325646684020028,
    "errdist": 0.2016425334771347,
    "mean_dist_m": 7.1565019357949495,
    "episodes": 12
  },
  "rollout_crm_10.0s": {
    "xy_rmse_m": 6.180876900393058,
    "yaw_rmse_rad": 0.26951958996895664,
    "errdist": 0.2468716572987633,
    "mean_dist_m": 25.036802393694717,
    "episodes": 12
  },
  "rollout_sel": 0.2486064651447038
}
{
  "epoch": 9,
  "timestamp_utc": "2026-07-09T18:52:03.694570+00:00",
  "train_loss": 0.038746174460276964,
  "val_loss": 0.006722249508238747,
  "val_rmse": {
    "vel_body_x_mps": 0.001479517252682385,
    "vel_body_y_mps": 0.0012184459566324138,
    "roll_rad": 4.666678761054866e-05,
    "pitch_rad": 1.4006683022945817e-05,
    "roll_rate_radps": 0.0019196720820704178,
    "ang_vel_body_y_radps": 0.0010175931727716178,
    "yaw_rate_radps": 0.0016737151040721598,
    "tire_fl_force_wheel_fz_n": 52.29252390536021,
    "tire_fr_force_wheel_fz_n": 52.58990488902963,
    "tire_rl_force_wheel_fz_n": 27.671777611705963,
    "tire_rr_force_wheel_fz_n": 28.079373877872563,
    "tire_fl_spindle_omega_radps": 0.07385152428448047,
    "tire_fr_spindle_omega_radps": 0.08252216593774407,
    "tire_rl_spindle_omega_radps": 0.08070296087865853,
    "tire_rr_spindle_omega_radps": 0.06417709230542504
  },
  "val_flat_loss": 0.006722249508238747,
  "val_flat_rmse": {
    "vel_body_x_mps": 0.001479517252682385,
    "vel_body_y_mps": 0.0012184459566324138,
    "roll_rad": 4.666678761054866e-05,
    "pitch_rad": 1.4006683022945817e-05,
    "roll_rate_radps": 0.0019196720820704178,
    "ang_vel_body_y_radps": 0.0010175931727716178,
    "yaw_rate_radps": 0.0016737151040721598,
    "tire_fl_force_wheel_fz_n": 52.29252390536021,
    "tire_fr_force_wheel_fz_n": 52.58990488902963,
    "tire_rl_force_wheel_fz_n": 27.671777611705963,
    "tire_rr_force_wheel_fz_n": 28.079373877872563,
    "tire_fl_spindle_omega_radps": 0.07385152428448047,
    "tire_fr_spindle_omega_radps": 0.08252216593774407,
    "tire_rl_spindle_omega_radps": 0.08070296087865853,
    "tire_rr_spindle_omega_radps": 0.06417709230542504
  },
  "val_crm_loss": 0.11359870749525726,
  "val_crm_rmse": {
    "vel_body_x_mps": 0.0035614493192834204,
    "vel_body_y_mps": 0.003105808089276386,
    "roll_rad": 6.262573529435324e-05,
    "pitch_rad": 4.9021828075348164e-05,
    "roll_rate_radps": 0.004866853393976431,
    "ang_vel_body_y_radps": 0.0032786221311292205,
    "yaw_rate_radps": 0.002607091233896419,
    "tire_fl_force_wheel_fz_n": 809.1625097998702,
    "tire_fr_force_wheel_fz_n": 826.7379340378355,
    "tire_rl_force_wheel_fz_n": 966.2246357187969,
    "tire_rr_force_wheel_fz_n": 1032.1012924326694,
    "tire_fl_spindle_omega_radps": 0.16033005141428086,
    "tire_fr_spindle_omega_radps": 0.15640118078412957,
    "tire_rl_spindle_omega_radps": 0.17355619347037166,
    "tire_rr_spindle_omega_radps": 0.1738879244090742
  },
  "val_mixed_loss": 0.060160478501748,
  "rollout_flat_5.0s": {
    "xy_rmse_m": 3.195542119239192,
    "yaw_rmse_rad": 0.23224084402219689,
    "errdist": 0.4208996523556018,
    "mean_dist_m": 7.592170963684718,
    "episodes": 12
  },
  "rollout_flat_10.0s": {
    "xy_rmse_m": 12.377675071243017,
    "yaw_rmse_rad": 0.5774435747332656,
    "errdist": 0.35146765670966773,
    "mean_dist_m": 35.2171098391215,
    "episodes": 12
  },
  "rollout_crm_5.0s": {
    "xy_rmse_m": 1.0430785968288268,
    "yaw_rmse_rad": 0.052848460274864485,
    "errdist": 0.14575257663407043,
    "mean_dist_m": 7.1565019357949495,
    "episodes": 12
  },
  "rollout_crm_10.0s": {
    "xy_rmse_m": 4.0382809829834825,
    "yaw_rmse_rad": 0.1424894019558292,
    "errdist": 0.16129379940309332,
    "mean_dist_m": 25.036802393694717,
    "episodes": 12
  },
  "rollout_sel": 0.2563807280563805
}
{
  "epoch": 10,
  "timestamp_utc": "2026-07-09T18:52:30.298206+00:00",
  "train_loss": 0.03789271173672751,
  "val_loss": 0.005535095655141049,
  "val_rmse": {
    "vel_body_x_mps": 0.001106473565785347,
    "vel_body_y_mps": 0.0013269152548250763,
    "roll_rad": 2.5337924679775073e-05,
    "pitch_rad": 1.3121045673305006e-05,
    "roll_rate_radps": 0.0018411922698139552,
    "ang_vel_body_y_radps": 0.00099372765214416,
    "yaw_rate_radps": 0.0015707552707919978,
    "tire_fl_force_wheel_fz_n": 51.04800703911,
    "tire_fr_force_wheel_fz_n": 50.89196958017073,
    "tire_rl_force_wheel_fz_n": 27.987184386286142,
    "tire_rr_force_wheel_fz_n": 27.723901737911905,
    "tire_fl_spindle_omega_radps": 0.0740604211351426,
    "tire_fr_spindle_omega_radps": 0.08159748395126108,
    "tire_rl_spindle_omega_radps": 0.07747483446714026,
    "tire_rr_spindle_omega_radps": 0.06132714616341296
  },
  "val_flat_loss": 0.005535095655141049,
  "val_flat_rmse": {
    "vel_body_x_mps": 0.001106473565785347,
    "vel_body_y_mps": 0.0013269152548250763,
    "roll_rad": 2.5337924679775073e-05,
    "pitch_rad": 1.3121045673305006e-05,
    "roll_rate_radps": 0.0018411922698139552,
    "ang_vel_body_y_radps": 0.00099372765214416,
    "yaw_rate_radps": 0.0015707552707919978,
    "tire_fl_force_wheel_fz_n": 51.04800703911,
    "tire_fr_force_wheel_fz_n": 50.89196958017073,
    "tire_rl_force_wheel_fz_n": 27.987184386286142,
    "tire_rr_force_wheel_fz_n": 27.723901737911905,
    "tire_fl_spindle_omega_radps": 0.0740604211351426,
    "tire_fr_spindle_omega_radps": 0.08159748395126108,
    "tire_rl_spindle_omega_radps": 0.07747483446714026,
    "tire_rr_spindle_omega_radps": 0.06132714616341296
  },
  "val_crm_loss": 0.11215745874680579,
  "val_crm_rmse": {
    "vel_body_x_mps": 0.003519602294517054,
    "vel_body_y_mps": 0.00309725354223274,
    "roll_rad": 7.344197456408883e-05,
    "pitch_rad": 5.812354084889471e-05,
    "roll_rate_radps": 0.004854327897849603,
    "ang_vel_body_y_radps": 0.0032202428995341146,
    "yaw_rate_radps": 0.0026319812340831394,
    "tire_fl_force_wheel_fz_n": 808.9397504592334,
    "tire_fr_force_wheel_fz_n": 811.4875946559612,
    "tire_rl_force_wheel_fz_n": 958.9827134615189,
    "tire_rr_force_wheel_fz_n": 1026.1063545139586,
    "tire_fl_spindle_omega_radps": 0.15842685780786867,
    "tire_fr_spindle_omega_radps": 0.15895318727960267,
    "tire_rl_spindle_omega_radps": 0.16810960951057657,
    "tire_rr_spindle_omega_radps": 0.17097051221806953
  },
  "val_mixed_loss": 0.05884627720097342,
  "rollout_flat_5.0s": {
    "xy_rmse_m": 1.5704545680319053,
    "yaw_rmse_rad": 0.1350720881029998,
    "errdist": 0.20685184455721406,
    "mean_dist_m": 7.592170963684718,
    "episodes": 12
  },
  "rollout_flat_10.0s": {
    "xy_rmse_m": 6.718533287444902,
    "yaw_rmse_rad": 0.2731599563936627,
    "errdist": 0.19077469213505732,
    "mean_dist_m": 35.2171098391215,
    "episodes": 12
  },
  "rollout_crm_5.0s": {
    "xy_rmse_m": 0.9946050987584204,
    "yaw_rmse_rad": 0.06586271306729041,
    "errdist": 0.13897922583988498,
    "mean_dist_m": 7.1565019357949495,
    "episodes": 12
  },
  "rollout_crm_10.0s": {
    "xy_rmse_m": 3.1937039585365667,
    "yaw_rmse_rad": 0.3471330433449837,
    "errdist": 0.12756037725252292,
    "mean_dist_m": 25.036802393694717,
    "episodes": 12
  },
  "rollout_sel": 0.15916753469379014
}
{
  "epoch": 11,
  "timestamp_utc": "2026-07-09T18:52:57.025837+00:00",
  "train_loss": 0.036938839037902654,
  "val_loss": 0.005596420806905371,
  "val_rmse": {
    "vel_body_x_mps": 0.0011937068847545711,
    "vel_body_y_mps": 0.0010084580928911234,
    "roll_rad": 2.700979999750787e-05,
    "pitch_rad": 1.3802280228112482e-05,
    "roll_rate_radps": 0.001963233431261367,
    "ang_vel_body_y_radps": 0.0009963268706713008,
    "yaw_rate_radps": 0.0015985882486042355,
    "tire_fl_force_wheel_fz_n": 49.86923334490102,
    "tire_fr_force_wheel_fz_n": 52.185038678541524,
    "tire_rl_force_wheel_fz_n": 27.460589136032993,
    "tire_rr_force_wheel_fz_n": 26.478914441203752,
    "tire_fl_spindle_omega_radps": 0.07401564834188235,
    "tire_fr_spindle_omega_radps": 0.08302640607687715,
    "tire_rl_spindle_omega_radps": 0.07792090040372118,
    "tire_rr_spindle_omega_radps": 0.060088864908483065
  },
  "val_flat_loss": 0.005596420806905371,
  "val_flat_rmse": {
    "vel_body_x_mps": 0.0011937068847545711,
    "vel_body_y_mps": 0.0010084580928911234,
    "roll_rad": 2.700979999750787e-05,
    "pitch_rad": 1.3802280228112482e-05,
    "roll_rate_radps": 0.001963233431261367,
    "ang_vel_body_y_radps": 0.0009963268706713008,
    "yaw_rate_radps": 0.0015985882486042355,
    "tire_fl_force_wheel_fz_n": 49.86923334490102,
    "tire_fr_force_wheel_fz_n": 52.185038678541524,
    "tire_rl_force_wheel_fz_n": 27.460589136032993,
    "tire_rr_force_wheel_fz_n": 26.478914441203752,
    "tire_fl_spindle_omega_radps": 0.07401564834188235,
    "tire_fr_spindle_omega_radps": 0.08302640607687715,
    "tire_rl_spindle_omega_radps": 0.07792090040372118,
    "tire_rr_spindle_omega_radps": 0.060088864908483065
  },
  "val_crm_loss": 0.10984074809821323,
  "val_crm_rmse": {
    "vel_body_x_mps": 0.003538566598817338,
    "vel_body_y_mps": 0.0029504492583267,
    "roll_rad": 7.029225163970229e-05,
    "pitch_rad": 5.0169904052213476e-05,
    "roll_rate_radps": 0.004733519563970908,
    "ang_vel_body_y_radps": 0.0031679123752866127,
    "yaw_rate_radps": 0.002590910644455636,
    "tire_fl_force_wheel_fz_n": 788.2784313564573,
    "tire_fr_force_wheel_fz_n": 804.7070940530091,
    "tire_rl_force_wheel_fz_n": 964.657212643576,
    "tire_rr_force_wheel_fz_n": 1014.929244273988,
    "tire_fl_spindle_omega_radps": 0.15502482582622995,
    "tire_fr_spindle_omega_radps": 0.15477964713954886,
    "tire_rl_spindle_omega_radps": 0.168009121233402,
    "tire_rr_spindle_omega_radps": 0.1663859149760785
  },
  "val_mixed_loss": 0.0577185844525593,
  "rollout_flat_5.0s": {
    "xy_rmse_m": 0.9471156090941306,
    "yaw_rmse_rad": 0.10111956511943758,
    "errdist": 0.12474898334408235,
    "mean_dist_m": 7.592170963684718,
    "episodes": 12
  },
  "rollout_flat_10.0s": {
    "xy_rmse_m": 5.391797117436723,
    "yaw_rmse_rad": 0.28220973614754663,
    "errdist": 0.15310163559893145,
    "mean_dist_m": 35.2171098391215,
    "episodes": 12
  },
  "rollout_crm_5.0s": {
    "xy_rmse_m": 0.6369867852650317,
    "yaw_rmse_rad": 0.03441913714585187,
    "errdist": 0.0890081203051159,
    "mean_dist_m": 7.1565019357949495,
    "episodes": 12
  },
  "rollout_crm_10.0s": {
    "xy_rmse_m": 3.194030466125902,
    "yaw_rmse_rad": 0.1171098493539298,
    "errdist": 0.1275734183583399,
    "mean_dist_m": 25.036802393694717,
    "episodes": 12
  },
  "rollout_sel": 0.14033752697863566
}
{
  "epoch": 12,
  "timestamp_utc": "2026-07-09T18:53:22.523939+00:00",
  "train_loss": 0.03654038057941943,
  "val_loss": 0.005000917004872462,
  "val_rmse": {
    "vel_body_x_mps": 0.001095695687636787,
    "vel_body_y_mps": 0.0009119812011706452,
    "roll_rad": 2.502358755459414e-05,
    "pitch_rad": 1.1953992215247963e-05,
    "roll_rate_radps": 0.0018809406685347176,
    "ang_vel_body_y_radps": 0.0009891138597083067,
    "yaw_rate_radps": 0.0015158047753158648,
    "tire_fl_force_wheel_fz_n": 52.462571357967555,
    "tire_fr_force_wheel_fz_n": 50.786762959180855,
    "tire_rl_force_wheel_fz_n": 28.025235140900403,
    "tire_rr_force_wheel_fz_n": 25.997934067700417,
    "tire_fl_spindle_omega_radps": 0.07165474181864226,
    "tire_fr_spindle_omega_radps": 0.0794975177729061,
    "tire_rl_spindle_omega_radps": 0.07783447029724357,
    "tire_rr_spindle_omega_radps": 0.06207434154012936
  },
  "val_flat_loss": 0.005000917004872462,
  "val_flat_rmse": {
    "vel_body_x_mps": 0.001095695687636787,
    "vel_body_y_mps": 0.0009119812011706452,
    "roll_rad": 2.502358755459414e-05,
    "pitch_rad": 1.1953992215247963e-05,
    "roll_rate_radps": 0.0018809406685347176,
    "ang_vel_body_y_radps": 0.0009891138597083067,
    "yaw_rate_radps": 0.0015158047753158648,
    "tire_fl_force_wheel_fz_n": 52.462571357967555,
    "tire_fr_force_wheel_fz_n": 50.786762959180855,
    "tire_rl_force_wheel_fz_n": 28.025235140900403,
    "tire_rr_force_wheel_fz_n": 25.997934067700417,
    "tire_fl_spindle_omega_radps": 0.07165474181864226,
    "tire_fr_spindle_omega_radps": 0.0794975177729061,
    "tire_rl_spindle_omega_radps": 0.07783447029724357,
    "tire_rr_spindle_omega_radps": 0.06207434154012936
  },
  "val_crm_loss": 0.11020981790788938,
  "val_crm_rmse": {
    "vel_body_x_mps": 0.0035114597574959056,
    "vel_body_y_mps": 0.002958058087088763,
    "roll_rad": 6.531540218786024e-05,
    "pitch_rad": 5.365215101201921e-05,
    "roll_rate_radps": 0.0048574686669465225,
    "ang_vel_body_y_radps": 0.0031508138649126594,
    "yaw_rate_radps": 0.0025938517913498857,
    "tire_fl_force_wheel_fz_n": 802.0680753755389,
    "tire_fr_force_wheel_fz_n": 811.8494686011495,
    "tire_rl_force_wheel_fz_n": 956.6363514406637,
    "tire_rr_force_wheel_fz_n": 1013.6838522580877,
    "tire_fl_spindle_omega_radps": 0.15537088181689623,
    "tire_fr_spindle_omega_radps": 0.15529314789768747,
    "tire_rl_spindle_omega_radps": 0.16687461102239873,
    "tire_rr_spindle_omega_radps": 0.16996916774774867
  },
  "val_mixed_loss": 0.05760536745638092,
  "rollout_flat_5.0s": {
    "xy_rmse_m": 1.327166990381112,
    "yaw_rmse_rad": 0.12712112211478674,
    "errdist": 0.17480731094298177,
    "mean_dist_m": 7.592170963684718,
    "episodes": 12
  },
  "rollout_flat_10.0s": {
    "xy_rmse_m": 8.655144477107031,
    "yaw_rmse_rad": 0.2549493516226349,
    "errdist": 0.24576532590679329,
    "mean_dist_m": 35.2171098391215,
    "episodes": 12
  },
  "rollout_crm_5.0s": {
    "xy_rmse_m": 0.7628687277635057,
    "yaw_rmse_rad": 0.05152365445864262,
    "errdist": 0.10659799083513637,
    "mean_dist_m": 7.1565019357949495,
    "episodes": 12
  },
  "rollout_crm_10.0s": {
    "xy_rmse_m": 2.3473283198327555,
    "yaw_rmse_rad": 0.24326830454451215,
    "errdist": 0.0937551162852932,
    "mean_dist_m": 25.036802393694717,
    "episodes": 12
  },
  "rollout_sel": 0.16976022109604325
}
{
  "epoch": 13,
  "timestamp_utc": "2026-07-09T18:53:48.079357+00:00",
  "train_loss": 0.03591945762466639,
  "val_loss": 0.005041076913985307,
  "val_rmse": {
    "vel_body_x_mps": 0.001115104479679617,
    "vel_body_y_mps": 0.0010923798568559144,
    "roll_rad": 3.0855949327851784e-05,
    "pitch_rad": 1.3399191324388761e-05,
    "roll_rate_radps": 0.0018114510607383884,
    "ang_vel_body_y_radps": 0.0009837744272285802,
    "yaw_rate_radps": 0.0014999512231197978,
    "tire_fl_force_wheel_fz_n": 49.37963156153634,
    "tire_fr_force_wheel_fz_n": 51.72549515271004,
    "tire_rl_force_wheel_fz_n": 27.651059405637966,
    "tire_rr_force_wheel_fz_n": 26.281150675800255,
    "tire_fl_spindle_omega_radps": 0.07060801192446106,
    "tire_fr_spindle_omega_radps": 0.07861663968746854,
    "tire_rl_spindle_omega_radps": 0.07811089256349342,
    "tire_rr_spindle_omega_radps": 0.06228486958372227
  },
  "val_flat_loss": 0.005041076913985307,
  "val_flat_rmse": {
    "vel_body_x_mps": 0.001115104479679617,
    "vel_body_y_mps": 0.0010923798568559144,
    "roll_rad": 3.0855949327851784e-05,
    "pitch_rad": 1.3399191324388761e-05,
    "roll_rate_radps": 0.0018114510607383884,
    "ang_vel_body_y_radps": 0.0009837744272285802,
    "yaw_rate_radps": 0.0014999512231197978,
    "tire_fl_force_wheel_fz_n": 49.37963156153634,
    "tire_fr_force_wheel_fz_n": 51.72549515271004,
    "tire_rl_force_wheel_fz_n": 27.651059405637966,
    "tire_rr_force_wheel_fz_n": 26.281150675800255,
    "tire_fl_spindle_omega_radps": 0.07060801192446106,
    "tire_fr_spindle_omega_radps": 0.07861663968746854,
    "tire_rl_spindle_omega_radps": 0.07811089256349342,
    "tire_rr_spindle_omega_radps": 0.06228486958372227
  },
  "val_crm_loss": 0.10847512367705349,
  "val_crm_rmse": {
    "vel_body_x_mps": 0.003527802210815612,
    "vel_body_y_mps": 0.002989543477270173,
    "roll_rad": 8.235420737117515e-05,
    "pitch_rad": 4.950392850405571e-05,
    "roll_rate_radps": 0.00466736877424851,
    "ang_vel_body_y_radps": 0.003166657758675427,
    "yaw_rate_radps": 0.0026096798138254516,
    "tire_fl_force_wheel_fz_n": 759.9701923315295,
    "tire_fr_force_wheel_fz_n": 781.3516245638043,
    "tire_rl_force_wheel_fz_n": 956.9695745126743,
    "tire_rr_force_wheel_fz_n": 1011.5901757939415,
    "tire_fl_spindle_omega_radps": 0.15270907553151966,
    "tire_fr_spindle_omega_radps": 0.1524564001759643,
    "tire_rl_spindle_omega_radps": 0.16847994586714365,
    "tire_rr_spindle_omega_radps": 0.1680115356794402
  },
  "val_mixed_loss": 0.0567581002955194,
  "rollout_flat_5.0s": {
    "xy_rmse_m": 1.3933491576055157,
    "yaw_rmse_rad": 0.11285053678763644,
    "errdist": 0.18352447070413175,
    "mean_dist_m": 7.592170963684718,
    "episodes": 12
  },
  "rollout_flat_10.0s": {
    "xy_rmse_m": 8.612384850959977,
    "yaw_rmse_rad": 0.3160416171242146,
    "errdist": 0.2445511539789324,
    "mean_dist_m": 35.2171098391215,
    "episodes": 12
  },
  "rollout_crm_5.0s": {
    "xy_rmse_m": 0.6212896544313654,
    "yaw_rmse_rad": 0.03401969148709767,
    "errdist": 0.08681471199271773,
    "mean_dist_m": 7.1565019357949495,
    "episodes": 12
  },
  "rollout_crm_10.0s": {
    "xy_rmse_m": 2.872725880138373,
    "yaw_rmse_rad": 0.08480926636535188,
    "errdist": 0.11474012675284131,
    "mean_dist_m": 25.036802393694717,
    "episodes": 12
  },
  "rollout_sel": 0.17964564036588687
}
{
  "epoch": 14,
  "timestamp_utc": "2026-07-09T18:54:13.825864+00:00",
  "train_loss": 0.035513258305378256,
  "val_loss": 0.004894632148862001,
  "val_rmse": {
    "vel_body_x_mps": 0.001071653978699721,
    "vel_body_y_mps": 0.0008853584319331935,
    "roll_rad": 2.7314862696862592e-05,
    "pitch_rad": 1.4433030907660778e-05,
    "roll_rate_radps": 0.0017594714441178934,
    "ang_vel_body_y_radps": 0.0009850789726171627,
    "yaw_rate_radps": 0.0015725599137440284,
    "tire_fl_force_wheel_fz_n": 49.0657006698714,
    "tire_fr_force_wheel_fz_n": 49.718725422506054,
    "tire_rl_force_wheel_fz_n": 27.12873509897247,
    "tire_rr_force_wheel_fz_n": 25.70668621068755,
    "tire_fl_spindle_omega_radps": 0.07174192233593056,
    "tire_fr_spindle_omega_radps": 0.0777519432580531,
    "tire_rl_spindle_omega_radps": 0.0769973838408274,
    "tire_rr_spindle_omega_radps": 0.059419921373402254
  },
  "val_flat_loss": 0.004894632148862001,
  "val_flat_rmse": {
    "vel_body_x_mps": 0.001071653978699721,
    "vel_body_y_mps": 0.0008853584319331935,
    "roll_rad": 2.7314862696862592e-05,
    "pitch_rad": 1.4433030907660778e-05,
    "roll_rate_radps": 0.0017594714441178934,
    "ang_vel_body_y_radps": 0.0009850789726171627,
    "yaw_rate_radps": 0.0015725599137440284,
    "tire_fl_force_wheel_fz_n": 49.0657006698714,
    "tire_fr_force_wheel_fz_n": 49.718725422506054,
    "tire_rl_force_wheel_fz_n": 27.12873509897247,
    "tire_rr_force_wheel_fz_n": 25.70668621068755,
    "tire_fl_spindle_omega_radps": 0.07174192233593056,
    "tire_fr_spindle_omega_radps": 0.0777519432580531,
    "tire_rl_spindle_omega_radps": 0.0769973838408274,
    "tire_rr_spindle_omega_radps": 0.059419921373402254
  },
  "val_crm_loss": 0.1072475728788413,
  "val_crm_rmse": {
    "vel_body_x_mps": 0.0034024124862813867,
    "vel_body_y_mps": 0.0029015732198789455,
    "roll_rad": 7.426102976511636e-05,
    "pitch_rad": 5.653827707305127e-05,
    "roll_rate_radps": 0.004726149903597964,
    "ang_vel_body_y_radps": 0.003081226373413205,
    "yaw_rate_radps": 0.0025657901075622825,
    "tire_fl_force_wheel_fz_n": 764.0166820234728,
    "tire_fr_force_wheel_fz_n": 779.9143134806992,
    "tire_rl_force_wheel_fz_n": 956.6826892606076,
    "tire_rr_force_wheel_fz_n": 1020.8865677238267,
    "tire_fl_spindle_omega_radps": 0.15291066283128465,
    "tire_fr_spindle_omega_radps": 0.15224254081746316,
    "tire_rl_spindle_omega_radps": 0.16643222539838717,
    "tire_rr_spindle_omega_radps": 0.16724949831565963
  },
  "val_mixed_loss": 0.05607110251385165,
  "rollout_flat_5.0s": {
    "xy_rmse_m": 1.3665495707582653,
    "yaw_rmse_rad": 0.12145848821261539,
    "errdist": 0.1799945730009004,
    "mean_dist_m": 7.592170963684718,
    "episodes": 12
  },
  "rollout_flat_10.0s": {
    "xy_rmse_m": 6.430336341426254,
    "yaw_rmse_rad": 0.41069694570994436,
    "errdist": 0.18259125665908593,
    "mean_dist_m": 35.2171098391215,
    "episodes": 12
  },
  "rollout_crm_5.0s": {
    "xy_rmse_m": 2.6780590099986887,
    "yaw_rmse_rad": 0.1288683679192642,
    "errdist": 0.37421341236613637,
    "mean_dist_m": 7.1565019357949495,
    "episodes": 12
  },
  "rollout_crm_10.0s": {
    "xy_rmse_m": 7.49719139577414,
    "yaw_rmse_rad": 0.2831894427973528,
    "errdist": 0.2994468414090386,
    "mean_dist_m": 25.036802393694717,
    "episodes": 12
  },
  "rollout_sel": 0.24101904903406227
}
{
  "epoch": 15,
  "timestamp_utc": "2026-07-09T18:54:40.101666+00:00",
  "train_loss": 0.03500866121985018,
  "val_loss": 0.004953987567132572,
  "val_rmse": {
    "vel_body_x_mps": 0.0011084408924675762,
    "vel_body_y_mps": 0.0009008241094031637,
    "roll_rad": 2.2954784958866963e-05,
    "pitch_rad": 1.2420489251583006e-05,
    "roll_rate_radps": 0.0018317154149266116,
    "ang_vel_body_y_radps": 0.000969155493189239,
    "yaw_rate_radps": 0.0014929262951164717,
    "tire_fl_force_wheel_fz_n": 50.016329943173766,
    "tire_fr_force_wheel_fz_n": 50.34759810854618,
    "tire_rl_force_wheel_fz_n": 26.38771192229739,
    "tire_rr_force_wheel_fz_n": 26.17806439865728,
    "tire_fl_spindle_omega_radps": 0.07349985685051187,
    "tire_fr_spindle_omega_radps": 0.07948154791410111,
    "tire_rl_spindle_omega_radps": 0.0769966616164533,
    "tire_rr_spindle_omega_radps": 0.06197571005480264
  },
  "val_flat_loss": 0.004953987567132572,
  "val_flat_rmse": {
    "vel_body_x_mps": 0.0011084408924675762,
    "vel_body_y_mps": 0.0009008241094031637,
    "roll_rad": 2.2954784958866963e-05,
    "pitch_rad": 1.2420489251583006e-05,
    "roll_rate_radps": 0.0018317154149266116,
    "ang_vel_body_y_radps": 0.000969155493189239,
    "yaw_rate_radps": 0.0014929262951164717,
    "tire_fl_force_wheel_fz_n": 50.016329943173766,
    "tire_fr_force_wheel_fz_n": 50.34759810854618,
    "tire_rl_force_wheel_fz_n": 26.38771192229739,
    "tire_rr_force_wheel_fz_n": 26.17806439865728,
    "tire_fl_spindle_omega_radps": 0.07349985685051187,
    "tire_fr_spindle_omega_radps": 0.07948154791410111,
    "tire_rl_spindle_omega_radps": 0.0769966616164533,
    "tire_rr_spindle_omega_radps": 0.06197571005480264
  },
  "val_crm_loss": 0.10559825990116224,
  "val_crm_rmse": {
    "vel_body_x_mps": 0.0033689381289299094,
    "vel_body_y_mps": 0.0028785557719246658,
    "roll_rad": 5.913890498472433e-05,
    "pitch_rad": 4.99552634469342e-05,
    "roll_rate_radps": 0.0046090605131073326,
    "ang_vel_body_y_radps": 0.003126347816021449,
    "yaw_rate_radps": 0.002518082199819355,
    "tire_fl_force_wheel_fz_n": 759.8231399599216,
    "tire_fr_force_wheel_fz_n": 768.554612354666,
    "tire_rl_force_wheel_fz_n": 947.1701332641651,
    "tire_rr_force_wheel_fz_n": 1005.7774707850791,
    "tire_fl_spindle_omega_radps": 0.1505421523495283,
    "tire_fr_spindle_omega_radps": 0.15045063379365142,
    "tire_rl_spindle_omega_radps": 0.16509378950765366,
    "tire_rr_spindle_omega_radps": 0.16570189419374623
  },
  "val_mixed_loss": 0.055276123734147406,
  "rollout_flat_5.0s": {
    "xy_rmse_m": 1.2743793096215361,
    "yaw_rmse_rad": 0.12590531393034404,
    "errdist": 0.1678544010293256,
    "mean_dist_m": 7.592170963684718,
    "episodes": 12
  },
  "rollout_flat_10.0s": {
    "xy_rmse_m": 5.029510745857102,
    "yaw_rmse_rad": 0.23981461844040064,
    "errdist": 0.14281440949677215,
    "mean_dist_m": 35.2171098391215,
    "episodes": 12
  },
  "rollout_crm_5.0s": {
    "xy_rmse_m": 1.0903237614150758,
    "yaw_rmse_rad": 0.060301394757875125,
    "errdist": 0.15235428861711917,
    "mean_dist_m": 7.1565019357949495,
    "episodes": 12
  },
  "rollout_crm_10.0s": {
    "xy_rmse_m": 2.639105527567322,
    "yaw_rmse_rad": 0.22429718973777035,
    "errdist": 0.1054090488900434,
    "mean_dist_m": 25.036802393694717,
    "episodes": 12
  },
  "rollout_sel": 0.12411172919340778
}
{
  "epoch": 16,
  "timestamp_utc": "2026-07-09T18:55:06.918244+00:00",
  "train_loss": 0.03485501000843942,
  "val_loss": 0.005028818218961533,
  "val_rmse": {
    "vel_body_x_mps": 0.0011201927851494666,
    "vel_body_y_mps": 0.001077581153204825,
    "roll_rad": 2.2876211174066477e-05,
    "pitch_rad": 1.602291526450847e-05,
    "roll_rate_radps": 0.0018199307031284274,
    "ang_vel_body_y_radps": 0.0009769781734221702,
    "yaw_rate_radps": 0.0015433554207567165,
    "tire_fl_force_wheel_fz_n": 48.030883570447905,
    "tire_fr_force_wheel_fz_n": 52.35964164572644,
    "tire_rl_force_wheel_fz_n": 29.494304575458425,
    "tire_rr_force_wheel_fz_n": 25.372390364642047,
    "tire_fl_spindle_omega_radps": 0.07053992301728539,
    "tire_fr_spindle_omega_radps": 0.0782595196072951,
    "tire_rl_spindle_omega_radps": 0.0771049002271282,
    "tire_rr_spindle_omega_radps": 0.05973123125008857
  },
  "val_flat_loss": 0.005028818218961533,
  "val_flat_rmse": {
    "vel_body_x_mps": 0.0011201927851494666,
    "vel_body_y_mps": 0.001077581153204825,
    "roll_rad": 2.2876211174066477e-05,
    "pitch_rad": 1.602291526450847e-05,
    "roll_rate_radps": 0.0018199307031284274,
    "ang_vel_body_y_radps": 0.0009769781734221702,
    "yaw_rate_radps": 0.0015433554207567165,
    "tire_fl_force_wheel_fz_n": 48.030883570447905,
    "tire_fr_force_wheel_fz_n": 52.35964164572644,
    "tire_rl_force_wheel_fz_n": 29.494304575458425,
    "tire_rr_force_wheel_fz_n": 25.372390364642047,
    "tire_fl_spindle_omega_radps": 0.07053992301728539,
    "tire_fr_spindle_omega_radps": 0.0782595196072951,
    "tire_rl_spindle_omega_radps": 0.0771049002271282,
    "tire_rr_spindle_omega_radps": 0.05973123125008857
  },
  "val_crm_loss": 0.10463574055349455,
  "val_crm_rmse": {
    "vel_body_x_mps": 0.0034741631253957616,
    "vel_body_y_mps": 0.002985501089473318,
    "roll_rad": 6.126105107977396e-05,
    "pitch_rad": 4.45835788100737e-05,
    "roll_rate_radps": 0.004572687649631071,
    "ang_vel_body_y_radps": 0.00301704952495878,
    "yaw_rate_radps": 0.0025337706154059374,
    "tire_fl_force_wheel_fz_n": 733.6528425347884,
    "tire_fr_force_wheel_fz_n": 758.3775303727152,
    "tire_rl_force_wheel_fz_n": 945.635359437018,
    "tire_rr_force_wheel_fz_n": 1003.0983046602441,
    "tire_fl_spindle_omega_radps": 0.14999544906710077,
    "tire_fr_spindle_omega_radps": 0.15093470661624156,
    "tire_rl_spindle_omega_radps": 0.16463909045160807,
    "tire_rr_spindle_omega_radps": 0.16468430429095735
  },
  "val_mixed_loss": 0.05483227938622804,
  "rollout_flat_5.0s": {
    "xy_rmse_m": 2.4690472542191038,
    "yaw_rmse_rad": 0.14113955062054134,
    "errdist": 0.32520964899620725,
    "mean_dist_m": 7.592170963684718,
    "episodes": 12
  },
  "rollout_flat_10.0s": {
    "xy_rmse_m": 10.622574499115448,
    "yaw_rmse_rad": 0.3572356377907596,
    "errdist": 0.30163106931947004,
    "mean_dist_m": 35.2171098391215,
    "episodes": 12
  },
  "rollout_crm_5.0s": {
    "xy_rmse_m": 0.5814733103626626,
    "yaw_rmse_rad": 0.04173005237899511,
    "errdist": 0.08125105192164978,
    "mean_dist_m": 7.1565019357949495,
    "episodes": 12
  },
  "rollout_crm_10.0s": {
    "xy_rmse_m": 1.9772923132452207,
    "yaw_rmse_rad": 0.14439743184243384,
    "errdist": 0.07897543313051762,
    "mean_dist_m": 25.036802393694717,
    "episodes": 12
  },
  "rollout_sel": 0.19030325122499384
}
{
  "epoch": 17,
  "timestamp_utc": "2026-07-09T18:55:33.610614+00:00",
  "train_loss": 0.03438778952602297,
  "val_loss": 0.005042457942763577,
  "val_rmse": {
    "vel_body_x_mps": 0.001029666927326457,
    "vel_body_y_mps": 0.0010994057173725608,
    "roll_rad": 3.2427412809610496e-05,
    "pitch_rad": 1.3431233821139932e-05,
    "roll_rate_radps": 0.0017538496803799106,
    "ang_vel_body_y_radps": 0.0009694099057886323,
    "yaw_rate_radps": 0.0015784262954416659,
    "tire_fl_force_wheel_fz_n": 47.19673561995503,
    "tire_fr_force_wheel_fz_n": 49.870270028944674,
    "tire_rl_force_wheel_fz_n": 26.85523974298665,
    "tire_rr_force_wheel_fz_n": 27.117702020255045,
    "tire_fl_spindle_omega_radps": 0.06980949662724042,
    "tire_fr_spindle_omega_radps": 0.0802496369136551,
    "tire_rl_spindle_omega_radps": 0.07726912553755652,
    "tire_rr_spindle_omega_radps": 0.059934072223293854
  },
  "val_flat_loss": 0.005042457942763577,
  "val_flat_rmse": {
    "vel_body_x_mps": 0.001029666927326457,
    "vel_body_y_mps": 0.0010994057173725608,
    "roll_rad": 3.2427412809610496e-05,
    "pitch_rad": 1.3431233821139932e-05,
    "roll_rate_radps": 0.0017538496803799106,
    "ang_vel_body_y_radps": 0.0009694099057886323,
    "yaw_rate_radps": 0.0015784262954416659,
    "tire_fl_force_wheel_fz_n": 47.19673561995503,
    "tire_fr_force_wheel_fz_n": 49.870270028944674,
    "tire_rl_force_wheel_fz_n": 26.85523974298665,
    "tire_rr_force_wheel_fz_n": 27.117702020255045,
    "tire_fl_spindle_omega_radps": 0.06980949662724042,
    "tire_fr_spindle_omega_radps": 0.0802496369136551,
    "tire_rl_spindle_omega_radps": 0.07726912553755652,
    "tire_rr_spindle_omega_radps": 0.059934072223293854
  },
  "val_crm_loss": 0.10357709844596684,
  "val_crm_rmse": {
    "vel_body_x_mps": 0.0033511776343714567,
    "vel_body_y_mps": 0.0027864848294908923,
    "roll_rad": 6.053996136618639e-05,
    "pitch_rad": 5.297127627159989e-05,
    "roll_rate_radps": 0.004334615748644289,
    "ang_vel_body_y_radps": 0.0029319904005990203,
    "yaw_rate_radps": 0.0025143068803728974,
    "tire_fl_force_wheel_fz_n": 733.1484145078078,
    "tire_fr_force_wheel_fz_n": 752.9885131737932,
    "tire_rl_force_wheel_fz_n": 949.3167085256308,
    "tire_rr_force_wheel_fz_n": 998.8801982631239,
    "tire_fl_spindle_omega_radps": 0.1486953594160802,
    "tire_fr_spindle_omega_radps": 0.15047437988323656,
    "tire_rl_spindle_omega_radps": 0.16518705425613223,
    "tire_rr_spindle_omega_radps": 0.16481173062813056
  },
  "val_mixed_loss": 0.05430977819436521,
  "rollout_flat_5.0s": {
    "xy_rmse_m": 2.2605200995294394,
    "yaw_rmse_rad": 0.1133880126169991,
    "errdist": 0.29774357167957377,
    "mean_dist_m": 7.592170963684718,
    "episodes": 12
  },
  "rollout_flat_10.0s": {
    "xy_rmse_m": 8.327858270187289,
    "yaw_rmse_rad": 0.2340801129549647,
    "errdist": 0.23647193958364385,
    "mean_dist_m": 35.2171098391215,
    "episodes": 12
  },
  "rollout_crm_5.0s": {
    "xy_rmse_m": 0.8601797969042388,
    "yaw_rmse_rad": 0.05726033131208669,
    "errdist": 0.12019556546220503,
    "mean_dist_m": 7.1565019357949495,
    "episodes": 12
  },
  "rollout_crm_10.0s": {
    "xy_rmse_m": 2.9107196510526268,
    "yaw_rmse_rad": 0.19972991222823244,
    "errdist": 0.11625764365922639,
    "mean_dist_m": 25.036802393694717,
    "episodes": 12
  },
  "rollout_sel": 0.17636479162143512
}
{
  "epoch": 18,
  "timestamp_utc": "2026-07-09T18:55:59.933791+00:00",
  "train_loss": 0.03396983983553946,
  "val_loss": 0.0051013909630273704,
  "val_rmse": {
    "vel_body_x_mps": 0.0011474558263606042,
    "vel_body_y_mps": 0.0007997403969454515,
    "roll_rad": 2.3763624087736838e-05,
    "pitch_rad": 1.6880807722540085e-05,
    "roll_rate_radps": 0.0017711306054485985,
    "ang_vel_body_y_radps": 0.0009927212782262522,
    "yaw_rate_radps": 0.0015036590289852685,
    "tire_fl_force_wheel_fz_n": 47.29482961183379,
    "tire_fr_force_wheel_fz_n": 48.16169347060528,
    "tire_rl_force_wheel_fz_n": 26.397946366716976,
    "tire_rr_force_wheel_fz_n": 26.41707764659849,
    "tire_fl_spindle_omega_radps": 0.07116594597458607,
    "tire_fr_spindle_omega_radps": 0.08177303848208588,
    "tire_rl_spindle_omega_radps": 0.0789246751150974,
    "tire_rr_spindle_omega_radps": 0.06358272397877111
  },
  "val_flat_loss": 0.0051013909630273704,
  "val_flat_rmse": {
    "vel_body_x_mps": 0.0011474558263606042,
    "vel_body_y_mps": 0.0007997403969454515,
    "roll_rad": 2.3763624087736838e-05,
    "pitch_rad": 1.6880807722540085e-05,
    "roll_rate_radps": 0.0017711306054485985,
    "ang_vel_body_y_radps": 0.0009927212782262522,
    "yaw_rate_radps": 0.0015036590289852685,
    "tire_fl_force_wheel_fz_n": 47.29482961183379,
    "tire_fr_force_wheel_fz_n": 48.16169347060528,
    "tire_rl_force_wheel_fz_n": 26.397946366716976,
    "tire_rr_force_wheel_fz_n": 26.41707764659849,
    "tire_fl_spindle_omega_radps": 0.07116594597458607,
    "tire_fr_spindle_omega_radps": 0.08177303848208588,
    "tire_rl_spindle_omega_radps": 0.0789246751150974,
    "tire_rr_spindle_omega_radps": 0.06358272397877111
  },
  "val_crm_loss": 0.10413133940892294,
  "val_crm_rmse": {
    "vel_body_x_mps": 0.0033201999514615088,
    "vel_body_y_mps": 0.002829002806601746,
    "roll_rad": 6.468276123291954e-05,
    "pitch_rad": 4.745739791613525e-05,
    "roll_rate_radps": 0.0045241958947991896,
    "ang_vel_body_y_radps": 0.003035229417418585,
    "yaw_rate_radps": 0.002598894741966153,
    "tire_fl_force_wheel_fz_n": 742.678104707493,
    "tire_fr_force_wheel_fz_n": 772.1384380296776,
    "tire_rl_force_wheel_fz_n": 952.2642653368852,
    "tire_rr_force_wheel_fz_n": 997.5708247436062,
    "tire_fl_spindle_omega_radps": 0.1483545498525451,
    "tire_fr_spindle_omega_radps": 0.1509873070226014,
    "tire_rl_spindle_omega_radps": 0.16584127268744114,
    "tire_rr_spindle_omega_radps": 0.16348056424275761
  },
  "val_mixed_loss": 0.05461636518597515,
  "rollout_flat_5.0s": {
    "xy_rmse_m": 0.948737043142322,
    "yaw_rmse_rad": 0.09966783388868633,
    "errdist": 0.12496254993207769,
    "mean_dist_m": 7.592170963684718,
    "episodes": 12
  },
  "rollout_flat_10.0s": {
    "xy_rmse_m": 3.947850335656833,
    "yaw_rmse_rad": 0.17723480878062395,
    "errdist": 0.11210034990637702,
    "mean_dist_m": 35.2171098391215,
    "episodes": 12
  },
  "rollout_crm_5.0s": {
    "xy_rmse_m": 0.8916731560254072,
    "yaw_rmse_rad": 0.11310315668123921,
    "errdist": 0.12459622927864959,
    "mean_dist_m": 7.1565019357949495,
    "episodes": 12
  },
  "rollout_crm_10.0s": {
    "xy_rmse_m": 4.186844779759356,
    "yaw_rmse_rad": 0.36075390077805264,
    "errdist": 0.16722761612775974,
    "mean_dist_m": 25.036802393694717,
    "episodes": 12
  },
  "rollout_sel": 0.1396639830170684
}
{
  "epoch": 19,
  "timestamp_utc": "2026-07-09T18:56:26.148964+00:00",
  "train_loss": 0.033326030264608564,
  "val_loss": 0.004948904045886593,
  "val_rmse": {
    "vel_body_x_mps": 0.0011460201091537383,
    "vel_body_y_mps": 0.001058736406727352,
    "roll_rad": 2.9150928067072154e-05,
    "pitch_rad": 1.1365824547029464e-05,
    "roll_rate_radps": 0.0018007422267297209,
    "ang_vel_body_y_radps": 0.0009844848396517029,
    "yaw_rate_radps": 0.0015113252691092008,
    "tire_fl_force_wheel_fz_n": 45.83142453686752,
    "tire_fr_force_wheel_fz_n": 49.33832599276104,
    "tire_rl_force_wheel_fz_n": 27.348361936851788,
    "tire_rr_force_wheel_fz_n": 25.298590900926047,
    "tire_fl_spindle_omega_radps": 0.07005062386848245,
    "tire_fr_spindle_omega_radps": 0.07775471003314294,
    "tire_rl_spindle_omega_radps": 0.07860303037380689,
    "tire_rr_spindle_omega_radps": 0.05890801004825327
  },
  "val_flat_loss": 0.004948904045886593,
  "val_flat_rmse": {
    "vel_body_x_mps": 0.0011460201091537383,
    "vel_body_y_mps": 0.001058736406727352,
    "roll_rad": 2.9150928067072154e-05,
    "pitch_rad": 1.1365824547029464e-05,
    "roll_rate_radps": 0.0018007422267297209,
    "ang_vel_body_y_radps": 0.0009844848396517029,
    "yaw_rate_radps": 0.0015113252691092008,
    "tire_fl_force_wheel_fz_n": 45.83142453686752,
    "tire_fr_force_wheel_fz_n": 49.33832599276104,
    "tire_rl_force_wheel_fz_n": 27.348361936851788,
    "tire_rr_force_wheel_fz_n": 25.298590900926047,
    "tire_fl_spindle_omega_radps": 0.07005062386848245,
    "tire_fr_spindle_omega_radps": 0.07775471003314294,
    "tire_rl_spindle_omega_radps": 0.07860303037380689,
    "tire_rr_spindle_omega_radps": 0.05890801004825327
  },
  "val_crm_loss": 0.10391908017452806,
  "val_crm_rmse": {
    "vel_body_x_mps": 0.0034351150630745108,
    "vel_body_y_mps": 0.0028279902274944567,
    "roll_rad": 6.261632149359134e-05,
    "pitch_rad": 5.2269125031244e-05,
    "roll_rate_radps": 0.004534238750390085,
    "ang_vel_body_y_radps": 0.0032011081084264356,
    "yaw_rate_radps": 0.002502103716082567,
    "tire_fl_force_wheel_fz_n": 724.5278040154869,
    "tire_fr_force_wheel_fz_n": 741.9328664790477,
    "tire_rl_force_wheel_fz_n": 958.7490697009014,
    "tire_rr_force_wheel_fz_n": 1008.746445928238,
    "tire_fl_spindle_omega_radps": 0.1494285022504652,
    "tire_fr_spindle_omega_radps": 0.14911462043773188,
    "tire_rl_spindle_omega_radps": 0.16374464482656295,
    "tire_rr_spindle_omega_radps": 0.16515550282689248
  },
  "val_mixed_loss": 0.05443399211020732,
  "rollout_flat_5.0s": {
    "xy_rmse_m": 1.300926811253156,
    "yaw_rmse_rad": 0.13411048255749586,
    "errdist": 0.17135109542129903,
    "mean_dist_m": 7.592170963684718,
    "episodes": 12
  },
  "rollout_flat_10.0s": {
    "xy_rmse_m": 5.514775795551014,
    "yaw_rmse_rad": 0.21277193350342374,
    "errdist": 0.15659365066422445,
    "mean_dist_m": 35.2171098391215,
    "episodes": 12
  },
  "rollout_crm_5.0s": {
    "xy_rmse_m": 1.775072706260238,
    "yaw_rmse_rad": 0.09791585566391123,
    "errdist": 0.24803636220396852,
    "mean_dist_m": 7.1565019357949495,
    "episodes": 12
  },
  "rollout_crm_10.0s": {
    "xy_rmse_m": 3.294954665850915,
    "yaw_rmse_rad": 0.19371115693791918,
    "errdist": 0.13160445227944598,
    "mean_dist_m": 25.036802393694717,
    "episodes": 12
  },
  "rollout_sel": 0.14409905147183522
}
{
  "epoch": 20,
  "timestamp_utc": "2026-07-09T18:56:51.783966+00:00",
  "train_loss": 0.03357237497996539,
  "val_loss": 0.005260269044956658,
  "val_rmse": {
    "vel_body_x_mps": 0.00104023411360857,
    "vel_body_y_mps": 0.0008939185008060134,
    "roll_rad": 2.468018087347081e-05,
    "pitch_rad": 1.1835253275872932e-05,
    "roll_rate_radps": 0.0018922757435611431,
    "ang_vel_body_y_radps": 0.0010174954768448507,
    "yaw_rate_radps": 0.0015420179539596412,
    "tire_fl_force_wheel_fz_n": 46.288916136948856,
    "tire_fr_force_wheel_fz_n": 48.71585592603878,
    "tire_rl_force_wheel_fz_n": 26.352675844044978,
    "tire_rr_force_wheel_fz_n": 25.064033624239908,
    "tire_fl_spindle_omega_radps": 0.07636970139584053,
    "tire_fr_spindle_omega_radps": 0.08391116326779945,
    "tire_rl_spindle_omega_radps": 0.07862004406634124,
    "tire_rr_spindle_omega_radps": 0.061228001079947546
  },
  "val_flat_loss": 0.005260269044956658,
  "val_flat_rmse": {
    "vel_body_x_mps": 0.00104023411360857,
    "vel_body_y_mps": 0.0008939185008060134,
    "roll_rad": 2.468018087347081e-05,
    "pitch_rad": 1.1835253275872932e-05,
    "roll_rate_radps": 0.0018922757435611431,
    "ang_vel_body_y_radps": 0.0010174954768448507,
    "yaw_rate_radps": 0.0015420179539596412,
    "tire_fl_force_wheel_fz_n": 46.288916136948856,
    "tire_fr_force_wheel_fz_n": 48.71585592603878,
    "tire_rl_force_wheel_fz_n": 26.352675844044978,
    "tire_rr_force_wheel_fz_n": 25.064033624239908,
    "tire_fl_spindle_omega_radps": 0.07636970139584053,
    "tire_fr_spindle_omega_radps": 0.08391116326779945,
    "tire_rl_spindle_omega_radps": 0.07862004406634124,
    "tire_rr_spindle_omega_radps": 0.061228001079947546
  },
  "val_crm_loss": 0.10234282562858425,
  "val_crm_rmse": {
    "vel_body_x_mps": 0.003300065605557061,
    "vel_body_y_mps": 0.0027872151291624117,
    "roll_rad": 5.674939921164026e-05,
    "pitch_rad": 4.495767784321142e-05,
    "roll_rate_radps": 0.00439816640961652,
    "ang_vel_body_y_radps": 0.0029843733782919275,
    "yaw_rate_radps": 0.002493200904824397,
    "tire_fl_force_wheel_fz_n": 730.0693366779774,
    "tire_fr_force_wheel_fz_n": 750.253912495851,
    "tire_rl_force_wheel_fz_n": 951.5745130219744,
    "tire_rr_force_wheel_fz_n": 987.7504956640469,
    "tire_fl_spindle_omega_radps": 0.14880908521842048,
    "tire_fr_spindle_omega_radps": 0.14892156217487876,
    "tire_rl_spindle_omega_radps": 0.16343959116503776,
    "tire_rr_spindle_omega_radps": 0.16336302701394403
  },
  "val_mixed_loss": 0.05380154733677046,
  "rollout_flat_5.0s": {
    "xy_rmse_m": 1.7738626486179547,
    "yaw_rmse_rad": 0.11787740912239235,
    "errdist": 0.2336436649151857,
    "mean_dist_m": 7.592170963684718,
    "episodes": 12
  },
  "rollout_flat_10.0s": {
    "xy_rmse_m": 5.5909161834483845,
    "yaw_rmse_rad": 0.42797862843383067,
    "errdist": 0.15875567895800535,
    "mean_dist_m": 35.2171098391215,
    "episodes": 12
  },
  "rollout_crm_5.0s": {
    "xy_rmse_m": 0.7678049892339719,
    "yaw_rmse_rad": 0.13243878808645188,
    "errdist": 0.10728774981441873,
    "mean_dist_m": 7.1565019357949495,
    "episodes": 12
  },
  "rollout_crm_10.0s": {
    "xy_rmse_m": 4.583747725925275,
    "yaw_rmse_rad": 0.4226112767584934,
    "errdist": 0.18308039716284413,
    "mean_dist_m": 25.036802393694717,
    "episodes": 12
  },
  "rollout_sel": 0.17091803806042474
}
{
  "epoch": 21,
  "timestamp_utc": "2026-07-09T18:57:17.998399+00:00",
  "train_loss": 0.03311120251845569,
  "val_loss": 0.004396484096396307,
  "val_rmse": {
    "vel_body_x_mps": 0.0010431715556404374,
    "vel_body_y_mps": 0.0008640641980457154,
    "roll_rad": 1.972851407270372e-05,
    "pitch_rad": 1.47510388500244e-05,
    "roll_rate_radps": 0.0017274596899294922,
    "ang_vel_body_y_radps": 0.0009691452820878864,
    "yaw_rate_radps": 0.0014512539650716697,
    "tire_fl_force_wheel_fz_n": 45.670942189847004,
    "tire_fr_force_wheel_fz_n": 51.64135016698876,
    "tire_rl_force_wheel_fz_n": 26.210030294485968,
    "tire_rr_force_wheel_fz_n": 25.637546951980042,
    "tire_fl_spindle_omega_radps": 0.06858181055939612,
    "tire_fr_spindle_omega_radps": 0.07832181749788529,
    "tire_rl_spindle_omega_radps": 0.07613353434733222,
    "tire_rr_spindle_omega_radps": 0.058344525825960204
  },
  "val_flat_loss": 0.004396484096396307,
  "val_flat_rmse": {
    "vel_body_x_mps": 0.0010431715556404374,
    "vel_body_y_mps": 0.0008640641980457154,
    "roll_rad": 1.972851407270372e-05,
    "pitch_rad": 1.47510388500244e-05,
    "roll_rate_radps": 0.0017274596899294922,
    "ang_vel_body_y_radps": 0.0009691452820878864,
    "yaw_rate_radps": 0.0014512539650716697,
    "tire_fl_force_wheel_fz_n": 45.670942189847004,
    "tire_fr_force_wheel_fz_n": 51.64135016698876,
    "tire_rl_force_wheel_fz_n": 26.210030294485968,
    "tire_rr_force_wheel_fz_n": 25.637546951980042,
    "tire_fl_spindle_omega_radps": 0.06858181055939612,
    "tire_fr_spindle_omega_radps": 0.07832181749788529,
    "tire_rl_spindle_omega_radps": 0.07613353434733222,
    "tire_rr_spindle_omega_radps": 0.058344525825960204
  },
  "val_crm_loss": 0.10264504840713926,
  "val_crm_rmse": {
    "vel_body_x_mps": 0.0033126680108231817,
    "vel_body_y_mps": 0.002804213027083388,
    "roll_rad": 6.335627207402633e-05,
    "pitch_rad": 4.87813262374347e-05,
    "roll_rate_radps": 0.004581697167771536,
    "ang_vel_body_y_radps": 0.002881694649063866,
    "yaw_rate_radps": 0.002504385494629231,
    "tire_fl_force_wheel_fz_n": 720.1086408717806,
    "tire_fr_force_wheel_fz_n": 741.659707236338,
    "tire_rl_force_wheel_fz_n": 940.7740852886952,
    "tire_rr_force_wheel_fz_n": 1009.3278536147006,
    "tire_fl_spindle_omega_radps": 0.14870752418989486,
    "tire_fr_spindle_omega_radps": 0.14940814786078052,
    "tire_rl_spindle_omega_radps": 0.16446770379391806,
    "tire_rr_spindle_omega_radps": 0.1632989136676678
  },
  "val_mixed_loss": 0.053520766251767785,
  "rollout_flat_5.0s": {
    "xy_rmse_m": 0.8887829461409305,
    "yaw_rmse_rad": 0.11769495664041181,
    "errdist": 0.1170657181446789,
    "mean_dist_m": 7.592170963684718,
    "episodes": 12
  },
  "rollout_flat_10.0s": {
    "xy_rmse_m": 6.072086864210302,
    "yaw_rmse_rad": 0.3169821613549309,
    "errdist": 0.17241865933771278,
    "mean_dist_m": 35.2171098391215,
    "episodes": 12
  },
  "rollout_crm_5.0s": {
    "xy_rmse_m": 0.5763694146273898,
    "yaw_rmse_rad": 0.029512802859813322,
    "errdist": 0.08053786889157967,
    "mean_dist_m": 7.1565019357949495,
    "episodes": 12
  },
  "rollout_crm_10.0s": {
    "xy_rmse_m": 2.93727911758547,
    "yaw_rmse_rad": 0.07334090090284769,
    "errdist": 0.11731846069629068,
    "mean_dist_m": 25.036802393694717,
    "episodes": 12
  },
  "rollout_sel": 0.1448685600170017
}
{
  "epoch": 22,
  "timestamp_utc": "2026-07-09T18:57:44.423098+00:00",
  "train_loss": 0.03307527656247839,
  "val_loss": 0.004477520564687438,
  "val_rmse": {
    "vel_body_x_mps": 0.0011010751867558818,
    "vel_body_y_mps": 0.0008552789982567477,
    "roll_rad": 3.1890121482698624e-05,
    "pitch_rad": 1.1726040893324738e-05,
    "roll_rate_radps": 0.0017158407341696896,
    "ang_vel_body_y_radps": 0.0009564311075437593,
    "yaw_rate_radps": 0.0014454117200482309,
    "tire_fl_force_wheel_fz_n": 45.37129409452848,
    "tire_fr_force_wheel_fz_n": 47.227256004321525,
    "tire_rl_force_wheel_fz_n": 26.14053296662961,
    "tire_rr_force_wheel_fz_n": 25.702321817110487,
    "tire_fl_spindle_omega_radps": 0.06885917637596384,
    "tire_fr_spindle_omega_radps": 0.07698804388796544,
    "tire_rl_spindle_omega_radps": 0.07650816345043142,
    "tire_rr_spindle_omega_radps": 0.05992027950895831
  },
  "val_flat_loss": 0.004477520564687438,
  "val_flat_rmse": {
    "vel_body_x_mps": 0.0011010751867558818,
    "vel_body_y_mps": 0.0008552789982567477,
    "roll_rad": 3.1890121482698624e-05,
    "pitch_rad": 1.1726040893324738e-05,
    "roll_rate_radps": 0.0017158407341696896,
    "ang_vel_body_y_radps": 0.0009564311075437593,
    "yaw_rate_radps": 0.0014454117200482309,
    "tire_fl_force_wheel_fz_n": 45.37129409452848,
    "tire_fr_force_wheel_fz_n": 47.227256004321525,
    "tire_rl_force_wheel_fz_n": 26.14053296662961,
    "tire_rr_force_wheel_fz_n": 25.702321817110487,
    "tire_fl_spindle_omega_radps": 0.06885917637596384,
    "tire_fr_spindle_omega_radps": 0.07698804388796544,
    "tire_rl_spindle_omega_radps": 0.07650816345043142,
    "tire_rr_spindle_omega_radps": 0.05992027950895831
  },
  "val_crm_loss": 0.10177975708502345,
  "val_crm_rmse": {
    "vel_body_x_mps": 0.0032942530214961074,
    "vel_body_y_mps": 0.0027434203694746096,
    "roll_rad": 7.306577452338331e-05,
    "pitch_rad": 4.491518441236679e-05,
    "roll_rate_radps": 0.00434166676475051,
    "ang_vel_body_y_radps": 0.0028881829284073293,
    "yaw_rate_radps": 0.0025182755252730906,
    "tire_fl_force_wheel_fz_n": 728.5994358174697,
    "tire_fr_force_wheel_fz_n": 744.4090300129652,
    "tire_rl_force_wheel_fz_n": 948.7838317947337,
    "tire_rr_force_wheel_fz_n": 991.7575562829536,
    "tire_fl_spindle_omega_radps": 0.1469525937127136,
    "tire_fr_spindle_omega_radps": 0.1472617895616172,
    "tire_rl_spindle_omega_radps": 0.16336689899033335,
    "tire_rr_spindle_omega_radps": 0.1635547306163414
  },
  "val_mixed_loss": 0.05312863882485544,
  "rollout_flat_5.0s": {
    "xy_rmse_m": 0.8376468842788137,
    "yaw_rmse_rad": 0.11047197244706644,
    "errdist": 0.11033035060531322,
    "mean_dist_m": 7.592170963684718,
    "episodes": 12
  },
  "rollout_flat_10.0s": {
    "xy_rmse_m": 3.197264681645656,
    "yaw_rmse_rad": 0.2914059193927161,
    "errdist": 0.09078725358927446,
    "mean_dist_m": 35.2171098391215,
    "episodes": 12
  },
  "rollout_crm_5.0s": {
    "xy_rmse_m": 0.5826251437728477,
    "yaw_rmse_rad": 0.04971208650355313,
    "errdist": 0.08141200114244491,
    "mean_dist_m": 7.1565019357949495,
    "episodes": 12
  },
  "rollout_crm_10.0s": {
    "xy_rmse_m": 2.116830124838819,
    "yaw_rmse_rad": 0.4291941349913231,
    "errdist": 0.08454874115122316,
    "mean_dist_m": 25.036802393694717,
    "episodes": 12
  },
  "rollout_sel": 0.0876679973702488
}
{
  "epoch": 23,
  "timestamp_utc": "2026-07-09T18:58:10.752457+00:00",
  "train_loss": 0.03265097438171506,
  "val_loss": 0.004597623828885844,
  "val_rmse": {
    "vel_body_x_mps": 0.0010503082465700931,
    "vel_body_y_mps": 0.0008995194404053824,
    "roll_rad": 2.3345247851485986e-05,
    "pitch_rad": 1.3596503277265879e-05,
    "roll_rate_radps": 0.0017862110598372448,
    "ang_vel_body_y_radps": 0.0009614982392954463,
    "yaw_rate_radps": 0.0014868762113389405,
    "tire_fl_force_wheel_fz_n": 44.51750692131317,
    "tire_fr_force_wheel_fz_n": 48.23959257060554,
    "tire_rl_force_wheel_fz_n": 26.16584347385748,
    "tire_rr_force_wheel_fz_n": 26.59580026435579,
    "tire_fl_spindle_omega_radps": 0.06959912577489047,
    "tire_fr_spindle_omega_radps": 0.07813378019646401,
    "tire_rl_spindle_omega_radps": 0.07658303088154282,
    "tire_rr_spindle_omega_radps": 0.05960304446290322
  },
  "val_flat_loss": 0.004597623828885844,
  "val_flat_rmse": {
    "vel_body_x_mps": 0.0010503082465700931,
    "vel_body_y_mps": 0.0008995194404053824,
    "roll_rad": 2.3345247851485986e-05,
    "pitch_rad": 1.3596503277265879e-05,
    "roll_rate_radps": 0.0017862110598372448,
    "ang_vel_body_y_radps": 0.0009614982392954463,
    "yaw_rate_radps": 0.0014868762113389405,
    "tire_fl_force_wheel_fz_n": 44.51750692131317,
    "tire_fr_force_wheel_fz_n": 48.23959257060554,
    "tire_rl_force_wheel_fz_n": 26.16584347385748,
    "tire_rr_force_wheel_fz_n": 26.59580026435579,
    "tire_fl_spindle_omega_radps": 0.06959912577489047,
    "tire_fr_spindle_omega_radps": 0.07813378019646401,
    "tire_rl_spindle_omega_radps": 0.07658303088154282,
    "tire_rr_spindle_omega_radps": 0.05960304446290322
  },
  "val_crm_loss": 0.10228358025255148,
  "val_crm_rmse": {
    "vel_body_x_mps": 0.0033328911711971274,
    "vel_body_y_mps": 0.002739546662920778,
    "roll_rad": 6.525643922666617e-05,
    "pitch_rad": 4.307062642967583e-05,
    "roll_rate_radps": 0.004465243756142184,
    "ang_vel_body_y_radps": 0.0029928152959348524,
    "yaw_rate_radps": 0.0024873817684331425,
    "tire_fl_force_wheel_fz_n": 726.6161986389457,
    "tire_fr_force_wheel_fz_n": 744.3958071517317,
    "tire_rl_force_wheel_fz_n": 942.8961514423447,
    "tire_rr_force_wheel_fz_n": 994.9174062982437,
    "tire_fl_spindle_omega_radps": 0.15168897111870516,
    "tire_fr_spindle_omega_radps": 0.14846918348499522,
    "tire_rl_spindle_omega_radps": 0.16271051133695422,
    "tire_rr_spindle_omega_radps": 0.16366575673358622
  },
  "val_mixed_loss": 0.05344060204071866,
  "rollout_flat_5.0s": {
    "xy_rmse_m": 0.7548939091836137,
    "yaw_rmse_rad": 0.106604061990857,
    "errdist": 0.09943057299347749,
    "mean_dist_m": 7.592170963684718,
    "episodes": 12
  },
  "rollout_flat_10.0s": {
    "xy_rmse_m": 3.305708252643456,
    "yaw_rmse_rad": 0.1532905474560833,
    "errdist": 0.09386654009214737,
    "mean_dist_m": 35.2171098391215,
    "episodes": 12
  },
  "rollout_crm_5.0s": {
    "xy_rmse_m": 0.6783811497374106,
    "yaw_rmse_rad": 0.03284457179595162,
    "errdist": 0.09479228201481028,
    "mean_dist_m": 7.1565019357949495,
    "episodes": 12
  },
  "rollout_crm_10.0s": {
    "xy_rmse_m": 2.1330584239657546,
    "yaw_rmse_rad": 0.15055837836706792,
    "errdist": 0.08519691893653901,
    "mean_dist_m": 25.036802393694717,
    "episodes": 12
  },
  "rollout_sel": 0.08953172951434318
}
{
  "epoch": 24,
  "timestamp_utc": "2026-07-09T18:58:36.045344+00:00",
  "train_loss": 0.03263639370910823,
  "val_loss": 0.004739063144588726,
  "val_rmse": {
    "vel_body_x_mps": 0.0010880229971266836,
    "vel_body_y_mps": 0.0011744012577688864,
    "roll_rad": 3.220020032011834e-05,
    "pitch_rad": 1.3940443171945119e-05,
    "roll_rate_radps": 0.0018052192408264038,
    "ang_vel_body_y_radps": 0.0009544254295539427,
    "yaw_rate_radps": 0.0015128916381037126,
    "tire_fl_force_wheel_fz_n": 46.174625921980194,
    "tire_fr_force_wheel_fz_n": 47.68750359271475,
    "tire_rl_force_wheel_fz_n": 26.21100872474692,
    "tire_rr_force_wheel_fz_n": 26.471835054762153,
    "tire_fl_spindle_omega_radps": 0.06863978522127388,
    "tire_fr_spindle_omega_radps": 0.07715751248373141,
    "tire_rl_spindle_omega_radps": 0.07588866179864516,
    "tire_rr_spindle_omega_radps": 0.05718018942295017
  },
  "val_flat_loss": 0.004739063144588726,
  "val_flat_rmse": {
    "vel_body_x_mps": 0.0010880229971266836,
    "vel_body_y_mps": 0.0011744012577688864,
    "roll_rad": 3.220020032011834e-05,
    "pitch_rad": 1.3940443171945119e-05,
    "roll_rate_radps": 0.0018052192408264038,
    "ang_vel_body_y_radps": 0.0009544254295539427,
    "yaw_rate_radps": 0.0015128916381037126,
    "tire_fl_force_wheel_fz_n": 46.174625921980194,
    "tire_fr_force_wheel_fz_n": 47.68750359271475,
    "tire_rl_force_wheel_fz_n": 26.21100872474692,
    "tire_rr_force_wheel_fz_n": 26.471835054762153,
    "tire_fl_spindle_omega_radps": 0.06863978522127388,
    "tire_fr_spindle_omega_radps": 0.07715751248373141,
    "tire_rl_spindle_omega_radps": 0.07588866179864516,
    "tire_rr_spindle_omega_radps": 0.05718018942295017
  },
  "val_crm_loss": 0.10094775271660182,
  "val_crm_rmse": {
    "vel_body_x_mps": 0.0033013505567678833,
    "vel_body_y_mps": 0.002820391994052613,
    "roll_rad": 6.811330143927968e-05,
    "pitch_rad": 4.093002768348348e-05,
    "roll_rate_radps": 0.00429220308977223,
    "ang_vel_body_y_radps": 0.002911040179069757,
    "yaw_rate_radps": 0.002502191825959253,
    "tire_fl_force_wheel_fz_n": 721.724229894018,
    "tire_fr_force_wheel_fz_n": 730.0744165301747,
    "tire_rl_force_wheel_fz_n": 944.8696218887367,
    "tire_rr_force_wheel_fz_n": 991.1240315818217,
    "tire_fl_spindle_omega_radps": 0.14735676519623306,
    "tire_fr_spindle_omega_radps": 0.1462452908951349,
    "tire_rl_spindle_omega_radps": 0.16362726437209363,
    "tire_rr_spindle_omega_radps": 0.16236086469086694
  },
  "val_mixed_loss": 0.052843407930595276,
  "rollout_flat_5.0s": {
    "xy_rmse_m": 0.7797710884049861,
    "yaw_rmse_rad": 0.10423541043962205,
    "errdist": 0.10270726148486767,
    "mean_dist_m": 7.592170963684718,
    "episodes": 12
  },
  "rollout_flat_10.0s": {
    "xy_rmse_m": 3.525313363361594,
    "yaw_rmse_rad": 0.21896526684718895,
    "errdist": 0.10010229060436533,
    "mean_dist_m": 35.2171098391215,
    "episodes": 12
  },
  "rollout_crm_5.0s": {
    "xy_rmse_m": 1.6862356153911005,
    "yaw_rmse_rad": 0.09339270589970675,
    "errdist": 0.23562288259254024,
    "mean_dist_m": 7.1565019357949495,
    "episodes": 12
  },
  "rollout_crm_10.0s": {
    "xy_rmse_m": 3.838035408634598,
    "yaw_rmse_rad": 0.3239836113643792,
    "errdist": 0.15329575032317908,
    "mean_dist_m": 25.036802393694717,
    "episodes": 12
  },
  "rollout_sel": 0.1266990204637722
}
{
  "epoch": 25,
  "timestamp_utc": "2026-07-09T18:59:01.995338+00:00",
  "train_loss": 0.03235150631610304,
  "val_loss": 0.0046237556854248395,
  "val_rmse": {
    "vel_body_x_mps": 0.001084276281369092,
    "vel_body_y_mps": 0.0008110191126907571,
    "roll_rad": 1.8964931700553148e-05,
    "pitch_rad": 1.412343509479183e-05,
    "roll_rate_radps": 0.0017105678454089268,
    "ang_vel_body_y_radps": 0.0009549226895661855,
    "yaw_rate_radps": 0.001529986958676166,
    "tire_fl_force_wheel_fz_n": 44.608721175498076,
    "tire_fr_force_wheel_fz_n": 48.04209465429539,
    "tire_rl_force_wheel_fz_n": 26.338467287352465,
    "tire_rr_force_wheel_fz_n": 25.271632651832977,
    "tire_fl_spindle_omega_radps": 0.0689283635851033,
    "tire_fr_spindle_omega_radps": 0.07733270892419296,
    "tire_rl_spindle_omega_radps": 0.07688294615720213,
    "tire_rr_spindle_omega_radps": 0.05941598585043545
  },
  "val_flat_loss": 0.0046237556854248395,
  "val_flat_rmse": {
    "vel_body_x_mps": 0.001084276281369092,
    "vel_body_y_mps": 0.0008110191126907571,
    "roll_rad": 1.8964931700553148e-05,
    "pitch_rad": 1.412343509479183e-05,
    "roll_rate_radps": 0.0017105678454089268,
    "ang_vel_body_y_radps": 0.0009549226895661855,
    "yaw_rate_radps": 0.001529986958676166,
    "tire_fl_force_wheel_fz_n": 44.608721175498076,
    "tire_fr_force_wheel_fz_n": 48.04209465429539,
    "tire_rl_force_wheel_fz_n": 26.338467287352465,
    "tire_rr_force_wheel_fz_n": 25.271632651832977,
    "tire_fl_spindle_omega_radps": 0.0689283635851033,
    "tire_fr_spindle_omega_radps": 0.07733270892419296,
    "tire_rl_spindle_omega_radps": 0.07688294615720213,
    "tire_rr_spindle_omega_radps": 0.05941598585043545
  },
  "val_crm_loss": 0.09979568253736942,
  "val_crm_rmse": {
    "vel_body_x_mps": 0.003278182517128781,
    "vel_body_y_mps": 0.0027189110625729443,
    "roll_rad": 6.172566304632125e-05,
    "pitch_rad": 4.027045604372554e-05,
    "roll_rate_radps": 0.004314652289005823,
    "ang_vel_body_y_radps": 0.002921296565467923,
    "yaw_rate_radps": 0.002509026636469816,
    "tire_fl_force_wheel_fz_n": 699.7613023095525,
    "tire_fr_force_wheel_fz_n": 721.5451982145029,
    "tire_rl_force_wheel_fz_n": 938.3034721075283,
    "tire_rr_force_wheel_fz_n": 984.349934830312,
    "tire_fl_spindle_omega_radps": 0.14543897295390362,
    "tire_fr_spindle_omega_radps": 0.14667560375090785,
    "tire_rl_spindle_omega_radps": 0.16227237088552557,
    "tire_rr_spindle_omega_radps": 0.1631008084161013
  },
  "val_mixed_loss": 0.05220971911139713,
  "rollout_flat_5.0s": {
    "xy_rmse_m": 1.110539995302549,
    "yaw_rmse_rad": 0.06420234806398074,
    "errdist": 0.14627436613513364,
    "mean_dist_m": 7.592170963684718,
    "episodes": 12
  },
  "rollout_flat_10.0s": {
    "xy_rmse_m": 3.251974838828908,
    "yaw_rmse_rad": 0.1109798187257948,
    "errdist": 0.09234076429566627,
    "mean_dist_m": 35.2171098391215,
    "episodes": 12
  },
  "rollout_crm_5.0s": {
    "xy_rmse_m": 0.9897756553216137,
    "yaw_rmse_rad": 0.06049502259218728,
    "errdist": 0.13830439287258695,
    "mean_dist_m": 7.1565019357949495,
    "episodes": 12
  },
  "rollout_crm_10.0s": {
    "xy_rmse_m": 3.1305278318392906,
    "yaw_rmse_rad": 0.268004958235057,
    "errdist": 0.12503704676870736,
    "mean_dist_m": 25.036802393694717,
    "episodes": 12
  },
  "rollout_sel": 0.10868890553218682
}
{
  "epoch": 26,
  "timestamp_utc": "2026-07-09T18:59:28.849508+00:00",
  "train_loss": 0.0320834480910562,
  "val_loss": 0.004281029005578602,
  "val_rmse": {
    "vel_body_x_mps": 0.001007816178827187,
    "vel_body_y_mps": 0.0008629797007345962,
    "roll_rad": 2.488440609367574e-05,
    "pitch_rad": 1.4692387382510986e-05,
    "roll_rate_radps": 0.0018115536951255138,
    "ang_vel_body_y_radps": 0.000947670608429539,
    "yaw_rate_radps": 0.0014534024967626314,
    "tire_fl_force_wheel_fz_n": 46.18151026456378,
    "tire_fr_force_wheel_fz_n": 46.187833234232706,
    "tire_rl_force_wheel_fz_n": 25.716648625754626,
    "tire_rr_force_wheel_fz_n": 25.03649909103776,
    "tire_fl_spindle_omega_radps": 0.06880602546380908,
    "tire_fr_spindle_omega_radps": 0.07683866782337927,
    "tire_rl_spindle_omega_radps": 0.07555817342199672,
    "tire_rr_spindle_omega_radps": 0.058091707527121755
  },
  "val_flat_loss": 0.004281029005578602,
  "val_flat_rmse": {
    "vel_body_x_mps": 0.001007816178827187,
    "vel_body_y_mps": 0.0008629797007345962,
    "roll_rad": 2.488440609367574e-05,
    "pitch_rad": 1.4692387382510986e-05,
    "roll_rate_radps": 0.0018115536951255138,
    "ang_vel_body_y_radps": 0.000947670608429539,
    "yaw_rate_radps": 0.0014534024967626314,
    "tire_fl_force_wheel_fz_n": 46.18151026456378,
    "tire_fr_force_wheel_fz_n": 46.187833234232706,
    "tire_rl_force_wheel_fz_n": 25.716648625754626,
    "tire_rr_force_wheel_fz_n": 25.03649909103776,
    "tire_fl_spindle_omega_radps": 0.06880602546380908,
    "tire_fr_spindle_omega_radps": 0.07683866782337927,
    "tire_rl_spindle_omega_radps": 0.07555817342199672,
    "tire_rr_spindle_omega_radps": 0.058091707527121755
  },
  "val_crm_loss": 0.10060191444470547,
  "val_crm_rmse": {
    "vel_body_x_mps": 0.003220004232003674,
    "vel_body_y_mps": 0.0028671681212517376,
    "roll_rad": 6.171178135298872e-05,
    "pitch_rad": 4.4118814141257794e-05,
    "roll_rate_radps": 0.0042357209366958685,
    "ang_vel_body_y_radps": 0.0030145292001281586,
    "yaw_rate_radps": 0.0025057811714368377,
    "tire_fl_force_wheel_fz_n": 709.6402685065407,
    "tire_fr_force_wheel_fz_n": 735.7946275561067,
    "tire_rl_force_wheel_fz_n": 938.3620040616009,
    "tire_rr_force_wheel_fz_n": 984.4989945080583,
    "tire_fl_spindle_omega_radps": 0.14904768928742382,
    "tire_fr_spindle_omega_radps": 0.14688736462459798,
    "tire_rl_spindle_omega_radps": 0.16145607744943216,
    "tire_rr_spindle_omega_radps": 0.1614431549802191
  },
  "val_mixed_loss": 0.05244147172514203,
  "rollout_flat_5.0s": {
    "xy_rmse_m": 1.8604420814045528,
    "yaw_rmse_rad": 0.09414362057131603,
    "errdist": 0.24504744299140782,
    "mean_dist_m": 7.592170963684718,
    "episodes": 12
  },
  "rollout_flat_10.0s": {
    "xy_rmse_m": 5.798099959018094,
    "yaw_rmse_rad": 0.17751123194125534,
    "errdist": 0.16463872207301863,
    "mean_dist_m": 35.2171098391215,
    "episodes": 12
  },
  "rollout_crm_5.0s": {
    "xy_rmse_m": 0.7304687615868879,
    "yaw_rmse_rad": 0.08435391724886347,
    "errdist": 0.10207064402977023,
    "mean_dist_m": 7.1565019357949495,
    "episodes": 12
  },
  "rollout_crm_10.0s": {
    "xy_rmse_m": 3.089722934140441,
    "yaw_rmse_rad": 0.1884166128582254,
    "errdist": 0.12340725007753221,
    "mean_dist_m": 25.036802393694717,
    "episodes": 12
  },
  "rollout_sel": 0.14402298607527542
}
{
  "epoch": 27,
  "timestamp_utc": "2026-07-09T18:59:54.361166+00:00",
  "train_loss": 0.031956548902206124,
  "val_loss": 0.004275557793334883,
  "val_rmse": {
    "vel_body_x_mps": 0.0010290756847341491,
    "vel_body_y_mps": 0.000915581868885158,
    "roll_rad": 2.255246759651623e-05,
    "pitch_rad": 1.0674758945785103e-05,
    "roll_rate_radps": 0.0016691165987793991,
    "ang_vel_body_y_radps": 0.0009535420342317584,
    "yaw_rate_radps": 0.0014573626427739485,
    "tire_fl_force_wheel_fz_n": 44.88912812108372,
    "tire_fr_force_wheel_fz_n": 47.50256127910798,
    "tire_rl_force_wheel_fz_n": 26.018639323145546,
    "tire_rr_force_wheel_fz_n": 24.594432695697297,
    "tire_fl_spindle_omega_radps": 0.06753894103962042,
    "tire_fr_spindle_omega_radps": 0.07616716416946517,
    "tire_rl_spindle_omega_radps": 0.07573453072756749,
    "tire_rr_spindle_omega_radps": 0.05856843418987877
  },
  "val_flat_loss": 0.004275557793334883,
  "val_flat_rmse": {
    "vel_body_x_mps": 0.0010290756847341491,
    "vel_body_y_mps": 0.000915581868885158,
    "roll_rad": 2.255246759651623e-05,
    "pitch_rad": 1.0674758945785103e-05,
    "roll_rate_radps": 0.0016691165987793991,
    "ang_vel_body_y_radps": 0.0009535420342317584,
    "yaw_rate_radps": 0.0014573626427739485,
    "tire_fl_force_wheel_fz_n": 44.88912812108372,
    "tire_fr_force_wheel_fz_n": 47.50256127910798,
    "tire_rl_force_wheel_fz_n": 26.018639323145546,
    "tire_rr_force_wheel_fz_n": 24.594432695697297,
    "tire_fl_spindle_omega_radps": 0.06753894103962042,
    "tire_fr_spindle_omega_radps": 0.07616716416946517,
    "tire_rl_spindle_omega_radps": 0.07573453072756749,
    "tire_rr_spindle_omega_radps": 0.05856843418987877
  },
  "val_crm_loss": 0.09961004991899244,
  "val_crm_rmse": {
    "vel_body_x_mps": 0.003210920021350485,
    "vel_body_y_mps": 0.002711565929925588,
    "roll_rad": 5.7821446914552235e-05,
    "pitch_rad": 3.881856150396436e-05,
    "roll_rate_radps": 0.004350506468896454,
    "ang_vel_body_y_radps": 0.002818548713724994,
    "yaw_rate_radps": 0.002446775509533872,
    "tire_fl_force_wheel_fz_n": 714.0803440740885,
    "tire_fr_force_wheel_fz_n": 743.6979843434457,
    "tire_rl_force_wheel_fz_n": 946.9148884969171,
    "tire_rr_force_wheel_fz_n": 987.345876589975,
    "tire_fl_spindle_omega_radps": 0.14510767254143717,
    "tire_fr_spindle_omega_radps": 0.1461054979139125,
    "tire_rl_spindle_omega_radps": 0.16278441442494482,
    "tire_rr_spindle_omega_radps": 0.16190074508710264
  },
  "val_mixed_loss": 0.05194280385616366,
  "rollout_flat_5.0s": {
    "xy_rmse_m": 1.370203695816715,
    "yaw_rmse_rad": 0.07755697085199542,
    "errdist": 0.18047587473605997,
    "mean_dist_m": 7.592170963684718,
    "episodes": 12
  },
  "rollout_flat_10.0s": {
    "xy_rmse_m": 4.997722843679217,
    "yaw_rmse_rad": 0.1759439379185831,
    "errdist": 0.14191178283822187,
    "mean_dist_m": 35.2171098391215,
    "episodes": 12
  },
  "rollout_crm_5.0s": {
    "xy_rmse_m": 0.6551014733518203,
    "yaw_rmse_rad": 0.0344114981922347,
    "errdist": 0.09153934131914004,
    "mean_dist_m": 7.1565019357949495,
    "episodes": 12
  },
  "rollout_crm_10.0s": {
    "xy_rmse_m": 2.114389349178074,
    "yaw_rmse_rad": 0.08083372002035778,
    "errdist": 0.08445125363575035,
    "mean_dist_m": 25.036802393694717,
    "episodes": 12
  },
  "rollout_sel": 0.1131815182369861
}
{
  "epoch": 28,
  "timestamp_utc": "2026-07-09T19:00:19.582164+00:00",
  "train_loss": 0.03169444861449301,
  "val_loss": 0.004408317345878459,
  "val_rmse": {
    "vel_body_x_mps": 0.0010184922081387948,
    "vel_body_y_mps": 0.0008712256121931601,
    "roll_rad": 2.1940214757854244e-05,
    "pitch_rad": 1.420390878998292e-05,
    "roll_rate_radps": 0.0016653785493959401,
    "ang_vel_body_y_radps": 0.0009453771448037521,
    "yaw_rate_radps": 0.0014557198931434065,
    "tire_fl_force_wheel_fz_n": 44.61819554999819,
    "tire_fr_force_wheel_fz_n": 46.769420617849775,
    "tire_rl_force_wheel_fz_n": 26.475748892648433,
    "tire_rr_force_wheel_fz_n": 25.54983409223048,
    "tire_fl_spindle_omega_radps": 0.07177555180933638,
    "tire_fr_spindle_omega_radps": 0.07803132182712247,
    "tire_rl_spindle_omega_radps": 0.07631602256016544,
    "tire_rr_spindle_omega_radps": 0.057349376414655755
  },
  "val_flat_loss": 0.004408317345878459,
  "val_flat_rmse": {
    "vel_body_x_mps": 0.0010184922081387948,
    "vel_body_y_mps": 0.0008712256121931601,
    "roll_rad": 2.1940214757854244e-05,
    "pitch_rad": 1.420390878998292e-05,
    "roll_rate_radps": 0.0016653785493959401,
    "ang_vel_body_y_radps": 0.0009453771448037521,
    "yaw_rate_radps": 0.0014557198931434065,
    "tire_fl_force_wheel_fz_n": 44.61819554999819,
    "tire_fr_force_wheel_fz_n": 46.769420617849775,
    "tire_rl_force_wheel_fz_n": 26.475748892648433,
    "tire_rr_force_wheel_fz_n": 25.54983409223048,
    "tire_fl_spindle_omega_radps": 0.07177555180933638,
    "tire_fr_spindle_omega_radps": 0.07803132182712247,
    "tire_rl_spindle_omega_radps": 0.07631602256016544,
    "tire_rr_spindle_omega_radps": 0.057349376414655755
  },
  "val_crm_loss": 0.09925153905525803,
  "val_crm_rmse": {
    "vel_body_x_mps": 0.0032977159014310445,
    "vel_body_y_mps": 0.002685087324138721,
    "roll_rad": 6.877027934500009e-05,
    "pitch_rad": 4.2112838603193275e-05,
    "roll_rate_radps": 0.004166629291727555,
    "ang_vel_body_y_radps": 0.002849921293270931,
    "yaw_rate_radps": 0.0024597784181416564,
    "tire_fl_force_wheel_fz_n": 696.6392365849823,
    "tire_fr_force_wheel_fz_n": 718.0476716977546,
    "tire_rl_force_wheel_fz_n": 936.081443381824,
    "tire_rr_force_wheel_fz_n": 989.077015645143,
    "tire_fl_spindle_omega_radps": 0.14447363455568354,
    "tire_fr_spindle_omega_radps": 0.14526281179696401,
    "tire_rl_spindle_omega_radps": 0.16421394171013046,
    "tire_rr_spindle_omega_radps": 0.16287160205991275
  },
  "val_mixed_loss": 0.05182992820056825,
  "rollout_flat_5.0s": {
    "xy_rmse_m": 1.015922659346373,
    "yaw_rmse_rad": 0.08610486791886489,
    "errdist": 0.13381187860570964,
    "mean_dist_m": 7.592170963684718,
    "episodes": 12
  },
  "rollout_flat_10.0s": {
    "xy_rmse_m": 5.436406633967307,
    "yaw_rmse_rad": 0.23087924002581942,
    "errdist": 0.15436833569824024,
    "mean_dist_m": 35.2171098391215,
    "episodes": 12
  },
  "rollout_crm_5.0s": {
    "xy_rmse_m": 1.1282984516230883,
    "yaw_rmse_rad": 0.0396713639278754,
    "errdist": 0.15766060873673976,
    "mean_dist_m": 7.1565019357949495,
    "episodes": 12
  },
  "rollout_crm_10.0s": {
    "xy_rmse_m": 4.252729412800219,
    "yaw_rmse_rad": 0.20540019297329945,
    "errdist": 0.16985912761252728,
    "mean_dist_m": 25.036802393694717,
    "episodes": 12
  },
  "rollout_sel": 0.16211373165538376
}
{
  "epoch": 29,
  "timestamp_utc": "2026-07-09T19:00:45.141382+00:00",
  "train_loss": 0.03149978825915605,
  "val_loss": 0.004337400366239308,
  "val_rmse": {
    "vel_body_x_mps": 0.0010839339492816707,
    "vel_body_y_mps": 0.0008601039570801592,
    "roll_rad": 1.895731395868512e-05,
    "pitch_rad": 1.2582540699412433e-05,
    "roll_rate_radps": 0.0016957207893217804,
    "ang_vel_body_y_radps": 0.0009426691046975172,
    "yaw_rate_radps": 0.0014299987818526913,
    "tire_fl_force_wheel_fz_n": 43.70306142082949,
    "tire_fr_force_wheel_fz_n": 45.528545123247476,
    "tire_rl_force_wheel_fz_n": 26.410217154908985,
    "tire_rr_force_wheel_fz_n": 24.744578483068434,
    "tire_fl_spindle_omega_radps": 0.06985645661094668,
    "tire_fr_spindle_omega_radps": 0.07696731950812591,
    "tire_rl_spindle_omega_radps": 0.07612646957522984,
    "tire_rr_spindle_omega_radps": 0.05806254871402631
  },
  "val_flat_loss": 0.004337400366239308,
  "val_flat_rmse": {
    "vel_body_x_mps": 0.0010839339492816707,
    "vel_body_y_mps": 0.0008601039570801592,
    "roll_rad": 1.895731395868512e-05,
    "pitch_rad": 1.2582540699412433e-05,
    "roll_rate_radps": 0.0016957207893217804,
    "ang_vel_body_y_radps": 0.0009426691046975172,
    "yaw_rate_radps": 0.0014299987818526913,
    "tire_fl_force_wheel_fz_n": 43.70306142082949,
    "tire_fr_force_wheel_fz_n": 45.528545123247476,
    "tire_rl_force_wheel_fz_n": 26.410217154908985,
    "tire_rr_force_wheel_fz_n": 24.744578483068434,
    "tire_fl_spindle_omega_radps": 0.06985645661094668,
    "tire_fr_spindle_omega_radps": 0.07696731950812591,
    "tire_rl_spindle_omega_radps": 0.07612646957522984,
    "tire_rr_spindle_omega_radps": 0.05806254871402631
  },
  "val_crm_loss": 0.09857225337822456,
  "val_crm_rmse": {
    "vel_body_x_mps": 0.0032250808523762746,
    "vel_body_y_mps": 0.0026898485440170388,
    "roll_rad": 5.788255571767463e-05,
    "pitch_rad": 4.2374683214072385e-05,
    "roll_rate_radps": 0.00429992420487083,
    "ang_vel_body_y_radps": 0.0028187352925823856,
    "yaw_rate_radps": 0.0024652507552138693,
    "tire_fl_force_wheel_fz_n": 705.0437867815707,
    "tire_fr_force_wheel_fz_n": 717.2316297544432,
    "tire_rl_force_wheel_fz_n": 932.7630201086066,
    "tire_rr_force_wheel_fz_n": 981.4391960759349,
    "tire_fl_spindle_omega_radps": 0.14602824971596326,
    "tire_fr_spindle_omega_radps": 0.1456086619728653,
    "tire_rl_spindle_omega_radps": 0.15998538430383602,
    "tire_rr_spindle_omega_radps": 0.1607178679736599
  },
  "val_mixed_loss": 0.051454826872231935,
  "rollout_flat_5.0s": {
    "xy_rmse_m": 1.4356303502870096,
    "yaw_rmse_rad": 0.08026350536917838,
    "errdist": 0.18909352241328523,
    "mean_dist_m": 7.592170963684718,
    "episodes": 12
  },
  "rollout_flat_10.0s": {
    "xy_rmse_m": 4.988438284692143,
    "yaw_rmse_rad": 0.22249450481697564,
    "errdist": 0.14164814510561158,
    "mean_dist_m": 35.2171098391215,
    "episodes": 12
  },
  "rollout_crm_5.0s": {
    "xy_rmse_m": 2.652720563097349,
    "yaw_rmse_rad": 0.13899485271317638,
    "errdist": 0.370672793341833,
    "mean_dist_m": 7.1565019357949495,
    "episodes": 12
  },
  "rollout_crm_10.0s": {
    "xy_rmse_m": 7.4251678906778,
    "yaw_rmse_rad": 0.44458881573066,
    "errdist": 0.2965701359909985,
    "mean_dist_m": 25.036802393694717,
    "episodes": 12
  },
  "rollout_sel": 0.21910914054830505
}
{
  "epoch": 30,
  "timestamp_utc": "2026-07-09T19:01:10.184592+00:00",
  "train_loss": 0.03122274558991194,
  "val_loss": 0.003975933301844634,
  "val_rmse": {
    "vel_body_x_mps": 0.0009717000618024256,
    "vel_body_y_mps": 0.0008107547736724696,
    "roll_rad": 2.0886411308482664e-05,
    "pitch_rad": 9.795617590435295e-06,
    "roll_rate_radps": 0.0016599359768820542,
    "ang_vel_body_y_radps": 0.000950257133724867,
    "yaw_rate_radps": 0.0014185280420109757,
    "tire_fl_force_wheel_fz_n": 44.97951411864716,
    "tire_fr_force_wheel_fz_n": 49.69536170538446,
    "tire_rl_force_wheel_fz_n": 25.713077732655726,
    "tire_rr_force_wheel_fz_n": 25.075942984560747,
    "tire_fl_spindle_omega_radps": 0.06720092797413994,
    "tire_fr_spindle_omega_radps": 0.07556200166368922,
    "tire_rl_spindle_omega_radps": 0.07563969780496672,
    "tire_rr_spindle_omega_radps": 0.05743838872694554
  },
  "val_flat_loss": 0.003975933301844634,
  "val_flat_rmse": {
    "vel_body_x_mps": 0.0009717000618024256,
    "vel_body_y_mps": 0.0008107547736724696,
    "roll_rad": 2.0886411308482664e-05,
    "pitch_rad": 9.795617590435295e-06,
    "roll_rate_radps": 0.0016599359768820542,
    "ang_vel_body_y_radps": 0.000950257133724867,
    "yaw_rate_radps": 0.0014185280420109757,
    "tire_fl_force_wheel_fz_n": 44.97951411864716,
    "tire_fr_force_wheel_fz_n": 49.69536170538446,
    "tire_rl_force_wheel_fz_n": 25.713077732655726,
    "tire_rr_force_wheel_fz_n": 25.075942984560747,
    "tire_fl_spindle_omega_radps": 0.06720092797413994,
    "tire_fr_spindle_omega_radps": 0.07556200166368922,
    "tire_rl_spindle_omega_radps": 0.07563969780496672,
    "tire_rr_spindle_omega_radps": 0.05743838872694554
  },
  "val_crm_loss": 0.0992762613267405,
  "val_crm_rmse": {
    "vel_body_x_mps": 0.003229248376553775,
    "vel_body_y_mps": 0.002819606466469278,
    "roll_rad": 5.19910227725553e-05,
    "pitch_rad": 4.0021661133313035e-05,
    "roll_rate_radps": 0.00423555861309156,
    "ang_vel_body_y_radps": 0.0028202419284452046,
    "yaw_rate_radps": 0.002471268948754435,
    "tire_fl_force_wheel_fz_n": 695.6180442623796,
    "tire_fr_force_wheel_fz_n": 704.9011163943799,
    "tire_rl_force_wheel_fz_n": 929.7840451905582,
    "tire_rr_force_wheel_fz_n": 999.1626418276023,
    "tire_fl_spindle_omega_radps": 0.14599431769247,
    "tire_fr_spindle_omega_radps": 0.1436090602820918,
    "tire_rl_spindle_omega_radps": 0.1628249387393983,
    "tire_rr_spindle_omega_radps": 0.16102054509449426
  },
  "val_mixed_loss": 0.05162609731429257,
  "rollout_flat_5.0s": {
    "xy_rmse_m": 0.770103323638577,
    "yaw_rmse_rad": 0.07073568409362187,
    "errdist": 0.10143387541220776,
    "mean_dist_m": 7.592170963684718,
    "episodes": 12
  },
  "rollout_flat_10.0s": {
    "xy_rmse_m": 3.8208786965398254,
    "yaw_rmse_rad": 0.15494024338408674,
    "errdist": 0.10849495356076438,
    "mean_dist_m": 35.2171098391215,
    "episodes": 12
  },
  "rollout_crm_5.0s": {
    "xy_rmse_m": 0.6859869927673646,
    "yaw_rmse_rad": 0.027424716342629375,
    "errdist": 0.0958550698262565,
    "mean_dist_m": 7.1565019357949495,
    "episodes": 12
  },
  "rollout_crm_10.0s": {
    "xy_rmse_m": 2.327383311672685,
    "yaw_rmse_rad": 0.16976821531709124,
    "errdist": 0.09295848867101394,
    "mean_dist_m": 25.036802393694717,
    "episodes": 12
  },
  "rollout_sel": 0.10072672111588916
}
{
  "epoch": 31,
  "timestamp_utc": "2026-07-09T19:01:35.101212+00:00",
  "train_loss": 0.03131538481451571,
  "val_loss": 0.004118229449522915,
  "val_rmse": {
    "vel_body_x_mps": 0.0009918536284161587,
    "vel_body_y_mps": 0.0007818620373950066,
    "roll_rad": 2.360328486059106e-05,
    "pitch_rad": 1.0893907145771016e-05,
    "roll_rate_radps": 0.0017852330182164427,
    "ang_vel_body_y_radps": 0.0009494810922429093,
    "yaw_rate_radps": 0.00143512689628891,
    "tire_fl_force_wheel_fz_n": 44.50955355372119,
    "tire_fr_force_wheel_fz_n": 45.43203046923111,
    "tire_rl_force_wheel_fz_n": 25.741362555615332,
    "tire_rr_force_wheel_fz_n": 23.842131883903967,
    "tire_fl_spindle_omega_radps": 0.06634340481791695,
    "tire_fr_spindle_omega_radps": 0.07502316633714753,
    "tire_rl_spindle_omega_radps": 0.07804717177026181,
    "tire_rr_spindle_omega_radps": 0.05911311556330286
  },
  "val_flat_loss": 0.004118229449522915,
  "val_flat_rmse": {
    "vel_body_x_mps": 0.0009918536284161587,
    "vel_body_y_mps": 0.0007818620373950066,
    "roll_rad": 2.360328486059106e-05,
    "pitch_rad": 1.0893907145771016e-05,
    "roll_rate_radps": 0.0017852330182164427,
    "ang_vel_body_y_radps": 0.0009494810922429093,
    "yaw_rate_radps": 0.00143512689628891,
    "tire_fl_force_wheel_fz_n": 44.50955355372119,
    "tire_fr_force_wheel_fz_n": 45.43203046923111,
    "tire_rl_force_wheel_fz_n": 25.741362555615332,
    "tire_rr_force_wheel_fz_n": 23.842131883903967,
    "tire_fl_spindle_omega_radps": 0.06634340481791695,
    "tire_fr_spindle_omega_radps": 0.07502316633714753,
    "tire_rl_spindle_omega_radps": 0.07804717177026181,
    "tire_rr_spindle_omega_radps": 0.05911311556330286
  },
  "val_crm_loss": 0.09837181976763532,
  "val_crm_rmse": {
    "vel_body_x_mps": 0.0032058340276358687,
    "vel_body_y_mps": 0.0027022787066977795,
    "roll_rad": 6.12259128011844e-05,
    "pitch_rad": 5.0628231590253075e-05,
    "roll_rate_radps": 0.004203583239912443,
    "ang_vel_body_y_radps": 0.0027934865383576913,
    "yaw_rate_radps": 0.002461644135595325,
    "tire_fl_force_wheel_fz_n": 707.0369342571918,
    "tire_fr_force_wheel_fz_n": 712.7128925637325,
    "tire_rl_force_wheel_fz_n": 934.3815669599655,
    "tire_rr_force_wheel_fz_n": 983.3303525630278,
    "tire_fl_spindle_omega_radps": 0.1466508175718497,
    "tire_fr_spindle_omega_radps": 0.14649845561983246,
    "tire_rl_spindle_omega_radps": 0.16123489088320395,
    "tire_rr_spindle_omega_radps": 0.1608261439103266
  },
  "val_mixed_loss": 0.05124502460857912,
  "rollout_flat_5.0s": {
    "xy_rmse_m": 2.5039785933257472,
    "yaw_rmse_rad": 0.1184739767702807,
    "errdist": 0.3298106174509126,
    "mean_dist_m": 7.592170963684718,
    "episodes": 12
  },
  "rollout_flat_10.0s": {
    "xy_rmse_m": 7.55512676059458,
    "yaw_rmse_rad": 0.21526118518265433,
    "errdist": 0.21453000530446267,
    "mean_dist_m": 35.2171098391215,
    "episodes": 12
  },
  "rollout_crm_5.0s": {
    "xy_rmse_m": 1.2325141081960072,
    "yaw_rmse_rad": 0.06566345188651976,
    "errdist": 0.172222982576347,
    "mean_dist_m": 7.1565019357949495,
    "episodes": 12
  },
  "rollout_crm_10.0s": {
    "xy_rmse_m": 4.447870164019143,
    "yaw_rmse_rad": 0.18927321860455498,
    "errdist": 0.17765328391693092,
    "mean_dist_m": 25.036802393694717,
    "episodes": 12
  },
  "rollout_sel": 0.19609164461069678
}
{
  "epoch": 32,
  "timestamp_utc": "2026-07-09T19:01:59.947636+00:00",
  "train_loss": 0.03116362185915932,
  "val_loss": 0.004005562666425249,
  "val_rmse": {
    "vel_body_x_mps": 0.0009904651412579032,
    "vel_body_y_mps": 0.0007466196227098443,
    "roll_rad": 2.189471763641871e-05,
    "pitch_rad": 1.432685350602811e-05,
    "roll_rate_radps": 0.0016606315475209007,
    "ang_vel_body_y_radps": 0.0009408656800629753,
    "yaw_rate_radps": 0.0014217075216935576,
    "tire_fl_force_wheel_fz_n": 43.770010847849,
    "tire_fr_force_wheel_fz_n": 45.506645672658536,
    "tire_rl_force_wheel_fz_n": 25.806795785665997,
    "tire_rr_force_wheel_fz_n": 24.085167309340495,
    "tire_fl_spindle_omega_radps": 0.06695350688725989,
    "tire_fr_spindle_omega_radps": 0.07561951847876547,
    "tire_rl_spindle_omega_radps": 0.0754289942315522,
    "tire_rr_spindle_omega_radps": 0.058515995768082585
  },
  "val_flat_loss": 0.004005562666425249,
  "val_flat_rmse": {
    "vel_body_x_mps": 0.0009904651412579032,
    "vel_body_y_mps": 0.0007466196227098443,
    "roll_rad": 2.189471763641871e-05,
    "pitch_rad": 1.432685350602811e-05,
    "roll_rate_radps": 0.0016606315475209007,
    "ang_vel_body_y_radps": 0.0009408656800629753,
    "yaw_rate_radps": 0.0014217075216935576,
    "tire_fl_force_wheel_fz_n": 43.770010847849,
    "tire_fr_force_wheel_fz_n": 45.506645672658536,
    "tire_rl_force_wheel_fz_n": 25.806795785665997,
    "tire_rr_force_wheel_fz_n": 24.085167309340495,
    "tire_fl_spindle_omega_radps": 0.06695350688725989,
    "tire_fr_spindle_omega_radps": 0.07561951847876547,
    "tire_rl_spindle_omega_radps": 0.0754289942315522,
    "tire_rr_spindle_omega_radps": 0.058515995768082585
  },
  "val_crm_loss": 0.09764362179790624,
  "val_crm_rmse": {
    "vel_body_x_mps": 0.0031900577587246847,
    "vel_body_y_mps": 0.0026991557460913414,
    "roll_rad": 5.933372395756438e-05,
    "pitch_rad": 4.398103044838972e-05,
    "roll_rate_radps": 0.004103894600702838,
    "ang_vel_body_y_radps": 0.0028460801392648535,
    "yaw_rate_radps": 0.0024352362725735773,
    "tire_fl_force_wheel_fz_n": 693.4227000078887,
    "tire_fr_force_wheel_fz_n": 715.2958223809399,
    "tire_rl_force_wheel_fz_n": 928.6434188219336,
    "tire_rr_force_wheel_fz_n": 982.1928166986864,
    "tire_fl_spindle_omega_radps": 0.14452262614925554,
    "tire_fr_spindle_omega_radps": 0.14407326362777892,
    "tire_rl_spindle_omega_radps": 0.16004245332326453,
    "tire_rr_spindle_omega_radps": 0.1616062434637891
  },
  "val_mixed_loss": 0.05082459223216575,
  "rollout_flat_5.0s": {
    "xy_rmse_m": 0.9741069857054557,
    "yaw_rmse_rad": 0.07116656412003526,
    "errdist": 0.1283041425653949,
    "mean_dist_m": 7.592170963684718,
    "episodes": 12
  },
  "rollout_flat_10.0s": {
    "xy_rmse_m": 4.2782863776544495,
    "yaw_rmse_rad": 0.13790273717648663,
    "errdist": 0.12148317670582512,
    "mean_dist_m": 35.2171098391215,
    "episodes": 12
  },
  "rollout_crm_5.0s": {
    "xy_rmse_m": 0.6968408439659232,
    "yaw_rmse_rad": 0.046355854246587974,
    "errdist": 0.09737171179686373,
    "mean_dist_m": 7.1565019357949495,
    "episodes": 12
  },
  "rollout_crm_10.0s": {
    "xy_rmse_m": 1.4726393751649836,
    "yaw_rmse_rad": 0.08337331094060377,
    "errdist": 0.05881898782473332,
    "mean_dist_m": 25.036802393694717,
    "episodes": 12
  },
  "rollout_sel": 0.09015108226527922
}
{
  "epoch": 33,
  "timestamp_utc": "2026-07-09T19:02:24.636551+00:00",
  "train_loss": 0.030943946190644056,
  "val_loss": 0.0039759231189964335,
  "val_rmse": {
    "vel_body_x_mps": 0.0009813991669319784,
    "vel_body_y_mps": 0.0008627200932180386,
    "roll_rad": 2.0592805330299465e-05,
    "pitch_rad": 1.1980358093330142e-05,
    "roll_rate_radps": 0.0016352894743528518,
    "ang_vel_body_y_radps": 0.0009446649761993143,
    "yaw_rate_radps": 0.0014174679595300506,
    "tire_fl_force_wheel_fz_n": 42.68029356831833,
    "tire_fr_force_wheel_fz_n": 45.05649561281287,
    "tire_rl_force_wheel_fz_n": 25.371037700212337,
    "tire_rr_force_wheel_fz_n": 23.916898976758397,
    "tire_fl_spindle_omega_radps": 0.0666241784650702,
    "tire_fr_spindle_omega_radps": 0.07627186884525759,
    "tire_rl_spindle_omega_radps": 0.07605341292141918,
    "tire_rr_spindle_omega_radps": 0.057133691406651074
  },
  "val_flat_loss": 0.0039759231189964335,
  "val_flat_rmse": {
    "vel_body_x_mps": 0.0009813991669319784,
    "vel_body_y_mps": 0.0008627200932180386,
    "roll_rad": 2.0592805330299465e-05,
    "pitch_rad": 1.1980358093330142e-05,
    "roll_rate_radps": 0.0016352894743528518,
    "ang_vel_body_y_radps": 0.0009446649761993143,
    "yaw_rate_radps": 0.0014174679595300506,
    "tire_fl_force_wheel_fz_n": 42.68029356831833,
    "tire_fr_force_wheel_fz_n": 45.05649561281287,
    "tire_rl_force_wheel_fz_n": 25.371037700212337,
    "tire_rr_force_wheel_fz_n": 23.916898976758397,
    "tire_fl_spindle_omega_radps": 0.0666241784650702,
    "tire_fr_spindle_omega_radps": 0.07627186884525759,
    "tire_rl_spindle_omega_radps": 0.07605341292141918,
    "tire_rr_spindle_omega_radps": 0.057133691406651074
  },
  "val_crm_loss": 0.09736769964802079,
  "val_crm_rmse": {
    "vel_body_x_mps": 0.0031472363385095558,
    "vel_body_y_mps": 0.0027185882305392362,
    "roll_rad": 6.176687955928183e-05,
    "pitch_rad": 4.145617390632955e-05,
    "roll_rate_radps": 0.00424943565102957,
    "ang_vel_body_y_radps": 0.0028301135639627302,
    "yaw_rate_radps": 0.002433339458572997,
    "tire_fl_force_wheel_fz_n": 694.6208492736203,
    "tire_fr_force_wheel_fz_n": 702.584343465336,
    "tire_rl_force_wheel_fz_n": 928.6408486525524,
    "tire_rr_force_wheel_fz_n": 990.4774973313258,
    "tire_fl_spindle_omega_radps": 0.14256671344892566,
    "tire_fr_spindle_omega_radps": 0.14319009288499984,
    "tire_rl_spindle_omega_radps": 0.1623036494820833,
    "tire_rr_spindle_omega_radps": 0.16235662042826002
  },
  "val_mixed_loss": 0.05067181138350861,
  "rollout_flat_5.0s": {
    "xy_rmse_m": 0.7218255607111933,
    "yaw_rmse_rad": 0.06929878475667757,
    "errdist": 0.09507498766345862,
    "mean_dist_m": 7.592170963684718,
    "episodes": 12
  },
  "rollout_flat_10.0s": {
    "xy_rmse_m": 3.2194037153468846,
    "yaw_rmse_rad": 0.1359165572791017,
    "errdist": 0.09141589784209259,
    "mean_dist_m": 35.2171098391215,
    "episodes": 12
  },
  "rollout_crm_5.0s": {
    "xy_rmse_m": 0.5591210793086872,
    "yaw_rmse_rad": 0.026271390648213513,
    "errdist": 0.07812770601124411,
    "mean_dist_m": 7.1565019357949495,
    "episodes": 12
  },
  "rollout_crm_10.0s": {
    "xy_rmse_m": 1.0981560672772053,
    "yaw_rmse_rad": 0.07608711250934101,
    "errdist": 0.04386167410714419,
    "mean_dist_m": 25.036802393694717,
    "episodes": 12
  },
  "rollout_sel": 0.06763878597461839
}
{
  "epoch": 34,
  "timestamp_utc": "2026-07-09T19:02:50.721089+00:00",
  "train_loss": 0.03063273315690458,
  "val_loss": 0.004037251116023981,
  "val_rmse": {
    "vel_body_x_mps": 0.000998293899241852,
    "vel_body_y_mps": 0.0007979186423562278,
    "roll_rad": 1.87968109786345e-05,
    "pitch_rad": 9.974526931241534e-06,
    "roll_rate_radps": 0.0016341068386340957,
    "ang_vel_body_y_radps": 0.0009403867802262493,
    "yaw_rate_radps": 0.0014291795937107193,
    "tire_fl_force_wheel_fz_n": 43.48571084320409,
    "tire_fr_force_wheel_fz_n": 45.20291985410837,
    "tire_rl_force_wheel_fz_n": 24.985581477500155,
    "tire_rr_force_wheel_fz_n": 24.4416465059031,
    "tire_fl_spindle_omega_radps": 0.0663533699672586,
    "tire_fr_spindle_omega_radps": 0.07578890363683768,
    "tire_rl_spindle_omega_radps": 0.07630293179323179,
    "tire_rr_spindle_omega_radps": 0.05829025997541677
  },
  "val_flat_loss": 0.004037251116023981,
  "val_flat_rmse": {
    "vel_body_x_mps": 0.000998293899241852,
    "vel_body_y_mps": 0.0007979186423562278,
    "roll_rad": 1.87968109786345e-05,
    "pitch_rad": 9.974526931241534e-06,
    "roll_rate_radps": 0.0016341068386340957,
    "ang_vel_body_y_radps": 0.0009403867802262493,
    "yaw_rate_radps": 0.0014291795937107193,
    "tire_fl_force_wheel_fz_n": 43.48571084320409,
    "tire_fr_force_wheel_fz_n": 45.20291985410837,
    "tire_rl_force_wheel_fz_n": 24.985581477500155,
    "tire_rr_force_wheel_fz_n": 24.4416465059031,
    "tire_fl_spindle_omega_radps": 0.0663533699672586,
    "tire_fr_spindle_omega_radps": 0.07578890363683768,
    "tire_rl_spindle_omega_radps": 0.07630293179323179,
    "tire_rr_spindle_omega_radps": 0.05829025997541677
  },
  "val_crm_loss": 0.09646470915700775,
  "val_crm_rmse": {
    "vel_body_x_mps": 0.003108635075805695,
    "vel_body_y_mps": 0.002654343651010655,
    "roll_rad": 6.343513211023446e-05,
    "pitch_rad": 3.884457175432729e-05,
    "roll_rate_radps": 0.004101476351817764,
    "ang_vel_body_y_radps": 0.002706962833350143,
    "yaw_rate_radps": 0.002437097873852996,
    "tire_fl_force_wheel_fz_n": 689.9462859386002,
    "tire_fr_force_wheel_fz_n": 699.9076778456744,
    "tire_rl_force_wheel_fz_n": 933.0286459744868,
    "tire_rr_force_wheel_fz_n": 987.8107089954179,
    "tire_fl_spindle_omega_radps": 0.14261859701454432,
    "tire_fr_spindle_omega_radps": 0.14243248616147572,
    "tire_rl_spindle_omega_radps": 0.16029401069410068,
    "tire_rr_spindle_omega_radps": 0.1600408874498957
  },
  "val_mixed_loss": 0.05025098013651587,
  "rollout_flat_5.0s": {
    "xy_rmse_m": 1.616252238976938,
    "yaw_rmse_rad": 0.07497360968875856,
    "errdist": 0.21288406790467218,
    "mean_dist_m": 7.592170963684718,
    "episodes": 12
  },
  "rollout_flat_10.0s": {
    "xy_rmse_m": 4.9880214546678285,
    "yaw_rmse_rad": 0.14942269722914656,
    "errdist": 0.1416363090967449,
    "mean_dist_m": 35.2171098391215,
    "episodes": 12
  },
  "rollout_crm_5.0s": {
    "xy_rmse_m": 0.8012784283733139,
    "yaw_rmse_rad": 0.05716808149654425,
    "errdist": 0.11196509629453587,
    "mean_dist_m": 7.1565019357949495,
    "episodes": 12
  },
  "rollout_crm_10.0s": {
    "xy_rmse_m": 2.3806338849331277,
    "yaw_rmse_rad": 0.21184680805549153,
    "errdist": 0.09508538061284806,
    "mean_dist_m": 25.036802393694717,
    "episodes": 12
  },
  "rollout_sel": 0.11836084485479648
}
{
  "epoch": 35,
  "timestamp_utc": "2026-07-09T19:03:15.150031+00:00",
  "train_loss": 0.030642325016669927,
  "val_loss": 0.003990402356575942,
  "val_rmse": {
    "vel_body_x_mps": 0.0010053445082551097,
    "vel_body_y_mps": 0.0007834456810644675,
    "roll_rad": 2.107638568768061e-05,
    "pitch_rad": 1.087858501797755e-05,
    "roll_rate_radps": 0.0016617982918845815,
    "ang_vel_body_y_radps": 0.000942438038267897,
    "yaw_rate_radps": 0.0014087430880419878,
    "tire_fl_force_wheel_fz_n": 44.2944505163805,
    "tire_fr_force_wheel_fz_n": 44.80140382119116,
    "tire_rl_force_wheel_fz_n": 25.667416726729023,
    "tire_rr_force_wheel_fz_n": 23.674617194451482,
    "tire_fl_spindle_omega_radps": 0.06755409495463349,
    "tire_fr_spindle_omega_radps": 0.07610245571428487,
    "tire_rl_spindle_omega_radps": 0.07630580284421892,
    "tire_rr_spindle_omega_radps": 0.05689443678206425
  },
  "val_flat_loss": 0.003990402356575942,
  "val_flat_rmse": {
    "vel_body_x_mps": 0.0010053445082551097,
    "vel_body_y_mps": 0.0007834456810644675,
    "roll_rad": 2.107638568768061e-05,
    "pitch_rad": 1.087858501797755e-05,
    "roll_rate_radps": 0.0016617982918845815,
    "ang_vel_body_y_radps": 0.000942438038267897,
    "yaw_rate_radps": 0.0014087430880419878,
    "tire_fl_force_wheel_fz_n": 44.2944505163805,
    "tire_fr_force_wheel_fz_n": 44.80140382119116,
    "tire_rl_force_wheel_fz_n": 25.667416726729023,
    "tire_rr_force_wheel_fz_n": 23.674617194451482,
    "tire_fl_spindle_omega_radps": 0.06755409495463349,
    "tire_fr_spindle_omega_radps": 0.07610245571428487,
    "tire_rl_spindle_omega_radps": 0.07630580284421892,
    "tire_rr_spindle_omega_radps": 0.05689443678206425
  },
  "val_crm_loss": 0.096759593844763,
  "val_crm_rmse": {
    "vel_body_x_mps": 0.0030928979606618568,
    "vel_body_y_mps": 0.002666218562108931,
    "roll_rad": 5.866322255086265e-05,
    "pitch_rad": 4.435100178596761e-05,
    "roll_rate_radps": 0.0040989478692367584,
    "ang_vel_body_y_radps": 0.0027306948739820426,
    "yaw_rate_radps": 0.0024546164687604148,
    "tire_fl_force_wheel_fz_n": 689.2311343944442,
    "tire_fr_force_wheel_fz_n": 707.3453955069771,
    "tire_rl_force_wheel_fz_n": 930.0220325746153,
    "tire_rr_force_wheel_fz_n": 979.1280690267388,
    "tire_fl_spindle_omega_radps": 0.14308594945797795,
    "tire_fr_spindle_omega_radps": 0.14376903594280802,
    "tire_rl_spindle_omega_radps": 0.16159131999042733,
    "tire_rr_spindle_omega_radps": 0.16085753229841854
  },
  "val_mixed_loss": 0.05037499810066947,
  "rollout_flat_5.0s": {
    "xy_rmse_m": 1.123105737814281,
    "yaw_rmse_rad": 0.08965722182985815,
    "errdist": 0.14792945827832132,
    "mean_dist_m": 7.592170963684718,
    "episodes": 12
  },
  "rollout_flat_10.0s": {
    "xy_rmse_m": 5.475733848406884,
    "yaw_rmse_rad": 0.16979502615111203,
    "errdist": 0.1554850433048335,
    "mean_dist_m": 35.2171098391215,
    "episodes": 12
  },
  "rollout_crm_5.0s": {
    "xy_rmse_m": 0.5889206017371325,
    "yaw_rmse_rad": 0.02694466315232051,
    "errdist": 0.08229168482321031,
    "mean_dist_m": 7.1565019357949495,
    "episodes": 12
  },
  "rollout_crm_10.0s": {
    "xy_rmse_m": 1.7957456091440718,
    "yaw_rmse_rad": 0.058847701788748666,
    "errdist": 0.0717242394179024,
    "mean_dist_m": 25.036802393694717,
    "episodes": 12
  },
  "rollout_sel": 0.11360464136136796
}
{
  "epoch": 36,
  "timestamp_utc": "2026-07-09T19:03:39.474805+00:00",
  "train_loss": 0.030366899595130236,
  "val_loss": 0.0041559650501221766,
  "val_rmse": {
    "vel_body_x_mps": 0.001069716490849858,
    "vel_body_y_mps": 0.0009141125842622507,
    "roll_rad": 1.9187289860492567e-05,
    "pitch_rad": 1.209911507930054e-05,
    "roll_rate_radps": 0.0016913442110040738,
    "ang_vel_body_y_radps": 0.0009682318513335413,
    "yaw_rate_radps": 0.0014158252053919785,
    "tire_fl_force_wheel_fz_n": 43.57508740375308,
    "tire_fr_force_wheel_fz_n": 47.64462684646153,
    "tire_rl_force_wheel_fz_n": 24.694853528544765,
    "tire_rr_force_wheel_fz_n": 23.76597054956992,
    "tire_fl_spindle_omega_radps": 0.06673913278451886,
    "tire_fr_spindle_omega_radps": 0.07612174950343127,
    "tire_rl_spindle_omega_radps": 0.0754180640509095,
    "tire_rr_spindle_omega_radps": 0.05709693676788363
  },
  "val_flat_loss": 0.0041559650501221766,
  "val_flat_rmse": {
    "vel_body_x_mps": 0.001069716490849858,
    "vel_body_y_mps": 0.0009141125842622507,
    "roll_rad": 1.9187289860492567e-05,
    "pitch_rad": 1.209911507930054e-05,
    "roll_rate_radps": 0.0016913442110040738,
    "ang_vel_body_y_radps": 0.0009682318513335413,
    "yaw_rate_radps": 0.0014158252053919785,
    "tire_fl_force_wheel_fz_n": 43.57508740375308,
    "tire_fr_force_wheel_fz_n": 47.64462684646153,
    "tire_rl_force_wheel_fz_n": 24.694853528544765,
    "tire_rr_force_wheel_fz_n": 23.76597054956992,
    "tire_fl_spindle_omega_radps": 0.06673913278451886,
    "tire_fr_spindle_omega_radps": 0.07612174950343127,
    "tire_rl_spindle_omega_radps": 0.0754180640509095,
    "tire_rr_spindle_omega_radps": 0.05709693676788363
  },
  "val_crm_loss": 0.0961347158998251,
  "val_crm_rmse": {
    "vel_body_x_mps": 0.003130526124631455,
    "vel_body_y_mps": 0.0026406696005056352,
    "roll_rad": 5.3263379396628665e-05,
    "pitch_rad": 3.8378109980704005e-05,
    "roll_rate_radps": 0.00413368774526971,
    "ang_vel_body_y_radps": 0.002748325726452584,
    "yaw_rate_radps": 0.002423516373049537,
    "tire_fl_force_wheel_fz_n": 687.3051100737547,
    "tire_fr_force_wheel_fz_n": 696.4567345696654,
    "tire_rl_force_wheel_fz_n": 928.0440156390099,
    "tire_rr_force_wheel_fz_n": 975.4927102240156,
    "tire_fl_spindle_omega_radps": 0.14134648049193374,
    "tire_fr_spindle_omega_radps": 0.144065628651064,
    "tire_rl_spindle_omega_radps": 0.15952218813095725,
    "tire_rr_spindle_omega_radps": 0.15938854320605164
  },
  "val_mixed_loss": 0.05014534047497364,
  "rollout_flat_5.0s": {
    "xy_rmse_m": 1.1698152492294076,
    "yaw_rmse_rad": 0.1056176442438515,
    "errdist": 0.15408178435719255,
    "mean_dist_m": 7.592170963684718,
    "episodes": 12
  },
  "rollout_flat_10.0s": {
    "xy_rmse_m": 5.140563216961871,
    "yaw_rmse_rad": 0.2089457412791873,
    "errdist": 0.1459677764712933,
    "mean_dist_m": 35.2171098391215,
    "episodes": 12
  },
  "rollout_crm_5.0s": {
    "xy_rmse_m": 0.9136853556938468,
    "yaw_rmse_rad": 0.040565184640772946,
    "errdist": 0.1276720615589904,
    "mean_dist_m": 7.1565019357949495,
    "episodes": 12
  },
  "rollout_crm_10.0s": {
    "xy_rmse_m": 2.424175484988645,
    "yaw_rmse_rad": 0.2130177852485214,
    "errdist": 0.0968244844876497,
    "mean_dist_m": 25.036802393694717,
    "episodes": 12
  },
  "rollout_sel": 0.12139613047947151
}
{
  "epoch": 37,
  "timestamp_utc": "2026-07-09T19:04:03.857743+00:00",
  "train_loss": 0.030271457354538144,
  "val_loss": 0.0038808848111875705,
  "val_rmse": {
    "vel_body_x_mps": 0.0010053262439410936,
    "vel_body_y_mps": 0.0008115339130898986,
    "roll_rad": 1.9824287170461217e-05,
    "pitch_rad": 1.1515584888417722e-05,
    "roll_rate_radps": 0.0016967002337245002,
    "ang_vel_body_y_radps": 0.0009393041465965709,
    "yaw_rate_radps": 0.0014043821120125366,
    "tire_fl_force_wheel_fz_n": 43.136872712191916,
    "tire_fr_force_wheel_fz_n": 46.39977953083589,
    "tire_rl_force_wheel_fz_n": 24.745487458928785,
    "tire_rr_force_wheel_fz_n": 24.103118764529565,
    "tire_fl_spindle_omega_radps": 0.06603006321860684,
    "tire_fr_spindle_omega_radps": 0.0746553785292667,
    "tire_rl_spindle_omega_radps": 0.07546025805021281,
    "tire_rr_spindle_omega_radps": 0.056263587101541286
  },
  "val_flat_loss": 0.0038808848111875705,
  "val_flat_rmse": {
    "vel_body_x_mps": 0.0010053262439410936,
    "vel_body_y_mps": 0.0008115339130898986,
    "roll_rad": 1.9824287170461217e-05,
    "pitch_rad": 1.1515584888417722e-05,
    "roll_rate_radps": 0.0016967002337245002,
    "ang_vel_body_y_radps": 0.0009393041465965709,
    "yaw_rate_radps": 0.0014043821120125366,
    "tire_fl_force_wheel_fz_n": 43.136872712191916,
    "tire_fr_force_wheel_fz_n": 46.39977953083589,
    "tire_rl_force_wheel_fz_n": 24.745487458928785,
    "tire_rr_force_wheel_fz_n": 24.103118764529565,
    "tire_fl_spindle_omega_radps": 0.06603006321860684,
    "tire_fr_spindle_omega_radps": 0.0746553785292667,
    "tire_rl_spindle_omega_radps": 0.07546025805021281,
    "tire_rr_spindle_omega_radps": 0.056263587101541286
  },
  "val_crm_loss": 0.0959393594006542,
  "val_crm_rmse": {
    "vel_body_x_mps": 0.003111099885200839,
    "vel_body_y_mps": 0.0026054744963706256,
    "roll_rad": 5.075182131597165e-05,
    "pitch_rad": 3.642283997617436e-05,
    "roll_rate_radps": 0.0041545274486619165,
    "ang_vel_body_y_radps": 0.0027005579626439083,
    "yaw_rate_radps": 0.002420726180077982,
    "tire_fl_force_wheel_fz_n": 693.2451759616799,
    "tire_fr_force_wheel_fz_n": 689.2222945403782,
    "tire_rl_force_wheel_fz_n": 925.61698712296,
    "tire_rr_force_wheel_fz_n": 977.1835041585385,
    "tire_fl_spindle_omega_radps": 0.14294242521767303,
    "tire_fr_spindle_omega_radps": 0.14281987002240415,
    "tire_rl_spindle_omega_radps": 0.16067851137163328,
    "tire_rr_spindle_omega_radps": 0.1611871205356688
  },
  "val_mixed_loss": 0.04991012210592089,
  "rollout_flat_5.0s": {
    "xy_rmse_m": 3.034868035168155,
    "yaw_rmse_rad": 0.13208047005812054,
    "errdist": 0.3997365245968116,
    "mean_dist_m": 7.592170963684718,
    "episodes": 12
  },
  "rollout_flat_10.0s": {
    "xy_rmse_m": 9.221824116684425,
    "yaw_rmse_rad": 0.2647066954881255,
    "errdist": 0.26185635785592526,
    "mean_dist_m": 35.2171098391215,
    "episodes": 12
  },
  "rollout_crm_5.0s": {
    "xy_rmse_m": 1.3582287376401765,
    "yaw_rmse_rad": 0.08926290411307683,
    "errdist": 0.18978947393930992,
    "mean_dist_m": 7.1565019357949495,
    "episodes": 12
  },
  "rollout_crm_10.0s": {
    "xy_rmse_m": 5.117700190999315,
    "yaw_rmse_rad": 0.21649524702949516,
    "errdist": 0.2044071008160435,
    "mean_dist_m": 25.036802393694717,
    "episodes": 12
  },
  "rollout_sel": 0.23313172933598436
}
{
  "epoch": 38,
  "timestamp_utc": "2026-07-09T19:04:30.733815+00:00",
  "train_loss": 0.030242539498023687,
  "val_loss": 0.0037290113038397975,
  "val_rmse": {
    "vel_body_x_mps": 0.000980981341471457,
    "vel_body_y_mps": 0.0007588512559926426,
    "roll_rad": 1.872700012537545e-05,
    "pitch_rad": 1.1316234247197585e-05,
    "roll_rate_radps": 0.0016259708210933262,
    "ang_vel_body_y_radps": 0.0009405310029486887,
    "yaw_rate_radps": 0.0013880561839536556,
    "tire_fl_force_wheel_fz_n": 43.87140544088751,
    "tire_fr_force_wheel_fz_n": 44.61376644943844,
    "tire_rl_force_wheel_fz_n": 24.76248788520405,
    "tire_rr_force_wheel_fz_n": 24.323253347273525,
    "tire_fl_spindle_omega_radps": 0.06525855592200945,
    "tire_fr_spindle_omega_radps": 0.07545891937008214,
    "tire_rl_spindle_omega_radps": 0.0746216456523467,
    "tire_rr_spindle_omega_radps": 0.05565729144515803
  },
  "val_flat_loss": 0.0037290113038397975,
  "val_flat_rmse": {
    "vel_body_x_mps": 0.000980981341471457,
    "vel_body_y_mps": 0.0007588512559926426,
    "roll_rad": 1.872700012537545e-05,
    "pitch_rad": 1.1316234247197585e-05,
    "roll_rate_radps": 0.0016259708210933262,
    "ang_vel_body_y_radps": 0.0009405310029486887,
    "yaw_rate_radps": 0.0013880561839536556,
    "tire_fl_force_wheel_fz_n": 43.87140544088751,
    "tire_fr_force_wheel_fz_n": 44.61376644943844,
    "tire_rl_force_wheel_fz_n": 24.76248788520405,
    "tire_rr_force_wheel_fz_n": 24.323253347273525,
    "tire_fl_spindle_omega_radps": 0.06525855592200945,
    "tire_fr_spindle_omega_radps": 0.07545891937008214,
    "tire_rl_spindle_omega_radps": 0.0746216456523467,
    "tire_rr_spindle_omega_radps": 0.05565729144515803
  },
  "val_crm_loss": 0.09558612962719053,
  "val_crm_rmse": {
    "vel_body_x_mps": 0.0032292383268173004,
    "vel_body_y_mps": 0.0026251648266258807,
    "roll_rad": 5.921386313202284e-05,
    "pitch_rad": 3.899822316881452e-05,
    "roll_rate_radps": 0.004044308555570009,
    "ang_vel_body_y_radps": 0.002713822989984564,
    "yaw_rate_radps": 0.0024101855124481248,
    "tire_fl_force_wheel_fz_n": 672.443836779732,
    "tire_fr_force_wheel_fz_n": 683.8183221299822,
    "tire_rl_force_wheel_fz_n": 931.0635507956034,
    "tire_rr_force_wheel_fz_n": 977.975662655997,
    "tire_fl_spindle_omega_radps": 0.14104968727770106,
    "tire_fr_spindle_omega_radps": 0.14175700138184624,
    "tire_rl_spindle_omega_radps": 0.15902673476155957,
    "tire_rr_spindle_omega_radps": 0.15973553888355774
  },
  "val_mixed_loss": 0.04965757046551516,
  "rollout_flat_5.0s": {
    "xy_rmse_m": 1.1800178854066397,
    "yaw_rmse_rad": 0.07153274787697211,
    "errdist": 0.1554256208205749,
    "mean_dist_m": 7.592170963684718,
    "episodes": 12
  },
  "rollout_flat_10.0s": {
    "xy_rmse_m": 4.336466793895382,
    "yaw_rmse_rad": 0.13361255903736102,
    "errdist": 0.12313522641991897,
    "mean_dist_m": 35.2171098391215,
    "episodes": 12
  },
  "rollout_crm_5.0s": {
    "xy_rmse_m": 0.7927854467038269,
    "yaw_rmse_rad": 0.11045024766788457,
    "errdist": 0.11077834587573038,
    "mean_dist_m": 7.1565019357949495,
    "episodes": 12
  },
  "rollout_crm_10.0s": {
    "xy_rmse_m": 3.4502753519203377,
    "yaw_rmse_rad": 0.28030550106302676,
    "errdist": 0.13780814728917848,
    "mean_dist_m": 25.036802393694717,
    "episodes": 12
  },
  "rollout_sel": 0.13047168685454874
}
{
  "epoch": 39,
  "timestamp_utc": "2026-07-09T19:04:57.029177+00:00",
  "train_loss": 0.029767668025102466,
  "val_loss": 0.0038611709041288123,
  "val_rmse": {
    "vel_body_x_mps": 0.0009809442707671347,
    "vel_body_y_mps": 0.000850283882590998,
    "roll_rad": 2.2419966449512544e-05,
    "pitch_rad": 1.216143124304412e-05,
    "roll_rate_radps": 0.0016034214047613681,
    "ang_vel_body_y_radps": 0.0009363459947312874,
    "yaw_rate_radps": 0.0014084188097127706,
    "tire_fl_force_wheel_fz_n": 43.52514263066165,
    "tire_fr_force_wheel_fz_n": 44.62712081058273,
    "tire_rl_force_wheel_fz_n": 24.529495753063628,
    "tire_rr_force_wheel_fz_n": 23.699731132736666,
    "tire_fl_spindle_omega_radps": 0.06501272337279207,
    "tire_fr_spindle_omega_radps": 0.07458903628185828,
    "tire_rl_spindle_omega_radps": 0.07571140910781533,
    "tire_rr_spindle_omega_radps": 0.057407318136237256
  },
  "val_flat_loss": 0.0038611709041288123,
  "val_flat_rmse": {
    "vel_body_x_mps": 0.0009809442707671347,
    "vel_body_y_mps": 0.000850283882590998,
    "roll_rad": 2.2419966449512544e-05,
    "pitch_rad": 1.216143124304412e-05,
    "roll_rate_radps": 0.0016034214047613681,
    "ang_vel_body_y_radps": 0.0009363459947312874,
    "yaw_rate_radps": 0.0014084188097127706,
    "tire_fl_force_wheel_fz_n": 43.52514263066165,
    "tire_fr_force_wheel_fz_n": 44.62712081058273,
    "tire_rl_force_wheel_fz_n": 24.529495753063628,
    "tire_rr_force_wheel_fz_n": 23.699731132736666,
    "tire_fl_spindle_omega_radps": 0.06501272337279207,
    "tire_fr_spindle_omega_radps": 0.07458903628185828,
    "tire_rl_spindle_omega_radps": 0.07571140910781533,
    "tire_rr_spindle_omega_radps": 0.057407318136237256
  },
  "val_crm_loss": 0.0951834963314468,
  "val_crm_rmse": {
    "vel_body_x_mps": 0.0031230075852273016,
    "vel_body_y_mps": 0.0026016312877086894,
    "roll_rad": 5.255951970392442e-05,
    "pitch_rad": 4.308543788898085e-05,
    "roll_rate_radps": 0.004022755388276095,
    "ang_vel_body_y_radps": 0.002777441249113165,
    "yaw_rate_radps": 0.0024329160247572737,
    "tire_fl_force_wheel_fz_n": 688.7954718127479,
    "tire_fr_force_wheel_fz_n": 677.8823513670509,
    "tire_rl_force_wheel_fz_n": 931.6240154979054,
    "tire_rr_force_wheel_fz_n": 970.9606638019044,
    "tire_fl_spindle_omega_radps": 0.14211505112061448,
    "tire_fr_spindle_omega_radps": 0.14064196375921245,
    "tire_rl_spindle_omega_radps": 0.15810567989288188,
    "tire_rr_spindle_omega_radps": 0.15891890838619785
  },
  "val_mixed_loss": 0.04952233361778781,
  "rollout_flat_5.0s": {
    "xy_rmse_m": 1.892968601883313,
    "yaw_rmse_rad": 0.07125983117063837,
    "errdist": 0.24933166164696008,
    "mean_dist_m": 7.592170963684718,
    "episodes": 12
  },
  "rollout_flat_10.0s": {
    "xy_rmse_m": 6.481768629462753,
    "yaw_rmse_rad": 0.18163148759945588,
    "errdist": 0.18405169132483368,
    "mean_dist_m": 35.2171098391215,
    "episodes": 12
  },
  "rollout_crm_5.0s": {
    "xy_rmse_m": 1.1365715246477703,
    "yaw_rmse_rad": 0.05886778780760416,
    "errdist": 0.15881663064505538,
    "mean_dist_m": 7.1565019357949495,
    "episodes": 12
  },
  "rollout_crm_10.0s": {
    "xy_rmse_m": 4.018775554316676,
    "yaw_rmse_rad": 0.2967880275887383,
    "errdist": 0.1605147291224684,
    "mean_dist_m": 25.036802393694717,
    "episodes": 12
  },
  "rollout_sel": 0.17228321022365103
}
{
  "epoch": 40,
  "timestamp_utc": "2026-07-09T19:05:22.627640+00:00",
  "train_loss": 0.029780035287607462,
  "val_loss": 0.003921815675566904,
  "val_rmse": {
    "vel_body_x_mps": 0.0010449698184328432,
    "vel_body_y_mps": 0.0007485930390363102,
    "roll_rad": 1.9414560984977832e-05,
    "pitch_rad": 1.423274161552417e-05,
    "roll_rate_radps": 0.001646335333660213,
    "ang_vel_body_y_radps": 0.000939496384080582,
    "yaw_rate_radps": 0.0014077417688046923,
    "tire_fl_force_wheel_fz_n": 43.371882397966914,
    "tire_fr_force_wheel_fz_n": 46.14561860590705,
    "tire_rl_force_wheel_fz_n": 24.392954412608283,
    "tire_rr_force_wheel_fz_n": 23.662454717706638,
    "tire_fl_spindle_omega_radps": 0.06658807077234456,
    "tire_fr_spindle_omega_radps": 0.07478020131746262,
    "tire_rl_spindle_omega_radps": 0.07448571191459079,
    "tire_rr_spindle_omega_radps": 0.0564777996384601
  },
  "val_flat_loss": 0.003921815675566904,
  "val_flat_rmse": {
    "vel_body_x_mps": 0.0010449698184328432,
    "vel_body_y_mps": 0.0007485930390363102,
    "roll_rad": 1.9414560984977832e-05,
    "pitch_rad": 1.423274161552417e-05,
    "roll_rate_radps": 0.001646335333660213,
    "ang_vel_body_y_radps": 0.000939496384080582,
    "yaw_rate_radps": 0.0014077417688046923,
    "tire_fl_force_wheel_fz_n": 43.371882397966914,
    "tire_fr_force_wheel_fz_n": 46.14561860590705,
    "tire_rl_force_wheel_fz_n": 24.392954412608283,
    "tire_rr_force_wheel_fz_n": 23.662454717706638,
    "tire_fl_spindle_omega_radps": 0.06658807077234456,
    "tire_fr_spindle_omega_radps": 0.07478020131746262,
    "tire_rl_spindle_omega_radps": 0.07448571191459079,
    "tire_rr_spindle_omega_radps": 0.0564777996384601
  },
  "val_crm_loss": 0.09506368837319315,
  "val_crm_rmse": {
    "vel_body_x_mps": 0.0030878029814531017,
    "vel_body_y_mps": 0.002597068525099952,
    "roll_rad": 5.279312207667295e-05,
    "pitch_rad": 4.171840824895255e-05,
    "roll_rate_radps": 0.003985643666359033,
    "ang_vel_body_y_radps": 0.002721874868882245,
    "yaw_rate_radps": 0.002425921482738492,
    "tire_fl_force_wheel_fz_n": 678.1770715822837,
    "tire_fr_force_wheel_fz_n": 692.00403446146,
    "tire_rl_force_wheel_fz_n": 936.5459311858139,
    "tire_rr_force_wheel_fz_n": 973.3678663642892,
    "tire_fl_spindle_omega_radps": 0.14137462688970512,
    "tire_fr_spindle_omega_radps": 0.1409959216538475,
    "tire_rl_spindle_omega_radps": 0.1583899443598452,
    "tire_rr_spindle_omega_radps": 0.1591287956417816
  },
  "val_mixed_loss": 0.04949275202438003,
  "rollout_flat_5.0s": {
    "xy_rmse_m": 2.20564787863899,
    "yaw_rmse_rad": 0.11025511300885368,
    "errdist": 0.29051609733094313,
    "mean_dist_m": 7.592170963684718,
    "episodes": 12
  },
  "rollout_flat_10.0s": {
    "xy_rmse_m": 6.280982296326812,
    "yaw_rmse_rad": 0.16943850830601975,
    "errdist": 0.17835030543447608,
    "mean_dist_m": 35.2171098391215,
    "episodes": 12
  },
  "rollout_crm_5.0s": {
    "xy_rmse_m": 0.7714183104223078,
    "yaw_rmse_rad": 0.044041921345167774,
    "errdist": 0.10779265028405502,
    "mean_dist_m": 7.1565019357949495,
    "episodes": 12
  },
  "rollout_crm_10.0s": {
    "xy_rmse_m": 2.541404349897761,
    "yaw_rmse_rad": 0.19027161426280206,
    "errdist": 0.10150674634624227,
    "mean_dist_m": 25.036802393694717,
    "episodes": 12
  },
  "rollout_sel": 0.13992852589035917
}
{
  "epoch": 41,
  "timestamp_utc": "2026-07-09T19:05:48.081435+00:00",
  "train_loss": 0.029752876122482123,
  "val_loss": 0.003883552008555853,
  "val_rmse": {
    "vel_body_x_mps": 0.001039053877782169,
    "vel_body_y_mps": 0.0007075772956955152,
    "roll_rad": 2.2219355341111972e-05,
    "pitch_rad": 1.7146366356763304e-05,
    "roll_rate_radps": 0.0017283521606316953,
    "ang_vel_body_y_radps": 0.0009310072155512553,
    "yaw_rate_radps": 0.001406098504487196,
    "tire_fl_force_wheel_fz_n": 44.32932902118535,
    "tire_fr_force_wheel_fz_n": 44.49808697767551,
    "tire_rl_force_wheel_fz_n": 24.27835741112297,
    "tire_rr_force_wheel_fz_n": 23.9346620228949,
    "tire_fl_spindle_omega_radps": 0.06556292316577536,
    "tire_fr_spindle_omega_radps": 0.07434202975635829,
    "tire_rl_spindle_omega_radps": 0.07511527074687412,
    "tire_rr_spindle_omega_radps": 0.05593917920351303
  },
  "val_flat_loss": 0.003883552008555853,
  "val_flat_rmse": {
    "vel_body_x_mps": 0.001039053877782169,
    "vel_body_y_mps": 0.0007075772956955152,
    "roll_rad": 2.2219355341111972e-05,
    "pitch_rad": 1.7146366356763304e-05,
    "roll_rate_radps": 0.0017283521606316953,
    "ang_vel_body_y_radps": 0.0009310072155512553,
    "yaw_rate_radps": 0.001406098504487196,
    "tire_fl_force_wheel_fz_n": 44.32932902118535,
    "tire_fr_force_wheel_fz_n": 44.49808697767551,
    "tire_rl_force_wheel_fz_n": 24.27835741112297,
    "tire_rr_force_wheel_fz_n": 23.9346620228949,
    "tire_fl_spindle_omega_radps": 0.06556292316577536,
    "tire_fr_spindle_omega_radps": 0.07434202975635829,
    "tire_rl_spindle_omega_radps": 0.07511527074687412,
    "tire_rr_spindle_omega_radps": 0.05593917920351303
  },
  "val_crm_loss": 0.09457599094894249,
  "val_crm_rmse": {
    "vel_body_x_mps": 0.003141639408277763,
    "vel_body_y_mps": 0.0026004772954905655,
    "roll_rad": 5.1962251989912804e-05,
    "pitch_rad": 4.401777498145155e-05,
    "roll_rate_radps": 0.004046633551324782,
    "ang_vel_body_y_radps": 0.0026938096655066556,
    "yaw_rate_radps": 0.002433973547694784,
    "tire_fl_force_wheel_fz_n": 674.7650874885696,
    "tire_fr_force_wheel_fz_n": 686.1051317760022,
    "tire_rl_force_wheel_fz_n": 924.8387195876561,
    "tire_rr_force_wheel_fz_n": 967.3488797510646,
    "tire_fl_spindle_omega_radps": 0.14001356105280346,
    "tire_fr_spindle_omega_radps": 0.141099137530454,
    "tire_rl_spindle_omega_radps": 0.15789122321393897,
    "tire_rr_spindle_omega_radps": 0.15821796222092652
  },
  "val_mixed_loss": 0.04922977147874917,
  "rollout_flat_5.0s": {
    "xy_rmse_m": 0.6397811528638716,
    "yaw_rmse_rad": 0.036848851452010827,
    "errdist": 0.08426853872549858,
    "mean_dist_m": 7.592170963684718,
    "episodes": 12
  },
  "rollout_flat_10.0s": {
    "xy_rmse_m": 3.8264809710497487,
    "yaw_rmse_rad": 0.08190911983482119,
    "errdist": 0.10865403176268144,
    "mean_dist_m": 35.2171098391215,
    "episodes": 12
  },
  "rollout_crm_5.0s": {
    "xy_rmse_m": 0.9192476126500041,
    "yaw_rmse_rad": 0.048222462621665504,
    "errdist": 0.12844929281052356,
    "mean_dist_m": 7.1565019357949495,
    "episodes": 12
  },
  "rollout_crm_10.0s": {
    "xy_rmse_m": 2.8688947966025853,
    "yaw_rmse_rad": 0.14627072775384448,
    "errdist": 0.11458710866868084,
    "mean_dist_m": 25.036802393694717,
    "episodes": 12
  },
  "rollout_sel": 0.11162057021568114
}
{
  "epoch": 42,
  "timestamp_utc": "2026-07-09T19:06:12.733749+00:00",
  "train_loss": 0.02954275859007612,
  "val_loss": 0.0038853282233685606,
  "val_rmse": {
    "vel_body_x_mps": 0.0010070652869734974,
    "vel_body_y_mps": 0.0009612400293497762,
    "roll_rad": 1.9129172265785115e-05,
    "pitch_rad": 1.0667242117378263e-05,
    "roll_rate_radps": 0.001575263264428801,
    "ang_vel_body_y_radps": 0.0009319640113227657,
    "yaw_rate_radps": 0.0013970392362730127,
    "tire_fl_force_wheel_fz_n": 43.709733199123704,
    "tire_fr_force_wheel_fz_n": 44.38320530993402,
    "tire_rl_force_wheel_fz_n": 24.607043644220436,
    "tire_rr_force_wheel_fz_n": 23.75269800200593,
    "tire_fl_spindle_omega_radps": 0.06608334143273153,
    "tire_fr_spindle_omega_radps": 0.07410954927646284,
    "tire_rl_spindle_omega_radps": 0.0749912866830406,
    "tire_rr_spindle_omega_radps": 0.05613687584396425
  },
  "val_flat_loss": 0.0038853282233685606,
  "val_flat_rmse": {
    "vel_body_x_mps": 0.0010070652869734974,
    "vel_body_y_mps": 0.0009612400293497762,
    "roll_rad": 1.9129172265785115e-05,
    "pitch_rad": 1.0667242117378263e-05,
    "roll_rate_radps": 0.001575263264428801,
    "ang_vel_body_y_radps": 0.0009319640113227657,
    "yaw_rate_radps": 0.0013970392362730127,
    "tire_fl_force_wheel_fz_n": 43.709733199123704,
    "tire_fr_force_wheel_fz_n": 44.38320530993402,
    "tire_rl_force_wheel_fz_n": 24.607043644220436,
    "tire_rr_force_wheel_fz_n": 23.75269800200593,
    "tire_fl_spindle_omega_radps": 0.06608334143273153,
    "tire_fr_spindle_omega_radps": 0.07410954927646284,
    "tire_rl_spindle_omega_radps": 0.0749912866830406,
    "tire_rr_spindle_omega_radps": 0.05613687584396425
  },
  "val_crm_loss": 0.09471996086533181,
  "val_crm_rmse": {
    "vel_body_x_mps": 0.0030707789724457313,
    "vel_body_y_mps": 0.002620641440512674,
    "roll_rad": 5.296366927378177e-05,
    "pitch_rad": 3.8079557660506686e-05,
    "roll_rate_radps": 0.004111332376365068,
    "ang_vel_body_y_radps": 0.0026479861369090958,
    "yaw_rate_radps": 0.0024268016516096566,
    "tire_fl_force_wheel_fz_n": 684.6402239997,
    "tire_fr_force_wheel_fz_n": 686.0678228668374,
    "tire_rl_force_wheel_fz_n": 929.6024060873124,
    "tire_rr_force_wheel_fz_n": 970.4759934128141,
    "tire_fl_spindle_omega_radps": 0.1407923691076268,
    "tire_fr_spindle_omega_radps": 0.14097075047028096,
    "tire_rl_spindle_omega_radps": 0.1579928199810595,
    "tire_rr_spindle_omega_radps": 0.15982114159796768
  },
  "val_mixed_loss": 0.04930264454435019,
  "rollout_flat_5.0s": {
    "xy_rmse_m": 1.3332640180849262,
    "yaw_rmse_rad": 0.10031378354531871,
    "errdist": 0.1756103786996192,
    "mean_dist_m": 7.592170963684718,
    "episodes": 12
  },
  "rollout_flat_10.0s": {
    "xy_rmse_m": 4.985255576481691,
    "yaw_rmse_rad": 0.1915696117139966,
    "errdist": 0.14155777118722387,
    "mean_dist_m": 35.2171098391215,
    "episodes": 12
  },
  "rollout_crm_5.0s": {
    "xy_rmse_m": 0.9454237697889846,
    "yaw_rmse_rad": 0.10552454624001648,
    "errdist": 0.1321069676597476,
    "mean_dist_m": 7.1565019357949495,
    "episodes": 12
  },
  "rollout_crm_10.0s": {
    "xy_rmse_m": 3.807062860059275,
    "yaw_rmse_rad": 0.3083961559208841,
    "errdist": 0.1520586694816127,
    "mean_dist_m": 25.036802393694717,
    "episodes": 12
  },
  "rollout_sel": 0.1468082203344183
}
{
  "epoch": 43,
  "timestamp_utc": "2026-07-09T19:06:39.679211+00:00",
  "train_loss": 0.029501366833690555,
  "val_loss": 0.003996625832733116,
  "val_rmse": {
    "vel_body_x_mps": 0.0009883363135717092,
    "vel_body_y_mps": 0.0008725579184391003,
    "roll_rad": 2.7828629031512918e-05,
    "pitch_rad": 1.5163789696610067e-05,
    "roll_rate_radps": 0.0016658975217039194,
    "ang_vel_body_y_radps": 0.0009452337364298079,
    "yaw_rate_radps": 0.0014398146286559103,
    "tire_fl_force_wheel_fz_n": 41.917414016330575,
    "tire_fr_force_wheel_fz_n": 45.04631782316828,
    "tire_rl_force_wheel_fz_n": 24.043323132875813,
    "tire_rr_force_wheel_fz_n": 23.432044314568195,
    "tire_fl_spindle_omega_radps": 0.06571120438639477,
    "tire_fr_spindle_omega_radps": 0.07451576859795596,
    "tire_rl_spindle_omega_radps": 0.07521582957729137,
    "tire_rr_spindle_omega_radps": 0.056551453281413984
  },
  "val_flat_loss": 0.003996625832733116,
  "val_flat_rmse": {
    "vel_body_x_mps": 0.0009883363135717092,
    "vel_body_y_mps": 0.0008725579184391003,
    "roll_rad": 2.7828629031512918e-05,
    "pitch_rad": 1.5163789696610067e-05,
    "roll_rate_radps": 0.0016658975217039194,
    "ang_vel_body_y_radps": 0.0009452337364298079,
    "yaw_rate_radps": 0.0014398146286559103,
    "tire_fl_force_wheel_fz_n": 41.917414016330575,
    "tire_fr_force_wheel_fz_n": 45.04631782316828,
    "tire_rl_force_wheel_fz_n": 24.043323132875813,
    "tire_rr_force_wheel_fz_n": 23.432044314568195,
    "tire_fl_spindle_omega_radps": 0.06571120438639477,
    "tire_fr_spindle_omega_radps": 0.07451576859795596,
    "tire_rl_spindle_omega_radps": 0.07521582957729137,
    "tire_rr_spindle_omega_radps": 0.056551453281413984
  },
  "val_crm_loss": 0.0948361445358023,
  "val_crm_rmse": {
    "vel_body_x_mps": 0.0030684942637002025,
    "vel_body_y_mps": 0.0025917184974993436,
    "roll_rad": 5.7145027718583785e-05,
    "pitch_rad": 3.687883489023288e-05,
    "roll_rate_radps": 0.003991587651003284,
    "ang_vel_body_y_radps": 0.0027465401957402417,
    "yaw_rate_radps": 0.0024046692796892183,
    "tire_fl_force_wheel_fz_n": 670.7078238951591,
    "tire_fr_force_wheel_fz_n": 691.3696240828723,
    "tire_rl_force_wheel_fz_n": 921.5466097585729,
    "tire_rr_force_wheel_fz_n": 983.2598089869199,
    "tire_fl_spindle_omega_radps": 0.1420747897116749,
    "tire_fr_spindle_omega_radps": 0.14048177353577376,
    "tire_rl_spindle_omega_radps": 0.15824453789035794,
    "tire_rr_spindle_omega_radps": 0.1597131604710297
  },
  "val_mixed_loss": 0.04941638518426771,
  "rollout_flat_5.0s": {
    "xy_rmse_m": 1.1355165024474658,
    "yaw_rmse_rad": 0.06757304999418372,
    "errdist": 0.14956413756736112,
    "mean_dist_m": 7.592170963684718,
    "episodes": 12
  },
  "rollout_flat_10.0s": {
    "xy_rmse_m": 5.2463346165560685,
    "yaw_rmse_rad": 0.19359667966302352,
    "errdist": 0.1489711858957856,
    "mean_dist_m": 35.2171098391215,
    "episodes": 12
  },
  "rollout_crm_5.0s": {
    "xy_rmse_m": 1.3278154686553225,
    "yaw_rmse_rad": 0.08035681174505069,
    "errdist": 0.1855397344356098,
    "mean_dist_m": 7.1565019357949495,
    "episodes": 12
  },
  "rollout_crm_10.0s": {
    "xy_rmse_m": 2.8781553155142587,
    "yaw_rmse_rad": 0.1534478779822668,
    "errdist": 0.11495698493187353,
    "mean_dist_m": 25.036802393694717,
    "episodes": 12
  },
  "rollout_sel": 0.13196408541382956
}
{
  "epoch": 44,
  "timestamp_utc": "2026-07-09T19:07:06.960034+00:00",
  "train_loss": 0.029340818602591752,
  "val_loss": 0.004139369556141901,
  "val_rmse": {
    "vel_body_x_mps": 0.0010298346437903878,
    "vel_body_y_mps": 0.0007607687457743819,
    "roll_rad": 1.6978746225308287e-05,
    "pitch_rad": 1.1382053265054162e-05,
    "roll_rate_radps": 0.0015819618645492512,
    "ang_vel_body_y_radps": 0.0009268580404326173,
    "yaw_rate_radps": 0.0014321039753909229,
    "tire_fl_force_wheel_fz_n": 41.84796313771962,
    "tire_fr_force_wheel_fz_n": 43.16346241474306,
    "tire_rl_force_wheel_fz_n": 23.68146482195538,
    "tire_rr_force_wheel_fz_n": 23.432650105304813,
    "tire_fl_spindle_omega_radps": 0.06942671340708213,
    "tire_fr_spindle_omega_radps": 0.07677510859969067,
    "tire_rl_spindle_omega_radps": 0.07622613866507906,
    "tire_rr_spindle_omega_radps": 0.05796850518489417
  },
  "val_flat_loss": 0.004139369556141901,
  "val_flat_rmse": {
    "vel_body_x_mps": 0.0010298346437903878,
    "vel_body_y_mps": 0.0007607687457743819,
    "roll_rad": 1.6978746225308287e-05,
    "pitch_rad": 1.1382053265054162e-05,
    "roll_rate_radps": 0.0015819618645492512,
    "ang_vel_body_y_radps": 0.0009268580404326173,
    "yaw_rate_radps": 0.0014321039753909229,
    "tire_fl_force_wheel_fz_n": 41.84796313771962,
    "tire_fr_force_wheel_fz_n": 43.16346241474306,
    "tire_rl_force_wheel_fz_n": 23.68146482195538,
    "tire_rr_force_wheel_fz_n": 23.432650105304813,
    "tire_fl_spindle_omega_radps": 0.06942671340708213,
    "tire_fr_spindle_omega_radps": 0.07677510859969067,
    "tire_rl_spindle_omega_radps": 0.07622613866507906,
    "tire_rr_spindle_omega_radps": 0.05796850518489417
  },
  "val_crm_loss": 0.09423970787669532,
  "val_crm_rmse": {
    "vel_body_x_mps": 0.0030458979532507974,
    "vel_body_y_mps": 0.0026153846974333373,
    "roll_rad": 5.3652313246050423e-05,
    "pitch_rad": 3.551133620654512e-05,
    "roll_rate_radps": 0.004113292184637954,
    "ang_vel_body_y_radps": 0.0026681897485030357,
    "yaw_rate_radps": 0.0023947594098295026,
    "tire_fl_force_wheel_fz_n": 672.3651457985221,
    "tire_fr_force_wheel_fz_n": 687.1413293806222,
    "tire_rl_force_wheel_fz_n": 922.5698313949188,
    "tire_rr_force_wheel_fz_n": 965.3732114062003,
    "tire_fl_spindle_omega_radps": 0.1422962446456468,
    "tire_fr_spindle_omega_radps": 0.14074555654385815,
    "tire_rl_spindle_omega_radps": 0.1581659630082394,
    "tire_rr_spindle_omega_radps": 0.15916716736052092
  },
  "val_mixed_loss": 0.04918953871641861,
  "rollout_flat_5.0s": {
    "xy_rmse_m": 2.91706062540901,
    "yaw_rmse_rad": 0.15216894696299513,
    "errdist": 0.38421956504431365,
    "mean_dist_m": 7.592170963684718,
    "episodes": 12
  },
  "rollout_flat_10.0s": {
    "xy_rmse_m": 8.265279898868556,
    "yaw_rmse_rad": 0.30957934364599216,
    "errdist": 0.23469500866555879,
    "mean_dist_m": 35.2171098391215,
    "episodes": 12
  },
  "rollout_crm_5.0s": {
    "xy_rmse_m": 0.9482904540381224,
    "yaw_rmse_rad": 0.03560445083677425,
    "errdist": 0.13250753825622846,
    "mean_dist_m": 7.1565019357949495,
    "episodes": 12
  },
  "rollout_crm_10.0s": {
    "xy_rmse_m": 3.0113715402865844,
    "yaw_rmse_rad": 0.1336053389640536,
    "errdist": 0.12027780117180499,
    "mean_dist_m": 25.036802393694717,
    "episodes": 12
  },
  "rollout_sel": 0.1774864049186819
}
{
  "epoch": 45,
  "timestamp_utc": "2026-07-09T19:07:33.452144+00:00",
  "train_loss": 0.029121779065579174,
  "val_loss": 0.0036652402708568844,
  "val_rmse": {
    "vel_body_x_mps": 0.0009767645712537903,
    "vel_body_y_mps": 0.0007701195737390936,
    "roll_rad": 1.9443741739921535e-05,
    "pitch_rad": 1.32883930918014e-05,
    "roll_rate_radps": 0.00157710288758105,
    "ang_vel_body_y_radps": 0.0009358460455125427,
    "yaw_rate_radps": 0.0013761221887165613,
    "tire_fl_force_wheel_fz_n": 41.59784237522938,
    "tire_fr_force_wheel_fz_n": 44.88928659750889,
    "tire_rl_force_wheel_fz_n": 23.399286645221014,
    "tire_rr_force_wheel_fz_n": 23.2273931056712,
    "tire_fl_spindle_omega_radps": 0.06515676430778691,
    "tire_fr_spindle_omega_radps": 0.07407344150281263,
    "tire_rl_spindle_omega_radps": 0.07451184433787367,
    "tire_rr_spindle_omega_radps": 0.05560699990221304
  },
  "val_flat_loss": 0.0036652402708568844,
  "val_flat_rmse": {
    "vel_body_x_mps": 0.0009767645712537903,
    "vel_body_y_mps": 0.0007701195737390936,
    "roll_rad": 1.9443741739921535e-05,
    "pitch_rad": 1.32883930918014e-05,
    "roll_rate_radps": 0.00157710288758105,
    "ang_vel_body_y_radps": 0.0009358460455125427,
    "yaw_rate_radps": 0.0013761221887165613,
    "tire_fl_force_wheel_fz_n": 41.59784237522938,
    "tire_fr_force_wheel_fz_n": 44.88928659750889,
    "tire_rl_force_wheel_fz_n": 23.399286645221014,
    "tire_rr_force_wheel_fz_n": 23.2273931056712,
    "tire_fl_spindle_omega_radps": 0.06515676430778691,
    "tire_fr_spindle_omega_radps": 0.07407344150281263,
    "tire_rl_spindle_omega_radps": 0.07451184433787367,
    "tire_rr_spindle_omega_radps": 0.05560699990221304
  },
  "val_crm_loss": 0.09452008720720187,
  "val_crm_rmse": {
    "vel_body_x_mps": 0.0030868843760870957,
    "vel_body_y_mps": 0.0025692633224165917,
    "roll_rad": 5.936598516991487e-05,
    "pitch_rad": 3.724774051100638e-05,
    "roll_rate_radps": 0.0039454645238246955,
    "ang_vel_body_y_radps": 0.002677595980643282,
    "yaw_rate_radps": 0.0023935633968070105,
    "tire_fl_force_wheel_fz_n": 698.9393776312189,
    "tire_fr_force_wheel_fz_n": 686.9094466062569,
    "tire_rl_force_wheel_fz_n": 931.269305103486,
    "tire_rr_force_wheel_fz_n": 971.1486026273269,
    "tire_fl_spindle_omega_radps": 0.14003878977315407,
    "tire_fr_spindle_omega_radps": 0.14037845072234797,
    "tire_rl_spindle_omega_radps": 0.15818245971371034,
    "tire_rr_spindle_omega_radps": 0.1589070131653962
  },
  "val_mixed_loss": 0.049092663739029374,
  "rollout_flat_5.0s": {
    "xy_rmse_m": 1.4009673548091426,
    "yaw_rmse_rad": 0.06180339641176471,
    "errdist": 0.18452789874073242,
    "mean_dist_m": 7.592170963684718,
    "episodes": 12
  },
  "rollout_flat_10.0s": {
    "xy_rmse_m": 5.203078619428543,
    "yaw_rmse_rad": 0.10046632040496396,
    "errdist": 0.1477429193706469,
    "mean_dist_m": 35.2171098391215,
    "episodes": 12
  },
  "rollout_crm_5.0s": {
    "xy_rmse_m": 0.6969792779885243,
    "yaw_rmse_rad": 0.030172068942107822,
    "errdist": 0.09739105560810603,
    "mean_dist_m": 7.1565019357949495,
    "episodes": 12
  },
  "rollout_crm_10.0s": {
    "xy_rmse_m": 2.1307851005031373,
    "yaw_rmse_rad": 0.10162963556837172,
    "errdist": 0.08510611966325841,
    "mean_dist_m": 25.036802393694717,
    "episodes": 12
  },
  "rollout_sel": 0.11642451951695265
}
{
  "epoch": 46,
  "timestamp_utc": "2026-07-09T19:07:58.987729+00:00",
  "train_loss": 0.028698314527515322,
  "val_loss": 0.0035962470238882814,
  "val_rmse": {
    "vel_body_x_mps": 0.0009553540360092943,
    "vel_body_y_mps": 0.00079647081004459,
    "roll_rad": 2.4574915278762597e-05,
    "pitch_rad": 9.459285324331778e-06,
    "roll_rate_radps": 0.0015600494201984726,
    "ang_vel_body_y_radps": 0.0009291137355808093,
    "yaw_rate_radps": 0.0013657210160114778,
    "tire_fl_force_wheel_fz_n": 44.730994766123324,
    "tire_fr_force_wheel_fz_n": 45.46800624708417,
    "tire_rl_force_wheel_fz_n": 24.031701745895415,
    "tire_rr_force_wheel_fz_n": 23.362001100237237,
    "tire_fl_spindle_omega_radps": 0.06476934878652656,
    "tire_fr_spindle_omega_radps": 0.0737791982650083,
    "tire_rl_spindle_omega_radps": 0.07470837731528573,
    "tire_rr_spindle_omega_radps": 0.05547111613094737
  },
  "val_flat_loss": 0.0035962470238882814,
  "val_flat_rmse": {
    "vel_body_x_mps": 0.0009553540360092943,
    "vel_body_y_mps": 0.00079647081004459,
    "roll_rad": 2.4574915278762597e-05,
    "pitch_rad": 9.459285324331778e-06,
    "roll_rate_radps": 0.0015600494201984726,
    "ang_vel_body_y_radps": 0.0009291137355808093,
    "yaw_rate_radps": 0.0013657210160114778,
    "tire_fl_force_wheel_fz_n": 44.730994766123324,
    "tire_fr_force_wheel_fz_n": 45.46800624708417,
    "tire_rl_force_wheel_fz_n": 24.031701745895415,
    "tire_rr_force_wheel_fz_n": 23.362001100237237,
    "tire_fl_spindle_omega_radps": 0.06476934878652656,
    "tire_fr_spindle_omega_radps": 0.0737791982650083,
    "tire_rl_spindle_omega_radps": 0.07470837731528573,
    "tire_rr_spindle_omega_radps": 0.05547111613094737
  },
  "val_crm_loss": 0.09383847980643623,
  "val_crm_rmse": {
    "vel_body_x_mps": 0.0030570778899771285,
    "vel_body_y_mps": 0.0025554648807107234,
    "roll_rad": 5.4721075005220385e-05,
    "pitch_rad": 3.586129735539993e-05,
    "roll_rate_radps": 0.003906268698093114,
    "ang_vel_body_y_radps": 0.002635653952290586,
    "yaw_rate_radps": 0.0023765970081250595,
    "tire_fl_force_wheel_fz_n": 667.8449023802262,
    "tire_fr_force_wheel_fz_n": 677.852738298914,
    "tire_rl_force_wheel_fz_n": 925.8212326360876,
    "tire_rr_force_wheel_fz_n": 968.9985127799606,
    "tire_fl_spindle_omega_radps": 0.13900081615479,
    "tire_fr_spindle_omega_radps": 0.1393996844401827,
    "tire_rl_spindle_omega_radps": 0.15940219868725466,
    "tire_rr_spindle_omega_radps": 0.15975350410904104
  },
  "val_mixed_loss": 0.04871736341516225,
  "rollout_flat_5.0s": {
    "xy_rmse_m": 1.6393084429484992,
    "yaw_rmse_rad": 0.12878841676054562,
    "errdist": 0.21592090731224675,
    "mean_dist_m": 7.592170963684718,
    "episodes": 12
  },
  "rollout_flat_10.0s": {
    "xy_rmse_m": 5.915827063649275,
    "yaw_rmse_rad": 0.2771740564571963,
    "errdist": 0.16798161719328775,
    "mean_dist_m": 35.2171098391215,
    "episodes": 12
  },
  "rollout_crm_5.0s": {
    "xy_rmse_m": 0.8949859361102989,
    "yaw_rmse_rad": 0.05988651966247832,
    "errdist": 0.12505913421665038,
    "mean_dist_m": 7.1565019357949495,
    "episodes": 12
  },
  "rollout_crm_10.0s": {
    "xy_rmse_m": 3.7385455236081118,
    "yaw_rmse_rad": 0.1327798024113082,
    "errdist": 0.14932200465621875,
    "mean_dist_m": 25.036802393694717,
    "episodes": 12
  },
  "rollout_sel": 0.15865181092475325
}
{
  "epoch": 47,
  "timestamp_utc": "2026-07-09T19:08:24.731461+00:00",
  "train_loss": 0.028632574218325317,
  "val_loss": 0.0035905177857057423,
  "val_rmse": {
    "vel_body_x_mps": 0.0009762957916750519,
    "vel_body_y_mps": 0.0007093694081448601,
    "roll_rad": 1.706310693074011e-05,
    "pitch_rad": 9.572573122708782e-06,
    "roll_rate_radps": 0.0015475975842928584,
    "ang_vel_body_y_radps": 0.0009295919188112854,
    "yaw_rate_radps": 0.0013762658605897603,
    "tire_fl_force_wheel_fz_n": 43.15321847619747,
    "tire_fr_force_wheel_fz_n": 43.33866532978535,
    "tire_rl_force_wheel_fz_n": 23.537967930162306,
    "tire_rr_force_wheel_fz_n": 22.918198278073252,
    "tire_fl_spindle_omega_radps": 0.06422719687380922,
    "tire_fr_spindle_omega_radps": 0.07447899390539942,
    "tire_rl_spindle_omega_radps": 0.07428323824411441,
    "tire_rr_spindle_omega_radps": 0.055146321432470606
  },
  "val_flat_loss": 0.0035905177857057423,
  "val_flat_rmse": {
    "vel_body_x_mps": 0.0009762957916750519,
    "vel_body_y_mps": 0.0007093694081448601,
    "roll_rad": 1.706310693074011e-05,
    "pitch_rad": 9.572573122708782e-06,
    "roll_rate_radps": 0.0015475975842928584,
    "ang_vel_body_y_radps": 0.0009295919188112854,
    "yaw_rate_radps": 0.0013762658605897603,
    "tire_fl_force_wheel_fz_n": 43.15321847619747,
    "tire_fr_force_wheel_fz_n": 43.33866532978535,
    "tire_rl_force_wheel_fz_n": 23.537967930162306,
    "tire_rr_force_wheel_fz_n": 22.918198278073252,
    "tire_fl_spindle_omega_radps": 0.06422719687380922,
    "tire_fr_spindle_omega_radps": 0.07447899390539942,
    "tire_rl_spindle_omega_radps": 0.07428323824411441,
    "tire_rr_spindle_omega_radps": 0.055146321432470606
  },
  "val_crm_loss": 0.09289678552479018,
  "val_crm_rmse": {
    "vel_body_x_mps": 0.003048926402586686,
    "vel_body_y_mps": 0.002549062832977702,
    "roll_rad": 5.0051392528044816e-05,
    "pitch_rad": 3.413185079557556e-05,
    "roll_rate_radps": 0.003884862182513737,
    "ang_vel_body_y_radps": 0.002621195745116259,
    "yaw_rate_radps": 0.002378452137881931,
    "tire_fl_force_wheel_fz_n": 670.8475895942054,
    "tire_fr_force_wheel_fz_n": 673.4302165988827,
    "tire_rl_force_wheel_fz_n": 927.2183010885491,
    "tire_rr_force_wheel_fz_n": 963.9923934945083,
    "tire_fl_spindle_omega_radps": 0.13961637097526122,
    "tire_fr_spindle_omega_radps": 0.14027968725180015,
    "tire_rl_spindle_omega_radps": 0.1582837233385161,
    "tire_rr_spindle_omega_radps": 0.15667222551332596
  },
  "val_mixed_loss": 0.04824365165524796,
  "rollout_flat_5.0s": {
    "xy_rmse_m": 1.8728392903345599,
    "yaw_rmse_rad": 0.077918414796039,
    "errdist": 0.24668033679600024,
    "mean_dist_m": 7.592170963684718,
    "episodes": 12
  },
  "rollout_flat_10.0s": {
    "xy_rmse_m": 6.160898980602279,
    "yaw_rmse_rad": 0.13661784404737146,
    "errdist": 0.1749405050200441,
    "mean_dist_m": 35.2171098391215,
    "episodes": 12
  },
  "rollout_crm_5.0s": {
    "xy_rmse_m": 0.6916288011787607,
    "yaw_rmse_rad": 0.03811611670371119,
    "errdist": 0.0966434170470093,
    "mean_dist_m": 7.1565019357949495,
    "episodes": 12
  },
  "rollout_crm_10.0s": {
    "xy_rmse_m": 2.8335969544981476,
    "yaw_rmse_rad": 0.11806125386146567,
    "errdist": 0.11317727040142164,
    "mean_dist_m": 25.036802393694717,
    "episodes": 12
  },
  "rollout_sel": 0.14405888771073289
}
{
  "epoch": 48,
  "timestamp_utc": "2026-07-09T19:08:51.003084+00:00",
  "train_loss": 0.028708493346348406,
  "val_loss": 0.0035683304308986408,
  "val_rmse": {
    "vel_body_x_mps": 0.0009347222485890647,
    "vel_body_y_mps": 0.0008327088464510334,
    "roll_rad": 1.84652627382288e-05,
    "pitch_rad": 1.0455952220599189e-05,
    "roll_rate_radps": 0.0015768802075668187,
    "ang_vel_body_y_radps": 0.0009203734637036137,
    "yaw_rate_radps": 0.0013600574687619126,
    "tire_fl_force_wheel_fz_n": 41.726193741235114,
    "tire_fr_force_wheel_fz_n": 42.907064532656385,
    "tire_rl_force_wheel_fz_n": 23.493375059455914,
    "tire_rr_force_wheel_fz_n": 22.722828471944496,
    "tire_fl_spindle_omega_radps": 0.06484529034737568,
    "tire_fr_spindle_omega_radps": 0.07452465225663854,
    "tire_rl_spindle_omega_radps": 0.07419789942960336,
    "tire_rr_spindle_omega_radps": 0.05557172893845414
  },
  "val_flat_loss": 0.0035683304308986408,
  "val_flat_rmse": {
    "vel_body_x_mps": 0.0009347222485890647,
    "vel_body_y_mps": 0.0008327088464510334,
    "roll_rad": 1.84652627382288e-05,
    "pitch_rad": 1.0455952220599189e-05,
    "roll_rate_radps": 0.0015768802075668187,
    "ang_vel_body_y_radps": 0.0009203734637036137,
    "yaw_rate_radps": 0.0013600574687619126,
    "tire_fl_force_wheel_fz_n": 41.726193741235114,
    "tire_fr_force_wheel_fz_n": 42.907064532656385,
    "tire_rl_force_wheel_fz_n": 23.493375059455914,
    "tire_rr_force_wheel_fz_n": 22.722828471944496,
    "tire_fl_spindle_omega_radps": 0.06484529034737568,
    "tire_fr_spindle_omega_radps": 0.07452465225663854,
    "tire_rl_spindle_omega_radps": 0.07419789942960336,
    "tire_rr_spindle_omega_radps": 0.05557172893845414
  },
  "val_crm_loss": 0.09372994741774164,
  "val_crm_rmse": {
    "vel_body_x_mps": 0.003056425067267503,
    "vel_body_y_mps": 0.002592194461418555,
    "roll_rad": 5.4187000713802676e-05,
    "pitch_rad": 3.897079130391224e-05,
    "roll_rate_radps": 0.003943583790633698,
    "ang_vel_body_y_radps": 0.002625537326022586,
    "yaw_rate_radps": 0.002383172644462827,
    "tire_fl_force_wheel_fz_n": 663.5755711120325,
    "tire_fr_force_wheel_fz_n": 673.5640621629113,
    "tire_rl_force_wheel_fz_n": 929.7155913429293,
    "tire_rr_force_wheel_fz_n": 966.7347857488462,
    "tire_fl_spindle_omega_radps": 0.13917404125298036,
    "tire_fr_spindle_omega_radps": 0.13929951667584256,
    "tire_rl_spindle_omega_radps": 0.15932353914937983,
    "tire_rr_spindle_omega_radps": 0.15837651146004048
  },
  "val_mixed_loss": 0.04864913892432014,
  "rollout_flat_5.0s": {
    "xy_rmse_m": 1.392095169733341,
    "yaw_rmse_rad": 0.10103266134720724,
    "errdist": 0.18335930215376942,
    "mean_dist_m": 7.592170963684718,
    "episodes": 12
  },
  "rollout_flat_10.0s": {
    "xy_rmse_m": 5.274634849601521,
    "yaw_rmse_rad": 0.33427069860315783,
    "errdist": 0.1497747791825355,
    "mean_dist_m": 35.2171098391215,
    "episodes": 12
  },
  "rollout_crm_5.0s": {
    "xy_rmse_m": 0.823847091960511,
    "yaw_rmse_rad": 0.0350632234180065,
    "errdist": 0.11511868498768141,
    "mean_dist_m": 7.1565019357949495,
    "episodes": 12
  },
  "rollout_crm_10.0s": {
    "xy_rmse_m": 3.538765056335083,
    "yaw_rmse_rad": 0.19961162340984387,
    "errdist": 0.14134253251231027,
    "mean_dist_m": 25.036802393694717,
    "episodes": 12
  },
  "rollout_sel": 0.1455586558474229
}
{
  "epoch": 49,
  "timestamp_utc": "2026-07-09T19:09:17.942166+00:00",
  "train_loss": 0.028679866406135263,
  "val_loss": 0.0036824343969419715,
  "val_rmse": {
    "vel_body_x_mps": 0.0009641348726432282,
    "vel_body_y_mps": 0.0008671779443718637,
    "roll_rad": 2.7764263134659306e-05,
    "pitch_rad": 9.553200612411745e-06,
    "roll_rate_radps": 0.0015701572567541054,
    "ang_vel_body_y_radps": 0.0009459874584517129,
    "yaw_rate_radps": 0.0013589490440610566,
    "tire_fl_force_wheel_fz_n": 42.037046669617844,
    "tire_fr_force_wheel_fz_n": 42.93155718515933,
    "tire_rl_force_wheel_fz_n": 24.091714536231596,
    "tire_rr_force_wheel_fz_n": 23.028667494189115,
    "tire_fl_spindle_omega_radps": 0.06437140248956501,
    "tire_fr_spindle_omega_radps": 0.07504865803441757,
    "tire_rl_spindle_omega_radps": 0.07453796888290028,
    "tire_rr_spindle_omega_radps": 0.05664649625704632
  },
  "val_flat_loss": 0.0036824343969419715,
  "val_flat_rmse": {
    "vel_body_x_mps": 0.0009641348726432282,
    "vel_body_y_mps": 0.0008671779443718637,
    "roll_rad": 2.7764263134659306e-05,
    "pitch_rad": 9.553200612411745e-06,
    "roll_rate_radps": 0.0015701572567541054,
    "ang_vel_body_y_radps": 0.0009459874584517129,
    "yaw_rate_radps": 0.0013589490440610566,
    "tire_fl_force_wheel_fz_n": 42.037046669617844,
    "tire_fr_force_wheel_fz_n": 42.93155718515933,
    "tire_rl_force_wheel_fz_n": 24.091714536231596,
    "tire_rr_force_wheel_fz_n": 23.028667494189115,
    "tire_fl_spindle_omega_radps": 0.06437140248956501,
    "tire_fr_spindle_omega_radps": 0.07504865803441757,
    "tire_rl_spindle_omega_radps": 0.07453796888290028,
    "tire_rr_spindle_omega_radps": 0.05664649625704632
  },
  "val_crm_loss": 0.0930198483215645,
  "val_crm_rmse": {
    "vel_body_x_mps": 0.003011422835925637,
    "vel_body_y_mps": 0.0025419889475356,
    "roll_rad": 5.6524238554016354e-05,
    "pitch_rad": 3.619698198598119e-05,
    "roll_rate_radps": 0.003840962252328445,
    "ang_vel_body_y_radps": 0.0026384782736857547,
    "yaw_rate_radps": 0.0023723606042525282,
    "tire_fl_force_wheel_fz_n": 666.6380258486041,
    "tire_fr_force_wheel_fz_n": 680.3060082103707,
    "tire_rl_force_wheel_fz_n": 930.422173746373,
    "tire_rr_force_wheel_fz_n": 964.720370793925,
    "tire_fl_spindle_omega_radps": 0.13753114685947446,
    "tire_fr_spindle_omega_radps": 0.13908207723672106,
    "tire_rl_spindle_omega_radps": 0.1579952894858743,
    "tire_rr_spindle_omega_radps": 0.15828374087765154
  },
  "val_mixed_loss": 0.04835114135925324,
  "rollout_flat_5.0s": {
    "xy_rmse_m": 0.8405440757400642,
    "yaw_rmse_rad": 0.07646219532335662,
    "errdist": 0.11071195311072418,
    "mean_dist_m": 7.592170963684718,
    "episodes": 12
  },
  "rollout_flat_10.0s": {
    "xy_rmse_m": 4.947666793306835,
    "yaw_rmse_rad": 0.21749518026249628,
    "errdist": 0.14049042683822507,
    "mean_dist_m": 35.2171098391215,
    "episodes": 12
  },
  "rollout_crm_5.0s": {
    "xy_rmse_m": 0.5029009574906054,
    "yaw_rmse_rad": 0.029501062277878423,
    "errdist": 0.07027189568345205,
    "mean_dist_m": 7.1565019357949495,
    "episodes": 12
  },
  "rollout_crm_10.0s": {
    "xy_rmse_m": 1.845672301881076,
    "yaw_rmse_rad": 0.11800761657306291,
    "errdist": 0.07371837157391517,
    "mean_dist_m": 25.036802393694717,
    "episodes": 12
  },
  "rollout_sel": 0.10710439920607012
}
{
  "epoch": 50,
  "timestamp_utc": "2026-07-09T19:09:44.933182+00:00",
  "train_loss": 0.02840902467770502,
  "val_loss": 0.003503642624600616,
  "val_rmse": {
    "vel_body_x_mps": 0.0009306972129660727,
    "vel_body_y_mps": 0.0007481098284867603,
    "roll_rad": 1.9574109376668105e-05,
    "pitch_rad": 9.448451729060701e-06,
    "roll_rate_radps": 0.0015609776396746078,
    "ang_vel_body_y_radps": 0.0009219552921405821,
    "yaw_rate_radps": 0.0013750033134637023,
    "tire_fl_force_wheel_fz_n": 40.96523460163167,
    "tire_fr_force_wheel_fz_n": 42.747421185417295,
    "tire_rl_force_wheel_fz_n": 23.982527176145602,
    "tire_rr_force_wheel_fz_n": 22.51076305091715,
    "tire_fl_spindle_omega_radps": 0.06513379816632879,
    "tire_fr_spindle_omega_radps": 0.07331171691527845,
    "tire_rl_spindle_omega_radps": 0.07393164584315516,
    "tire_rr_spindle_omega_radps": 0.055319462263806
  },
  "val_flat_loss": 0.003503642624600616,
  "val_flat_rmse": {
    "vel_body_x_mps": 0.0009306972129660727,
    "vel_body_y_mps": 0.0007481098284867603,
    "roll_rad": 1.9574109376668105e-05,
    "pitch_rad": 9.448451729060701e-06,
    "roll_rate_radps": 0.0015609776396746078,
    "ang_vel_body_y_radps": 0.0009219552921405821,
    "yaw_rate_radps": 0.0013750033134637023,
    "tire_fl_force_wheel_fz_n": 40.96523460163167,
    "tire_fr_force_wheel_fz_n": 42.747421185417295,
    "tire_rl_force_wheel_fz_n": 23.982527176145602,
    "tire_rr_force_wheel_fz_n": 22.51076305091715,
    "tire_fl_spindle_omega_radps": 0.06513379816632879,
    "tire_fr_spindle_omega_radps": 0.07331171691527845,
    "tire_rl_spindle_omega_radps": 0.07393164584315516,
    "tire_rr_spindle_omega_radps": 0.055319462263806
  },
  "val_crm_loss": 0.09261468977143522,
  "val_crm_rmse": {
    "vel_body_x_mps": 0.0030480709187094687,
    "vel_body_y_mps": 0.0024984986801882274,
    "roll_rad": 5.910280962031755e-05,
    "pitch_rad": 3.461469911870763e-05,
    "roll_rate_radps": 0.003810481003456221,
    "ang_vel_body_y_radps": 0.002573507242206859,
    "yaw_rate_radps": 0.002356801197606096,
    "tire_fl_force_wheel_fz_n": 665.5160055715227,
    "tire_fr_force_wheel_fz_n": 668.1622486391998,
    "tire_rl_force_wheel_fz_n": 922.7076601052175,
    "tire_rr_force_wheel_fz_n": 969.371452445902,
    "tire_fl_spindle_omega_radps": 0.13852686376371587,
    "tire_fr_spindle_omega_radps": 0.1394134427558422,
    "tire_rl_spindle_omega_radps": 0.1571570235151941,
    "tire_rr_spindle_omega_radps": 0.15705059108500816
  },
  "val_mixed_loss": 0.04805916619801792,
  "rollout_flat_5.0s": {
    "xy_rmse_m": 1.6110694826747796,
    "yaw_rmse_rad": 0.10352687068949107,
    "errdist": 0.2122014230687025,
    "mean_dist_m": 7.592170963684718,
    "episodes": 12
  },
  "rollout_flat_10.0s": {
    "xy_rmse_m": 5.993307392854885,
    "yaw_rmse_rad": 0.21855197211355112,
    "errdist": 0.1701816935073168,
    "mean_dist_m": 35.2171098391215,
    "episodes": 12
  },
  "rollout_crm_5.0s": {
    "xy_rmse_m": 0.8777548904862172,
    "yaw_rmse_rad": 0.02561060786232646,
    "errdist": 0.12265138727845751,
    "mean_dist_m": 7.1565019357949495,
    "episodes": 12
  },
  "rollout_crm_10.0s": {
    "xy_rmse_m": 2.280709287898431,
    "yaw_rmse_rad": 0.0822573972924569,
    "errdist": 0.0910942720254407,
    "mean_dist_m": 25.036802393694717,
    "episodes": 12
  },
  "rollout_sel": 0.13063798276637875
}
{
  "epoch": 51,
  "timestamp_utc": "2026-07-09T19:10:10.739759+00:00",
  "train_loss": 0.028289689934812488,
  "val_loss": 0.0036803389219130624,
  "val_rmse": {
    "vel_body_x_mps": 0.0009579572142368464,
    "vel_body_y_mps": 0.0007863650019190833,
    "roll_rad": 1.7818730581115757e-05,
    "pitch_rad": 1.3108124527822111e-05,
    "roll_rate_radps": 0.0015681060212974004,
    "ang_vel_body_y_radps": 0.0009341504242531846,
    "yaw_rate_radps": 0.0013935785991441181,
    "tire_fl_force_wheel_fz_n": 41.453400781593366,
    "tire_fr_force_wheel_fz_n": 42.59011172333032,
    "tire_rl_force_wheel_fz_n": 23.541940849552994,
    "tire_rr_force_wheel_fz_n": 22.70309463026374,
    "tire_fl_spindle_omega_radps": 0.06582900839136846,
    "tire_fr_spindle_omega_radps": 0.0744535283670791,
    "tire_rl_spindle_omega_radps": 0.0741056128977192,
    "tire_rr_spindle_omega_radps": 0.05524699210281932
  },
  "val_flat_loss": 0.0036803389219130624,
  "val_flat_rmse": {
    "vel_body_x_mps": 0.0009579572142368464,
    "vel_body_y_mps": 0.0007863650019190833,
    "roll_rad": 1.7818730581115757e-05,
    "pitch_rad": 1.3108124527822111e-05,
    "roll_rate_radps": 0.0015681060212974004,
    "ang_vel_body_y_radps": 0.0009341504242531846,
    "yaw_rate_radps": 0.0013935785991441181,
    "tire_fl_force_wheel_fz_n": 41.453400781593366,
    "tire_fr_force_wheel_fz_n": 42.59011172333032,
    "tire_rl_force_wheel_fz_n": 23.541940849552994,
    "tire_rr_force_wheel_fz_n": 22.70309463026374,
    "tire_fl_spindle_omega_radps": 0.06582900839136846,
    "tire_fr_spindle_omega_radps": 0.0744535283670791,
    "tire_rl_spindle_omega_radps": 0.0741056128977192,
    "tire_rr_spindle_omega_radps": 0.05524699210281932
  },
  "val_crm_loss": 0.09281916412874125,
  "val_crm_rmse": {
    "vel_body_x_mps": 0.003005171372717802,
    "vel_body_y_mps": 0.002491783788253837,
    "roll_rad": 5.009309240772967e-05,
    "pitch_rad": 3.313369428849589e-05,
    "roll_rate_radps": 0.0038877000122761376,
    "ang_vel_body_y_radps": 0.0026197787714489352,
    "yaw_rate_radps": 0.0023879971975860493,
    "tire_fl_force_wheel_fz_n": 662.6304342136659,
    "tire_fr_force_wheel_fz_n": 668.1598310228478,
    "tire_rl_force_wheel_fz_n": 926.8532265543552,
    "tire_rr_force_wheel_fz_n": 968.2183821443155,
    "tire_fl_spindle_omega_radps": 0.13899413894646526,
    "tire_fr_spindle_omega_radps": 0.13854304494888917,
    "tire_rl_spindle_omega_radps": 0.15710338699638485,
    "tire_rr_spindle_omega_radps": 0.15790961450425825
  },
  "val_mixed_loss": 0.04824975152532716,
  "rollout_flat_5.0s": {
    "xy_rmse_m": 1.1131213352572134,
    "yaw_rmse_rad": 0.13718741175070134,
    "errdist": 0.14661436637577782,
    "mean_dist_m": 7.592170963684718,
    "episodes": 12
  },
  "rollout_flat_10.0s": {
    "xy_rmse_m": 5.818860550160447,
    "yaw_rmse_rad": 0.27966092862546366,
    "errdist": 0.16522822505146267,
    "mean_dist_m": 35.2171098391215,
    "episodes": 12
  },
  "rollout_crm_5.0s": {
    "xy_rmse_m": 0.7643378157888348,
    "yaw_rmse_rad": 0.0309540467623682,
    "errdist": 0.1068032710179001,
    "mean_dist_m": 7.1565019357949495,
    "episodes": 12
  },
  "rollout_crm_10.0s": {
    "xy_rmse_m": 3.9139352268381558,
    "yaw_rmse_rad": 0.3983748277572395,
    "errdist": 0.15632728034886129,
    "mean_dist_m": 25.036802393694717,
    "episodes": 12
  },
  "rollout_sel": 0.16077775270016198
}
{
  "epoch": 52,
  "timestamp_utc": "2026-07-09T19:10:37.192225+00:00",
  "train_loss": 0.028126811333466322,
  "val_loss": 0.0037388586005181424,
  "val_rmse": {
    "vel_body_x_mps": 0.0010879401784263723,
    "vel_body_y_mps": 0.0007477205737378626,
    "roll_rad": 1.696892410662155e-05,
    "pitch_rad": 9.130799020144146e-06,
    "roll_rate_radps": 0.001553607283909202,
    "ang_vel_body_y_radps": 0.0009263766618606234,
    "yaw_rate_radps": 0.001365518242417431,
    "tire_fl_force_wheel_fz_n": 40.92982872059184,
    "tire_fr_force_wheel_fz_n": 41.2916838489167,
    "tire_rl_force_wheel_fz_n": 23.860726584653346,
    "tire_rr_force_wheel_fz_n": 22.564799821994,
    "tire_fl_spindle_omega_radps": 0.06469574549681215,
    "tire_fr_spindle_omega_radps": 0.073951286016848,
    "tire_rl_spindle_omega_radps": 0.07455868234133085,
    "tire_rr_spindle_omega_radps": 0.055899306489345976
  },
  "val_flat_loss": 0.0037388586005181424,
  "val_flat_rmse": {
    "vel_body_x_mps": 0.0010879401784263723,
    "vel_body_y_mps": 0.0007477205737378626,
    "roll_rad": 1.696892410662155e-05,
    "pitch_rad": 9.130799020144146e-06,
    "roll_rate_radps": 0.001553607283909202,
    "ang_vel_body_y_radps": 0.0009263766618606234,
    "yaw_rate_radps": 0.001365518242417431,
    "tire_fl_force_wheel_fz_n": 40.92982872059184,
    "tire_fr_force_wheel_fz_n": 41.2916838489167,
    "tire_rl_force_wheel_fz_n": 23.860726584653346,
    "tire_rr_force_wheel_fz_n": 22.564799821994,
    "tire_fl_spindle_omega_radps": 0.06469574549681215,
    "tire_fr_spindle_omega_radps": 0.073951286016848,
    "tire_rl_spindle_omega_radps": 0.07455868234133085,
    "tire_rr_spindle_omega_radps": 0.055899306489345976
  },
  "val_crm_loss": 0.09277162218641025,
  "val_crm_rmse": {
    "vel_body_x_mps": 0.0030154259810187883,
    "vel_body_y_mps": 0.0025018563214294037,
    "roll_rad": 4.917259341324079e-05,
    "pitch_rad": 4.245593274830869e-05,
    "roll_rate_radps": 0.003852445940121201,
    "ang_vel_body_y_radps": 0.002627842638992726,
    "yaw_rate_radps": 0.0023627747524397223,
    "tire_fl_force_wheel_fz_n": 661.660050340654,
    "tire_fr_force_wheel_fz_n": 671.2928595997498,
    "tire_rl_force_wheel_fz_n": 926.1088973889615,
    "tire_rr_force_wheel_fz_n": 965.7711617656604,
    "tire_fl_spindle_omega_radps": 0.13734294082871978,
    "tire_fr_spindle_omega_radps": 0.1380382065417679,
    "tire_rl_spindle_omega_radps": 0.15835732824481852,
    "tire_rr_spindle_omega_radps": 0.15892018544939585
  },
  "val_mixed_loss": 0.0482552403934642,
  "rollout_flat_5.0s": {
    "xy_rmse_m": 2.3490492316432876,
    "yaw_rmse_rad": 0.10593125447286693,
    "errdist": 0.3094041536840235,
    "mean_dist_m": 7.592170963684718,
    "episodes": 12
  },
  "rollout_flat_10.0s": {
    "xy_rmse_m": 7.177633275223369,
    "yaw_rmse_rad": 0.17458914207871984,
    "errdist": 0.2038109688163558,
    "mean_dist_m": 35.2171098391215,
    "episodes": 12
  },
  "rollout_crm_5.0s": {
    "xy_rmse_m": 1.3927722166251573,
    "yaw_rmse_rad": 0.08256621951491035,
    "errdist": 0.1946163403741813,
    "mean_dist_m": 7.1565019357949495,
    "episodes": 12
  },
  "rollout_crm_10.0s": {
    "xy_rmse_m": 3.8924246053758393,
    "yaw_rmse_rad": 0.16929101065662633,
    "errdist": 0.1554681202562876,
    "mean_dist_m": 25.036802393694717,
    "episodes": 12
  },
  "rollout_sel": 0.1796395445363217
}
{
  "epoch": 53,
  "timestamp_utc": "2026-07-09T19:11:02.085432+00:00",
  "train_loss": 0.027915075664874167,
  "val_loss": 0.0035498383360391015,
  "val_rmse": {
    "vel_body_x_mps": 0.0009696228489429873,
    "vel_body_y_mps": 0.0007034434766363271,
    "roll_rad": 1.9708404580222177e-05,
    "pitch_rad": 1.147167593594661e-05,
    "roll_rate_radps": 0.0015419258799289316,
    "ang_vel_body_y_radps": 0.0009255166763611671,
    "yaw_rate_radps": 0.0013768015702183302,
    "tire_fl_force_wheel_fz_n": 41.099855565770994,
    "tire_fr_force_wheel_fz_n": 42.390031230970806,
    "tire_rl_force_wheel_fz_n": 23.63119784987294,
    "tire_rr_force_wheel_fz_n": 22.421334947841018,
    "tire_fl_spindle_omega_radps": 0.06423720202316395,
    "tire_fr_spindle_omega_radps": 0.07379719561713537,
    "tire_rl_spindle_omega_radps": 0.07439613498655469,
    "tire_rr_spindle_omega_radps": 0.054962484353846444
  },
  "val_flat_loss": 0.0035498383360391015,
  "val_flat_rmse": {
    "vel_body_x_mps": 0.0009696228489429873,
    "vel_body_y_mps": 0.0007034434766363271,
    "roll_rad": 1.9708404580222177e-05,
    "pitch_rad": 1.147167593594661e-05,
    "roll_rate_radps": 0.0015419258799289316,
    "ang_vel_body_y_radps": 0.0009255166763611671,
    "yaw_rate_radps": 0.0013768015702183302,
    "tire_fl_force_wheel_fz_n": 41.099855565770994,
    "tire_fr_force_wheel_fz_n": 42.390031230970806,
    "tire_rl_force_wheel_fz_n": 23.63119784987294,
    "tire_rr_force_wheel_fz_n": 22.421334947841018,
    "tire_fl_spindle_omega_radps": 0.06423720202316395,
    "tire_fr_spindle_omega_radps": 0.07379719561713537,
    "tire_rl_spindle_omega_radps": 0.07439613498655469,
    "tire_rr_spindle_omega_radps": 0.054962484353846444
  },
  "val_crm_loss": 0.09259484396781772,
  "val_crm_rmse": {
    "vel_body_x_mps": 0.0030582056300368417,
    "vel_body_y_mps": 0.00252002027303966,
    "roll_rad": 5.0703683923239885e-05,
    "pitch_rad": 3.908929414652089e-05,
    "roll_rate_radps": 0.003851451191006934,
    "ang_vel_body_y_radps": 0.002603730495299106,
    "yaw_rate_radps": 0.002368986634311923,
    "tire_fl_force_wheel_fz_n": 661.2844822021511,
    "tire_fr_force_wheel_fz_n": 663.6453567318306,
    "tire_rl_force_wheel_fz_n": 923.5516344189903,
    "tire_rr_force_wheel_fz_n": 973.0797652425705,
    "tire_fl_spindle_omega_radps": 0.13850367506374484,
    "tire_fr_spindle_omega_radps": 0.13901353250327558,
    "tire_rl_spindle_omega_radps": 0.15775355584931733,
    "tire_rr_spindle_omega_radps": 0.1580182351507495
  },
  "val_mixed_loss": 0.04807234115192841,
  "rollout_flat_5.0s": {
    "xy_rmse_m": 1.4194586110429386,
    "yaw_rmse_rad": 0.11819006846227299,
    "errdist": 0.1869634677396715,
    "mean_dist_m": 7.592170963684718,
    "episodes": 12
  },
  "rollout_flat_10.0s": {
    "xy_rmse_m": 4.9760160232318675,
    "yaw_rmse_rad": 0.2902421857742083,
    "errdist": 0.14129541140551458,
    "mean_dist_m": 35.2171098391215,
    "episodes": 12
  },
  "rollout_crm_5.0s": {
    "xy_rmse_m": 0.9046091990826658,
    "yaw_rmse_rad": 0.045099174671306405,
    "errdist": 0.12640382231408998,
    "mean_dist_m": 7.1565019357949495,
    "episodes": 12
  },
  "rollout_crm_10.0s": {
    "xy_rmse_m": 2.261470417381085,
    "yaw_rmse_rad": 0.18974191093153725,
    "errdist": 0.09032584839790143,
    "mean_dist_m": 25.036802393694717,
    "episodes": 12
  },
  "rollout_sel": 0.11581062990170801
}
{
  "epoch": 54,
  "timestamp_utc": "2026-07-09T19:11:26.714621+00:00",
  "train_loss": 0.0278847189117223,
  "val_loss": 0.0033918752709723777,
  "val_rmse": {
    "vel_body_x_mps": 0.0009387531861383913,
    "vel_body_y_mps": 0.0007658206384604929,
    "roll_rad": 1.5848621544350836e-05,
    "pitch_rad": 1.017781681805741e-05,
    "roll_rate_radps": 0.0015247357068345856,
    "ang_vel_body_y_radps": 0.0009168979421747605,
    "yaw_rate_radps": 0.0013535703681395732,
    "tire_fl_force_wheel_fz_n": 40.29701364162775,
    "tire_fr_force_wheel_fz_n": 41.25028021549647,
    "tire_rl_force_wheel_fz_n": 23.94317370472738,
    "tire_rr_force_wheel_fz_n": 23.134727435562347,
    "tire_fl_spindle_omega_radps": 0.06360279421287711,
    "tire_fr_spindle_omega_radps": 0.07291115880196923,
    "tire_rl_spindle_omega_radps": 0.07401287501716167,
    "tire_rr_spindle_omega_radps": 0.05461409369308637
  },
  "val_flat_loss": 0.0033918752709723777,
  "val_flat_rmse": {
    "vel_body_x_mps": 0.0009387531861383913,
    "vel_body_y_mps": 0.0007658206384604929,
    "roll_rad": 1.5848621544350836e-05,
    "pitch_rad": 1.017781681805741e-05,
    "roll_rate_radps": 0.0015247357068345856,
    "ang_vel_body_y_radps": 0.0009168979421747605,
    "yaw_rate_radps": 0.0013535703681395732,
    "tire_fl_force_wheel_fz_n": 40.29701364162775,
    "tire_fr_force_wheel_fz_n": 41.25028021549647,
    "tire_rl_force_wheel_fz_n": 23.94317370472738,
    "tire_rr_force_wheel_fz_n": 23.134727435562347,
    "tire_fl_spindle_omega_radps": 0.06360279421287711,
    "tire_fr_spindle_omega_radps": 0.07291115880196923,
    "tire_rl_spindle_omega_radps": 0.07401287501716167,
    "tire_rr_spindle_omega_radps": 0.05461409369308637
  },
  "val_crm_loss": 0.09185877305746544,
  "val_crm_rmse": {
    "vel_body_x_mps": 0.0030326855802823944,
    "vel_body_y_mps": 0.00250534637552598,
    "roll_rad": 4.739536927596535e-05,
    "pitch_rad": 3.343580631818342e-05,
    "roll_rate_radps": 0.003818436408622549,
    "ang_vel_body_y_radps": 0.0025691637722729805,
    "yaw_rate_radps": 0.002353922197524716,
    "tire_fl_force_wheel_fz_n": 650.437875781742,
    "tire_fr_force_wheel_fz_n": 664.3370936093456,
    "tire_rl_force_wheel_fz_n": 926.6941028825978,
    "tire_rr_force_wheel_fz_n": 966.4409565899321,
    "tire_fl_spindle_omega_radps": 0.1367054412840346,
    "tire_fr_spindle_omega_radps": 0.13770373813868778,
    "tire_rl_spindle_omega_radps": 0.15645257784798383,
    "tire_rr_spindle_omega_radps": 0.15717716803113815
  },
  "val_mixed_loss": 0.047625324164218906,
  "rollout_flat_5.0s": {
    "xy_rmse_m": 0.9077420596153056,
    "yaw_rmse_rad": 0.06108682237065456,
    "errdist": 0.11956291078760824,
    "mean_dist_m": 7.592170963684718,
    "episodes": 12
  },
  "rollout_flat_10.0s": {
    "xy_rmse_m": 3.556132381485318,
    "yaw_rmse_rad": 0.1449799504322858,
    "errdist": 0.1009774055205101,
    "mean_dist_m": 35.2171098391215,
    "episodes": 12
  },
  "rollout_crm_5.0s": {
    "xy_rmse_m": 0.769407415814975,
    "yaw_rmse_rad": 0.03859524890785594,
    "errdist": 0.10751166180317795,
    "mean_dist_m": 7.1565019357949495,
    "episodes": 12
  },
  "rollout_crm_10.0s": {
    "xy_rmse_m": 2.7093313910741426,
    "yaw_rmse_rad": 0.21607944820691374,
    "errdist": 0.10821395434092902,
    "mean_dist_m": 25.036802393694717,
    "episodes": 12
  },
  "rollout_sel": 0.10459567993071955
}
{
  "epoch": 55,
  "timestamp_utc": "2026-07-09T19:11:51.560111+00:00",
  "train_loss": 0.02784589379047975,
  "val_loss": 0.0034139514972048347,
  "val_rmse": {
    "vel_body_x_mps": 0.0009104088301654936,
    "vel_body_y_mps": 0.0007569904899736884,
    "roll_rad": 1.692057688423569e-05,
    "pitch_rad": 8.719165495180937e-06,
    "roll_rate_radps": 0.001535285492996412,
    "ang_vel_body_y_radps": 0.0009237804023415744,
    "yaw_rate_radps": 0.0013410493835206785,
    "tire_fl_force_wheel_fz_n": 40.81035542413479,
    "tire_fr_force_wheel_fz_n": 42.20843295611229,
    "tire_rl_force_wheel_fz_n": 23.520533392970083,
    "tire_rr_force_wheel_fz_n": 22.40788443824941,
    "tire_fl_spindle_omega_radps": 0.06395952003871318,
    "tire_fr_spindle_omega_radps": 0.07378205783551171,
    "tire_rl_spindle_omega_radps": 0.0745810348176958,
    "tire_rr_spindle_omega_radps": 0.05576022431963836
  },
  "val_flat_loss": 0.0034139514972048347,
  "val_flat_rmse": {
    "vel_body_x_mps": 0.0009104088301654936,
    "vel_body_y_mps": 0.0007569904899736884,
    "roll_rad": 1.692057688423569e-05,
    "pitch_rad": 8.719165495180937e-06,
    "roll_rate_radps": 0.001535285492996412,
    "ang_vel_body_y_radps": 0.0009237804023415744,
    "yaw_rate_radps": 0.0013410493835206785,
    "tire_fl_force_wheel_fz_n": 40.81035542413479,
    "tire_fr_force_wheel_fz_n": 42.20843295611229,
    "tire_rl_force_wheel_fz_n": 23.520533392970083,
    "tire_rr_force_wheel_fz_n": 22.40788443824941,
    "tire_fl_spindle_omega_radps": 0.06395952003871318,
    "tire_fr_spindle_omega_radps": 0.07378205783551171,
    "tire_rl_spindle_omega_radps": 0.0745810348176958,
    "tire_rr_spindle_omega_radps": 0.05576022431963836
  },
  "val_crm_loss": 0.09157230032142252,
  "val_crm_rmse": {
    "vel_body_x_mps": 0.003058774854201486,
    "vel_body_y_mps": 0.0024493428245855107,
    "roll_rad": 4.6850213093396844e-05,
    "pitch_rad": 3.257190189376728e-05,
    "roll_rate_radps": 0.0038169448344086932,
    "ang_vel_body_y_radps": 0.0025463076084208786,
    "yaw_rate_radps": 0.0023643755479358436,
    "tire_fl_force_wheel_fz_n": 651.8061689976241,
    "tire_fr_force_wheel_fz_n": 667.3221815650886,
    "tire_rl_force_wheel_fz_n": 920.8500701654058,
    "tire_rr_force_wheel_fz_n": 966.1693216458488,
    "tire_fl_spindle_omega_radps": 0.13630804569830282,
    "tire_fr_spindle_omega_radps": 0.1368718901658159,
    "tire_rl_spindle_omega_radps": 0.1573201069402832,
    "tire_rr_spindle_omega_radps": 0.15622501057941326
  },
  "val_mixed_loss": 0.04749312590931368,
  "rollout_flat_5.0s": {
    "xy_rmse_m": 1.630712433733926,
    "yaw_rmse_rad": 0.0792010913475411,
    "errdist": 0.21478868712704677,
    "mean_dist_m": 7.592170963684718,
    "episodes": 12
  },
  "rollout_flat_10.0s": {
    "xy_rmse_m": 5.217750428615671,
    "yaw_rmse_rad": 0.1928438915851683,
    "errdist": 0.14815952962782447,
    "mean_dist_m": 35.2171098391215,
    "episodes": 12
  },
  "rollout_crm_5.0s": {
    "xy_rmse_m": 0.6855889739381069,
    "yaw_rmse_rad": 0.037020460622324815,
    "errdist": 0.09579945343254508,
    "mean_dist_m": 7.1565019357949495,
    "episodes": 12
  },
  "rollout_crm_10.0s": {
    "xy_rmse_m": 1.8829520978447958,
    "yaw_rmse_rad": 0.0927699110197446,
    "errdist": 0.07520737146206016,
    "mean_dist_m": 25.036802393694717,
    "episodes": 12
  },
  "rollout_sel": 0.11168345054494232
}
{
  "epoch": 56,
  "timestamp_utc": "2026-07-09T19:12:16.513874+00:00",
  "train_loss": 0.027658630033023657,
  "val_loss": 0.0033770045924029547,
  "val_rmse": {
    "vel_body_x_mps": 0.0009250903126916242,
    "vel_body_y_mps": 0.000689565420008059,
    "roll_rad": 1.7900423484332943e-05,
    "pitch_rad": 1.0847768689398243e-05,
    "roll_rate_radps": 0.0015417590223755634,
    "ang_vel_body_y_radps": 0.000922518578001005,
    "yaw_rate_radps": 0.0013609491990141504,
    "tire_fl_force_wheel_fz_n": 41.76229027732842,
    "tire_fr_force_wheel_fz_n": 42.619041199758506,
    "tire_rl_force_wheel_fz_n": 23.35375632483377,
    "tire_rr_force_wheel_fz_n": 22.87635146354351,
    "tire_fl_spindle_omega_radps": 0.06363794490970046,
    "tire_fr_spindle_omega_radps": 0.0733616774683515,
    "tire_rl_spindle_omega_radps": 0.07418711838546015,
    "tire_rr_spindle_omega_radps": 0.0545290438051804
  },
  "val_flat_loss": 0.0033770045924029547,
  "val_flat_rmse": {
    "vel_body_x_mps": 0.0009250903126916242,
    "vel_body_y_mps": 0.000689565420008059,
    "roll_rad": 1.7900423484332943e-05,
    "pitch_rad": 1.0847768689398243e-05,
    "roll_rate_radps": 0.0015417590223755634,
    "ang_vel_body_y_radps": 0.000922518578001005,
    "yaw_rate_radps": 0.0013609491990141504,
    "tire_fl_force_wheel_fz_n": 41.76229027732842,
    "tire_fr_force_wheel_fz_n": 42.619041199758506,
    "tire_rl_force_wheel_fz_n": 23.35375632483377,
    "tire_rr_force_wheel_fz_n": 22.87635146354351,
    "tire_fl_spindle_omega_radps": 0.06363794490970046,
    "tire_fr_spindle_omega_radps": 0.0733616774683515,
    "tire_rl_spindle_omega_radps": 0.07418711838546015,
    "tire_rr_spindle_omega_radps": 0.0545290438051804
  },
  "val_crm_loss": 0.09123289208975621,
  "val_crm_rmse": {
    "vel_body_x_mps": 0.00297142099932581,
    "vel_body_y_mps": 0.0024543106073111635,
    "roll_rad": 4.997506091286823e-05,
    "pitch_rad": 3.219095056108212e-05,
    "roll_rate_radps": 0.003779503401584664,
    "ang_vel_body_y_radps": 0.0025392498676748785,
    "yaw_rate_radps": 0.0023526160472062,
    "tire_fl_force_wheel_fz_n": 655.8278038429424,
    "tire_fr_force_wheel_fz_n": 660.55868149561,
    "tire_rl_force_wheel_fz_n": 919.1905818592837,
    "tire_rr_force_wheel_fz_n": 967.777684449246,
    "tire_fl_spindle_omega_radps": 0.13659270264497675,
    "tire_fr_spindle_omega_radps": 0.13762762665909448,
    "tire_rl_spindle_omega_radps": 0.15615981807226118,
    "tire_rr_spindle_omega_radps": 0.15720720890251438
  },
  "val_mixed_loss": 0.04730494834107958,
  "rollout_flat_5.0s": {
    "xy_rmse_m": 1.2954782437748202,
    "yaw_rmse_rad": 0.08540119682587251,
    "errdist": 0.17063343936423742,
    "mean_dist_m": 7.592170963684718,
    "episodes": 12
  },
  "rollout_flat_10.0s": {
    "xy_rmse_m": 5.0020190605198005,
    "yaw_rmse_rad": 0.1705941759334082,
    "errdist": 0.14203377515559856,
    "mean_dist_m": 35.2171098391215,
    "episodes": 12
  },
  "rollout_crm_5.0s": {
    "xy_rmse_m": 0.7295158838443229,
    "yaw_rmse_rad": 0.02302290624583628,
    "errdist": 0.10193749549559616,
    "mean_dist_m": 7.1565019357949495,
    "episodes": 12
  },
  "rollout_crm_10.0s": {
    "xy_rmse_m": 1.757305664778581,
    "yaw_rmse_rad": 0.05329304347529568,
    "errdist": 0.07018890180725082,
    "mean_dist_m": 25.036802393694717,
    "episodes": 12
  },
  "rollout_sel": 0.10611133848142469
}
{
  "epoch": 57,
  "timestamp_utc": "2026-07-09T19:12:41.679545+00:00",
  "train_loss": 0.027564625086262822,
  "val_loss": 0.0034356388120068003,
  "val_rmse": {
    "vel_body_x_mps": 0.0009741794580529552,
    "vel_body_y_mps": 0.0007185968046702433,
    "roll_rad": 1.4352885624328099e-05,
    "pitch_rad": 1.1645015778347544e-05,
    "roll_rate_radps": 0.0015639235763814975,
    "ang_vel_body_y_radps": 0.0009195446095904646,
    "yaw_rate_radps": 0.0013517954411589718,
    "tire_fl_force_wheel_fz_n": 40.383174959822846,
    "tire_fr_force_wheel_fz_n": 41.509574634635115,
    "tire_rl_force_wheel_fz_n": 23.25181253587308,
    "tire_rr_force_wheel_fz_n": 22.108726855156064,
    "tire_fl_spindle_omega_radps": 0.06410394663769717,
    "tire_fr_spindle_omega_radps": 0.07305690566675116,
    "tire_rl_spindle_omega_radps": 0.07377560255113143,
    "tire_rr_spindle_omega_radps": 0.05471257519357007
  },
  "val_flat_loss": 0.0034356388120068003,
  "val_flat_rmse": {
    "vel_body_x_mps": 0.0009741794580529552,
    "vel_body_y_mps": 0.0007185968046702433,
    "roll_rad": 1.4352885624328099e-05,
    "pitch_rad": 1.1645015778347544e-05,
    "roll_rate_radps": 0.0015639235763814975,
    "ang_vel_body_y_radps": 0.0009195446095904646,
    "yaw_rate_radps": 0.0013517954411589718,
    "tire_fl_force_wheel_fz_n": 40.383174959822846,
    "tire_fr_force_wheel_fz_n": 41.509574634635115,
    "tire_rl_force_wheel_fz_n": 23.25181253587308,
    "tire_rr_force_wheel_fz_n": 22.108726855156064,
    "tire_fl_spindle_omega_radps": 0.06410394663769717,
    "tire_fr_spindle_omega_radps": 0.07305690566675116,
    "tire_rl_spindle_omega_radps": 0.07377560255113143,
    "tire_rr_spindle_omega_radps": 0.05471257519357007
  },
  "val_crm_loss": 0.09185643224627711,
  "val_crm_rmse": {
    "vel_body_x_mps": 0.0029880670702550015,
    "vel_body_y_mps": 0.002466103099645923,
    "roll_rad": 4.959328097020748e-05,
    "pitch_rad": 4.053477648136815e-05,
    "roll_rate_radps": 0.003816767507514907,
    "ang_vel_body_y_radps": 0.002587769334195635,
    "yaw_rate_radps": 0.002368364225536134,
    "tire_fl_force_wheel_fz_n": 651.5725687752448,
    "tire_fr_force_wheel_fz_n": 672.6129440836149,
    "tire_rl_force_wheel_fz_n": 927.5814724327391,
    "tire_rr_force_wheel_fz_n": 966.0542226269174,
    "tire_fl_spindle_omega_radps": 0.13689001564100495,
    "tire_fr_spindle_omega_radps": 0.1381229569773991,
    "tire_rl_spindle_omega_radps": 0.15664351901276158,
    "tire_rr_spindle_omega_radps": 0.15704311961630213
  },
  "val_mixed_loss": 0.047646035529141956,
  "rollout_flat_5.0s": {
    "xy_rmse_m": 1.972104636159943,
    "yaw_rmse_rad": 0.07864844498918974,
    "errdist": 0.2597550352320858,
    "mean_dist_m": 7.592170963684718,
    "episodes": 12
  },
  "rollout_flat_10.0s": {
    "xy_rmse_m": 6.045511120816342,
    "yaw_rmse_rad": 0.1398432695391196,
    "errdist": 0.17166403343242517,
    "mean_dist_m": 35.2171098391215,
    "episodes": 12
  },
  "rollout_crm_5.0s": {
    "xy_rmse_m": 1.337585649184185,
    "yaw_rmse_rad": 0.08009515537767072,
    "errdist": 0.1869049517745439,
    "mean_dist_m": 7.1565019357949495,
    "episodes": 12
  },
  "rollout_crm_10.0s": {
    "xy_rmse_m": 4.39738692285175,
    "yaw_rmse_rad": 0.21352951828621852,
    "errdist": 0.1756369225472335,
    "mean_dist_m": 25.036802393694717,
    "episodes": 12
  },
  "rollout_sel": 0.17365047798982935
}
{
  "epoch": 58,
  "timestamp_utc": "2026-07-09T19:13:07.526495+00:00",
  "train_loss": 0.02739802152197808,
  "val_loss": 0.003304247916712484,
  "val_rmse": {
    "vel_body_x_mps": 0.0009086896802662138,
    "vel_body_y_mps": 0.0006814934557544614,
    "roll_rad": 1.656787924897503e-05,
    "pitch_rad": 9.021000049563481e-06,
    "roll_rate_radps": 0.001538682673696611,
    "ang_vel_body_y_radps": 0.0009173285970222886,
    "yaw_rate_radps": 0.0013469790822114856,
    "tire_fl_force_wheel_fz_n": 40.26207095838097,
    "tire_fr_force_wheel_fz_n": 42.44935606680386,
    "tire_rl_force_wheel_fz_n": 23.666315258220042,
    "tire_rr_force_wheel_fz_n": 22.04245459176468,
    "tire_fl_spindle_omega_radps": 0.06345406847022755,
    "tire_fr_spindle_omega_radps": 0.07336476440129451,
    "tire_rl_spindle_omega_radps": 0.07379349740661485,
    "tire_rr_spindle_omega_radps": 0.05460578312369569
  },
  "val_flat_loss": 0.003304247916712484,
  "val_flat_rmse": {
    "vel_body_x_mps": 0.0009086896802662138,
    "vel_body_y_mps": 0.0006814934557544614,
    "roll_rad": 1.656787924897503e-05,
    "pitch_rad": 9.021000049563481e-06,
    "roll_rate_radps": 0.001538682673696611,
    "ang_vel_body_y_radps": 0.0009173285970222886,
    "yaw_rate_radps": 0.0013469790822114856,
    "tire_fl_force_wheel_fz_n": 40.26207095838097,
    "tire_fr_force_wheel_fz_n": 42.44935606680386,
    "tire_rl_force_wheel_fz_n": 23.666315258220042,
    "tire_rr_force_wheel_fz_n": 22.04245459176468,
    "tire_fl_spindle_omega_radps": 0.06345406847022755,
    "tire_fr_spindle_omega_radps": 0.07336476440129451,
    "tire_rl_spindle_omega_radps": 0.07379349740661485,
    "tire_rr_spindle_omega_radps": 0.05460578312369569
  },
  "val_crm_loss": 0.09127271799894515,
  "val_crm_rmse": {
    "vel_body_x_mps": 0.0029660115062063283,
    "vel_body_y_mps": 0.0024592960655429458,
    "roll_rad": 4.721783781980619e-05,
    "pitch_rad": 3.458002465908343e-05,
    "roll_rate_radps": 0.00374680116687477,
    "ang_vel_body_y_radps": 0.0025365720014620284,
    "yaw_rate_radps": 0.0023495482328983034,
    "tire_fl_force_wheel_fz_n": 653.4854082337371,
    "tire_fr_force_wheel_fz_n": 658.0117322280477,
    "tire_rl_force_wheel_fz_n": 926.3206061620299,
    "tire_rr_force_wheel_fz_n": 968.4718970325349,
    "tire_fl_spindle_omega_radps": 0.13632257212316715,
    "tire_fr_spindle_omega_radps": 0.13687681450673034,
    "tire_rl_spindle_omega_radps": 0.15628677423543302,
    "tire_rr_spindle_omega_radps": 0.15673535554947884
  },
  "val_mixed_loss": 0.047288482957828816,
  "rollout_flat_5.0s": {
    "xy_rmse_m": 1.1099868494119707,
    "yaw_rmse_rad": 0.0677267204667053,
    "errdist": 0.14620150872804627,
    "mean_dist_m": 7.592170963684718,
    "episodes": 12
  },
  "rollout_flat_10.0s": {
    "xy_rmse_m": 4.522335302848515,
    "yaw_rmse_rad": 0.18741309888655788,
    "errdist": 0.12841301638627953,
    "mean_dist_m": 35.2171098391215,
    "episodes": 12
  },
  "rollout_crm_5.0s": {
    "xy_rmse_m": 0.5782567716727841,
    "yaw_rmse_rad": 0.02944975834568166,
    "errdist": 0.08080159508942422,
    "mean_dist_m": 7.1565019357949495,
    "episodes": 12
  },
  "rollout_crm_10.0s": {
    "xy_rmse_m": 1.6725220168735835,
    "yaw_rmse_rad": 0.0723220597275492,
    "errdist": 0.06680254093848631,
    "mean_dist_m": 25.036802393694717,
    "episodes": 12
  },
  "rollout_sel": 0.09760777866238292
}
{
  "epoch": 59,
  "timestamp_utc": "2026-07-09T19:13:33.124096+00:00",
  "train_loss": 0.027201778874732553,
  "val_loss": 0.0032828492328553695,
  "val_rmse": {
    "vel_body_x_mps": 0.0009078576141899191,
    "vel_body_y_mps": 0.0006856939726445347,
    "roll_rad": 1.4308105721163966e-05,
    "pitch_rad": 9.916691029905457e-06,
    "roll_rate_radps": 0.0015205196065100246,
    "ang_vel_body_y_radps": 0.0009120146185548955,
    "yaw_rate_radps": 0.001334137639026165,
    "tire_fl_force_wheel_fz_n": 40.834509737559245,
    "tire_fr_force_wheel_fz_n": 40.716277846078945,
    "tire_rl_force_wheel_fz_n": 23.577625818548864,
    "tire_rr_force_wheel_fz_n": 22.411656453076002,
    "tire_fl_spindle_omega_radps": 0.06332249518046529,
    "tire_fr_spindle_omega_radps": 0.07362560770204073,
    "tire_rl_spindle_omega_radps": 0.07382378263084666,
    "tire_rr_spindle_omega_radps": 0.054330709312032675
  },
  "val_flat_loss": 0.0032828492328553695,
  "val_flat_rmse": {
    "vel_body_x_mps": 0.0009078576141899191,
    "vel_body_y_mps": 0.0006856939726445347,
    "roll_rad": 1.4308105721163966e-05,
    "pitch_rad": 9.916691029905457e-06,
    "roll_rate_radps": 0.0015205196065100246,
    "ang_vel_body_y_radps": 0.0009120146185548955,
    "yaw_rate_radps": 0.001334137639026165,
    "tire_fl_force_wheel_fz_n": 40.834509737559245,
    "tire_fr_force_wheel_fz_n": 40.716277846078945,
    "tire_rl_force_wheel_fz_n": 23.577625818548864,
    "tire_rr_force_wheel_fz_n": 22.411656453076002,
    "tire_fl_spindle_omega_radps": 0.06332249518046529,
    "tire_fr_spindle_omega_radps": 0.07362560770204073,
    "tire_rl_spindle_omega_radps": 0.07382378263084666,
    "tire_rr_spindle_omega_radps": 0.054330709312032675
  },
  "val_crm_loss": 0.09077795823162887,
  "val_crm_rmse": {
    "vel_body_x_mps": 0.0029285280758651003,
    "vel_body_y_mps": 0.0024619712659596023,
    "roll_rad": 4.8327625810621396e-05,
    "pitch_rad": 3.0205063243554504e-05,
    "roll_rate_radps": 0.003808459311847927,
    "ang_vel_body_y_radps": 0.002537790655514523,
    "yaw_rate_radps": 0.0023520602291560166,
    "tire_fl_force_wheel_fz_n": 643.0264180358317,
    "tire_fr_force_wheel_fz_n": 669.6160112734095,
    "tire_rl_force_wheel_fz_n": 921.2795005307263,
    "tire_rr_force_wheel_fz_n": 965.2101063722107,
    "tire_fl_spindle_omega_radps": 0.13635482719330974,
    "tire_fr_spindle_omega_radps": 0.1376558341171915,
    "tire_rl_spindle_omega_radps": 0.15590924743354356,
    "tire_rr_spindle_omega_radps": 0.15729770979375757
  },
  "val_mixed_loss": 0.04703040373224212,
  "rollout_flat_5.0s": {
    "xy_rmse_m": 1.2313161942556454,
    "yaw_rmse_rad": 0.05404567896447877,
    "errdist": 0.16218235866201428,
    "mean_dist_m": 7.592170963684718,
    "episodes": 12
  },
  "rollout_flat_10.0s": {
    "xy_rmse_m": 4.149391086748484,
    "yaw_rmse_rad": 0.12514345972854046,
    "errdist": 0.11782315771236472,
    "mean_dist_m": 35.2171098391215,
    "episodes": 12
  },
  "rollout_crm_5.0s": {
    "xy_rmse_m": 0.9239834483509637,
    "yaw_rmse_rad": 0.059848320705939005,
    "errdist": 0.12911104568133214,
    "mean_dist_m": 7.1565019357949495,
    "episodes": 12
  },
  "rollout_crm_10.0s": {
    "xy_rmse_m": 2.720937343632603,
    "yaw_rmse_rad": 0.14012156884226126,
    "errdist": 0.10867751004488678,
    "mean_dist_m": 25.036802393694717,
    "episodes": 12
  },
  "rollout_sel": 0.11325033387862575
}
{
  "epoch": 60,
  "timestamp_utc": "2026-07-09T19:13:59.219058+00:00",
  "train_loss": 0.027092809167224913,
  "val_loss": 0.0033801431249958114,
  "val_rmse": {
    "vel_body_x_mps": 0.000951660763909369,
    "vel_body_y_mps": 0.0006818345560605395,
    "roll_rad": 2.2073507079530628e-05,
    "pitch_rad": 1.0427234458603647e-05,
    "roll_rate_radps": 0.0015299539309741486,
    "ang_vel_body_y_radps": 0.0009227710367373472,
    "yaw_rate_radps": 0.0013349333517687207,
    "tire_fl_force_wheel_fz_n": 41.80388409955584,
    "tire_fr_force_wheel_fz_n": 41.57087624124423,
    "tire_rl_force_wheel_fz_n": 23.625523657974604,
    "tire_rr_force_wheel_fz_n": 22.78735404603454,
    "tire_fl_spindle_omega_radps": 0.06310708505692826,
    "tire_fr_spindle_omega_radps": 0.07290835061501898,
    "tire_rl_spindle_omega_radps": 0.07448314258190188,
    "tire_rr_spindle_omega_radps": 0.0556021352176078
  },
  "val_flat_loss": 0.0033801431249958114,
  "val_flat_rmse": {
    "vel_body_x_mps": 0.000951660763909369,
    "vel_body_y_mps": 0.0006818345560605395,
    "roll_rad": 2.2073507079530628e-05,
    "pitch_rad": 1.0427234458603647e-05,
    "roll_rate_radps": 0.0015299539309741486,
    "ang_vel_body_y_radps": 0.0009227710367373472,
    "yaw_rate_radps": 0.0013349333517687207,
    "tire_fl_force_wheel_fz_n": 41.80388409955584,
    "tire_fr_force_wheel_fz_n": 41.57087624124423,
    "tire_rl_force_wheel_fz_n": 23.625523657974604,
    "tire_rr_force_wheel_fz_n": 22.78735404603454,
    "tire_fl_spindle_omega_radps": 0.06310708505692826,
    "tire_fr_spindle_omega_radps": 0.07290835061501898,
    "tire_rl_spindle_omega_radps": 0.07448314258190188,
    "tire_rr_spindle_omega_radps": 0.0556021352176078
  },
  "val_crm_loss": 0.09121035752817988,
  "val_crm_rmse": {
    "vel_body_x_mps": 0.0029412160085505465,
    "vel_body_y_mps": 0.002427005629271149,
    "roll_rad": 4.842883886908334e-05,
    "pitch_rad": 3.017863232445068e-05,
    "roll_rate_radps": 0.003757003157987248,
    "ang_vel_body_y_radps": 0.0025434085828921625,
    "yaw_rate_radps": 0.002355263197105345,
    "tire_fl_force_wheel_fz_n": 658.9056951696147,
    "tire_fr_force_wheel_fz_n": 659.2296631638825,
    "tire_rl_force_wheel_fz_n": 924.7379541887725,
    "tire_rr_force_wheel_fz_n": 965.2336672174345,
    "tire_fl_spindle_omega_radps": 0.13644554789551575,
    "tire_fr_spindle_omega_radps": 0.13810322376832684,
    "tire_rl_spindle_omega_radps": 0.15633014275689236,
    "tire_rr_spindle_omega_radps": 0.1587531354264588
  },
  "val_mixed_loss": 0.047295250326587844,
  "rollout_flat_5.0s": {
    "xy_rmse_m": 0.9438608849669496,
    "yaw_rmse_rad": 0.044840903954736305,
    "errdist": 0.12432028855536525,
    "mean_dist_m": 7.592170963684718,
    "episodes": 12
  },
  "rollout_flat_10.0s": {
    "xy_rmse_m": 3.5952285454850896,
    "yaw_rmse_rad": 0.12056613506713243,
    "errdist": 0.10208755238316779,
    "mean_dist_m": 35.2171098391215,
    "episodes": 12
  },
  "rollout_crm_5.0s": {
    "xy_rmse_m": 0.677996127910749,
    "yaw_rmse_rad": 0.030425278287468764,
    "errdist": 0.09473848173219794,
    "mean_dist_m": 7.1565019357949495,
    "episodes": 12
  },
  "rollout_crm_10.0s": {
    "xy_rmse_m": 1.1092691604738245,
    "yaw_rmse_rad": 0.046632308271709916,
    "errdist": 0.044305544415415586,
    "mean_dist_m": 25.036802393694717,
    "episodes": 12
  },
  "rollout_sel": 0.07319654839929168
}
{
  "epoch": 61,
  "timestamp_utc": "2026-07-09T19:14:24.986979+00:00",
  "train_loss": 0.027083651652093976,
  "val_loss": 0.0032472266682816555,
  "val_rmse": {
    "vel_body_x_mps": 0.0009138978368409257,
    "vel_body_y_mps": 0.0006881468693757588,
    "roll_rad": 1.3924970476836589e-05,
    "pitch_rad": 8.869535734885097e-06,
    "roll_rate_radps": 0.0015080054338209709,
    "ang_vel_body_y_radps": 0.0009144619471820212,
    "yaw_rate_radps": 0.0013431959725086007,
    "tire_fl_force_wheel_fz_n": 40.88504831666017,
    "tire_fr_force_wheel_fz_n": 40.478690498929595,
    "tire_rl_force_wheel_fz_n": 23.503371807639112,
    "tire_rr_force_wheel_fz_n": 22.279459598509167,
    "tire_fl_spindle_omega_radps": 0.06283341534366449,
    "tire_fr_spindle_omega_radps": 0.07282058698893007,
    "tire_rl_spindle_omega_radps": 0.07354817343553217,
    "tire_rr_spindle_omega_radps": 0.05455750483643097
  },
  "val_flat_loss": 0.0032472266682816555,
  "val_flat_rmse": {
    "vel_body_x_mps": 0.0009138978368409257,
    "vel_body_y_mps": 0.0006881468693757588,
    "roll_rad": 1.3924970476836589e-05,
    "pitch_rad": 8.869535734885097e-06,
    "roll_rate_radps": 0.0015080054338209709,
    "ang_vel_body_y_radps": 0.0009144619471820212,
    "yaw_rate_radps": 0.0013431959725086007,
    "tire_fl_force_wheel_fz_n": 40.88504831666017,
    "tire_fr_force_wheel_fz_n": 40.478690498929595,
    "tire_rl_force_wheel_fz_n": 23.503371807639112,
    "tire_rr_force_wheel_fz_n": 22.279459598509167,
    "tire_fl_spindle_omega_radps": 0.06283341534366449,
    "tire_fr_spindle_omega_radps": 0.07282058698893007,
    "tire_rl_spindle_omega_radps": 0.07354817343553217,
    "tire_rr_spindle_omega_radps": 0.05455750483643097
  },
  "val_crm_loss": 0.09148645903915167,
  "val_crm_rmse": {
    "vel_body_x_mps": 0.0029653007192112,
    "vel_body_y_mps": 0.002440007717512366,
    "roll_rad": 4.8564549040783125e-05,
    "pitch_rad": 3.272223627734445e-05,
    "roll_rate_radps": 0.0037638561406611428,
    "ang_vel_body_y_radps": 0.0025383860802621772,
    "yaw_rate_radps": 0.0023394069248707508,
    "tire_fl_force_wheel_fz_n": 669.1678582826537,
    "tire_fr_force_wheel_fz_n": 652.8137892482183,
    "tire_rl_force_wheel_fz_n": 928.5331082888086,
    "tire_rr_force_wheel_fz_n": 975.3086840753487,
    "tire_fl_spindle_omega_radps": 0.1360080461340197,
    "tire_fr_spindle_omega_radps": 0.13647741086318083,
    "tire_rl_spindle_omega_radps": 0.15514527848557125,
    "tire_rr_spindle_omega_radps": 0.157065921560775
  },
  "val_mixed_loss": 0.047366842853716666,
  "rollout_flat_5.0s": {
    "xy_rmse_m": 1.0387063128101697,
    "yaw_rmse_rad": 0.05832902354188614,
    "errdist": 0.1368128191236164,
    "mean_dist_m": 7.592170963684718,
    "episodes": 12
  },
  "rollout_flat_10.0s": {
    "xy_rmse_m": 3.2936537383150446,
    "yaw_rmse_rad": 0.2132879815448294,
    "errdist": 0.09352424867801717,
    "mean_dist_m": 35.2171098391215,
    "episodes": 12
  },
  "rollout_crm_5.0s": {
    "xy_rmse_m": 0.701045561177875,
    "yaw_rmse_rad": 0.019247640722871114,
    "errdist": 0.09795924984962676,
    "mean_dist_m": 7.1565019357949495,
    "episodes": 12
  },
  "rollout_crm_10.0s": {
    "xy_rmse_m": 1.7323198492892988,
    "yaw_rmse_rad": 0.04855385402906257,
    "errdist": 0.06919093828553631,
    "mean_dist_m": 25.036802393694717,
    "episodes": 12
  },
  "rollout_sel": 0.08135759348177674
}
{
  "epoch": 62,
  "timestamp_utc": "2026-07-09T19:14:50.842999+00:00",
  "train_loss": 0.026938629873562603,
  "val_loss": 0.003319114950209041,
  "val_rmse": {
    "vel_body_x_mps": 0.0009006489316674956,
    "vel_body_y_mps": 0.000673489138745731,
    "roll_rad": 1.5256864730962772e-05,
    "pitch_rad": 9.302552885761028e-06,
    "roll_rate_radps": 0.0015107204783512442,
    "ang_vel_body_y_radps": 0.0009148645395393944,
    "yaw_rate_radps": 0.0013438640882951294,
    "tire_fl_force_wheel_fz_n": 39.831413003901325,
    "tire_fr_force_wheel_fz_n": 40.38990873369454,
    "tire_rl_force_wheel_fz_n": 23.706899141555454,
    "tire_rr_force_wheel_fz_n": 22.047545419471675,
    "tire_fl_spindle_omega_radps": 0.06387425310822369,
    "tire_fr_spindle_omega_radps": 0.07291580889404443,
    "tire_rl_spindle_omega_radps": 0.07427286815924641,
    "tire_rr_spindle_omega_radps": 0.05576104849828381
  },
  "val_flat_loss": 0.003319114950209041,
  "val_flat_rmse": {
    "vel_body_x_mps": 0.0009006489316674956,
    "vel_body_y_mps": 0.000673489138745731,
    "roll_rad": 1.5256864730962772e-05,
    "pitch_rad": 9.302552885761028e-06,
    "roll_rate_radps": 0.0015107204783512442,
    "ang_vel_body_y_radps": 0.0009148645395393944,
    "yaw_rate_radps": 0.0013438640882951294,
    "tire_fl_force_wheel_fz_n": 39.831413003901325,
    "tire_fr_force_wheel_fz_n": 40.38990873369454,
    "tire_rl_force_wheel_fz_n": 23.706899141555454,
    "tire_rr_force_wheel_fz_n": 22.047545419471675,
    "tire_fl_spindle_omega_radps": 0.06387425310822369,
    "tire_fr_spindle_omega_radps": 0.07291580889404443,
    "tire_rl_spindle_omega_radps": 0.07427286815924641,
    "tire_rr_spindle_omega_radps": 0.05576104849828381
  },
  "val_crm_loss": 0.09045458871754818,
  "val_crm_rmse": {
    "vel_body_x_mps": 0.002913245645285359,
    "vel_body_y_mps": 0.0024400428434109864,
    "roll_rad": 4.4539404741975525e-05,
    "pitch_rad": 3.419110280892709e-05,
    "roll_rate_radps": 0.0037182174356770923,
    "ang_vel_body_y_radps": 0.0024988446430603685,
    "yaw_rate_radps": 0.0023542008167501596,
    "tire_fl_force_wheel_fz_n": 649.7240902018885,
    "tire_fr_force_wheel_fz_n": 651.1187502006013,
    "tire_rl_force_wheel_fz_n": 925.4980211438127,
    "tire_rr_force_wheel_fz_n": 966.0955601440036,
    "tire_fl_spindle_omega_radps": 0.13596813331120808,
    "tire_fr_spindle_omega_radps": 0.13586205879486768,
    "tire_rl_spindle_omega_radps": 0.1561285919079128,
    "tire_rr_spindle_omega_radps": 0.15679934697131861
  },
  "val_mixed_loss": 0.046886851833878605,
  "rollout_flat_5.0s": {
    "xy_rmse_m": 0.8153241144544427,
    "yaw_rmse_rad": 0.06439188448856627,
    "errdist": 0.10739011520609125,
    "mean_dist_m": 7.592170963684718,
    "episodes": 12
  },
  "rollout_flat_10.0s": {
    "xy_rmse_m": 4.298875540449169,
    "yaw_rmse_rad": 0.17481192260736791,
    "errdist": 0.1220678119268519,
    "mean_dist_m": 35.2171098391215,
    "episodes": 12
  },
  "rollout_crm_5.0s": {
    "xy_rmse_m": 0.5927722930143013,
    "yaw_rmse_rad": 0.029514240736321105,
    "errdist": 0.0828298934776234,
    "mean_dist_m": 7.1565019357949495,
    "episodes": 12
  },
  "rollout_crm_10.0s": {
    "xy_rmse_m": 2.3014864094645984,
    "yaw_rmse_rad": 0.192056818587588,
    "errdist": 0.0919241352499633,
    "mean_dist_m": 25.036802393694717,
    "episodes": 12
  },
  "rollout_sel": 0.1069959735884076
}
{
  "epoch": 63,
  "timestamp_utc": "2026-07-09T19:15:16.200428+00:00",
  "train_loss": 0.026814281433820725,
  "val_loss": 0.003211733970674686,
  "val_rmse": {
    "vel_body_x_mps": 0.0009004361725099641,
    "vel_body_y_mps": 0.0006657765470449642,
    "roll_rad": 1.4475495182317217e-05,
    "pitch_rad": 1.1921936035994557e-05,
    "roll_rate_radps": 0.0014971094442158656,
    "ang_vel_body_y_radps": 0.0009224911206245908,
    "yaw_rate_radps": 0.0013392389143367853,
    "tire_fl_force_wheel_fz_n": 39.759165615593936,
    "tire_fr_force_wheel_fz_n": 40.37186469089669,
    "tire_rl_force_wheel_fz_n": 23.43783155588238,
    "tire_rr_force_wheel_fz_n": 22.126560437191785,
    "tire_fl_spindle_omega_radps": 0.06320341421116417,
    "tire_fr_spindle_omega_radps": 0.07276116461701496,
    "tire_rl_spindle_omega_radps": 0.07350380609696411,
    "tire_rr_spindle_omega_radps": 0.05434677118365199
  },
  "val_flat_loss": 0.003211733970674686,
  "val_flat_rmse": {
    "vel_body_x_mps": 0.0009004361725099641,
    "vel_body_y_mps": 0.0006657765470449642,
    "roll_rad": 1.4475495182317217e-05,
    "pitch_rad": 1.1921936035994557e-05,
    "roll_rate_radps": 0.0014971094442158656,
    "ang_vel_body_y_radps": 0.0009224911206245908,
    "yaw_rate_radps": 0.0013392389143367853,
    "tire_fl_force_wheel_fz_n": 39.759165615593936,
    "tire_fr_force_wheel_fz_n": 40.37186469089669,
    "tire_rl_force_wheel_fz_n": 23.43783155588238,
    "tire_rr_force_wheel_fz_n": 22.126560437191785,
    "tire_fl_spindle_omega_radps": 0.06320341421116417,
    "tire_fr_spindle_omega_radps": 0.07276116461701496,
    "tire_rl_spindle_omega_radps": 0.07350380609696411,
    "tire_rr_spindle_omega_radps": 0.05434677118365199
  },
  "val_crm_loss": 0.0900981418864103,
  "val_crm_rmse": {
    "vel_body_x_mps": 0.0029204459146998686,
    "vel_body_y_mps": 0.0023860419335395805,
    "roll_rad": 4.552079093272031e-05,
    "pitch_rad": 3.0596757529496755e-05,
    "roll_rate_radps": 0.003695844539228003,
    "ang_vel_body_y_radps": 0.0024991019945988474,
    "yaw_rate_radps": 0.0023368077791579376,
    "tire_fl_force_wheel_fz_n": 641.483008204,
    "tire_fr_force_wheel_fz_n": 647.5187079732083,
    "tire_rl_force_wheel_fz_n": 923.5247206436288,
    "tire_rr_force_wheel_fz_n": 969.7107357616139,
    "tire_fl_spindle_omega_radps": 0.13542210430287727,
    "tire_fr_spindle_omega_radps": 0.13577016263742275,
    "tire_rl_spindle_omega_radps": 0.15561689038718216,
    "tire_rr_spindle_omega_radps": 0.15669525830171607
  },
  "val_mixed_loss": 0.04665493792854249,
  "rollout_flat_5.0s": {
    "xy_rmse_m": 2.1274625740390283,
    "yaw_rmse_rad": 0.13851617407075856,
    "errdist": 0.2802179487547399,
    "mean_dist_m": 7.592170963684718,
    "episodes": 12
  },
  "rollout_flat_10.0s": {
    "xy_rmse_m": 6.583735053960038,
    "yaw_rmse_rad": 0.2932292012959398,
    "errdist": 0.18694705738306752,
    "mean_dist_m": 35.2171098391215,
    "episodes": 12
  },
  "rollout_crm_5.0s": {
    "xy_rmse_m": 0.7993441120892902,
    "yaw_rmse_rad": 0.035070997397604914,
    "errdist": 0.11169480833802059,
    "mean_dist_m": 7.1565019357949495,
    "episodes": 12
  },
  "rollout_crm_10.0s": {
    "xy_rmse_m": 2.208909424013652,
    "yaw_rmse_rad": 0.19644807467273157,
    "errdist": 0.08822649910636932,
    "mean_dist_m": 25.036802393694717,
    "episodes": 12
  },
  "rollout_sel": 0.13758677824471843
}
{
  "epoch": 64,
  "timestamp_utc": "2026-07-09T19:15:42.094385+00:00",
  "train_loss": 0.026580898433923722,
  "val_loss": 0.003190564950618864,
  "val_rmse": {
    "vel_body_x_mps": 0.0009070878600999641,
    "vel_body_y_mps": 0.0006915775934512383,
    "roll_rad": 1.4276177671072465e-05,
    "pitch_rad": 8.473744413127201e-06,
    "roll_rate_radps": 0.0015143514431758883,
    "ang_vel_body_y_radps": 0.0009091409784778766,
    "yaw_rate_radps": 0.0013266398369224312,
    "tire_fl_force_wheel_fz_n": 40.03784116164341,
    "tire_fr_force_wheel_fz_n": 40.25058779316915,
    "tire_rl_force_wheel_fz_n": 23.525106515349357,
    "tire_rr_force_wheel_fz_n": 21.95849550157149,
    "tire_fl_spindle_omega_radps": 0.06260533599553794,
    "tire_fr_spindle_omega_radps": 0.07251747703782765,
    "tire_rl_spindle_omega_radps": 0.0734710218924431,
    "tire_rr_spindle_omega_radps": 0.054208175740833836
  },
  "val_flat_loss": 0.003190564950618864,
  "val_flat_rmse": {
    "vel_body_x_mps": 0.0009070878600999641,
    "vel_body_y_mps": 0.0006915775934512383,
    "roll_rad": 1.4276177671072465e-05,
    "pitch_rad": 8.473744413127201e-06,
    "roll_rate_radps": 0.0015143514431758883,
    "ang_vel_body_y_radps": 0.0009091409784778766,
    "yaw_rate_radps": 0.0013266398369224312,
    "tire_fl_force_wheel_fz_n": 40.03784116164341,
    "tire_fr_force_wheel_fz_n": 40.25058779316915,
    "tire_rl_force_wheel_fz_n": 23.525106515349357,
    "tire_rr_force_wheel_fz_n": 21.95849550157149,
    "tire_fl_spindle_omega_radps": 0.06260533599553794,
    "tire_fr_spindle_omega_radps": 0.07251747703782765,
    "tire_rl_spindle_omega_radps": 0.0734710218924431,
    "tire_rr_spindle_omega_radps": 0.054208175740833836
  },
  "val_crm_loss": 0.09056189883267507,
  "val_crm_rmse": {
    "vel_body_x_mps": 0.002951740184097183,
    "vel_body_y_mps": 0.002496254313058187,
    "roll_rad": 4.564032884006608e-05,
    "pitch_rad": 3.233867490502857e-05,
    "roll_rate_radps": 0.0037870989658206605,
    "ang_vel_body_y_radps": 0.0025073879466668207,
    "yaw_rate_radps": 0.0023486909379612114,
    "tire_fl_force_wheel_fz_n": 652.0700489950345,
    "tire_fr_force_wheel_fz_n": 654.6356605986581,
    "tire_rl_force_wheel_fz_n": 926.6645406818106,
    "tire_rr_force_wheel_fz_n": 961.308653515885,
    "tire_fl_spindle_omega_radps": 0.13522014848098105,
    "tire_fr_spindle_omega_radps": 0.13635179511206036,
    "tire_rl_spindle_omega_radps": 0.15491210876419376,
    "tire_rr_spindle_omega_radps": 0.15596628557485653
  },
  "val_mixed_loss": 0.04687623189164697,
  "rollout_flat_5.0s": {
    "xy_rmse_m": 1.362042110595721,
    "yaw_rmse_rad": 0.10517220087253104,
    "errdist": 0.17940087454704515,
    "mean_dist_m": 7.592170963684718,
    "episodes": 12
  },
  "rollout_flat_10.0s": {
    "xy_rmse_m": 5.995663728027223,
    "yaw_rmse_rad": 0.19282327188522436,
    "errdist": 0.17024860232473826,
    "mean_dist_m": 35.2171098391215,
    "episodes": 12
  },
  "rollout_crm_5.0s": {
    "xy_rmse_m": 0.8263343504816986,
    "yaw_rmse_rad": 0.036528674700457196,
    "errdist": 0.11546623726161387,
    "mean_dist_m": 7.1565019357949495,
    "episodes": 12
  },
  "rollout_crm_10.0s": {
    "xy_rmse_m": 3.7940942479682045,
    "yaw_rmse_rad": 0.20923454109219297,
    "errdist": 0.1515406875170174,
    "mean_dist_m": 25.036802393694717,
    "episodes": 12
  },
  "rollout_sel": 0.16089464492087785
}
{
  "epoch": 65,
  "timestamp_utc": "2026-07-09T19:16:07.551550+00:00",
  "train_loss": 0.026647083251737057,
  "val_loss": 0.0031251767074354573,
  "val_rmse": {
    "vel_body_x_mps": 0.0008891243668234596,
    "vel_body_y_mps": 0.0006533472592084889,
    "roll_rad": 1.3813280115130145e-05,
    "pitch_rad": 8.482357029822334e-06,
    "roll_rate_radps": 0.0014868776369788214,
    "ang_vel_body_y_radps": 0.000909244780859985,
    "yaw_rate_radps": 0.0013188170805098908,
    "tire_fl_force_wheel_fz_n": 40.052720080264436,
    "tire_fr_force_wheel_fz_n": 40.06961626828026,
    "tire_rl_force_wheel_fz_n": 23.61334945297804,
    "tire_rr_force_wheel_fz_n": 21.81782489127755,
    "tire_fl_spindle_omega_radps": 0.06245194892836714,
    "tire_fr_spindle_omega_radps": 0.07230666252744115,
    "tire_rl_spindle_omega_radps": 0.07336583356238924,
    "tire_rr_spindle_omega_radps": 0.05410988808742272
  },
  "val_flat_loss": 0.0031251767074354573,
  "val_flat_rmse": {
    "vel_body_x_mps": 0.0008891243668234596,
    "vel_body_y_mps": 0.0006533472592084889,
    "roll_rad": 1.3813280115130145e-05,
    "pitch_rad": 8.482357029822334e-06,
    "roll_rate_radps": 0.0014868776369788214,
    "ang_vel_body_y_radps": 0.000909244780859985,
    "yaw_rate_radps": 0.0013188170805098908,
    "tire_fl_force_wheel_fz_n": 40.052720080264436,
    "tire_fr_force_wheel_fz_n": 40.06961626828026,
    "tire_rl_force_wheel_fz_n": 23.61334945297804,
    "tire_rr_force_wheel_fz_n": 21.81782489127755,
    "tire_fl_spindle_omega_radps": 0.06245194892836714,
    "tire_fr_spindle_omega_radps": 0.07230666252744115,
    "tire_rl_spindle_omega_radps": 0.07336583356238924,
    "tire_rr_spindle_omega_radps": 0.05410988808742272
  },
  "val_crm_loss": 0.09000890233379323,
  "val_crm_rmse": {
    "vel_body_x_mps": 0.0028911556944581467,
    "vel_body_y_mps": 0.0024176691457476977,
    "roll_rad": 4.4922644521869084e-05,
    "pitch_rad": 3.09087908577328e-05,
    "roll_rate_radps": 0.003678172848456048,
    "ang_vel_body_y_radps": 0.002486770523017452,
    "yaw_rate_radps": 0.0023355351611383628,
    "tire_fl_force_wheel_fz_n": 652.2942248453543,
    "tire_fr_force_wheel_fz_n": 652.8454540042113,
    "tire_rl_force_wheel_fz_n": 922.7864258084045,
    "tire_rr_force_wheel_fz_n": 963.5141860308748,
    "tire_fl_spindle_omega_radps": 0.1354719063882495,
    "tire_fr_spindle_omega_radps": 0.1359226434589233,
    "tire_rl_spindle_omega_radps": 0.1559284722814534,
    "tire_rr_spindle_omega_radps": 0.15662907396524509
  },
  "val_mixed_loss": 0.04656703952061434,
  "rollout_flat_5.0s": {
    "xy_rmse_m": 0.9632736586090879,
    "yaw_rmse_rad": 0.04984085692893123,
    "errdist": 0.1268772348800719,
    "mean_dist_m": 7.592170963684718,
    "episodes": 12
  },
  "rollout_flat_10.0s": {
    "xy_rmse_m": 4.557226643137311,
    "yaw_rmse_rad": 0.12921140775228432,
    "errdist": 0.1294037660658582,
    "mean_dist_m": 35.2171098391215,
    "episodes": 12
  },
  "rollout_crm_5.0s": {
    "xy_rmse_m": 1.3708055176082063,
    "yaw_rmse_rad": 0.05953527272340286,
    "errdist": 0.19154686603964932,
    "mean_dist_m": 7.1565019357949495,
    "episodes": 12
  },
  "rollout_crm_10.0s": {
    "xy_rmse_m": 3.899863347161802,
    "yaw_rmse_rad": 0.4921402363513063,
    "errdist": 0.15576523254998192,
    "mean_dist_m": 25.036802393694717,
    "episodes": 12
  },
  "rollout_sel": 0.14258449930792005
}
{
  "epoch": 66,
  "timestamp_utc": "2026-07-09T19:16:32.269961+00:00",
  "train_loss": 0.026415727220941335,
  "val_loss": 0.003172682982931292,
  "val_rmse": {
    "vel_body_x_mps": 0.0008920869233210818,
    "vel_body_y_mps": 0.0006714014617891091,
    "roll_rad": 1.2909533058954626e-05,
    "pitch_rad": 8.635517377437004e-06,
    "roll_rate_radps": 0.001514567702858914,
    "ang_vel_body_y_radps": 0.0009066617232494173,
    "yaw_rate_radps": 0.0013228234703071256,
    "tire_fl_force_wheel_fz_n": 40.86013050117556,
    "tire_fr_force_wheel_fz_n": 40.38583877462267,
    "tire_rl_force_wheel_fz_n": 23.448918251960336,
    "tire_rr_force_wheel_fz_n": 21.96183831505089,
    "tire_fl_spindle_omega_radps": 0.06301794217781728,
    "tire_fr_spindle_omega_radps": 0.07268444492574289,
    "tire_rl_spindle_omega_radps": 0.07346461844503031,
    "tire_rr_spindle_omega_radps": 0.0542354637775348
  },
  "val_flat_loss": 0.003172682982931292,
  "val_flat_rmse": {
    "vel_body_x_mps": 0.0008920869233210818,
    "vel_body_y_mps": 0.0006714014617891091,
    "roll_rad": 1.2909533058954626e-05,
    "pitch_rad": 8.635517377437004e-06,
    "roll_rate_radps": 0.001514567702858914,
    "ang_vel_body_y_radps": 0.0009066617232494173,
    "yaw_rate_radps": 0.0013228234703071256,
    "tire_fl_force_wheel_fz_n": 40.86013050117556,
    "tire_fr_force_wheel_fz_n": 40.38583877462267,
    "tire_rl_force_wheel_fz_n": 23.448918251960336,
    "tire_rr_force_wheel_fz_n": 21.96183831505089,
    "tire_fl_spindle_omega_radps": 0.06301794217781728,
    "tire_fr_spindle_omega_radps": 0.07268444492574289,
    "tire_rl_spindle_omega_radps": 0.07346461844503031,
    "tire_rr_spindle_omega_radps": 0.0542354637775348
  },
  "val_crm_loss": 0.08960950025240891,
  "val_crm_rmse": {
    "vel_body_x_mps": 0.0029316176563370347,
    "vel_body_y_mps": 0.0023943698731763376,
    "roll_rad": 4.419600986504314e-05,
    "pitch_rad": 3.0471565710871106e-05,
    "roll_rate_radps": 0.003707205444175701,
    "ang_vel_body_y_radps": 0.002458851190582044,
    "yaw_rate_radps": 0.0023295007437458956,
    "tire_fl_force_wheel_fz_n": 645.3590932142631,
    "tire_fr_force_wheel_fz_n": 647.4891546396561,
    "tire_rl_force_wheel_fz_n": 922.1425882060748,
    "tire_rr_force_wheel_fz_n": 967.2541652966987,
    "tire_fl_spindle_omega_radps": 0.13434420263842092,
    "tire_fr_spindle_omega_radps": 0.13464547743287975,
    "tire_rl_spindle_omega_radps": 0.15427960276769534,
    "tire_rr_spindle_omega_radps": 0.15537135370175714
  },
  "val_mixed_loss": 0.0463910916176701,
  "rollout_flat_5.0s": {
    "xy_rmse_m": 1.2585352120973041,
    "yaw_rmse_rad": 0.0759850968909639,
    "errdist": 0.1657675015640714,
    "mean_dist_m": 7.592170963684718,
    "episodes": 12
  },
  "rollout_flat_10.0s": {
    "xy_rmse_m": 5.859216049927376,
    "yaw_rmse_rad": 0.17168269576097744,
    "errdist": 0.16637413111676105,
    "mean_dist_m": 35.2171098391215,
    "episodes": 12
  },
  "rollout_crm_5.0s": {
    "xy_rmse_m": 1.2468224694923022,
    "yaw_rmse_rad": 0.0705701657787836,
    "errdist": 0.17422233385503924,
    "mean_dist_m": 7.1565019357949495,
    "episodes": 12
  },
  "rollout_crm_10.0s": {
    "xy_rmse_m": 4.192840138109449,
    "yaw_rmse_rad": 0.188743889789491,
    "errdist": 0.16746707795103163,
    "mean_dist_m": 25.036802393694717,
    "episodes": 12
  },
  "rollout_sel": 0.16692060453389634
}
{
  "epoch": 67,
  "timestamp_utc": "2026-07-09T19:16:57.505791+00:00",
  "train_loss": 0.026182157980743796,
  "val_loss": 0.0031279268377329573,
  "val_rmse": {
    "vel_body_x_mps": 0.0009063784074877398,
    "vel_body_y_mps": 0.0006557945559627644,
    "roll_rad": 1.3231256400565805e-05,
    "pitch_rad": 9.683193370087014e-06,
    "roll_rate_radps": 0.001490492539452438,
    "ang_vel_body_y_radps": 0.0009099070509358665,
    "yaw_rate_radps": 0.0013109672710632236,
    "tire_fl_force_wheel_fz_n": 39.38655006343059,
    "tire_fr_force_wheel_fz_n": 39.72692450926514,
    "tire_rl_force_wheel_fz_n": 23.939964735264887,
    "tire_rr_force_wheel_fz_n": 21.991535939946772,
    "tire_fl_spindle_omega_radps": 0.062566455609914,
    "tire_fr_spindle_omega_radps": 0.07250935029122647,
    "tire_rl_spindle_omega_radps": 0.07337831292372364,
    "tire_rr_spindle_omega_radps": 0.05412376563940532
  },
  "val_flat_loss": 0.0031279268377329573,
  "val_flat_rmse": {
    "vel_body_x_mps": 0.0009063784074877398,
    "vel_body_y_mps": 0.0006557945559627644,
    "roll_rad": 1.3231256400565805e-05,
    "pitch_rad": 9.683193370087014e-06,
    "roll_rate_radps": 0.001490492539452438,
    "ang_vel_body_y_radps": 0.0009099070509358665,
    "yaw_rate_radps": 0.0013109672710632236,
    "tire_fl_force_wheel_fz_n": 39.38655006343059,
    "tire_fr_force_wheel_fz_n": 39.72692450926514,
    "tire_rl_force_wheel_fz_n": 23.939964735264887,
    "tire_rr_force_wheel_fz_n": 21.991535939946772,
    "tire_fl_spindle_omega_radps": 0.062566455609914,
    "tire_fr_spindle_omega_radps": 0.07250935029122647,
    "tire_rl_spindle_omega_radps": 0.07337831292372364,
    "tire_rr_spindle_omega_radps": 0.05412376563940532
  },
  "val_crm_loss": 0.08960378527699504,
  "val_crm_rmse": {
    "vel_body_x_mps": 0.002928749249970306,
    "vel_body_y_mps": 0.0023896420445086784,
    "roll_rad": 4.4680254007189305e-05,
    "pitch_rad": 2.950733800181294e-05,
    "roll_rate_radps": 0.003682445125414478,
    "ang_vel_body_y_radps": 0.0024864118771954413,
    "yaw_rate_radps": 0.002328887583806497,
    "tire_fl_force_wheel_fz_n": 644.3183959096754,
    "tire_fr_force_wheel_fz_n": 646.5334266851862,
    "tire_rl_force_wheel_fz_n": 922.940910997487,
    "tire_rr_force_wheel_fz_n": 962.7182736848274,
    "tire_fl_spindle_omega_radps": 0.1346796752901177,
    "tire_fr_spindle_omega_radps": 0.1358819280918565,
    "tire_rl_spindle_omega_radps": 0.1551579946442077,
    "tire_rr_spindle_omega_radps": 0.15595254379457826
  },
  "val_mixed_loss": 0.046365856057364,
  "rollout_flat_5.0s": {
    "xy_rmse_m": 0.8303246455799195,
    "yaw_rmse_rad": 0.05703440223652474,
    "errdist": 0.1093659046340728,
    "mean_dist_m": 7.592170963684718,
    "episodes": 12
  },
  "rollout_flat_10.0s": {
    "xy_rmse_m": 5.062031974162474,
    "yaw_rmse_rad": 0.1290474925935369,
    "errdist": 0.14373785916240162,
    "mean_dist_m": 35.2171098391215,
    "episodes": 12
  },
  "rollout_crm_5.0s": {
    "xy_rmse_m": 0.6695104159333742,
    "yaw_rmse_rad": 0.022266420425461925,
    "errdist": 0.0935527471298035,
    "mean_dist_m": 7.1565019357949495,
    "episodes": 12
  },
  "rollout_crm_10.0s": {
    "xy_rmse_m": 1.9521720693155602,
    "yaw_rmse_rad": 0.0788290536990876,
    "errdist": 0.0779721003752139,
    "mean_dist_m": 25.036802393694717,
    "episodes": 12
  },
  "rollout_sel": 0.11085497976880776
}
{
  "epoch": 68,
  "timestamp_utc": "2026-07-09T19:17:23.216553+00:00",
  "train_loss": 0.026274271487724037,
  "val_loss": 0.003126897733654914,
  "val_rmse": {
    "vel_body_x_mps": 0.0008941890589158654,
    "vel_body_y_mps": 0.0006508643094681119,
    "roll_rad": 1.4546345362214585e-05,
    "pitch_rad": 9.388466488161198e-06,
    "roll_rate_radps": 0.0014813069079041387,
    "ang_vel_body_y_radps": 0.0009056027816109304,
    "yaw_rate_radps": 0.001313679970732889,
    "tire_fl_force_wheel_fz_n": 38.87298276604533,
    "tire_fr_force_wheel_fz_n": 40.32183062342461,
    "tire_rl_force_wheel_fz_n": 23.32157100707851,
    "tire_rr_force_wheel_fz_n": 21.80606799674294,
    "tire_fl_spindle_omega_radps": 0.06250759000594644,
    "tire_fr_spindle_omega_radps": 0.07247823007969871,
    "tire_rl_spindle_omega_radps": 0.07355302764189574,
    "tire_rr_spindle_omega_radps": 0.05428257263399729
  },
  "val_flat_loss": 0.003126897733654914,
  "val_flat_rmse": {
    "vel_body_x_mps": 0.0008941890589158654,
    "vel_body_y_mps": 0.0006508643094681119,
    "roll_rad": 1.4546345362214585e-05,
    "pitch_rad": 9.388466488161198e-06,
    "roll_rate_radps": 0.0014813069079041387,
    "ang_vel_body_y_radps": 0.0009056027816109304,
    "yaw_rate_radps": 0.001313679970732889,
    "tire_fl_force_wheel_fz_n": 38.87298276604533,
    "tire_fr_force_wheel_fz_n": 40.32183062342461,
    "tire_rl_force_wheel_fz_n": 23.32157100707851,
    "tire_rr_force_wheel_fz_n": 21.80606799674294,
    "tire_fl_spindle_omega_radps": 0.06250759000594644,
    "tire_fr_spindle_omega_radps": 0.07247823007969871,
    "tire_rl_spindle_omega_radps": 0.07355302764189574,
    "tire_rr_spindle_omega_radps": 0.05428257263399729
  },
  "val_crm_loss": 0.08987806927761995,
  "val_crm_rmse": {
    "vel_body_x_mps": 0.002939510539174557,
    "vel_body_y_mps": 0.002398007181732639,
    "roll_rad": 4.3947213364332764e-05,
    "pitch_rad": 2.9975751776681824e-05,
    "roll_rate_radps": 0.003690679226263685,
    "ang_vel_body_y_radps": 0.002498080047447736,
    "yaw_rate_radps": 0.0023285660371099165,
    "tire_fl_force_wheel_fz_n": 645.0180486096699,
    "tire_fr_force_wheel_fz_n": 647.838099948681,
    "tire_rl_force_wheel_fz_n": 925.3397248770566,
    "tire_rr_force_wheel_fz_n": 969.1702335357062,
    "tire_fl_spindle_omega_radps": 0.1345584786469492,
    "tire_fr_spindle_omega_radps": 0.1350197083761156,
    "tire_rl_spindle_omega_radps": 0.1548524371696065,
    "tire_rr_spindle_omega_radps": 0.15529529405726533
  },
  "val_mixed_loss": 0.04650248350563743,
  "rollout_flat_5.0s": {
    "xy_rmse_m": 0.9700193657531362,
    "yaw_rmse_rad": 0.07638242236254918,
    "errdist": 0.1277657432100759,
    "mean_dist_m": 7.592170963684718,
    "episodes": 12
  },
  "rollout_flat_10.0s": {
    "xy_rmse_m": 4.888745514202669,
    "yaw_rmse_rad": 0.18515725855814202,
    "errdist": 0.13881734010926491,
    "mean_dist_m": 35.2171098391215,
    "episodes": 12
  },
  "rollout_crm_5.0s": {
    "xy_rmse_m": 0.7987196989958394,
    "yaw_rmse_rad": 0.03154550214030775,
    "errdist": 0.1116075571782986,
    "mean_dist_m": 7.1565019357949495,
    "episodes": 12
  },
  "rollout_crm_10.0s": {
    "xy_rmse_m": 2.687281645724045,
    "yaw_rmse_rad": 0.19518518318280695,
    "errdist": 0.10733326099185939,
    "mean_dist_m": 25.036802393694717,
    "episodes": 12
  },
  "rollout_sel": 0.12307530055056215
}
{
  "epoch": 69,
  "timestamp_utc": "2026-07-09T19:17:48.398632+00:00",
  "train_loss": 0.026343569507356734,
  "val_loss": 0.0030650207280086762,
  "val_rmse": {
    "vel_body_x_mps": 0.0008851675415908796,
    "vel_body_y_mps": 0.000647318755505847,
    "roll_rad": 1.4559329502648652e-05,
    "pitch_rad": 8.168409598960344e-06,
    "roll_rate_radps": 0.001477977011555532,
    "ang_vel_body_y_radps": 0.0009155545355206502,
    "yaw_rate_radps": 0.0013044612906408643,
    "tire_fl_force_wheel_fz_n": 39.52425082550524,
    "tire_fr_force_wheel_fz_n": 40.0522653379567,
    "tire_rl_force_wheel_fz_n": 23.500769268390577,
    "tire_rr_force_wheel_fz_n": 22.130020883552913,
    "tire_fl_spindle_omega_radps": 0.061985585092938764,
    "tire_fr_spindle_omega_radps": 0.07230929359309549,
    "tire_rl_spindle_omega_radps": 0.0733080063871322,
    "tire_rr_spindle_omega_radps": 0.05400980291672221
  },
  "val_flat_loss": 0.0030650207280086762,
  "val_flat_rmse": {
    "vel_body_x_mps": 0.0008851675415908796,
    "vel_body_y_mps": 0.000647318755505847,
    "roll_rad": 1.4559329502648652e-05,
    "pitch_rad": 8.168409598960344e-06,
    "roll_rate_radps": 0.001477977011555532,
    "ang_vel_body_y_radps": 0.0009155545355206502,
    "yaw_rate_radps": 0.0013044612906408643,
    "tire_fl_force_wheel_fz_n": 39.52425082550524,
    "tire_fr_force_wheel_fz_n": 40.0522653379567,
    "tire_rl_force_wheel_fz_n": 23.500769268390577,
    "tire_rr_force_wheel_fz_n": 22.130020883552913,
    "tire_fl_spindle_omega_radps": 0.061985585092938764,
    "tire_fr_spindle_omega_radps": 0.07230929359309549,
    "tire_rl_spindle_omega_radps": 0.0733080063871322,
    "tire_rr_spindle_omega_radps": 0.05400980291672221
  },
  "val_crm_loss": 0.08954288287321105,
  "val_crm_rmse": {
    "vel_body_x_mps": 0.0028842097959341528,
    "vel_body_y_mps": 0.0023982321719208813,
    "roll_rad": 4.3139125846180083e-05,
    "pitch_rad": 2.840485287544846e-05,
    "roll_rate_radps": 0.0036558517090622433,
    "ang_vel_body_y_radps": 0.0024752477233205062,
    "yaw_rate_radps": 0.002328041401167406,
    "tire_fl_force_wheel_fz_n": 646.8471022554627,
    "tire_fr_force_wheel_fz_n": 645.8726099028014,
    "tire_rl_force_wheel_fz_n": 925.8338853503577,
    "tire_rr_force_wheel_fz_n": 969.1248222364491,
    "tire_fl_spindle_omega_radps": 0.13420549247717087,
    "tire_fr_spindle_omega_radps": 0.1350561524005543,
    "tire_rl_spindle_omega_radps": 0.15445333352830218,
    "tire_rr_spindle_omega_radps": 0.15591711357967128
  },
  "val_mixed_loss": 0.046303951800609866,
  "rollout_flat_5.0s": {
    "xy_rmse_m": 1.1228708789858388,
    "yaw_rmse_rad": 0.07450018864369484,
    "errdist": 0.14789852393430225,
    "mean_dist_m": 7.592170963684718,
    "episodes": 12
  },
  "rollout_flat_10.0s": {
    "xy_rmse_m": 6.290341099969965,
    "yaw_rmse_rad": 0.16289212681286122,
    "errdist": 0.17861605136552794,
    "mean_dist_m": 35.2171098391215,
    "episodes": 12
  },
  "rollout_crm_5.0s": {
    "xy_rmse_m": 0.7219873219307718,
    "yaw_rmse_rad": 0.025834598109729767,
    "errdist": 0.1008855064119497,
    "mean_dist_m": 7.1565019357949495,
    "episodes": 12
  },
  "rollout_crm_10.0s": {
    "xy_rmse_m": 2.0989112483975836,
    "yaw_rmse_rad": 0.1731331478306318,
    "errdist": 0.08383303967467405,
    "mean_dist_m": 25.036802393694717,
    "episodes": 12
  },
  "rollout_sel": 0.131224545520101
}
{
  "epoch": 70,
  "timestamp_utc": "2026-07-09T19:18:14.151066+00:00",
  "train_loss": 0.026028966834302992,
  "val_loss": 0.0031463488510053137,
  "val_rmse": {
    "vel_body_x_mps": 0.0008865745857532824,
    "vel_body_y_mps": 0.0006616642376259299,
    "roll_rad": 1.4534692455333897e-05,
    "pitch_rad": 8.18082611531092e-06,
    "roll_rate_radps": 0.001490904967023606,
    "ang_vel_body_y_radps": 0.0009040998246766191,
    "yaw_rate_radps": 0.0013362858619615128,
    "tire_fl_force_wheel_fz_n": 39.60613369388127,
    "tire_fr_force_wheel_fz_n": 39.84105405469495,
    "tire_rl_force_wheel_fz_n": 23.290109982228806,
    "tire_rr_force_wheel_fz_n": 21.85340482788201,
    "tire_fl_spindle_omega_radps": 0.0626591215356965,
    "tire_fr_spindle_omega_radps": 0.07225788437764705,
    "tire_rl_spindle_omega_radps": 0.07348446240194684,
    "tire_rr_spindle_omega_radps": 0.0538427349410172
  },
  "val_flat_loss": 0.0031463488510053137,
  "val_flat_rmse": {
    "vel_body_x_mps": 0.0008865745857532824,
    "vel_body_y_mps": 0.0006616642376259299,
    "roll_rad": 1.4534692455333897e-05,
    "pitch_rad": 8.18082611531092e-06,
    "roll_rate_radps": 0.001490904967023606,
    "ang_vel_body_y_radps": 0.0009040998246766191,
    "yaw_rate_radps": 0.0013362858619615128,
    "tire_fl_force_wheel_fz_n": 39.60613369388127,
    "tire_fr_force_wheel_fz_n": 39.84105405469495,
    "tire_rl_force_wheel_fz_n": 23.290109982228806,
    "tire_rr_force_wheel_fz_n": 21.85340482788201,
    "tire_fl_spindle_omega_radps": 0.0626591215356965,
    "tire_fr_spindle_omega_radps": 0.07225788437764705,
    "tire_rl_spindle_omega_radps": 0.07348446240194684,
    "tire_rr_spindle_omega_radps": 0.0538427349410172
  },
  "val_crm_loss": 0.089172207241063,
  "val_crm_rmse": {
    "vel_body_x_mps": 0.002897299723590262,
    "vel_body_y_mps": 0.002378041155141563,
    "roll_rad": 4.181322917051733e-05,
    "pitch_rad": 2.8764295690681302e-05,
    "roll_rate_radps": 0.003662261981781328,
    "ang_vel_body_y_radps": 0.0024721849202279803,
    "yaw_rate_radps": 0.0023256213713493535,
    "tire_fl_force_wheel_fz_n": 642.8779455605734,
    "tire_fr_force_wheel_fz_n": 640.8229897193389,
    "tire_rl_force_wheel_fz_n": 925.7684830165307,
    "tire_rr_force_wheel_fz_n": 962.2996858455364,
    "tire_fl_spindle_omega_radps": 0.13412824911639562,
    "tire_fr_spindle_omega_radps": 0.13521629436490146,
    "tire_rl_spindle_omega_radps": 0.15430762236377907,
    "tire_rr_spindle_omega_radps": 0.15525663747353463
  },
  "val_mixed_loss": 0.04615927804603416,
  "rollout_flat_5.0s": {
    "xy_rmse_m": 1.576275830098816,
    "yaw_rmse_rad": 0.09358904187885769,
    "errdist": 0.20761858994463422,
    "mean_dist_m": 7.592170963684718,
    "episodes": 12
  },
  "rollout_flat_10.0s": {
    "xy_rmse_m": 5.417517679042162,
    "yaw_rmse_rad": 0.18472667359122705,
    "errdist": 0.1538319783704688,
    "mean_dist_m": 35.2171098391215,
    "episodes": 12
  },
  "rollout_crm_5.0s": {
    "xy_rmse_m": 0.7038155117817918,
    "yaw_rmse_rad": 0.03150549969128785,
    "errdist": 0.09834630355669867,
    "mean_dist_m": 7.1565019357949495,
    "episodes": 12
  },
  "rollout_crm_10.0s": {
    "xy_rmse_m": 2.1759309387582917,
    "yaw_rmse_rad": 0.20610102380497775,
    "errdist": 0.08690929874121144,
    "mean_dist_m": 25.036802393694717,
    "episodes": 12
  },
  "rollout_sel": 0.12037063855584013
}
{
  "epoch": 71,
  "timestamp_utc": "2026-07-09T19:18:39.347336+00:00",
  "train_loss": 0.026137514416128396,
  "val_loss": 0.0031518634470558025,
  "val_rmse": {
    "vel_body_x_mps": 0.0008995025168831377,
    "vel_body_y_mps": 0.0006477875949184083,
    "roll_rad": 1.563975525834806e-05,
    "pitch_rad": 9.376189949719763e-06,
    "roll_rate_radps": 0.0014773588428825572,
    "ang_vel_body_y_radps": 0.0009064091275945619,
    "yaw_rate_radps": 0.0013076392105375743,
    "tire_fl_force_wheel_fz_n": 38.96479492037589,
    "tire_fr_force_wheel_fz_n": 39.84978223966119,
    "tire_rl_force_wheel_fz_n": 23.394881866879974,
    "tire_rr_force_wheel_fz_n": 21.98677424175895,
    "tire_fl_spindle_omega_radps": 0.06232275271915256,
    "tire_fr_spindle_omega_radps": 0.07227102872969958,
    "tire_rl_spindle_omega_radps": 0.07416487528388145,
    "tire_rr_spindle_omega_radps": 0.055104122235976084
  },
  "val_flat_loss": 0.0031518634470558025,
  "val_flat_rmse": {
    "vel_body_x_mps": 0.0008995025168831377,
    "vel_body_y_mps": 0.0006477875949184083,
    "roll_rad": 1.563975525834806e-05,
    "pitch_rad": 9.376189949719763e-06,
    "roll_rate_radps": 0.0014773588428825572,
    "ang_vel_body_y_radps": 0.0009064091275945619,
    "yaw_rate_radps": 0.0013076392105375743,
    "tire_fl_force_wheel_fz_n": 38.96479492037589,
    "tire_fr_force_wheel_fz_n": 39.84978223966119,
    "tire_rl_force_wheel_fz_n": 23.394881866879974,
    "tire_rr_force_wheel_fz_n": 21.98677424175895,
    "tire_fl_spindle_omega_radps": 0.06232275271915256,
    "tire_fr_spindle_omega_radps": 0.07227102872969958,
    "tire_rl_spindle_omega_radps": 0.07416487528388145,
    "tire_rr_spindle_omega_radps": 0.055104122235976084
  },
  "val_crm_loss": 0.08937355974223465,
  "val_crm_rmse": {
    "vel_body_x_mps": 0.002939047461581936,
    "vel_body_y_mps": 0.002392905243917339,
    "roll_rad": 4.30529082684098e-05,
    "pitch_rad": 3.0134542605068176e-05,
    "roll_rate_radps": 0.0036428110673891764,
    "ang_vel_body_y_radps": 0.002473974096105974,
    "yaw_rate_radps": 0.00231601653886676,
    "tire_fl_force_wheel_fz_n": 637.3836690792185,
    "tire_fr_force_wheel_fz_n": 643.2361425863712,
    "tire_rl_force_wheel_fz_n": 921.6447897901681,
    "tire_rr_force_wheel_fz_n": 967.3769790943454,
    "tire_fl_spindle_omega_radps": 0.13429733235259106,
    "tire_fr_spindle_omega_radps": 0.13417586896535932,
    "tire_rl_spindle_omega_radps": 0.15433935311261046,
    "tire_rr_spindle_omega_radps": 0.15515770263866688
  },
  "val_mixed_loss": 0.04626271159464523,
  "rollout_flat_5.0s": {
    "xy_rmse_m": 0.9844278763390333,
    "yaw_rmse_rad": 0.06773461887399314,
    "errdist": 0.12966355487090608,
    "mean_dist_m": 7.592170963684718,
    "episodes": 12
  },
  "rollout_flat_10.0s": {
    "xy_rmse_m": 3.8991258870814773,
    "yaw_rmse_rad": 0.2581863918836262,
    "errdist": 0.11071680512380008,
    "mean_dist_m": 35.2171098391215,
    "episodes": 12
  },
  "rollout_crm_5.0s": {
    "xy_rmse_m": 1.1772499553712545,
    "yaw_rmse_rad": 0.07410366746652258,
    "errdist": 0.16450075273269452,
    "mean_dist_m": 7.1565019357949495,
    "episodes": 12
  },
  "rollout_crm_10.0s": {
    "xy_rmse_m": 3.6722541520261034,
    "yaw_rmse_rad": 0.3143248947655992,
    "errdist": 0.14667424754492314,
    "mean_dist_m": 25.036802393694717,
    "episodes": 12
  },
  "rollout_sel": 0.1286955263343616
}
{
  "epoch": 72,
  "timestamp_utc": "2026-07-09T19:19:05.213464+00:00",
  "train_loss": 0.026144680322147906,
  "val_loss": 0.003084961027943791,
  "val_rmse": {
    "vel_body_x_mps": 0.0008908873044813525,
    "vel_body_y_mps": 0.0006504366414689133,
    "roll_rad": 1.493474863369689e-05,
    "pitch_rad": 8.390063787962155e-06,
    "roll_rate_radps": 0.0014776795121115751,
    "ang_vel_body_y_radps": 0.0009057356001677474,
    "yaw_rate_radps": 0.0013098882618147263,
    "tire_fl_force_wheel_fz_n": 39.231033415999484,
    "tire_fr_force_wheel_fz_n": 39.62599656726116,
    "tire_rl_force_wheel_fz_n": 23.307142403361556,
    "tire_rr_force_wheel_fz_n": 21.70369426488792,
    "tire_fl_spindle_omega_radps": 0.06241283003027612,
    "tire_fr_spindle_omega_radps": 0.07270953284640767,
    "tire_rl_spindle_omega_radps": 0.07335739227309374,
    "tire_rr_spindle_omega_radps": 0.05372057661195411
  },
  "val_flat_loss": 0.003084961027943791,
  "val_flat_rmse": {
    "vel_body_x_mps": 0.0008908873044813525,
    "vel_body_y_mps": 0.0006504366414689133,
    "roll_rad": 1.493474863369689e-05,
    "pitch_rad": 8.390063787962155e-06,
    "roll_rate_radps": 0.0014776795121115751,
    "ang_vel_body_y_radps": 0.0009057356001677474,
    "yaw_rate_radps": 0.0013098882618147263,
    "tire_fl_force_wheel_fz_n": 39.231033415999484,
    "tire_fr_force_wheel_fz_n": 39.62599656726116,
    "tire_rl_force_wheel_fz_n": 23.307142403361556,
    "tire_rr_force_wheel_fz_n": 21.70369426488792,
    "tire_fl_spindle_omega_radps": 0.06241283003027612,
    "tire_fr_spindle_omega_radps": 0.07270953284640767,
    "tire_rl_spindle_omega_radps": 0.07335739227309374,
    "tire_rr_spindle_omega_radps": 0.05372057661195411
  },
  "val_crm_loss": 0.08923591768019833,
  "val_crm_rmse": {
    "vel_body_x_mps": 0.0028496513182592175,
    "vel_body_y_mps": 0.002380826194795826,
    "roll_rad": 4.632469528503857e-05,
    "pitch_rad": 3.0309815521692173e-05,
    "roll_rate_radps": 0.0036369312328749857,
    "ang_vel_body_y_radps": 0.0024621762614765105,
    "yaw_rate_radps": 0.0023251227110513634,
    "tire_fl_force_wheel_fz_n": 641.1427694879661,
    "tire_fr_force_wheel_fz_n": 641.8313949119573,
    "tire_rl_force_wheel_fz_n": 925.6817999801299,
    "tire_rr_force_wheel_fz_n": 967.2245168337884,
    "tire_fl_spindle_omega_radps": 0.13401494714376783,
    "tire_fr_spindle_omega_radps": 0.13466898485542994,
    "tire_rl_spindle_omega_radps": 0.1546062491889442,
    "tire_rr_spindle_omega_radps": 0.15602635627530842
  },
  "val_mixed_loss": 0.04616043935407106,
  "rollout_flat_5.0s": {
    "xy_rmse_m": 1.0011868824394003,
    "yaw_rmse_rad": 0.0684060716989034,
    "errdist": 0.13187096118202968,
    "mean_dist_m": 7.592170963684718,
    "episodes": 12
  },
  "rollout_flat_10.0s": {
    "xy_rmse_m": 4.949582883169706,
    "yaw_rmse_rad": 0.1999742035633075,
    "errdist": 0.14054483476299867,
    "mean_dist_m": 35.2171098391215,
    "episodes": 12
  },
  "rollout_crm_5.0s": {
    "xy_rmse_m": 0.7396500444524887,
    "yaw_rmse_rad": 0.026542834804852845,
    "errdist": 0.10335357288914473,
    "mean_dist_m": 7.1565019357949495,
    "episodes": 12
  },
  "rollout_crm_10.0s": {
    "xy_rmse_m": 2.230204195294616,
    "yaw_rmse_rad": 0.18108497545640756,
    "errdist": 0.08907703788309133,
    "mean_dist_m": 25.036802393694717,
    "episodes": 12
  },
  "rollout_sel": 0.11481093632304501
}
{
  "epoch": 73,
  "timestamp_utc": "2026-07-09T19:19:30.745726+00:00",
  "train_loss": 0.025943500745110214,
  "val_loss": 0.0030513337818774745,
  "val_rmse": {
    "vel_body_x_mps": 0.0008868192448859897,
    "vel_body_y_mps": 0.0006401553830418729,
    "roll_rad": 1.32133429272508e-05,
    "pitch_rad": 8.09399159135107e-06,
    "roll_rate_radps": 0.0014675249104056697,
    "ang_vel_body_y_radps": 0.0009056659434775626,
    "yaw_rate_radps": 0.0013084303488512838,
    "tire_fl_force_wheel_fz_n": 40.367847082538646,
    "tire_fr_force_wheel_fz_n": 39.97632499584016,
    "tire_rl_force_wheel_fz_n": 23.035190204649027,
    "tire_rr_force_wheel_fz_n": 21.68841306363895,
    "tire_fl_spindle_omega_radps": 0.062151598954097144,
    "tire_fr_spindle_omega_radps": 0.07204558670075256,
    "tire_rl_spindle_omega_radps": 0.07313254188351304,
    "tire_rr_spindle_omega_radps": 0.053890282349376616
  },
  "val_flat_loss": 0.0030513337818774745,
  "val_flat_rmse": {
    "vel_body_x_mps": 0.0008868192448859897,
    "vel_body_y_mps": 0.0006401553830418729,
    "roll_rad": 1.32133429272508e-05,
    "pitch_rad": 8.09399159135107e-06,
    "roll_rate_radps": 0.0014675249104056697,
    "ang_vel_body_y_radps": 0.0009056659434775626,
    "yaw_rate_radps": 0.0013084303488512838,
    "tire_fl_force_wheel_fz_n": 40.367847082538646,
    "tire_fr_force_wheel_fz_n": 39.97632499584016,
    "tire_rl_force_wheel_fz_n": 23.035190204649027,
    "tire_rr_force_wheel_fz_n": 21.68841306363895,
    "tire_fl_spindle_omega_radps": 0.062151598954097144,
    "tire_fr_spindle_omega_radps": 0.07204558670075256,
    "tire_rl_spindle_omega_radps": 0.07313254188351304,
    "tire_rr_spindle_omega_radps": 0.053890282349376616
  },
  "val_crm_loss": 0.08951586423674598,
  "val_crm_rmse": {
    "vel_body_x_mps": 0.0028752226495872514,
    "vel_body_y_mps": 0.002381560779470524,
    "roll_rad": 4.273220243615175e-05,
    "pitch_rad": 2.9575452466597308e-05,
    "roll_rate_radps": 0.003645008926856085,
    "ang_vel_body_y_radps": 0.0024708144456355398,
    "yaw_rate_radps": 0.002326805960670016,
    "tire_fl_force_wheel_fz_n": 639.6990125521191,
    "tire_fr_force_wheel_fz_n": 642.3490444852953,
    "tire_rl_force_wheel_fz_n": 929.0527713618304,
    "tire_rr_force_wheel_fz_n": 972.9774623576126,
    "tire_fl_spindle_omega_radps": 0.1340279797573226,
    "tire_fr_spindle_omega_radps": 0.13433915443057906,
    "tire_rl_spindle_omega_radps": 0.1547304451375866,
    "tire_rr_spindle_omega_radps": 0.1556660594594957
  },
  "val_mixed_loss": 0.04628359900931173,
  "rollout_flat_5.0s": {
    "xy_rmse_m": 1.8030451145469584,
    "yaw_rmse_rad": 0.13882676824898868,
    "errdist": 0.23748742265833858,
    "mean_dist_m": 7.592170963684718,
    "episodes": 12
  },
  "rollout_flat_10.0s": {
    "xy_rmse_m": 6.783094377581264,
    "yaw_rmse_rad": 0.23033728031347156,
    "errdist": 0.19260792292632015,
    "mean_dist_m": 35.2171098391215,
    "episodes": 12
  },
  "rollout_crm_5.0s": {
    "xy_rmse_m": 1.1714710527480634,
    "yaw_rmse_rad": 0.0417729992026425,
    "errdist": 0.1636932489165792,
    "mean_dist_m": 7.1565019357949495,
    "episodes": 12
  },
  "rollout_crm_10.0s": {
    "xy_rmse_m": 3.9699071107466155,
    "yaw_rmse_rad": 0.12780598214994277,
    "errdist": 0.15856286471096642,
    "mean_dist_m": 25.036802393694717,
    "episodes": 12
  },
  "rollout_sel": 0.1755853938186433
}
{
  "epoch": 74,
  "timestamp_utc": "2026-07-09T19:19:55.568955+00:00",
  "train_loss": 0.02595035995589569,
  "val_loss": 0.0031030830382769636,
  "val_rmse": {
    "vel_body_x_mps": 0.0008947897146065086,
    "vel_body_y_mps": 0.0006398261901543034,
    "roll_rad": 1.5157543911075529e-05,
    "pitch_rad": 8.009921507426585e-06,
    "roll_rate_radps": 0.001475777810435532,
    "ang_vel_body_y_radps": 0.0009065473601073691,
    "yaw_rate_radps": 0.0013243449890275876,
    "tire_fl_force_wheel_fz_n": 39.08163354777872,
    "tire_fr_force_wheel_fz_n": 40.1791213564268,
    "tire_rl_force_wheel_fz_n": 23.341815835164468,
    "tire_rr_force_wheel_fz_n": 21.918187974436158,
    "tire_fl_spindle_omega_radps": 0.06205199148095222,
    "tire_fr_spindle_omega_radps": 0.07216828116674295,
    "tire_rl_spindle_omega_radps": 0.07344470232284969,
    "tire_rr_spindle_omega_radps": 0.05414524884755715
  },
  "val_flat_loss": 0.0031030830382769636,
  "val_flat_rmse": {
    "vel_body_x_mps": 0.0008947897146065086,
    "vel_body_y_mps": 0.0006398261901543034,
    "roll_rad": 1.5157543911075529e-05,
    "pitch_rad": 8.009921507426585e-06,
    "roll_rate_radps": 0.001475777810435532,
    "ang_vel_body_y_radps": 0.0009065473601073691,
    "yaw_rate_radps": 0.0013243449890275876,
    "tire_fl_force_wheel_fz_n": 39.08163354777872,
    "tire_fr_force_wheel_fz_n": 40.1791213564268,
    "tire_rl_force_wheel_fz_n": 23.341815835164468,
    "tire_rr_force_wheel_fz_n": 21.918187974436158,
    "tire_fl_spindle_omega_radps": 0.06205199148095222,
    "tire_fr_spindle_omega_radps": 0.07216828116674295,
    "tire_rl_spindle_omega_radps": 0.07344470232284969,
    "tire_rr_spindle_omega_radps": 0.05414524884755715
  },
  "val_crm_loss": 0.08882554399606306,
  "val_crm_rmse": {
    "vel_body_x_mps": 0.002886156765398842,
    "vel_body_y_mps": 0.00235565899958042,
    "roll_rad": 4.290936434085759e-05,
    "pitch_rad": 2.9856471072879374e-05,
    "roll_rate_radps": 0.003595247234516924,
    "ang_vel_body_y_radps": 0.0024328985203531765,
    "yaw_rate_radps": 0.0023138301668570505,
    "tire_fl_force_wheel_fz_n": 635.3861185192304,
    "tire_fr_force_wheel_fz_n": 638.019792778063,
    "tire_rl_force_wheel_fz_n": 925.9222693090875,
    "tire_rr_force_wheel_fz_n": 973.1120834320097,
    "tire_fl_spindle_omega_radps": 0.13342878467337813,
    "tire_fr_spindle_omega_radps": 0.134413690237017,
    "tire_rl_spindle_omega_radps": 0.15445978931346152,
    "tire_rr_spindle_omega_radps": 0.15578383398889456
  },
  "val_mixed_loss": 0.04596431351717001,
  "rollout_flat_5.0s": {
    "xy_rmse_m": 1.2897594685767364,
    "yaw_rmse_rad": 0.06934478534516798,
    "errdist": 0.169880192996968,
    "mean_dist_m": 7.592170963684718,
    "episodes": 12
  },
  "rollout_flat_10.0s": {
    "xy_rmse_m": 4.185978579184932,
    "yaw_rmse_rad": 0.14068448331008718,
    "errdist": 0.11886207012180398,
    "mean_dist_m": 35.2171098391215,
    "episodes": 12
  },
  "rollout_crm_5.0s": {
    "xy_rmse_m": 0.8285495130271164,
    "yaw_rmse_rad": 0.047644992203655125,
    "errdist": 0.11577576872898317,
    "mean_dist_m": 7.1565019357949495,
    "episodes": 12
  },
  "rollout_crm_10.0s": {
    "xy_rmse_m": 2.5320450193051753,
    "yaw_rmse_rad": 0.1365014870369611,
    "errdist": 0.10113292342567064,
    "mean_dist_m": 25.036802393694717,
    "episodes": 12
  },
  "rollout_sel": 0.10999749677373731
}
{
  "epoch": 75,
  "timestamp_utc": "2026-07-09T19:20:20.386382+00:00",
  "train_loss": 0.02592255201889202,
  "val_loss": 0.0030328361750071053,
  "val_rmse": {
    "vel_body_x_mps": 0.0008848706333208834,
    "vel_body_y_mps": 0.0006394909039380779,
    "roll_rad": 1.2837543521044648e-05,
    "pitch_rad": 8.946832386650572e-06,
    "roll_rate_radps": 0.0014729304557280073,
    "ang_vel_body_y_radps": 0.0009018848135881627,
    "yaw_rate_radps": 0.001301801665985889,
    "tire_fl_force_wheel_fz_n": 39.338375514614896,
    "tire_fr_force_wheel_fz_n": 39.58137186905968,
    "tire_rl_force_wheel_fz_n": 23.194678824619334,
    "tire_rr_force_wheel_fz_n": 21.710085346839595,
    "tire_fl_spindle_omega_radps": 0.06207111990223488,
    "tire_fr_spindle_omega_radps": 0.07214776149750265,
    "tire_rl_spindle_omega_radps": 0.07324883928295547,
    "tire_rr_spindle_omega_radps": 0.05377782213090388
  },
  "val_flat_loss": 0.0030328361750071053,
  "val_flat_rmse": {
    "vel_body_x_mps": 0.0008848706333208834,
    "vel_body_y_mps": 0.0006394909039380779,
    "roll_rad": 1.2837543521044648e-05,
    "pitch_rad": 8.946832386650572e-06,
    "roll_rate_radps": 0.0014729304557280073,
    "ang_vel_body_y_radps": 0.0009018848135881627,
    "yaw_rate_radps": 0.001301801665985889,
    "tire_fl_force_wheel_fz_n": 39.338375514614896,
    "tire_fr_force_wheel_fz_n": 39.58137186905968,
    "tire_rl_force_wheel_fz_n": 23.194678824619334,
    "tire_rr_force_wheel_fz_n": 21.710085346839595,
    "tire_fl_spindle_omega_radps": 0.06207111990223488,
    "tire_fr_spindle_omega_radps": 0.07214776149750265,
    "tire_rl_spindle_omega_radps": 0.07324883928295547,
    "tire_rr_spindle_omega_radps": 0.05377782213090388
  },
  "val_crm_loss": 0.08921358979074284,
  "val_crm_rmse": {
    "vel_body_x_mps": 0.002863290739152862,
    "vel_body_y_mps": 0.002358510986851608,
    "roll_rad": 4.147470855076138e-05,
    "pitch_rad": 2.8294399672297747e-05,
    "roll_rate_radps": 0.003626701338667055,
    "ang_vel_body_y_radps": 0.002439977440844867,
    "yaw_rate_radps": 0.0023219530222372106,
    "tire_fl_force_wheel_fz_n": 637.617522954485,
    "tire_fr_force_wheel_fz_n": 640.0246230977264,
    "tire_rl_force_wheel_fz_n": 928.6502811632536,
    "tire_rr_force_wheel_fz_n": 978.1480318582093,
    "tire_fl_spindle_omega_radps": 0.1338820471452259,
    "tire_fr_spindle_omega_radps": 0.1341617747856769,
    "tire_rl_spindle_omega_radps": 0.15464562874025603,
    "tire_rr_spindle_omega_radps": 0.15612116521036043
  },
  "val_mixed_loss": 0.04612321298287497,
  "rollout_flat_5.0s": {
    "xy_rmse_m": 1.4493157675350377,
    "yaw_rmse_rad": 0.08331692663253173,
    "errdist": 0.1908960921016509,
    "mean_dist_m": 7.592170963684718,
    "episodes": 12
  },
  "rollout_flat_10.0s": {
    "xy_rmse_m": 6.400044976712179,
    "yaw_rmse_rad": 0.4002221802044995,
    "errdist": 0.1817311246138258,
    "mean_dist_m": 35.2171098391215,
    "episodes": 12
  },
  "rollout_crm_5.0s": {
    "xy_rmse_m": 0.6270060188584073,
    "yaw_rmse_rad": 0.03829221708661318,
    "errdist": 0.08761347715457007,
    "mean_dist_m": 7.1565019357949495,
    "episodes": 12
  },
  "rollout_crm_10.0s": {
    "xy_rmse_m": 1.774648135729888,
    "yaw_rmse_rad": 0.08406719926133603,
    "errdist": 0.07088158095527472,
    "mean_dist_m": 25.036802393694717,
    "episodes": 12
  },
  "rollout_sel": 0.12630635278455027
}
{
  "epoch": 76,
  "timestamp_utc": "2026-07-09T19:20:45.878368+00:00",
  "train_loss": 0.025600425340700894,
  "val_loss": 0.0030017004031833495,
  "val_rmse": {
    "vel_body_x_mps": 0.0008776936449442615,
    "vel_body_y_mps": 0.0006366513201001751,
    "roll_rad": 1.4522667445036617e-05,
    "pitch_rad": 8.048832143697512e-06,
    "roll_rate_radps": 0.001469115143471199,
    "ang_vel_body_y_radps": 0.0009024403965519014,
    "yaw_rate_radps": 0.0012988886938445374,
    "tire_fl_force_wheel_fz_n": 39.59479328385768,
    "tire_fr_force_wheel_fz_n": 39.644927685580605,
    "tire_rl_force_wheel_fz_n": 23.23287611333143,
    "tire_rr_force_wheel_fz_n": 21.650360995095593,
    "tire_fl_spindle_omega_radps": 0.06165030189507428,
    "tire_fr_spindle_omega_radps": 0.07202849895269878,
    "tire_rl_spindle_omega_radps": 0.07321553185420702,
    "tire_rr_spindle_omega_radps": 0.05365174009291212
  },
  "val_flat_loss": 0.0030017004031833495,
  "val_flat_rmse": {
    "vel_body_x_mps": 0.0008776936449442615,
    "vel_body_y_mps": 0.0006366513201001751,
    "roll_rad": 1.4522667445036617e-05,
    "pitch_rad": 8.048832143697512e-06,
    "roll_rate_radps": 0.001469115143471199,
    "ang_vel_body_y_radps": 0.0009024403965519014,
    "yaw_rate_radps": 0.0012988886938445374,
    "tire_fl_force_wheel_fz_n": 39.59479328385768,
    "tire_fr_force_wheel_fz_n": 39.644927685580605,
    "tire_rl_force_wheel_fz_n": 23.23287611333143,
    "tire_rr_force_wheel_fz_n": 21.650360995095593,
    "tire_fl_spindle_omega_radps": 0.06165030189507428,
    "tire_fr_spindle_omega_radps": 0.07202849895269878,
    "tire_rl_spindle_omega_radps": 0.07321553185420702,
    "tire_rr_spindle_omega_radps": 0.05365174009291212
  },
  "val_crm_loss": 0.08942457237397321,
  "val_crm_rmse": {
    "vel_body_x_mps": 0.002859738028992705,
    "vel_body_y_mps": 0.0023587755688191606,
    "roll_rad": 4.2357484727674524e-05,
    "pitch_rad": 2.9237710855895175e-05,
    "roll_rate_radps": 0.0036145347827658252,
    "ang_vel_body_y_radps": 0.0024506311665514107,
    "yaw_rate_radps": 0.002329926919453886,
    "tire_fl_force_wheel_fz_n": 634.0450395228676,
    "tire_fr_force_wheel_fz_n": 643.728295193109,
    "tire_rl_force_wheel_fz_n": 928.7108998698731,
    "tire_rr_force_wheel_fz_n": 978.5621383214319,
    "tire_fl_spindle_omega_radps": 0.13379605692930155,
    "tire_fr_spindle_omega_radps": 0.13518282857756553,
    "tire_rl_spindle_omega_radps": 0.15487323875168602,
    "tire_rr_spindle_omega_radps": 0.15600726617247745
  },
  "val_mixed_loss": 0.046213136388578276,
  "rollout_flat_5.0s": {
    "xy_rmse_m": 1.1123924357673167,
    "yaw_rmse_rad": 0.07305927892077863,
    "errdist": 0.14651835964813914,
    "mean_dist_m": 7.592170963684718,
    "episodes": 12
  },
  "rollout_flat_10.0s": {
    "xy_rmse_m": 3.987951325930996,
    "yaw_rmse_rad": 0.13282410997246563,
    "errdist": 0.11323902910115911,
    "mean_dist_m": 35.2171098391215,
    "episodes": 12
  },
  "rollout_crm_5.0s": {
    "xy_rmse_m": 0.7313514865495295,
    "yaw_rmse_rad": 0.037757100427081185,
    "errdist": 0.10219398990049886,
    "mean_dist_m": 7.1565019357949495,
    "episodes": 12
  },
  "rollout_crm_10.0s": {
    "xy_rmse_m": 2.5102531840678233,
    "yaw_rmse_rad": 0.2005059375597244,
    "errdist": 0.10026253131669909,
    "mean_dist_m": 25.036802393694717,
    "episodes": 12
  },
  "rollout_sel": 0.1067507802089291
}
{
  "epoch": 77,
  "timestamp_utc": "2026-07-09T19:21:11.729463+00:00",
  "train_loss": 0.02566011491417885,
  "val_loss": 0.003048159731170017,
  "val_rmse": {
    "vel_body_x_mps": 0.0008793571318926816,
    "vel_body_y_mps": 0.0006364234255818548,
    "roll_rad": 1.3913943957612526e-05,
    "pitch_rad": 7.848803680471238e-06,
    "roll_rate_radps": 0.0014661443604269942,
    "ang_vel_body_y_radps": 0.0009032557035942178,
    "yaw_rate_radps": 0.001318222245979091,
    "tire_fl_force_wheel_fz_n": 39.268605373528494,
    "tire_fr_force_wheel_fz_n": 39.722390669535926,
    "tire_rl_force_wheel_fz_n": 23.228543716140397,
    "tire_rr_force_wheel_fz_n": 21.725033081389462,
    "tire_fl_spindle_omega_radps": 0.06195563879082514,
    "tire_fr_spindle_omega_radps": 0.07182288160969816,
    "tire_rl_spindle_omega_radps": 0.07353338252522092,
    "tire_rr_spindle_omega_radps": 0.05401381184013417
  },
  "val_flat_loss": 0.003048159731170017,
  "val_flat_rmse": {
    "vel_body_x_mps": 0.0008793571318926816,
    "vel_body_y_mps": 0.0006364234255818548,
    "roll_rad": 1.3913943957612526e-05,
    "pitch_rad": 7.848803680471238e-06,
    "roll_rate_radps": 0.0014661443604269942,
    "ang_vel_body_y_radps": 0.0009032557035942178,
    "yaw_rate_radps": 0.001318222245979091,
    "tire_fl_force_wheel_fz_n": 39.268605373528494,
    "tire_fr_force_wheel_fz_n": 39.722390669535926,
    "tire_rl_force_wheel_fz_n": 23.228543716140397,
    "tire_rr_force_wheel_fz_n": 21.725033081389462,
    "tire_fl_spindle_omega_radps": 0.06195563879082514,
    "tire_fr_spindle_omega_radps": 0.07182288160969816,
    "tire_rl_spindle_omega_radps": 0.07353338252522092,
    "tire_rr_spindle_omega_radps": 0.05401381184013417
  },
  "val_crm_loss": 0.08894564334128517,
  "val_crm_rmse": {
    "vel_body_x_mps": 0.002862220874190694,
    "vel_body_y_mps": 0.0023433147974994857,
    "roll_rad": 4.23712873704066e-05,
    "pitch_rad": 2.767302084837797e-05,
    "roll_rate_radps": 0.0035969656047926874,
    "ang_vel_body_y_radps": 0.0024570813395799257,
    "yaw_rate_radps": 0.0023103845532872628,
    "tire_fl_force_wheel_fz_n": 642.0279801343479,
    "tire_fr_force_wheel_fz_n": 640.0862401192819,
    "tire_rl_force_wheel_fz_n": 927.4886330462124,
    "tire_rr_force_wheel_fz_n": 969.0834517399197,
    "tire_fl_spindle_omega_radps": 0.13403245567320624,
    "tire_fr_spindle_omega_radps": 0.13442295456607906,
    "tire_rl_spindle_omega_radps": 0.15430451491595162,
    "tire_rr_spindle_omega_radps": 0.15492545023504667
  },
  "val_mixed_loss": 0.0459969015362276,
  "rollout_flat_5.0s": {
    "xy_rmse_m": 1.1664126083224569,
    "yaw_rmse_rad": 0.07397086122877143,
    "errdist": 0.15363360676435037,
    "mean_dist_m": 7.592170963684718,
    "episodes": 12
  },
  "rollout_flat_10.0s": {
    "xy_rmse_m": 5.197667853363814,
    "yaw_rmse_rad": 0.1980648561518632,
    "errdist": 0.14758927910631384,
    "mean_dist_m": 35.2171098391215,
    "episodes": 12
  },
  "rollout_crm_5.0s": {
    "xy_rmse_m": 0.7304684131641938,
    "yaw_rmse_rad": 0.029493642959511977,
    "errdist": 0.10207059534359685,
    "mean_dist_m": 7.1565019357949495,
    "episodes": 12
  },
  "rollout_crm_10.0s": {
    "xy_rmse_m": 2.097640040272856,
    "yaw_rmse_rad": 0.18352213299050169,
    "errdist": 0.08378226609325824,
    "mean_dist_m": 25.036802393694717,
    "episodes": 12
  },
  "rollout_sel": 0.11568577259978605
}
{
  "epoch": 78,
  "timestamp_utc": "2026-07-09T19:21:38.239019+00:00",
  "train_loss": 0.02569515735656023,
  "val_loss": 0.003008848091794789,
  "val_rmse": {
    "vel_body_x_mps": 0.0008809898609238297,
    "vel_body_y_mps": 0.0006437340038515666,
    "roll_rad": 1.5436665454195463e-05,
    "pitch_rad": 9.030989926780591e-06,
    "roll_rate_radps": 0.0014770153507651798,
    "ang_vel_body_y_radps": 0.0009034970657577459,
    "yaw_rate_radps": 0.0012963774704908824,
    "tire_fl_force_wheel_fz_n": 39.905464584878224,
    "tire_fr_force_wheel_fz_n": 39.856782789349644,
    "tire_rl_force_wheel_fz_n": 23.370518153742633,
    "tire_rr_force_wheel_fz_n": 21.777483061887995,
    "tire_fl_spindle_omega_radps": 0.06172555007180132,
    "tire_fr_spindle_omega_radps": 0.0720390691418743,
    "tire_rl_spindle_omega_radps": 0.07328458099064171,
    "tire_rr_spindle_omega_radps": 0.053741985733556895
  },
  "val_flat_loss": 0.003008848091794789,
  "val_flat_rmse": {
    "vel_body_x_mps": 0.0008809898609238297,
    "vel_body_y_mps": 0.0006437340038515666,
    "roll_rad": 1.5436665454195463e-05,
    "pitch_rad": 9.030989926780591e-06,
    "roll_rate_radps": 0.0014770153507651798,
    "ang_vel_body_y_radps": 0.0009034970657577459,
    "yaw_rate_radps": 0.0012963774704908824,
    "tire_fl_force_wheel_fz_n": 39.905464584878224,
    "tire_fr_force_wheel_fz_n": 39.856782789349644,
    "tire_rl_force_wheel_fz_n": 23.370518153742633,
    "tire_rr_force_wheel_fz_n": 21.777483061887995,
    "tire_fl_spindle_omega_radps": 0.06172555007180132,
    "tire_fr_spindle_omega_radps": 0.0720390691418743,
    "tire_rl_spindle_omega_radps": 0.07328458099064171,
    "tire_rr_spindle_omega_radps": 0.053741985733556895
  },
  "val_crm_loss": 0.08930991526751314,
  "val_crm_rmse": {
    "vel_body_x_mps": 0.002874076863445102,
    "vel_body_y_mps": 0.0023680259201549984,
    "roll_rad": 4.375110913272774e-05,
    "pitch_rad": 2.798095594285684e-05,
    "roll_rate_radps": 0.003629336004567441,
    "ang_vel_body_y_radps": 0.002470683762421522,
    "yaw_rate_radps": 0.0023175684003442546,
    "tire_fl_force_wheel_fz_n": 636.2333520066096,
    "tire_fr_force_wheel_fz_n": 644.1196593351209,
    "tire_rl_force_wheel_fz_n": 929.4820533278177,
    "tire_rr_force_wheel_fz_n": 978.1076531872397,
    "tire_fl_spindle_omega_radps": 0.1332049285870876,
    "tire_fr_spindle_omega_radps": 0.13451627908855543,
    "tire_rl_spindle_omega_radps": 0.15429694968839786,
    "tire_rr_spindle_omega_radps": 0.15528861061583973
  },
  "val_mixed_loss": 0.046159381679653964,
  "rollout_flat_5.0s": {
    "xy_rmse_m": 0.9889945567630212,
    "yaw_rmse_rad": 0.05662097744701135,
    "errdist": 0.13026505349966871,
    "mean_dist_m": 7.592170963684718,
    "episodes": 12
  },
  "rollout_flat_10.0s": {
    "xy_rmse_m": 3.6682530174723924,
    "yaw_rmse_rad": 0.3035263555079025,
    "errdist": 0.10416110334521131,
    "mean_dist_m": 35.2171098391215,
    "episodes": 12
  },
  "rollout_crm_5.0s": {
    "xy_rmse_m": 0.966655291347879,
    "yaw_rmse_rad": 0.03901096412578434,
    "errdist": 0.13507371338962715,
    "mean_dist_m": 7.1565019357949495,
    "episodes": 12
  },
  "rollout_crm_10.0s": {
    "xy_rmse_m": 3.32256954306908,
    "yaw_rmse_rad": 0.1669754971199957,
    "errdist": 0.13270742368865115,
    "mean_dist_m": 25.036802393694717,
    "episodes": 12
  },
  "rollout_sel": 0.11843426351693123
}
{
  "epoch": 79,
  "timestamp_utc": "2026-07-09T19:22:05.258911+00:00",
  "train_loss": 0.02551923521980643,
  "val_loss": 0.0030250433238870754,
  "val_rmse": {
    "vel_body_x_mps": 0.0008979705632731824,
    "vel_body_y_mps": 0.0006346689481771486,
    "roll_rad": 1.3150214876136862e-05,
    "pitch_rad": 8.610418259277614e-06,
    "roll_rate_radps": 0.0014759523146522333,
    "ang_vel_body_y_radps": 0.0009037828762703461,
    "yaw_rate_radps": 0.00129777553818315,
    "tire_fl_force_wheel_fz_n": 38.88785988829061,
    "tire_fr_force_wheel_fz_n": 40.19183581193585,
    "tire_rl_force_wheel_fz_n": 23.118452100853204,
    "tire_rr_force_wheel_fz_n": 21.792820852529605,
    "tire_fl_spindle_omega_radps": 0.0620330740226908,
    "tire_fr_spindle_omega_radps": 0.07192453414105594,
    "tire_rl_spindle_omega_radps": 0.07316542578739947,
    "tire_rr_spindle_omega_radps": 0.05367504889786268
  },
  "val_flat_loss": 0.0030250433238870754,
  "val_flat_rmse": {
    "vel_body_x_mps": 0.0008979705632731824,
    "vel_body_y_mps": 0.0006346689481771486,
    "roll_rad": 1.3150214876136862e-05,
    "pitch_rad": 8.610418259277614e-06,
    "roll_rate_radps": 0.0014759523146522333,
    "ang_vel_body_y_radps": 0.0009037828762703461,
    "yaw_rate_radps": 0.00129777553818315,
    "tire_fl_force_wheel_fz_n": 38.88785988829061,
    "tire_fr_force_wheel_fz_n": 40.19183581193585,
    "tire_rl_force_wheel_fz_n": 23.118452100853204,
    "tire_rr_force_wheel_fz_n": 21.792820852529605,
    "tire_fl_spindle_omega_radps": 0.0620330740226908,
    "tire_fr_spindle_omega_radps": 0.07192453414105594,
    "tire_rl_spindle_omega_radps": 0.07316542578739947,
    "tire_rr_spindle_omega_radps": 0.05367504889786268
  },
  "val_crm_loss": 0.08945113936671988,
  "val_crm_rmse": {
    "vel_body_x_mps": 0.002886807228289189,
    "vel_body_y_mps": 0.0023427563574785603,
    "roll_rad": 4.2640572084872684e-05,
    "pitch_rad": 2.8272055075138233e-05,
    "roll_rate_radps": 0.0036008290164708133,
    "ang_vel_body_y_radps": 0.002456531005014384,
    "yaw_rate_radps": 0.0023168119455725528,
    "tire_fl_force_wheel_fz_n": 640.1401668409233,
    "tire_fr_force_wheel_fz_n": 643.5611614393644,
    "tire_rl_force_wheel_fz_n": 932.6711393072478,
    "tire_rr_force_wheel_fz_n": 977.0670673008615,
    "tire_fl_spindle_omega_radps": 0.1338320921602007,
    "tire_fr_spindle_omega_radps": 0.1337516999386246,
    "tire_rl_spindle_omega_radps": 0.15430881861583953,
    "tire_rr_spindle_omega_radps": 0.1552267907859041
  },
  "val_mixed_loss": 0.046238091345303475,
  "rollout_flat_5.0s": {
    "xy_rmse_m": 1.3682552117738043,
    "yaw_rmse_rad": 0.06402870723270294,
    "errdist": 0.18021923087856115,
    "mean_dist_m": 7.592170963684718,
    "episodes": 12
  },
  "rollout_flat_10.0s": {
    "xy_rmse_m": 6.142511166293437,
    "yaw_rmse_rad": 0.3863624076719868,
    "errdist": 0.17441837772473676,
    "mean_dist_m": 35.2171098391215,
    "episodes": 12
  },
  "rollout_crm_5.0s": {
    "xy_rmse_m": 0.7113238822451565,
    "yaw_rmse_rad": 0.027879265574314638,
    "errdist": 0.09939547122698321,
    "mean_dist_m": 7.1565019357949495,
    "episodes": 12
  },
  "rollout_crm_10.0s": {
    "xy_rmse_m": 2.226154889047917,
    "yaw_rmse_rad": 0.19053926568441026,
    "errdist": 0.08891530372139507,
    "mean_dist_m": 25.036802393694717,
    "episodes": 12
  },
  "rollout_sel": 0.13166684072306592
}
{
  "epoch": 80,
  "timestamp_utc": "2026-07-09T19:22:31.960964+00:00",
  "train_loss": 0.025664257784374058,
  "val_loss": 0.003030022520906641,
  "val_rmse": {
    "vel_body_x_mps": 0.000882441417770644,
    "vel_body_y_mps": 0.0006539545869097236,
    "roll_rad": 1.423586624003341e-05,
    "pitch_rad": 8.439379954087771e-06,
    "roll_rate_radps": 0.001473922744552286,
    "ang_vel_body_y_radps": 0.0009085081471793928,
    "yaw_rate_radps": 0.0013005247394570964,
    "tire_fl_force_wheel_fz_n": 39.226179903432794,
    "tire_fr_force_wheel_fz_n": 39.3886287494786,
    "tire_rl_force_wheel_fz_n": 23.52141974099685,
    "tire_rr_force_wheel_fz_n": 21.919882754600522,
    "tire_fl_spindle_omega_radps": 0.06253043434850282,
    "tire_fr_spindle_omega_radps": 0.07227666570061059,
    "tire_rl_spindle_omega_radps": 0.07321951414917684,
    "tire_rr_spindle_omega_radps": 0.053738131737120436
  },
  "val_flat_loss": 0.003030022520906641,
  "val_flat_rmse": {
    "vel_body_x_mps": 0.000882441417770644,
    "vel_body_y_mps": 0.0006539545869097236,
    "roll_rad": 1.423586624003341e-05,
    "pitch_rad": 8.439379954087771e-06,
    "roll_rate_radps": 0.001473922744552286,
    "ang_vel_body_y_radps": 0.0009085081471793928,
    "yaw_rate_radps": 0.0013005247394570964,
    "tire_fl_force_wheel_fz_n": 39.226179903432794,
    "tire_fr_force_wheel_fz_n": 39.3886287494786,
    "tire_rl_force_wheel_fz_n": 23.52141974099685,
    "tire_rr_force_wheel_fz_n": 21.919882754600522,
    "tire_fl_spindle_omega_radps": 0.06253043434850282,
    "tire_fr_spindle_omega_radps": 0.07227666570061059,
    "tire_rl_spindle_omega_radps": 0.07321951414917684,
    "tire_rr_spindle_omega_radps": 0.053738131737120436
  },
  "val_crm_loss": 0.08919496910180896,
  "val_crm_rmse": {
    "vel_body_x_mps": 0.0028393546231932597,
    "vel_body_y_mps": 0.002367930916694772,
    "roll_rad": 4.1600409521656835e-05,
    "pitch_rad": 2.7856586544569942e-05,
    "roll_rate_radps": 0.0036300308118118146,
    "ang_vel_body_y_radps": 0.0024540410177208236,
    "yaw_rate_radps": 0.0023149945495920116,
    "tire_fl_force_wheel_fz_n": 638.4202577613116,
    "tire_fr_force_wheel_fz_n": 637.681651967007,
    "tire_rl_force_wheel_fz_n": 926.067947586657,
    "tire_rr_force_wheel_fz_n": 980.2774918979964,
    "tire_fl_spindle_omega_radps": 0.13364548105322674,
    "tire_fr_spindle_omega_radps": 0.13444846618962109,
    "tire_rl_spindle_omega_radps": 0.1546163281725159,
    "tire_rr_spindle_omega_radps": 0.15629438752612476
  },
  "val_mixed_loss": 0.046112495811357804,
  "rollout_flat_5.0s": {
    "xy_rmse_m": 0.9484469903997953,
    "yaw_rmse_rad": 0.07106220913335141,
    "errdist": 0.12492434574200952,
    "mean_dist_m": 7.592170963684718,
    "episodes": 12
  },
  "rollout_flat_10.0s": {
    "xy_rmse_m": 4.173230446978267,
    "yaw_rmse_rad": 0.15712460937773257,
    "errdist": 0.11850008322779419,
    "mean_dist_m": 35.2171098391215,
    "episodes": 12
  },
  "rollout_crm_5.0s": {
    "xy_rmse_m": 1.075242747855104,
    "yaw_rmse_rad": 0.15811607346088163,
    "errdist": 0.150246972264064,
    "mean_dist_m": 7.1565019357949495,
    "episodes": 12
  },
  "rollout_crm_10.0s": {
    "xy_rmse_m": 3.4589413975279184,
    "yaw_rmse_rad": 0.4641704009065397,
    "errdist": 0.1381542795736176,
    "mean_dist_m": 25.036802393694717,
    "episodes": 12
  },
  "rollout_sel": 0.1283271814007059
}
training completed; last checkpoint: /home/harry/NeDM/artifacts/training_runs/ablation_ofat/L2_H8_E256_ctx128/checkpoints/last.pt
