{
  "epoch": 1,
  "timestamp_utc": "2026-07-23T21:50:42.588642+00:00",
  "train_loss": 0.04604881836893037,
  "val_loss": 0.010731317803729325,
  "val_rmse": {
    "q_0": 0.005153179380491522,
    "q_1": 0.0011829565913462935,
    "q_2": 0.00127827327061977,
    "q_3": 0.001186594650768891,
    "qd_0": 0.11422073249988682,
    "qd_1": 0.01865745843209691,
    "qd_2": 0.01935311315695408,
    "qd_3": 0.02518640955235031,
    "qcmd_0": 0.002214017453944635,
    "qcmd_1": 0.0011061779279915285,
    "qcmd_2": 0.0012509271059222876,
    "qcmd_3": 0.0011809929083411571
  },
  "val_arm_loss": 0.010731317803729325,
  "val_arm_rmse": {
    "q_0": 0.005153179380491522,
    "q_1": 0.0011829565913462935,
    "q_2": 0.00127827327061977,
    "q_3": 0.001186594650768891,
    "qd_0": 0.11422073249988682,
    "qd_1": 0.01865745843209691,
    "qd_2": 0.01935311315695408,
    "qd_3": 0.02518640955235031,
    "qcmd_0": 0.002214017453944635,
    "qcmd_1": 0.0011061779279915285,
    "qcmd_2": 0.0012509271059222876,
    "qcmd_3": 0.0011809929083411571
  },
  "rollout_arm_0.5s": {
    "ee_rmse_m": 0.5297341962036195,
    "errdist": 0.08072513144958508,
    "mean_dist_m": 6.56219676191487,
    "episodes": 82
  },
  "rollout_arm_1.0s": {
    "ee_rmse_m": 0.6049391000141273,
    "errdist": 0.05949779660817559,
    "mean_dist_m": 10.16742021554127,
    "episodes": 82
  },
  "rollout_arm_2.0s": {
    "ee_rmse_m": 0.8845428980925863,
    "errdist": 0.05910939136064235,
    "mean_dist_m": 14.96450695449986,
    "episodes": 82
  },
  "rollout_sel": 0.08072513144958508
}
{
  "epoch": 2,
  "timestamp_utc": "2026-07-23T21:51:06.506973+00:00",
  "train_loss": 0.007281263061449863,
  "val_loss": 0.007439249691087752,
  "val_rmse": {
    "q_0": 0.0033742908015446946,
    "q_1": 0.0010129891029370026,
    "q_2": 0.0012326954330044134,
    "q_3": 0.0010748680378331447,
    "qd_0": 0.0907705835284047,
    "qd_1": 0.015784399699134456,
    "qd_2": 0.016029809470400315,
    "qd_3": 0.02317601780012303,
    "qcmd_0": 0.001628290963994389,
    "qcmd_1": 0.001193921800280235,
    "qcmd_2": 0.0011657864895429596,
    "qcmd_3": 0.001165123514344779
  },
  "val_arm_loss": 0.007439249691087752,
  "val_arm_rmse": {
    "q_0": 0.0033742908015446946,
    "q_1": 0.0010129891029370026,
    "q_2": 0.0012326954330044134,
    "q_3": 0.0010748680378331447,
    "qd_0": 0.0907705835284047,
    "qd_1": 0.015784399699134456,
    "qd_2": 0.016029809470400315,
    "qd_3": 0.02317601780012303,
    "qcmd_0": 0.001628290963994389,
    "qcmd_1": 0.001193921800280235,
    "qcmd_2": 0.0011657864895429596,
    "qcmd_3": 0.001165123514344779
  },
  "rollout_arm_0.5s": {
    "ee_rmse_m": 0.24679012790147511,
    "errdist": 0.03760785250051859,
    "mean_dist_m": 6.56219676191487,
    "episodes": 82
  },
  "rollout_arm_1.0s": {
    "ee_rmse_m": 0.31918393846565807,
    "errdist": 0.031392814666770026,
    "mean_dist_m": 10.16742021554127,
    "episodes": 82
  },
  "rollout_arm_2.0s": {
    "ee_rmse_m": 0.5289415733285999,
    "errdist": 0.03534640833385733,
    "mean_dist_m": 14.96450695449986,
    "episodes": 82
  },
  "rollout_sel": 0.03760785250051859
}
{
  "epoch": 3,
  "timestamp_utc": "2026-07-23T21:51:30.735094+00:00",
  "train_loss": 0.005274710926110857,
  "val_loss": 0.005233327790629119,
  "val_rmse": {
    "q_0": 0.0020613162997461746,
    "q_1": 0.0006304010098492689,
    "q_2": 0.0006886392070264376,
    "q_3": 0.0006171798550816987,
    "qd_0": 0.08111862762787773,
    "qd_1": 0.012644569637237616,
    "qd_2": 0.012532048414528485,
    "qd_3": 0.021649965692273374,
    "qcmd_0": 0.0013128230501031314,
    "qcmd_1": 0.0005876452220352501,
    "qcmd_2": 0.0006866679962456686,
    "qcmd_3": 0.0006381376259145671
  },
  "val_arm_loss": 0.005233327790629119,
  "val_arm_rmse": {
    "q_0": 0.0020613162997461746,
    "q_1": 0.0006304010098492689,
    "q_2": 0.0006886392070264376,
    "q_3": 0.0006171798550816987,
    "qd_0": 0.08111862762787773,
    "qd_1": 0.012644569637237616,
    "qd_2": 0.012532048414528485,
    "qd_3": 0.021649965692273374,
    "qcmd_0": 0.0013128230501031314,
    "qcmd_1": 0.0005876452220352501,
    "qcmd_2": 0.0006866679962456686,
    "qcmd_3": 0.0006381376259145671
  },
  "rollout_arm_0.5s": {
    "ee_rmse_m": 0.17278647466497676,
    "errdist": 0.02633058424395021,
    "mean_dist_m": 6.56219676191487,
    "episodes": 82
  },
  "rollout_arm_1.0s": {
    "ee_rmse_m": 0.32350102788841445,
    "errdist": 0.03181741494208446,
    "mean_dist_m": 10.16742021554127,
    "episodes": 82
  },
  "rollout_arm_2.0s": {
    "ee_rmse_m": 0.39617639087962225,
    "errdist": 0.026474403205144766,
    "mean_dist_m": 14.96450695449986,
    "episodes": 82
  },
  "rollout_sel": 0.02633058424395021
}
{
  "epoch": 4,
  "timestamp_utc": "2026-07-23T21:51:54.671324+00:00",
  "train_loss": 0.004334361317043658,
  "val_loss": 0.005188864985248074,
  "val_rmse": {
    "q_0": 0.0025716126619886016,
    "q_1": 0.0009517476766212518,
    "q_2": 0.0006601660546001325,
    "q_3": 0.0005133364225481557,
    "qd_0": 0.07884046384636967,
    "qd_1": 0.014211282619638665,
    "qd_2": 0.013321763907314344,
    "qd_3": 0.02038888022153735,
    "qcmd_0": 0.0009144227495502412,
    "qcmd_1": 0.0006975149248838531,
    "qcmd_2": 0.0006380676814519805,
    "qcmd_3": 0.00047016378631323306
  },
  "val_arm_loss": 0.005188864985248074,
  "val_arm_rmse": {
    "q_0": 0.0025716126619886016,
    "q_1": 0.0009517476766212518,
    "q_2": 0.0006601660546001325,
    "q_3": 0.0005133364225481557,
    "qd_0": 0.07884046384636967,
    "qd_1": 0.014211282619638665,
    "qd_2": 0.013321763907314344,
    "qd_3": 0.02038888022153735,
    "qcmd_0": 0.0009144227495502412,
    "qcmd_1": 0.0006975149248838531,
    "qcmd_2": 0.0006380676814519805,
    "qcmd_3": 0.00047016378631323306
  },
  "rollout_arm_0.5s": {
    "ee_rmse_m": 0.1869948261404934,
    "errdist": 0.028495766421659033,
    "mean_dist_m": 6.56219676191487,
    "episodes": 82
  },
  "rollout_arm_1.0s": {
    "ee_rmse_m": 0.3235053886594676,
    "errdist": 0.03181784383859515,
    "mean_dist_m": 10.16742021554127,
    "episodes": 82
  },
  "rollout_arm_2.0s": {
    "ee_rmse_m": 0.3838553216592841,
    "errdist": 0.02565105037048066,
    "mean_dist_m": 14.96450695449986,
    "episodes": 82
  },
  "rollout_sel": 0.028495766421659033
}
{
  "epoch": 5,
  "timestamp_utc": "2026-07-23T21:52:18.965033+00:00",
  "train_loss": 0.003834719008533284,
  "val_loss": 0.004578837717417628,
  "val_rmse": {
    "q_0": 0.0018729250391501134,
    "q_1": 0.0005625920796550714,
    "q_2": 0.0005450086066335869,
    "q_3": 0.0005997638856184232,
    "qd_0": 0.07319282070548436,
    "qd_1": 0.014076552835824442,
    "qd_2": 0.012190274723538338,
    "qd_3": 0.01998351176450954,
    "qcmd_0": 0.000927884060161448,
    "qcmd_1": 0.0007177611460314566,
    "qcmd_2": 0.0005108604506751376,
    "qcmd_3": 0.0005517283964950304
  },
  "val_arm_loss": 0.004578837717417628,
  "val_arm_rmse": {
    "q_0": 0.0018729250391501134,
    "q_1": 0.0005625920796550714,
    "q_2": 0.0005450086066335869,
    "q_3": 0.0005997638856184232,
    "qd_0": 0.07319282070548436,
    "qd_1": 0.014076552835824442,
    "qd_2": 0.012190274723538338,
    "qd_3": 0.01998351176450954,
    "qcmd_0": 0.000927884060161448,
    "qcmd_1": 0.0007177611460314566,
    "qcmd_2": 0.0005108604506751376,
    "qcmd_3": 0.0005517283964950304
  },
  "rollout_arm_0.5s": {
    "ee_rmse_m": 0.12060196691211136,
    "errdist": 0.018378291795828342,
    "mean_dist_m": 6.56219676191487,
    "episodes": 82
  },
  "rollout_arm_1.0s": {
    "ee_rmse_m": 0.1728226151514954,
    "errdist": 0.01699768589158239,
    "mean_dist_m": 10.16742021554127,
    "episodes": 82
  },
  "rollout_arm_2.0s": {
    "ee_rmse_m": 0.28288926306766243,
    "errdist": 0.018904014942008964,
    "mean_dist_m": 14.96450695449986,
    "episodes": 82
  },
  "rollout_sel": 0.018378291795828342
}
{
  "epoch": 6,
  "timestamp_utc": "2026-07-23T21:52:42.802854+00:00",
  "train_loss": 0.003473731215344742,
  "val_loss": 0.005075073960470035,
  "val_rmse": {
    "q_0": 0.0022959920386058834,
    "q_1": 0.0007336470153793926,
    "q_2": 0.0006848302261860408,
    "q_3": 0.0006782121049782109,
    "qd_0": 0.07927450391865715,
    "qd_1": 0.013599999619033765,
    "qd_2": 0.012977772561726476,
    "qd_3": 0.020213237008032174,
    "qcmd_0": 0.0009322279910521441,
    "qcmd_1": 0.0006021845311808385,
    "qcmd_2": 0.0006543846655431937,
    "qcmd_3": 0.0006838463388744477
  },
  "val_arm_loss": 0.005075073960470035,
  "val_arm_rmse": {
    "q_0": 0.0022959920386058834,
    "q_1": 0.0007336470153793926,
    "q_2": 0.0006848302261860408,
    "q_3": 0.0006782121049782109,
    "qd_0": 0.07927450391865715,
    "qd_1": 0.013599999619033765,
    "qd_2": 0.012977772561726476,
    "qd_3": 0.020213237008032174,
    "qcmd_0": 0.0009322279910521441,
    "qcmd_1": 0.0006021845311808385,
    "qcmd_2": 0.0006543846655431937,
    "qcmd_3": 0.0006838463388744477
  },
  "rollout_arm_0.5s": {
    "ee_rmse_m": 0.1516358000714458,
    "errdist": 0.023107475373414132,
    "mean_dist_m": 6.56219676191487,
    "episodes": 82
  },
  "rollout_arm_1.0s": {
    "ee_rmse_m": 0.18759882851893284,
    "errdist": 0.018450976210482698,
    "mean_dist_m": 10.16742021554127,
    "episodes": 82
  },
  "rollout_arm_2.0s": {
    "ee_rmse_m": 0.24581580912736997,
    "errdist": 0.016426589253811172,
    "mean_dist_m": 14.96450695449986,
    "episodes": 82
  },
  "rollout_sel": 0.023107475373414132
}
{
  "epoch": 7,
  "timestamp_utc": "2026-07-23T21:53:06.576850+00:00",
  "train_loss": 0.003222063870925922,
  "val_loss": 0.004704630335909315,
  "val_rmse": {
    "q_0": 0.002298820309653078,
    "q_1": 0.0008696708600962223,
    "q_2": 0.0005769464409980318,
    "q_3": 0.0005628429861710271,
    "qd_0": 0.07720967973051837,
    "qd_1": 0.013182447464904688,
    "qd_2": 0.012191189345718936,
    "qd_3": 0.019141573251057347,
    "qcmd_0": 0.0008990565573189242,
    "qcmd_1": 0.0006147234852233716,
    "qcmd_2": 0.0005865165178942172,
    "qcmd_3": 0.0005571580239761001
  },
  "val_arm_loss": 0.004704630335909315,
  "val_arm_rmse": {
    "q_0": 0.002298820309653078,
    "q_1": 0.0008696708600962223,
    "q_2": 0.0005769464409980318,
    "q_3": 0.0005628429861710271,
    "qd_0": 0.07720967973051837,
    "qd_1": 0.013182447464904688,
    "qd_2": 0.012191189345718936,
    "qd_3": 0.019141573251057347,
    "qcmd_0": 0.0008990565573189242,
    "qcmd_1": 0.0006147234852233716,
    "qcmd_2": 0.0005865165178942172,
    "qcmd_3": 0.0005571580239761001
  },
  "rollout_arm_0.5s": {
    "ee_rmse_m": 0.15327955405670762,
    "errdist": 0.023357963745661927,
    "mean_dist_m": 6.56219676191487,
    "episodes": 82
  },
  "rollout_arm_1.0s": {
    "ee_rmse_m": 0.21022521389029034,
    "errdist": 0.020676357368307988,
    "mean_dist_m": 10.16742021554127,
    "episodes": 82
  },
  "rollout_arm_2.0s": {
    "ee_rmse_m": 0.259594238983334,
    "errdist": 0.017347329903527053,
    "mean_dist_m": 14.96450695449986,
    "episodes": 82
  },
  "rollout_sel": 0.023357963745661927
}
{
  "epoch": 8,
  "timestamp_utc": "2026-07-23T21:53:30.271700+00:00",
  "train_loss": 0.00311936642206274,
  "val_loss": 0.0042420322319958355,
  "val_rmse": {
    "q_0": 0.0021937796948849975,
    "q_1": 0.0005662251081535796,
    "q_2": 0.0005448782880801287,
    "q_3": 0.00042344306243941325,
    "qd_0": 0.07271445697417325,
    "qd_1": 0.012073176565994668,
    "qd_2": 0.012331289039639813,
    "qd_3": 0.019135142095553677,
    "qcmd_0": 0.0008065440948865019,
    "qcmd_1": 0.0005181148145793889,
    "qcmd_2": 0.00041045183317647165,
    "qcmd_3": 0.00039467270610283803
  },
  "val_arm_loss": 0.0042420322319958355,
  "val_arm_rmse": {
    "q_0": 0.0021937796948849975,
    "q_1": 0.0005662251081535796,
    "q_2": 0.0005448782880801287,
    "q_3": 0.00042344306243941325,
    "qd_0": 0.07271445697417325,
    "qd_1": 0.012073176565994668,
    "qd_2": 0.012331289039639813,
    "qd_3": 0.019135142095553677,
    "qcmd_0": 0.0008065440948865019,
    "qcmd_1": 0.0005181148145793889,
    "qcmd_2": 0.00041045183317647165,
    "qcmd_3": 0.00039467270610283803
  },
  "rollout_arm_0.5s": {
    "ee_rmse_m": 0.11907330896384298,
    "errdist": 0.018145342677761616,
    "mean_dist_m": 6.56219676191487,
    "episodes": 82
  },
  "rollout_arm_1.0s": {
    "ee_rmse_m": 0.1837709115925931,
    "errdist": 0.018074487696661992,
    "mean_dist_m": 10.16742021554127,
    "episodes": 82
  },
  "rollout_arm_2.0s": {
    "ee_rmse_m": 0.24606496466534666,
    "errdist": 0.016443239019736256,
    "mean_dist_m": 14.96450695449986,
    "episodes": 82
  },
  "rollout_sel": 0.018145342677761616
}
{
  "epoch": 9,
  "timestamp_utc": "2026-07-23T21:53:53.923143+00:00",
  "train_loss": 0.002871388416388072,
  "val_loss": 0.0036461109376978128,
  "val_rmse": {
    "q_0": 0.0017408306201222076,
    "q_1": 0.0004912864684750222,
    "q_2": 0.0004609279918689588,
    "q_3": 0.0004264021478216297,
    "qd_0": 0.06438746079618597,
    "qd_1": 0.012182958366308786,
    "qd_2": 0.011068320523305409,
    "qd_3": 0.018862804369469882,
    "qcmd_0": 0.0006540603222996517,
    "qcmd_1": 0.00045238155229368563,
    "qcmd_2": 0.0004075728715798381,
    "qcmd_3": 0.0004761535397437121
  },
  "val_arm_loss": 0.0036461109376978128,
  "val_arm_rmse": {
    "q_0": 0.0017408306201222076,
    "q_1": 0.0004912864684750222,
    "q_2": 0.0004609279918689588,
    "q_3": 0.0004264021478216297,
    "qd_0": 0.06438746079618597,
    "qd_1": 0.012182958366308786,
    "qd_2": 0.011068320523305409,
    "qd_3": 0.018862804369469882,
    "qcmd_0": 0.0006540603222996517,
    "qcmd_1": 0.00045238155229368563,
    "qcmd_2": 0.0004075728715798381,
    "qcmd_3": 0.0004761535397437121
  },
  "rollout_arm_0.5s": {
    "ee_rmse_m": 0.1375027002025393,
    "errdist": 0.020953760637072938,
    "mean_dist_m": 6.56219676191487,
    "episodes": 82
  },
  "rollout_arm_1.0s": {
    "ee_rmse_m": 0.1747519267317769,
    "errdist": 0.01718744017923664,
    "mean_dist_m": 10.16742021554127,
    "episodes": 82
  },
  "rollout_arm_2.0s": {
    "ee_rmse_m": 0.2029338902519078,
    "errdist": 0.013561014129562426,
    "mean_dist_m": 14.96450695449986,
    "episodes": 82
  },
  "rollout_sel": 0.020953760637072938
}
{
  "epoch": 10,
  "timestamp_utc": "2026-07-23T21:54:17.410288+00:00",
  "train_loss": 0.002905496611259878,
  "val_loss": 0.0036041759149520658,
  "val_rmse": {
    "q_0": 0.0017309043619470137,
    "q_1": 0.0005732907458337797,
    "q_2": 0.0004457757849427282,
    "q_3": 0.0004900505410236046,
    "qd_0": 0.06338007709390786,
    "qd_1": 0.012174672230131703,
    "qd_2": 0.011247388591369393,
    "qd_3": 0.0187749071604452,
    "qcmd_0": 0.0006090649325681625,
    "qcmd_1": 0.0005155396430048924,
    "qcmd_2": 0.0003628116782881033,
    "qcmd_3": 0.00034327102456031784
  },
  "val_arm_loss": 0.0036041759149520658,
  "val_arm_rmse": {
    "q_0": 0.0017309043619470137,
    "q_1": 0.0005732907458337797,
    "q_2": 0.0004457757849427282,
    "q_3": 0.0004900505410236046,
    "qd_0": 0.06338007709390786,
    "qd_1": 0.012174672230131703,
    "qd_2": 0.011247388591369393,
    "qd_3": 0.0187749071604452,
    "qcmd_0": 0.0006090649325681625,
    "qcmd_1": 0.0005155396430048924,
    "qcmd_2": 0.0003628116782881033,
    "qcmd_3": 0.00034327102456031784
  },
  "rollout_arm_0.5s": {
    "ee_rmse_m": 0.15961963422263428,
    "errdist": 0.024324115843191628,
    "mean_dist_m": 6.56219676191487,
    "episodes": 82
  },
  "rollout_arm_1.0s": {
    "ee_rmse_m": 0.3495870441874461,
    "errdist": 0.034383062446173875,
    "mean_dist_m": 10.16742021554127,
    "episodes": 82
  },
  "rollout_arm_2.0s": {
    "ee_rmse_m": 0.41071889586241256,
    "errdist": 0.027446203012983898,
    "mean_dist_m": 14.96450695449986,
    "episodes": 82
  },
  "rollout_sel": 0.024324115843191628
}
{
  "epoch": 11,
  "timestamp_utc": "2026-07-23T21:54:40.898612+00:00",
  "train_loss": 0.0027972144301747904,
  "val_loss": 0.003548244190751575,
  "val_rmse": {
    "q_0": 0.0018701490782541174,
    "q_1": 0.0006559113700597086,
    "q_2": 0.0004898722576794583,
    "q_3": 0.0005095382171784659,
    "qd_0": 0.06159842835351575,
    "qd_1": 0.01161792225426237,
    "qd_2": 0.01093550164199185,
    "qd_3": 0.018869077739895764,
    "qcmd_0": 0.0009750926986545994,
    "qcmd_1": 0.0004537438643450029,
    "qcmd_2": 0.0005099720792166811,
    "qcmd_3": 0.0004771563364371974
  },
  "val_arm_loss": 0.003548244190751575,
  "val_arm_rmse": {
    "q_0": 0.0018701490782541174,
    "q_1": 0.0006559113700597086,
    "q_2": 0.0004898722576794583,
    "q_3": 0.0005095382171784659,
    "qd_0": 0.06159842835351575,
    "qd_1": 0.01161792225426237,
    "qd_2": 0.01093550164199185,
    "qd_3": 0.018869077739895764,
    "qcmd_0": 0.0009750926986545994,
    "qcmd_1": 0.0004537438643450029,
    "qcmd_2": 0.0005099720792166811,
    "qcmd_3": 0.0004771563364371974
  },
  "rollout_arm_0.5s": {
    "ee_rmse_m": 0.15282190029303228,
    "errdist": 0.023288222806723394,
    "mean_dist_m": 6.56219676191487,
    "episodes": 82
  },
  "rollout_arm_1.0s": {
    "ee_rmse_m": 0.18644565898973742,
    "errdist": 0.018337558105914465,
    "mean_dist_m": 10.16742021554127,
    "episodes": 82
  },
  "rollout_arm_2.0s": {
    "ee_rmse_m": 0.27701014264863005,
    "errdist": 0.01851114396825032,
    "mean_dist_m": 14.96450695449986,
    "episodes": 82
  },
  "rollout_sel": 0.023288222806723394
}
{
  "epoch": 12,
  "timestamp_utc": "2026-07-23T21:55:04.284803+00:00",
  "train_loss": 0.002744952824083157,
  "val_loss": 0.003864264410804026,
  "val_rmse": {
    "q_0": 0.0017363907638030885,
    "q_1": 0.0009496173668812019,
    "q_2": 0.00048804619228725086,
    "q_3": 0.0004397848407897907,
    "qd_0": 0.06721539752406976,
    "qd_1": 0.01148271951152196,
    "qd_2": 0.011180620574467809,
    "qd_3": 0.01880791123828356,
    "qcmd_0": 0.0007345749142424422,
    "qcmd_1": 0.0008630700770671885,
    "qcmd_2": 0.00041258645010015533,
    "qcmd_3": 0.00041609297903037827
  },
  "val_arm_loss": 0.003864264410804026,
  "val_arm_rmse": {
    "q_0": 0.0017363907638030885,
    "q_1": 0.0009496173668812019,
    "q_2": 0.00048804619228725086,
    "q_3": 0.0004397848407897907,
    "qd_0": 0.06721539752406976,
    "qd_1": 0.01148271951152196,
    "qd_2": 0.011180620574467809,
    "qd_3": 0.01880791123828356,
    "qcmd_0": 0.0007345749142424422,
    "qcmd_1": 0.0008630700770671885,
    "qcmd_2": 0.00041258645010015533,
    "qcmd_3": 0.00041609297903037827
  },
  "rollout_arm_0.5s": {
    "ee_rmse_m": 0.10616939748105791,
    "errdist": 0.016178941493683183,
    "mean_dist_m": 6.56219676191487,
    "episodes": 82
  },
  "rollout_arm_1.0s": {
    "ee_rmse_m": 0.20352399925533318,
    "errdist": 0.02001727035381496,
    "mean_dist_m": 10.16742021554127,
    "episodes": 82
  },
  "rollout_arm_2.0s": {
    "ee_rmse_m": 0.2909613359353776,
    "errdist": 0.01944342949754752,
    "mean_dist_m": 14.96450695449986,
    "episodes": 82
  },
  "rollout_sel": 0.016178941493683183
}
{
  "epoch": 13,
  "timestamp_utc": "2026-07-23T21:55:27.813104+00:00",
  "train_loss": 0.0026183805774198845,
  "val_loss": 0.004309489855659194,
  "val_rmse": {
    "q_0": 0.0024105141992462886,
    "q_1": 0.0009442626360494017,
    "q_2": 0.0006871351877178942,
    "q_3": 0.00047512105237986976,
    "qd_0": 0.06937523281477291,
    "qd_1": 0.013810300233579171,
    "qd_2": 0.011545747400476656,
    "qd_3": 0.0190654379324268,
    "qcmd_0": 0.0007340014938014997,
    "qcmd_1": 0.000680678617537694,
    "qcmd_2": 0.0005290532816495377,
    "qcmd_3": 0.00048371276354916955
  },
  "val_arm_loss": 0.004309489855659194,
  "val_arm_rmse": {
    "q_0": 0.0024105141992462886,
    "q_1": 0.0009442626360494017,
    "q_2": 0.0006871351877178942,
    "q_3": 0.00047512105237986976,
    "qd_0": 0.06937523281477291,
    "qd_1": 0.013810300233579171,
    "qd_2": 0.011545747400476656,
    "qd_3": 0.0190654379324268,
    "qcmd_0": 0.0007340014938014997,
    "qcmd_1": 0.000680678617537694,
    "qcmd_2": 0.0005290532816495377,
    "qcmd_3": 0.00048371276354916955
  },
  "rollout_arm_0.5s": {
    "ee_rmse_m": 0.14965282616396677,
    "errdist": 0.022805293957735215,
    "mean_dist_m": 6.56219676191487,
    "episodes": 82
  },
  "rollout_arm_1.0s": {
    "ee_rmse_m": 0.20633620913907005,
    "errdist": 0.020293860661299085,
    "mean_dist_m": 10.16742021554127,
    "episodes": 82
  },
  "rollout_arm_2.0s": {
    "ee_rmse_m": 0.29471944933583333,
    "errdist": 0.019694564627617785,
    "mean_dist_m": 14.96450695449986,
    "episodes": 82
  },
  "rollout_sel": 0.022805293957735215
}
{
  "epoch": 14,
  "timestamp_utc": "2026-07-23T21:55:51.645328+00:00",
  "train_loss": 0.00257050835917471,
  "val_loss": 0.0037376574985682966,
  "val_rmse": {
    "q_0": 0.001999350184848826,
    "q_1": 0.0007307036425117624,
    "q_2": 0.00045827797892101737,
    "q_3": 0.0005133645372314427,
    "qd_0": 0.06585719887642025,
    "qd_1": 0.011564640011694311,
    "qd_2": 0.011271059073460614,
    "qd_3": 0.018588202785572435,
    "qcmd_0": 0.0009076794020032192,
    "qcmd_1": 0.00043807054463415417,
    "qcmd_2": 0.00044489972360473837,
    "qcmd_3": 0.0004722676146307704
  },
  "val_arm_loss": 0.0037376574985682966,
  "val_arm_rmse": {
    "q_0": 0.001999350184848826,
    "q_1": 0.0007307036425117624,
    "q_2": 0.00045827797892101737,
    "q_3": 0.0005133645372314427,
    "qd_0": 0.06585719887642025,
    "qd_1": 0.011564640011694311,
    "qd_2": 0.011271059073460614,
    "qd_3": 0.018588202785572435,
    "qcmd_0": 0.0009076794020032192,
    "qcmd_1": 0.00043807054463415417,
    "qcmd_2": 0.00044489972360473837,
    "qcmd_3": 0.0004722676146307704
  },
  "rollout_arm_0.5s": {
    "ee_rmse_m": 0.15439650199622876,
    "errdist": 0.023528173201434965,
    "mean_dist_m": 6.56219676191487,
    "episodes": 82
  },
  "rollout_arm_1.0s": {
    "ee_rmse_m": 0.21204014263566737,
    "errdist": 0.020854861719156285,
    "mean_dist_m": 10.16742021554127,
    "episodes": 82
  },
  "rollout_arm_2.0s": {
    "ee_rmse_m": 0.2511404803927363,
    "errdist": 0.016782409280595628,
    "mean_dist_m": 14.96450695449986,
    "episodes": 82
  },
  "rollout_sel": 0.023528173201434965
}
{
  "epoch": 15,
  "timestamp_utc": "2026-07-23T21:56:15.158856+00:00",
  "train_loss": 0.0024085780653404073,
  "val_loss": 0.003930263977963477,
  "val_rmse": {
    "q_0": 0.001794138181393247,
    "q_1": 0.0006448049915184436,
    "q_2": 0.0007228521956859672,
    "q_3": 0.00042470350555256353,
    "qd_0": 0.06592752135315369,
    "qd_1": 0.012308900398841584,
    "qd_2": 0.012059840690860302,
    "qd_3": 0.01916108989345626,
    "qcmd_0": 0.0008536794224997302,
    "qcmd_1": 0.0004538622944809611,
    "qcmd_2": 0.0006557613039045195,
    "qcmd_3": 0.0004687437045399912
  },
  "val_arm_loss": 0.003930263977963477,
  "val_arm_rmse": {
    "q_0": 0.001794138181393247,
    "q_1": 0.0006448049915184436,
    "q_2": 0.0007228521956859672,
    "q_3": 0.00042470350555256353,
    "qd_0": 0.06592752135315369,
    "qd_1": 0.012308900398841584,
    "qd_2": 0.012059840690860302,
    "qd_3": 0.01916108989345626,
    "qcmd_0": 0.0008536794224997302,
    "qcmd_1": 0.0004538622944809611,
    "qcmd_2": 0.0006557613039045195,
    "qcmd_3": 0.0004687437045399912
  },
  "rollout_arm_0.5s": {
    "ee_rmse_m": 0.1469656938431575,
    "errdist": 0.02239580725407454,
    "mean_dist_m": 6.56219676191487,
    "episodes": 82
  },
  "rollout_arm_1.0s": {
    "ee_rmse_m": 0.21251283933351972,
    "errdist": 0.020901353030406487,
    "mean_dist_m": 10.16742021554127,
    "episodes": 82
  },
  "rollout_arm_2.0s": {
    "ee_rmse_m": 0.24796046550924533,
    "errdist": 0.0165699054611808,
    "mean_dist_m": 14.96450695449986,
    "episodes": 82
  },
  "rollout_sel": 0.02239580725407454
}
{
  "epoch": 16,
  "timestamp_utc": "2026-07-23T21:56:38.729722+00:00",
  "train_loss": 0.0023837065777624956,
  "val_loss": 0.0037185499040060677,
  "val_rmse": {
    "q_0": 0.0019287094410467699,
    "q_1": 0.0005199596896810327,
    "q_2": 0.0004759985719965606,
    "q_3": 0.00037087882590259376,
    "qd_0": 0.06777118139282605,
    "qd_1": 0.01154280674000638,
    "qd_2": 0.010854180861228893,
    "qd_3": 0.018661251133725076,
    "qcmd_0": 0.0005828295751836288,
    "qcmd_1": 0.00038210652144496935,
    "qcmd_2": 0.0004311575201413071,
    "qcmd_3": 0.00033487045453735635
  },
  "val_arm_loss": 0.0037185499040060677,
  "val_arm_rmse": {
    "q_0": 0.0019287094410467699,
    "q_1": 0.0005199596896810327,
    "q_2": 0.0004759985719965606,
    "q_3": 0.00037087882590259376,
    "qd_0": 0.06777118139282605,
    "qd_1": 0.01154280674000638,
    "qd_2": 0.010854180861228893,
    "qd_3": 0.018661251133725076,
    "qcmd_0": 0.0005828295751836288,
    "qcmd_1": 0.00038210652144496935,
    "qcmd_2": 0.0004311575201413071,
    "qcmd_3": 0.00033487045453735635
  },
  "rollout_arm_0.5s": {
    "ee_rmse_m": 0.09527653342830913,
    "errdist": 0.014518999793067335,
    "mean_dist_m": 6.56219676191487,
    "episodes": 82
  },
  "rollout_arm_1.0s": {
    "ee_rmse_m": 0.16608121872450415,
    "errdist": 0.01633464686259775,
    "mean_dist_m": 10.16742021554127,
    "episodes": 82
  },
  "rollout_arm_2.0s": {
    "ee_rmse_m": 0.19613539699975935,
    "errdist": 0.013106706261430217,
    "mean_dist_m": 14.96450695449986,
    "episodes": 82
  },
  "rollout_sel": 0.014518999793067335
}
{
  "epoch": 17,
  "timestamp_utc": "2026-07-23T21:57:02.253025+00:00",
  "train_loss": 0.0023167195389396512,
  "val_loss": 0.003390502979746088,
  "val_rmse": {
    "q_0": 0.0014417117016851716,
    "q_1": 0.0004532659654133168,
    "q_2": 0.00043511475655231077,
    "q_3": 0.0003540708874721944,
    "qd_0": 0.06397625949996148,
    "qd_1": 0.01103725491360799,
    "qd_2": 0.010433021557010657,
    "qd_3": 0.018324921554485007,
    "qcmd_0": 0.0007567776499530765,
    "qcmd_1": 0.00040375124802042374,
    "qcmd_2": 0.00036993325420475406,
    "qcmd_3": 0.00035255824263511626
  },
  "val_arm_loss": 0.003390502979746088,
  "val_arm_rmse": {
    "q_0": 0.0014417117016851716,
    "q_1": 0.0004532659654133168,
    "q_2": 0.00043511475655231077,
    "q_3": 0.0003540708874721944,
    "qd_0": 0.06397625949996148,
    "qd_1": 0.01103725491360799,
    "qd_2": 0.010433021557010657,
    "qd_3": 0.018324921554485007,
    "qcmd_0": 0.0007567776499530765,
    "qcmd_1": 0.00040375124802042374,
    "qcmd_2": 0.00036993325420475406,
    "qcmd_3": 0.00035255824263511626
  },
  "rollout_arm_0.5s": {
    "ee_rmse_m": 0.07498576915920534,
    "errdist": 0.011426930931788192,
    "mean_dist_m": 6.56219676191487,
    "episodes": 82
  },
  "rollout_arm_1.0s": {
    "ee_rmse_m": 0.15860087553570845,
    "errdist": 0.015598929932420937,
    "mean_dist_m": 10.16742021554127,
    "episodes": 82
  },
  "rollout_arm_2.0s": {
    "ee_rmse_m": 0.22233848429932826,
    "errdist": 0.014857722006836355,
    "mean_dist_m": 14.96450695449986,
    "episodes": 82
  },
  "rollout_sel": 0.011426930931788192
}
{
  "epoch": 18,
  "timestamp_utc": "2026-07-23T21:57:25.738394+00:00",
  "train_loss": 0.002286217741726432,
  "val_loss": 0.0035164284412167036,
  "val_rmse": {
    "q_0": 0.0014762837332868886,
    "q_1": 0.0005401831428182388,
    "q_2": 0.00043542426933556623,
    "q_3": 0.0004531642895067183,
    "qd_0": 0.06401232614065278,
    "qd_1": 0.011262435379281167,
    "qd_2": 0.010901445081440675,
    "qd_3": 0.01863805057216031,
    "qcmd_0": 0.0009759696885203622,
    "qcmd_1": 0.00038559990432654695,
    "qcmd_2": 0.0003892321742514491,
    "qcmd_3": 0.00039807442787823046
  },
  "val_arm_loss": 0.0035164284412167036,
  "val_arm_rmse": {
    "q_0": 0.0014762837332868886,
    "q_1": 0.0005401831428182388,
    "q_2": 0.00043542426933556623,
    "q_3": 0.0004531642895067183,
    "qd_0": 0.06401232614065278,
    "qd_1": 0.011262435379281167,
    "qd_2": 0.010901445081440675,
    "qd_3": 0.01863805057216031,
    "qcmd_0": 0.0009759696885203622,
    "qcmd_1": 0.00038559990432654695,
    "qcmd_2": 0.0003892321742514491,
    "qcmd_3": 0.00039807442787823046
  },
  "rollout_arm_0.5s": {
    "ee_rmse_m": 0.1256455717114377,
    "errdist": 0.019146876613125804,
    "mean_dist_m": 6.56219676191487,
    "episodes": 82
  },
  "rollout_arm_1.0s": {
    "ee_rmse_m": 0.18395092582961567,
    "errdist": 0.018092192702770366,
    "mean_dist_m": 10.16742021554127,
    "episodes": 82
  },
  "rollout_arm_2.0s": {
    "ee_rmse_m": 0.2909151941973339,
    "errdist": 0.019440346085699473,
    "mean_dist_m": 14.96450695449986,
    "episodes": 82
  },
  "rollout_sel": 0.019146876613125804
}
{
  "epoch": 19,
  "timestamp_utc": "2026-07-23T21:57:49.201216+00:00",
  "train_loss": 0.002295861749793403,
  "val_loss": 0.0038482859879150053,
  "val_rmse": {
    "q_0": 0.001813541225639034,
    "q_1": 0.0008624173530542878,
    "q_2": 0.0005642247977822128,
    "q_3": 0.00043941364913579475,
    "qd_0": 0.06795708813733636,
    "qd_1": 0.011826385534326425,
    "qd_2": 0.010860785330947025,
    "qd_3": 0.018719538200817395,
    "qcmd_0": 0.0009421491659698242,
    "qcmd_1": 0.0004331945170690491,
    "qcmd_2": 0.00036399897588855576,
    "qcmd_3": 0.0004067221397588724
  },
  "val_arm_loss": 0.0038482859879150053,
  "val_arm_rmse": {
    "q_0": 0.001813541225639034,
    "q_1": 0.0008624173530542878,
    "q_2": 0.0005642247977822128,
    "q_3": 0.00043941364913579475,
    "qd_0": 0.06795708813733636,
    "qd_1": 0.011826385534326425,
    "qd_2": 0.010860785330947025,
    "qd_3": 0.018719538200817395,
    "qcmd_0": 0.0009421491659698242,
    "qcmd_1": 0.0004331945170690491,
    "qcmd_2": 0.00036399897588855576,
    "qcmd_3": 0.0004067221397588724
  },
  "rollout_arm_0.5s": {
    "ee_rmse_m": 0.12505678085897584,
    "errdist": 0.01905715195630371,
    "mean_dist_m": 6.56219676191487,
    "episodes": 82
  },
  "rollout_arm_1.0s": {
    "ee_rmse_m": 0.19069456447406594,
    "errdist": 0.018755452261389017,
    "mean_dist_m": 10.16742021554127,
    "episodes": 82
  },
  "rollout_arm_2.0s": {
    "ee_rmse_m": 0.271753177946666,
    "errdist": 0.018159848418189895,
    "mean_dist_m": 14.96450695449986,
    "episodes": 82
  },
  "rollout_sel": 0.01905715195630371
}
{
  "epoch": 20,
  "timestamp_utc": "2026-07-23T21:58:12.549219+00:00",
  "train_loss": 0.002215055452659726,
  "val_loss": 0.0035430698411073537,
  "val_rmse": {
    "q_0": 0.0013019162969853432,
    "q_1": 0.0006177437517654984,
    "q_2": 0.00042202663269419314,
    "q_3": 0.00032956154296729257,
    "qd_0": 0.06590416387303684,
    "qd_1": 0.011102768755992072,
    "qd_2": 0.010418180182129198,
    "qd_3": 0.018650278398099997,
    "qcmd_0": 0.0005448741514559607,
    "qcmd_1": 0.0006506464109691512,
    "qcmd_2": 0.00041215430582906745,
    "qcmd_3": 0.00031925814139153726
  },
  "val_arm_loss": 0.0035430698411073537,
  "val_arm_rmse": {
    "q_0": 0.0013019162969853432,
    "q_1": 0.0006177437517654984,
    "q_2": 0.00042202663269419314,
    "q_3": 0.00032956154296729257,
    "qd_0": 0.06590416387303684,
    "qd_1": 0.011102768755992072,
    "qd_2": 0.010418180182129198,
    "qd_3": 0.018650278398099997,
    "qcmd_0": 0.0005448741514559607,
    "qcmd_1": 0.0006506464109691512,
    "qcmd_2": 0.00041215430582906745,
    "qcmd_3": 0.00031925814139153726
  },
  "rollout_arm_0.5s": {
    "ee_rmse_m": 0.06780918291606058,
    "errdist": 0.010333305351282037,
    "mean_dist_m": 6.56219676191487,
    "episodes": 82
  },
  "rollout_arm_1.0s": {
    "ee_rmse_m": 0.12254000374385443,
    "errdist": 0.01205222181695093,
    "mean_dist_m": 10.16742021554127,
    "episodes": 82
  },
  "rollout_arm_2.0s": {
    "ee_rmse_m": 0.19730636263747053,
    "errdist": 0.013184955791553163,
    "mean_dist_m": 14.96450695449986,
    "episodes": 82
  },
  "rollout_sel": 0.010333305351282037
}
{
  "epoch": 21,
  "timestamp_utc": "2026-07-23T21:58:36.186833+00:00",
  "train_loss": 0.0020632694214000368,
  "val_loss": 0.00356561693479307,
  "val_rmse": {
    "q_0": 0.0013688343048143077,
    "q_1": 0.0004883298305710881,
    "q_2": 0.0005597397781348084,
    "q_3": 0.00038360471260037867,
    "qd_0": 0.06592010412079895,
    "qd_1": 0.011872993808213642,
    "qd_2": 0.009982426046016657,
    "qd_3": 0.01864530126588538,
    "qcmd_0": 0.0006821080268951472,
    "qcmd_1": 0.00033396629125286524,
    "qcmd_2": 0.00042969061578691504,
    "qcmd_3": 0.0003771862006507091
  },
  "val_arm_loss": 0.00356561693479307,
  "val_arm_rmse": {
    "q_0": 0.0013688343048143077,
    "q_1": 0.0004883298305710881,
    "q_2": 0.0005597397781348084,
    "q_3": 0.00038360471260037867,
    "qd_0": 0.06592010412079895,
    "qd_1": 0.011872993808213642,
    "qd_2": 0.009982426046016657,
    "qd_3": 0.01864530126588538,
    "qcmd_0": 0.0006821080268951472,
    "qcmd_1": 0.00033396629125286524,
    "qcmd_2": 0.00042969061578691504,
    "qcmd_3": 0.0003771862006507091
  },
  "rollout_arm_0.5s": {
    "ee_rmse_m": 0.08920924613323947,
    "errdist": 0.013594418053872546,
    "mean_dist_m": 6.56219676191487,
    "episodes": 82
  },
  "rollout_arm_1.0s": {
    "ee_rmse_m": 0.10645787580288325,
    "errdist": 0.01047049040425796,
    "mean_dist_m": 10.16742021554127,
    "episodes": 82
  },
  "rollout_arm_2.0s": {
    "ee_rmse_m": 0.1470220211538743,
    "errdist": 0.009824715348183553,
    "mean_dist_m": 14.96450695449986,
    "episodes": 82
  },
  "rollout_sel": 0.013594418053872546
}
{
  "epoch": 22,
  "timestamp_utc": "2026-07-23T21:58:59.770724+00:00",
  "train_loss": 0.0020867616601171904,
  "val_loss": 0.0037797306539141574,
  "val_rmse": {
    "q_0": 0.0014732369419005393,
    "q_1": 0.0005426730762384685,
    "q_2": 0.0005307765881103409,
    "q_3": 0.0004424445110473319,
    "qd_0": 0.06940582747476777,
    "qd_1": 0.011280371755089834,
    "qd_2": 0.010492856152754249,
    "qd_3": 0.01893911643079406,
    "qcmd_0": 0.0006914076435387509,
    "qcmd_1": 0.00045435544387271103,
    "qcmd_2": 0.00040262061136188935,
    "qcmd_3": 0.00039446671883568754
  },
  "val_arm_loss": 0.0037797306539141574,
  "val_arm_rmse": {
    "q_0": 0.0014732369419005393,
    "q_1": 0.0005426730762384685,
    "q_2": 0.0005307765881103409,
    "q_3": 0.0004424445110473319,
    "qd_0": 0.06940582747476777,
    "qd_1": 0.011280371755089834,
    "qd_2": 0.010492856152754249,
    "qd_3": 0.01893911643079406,
    "qcmd_0": 0.0006914076435387509,
    "qcmd_1": 0.00045435544387271103,
    "qcmd_2": 0.00040262061136188935,
    "qcmd_3": 0.00039446671883568754
  },
  "rollout_arm_0.5s": {
    "ee_rmse_m": 0.23044339669409214,
    "errdist": 0.035116806925315054,
    "mean_dist_m": 6.56219676191487,
    "episodes": 82
  },
  "rollout_arm_1.0s": {
    "ee_rmse_m": 0.2350477367712887,
    "errdist": 0.023117736042030577,
    "mean_dist_m": 10.16742021554127,
    "episodes": 82
  },
  "rollout_arm_2.0s": {
    "ee_rmse_m": 0.29712070971933696,
    "errdist": 0.019855028342914572,
    "mean_dist_m": 14.96450695449986,
    "episodes": 82
  },
  "rollout_sel": 0.035116806925315054
}
{
  "epoch": 23,
  "timestamp_utc": "2026-07-23T21:59:23.678474+00:00",
  "train_loss": 0.002030993283202406,
  "val_loss": 0.003280355646566022,
  "val_rmse": {
    "q_0": 0.0013534367704386846,
    "q_1": 0.0003763896380364583,
    "q_2": 0.00039628743775731526,
    "q_3": 0.00037495562023817885,
    "qd_0": 0.06121180713394016,
    "qd_1": 0.011128018387534458,
    "qd_2": 0.010441595646052045,
    "qd_3": 0.018680642257172288,
    "qcmd_0": 0.0004847972341433894,
    "qcmd_1": 0.0004587599397718055,
    "qcmd_2": 0.0003078656059767519,
    "qcmd_3": 0.0003498373966890811
  },
  "val_arm_loss": 0.003280355646566022,
  "val_arm_rmse": {
    "q_0": 0.0013534367704386846,
    "q_1": 0.0003763896380364583,
    "q_2": 0.00039628743775731526,
    "q_3": 0.00037495562023817885,
    "qd_0": 0.06121180713394016,
    "qd_1": 0.011128018387534458,
    "qd_2": 0.010441595646052045,
    "qd_3": 0.018680642257172288,
    "qcmd_0": 0.0004847972341433894,
    "qcmd_1": 0.0004587599397718055,
    "qcmd_2": 0.0003078656059767519,
    "qcmd_3": 0.0003498373966890811
  },
  "rollout_arm_0.5s": {
    "ee_rmse_m": 0.21173069791139282,
    "errdist": 0.03226521629772179,
    "mean_dist_m": 6.56219676191487,
    "episodes": 82
  },
  "rollout_arm_1.0s": {
    "ee_rmse_m": 0.21476571918945547,
    "errdist": 0.02112293134704694,
    "mean_dist_m": 10.16742021554127,
    "episodes": 82
  },
  "rollout_arm_2.0s": {
    "ee_rmse_m": 0.2179042148635539,
    "errdist": 0.01456140289326603,
    "mean_dist_m": 14.96450695449986,
    "episodes": 82
  },
  "rollout_sel": 0.03226521629772179
}
{
  "epoch": 24,
  "timestamp_utc": "2026-07-23T21:59:47.604176+00:00",
  "train_loss": 0.002054674092272762,
  "val_loss": 0.003348530293442309,
  "val_rmse": {
    "q_0": 0.0012504272346702174,
    "q_1": 0.00037513929311026525,
    "q_2": 0.0004187509031057806,
    "q_3": 0.00044484256045502503,
    "qd_0": 0.06372398132468317,
    "qd_1": 0.011037396366061773,
    "qd_2": 0.010313388837056531,
    "qd_3": 0.01832762629353181,
    "qcmd_0": 0.0005135031569317974,
    "qcmd_1": 0.000396577297376412,
    "qcmd_2": 0.00035749924119805453,
    "qcmd_3": 0.00044300959609453686
  },
  "val_arm_loss": 0.003348530293442309,
  "val_arm_rmse": {
    "q_0": 0.0012504272346702174,
    "q_1": 0.00037513929311026525,
    "q_2": 0.0004187509031057806,
    "q_3": 0.00044484256045502503,
    "qd_0": 0.06372398132468317,
    "qd_1": 0.011037396366061773,
    "qd_2": 0.010313388837056531,
    "qd_3": 0.01832762629353181,
    "qcmd_0": 0.0005135031569317974,
    "qcmd_1": 0.000396577297376412,
    "qcmd_2": 0.00035749924119805453,
    "qcmd_3": 0.00044300959609453686
  },
  "rollout_arm_0.5s": {
    "ee_rmse_m": 0.10430289144460274,
    "errdist": 0.01589450838322117,
    "mean_dist_m": 6.56219676191487,
    "episodes": 82
  },
  "rollout_arm_1.0s": {
    "ee_rmse_m": 0.15663068461062712,
    "errdist": 0.01540515502361272,
    "mean_dist_m": 10.16742021554127,
    "episodes": 82
  },
  "rollout_arm_2.0s": {
    "ee_rmse_m": 0.2301393230371048,
    "errdist": 0.015379011399229654,
    "mean_dist_m": 14.96450695449986,
    "episodes": 82
  },
  "rollout_sel": 0.01589450838322117
}
{
  "epoch": 25,
  "timestamp_utc": "2026-07-23T22:00:10.705275+00:00",
  "train_loss": 0.0020703604096197524,
  "val_loss": 0.0031309592974139377,
  "val_rmse": {
    "q_0": 0.0013658393677884817,
    "q_1": 0.00044475102374354094,
    "q_2": 0.0004213903337707815,
    "q_3": 0.00032734844092884594,
    "qd_0": 0.05884549436997703,
    "qd_1": 0.010779668099129268,
    "qd_2": 0.010207966428016147,
    "qd_3": 0.018258987964811634,
    "qcmd_0": 0.0008744272208034165,
    "qcmd_1": 0.0005195347545552469,
    "qcmd_2": 0.00038019817288749007,
    "qcmd_3": 0.00028593930538403075
  },
  "val_arm_loss": 0.0031309592974139377,
  "val_arm_rmse": {
    "q_0": 0.0013658393677884817,
    "q_1": 0.00044475102374354094,
    "q_2": 0.0004213903337707815,
    "q_3": 0.00032734844092884594,
    "qd_0": 0.05884549436997703,
    "qd_1": 0.010779668099129268,
    "qd_2": 0.010207966428016147,
    "qd_3": 0.018258987964811634,
    "qcmd_0": 0.0008744272208034165,
    "qcmd_1": 0.0005195347545552469,
    "qcmd_2": 0.00038019817288749007,
    "qcmd_3": 0.00028593930538403075
  },
  "rollout_arm_0.5s": {
    "ee_rmse_m": 0.10012628193182439,
    "errdist": 0.015258043238344962,
    "mean_dist_m": 6.56219676191487,
    "episodes": 82
  },
  "rollout_arm_1.0s": {
    "ee_rmse_m": 0.14272027348417107,
    "errdist": 0.014037019269255536,
    "mean_dist_m": 10.16742021554127,
    "episodes": 82
  },
  "rollout_arm_2.0s": {
    "ee_rmse_m": 0.2024665603117336,
    "errdist": 0.013529784905532851,
    "mean_dist_m": 14.96450695449986,
    "episodes": 82
  },
  "rollout_sel": 0.015258043238344962
}
{
  "epoch": 26,
  "timestamp_utc": "2026-07-23T22:00:33.763115+00:00",
  "train_loss": 0.0019590992640587503,
  "val_loss": 0.003291098964109551,
  "val_rmse": {
    "q_0": 0.001481626257605726,
    "q_1": 0.0004828611024579344,
    "q_2": 0.0003438574877023266,
    "q_3": 0.0003286573030199714,
    "qd_0": 0.06281329780055538,
    "qd_1": 0.010800857090901332,
    "qd_2": 0.010271609836408568,
    "qd_3": 0.018216344124073337,
    "qcmd_0": 0.0006786151080103287,
    "qcmd_1": 0.0005205060727528873,
    "qcmd_2": 0.0002668738606459385,
    "qcmd_3": 0.00031070779097640164
  },
  "val_arm_loss": 0.003291098964109551,
  "val_arm_rmse": {
    "q_0": 0.001481626257605726,
    "q_1": 0.0004828611024579344,
    "q_2": 0.0003438574877023266,
    "q_3": 0.0003286573030199714,
    "qd_0": 0.06281329780055538,
    "qd_1": 0.010800857090901332,
    "qd_2": 0.010271609836408568,
    "qd_3": 0.018216344124073337,
    "qcmd_0": 0.0006786151080103287,
    "qcmd_1": 0.0005205060727528873,
    "qcmd_2": 0.0002668738606459385,
    "qcmd_3": 0.00031070779097640164
  },
  "rollout_arm_0.5s": {
    "ee_rmse_m": 0.07573157944838062,
    "errdist": 0.011540583465571352,
    "mean_dist_m": 6.56219676191487,
    "episodes": 82
  },
  "rollout_arm_1.0s": {
    "ee_rmse_m": 0.12161483007891896,
    "errdist": 0.011961227873027839,
    "mean_dist_m": 10.16742021554127,
    "episodes": 82
  },
  "rollout_arm_2.0s": {
    "ee_rmse_m": 0.20265560309419894,
    "errdist": 0.013542417649333909,
    "mean_dist_m": 14.96450695449986,
    "episodes": 82
  },
  "rollout_sel": 0.011540583465571352
}
{
  "epoch": 27,
  "timestamp_utc": "2026-07-23T22:00:56.884530+00:00",
  "train_loss": 0.001972524585784413,
  "val_loss": 0.003666597843694035,
  "val_rmse": {
    "q_0": 0.001580839469749904,
    "q_1": 0.0008193391738140244,
    "q_2": 0.0004267900191899294,
    "q_3": 0.00040260757492095625,
    "qd_0": 0.06664623332463682,
    "qd_1": 0.011604860269653405,
    "qd_2": 0.010722882530142305,
    "qd_3": 0.01842467713044753,
    "qcmd_0": 0.000590276399809158,
    "qcmd_1": 0.00058002016171174,
    "qcmd_2": 0.00038694018697159023,
    "qcmd_3": 0.0003838668119146723
  },
  "val_arm_loss": 0.003666597843694035,
  "val_arm_rmse": {
    "q_0": 0.001580839469749904,
    "q_1": 0.0008193391738140244,
    "q_2": 0.0004267900191899294,
    "q_3": 0.00040260757492095625,
    "qd_0": 0.06664623332463682,
    "qd_1": 0.011604860269653405,
    "qd_2": 0.010722882530142305,
    "qd_3": 0.01842467713044753,
    "qcmd_0": 0.000590276399809158,
    "qcmd_1": 0.00058002016171174,
    "qcmd_2": 0.00038694018697159023,
    "qcmd_3": 0.0003838668119146723
  },
  "rollout_arm_0.5s": {
    "ee_rmse_m": 0.11610580103741003,
    "errdist": 0.017693130098026807,
    "mean_dist_m": 6.56219676191487,
    "episodes": 82
  },
  "rollout_arm_1.0s": {
    "ee_rmse_m": 0.18798535688069698,
    "errdist": 0.01848899257585071,
    "mean_dist_m": 10.16742021554127,
    "episodes": 82
  },
  "rollout_arm_2.0s": {
    "ee_rmse_m": 0.25056515379372646,
    "errdist": 0.016743963202769,
    "mean_dist_m": 14.96450695449986,
    "episodes": 82
  },
  "rollout_sel": 0.017693130098026807
}
{
  "epoch": 28,
  "timestamp_utc": "2026-07-23T22:01:19.993811+00:00",
  "train_loss": 0.0019155707938480191,
  "val_loss": 0.0031542767662904227,
  "val_rmse": {
    "q_0": 0.0012405713963350767,
    "q_1": 0.00047808046420372806,
    "q_2": 0.0003976881838615252,
    "q_3": 0.0003465364564985893,
    "qd_0": 0.06023475470675977,
    "qd_1": 0.010795329849783585,
    "qd_2": 0.010233993670492476,
    "qd_3": 0.018350482723605805,
    "qcmd_0": 0.00047637258481121017,
    "qcmd_1": 0.0002831186702487382,
    "qcmd_2": 0.00039842398754369153,
    "qcmd_3": 0.00032185520903691263
  },
  "val_arm_loss": 0.0031542767662904227,
  "val_arm_rmse": {
    "q_0": 0.0012405713963350767,
    "q_1": 0.00047808046420372806,
    "q_2": 0.0003976881838615252,
    "q_3": 0.0003465364564985893,
    "qd_0": 0.06023475470675977,
    "qd_1": 0.010795329849783585,
    "qd_2": 0.010233993670492476,
    "qd_3": 0.018350482723605805,
    "qcmd_0": 0.00047637258481121017,
    "qcmd_1": 0.0002831186702487382,
    "qcmd_2": 0.00039842398754369153,
    "qcmd_3": 0.00032185520903691263
  },
  "rollout_arm_0.5s": {
    "ee_rmse_m": 0.06130214465044527,
    "errdist": 0.009341710843878614,
    "mean_dist_m": 6.56219676191487,
    "episodes": 82
  },
  "rollout_arm_1.0s": {
    "ee_rmse_m": 0.10549766570957865,
    "errdist": 0.010376050509678124,
    "mean_dist_m": 10.16742021554127,
    "episodes": 82
  },
  "rollout_arm_2.0s": {
    "ee_rmse_m": 0.17084058029408566,
    "errdist": 0.011416385505618916,
    "mean_dist_m": 14.96450695449986,
    "episodes": 82
  },
  "rollout_sel": 0.009341710843878614
}
{
  "epoch": 29,
  "timestamp_utc": "2026-07-23T22:01:43.052372+00:00",
  "train_loss": 0.00188146369648166,
  "val_loss": 0.0034433892893139272,
  "val_rmse": {
    "q_0": 0.0014553339087492107,
    "q_1": 0.0006128612161522509,
    "q_2": 0.00042213501009393526,
    "q_3": 0.0003982251840528994,
    "qd_0": 0.06235680754475806,
    "qd_1": 0.012399734779456271,
    "qd_2": 0.01035651345907621,
    "qd_3": 0.018394398709897484,
    "qcmd_0": 0.0006076198090434629,
    "qcmd_1": 0.0004380008513645066,
    "qcmd_2": 0.00040317866838218946,
    "qcmd_3": 0.0003374096387053234
  },
  "val_arm_loss": 0.0034433892893139272,
  "val_arm_rmse": {
    "q_0": 0.0014553339087492107,
    "q_1": 0.0006128612161522509,
    "q_2": 0.00042213501009393526,
    "q_3": 0.0003982251840528994,
    "qd_0": 0.06235680754475806,
    "qd_1": 0.012399734779456271,
    "qd_2": 0.01035651345907621,
    "qd_3": 0.018394398709897484,
    "qcmd_0": 0.0006076198090434629,
    "qcmd_1": 0.0004380008513645066,
    "qcmd_2": 0.00040317866838218946,
    "qcmd_3": 0.0003374096387053234
  },
  "rollout_arm_0.5s": {
    "ee_rmse_m": 0.08752188633380606,
    "errdist": 0.013337284679081596,
    "mean_dist_m": 6.56219676191487,
    "episodes": 82
  },
  "rollout_arm_1.0s": {
    "ee_rmse_m": 0.12803785150217586,
    "errdist": 0.012592953648799267,
    "mean_dist_m": 10.16742021554127,
    "episodes": 82
  },
  "rollout_arm_2.0s": {
    "ee_rmse_m": 0.22805669872771153,
    "errdist": 0.015239840471933115,
    "mean_dist_m": 14.96450695449986,
    "episodes": 82
  },
  "rollout_sel": 0.013337284679081596
}
{
  "epoch": 30,
  "timestamp_utc": "2026-07-23T22:02:06.180886+00:00",
  "train_loss": 0.0018352363660233096,
  "val_loss": 0.0032415095035685224,
  "val_rmse": {
    "q_0": 0.001210827523739333,
    "q_1": 0.0004165653141909709,
    "q_2": 0.00040124471474438275,
    "q_3": 0.00032887982949272626,
    "qd_0": 0.0635838900744099,
    "qd_1": 0.010713874897821999,
    "qd_2": 0.010125998193935297,
    "qd_3": 0.018053303994435402,
    "qcmd_0": 0.0005184856258789147,
    "qcmd_1": 0.0002856429385732632,
    "qcmd_2": 0.0002697234885219973,
    "qcmd_3": 0.0002802706522441099
  },
  "val_arm_loss": 0.0032415095035685224,
  "val_arm_rmse": {
    "q_0": 0.001210827523739333,
    "q_1": 0.0004165653141909709,
    "q_2": 0.00040124471474438275,
    "q_3": 0.00032887982949272626,
    "qd_0": 0.0635838900744099,
    "qd_1": 0.010713874897821999,
    "qd_2": 0.010125998193935297,
    "qd_3": 0.018053303994435402,
    "qcmd_0": 0.0005184856258789147,
    "qcmd_1": 0.0002856429385732632,
    "qcmd_2": 0.0002697234885219973,
    "qcmd_3": 0.0002802706522441099
  },
  "rollout_arm_0.5s": {
    "ee_rmse_m": 0.06413361084513981,
    "errdist": 0.009773192297029725,
    "mean_dist_m": 6.56219676191487,
    "episodes": 82
  },
  "rollout_arm_1.0s": {
    "ee_rmse_m": 0.10085356288911132,
    "errdist": 0.00991928736602752,
    "mean_dist_m": 10.16742021554127,
    "episodes": 82
  },
  "rollout_arm_2.0s": {
    "ee_rmse_m": 0.1612500247427218,
    "errdist": 0.010775498667146768,
    "mean_dist_m": 14.96450695449986,
    "episodes": 82
  },
  "rollout_sel": 0.009773192297029725
}
{
  "epoch": 31,
  "timestamp_utc": "2026-07-23T22:02:29.368797+00:00",
  "train_loss": 0.0019061270584352313,
  "val_loss": 0.0031671171658672393,
  "val_rmse": {
    "q_0": 0.0011846316637604004,
    "q_1": 0.0004934851487969278,
    "q_2": 0.00041661143728702706,
    "q_3": 0.0003726170241381671,
    "qd_0": 0.05972524481092558,
    "qd_1": 0.011051250489581027,
    "qd_2": 0.010074182124244232,
    "qd_3": 0.01852947621313487,
    "qcmd_0": 0.0005218488528440679,
    "qcmd_1": 0.0003665166062799353,
    "qcmd_2": 0.0003278367825500674,
    "qcmd_3": 0.0003333756880011697
  },
  "val_arm_loss": 0.0031671171658672393,
  "val_arm_rmse": {
    "q_0": 0.0011846316637604004,
    "q_1": 0.0004934851487969278,
    "q_2": 0.00041661143728702706,
    "q_3": 0.0003726170241381671,
    "qd_0": 0.05972524481092558,
    "qd_1": 0.011051250489581027,
    "qd_2": 0.010074182124244232,
    "qd_3": 0.01852947621313487,
    "qcmd_0": 0.0005218488528440679,
    "qcmd_1": 0.0003665166062799353,
    "qcmd_2": 0.0003278367825500674,
    "qcmd_3": 0.0003333756880011697
  },
  "rollout_arm_0.5s": {
    "ee_rmse_m": 0.1492160408884784,
    "errdist": 0.02273873312584682,
    "mean_dist_m": 6.56219676191487,
    "episodes": 82
  },
  "rollout_arm_1.0s": {
    "ee_rmse_m": 0.16705483182049,
    "errdist": 0.016430404987603505,
    "mean_dist_m": 10.16742021554127,
    "episodes": 82
  },
  "rollout_arm_2.0s": {
    "ee_rmse_m": 0.21697453013322102,
    "errdist": 0.014499276908550355,
    "mean_dist_m": 14.96450695449986,
    "episodes": 82
  },
  "rollout_sel": 0.02273873312584682
}
{
  "epoch": 32,
  "timestamp_utc": "2026-07-23T22:02:52.468931+00:00",
  "train_loss": 0.0018261396978632547,
  "val_loss": 0.0035511534023680725,
  "val_rmse": {
    "q_0": 0.00151533986809819,
    "q_1": 0.0005589074020103048,
    "q_2": 0.0005075829844653579,
    "q_3": 0.0004003854893672532,
    "qd_0": 0.06610359397414302,
    "qd_1": 0.011130668090309341,
    "qd_2": 0.010796367875268697,
    "qd_3": 0.018381639771867478,
    "qcmd_0": 0.0006524444519422489,
    "qcmd_1": 0.0004151938993796632,
    "qcmd_2": 0.00038520830032827126,
    "qcmd_3": 0.00035940384100390736
  },
  "val_arm_loss": 0.0035511534023680725,
  "val_arm_rmse": {
    "q_0": 0.00151533986809819,
    "q_1": 0.0005589074020103048,
    "q_2": 0.0005075829844653579,
    "q_3": 0.0004003854893672532,
    "qd_0": 0.06610359397414302,
    "qd_1": 0.011130668090309341,
    "qd_2": 0.010796367875268697,
    "qd_3": 0.018381639771867478,
    "qcmd_0": 0.0006524444519422489,
    "qcmd_1": 0.0004151938993796632,
    "qcmd_2": 0.00038520830032827126,
    "qcmd_3": 0.00035940384100390736
  },
  "rollout_arm_0.5s": {
    "ee_rmse_m": 0.11415183638686192,
    "errdist": 0.01739536934481557,
    "mean_dist_m": 6.56219676191487,
    "episodes": 82
  },
  "rollout_arm_1.0s": {
    "ee_rmse_m": 0.14361296907426477,
    "errdist": 0.01412481888520228,
    "mean_dist_m": 10.16742021554127,
    "episodes": 82
  },
  "rollout_arm_2.0s": {
    "ee_rmse_m": 0.18433651568111653,
    "errdist": 0.012318248522427003,
    "mean_dist_m": 14.96450695449986,
    "episodes": 82
  },
  "rollout_sel": 0.01739536934481557
}
{
  "epoch": 33,
  "timestamp_utc": "2026-07-23T22:03:15.603706+00:00",
  "train_loss": 0.0018063848502933978,
  "val_loss": 0.003053976461524144,
  "val_rmse": {
    "q_0": 0.001448610686134284,
    "q_1": 0.0005343844372887886,
    "q_2": 0.0003738425694320073,
    "q_3": 0.0003108152801263875,
    "qd_0": 0.058325507544477025,
    "qd_1": 0.010569129819661894,
    "qd_2": 0.010219740443085976,
    "qd_3": 0.018123363076638928,
    "qcmd_0": 0.0004902171655586929,
    "qcmd_1": 0.0004747807337180991,
    "qcmd_2": 0.000307628927457441,
    "qcmd_3": 0.0002750489558561115
  },
  "val_arm_loss": 0.003053976461524144,
  "val_arm_rmse": {
    "q_0": 0.001448610686134284,
    "q_1": 0.0005343844372887886,
    "q_2": 0.0003738425694320073,
    "q_3": 0.0003108152801263875,
    "qd_0": 0.058325507544477025,
    "qd_1": 0.010569129819661894,
    "qd_2": 0.010219740443085976,
    "qd_3": 0.018123363076638928,
    "qcmd_0": 0.0004902171655586929,
    "qcmd_1": 0.0004747807337180991,
    "qcmd_2": 0.000307628927457441,
    "qcmd_3": 0.0002750489558561115
  },
  "rollout_arm_0.5s": {
    "ee_rmse_m": 0.08504367272448148,
    "errdist": 0.012959634678748258,
    "mean_dist_m": 6.56219676191487,
    "episodes": 82
  },
  "rollout_arm_1.0s": {
    "ee_rmse_m": 0.12183895496011299,
    "errdist": 0.011983271309459378,
    "mean_dist_m": 10.16742021554127,
    "episodes": 82
  },
  "rollout_arm_2.0s": {
    "ee_rmse_m": 0.17498086439767963,
    "errdist": 0.011693059111784667,
    "mean_dist_m": 14.96450695449986,
    "episodes": 82
  },
  "rollout_sel": 0.012959634678748258
}
{
  "epoch": 34,
  "timestamp_utc": "2026-07-23T22:03:38.716046+00:00",
  "train_loss": 0.0017174218327272684,
  "val_loss": 0.0034048957627965137,
  "val_rmse": {
    "q_0": 0.0015465974657048454,
    "q_1": 0.0007320318715134893,
    "q_2": 0.000387107089737627,
    "q_3": 0.0003423061091550075,
    "qd_0": 0.061725119901191866,
    "qd_1": 0.011383929534357703,
    "qd_2": 0.01051174308700817,
    "qd_3": 0.01881340397262752,
    "qcmd_0": 0.0006575237788400847,
    "qcmd_1": 0.0004380434435508626,
    "qcmd_2": 0.00036430453398771356,
    "qcmd_3": 0.00028606598199555676
  },
  "val_arm_loss": 0.0034048957627965137,
  "val_arm_rmse": {
    "q_0": 0.0015465974657048454,
    "q_1": 0.0007320318715134893,
    "q_2": 0.000387107089737627,
    "q_3": 0.0003423061091550075,
    "qd_0": 0.061725119901191866,
    "qd_1": 0.011383929534357703,
    "qd_2": 0.01051174308700817,
    "qd_3": 0.01881340397262752,
    "qcmd_0": 0.0006575237788400847,
    "qcmd_1": 0.0004380434435508626,
    "qcmd_2": 0.00036430453398771356,
    "qcmd_3": 0.00028606598199555676
  },
  "rollout_arm_0.5s": {
    "ee_rmse_m": 0.19171505445994247,
    "errdist": 0.02921507254591973,
    "mean_dist_m": 6.56219676191487,
    "episodes": 82
  },
  "rollout_arm_1.0s": {
    "ee_rmse_m": 0.2164080257582168,
    "errdist": 0.02128445772580829,
    "mean_dist_m": 10.16742021554127,
    "episodes": 82
  },
  "rollout_arm_2.0s": {
    "ee_rmse_m": 0.2691282939249872,
    "errdist": 0.017984441100751383,
    "mean_dist_m": 14.96450695449986,
    "episodes": 82
  },
  "rollout_sel": 0.02921507254591973
}
{
  "epoch": 35,
  "timestamp_utc": "2026-07-23T22:04:01.853793+00:00",
  "train_loss": 0.00176110516951303,
  "val_loss": 0.003066414111526683,
  "val_rmse": {
    "q_0": 0.001118363829643021,
    "q_1": 0.0004096848227569746,
    "q_2": 0.00039719650362200504,
    "q_3": 0.00030244748282362864,
    "qd_0": 0.05989905489972955,
    "qd_1": 0.010748193941440878,
    "qd_2": 0.00993500877942956,
    "qd_3": 0.018135694128773874,
    "qcmd_0": 0.00043306610694097026,
    "qcmd_1": 0.00031719758266860745,
    "qcmd_2": 0.0002718037574556785,
    "qcmd_3": 0.0002713143663814495
  },
  "val_arm_loss": 0.003066414111526683,
  "val_arm_rmse": {
    "q_0": 0.001118363829643021,
    "q_1": 0.0004096848227569746,
    "q_2": 0.00039719650362200504,
    "q_3": 0.00030244748282362864,
    "qd_0": 0.05989905489972955,
    "qd_1": 0.010748193941440878,
    "qd_2": 0.00993500877942956,
    "qd_3": 0.018135694128773874,
    "qcmd_0": 0.00043306610694097026,
    "qcmd_1": 0.00031719758266860745,
    "qcmd_2": 0.0002718037574556785,
    "qcmd_3": 0.0002713143663814495
  },
  "rollout_arm_0.5s": {
    "ee_rmse_m": 0.058041990398459004,
    "errdist": 0.008844902477676114,
    "mean_dist_m": 6.56219676191487,
    "episodes": 82
  },
  "rollout_arm_1.0s": {
    "ee_rmse_m": 0.07657890320611899,
    "errdist": 0.007531792881842865,
    "mean_dist_m": 10.16742021554127,
    "episodes": 82
  },
  "rollout_arm_2.0s": {
    "ee_rmse_m": 0.10391110854222496,
    "errdist": 0.006943837766133595,
    "mean_dist_m": 14.96450695449986,
    "episodes": 82
  },
  "rollout_sel": 0.008844902477676114
}
{
  "epoch": 36,
  "timestamp_utc": "2026-07-23T22:04:25.159099+00:00",
  "train_loss": 0.0016176917855918872,
  "val_loss": 0.003199108481348958,
  "val_rmse": {
    "q_0": 0.0011787329850757662,
    "q_1": 0.0003989747639502798,
    "q_2": 0.00039281305539238707,
    "q_3": 0.00030140871265476807,
    "qd_0": 0.06281070814627931,
    "qd_1": 0.010661964964812799,
    "qd_2": 0.009856117360073167,
    "qd_3": 0.018187629218733552,
    "qcmd_0": 0.0005281550386650239,
    "qcmd_1": 0.00028380214155208125,
    "qcmd_2": 0.0003392212367526528,
    "qcmd_3": 0.0002695966494563298
  },
  "val_arm_loss": 0.003199108481348958,
  "val_arm_rmse": {
    "q_0": 0.0011787329850757662,
    "q_1": 0.0003989747639502798,
    "q_2": 0.00039281305539238707,
    "q_3": 0.00030140871265476807,
    "qd_0": 0.06281070814627931,
    "qd_1": 0.010661964964812799,
    "qd_2": 0.009856117360073167,
    "qd_3": 0.018187629218733552,
    "qcmd_0": 0.0005281550386650239,
    "qcmd_1": 0.00028380214155208125,
    "qcmd_2": 0.0003392212367526528,
    "qcmd_3": 0.0002695966494563298
  },
  "rollout_arm_0.5s": {
    "ee_rmse_m": 0.07881095328068743,
    "errdist": 0.012009843066285953,
    "mean_dist_m": 6.56219676191487,
    "episodes": 82
  },
  "rollout_arm_1.0s": {
    "ee_rmse_m": 0.1332197562189795,
    "errdist": 0.01310261141910396,
    "mean_dist_m": 10.16742021554127,
    "episodes": 82
  },
  "rollout_arm_2.0s": {
    "ee_rmse_m": 0.1788246588645931,
    "errdist": 0.011949919860929338,
    "mean_dist_m": 14.96450695449986,
    "episodes": 82
  },
  "rollout_sel": 0.012009843066285953
}
{
  "epoch": 37,
  "timestamp_utc": "2026-07-23T22:04:48.225089+00:00",
  "train_loss": 0.0016756258950917982,
  "val_loss": 0.0031070493601146154,
  "val_rmse": {
    "q_0": 0.0012436855988587055,
    "q_1": 0.0004022700294588151,
    "q_2": 0.000348221381765416,
    "q_3": 0.0002960286360707085,
    "qd_0": 0.06035104782890771,
    "qd_1": 0.010663339340754011,
    "qd_2": 0.01006566268534645,
    "qd_3": 0.018276356164260172,
    "qcmd_0": 0.000390198304385608,
    "qcmd_1": 0.0003600276670185036,
    "qcmd_2": 0.0002865062276775168,
    "qcmd_3": 0.0002649527684652565
  },
  "val_arm_loss": 0.0031070493601146154,
  "val_arm_rmse": {
    "q_0": 0.0012436855988587055,
    "q_1": 0.0004022700294588151,
    "q_2": 0.000348221381765416,
    "q_3": 0.0002960286360707085,
    "qd_0": 0.06035104782890771,
    "qd_1": 0.010663339340754011,
    "qd_2": 0.01006566268534645,
    "qd_3": 0.018276356164260172,
    "qcmd_0": 0.000390198304385608,
    "qcmd_1": 0.0003600276670185036,
    "qcmd_2": 0.0002865062276775168,
    "qcmd_3": 0.0002649527684652565
  },
  "rollout_arm_0.5s": {
    "ee_rmse_m": 0.06845070464953944,
    "errdist": 0.010431065561277883,
    "mean_dist_m": 6.56219676191487,
    "episodes": 82
  },
  "rollout_arm_1.0s": {
    "ee_rmse_m": 0.10060537354542139,
    "errdist": 0.009894877108712634,
    "mean_dist_m": 10.16742021554127,
    "episodes": 82
  },
  "rollout_arm_2.0s": {
    "ee_rmse_m": 0.12391757929677324,
    "errdist": 0.008280765926572072,
    "mean_dist_m": 14.96450695449986,
    "episodes": 82
  },
  "rollout_sel": 0.010431065561277883
}
{
  "epoch": 38,
  "timestamp_utc": "2026-07-23T22:05:11.349870+00:00",
  "train_loss": 0.0016566999700153245,
  "val_loss": 0.0032224406304885633,
  "val_rmse": {
    "q_0": 0.0012831781474191188,
    "q_1": 0.0005120758104948957,
    "q_2": 0.0004090426955086866,
    "q_3": 0.00034012367115025707,
    "qd_0": 0.06060180820938153,
    "qd_1": 0.011270544509170087,
    "qd_2": 0.010264150549126412,
    "qd_3": 0.01834008648342975,
    "qcmd_0": 0.0004674843779868495,
    "qcmd_1": 0.00042595151815487024,
    "qcmd_2": 0.0004033438381098767,
    "qcmd_3": 0.00029905301775160224
  },
  "val_arm_loss": 0.0032224406304885633,
  "val_arm_rmse": {
    "q_0": 0.0012831781474191188,
    "q_1": 0.0005120758104948957,
    "q_2": 0.0004090426955086866,
    "q_3": 0.00034012367115025707,
    "qd_0": 0.06060180820938153,
    "qd_1": 0.011270544509170087,
    "qd_2": 0.010264150549126412,
    "qd_3": 0.01834008648342975,
    "qcmd_0": 0.0004674843779868495,
    "qcmd_1": 0.00042595151815487024,
    "qcmd_2": 0.0004033438381098767,
    "qcmd_3": 0.00029905301775160224
  },
  "rollout_arm_0.5s": {
    "ee_rmse_m": 0.05801138490837916,
    "errdist": 0.008840238568441105,
    "mean_dist_m": 6.56219676191487,
    "episodes": 82
  },
  "rollout_arm_1.0s": {
    "ee_rmse_m": 0.08944969630488672,
    "errdist": 0.00879767870400002,
    "mean_dist_m": 10.16742021554127,
    "episodes": 82
  },
  "rollout_arm_2.0s": {
    "ee_rmse_m": 0.12443391213027702,
    "errdist": 0.008315269758544198,
    "mean_dist_m": 14.96450695449986,
    "episodes": 82
  },
  "rollout_sel": 0.008840238568441105
}
{
  "epoch": 39,
  "timestamp_utc": "2026-07-23T22:05:34.569653+00:00",
  "train_loss": 0.0016108130550419445,
  "val_loss": 0.0030479144357377663,
  "val_rmse": {
    "q_0": 0.0011000170165596384,
    "q_1": 0.00034109481220151835,
    "q_2": 0.00037630516896020174,
    "q_3": 0.0003258781344822188,
    "qd_0": 0.05982569052533371,
    "qd_1": 0.01053534576912665,
    "qd_2": 0.010063691690184338,
    "qd_3": 0.018153036729637858,
    "qcmd_0": 0.0004574131863330703,
    "qcmd_1": 0.000268987335533877,
    "qcmd_2": 0.000269782719973521,
    "qcmd_3": 0.00026389585549738045
  },
  "val_arm_loss": 0.0030479144357377663,
  "val_arm_rmse": {
    "q_0": 0.0011000170165596384,
    "q_1": 0.00034109481220151835,
    "q_2": 0.00037630516896020174,
    "q_3": 0.0003258781344822188,
    "qd_0": 0.05982569052533371,
    "qd_1": 0.01053534576912665,
    "qd_2": 0.010063691690184338,
    "qd_3": 0.018153036729637858,
    "qcmd_0": 0.0004574131863330703,
    "qcmd_1": 0.000268987335533877,
    "qcmd_2": 0.000269782719973521,
    "qcmd_3": 0.00026389585549738045
  },
  "rollout_arm_0.5s": {
    "ee_rmse_m": 0.08763106582259965,
    "errdist": 0.013353922322351795,
    "mean_dist_m": 6.56219676191487,
    "episodes": 82
  },
  "rollout_arm_1.0s": {
    "ee_rmse_m": 0.1071120406163964,
    "errdist": 0.010534829715474115,
    "mean_dist_m": 10.16742021554127,
    "episodes": 82
  },
  "rollout_arm_2.0s": {
    "ee_rmse_m": 0.13354435627882683,
    "errdist": 0.008924073254459595,
    "mean_dist_m": 14.96450695449986,
    "episodes": 82
  },
  "rollout_sel": 0.013353922322351795
}
{
  "epoch": 40,
  "timestamp_utc": "2026-07-23T22:05:57.687210+00:00",
  "train_loss": 0.0015860453389177564,
  "val_loss": 0.0030471726969699374,
  "val_rmse": {
    "q_0": 0.0011161033764516715,
    "q_1": 0.0003424562821480377,
    "q_2": 0.00036145010547304325,
    "q_3": 0.0003514691101911819,
    "qd_0": 0.06002783719010628,
    "qd_1": 0.010654438190713746,
    "qd_2": 0.009957413325354578,
    "qd_3": 0.01799614604018974,
    "qcmd_0": 0.00038196859192227145,
    "qcmd_1": 0.00029163249927083345,
    "qcmd_2": 0.0002682580830711079,
    "qcmd_3": 0.00034939465389357253
  },
  "val_arm_loss": 0.0030471726969699374,
  "val_arm_rmse": {
    "q_0": 0.0011161033764516715,
    "q_1": 0.0003424562821480377,
    "q_2": 0.00036145010547304325,
    "q_3": 0.0003514691101911819,
    "qd_0": 0.06002783719010628,
    "qd_1": 0.010654438190713746,
    "qd_2": 0.009957413325354578,
    "qd_3": 0.01799614604018974,
    "qcmd_0": 0.00038196859192227145,
    "qcmd_1": 0.00029163249927083345,
    "qcmd_2": 0.0002682580830711079,
    "qcmd_3": 0.00034939465389357253
  },
  "rollout_arm_0.5s": {
    "ee_rmse_m": 0.06479791180235177,
    "errdist": 0.009874423787232422,
    "mean_dist_m": 6.56219676191487,
    "episodes": 82
  },
  "rollout_arm_1.0s": {
    "ee_rmse_m": 0.08811748418082126,
    "errdist": 0.008666651157599495,
    "mean_dist_m": 10.16742021554127,
    "episodes": 82
  },
  "rollout_arm_2.0s": {
    "ee_rmse_m": 0.10839852644760516,
    "errdist": 0.007243708514900952,
    "mean_dist_m": 14.96450695449986,
    "episodes": 82
  },
  "rollout_sel": 0.009874423787232422
}
{
  "epoch": 41,
  "timestamp_utc": "2026-07-23T22:06:20.830118+00:00",
  "train_loss": 0.0015432878241990692,
  "val_loss": 0.0030762074323138224,
  "val_rmse": {
    "q_0": 0.0012005373570921733,
    "q_1": 0.0003970251726644004,
    "q_2": 0.00036044271864820777,
    "q_3": 0.0003306748056551898,
    "qd_0": 0.05935465898165143,
    "qd_1": 0.01097122772916364,
    "qd_2": 0.010180786582719249,
    "qd_3": 0.01803177983016045,
    "qcmd_0": 0.0005410175391589051,
    "qcmd_1": 0.00036216142001276925,
    "qcmd_2": 0.0002954745835379804,
    "qcmd_3": 0.0003004854256541732
  },
  "val_arm_loss": 0.0030762074323138224,
  "val_arm_rmse": {
    "q_0": 0.0012005373570921733,
    "q_1": 0.0003970251726644004,
    "q_2": 0.00036044271864820777,
    "q_3": 0.0003306748056551898,
    "qd_0": 0.05935465898165143,
    "qd_1": 0.01097122772916364,
    "qd_2": 0.010180786582719249,
    "qd_3": 0.01803177983016045,
    "qcmd_0": 0.0005410175391589051,
    "qcmd_1": 0.00036216142001276925,
    "qcmd_2": 0.0002954745835379804,
    "qcmd_3": 0.0003004854256541732
  },
  "rollout_arm_0.5s": {
    "ee_rmse_m": 0.05656276104589623,
    "errdist": 0.008619485684149317,
    "mean_dist_m": 6.56219676191487,
    "episodes": 82
  },
  "rollout_arm_1.0s": {
    "ee_rmse_m": 0.07738046627348176,
    "errdist": 0.007610629307442503,
    "mean_dist_m": 10.16742021554127,
    "episodes": 82
  },
  "rollout_arm_2.0s": {
    "ee_rmse_m": 0.1276362005351301,
    "errdist": 0.008529262001294979,
    "mean_dist_m": 14.96450695449986,
    "episodes": 82
  },
  "rollout_sel": 0.008619485684149317
}
{
  "epoch": 42,
  "timestamp_utc": "2026-07-23T22:06:43.974067+00:00",
  "train_loss": 0.001583917885873234,
  "val_loss": 0.0031915622690576128,
  "val_rmse": {
    "q_0": 0.0012681954899869381,
    "q_1": 0.0006172198484473782,
    "q_2": 0.0004000292961642272,
    "q_3": 0.00044024246891594457,
    "qd_0": 0.05870889329335205,
    "qd_1": 0.01121437172125119,
    "qd_2": 0.010652151728164456,
    "qd_3": 0.018304189622491897,
    "qcmd_0": 0.0005724185655902254,
    "qcmd_1": 0.0004246999973563823,
    "qcmd_2": 0.0004161156665984103,
    "qcmd_3": 0.000414769328117268
  },
  "val_arm_loss": 0.0031915622690576128,
  "val_arm_rmse": {
    "q_0": 0.0012681954899869381,
    "q_1": 0.0006172198484473782,
    "q_2": 0.0004000292961642272,
    "q_3": 0.00044024246891594457,
    "qd_0": 0.05870889329335205,
    "qd_1": 0.01121437172125119,
    "qd_2": 0.010652151728164456,
    "qd_3": 0.018304189622491897,
    "qcmd_0": 0.0005724185655902254,
    "qcmd_1": 0.0004246999973563823,
    "qcmd_2": 0.0004161156665984103,
    "qcmd_3": 0.000414769328117268
  },
  "rollout_arm_0.5s": {
    "ee_rmse_m": 0.07094329435396365,
    "errdist": 0.010810906305903296,
    "mean_dist_m": 6.56219676191487,
    "episodes": 82
  },
  "rollout_arm_1.0s": {
    "ee_rmse_m": 0.09526029204314576,
    "errdist": 0.009369170352331554,
    "mean_dist_m": 10.16742021554127,
    "episodes": 82
  },
  "rollout_arm_2.0s": {
    "ee_rmse_m": 0.14252235282708076,
    "errdist": 0.009524025967606235,
    "mean_dist_m": 14.96450695449986,
    "episodes": 82
  },
  "rollout_sel": 0.010810906305903296
}
{
  "epoch": 43,
  "timestamp_utc": "2026-07-23T22:07:07.059995+00:00",
  "train_loss": 0.0014998681964352727,
  "val_loss": 0.0029717831555171868,
  "val_rmse": {
    "q_0": 0.001040799665421775,
    "q_1": 0.0003396538812430993,
    "q_2": 0.00035103807586064694,
    "q_3": 0.0003038450721526423,
    "qd_0": 0.058601033735149785,
    "qd_1": 0.010744031905604955,
    "qd_2": 0.009863662760297463,
    "qd_3": 0.018005618164420166,
    "qcmd_0": 0.0004357119476129863,
    "qcmd_1": 0.0002562035375026967,
    "qcmd_2": 0.000247782474423455,
    "qcmd_3": 0.00024376828443210499
  },
  "val_arm_loss": 0.0029717831555171868,
  "val_arm_rmse": {
    "q_0": 0.001040799665421775,
    "q_1": 0.0003396538812430993,
    "q_2": 0.00035103807586064694,
    "q_3": 0.0003038450721526423,
    "qd_0": 0.058601033735149785,
    "qd_1": 0.010744031905604955,
    "qd_2": 0.009863662760297463,
    "qd_3": 0.018005618164420166,
    "qcmd_0": 0.0004357119476129863,
    "qcmd_1": 0.0002562035375026967,
    "qcmd_2": 0.000247782474423455,
    "qcmd_3": 0.00024376828443210499
  },
  "rollout_arm_0.5s": {
    "ee_rmse_m": 0.038144554019903944,
    "errdist": 0.005812772064575101,
    "mean_dist_m": 6.56219676191487,
    "episodes": 82
  },
  "rollout_arm_1.0s": {
    "ee_rmse_m": 0.07407095791229,
    "errdist": 0.007285128020878872,
    "mean_dist_m": 10.16742021554127,
    "episodes": 82
  },
  "rollout_arm_2.0s": {
    "ee_rmse_m": 0.11160885576644221,
    "errdist": 0.007458238090021481,
    "mean_dist_m": 14.96450695449986,
    "episodes": 82
  },
  "rollout_sel": 0.005812772064575101
}
{
  "epoch": 44,
  "timestamp_utc": "2026-07-23T22:07:30.254642+00:00",
  "train_loss": 0.001421117662510369,
  "val_loss": 0.003072333344898652,
  "val_rmse": {
    "q_0": 0.0010125811900710188,
    "q_1": 0.000451130241646284,
    "q_2": 0.0003444814727457203,
    "q_3": 0.0002847072181438521,
    "qd_0": 0.05973863368923815,
    "qd_1": 0.010688536572758962,
    "qd_2": 0.010154156685143075,
    "qd_3": 0.01816742340033444,
    "qcmd_0": 0.00044121305151814986,
    "qcmd_1": 0.00039857154741328366,
    "qcmd_2": 0.00032767949291626894,
    "qcmd_3": 0.000245432193190721
  },
  "val_arm_loss": 0.003072333344898652,
  "val_arm_rmse": {
    "q_0": 0.0010125811900710188,
    "q_1": 0.000451130241646284,
    "q_2": 0.0003444814727457203,
    "q_3": 0.0002847072181438521,
    "qd_0": 0.05973863368923815,
    "qd_1": 0.010688536572758962,
    "qd_2": 0.010154156685143075,
    "qd_3": 0.01816742340033444,
    "qcmd_0": 0.00044121305151814986,
    "qcmd_1": 0.00039857154741328366,
    "qcmd_2": 0.00032767949291626894,
    "qcmd_3": 0.000245432193190721
  },
  "rollout_arm_0.5s": {
    "ee_rmse_m": 0.13231332500946794,
    "errdist": 0.02016296216190544,
    "mean_dist_m": 6.56219676191487,
    "episodes": 82
  },
  "rollout_arm_1.0s": {
    "ee_rmse_m": 0.15230124150555632,
    "errdist": 0.014979339722062274,
    "mean_dist_m": 10.16742021554127,
    "episodes": 82
  },
  "rollout_arm_2.0s": {
    "ee_rmse_m": 0.17579858274311153,
    "errdist": 0.011747702966601816,
    "mean_dist_m": 14.96450695449986,
    "episodes": 82
  },
  "rollout_sel": 0.02016296216190544
}
{
  "epoch": 45,
  "timestamp_utc": "2026-07-23T22:07:53.396689+00:00",
  "train_loss": 0.0014773683564271779,
  "val_loss": 0.0030397104515577666,
  "val_rmse": {
    "q_0": 0.0010803641180298714,
    "q_1": 0.0005644605889052138,
    "q_2": 0.00042342598619980287,
    "q_3": 0.000280355117266142,
    "qd_0": 0.05918034505788015,
    "qd_1": 0.010738402174762105,
    "qd_2": 0.00987809442352737,
    "qd_3": 0.018089897015203416,
    "qcmd_0": 0.00044914676401554157,
    "qcmd_1": 0.00025497064787585695,
    "qcmd_2": 0.0003007711721102542,
    "qcmd_3": 0.0002447852737124162
  },
  "val_arm_loss": 0.0030397104515577666,
  "val_arm_rmse": {
    "q_0": 0.0010803641180298714,
    "q_1": 0.0005644605889052138,
    "q_2": 0.00042342598619980287,
    "q_3": 0.000280355117266142,
    "qd_0": 0.05918034505788015,
    "qd_1": 0.010738402174762105,
    "qd_2": 0.00987809442352737,
    "qd_3": 0.018089897015203416,
    "qcmd_0": 0.00044914676401554157,
    "qcmd_1": 0.00025497064787585695,
    "qcmd_2": 0.0003007711721102542,
    "qcmd_3": 0.0002447852737124162
  },
  "rollout_arm_0.5s": {
    "ee_rmse_m": 0.06847788699745598,
    "errdist": 0.010435207824745857,
    "mean_dist_m": 6.56219676191487,
    "episodes": 82
  },
  "rollout_arm_1.0s": {
    "ee_rmse_m": 0.10566024623938039,
    "errdist": 0.010392040852002446,
    "mean_dist_m": 10.16742021554127,
    "episodes": 82
  },
  "rollout_arm_2.0s": {
    "ee_rmse_m": 0.1394506873443246,
    "errdist": 0.00931876257389098,
    "mean_dist_m": 14.96450695449986,
    "episodes": 82
  },
  "rollout_sel": 0.010435207824745857
}
{
  "epoch": 46,
  "timestamp_utc": "2026-07-23T22:08:16.487704+00:00",
  "train_loss": 0.0014050019147107378,
  "val_loss": 0.0030843660014215858,
  "val_rmse": {
    "q_0": 0.0010713144103405993,
    "q_1": 0.0004744562441417134,
    "q_2": 0.00034620469957785823,
    "q_3": 0.0003085835647326814,
    "qd_0": 0.059337092823394326,
    "qd_1": 0.011219165026364789,
    "qd_2": 0.009992411324170619,
    "qd_3": 0.018182822925323295,
    "qcmd_0": 0.00038013587375192837,
    "qcmd_1": 0.0003527023393206393,
    "qcmd_2": 0.0002805599944766509,
    "qcmd_3": 0.00024380590682702053
  },
  "val_arm_loss": 0.0030843660014215858,
  "val_arm_rmse": {
    "q_0": 0.0010713144103405993,
    "q_1": 0.0004744562441417134,
    "q_2": 0.00034620469957785823,
    "q_3": 0.0003085835647326814,
    "qd_0": 0.059337092823394326,
    "qd_1": 0.011219165026364789,
    "qd_2": 0.009992411324170619,
    "qd_3": 0.018182822925323295,
    "qcmd_0": 0.00038013587375192837,
    "qcmd_1": 0.0003527023393206393,
    "qcmd_2": 0.0002805599944766509,
    "qcmd_3": 0.00024380590682702053
  },
  "rollout_arm_0.5s": {
    "ee_rmse_m": 0.09525195819004813,
    "errdist": 0.014515254821809594,
    "mean_dist_m": 6.56219676191487,
    "episodes": 82
  },
  "rollout_arm_1.0s": {
    "ee_rmse_m": 0.10661738059902179,
    "errdist": 0.01048617823782411,
    "mean_dist_m": 10.16742021554127,
    "episodes": 82
  },
  "rollout_arm_2.0s": {
    "ee_rmse_m": 0.1379414894372016,
    "errdist": 0.009217910744177394,
    "mean_dist_m": 14.96450695449986,
    "episodes": 82
  },
  "rollout_sel": 0.014515254821809594
}
{
  "epoch": 47,
  "timestamp_utc": "2026-07-23T22:08:39.666302+00:00",
  "train_loss": 0.001333283547370229,
  "val_loss": 0.0031954008145839907,
  "val_rmse": {
    "q_0": 0.0010681460134441304,
    "q_1": 0.000373316646218013,
    "q_2": 0.0004125862190498713,
    "q_3": 0.00028689417373332357,
    "qd_0": 0.06274855523512882,
    "qd_1": 0.010970922343183915,
    "qd_2": 0.009919917242165852,
    "qd_3": 0.018013054482283367,
    "qcmd_0": 0.00042419388334128793,
    "qcmd_1": 0.00040199301224482545,
    "qcmd_2": 0.0002932552676190657,
    "qcmd_3": 0.00025389859567795934
  },
  "val_arm_loss": 0.0031954008145839907,
  "val_arm_rmse": {
    "q_0": 0.0010681460134441304,
    "q_1": 0.000373316646218013,
    "q_2": 0.0004125862190498713,
    "q_3": 0.00028689417373332357,
    "qd_0": 0.06274855523512882,
    "qd_1": 0.010970922343183915,
    "qd_2": 0.009919917242165852,
    "qd_3": 0.018013054482283367,
    "qcmd_0": 0.00042419388334128793,
    "qcmd_1": 0.00040199301224482545,
    "qcmd_2": 0.0002932552676190657,
    "qcmd_3": 0.00025389859567795934
  },
  "rollout_arm_0.5s": {
    "ee_rmse_m": 0.15965718917712188,
    "errdist": 0.02432983876736628,
    "mean_dist_m": 6.56219676191487,
    "episodes": 82
  },
  "rollout_arm_1.0s": {
    "ee_rmse_m": 0.1786022457634106,
    "errdist": 0.017566132015514675,
    "mean_dist_m": 10.16742021554127,
    "episodes": 82
  },
  "rollout_arm_2.0s": {
    "ee_rmse_m": 0.19959416616087386,
    "errdist": 0.013337837776262683,
    "mean_dist_m": 14.96450695449986,
    "episodes": 82
  },
  "rollout_sel": 0.02432983876736628
}
{
  "epoch": 48,
  "timestamp_utc": "2026-07-23T22:09:02.794630+00:00",
  "train_loss": 0.0013145649413345381,
  "val_loss": 0.00297526195528917,
  "val_rmse": {
    "q_0": 0.0011371053298520656,
    "q_1": 0.00034908424384541917,
    "q_2": 0.00032625725037759587,
    "q_3": 0.0002993909182626321,
    "qd_0": 0.05859141247449629,
    "qd_1": 0.010533554772257309,
    "qd_2": 0.009774999104519191,
    "qd_3": 0.01818521229723339,
    "qcmd_0": 0.0004072622062473506,
    "qcmd_1": 0.0002551734108460492,
    "qcmd_2": 0.00025622210140949415,
    "qcmd_3": 0.00026719476159905856
  },
  "val_arm_loss": 0.00297526195528917,
  "val_arm_rmse": {
    "q_0": 0.0011371053298520656,
    "q_1": 0.00034908424384541917,
    "q_2": 0.00032625725037759587,
    "q_3": 0.0002993909182626321,
    "qd_0": 0.05859141247449629,
    "qd_1": 0.010533554772257309,
    "qd_2": 0.009774999104519191,
    "qd_3": 0.01818521229723339,
    "qcmd_0": 0.0004072622062473506,
    "qcmd_1": 0.0002551734108460492,
    "qcmd_2": 0.00025622210140949415,
    "qcmd_3": 0.00026719476159905856
  },
  "rollout_arm_0.5s": {
    "ee_rmse_m": 0.05091852087962463,
    "errdist": 0.007759371248229144,
    "mean_dist_m": 6.56219676191487,
    "episodes": 82
  },
  "rollout_arm_1.0s": {
    "ee_rmse_m": 0.08151857907049823,
    "errdist": 0.008017626629210635,
    "mean_dist_m": 10.16742021554127,
    "episodes": 82
  },
  "rollout_arm_2.0s": {
    "ee_rmse_m": 0.11250564622036884,
    "errdist": 0.007518165921700356,
    "mean_dist_m": 14.96450695449986,
    "episodes": 82
  },
  "rollout_sel": 0.007759371248229144
}
{
  "epoch": 49,
  "timestamp_utc": "2026-07-23T22:09:25.918076+00:00",
  "train_loss": 0.001362828213139437,
  "val_loss": 0.002995691224496113,
  "val_rmse": {
    "q_0": 0.0011525895716756687,
    "q_1": 0.0003644477402969493,
    "q_2": 0.0003342430769449871,
    "q_3": 0.00028917675872818763,
    "qd_0": 0.058636444514667575,
    "qd_1": 0.0106425193588916,
    "qd_2": 0.009839862122946746,
    "qd_3": 0.018229104448447175,
    "qcmd_0": 0.00036228200536840273,
    "qcmd_1": 0.00032114964880116244,
    "qcmd_2": 0.0002630783693998456,
    "qcmd_3": 0.00021794473187164995
  },
  "val_arm_loss": 0.002995691224496113,
  "val_arm_rmse": {
    "q_0": 0.0011525895716756687,
    "q_1": 0.0003644477402969493,
    "q_2": 0.0003342430769449871,
    "q_3": 0.00028917675872818763,
    "qd_0": 0.058636444514667575,
    "qd_1": 0.0106425193588916,
    "qd_2": 0.009839862122946746,
    "qd_3": 0.018229104448447175,
    "qcmd_0": 0.00036228200536840273,
    "qcmd_1": 0.00032114964880116244,
    "qcmd_2": 0.0002630783693998456,
    "qcmd_3": 0.00021794473187164995
  },
  "rollout_arm_0.5s": {
    "ee_rmse_m": 0.09253481194367624,
    "errdist": 0.014101194356243943,
    "mean_dist_m": 6.56219676191487,
    "episodes": 82
  },
  "rollout_arm_1.0s": {
    "ee_rmse_m": 0.1053678347507042,
    "errdist": 0.010363281197883968,
    "mean_dist_m": 10.16742021554127,
    "episodes": 82
  },
  "rollout_arm_2.0s": {
    "ee_rmse_m": 0.13393911196417363,
    "errdist": 0.008950452719319152,
    "mean_dist_m": 14.96450695449986,
    "episodes": 82
  },
  "rollout_sel": 0.014101194356243943
}
{
  "epoch": 50,
  "timestamp_utc": "2026-07-23T22:09:49.012248+00:00",
  "train_loss": 0.001299891069473233,
  "val_loss": 0.002904867209144868,
  "val_rmse": {
    "q_0": 0.0010023543017626708,
    "q_1": 0.00031765336482224434,
    "q_2": 0.00031896224440522875,
    "q_3": 0.0002825652704131873,
    "qd_0": 0.05800134960247199,
    "qd_1": 0.010252922664764052,
    "qd_2": 0.009806750006192346,
    "qd_3": 0.018086835915561917,
    "qcmd_0": 0.0003470965766252342,
    "qcmd_1": 0.0002556440651790716,
    "qcmd_2": 0.00022696118377402247,
    "qcmd_3": 0.00022748625104421577
  },
  "val_arm_loss": 0.002904867209144868,
  "val_arm_rmse": {
    "q_0": 0.0010023543017626708,
    "q_1": 0.00031765336482224434,
    "q_2": 0.00031896224440522875,
    "q_3": 0.0002825652704131873,
    "qd_0": 0.05800134960247199,
    "qd_1": 0.010252922664764052,
    "qd_2": 0.009806750006192346,
    "qd_3": 0.018086835915561917,
    "qcmd_0": 0.0003470965766252342,
    "qcmd_1": 0.0002556440651790716,
    "qcmd_2": 0.00022696118377402247,
    "qcmd_3": 0.00022748625104421577
  },
  "rollout_arm_0.5s": {
    "ee_rmse_m": 0.04147499951949023,
    "errdist": 0.006320291972986755,
    "mean_dist_m": 6.56219676191487,
    "episodes": 82
  },
  "rollout_arm_1.0s": {
    "ee_rmse_m": 0.05316643058832407,
    "errdist": 0.0052290973974949174,
    "mean_dist_m": 10.16742021554127,
    "episodes": 82
  },
  "rollout_arm_2.0s": {
    "ee_rmse_m": 0.08446907151946838,
    "errdist": 0.005644627769982648,
    "mean_dist_m": 14.96450695449986,
    "episodes": 82
  },
  "rollout_sel": 0.006320291972986755
}
{
  "epoch": 51,
  "timestamp_utc": "2026-07-23T22:10:12.132039+00:00",
  "train_loss": 0.001219503353117034,
  "val_loss": 0.0030255354431574233,
  "val_rmse": {
    "q_0": 0.0011779409826066626,
    "q_1": 0.00048242223419350924,
    "q_2": 0.00038969491940905735,
    "q_3": 0.00028242483680675023,
    "qd_0": 0.05866837361383155,
    "qd_1": 0.010590657105295508,
    "qd_2": 0.009966800834163354,
    "qd_3": 0.018233572638961335,
    "qcmd_0": 0.0004689618514987818,
    "qcmd_1": 0.0003285888338654561,
    "qcmd_2": 0.00030510326134206565,
    "qcmd_3": 0.00021766522616779044
  },
  "val_arm_loss": 0.0030255354431574233,
  "val_arm_rmse": {
    "q_0": 0.0011779409826066626,
    "q_1": 0.00048242223419350924,
    "q_2": 0.00038969491940905735,
    "q_3": 0.00028242483680675023,
    "qd_0": 0.05866837361383155,
    "qd_1": 0.010590657105295508,
    "qd_2": 0.009966800834163354,
    "qd_3": 0.018233572638961335,
    "qcmd_0": 0.0004689618514987818,
    "qcmd_1": 0.0003285888338654561,
    "qcmd_2": 0.00030510326134206565,
    "qcmd_3": 0.00021766522616779044
  },
  "rollout_arm_0.5s": {
    "ee_rmse_m": 0.06934052958119986,
    "errdist": 0.010566664197518831,
    "mean_dist_m": 6.56219676191487,
    "episodes": 82
  },
  "rollout_arm_1.0s": {
    "ee_rmse_m": 0.08890284004849996,
    "errdist": 0.008743893550559536,
    "mean_dist_m": 10.16742021554127,
    "episodes": 82
  },
  "rollout_arm_2.0s": {
    "ee_rmse_m": 0.13777065340508798,
    "errdist": 0.00920649466260297,
    "mean_dist_m": 14.96450695449986,
    "episodes": 82
  },
  "rollout_sel": 0.010566664197518831
}
{
  "epoch": 52,
  "timestamp_utc": "2026-07-23T22:10:35.227045+00:00",
  "train_loss": 0.0012725823066139128,
  "val_loss": 0.0028920698932779487,
  "val_rmse": {
    "q_0": 0.0009684609071754527,
    "q_1": 0.0003014888980856169,
    "q_2": 0.00031865644320206517,
    "q_3": 0.00026673430418511847,
    "qd_0": 0.05800088169173725,
    "qd_1": 0.010316563924276989,
    "qd_2": 0.009678358463145489,
    "qd_3": 0.018026010090088546,
    "qcmd_0": 0.0003310384177210697,
    "qcmd_1": 0.00024439243911964127,
    "qcmd_2": 0.0002573628324121083,
    "qcmd_3": 0.00023306876695333267
  },
  "val_arm_loss": 0.0028920698932779487,
  "val_arm_rmse": {
    "q_0": 0.0009684609071754527,
    "q_1": 0.0003014888980856169,
    "q_2": 0.00031865644320206517,
    "q_3": 0.00026673430418511847,
    "qd_0": 0.05800088169173725,
    "qd_1": 0.010316563924276989,
    "qd_2": 0.009678358463145489,
    "qd_3": 0.018026010090088546,
    "qcmd_0": 0.0003310384177210697,
    "qcmd_1": 0.00024439243911964127,
    "qcmd_2": 0.0002573628324121083,
    "qcmd_3": 0.00023306876695333267
  },
  "rollout_arm_0.5s": {
    "ee_rmse_m": 0.03597566475334425,
    "errdist": 0.005482259380294235,
    "mean_dist_m": 6.56219676191487,
    "episodes": 82
  },
  "rollout_arm_1.0s": {
    "ee_rmse_m": 0.06361373488499317,
    "errdist": 0.006256624938915898,
    "mean_dist_m": 10.16742021554127,
    "episodes": 82
  },
  "rollout_arm_2.0s": {
    "ee_rmse_m": 0.08381801984118173,
    "errdist": 0.005601121379811145,
    "mean_dist_m": 14.96450695449986,
    "episodes": 82
  },
  "rollout_sel": 0.005482259380294235
}
{
  "epoch": 53,
  "timestamp_utc": "2026-07-23T22:10:58.553990+00:00",
  "train_loss": 0.001191554953053128,
  "val_loss": 0.0029025859443936497,
  "val_rmse": {
    "q_0": 0.0009823974928831623,
    "q_1": 0.00032922617032903,
    "q_2": 0.0003336347426914906,
    "q_3": 0.0002519420909612529,
    "qd_0": 0.05769269716424128,
    "qd_1": 0.010390465009777937,
    "qd_2": 0.009813031548570205,
    "qd_3": 0.018123406530523002,
    "qcmd_0": 0.00030827551581706446,
    "qcmd_1": 0.00022859711669321394,
    "qcmd_2": 0.000264387668020827,
    "qcmd_3": 0.00019680273106652412
  },
  "val_arm_loss": 0.0029025859443936497,
  "val_arm_rmse": {
    "q_0": 0.0009823974928831623,
    "q_1": 0.00032922617032903,
    "q_2": 0.0003336347426914906,
    "q_3": 0.0002519420909612529,
    "qd_0": 0.05769269716424128,
    "qd_1": 0.010390465009777937,
    "qd_2": 0.009813031548570205,
    "qd_3": 0.018123406530523002,
    "qcmd_0": 0.00030827551581706446,
    "qcmd_1": 0.00022859711669321394,
    "qcmd_2": 0.000264387668020827,
    "qcmd_3": 0.00019680273106652412
  },
  "rollout_arm_0.5s": {
    "ee_rmse_m": 0.04019791653000884,
    "errdist": 0.006125679858200253,
    "mean_dist_m": 6.56219676191487,
    "episodes": 82
  },
  "rollout_arm_1.0s": {
    "ee_rmse_m": 0.05954625553009837,
    "errdist": 0.005856574653920545,
    "mean_dist_m": 10.16742021554127,
    "episodes": 82
  },
  "rollout_arm_2.0s": {
    "ee_rmse_m": 0.08649926142581643,
    "errdist": 0.00578029477942846,
    "mean_dist_m": 14.96450695449986,
    "episodes": 82
  },
  "rollout_sel": 0.006125679858200253
}
{
  "epoch": 54,
  "timestamp_utc": "2026-07-23T22:11:21.670696+00:00",
  "train_loss": 0.001192986248031957,
  "val_loss": 0.0028423373762052504,
  "val_rmse": {
    "q_0": 0.0009257841488869762,
    "q_1": 0.00034590861186870275,
    "q_2": 0.00036048648469134964,
    "q_3": 0.00028976405778729,
    "qd_0": 0.05624831972806823,
    "qd_1": 0.010437382741701333,
    "qd_2": 0.009604278463323731,
    "qd_3": 0.01812834218264475,
    "qcmd_0": 0.0003538792944325943,
    "qcmd_1": 0.0002655882630240409,
    "qcmd_2": 0.00022309993347176165,
    "qcmd_3": 0.00025426817835063595
  },
  "val_arm_loss": 0.0028423373762052504,
  "val_arm_rmse": {
    "q_0": 0.0009257841488869762,
    "q_1": 0.00034590861186870275,
    "q_2": 0.00036048648469134964,
    "q_3": 0.00028976405778729,
    "qd_0": 0.05624831972806823,
    "qd_1": 0.010437382741701333,
    "qd_2": 0.009604278463323731,
    "qd_3": 0.01812834218264475,
    "qcmd_0": 0.0003538792944325943,
    "qcmd_1": 0.0002655882630240409,
    "qcmd_2": 0.00022309993347176165,
    "qcmd_3": 0.00025426817835063595
  },
  "rollout_arm_0.5s": {
    "ee_rmse_m": 0.04790056714517559,
    "errdist": 0.007299471333011059,
    "mean_dist_m": 6.56219676191487,
    "episodes": 82
  },
  "rollout_arm_1.0s": {
    "ee_rmse_m": 0.06432065671713583,
    "errdist": 0.006326153080485389,
    "mean_dist_m": 10.16742021554127,
    "episodes": 82
  },
  "rollout_arm_2.0s": {
    "ee_rmse_m": 0.07572289147421513,
    "errdist": 0.00506016614543021,
    "mean_dist_m": 14.96450695449986,
    "episodes": 82
  },
  "rollout_sel": 0.007299471333011059
}
{
  "epoch": 55,
  "timestamp_utc": "2026-07-23T22:11:44.697794+00:00",
  "train_loss": 0.0011645029764040373,
  "val_loss": 0.0029044744708517103,
  "val_rmse": {
    "q_0": 0.0010269222292753877,
    "q_1": 0.0003698670010878488,
    "q_2": 0.0003423377529272907,
    "q_3": 0.0002789992040946434,
    "qd_0": 0.057582202858244655,
    "qd_1": 0.010445986848959855,
    "qd_2": 0.00970927146111872,
    "qd_3": 0.018108919414329506,
    "qcmd_0": 0.00028361890342798804,
    "qcmd_1": 0.0002838620431012862,
    "qcmd_2": 0.00022630379446763395,
    "qcmd_3": 0.0002345358863429949
  },
  "val_arm_loss": 0.0029044744708517103,
  "val_arm_rmse": {
    "q_0": 0.0010269222292753877,
    "q_1": 0.0003698670010878488,
    "q_2": 0.0003423377529272907,
    "q_3": 0.0002789992040946434,
    "qd_0": 0.057582202858244655,
    "qd_1": 0.010445986848959855,
    "qd_2": 0.00970927146111872,
    "qd_3": 0.018108919414329506,
    "qcmd_0": 0.00028361890342798804,
    "qcmd_1": 0.0002838620431012862,
    "qcmd_2": 0.00022630379446763395,
    "qcmd_3": 0.0002345358863429949
  },
  "rollout_arm_0.5s": {
    "ee_rmse_m": 0.060544703644092264,
    "errdist": 0.009226285928437343,
    "mean_dist_m": 6.56219676191487,
    "episodes": 82
  },
  "rollout_arm_1.0s": {
    "ee_rmse_m": 0.0855463895314452,
    "errdist": 0.00841377534496749,
    "mean_dist_m": 10.16742021554127,
    "episodes": 82
  },
  "rollout_arm_2.0s": {
    "ee_rmse_m": 0.12440764253586163,
    "errdist": 0.008313514298474897,
    "mean_dist_m": 14.96450695449986,
    "episodes": 82
  },
  "rollout_sel": 0.009226285928437343
}
{
  "epoch": 56,
  "timestamp_utc": "2026-07-23T22:12:07.785813+00:00",
  "train_loss": 0.0011104472398583312,
  "val_loss": 0.0029742040052951777,
  "val_rmse": {
    "q_0": 0.001017719890565841,
    "q_1": 0.00033810201836034884,
    "q_2": 0.00034511921232084316,
    "q_3": 0.0002962725002158445,
    "qd_0": 0.0569834148124713,
    "qd_1": 0.010471310874533955,
    "qd_2": 0.009887374368243038,
    "qd_3": 0.018811724691220316,
    "qcmd_0": 0.0003684454997221214,
    "qcmd_1": 0.00022788783127894552,
    "qcmd_2": 0.00028468759355834223,
    "qcmd_3": 0.00030787970529447674
  },
  "val_arm_loss": 0.0029742040052951777,
  "val_arm_rmse": {
    "q_0": 0.001017719890565841,
    "q_1": 0.00033810201836034884,
    "q_2": 0.00034511921232084316,
    "q_3": 0.0002962725002158445,
    "qd_0": 0.0569834148124713,
    "qd_1": 0.010471310874533955,
    "qd_2": 0.009887374368243038,
    "qd_3": 0.018811724691220316,
    "qcmd_0": 0.0003684454997221214,
    "qcmd_1": 0.00022788783127894552,
    "qcmd_2": 0.00028468759355834223,
    "qcmd_3": 0.00030787970529447674
  },
  "rollout_arm_0.5s": {
    "ee_rmse_m": 0.050260135868039124,
    "errdist": 0.00765904127711237,
    "mean_dist_m": 6.56219676191487,
    "episodes": 82
  },
  "rollout_arm_1.0s": {
    "ee_rmse_m": 0.06722162502705262,
    "errdist": 0.006611473077930027,
    "mean_dist_m": 10.16742021554127,
    "episodes": 82
  },
  "rollout_arm_2.0s": {
    "ee_rmse_m": 0.09112343474855102,
    "errdist": 0.006089304179924885,
    "mean_dist_m": 14.96450695449986,
    "episodes": 82
  },
  "rollout_sel": 0.00765904127711237
}
{
  "epoch": 57,
  "timestamp_utc": "2026-07-23T22:12:30.814263+00:00",
  "train_loss": 0.0011315669454052112,
  "val_loss": 0.0030313822676544078,
  "val_rmse": {
    "q_0": 0.0010123620989075136,
    "q_1": 0.0006051099483459878,
    "q_2": 0.00033439837709591,
    "q_3": 0.000281881453307628,
    "qd_0": 0.05718460641622901,
    "qd_1": 0.011481798205129653,
    "qd_2": 0.00989523633597229,
    "qd_3": 0.018421940597949747,
    "qcmd_0": 0.00034099314607500284,
    "qcmd_1": 0.00023332142170384316,
    "qcmd_2": 0.00022298474892255683,
    "qcmd_3": 0.00022017875445116858
  },
  "val_arm_loss": 0.0030313822676544078,
  "val_arm_rmse": {
    "q_0": 0.0010123620989075136,
    "q_1": 0.0006051099483459878,
    "q_2": 0.00033439837709591,
    "q_3": 0.000281881453307628,
    "qd_0": 0.05718460641622901,
    "qd_1": 0.011481798205129653,
    "qd_2": 0.00989523633597229,
    "qd_3": 0.018421940597949747,
    "qcmd_0": 0.00034099314607500284,
    "qcmd_1": 0.00023332142170384316,
    "qcmd_2": 0.00022298474892255683,
    "qcmd_3": 0.00022017875445116858
  },
  "rollout_arm_0.5s": {
    "ee_rmse_m": 0.04317720290158055,
    "errdist": 0.006579687331560797,
    "mean_dist_m": 6.56219676191487,
    "episodes": 82
  },
  "rollout_arm_1.0s": {
    "ee_rmse_m": 0.06673272880818526,
    "errdist": 0.006563388489263173,
    "mean_dist_m": 10.16742021554127,
    "episodes": 82
  },
  "rollout_arm_2.0s": {
    "ee_rmse_m": 0.08795123581802224,
    "errdist": 0.0058773226599072885,
    "mean_dist_m": 14.96450695449986,
    "episodes": 82
  },
  "rollout_sel": 0.006579687331560797
}
{
  "epoch": 58,
  "timestamp_utc": "2026-07-23T22:12:53.832440+00:00",
  "train_loss": 0.001083838387450669,
  "val_loss": 0.0028806254517985508,
  "val_rmse": {
    "q_0": 0.0008914353426917629,
    "q_1": 0.00025931133905124473,
    "q_2": 0.00029630618504693777,
    "q_3": 0.0002467744992856932,
    "qd_0": 0.057451824385791384,
    "qd_1": 0.010346636980474673,
    "qd_2": 0.009562802309735434,
    "qd_3": 0.01834883134774538,
    "qcmd_0": 0.00025646905828099814,
    "qcmd_1": 0.00018832597882303883,
    "qcmd_2": 0.00017939682652680182,
    "qcmd_3": 0.0001863269677128678
  },
  "val_arm_loss": 0.0028806254517985508,
  "val_arm_rmse": {
    "q_0": 0.0008914353426917629,
    "q_1": 0.00025931133905124473,
    "q_2": 0.00029630618504693777,
    "q_3": 0.0002467744992856932,
    "qd_0": 0.057451824385791384,
    "qd_1": 0.010346636980474673,
    "qd_2": 0.009562802309735434,
    "qd_3": 0.01834883134774538,
    "qcmd_0": 0.00025646905828099814,
    "qcmd_1": 0.00018832597882303883,
    "qcmd_2": 0.00017939682652680182,
    "qcmd_3": 0.0001863269677128678
  },
  "rollout_arm_0.5s": {
    "ee_rmse_m": 0.034721152999811225,
    "errdist": 0.005291086850873317,
    "mean_dist_m": 6.56219676191487,
    "episodes": 82
  },
  "rollout_arm_1.0s": {
    "ee_rmse_m": 0.057096062186456846,
    "errdist": 0.005615589891640699,
    "mean_dist_m": 10.16742021554127,
    "episodes": 82
  },
  "rollout_arm_2.0s": {
    "ee_rmse_m": 0.07360688239099566,
    "errdist": 0.004918764287710924,
    "mean_dist_m": 14.96450695449986,
    "episodes": 82
  },
  "rollout_sel": 0.005291086850873317
}
{
  "epoch": 59,
  "timestamp_utc": "2026-07-23T22:13:16.908698+00:00",
  "train_loss": 0.0010384471607103479,
  "val_loss": 0.0028459389464114792,
  "val_rmse": {
    "q_0": 0.0008880369218988882,
    "q_1": 0.0002784524486729766,
    "q_2": 0.0003125336285227506,
    "q_3": 0.0002604574054416511,
    "qd_0": 0.056413516851907125,
    "qd_1": 0.010204203531732865,
    "qd_2": 0.009594318901625896,
    "qd_3": 0.018407917287283852,
    "qcmd_0": 0.0002807312283644883,
    "qcmd_1": 0.0002369729342762634,
    "qcmd_2": 0.00023600543357308763,
    "qcmd_3": 0.00021939693359774857
  },
  "val_arm_loss": 0.0028459389464114792,
  "val_arm_rmse": {
    "q_0": 0.0008880369218988882,
    "q_1": 0.0002784524486729766,
    "q_2": 0.0003125336285227506,
    "q_3": 0.0002604574054416511,
    "qd_0": 0.056413516851907125,
    "qd_1": 0.010204203531732865,
    "qd_2": 0.009594318901625896,
    "qd_3": 0.018407917287283852,
    "qcmd_0": 0.0002807312283644883,
    "qcmd_1": 0.0002369729342762634,
    "qcmd_2": 0.00023600543357308763,
    "qcmd_3": 0.00021939693359774857
  },
  "rollout_arm_0.5s": {
    "ee_rmse_m": 0.03928606302266329,
    "errdist": 0.005986724331502594,
    "mean_dist_m": 6.56219676191487,
    "episodes": 82
  },
  "rollout_arm_1.0s": {
    "ee_rmse_m": 0.05707210744852536,
    "errdist": 0.0056132338625375765,
    "mean_dist_m": 10.16742021554127,
    "episodes": 82
  },
  "rollout_arm_2.0s": {
    "ee_rmse_m": 0.08627991933997028,
    "errdist": 0.005765637291112068,
    "mean_dist_m": 14.96450695449986,
    "episodes": 82
  },
  "rollout_sel": 0.005986724331502594
}
{
  "epoch": 60,
  "timestamp_utc": "2026-07-23T22:13:40.006840+00:00",
  "train_loss": 0.00103603265460697,
  "val_loss": 0.0029217780905310066,
  "val_rmse": {
    "q_0": 0.0009119063764184779,
    "q_1": 0.00027878529783050563,
    "q_2": 0.000319311094647542,
    "q_3": 0.00026213272045427804,
    "qd_0": 0.058131220434641105,
    "qd_1": 0.0103758353923212,
    "qd_2": 0.009575830506979518,
    "qd_3": 0.018359603534238978,
    "qcmd_0": 0.00028057430163254843,
    "qcmd_1": 0.00023349412819984408,
    "qcmd_2": 0.00019871340687810493,
    "qcmd_3": 0.00020441845839082304
  },
  "val_arm_loss": 0.0029217780905310066,
  "val_arm_rmse": {
    "q_0": 0.0009119063764184779,
    "q_1": 0.00027878529783050563,
    "q_2": 0.000319311094647542,
    "q_3": 0.00026213272045427804,
    "qd_0": 0.058131220434641105,
    "qd_1": 0.0103758353923212,
    "qd_2": 0.009575830506979518,
    "qd_3": 0.018359603534238978,
    "qcmd_0": 0.00028057430163254843,
    "qcmd_1": 0.00023349412819984408,
    "qcmd_2": 0.00019871340687810493,
    "qcmd_3": 0.00020441845839082304
  },
  "rollout_arm_0.5s": {
    "ee_rmse_m": 0.03141801504336042,
    "errdist": 0.004787728284177895,
    "mean_dist_m": 6.56219676191487,
    "episodes": 82
  },
  "rollout_arm_1.0s": {
    "ee_rmse_m": 0.04289570428611825,
    "errdist": 0.004218936896160799,
    "mean_dist_m": 10.16742021554127,
    "episodes": 82
  },
  "rollout_arm_2.0s": {
    "ee_rmse_m": 0.06278592266782727,
    "errdist": 0.004195655951694914,
    "mean_dist_m": 14.96450695449986,
    "episodes": 82
  },
  "rollout_sel": 0.004787728284177895
}
{
  "epoch": 61,
  "timestamp_utc": "2026-07-23T22:14:03.072239+00:00",
  "train_loss": 0.0009966635417367796,
  "val_loss": 0.0029212788787845055,
  "val_rmse": {
    "q_0": 0.0009630624176491263,
    "q_1": 0.00036273122433998553,
    "q_2": 0.00030943214260084547,
    "q_3": 0.000267517963861201,
    "qd_0": 0.057621154549061714,
    "qd_1": 0.010390279313411506,
    "qd_2": 0.009721548906599698,
    "qd_3": 0.018351068183477,
    "qcmd_0": 0.0002812323710877259,
    "qcmd_1": 0.00030323370641323946,
    "qcmd_2": 0.00019357356531648871,
    "qcmd_3": 0.00021854295158775058
  },
  "val_arm_loss": 0.0029212788787845055,
  "val_arm_rmse": {
    "q_0": 0.0009630624176491263,
    "q_1": 0.00036273122433998553,
    "q_2": 0.00030943214260084547,
    "q_3": 0.000267517963861201,
    "qd_0": 0.057621154549061714,
    "qd_1": 0.010390279313411506,
    "qd_2": 0.009721548906599698,
    "qd_3": 0.018351068183477,
    "qcmd_0": 0.0002812323710877259,
    "qcmd_1": 0.00030323370641323946,
    "qcmd_2": 0.00019357356531648871,
    "qcmd_3": 0.00021854295158775058
  },
  "rollout_arm_0.5s": {
    "ee_rmse_m": 0.04314106813491226,
    "errdist": 0.0065741808269588605,
    "mean_dist_m": 6.56219676191487,
    "episodes": 82
  },
  "rollout_arm_1.0s": {
    "ee_rmse_m": 0.0668922090200739,
    "errdist": 0.0065790739048856,
    "mean_dist_m": 10.16742021554127,
    "episodes": 82
  },
  "rollout_arm_2.0s": {
    "ee_rmse_m": 0.10345718900381697,
    "errdist": 0.006913504689354777,
    "mean_dist_m": 14.96450695449986,
    "episodes": 82
  },
  "rollout_sel": 0.0065741808269588605
}
{
  "epoch": 62,
  "timestamp_utc": "2026-07-23T22:14:26.101202+00:00",
  "train_loss": 0.0009682919277693145,
  "val_loss": 0.0028469383971241767,
  "val_rmse": {
    "q_0": 0.0008423816463922067,
    "q_1": 0.00025125666828784,
    "q_2": 0.000280755034200713,
    "q_3": 0.00023349132306622783,
    "qd_0": 0.05724394021435019,
    "qd_1": 0.010215915856187932,
    "qd_2": 0.009511844062853273,
    "qd_3": 0.01830861312470081,
    "qcmd_0": 0.00020962101824062538,
    "qcmd_1": 0.00014644093172764446,
    "qcmd_2": 0.000145963711077025,
    "qcmd_3": 0.00016490351844474524
  },
  "val_arm_loss": 0.0028469383971241767,
  "val_arm_rmse": {
    "q_0": 0.0008423816463922067,
    "q_1": 0.00025125666828784,
    "q_2": 0.000280755034200713,
    "q_3": 0.00023349132306622783,
    "qd_0": 0.05724394021435019,
    "qd_1": 0.010215915856187932,
    "qd_2": 0.009511844062853273,
    "qd_3": 0.01830861312470081,
    "qcmd_0": 0.00020962101824062538,
    "qcmd_1": 0.00014644093172764446,
    "qcmd_2": 0.000145963711077025,
    "qcmd_3": 0.00016490351844474524
  },
  "rollout_arm_0.5s": {
    "ee_rmse_m": 0.02486215755679595,
    "errdist": 0.0037886943136312013,
    "mean_dist_m": 6.56219676191487,
    "episodes": 82
  },
  "rollout_arm_1.0s": {
    "ee_rmse_m": 0.04172188628797721,
    "errdist": 0.004103487945172542,
    "mean_dist_m": 10.16742021554127,
    "episodes": 82
  },
  "rollout_arm_2.0s": {
    "ee_rmse_m": 0.05912809482987702,
    "errdist": 0.003951222383046645,
    "mean_dist_m": 14.96450695449986,
    "episodes": 82
  },
  "rollout_sel": 0.0037886943136312013
}
{
  "epoch": 63,
  "timestamp_utc": "2026-07-23T22:14:49.164553+00:00",
  "train_loss": 0.0009745508840715047,
  "val_loss": 0.002888099136034725,
  "val_rmse": {
    "q_0": 0.0009001950094214472,
    "q_1": 0.00024153409377573081,
    "q_2": 0.00029901438845366925,
    "q_3": 0.00023654944823978382,
    "qd_0": 0.05707457363418626,
    "qd_1": 0.010362548315062683,
    "qd_2": 0.00964597029631119,
    "qd_3": 0.018526980740261247,
    "qcmd_0": 0.0002501276269631415,
    "qcmd_1": 0.0001862839660740348,
    "qcmd_2": 0.00017283880049739867,
    "qcmd_3": 0.0001631676355997528
  },
  "val_arm_loss": 0.002888099136034725,
  "val_arm_rmse": {
    "q_0": 0.0009001950094214472,
    "q_1": 0.00024153409377573081,
    "q_2": 0.00029901438845366925,
    "q_3": 0.00023654944823978382,
    "qd_0": 0.05707457363418626,
    "qd_1": 0.010362548315062683,
    "qd_2": 0.00964597029631119,
    "qd_3": 0.018526980740261247,
    "qcmd_0": 0.0002501276269631415,
    "qcmd_1": 0.0001862839660740348,
    "qcmd_2": 0.00017283880049739867,
    "qcmd_3": 0.0001631676355997528
  },
  "rollout_arm_0.5s": {
    "ee_rmse_m": 0.03025047501131067,
    "errdist": 0.004609809200918183,
    "mean_dist_m": 6.56219676191487,
    "episodes": 82
  },
  "rollout_arm_1.0s": {
    "ee_rmse_m": 0.047113028088914696,
    "errdist": 0.004633724886958122,
    "mean_dist_m": 10.16742021554127,
    "episodes": 82
  },
  "rollout_arm_2.0s": {
    "ee_rmse_m": 0.07254284656875339,
    "errdist": 0.00484766031980356,
    "mean_dist_m": 14.96450695449986,
    "episodes": 82
  },
  "rollout_sel": 0.004609809200918183
}
{
  "epoch": 64,
  "timestamp_utc": "2026-07-23T22:15:12.180233+00:00",
  "train_loss": 0.0009316325036052149,
  "val_loss": 0.003030447022028966,
  "val_rmse": {
    "q_0": 0.0009165960537422511,
    "q_1": 0.0003209348980535547,
    "q_2": 0.0003203113774746943,
    "q_3": 0.0002517842896521251,
    "qd_0": 0.060771385160327464,
    "qd_1": 0.010339247460056947,
    "qd_2": 0.009577242411996425,
    "qd_3": 0.018337237459467873,
    "qcmd_0": 0.00027602762710672997,
    "qcmd_1": 0.000219143754112467,
    "qcmd_2": 0.00016667689155425378,
    "qcmd_3": 0.00019283036961737464
  },
  "val_arm_loss": 0.003030447022028966,
  "val_arm_rmse": {
    "q_0": 0.0009165960537422511,
    "q_1": 0.0003209348980535547,
    "q_2": 0.0003203113774746943,
    "q_3": 0.0002517842896521251,
    "qd_0": 0.060771385160327464,
    "qd_1": 0.010339247460056947,
    "qd_2": 0.009577242411996425,
    "qd_3": 0.018337237459467873,
    "qcmd_0": 0.00027602762710672997,
    "qcmd_1": 0.000219143754112467,
    "qcmd_2": 0.00016667689155425378,
    "qcmd_3": 0.00019283036961737464
  },
  "rollout_arm_0.5s": {
    "ee_rmse_m": 0.03693287459950586,
    "errdist": 0.005628126668473855,
    "mean_dist_m": 6.56219676191487,
    "episodes": 82
  },
  "rollout_arm_1.0s": {
    "ee_rmse_m": 0.054585832863288816,
    "errdist": 0.005368700388703557,
    "mean_dist_m": 10.16742021554127,
    "episodes": 82
  },
  "rollout_arm_2.0s": {
    "ee_rmse_m": 0.07748452634557046,
    "errdist": 0.005177887021681706,
    "mean_dist_m": 14.96450695449986,
    "episodes": 82
  },
  "rollout_sel": 0.005628126668473855
}
{
  "epoch": 65,
  "timestamp_utc": "2026-07-23T22:15:35.147227+00:00",
  "train_loss": 0.000928365161846159,
  "val_loss": 0.002902187043509912,
  "val_rmse": {
    "q_0": 0.0008620194754823156,
    "q_1": 0.0002505544659382989,
    "q_2": 0.0003146501909593761,
    "q_3": 0.0002532311476384817,
    "qd_0": 0.056950963443982615,
    "qd_1": 0.010282115877837712,
    "qd_2": 0.009681806256818566,
    "qd_3": 0.018706967952591663,
    "qcmd_0": 0.0002432630547468074,
    "qcmd_1": 0.00019110868952684553,
    "qcmd_2": 0.00017960989916035434,
    "qcmd_3": 0.0002047281459501139
  },
  "val_arm_loss": 0.002902187043509912,
  "val_arm_rmse": {
    "q_0": 0.0008620194754823156,
    "q_1": 0.0002505544659382989,
    "q_2": 0.0003146501909593761,
    "q_3": 0.0002532311476384817,
    "qd_0": 0.056950963443982615,
    "qd_1": 0.010282115877837712,
    "qd_2": 0.009681806256818566,
    "qd_3": 0.018706967952591663,
    "qcmd_0": 0.0002432630547468074,
    "qcmd_1": 0.00019110868952684553,
    "qcmd_2": 0.00017960989916035434,
    "qcmd_3": 0.0002047281459501139
  },
  "rollout_arm_0.5s": {
    "ee_rmse_m": 0.039379590260786496,
    "errdist": 0.006000976759693411,
    "mean_dist_m": 6.56219676191487,
    "episodes": 82
  },
  "rollout_arm_1.0s": {
    "ee_rmse_m": 0.05269401837143324,
    "errdist": 0.005182634065904793,
    "mean_dist_m": 10.16742021554127,
    "episodes": 82
  },
  "rollout_arm_2.0s": {
    "ee_rmse_m": 0.07870564898353528,
    "errdist": 0.005259488282697368,
    "mean_dist_m": 14.96450695449986,
    "episodes": 82
  },
  "rollout_sel": 0.006000976759693411
}
{
  "epoch": 66,
  "timestamp_utc": "2026-07-23T22:15:58.142182+00:00",
  "train_loss": 0.0008898252961225808,
  "val_loss": 0.0028970063463202677,
  "val_rmse": {
    "q_0": 0.000919236982947117,
    "q_1": 0.0003148479871445735,
    "q_2": 0.0003077714754253665,
    "q_3": 0.0002609977780062994,
    "qd_0": 0.05672405349367131,
    "qd_1": 0.010383098671449148,
    "qd_2": 0.009601298208526492,
    "qd_3": 0.018623698550528416,
    "qcmd_0": 0.0002926670069550576,
    "qcmd_1": 0.0002402161701060905,
    "qcmd_2": 0.00020545371366627988,
    "qcmd_3": 0.00019560612216013379
  },
  "val_arm_loss": 0.0028970063463202677,
  "val_arm_rmse": {
    "q_0": 0.000919236982947117,
    "q_1": 0.0003148479871445735,
    "q_2": 0.0003077714754253665,
    "q_3": 0.0002609977780062994,
    "qd_0": 0.05672405349367131,
    "qd_1": 0.010383098671449148,
    "qd_2": 0.009601298208526492,
    "qd_3": 0.018623698550528416,
    "qcmd_0": 0.0002926670069550576,
    "qcmd_1": 0.0002402161701060905,
    "qcmd_2": 0.00020545371366627988,
    "qcmd_3": 0.00019560612216013379
  },
  "rollout_arm_0.5s": {
    "ee_rmse_m": 0.03843783403817251,
    "errdist": 0.005857464418204405,
    "mean_dist_m": 6.56219676191487,
    "episodes": 82
  },
  "rollout_arm_1.0s": {
    "ee_rmse_m": 0.05530850204036651,
    "errdist": 0.005439777334650285,
    "mean_dist_m": 10.16742021554127,
    "episodes": 82
  },
  "rollout_arm_2.0s": {
    "ee_rmse_m": 0.07496938276087892,
    "errdist": 0.005009813085644994,
    "mean_dist_m": 14.96450695449986,
    "episodes": 82
  },
  "rollout_sel": 0.005857464418204405
}
{
  "epoch": 67,
  "timestamp_utc": "2026-07-23T22:16:21.084445+00:00",
  "train_loss": 0.0008611166439077352,
  "val_loss": 0.0028551835216057953,
  "val_rmse": {
    "q_0": 0.0008308121576944575,
    "q_1": 0.00026622615192532003,
    "q_2": 0.0002860754872142468,
    "q_3": 0.00022278595890046476,
    "qd_0": 0.0567082216343846,
    "qd_1": 0.010216810797726928,
    "qd_2": 0.009463852750112405,
    "qd_3": 0.018584805512282938,
    "qcmd_0": 0.00024620517380261536,
    "qcmd_1": 0.00018731474599587077,
    "qcmd_2": 0.0001612416392248003,
    "qcmd_3": 0.0001468011359672238
  },
  "val_arm_loss": 0.0028551835216057953,
  "val_arm_rmse": {
    "q_0": 0.0008308121576944575,
    "q_1": 0.00026622615192532003,
    "q_2": 0.0002860754872142468,
    "q_3": 0.00022278595890046476,
    "qd_0": 0.0567082216343846,
    "qd_1": 0.010216810797726928,
    "qd_2": 0.009463852750112405,
    "qd_3": 0.018584805512282938,
    "qcmd_0": 0.00024620517380261536,
    "qcmd_1": 0.00018731474599587077,
    "qcmd_2": 0.0001612416392248003,
    "qcmd_3": 0.0001468011359672238
  },
  "rollout_arm_0.5s": {
    "ee_rmse_m": 0.024789146221897016,
    "errdist": 0.0037775682627753855,
    "mean_dist_m": 6.56219676191487,
    "episodes": 82
  },
  "rollout_arm_1.0s": {
    "ee_rmse_m": 0.04351280852367912,
    "errdist": 0.004279631174992474,
    "mean_dist_m": 10.16742021554127,
    "episodes": 82
  },
  "rollout_arm_2.0s": {
    "ee_rmse_m": 0.062296125557871215,
    "errdist": 0.004162925363814852,
    "mean_dist_m": 14.96450695449986,
    "episodes": 82
  },
  "rollout_sel": 0.0037775682627753855
}
{
  "epoch": 68,
  "timestamp_utc": "2026-07-23T22:16:44.151156+00:00",
  "train_loss": 0.0008767687421059236,
  "val_loss": 0.0028461630806850737,
  "val_rmse": {
    "q_0": 0.0008358259603571419,
    "q_1": 0.00024024440934311645,
    "q_2": 0.00028496523451656684,
    "q_3": 0.00023168687852715463,
    "qd_0": 0.05626732838497286,
    "qd_1": 0.010271100652876298,
    "qd_2": 0.009535918128804251,
    "qd_3": 0.01859614222006743,
    "qcmd_0": 0.0003018726191091695,
    "qcmd_1": 0.00015421817727997235,
    "qcmd_2": 0.00017356440143206223,
    "qcmd_3": 0.00015500157982672357
  },
  "val_arm_loss": 0.0028461630806850737,
  "val_arm_rmse": {
    "q_0": 0.0008358259603571419,
    "q_1": 0.00024024440934311645,
    "q_2": 0.00028496523451656684,
    "q_3": 0.00023168687852715463,
    "qd_0": 0.05626732838497286,
    "qd_1": 0.010271100652876298,
    "qd_2": 0.009535918128804251,
    "qd_3": 0.01859614222006743,
    "qcmd_0": 0.0003018726191091695,
    "qcmd_1": 0.00015421817727997235,
    "qcmd_2": 0.00017356440143206223,
    "qcmd_3": 0.00015500157982672357
  },
  "rollout_arm_0.5s": {
    "ee_rmse_m": 0.02215926080549986,
    "errdist": 0.0033768053000339656,
    "mean_dist_m": 6.56219676191487,
    "episodes": 82
  },
  "rollout_arm_1.0s": {
    "ee_rmse_m": 0.028539952015139133,
    "errdist": 0.002807000341297469,
    "mean_dist_m": 10.16742021554127,
    "episodes": 82
  },
  "rollout_arm_2.0s": {
    "ee_rmse_m": 0.04486459819846631,
    "errdist": 0.002998067249049955,
    "mean_dist_m": 14.96450695449986,
    "episodes": 82
  },
  "rollout_sel": 0.0033768053000339656
}
{
  "epoch": 69,
  "timestamp_utc": "2026-07-23T22:17:07.207360+00:00",
  "train_loss": 0.0008575684511160944,
  "val_loss": 0.0028370559582253916,
  "val_rmse": {
    "q_0": 0.0008077641481062416,
    "q_1": 0.0002229681019623002,
    "q_2": 0.00027729106342523,
    "q_3": 0.00022361538498425783,
    "qd_0": 0.05629368426206881,
    "qd_1": 0.010153835266663625,
    "qd_2": 0.00948239813408078,
    "qd_3": 0.01866237625745025,
    "qcmd_0": 0.0001844759142450841,
    "qcmd_1": 0.0001306651225459301,
    "qcmd_2": 0.0001733106383565467,
    "qcmd_3": 0.0001529202120245169
  },
  "val_arm_loss": 0.0028370559582253916,
  "val_arm_rmse": {
    "q_0": 0.0008077641481062416,
    "q_1": 0.0002229681019623002,
    "q_2": 0.00027729106342523,
    "q_3": 0.00022361538498425783,
    "qd_0": 0.05629368426206881,
    "qd_1": 0.010153835266663625,
    "qd_2": 0.00948239813408078,
    "qd_3": 0.01866237625745025,
    "qcmd_0": 0.0001844759142450841,
    "qcmd_1": 0.0001306651225459301,
    "qcmd_2": 0.0001733106383565467,
    "qcmd_3": 0.0001529202120245169
  },
  "rollout_arm_0.5s": {
    "ee_rmse_m": 0.028319224013243487,
    "errdist": 0.004315509735642222,
    "mean_dist_m": 6.56219676191487,
    "episodes": 82
  },
  "rollout_arm_1.0s": {
    "ee_rmse_m": 0.04058973499772377,
    "errdist": 0.003992137055148059,
    "mean_dist_m": 10.16742021554127,
    "episodes": 82
  },
  "rollout_arm_2.0s": {
    "ee_rmse_m": 0.05062812151224658,
    "errdist": 0.0033832134707934758,
    "mean_dist_m": 14.96450695449986,
    "episodes": 82
  },
  "rollout_sel": 0.004315509735642222
}
{
  "epoch": 70,
  "timestamp_utc": "2026-07-23T22:17:30.306631+00:00",
  "train_loss": 0.000840080077352468,
  "val_loss": 0.002851812467270065,
  "val_rmse": {
    "q_0": 0.0008222065224680078,
    "q_1": 0.00022317401468233404,
    "q_2": 0.00027390749926502726,
    "q_3": 0.0002251139638175113,
    "qd_0": 0.056498962804992205,
    "qd_1": 0.01016351641054999,
    "qd_2": 0.009446459426267415,
    "qd_3": 0.01872616276966181,
    "qcmd_0": 0.00022855731055977497,
    "qcmd_1": 0.00013970944836051263,
    "qcmd_2": 0.0001345991343820494,
    "qcmd_3": 0.00015548995497041842
  },
  "val_arm_loss": 0.002851812467270065,
  "val_arm_rmse": {
    "q_0": 0.0008222065224680078,
    "q_1": 0.00022317401468233404,
    "q_2": 0.00027390749926502726,
    "q_3": 0.0002251139638175113,
    "qd_0": 0.056498962804992205,
    "qd_1": 0.01016351641054999,
    "qd_2": 0.009446459426267415,
    "qd_3": 0.01872616276966181,
    "qcmd_0": 0.00022855731055977497,
    "qcmd_1": 0.00013970944836051263,
    "qcmd_2": 0.0001345991343820494,
    "qcmd_3": 0.00015548995497041842
  },
  "rollout_arm_0.5s": {
    "ee_rmse_m": 0.02057075002677005,
    "errdist": 0.00313473532920513,
    "mean_dist_m": 6.56219676191487,
    "episodes": 82
  },
  "rollout_arm_1.0s": {
    "ee_rmse_m": 0.034649860760742335,
    "errdist": 0.0034079304313378105,
    "mean_dist_m": 10.16742021554127,
    "episodes": 82
  },
  "rollout_arm_2.0s": {
    "ee_rmse_m": 0.05123657079051237,
    "errdist": 0.0034238729646288426,
    "mean_dist_m": 14.96450695449986,
    "episodes": 82
  },
  "rollout_sel": 0.00313473532920513
}
{
  "epoch": 71,
  "timestamp_utc": "2026-07-23T22:17:53.375380+00:00",
  "train_loss": 0.0008132856604643166,
  "val_loss": 0.0028754032719007228,
  "val_rmse": {
    "q_0": 0.0008612527972861282,
    "q_1": 0.0002590882706973111,
    "q_2": 0.00029831506090372727,
    "q_3": 0.0002446378437302797,
    "qd_0": 0.05629110734133182,
    "qd_1": 0.010299866292008929,
    "qd_2": 0.009601407333460904,
    "qd_3": 0.018752261628979753,
    "qcmd_0": 0.0002767415863051231,
    "qcmd_1": 0.0001880386358365918,
    "qcmd_2": 0.00017370738990070278,
    "qcmd_3": 0.00018072013860810594
  },
  "val_arm_loss": 0.0028754032719007228,
  "val_arm_rmse": {
    "q_0": 0.0008612527972861282,
    "q_1": 0.0002590882706973111,
    "q_2": 0.00029831506090372727,
    "q_3": 0.0002446378437302797,
    "qd_0": 0.05629110734133182,
    "qd_1": 0.010299866292008929,
    "qd_2": 0.009601407333460904,
    "qd_3": 0.018752261628979753,
    "qcmd_0": 0.0002767415863051231,
    "qcmd_1": 0.0001880386358365918,
    "qcmd_2": 0.00017370738990070278,
    "qcmd_3": 0.00018072013860810594
  },
  "rollout_arm_0.5s": {
    "ee_rmse_m": 0.024019477991846627,
    "errdist": 0.003660280065244137,
    "mean_dist_m": 6.56219676191487,
    "episodes": 82
  },
  "rollout_arm_1.0s": {
    "ee_rmse_m": 0.03372765795646098,
    "errdist": 0.0033172286815594614,
    "mean_dist_m": 10.16742021554127,
    "episodes": 82
  },
  "rollout_arm_2.0s": {
    "ee_rmse_m": 0.0524372071097599,
    "errdist": 0.0035041052317458356,
    "mean_dist_m": 14.96450695449986,
    "episodes": 82
  },
  "rollout_sel": 0.003660280065244137
}
{
  "epoch": 72,
  "timestamp_utc": "2026-07-23T22:18:16.409764+00:00",
  "train_loss": 0.0007978653527388814,
  "val_loss": 0.002882182523899246,
  "val_rmse": {
    "q_0": 0.0008126950383372042,
    "q_1": 0.0002171651657866987,
    "q_2": 0.00027374306643029904,
    "q_3": 0.00022748757692685732,
    "qd_0": 0.056245460649683825,
    "qd_1": 0.010375013944798376,
    "qd_2": 0.009665834459293114,
    "qd_3": 0.01886658803249587,
    "qcmd_0": 0.00019230845047379282,
    "qcmd_1": 0.0001305175747240878,
    "qcmd_2": 0.0001313065442507472,
    "qcmd_3": 0.00015766695210623653
  },
  "val_arm_loss": 0.002882182523899246,
  "val_arm_rmse": {
    "q_0": 0.0008126950383372042,
    "q_1": 0.0002171651657866987,
    "q_2": 0.00027374306643029904,
    "q_3": 0.00022748757692685732,
    "qd_0": 0.056245460649683825,
    "qd_1": 0.010375013944798376,
    "qd_2": 0.009665834459293114,
    "qd_3": 0.01886658803249587,
    "qcmd_0": 0.00019230845047379282,
    "qcmd_1": 0.0001305175747240878,
    "qcmd_2": 0.0001313065442507472,
    "qcmd_3": 0.00015766695210623653
  },
  "rollout_arm_0.5s": {
    "ee_rmse_m": 0.01696105766533605,
    "errdist": 0.0025846615517189637,
    "mean_dist_m": 6.56219676191487,
    "episodes": 82
  },
  "rollout_arm_1.0s": {
    "ee_rmse_m": 0.02811747309570734,
    "errdist": 0.0027654481175793996,
    "mean_dist_m": 10.16742021554127,
    "episodes": 82
  },
  "rollout_arm_2.0s": {
    "ee_rmse_m": 0.04586061160457043,
    "errdist": 0.0030646256334412704,
    "mean_dist_m": 14.96450695449986,
    "episodes": 82
  },
  "rollout_sel": 0.0025846615517189637
}
{
  "epoch": 73,
  "timestamp_utc": "2026-07-23T22:18:39.455402+00:00",
  "train_loss": 0.0007840766931767575,
  "val_loss": 0.0028560436684347225,
  "val_rmse": {
    "q_0": 0.0008124061296867157,
    "q_1": 0.0002282883763536337,
    "q_2": 0.0002708743749595137,
    "q_3": 0.00021876897436087076,
    "qd_0": 0.05634549850464673,
    "qd_1": 0.010172446629405495,
    "qd_2": 0.009501361523620869,
    "qd_3": 0.0188087085755915,
    "qcmd_0": 0.00019537370304212846,
    "qcmd_1": 0.0001224542838611022,
    "qcmd_2": 0.00013090940222419006,
    "qcmd_3": 0.00014107792904869242
  },
  "val_arm_loss": 0.0028560436684347225,
  "val_arm_rmse": {
    "q_0": 0.0008124061296867157,
    "q_1": 0.0002282883763536337,
    "q_2": 0.0002708743749595137,
    "q_3": 0.00021876897436087076,
    "qd_0": 0.05634549850464673,
    "qd_1": 0.010172446629405495,
    "qd_2": 0.009501361523620869,
    "qd_3": 0.0188087085755915,
    "qcmd_0": 0.00019537370304212846,
    "qcmd_1": 0.0001224542838611022,
    "qcmd_2": 0.00013090940222419006,
    "qcmd_3": 0.00014107792904869242
  },
  "rollout_arm_0.5s": {
    "ee_rmse_m": 0.025795707959357175,
    "errdist": 0.003930956186664221,
    "mean_dist_m": 6.56219676191487,
    "episodes": 82
  },
  "rollout_arm_1.0s": {
    "ee_rmse_m": 0.03228622125142793,
    "errdist": 0.003175458529989473,
    "mean_dist_m": 10.16742021554127,
    "episodes": 82
  },
  "rollout_arm_2.0s": {
    "ee_rmse_m": 0.04602303094223783,
    "errdist": 0.0030754792711963426,
    "mean_dist_m": 14.96450695449986,
    "episodes": 82
  },
  "rollout_sel": 0.003930956186664221
}
{
  "epoch": 74,
  "timestamp_utc": "2026-07-23T22:19:02.443711+00:00",
  "train_loss": 0.0007945512971491553,
  "val_loss": 0.0028000469952530692,
  "val_rmse": {
    "q_0": 0.0007761356003824074,
    "q_1": 0.00021984845720608994,
    "q_2": 0.00026843160276717864,
    "q_3": 0.00021572366898215726,
    "qd_0": 0.055466984770322095,
    "qd_1": 0.009896446140722362,
    "qd_2": 0.009480626636111043,
    "qd_3": 0.018812423968629928,
    "qcmd_0": 0.00018392046542488165,
    "qcmd_1": 0.00014369180974381078,
    "qcmd_2": 0.0001401390227306519,
    "qcmd_3": 0.00014971462022369275
  },
  "val_arm_loss": 0.0028000469952530692,
  "val_arm_rmse": {
    "q_0": 0.0007761356003824074,
    "q_1": 0.00021984845720608994,
    "q_2": 0.00026843160276717864,
    "q_3": 0.00021572366898215726,
    "qd_0": 0.055466984770322095,
    "qd_1": 0.009896446140722362,
    "qd_2": 0.009480626636111043,
    "qd_3": 0.018812423968629928,
    "qcmd_0": 0.00018392046542488165,
    "qcmd_1": 0.00014369180974381078,
    "qcmd_2": 0.0001401390227306519,
    "qcmd_3": 0.00014971462022369275
  },
  "rollout_arm_0.5s": {
    "ee_rmse_m": 0.024959856701352152,
    "errdist": 0.0038035824902740017,
    "mean_dist_m": 6.56219676191487,
    "episodes": 82
  },
  "rollout_arm_1.0s": {
    "ee_rmse_m": 0.03268802522294079,
    "errdist": 0.003214977302991369,
    "mean_dist_m": 10.16742021554127,
    "episodes": 82
  },
  "rollout_arm_2.0s": {
    "ee_rmse_m": 0.04396974606674125,
    "errdist": 0.002938268945340658,
    "mean_dist_m": 14.96450695449986,
    "episodes": 82
  },
  "rollout_sel": 0.0038035824902740017
}
{
  "epoch": 75,
  "timestamp_utc": "2026-07-23T22:19:25.463493+00:00",
  "train_loss": 0.0007440078342624474,
  "val_loss": 0.0028463630107580682,
  "val_rmse": {
    "q_0": 0.000802046883773876,
    "q_1": 0.00022277551617068864,
    "q_2": 0.00026792425692588655,
    "q_3": 0.00021917143903994854,
    "qd_0": 0.056214542320087345,
    "qd_1": 0.010180607782655258,
    "qd_2": 0.009469462151653172,
    "qd_3": 0.0187915097687922,
    "qcmd_0": 0.00017458651726654366,
    "qcmd_1": 0.00012693134190282956,
    "qcmd_2": 0.00013381689380378428,
    "qcmd_3": 0.00013544305045468935
  },
  "val_arm_loss": 0.0028463630107580682,
  "val_arm_rmse": {
    "q_0": 0.000802046883773876,
    "q_1": 0.00022277551617068864,
    "q_2": 0.00026792425692588655,
    "q_3": 0.00021917143903994854,
    "qd_0": 0.056214542320087345,
    "qd_1": 0.010180607782655258,
    "qd_2": 0.009469462151653172,
    "qd_3": 0.0187915097687922,
    "qcmd_0": 0.00017458651726654366,
    "qcmd_1": 0.00012693134190282956,
    "qcmd_2": 0.00013381689380378428,
    "qcmd_3": 0.00013544305045468935
  },
  "rollout_arm_0.5s": {
    "ee_rmse_m": 0.01869371732849646,
    "errdist": 0.00284869808186635,
    "mean_dist_m": 6.56219676191487,
    "episodes": 82
  },
  "rollout_arm_1.0s": {
    "ee_rmse_m": 0.025306914422717534,
    "errdist": 0.002489020212229942,
    "mean_dist_m": 10.16742021554127,
    "episodes": 82
  },
  "rollout_arm_2.0s": {
    "ee_rmse_m": 0.04151921479172634,
    "errdist": 0.00277451271317973,
    "mean_dist_m": 14.96450695449986,
    "episodes": 82
  },
  "rollout_sel": 0.00284869808186635
}
{
  "epoch": 76,
  "timestamp_utc": "2026-07-23T22:19:48.464636+00:00",
  "train_loss": 0.0007534142347285525,
  "val_loss": 0.0028659741493174806,
  "val_rmse": {
    "q_0": 0.0007972923376602972,
    "q_1": 0.0002152507511438052,
    "q_2": 0.0002707983508143934,
    "q_3": 0.00023553822675843365,
    "qd_0": 0.05607570620523984,
    "qd_1": 0.01011645059251092,
    "qd_2": 0.009437196305263316,
    "qd_3": 0.01904586013330041,
    "qcmd_0": 0.00022199229702132836,
    "qcmd_1": 0.00012580266567469264,
    "qcmd_2": 0.00012670807299002408,
    "qcmd_3": 0.0001768268283775181
  },
  "val_arm_loss": 0.0028659741493174806,
  "val_arm_rmse": {
    "q_0": 0.0007972923376602972,
    "q_1": 0.0002152507511438052,
    "q_2": 0.0002707983508143934,
    "q_3": 0.00023553822675843365,
    "qd_0": 0.05607570620523984,
    "qd_1": 0.01011645059251092,
    "qd_2": 0.009437196305263316,
    "qd_3": 0.01904586013330041,
    "qcmd_0": 0.00022199229702132836,
    "qcmd_1": 0.00012580266567469264,
    "qcmd_2": 0.00012670807299002408,
    "qcmd_3": 0.0001768268283775181
  },
  "rollout_arm_0.5s": {
    "ee_rmse_m": 0.022082522164174116,
    "errdist": 0.0033651112524291887,
    "mean_dist_m": 6.56219676191487,
    "episodes": 82
  },
  "rollout_arm_1.0s": {
    "ee_rmse_m": 0.03659207188781072,
    "errdist": 0.0035989534328362285,
    "mean_dist_m": 10.16742021554127,
    "episodes": 82
  },
  "rollout_arm_2.0s": {
    "ee_rmse_m": 0.04878383576923263,
    "errdist": 0.0032599694675916617,
    "mean_dist_m": 14.96450695449986,
    "episodes": 82
  },
  "rollout_sel": 0.0033651112524291887
}
{
  "epoch": 77,
  "timestamp_utc": "2026-07-23T22:20:11.489197+00:00",
  "train_loss": 0.0007549738277157303,
  "val_loss": 0.002918056151684141,
  "val_rmse": {
    "q_0": 0.0008044320308116233,
    "q_1": 0.0002164795540934569,
    "q_2": 0.00027158130886325226,
    "q_3": 0.00022173870087519664,
    "qd_0": 0.05623294561511038,
    "qd_1": 0.01048821788876008,
    "qd_2": 0.009785904254896805,
    "qd_3": 0.019072656564783533,
    "qcmd_0": 0.00019060976242044175,
    "qcmd_1": 0.00011731495771917042,
    "qcmd_2": 0.00012329331216201907,
    "qcmd_3": 0.00015095924242978774
  },
  "val_arm_loss": 0.002918056151684141,
  "val_arm_rmse": {
    "q_0": 0.0008044320308116233,
    "q_1": 0.0002164795540934569,
    "q_2": 0.00027158130886325226,
    "q_3": 0.00022173870087519664,
    "qd_0": 0.05623294561511038,
    "qd_1": 0.01048821788876008,
    "qd_2": 0.009785904254896805,
    "qd_3": 0.019072656564783533,
    "qcmd_0": 0.00019060976242044175,
    "qcmd_1": 0.00011731495771917042,
    "qcmd_2": 0.00012329331216201907,
    "qcmd_3": 0.00015095924242978774
  },
  "rollout_arm_0.5s": {
    "ee_rmse_m": 0.024391553633737923,
    "errdist": 0.003716979925883903,
    "mean_dist_m": 6.56219676191487,
    "episodes": 82
  },
  "rollout_arm_1.0s": {
    "ee_rmse_m": 0.03540640901246335,
    "errdist": 0.0034823394983068932,
    "mean_dist_m": 10.16742021554127,
    "episodes": 82
  },
  "rollout_arm_2.0s": {
    "ee_rmse_m": 0.04618472108159165,
    "errdist": 0.0030862841804289317,
    "mean_dist_m": 14.96450695449986,
    "episodes": 82
  },
  "rollout_sel": 0.003716979925883903
}
{
  "epoch": 78,
  "timestamp_utc": "2026-07-23T22:20:34.458785+00:00",
  "train_loss": 0.0007357927737175487,
  "val_loss": 0.002902963794040261,
  "val_rmse": {
    "q_0": 0.0007961549370783629,
    "q_1": 0.0002206708921307181,
    "q_2": 0.00027198655777670584,
    "q_3": 0.00021953371286281495,
    "qd_0": 0.05598801808554094,
    "qd_1": 0.010271049402524683,
    "qd_2": 0.00952457055701087,
    "qd_3": 0.019292861425552758,
    "qcmd_0": 0.0001731261326833719,
    "qcmd_1": 0.0001233929749297376,
    "qcmd_2": 0.00012284033111127434,
    "qcmd_3": 0.00013160585891754882
  },
  "val_arm_loss": 0.002902963794040261,
  "val_arm_rmse": {
    "q_0": 0.0007961549370783629,
    "q_1": 0.0002206708921307181,
    "q_2": 0.00027198655777670584,
    "q_3": 0.00021953371286281495,
    "qd_0": 0.05598801808554094,
    "qd_1": 0.010271049402524683,
    "qd_2": 0.00952457055701087,
    "qd_3": 0.019292861425552758,
    "qcmd_0": 0.0001731261326833719,
    "qcmd_1": 0.0001233929749297376,
    "qcmd_2": 0.00012284033111127434,
    "qcmd_3": 0.00013160585891754882
  },
  "rollout_arm_0.5s": {
    "ee_rmse_m": 0.028296181304158344,
    "errdist": 0.004311998303431156,
    "mean_dist_m": 6.56219676191487,
    "episodes": 82
  },
  "rollout_arm_1.0s": {
    "ee_rmse_m": 0.0370708362743514,
    "errdist": 0.003646041521691735,
    "mean_dist_m": 10.16742021554127,
    "episodes": 82
  },
  "rollout_arm_2.0s": {
    "ee_rmse_m": 0.046995714074119836,
    "errdist": 0.003140478614966203,
    "mean_dist_m": 14.96450695449986,
    "episodes": 82
  },
  "rollout_sel": 0.004311998303431156
}
{
  "epoch": 79,
  "timestamp_utc": "2026-07-23T22:20:57.691819+00:00",
  "train_loss": 0.0007458997302746866,
  "val_loss": 0.003004931367904646,
  "val_rmse": {
    "q_0": 0.0008093453985948568,
    "q_1": 0.00022829633212910334,
    "q_2": 0.0002954622617213109,
    "q_3": 0.0002336103679022641,
    "qd_0": 0.0565693671879442,
    "qd_1": 0.010752837115206753,
    "qd_2": 0.010025280009492255,
    "qd_3": 0.019380831130545426,
    "qcmd_0": 0.00018906005016038817,
    "qcmd_1": 0.00013334764415435247,
    "qcmd_2": 0.00015557571937305874,
    "qcmd_3": 0.00018059604228684437
  },
  "val_arm_loss": 0.003004931367904646,
  "val_arm_rmse": {
    "q_0": 0.0008093453985948568,
    "q_1": 0.00022829633212910334,
    "q_2": 0.0002954622617213109,
    "q_3": 0.0002336103679022641,
    "qd_0": 0.0565693671879442,
    "qd_1": 0.010752837115206753,
    "qd_2": 0.010025280009492255,
    "qd_3": 0.019380831130545426,
    "qcmd_0": 0.00018906005016038817,
    "qcmd_1": 0.00013334764415435247,
    "qcmd_2": 0.00015557571937305874,
    "qcmd_3": 0.00018059604228684437
  },
  "rollout_arm_0.5s": {
    "ee_rmse_m": 0.018772989488256054,
    "errdist": 0.002860778207262721,
    "mean_dist_m": 6.56219676191487,
    "episodes": 82
  },
  "rollout_arm_1.0s": {
    "ee_rmse_m": 0.028428438729484702,
    "errdist": 0.002796032634318665,
    "mean_dist_m": 10.16742021554127,
    "episodes": 82
  },
  "rollout_arm_2.0s": {
    "ee_rmse_m": 0.04567688314483564,
    "errdist": 0.003052348018128355,
    "mean_dist_m": 14.96450695449986,
    "episodes": 82
  },
  "rollout_sel": 0.002860778207262721
}
{
  "epoch": 80,
  "timestamp_utc": "2026-07-23T22:21:20.705788+00:00",
  "train_loss": 0.0007224177117168438,
  "val_loss": 0.002908499915647553,
  "val_rmse": {
    "q_0": 0.0008136044539586267,
    "q_1": 0.00022977741161681953,
    "q_2": 0.0002736282045810138,
    "q_3": 0.00022025837199681343,
    "qd_0": 0.05615945991607245,
    "qd_1": 0.010205591500871278,
    "qd_2": 0.009521215705661137,
    "qd_3": 0.01930026310535676,
    "qcmd_0": 0.00019153189280827855,
    "qcmd_1": 0.00012889530893840255,
    "qcmd_2": 0.00013577938972726187,
    "qcmd_3": 0.00013953629192506453
  },
  "val_arm_loss": 0.002908499915647553,
  "val_arm_rmse": {
    "q_0": 0.0008136044539586267,
    "q_1": 0.00022977741161681953,
    "q_2": 0.0002736282045810138,
    "q_3": 0.00022025837199681343,
    "qd_0": 0.05615945991607245,
    "qd_1": 0.010205591500871278,
    "qd_2": 0.009521215705661137,
    "qd_3": 0.01930026310535676,
    "qcmd_0": 0.00019153189280827855,
    "qcmd_1": 0.00012889530893840255,
    "qcmd_2": 0.00013577938972726187,
    "qcmd_3": 0.00013953629192506453
  },
  "rollout_arm_0.5s": {
    "ee_rmse_m": 0.017542308692385145,
    "errdist": 0.0026732372296721933,
    "mean_dist_m": 6.56219676191487,
    "episodes": 82
  },
  "rollout_arm_1.0s": {
    "ee_rmse_m": 0.02695957818921835,
    "errdist": 0.002651565256249531,
    "mean_dist_m": 10.16742021554127,
    "episodes": 82
  },
  "rollout_arm_2.0s": {
    "ee_rmse_m": 0.045913398540015055,
    "errdist": 0.0030681531091947397,
    "mean_dist_m": 14.96450695449986,
    "episodes": 82
  },
  "rollout_sel": 0.0026732372296721933
}
training completed; last checkpoint: /home/harry/NeDM/artifacts/training_runs/arm_transformer_noee_v1/checkpoints/last.pt
