terrain_conditioning: one-hot over ['flat', 'crm']
loss: type=huber huber_delta=1.0 channel_weights={'vel_body_x_mps': 1.62196, 'vel_body_y_mps': 2.35058, 'roll_rad': 0.16566, 'pitch_rad': 0.01578, 'roll_rate_radps': 0.02387, 'ang_vel_body_y_radps': 0.01794, 'yaw_rate_radps': 2.14412, 'tire_fl_force_wheel_fz_n': 0.00463, 'tire_fr_force_wheel_fz_n': 0.00536, 'tire_rl_force_wheel_fz_n': 0.00382, 'tire_rr_force_wheel_fz_n': 0.00356, 'tire_fl_spindle_omega_radps': 1.73764, 'tire_fr_spindle_omega_radps': 1.69314, 'tire_rl_spindle_omega_radps': 2.63328, 'tire_rr_spindle_omega_radps': 2.57865}
{
  "epoch": 1,
  "timestamp_utc": "2026-07-13T18:07:21.423530+00:00",
  "train_loss": 0.13051493127271532,
  "val_loss": 0.01245249056519242,
  "val_rmse": {
    "vel_body_x_mps": 0.0018504436027551782,
    "vel_body_y_mps": 0.0018863796886280802,
    "roll_rad": 6.87032443760909e-05,
    "pitch_rad": 4.1069929901019775e-05,
    "roll_rate_radps": 0.0021924511006566508,
    "ang_vel_body_y_radps": 0.0012420322680329041,
    "yaw_rate_radps": 0.0019681454809740164,
    "tire_fl_force_wheel_fz_n": 73.53429447173068,
    "tire_fr_force_wheel_fz_n": 71.40843850365967,
    "tire_rl_force_wheel_fz_n": 37.68084889848731,
    "tire_rr_force_wheel_fz_n": 37.54260185623654,
    "tire_fl_spindle_omega_radps": 0.10020810403553473,
    "tire_fr_spindle_omega_radps": 0.10289045663126571,
    "tire_rl_spindle_omega_radps": 0.09886105141435808,
    "tire_rr_spindle_omega_radps": 0.0965380474802415
  },
  "val_flat_loss": 0.01245249056519242,
  "val_flat_rmse": {
    "vel_body_x_mps": 0.0018504436027551782,
    "vel_body_y_mps": 0.0018863796886280802,
    "roll_rad": 6.87032443760909e-05,
    "pitch_rad": 4.1069929901019775e-05,
    "roll_rate_radps": 0.0021924511006566508,
    "ang_vel_body_y_radps": 0.0012420322680329041,
    "yaw_rate_radps": 0.0019681454809740164,
    "tire_fl_force_wheel_fz_n": 73.53429447173068,
    "tire_fr_force_wheel_fz_n": 71.40843850365967,
    "tire_rl_force_wheel_fz_n": 37.68084889848731,
    "tire_rr_force_wheel_fz_n": 37.54260185623654,
    "tire_fl_spindle_omega_radps": 0.10020810403553473,
    "tire_fr_spindle_omega_radps": 0.10289045663126571,
    "tire_rl_spindle_omega_radps": 0.09886105141435808,
    "tire_rr_spindle_omega_radps": 0.0965380474802415
  },
  "val_crm_loss": 0.1782167352968827,
  "val_crm_rmse": {
    "vel_body_x_mps": 0.005243315881497247,
    "vel_body_y_mps": 0.004346227735578205,
    "roll_rad": 0.00013714610664349963,
    "pitch_rad": 9.047801410735844e-05,
    "roll_rate_radps": 0.008056619915887062,
    "ang_vel_body_y_radps": 0.005198360575349215,
    "yaw_rate_radps": 0.003704786803879002,
    "tire_fl_force_wheel_fz_n": 1228.477401890473,
    "tire_fr_force_wheel_fz_n": 1276.5164083440072,
    "tire_rl_force_wheel_fz_n": 1097.87964905142,
    "tire_rr_force_wheel_fz_n": 1181.4891812688436,
    "tire_fl_spindle_omega_radps": 0.21392655151506246,
    "tire_fr_spindle_omega_radps": 0.2198123779045304,
    "tire_rl_spindle_omega_radps": 0.21014161519833793,
    "tire_rr_spindle_omega_radps": 0.2126520801738705
  },
  "val_mixed_loss": 0.09533461293103757,
  "rollout_flat_5.0s": {
    "xy_rmse_m": 3.0648729836726596,
    "yaw_rmse_rad": 0.17066866103420844,
    "errdist": 0.4036886153292287,
    "mean_dist_m": 7.592170963684718,
    "episodes": 12
  },
  "rollout_flat_10.0s": {
    "xy_rmse_m": 11.91683538385923,
    "yaw_rmse_rad": 0.4323866009073108,
    "errdist": 0.33838198075587733,
    "mean_dist_m": 35.2171098391215,
    "episodes": 12
  },
  "rollout_crm_5.0s": {
    "xy_rmse_m": 1.147510576621896,
    "yaw_rmse_rad": 0.05189552195872393,
    "errdist": 0.16034517798176628,
    "mean_dist_m": 7.1565019357949495,
    "episodes": 12
  },
  "rollout_crm_10.0s": {
    "xy_rmse_m": 4.291730703721778,
    "yaw_rmse_rad": 0.1414838772418659,
    "errdist": 0.1714168860797739,
    "mean_dist_m": 25.036802393694717,
    "episodes": 12
  },
  "rollout_sel": 0.2548994334178256
}
{
  "epoch": 2,
  "timestamp_utc": "2026-07-13T18:09:13.552361+00:00",
  "train_loss": 0.05418724432401359,
  "val_loss": 0.010601161190425045,
  "val_rmse": {
    "vel_body_x_mps": 0.0014714410307246223,
    "vel_body_y_mps": 0.001298180185805469,
    "roll_rad": 3.4558063088503155e-05,
    "pitch_rad": 2.3227941477209164e-05,
    "roll_rate_radps": 0.0019152425970468555,
    "ang_vel_body_y_radps": 0.0011217130555314042,
    "yaw_rate_radps": 0.0018024355384039323,
    "tire_fl_force_wheel_fz_n": 62.013355688209515,
    "tire_fr_force_wheel_fz_n": 61.69095323429987,
    "tire_rl_force_wheel_fz_n": 36.4096940393723,
    "tire_rr_force_wheel_fz_n": 33.67389371792213,
    "tire_fl_spindle_omega_radps": 0.09316170026801329,
    "tire_fr_spindle_omega_radps": 0.09400067726135879,
    "tire_rl_spindle_omega_radps": 0.11163733917565373,
    "tire_rr_spindle_omega_radps": 0.10243570452613392
  },
  "val_flat_loss": 0.010601161190425045,
  "val_flat_rmse": {
    "vel_body_x_mps": 0.0014714410307246223,
    "vel_body_y_mps": 0.001298180185805469,
    "roll_rad": 3.4558063088503155e-05,
    "pitch_rad": 2.3227941477209164e-05,
    "roll_rate_radps": 0.0019152425970468555,
    "ang_vel_body_y_radps": 0.0011217130555314042,
    "yaw_rate_radps": 0.0018024355384039323,
    "tire_fl_force_wheel_fz_n": 62.013355688209515,
    "tire_fr_force_wheel_fz_n": 61.69095323429987,
    "tire_rl_force_wheel_fz_n": 36.4096940393723,
    "tire_rr_force_wheel_fz_n": 33.67389371792213,
    "tire_fl_spindle_omega_radps": 0.09316170026801329,
    "tire_fr_spindle_omega_radps": 0.09400067726135879,
    "tire_rl_spindle_omega_radps": 0.11163733917565373,
    "tire_rr_spindle_omega_radps": 0.10243570452613392
  },
  "val_crm_loss": 0.14081975765526294,
  "val_crm_rmse": {
    "vel_body_x_mps": 0.004465406484836986,
    "vel_body_y_mps": 0.003783825807768456,
    "roll_rad": 0.00010172978459260486,
    "pitch_rad": 7.947009887053354e-05,
    "roll_rate_radps": 0.006498916760975404,
    "ang_vel_body_y_radps": 0.004639769417965606,
    "yaw_rate_radps": 0.0029567239475113277,
    "tire_fl_force_wheel_fz_n": 974.3374052804363,
    "tire_fr_force_wheel_fz_n": 1035.9712498921133,
    "tire_rl_force_wheel_fz_n": 1015.3836782649769,
    "tire_rr_force_wheel_fz_n": 1086.3852362532696,
    "tire_fl_spindle_omega_radps": 0.1806955172185558,
    "tire_fr_spindle_omega_radps": 0.18178380221110021,
    "tire_rl_spindle_omega_radps": 0.18525263560179994,
    "tire_rr_spindle_omega_radps": 0.18510927060200405
  },
  "val_mixed_loss": 0.07571045942284399,
  "rollout_flat_5.0s": {
    "xy_rmse_m": 3.0750211455489076,
    "yaw_rmse_rad": 0.13723142964018537,
    "errdist": 0.40502527673013616,
    "mean_dist_m": 7.592170963684718,
    "episodes": 12
  },
  "rollout_flat_10.0s": {
    "xy_rmse_m": 10.046367203017446,
    "yaw_rmse_rad": 0.2982715326947446,
    "errdist": 0.28526949681308816,
    "mean_dist_m": 35.2171098391215,
    "episodes": 12
  },
  "rollout_crm_5.0s": {
    "xy_rmse_m": 2.9588801360214725,
    "yaw_rmse_rad": 0.14823478527795733,
    "errdist": 0.41345341097749566,
    "mean_dist_m": 7.1565019357949495,
    "episodes": 12
  },
  "rollout_crm_10.0s": {
    "xy_rmse_m": 9.345033230410364,
    "yaw_rmse_rad": 0.3062966169264006,
    "errdist": 0.37325186673054633,
    "mean_dist_m": 25.036802393694717,
    "episodes": 12
  },
  "rollout_sel": 0.3292606817718172
}
{
  "epoch": 3,
  "timestamp_utc": "2026-07-13T18:11:08.026730+00:00",
  "train_loss": 0.04491021561063826,
  "val_loss": 0.007181133867561584,
  "val_rmse": {
    "vel_body_x_mps": 0.0013428653153015667,
    "vel_body_y_mps": 0.0011947105023953743,
    "roll_rad": 3.653667770051704e-05,
    "pitch_rad": 1.5131382630448928e-05,
    "roll_rate_radps": 0.0018877727386860468,
    "ang_vel_body_y_radps": 0.0011050805687357584,
    "yaw_rate_radps": 0.0017435147564263717,
    "tire_fl_force_wheel_fz_n": 61.73093216456885,
    "tire_fr_force_wheel_fz_n": 58.44522922068857,
    "tire_rl_force_wheel_fz_n": 28.893790211815634,
    "tire_rr_force_wheel_fz_n": 36.06720313346321,
    "tire_fl_spindle_omega_radps": 0.08288128109968838,
    "tire_fr_spindle_omega_radps": 0.0857923746891868,
    "tire_rl_spindle_omega_radps": 0.08303956617013551,
    "tire_rr_spindle_omega_radps": 0.06843700384449612
  },
  "val_flat_loss": 0.007181133867561584,
  "val_flat_rmse": {
    "vel_body_x_mps": 0.0013428653153015667,
    "vel_body_y_mps": 0.0011947105023953743,
    "roll_rad": 3.653667770051704e-05,
    "pitch_rad": 1.5131382630448928e-05,
    "roll_rate_radps": 0.0018877727386860468,
    "ang_vel_body_y_radps": 0.0011050805687357584,
    "yaw_rate_radps": 0.0017435147564263717,
    "tire_fl_force_wheel_fz_n": 61.73093216456885,
    "tire_fr_force_wheel_fz_n": 58.44522922068857,
    "tire_rl_force_wheel_fz_n": 28.893790211815634,
    "tire_rr_force_wheel_fz_n": 36.06720313346321,
    "tire_fl_spindle_omega_radps": 0.08288128109968838,
    "tire_fr_spindle_omega_radps": 0.0857923746891868,
    "tire_rl_spindle_omega_radps": 0.08303956617013551,
    "tire_rr_spindle_omega_radps": 0.06843700384449612
  },
  "val_crm_loss": 0.12724263702868485,
  "val_crm_rmse": {
    "vel_body_x_mps": 0.0039799307900866025,
    "vel_body_y_mps": 0.003344767235344371,
    "roll_rad": 9.970154993080878e-05,
    "pitch_rad": 6.635592445604021e-05,
    "roll_rate_radps": 0.0059375440093406015,
    "ang_vel_body_y_radps": 0.0038689459856604486,
    "yaw_rate_radps": 0.002848903489103982,
    "tire_fl_force_wheel_fz_n": 889.1098296332071,
    "tire_fr_force_wheel_fz_n": 916.4421795599341,
    "tire_rl_force_wheel_fz_n": 990.7620118757205,
    "tire_rr_force_wheel_fz_n": 1062.130052598175,
    "tire_fl_spindle_omega_radps": 0.17051775213824968,
    "tire_fr_spindle_omega_radps": 0.17068189885546117,
    "tire_rl_spindle_omega_radps": 0.17938442753680708,
    "tire_rr_spindle_omega_radps": 0.18524979963180283
  },
  "val_mixed_loss": 0.06721188544812322,
  "rollout_flat_5.0s": {
    "xy_rmse_m": 1.9130885705363427,
    "yaw_rmse_rad": 0.07497559122085345,
    "errdist": 0.2519817559018535,
    "mean_dist_m": 7.592170963684718,
    "episodes": 12
  },
  "rollout_flat_10.0s": {
    "xy_rmse_m": 6.18718765652095,
    "yaw_rmse_rad": 0.15681376666696106,
    "errdist": 0.17568697956150314,
    "mean_dist_m": 35.2171098391215,
    "episodes": 12
  },
  "rollout_crm_5.0s": {
    "xy_rmse_m": 3.3149886592250986,
    "yaw_rmse_rad": 0.13494679447040825,
    "errdist": 0.46321354887705585,
    "mean_dist_m": 7.1565019357949495,
    "episodes": 12
  },
  "rollout_crm_10.0s": {
    "xy_rmse_m": 8.628041936964355,
    "yaw_rmse_rad": 0.22363344995332846,
    "errdist": 0.34461437212673957,
    "mean_dist_m": 25.036802393694717,
    "episodes": 12
  },
  "rollout_sel": 0.2601506758441213
}
{
  "epoch": 4,
  "timestamp_utc": "2026-07-13T18:13:03.399044+00:00",
  "train_loss": 0.04043254673480987,
  "val_loss": 0.00794594153718208,
  "val_rmse": {
    "vel_body_x_mps": 0.0015188093919709404,
    "vel_body_y_mps": 0.0010739057121265335,
    "roll_rad": 4.171621986250709e-05,
    "pitch_rad": 2.0245435197636832e-05,
    "roll_rate_radps": 0.0019224018118873787,
    "ang_vel_body_y_radps": 0.0010074504691911241,
    "yaw_rate_radps": 0.001644318332550381,
    "tire_fl_force_wheel_fz_n": 52.86724646802759,
    "tire_fr_force_wheel_fz_n": 54.03858668363957,
    "tire_rl_force_wheel_fz_n": 27.50785513616983,
    "tire_rr_force_wheel_fz_n": 27.40107467451188,
    "tire_fl_spindle_omega_radps": 0.08247851679276422,
    "tire_fr_spindle_omega_radps": 0.08849824994353248,
    "tire_rl_spindle_omega_radps": 0.08970889043634866,
    "tire_rr_spindle_omega_radps": 0.08134515086413867
  },
  "val_flat_loss": 0.00794594153718208,
  "val_flat_rmse": {
    "vel_body_x_mps": 0.0015188093919709404,
    "vel_body_y_mps": 0.0010739057121265335,
    "roll_rad": 4.171621986250709e-05,
    "pitch_rad": 2.0245435197636832e-05,
    "roll_rate_radps": 0.0019224018118873787,
    "ang_vel_body_y_radps": 0.0010074504691911241,
    "yaw_rate_radps": 0.001644318332550381,
    "tire_fl_force_wheel_fz_n": 52.86724646802759,
    "tire_fr_force_wheel_fz_n": 54.03858668363957,
    "tire_rl_force_wheel_fz_n": 27.50785513616983,
    "tire_rr_force_wheel_fz_n": 27.40107467451188,
    "tire_fl_spindle_omega_radps": 0.08247851679276422,
    "tire_fr_spindle_omega_radps": 0.08849824994353248,
    "tire_rl_spindle_omega_radps": 0.08970889043634866,
    "tire_rr_spindle_omega_radps": 0.08134515086413867
  },
  "val_crm_loss": 0.11601412157411688,
  "val_crm_rmse": {
    "vel_body_x_mps": 0.0038103584485592707,
    "vel_body_y_mps": 0.0030971554022035277,
    "roll_rad": 9.00511271561534e-05,
    "pitch_rad": 5.576040274463843e-05,
    "roll_rate_radps": 0.005479322139640775,
    "ang_vel_body_y_radps": 0.003522451755893305,
    "yaw_rate_radps": 0.0026970198396971063,
    "tire_fl_force_wheel_fz_n": 816.8895034666705,
    "tire_fr_force_wheel_fz_n": 831.7926697848524,
    "tire_rl_force_wheel_fz_n": 969.6720327065144,
    "tire_rr_force_wheel_fz_n": 1026.495442965092,
    "tire_fl_spindle_omega_radps": 0.16112388253415236,
    "tire_fr_spindle_omega_radps": 0.16096049906072749,
    "tire_rl_spindle_omega_radps": 0.17130255870461245,
    "tire_rr_spindle_omega_radps": 0.17019329376352202
  },
  "val_mixed_loss": 0.061980031555649476,
  "rollout_flat_5.0s": {
    "xy_rmse_m": 1.7274295817190863,
    "yaw_rmse_rad": 0.13954347299918016,
    "errdist": 0.22752775062387567,
    "mean_dist_m": 7.592170963684718,
    "episodes": 12
  },
  "rollout_flat_10.0s": {
    "xy_rmse_m": 5.043341686765447,
    "yaw_rmse_rad": 0.2362125338090449,
    "errdist": 0.1432071430564404,
    "mean_dist_m": 35.2171098391215,
    "episodes": 12
  },
  "rollout_crm_5.0s": {
    "xy_rmse_m": 1.0888774191702113,
    "yaw_rmse_rad": 0.10851000085806987,
    "errdist": 0.15215218677213393,
    "mean_dist_m": 7.1565019357949495,
    "episodes": 12
  },
  "rollout_crm_10.0s": {
    "xy_rmse_m": 3.078728676196941,
    "yaw_rmse_rad": 0.21242498999408332,
    "errdist": 0.12296812619219656,
    "mean_dist_m": 25.036802393694717,
    "episodes": 12
  },
  "rollout_sel": 0.13308763462431847
}
{
  "epoch": 5,
  "timestamp_utc": "2026-07-13T18:14:56.720921+00:00",
  "train_loss": 0.037305154023692014,
  "val_loss": 0.005732100662062294,
  "val_rmse": {
    "vel_body_x_mps": 0.001185266869631129,
    "vel_body_y_mps": 0.0013003662222838368,
    "roll_rad": 3.343459051758771e-05,
    "pitch_rad": 1.2699081974444251e-05,
    "roll_rate_radps": 0.0018219209527977267,
    "ang_vel_body_y_radps": 0.0010273532071546686,
    "yaw_rate_radps": 0.0015559115816812373,
    "tire_fl_force_wheel_fz_n": 50.56820966040339,
    "tire_fr_force_wheel_fz_n": 50.574634170529094,
    "tire_rl_force_wheel_fz_n": 26.523803522160346,
    "tire_rr_force_wheel_fz_n": 26.155850891386276,
    "tire_fl_spindle_omega_radps": 0.07605553753795966,
    "tire_fr_spindle_omega_radps": 0.08026813824975741,
    "tire_rl_spindle_omega_radps": 0.0797854421639792,
    "tire_rr_spindle_omega_radps": 0.06266748767146255
  },
  "val_flat_loss": 0.005732100662062294,
  "val_flat_rmse": {
    "vel_body_x_mps": 0.001185266869631129,
    "vel_body_y_mps": 0.0013003662222838368,
    "roll_rad": 3.343459051758771e-05,
    "pitch_rad": 1.2699081974444251e-05,
    "roll_rate_radps": 0.0018219209527977267,
    "ang_vel_body_y_radps": 0.0010273532071546686,
    "yaw_rate_radps": 0.0015559115816812373,
    "tire_fl_force_wheel_fz_n": 50.56820966040339,
    "tire_fr_force_wheel_fz_n": 50.574634170529094,
    "tire_rl_force_wheel_fz_n": 26.523803522160346,
    "tire_rr_force_wheel_fz_n": 26.155850891386276,
    "tire_fl_spindle_omega_radps": 0.07605553753795966,
    "tire_fr_spindle_omega_radps": 0.08026813824975741,
    "tire_rl_spindle_omega_radps": 0.0797854421639792,
    "tire_rr_spindle_omega_radps": 0.06266748767146255
  },
  "val_crm_loss": 0.11106186214077753,
  "val_crm_rmse": {
    "vel_body_x_mps": 0.0037009605981741735,
    "vel_body_y_mps": 0.002949074146083604,
    "roll_rad": 7.536810010910612e-05,
    "pitch_rad": 5.83099086162093e-05,
    "roll_rate_radps": 0.004902283985636444,
    "ang_vel_body_y_radps": 0.003399368380313891,
    "yaw_rate_radps": 0.002643562823958016,
    "tire_fl_force_wheel_fz_n": 790.3167439801776,
    "tire_fr_force_wheel_fz_n": 782.8632617305418,
    "tire_rl_force_wheel_fz_n": 969.3902412523065,
    "tire_rr_force_wheel_fz_n": 1017.7994485461944,
    "tire_fl_spindle_omega_radps": 0.15897854636436531,
    "tire_fr_spindle_omega_radps": 0.15636617142500758,
    "tire_rl_spindle_omega_radps": 0.16912503552244462,
    "tire_rr_spindle_omega_radps": 0.16740832681383944
  },
  "val_mixed_loss": 0.05839698140141991,
  "rollout_flat_5.0s": {
    "xy_rmse_m": 2.7984909023554834,
    "yaw_rmse_rad": 0.09732001495928302,
    "errdist": 0.3686021976772357,
    "mean_dist_m": 7.592170963684718,
    "episodes": 12
  },
  "rollout_flat_10.0s": {
    "xy_rmse_m": 8.524760223327949,
    "yaw_rmse_rad": 0.24766530707291187,
    "errdist": 0.24206302738273203,
    "mean_dist_m": 35.2171098391215,
    "episodes": 12
  },
  "rollout_crm_5.0s": {
    "xy_rmse_m": 0.6894033111356999,
    "yaw_rmse_rad": 0.12464673852355414,
    "errdist": 0.09633244248666865,
    "mean_dist_m": 7.1565019357949495,
    "episodes": 12
  },
  "rollout_crm_10.0s": {
    "xy_rmse_m": 2.88796541566826,
    "yaw_rmse_rad": 0.2754256833534319,
    "errdist": 0.11534881213088007,
    "mean_dist_m": 25.036802393694717,
    "episodes": 12
  },
  "rollout_sel": 0.17870591975680605
}
{
  "epoch": 6,
  "timestamp_utc": "2026-07-13T18:16:50.938126+00:00",
  "train_loss": 0.03533486418705434,
  "val_loss": 0.004844982364666066,
  "val_rmse": {
    "vel_body_x_mps": 0.0010701267558793073,
    "vel_body_y_mps": 0.0009595792570140805,
    "roll_rad": 2.2569099556753158e-05,
    "pitch_rad": 1.3707303068059417e-05,
    "roll_rate_radps": 0.0017235157920554756,
    "ang_vel_body_y_radps": 0.0009687957688396115,
    "yaw_rate_radps": 0.0014882855815640773,
    "tire_fl_force_wheel_fz_n": 45.490824803954375,
    "tire_fr_force_wheel_fz_n": 48.12484700869728,
    "tire_rl_force_wheel_fz_n": 27.17014830180619,
    "tire_rr_force_wheel_fz_n": 27.476379371533906,
    "tire_fl_spindle_omega_radps": 0.07121286583267084,
    "tire_fr_spindle_omega_radps": 0.0787278229460213,
    "tire_rl_spindle_omega_radps": 0.07855702064841733,
    "tire_rr_spindle_omega_radps": 0.06342368876102888
  },
  "val_flat_loss": 0.004844982364666066,
  "val_flat_rmse": {
    "vel_body_x_mps": 0.0010701267558793073,
    "vel_body_y_mps": 0.0009595792570140805,
    "roll_rad": 2.2569099556753158e-05,
    "pitch_rad": 1.3707303068059417e-05,
    "roll_rate_radps": 0.0017235157920554756,
    "ang_vel_body_y_radps": 0.0009687957688396115,
    "yaw_rate_radps": 0.0014882855815640773,
    "tire_fl_force_wheel_fz_n": 45.490824803954375,
    "tire_fr_force_wheel_fz_n": 48.12484700869728,
    "tire_rl_force_wheel_fz_n": 27.17014830180619,
    "tire_rr_force_wheel_fz_n": 27.476379371533906,
    "tire_fl_spindle_omega_radps": 0.07121286583267084,
    "tire_fr_spindle_omega_radps": 0.0787278229460213,
    "tire_rl_spindle_omega_radps": 0.07855702064841733,
    "tire_rr_spindle_omega_radps": 0.06342368876102888
  },
  "val_crm_loss": 0.10711231149849482,
  "val_crm_rmse": {
    "vel_body_x_mps": 0.0034592704232138945,
    "vel_body_y_mps": 0.002934422329297801,
    "roll_rad": 7.184071631403664e-05,
    "pitch_rad": 4.5231006136845644e-05,
    "roll_rate_radps": 0.0049258611895638404,
    "ang_vel_body_y_radps": 0.00320142278815714,
    "yaw_rate_radps": 0.002681763354656032,
    "tire_fl_force_wheel_fz_n": 739.4472325983534,
    "tire_fr_force_wheel_fz_n": 748.337902488755,
    "tire_rl_force_wheel_fz_n": 960.889300473094,
    "tire_rr_force_wheel_fz_n": 1008.7782842876233,
    "tire_fl_spindle_omega_radps": 0.14970921782488483,
    "tire_fr_spindle_omega_radps": 0.15047455483273958,
    "tire_rl_spindle_omega_radps": 0.17040536935712164,
    "tire_rr_spindle_omega_radps": 0.172565705719699
  },
  "val_mixed_loss": 0.055978646931580445,
  "rollout_flat_5.0s": {
    "xy_rmse_m": 0.780311412920008,
    "yaw_rmse_rad": 0.07496151859137071,
    "errdist": 0.10277843012919963,
    "mean_dist_m": 7.592170963684718,
    "episodes": 12
  },
  "rollout_flat_10.0s": {
    "xy_rmse_m": 4.247694162799812,
    "yaw_rmse_rad": 0.22466116120800145,
    "errdist": 0.12061450193397732,
    "mean_dist_m": 35.2171098391215,
    "episodes": 12
  },
  "rollout_crm_5.0s": {
    "xy_rmse_m": 0.7912036608585254,
    "yaw_rmse_rad": 0.08464981735177492,
    "errdist": 0.11055731808037833,
    "mean_dist_m": 7.1565019357949495,
    "episodes": 12
  },
  "rollout_crm_10.0s": {
    "xy_rmse_m": 5.063693576342386,
    "yaw_rmse_rad": 0.29623056912713386,
    "errdist": 0.20225001167152357,
    "mean_dist_m": 25.036802393694717,
    "episodes": 12
  },
  "rollout_sel": 0.16143225680275045
}
{
  "epoch": 7,
  "timestamp_utc": "2026-07-13T18:18:47.039348+00:00",
  "train_loss": 0.033484897716436535,
  "val_loss": 0.005171826567529934,
  "val_rmse": {
    "vel_body_x_mps": 0.0011553892824396556,
    "vel_body_y_mps": 0.0009288869925997133,
    "roll_rad": 2.622508039993917e-05,
    "pitch_rad": 1.323799266677581e-05,
    "roll_rate_radps": 0.0017227764880711706,
    "ang_vel_body_y_radps": 0.0009546537963013043,
    "yaw_rate_radps": 0.001534811378902269,
    "tire_fl_force_wheel_fz_n": 47.219497905793965,
    "tire_fr_force_wheel_fz_n": 48.573785234321356,
    "tire_rl_force_wheel_fz_n": 28.32332992697428,
    "tire_rr_force_wheel_fz_n": 24.544801626462586,
    "tire_fl_spindle_omega_radps": 0.07300494044539325,
    "tire_fr_spindle_omega_radps": 0.07845787115573334,
    "tire_rl_spindle_omega_radps": 0.08150729675217279,
    "tire_rr_spindle_omega_radps": 0.0627066266884767
  },
  "val_flat_loss": 0.005171826567529934,
  "val_flat_rmse": {
    "vel_body_x_mps": 0.0011553892824396556,
    "vel_body_y_mps": 0.0009288869925997133,
    "roll_rad": 2.622508039993917e-05,
    "pitch_rad": 1.323799266677581e-05,
    "roll_rate_radps": 0.0017227764880711706,
    "ang_vel_body_y_radps": 0.0009546537963013043,
    "yaw_rate_radps": 0.001534811378902269,
    "tire_fl_force_wheel_fz_n": 47.219497905793965,
    "tire_fr_force_wheel_fz_n": 48.573785234321356,
    "tire_rl_force_wheel_fz_n": 28.32332992697428,
    "tire_rr_force_wheel_fz_n": 24.544801626462586,
    "tire_fl_spindle_omega_radps": 0.07300494044539325,
    "tire_fr_spindle_omega_radps": 0.07845787115573334,
    "tire_rl_spindle_omega_radps": 0.08150729675217279,
    "tire_rr_spindle_omega_radps": 0.0627066266884767
  },
  "val_crm_loss": 0.10434681066602934,
  "val_crm_rmse": {
    "vel_body_x_mps": 0.003420758390636508,
    "vel_body_y_mps": 0.0028247733562405137,
    "roll_rad": 7.907442119505732e-05,
    "pitch_rad": 5.2552954091004384e-05,
    "roll_rate_radps": 0.004455389078695739,
    "ang_vel_body_y_radps": 0.0031146427101859412,
    "yaw_rate_radps": 0.0025057151446210672,
    "tire_fl_force_wheel_fz_n": 726.7869648647829,
    "tire_fr_force_wheel_fz_n": 726.7036200451452,
    "tire_rl_force_wheel_fz_n": 960.7968689981054,
    "tire_rr_force_wheel_fz_n": 1012.2361232631898,
    "tire_fl_spindle_omega_radps": 0.14982191807951914,
    "tire_fr_spindle_omega_radps": 0.14791756369149664,
    "tire_rl_spindle_omega_radps": 0.16674975513984155,
    "tire_rr_spindle_omega_radps": 0.16665701603850314
  },
  "val_mixed_loss": 0.054759318616779636,
  "rollout_flat_5.0s": {
    "xy_rmse_m": 2.719982015512886,
    "yaw_rmse_rad": 0.141716720811167,
    "errdist": 0.35826142858521637,
    "mean_dist_m": 7.592170963684718,
    "episodes": 12
  },
  "rollout_flat_10.0s": {
    "xy_rmse_m": 8.765234050625208,
    "yaw_rmse_rad": 0.24806689440422383,
    "errdist": 0.24889135112638364,
    "mean_dist_m": 35.2171098391215,
    "episodes": 12
  },
  "rollout_crm_5.0s": {
    "xy_rmse_m": 0.9389703130934703,
    "yaw_rmse_rad": 0.04553706379167638,
    "errdist": 0.13120520633090121,
    "mean_dist_m": 7.1565019357949495,
    "episodes": 12
  },
  "rollout_crm_10.0s": {
    "xy_rmse_m": 3.7740291332258553,
    "yaw_rmse_rad": 0.37409186714819587,
    "errdist": 0.15073926270138668,
    "mean_dist_m": 25.036802393694717,
    "episodes": 12
  },
  "rollout_sel": 0.19981530691388516
}
{
  "epoch": 8,
  "timestamp_utc": "2026-07-13T18:20:42.589340+00:00",
  "train_loss": 0.032124515004456046,
  "val_loss": 0.004647579238080652,
  "val_rmse": {
    "vel_body_x_mps": 0.0011168175389341189,
    "vel_body_y_mps": 0.0009018164036353806,
    "roll_rad": 2.7223447681682473e-05,
    "pitch_rad": 1.8754710184051368e-05,
    "roll_rate_radps": 0.0017288810217354314,
    "ang_vel_body_y_radps": 0.0009708034287900899,
    "yaw_rate_radps": 0.0015046557365546805,
    "tire_fl_force_wheel_fz_n": 48.451180926911164,
    "tire_fr_force_wheel_fz_n": 45.75292297374957,
    "tire_rl_force_wheel_fz_n": 27.337761907277894,
    "tire_rr_force_wheel_fz_n": 24.949332611507433,
    "tire_fl_spindle_omega_radps": 0.0679207702972685,
    "tire_fr_spindle_omega_radps": 0.07675392150818236,
    "tire_rl_spindle_omega_radps": 0.07664713595232639,
    "tire_rr_spindle_omega_radps": 0.06062397109752965
  },
  "val_flat_loss": 0.004647579238080652,
  "val_flat_rmse": {
    "vel_body_x_mps": 0.0011168175389341189,
    "vel_body_y_mps": 0.0009018164036353806,
    "roll_rad": 2.7223447681682473e-05,
    "pitch_rad": 1.8754710184051368e-05,
    "roll_rate_radps": 0.0017288810217354314,
    "ang_vel_body_y_radps": 0.0009708034287900899,
    "yaw_rate_radps": 0.0015046557365546805,
    "tire_fl_force_wheel_fz_n": 48.451180926911164,
    "tire_fr_force_wheel_fz_n": 45.75292297374957,
    "tire_rl_force_wheel_fz_n": 27.337761907277894,
    "tire_rr_force_wheel_fz_n": 24.949332611507433,
    "tire_fl_spindle_omega_radps": 0.0679207702972685,
    "tire_fr_spindle_omega_radps": 0.07675392150818236,
    "tire_rl_spindle_omega_radps": 0.07664713595232639,
    "tire_rr_spindle_omega_radps": 0.06062397109752965
  },
  "val_crm_loss": 0.1021321772277588,
  "val_crm_rmse": {
    "vel_body_x_mps": 0.003327506848640967,
    "vel_body_y_mps": 0.0028361901079519323,
    "roll_rad": 6.322281264685332e-05,
    "pitch_rad": 4.81345901023213e-05,
    "roll_rate_radps": 0.004558417257654957,
    "ang_vel_body_y_radps": 0.003117690926813307,
    "yaw_rate_radps": 0.0025130337539470316,
    "tire_fl_force_wheel_fz_n": 711.2925539568463,
    "tire_fr_force_wheel_fz_n": 724.4279995878915,
    "tire_rl_force_wheel_fz_n": 956.5582044450881,
    "tire_rr_force_wheel_fz_n": 998.6138395021628,
    "tire_fl_spindle_omega_radps": 0.14590447703929402,
    "tire_fr_spindle_omega_radps": 0.14655170084339744,
    "tire_rl_spindle_omega_radps": 0.16630383860620224,
    "tire_rr_spindle_omega_radps": 0.16685164675065817
  },
  "val_mixed_loss": 0.05338987823291973,
  "rollout_flat_5.0s": {
    "xy_rmse_m": 1.1173708687063766,
    "yaw_rmse_rad": 0.11914392946173706,
    "errdist": 0.14717409210765212,
    "mean_dist_m": 7.592170963684718,
    "episodes": 12
  },
  "rollout_flat_10.0s": {
    "xy_rmse_m": 5.2469498615024985,
    "yaw_rmse_rad": 0.23562819144822156,
    "errdist": 0.14898865595364214,
    "mean_dist_m": 35.2171098391215,
    "episodes": 12
  },
  "rollout_crm_5.0s": {
    "xy_rmse_m": 0.6464232735854578,
    "yaw_rmse_rad": 0.05713615382919254,
    "errdist": 0.09032670980667494,
    "mean_dist_m": 7.1565019357949495,
    "episodes": 12
  },
  "rollout_crm_10.0s": {
    "xy_rmse_m": 2.4196758675315144,
    "yaw_rmse_rad": 0.14329094904738574,
    "errdist": 0.09664476435460811,
    "mean_dist_m": 25.036802393694717,
    "episodes": 12
  },
  "rollout_sel": 0.12281671015412512
}
{
  "epoch": 9,
  "timestamp_utc": "2026-07-13T18:22:36.764528+00:00",
  "train_loss": 0.031011788156814872,
  "val_loss": 0.004047076830320293,
  "val_rmse": {
    "vel_body_x_mps": 0.0010129084618424624,
    "vel_body_y_mps": 0.0007602347866858282,
    "roll_rad": 1.9909748420588425e-05,
    "pitch_rad": 1.2156365996317614e-05,
    "roll_rate_radps": 0.001652276071280528,
    "ang_vel_body_y_radps": 0.000943511991445851,
    "yaw_rate_radps": 0.0014108211477991551,
    "tire_fl_force_wheel_fz_n": 44.84349692987682,
    "tire_fr_force_wheel_fz_n": 45.21404867591571,
    "tire_rl_force_wheel_fz_n": 25.115872472721197,
    "tire_rr_force_wheel_fz_n": 24.22972262264281,
    "tire_fl_spindle_omega_radps": 0.06832014157998482,
    "tire_fr_spindle_omega_radps": 0.07592846265258436,
    "tire_rl_spindle_omega_radps": 0.07668366306196014,
    "tire_rr_spindle_omega_radps": 0.058786016809558195
  },
  "val_flat_loss": 0.004047076830320293,
  "val_flat_rmse": {
    "vel_body_x_mps": 0.0010129084618424624,
    "vel_body_y_mps": 0.0007602347866858282,
    "roll_rad": 1.9909748420588425e-05,
    "pitch_rad": 1.2156365996317614e-05,
    "roll_rate_radps": 0.001652276071280528,
    "ang_vel_body_y_radps": 0.000943511991445851,
    "yaw_rate_radps": 0.0014108211477991551,
    "tire_fl_force_wheel_fz_n": 44.84349692987682,
    "tire_fr_force_wheel_fz_n": 45.21404867591571,
    "tire_rl_force_wheel_fz_n": 25.115872472721197,
    "tire_rr_force_wheel_fz_n": 24.22972262264281,
    "tire_fl_spindle_omega_radps": 0.06832014157998482,
    "tire_fr_spindle_omega_radps": 0.07592846265258436,
    "tire_rl_spindle_omega_radps": 0.07668366306196014,
    "tire_rr_spindle_omega_radps": 0.058786016809558195
  },
  "val_crm_loss": 0.10030195824569091,
  "val_crm_rmse": {
    "vel_body_x_mps": 0.003310048525022925,
    "vel_body_y_mps": 0.0027692540078349,
    "roll_rad": 6.52876028084289e-05,
    "pitch_rad": 4.2815703455907365e-05,
    "roll_rate_radps": 0.004356422959989508,
    "ang_vel_body_y_radps": 0.0029715379680453806,
    "yaw_rate_radps": 0.002487062922529877,
    "tire_fl_force_wheel_fz_n": 684.3219589730516,
    "tire_fr_force_wheel_fz_n": 705.7733436598818,
    "tire_rl_force_wheel_fz_n": 957.289821248108,
    "tire_rr_force_wheel_fz_n": 1003.9526482254256,
    "tire_fl_spindle_omega_radps": 0.14604137652188892,
    "tire_fr_spindle_omega_radps": 0.14382859533775075,
    "tire_rl_spindle_omega_radps": 0.16551633109256916,
    "tire_rr_spindle_omega_radps": 0.16421958985313684
  },
  "val_mixed_loss": 0.0521745175380056,
  "rollout_flat_5.0s": {
    "xy_rmse_m": 1.9121362650262783,
    "yaw_rmse_rad": 0.09693040141661644,
    "errdist": 0.25185632333261615,
    "mean_dist_m": 7.592170963684718,
    "episodes": 12
  },
  "rollout_flat_10.0s": {
    "xy_rmse_m": 5.321177246322834,
    "yaw_rmse_rad": 0.15630171001224072,
    "errdist": 0.1510963639728243,
    "mean_dist_m": 35.2171098391215,
    "episodes": 12
  },
  "rollout_crm_5.0s": {
    "xy_rmse_m": 1.3732913689235657,
    "yaw_rmse_rad": 0.07804722684600178,
    "errdist": 0.19189422168038853,
    "mean_dist_m": 7.1565019357949495,
    "episodes": 12
  },
  "rollout_crm_10.0s": {
    "xy_rmse_m": 4.555719214955095,
    "yaw_rmse_rad": 0.18211365342211436,
    "errdist": 0.18196090472409568,
    "mean_dist_m": 25.036802393694717,
    "episodes": 12
  },
  "rollout_sel": 0.16652863434846
}
{
  "epoch": 10,
  "timestamp_utc": "2026-07-13T18:24:29.980943+00:00",
  "train_loss": 0.029946840062737463,
  "val_loss": 0.004504262282607669,
  "val_rmse": {
    "vel_body_x_mps": 0.001046746321357685,
    "vel_body_y_mps": 0.0008913882717932412,
    "roll_rad": 2.4216223664126062e-05,
    "pitch_rad": 1.2690897319420301e-05,
    "roll_rate_radps": 0.0015951267976926139,
    "ang_vel_body_y_radps": 0.0009695283771171904,
    "yaw_rate_radps": 0.001453886327916596,
    "tire_fl_force_wheel_fz_n": 42.107857763696465,
    "tire_fr_force_wheel_fz_n": 43.401817487970234,
    "tire_rl_force_wheel_fz_n": 25.25834465827885,
    "tire_rr_force_wheel_fz_n": 23.841254474841676,
    "tire_fl_spindle_omega_radps": 0.0733554479379537,
    "tire_fr_spindle_omega_radps": 0.07839990774955677,
    "tire_rl_spindle_omega_radps": 0.07763618857827323,
    "tire_rr_spindle_omega_radps": 0.05873448876842432
  },
  "val_flat_loss": 0.004504262282607669,
  "val_flat_rmse": {
    "vel_body_x_mps": 0.001046746321357685,
    "vel_body_y_mps": 0.0008913882717932412,
    "roll_rad": 2.4216223664126062e-05,
    "pitch_rad": 1.2690897319420301e-05,
    "roll_rate_radps": 0.0015951267976926139,
    "ang_vel_body_y_radps": 0.0009695283771171904,
    "yaw_rate_radps": 0.001453886327916596,
    "tire_fl_force_wheel_fz_n": 42.107857763696465,
    "tire_fr_force_wheel_fz_n": 43.401817487970234,
    "tire_rl_force_wheel_fz_n": 25.25834465827885,
    "tire_rr_force_wheel_fz_n": 23.841254474841676,
    "tire_fl_spindle_omega_radps": 0.0733554479379537,
    "tire_fr_spindle_omega_radps": 0.07839990774955677,
    "tire_rl_spindle_omega_radps": 0.07763618857827323,
    "tire_rr_spindle_omega_radps": 0.05873448876842432
  },
  "val_crm_loss": 0.09960126906982623,
  "val_crm_rmse": {
    "vel_body_x_mps": 0.003261092161792,
    "vel_body_y_mps": 0.0027058247595821813,
    "roll_rad": 6.151096369591036e-05,
    "pitch_rad": 4.4647450070767216e-05,
    "roll_rate_radps": 0.004395835081465887,
    "ang_vel_body_y_radps": 0.0030279290946164704,
    "yaw_rate_radps": 0.002467652166731141,
    "tire_fl_force_wheel_fz_n": 699.7283344441082,
    "tire_fr_force_wheel_fz_n": 694.9501184571125,
    "tire_rl_force_wheel_fz_n": 960.0385741189708,
    "tire_rr_force_wheel_fz_n": 997.6040440982933,
    "tire_fl_spindle_omega_radps": 0.14629927775202253,
    "tire_fr_spindle_omega_radps": 0.14247644309106844,
    "tire_rl_spindle_omega_radps": 0.16333495732431472,
    "tire_rr_spindle_omega_radps": 0.16267932930698528
  },
  "val_mixed_loss": 0.05205276567621695,
  "rollout_flat_5.0s": {
    "xy_rmse_m": 1.1183055910321207,
    "yaw_rmse_rad": 0.06539737649470938,
    "errdist": 0.14729720871424792,
    "mean_dist_m": 7.592170963684718,
    "episodes": 12
  },
  "rollout_flat_10.0s": {
    "xy_rmse_m": 6.9626813542359525,
    "yaw_rmse_rad": 0.21435858110327696,
    "errdist": 0.19770734696977732,
    "mean_dist_m": 35.2171098391215,
    "episodes": 12
  },
  "rollout_crm_5.0s": {
    "xy_rmse_m": 0.7577388769088742,
    "yaw_rmse_rad": 0.039599090522599995,
    "errdist": 0.1058811810165051,
    "mean_dist_m": 7.1565019357949495,
    "episodes": 12
  },
  "rollout_crm_10.0s": {
    "xy_rmse_m": 2.9950515039565744,
    "yaw_rmse_rad": 0.09129246062958261,
    "errdist": 0.11962595929226369,
    "mean_dist_m": 25.036802393694717,
    "episodes": 12
  },
  "rollout_sel": 0.15866665313102052
}
{
  "epoch": 11,
  "timestamp_utc": "2026-07-13T18:26:24.865510+00:00",
  "train_loss": 0.029049074270762504,
  "val_loss": 0.0044078198738861825,
  "val_rmse": {
    "vel_body_x_mps": 0.0011161157989338741,
    "vel_body_y_mps": 0.0007855776721082534,
    "roll_rad": 2.5618349685709026e-05,
    "pitch_rad": 1.4990389790788865e-05,
    "roll_rate_radps": 0.0015799827591578856,
    "ang_vel_body_y_radps": 0.0009637355009125827,
    "yaw_rate_radps": 0.0014273845979140413,
    "tire_fl_force_wheel_fz_n": 42.205039983390826,
    "tire_fr_force_wheel_fz_n": 46.696800594274386,
    "tire_rl_force_wheel_fz_n": 24.781767581763557,
    "tire_rr_force_wheel_fz_n": 24.4250926555801,
    "tire_fl_spindle_omega_radps": 0.06680809729247626,
    "tire_fr_spindle_omega_radps": 0.07626401369032458,
    "tire_rl_spindle_omega_radps": 0.0784302490387596,
    "tire_rr_spindle_omega_radps": 0.0628222702385146
  },
  "val_flat_loss": 0.0044078198738861825,
  "val_flat_rmse": {
    "vel_body_x_mps": 0.0011161157989338741,
    "vel_body_y_mps": 0.0007855776721082534,
    "roll_rad": 2.5618349685709026e-05,
    "pitch_rad": 1.4990389790788865e-05,
    "roll_rate_radps": 0.0015799827591578856,
    "ang_vel_body_y_radps": 0.0009637355009125827,
    "yaw_rate_radps": 0.0014273845979140413,
    "tire_fl_force_wheel_fz_n": 42.205039983390826,
    "tire_fr_force_wheel_fz_n": 46.696800594274386,
    "tire_rl_force_wheel_fz_n": 24.781767581763557,
    "tire_rr_force_wheel_fz_n": 24.4250926555801,
    "tire_fl_spindle_omega_radps": 0.06680809729247626,
    "tire_fr_spindle_omega_radps": 0.07626401369032458,
    "tire_rl_spindle_omega_radps": 0.0784302490387596,
    "tire_rr_spindle_omega_radps": 0.0628222702385146
  },
  "val_crm_loss": 0.10002316308091394,
  "val_crm_rmse": {
    "vel_body_x_mps": 0.0032862690028116937,
    "vel_body_y_mps": 0.0027455110733099926,
    "roll_rad": 6.09402894101577e-05,
    "pitch_rad": 4.153892140811588e-05,
    "roll_rate_radps": 0.004341375271744831,
    "ang_vel_body_y_radps": 0.0029544067915776052,
    "yaw_rate_radps": 0.0024625777243476032,
    "tire_fl_force_wheel_fz_n": 693.1273480168328,
    "tire_fr_force_wheel_fz_n": 696.1704801828553,
    "tire_rl_force_wheel_fz_n": 957.9846814307404,
    "tire_rr_force_wheel_fz_n": 1001.3846014071231,
    "tire_fl_spindle_omega_radps": 0.1462386165273275,
    "tire_fr_spindle_omega_radps": 0.1439001921765463,
    "tire_rl_spindle_omega_radps": 0.16438122624528784,
    "tire_rr_spindle_omega_radps": 0.16351749918507327
  },
  "val_mixed_loss": 0.05221549147740006,
  "rollout_flat_5.0s": {
    "xy_rmse_m": 1.5454125837181436,
    "yaw_rmse_rad": 0.10561099352694334,
    "errdist": 0.20355344882382714,
    "mean_dist_m": 7.592170963684718,
    "episodes": 12
  },
  "rollout_flat_10.0s": {
    "xy_rmse_m": 5.767743280419832,
    "yaw_rmse_rad": 0.24659231870235299,
    "errdist": 0.16377673542116283,
    "mean_dist_m": 35.2171098391215,
    "episodes": 12
  },
  "rollout_crm_5.0s": {
    "xy_rmse_m": 0.7785537306664372,
    "yaw_rmse_rad": 0.0524772411322148,
    "errdist": 0.10878970447451641,
    "mean_dist_m": 7.1565019357949495,
    "episodes": 12
  },
  "rollout_crm_10.0s": {
    "xy_rmse_m": 1.7793041350645427,
    "yaw_rmse_rad": 0.16108337359829583,
    "errdist": 0.07106754716858905,
    "mean_dist_m": 25.036802393694717,
    "episodes": 12
  },
  "rollout_sel": 0.11742214129487594
}
{
  "epoch": 12,
  "timestamp_utc": "2026-07-13T18:28:21.540341+00:00",
  "train_loss": 0.028184514416381718,
  "val_loss": 0.0049648132489892305,
  "val_rmse": {
    "vel_body_x_mps": 0.001076524010120029,
    "vel_body_y_mps": 0.001177374720252968,
    "roll_rad": 3.478126935527506e-05,
    "pitch_rad": 1.758007590369853e-05,
    "roll_rate_radps": 0.0016408052124927681,
    "ang_vel_body_y_radps": 0.0009455397801837197,
    "yaw_rate_radps": 0.0015886293890445713,
    "tire_fl_force_wheel_fz_n": 44.07380518059192,
    "tire_fr_force_wheel_fz_n": 42.598029736280346,
    "tire_rl_force_wheel_fz_n": 28.738501533554853,
    "tire_rr_force_wheel_fz_n": 24.3414166150238,
    "tire_fl_spindle_omega_radps": 0.07122094250832478,
    "tire_fr_spindle_omega_radps": 0.07692206109888555,
    "tire_rl_spindle_omega_radps": 0.07549710341187157,
    "tire_rr_spindle_omega_radps": 0.05774152826036085
  },
  "val_flat_loss": 0.0049648132489892305,
  "val_flat_rmse": {
    "vel_body_x_mps": 0.001076524010120029,
    "vel_body_y_mps": 0.001177374720252968,
    "roll_rad": 3.478126935527506e-05,
    "pitch_rad": 1.758007590369853e-05,
    "roll_rate_radps": 0.0016408052124927681,
    "ang_vel_body_y_radps": 0.0009455397801837197,
    "yaw_rate_radps": 0.0015886293890445713,
    "tire_fl_force_wheel_fz_n": 44.07380518059192,
    "tire_fr_force_wheel_fz_n": 42.598029736280346,
    "tire_rl_force_wheel_fz_n": 28.738501533554853,
    "tire_rr_force_wheel_fz_n": 24.3414166150238,
    "tire_fl_spindle_omega_radps": 0.07122094250832478,
    "tire_fr_spindle_omega_radps": 0.07692206109888555,
    "tire_rl_spindle_omega_radps": 0.07549710341187157,
    "tire_rr_spindle_omega_radps": 0.05774152826036085
  },
  "val_crm_loss": 0.09903408024169039,
  "val_crm_rmse": {
    "vel_body_x_mps": 0.0032418609413957227,
    "vel_body_y_mps": 0.0026722238238703765,
    "roll_rad": 7.110873509104175e-05,
    "pitch_rad": 4.650586539255116e-05,
    "roll_rate_radps": 0.004271372302758307,
    "ang_vel_body_y_radps": 0.002920348418709068,
    "yaw_rate_radps": 0.0025198591039636417,
    "tire_fl_force_wheel_fz_n": 680.9097872723819,
    "tire_fr_force_wheel_fz_n": 688.4575678071224,
    "tire_rl_force_wheel_fz_n": 960.9635686987364,
    "tire_rr_force_wheel_fz_n": 1010.7520835249244,
    "tire_fl_spindle_omega_radps": 0.14259570177718958,
    "tire_fr_spindle_omega_radps": 0.14255527956841746,
    "tire_rl_spindle_omega_radps": 0.1641824274563635,
    "tire_rr_spindle_omega_radps": 0.16351117783531394
  },
  "val_mixed_loss": 0.05199944674533981,
  "rollout_flat_5.0s": {
    "xy_rmse_m": 2.476221969153142,
    "yaw_rmse_rad": 0.13129822469496744,
    "errdist": 0.32615466392913706,
    "mean_dist_m": 7.592170963684718,
    "episodes": 12
  },
  "rollout_flat_10.0s": {
    "xy_rmse_m": 7.4851705822377586,
    "yaw_rmse_rad": 0.23078554690955289,
    "errdist": 0.21254357942578056,
    "mean_dist_m": 35.2171098391215,
    "episodes": 12
  },
  "rollout_crm_5.0s": {
    "xy_rmse_m": 0.7599135435279125,
    "yaw_rmse_rad": 0.08841111188248559,
    "errdist": 0.1061850538636794,
    "mean_dist_m": 7.1565019357949495,
    "episodes": 12
  },
  "rollout_crm_10.0s": {
    "xy_rmse_m": 3.6051210628786197,
    "yaw_rmse_rad": 0.2103955931229798,
    "errdist": 0.14399287122170742,
    "mean_dist_m": 25.036802393694717,
    "episodes": 12
  },
  "rollout_sel": 0.17826822532374398
}
{
  "epoch": 13,
  "timestamp_utc": "2026-07-13T18:30:18.146073+00:00",
  "train_loss": 0.027205561104230582,
  "val_loss": 0.003983534753897402,
  "val_rmse": {
    "vel_body_x_mps": 0.0010623899416503655,
    "vel_body_y_mps": 0.000830147174539616,
    "roll_rad": 1.787905621488041e-05,
    "pitch_rad": 1.1508978585650368e-05,
    "roll_rate_radps": 0.001612326526355086,
    "ang_vel_body_y_radps": 0.0009334224560877735,
    "yaw_rate_radps": 0.001374714238833449,
    "tire_fl_force_wheel_fz_n": 41.80020784892192,
    "tire_fr_force_wheel_fz_n": 42.48502823288518,
    "tire_rl_force_wheel_fz_n": 25.706195036395535,
    "tire_rr_force_wheel_fz_n": 23.947548473216308,
    "tire_fl_spindle_omega_radps": 0.06711129115177644,
    "tire_fr_spindle_omega_radps": 0.0761278476408317,
    "tire_rl_spindle_omega_radps": 0.0763732261683948,
    "tire_rr_spindle_omega_radps": 0.05704716520946631
  },
  "val_flat_loss": 0.003983534753897402,
  "val_flat_rmse": {
    "vel_body_x_mps": 0.0010623899416503655,
    "vel_body_y_mps": 0.000830147174539616,
    "roll_rad": 1.787905621488041e-05,
    "pitch_rad": 1.1508978585650368e-05,
    "roll_rate_radps": 0.001612326526355086,
    "ang_vel_body_y_radps": 0.0009334224560877735,
    "yaw_rate_radps": 0.001374714238833449,
    "tire_fl_force_wheel_fz_n": 41.80020784892192,
    "tire_fr_force_wheel_fz_n": 42.48502823288518,
    "tire_rl_force_wheel_fz_n": 25.706195036395535,
    "tire_rr_force_wheel_fz_n": 23.947548473216308,
    "tire_fl_spindle_omega_radps": 0.06711129115177644,
    "tire_fr_spindle_omega_radps": 0.0761278476408317,
    "tire_rl_spindle_omega_radps": 0.0763732261683948,
    "tire_rr_spindle_omega_radps": 0.05704716520946631
  },
  "val_crm_loss": 0.09885505710204598,
  "val_crm_rmse": {
    "vel_body_x_mps": 0.0032642493845500015,
    "vel_body_y_mps": 0.002744722467372307,
    "roll_rad": 7.15100674074139e-05,
    "pitch_rad": 4.220687655338641e-05,
    "roll_rate_radps": 0.004336422007870417,
    "ang_vel_body_y_radps": 0.0028497901202662055,
    "yaw_rate_radps": 0.0024409448017135298,
    "tire_fl_force_wheel_fz_n": 660.5767481306759,
    "tire_fr_force_wheel_fz_n": 676.149435555233,
    "tire_rl_force_wheel_fz_n": 965.2764894994697,
    "tire_rr_force_wheel_fz_n": 1009.7297959301709,
    "tire_fl_spindle_omega_radps": 0.1417040478508715,
    "tire_fr_spindle_omega_radps": 0.14104810020867,
    "tire_rl_spindle_omega_radps": 0.163626955171783,
    "tire_rr_spindle_omega_radps": 0.164323382259573
  },
  "val_mixed_loss": 0.05141929592797169,
  "rollout_flat_5.0s": {
    "xy_rmse_m": 1.381097409204339,
    "yaw_rmse_rad": 0.10363583227369431,
    "errdist": 0.18191073617947737,
    "mean_dist_m": 7.592170963684718,
    "episodes": 12
  },
  "rollout_flat_10.0s": {
    "xy_rmse_m": 7.338731497380271,
    "yaw_rmse_rad": 0.3996888570710289,
    "errdist": 0.20838539933870218,
    "mean_dist_m": 35.2171098391215,
    "episodes": 12
  },
  "rollout_crm_5.0s": {
    "xy_rmse_m": 0.7439964625503503,
    "yaw_rmse_rad": 0.03376765613119218,
    "errdist": 0.10396091124199587,
    "mean_dist_m": 7.1565019357949495,
    "episodes": 12
  },
  "rollout_crm_10.0s": {
    "xy_rmse_m": 2.163998533182593,
    "yaw_rmse_rad": 0.15168847589495846,
    "errdist": 0.08643270411111187,
    "mean_dist_m": 25.036802393694717,
    "episodes": 12
  },
  "rollout_sel": 0.14740905172490704
}
{
  "epoch": 14,
  "timestamp_utc": "2026-07-13T18:32:12.245546+00:00",
  "train_loss": 0.02644674441125244,
  "val_loss": 0.0039018954488710734,
  "val_rmse": {
    "vel_body_x_mps": 0.0009666282753769509,
    "vel_body_y_mps": 0.0008346758134025425,
    "roll_rad": 2.193878296828309e-05,
    "pitch_rad": 1.040646321857001e-05,
    "roll_rate_radps": 0.0015688429599472662,
    "ang_vel_body_y_radps": 0.0009370628784183847,
    "yaw_rate_radps": 0.001414512830073172,
    "tire_fl_force_wheel_fz_n": 42.7607807853086,
    "tire_fr_force_wheel_fz_n": 43.065411865158715,
    "tire_rl_force_wheel_fz_n": 24.716584243709868,
    "tire_rr_force_wheel_fz_n": 23.165390513648617,
    "tire_fl_spindle_omega_radps": 0.06698448818908483,
    "tire_fr_spindle_omega_radps": 0.0761040364822037,
    "tire_rl_spindle_omega_radps": 0.07558306310421321,
    "tire_rr_spindle_omega_radps": 0.05686327647529592
  },
  "val_flat_loss": 0.0039018954488710734,
  "val_flat_rmse": {
    "vel_body_x_mps": 0.0009666282753769509,
    "vel_body_y_mps": 0.0008346758134025425,
    "roll_rad": 2.193878296828309e-05,
    "pitch_rad": 1.040646321857001e-05,
    "roll_rate_radps": 0.0015688429599472662,
    "ang_vel_body_y_radps": 0.0009370628784183847,
    "yaw_rate_radps": 0.001414512830073172,
    "tire_fl_force_wheel_fz_n": 42.7607807853086,
    "tire_fr_force_wheel_fz_n": 43.065411865158715,
    "tire_rl_force_wheel_fz_n": 24.716584243709868,
    "tire_rr_force_wheel_fz_n": 23.165390513648617,
    "tire_fl_spindle_omega_radps": 0.06698448818908483,
    "tire_fr_spindle_omega_radps": 0.0761040364822037,
    "tire_rl_spindle_omega_radps": 0.07558306310421321,
    "tire_rr_spindle_omega_radps": 0.05686327647529592
  },
  "val_crm_loss": 0.09973113728803583,
  "val_crm_rmse": {
    "vel_body_x_mps": 0.0032116407393867072,
    "vel_body_y_mps": 0.0027271009883200787,
    "roll_rad": 7.846526715611016e-05,
    "pitch_rad": 4.347819334348976e-05,
    "roll_rate_radps": 0.004354707775192925,
    "ang_vel_body_y_radps": 0.0029427553016278737,
    "yaw_rate_radps": 0.002479930542729139,
    "tire_fl_force_wheel_fz_n": 673.7433150142324,
    "tire_fr_force_wheel_fz_n": 679.3305652657599,
    "tire_rl_force_wheel_fz_n": 972.1815239603071,
    "tire_rr_force_wheel_fz_n": 1004.3441293114614,
    "tire_fl_spindle_omega_radps": 0.14377439827445443,
    "tire_fr_spindle_omega_radps": 0.14403523301889942,
    "tire_rl_spindle_omega_radps": 0.16609927607460517,
    "tire_rr_spindle_omega_radps": 0.16176455424751154
  },
  "val_mixed_loss": 0.05181651636845345,
  "rollout_flat_5.0s": {
    "xy_rmse_m": 0.7175473325404628,
    "yaw_rmse_rad": 0.10517254718470688,
    "errdist": 0.09451148241690999,
    "mean_dist_m": 7.592170963684718,
    "episodes": 12
  },
  "rollout_flat_10.0s": {
    "xy_rmse_m": 4.5210365610222905,
    "yaw_rmse_rad": 0.22803963032743838,
    "errdist": 0.12837613823721628,
    "mean_dist_m": 35.2171098391215,
    "episodes": 12
  },
  "rollout_crm_5.0s": {
    "xy_rmse_m": 0.9343644883873328,
    "yaw_rmse_rad": 0.06664380092439433,
    "errdist": 0.1305616202957881,
    "mean_dist_m": 7.1565019357949495,
    "episodes": 12
  },
  "rollout_crm_10.0s": {
    "xy_rmse_m": 4.298355720247739,
    "yaw_rmse_rad": 0.18484158772364453,
    "errdist": 0.1716814972078958,
    "mean_dist_m": 25.036802393694717,
    "episodes": 12
  },
  "rollout_sel": 0.15002881772255605
}
{
  "epoch": 15,
  "timestamp_utc": "2026-07-13T18:34:06.322020+00:00",
  "train_loss": 0.025774511670228095,
  "val_loss": 0.0043482279070303775,
  "val_rmse": {
    "vel_body_x_mps": 0.0012498638457890728,
    "vel_body_y_mps": 0.0007779644685023671,
    "roll_rad": 1.9391002778722776e-05,
    "pitch_rad": 9.950492451298352e-06,
    "roll_rate_radps": 0.0015505081465846404,
    "ang_vel_body_y_radps": 0.0009398742874298728,
    "yaw_rate_radps": 0.0013969567656877382,
    "tire_fl_force_wheel_fz_n": 41.15673276219836,
    "tire_fr_force_wheel_fz_n": 42.063582961494525,
    "tire_rl_force_wheel_fz_n": 24.457293438117627,
    "tire_rr_force_wheel_fz_n": 23.745228507331465,
    "tire_fl_spindle_omega_radps": 0.06681782836623136,
    "tire_fr_spindle_omega_radps": 0.07596339841199748,
    "tire_rl_spindle_omega_radps": 0.07767584309417871,
    "tire_rr_spindle_omega_radps": 0.05755059372670865
  },
  "val_flat_loss": 0.0043482279070303775,
  "val_flat_rmse": {
    "vel_body_x_mps": 0.0012498638457890728,
    "vel_body_y_mps": 0.0007779644685023671,
    "roll_rad": 1.9391002778722776e-05,
    "pitch_rad": 9.950492451298352e-06,
    "roll_rate_radps": 0.0015505081465846404,
    "ang_vel_body_y_radps": 0.0009398742874298728,
    "yaw_rate_radps": 0.0013969567656877382,
    "tire_fl_force_wheel_fz_n": 41.15673276219836,
    "tire_fr_force_wheel_fz_n": 42.063582961494525,
    "tire_rl_force_wheel_fz_n": 24.457293438117627,
    "tire_rr_force_wheel_fz_n": 23.745228507331465,
    "tire_fl_spindle_omega_radps": 0.06681782836623136,
    "tire_fr_spindle_omega_radps": 0.07596339841199748,
    "tire_rl_spindle_omega_radps": 0.07767584309417871,
    "tire_rr_spindle_omega_radps": 0.05755059372670865
  },
  "val_crm_loss": 0.0992688113852637,
  "val_crm_rmse": {
    "vel_body_x_mps": 0.003305906316194187,
    "vel_body_y_mps": 0.002657788436862687,
    "roll_rad": 6.674911151777655e-05,
    "pitch_rad": 3.876424575358179e-05,
    "roll_rate_radps": 0.004207523309774895,
    "ang_vel_body_y_radps": 0.0029021777300673782,
    "yaw_rate_radps": 0.002448146383874254,
    "tire_fl_force_wheel_fz_n": 667.2559791280472,
    "tire_fr_force_wheel_fz_n": 673.6217968103018,
    "tire_rl_force_wheel_fz_n": 961.2311869615954,
    "tire_rr_force_wheel_fz_n": 1023.9772739026864,
    "tire_fl_spindle_omega_radps": 0.1409849058964117,
    "tire_fr_spindle_omega_radps": 0.14146238939371117,
    "tire_rl_spindle_omega_radps": 0.16446903317116698,
    "tire_rr_spindle_omega_radps": 0.16526829521260644
  },
  "val_mixed_loss": 0.051808519646147036,
  "rollout_flat_5.0s": {
    "xy_rmse_m": 2.1547472289402796,
    "yaw_rmse_rad": 0.10423170182247447,
    "errdist": 0.28381173701790735,
    "mean_dist_m": 7.592170963684718,
    "episodes": 12
  },
  "rollout_flat_10.0s": {
    "xy_rmse_m": 6.124351883625413,
    "yaw_rmse_rad": 0.13878914515711777,
    "errdist": 0.17390273965134065,
    "mean_dist_m": 35.2171098391215,
    "episodes": 12
  },
  "rollout_crm_5.0s": {
    "xy_rmse_m": 1.587511340323566,
    "yaw_rmse_rad": 0.08349104117932057,
    "errdist": 0.2218278363600029,
    "mean_dist_m": 7.1565019357949495,
    "episodes": 12
  },
  "rollout_crm_10.0s": {
    "xy_rmse_m": 5.2750803872924115,
    "yaw_rmse_rad": 0.20615235895337208,
    "errdist": 0.2106930551411346,
    "mean_dist_m": 25.036802393694717,
    "episodes": 12
  },
  "rollout_sel": 0.19229789739623762
}
{
  "epoch": 16,
  "timestamp_utc": "2026-07-13T18:36:00.263853+00:00",
  "train_loss": 0.025081576763652264,
  "val_loss": 0.0038709644073969683,
  "val_rmse": {
    "vel_body_x_mps": 0.001010932810574343,
    "vel_body_y_mps": 0.0008593518896436761,
    "roll_rad": 2.0087329652041842e-05,
    "pitch_rad": 1.0913420010210612e-05,
    "roll_rate_radps": 0.001545811959798826,
    "ang_vel_body_y_radps": 0.0009364635693101223,
    "yaw_rate_radps": 0.0013831236040962266,
    "tire_fl_force_wheel_fz_n": 41.111715625693016,
    "tire_fr_force_wheel_fz_n": 41.64485541692435,
    "tire_rl_force_wheel_fz_n": 24.412519910445837,
    "tire_rr_force_wheel_fz_n": 23.266390752955317,
    "tire_fl_spindle_omega_radps": 0.06644479731245626,
    "tire_fr_spindle_omega_radps": 0.07540035639317857,
    "tire_rl_spindle_omega_radps": 0.07494359929548175,
    "tire_rr_spindle_omega_radps": 0.05643724438891398
  },
  "val_flat_loss": 0.0038709644073969683,
  "val_flat_rmse": {
    "vel_body_x_mps": 0.001010932810574343,
    "vel_body_y_mps": 0.0008593518896436761,
    "roll_rad": 2.0087329652041842e-05,
    "pitch_rad": 1.0913420010210612e-05,
    "roll_rate_radps": 0.001545811959798826,
    "ang_vel_body_y_radps": 0.0009364635693101223,
    "yaw_rate_radps": 0.0013831236040962266,
    "tire_fl_force_wheel_fz_n": 41.111715625693016,
    "tire_fr_force_wheel_fz_n": 41.64485541692435,
    "tire_rl_force_wheel_fz_n": 24.412519910445837,
    "tire_rr_force_wheel_fz_n": 23.266390752955317,
    "tire_fl_spindle_omega_radps": 0.06644479731245626,
    "tire_fr_spindle_omega_radps": 0.07540035639317857,
    "tire_rl_spindle_omega_radps": 0.07494359929548175,
    "tire_rr_spindle_omega_radps": 0.05643724438891398
  },
  "val_crm_loss": 0.10009764824644662,
  "val_crm_rmse": {
    "vel_body_x_mps": 0.0032460472674981484,
    "vel_body_y_mps": 0.002684011653625476,
    "roll_rad": 7.082054854402714e-05,
    "pitch_rad": 4.1885899057552686e-05,
    "roll_rate_radps": 0.004255090479507881,
    "ang_vel_body_y_radps": 0.0028506559125149058,
    "yaw_rate_radps": 0.0024361143452571914,
    "tire_fl_force_wheel_fz_n": 669.0946004658523,
    "tire_fr_force_wheel_fz_n": 674.4488933845156,
    "tire_rl_force_wheel_fz_n": 977.0816683651748,
    "tire_rr_force_wheel_fz_n": 1021.9741837372126,
    "tire_fl_spindle_omega_radps": 0.14243220129400674,
    "tire_fr_spindle_omega_radps": 0.1433013131153857,
    "tire_rl_spindle_omega_radps": 0.1668498746891218,
    "tire_rr_spindle_omega_radps": 0.16272295772056974
  },
  "val_mixed_loss": 0.051984306326921796,
  "rollout_flat_5.0s": {
    "xy_rmse_m": 2.561775546253323,
    "yaw_rmse_rad": 0.11793826688305895,
    "errdist": 0.3374233218017542,
    "mean_dist_m": 7.592170963684718,
    "episodes": 12
  },
  "rollout_flat_10.0s": {
    "xy_rmse_m": 8.08243351010774,
    "yaw_rmse_rad": 0.29672028142257,
    "errdist": 0.22950303267445407,
    "mean_dist_m": 35.2171098391215,
    "episodes": 12
  },
  "rollout_crm_5.0s": {
    "xy_rmse_m": 1.2977888814784178,
    "yaw_rmse_rad": 0.07172557483735872,
    "errdist": 0.1813440271688068,
    "mean_dist_m": 7.1565019357949495,
    "episodes": 12
  },
  "rollout_crm_10.0s": {
    "xy_rmse_m": 4.477804534618925,
    "yaw_rmse_rad": 0.2106460557203641,
    "errdist": 0.17884889868151124,
    "mean_dist_m": 25.036802393694717,
    "episodes": 12
  },
  "rollout_sel": 0.20417596567798266
}
{
  "epoch": 17,
  "timestamp_utc": "2026-07-13T18:37:53.882646+00:00",
  "train_loss": 0.024406850817613304,
  "val_loss": 0.0037847232583590085,
  "val_rmse": {
    "vel_body_x_mps": 0.000971116218070969,
    "vel_body_y_mps": 0.0007735647837832707,
    "roll_rad": 2.1166230933562804e-05,
    "pitch_rad": 1.2093976522268785e-05,
    "roll_rate_radps": 0.0016681361746690674,
    "ang_vel_body_y_radps": 0.0009235957329317002,
    "yaw_rate_radps": 0.0013974599808726598,
    "tire_fl_force_wheel_fz_n": 41.10014783120311,
    "tire_fr_force_wheel_fz_n": 41.45641920002571,
    "tire_rl_force_wheel_fz_n": 27.025752075627718,
    "tire_rr_force_wheel_fz_n": 23.252369567551206,
    "tire_fl_spindle_omega_radps": 0.06536055965494271,
    "tire_fr_spindle_omega_radps": 0.07454739076882586,
    "tire_rl_spindle_omega_radps": 0.07519108618658488,
    "tire_rr_spindle_omega_radps": 0.05712506308763858
  },
  "val_flat_loss": 0.0037847232583590085,
  "val_flat_rmse": {
    "vel_body_x_mps": 0.000971116218070969,
    "vel_body_y_mps": 0.0007735647837832707,
    "roll_rad": 2.1166230933562804e-05,
    "pitch_rad": 1.2093976522268785e-05,
    "roll_rate_radps": 0.0016681361746690674,
    "ang_vel_body_y_radps": 0.0009235957329317002,
    "yaw_rate_radps": 0.0013974599808726598,
    "tire_fl_force_wheel_fz_n": 41.10014783120311,
    "tire_fr_force_wheel_fz_n": 41.45641920002571,
    "tire_rl_force_wheel_fz_n": 27.025752075627718,
    "tire_rr_force_wheel_fz_n": 23.252369567551206,
    "tire_fl_spindle_omega_radps": 0.06536055965494271,
    "tire_fr_spindle_omega_radps": 0.07454739076882586,
    "tire_rl_spindle_omega_radps": 0.07519108618658488,
    "tire_rr_spindle_omega_radps": 0.05712506308763858
  },
  "val_crm_loss": 0.100543361651944,
  "val_crm_rmse": {
    "vel_body_x_mps": 0.0032357761749199484,
    "vel_body_y_mps": 0.002674362213200459,
    "roll_rad": 6.73782929933564e-05,
    "pitch_rad": 5.031628399455485e-05,
    "roll_rate_radps": 0.004234530717929779,
    "ang_vel_body_y_radps": 0.0028783988409741765,
    "yaw_rate_radps": 0.0024976640683517888,
    "tire_fl_force_wheel_fz_n": 670.0707247427144,
    "tire_fr_force_wheel_fz_n": 682.0364679273123,
    "tire_rl_force_wheel_fz_n": 976.779365417828,
    "tire_rr_force_wheel_fz_n": 1031.397813189816,
    "tire_fl_spindle_omega_radps": 0.14410290786506294,
    "tire_fr_spindle_omega_radps": 0.1431232309993027,
    "tire_rl_spindle_omega_radps": 0.16272682770973707,
    "tire_rr_spindle_omega_radps": 0.16401547130860447
  },
  "val_mixed_loss": 0.0521640424551515,
  "rollout_flat_5.0s": {
    "xy_rmse_m": 2.459664793152446,
    "yaw_rmse_rad": 0.11822714155482147,
    "errdist": 0.3239738415951969,
    "mean_dist_m": 7.592170963684718,
    "episodes": 12
  },
  "rollout_flat_10.0s": {
    "xy_rmse_m": 7.923725401288591,
    "yaw_rmse_rad": 0.23715393999820902,
    "errdist": 0.2249964701102869,
    "mean_dist_m": 35.2171098391215,
    "episodes": 12
  },
  "rollout_crm_5.0s": {
    "xy_rmse_m": 0.39799280759648037,
    "yaw_rmse_rad": 0.11608440325337757,
    "errdist": 0.05561275762475862,
    "mean_dist_m": 7.1565019357949495,
    "episodes": 12
  },
  "rollout_crm_10.0s": {
    "xy_rmse_m": 2.113046003879256,
    "yaw_rmse_rad": 0.4018763067112137,
    "errdist": 0.08439759880884017,
    "mean_dist_m": 25.036802393694717,
    "episodes": 12
  },
  "rollout_sel": 0.15469703445956354
}
{
  "epoch": 18,
  "timestamp_utc": "2026-07-13T18:39:50.028878+00:00",
  "train_loss": 0.02372063542203978,
  "val_loss": 0.003790942054529296,
  "val_rmse": {
    "vel_body_x_mps": 0.000995528270351521,
    "vel_body_y_mps": 0.0007499234701564025,
    "roll_rad": 1.8790602653324208e-05,
    "pitch_rad": 1.1144664508875899e-05,
    "roll_rate_radps": 0.0015334714553236362,
    "ang_vel_body_y_radps": 0.0009357015875387918,
    "yaw_rate_radps": 0.0013647655286125554,
    "tire_fl_force_wheel_fz_n": 40.98572256725515,
    "tire_fr_force_wheel_fz_n": 42.89704723255493,
    "tire_rl_force_wheel_fz_n": 24.122276126290412,
    "tire_rr_force_wheel_fz_n": 23.150479931418936,
    "tire_fl_spindle_omega_radps": 0.06774525649565763,
    "tire_fr_spindle_omega_radps": 0.07525308425222009,
    "tire_rl_spindle_omega_radps": 0.07506230150690237,
    "tire_rr_spindle_omega_radps": 0.05690437350811282
  },
  "val_flat_loss": 0.003790942054529296,
  "val_flat_rmse": {
    "vel_body_x_mps": 0.000995528270351521,
    "vel_body_y_mps": 0.0007499234701564025,
    "roll_rad": 1.8790602653324208e-05,
    "pitch_rad": 1.1144664508875899e-05,
    "roll_rate_radps": 0.0015334714553236362,
    "ang_vel_body_y_radps": 0.0009357015875387918,
    "yaw_rate_radps": 0.0013647655286125554,
    "tire_fl_force_wheel_fz_n": 40.98572256725515,
    "tire_fr_force_wheel_fz_n": 42.89704723255493,
    "tire_rl_force_wheel_fz_n": 24.122276126290412,
    "tire_rr_force_wheel_fz_n": 23.150479931418936,
    "tire_fl_spindle_omega_radps": 0.06774525649565763,
    "tire_fr_spindle_omega_radps": 0.07525308425222009,
    "tire_rl_spindle_omega_radps": 0.07506230150690237,
    "tire_rr_spindle_omega_radps": 0.05690437350811282
  },
  "val_crm_loss": 0.099878864143393,
  "val_crm_rmse": {
    "vel_body_x_mps": 0.0032551062799136585,
    "vel_body_y_mps": 0.0026738300562972415,
    "roll_rad": 6.577839232751899e-05,
    "pitch_rad": 4.222023716121536e-05,
    "roll_rate_radps": 0.004167206612434666,
    "ang_vel_body_y_radps": 0.0028295105811200747,
    "yaw_rate_radps": 0.002456918523891255,
    "tire_fl_force_wheel_fz_n": 659.3059622070452,
    "tire_fr_force_wheel_fz_n": 678.4977912182089,
    "tire_rl_force_wheel_fz_n": 978.7427231580144,
    "tire_rr_force_wheel_fz_n": 1024.7281515430418,
    "tire_fl_spindle_omega_radps": 0.14157789078575975,
    "tire_fr_spindle_omega_radps": 0.14105607953953395,
    "tire_rl_spindle_omega_radps": 0.1645840623550476,
    "tire_rr_spindle_omega_radps": 0.1630530665816011
  },
  "val_mixed_loss": 0.051834903098961146,
  "rollout_flat_5.0s": {
    "xy_rmse_m": 1.9550777435454798,
    "yaw_rmse_rad": 0.08346947746573968,
    "errdist": 0.2575123443475013,
    "mean_dist_m": 7.592170963684718,
    "episodes": 12
  },
  "rollout_flat_10.0s": {
    "xy_rmse_m": 9.595372460898576,
    "yaw_rmse_rad": 0.32843634762790175,
    "errdist": 0.27246337092203404,
    "mean_dist_m": 35.2171098391215,
    "episodes": 12
  },
  "rollout_crm_5.0s": {
    "xy_rmse_m": 0.7104031548282519,
    "yaw_rmse_rad": 0.04667469301199421,
    "errdist": 0.09926681515657827,
    "mean_dist_m": 7.1565019357949495,
    "episodes": 12
  },
  "rollout_crm_10.0s": {
    "xy_rmse_m": 2.1210970183945044,
    "yaw_rmse_rad": 0.21836049299118826,
    "errdist": 0.0847191660117381,
    "mean_dist_m": 25.036802393694717,
    "episodes": 12
  },
  "rollout_sel": 0.17859126846688606
}
{
  "epoch": 19,
  "timestamp_utc": "2026-07-13T18:41:45.271669+00:00",
  "train_loss": 0.02316258969111368,
  "val_loss": 0.003861536397780583,
  "val_rmse": {
    "vel_body_x_mps": 0.0010005727316744952,
    "vel_body_y_mps": 0.0007559630649487707,
    "roll_rad": 1.8798172384579998e-05,
    "pitch_rad": 1.3406035147471456e-05,
    "roll_rate_radps": 0.0015694902429045662,
    "ang_vel_body_y_radps": 0.0009154899337817899,
    "yaw_rate_radps": 0.0013797895223978626,
    "tire_fl_force_wheel_fz_n": 40.32714848054017,
    "tire_fr_force_wheel_fz_n": 41.83184892301751,
    "tire_rl_force_wheel_fz_n": 23.623737549126805,
    "tire_rr_force_wheel_fz_n": 23.41555202253336,
    "tire_fl_spindle_omega_radps": 0.06348730702495547,
    "tire_fr_spindle_omega_radps": 0.0735490449065411,
    "tire_rl_spindle_omega_radps": 0.07872026129960623,
    "tire_rr_spindle_omega_radps": 0.05676812614785755
  },
  "val_flat_loss": 0.003861536397780583,
  "val_flat_rmse": {
    "vel_body_x_mps": 0.0010005727316744952,
    "vel_body_y_mps": 0.0007559630649487707,
    "roll_rad": 1.8798172384579998e-05,
    "pitch_rad": 1.3406035147471456e-05,
    "roll_rate_radps": 0.0015694902429045662,
    "ang_vel_body_y_radps": 0.0009154899337817899,
    "yaw_rate_radps": 0.0013797895223978626,
    "tire_fl_force_wheel_fz_n": 40.32714848054017,
    "tire_fr_force_wheel_fz_n": 41.83184892301751,
    "tire_rl_force_wheel_fz_n": 23.623737549126805,
    "tire_rr_force_wheel_fz_n": 23.41555202253336,
    "tire_fl_spindle_omega_radps": 0.06348730702495547,
    "tire_fr_spindle_omega_radps": 0.0735490449065411,
    "tire_rl_spindle_omega_radps": 0.07872026129960623,
    "tire_rr_spindle_omega_radps": 0.05676812614785755
  },
  "val_crm_loss": 0.10076649283291772,
  "val_crm_rmse": {
    "vel_body_x_mps": 0.003224947646141136,
    "vel_body_y_mps": 0.0026596010166966186,
    "roll_rad": 6.840149657703805e-05,
    "pitch_rad": 3.75841256046979e-05,
    "roll_rate_radps": 0.00434334938415442,
    "ang_vel_body_y_radps": 0.0028556508586575348,
    "yaw_rate_radps": 0.0024481768825169977,
    "tire_fl_force_wheel_fz_n": 671.849102304297,
    "tire_fr_force_wheel_fz_n": 687.5401957248062,
    "tire_rl_force_wheel_fz_n": 979.9897026972161,
    "tire_rr_force_wheel_fz_n": 1032.6002494616653,
    "tire_fl_spindle_omega_radps": 0.14434686831606744,
    "tire_fr_spindle_omega_radps": 0.14385016824214886,
    "tire_rl_spindle_omega_radps": 0.16834240638392,
    "tire_rr_spindle_omega_radps": 0.1647794646381722
  },
  "val_mixed_loss": 0.05231401461534915,
  "rollout_flat_5.0s": {
    "xy_rmse_m": 2.006067836964619,
    "yaw_rmse_rad": 0.13197351025974086,
    "errdist": 0.2642284857072043,
    "mean_dist_m": 7.592170963684718,
    "episodes": 12
  },
  "rollout_flat_10.0s": {
    "xy_rmse_m": 9.392641890314328,
    "yaw_rmse_rad": 0.3649352972662445,
    "errdist": 0.26670677784808905,
    "mean_dist_m": 35.2171098391215,
    "episodes": 12
  },
  "rollout_crm_5.0s": {
    "xy_rmse_m": 1.2133025582745836,
    "yaw_rmse_rad": 0.09056232328015942,
    "errdist": 0.16953849368865,
    "mean_dist_m": 7.1565019357949495,
    "episodes": 12
  },
  "rollout_crm_10.0s": {
    "xy_rmse_m": 4.23946853569752,
    "yaw_rmse_rad": 0.42703816350241375,
    "errdist": 0.16932947223185296,
    "mean_dist_m": 25.036802393694717,
    "episodes": 12
  },
  "rollout_sel": 0.218018125039971
}
{
  "epoch": 20,
  "timestamp_utc": "2026-07-13T18:43:40.193216+00:00",
  "train_loss": 0.02255033654300496,
  "val_loss": 0.003572100234523532,
  "val_rmse": {
    "vel_body_x_mps": 0.0009161469909093489,
    "vel_body_y_mps": 0.0007517385348167487,
    "roll_rad": 2.104232835376412e-05,
    "pitch_rad": 1.6460377559656016e-05,
    "roll_rate_radps": 0.0015688592165683168,
    "ang_vel_body_y_radps": 0.0008372913623163395,
    "yaw_rate_radps": 0.0013690264340583146,
    "tire_fl_force_wheel_fz_n": 40.99575393903765,
    "tire_fr_force_wheel_fz_n": 44.83369618039742,
    "tire_rl_force_wheel_fz_n": 24.82229095460093,
    "tire_rr_force_wheel_fz_n": 23.873320996629193,
    "tire_fl_spindle_omega_radps": 0.06333639317752654,
    "tire_fr_spindle_omega_radps": 0.06677181060890738,
    "tire_rl_spindle_omega_radps": 0.06571065245430194,
    "tire_rr_spindle_omega_radps": 0.05259622170529599
  },
  "val_flat_loss": 0.003572100234523532,
  "val_flat_rmse": {
    "vel_body_x_mps": 0.0009161469909093489,
    "vel_body_y_mps": 0.0007517385348167487,
    "roll_rad": 2.104232835376412e-05,
    "pitch_rad": 1.6460377559656016e-05,
    "roll_rate_radps": 0.0015688592165683168,
    "ang_vel_body_y_radps": 0.0008372913623163395,
    "yaw_rate_radps": 0.0013690264340583146,
    "tire_fl_force_wheel_fz_n": 40.99575393903765,
    "tire_fr_force_wheel_fz_n": 44.83369618039742,
    "tire_rl_force_wheel_fz_n": 24.82229095460093,
    "tire_rr_force_wheel_fz_n": 23.873320996629193,
    "tire_fl_spindle_omega_radps": 0.06333639317752654,
    "tire_fr_spindle_omega_radps": 0.06677181060890738,
    "tire_rl_spindle_omega_radps": 0.06571065245430194,
    "tire_rr_spindle_omega_radps": 0.05259622170529599
  },
  "val_crm_loss": 0.10119531375938096,
  "val_crm_rmse": {
    "vel_body_x_mps": 0.003157837272770681,
    "vel_body_y_mps": 0.0026330272083318223,
    "roll_rad": 6.899121210010551e-05,
    "pitch_rad": 4.635156100813498e-05,
    "roll_rate_radps": 0.004143441431073914,
    "ang_vel_body_y_radps": 0.0028355535814506443,
    "yaw_rate_radps": 0.00250363928629801,
    "tire_fl_force_wheel_fz_n": 673.6207605093966,
    "tire_fr_force_wheel_fz_n": 676.2643902697191,
    "tire_rl_force_wheel_fz_n": 992.0093884983633,
    "tire_rr_force_wheel_fz_n": 1046.6159110070105,
    "tire_fl_spindle_omega_radps": 0.14100194531765162,
    "tire_fr_spindle_omega_radps": 0.14296012481871506,
    "tire_rl_spindle_omega_radps": 0.16428926559452012,
    "tire_rr_spindle_omega_radps": 0.16442604748071718
  },
  "val_mixed_loss": 0.052383706996952245,
  "rollout_flat_5.0s": {
    "xy_rmse_m": 1.257377388514734,
    "yaw_rmse_rad": 0.09424148680616126,
    "errdist": 0.1656149992576681,
    "mean_dist_m": 7.592170963684718,
    "episodes": 12
  },
  "rollout_flat_10.0s": {
    "xy_rmse_m": 5.06248296036227,
    "yaw_rmse_rad": 0.21461806550151322,
    "errdist": 0.14375066504573095,
    "mean_dist_m": 35.2171098391215,
    "episodes": 12
  },
  "rollout_crm_5.0s": {
    "xy_rmse_m": 0.7218601539042994,
    "yaw_rmse_rad": 0.04602602509227818,
    "errdist": 0.10086773683295519,
    "mean_dist_m": 7.1565019357949495,
    "episodes": 12
  },
  "rollout_crm_10.0s": {
    "xy_rmse_m": 1.7157488446449236,
    "yaw_rmse_rad": 0.09444392204675854,
    "errdist": 0.06852907242967332,
    "mean_dist_m": 25.036802393694717,
    "episodes": 12
  },
  "rollout_sel": 0.10613986873770213
}
{
  "epoch": 21,
  "timestamp_utc": "2026-07-13T18:45:35.335848+00:00",
  "train_loss": 0.02202765877870843,
  "val_loss": 0.003545446445386915,
  "val_rmse": {
    "vel_body_x_mps": 0.0008820505147933308,
    "vel_body_y_mps": 0.0009695556913643849,
    "roll_rad": 2.7197811045996755e-05,
    "pitch_rad": 1.589547974042908e-05,
    "roll_rate_radps": 0.0015313706482366104,
    "ang_vel_body_y_radps": 0.0007616403885383304,
    "yaw_rate_radps": 0.001366509965282421,
    "tire_fl_force_wheel_fz_n": 41.52660931253986,
    "tire_fr_force_wheel_fz_n": 41.94988636074201,
    "tire_rl_force_wheel_fz_n": 24.26566334521819,
    "tire_rr_force_wheel_fz_n": 24.21064736324445,
    "tire_fl_spindle_omega_radps": 0.05668055960177269,
    "tire_fr_spindle_omega_radps": 0.061188594235226594,
    "tire_rl_spindle_omega_radps": 0.06083492311363608,
    "tire_rr_spindle_omega_radps": 0.049571294914451905
  },
  "val_flat_loss": 0.003545446445386915,
  "val_flat_rmse": {
    "vel_body_x_mps": 0.0008820505147933308,
    "vel_body_y_mps": 0.0009695556913643849,
    "roll_rad": 2.7197811045996755e-05,
    "pitch_rad": 1.589547974042908e-05,
    "roll_rate_radps": 0.0015313706482366104,
    "ang_vel_body_y_radps": 0.0007616403885383304,
    "yaw_rate_radps": 0.001366509965282421,
    "tire_fl_force_wheel_fz_n": 41.52660931253986,
    "tire_fr_force_wheel_fz_n": 41.94988636074201,
    "tire_rl_force_wheel_fz_n": 24.26566334521819,
    "tire_rr_force_wheel_fz_n": 24.21064736324445,
    "tire_fl_spindle_omega_radps": 0.05668055960177269,
    "tire_fr_spindle_omega_radps": 0.061188594235226594,
    "tire_rl_spindle_omega_radps": 0.06083492311363608,
    "tire_rr_spindle_omega_radps": 0.049571294914451905
  },
  "val_crm_loss": 0.10122285874502268,
  "val_crm_rmse": {
    "vel_body_x_mps": 0.0032019020297037798,
    "vel_body_y_mps": 0.0026808543587043096,
    "roll_rad": 6.328591445304337e-05,
    "pitch_rad": 4.0141091054022524e-05,
    "roll_rate_radps": 0.004311883721008212,
    "ang_vel_body_y_radps": 0.0028186127316281295,
    "yaw_rate_radps": 0.0025149953547663113,
    "tire_fl_force_wheel_fz_n": 671.6764126355902,
    "tire_fr_force_wheel_fz_n": 672.3260642935953,
    "tire_rl_force_wheel_fz_n": 989.5181844783501,
    "tire_rr_force_wheel_fz_n": 1032.038292258394,
    "tire_fl_spindle_omega_radps": 0.1416332712515855,
    "tire_fr_spindle_omega_radps": 0.1419593665666561,
    "tire_rl_spindle_omega_radps": 0.1645347913534831,
    "tire_rr_spindle_omega_radps": 0.16234281414445315
  },
  "val_mixed_loss": 0.0523841525952048,
  "rollout_flat_5.0s": {
    "xy_rmse_m": 1.4395969832233726,
    "yaw_rmse_rad": 0.1986266757188398,
    "errdist": 0.18961598600839347,
    "mean_dist_m": 7.592170963684718,
    "episodes": 12
  },
  "rollout_flat_10.0s": {
    "xy_rmse_m": 12.088766675063304,
    "yaw_rmse_rad": 0.7436945944272242,
    "errdist": 0.3432640194009987,
    "mean_dist_m": 35.2171098391215,
    "episodes": 12
  },
  "rollout_crm_5.0s": {
    "xy_rmse_m": 0.534624355503372,
    "yaw_rmse_rad": 0.036546838033243476,
    "errdist": 0.07470470354089068,
    "mean_dist_m": 7.1565019357949495,
    "episodes": 12
  },
  "rollout_crm_10.0s": {
    "xy_rmse_m": 1.5107856446426908,
    "yaw_rmse_rad": 0.11102159554311786,
    "errdist": 0.060342595707156596,
    "mean_dist_m": 25.036802393694717,
    "episodes": 12
  },
  "rollout_sel": 0.20180330755407766
}
{
  "epoch": 22,
  "timestamp_utc": "2026-07-13T18:47:31.229688+00:00",
  "train_loss": 0.02145303739886731,
  "val_loss": 0.003272883315657964,
  "val_rmse": {
    "vel_body_x_mps": 0.0008137296605195082,
    "vel_body_y_mps": 0.0007121720463964664,
    "roll_rad": 1.6279375661353205e-05,
    "pitch_rad": 9.998867225674798e-06,
    "roll_rate_radps": 0.0014646934388677898,
    "ang_vel_body_y_radps": 0.0007192165550544789,
    "yaw_rate_radps": 0.001379946663582906,
    "tire_fl_force_wheel_fz_n": 41.046584840408954,
    "tire_fr_force_wheel_fz_n": 40.309759944559644,
    "tire_rl_force_wheel_fz_n": 23.91470537659377,
    "tire_rr_force_wheel_fz_n": 23.2238880621175,
    "tire_fl_spindle_omega_radps": 0.05566349565951544,
    "tire_fr_spindle_omega_radps": 0.05403537745733307,
    "tire_rl_spindle_omega_radps": 0.054070195507426776,
    "tire_rr_spindle_omega_radps": 0.05056421615960172
  },
  "val_flat_loss": 0.003272883315657964,
  "val_flat_rmse": {
    "vel_body_x_mps": 0.0008137296605195082,
    "vel_body_y_mps": 0.0007121720463964664,
    "roll_rad": 1.6279375661353205e-05,
    "pitch_rad": 9.998867225674798e-06,
    "roll_rate_radps": 0.0014646934388677898,
    "ang_vel_body_y_radps": 0.0007192165550544789,
    "yaw_rate_radps": 0.001379946663582906,
    "tire_fl_force_wheel_fz_n": 41.046584840408954,
    "tire_fr_force_wheel_fz_n": 40.309759944559644,
    "tire_rl_force_wheel_fz_n": 23.91470537659377,
    "tire_rr_force_wheel_fz_n": 23.2238880621175,
    "tire_fl_spindle_omega_radps": 0.05566349565951544,
    "tire_fr_spindle_omega_radps": 0.05403537745733307,
    "tire_rl_spindle_omega_radps": 0.054070195507426776,
    "tire_rr_spindle_omega_radps": 0.05056421615960172
  },
  "val_crm_loss": 0.10218979703902732,
  "val_crm_rmse": {
    "vel_body_x_mps": 0.0032297898457910633,
    "vel_body_y_mps": 0.0026636655176156434,
    "roll_rad": 5.8422604013741845e-05,
    "pitch_rad": 4.10372325083968e-05,
    "roll_rate_radps": 0.004111106464316849,
    "ang_vel_body_y_radps": 0.0028312804937307336,
    "yaw_rate_radps": 0.0024486592841171215,
    "tire_fl_force_wheel_fz_n": 674.4546875542974,
    "tire_fr_force_wheel_fz_n": 686.3129459805903,
    "tire_rl_force_wheel_fz_n": 1004.8238593876916,
    "tire_rr_force_wheel_fz_n": 1052.7161854229237,
    "tire_fl_spindle_omega_radps": 0.14240050077721372,
    "tire_fr_spindle_omega_radps": 0.14163447908709428,
    "tire_rl_spindle_omega_radps": 0.1640110497924381,
    "tire_rr_spindle_omega_radps": 0.1635950571806458
  },
  "val_mixed_loss": 0.05273134017734264,
  "rollout_flat_5.0s": {
    "xy_rmse_m": 1.2090391722192175,
    "yaw_rmse_rad": 0.09047558250826496,
    "errdist": 0.15924814891581854,
    "mean_dist_m": 7.592170963684718,
    "episodes": 12
  },
  "rollout_flat_10.0s": {
    "xy_rmse_m": 8.466128754186208,
    "yaw_rmse_rad": 0.3059586897601241,
    "errdist": 0.24039816989131435,
    "mean_dist_m": 35.2171098391215,
    "episodes": 12
  },
  "rollout_crm_5.0s": {
    "xy_rmse_m": 0.5566169458360979,
    "yaw_rmse_rad": 0.06383493413017188,
    "errdist": 0.07777779574851305,
    "mean_dist_m": 7.1565019357949495,
    "episodes": 12
  },
  "rollout_crm_10.0s": {
    "xy_rmse_m": 2.3326786016629706,
    "yaw_rmse_rad": 0.2912425246740937,
    "errdist": 0.09316998892200522,
    "mean_dist_m": 25.036802393694717,
    "episodes": 12
  },
  "rollout_sel": 0.1667840794066598
}
{
  "epoch": 23,
  "timestamp_utc": "2026-07-13T18:49:25.436472+00:00",
  "train_loss": 0.02102259858744219,
  "val_loss": 0.004084417581580056,
  "val_rmse": {
    "vel_body_x_mps": 0.0009238961190488583,
    "vel_body_y_mps": 0.0008488352416857117,
    "roll_rad": 2.8902125731386527e-05,
    "pitch_rad": 1.105134103525782e-05,
    "roll_rate_radps": 0.0014610429062622081,
    "ang_vel_body_y_radps": 0.0007461521516804932,
    "yaw_rate_radps": 0.001391639587492842,
    "tire_fl_force_wheel_fz_n": 40.081395336549676,
    "tire_fr_force_wheel_fz_n": 41.159293491096584,
    "tire_rl_force_wheel_fz_n": 24.82316324175308,
    "tire_rr_force_wheel_fz_n": 23.91183811424296,
    "tire_fl_spindle_omega_radps": 0.05814227205583653,
    "tire_fr_spindle_omega_radps": 0.05871196975505765,
    "tire_rl_spindle_omega_radps": 0.06710502337963799,
    "tire_rr_spindle_omega_radps": 0.05627538192015241
  },
  "val_flat_loss": 0.004084417581580056,
  "val_flat_rmse": {
    "vel_body_x_mps": 0.0009238961190488583,
    "vel_body_y_mps": 0.0008488352416857117,
    "roll_rad": 2.8902125731386527e-05,
    "pitch_rad": 1.105134103525782e-05,
    "roll_rate_radps": 0.0014610429062622081,
    "ang_vel_body_y_radps": 0.0007461521516804932,
    "yaw_rate_radps": 0.001391639587492842,
    "tire_fl_force_wheel_fz_n": 40.081395336549676,
    "tire_fr_force_wheel_fz_n": 41.159293491096584,
    "tire_rl_force_wheel_fz_n": 24.82316324175308,
    "tire_rr_force_wheel_fz_n": 23.91183811424296,
    "tire_fl_spindle_omega_radps": 0.05814227205583653,
    "tire_fr_spindle_omega_radps": 0.05871196975505765,
    "tire_rl_spindle_omega_radps": 0.06710502337963799,
    "tire_rr_spindle_omega_radps": 0.05627538192015241
  },
  "val_crm_loss": 0.10187063437886536,
  "val_crm_rmse": {
    "vel_body_x_mps": 0.0032456248472008415,
    "vel_body_y_mps": 0.002615740576661737,
    "roll_rad": 5.975114330450966e-05,
    "pitch_rad": 4.317521288124989e-05,
    "roll_rate_radps": 0.004271164419408912,
    "ang_vel_body_y_radps": 0.002771364244813861,
    "yaw_rate_radps": 0.002462471740208369,
    "tire_fl_force_wheel_fz_n": 666.33727640934,
    "tire_fr_force_wheel_fz_n": 676.5503396433508,
    "tire_rl_force_wheel_fz_n": 999.3892248232773,
    "tire_rr_force_wheel_fz_n": 1042.3808416115198,
    "tire_fl_spindle_omega_radps": 0.14066634138623563,
    "tire_fr_spindle_omega_radps": 0.14076812892869442,
    "tire_rl_spindle_omega_radps": 0.16379062508702258,
    "tire_rr_spindle_omega_radps": 0.16461430531032126
  },
  "val_mixed_loss": 0.052977525980222706,
  "rollout_flat_5.0s": {
    "xy_rmse_m": 0.7146816480380611,
    "yaw_rmse_rad": 0.03404053565730663,
    "errdist": 0.09413402983897029,
    "mean_dist_m": 7.592170963684718,
    "episodes": 12
  },
  "rollout_flat_10.0s": {
    "xy_rmse_m": 2.2370706711077584,
    "yaw_rmse_rad": 0.08484918529237476,
    "errdist": 0.06352226748098085,
    "mean_dist_m": 35.2171098391215,
    "episodes": 12
  },
  "rollout_crm_5.0s": {
    "xy_rmse_m": 0.8604429193575742,
    "yaw_rmse_rad": 0.06484881881067926,
    "errdist": 0.1202323323709121,
    "mean_dist_m": 7.1565019357949495,
    "episodes": 12
  },
  "rollout_crm_10.0s": {
    "xy_rmse_m": 2.3312306710295028,
    "yaw_rmse_rad": 0.4347870356265219,
    "errdist": 0.0931121568310417,
    "mean_dist_m": 25.036802393694717,
    "episodes": 12
  },
  "rollout_sel": 0.07831721215601127
}
{
  "epoch": 24,
  "timestamp_utc": "2026-07-13T18:51:19.019868+00:00",
  "train_loss": 0.020696304376702754,
  "val_loss": 0.0040337807058676844,
  "val_rmse": {
    "vel_body_x_mps": 0.0008675150264364227,
    "vel_body_y_mps": 0.0010668329897963902,
    "roll_rad": 1.8605429317039972e-05,
    "pitch_rad": 9.508653323099604e-06,
    "roll_rate_radps": 0.0014712219457523616,
    "ang_vel_body_y_radps": 0.0007108775798884487,
    "yaw_rate_radps": 0.001372503181631244,
    "tire_fl_force_wheel_fz_n": 40.47440412776644,
    "tire_fr_force_wheel_fz_n": 40.785396012587114,
    "tire_rl_force_wheel_fz_n": 24.353316730540946,
    "tire_rr_force_wheel_fz_n": 23.13601458751712,
    "tire_fl_spindle_omega_radps": 0.05816051418689269,
    "tire_fr_spindle_omega_radps": 0.05719562951265295,
    "tire_rl_spindle_omega_radps": 0.06166220063046467,
    "tire_rr_spindle_omega_radps": 0.060190126319011585
  },
  "val_flat_loss": 0.0040337807058676844,
  "val_flat_rmse": {
    "vel_body_x_mps": 0.0008675150264364227,
    "vel_body_y_mps": 0.0010668329897963902,
    "roll_rad": 1.8605429317039972e-05,
    "pitch_rad": 9.508653323099604e-06,
    "roll_rate_radps": 0.0014712219457523616,
    "ang_vel_body_y_radps": 0.0007108775798884487,
    "yaw_rate_radps": 0.001372503181631244,
    "tire_fl_force_wheel_fz_n": 40.47440412776644,
    "tire_fr_force_wheel_fz_n": 40.785396012587114,
    "tire_rl_force_wheel_fz_n": 24.353316730540946,
    "tire_rr_force_wheel_fz_n": 23.13601458751712,
    "tire_fl_spindle_omega_radps": 0.05816051418689269,
    "tire_fr_spindle_omega_radps": 0.05719562951265295,
    "tire_rl_spindle_omega_radps": 0.06166220063046467,
    "tire_rr_spindle_omega_radps": 0.060190126319011585
  },
  "val_crm_loss": 0.10228414935816545,
  "val_crm_rmse": {
    "vel_body_x_mps": 0.003240539960940699,
    "vel_body_y_mps": 0.002622913949397224,
    "roll_rad": 5.8017176897909106e-05,
    "pitch_rad": 4.037118934209784e-05,
    "roll_rate_radps": 0.00416335832708639,
    "ang_vel_body_y_radps": 0.002735634606486337,
    "yaw_rate_radps": 0.002452903122291989,
    "tire_fl_force_wheel_fz_n": 670.5817004457073,
    "tire_fr_force_wheel_fz_n": 682.4819888600784,
    "tire_rl_force_wheel_fz_n": 1008.2474815389032,
    "tire_rr_force_wheel_fz_n": 1055.9550236000348,
    "tire_fl_spindle_omega_radps": 0.1425341602454216,
    "tire_fr_spindle_omega_radps": 0.14175768431173794,
    "tire_rl_spindle_omega_radps": 0.16439960983552676,
    "tire_rr_spindle_omega_radps": 0.16300803378580275
  },
  "val_mixed_loss": 0.053158965032016565,
  "rollout_flat_5.0s": {
    "xy_rmse_m": 0.6710738985369585,
    "yaw_rmse_rad": 0.03283878712470363,
    "errdist": 0.0883902511872922,
    "mean_dist_m": 7.592170963684718,
    "episodes": 12
  },
  "rollout_flat_10.0s": {
    "xy_rmse_m": 4.139840771842673,
    "yaw_rmse_rad": 0.15149025865132495,
    "errdist": 0.11755197376372616,
    "mean_dist_m": 35.2171098391215,
    "episodes": 12
  },
  "rollout_crm_5.0s": {
    "xy_rmse_m": 0.816045316938453,
    "yaw_rmse_rad": 0.04480470641273514,
    "errdist": 0.11402851899708262,
    "mean_dist_m": 7.1565019357949495,
    "episodes": 12
  },
  "rollout_crm_10.0s": {
    "xy_rmse_m": 3.8825701389007623,
    "yaw_rmse_rad": 0.1338659442242416,
    "errdist": 0.1550745210130568,
    "mean_dist_m": 25.036802393694717,
    "episodes": 12
  },
  "rollout_sel": 0.13631324738839148
}
{
  "epoch": 25,
  "timestamp_utc": "2026-07-13T18:53:12.777880+00:00",
  "train_loss": 0.020074657840654254,
  "val_loss": 0.003313341179928102,
  "val_rmse": {
    "vel_body_x_mps": 0.0008307781172929101,
    "vel_body_y_mps": 0.0008399021639035488,
    "roll_rad": 2.026069507962863e-05,
    "pitch_rad": 1.4018274138578742e-05,
    "roll_rate_radps": 0.0014816648797550376,
    "ang_vel_body_y_radps": 0.0007373523460972609,
    "yaw_rate_radps": 0.0013422032564689703,
    "tire_fl_force_wheel_fz_n": 40.19612689522812,
    "tire_fr_force_wheel_fz_n": 40.851823467472336,
    "tire_rl_force_wheel_fz_n": 25.788370361100203,
    "tire_rr_force_wheel_fz_n": 22.904552565857102,
    "tire_fl_spindle_omega_radps": 0.05631394736535888,
    "tire_fr_spindle_omega_radps": 0.05526516780586951,
    "tire_rl_spindle_omega_radps": 0.05303094344167528,
    "tire_rr_spindle_omega_radps": 0.05031595674128038
  },
  "val_flat_loss": 0.003313341179928102,
  "val_flat_rmse": {
    "vel_body_x_mps": 0.0008307781172929101,
    "vel_body_y_mps": 0.0008399021639035488,
    "roll_rad": 2.026069507962863e-05,
    "pitch_rad": 1.4018274138578742e-05,
    "roll_rate_radps": 0.0014816648797550376,
    "ang_vel_body_y_radps": 0.0007373523460972609,
    "yaw_rate_radps": 0.0013422032564689703,
    "tire_fl_force_wheel_fz_n": 40.19612689522812,
    "tire_fr_force_wheel_fz_n": 40.851823467472336,
    "tire_rl_force_wheel_fz_n": 25.788370361100203,
    "tire_rr_force_wheel_fz_n": 22.904552565857102,
    "tire_fl_spindle_omega_radps": 0.05631394736535888,
    "tire_fr_spindle_omega_radps": 0.05526516780586951,
    "tire_rl_spindle_omega_radps": 0.05303094344167528,
    "tire_rr_spindle_omega_radps": 0.05031595674128038
  },
  "val_crm_loss": 0.10227427833480761,
  "val_crm_rmse": {
    "vel_body_x_mps": 0.0032395808081094267,
    "vel_body_y_mps": 0.002647516998390289,
    "roll_rad": 5.676502172973129e-05,
    "pitch_rad": 3.7365802894268715e-05,
    "roll_rate_radps": 0.004077407359609906,
    "ang_vel_body_y_radps": 0.002803841876957885,
    "yaw_rate_radps": 0.0024951794319327232,
    "tire_fl_force_wheel_fz_n": 669.9511712198491,
    "tire_fr_force_wheel_fz_n": 673.4827348206949,
    "tire_rl_force_wheel_fz_n": 1007.841516422161,
    "tire_rr_force_wheel_fz_n": 1055.383306924798,
    "tire_fl_spindle_omega_radps": 0.14108212827229566,
    "tire_fr_spindle_omega_radps": 0.1413462742581616,
    "tire_rl_spindle_omega_radps": 0.16476560885603023,
    "tire_rr_spindle_omega_radps": 0.165490783909277
  },
  "val_mixed_loss": 0.05279380975736785,
  "rollout_flat_5.0s": {
    "xy_rmse_m": 1.9238111588454505,
    "yaw_rmse_rad": 0.12387649290455198,
    "errdist": 0.253394077668631,
    "mean_dist_m": 7.592170963684718,
    "episodes": 12
  },
  "rollout_flat_10.0s": {
    "xy_rmse_m": 7.311195171739986,
    "yaw_rmse_rad": 0.3474524713134884,
    "errdist": 0.20760349742323905,
    "mean_dist_m": 35.2171098391215,
    "episodes": 12
  },
  "rollout_crm_5.0s": {
    "xy_rmse_m": 0.5708683460060247,
    "yaw_rmse_rad": 0.035897030157674516,
    "errdist": 0.07976918767403536,
    "mean_dist_m": 7.1565019357949495,
    "episodes": 12
  },
  "rollout_crm_10.0s": {
    "xy_rmse_m": 1.4301236545123075,
    "yaw_rmse_rad": 0.10624580641492767,
    "errdist": 0.05712085880713228,
    "mean_dist_m": 25.036802393694717,
    "episodes": 12
  },
  "rollout_sel": 0.13236217811518566
}
{
  "epoch": 26,
  "timestamp_utc": "2026-07-13T18:55:06.068620+00:00",
  "train_loss": 0.019594341900665314,
  "val_loss": 0.003174315739361191,
  "val_rmse": {
    "vel_body_x_mps": 0.000872584772573796,
    "vel_body_y_mps": 0.0007626934717680666,
    "roll_rad": 2.1248524891561355e-05,
    "pitch_rad": 1.0492048084251733e-05,
    "roll_rate_radps": 0.0014586345078982839,
    "ang_vel_body_y_radps": 0.0007183808733763065,
    "yaw_rate_radps": 0.0013468653048368253,
    "tire_fl_force_wheel_fz_n": 39.6514941137247,
    "tire_fr_force_wheel_fz_n": 39.875324448009955,
    "tire_rl_force_wheel_fz_n": 24.65347057153036,
    "tire_rr_force_wheel_fz_n": 23.469355834171296,
    "tire_fl_spindle_omega_radps": 0.053951885939090435,
    "tire_fr_spindle_omega_radps": 0.05357379000657286,
    "tire_rl_spindle_omega_radps": 0.052058863199722194,
    "tire_rr_spindle_omega_radps": 0.04871561361196013
  },
  "val_flat_loss": 0.003174315739361191,
  "val_flat_rmse": {
    "vel_body_x_mps": 0.000872584772573796,
    "vel_body_y_mps": 0.0007626934717680666,
    "roll_rad": 2.1248524891561355e-05,
    "pitch_rad": 1.0492048084251733e-05,
    "roll_rate_radps": 0.0014586345078982839,
    "ang_vel_body_y_radps": 0.0007183808733763065,
    "yaw_rate_radps": 0.0013468653048368253,
    "tire_fl_force_wheel_fz_n": 39.6514941137247,
    "tire_fr_force_wheel_fz_n": 39.875324448009955,
    "tire_rl_force_wheel_fz_n": 24.65347057153036,
    "tire_rr_force_wheel_fz_n": 23.469355834171296,
    "tire_fl_spindle_omega_radps": 0.053951885939090435,
    "tire_fr_spindle_omega_radps": 0.05357379000657286,
    "tire_rl_spindle_omega_radps": 0.052058863199722194,
    "tire_rr_spindle_omega_radps": 0.04871561361196013
  },
  "val_crm_loss": 0.10298138864978683,
  "val_crm_rmse": {
    "vel_body_x_mps": 0.00326101266379638,
    "vel_body_y_mps": 0.0026108802888988886,
    "roll_rad": 6.361670321828247e-05,
    "pitch_rad": 3.799724834005997e-05,
    "roll_rate_radps": 0.004113529927713434,
    "ang_vel_body_y_radps": 0.002768868718717714,
    "yaw_rate_radps": 0.0024606526364979926,
    "tire_fl_force_wheel_fz_n": 674.2354369295796,
    "tire_fr_force_wheel_fz_n": 697.6054960979272,
    "tire_rl_force_wheel_fz_n": 1008.2641799316303,
    "tire_rr_force_wheel_fz_n": 1068.4202343547458,
    "tire_fl_spindle_omega_radps": 0.14223388089949335,
    "tire_fr_spindle_omega_radps": 0.142373106432994,
    "tire_rl_spindle_omega_radps": 0.16367473446556727,
    "tire_rr_spindle_omega_radps": 0.16414036650052627
  },
  "val_mixed_loss": 0.05307785219457401,
  "rollout_flat_5.0s": {
    "xy_rmse_m": 0.7509755072022006,
    "yaw_rmse_rad": 0.10521581579108348,
    "errdist": 0.09891446212082251,
    "mean_dist_m": 7.592170963684718,
    "episodes": 12
  },
  "rollout_flat_10.0s": {
    "xy_rmse_m": 7.407384353234478,
    "yaw_rmse_rad": 0.32640223980149546,
    "errdist": 0.2103348169986926,
    "mean_dist_m": 35.2171098391215,
    "episodes": 12
  },
  "rollout_crm_5.0s": {
    "xy_rmse_m": 0.4290416101388535,
    "yaw_rmse_rad": 0.038755385879546016,
    "errdist": 0.05995130218478663,
    "mean_dist_m": 7.1565019357949495,
    "episodes": 12
  },
  "rollout_crm_10.0s": {
    "xy_rmse_m": 2.09986142019153,
    "yaw_rmse_rad": 0.37922370317470283,
    "errdist": 0.08387099067891994,
    "mean_dist_m": 25.036802393694717,
    "episodes": 12
  },
  "rollout_sel": 0.14710290383880628
}
{
  "epoch": 27,
  "timestamp_utc": "2026-07-13T18:57:02.065814+00:00",
  "train_loss": 0.01938522438472137,
  "val_loss": 0.0032531780781209817,
  "val_rmse": {
    "vel_body_x_mps": 0.000792234863895138,
    "vel_body_y_mps": 0.0007345282325649532,
    "roll_rad": 2.20290836903349e-05,
    "pitch_rad": 1.255176196555061e-05,
    "roll_rate_radps": 0.0014355423759913016,
    "ang_vel_body_y_radps": 0.000720799226160681,
    "yaw_rate_radps": 0.0013268882519743511,
    "tire_fl_force_wheel_fz_n": 42.3860487831526,
    "tire_fr_force_wheel_fz_n": 40.54107895860661,
    "tire_rl_force_wheel_fz_n": 24.02824383767169,
    "tire_rr_force_wheel_fz_n": 24.25919767799224,
    "tire_fl_spindle_omega_radps": 0.057542910298019966,
    "tire_fr_spindle_omega_radps": 0.05649852037321105,
    "tire_rl_spindle_omega_radps": 0.052375070253580486,
    "tire_rr_spindle_omega_radps": 0.051230648563520303
  },
  "val_flat_loss": 0.0032531780781209817,
  "val_flat_rmse": {
    "vel_body_x_mps": 0.000792234863895138,
    "vel_body_y_mps": 0.0007345282325649532,
    "roll_rad": 2.20290836903349e-05,
    "pitch_rad": 1.255176196555061e-05,
    "roll_rate_radps": 0.0014355423759913016,
    "ang_vel_body_y_radps": 0.000720799226160681,
    "yaw_rate_radps": 0.0013268882519743511,
    "tire_fl_force_wheel_fz_n": 42.3860487831526,
    "tire_fr_force_wheel_fz_n": 40.54107895860661,
    "tire_rl_force_wheel_fz_n": 24.02824383767169,
    "tire_rr_force_wheel_fz_n": 24.25919767799224,
    "tire_fl_spindle_omega_radps": 0.057542910298019966,
    "tire_fr_spindle_omega_radps": 0.05649852037321105,
    "tire_rl_spindle_omega_radps": 0.052375070253580486,
    "tire_rr_spindle_omega_radps": 0.051230648563520303
  },
  "val_crm_loss": 0.10354941133526153,
  "val_crm_rmse": {
    "vel_body_x_mps": 0.003309541968465277,
    "vel_body_y_mps": 0.0026202385145614434,
    "roll_rad": 5.8020830578005445e-05,
    "pitch_rad": 4.714098478992495e-05,
    "roll_rate_radps": 0.0041886114034294175,
    "ang_vel_body_y_radps": 0.0027689571096588352,
    "yaw_rate_radps": 0.002449853962478719,
    "tire_fl_force_wheel_fz_n": 667.1799289712411,
    "tire_fr_force_wheel_fz_n": 687.0093785270199,
    "tire_rl_force_wheel_fz_n": 1012.7107179523753,
    "tire_rr_force_wheel_fz_n": 1065.290181926638,
    "tire_fl_spindle_omega_radps": 0.14299560685676552,
    "tire_fr_spindle_omega_radps": 0.1421358356957943,
    "tire_rl_spindle_omega_radps": 0.16666055436224195,
    "tire_rr_spindle_omega_radps": 0.16323669665672702
  },
  "val_mixed_loss": 0.053401294706691256,
  "rollout_flat_5.0s": {
    "xy_rmse_m": 1.3068917238955389,
    "yaw_rmse_rad": 0.06486549332700561,
    "errdist": 0.17213676169131778,
    "mean_dist_m": 7.592170963684718,
    "episodes": 12
  },
  "rollout_flat_10.0s": {
    "xy_rmse_m": 5.3043468571592,
    "yaw_rmse_rad": 0.17518839890168564,
    "errdist": 0.15061846021409686,
    "mean_dist_m": 35.2171098391215,
    "episodes": 12
  },
  "rollout_crm_5.0s": {
    "xy_rmse_m": 0.6541272795010735,
    "yaw_rmse_rad": 0.058190479611676324,
    "errdist": 0.09140321421968743,
    "mean_dist_m": 7.1565019357949495,
    "episodes": 12
  },
  "rollout_crm_10.0s": {
    "xy_rmse_m": 3.2228820872573447,
    "yaw_rmse_rad": 0.14095415445156284,
    "errdist": 0.12872578680690458,
    "mean_dist_m": 25.036802393694717,
    "episodes": 12
  },
  "rollout_sel": 0.13967212351050073
}
{
  "epoch": 28,
  "timestamp_utc": "2026-07-13T18:58:58.049982+00:00",
  "train_loss": 0.019019482594914733,
  "val_loss": 0.003024932815278589,
  "val_rmse": {
    "vel_body_x_mps": 0.0007892385039168552,
    "vel_body_y_mps": 0.0007222718129214567,
    "roll_rad": 1.6455487385219813e-05,
    "pitch_rad": 8.430575953585438e-06,
    "roll_rate_radps": 0.0014508968436399605,
    "ang_vel_body_y_radps": 0.0007045895378161832,
    "yaw_rate_radps": 0.0013239620905340953,
    "tire_fl_force_wheel_fz_n": 42.018783800258205,
    "tire_fr_force_wheel_fz_n": 40.047797393118486,
    "tire_rl_force_wheel_fz_n": 23.571243878487323,
    "tire_rr_force_wheel_fz_n": 22.76067418459212,
    "tire_fl_spindle_omega_radps": 0.05469138374057849,
    "tire_fr_spindle_omega_radps": 0.05371903282157866,
    "tire_rl_spindle_omega_radps": 0.05313651886625338,
    "tire_rr_spindle_omega_radps": 0.04823888952652509
  },
  "val_flat_loss": 0.003024932815278589,
  "val_flat_rmse": {
    "vel_body_x_mps": 0.0007892385039168552,
    "vel_body_y_mps": 0.0007222718129214567,
    "roll_rad": 1.6455487385219813e-05,
    "pitch_rad": 8.430575953585438e-06,
    "roll_rate_radps": 0.0014508968436399605,
    "ang_vel_body_y_radps": 0.0007045895378161832,
    "yaw_rate_radps": 0.0013239620905340953,
    "tire_fl_force_wheel_fz_n": 42.018783800258205,
    "tire_fr_force_wheel_fz_n": 40.047797393118486,
    "tire_rl_force_wheel_fz_n": 23.571243878487323,
    "tire_rr_force_wheel_fz_n": 22.76067418459212,
    "tire_fl_spindle_omega_radps": 0.05469138374057849,
    "tire_fr_spindle_omega_radps": 0.05371903282157866,
    "tire_rl_spindle_omega_radps": 0.05313651886625338,
    "tire_rr_spindle_omega_radps": 0.04823888952652509
  },
  "val_crm_loss": 0.10350482686597388,
  "val_crm_rmse": {
    "vel_body_x_mps": 0.0032551876073758828,
    "vel_body_y_mps": 0.0026381764662016705,
    "roll_rad": 5.504224443372123e-05,
    "pitch_rad": 3.689456005002136e-05,
    "roll_rate_radps": 0.004085093657860135,
    "ang_vel_body_y_radps": 0.0027928216456947256,
    "yaw_rate_radps": 0.0024458326437100776,
    "tire_fl_force_wheel_fz_n": 681.2741218833644,
    "tire_fr_force_wheel_fz_n": 688.0188166365062,
    "tire_rl_force_wheel_fz_n": 1020.3161868371128,
    "tire_rr_force_wheel_fz_n": 1061.807543007275,
    "tire_fl_spindle_omega_radps": 0.14092844246803712,
    "tire_fr_spindle_omega_radps": 0.14237852483147978,
    "tire_rl_spindle_omega_radps": 0.16572925840976419,
    "tire_rr_spindle_omega_radps": 0.16354208531584014
  },
  "val_mixed_loss": 0.053264879840626236,
  "rollout_flat_5.0s": {
    "xy_rmse_m": 0.7951478502656082,
    "yaw_rmse_rad": 0.06223278438803059,
    "errdist": 0.10473260600544987,
    "mean_dist_m": 7.592170963684718,
    "episodes": 12
  },
  "rollout_flat_10.0s": {
    "xy_rmse_m": 3.5159627832519633,
    "yaw_rmse_rad": 0.11686397190219096,
    "errdist": 0.09983677818292173,
    "mean_dist_m": 35.2171098391215,
    "episodes": 12
  },
  "rollout_crm_5.0s": {
    "xy_rmse_m": 0.7473183641502732,
    "yaw_rmse_rad": 0.04107528007422214,
    "errdist": 0.10442509075731292,
    "mean_dist_m": 7.1565019357949495,
    "episodes": 12
  },
  "rollout_crm_10.0s": {
    "xy_rmse_m": 3.5659993826180445,
    "yaw_rmse_rad": 0.11427046318879537,
    "errdist": 0.14243030425946518,
    "mean_dist_m": 25.036802393694717,
    "episodes": 12
  },
  "rollout_sel": 0.12113354122119346
}
{
  "epoch": 29,
  "timestamp_utc": "2026-07-13T19:00:53.725535+00:00",
  "train_loss": 0.01858109985291958,
  "val_loss": 0.003422414301785466,
  "val_rmse": {
    "vel_body_x_mps": 0.0009050296104950512,
    "vel_body_y_mps": 0.0007259696701171033,
    "roll_rad": 1.8506385991377833e-05,
    "pitch_rad": 1.2830248118419706e-05,
    "roll_rate_radps": 0.0014530412531746492,
    "ang_vel_body_y_radps": 0.000805717697511548,
    "yaw_rate_radps": 0.0013770579690696844,
    "tire_fl_force_wheel_fz_n": 39.9942970602705,
    "tire_fr_force_wheel_fz_n": 40.24714692008597,
    "tire_rl_force_wheel_fz_n": 24.264673518423777,
    "tire_rr_force_wheel_fz_n": 23.240993597060367,
    "tire_fl_spindle_omega_radps": 0.05793195370145968,
    "tire_fr_spindle_omega_radps": 0.06745483101812526,
    "tire_rl_spindle_omega_radps": 0.06436974822333262,
    "tire_rr_spindle_omega_radps": 0.05095325946279536
  },
  "val_flat_loss": 0.003422414301785466,
  "val_flat_rmse": {
    "vel_body_x_mps": 0.0009050296104950512,
    "vel_body_y_mps": 0.0007259696701171033,
    "roll_rad": 1.8506385991377833e-05,
    "pitch_rad": 1.2830248118419706e-05,
    "roll_rate_radps": 0.0014530412531746492,
    "ang_vel_body_y_radps": 0.000805717697511548,
    "yaw_rate_radps": 0.0013770579690696844,
    "tire_fl_force_wheel_fz_n": 39.9942970602705,
    "tire_fr_force_wheel_fz_n": 40.24714692008597,
    "tire_rl_force_wheel_fz_n": 24.264673518423777,
    "tire_rr_force_wheel_fz_n": 23.240993597060367,
    "tire_fl_spindle_omega_radps": 0.05793195370145968,
    "tire_fr_spindle_omega_radps": 0.06745483101812526,
    "tire_rl_spindle_omega_radps": 0.06436974822333262,
    "tire_rr_spindle_omega_radps": 0.05095325946279536
  },
  "val_crm_loss": 0.10352802667475772,
  "val_crm_rmse": {
    "vel_body_x_mps": 0.003295255820160687,
    "vel_body_y_mps": 0.002627775602406095,
    "roll_rad": 6.886966932510647e-05,
    "pitch_rad": 3.816825392335311e-05,
    "roll_rate_radps": 0.00401913420738489,
    "ang_vel_body_y_radps": 0.0027305710692666018,
    "yaw_rate_radps": 0.002436224246358998,
    "tire_fl_force_wheel_fz_n": 671.6242464342971,
    "tire_fr_force_wheel_fz_n": 682.1420029044281,
    "tire_rl_force_wheel_fz_n": 1014.879294801287,
    "tire_rr_force_wheel_fz_n": 1064.9061336702134,
    "tire_fl_spindle_omega_radps": 0.14054771769761815,
    "tire_fr_spindle_omega_radps": 0.14263438707365209,
    "tire_rl_spindle_omega_radps": 0.16426198503669576,
    "tire_rr_spindle_omega_radps": 0.1650810374494643
  },
  "val_mixed_loss": 0.053475220488271594,
  "rollout_flat_5.0s": {
    "xy_rmse_m": 0.6528035887041043,
    "yaw_rmse_rad": 0.07280049413333864,
    "errdist": 0.08598378406211209,
    "mean_dist_m": 7.592170963684718,
    "episodes": 12
  },
  "rollout_flat_10.0s": {
    "xy_rmse_m": 2.8239791961278256,
    "yaw_rmse_rad": 0.19729677499510936,
    "errdist": 0.08018770447172704,
    "mean_dist_m": 35.2171098391215,
    "episodes": 12
  },
  "rollout_crm_5.0s": {
    "xy_rmse_m": 0.7828657128882942,
    "yaw_rmse_rad": 0.03103066195793243,
    "errdist": 0.10939223099662768,
    "mean_dist_m": 7.1565019357949495,
    "episodes": 12
  },
  "rollout_crm_10.0s": {
    "xy_rmse_m": 2.302206279342678,
    "yaw_rmse_rad": 0.06982897914317983,
    "errdist": 0.09195288771869953,
    "mean_dist_m": 25.036802393694717,
    "episodes": 12
  },
  "rollout_sel": 0.08607029609521329
}
{
  "epoch": 30,
  "timestamp_utc": "2026-07-13T19:02:48.836611+00:00",
  "train_loss": 0.0183596142581664,
  "val_loss": 0.0029837295983088552,
  "val_rmse": {
    "vel_body_x_mps": 0.0008284731853627538,
    "vel_body_y_mps": 0.000731075282491858,
    "roll_rad": 1.8042744458447692e-05,
    "pitch_rad": 8.003213084366855e-06,
    "roll_rate_radps": 0.0014063011674142862,
    "ang_vel_body_y_radps": 0.0006924162452679627,
    "yaw_rate_radps": 0.0013320363298625494,
    "tire_fl_force_wheel_fz_n": 39.84915761996603,
    "tire_fr_force_wheel_fz_n": 39.71509013466018,
    "tire_rl_force_wheel_fz_n": 23.582333230850708,
    "tire_rr_force_wheel_fz_n": 22.88776671964113,
    "tire_fl_spindle_omega_radps": 0.052205485261324465,
    "tire_fr_spindle_omega_radps": 0.05231446797850291,
    "tire_rl_spindle_omega_radps": 0.0511626002126106,
    "tire_rr_spindle_omega_radps": 0.0477237962896692
  },
  "val_flat_loss": 0.0029837295983088552,
  "val_flat_rmse": {
    "vel_body_x_mps": 0.0008284731853627538,
    "vel_body_y_mps": 0.000731075282491858,
    "roll_rad": 1.8042744458447692e-05,
    "pitch_rad": 8.003213084366855e-06,
    "roll_rate_radps": 0.0014063011674142862,
    "ang_vel_body_y_radps": 0.0006924162452679627,
    "yaw_rate_radps": 0.0013320363298625494,
    "tire_fl_force_wheel_fz_n": 39.84915761996603,
    "tire_fr_force_wheel_fz_n": 39.71509013466018,
    "tire_rl_force_wheel_fz_n": 23.582333230850708,
    "tire_rr_force_wheel_fz_n": 22.88776671964113,
    "tire_fl_spindle_omega_radps": 0.052205485261324465,
    "tire_fr_spindle_omega_radps": 0.05231446797850291,
    "tire_rl_spindle_omega_radps": 0.0511626002126106,
    "tire_rr_spindle_omega_radps": 0.0477237962896692
  },
  "val_crm_loss": 0.10355489429668524,
  "val_crm_rmse": {
    "vel_body_x_mps": 0.0032519121236943044,
    "vel_body_y_mps": 0.0025822136862687613,
    "roll_rad": 4.924875074815916e-05,
    "pitch_rad": 3.518487948499478e-05,
    "roll_rate_radps": 0.004051989665956753,
    "ang_vel_body_y_radps": 0.002822639594799845,
    "yaw_rate_radps": 0.0024411987574724596,
    "tire_fl_force_wheel_fz_n": 668.7408939636317,
    "tire_fr_force_wheel_fz_n": 675.7338240963169,
    "tire_rl_force_wheel_fz_n": 1019.854272428648,
    "tire_rr_force_wheel_fz_n": 1068.4513004194916,
    "tire_fl_spindle_omega_radps": 0.14529472160094176,
    "tire_fr_spindle_omega_radps": 0.14523891002013353,
    "tire_rl_spindle_omega_radps": 0.16930913859793417,
    "tire_rr_spindle_omega_radps": 0.16739920579236386
  },
  "val_mixed_loss": 0.053269311947497046,
  "rollout_flat_5.0s": {
    "xy_rmse_m": 1.7593818373516201,
    "yaw_rmse_rad": 0.04800316310868887,
    "errdist": 0.2317363301968818,
    "mean_dist_m": 7.592170963684718,
    "episodes": 12
  },
  "rollout_flat_10.0s": {
    "xy_rmse_m": 5.89161260548581,
    "yaw_rmse_rad": 0.09324047449821321,
    "errdist": 0.16729404066375192,
    "mean_dist_m": 35.2171098391215,
    "episodes": 12
  },
  "rollout_crm_5.0s": {
    "xy_rmse_m": 1.0317398427628584,
    "yaw_rmse_rad": 0.09353688245162738,
    "errdist": 0.1441681776961962,
    "mean_dist_m": 7.1565019357949495,
    "episodes": 12
  },
  "rollout_crm_10.0s": {
    "xy_rmse_m": 4.077005035215139,
    "yaw_rmse_rad": 0.20453093868107583,
    "errdist": 0.16284048462362327,
    "mean_dist_m": 25.036802393694717,
    "episodes": 12
  },
  "rollout_sel": 0.1650672626436876
}
{
  "epoch": 31,
  "timestamp_utc": "2026-07-13T19:04:44.283813+00:00",
  "train_loss": 0.017931739494670182,
  "val_loss": 0.0029948704271373573,
  "val_rmse": {
    "vel_body_x_mps": 0.0007864422819313222,
    "vel_body_y_mps": 0.0007156777914605883,
    "roll_rad": 1.985287160605254e-05,
    "pitch_rad": 8.828805850906376e-06,
    "roll_rate_radps": 0.0014522097738232827,
    "ang_vel_body_y_radps": 0.0006901794037426488,
    "yaw_rate_radps": 0.001326370256224584,
    "tire_fl_force_wheel_fz_n": 39.372971116367815,
    "tire_fr_force_wheel_fz_n": 39.41173981817559,
    "tire_rl_force_wheel_fz_n": 23.737782216014033,
    "tire_rr_force_wheel_fz_n": 22.632961459737892,
    "tire_fl_spindle_omega_radps": 0.05247099613818509,
    "tire_fr_spindle_omega_radps": 0.05424634677920917,
    "tire_rl_spindle_omega_radps": 0.05094446687008236,
    "tire_rr_spindle_omega_radps": 0.045152939396943
  },
  "val_flat_loss": 0.0029948704271373573,
  "val_flat_rmse": {
    "vel_body_x_mps": 0.0007864422819313222,
    "vel_body_y_mps": 0.0007156777914605883,
    "roll_rad": 1.985287160605254e-05,
    "pitch_rad": 8.828805850906376e-06,
    "roll_rate_radps": 0.0014522097738232827,
    "ang_vel_body_y_radps": 0.0006901794037426488,
    "yaw_rate_radps": 0.001326370256224584,
    "tire_fl_force_wheel_fz_n": 39.372971116367815,
    "tire_fr_force_wheel_fz_n": 39.41173981817559,
    "tire_rl_force_wheel_fz_n": 23.737782216014033,
    "tire_rr_force_wheel_fz_n": 22.632961459737892,
    "tire_fl_spindle_omega_radps": 0.05247099613818509,
    "tire_fr_spindle_omega_radps": 0.05424634677920917,
    "tire_rl_spindle_omega_radps": 0.05094446687008236,
    "tire_rr_spindle_omega_radps": 0.045152939396943
  },
  "val_crm_loss": 0.10407053750590421,
  "val_crm_rmse": {
    "vel_body_x_mps": 0.0032261116547234294,
    "vel_body_y_mps": 0.002601245805891067,
    "roll_rad": 5.360846916233251e-05,
    "pitch_rad": 3.565307980890657e-05,
    "roll_rate_radps": 0.004095192337234704,
    "ang_vel_body_y_radps": 0.0027740356946065387,
    "yaw_rate_radps": 0.002441848168928186,
    "tire_fl_force_wheel_fz_n": 690.244762724254,
    "tire_fr_force_wheel_fz_n": 682.0132658765099,
    "tire_rl_force_wheel_fz_n": 1023.9215001511003,
    "tire_rr_force_wheel_fz_n": 1080.308751262575,
    "tire_fl_spindle_omega_radps": 0.14147148260219164,
    "tire_fr_spindle_omega_radps": 0.14030742109850497,
    "tire_rl_spindle_omega_radps": 0.1649641080695553,
    "tire_rr_spindle_omega_radps": 0.1640527286303446
  },
  "val_mixed_loss": 0.05353270396652079,
  "rollout_flat_5.0s": {
    "xy_rmse_m": 0.6951202806956135,
    "yaw_rmse_rad": 0.05587216440053843,
    "errdist": 0.09155751154979917,
    "mean_dist_m": 7.592170963684718,
    "episodes": 12
  },
  "rollout_flat_10.0s": {
    "xy_rmse_m": 3.6745283369978003,
    "yaw_rmse_rad": 0.15570855246388446,
    "errdist": 0.10433929285463087,
    "mean_dist_m": 35.2171098391215,
    "episodes": 12
  },
  "rollout_crm_5.0s": {
    "xy_rmse_m": 1.282012047400084,
    "yaw_rmse_rad": 0.0836276190022855,
    "errdist": 0.1791394816771858,
    "mean_dist_m": 7.1565019357949495,
    "episodes": 12
  },
  "rollout_crm_10.0s": {
    "xy_rmse_m": 4.763566825773009,
    "yaw_rmse_rad": 0.19942824755066715,
    "errdist": 0.1902625882837446,
    "mean_dist_m": 25.036802393694717,
    "episodes": 12
  },
  "rollout_sel": 0.14730094056918774
}
{
  "epoch": 32,
  "timestamp_utc": "2026-07-13T19:06:38.648104+00:00",
  "train_loss": 0.01765327215520665,
  "val_loss": 0.00309484447214345,
  "val_rmse": {
    "vel_body_x_mps": 0.0008824594962306697,
    "vel_body_y_mps": 0.0007312887021080579,
    "roll_rad": 2.0216478412207346e-05,
    "pitch_rad": 1.0810330023566562e-05,
    "roll_rate_radps": 0.0014473554136218622,
    "ang_vel_body_y_radps": 0.0007029444776776005,
    "yaw_rate_radps": 0.0013214311167393585,
    "tire_fl_force_wheel_fz_n": 39.48193812746642,
    "tire_fr_force_wheel_fz_n": 39.70191148893327,
    "tire_rl_force_wheel_fz_n": 23.686276176764704,
    "tire_rr_force_wheel_fz_n": 22.675911316018087,
    "tire_fl_spindle_omega_radps": 0.05340907778845872,
    "tire_fr_spindle_omega_radps": 0.053250682735912235,
    "tire_rl_spindle_omega_radps": 0.052191738198749456,
    "tire_rr_spindle_omega_radps": 0.04873475691231579
  },
  "val_flat_loss": 0.00309484447214345,
  "val_flat_rmse": {
    "vel_body_x_mps": 0.0008824594962306697,
    "vel_body_y_mps": 0.0007312887021080579,
    "roll_rad": 2.0216478412207346e-05,
    "pitch_rad": 1.0810330023566562e-05,
    "roll_rate_radps": 0.0014473554136218622,
    "ang_vel_body_y_radps": 0.0007029444776776005,
    "yaw_rate_radps": 0.0013214311167393585,
    "tire_fl_force_wheel_fz_n": 39.48193812746642,
    "tire_fr_force_wheel_fz_n": 39.70191148893327,
    "tire_rl_force_wheel_fz_n": 23.686276176764704,
    "tire_rr_force_wheel_fz_n": 22.675911316018087,
    "tire_fl_spindle_omega_radps": 0.05340907778845872,
    "tire_fr_spindle_omega_radps": 0.053250682735912235,
    "tire_rl_spindle_omega_radps": 0.052191738198749456,
    "tire_rr_spindle_omega_radps": 0.04873475691231579
  },
  "val_crm_loss": 0.10418783722969238,
  "val_crm_rmse": {
    "vel_body_x_mps": 0.00323124142716205,
    "vel_body_y_mps": 0.0025729264177794865,
    "roll_rad": 5.2176413067974055e-05,
    "pitch_rad": 3.6170437653069514e-05,
    "roll_rate_radps": 0.003981648516318171,
    "ang_vel_body_y_radps": 0.002741997259811057,
    "yaw_rate_radps": 0.002442480453713645,
    "tire_fl_force_wheel_fz_n": 679.1568944976926,
    "tire_fr_force_wheel_fz_n": 680.1554862877633,
    "tire_rl_force_wheel_fz_n": 1029.0826520005269,
    "tire_rr_force_wheel_fz_n": 1076.2144557004,
    "tire_fl_spindle_omega_radps": 0.14092821112373224,
    "tire_fr_spindle_omega_radps": 0.14237499915762403,
    "tire_rl_spindle_omega_radps": 0.1654500491289479,
    "tire_rr_spindle_omega_radps": 0.16344045682557376
  },
  "val_mixed_loss": 0.053641340850917915,
  "rollout_flat_5.0s": {
    "xy_rmse_m": 0.7763695891337166,
    "yaw_rmse_rad": 0.06732945826945436,
    "errdist": 0.1022592342621484,
    "mean_dist_m": 7.592170963684718,
    "episodes": 12
  },
  "rollout_flat_10.0s": {
    "xy_rmse_m": 4.4752194833475265,
    "yaw_rmse_rad": 0.21265629737189198,
    "errdist": 0.12707514909063197,
    "mean_dist_m": 35.2171098391215,
    "episodes": 12
  },
  "rollout_crm_5.0s": {
    "xy_rmse_m": 0.6816540966724809,
    "yaw_rmse_rad": 0.053719193257560784,
    "errdist": 0.09524962094442056,
    "mean_dist_m": 7.1565019357949495,
    "episodes": 12
  },
  "rollout_crm_10.0s": {
    "xy_rmse_m": 3.3290058852144004,
    "yaw_rmse_rad": 0.15738062312564088,
    "errdist": 0.13296449893508683,
    "mean_dist_m": 25.036802393694717,
    "episodes": 12
  },
  "rollout_sel": 0.1300198240128594
}
{
  "epoch": 33,
  "timestamp_utc": "2026-07-13T19:08:33.442155+00:00",
  "train_loss": 0.017293102332390845,
  "val_loss": 0.003147292881840258,
  "val_rmse": {
    "vel_body_x_mps": 0.0008507006049290061,
    "vel_body_y_mps": 0.0007258946016292842,
    "roll_rad": 1.900169965356078e-05,
    "pitch_rad": 9.07010346783158e-06,
    "roll_rate_radps": 0.0014290622394771515,
    "ang_vel_body_y_radps": 0.0006957500028919322,
    "yaw_rate_radps": 0.0013321651916777103,
    "tire_fl_force_wheel_fz_n": 39.1759341916678,
    "tire_fr_force_wheel_fz_n": 41.17739861901371,
    "tire_rl_force_wheel_fz_n": 24.15659792078314,
    "tire_rr_force_wheel_fz_n": 23.04027842606756,
    "tire_fl_spindle_omega_radps": 0.055511568290209416,
    "tire_fr_spindle_omega_radps": 0.054381138387217656,
    "tire_rl_spindle_omega_radps": 0.05085640142443808,
    "tire_rr_spindle_omega_radps": 0.04869927965553905
  },
  "val_flat_loss": 0.003147292881840258,
  "val_flat_rmse": {
    "vel_body_x_mps": 0.0008507006049290061,
    "vel_body_y_mps": 0.0007258946016292842,
    "roll_rad": 1.900169965356078e-05,
    "pitch_rad": 9.07010346783158e-06,
    "roll_rate_radps": 0.0014290622394771515,
    "ang_vel_body_y_radps": 0.0006957500028919322,
    "yaw_rate_radps": 0.0013321651916777103,
    "tire_fl_force_wheel_fz_n": 39.1759341916678,
    "tire_fr_force_wheel_fz_n": 41.17739861901371,
    "tire_rl_force_wheel_fz_n": 24.15659792078314,
    "tire_rr_force_wheel_fz_n": 23.04027842606756,
    "tire_fl_spindle_omega_radps": 0.055511568290209416,
    "tire_fr_spindle_omega_radps": 0.054381138387217656,
    "tire_rl_spindle_omega_radps": 0.05085640142443808,
    "tire_rr_spindle_omega_radps": 0.04869927965553905
  },
  "val_crm_loss": 0.10401609801745508,
  "val_crm_rmse": {
    "vel_body_x_mps": 0.003260458843580071,
    "vel_body_y_mps": 0.0025743044377459995,
    "roll_rad": 5.5617145263383577e-05,
    "pitch_rad": 3.915464776164134e-05,
    "roll_rate_radps": 0.004045575897229098,
    "ang_vel_body_y_radps": 0.002762608264755201,
    "yaw_rate_radps": 0.0024337904887960595,
    "tire_fl_force_wheel_fz_n": 675.3271914760096,
    "tire_fr_force_wheel_fz_n": 685.2876982836809,
    "tire_rl_force_wheel_fz_n": 1022.081632977031,
    "tire_rr_force_wheel_fz_n": 1070.0567793292394,
    "tire_fl_spindle_omega_radps": 0.14222463576506247,
    "tire_fr_spindle_omega_radps": 0.14041251859079548,
    "tire_rl_spindle_omega_radps": 0.16599535253356518,
    "tire_rr_spindle_omega_radps": 0.16423135321729873
  },
  "val_mixed_loss": 0.05358169544964767,
  "rollout_flat_5.0s": {
    "xy_rmse_m": 1.8608381266289473,
    "yaw_rmse_rad": 0.08875649377802247,
    "errdist": 0.2450996079421563,
    "mean_dist_m": 7.592170963684718,
    "episodes": 12
  },
  "rollout_flat_10.0s": {
    "xy_rmse_m": 6.724226994858622,
    "yaw_rmse_rad": 0.18842240572411056,
    "errdist": 0.19093636660067162,
    "mean_dist_m": 35.2171098391215,
    "episodes": 12
  },
  "rollout_crm_5.0s": {
    "xy_rmse_m": 0.6609348397468195,
    "yaw_rmse_rad": 0.03862295633812608,
    "errdist": 0.09235445552540082,
    "mean_dist_m": 7.1565019357949495,
    "episodes": 12
  },
  "rollout_crm_10.0s": {
    "xy_rmse_m": 3.427669563653064,
    "yaw_rmse_rad": 0.12879736715717377,
    "errdist": 0.13690524491722994,
    "mean_dist_m": 25.036802393694717,
    "episodes": 12
  },
  "rollout_sel": 0.1639208057589508
}
{
  "epoch": 34,
  "timestamp_utc": "2026-07-13T19:10:28.547635+00:00",
  "train_loss": 0.017032281605992468,
  "val_loss": 0.0029855313465486687,
  "val_rmse": {
    "vel_body_x_mps": 0.0007954485056378265,
    "vel_body_y_mps": 0.0007564082094926484,
    "roll_rad": 1.866983470676085e-05,
    "pitch_rad": 1.051742824503154e-05,
    "roll_rate_radps": 0.0014489125454481874,
    "ang_vel_body_y_radps": 0.0007124427178615585,
    "yaw_rate_radps": 0.0013124245896902029,
    "tire_fl_force_wheel_fz_n": 38.880682706779794,
    "tire_fr_force_wheel_fz_n": 38.96288688970578,
    "tire_rl_force_wheel_fz_n": 23.241004611750892,
    "tire_rr_force_wheel_fz_n": 22.581633227802648,
    "tire_fl_spindle_omega_radps": 0.05553721547431716,
    "tire_fr_spindle_omega_radps": 0.0548533117730287,
    "tire_rl_spindle_omega_radps": 0.050494782496278104,
    "tire_rr_spindle_omega_radps": 0.04872036194897931
  },
  "val_flat_loss": 0.0029855313465486687,
  "val_flat_rmse": {
    "vel_body_x_mps": 0.0007954485056378265,
    "vel_body_y_mps": 0.0007564082094926484,
    "roll_rad": 1.866983470676085e-05,
    "pitch_rad": 1.051742824503154e-05,
    "roll_rate_radps": 0.0014489125454481874,
    "ang_vel_body_y_radps": 0.0007124427178615585,
    "yaw_rate_radps": 0.0013124245896902029,
    "tire_fl_force_wheel_fz_n": 38.880682706779794,
    "tire_fr_force_wheel_fz_n": 38.96288688970578,
    "tire_rl_force_wheel_fz_n": 23.241004611750892,
    "tire_rr_force_wheel_fz_n": 22.581633227802648,
    "tire_fl_spindle_omega_radps": 0.05553721547431716,
    "tire_fr_spindle_omega_radps": 0.0548533117730287,
    "tire_rl_spindle_omega_radps": 0.050494782496278104,
    "tire_rr_spindle_omega_radps": 0.04872036194897931
  },
  "val_crm_loss": 0.10547356777475216,
  "val_crm_rmse": {
    "vel_body_x_mps": 0.003316650468957043,
    "vel_body_y_mps": 0.002648157822001004,
    "roll_rad": 5.664061777207658e-05,
    "pitch_rad": 3.6331666357403584e-05,
    "roll_rate_radps": 0.004078869598394486,
    "ang_vel_body_y_radps": 0.0027553960283607246,
    "yaw_rate_radps": 0.0024601482353555112,
    "tire_fl_force_wheel_fz_n": 681.4686390515283,
    "tire_fr_force_wheel_fz_n": 688.248235202443,
    "tire_rl_force_wheel_fz_n": 1031.8150450166943,
    "tire_rr_force_wheel_fz_n": 1081.4220278674152,
    "tire_fl_spindle_omega_radps": 0.14181131090318122,
    "tire_fr_spindle_omega_radps": 0.1403181535517975,
    "tire_rl_spindle_omega_radps": 0.16727976719831988,
    "tire_rr_spindle_omega_radps": 0.164165350697706
  },
  "val_mixed_loss": 0.05422954956065041,
  "rollout_flat_5.0s": {
    "xy_rmse_m": 1.9444197196236204,
    "yaw_rmse_rad": 0.10764873710844593,
    "errdist": 0.25610852665519174,
    "mean_dist_m": 7.592170963684718,
    "episodes": 12
  },
  "rollout_flat_10.0s": {
    "xy_rmse_m": 8.791867664034262,
    "yaw_rmse_rad": 0.28763664555574053,
    "errdist": 0.24964762026745516,
    "mean_dist_m": 35.2171098391215,
    "episodes": 12
  },
  "rollout_crm_5.0s": {
    "xy_rmse_m": 1.0878885215679588,
    "yaw_rmse_rad": 0.046772253971429784,
    "errdist": 0.15201400507231405,
    "mean_dist_m": 7.1565019357949495,
    "episodes": 12
  },
  "rollout_crm_10.0s": {
    "xy_rmse_m": 2.1192566332494076,
    "yaw_rmse_rad": 0.06787606920443127,
    "errdist": 0.08464565881556514,
    "mean_dist_m": 25.036802393694717,
    "episodes": 12
  },
  "rollout_sel": 0.16714663954151016
}
{
  "epoch": 35,
  "timestamp_utc": "2026-07-13T19:12:22.882246+00:00",
  "train_loss": 0.016729383814381434,
  "val_loss": 0.002979306991910562,
  "val_rmse": {
    "vel_body_x_mps": 0.0008093135253111313,
    "vel_body_y_mps": 0.0008560885000361813,
    "roll_rad": 1.9115539560922274e-05,
    "pitch_rad": 8.68200963967753e-06,
    "roll_rate_radps": 0.0014556607640554017,
    "ang_vel_body_y_radps": 0.0006977321998534554,
    "yaw_rate_radps": 0.0012941619021329975,
    "tire_fl_force_wheel_fz_n": 39.529655474021,
    "tire_fr_force_wheel_fz_n": 39.04585535428551,
    "tire_rl_force_wheel_fz_n": 24.486239872883164,
    "tire_rr_force_wheel_fz_n": 22.68490328785168,
    "tire_fl_spindle_omega_radps": 0.05292678656130514,
    "tire_fr_spindle_omega_radps": 0.05134333031768416,
    "tire_rl_spindle_omega_radps": 0.05198976689431838,
    "tire_rr_spindle_omega_radps": 0.04774953613491617
  },
  "val_flat_loss": 0.002979306991910562,
  "val_flat_rmse": {
    "vel_body_x_mps": 0.0008093135253111313,
    "vel_body_y_mps": 0.0008560885000361813,
    "roll_rad": 1.9115539560922274e-05,
    "pitch_rad": 8.68200963967753e-06,
    "roll_rate_radps": 0.0014556607640554017,
    "ang_vel_body_y_radps": 0.0006977321998534554,
    "yaw_rate_radps": 0.0012941619021329975,
    "tire_fl_force_wheel_fz_n": 39.529655474021,
    "tire_fr_force_wheel_fz_n": 39.04585535428551,
    "tire_rl_force_wheel_fz_n": 24.486239872883164,
    "tire_rr_force_wheel_fz_n": 22.68490328785168,
    "tire_fl_spindle_omega_radps": 0.05292678656130514,
    "tire_fr_spindle_omega_radps": 0.05134333031768416,
    "tire_rl_spindle_omega_radps": 0.05198976689431838,
    "tire_rr_spindle_omega_radps": 0.04774953613491617
  },
  "val_crm_loss": 0.10548043494229205,
  "val_crm_rmse": {
    "vel_body_x_mps": 0.0032893820155897495,
    "vel_body_y_mps": 0.0026033773410124596,
    "roll_rad": 6.094617286719472e-05,
    "pitch_rad": 3.839070576207967e-05,
    "roll_rate_radps": 0.00408251923623939,
    "ang_vel_body_y_radps": 0.0027830141909250244,
    "yaw_rate_radps": 0.0024566253966501863,
    "tire_fl_force_wheel_fz_n": 684.2303084970133,
    "tire_fr_force_wheel_fz_n": 690.3350729487205,
    "tire_rl_force_wheel_fz_n": 1029.5585107157847,
    "tire_rr_force_wheel_fz_n": 1082.8588217904412,
    "tire_fl_spindle_omega_radps": 0.1413457979728964,
    "tire_fr_spindle_omega_radps": 0.1422783633014704,
    "tire_rl_spindle_omega_radps": 0.16563664558158178,
    "tire_rr_spindle_omega_radps": 0.1664364980477643
  },
  "val_mixed_loss": 0.05422987096710131,
  "rollout_flat_5.0s": {
    "xy_rmse_m": 1.2303299002966832,
    "yaw_rmse_rad": 0.05678847308283103,
    "errdist": 0.1620524493167585,
    "mean_dist_m": 7.592170963684718,
    "episodes": 12
  },
  "rollout_flat_10.0s": {
    "xy_rmse_m": 3.981975211101621,
    "yaw_rmse_rad": 0.13529680851937168,
    "errdist": 0.11306933559545478,
    "mean_dist_m": 35.2171098391215,
    "episodes": 12
  },
  "rollout_crm_5.0s": {
    "xy_rmse_m": 0.6294751730495561,
    "yaw_rmse_rad": 0.03248859316142675,
    "errdist": 0.08795849965485038,
    "mean_dist_m": 7.1565019357949495,
    "episodes": 12
  },
  "rollout_crm_10.0s": {
    "xy_rmse_m": 2.3968914712126903,
    "yaw_rmse_rad": 0.11111255029733066,
    "errdist": 0.09573472816226423,
    "mean_dist_m": 25.036802393694717,
    "episodes": 12
  },
  "rollout_sel": 0.1044020318788595
}
{
  "epoch": 36,
  "timestamp_utc": "2026-07-13T19:14:17.397987+00:00",
  "train_loss": 0.016452646337449552,
  "val_loss": 0.0030329617156166933,
  "val_rmse": {
    "vel_body_x_mps": 0.0008149082902533876,
    "vel_body_y_mps": 0.0006799972398646726,
    "roll_rad": 1.750001565201021e-05,
    "pitch_rad": 7.757690010497433e-06,
    "roll_rate_radps": 0.0014282000993097634,
    "ang_vel_body_y_radps": 0.00072991300396856,
    "yaw_rate_radps": 0.0013155062989844487,
    "tire_fl_force_wheel_fz_n": 39.92434912851519,
    "tire_fr_force_wheel_fz_n": 39.099578641001614,
    "tire_rl_force_wheel_fz_n": 24.373281037191397,
    "tire_rr_force_wheel_fz_n": 22.019188462763577,
    "tire_fl_spindle_omega_radps": 0.05616467893942965,
    "tire_fr_spindle_omega_radps": 0.056337944032880914,
    "tire_rl_spindle_omega_radps": 0.054777579288424666,
    "tire_rr_spindle_omega_radps": 0.04867206369363601
  },
  "val_flat_loss": 0.0030329617156166933,
  "val_flat_rmse": {
    "vel_body_x_mps": 0.0008149082902533876,
    "vel_body_y_mps": 0.0006799972398646726,
    "roll_rad": 1.750001565201021e-05,
    "pitch_rad": 7.757690010497433e-06,
    "roll_rate_radps": 0.0014282000993097634,
    "ang_vel_body_y_radps": 0.00072991300396856,
    "yaw_rate_radps": 0.0013155062989844487,
    "tire_fl_force_wheel_fz_n": 39.92434912851519,
    "tire_fr_force_wheel_fz_n": 39.099578641001614,
    "tire_rl_force_wheel_fz_n": 24.373281037191397,
    "tire_rr_force_wheel_fz_n": 22.019188462763577,
    "tire_fl_spindle_omega_radps": 0.05616467893942965,
    "tire_fr_spindle_omega_radps": 0.056337944032880914,
    "tire_rl_spindle_omega_radps": 0.054777579288424666,
    "tire_rr_spindle_omega_radps": 0.04867206369363601
  },
  "val_crm_loss": 0.10485588142531924,
  "val_crm_rmse": {
    "vel_body_x_mps": 0.0033150498891861397,
    "vel_body_y_mps": 0.0025736167614480005,
    "roll_rad": 5.534469922473012e-05,
    "pitch_rad": 3.755076852823128e-05,
    "roll_rate_radps": 0.003963824406119754,
    "ang_vel_body_y_radps": 0.0027188189253625227,
    "yaw_rate_radps": 0.002427854122507313,
    "tire_fl_force_wheel_fz_n": 679.2120025940159,
    "tire_fr_force_wheel_fz_n": 677.9367010891162,
    "tire_rl_force_wheel_fz_n": 1032.4240231272584,
    "tire_rr_force_wheel_fz_n": 1078.0616521632091,
    "tire_fl_spindle_omega_radps": 0.1400910949945112,
    "tire_fr_spindle_omega_radps": 0.13989718066768536,
    "tire_rl_spindle_omega_radps": 0.16597231571396143,
    "tire_rr_spindle_omega_radps": 0.1639813969223656
  },
  "val_mixed_loss": 0.053944421570467964,
  "rollout_flat_5.0s": {
    "xy_rmse_m": 1.3077383020182018,
    "yaw_rmse_rad": 0.06722138964944034,
    "errdist": 0.1722482684166948,
    "mean_dist_m": 7.592170963684718,
    "episodes": 12
  },
  "rollout_flat_10.0s": {
    "xy_rmse_m": 5.280133656149104,
    "yaw_rmse_rad": 0.14145464607289543,
    "errdist": 0.14993091938179384,
    "mean_dist_m": 35.2171098391215,
    "episodes": 12
  },
  "rollout_crm_5.0s": {
    "xy_rmse_m": 0.6026246602214981,
    "yaw_rmse_rad": 0.040052786475430584,
    "errdist": 0.08420659501359558,
    "mean_dist_m": 7.1565019357949495,
    "episodes": 12
  },
  "rollout_crm_10.0s": {
    "xy_rmse_m": 1.4635339100407034,
    "yaw_rmse_rad": 0.18326230421816025,
    "errdist": 0.058455304596296234,
    "mean_dist_m": 25.036802393694717,
    "episodes": 12
  },
  "rollout_sel": 0.10419311198904505
}
{
  "epoch": 37,
  "timestamp_utc": "2026-07-13T19:16:11.733043+00:00",
  "train_loss": 0.016121991186169908,
  "val_loss": 0.003010080293752253,
  "val_rmse": {
    "vel_body_x_mps": 0.0008724785711124911,
    "vel_body_y_mps": 0.0007032359364733598,
    "roll_rad": 2.07571109750059e-05,
    "pitch_rad": 8.77394402692994e-06,
    "roll_rate_radps": 0.0014255056924453026,
    "ang_vel_body_y_radps": 0.0006613917937845798,
    "yaw_rate_radps": 0.0013248689576499824,
    "tire_fl_force_wheel_fz_n": 39.96027064424609,
    "tire_fr_force_wheel_fz_n": 39.785285168505844,
    "tire_rl_force_wheel_fz_n": 23.00924687638075,
    "tire_rr_force_wheel_fz_n": 22.44243961822862,
    "tire_fl_spindle_omega_radps": 0.05073992648625723,
    "tire_fr_spindle_omega_radps": 0.052171903245935534,
    "tire_rl_spindle_omega_radps": 0.04948397026977358,
    "tire_rr_spindle_omega_radps": 0.0452204869032298
  },
  "val_flat_loss": 0.003010080293752253,
  "val_flat_rmse": {
    "vel_body_x_mps": 0.0008724785711124911,
    "vel_body_y_mps": 0.0007032359364733598,
    "roll_rad": 2.07571109750059e-05,
    "pitch_rad": 8.77394402692994e-06,
    "roll_rate_radps": 0.0014255056924453026,
    "ang_vel_body_y_radps": 0.0006613917937845798,
    "yaw_rate_radps": 0.0013248689576499824,
    "tire_fl_force_wheel_fz_n": 39.96027064424609,
    "tire_fr_force_wheel_fz_n": 39.785285168505844,
    "tire_rl_force_wheel_fz_n": 23.00924687638075,
    "tire_rr_force_wheel_fz_n": 22.44243961822862,
    "tire_fl_spindle_omega_radps": 0.05073992648625723,
    "tire_fr_spindle_omega_radps": 0.052171903245935534,
    "tire_rl_spindle_omega_radps": 0.04948397026977358,
    "tire_rr_spindle_omega_radps": 0.0452204869032298
  },
  "val_crm_loss": 0.10509768751100637,
  "val_crm_rmse": {
    "vel_body_x_mps": 0.003261131606672933,
    "vel_body_y_mps": 0.0025789933823067213,
    "roll_rad": 4.957694490390905e-05,
    "pitch_rad": 3.627693585179816e-05,
    "roll_rate_radps": 0.00392410399186785,
    "ang_vel_body_y_radps": 0.002736423992528083,
    "yaw_rate_radps": 0.0024366751356143575,
    "tire_fl_force_wheel_fz_n": 683.7510145762725,
    "tire_fr_force_wheel_fz_n": 689.7592728959129,
    "tire_rl_force_wheel_fz_n": 1032.2252059345392,
    "tire_rr_force_wheel_fz_n": 1078.894735381056,
    "tire_fl_spindle_omega_radps": 0.14074742656456515,
    "tire_fr_spindle_omega_radps": 0.13957847170915222,
    "tire_rl_spindle_omega_radps": 0.16621688308895846,
    "tire_rr_spindle_omega_radps": 0.16604960382917935
  },
  "val_mixed_loss": 0.054053883902379314,
  "rollout_flat_5.0s": {
    "xy_rmse_m": 1.1479111533658555,
    "yaw_rmse_rad": 0.058279409564875886,
    "errdist": 0.1511966944443962,
    "mean_dist_m": 7.592170963684718,
    "episodes": 12
  },
  "rollout_flat_10.0s": {
    "xy_rmse_m": 3.232781936454323,
    "yaw_rmse_rad": 0.0940328583344735,
    "errdist": 0.0917957762923275,
    "mean_dist_m": 35.2171098391215,
    "episodes": 12
  },
  "rollout_crm_5.0s": {
    "xy_rmse_m": 0.7180374691536376,
    "yaw_rmse_rad": 0.03023126780473475,
    "errdist": 0.10033358134959793,
    "mean_dist_m": 7.1565019357949495,
    "episodes": 12
  },
  "rollout_crm_10.0s": {
    "xy_rmse_m": 1.436480636294445,
    "yaw_rmse_rad": 0.0923515079948734,
    "errdist": 0.05737476430521371,
    "mean_dist_m": 25.036802393694717,
    "episodes": 12
  },
  "rollout_sel": 0.0745852702987706
}
{
  "epoch": 38,
  "timestamp_utc": "2026-07-13T19:18:08.245005+00:00",
  "train_loss": 0.01585789399780333,
  "val_loss": 0.0030780896161741113,
  "val_rmse": {
    "vel_body_x_mps": 0.0007903847278888303,
    "vel_body_y_mps": 0.0008341974307573689,
    "roll_rad": 2.331721564208094e-05,
    "pitch_rad": 1.0010656480922256e-05,
    "roll_rate_radps": 0.0014299312098406233,
    "ang_vel_body_y_radps": 0.0006916187159488915,
    "yaw_rate_radps": 0.0013136230187398336,
    "tire_fl_force_wheel_fz_n": 38.537695706959724,
    "tire_fr_force_wheel_fz_n": 38.955350706778724,
    "tire_rl_force_wheel_fz_n": 22.995573432729138,
    "tire_rr_force_wheel_fz_n": 21.96470902025942,
    "tire_fl_spindle_omega_radps": 0.056718606350555645,
    "tire_fr_spindle_omega_radps": 0.05478961220576052,
    "tire_rl_spindle_omega_radps": 0.050307322371260815,
    "tire_rr_spindle_omega_radps": 0.04763341665307271
  },
  "val_flat_loss": 0.0030780896161741113,
  "val_flat_rmse": {
    "vel_body_x_mps": 0.0007903847278888303,
    "vel_body_y_mps": 0.0008341974307573689,
    "roll_rad": 2.331721564208094e-05,
    "pitch_rad": 1.0010656480922256e-05,
    "roll_rate_radps": 0.0014299312098406233,
    "ang_vel_body_y_radps": 0.0006916187159488915,
    "yaw_rate_radps": 0.0013136230187398336,
    "tire_fl_force_wheel_fz_n": 38.537695706959724,
    "tire_fr_force_wheel_fz_n": 38.955350706778724,
    "tire_rl_force_wheel_fz_n": 22.995573432729138,
    "tire_rr_force_wheel_fz_n": 21.96470902025942,
    "tire_fl_spindle_omega_radps": 0.056718606350555645,
    "tire_fr_spindle_omega_radps": 0.05478961220576052,
    "tire_rl_spindle_omega_radps": 0.050307322371260815,
    "tire_rr_spindle_omega_radps": 0.04763341665307271
  },
  "val_crm_loss": 0.10602192955790088,
  "val_crm_rmse": {
    "vel_body_x_mps": 0.0032461412928180833,
    "vel_body_y_mps": 0.002580811473221141,
    "roll_rad": 4.948911648187083e-05,
    "pitch_rad": 3.506000228863564e-05,
    "roll_rate_radps": 0.003946087195098298,
    "ang_vel_body_y_radps": 0.002687360066183226,
    "yaw_rate_radps": 0.0024647581932979133,
    "tire_fl_force_wheel_fz_n": 687.4599693885592,
    "tire_fr_force_wheel_fz_n": 703.0846657632674,
    "tire_rl_force_wheel_fz_n": 1041.0061933771856,
    "tire_rr_force_wheel_fz_n": 1082.778168099621,
    "tire_fl_spindle_omega_radps": 0.14283469210837696,
    "tire_fr_spindle_omega_radps": 0.1417786413697562,
    "tire_rl_spindle_omega_radps": 0.1652385246437057,
    "tire_rr_spindle_omega_radps": 0.16495504472995243
  },
  "val_mixed_loss": 0.0545500095870375,
  "rollout_flat_5.0s": {
    "xy_rmse_m": 0.9588418670865564,
    "yaw_rmse_rad": 0.0545752326926751,
    "errdist": 0.1262935030932444,
    "mean_dist_m": 7.592170963684718,
    "episodes": 12
  },
  "rollout_flat_10.0s": {
    "xy_rmse_m": 6.111586823383585,
    "yaw_rmse_rad": 0.18396551863036292,
    "errdist": 0.1735402720808858,
    "mean_dist_m": 35.2171098391215,
    "episodes": 12
  },
  "rollout_crm_5.0s": {
    "xy_rmse_m": 0.9591561053849355,
    "yaw_rmse_rad": 0.03436702171039851,
    "errdist": 0.13402582909780095,
    "mean_dist_m": 7.1565019357949495,
    "episodes": 12
  },
  "rollout_crm_10.0s": {
    "xy_rmse_m": 1.9238562854855215,
    "yaw_rmse_rad": 0.5176066642618317,
    "errdist": 0.07684113391293237,
    "mean_dist_m": 25.036802393694717,
    "episodes": 12
  },
  "rollout_sel": 0.1251907029969091
}
{
  "epoch": 39,
  "timestamp_utc": "2026-07-13T19:20:03.977377+00:00",
  "train_loss": 0.01553389391861856,
  "val_loss": 0.002854940875804459,
  "val_rmse": {
    "vel_body_x_mps": 0.0007711234718866272,
    "vel_body_y_mps": 0.0006840692587295524,
    "roll_rad": 2.1394106427602207e-05,
    "pitch_rad": 7.663537685389808e-06,
    "roll_rate_radps": 0.0014008384942285309,
    "ang_vel_body_y_radps": 0.0006917900109251841,
    "yaw_rate_radps": 0.0013149251330210792,
    "tire_fl_force_wheel_fz_n": 38.69636922187084,
    "tire_fr_force_wheel_fz_n": 38.298386950862394,
    "tire_rl_force_wheel_fz_n": 23.31669871607776,
    "tire_rr_force_wheel_fz_n": 22.00357107136426,
    "tire_fl_spindle_omega_radps": 0.05387232744532548,
    "tire_fr_spindle_omega_radps": 0.0519019931348874,
    "tire_rl_spindle_omega_radps": 0.05111959153846829,
    "tire_rr_spindle_omega_radps": 0.04835531965259632
  },
  "val_flat_loss": 0.002854940875804459,
  "val_flat_rmse": {
    "vel_body_x_mps": 0.0007711234718866272,
    "vel_body_y_mps": 0.0006840692587295524,
    "roll_rad": 2.1394106427602207e-05,
    "pitch_rad": 7.663537685389808e-06,
    "roll_rate_radps": 0.0014008384942285309,
    "ang_vel_body_y_radps": 0.0006917900109251841,
    "yaw_rate_radps": 0.0013149251330210792,
    "tire_fl_force_wheel_fz_n": 38.69636922187084,
    "tire_fr_force_wheel_fz_n": 38.298386950862394,
    "tire_rl_force_wheel_fz_n": 23.31669871607776,
    "tire_rr_force_wheel_fz_n": 22.00357107136426,
    "tire_fl_spindle_omega_radps": 0.05387232744532548,
    "tire_fr_spindle_omega_radps": 0.0519019931348874,
    "tire_rl_spindle_omega_radps": 0.05111959153846829,
    "tire_rr_spindle_omega_radps": 0.04835531965259632
  },
  "val_crm_loss": 0.1061672427423764,
  "val_crm_rmse": {
    "vel_body_x_mps": 0.0032411432936794945,
    "vel_body_y_mps": 0.002590645893389055,
    "roll_rad": 5.108932242624414e-05,
    "pitch_rad": 3.3117809009189516e-05,
    "roll_rate_radps": 0.003993573304946005,
    "ang_vel_body_y_radps": 0.002746267381281153,
    "yaw_rate_radps": 0.0024615446133883796,
    "tire_fl_force_wheel_fz_n": 682.0331993170884,
    "tire_fr_force_wheel_fz_n": 695.1054309626768,
    "tire_rl_force_wheel_fz_n": 1038.4689828021767,
    "tire_rr_force_wheel_fz_n": 1092.838131880502,
    "tire_fl_spindle_omega_radps": 0.14231989788247648,
    "tire_fr_spindle_omega_radps": 0.14035342291467973,
    "tire_rl_spindle_omega_radps": 0.16624678611981833,
    "tire_rr_spindle_omega_radps": 0.1654762531455967
  },
  "val_mixed_loss": 0.05451109180909043,
  "rollout_flat_5.0s": {
    "xy_rmse_m": 0.8545791512667062,
    "yaw_rmse_rad": 0.03222112475381386,
    "errdist": 0.11256057791037312,
    "mean_dist_m": 7.592170963684718,
    "episodes": 12
  },
  "rollout_flat_10.0s": {
    "xy_rmse_m": 5.0087430892781155,
    "yaw_rmse_rad": 0.13470514497583513,
    "errdist": 0.14222470589321534,
    "mean_dist_m": 35.2171098391215,
    "episodes": 12
  },
  "rollout_crm_5.0s": {
    "xy_rmse_m": 0.574863878253549,
    "yaw_rmse_rad": 0.031101956335893015,
    "errdist": 0.0803274956691104,
    "mean_dist_m": 7.1565019357949495,
    "episodes": 12
  },
  "rollout_crm_10.0s": {
    "xy_rmse_m": 2.2473204824841604,
    "yaw_rmse_rad": 0.21699582515474988,
    "errdist": 0.0897606829796335,
    "mean_dist_m": 25.036802393694717,
    "episodes": 12
  },
  "rollout_sel": 0.11599269443642442
}
{
  "epoch": 40,
  "timestamp_utc": "2026-07-13T19:21:57.979399+00:00",
  "train_loss": 0.015344580027274787,
  "val_loss": 0.0027689245692818078,
  "val_rmse": {
    "vel_body_x_mps": 0.0007766578247526514,
    "vel_body_y_mps": 0.0007503540066062425,
    "roll_rad": 1.5666177271533924e-05,
    "pitch_rad": 7.3798357807390505e-06,
    "roll_rate_radps": 0.0014177837824790502,
    "ang_vel_body_y_radps": 0.0007155412320162585,
    "yaw_rate_radps": 0.001309118767590361,
    "tire_fl_force_wheel_fz_n": 38.393870169668716,
    "tire_fr_force_wheel_fz_n": 38.78544926153391,
    "tire_rl_force_wheel_fz_n": 23.032381970811095,
    "tire_rr_force_wheel_fz_n": 21.807960949571733,
    "tire_fl_spindle_omega_radps": 0.05192049056582353,
    "tire_fr_spindle_omega_radps": 0.05168732331427616,
    "tire_rl_spindle_omega_radps": 0.05074456078542445,
    "tire_rr_spindle_omega_radps": 0.04664113968972327
  },
  "val_flat_loss": 0.0027689245692818078,
  "val_flat_rmse": {
    "vel_body_x_mps": 0.0007766578247526514,
    "vel_body_y_mps": 0.0007503540066062425,
    "roll_rad": 1.5666177271533924e-05,
    "pitch_rad": 7.3798357807390505e-06,
    "roll_rate_radps": 0.0014177837824790502,
    "ang_vel_body_y_radps": 0.0007155412320162585,
    "yaw_rate_radps": 0.001309118767590361,
    "tire_fl_force_wheel_fz_n": 38.393870169668716,
    "tire_fr_force_wheel_fz_n": 38.78544926153391,
    "tire_rl_force_wheel_fz_n": 23.032381970811095,
    "tire_rr_force_wheel_fz_n": 21.807960949571733,
    "tire_fl_spindle_omega_radps": 0.05192049056582353,
    "tire_fr_spindle_omega_radps": 0.05168732331427616,
    "tire_rl_spindle_omega_radps": 0.05074456078542445,
    "tire_rr_spindle_omega_radps": 0.04664113968972327
  },
  "val_crm_loss": 0.10657625668216497,
  "val_crm_rmse": {
    "vel_body_x_mps": 0.0032426972802600306,
    "vel_body_y_mps": 0.0025891981668959324,
    "roll_rad": 5.067609321095449e-05,
    "pitch_rad": 3.471695195482326e-05,
    "roll_rate_radps": 0.003984242375686192,
    "ang_vel_body_y_radps": 0.002702387639265418,
    "yaw_rate_radps": 0.0024646432525144077,
    "tire_fl_force_wheel_fz_n": 686.789091247767,
    "tire_fr_force_wheel_fz_n": 695.9914998046262,
    "tire_rl_force_wheel_fz_n": 1034.8936868513194,
    "tire_rr_force_wheel_fz_n": 1097.0609030224762,
    "tire_fl_spindle_omega_radps": 0.1405084953823512,
    "tire_fr_spindle_omega_radps": 0.1411879324253166,
    "tire_rl_spindle_omega_radps": 0.16673236152139953,
    "tire_rr_spindle_omega_radps": 0.1647866412724838
  },
  "val_mixed_loss": 0.05467259062572339,
  "rollout_flat_5.0s": {
    "xy_rmse_m": 1.8972193786291975,
    "yaw_rmse_rad": 0.10894210442321556,
    "errdist": 0.24989155113920375,
    "mean_dist_m": 7.592170963684718,
    "episodes": 12
  },
  "rollout_flat_10.0s": {
    "xy_rmse_m": 9.378900873007101,
    "yaw_rmse_rad": 0.3010868272379801,
    "errdist": 0.2663165976950328,
    "mean_dist_m": 35.2171098391215,
    "episodes": 12
  },
  "rollout_crm_5.0s": {
    "xy_rmse_m": 0.8331646091043801,
    "yaw_rmse_rad": 0.03980421808404005,
    "errdist": 0.11642065028126504,
    "mean_dist_m": 7.1565019357949495,
    "episodes": 12
  },
  "rollout_crm_10.0s": {
    "xy_rmse_m": 3.7573094236192084,
    "yaw_rmse_rad": 0.19547482785514003,
    "errdist": 0.15007145739047936,
    "mean_dist_m": 25.036802393694717,
    "episodes": 12
  },
  "rollout_sel": 0.20819402754275607
}
{
  "epoch": 41,
  "timestamp_utc": "2026-07-13T19:23:53.491243+00:00",
  "train_loss": 0.015164852110901848,
  "val_loss": 0.0028037530270921705,
  "val_rmse": {
    "vel_body_x_mps": 0.0008312103134568904,
    "vel_body_y_mps": 0.0006779639769648526,
    "roll_rad": 1.413724158725135e-05,
    "pitch_rad": 7.512952820532823e-06,
    "roll_rate_radps": 0.00137185880060917,
    "ang_vel_body_y_radps": 0.0006828863213350595,
    "yaw_rate_radps": 0.0012834252212387959,
    "tire_fl_force_wheel_fz_n": 37.4925241557684,
    "tire_fr_force_wheel_fz_n": 38.077645030606725,
    "tire_rl_force_wheel_fz_n": 23.37413736760998,
    "tire_rr_force_wheel_fz_n": 21.996598824155893,
    "tire_fl_spindle_omega_radps": 0.05260669628366299,
    "tire_fr_spindle_omega_radps": 0.05119858719238004,
    "tire_rl_spindle_omega_radps": 0.04988493340950578,
    "tire_rr_spindle_omega_radps": 0.04767151841518447
  },
  "val_flat_loss": 0.0028037530270921705,
  "val_flat_rmse": {
    "vel_body_x_mps": 0.0008312103134568904,
    "vel_body_y_mps": 0.0006779639769648526,
    "roll_rad": 1.413724158725135e-05,
    "pitch_rad": 7.512952820532823e-06,
    "roll_rate_radps": 0.00137185880060917,
    "ang_vel_body_y_radps": 0.0006828863213350595,
    "yaw_rate_radps": 0.0012834252212387959,
    "tire_fl_force_wheel_fz_n": 37.4925241557684,
    "tire_fr_force_wheel_fz_n": 38.077645030606725,
    "tire_rl_force_wheel_fz_n": 23.37413736760998,
    "tire_rr_force_wheel_fz_n": 21.996598824155893,
    "tire_fl_spindle_omega_radps": 0.05260669628366299,
    "tire_fr_spindle_omega_radps": 0.05119858719238004,
    "tire_rl_spindle_omega_radps": 0.04988493340950578,
    "tire_rr_spindle_omega_radps": 0.04767151841518447
  },
  "val_crm_loss": 0.10633760763157625,
  "val_crm_rmse": {
    "vel_body_x_mps": 0.003231204071045338,
    "vel_body_y_mps": 0.0025630546199248276,
    "roll_rad": 4.734558144597778e-05,
    "pitch_rad": 3.2123122416346256e-05,
    "roll_rate_radps": 0.0039040303638254855,
    "ang_vel_body_y_radps": 0.002714111075676143,
    "yaw_rate_radps": 0.0024366371595316077,
    "tire_fl_force_wheel_fz_n": 690.0070943362648,
    "tire_fr_force_wheel_fz_n": 694.2642567860831,
    "tire_rl_force_wheel_fz_n": 1038.3543487641452,
    "tire_rr_force_wheel_fz_n": 1093.0843544989632,
    "tire_fl_spindle_omega_radps": 0.14144516888738323,
    "tire_fr_spindle_omega_radps": 0.14093195289272595,
    "tire_rl_spindle_omega_radps": 0.1669022734211936,
    "tire_rr_spindle_omega_radps": 0.16396862971083373
  },
  "val_mixed_loss": 0.05457068032933421,
  "rollout_flat_5.0s": {
    "xy_rmse_m": 0.9444614673012243,
    "yaw_rmse_rad": 0.03870524014698294,
    "errdist": 0.124399394036149,
    "mean_dist_m": 7.592170963684718,
    "episodes": 12
  },
  "rollout_flat_10.0s": {
    "xy_rmse_m": 3.981304868981755,
    "yaw_rmse_rad": 0.1175802238674123,
    "errdist": 0.11305030103745362,
    "mean_dist_m": 35.2171098391215,
    "episodes": 12
  },
  "rollout_crm_5.0s": {
    "xy_rmse_m": 0.39146685097512596,
    "yaw_rmse_rad": 0.0348856501227858,
    "errdist": 0.05470086565855746,
    "mean_dist_m": 7.1565019357949495,
    "episodes": 12
  },
  "rollout_crm_10.0s": {
    "xy_rmse_m": 1.8217773278709348,
    "yaw_rmse_rad": 0.0789946666292405,
    "errdist": 0.0727639775728602,
    "mean_dist_m": 25.036802393694717,
    "episodes": 12
  },
  "rollout_sel": 0.0929071393051569
}
{
  "epoch": 42,
  "timestamp_utc": "2026-07-13T19:25:50.035860+00:00",
  "train_loss": 0.014784502548165619,
  "val_loss": 0.0027994938008123428,
  "val_rmse": {
    "vel_body_x_mps": 0.0008034758106125916,
    "vel_body_y_mps": 0.0006890341839179788,
    "roll_rad": 1.5419853116821286e-05,
    "pitch_rad": 7.600253071193936e-06,
    "roll_rate_radps": 0.0014040480442599128,
    "ang_vel_body_y_radps": 0.0006933244672288682,
    "yaw_rate_radps": 0.001306720656063548,
    "tire_fl_force_wheel_fz_n": 38.12575232904787,
    "tire_fr_force_wheel_fz_n": 38.100064909309005,
    "tire_rl_force_wheel_fz_n": 23.11968657965058,
    "tire_rr_force_wheel_fz_n": 21.751580491793952,
    "tire_fl_spindle_omega_radps": 0.05214769228261602,
    "tire_fr_spindle_omega_radps": 0.051260768156645174,
    "tire_rl_spindle_omega_radps": 0.04927294499980624,
    "tire_rr_spindle_omega_radps": 0.046737589441403576
  },
  "val_flat_loss": 0.0027994938008123428,
  "val_flat_rmse": {
    "vel_body_x_mps": 0.0008034758106125916,
    "vel_body_y_mps": 0.0006890341839179788,
    "roll_rad": 1.5419853116821286e-05,
    "pitch_rad": 7.600253071193936e-06,
    "roll_rate_radps": 0.0014040480442599128,
    "ang_vel_body_y_radps": 0.0006933244672288682,
    "yaw_rate_radps": 0.001306720656063548,
    "tire_fl_force_wheel_fz_n": 38.12575232904787,
    "tire_fr_force_wheel_fz_n": 38.100064909309005,
    "tire_rl_force_wheel_fz_n": 23.11968657965058,
    "tire_rr_force_wheel_fz_n": 21.751580491793952,
    "tire_fl_spindle_omega_radps": 0.05214769228261602,
    "tire_fr_spindle_omega_radps": 0.051260768156645174,
    "tire_rl_spindle_omega_radps": 0.04927294499980624,
    "tire_rr_spindle_omega_radps": 0.046737589441403576
  },
  "val_crm_loss": 0.10704337814124301,
  "val_crm_rmse": {
    "vel_body_x_mps": 0.003266300113829018,
    "vel_body_y_mps": 0.0025596305771016393,
    "roll_rad": 5.135850340700026e-05,
    "pitch_rad": 3.2714501031548924e-05,
    "roll_rate_radps": 0.003944716642012887,
    "ang_vel_body_y_radps": 0.002695356133218234,
    "yaw_rate_radps": 0.0024459362398527645,
    "tire_fl_force_wheel_fz_n": 681.894623054533,
    "tire_fr_force_wheel_fz_n": 704.461235877464,
    "tire_rl_force_wheel_fz_n": 1037.866280669284,
    "tire_rr_force_wheel_fz_n": 1102.81252967751,
    "tire_fl_spindle_omega_radps": 0.14209569448138737,
    "tire_fr_spindle_omega_radps": 0.1413334474156343,
    "tire_rl_spindle_omega_radps": 0.1673634796072053,
    "tire_rr_spindle_omega_radps": 0.16634106497452691
  },
  "val_mixed_loss": 0.05492143597102768,
  "rollout_flat_5.0s": {
    "xy_rmse_m": 1.2247518207582975,
    "yaw_rmse_rad": 0.12529449763248535,
    "errdist": 0.16131773462644564,
    "mean_dist_m": 7.592170963684718,
    "episodes": 12
  },
  "rollout_flat_10.0s": {
    "xy_rmse_m": 7.682347806115498,
    "yaw_rmse_rad": 0.37288759020952345,
    "errdist": 0.21814248361691047,
    "mean_dist_m": 35.2171098391215,
    "episodes": 12
  },
  "rollout_crm_5.0s": {
    "xy_rmse_m": 0.7208925459545307,
    "yaw_rmse_rad": 0.047839238221093865,
    "errdist": 0.1007325300016779,
    "mean_dist_m": 7.1565019357949495,
    "episodes": 12
  },
  "rollout_crm_10.0s": {
    "xy_rmse_m": 2.9525824645281062,
    "yaw_rmse_rad": 0.11172702934246381,
    "errdist": 0.11792969477890221,
    "mean_dist_m": 25.036802393694717,
    "episodes": 12
  },
  "rollout_sel": 0.16803608919790633
}
{
  "epoch": 43,
  "timestamp_utc": "2026-07-13T19:27:45.053989+00:00",
  "train_loss": 0.01460797990905121,
  "val_loss": 0.0028288349834474503,
  "val_rmse": {
    "vel_body_x_mps": 0.0008888213504890702,
    "vel_body_y_mps": 0.0006655665925287147,
    "roll_rad": 1.4325483596071233e-05,
    "pitch_rad": 7.588282577040573e-06,
    "roll_rate_radps": 0.0013744306176552948,
    "ang_vel_body_y_radps": 0.0006777609102602672,
    "yaw_rate_radps": 0.001287284492624432,
    "tire_fl_force_wheel_fz_n": 37.053217396118654,
    "tire_fr_force_wheel_fz_n": 37.89119481867568,
    "tire_rl_force_wheel_fz_n": 23.289894288676084,
    "tire_rr_force_wheel_fz_n": 21.70725852870665,
    "tire_fl_spindle_omega_radps": 0.052249277404289536,
    "tire_fr_spindle_omega_radps": 0.051820605100114214,
    "tire_rl_spindle_omega_radps": 0.049201900091035033,
    "tire_rr_spindle_omega_radps": 0.04644106504966384
  },
  "val_flat_loss": 0.0028288349834474503,
  "val_flat_rmse": {
    "vel_body_x_mps": 0.0008888213504890702,
    "vel_body_y_mps": 0.0006655665925287147,
    "roll_rad": 1.4325483596071233e-05,
    "pitch_rad": 7.588282577040573e-06,
    "roll_rate_radps": 0.0013744306176552948,
    "ang_vel_body_y_radps": 0.0006777609102602672,
    "yaw_rate_radps": 0.001287284492624432,
    "tire_fl_force_wheel_fz_n": 37.053217396118654,
    "tire_fr_force_wheel_fz_n": 37.89119481867568,
    "tire_rl_force_wheel_fz_n": 23.289894288676084,
    "tire_rr_force_wheel_fz_n": 21.70725852870665,
    "tire_fl_spindle_omega_radps": 0.052249277404289536,
    "tire_fr_spindle_omega_radps": 0.051820605100114214,
    "tire_rl_spindle_omega_radps": 0.049201900091035033,
    "tire_rr_spindle_omega_radps": 0.04644106504966384
  },
  "val_crm_loss": 0.10677059485286008,
  "val_crm_rmse": {
    "vel_body_x_mps": 0.003291476018327531,
    "vel_body_y_mps": 0.0025709796577999154,
    "roll_rad": 4.7929015580657656e-05,
    "pitch_rad": 3.20348602349636e-05,
    "roll_rate_radps": 0.003944931585127099,
    "ang_vel_body_y_radps": 0.002715466774725184,
    "yaw_rate_radps": 0.002443168201519068,
    "tire_fl_force_wheel_fz_n": 691.6644548200546,
    "tire_fr_force_wheel_fz_n": 697.2527645120017,
    "tire_rl_force_wheel_fz_n": 1037.9057654710502,
    "tire_rr_force_wheel_fz_n": 1098.8141772034317,
    "tire_fl_spindle_omega_radps": 0.14371080316018214,
    "tire_fr_spindle_omega_radps": 0.14384649762264165,
    "tire_rl_spindle_omega_radps": 0.16841119396568802,
    "tire_rr_spindle_omega_radps": 0.16709576365461007
  },
  "val_mixed_loss": 0.05479971491815377,
  "rollout_flat_5.0s": {
    "xy_rmse_m": 0.9328375186259444,
    "yaw_rmse_rad": 0.04631270664549082,
    "errdist": 0.1228683499209835,
    "mean_dist_m": 7.592170963684718,
    "episodes": 12
  },
  "rollout_flat_10.0s": {
    "xy_rmse_m": 4.1527338273619145,
    "yaw_rmse_rad": 0.10321765474312362,
    "errdist": 0.11791807579703155,
    "mean_dist_m": 35.2171098391215,
    "episodes": 12
  },
  "rollout_crm_5.0s": {
    "xy_rmse_m": 0.6706540424544096,
    "yaw_rmse_rad": 0.042071224233464134,
    "errdist": 0.0937125495767665,
    "mean_dist_m": 7.1565019357949495,
    "episodes": 12
  },
  "rollout_crm_10.0s": {
    "xy_rmse_m": 2.799821008683245,
    "yaw_rmse_rad": 0.5380448461444213,
    "errdist": 0.11182821850238964,
    "mean_dist_m": 25.036802393694717,
    "episodes": 12
  },
  "rollout_sel": 0.11487314714971059
}
{
  "epoch": 44,
  "timestamp_utc": "2026-07-13T19:29:40.442705+00:00",
  "train_loss": 0.014270144853042439,
  "val_loss": 0.0026635445334795803,
  "val_rmse": {
    "vel_body_x_mps": 0.0007587293360543009,
    "vel_body_y_mps": 0.0006883005606296222,
    "roll_rad": 1.5458554583763624e-05,
    "pitch_rad": 7.261098274773002e-06,
    "roll_rate_radps": 0.0013966137996077154,
    "ang_vel_body_y_radps": 0.0006823409224326882,
    "yaw_rate_radps": 0.0012872283563310377,
    "tire_fl_force_wheel_fz_n": 37.42576970440944,
    "tire_fr_force_wheel_fz_n": 38.082020316259836,
    "tire_rl_force_wheel_fz_n": 23.069002695800215,
    "tire_rr_force_wheel_fz_n": 21.675906135445427,
    "tire_fl_spindle_omega_radps": 0.052560196001025246,
    "tire_fr_spindle_omega_radps": 0.05061615900962173,
    "tire_rl_spindle_omega_radps": 0.04990282932086012,
    "tire_rr_spindle_omega_radps": 0.04667246423240935
  },
  "val_flat_loss": 0.0026635445334795803,
  "val_flat_rmse": {
    "vel_body_x_mps": 0.0007587293360543009,
    "vel_body_y_mps": 0.0006883005606296222,
    "roll_rad": 1.5458554583763624e-05,
    "pitch_rad": 7.261098274773002e-06,
    "roll_rate_radps": 0.0013966137996077154,
    "ang_vel_body_y_radps": 0.0006823409224326882,
    "yaw_rate_radps": 0.0012872283563310377,
    "tire_fl_force_wheel_fz_n": 37.42576970440944,
    "tire_fr_force_wheel_fz_n": 38.082020316259836,
    "tire_rl_force_wheel_fz_n": 23.069002695800215,
    "tire_rr_force_wheel_fz_n": 21.675906135445427,
    "tire_fl_spindle_omega_radps": 0.052560196001025246,
    "tire_fr_spindle_omega_radps": 0.05061615900962173,
    "tire_rl_spindle_omega_radps": 0.04990282932086012,
    "tire_rr_spindle_omega_radps": 0.04667246423240935
  },
  "val_crm_loss": 0.1069557573943166,
  "val_crm_rmse": {
    "vel_body_x_mps": 0.003247168694714058,
    "vel_body_y_mps": 0.0025597913335222546,
    "roll_rad": 5.0345460801468035e-05,
    "pitch_rad": 3.170091823528841e-05,
    "roll_rate_radps": 0.003923803650719248,
    "ang_vel_body_y_radps": 0.0026693003861412118,
    "yaw_rate_radps": 0.0024504238410836027,
    "tire_fl_force_wheel_fz_n": 689.2744857362788,
    "tire_fr_force_wheel_fz_n": 700.7218458778971,
    "tire_rl_force_wheel_fz_n": 1045.3921410337637,
    "tire_rr_force_wheel_fz_n": 1100.0811210563807,
    "tire_fl_spindle_omega_radps": 0.1410207169582298,
    "tire_fr_spindle_omega_radps": 0.14078384787907955,
    "tire_rl_spindle_omega_radps": 0.1661949998275429,
    "tire_rr_spindle_omega_radps": 0.16458238701988478
  },
  "val_mixed_loss": 0.054809650963898095,
  "rollout_flat_5.0s": {
    "xy_rmse_m": 1.5082101131219023,
    "yaw_rmse_rad": 0.05260820075105805,
    "errdist": 0.1986533391221107,
    "mean_dist_m": 7.592170963684718,
    "episodes": 12
  },
  "rollout_flat_10.0s": {
    "xy_rmse_m": 8.714756338974073,
    "yaw_rmse_rad": 0.18869410321366423,
    "errdist": 0.24745802193265573,
    "mean_dist_m": 35.2171098391215,
    "episodes": 12
  },
  "rollout_crm_5.0s": {
    "xy_rmse_m": 0.9730581101246586,
    "yaw_rmse_rad": 0.08851737687312401,
    "errdist": 0.13596839892653093,
    "mean_dist_m": 7.1565019357949495,
    "episodes": 12
  },
  "rollout_crm_10.0s": {
    "xy_rmse_m": 4.21510124600811,
    "yaw_rmse_rad": 0.21175281298443124,
    "errdist": 0.16835621337450196,
    "mean_dist_m": 25.036802393694717,
    "episodes": 12
  },
  "rollout_sel": 0.20790711765357883
}
{
  "epoch": 45,
  "timestamp_utc": "2026-07-13T19:31:32.346419+00:00",
  "train_loss": 0.014072024047607556,
  "val_loss": 0.0027577764830130037,
  "val_rmse": {
    "vel_body_x_mps": 0.0007731754950407764,
    "vel_body_y_mps": 0.0006678009364674233,
    "roll_rad": 1.6839762482609975e-05,
    "pitch_rad": 8.036860655671608e-06,
    "roll_rate_radps": 0.0014012438514904749,
    "ang_vel_body_y_radps": 0.0006879762689724702,
    "yaw_rate_radps": 0.0012842944107968953,
    "tire_fl_force_wheel_fz_n": 39.79594964798662,
    "tire_fr_force_wheel_fz_n": 39.08449509839279,
    "tire_rl_force_wheel_fz_n": 23.748888271312158,
    "tire_rr_force_wheel_fz_n": 21.805824239766867,
    "tire_fl_spindle_omega_radps": 0.05175272043368805,
    "tire_fr_spindle_omega_radps": 0.052800733015653724,
    "tire_rl_spindle_omega_radps": 0.051470510489840145,
    "tire_rr_spindle_omega_radps": 0.044545104462692116
  },
  "val_flat_loss": 0.0027577764830130037,
  "val_flat_rmse": {
    "vel_body_x_mps": 0.0007731754950407764,
    "vel_body_y_mps": 0.0006678009364674233,
    "roll_rad": 1.6839762482609975e-05,
    "pitch_rad": 8.036860655671608e-06,
    "roll_rate_radps": 0.0014012438514904749,
    "ang_vel_body_y_radps": 0.0006879762689724702,
    "yaw_rate_radps": 0.0012842944107968953,
    "tire_fl_force_wheel_fz_n": 39.79594964798662,
    "tire_fr_force_wheel_fz_n": 39.08449509839279,
    "tire_rl_force_wheel_fz_n": 23.748888271312158,
    "tire_rr_force_wheel_fz_n": 21.805824239766867,
    "tire_fl_spindle_omega_radps": 0.05175272043368805,
    "tire_fr_spindle_omega_radps": 0.052800733015653724,
    "tire_rl_spindle_omega_radps": 0.051470510489840145,
    "tire_rr_spindle_omega_radps": 0.044545104462692116
  },
  "val_crm_loss": 0.1072463339130627,
  "val_crm_rmse": {
    "vel_body_x_mps": 0.0032587228092641686,
    "vel_body_y_mps": 0.002506579476961538,
    "roll_rad": 5.3801803921321354e-05,
    "pitch_rad": 3.266287207493004e-05,
    "roll_rate_radps": 0.0038658380957723028,
    "ang_vel_body_y_radps": 0.0026714255332823613,
    "yaw_rate_radps": 0.002452448037662771,
    "tire_fl_force_wheel_fz_n": 691.6761153088702,
    "tire_fr_force_wheel_fz_n": 699.0780938554675,
    "tire_rl_force_wheel_fz_n": 1052.4479841410262,
    "tire_rr_force_wheel_fz_n": 1103.1302366092177,
    "tire_fl_spindle_omega_radps": 0.14136619024926028,
    "tire_fr_spindle_omega_radps": 0.14188077456157377,
    "tire_rl_spindle_omega_radps": 0.16667356414042392,
    "tire_rr_spindle_omega_radps": 0.16544513401456148
  },
  "val_mixed_loss": 0.05500205519803785,
  "rollout_flat_5.0s": {
    "xy_rmse_m": 0.6408948314543057,
    "yaw_rmse_rad": 0.04290863402220009,
    "errdist": 0.08441522649053458,
    "mean_dist_m": 7.592170963684718,
    "episodes": 12
  },
  "rollout_flat_10.0s": {
    "xy_rmse_m": 2.8876129621507998,
    "yaw_rmse_rad": 0.09394933469228903,
    "errdist": 0.08199460362709969,
    "mean_dist_m": 35.2171098391215,
    "episodes": 12
  },
  "rollout_crm_5.0s": {
    "xy_rmse_m": 0.666218965486313,
    "yaw_rmse_rad": 0.02823295039233467,
    "errdist": 0.09309282264762063,
    "mean_dist_m": 7.1565019357949495,
    "episodes": 12
  },
  "rollout_crm_10.0s": {
    "xy_rmse_m": 1.9404883655519423,
    "yaw_rmse_rad": 0.10093248065479554,
    "errdist": 0.07750543919460881,
    "mean_dist_m": 25.036802393694717,
    "episodes": 12
  },
  "rollout_sel": 0.07975002141085424
}
{
  "epoch": 46,
  "timestamp_utc": "2026-07-13T19:33:27.126148+00:00",
  "train_loss": 0.013842862049350514,
  "val_loss": 0.0028497312317267644,
  "val_rmse": {
    "vel_body_x_mps": 0.0008158607566770599,
    "vel_body_y_mps": 0.0006420278740850632,
    "roll_rad": 1.5502015309420423e-05,
    "pitch_rad": 7.581951601865706e-06,
    "roll_rate_radps": 0.0014218665223797939,
    "ang_vel_body_y_radps": 0.0007519276155370401,
    "yaw_rate_radps": 0.001276280738783711,
    "tire_fl_force_wheel_fz_n": 38.42395795589337,
    "tire_fr_force_wheel_fz_n": 38.06703219583084,
    "tire_rl_force_wheel_fz_n": 23.007694410555363,
    "tire_rr_force_wheel_fz_n": 21.98558978207762,
    "tire_fl_spindle_omega_radps": 0.05617640508334924,
    "tire_fr_spindle_omega_radps": 0.05796323901199821,
    "tire_rl_spindle_omega_radps": 0.057071838723994746,
    "tire_rr_spindle_omega_radps": 0.050068728370022325
  },
  "val_flat_loss": 0.0028497312317267644,
  "val_flat_rmse": {
    "vel_body_x_mps": 0.0008158607566770599,
    "vel_body_y_mps": 0.0006420278740850632,
    "roll_rad": 1.5502015309420423e-05,
    "pitch_rad": 7.581951601865706e-06,
    "roll_rate_radps": 0.0014218665223797939,
    "ang_vel_body_y_radps": 0.0007519276155370401,
    "yaw_rate_radps": 0.001276280738783711,
    "tire_fl_force_wheel_fz_n": 38.42395795589337,
    "tire_fr_force_wheel_fz_n": 38.06703219583084,
    "tire_rl_force_wheel_fz_n": 23.007694410555363,
    "tire_rr_force_wheel_fz_n": 21.98558978207762,
    "tire_fl_spindle_omega_radps": 0.05617640508334924,
    "tire_fr_spindle_omega_radps": 0.05796323901199821,
    "tire_rl_spindle_omega_radps": 0.057071838723994746,
    "tire_rr_spindle_omega_radps": 0.050068728370022325
  },
  "val_crm_loss": 0.10767746616445947,
  "val_crm_rmse": {
    "vel_body_x_mps": 0.003281737153958865,
    "vel_body_y_mps": 0.002536609759117736,
    "roll_rad": 4.9792991052851784e-05,
    "pitch_rad": 3.070881663647258e-05,
    "roll_rate_radps": 0.003897461541380764,
    "ang_vel_body_y_radps": 0.0026638309212118913,
    "yaw_rate_radps": 0.0024394958906084293,
    "tire_fl_force_wheel_fz_n": 689.9279973347564,
    "tire_fr_force_wheel_fz_n": 698.0854933392773,
    "tire_rl_force_wheel_fz_n": 1050.34494318431,
    "tire_rr_force_wheel_fz_n": 1108.763801150332,
    "tire_fl_spindle_omega_radps": 0.14146957446474923,
    "tire_fr_spindle_omega_radps": 0.14056664963518403,
    "tire_rl_spindle_omega_radps": 0.16729848807936243,
    "tire_rr_spindle_omega_radps": 0.1651120021873987
  },
  "val_mixed_loss": 0.05526359869809312,
  "rollout_flat_5.0s": {
    "xy_rmse_m": 1.3167655398671814,
    "yaw_rmse_rad": 0.1313889676045206,
    "errdist": 0.17343728772252434,
    "mean_dist_m": 7.592170963684718,
    "episodes": 12
  },
  "rollout_flat_10.0s": {
    "xy_rmse_m": 8.950843614994323,
    "yaw_rmse_rad": 0.30969386991435266,
    "errdist": 0.25416178828653146,
    "mean_dist_m": 35.2171098391215,
    "episodes": 12
  },
  "rollout_crm_5.0s": {
    "xy_rmse_m": 0.5551759960763516,
    "yaw_rmse_rad": 0.02956010821910396,
    "errdist": 0.07757644741203891,
    "mean_dist_m": 7.1565019357949495,
    "episodes": 12
  },
  "rollout_crm_10.0s": {
    "xy_rmse_m": 3.4304730066064386,
    "yaw_rmse_rad": 0.1982009369827813,
    "errdist": 0.1370172178005595,
    "mean_dist_m": 25.036802393694717,
    "episodes": 12
  },
  "rollout_sel": 0.1955895030435455
}
{
  "epoch": 47,
  "timestamp_utc": "2026-07-13T19:35:23.109918+00:00",
  "train_loss": 0.01361791342822835,
  "val_loss": 0.002540436511953885,
  "val_rmse": {
    "vel_body_x_mps": 0.0007292585755651613,
    "vel_body_y_mps": 0.0006281621883698863,
    "roll_rad": 1.3990417607943999e-05,
    "pitch_rad": 7.3718994272837775e-06,
    "roll_rate_radps": 0.0013584331049935308,
    "ang_vel_body_y_radps": 0.00066745557790609,
    "yaw_rate_radps": 0.0012620218167676705,
    "tire_fl_force_wheel_fz_n": 37.51623390507537,
    "tire_fr_force_wheel_fz_n": 37.65980697148579,
    "tire_rl_force_wheel_fz_n": 22.5607292817187,
    "tire_rr_force_wheel_fz_n": 21.215127728576913,
    "tire_fl_spindle_omega_radps": 0.05062312417677139,
    "tire_fr_spindle_omega_radps": 0.049637060175181456,
    "tire_rl_spindle_omega_radps": 0.048126704681076084,
    "tire_rr_spindle_omega_radps": 0.04614966621781355
  },
  "val_flat_loss": 0.002540436511953885,
  "val_flat_rmse": {
    "vel_body_x_mps": 0.0007292585755651613,
    "vel_body_y_mps": 0.0006281621883698863,
    "roll_rad": 1.3990417607943999e-05,
    "pitch_rad": 7.3718994272837775e-06,
    "roll_rate_radps": 0.0013584331049935308,
    "ang_vel_body_y_radps": 0.00066745557790609,
    "yaw_rate_radps": 0.0012620218167676705,
    "tire_fl_force_wheel_fz_n": 37.51623390507537,
    "tire_fr_force_wheel_fz_n": 37.65980697148579,
    "tire_rl_force_wheel_fz_n": 22.5607292817187,
    "tire_rr_force_wheel_fz_n": 21.215127728576913,
    "tire_fl_spindle_omega_radps": 0.05062312417677139,
    "tire_fr_spindle_omega_radps": 0.049637060175181456,
    "tire_rl_spindle_omega_radps": 0.048126704681076084,
    "tire_rr_spindle_omega_radps": 0.04614966621781355
  },
  "val_crm_loss": 0.10731600310304203,
  "val_crm_rmse": {
    "vel_body_x_mps": 0.0032629997857432573,
    "vel_body_y_mps": 0.0025088993190963047,
    "roll_rad": 4.832360464608128e-05,
    "pitch_rad": 3.0547646169598904e-05,
    "roll_rate_radps": 0.0038684932667559413,
    "ang_vel_body_y_radps": 0.0026921639941507327,
    "yaw_rate_radps": 0.0024438078992644156,
    "tire_fl_force_wheel_fz_n": 691.907020422302,
    "tire_fr_force_wheel_fz_n": 699.8441288355053,
    "tire_rl_force_wheel_fz_n": 1046.451897189892,
    "tire_rr_force_wheel_fz_n": 1105.501709530741,
    "tire_fl_spindle_omega_radps": 0.1419102218920724,
    "tire_fr_spindle_omega_radps": 0.14076983131895832,
    "tire_rl_spindle_omega_radps": 0.16680152609673507,
    "tire_rr_spindle_omega_radps": 0.16543956961692732
  },
  "val_mixed_loss": 0.05492821980749796,
  "rollout_flat_5.0s": {
    "xy_rmse_m": 0.8528614852887831,
    "yaw_rmse_rad": 0.049241622531247656,
    "errdist": 0.11233433616922435,
    "mean_dist_m": 7.592170963684718,
    "episodes": 12
  },
  "rollout_flat_10.0s": {
    "xy_rmse_m": 3.454956887064056,
    "yaw_rmse_rad": 0.12189628238476552,
    "errdist": 0.09810449815010262,
    "mean_dist_m": 35.2171098391215,
    "episodes": 12
  },
  "rollout_crm_5.0s": {
    "xy_rmse_m": 0.6789332065417842,
    "yaw_rmse_rad": 0.06696334997632174,
    "errdist": 0.09486942260798366,
    "mean_dist_m": 7.1565019357949495,
    "episodes": 12
  },
  "rollout_crm_10.0s": {
    "xy_rmse_m": 2.0031780514806052,
    "yaw_rmse_rad": 0.15023281377462866,
    "errdist": 0.08000934064907134,
    "mean_dist_m": 25.036802393694717,
    "episodes": 12
  },
  "rollout_sel": 0.08905691939958699
}
{
  "epoch": 48,
  "timestamp_utc": "2026-07-13T19:37:19.492833+00:00",
  "train_loss": 0.013311978079844267,
  "val_loss": 0.002708958404909936,
  "val_rmse": {
    "vel_body_x_mps": 0.0007832053819701679,
    "vel_body_y_mps": 0.0006288946968867012,
    "roll_rad": 1.2819251962783418e-05,
    "pitch_rad": 8.39096416929877e-06,
    "roll_rate_radps": 0.001387904085711324,
    "ang_vel_body_y_radps": 0.0007089323113149665,
    "yaw_rate_radps": 0.001283754441196936,
    "tire_fl_force_wheel_fz_n": 37.76477149412423,
    "tire_fr_force_wheel_fz_n": 37.71695419600309,
    "tire_rl_force_wheel_fz_n": 22.71173465680045,
    "tire_rr_force_wheel_fz_n": 21.630402669482933,
    "tire_fl_spindle_omega_radps": 0.052907101806040954,
    "tire_fr_spindle_omega_radps": 0.05492752245033767,
    "tire_rl_spindle_omega_radps": 0.053526681084316456,
    "tire_rr_spindle_omega_radps": 0.04656699441046533
  },
  "val_flat_loss": 0.002708958404909936,
  "val_flat_rmse": {
    "vel_body_x_mps": 0.0007832053819701679,
    "vel_body_y_mps": 0.0006288946968867012,
    "roll_rad": 1.2819251962783418e-05,
    "pitch_rad": 8.39096416929877e-06,
    "roll_rate_radps": 0.001387904085711324,
    "ang_vel_body_y_radps": 0.0007089323113149665,
    "yaw_rate_radps": 0.001283754441196936,
    "tire_fl_force_wheel_fz_n": 37.76477149412423,
    "tire_fr_force_wheel_fz_n": 37.71695419600309,
    "tire_rl_force_wheel_fz_n": 22.71173465680045,
    "tire_rr_force_wheel_fz_n": 21.630402669482933,
    "tire_fl_spindle_omega_radps": 0.052907101806040954,
    "tire_fr_spindle_omega_radps": 0.05492752245033767,
    "tire_rl_spindle_omega_radps": 0.053526681084316456,
    "tire_rr_spindle_omega_radps": 0.04656699441046533
  },
  "val_crm_loss": 0.10737906506285072,
  "val_crm_rmse": {
    "vel_body_x_mps": 0.0032402592397657967,
    "vel_body_y_mps": 0.0025158299981691275,
    "roll_rad": 4.391166529202973e-05,
    "pitch_rad": 3.106167654807235e-05,
    "roll_rate_radps": 0.0038440679556082263,
    "ang_vel_body_y_radps": 0.0026439133981085157,
    "yaw_rate_radps": 0.002435371920243416,
    "tire_fl_force_wheel_fz_n": 695.484364065203,
    "tire_fr_force_wheel_fz_n": 701.3663515667881,
    "tire_rl_force_wheel_fz_n": 1043.0516434252193,
    "tire_rr_force_wheel_fz_n": 1109.9901984794822,
    "tire_fl_spindle_omega_radps": 0.14401949400107142,
    "tire_fr_spindle_omega_radps": 0.14307618357829485,
    "tire_rl_spindle_omega_radps": 0.1683337581521551,
    "tire_rr_spindle_omega_radps": 0.16781839417144187
  },
  "val_mixed_loss": 0.05504401173388033,
  "rollout_flat_5.0s": {
    "xy_rmse_m": 1.7437371569562734,
    "yaw_rmse_rad": 0.08299555210093669,
    "errdist": 0.22967569688525338,
    "mean_dist_m": 7.592170963684718,
    "episodes": 12
  },
  "rollout_flat_10.0s": {
    "xy_rmse_m": 8.005711660399287,
    "yaw_rmse_rad": 0.3437956202752459,
    "errdist": 0.227324493604697,
    "mean_dist_m": 35.2171098391215,
    "episodes": 12
  },
  "rollout_crm_5.0s": {
    "xy_rmse_m": 0.5584765727022317,
    "yaw_rmse_rad": 0.04600526608898549,
    "errdist": 0.07803764712322343,
    "mean_dist_m": 7.1565019357949495,
    "episodes": 12
  },
  "rollout_crm_10.0s": {
    "xy_rmse_m": 1.6604344669063587,
    "yaw_rmse_rad": 0.12061082078021289,
    "errdist": 0.06631974965479312,
    "mean_dist_m": 25.036802393694717,
    "episodes": 12
  },
  "rollout_sel": 0.14682212162974506
}
{
  "epoch": 49,
  "timestamp_utc": "2026-07-13T19:39:15.572253+00:00",
  "train_loss": 0.013142284552333877,
  "val_loss": 0.002617111819999991,
  "val_rmse": {
    "vel_body_x_mps": 0.0007390772565203433,
    "vel_body_y_mps": 0.0007019209312395017,
    "roll_rad": 1.8509853257239483e-05,
    "pitch_rad": 8.00618736215142e-06,
    "roll_rate_radps": 0.0013491114475602094,
    "ang_vel_body_y_radps": 0.0006750411803253271,
    "yaw_rate_radps": 0.00128001013239005,
    "tire_fl_force_wheel_fz_n": 36.908452689439436,
    "tire_fr_force_wheel_fz_n": 37.23747324806525,
    "tire_rl_force_wheel_fz_n": 22.12817848973785,
    "tire_rr_force_wheel_fz_n": 21.34977014404493,
    "tire_fl_spindle_omega_radps": 0.052088224929937636,
    "tire_fr_spindle_omega_radps": 0.05022974091326223,
    "tire_rl_spindle_omega_radps": 0.04799926902036494,
    "tire_rr_spindle_omega_radps": 0.0457209327126521
  },
  "val_flat_loss": 0.002617111819999991,
  "val_flat_rmse": {
    "vel_body_x_mps": 0.0007390772565203433,
    "vel_body_y_mps": 0.0007019209312395017,
    "roll_rad": 1.8509853257239483e-05,
    "pitch_rad": 8.00618736215142e-06,
    "roll_rate_radps": 0.0013491114475602094,
    "ang_vel_body_y_radps": 0.0006750411803253271,
    "yaw_rate_radps": 0.00128001013239005,
    "tire_fl_force_wheel_fz_n": 36.908452689439436,
    "tire_fr_force_wheel_fz_n": 37.23747324806525,
    "tire_rl_force_wheel_fz_n": 22.12817848973785,
    "tire_rr_force_wheel_fz_n": 21.34977014404493,
    "tire_fl_spindle_omega_radps": 0.052088224929937636,
    "tire_fr_spindle_omega_radps": 0.05022974091326223,
    "tire_rl_spindle_omega_radps": 0.04799926902036494,
    "tire_rr_spindle_omega_radps": 0.0457209327126521
  },
  "val_crm_loss": 0.10882359576236922,
  "val_crm_rmse": {
    "vel_body_x_mps": 0.0032593777569693756,
    "vel_body_y_mps": 0.0025190743397712503,
    "roll_rad": 4.4718166844804616e-05,
    "pitch_rad": 3.0335817665992992e-05,
    "roll_rate_radps": 0.003855356680407772,
    "ang_vel_body_y_radps": 0.0026643099209818343,
    "yaw_rate_radps": 0.002440993316649539,
    "tire_fl_force_wheel_fz_n": 702.8994721364411,
    "tire_fr_force_wheel_fz_n": 705.7976757172353,
    "tire_rl_force_wheel_fz_n": 1061.0580579112063,
    "tire_rr_force_wheel_fz_n": 1118.2880756918944,
    "tire_fl_spindle_omega_radps": 0.1422484455716376,
    "tire_fr_spindle_omega_radps": 0.14142405322531792,
    "tire_rl_spindle_omega_radps": 0.16656634368209344,
    "tire_rr_spindle_omega_radps": 0.16593984808972806
  },
  "val_mixed_loss": 0.055720353791184604,
  "rollout_flat_5.0s": {
    "xy_rmse_m": 0.6770541878711805,
    "yaw_rmse_rad": 0.03736168923220847,
    "errdist": 0.08917794279260868,
    "mean_dist_m": 7.592170963684718,
    "episodes": 12
  },
  "rollout_flat_10.0s": {
    "xy_rmse_m": 2.8303776278574637,
    "yaw_rmse_rad": 0.07365339409763665,
    "errdist": 0.08036938978772451,
    "mean_dist_m": 35.2171098391215,
    "episodes": 12
  },
  "rollout_crm_5.0s": {
    "xy_rmse_m": 0.5862102054656959,
    "yaw_rmse_rad": 0.03937463039900877,
    "errdist": 0.08191295282596459,
    "mean_dist_m": 7.1565019357949495,
    "episodes": 12
  },
  "rollout_crm_10.0s": {
    "xy_rmse_m": 1.7944266514179765,
    "yaw_rmse_rad": 0.12454393946804135,
    "errdist": 0.07167155865997832,
    "mean_dist_m": 25.036802393694717,
    "episodes": 12
  },
  "rollout_sel": 0.07602047422385141
}
{
  "epoch": 50,
  "timestamp_utc": "2026-07-13T19:41:10.044469+00:00",
  "train_loss": 0.012917147838277743,
  "val_loss": 0.0026560169923322973,
  "val_rmse": {
    "vel_body_x_mps": 0.0007541105755953191,
    "vel_body_y_mps": 0.0006549925904698638,
    "roll_rad": 1.5526780763627643e-05,
    "pitch_rad": 8.227376609508772e-06,
    "roll_rate_radps": 0.0013642905436523152,
    "ang_vel_body_y_radps": 0.0006661698522360773,
    "yaw_rate_radps": 0.0012831449859494171,
    "tire_fl_force_wheel_fz_n": 37.90179453975851,
    "tire_fr_force_wheel_fz_n": 37.260257163591106,
    "tire_rl_force_wheel_fz_n": 22.38266587699014,
    "tire_rr_force_wheel_fz_n": 21.883117832939547,
    "tire_fl_spindle_omega_radps": 0.05319162755865005,
    "tire_fr_spindle_omega_radps": 0.05129306843386015,
    "tire_rl_spindle_omega_radps": 0.04774373591889963,
    "tire_rr_spindle_omega_radps": 0.04546235736783998
  },
  "val_flat_loss": 0.0026560169923322973,
  "val_flat_rmse": {
    "vel_body_x_mps": 0.0007541105755953191,
    "vel_body_y_mps": 0.0006549925904698638,
    "roll_rad": 1.5526780763627643e-05,
    "pitch_rad": 8.227376609508772e-06,
    "roll_rate_radps": 0.0013642905436523152,
    "ang_vel_body_y_radps": 0.0006661698522360773,
    "yaw_rate_radps": 0.0012831449859494171,
    "tire_fl_force_wheel_fz_n": 37.90179453975851,
    "tire_fr_force_wheel_fz_n": 37.260257163591106,
    "tire_rl_force_wheel_fz_n": 22.38266587699014,
    "tire_rr_force_wheel_fz_n": 21.883117832939547,
    "tire_fl_spindle_omega_radps": 0.05319162755865005,
    "tire_fr_spindle_omega_radps": 0.05129306843386015,
    "tire_rl_spindle_omega_radps": 0.04774373591889963,
    "tire_rr_spindle_omega_radps": 0.04546235736783998
  },
  "val_crm_loss": 0.10854792412137612,
  "val_crm_rmse": {
    "vel_body_x_mps": 0.0033032388315329857,
    "vel_body_y_mps": 0.002520825577891241,
    "roll_rad": 4.5636398112953704e-05,
    "pitch_rad": 3.459910712561528e-05,
    "roll_rate_radps": 0.00387531497046803,
    "ang_vel_body_y_radps": 0.002690856611668712,
    "yaw_rate_radps": 0.002461142457167204,
    "tire_fl_force_wheel_fz_n": 697.9371328624253,
    "tire_fr_force_wheel_fz_n": 701.712842645719,
    "tire_rl_force_wheel_fz_n": 1052.710691417846,
    "tire_rr_force_wheel_fz_n": 1106.8737527448109,
    "tire_fl_spindle_omega_radps": 0.14590186407416242,
    "tire_fr_spindle_omega_radps": 0.14451541840885135,
    "tire_rl_spindle_omega_radps": 0.17092449978043198,
    "tire_rr_spindle_omega_radps": 0.1685343364369649
  },
  "val_mixed_loss": 0.05560197055685421,
  "rollout_flat_5.0s": {
    "xy_rmse_m": 0.8848066491053946,
    "yaw_rmse_rad": 0.055688316080747674,
    "errdist": 0.11654198164631033,
    "mean_dist_m": 7.592170963684718,
    "episodes": 12
  },
  "rollout_flat_10.0s": {
    "xy_rmse_m": 3.59867783462056,
    "yaw_rmse_rad": 0.16606607862748335,
    "errdist": 0.10218549594387528,
    "mean_dist_m": 35.2171098391215,
    "episodes": 12
  },
  "rollout_crm_5.0s": {
    "xy_rmse_m": 0.5137841818158194,
    "yaw_rmse_rad": 0.03668899263728086,
    "errdist": 0.07179264205128003,
    "mean_dist_m": 7.1565019357949495,
    "episodes": 12
  },
  "rollout_crm_10.0s": {
    "xy_rmse_m": 1.608404852268542,
    "yaw_rmse_rad": 0.10676364950885783,
    "errdist": 0.0642416242688245,
    "mean_dist_m": 25.036802393694717,
    "episodes": 12
  },
  "rollout_sel": 0.0832135601063499
}
{
  "epoch": 51,
  "timestamp_utc": "2026-07-13T19:43:04.688172+00:00",
  "train_loss": 0.012711962866829709,
  "val_loss": 0.0027830914753030813,
  "val_rmse": {
    "vel_body_x_mps": 0.0008411515488328536,
    "vel_body_y_mps": 0.0006750228807724289,
    "roll_rad": 1.4870182794429426e-05,
    "pitch_rad": 8.392811927284396e-06,
    "roll_rate_radps": 0.0013957115366936665,
    "ang_vel_body_y_radps": 0.0007208164499176349,
    "yaw_rate_radps": 0.0012604217450600664,
    "tire_fl_force_wheel_fz_n": 37.9567306228075,
    "tire_fr_force_wheel_fz_n": 37.05603942586075,
    "tire_rl_force_wheel_fz_n": 22.792314526162173,
    "tire_rr_force_wheel_fz_n": 21.4423466734971,
    "tire_fl_spindle_omega_radps": 0.05221019782417564,
    "tire_fr_spindle_omega_radps": 0.058086344569952215,
    "tire_rl_spindle_omega_radps": 0.056958323160824005,
    "tire_rr_spindle_omega_radps": 0.047699437445752654
  },
  "val_flat_loss": 0.0027830914753030813,
  "val_flat_rmse": {
    "vel_body_x_mps": 0.0008411515488328536,
    "vel_body_y_mps": 0.0006750228807724289,
    "roll_rad": 1.4870182794429426e-05,
    "pitch_rad": 8.392811927284396e-06,
    "roll_rate_radps": 0.0013957115366936665,
    "ang_vel_body_y_radps": 0.0007208164499176349,
    "yaw_rate_radps": 0.0012604217450600664,
    "tire_fl_force_wheel_fz_n": 37.9567306228075,
    "tire_fr_force_wheel_fz_n": 37.05603942586075,
    "tire_rl_force_wheel_fz_n": 22.792314526162173,
    "tire_rr_force_wheel_fz_n": 21.4423466734971,
    "tire_fl_spindle_omega_radps": 0.05221019782417564,
    "tire_fr_spindle_omega_radps": 0.058086344569952215,
    "tire_rl_spindle_omega_radps": 0.056958323160824005,
    "tire_rr_spindle_omega_radps": 0.047699437445752654
  },
  "val_crm_loss": 0.10890233803598676,
  "val_crm_rmse": {
    "vel_body_x_mps": 0.003307517060976652,
    "vel_body_y_mps": 0.0025472761653091867,
    "roll_rad": 4.9869799856176e-05,
    "pitch_rad": 3.0269590771718103e-05,
    "roll_rate_radps": 0.0038457442265702945,
    "ang_vel_body_y_radps": 0.002657664917211117,
    "yaw_rate_radps": 0.0024522711225712732,
    "tire_fl_force_wheel_fz_n": 702.2035049407502,
    "tire_fr_force_wheel_fz_n": 700.6436433745907,
    "tire_rl_force_wheel_fz_n": 1058.3303044820223,
    "tire_rr_force_wheel_fz_n": 1110.9575768428583,
    "tire_fl_spindle_omega_radps": 0.14310588854185397,
    "tire_fr_spindle_omega_radps": 0.14132135123012793,
    "tire_rl_spindle_omega_radps": 0.16775578776923017,
    "tire_rr_spindle_omega_radps": 0.16560982268377897
  },
  "val_mixed_loss": 0.055842714755644916,
  "rollout_flat_5.0s": {
    "xy_rmse_m": 0.7454940231496422,
    "yaw_rmse_rad": 0.06399265818298011,
    "errdist": 0.09819247046932023,
    "mean_dist_m": 7.592170963684718,
    "episodes": 12
  },
  "rollout_flat_10.0s": {
    "xy_rmse_m": 3.89579500872415,
    "yaw_rmse_rad": 0.14634944854430315,
    "errdist": 0.11062222387131958,
    "mean_dist_m": 35.2171098391215,
    "episodes": 12
  },
  "rollout_crm_5.0s": {
    "xy_rmse_m": 0.5357851389078827,
    "yaw_rmse_rad": 0.05495479442767561,
    "errdist": 0.07486690337188699,
    "mean_dist_m": 7.1565019357949495,
    "episodes": 12
  },
  "rollout_crm_10.0s": {
    "xy_rmse_m": 1.962605415355854,
    "yaw_rmse_rad": 0.14948786534664185,
    "errdist": 0.07838882076451255,
    "mean_dist_m": 25.036802393694717,
    "episodes": 12
  },
  "rollout_sel": 0.09450552231791606
}
{
  "epoch": 52,
  "timestamp_utc": "2026-07-13T19:44:58.072445+00:00",
  "train_loss": 0.012510682185413315,
  "val_loss": 0.0024898063552791427,
  "val_rmse": {
    "vel_body_x_mps": 0.0007334319706763056,
    "vel_body_y_mps": 0.000611776086851398,
    "roll_rad": 1.7979446201795512e-05,
    "pitch_rad": 6.83251236865154e-06,
    "roll_rate_radps": 0.001367656082963083,
    "ang_vel_body_y_radps": 0.0006715029939074038,
    "yaw_rate_radps": 0.0012597650435962474,
    "tire_fl_force_wheel_fz_n": 36.84598945276308,
    "tire_fr_force_wheel_fz_n": 37.44040944475409,
    "tire_rl_force_wheel_fz_n": 22.901941782966393,
    "tire_rr_force_wheel_fz_n": 21.20179157199396,
    "tire_fl_spindle_omega_radps": 0.050550071335459676,
    "tire_fr_spindle_omega_radps": 0.04959468034044394,
    "tire_rl_spindle_omega_radps": 0.04850055182850623,
    "tire_rr_spindle_omega_radps": 0.04599804110261845
  },
  "val_flat_loss": 0.0024898063552791427,
  "val_flat_rmse": {
    "vel_body_x_mps": 0.0007334319706763056,
    "vel_body_y_mps": 0.000611776086851398,
    "roll_rad": 1.7979446201795512e-05,
    "pitch_rad": 6.83251236865154e-06,
    "roll_rate_radps": 0.001367656082963083,
    "ang_vel_body_y_radps": 0.0006715029939074038,
    "yaw_rate_radps": 0.0012597650435962474,
    "tire_fl_force_wheel_fz_n": 36.84598945276308,
    "tire_fr_force_wheel_fz_n": 37.44040944475409,
    "tire_rl_force_wheel_fz_n": 22.901941782966393,
    "tire_rr_force_wheel_fz_n": 21.20179157199396,
    "tire_fl_spindle_omega_radps": 0.050550071335459676,
    "tire_fr_spindle_omega_radps": 0.04959468034044394,
    "tire_rl_spindle_omega_radps": 0.04850055182850623,
    "tire_rr_spindle_omega_radps": 0.04599804110261845
  },
  "val_crm_loss": 0.10845056535210461,
  "val_crm_rmse": {
    "vel_body_x_mps": 0.003272662276111541,
    "vel_body_y_mps": 0.002492037784069772,
    "roll_rad": 4.2588141464017414e-05,
    "pitch_rad": 3.2709220617571935e-05,
    "roll_rate_radps": 0.0037981544669433466,
    "ang_vel_body_y_radps": 0.002635677783649101,
    "yaw_rate_radps": 0.002444606356500576,
    "tire_fl_force_wheel_fz_n": 693.8389932679638,
    "tire_fr_force_wheel_fz_n": 704.8596151445815,
    "tire_rl_force_wheel_fz_n": 1057.9659679536694,
    "tire_rr_force_wheel_fz_n": 1112.2788142801296,
    "tire_fl_spindle_omega_radps": 0.14279436502794335,
    "tire_fr_spindle_omega_radps": 0.14246640520250406,
    "tire_rl_spindle_omega_radps": 0.16842771770639758,
    "tire_rr_spindle_omega_radps": 0.16730121244235613
  },
  "val_mixed_loss": 0.05547018585369187,
  "rollout_flat_5.0s": {
    "xy_rmse_m": 1.1752371993653603,
    "yaw_rmse_rad": 0.05949903019246964,
    "errdist": 0.1547959345208134,
    "mean_dist_m": 7.592170963684718,
    "episodes": 12
  },
  "rollout_flat_10.0s": {
    "xy_rmse_m": 6.3389948278934485,
    "yaw_rmse_rad": 0.1920333018864513,
    "errdist": 0.17999758801478005,
    "mean_dist_m": 35.2171098391215,
    "episodes": 12
  },
  "rollout_crm_5.0s": {
    "xy_rmse_m": 0.7334016384659361,
    "yaw_rmse_rad": 0.05197464169916527,
    "errdist": 0.1024804639257698,
    "mean_dist_m": 7.1565019357949495,
    "episodes": 12
  },
  "rollout_crm_10.0s": {
    "xy_rmse_m": 1.9208476054336459,
    "yaw_rmse_rad": 0.104593329942899,
    "errdist": 0.07672096361304481,
    "mean_dist_m": 25.036802393694717,
    "episodes": 12
  },
  "rollout_sel": 0.12835927581391243
}
{
  "epoch": 53,
  "timestamp_utc": "2026-07-13T19:46:53.546273+00:00",
  "train_loss": 0.012306802357546985,
  "val_loss": 0.002560516071771417,
  "val_rmse": {
    "vel_body_x_mps": 0.0007136967128955936,
    "vel_body_y_mps": 0.0006044681155693158,
    "roll_rad": 1.6136556444040052e-05,
    "pitch_rad": 8.0435795075276e-06,
    "roll_rate_radps": 0.0013444315502257399,
    "ang_vel_body_y_radps": 0.0006635831025211862,
    "yaw_rate_radps": 0.0012567205768172652,
    "tire_fl_force_wheel_fz_n": 37.346317820733375,
    "tire_fr_force_wheel_fz_n": 36.84884942437602,
    "tire_rl_force_wheel_fz_n": 22.33613027430068,
    "tire_rr_force_wheel_fz_n": 21.485104602646086,
    "tire_fl_spindle_omega_radps": 0.05047533653603691,
    "tire_fr_spindle_omega_radps": 0.05017989071543617,
    "tire_rl_spindle_omega_radps": 0.049967524817532936,
    "tire_rr_spindle_omega_radps": 0.04836700211346319
  },
  "val_flat_loss": 0.002560516071771417,
  "val_flat_rmse": {
    "vel_body_x_mps": 0.0007136967128955936,
    "vel_body_y_mps": 0.0006044681155693158,
    "roll_rad": 1.6136556444040052e-05,
    "pitch_rad": 8.0435795075276e-06,
    "roll_rate_radps": 0.0013444315502257399,
    "ang_vel_body_y_radps": 0.0006635831025211862,
    "yaw_rate_radps": 0.0012567205768172652,
    "tire_fl_force_wheel_fz_n": 37.346317820733375,
    "tire_fr_force_wheel_fz_n": 36.84884942437602,
    "tire_rl_force_wheel_fz_n": 22.33613027430068,
    "tire_rr_force_wheel_fz_n": 21.485104602646086,
    "tire_fl_spindle_omega_radps": 0.05047533653603691,
    "tire_fr_spindle_omega_radps": 0.05017989071543617,
    "tire_rl_spindle_omega_radps": 0.049967524817532936,
    "tire_rr_spindle_omega_radps": 0.04836700211346319
  },
  "val_crm_loss": 0.10804084984236396,
  "val_crm_rmse": {
    "vel_body_x_mps": 0.0032652306265593387,
    "vel_body_y_mps": 0.002490072198895874,
    "roll_rad": 4.6982829796575126e-05,
    "pitch_rad": 3.0396828570359644e-05,
    "roll_rate_radps": 0.003791540085842491,
    "ang_vel_body_y_radps": 0.0026142232845433036,
    "yaw_rate_radps": 0.0024435759872310603,
    "tire_fl_force_wheel_fz_n": 701.6444839068251,
    "tire_fr_force_wheel_fz_n": 704.9655362592079,
    "tire_rl_force_wheel_fz_n": 1053.1134669898913,
    "tire_rr_force_wheel_fz_n": 1107.6226206652088,
    "tire_fl_spindle_omega_radps": 0.14163768922275283,
    "tire_fr_spindle_omega_radps": 0.14056160960561873,
    "tire_rl_spindle_omega_radps": 0.16640007003691315,
    "tire_rr_spindle_omega_radps": 0.1645195921234579
  },
  "val_mixed_loss": 0.05530068295706769,
  "rollout_flat_5.0s": {
    "xy_rmse_m": 1.3706271407050796,
    "yaw_rmse_rad": 0.059805017565292516,
    "errdist": 0.18053164862344873,
    "mean_dist_m": 7.592170963684718,
    "episodes": 12
  },
  "rollout_flat_10.0s": {
    "xy_rmse_m": 4.465802975937175,
    "yaw_rmse_rad": 0.11918555633996808,
    "errdist": 0.12680776464445317,
    "mean_dist_m": 35.2171098391215,
    "episodes": 12
  },
  "rollout_crm_5.0s": {
    "xy_rmse_m": 0.5148910002186091,
    "yaw_rmse_rad": 0.04419092873485848,
    "errdist": 0.07194730118680735,
    "mean_dist_m": 7.1565019357949495,
    "episodes": 12
  },
  "rollout_crm_10.0s": {
    "xy_rmse_m": 2.3758653208776837,
    "yaw_rmse_rad": 0.24863790868953753,
    "errdist": 0.09489491842920096,
    "mean_dist_m": 25.036802393694717,
    "episodes": 12
  },
  "rollout_sel": 0.11085134153682707
}
{
  "epoch": 54,
  "timestamp_utc": "2026-07-13T19:48:46.286383+00:00",
  "train_loss": 0.012142698156414554,
  "val_loss": 0.0024543395791260993,
  "val_rmse": {
    "vel_body_x_mps": 0.0007039647211992846,
    "vel_body_y_mps": 0.0006527946844104102,
    "roll_rad": 1.4854256460287349e-05,
    "pitch_rad": 7.2475652212034105e-06,
    "roll_rate_radps": 0.0013501969661846851,
    "ang_vel_body_y_radps": 0.0006340498464239958,
    "yaw_rate_radps": 0.001254629090813436,
    "tire_fl_force_wheel_fz_n": 37.07911646414786,
    "tire_fr_force_wheel_fz_n": 37.195096743622344,
    "tire_rl_force_wheel_fz_n": 22.489470834125278,
    "tire_rr_force_wheel_fz_n": 21.89816728755233,
    "tire_fl_spindle_omega_radps": 0.04862614680900832,
    "tire_fr_spindle_omega_radps": 0.04779322948967468,
    "tire_rl_spindle_omega_radps": 0.046991370718376634,
    "tire_rr_spindle_omega_radps": 0.04454875722089543
  },
  "val_flat_loss": 0.0024543395791260993,
  "val_flat_rmse": {
    "vel_body_x_mps": 0.0007039647211992846,
    "vel_body_y_mps": 0.0006527946844104102,
    "roll_rad": 1.4854256460287349e-05,
    "pitch_rad": 7.2475652212034105e-06,
    "roll_rate_radps": 0.0013501969661846851,
    "ang_vel_body_y_radps": 0.0006340498464239958,
    "yaw_rate_radps": 0.001254629090813436,
    "tire_fl_force_wheel_fz_n": 37.07911646414786,
    "tire_fr_force_wheel_fz_n": 37.195096743622344,
    "tire_rl_force_wheel_fz_n": 22.489470834125278,
    "tire_rr_force_wheel_fz_n": 21.89816728755233,
    "tire_fl_spindle_omega_radps": 0.04862614680900832,
    "tire_fr_spindle_omega_radps": 0.04779322948967468,
    "tire_rl_spindle_omega_radps": 0.046991370718376634,
    "tire_rr_spindle_omega_radps": 0.04454875722089543
  },
  "val_crm_loss": 0.10927744647313375,
  "val_crm_rmse": {
    "vel_body_x_mps": 0.003281117358182986,
    "vel_body_y_mps": 0.002488434936872333,
    "roll_rad": 4.435085191524967e-05,
    "pitch_rad": 2.9584446455501908e-05,
    "roll_rate_radps": 0.0037583017313295385,
    "ang_vel_body_y_radps": 0.0026247168415093674,
    "yaw_rate_radps": 0.002455327573722419,
    "tire_fl_force_wheel_fz_n": 704.8452939412401,
    "tire_fr_force_wheel_fz_n": 713.20124639123,
    "tire_rl_force_wheel_fz_n": 1061.1248485177632,
    "tire_rr_force_wheel_fz_n": 1121.206609655979,
    "tire_fl_spindle_omega_radps": 0.14173714193257395,
    "tire_fr_spindle_omega_radps": 0.14109143855965278,
    "tire_rl_spindle_omega_radps": 0.1663891967139677,
    "tire_rr_spindle_omega_radps": 0.16566459555771024
  },
  "val_mixed_loss": 0.055865893026129924,
  "rollout_flat_5.0s": {
    "xy_rmse_m": 1.143067142947488,
    "yaw_rmse_rad": 0.05071661467002899,
    "errdist": 0.15055866739764798,
    "mean_dist_m": 7.592170963684718,
    "episodes": 12
  },
  "rollout_flat_10.0s": {
    "xy_rmse_m": 4.52665415728886,
    "yaw_rmse_rad": 0.11049481172948807,
    "errdist": 0.12853565150483623,
    "mean_dist_m": 35.2171098391215,
    "episodes": 12
  },
  "rollout_crm_5.0s": {
    "xy_rmse_m": 0.8977517768886895,
    "yaw_rmse_rad": 0.057970667140718996,
    "errdist": 0.12544561364517628,
    "mean_dist_m": 7.1565019357949495,
    "episodes": 12
  },
  "rollout_crm_10.0s": {
    "xy_rmse_m": 3.101389354981576,
    "yaw_rmse_rad": 0.13182394833150385,
    "errdist": 0.12387322095742671,
    "mean_dist_m": 25.036802393694717,
    "episodes": 12
  },
  "rollout_sel": 0.12620443623113148
}
{
  "epoch": 55,
  "timestamp_utc": "2026-07-13T19:50:42.492595+00:00",
  "train_loss": 0.011886290966765954,
  "val_loss": 0.0025446304315846647,
  "val_rmse": {
    "vel_body_x_mps": 0.0007091905135090329,
    "vel_body_y_mps": 0.0006938213435604275,
    "roll_rad": 1.4239581906848833e-05,
    "pitch_rad": 6.892104595356626e-06,
    "roll_rate_radps": 0.0013463496558080567,
    "ang_vel_body_y_radps": 0.0006120597723442973,
    "yaw_rate_radps": 0.0013015605345632173,
    "tire_fl_force_wheel_fz_n": 35.86038191913764,
    "tire_fr_force_wheel_fz_n": 36.791485983915045,
    "tire_rl_force_wheel_fz_n": 22.76149992885254,
    "tire_rr_force_wheel_fz_n": 21.134610344133293,
    "tire_fl_spindle_omega_radps": 0.04804008393867537,
    "tire_fr_spindle_omega_radps": 0.04686039467276264,
    "tire_rl_spindle_omega_radps": 0.04535594017415713,
    "tire_rr_spindle_omega_radps": 0.04266996259000355
  },
  "val_flat_loss": 0.0025446304315846647,
  "val_flat_rmse": {
    "vel_body_x_mps": 0.0007091905135090329,
    "vel_body_y_mps": 0.0006938213435604275,
    "roll_rad": 1.4239581906848833e-05,
    "pitch_rad": 6.892104595356626e-06,
    "roll_rate_radps": 0.0013463496558080567,
    "ang_vel_body_y_radps": 0.0006120597723442973,
    "yaw_rate_radps": 0.0013015605345632173,
    "tire_fl_force_wheel_fz_n": 35.86038191913764,
    "tire_fr_force_wheel_fz_n": 36.791485983915045,
    "tire_rl_force_wheel_fz_n": 22.76149992885254,
    "tire_rr_force_wheel_fz_n": 21.134610344133293,
    "tire_fl_spindle_omega_radps": 0.04804008393867537,
    "tire_fr_spindle_omega_radps": 0.04686039467276264,
    "tire_rl_spindle_omega_radps": 0.04535594017415713,
    "tire_rr_spindle_omega_radps": 0.04266996259000355
  },
  "val_crm_loss": 0.10914752144424711,
  "val_crm_rmse": {
    "vel_body_x_mps": 0.003283113900167182,
    "vel_body_y_mps": 0.002497437960149033,
    "roll_rad": 4.226850459544899e-05,
    "pitch_rad": 2.9105249306172355e-05,
    "roll_rate_radps": 0.003755356224359596,
    "ang_vel_body_y_radps": 0.002651072370468663,
    "yaw_rate_radps": 0.0024488842355087927,
    "tire_fl_force_wheel_fz_n": 700.4234853365749,
    "tire_fr_force_wheel_fz_n": 708.6751792793102,
    "tire_rl_force_wheel_fz_n": 1063.1147337978236,
    "tire_rr_force_wheel_fz_n": 1121.73016800001,
    "tire_fl_spindle_omega_radps": 0.1440616187229949,
    "tire_fr_spindle_omega_radps": 0.1431552407771155,
    "tire_rl_spindle_omega_radps": 0.16997629557154917,
    "tire_rr_spindle_omega_radps": 0.16826560024102552
  },
  "val_mixed_loss": 0.055846075937915886,
  "rollout_flat_5.0s": {
    "xy_rmse_m": 2.42548579800066,
    "yaw_rmse_rad": 0.1243214265459453,
    "errdist": 0.3194719678471908,
    "mean_dist_m": 7.592170963684718,
    "episodes": 12
  },
  "rollout_flat_10.0s": {
    "xy_rmse_m": 11.705907595803916,
    "yaw_rmse_rad": 0.4371549134997224,
    "errdist": 0.3323926253255518,
    "mean_dist_m": 35.2171098391215,
    "episodes": 12
  },
  "rollout_crm_5.0s": {
    "xy_rmse_m": 0.47078410090388173,
    "yaw_rmse_rad": 0.0359634357224556,
    "errdist": 0.0657841086507841,
    "mean_dist_m": 7.1565019357949495,
    "episodes": 12
  },
  "rollout_crm_10.0s": {
    "xy_rmse_m": 1.4695936920295576,
    "yaw_rmse_rad": 0.09985990047172331,
    "errdist": 0.05869733957718422,
    "mean_dist_m": 25.036802393694717,
    "episodes": 12
  },
  "rollout_sel": 0.195544982451368
}
{
  "epoch": 56,
  "timestamp_utc": "2026-07-13T19:52:37.640651+00:00",
  "train_loss": 0.011816963518504054,
  "val_loss": 0.0024982157570048002,
  "val_rmse": {
    "vel_body_x_mps": 0.0007407149510015161,
    "vel_body_y_mps": 0.000608169010192334,
    "roll_rad": 1.5602668779836266e-05,
    "pitch_rad": 6.655845397264351e-06,
    "roll_rate_radps": 0.0013604222702036169,
    "ang_vel_body_y_radps": 0.0006709751393366491,
    "yaw_rate_radps": 0.0012456675753546571,
    "tire_fl_force_wheel_fz_n": 37.186132307018,
    "tire_fr_force_wheel_fz_n": 36.52232342671016,
    "tire_rl_force_wheel_fz_n": 22.83544369017817,
    "tire_rr_force_wheel_fz_n": 21.984038458378578,
    "tire_fl_spindle_omega_radps": 0.05019153987578421,
    "tire_fr_spindle_omega_radps": 0.052489781891514604,
    "tire_rl_spindle_omega_radps": 0.05043977576565165,
    "tire_rr_spindle_omega_radps": 0.045217192797791024
  },
  "val_flat_loss": 0.0024982157570048002,
  "val_flat_rmse": {
    "vel_body_x_mps": 0.0007407149510015161,
    "vel_body_y_mps": 0.000608169010192334,
    "roll_rad": 1.5602668779836266e-05,
    "pitch_rad": 6.655845397264351e-06,
    "roll_rate_radps": 0.0013604222702036169,
    "ang_vel_body_y_radps": 0.0006709751393366491,
    "yaw_rate_radps": 0.0012456675753546571,
    "tire_fl_force_wheel_fz_n": 37.186132307018,
    "tire_fr_force_wheel_fz_n": 36.52232342671016,
    "tire_rl_force_wheel_fz_n": 22.83544369017817,
    "tire_rr_force_wheel_fz_n": 21.984038458378578,
    "tire_fl_spindle_omega_radps": 0.05019153987578421,
    "tire_fr_spindle_omega_radps": 0.052489781891514604,
    "tire_rl_spindle_omega_radps": 0.05043977576565165,
    "tire_rr_spindle_omega_radps": 0.045217192797791024
  },
  "val_crm_loss": 0.10969089960621205,
  "val_crm_rmse": {
    "vel_body_x_mps": 0.003329048087613653,
    "vel_body_y_mps": 0.0024950221057279467,
    "roll_rad": 4.230916854183017e-05,
    "pitch_rad": 2.8635374165334264e-05,
    "roll_rate_radps": 0.0037788972642285304,
    "ang_vel_body_y_radps": 0.0026306487894054366,
    "yaw_rate_radps": 0.0024510485654869437,
    "tire_fl_force_wheel_fz_n": 699.6620357204724,
    "tire_fr_force_wheel_fz_n": 710.7957600790727,
    "tire_rl_force_wheel_fz_n": 1064.626727345261,
    "tire_rr_force_wheel_fz_n": 1119.0284028898927,
    "tire_fl_spindle_omega_radps": 0.14349207821244844,
    "tire_fr_spindle_omega_radps": 0.1429274773302013,
    "tire_rl_spindle_omega_radps": 0.16841054825711432,
    "tire_rr_spindle_omega_radps": 0.16681546269761136
  },
  "val_mixed_loss": 0.056094557681608426,
  "rollout_flat_5.0s": {
    "xy_rmse_m": 0.9948578608727232,
    "yaw_rmse_rad": 0.046482006635090396,
    "errdist": 0.1310373364392584,
    "mean_dist_m": 7.592170963684718,
    "episodes": 12
  },
  "rollout_flat_10.0s": {
    "xy_rmse_m": 5.661220378892295,
    "yaw_rmse_rad": 0.13829032318607787,
    "errdist": 0.1607519868823374,
    "mean_dist_m": 35.2171098391215,
    "episodes": 12
  },
  "rollout_crm_5.0s": {
    "xy_rmse_m": 0.4716249075197853,
    "yaw_rmse_rad": 0.03278575488429935,
    "errdist": 0.06590159714215138,
    "mean_dist_m": 7.1565019357949495,
    "episodes": 12
  },
  "rollout_crm_10.0s": {
    "xy_rmse_m": 1.4048925432447774,
    "yaw_rmse_rad": 0.06466680982129812,
    "errdist": 0.056113097877011096,
    "mean_dist_m": 25.036802393694717,
    "episodes": 12
  },
  "rollout_sel": 0.10843254237967426
}
{
  "epoch": 57,
  "timestamp_utc": "2026-07-13T19:54:34.174764+00:00",
  "train_loss": 0.011586805925006046,
  "val_loss": 0.0024185853064773253,
  "val_rmse": {
    "vel_body_x_mps": 0.0007396593255936598,
    "vel_body_y_mps": 0.0006249060712871796,
    "roll_rad": 1.2617880374334573e-05,
    "pitch_rad": 6.327746946033512e-06,
    "roll_rate_radps": 0.0013659279037984654,
    "ang_vel_body_y_radps": 0.0005828541756839384,
    "yaw_rate_radps": 0.001234661731708303,
    "tire_fl_force_wheel_fz_n": 37.606483362255844,
    "tire_fr_force_wheel_fz_n": 37.276200571688435,
    "tire_rl_force_wheel_fz_n": 22.96978563945227,
    "tire_rr_force_wheel_fz_n": 21.824841259950407,
    "tire_fl_spindle_omega_radps": 0.046872198922192826,
    "tire_fr_spindle_omega_radps": 0.04507289148930158,
    "tire_rl_spindle_omega_radps": 0.04331512205714384,
    "tire_rr_spindle_omega_radps": 0.04067289210602931
  },
  "val_flat_loss": 0.0024185853064773253,
  "val_flat_rmse": {
    "vel_body_x_mps": 0.0007396593255936598,
    "vel_body_y_mps": 0.0006249060712871796,
    "roll_rad": 1.2617880374334573e-05,
    "pitch_rad": 6.327746946033512e-06,
    "roll_rate_radps": 0.0013659279037984654,
    "ang_vel_body_y_radps": 0.0005828541756839384,
    "yaw_rate_radps": 0.001234661731708303,
    "tire_fl_force_wheel_fz_n": 37.606483362255844,
    "tire_fr_force_wheel_fz_n": 37.276200571688435,
    "tire_rl_force_wheel_fz_n": 22.96978563945227,
    "tire_rr_force_wheel_fz_n": 21.824841259950407,
    "tire_fl_spindle_omega_radps": 0.046872198922192826,
    "tire_fr_spindle_omega_radps": 0.04507289148930158,
    "tire_rl_spindle_omega_radps": 0.04331512205714384,
    "tire_rr_spindle_omega_radps": 0.04067289210602931
  },
  "val_crm_loss": 0.1099605537764728,
  "val_crm_rmse": {
    "vel_body_x_mps": 0.003308939163911532,
    "vel_body_y_mps": 0.00248618604740513,
    "roll_rad": 4.21953499911671e-05,
    "pitch_rad": 2.7430134271702223e-05,
    "roll_rate_radps": 0.003749209919973602,
    "ang_vel_body_y_radps": 0.0026102425397414976,
    "yaw_rate_radps": 0.0024547584664014552,
    "tire_fl_force_wheel_fz_n": 703.4770774697571,
    "tire_fr_force_wheel_fz_n": 711.5124148096241,
    "tire_rl_force_wheel_fz_n": 1067.074275052015,
    "tire_rr_force_wheel_fz_n": 1127.443092830186,
    "tire_fl_spindle_omega_radps": 0.14124901807117718,
    "tire_fr_spindle_omega_radps": 0.13985307000649524,
    "tire_rl_spindle_omega_radps": 0.16639965767173265,
    "tire_rr_spindle_omega_radps": 0.16583120380477634
  },
  "val_mixed_loss": 0.05618956954147507,
  "rollout_flat_5.0s": {
    "xy_rmse_m": 0.5795993246381259,
    "yaw_rmse_rad": 0.03705198434482779,
    "errdist": 0.07634171140382595,
    "mean_dist_m": 7.592170963684718,
    "episodes": 12
  },
  "rollout_flat_10.0s": {
    "xy_rmse_m": 2.8369904693346615,
    "yaw_rmse_rad": 0.07247517069808769,
    "errdist": 0.08055716333039756,
    "mean_dist_m": 35.2171098391215,
    "episodes": 12
  },
  "rollout_crm_5.0s": {
    "xy_rmse_m": 0.46116329679934104,
    "yaw_rmse_rad": 0.032716832401792344,
    "errdist": 0.06443976413849942,
    "mean_dist_m": 7.1565019357949495,
    "episodes": 12
  },
  "rollout_crm_10.0s": {
    "xy_rmse_m": 1.7526870165018709,
    "yaw_rmse_rad": 0.07583986588041494,
    "errdist": 0.07000442744011386,
    "mean_dist_m": 25.036802393694717,
    "episodes": 12
  },
  "rollout_sel": 0.0752807953852557
}
{
  "epoch": 58,
  "timestamp_utc": "2026-07-13T19:56:29.685280+00:00",
  "train_loss": 0.011385833243606612,
  "val_loss": 0.0024361058978502113,
  "val_rmse": {
    "vel_body_x_mps": 0.0007229150974524763,
    "vel_body_y_mps": 0.0006495202134765598,
    "roll_rad": 1.2828380971567925e-05,
    "pitch_rad": 6.391270524014975e-06,
    "roll_rate_radps": 0.0013337158099918525,
    "ang_vel_body_y_radps": 0.000657538656165778,
    "yaw_rate_radps": 0.0012419092989189972,
    "tire_fl_force_wheel_fz_n": 36.89733017041122,
    "tire_fr_force_wheel_fz_n": 36.41626547467305,
    "tire_rl_force_wheel_fz_n": 22.17109184984274,
    "tire_rr_force_wheel_fz_n": 21.074867102180207,
    "tire_fl_spindle_omega_radps": 0.05005937117872174,
    "tire_fr_spindle_omega_radps": 0.04889542022533321,
    "tire_rl_spindle_omega_radps": 0.04808006054841405,
    "tire_rr_spindle_omega_radps": 0.0456269549240347
  },
  "val_flat_loss": 0.0024361058978502113,
  "val_flat_rmse": {
    "vel_body_x_mps": 0.0007229150974524763,
    "vel_body_y_mps": 0.0006495202134765598,
    "roll_rad": 1.2828380971567925e-05,
    "pitch_rad": 6.391270524014975e-06,
    "roll_rate_radps": 0.0013337158099918525,
    "ang_vel_body_y_radps": 0.000657538656165778,
    "yaw_rate_radps": 0.0012419092989189972,
    "tire_fl_force_wheel_fz_n": 36.89733017041122,
    "tire_fr_force_wheel_fz_n": 36.41626547467305,
    "tire_rl_force_wheel_fz_n": 22.17109184984274,
    "tire_rr_force_wheel_fz_n": 21.074867102180207,
    "tire_fl_spindle_omega_radps": 0.05005937117872174,
    "tire_fr_spindle_omega_radps": 0.04889542022533321,
    "tire_rl_spindle_omega_radps": 0.04808006054841405,
    "tire_rr_spindle_omega_radps": 0.0456269549240347
  },
  "val_crm_loss": 0.11005167384108062,
  "val_crm_rmse": {
    "vel_body_x_mps": 0.0032960301842962928,
    "vel_body_y_mps": 0.0024739281160816645,
    "roll_rad": 4.164559890546707e-05,
    "pitch_rad": 2.8033311150662667e-05,
    "roll_rate_radps": 0.0037528817625272857,
    "ang_vel_body_y_radps": 0.0026356608766322583,
    "yaw_rate_radps": 0.0024630285419921212,
    "tire_fl_force_wheel_fz_n": 709.6419027348846,
    "tire_fr_force_wheel_fz_n": 719.431340169285,
    "tire_rl_force_wheel_fz_n": 1067.6648378689488,
    "tire_rr_force_wheel_fz_n": 1123.286980558866,
    "tire_fl_spindle_omega_radps": 0.14195951798543355,
    "tire_fr_spindle_omega_radps": 0.1414915277021797,
    "tire_rl_spindle_omega_radps": 0.16788892528553437,
    "tire_rr_spindle_omega_radps": 0.16695200128345583
  },
  "val_mixed_loss": 0.056243889869465415,
  "rollout_flat_5.0s": {
    "xy_rmse_m": 0.690833825232772,
    "yaw_rmse_rad": 0.021852788775062384,
    "errdist": 0.09099292264850274,
    "mean_dist_m": 7.592170963684718,
    "episodes": 12
  },
  "rollout_flat_10.0s": {
    "xy_rmse_m": 3.8590919182829153,
    "yaw_rmse_rad": 0.09901311676394511,
    "errdist": 0.10958002902316477,
    "mean_dist_m": 35.2171098391215,
    "episodes": 12
  },
  "rollout_crm_5.0s": {
    "xy_rmse_m": 0.42703439358464806,
    "yaw_rmse_rad": 0.03003549500468385,
    "errdist": 0.05967082764957189,
    "mean_dist_m": 7.1565019357949495,
    "episodes": 12
  },
  "rollout_crm_10.0s": {
    "xy_rmse_m": 1.8502882041016815,
    "yaw_rmse_rad": 0.18682713948544716,
    "errdist": 0.07390273626026857,
    "mean_dist_m": 25.036802393694717,
    "episodes": 12
  },
  "rollout_sel": 0.09174138264171666
}
{
  "epoch": 59,
  "timestamp_utc": "2026-07-13T19:58:23.736027+00:00",
  "train_loss": 0.011193867166992277,
  "val_loss": 0.00242333335636431,
  "val_rmse": {
    "vel_body_x_mps": 0.0007017790349276323,
    "vel_body_y_mps": 0.0006183003105203698,
    "roll_rad": 1.197551756071034e-05,
    "pitch_rad": 6.336936780769037e-06,
    "roll_rate_radps": 0.0013389653310235073,
    "ang_vel_body_y_radps": 0.0006323615723035996,
    "yaw_rate_radps": 0.0012466749528871528,
    "tire_fl_force_wheel_fz_n": 36.85739966280212,
    "tire_fr_force_wheel_fz_n": 36.13256501459269,
    "tire_rl_force_wheel_fz_n": 22.530772345951917,
    "tire_rr_force_wheel_fz_n": 21.10706930199804,
    "tire_fl_spindle_omega_radps": 0.04931483672027151,
    "tire_fr_spindle_omega_radps": 0.04862736167292521,
    "tire_rl_spindle_omega_radps": 0.046861431499258255,
    "tire_rr_spindle_omega_radps": 0.0441960465712624
  },
  "val_flat_loss": 0.00242333335636431,
  "val_flat_rmse": {
    "vel_body_x_mps": 0.0007017790349276323,
    "vel_body_y_mps": 0.0006183003105203698,
    "roll_rad": 1.197551756071034e-05,
    "pitch_rad": 6.336936780769037e-06,
    "roll_rate_radps": 0.0013389653310235073,
    "ang_vel_body_y_radps": 0.0006323615723035996,
    "yaw_rate_radps": 0.0012466749528871528,
    "tire_fl_force_wheel_fz_n": 36.85739966280212,
    "tire_fr_force_wheel_fz_n": 36.13256501459269,
    "tire_rl_force_wheel_fz_n": 22.530772345951917,
    "tire_rr_force_wheel_fz_n": 21.10706930199804,
    "tire_fl_spindle_omega_radps": 0.04931483672027151,
    "tire_fr_spindle_omega_radps": 0.04862736167292521,
    "tire_rl_spindle_omega_radps": 0.046861431499258255,
    "tire_rr_spindle_omega_radps": 0.0441960465712624
  },
  "val_crm_loss": 0.11028629287611694,
  "val_crm_rmse": {
    "vel_body_x_mps": 0.003313719411785634,
    "vel_body_y_mps": 0.0024724009172809374,
    "roll_rad": 4.226229317694142e-05,
    "pitch_rad": 2.862833089879553e-05,
    "roll_rate_radps": 0.0037359066559917993,
    "ang_vel_body_y_radps": 0.0026458585196171072,
    "yaw_rate_radps": 0.0024607245261885134,
    "tire_fl_force_wheel_fz_n": 709.5129550723703,
    "tire_fr_force_wheel_fz_n": 712.7893306443153,
    "tire_rl_force_wheel_fz_n": 1069.1137898315176,
    "tire_rr_force_wheel_fz_n": 1125.9962288515892,
    "tire_fl_spindle_omega_radps": 0.14321099844509189,
    "tire_fr_spindle_omega_radps": 0.14288804984434547,
    "tire_rl_spindle_omega_radps": 0.1682993751768551,
    "tire_rr_spindle_omega_radps": 0.16764588963942578
  },
  "val_mixed_loss": 0.056354813116240625,
  "rollout_flat_5.0s": {
    "xy_rmse_m": 1.4784890408462918,
    "yaw_rmse_rad": 0.0560891572098999,
    "errdist": 0.19473863904254532,
    "mean_dist_m": 7.592170963684718,
    "episodes": 12
  },
  "rollout_flat_10.0s": {
    "xy_rmse_m": 5.205679508625657,
    "yaw_rmse_rad": 0.11850262601213918,
    "errdist": 0.14781677237019727,
    "mean_dist_m": 35.2171098391215,
    "episodes": 12
  },
  "rollout_crm_5.0s": {
    "xy_rmse_m": 0.6178537561267106,
    "yaw_rmse_rad": 0.03305952371181995,
    "errdist": 0.08633460336765478,
    "mean_dist_m": 7.1565019357949495,
    "episodes": 12
  },
  "rollout_crm_10.0s": {
    "xy_rmse_m": 2.3458015413541,
    "yaw_rmse_rad": 0.40771973333719935,
    "errdist": 0.09369413491656059,
    "mean_dist_m": 25.036802393694717,
    "episodes": 12
  },
  "rollout_sel": 0.12075545364337893
}
{
  "epoch": 60,
  "timestamp_utc": "2026-07-13T20:00:18.644399+00:00",
  "train_loss": 0.011003488942049444,
  "val_loss": 0.0023495606465985474,
  "val_rmse": {
    "vel_body_x_mps": 0.0006992834917555459,
    "vel_body_y_mps": 0.0006200806395779966,
    "roll_rad": 1.3704995880621986e-05,
    "pitch_rad": 6.1866478547619344e-06,
    "roll_rate_radps": 0.0013373124578751525,
    "ang_vel_body_y_radps": 0.0006325774301539445,
    "yaw_rate_radps": 0.0012399761964855852,
    "tire_fl_force_wheel_fz_n": 36.25107101739293,
    "tire_fr_force_wheel_fz_n": 36.28038796635382,
    "tire_rl_force_wheel_fz_n": 22.2302132754878,
    "tire_rr_force_wheel_fz_n": 20.862583876316055,
    "tire_fl_spindle_omega_radps": 0.048540511415456455,
    "tire_fr_spindle_omega_radps": 0.0474821544754531,
    "tire_rl_spindle_omega_radps": 0.04613581963548613,
    "tire_rr_spindle_omega_radps": 0.04392104449528489
  },
  "val_flat_loss": 0.0023495606465985474,
  "val_flat_rmse": {
    "vel_body_x_mps": 0.0006992834917555459,
    "vel_body_y_mps": 0.0006200806395779966,
    "roll_rad": 1.3704995880621986e-05,
    "pitch_rad": 6.1866478547619344e-06,
    "roll_rate_radps": 0.0013373124578751525,
    "ang_vel_body_y_radps": 0.0006325774301539445,
    "yaw_rate_radps": 0.0012399761964855852,
    "tire_fl_force_wheel_fz_n": 36.25107101739293,
    "tire_fr_force_wheel_fz_n": 36.28038796635382,
    "tire_rl_force_wheel_fz_n": 22.2302132754878,
    "tire_rr_force_wheel_fz_n": 20.862583876316055,
    "tire_fl_spindle_omega_radps": 0.048540511415456455,
    "tire_fr_spindle_omega_radps": 0.0474821544754531,
    "tire_rl_spindle_omega_radps": 0.04613581963548613,
    "tire_rr_spindle_omega_radps": 0.04392104449528489
  },
  "val_crm_loss": 0.11057474885892589,
  "val_crm_rmse": {
    "vel_body_x_mps": 0.0033170116942156267,
    "vel_body_y_mps": 0.0024757698376997564,
    "roll_rad": 4.043223340770599e-05,
    "pitch_rad": 2.7597669565949828e-05,
    "roll_rate_radps": 0.003774469684110306,
    "ang_vel_body_y_radps": 0.002612118929362759,
    "yaw_rate_radps": 0.002459113544324181,
    "tire_fl_force_wheel_fz_n": 704.7100671622094,
    "tire_fr_force_wheel_fz_n": 717.4828227762696,
    "tire_rl_force_wheel_fz_n": 1075.9814084281193,
    "tire_rr_force_wheel_fz_n": 1130.902740077704,
    "tire_fl_spindle_omega_radps": 0.14279107078669645,
    "tire_fr_spindle_omega_radps": 0.14321343691434646,
    "tire_rl_spindle_omega_radps": 0.16911858326676812,
    "tire_rr_spindle_omega_radps": 0.16840870523000842
  },
  "val_mixed_loss": 0.05646215475276222,
  "rollout_flat_5.0s": {
    "xy_rmse_m": 1.0329424558282017,
    "yaw_rmse_rad": 0.036980436100684626,
    "errdist": 0.13605363482579985,
    "mean_dist_m": 7.592170963684718,
    "episodes": 12
  },
  "rollout_flat_10.0s": {
    "xy_rmse_m": 4.6273379012833065,
    "yaw_rmse_rad": 0.09623444515746397,
    "errdist": 0.13139459547992074,
    "mean_dist_m": 35.2171098391215,
    "episodes": 12
  },
  "rollout_crm_5.0s": {
    "xy_rmse_m": 0.6076470450105208,
    "yaw_rmse_rad": 0.03443500128249576,
    "errdist": 0.08490838826874753,
    "mean_dist_m": 7.1565019357949495,
    "episodes": 12
  },
  "rollout_crm_10.0s": {
    "xy_rmse_m": 2.058937867021174,
    "yaw_rmse_rad": 0.08100468863694553,
    "errdist": 0.0822364547455029,
    "mean_dist_m": 25.036802393694717,
    "episodes": 12
  },
  "rollout_sel": 0.10681552511271182
}
{
  "epoch": 61,
  "timestamp_utc": "2026-07-13T20:02:13.953682+00:00",
  "train_loss": 0.010878193996148184,
  "val_loss": 0.0023582495709888462,
  "val_rmse": {
    "vel_body_x_mps": 0.0006892772010997504,
    "vel_body_y_mps": 0.0005972085528465243,
    "roll_rad": 1.2378101263807898e-05,
    "pitch_rad": 6.373518749664127e-06,
    "roll_rate_radps": 0.0013404447394055375,
    "ang_vel_body_y_radps": 0.0006436128981480772,
    "yaw_rate_radps": 0.0012502034862118519,
    "tire_fl_force_wheel_fz_n": 36.448999795024044,
    "tire_fr_force_wheel_fz_n": 36.12567422930619,
    "tire_rl_force_wheel_fz_n": 22.23841470442141,
    "tire_rr_force_wheel_fz_n": 21.00181748279612,
    "tire_fl_spindle_omega_radps": 0.04978991188616565,
    "tire_fr_spindle_omega_radps": 0.04874720749802747,
    "tire_rl_spindle_omega_radps": 0.04610802295622675,
    "tire_rr_spindle_omega_radps": 0.04363880405778009
  },
  "val_flat_loss": 0.0023582495709888462,
  "val_flat_rmse": {
    "vel_body_x_mps": 0.0006892772010997504,
    "vel_body_y_mps": 0.0005972085528465243,
    "roll_rad": 1.2378101263807898e-05,
    "pitch_rad": 6.373518749664127e-06,
    "roll_rate_radps": 0.0013404447394055375,
    "ang_vel_body_y_radps": 0.0006436128981480772,
    "yaw_rate_radps": 0.0012502034862118519,
    "tire_fl_force_wheel_fz_n": 36.448999795024044,
    "tire_fr_force_wheel_fz_n": 36.12567422930619,
    "tire_rl_force_wheel_fz_n": 22.23841470442141,
    "tire_rr_force_wheel_fz_n": 21.00181748279612,
    "tire_fl_spindle_omega_radps": 0.04978991188616565,
    "tire_fr_spindle_omega_radps": 0.04874720749802747,
    "tire_rl_spindle_omega_radps": 0.04610802295622675,
    "tire_rr_spindle_omega_radps": 0.04363880405778009
  },
  "val_crm_loss": 0.11079777067760005,
  "val_crm_rmse": {
    "vel_body_x_mps": 0.0032887423728644614,
    "vel_body_y_mps": 0.0024510414957963317,
    "roll_rad": 4.2250244408104355e-05,
    "pitch_rad": 2.6519268339886777e-05,
    "roll_rate_radps": 0.003738622614013347,
    "ang_vel_body_y_radps": 0.0026403995823977436,
    "yaw_rate_radps": 0.002461329105025908,
    "tire_fl_force_wheel_fz_n": 712.5152217775059,
    "tire_fr_force_wheel_fz_n": 715.1455813388942,
    "tire_rl_force_wheel_fz_n": 1072.2503403988044,
    "tire_rr_force_wheel_fz_n": 1131.8880128383628,
    "tire_fl_spindle_omega_radps": 0.14430212480345628,
    "tire_fr_spindle_omega_radps": 0.14268106523828888,
    "tire_rl_spindle_omega_radps": 0.16958502178309712,
    "tire_rr_spindle_omega_radps": 0.16822661851983262
  },
  "val_mixed_loss": 0.05657801012429445,
  "rollout_flat_5.0s": {
    "xy_rmse_m": 1.4085687562823566,
    "yaw_rmse_rad": 0.05593292857801769,
    "errdist": 0.1855291145338927,
    "mean_dist_m": 7.592170963684718,
    "episodes": 12
  },
  "rollout_flat_10.0s": {
    "xy_rmse_m": 6.982023937524144,
    "yaw_rmse_rad": 0.1487281975767906,
    "errdist": 0.1982565852058663,
    "mean_dist_m": 35.2171098391215,
    "episodes": 12
  },
  "rollout_crm_5.0s": {
    "xy_rmse_m": 0.6749936306028909,
    "yaw_rmse_rad": 0.04306249927710264,
    "errdist": 0.09431893355980935,
    "mean_dist_m": 7.1565019357949495,
    "episodes": 12
  },
  "rollout_crm_10.0s": {
    "xy_rmse_m": 2.411937753520497,
    "yaw_rmse_rad": 0.15134885768041847,
    "errdist": 0.09633569477418254,
    "mean_dist_m": 25.036802393694717,
    "episodes": 12
  },
  "rollout_sel": 0.14729613999002442
}
{
  "epoch": 62,
  "timestamp_utc": "2026-07-13T20:04:09.048603+00:00",
  "train_loss": 0.010727627645712346,
  "val_loss": 0.002286180462633638,
  "val_rmse": {
    "vel_body_x_mps": 0.0006829003465411239,
    "vel_body_y_mps": 0.000603607087392945,
    "roll_rad": 1.3104675416643687e-05,
    "pitch_rad": 6.237408928692611e-06,
    "roll_rate_radps": 0.001328501813359279,
    "ang_vel_body_y_radps": 0.0006136853652785296,
    "yaw_rate_radps": 0.0012285290332322736,
    "tire_fl_force_wheel_fz_n": 36.54421370335887,
    "tire_fr_force_wheel_fz_n": 36.006883473212966,
    "tire_rl_force_wheel_fz_n": 22.246757772045456,
    "tire_rr_force_wheel_fz_n": 20.913346607950178,
    "tire_fl_spindle_omega_radps": 0.04747586160760607,
    "tire_fr_spindle_omega_radps": 0.04641869803118645,
    "tire_rl_spindle_omega_radps": 0.04511513601288395,
    "tire_rr_spindle_omega_radps": 0.04267438472104366
  },
  "val_flat_loss": 0.002286180462633638,
  "val_flat_rmse": {
    "vel_body_x_mps": 0.0006829003465411239,
    "vel_body_y_mps": 0.000603607087392945,
    "roll_rad": 1.3104675416643687e-05,
    "pitch_rad": 6.237408928692611e-06,
    "roll_rate_radps": 0.001328501813359279,
    "ang_vel_body_y_radps": 0.0006136853652785296,
    "yaw_rate_radps": 0.0012285290332322736,
    "tire_fl_force_wheel_fz_n": 36.54421370335887,
    "tire_fr_force_wheel_fz_n": 36.006883473212966,
    "tire_rl_force_wheel_fz_n": 22.246757772045456,
    "tire_rr_force_wheel_fz_n": 20.913346607950178,
    "tire_fl_spindle_omega_radps": 0.04747586160760607,
    "tire_fr_spindle_omega_radps": 0.04641869803118645,
    "tire_rl_spindle_omega_radps": 0.04511513601288395,
    "tire_rr_spindle_omega_radps": 0.04267438472104366
  },
  "val_crm_loss": 0.11084146231878549,
  "val_crm_rmse": {
    "vel_body_x_mps": 0.0032939019730877784,
    "vel_body_y_mps": 0.002452122307393145,
    "roll_rad": 4.0628638154048395e-05,
    "pitch_rad": 2.673949859149007e-05,
    "roll_rate_radps": 0.003704895445276823,
    "ang_vel_body_y_radps": 0.0026020719053566777,
    "yaw_rate_radps": 0.0024652697324841983,
    "tire_fl_force_wheel_fz_n": 715.3587914196804,
    "tire_fr_force_wheel_fz_n": 714.358546627426,
    "tire_rl_force_wheel_fz_n": 1072.1174044334698,
    "tire_rr_force_wheel_fz_n": 1135.5717142732317,
    "tire_fl_spindle_omega_radps": 0.14273652829449893,
    "tire_fr_spindle_omega_radps": 0.14110780530783243,
    "tire_rl_spindle_omega_radps": 0.16828595479708772,
    "tire_rr_spindle_omega_radps": 0.16737249148215264
  },
  "val_mixed_loss": 0.05656382139070956,
  "rollout_flat_5.0s": {
    "xy_rmse_m": 0.9330745946493063,
    "yaw_rmse_rad": 0.05622788548650064,
    "errdist": 0.12289957630201415,
    "mean_dist_m": 7.592170963684718,
    "episodes": 12
  },
  "rollout_flat_10.0s": {
    "xy_rmse_m": 4.048057190318948,
    "yaw_rmse_rad": 0.11899801740252018,
    "errdist": 0.11494575247120643,
    "mean_dist_m": 35.2171098391215,
    "episodes": 12
  },
  "rollout_crm_5.0s": {
    "xy_rmse_m": 0.4743340852136789,
    "yaw_rmse_rad": 0.032213095962825046,
    "errdist": 0.06628015886381361,
    "mean_dist_m": 7.1565019357949495,
    "episodes": 12
  },
  "rollout_crm_10.0s": {
    "xy_rmse_m": 1.2202257566601342,
    "yaw_rmse_rad": 0.07406373198003648,
    "errdist": 0.04873728431740295,
    "mean_dist_m": 25.036802393694717,
    "episodes": 12
  },
  "rollout_sel": 0.08184151839430469
}
{
  "epoch": 63,
  "timestamp_utc": "2026-07-13T20:06:02.428626+00:00",
  "train_loss": 0.010560790985822677,
  "val_loss": 0.002207621070192545,
  "val_rmse": {
    "vel_body_x_mps": 0.0006486904754766482,
    "vel_body_y_mps": 0.0006157915213160845,
    "roll_rad": 1.0464754296924099e-05,
    "pitch_rad": 6.020317667272669e-06,
    "roll_rate_radps": 0.0013138144126676444,
    "ang_vel_body_y_radps": 0.0005740933683292694,
    "yaw_rate_radps": 0.0012204254825045084,
    "tire_fl_force_wheel_fz_n": 36.30614665209298,
    "tire_fr_force_wheel_fz_n": 36.17537401252488,
    "tire_rl_force_wheel_fz_n": 22.36852797829461,
    "tire_rr_force_wheel_fz_n": 21.169649525697828,
    "tire_fl_spindle_omega_radps": 0.04589426255985931,
    "tire_fr_spindle_omega_radps": 0.04410257403275075,
    "tire_rl_spindle_omega_radps": 0.04236139525709427,
    "tire_rr_spindle_omega_radps": 0.03977866773400418
  },
  "val_flat_loss": 0.002207621070192545,
  "val_flat_rmse": {
    "vel_body_x_mps": 0.0006486904754766482,
    "vel_body_y_mps": 0.0006157915213160845,
    "roll_rad": 1.0464754296924099e-05,
    "pitch_rad": 6.020317667272669e-06,
    "roll_rate_radps": 0.0013138144126676444,
    "ang_vel_body_y_radps": 0.0005740933683292694,
    "yaw_rate_radps": 0.0012204254825045084,
    "tire_fl_force_wheel_fz_n": 36.30614665209298,
    "tire_fr_force_wheel_fz_n": 36.17537401252488,
    "tire_rl_force_wheel_fz_n": 22.36852797829461,
    "tire_rr_force_wheel_fz_n": 21.169649525697828,
    "tire_fl_spindle_omega_radps": 0.04589426255985931,
    "tire_fr_spindle_omega_radps": 0.04410257403275075,
    "tire_rl_spindle_omega_radps": 0.04236139525709427,
    "tire_rr_spindle_omega_radps": 0.03977866773400418
  },
  "val_crm_loss": 0.1108883784658974,
  "val_crm_rmse": {
    "vel_body_x_mps": 0.0033238814738452663,
    "vel_body_y_mps": 0.002442966283323208,
    "roll_rad": 3.8781696225118126e-05,
    "pitch_rad": 2.663208104910745e-05,
    "roll_rate_radps": 0.0036735587649305104,
    "ang_vel_body_y_radps": 0.0026165243359224234,
    "yaw_rate_radps": 0.002464620870435511,
    "tire_fl_force_wheel_fz_n": 711.5279374892012,
    "tire_fr_force_wheel_fz_n": 715.0958621953466,
    "tire_rl_force_wheel_fz_n": 1076.2161817240471,
    "tire_rr_force_wheel_fz_n": 1133.7040210290177,
    "tire_fl_spindle_omega_radps": 0.14299220863117307,
    "tire_fr_spindle_omega_radps": 0.14204104437337864,
    "tire_rl_spindle_omega_radps": 0.1684292027015382,
    "tire_rr_spindle_omega_radps": 0.1674847880953632
  },
  "val_mixed_loss": 0.05654799976804497,
  "rollout_flat_5.0s": {
    "xy_rmse_m": 1.0501732191377733,
    "yaw_rmse_rad": 0.04988063997214225,
    "errdist": 0.13832317846384368,
    "mean_dist_m": 7.592170963684718,
    "episodes": 12
  },
  "rollout_flat_10.0s": {
    "xy_rmse_m": 3.3616116197498713,
    "yaw_rmse_rad": 0.0895633296640292,
    "errdist": 0.09545393233875116,
    "mean_dist_m": 35.2171098391215,
    "episodes": 12
  },
  "rollout_crm_5.0s": {
    "xy_rmse_m": 0.6131451436038118,
    "yaw_rmse_rad": 0.032536831302631186,
    "errdist": 0.08567665447514522,
    "mean_dist_m": 7.1565019357949495,
    "episodes": 12
  },
  "rollout_crm_10.0s": {
    "xy_rmse_m": 2.2176637126207805,
    "yaw_rmse_rad": 0.18868648050639739,
    "errdist": 0.08857615592234247,
    "mean_dist_m": 25.036802393694717,
    "episodes": 12
  },
  "rollout_sel": 0.09201504413054681
}
{
  "epoch": 64,
  "timestamp_utc": "2026-07-13T20:07:57.966998+00:00",
  "train_loss": 0.010475881413090974,
  "val_loss": 0.0023595036904953304,
  "val_rmse": {
    "vel_body_x_mps": 0.0006840180640472334,
    "vel_body_y_mps": 0.0005894528840497057,
    "roll_rad": 1.0871385793432922e-05,
    "pitch_rad": 6.510092996035086e-06,
    "roll_rate_radps": 0.0013255817589105602,
    "ang_vel_body_y_radps": 0.000638811900402987,
    "yaw_rate_radps": 0.0012380429657040959,
    "tire_fl_force_wheel_fz_n": 36.95846045702661,
    "tire_fr_force_wheel_fz_n": 36.32088190890693,
    "tire_rl_force_wheel_fz_n": 22.42226867957538,
    "tire_rr_force_wheel_fz_n": 20.850676010685532,
    "tire_fl_spindle_omega_radps": 0.0500453306051295,
    "tire_fr_spindle_omega_radps": 0.0483326246638926,
    "tire_rl_spindle_omega_radps": 0.048594850775838465,
    "tire_rr_spindle_omega_radps": 0.04275594512125242
  },
  "val_flat_loss": 0.0023595036904953304,
  "val_flat_rmse": {
    "vel_body_x_mps": 0.0006840180640472334,
    "vel_body_y_mps": 0.0005894528840497057,
    "roll_rad": 1.0871385793432922e-05,
    "pitch_rad": 6.510092996035086e-06,
    "roll_rate_radps": 0.0013255817589105602,
    "ang_vel_body_y_radps": 0.000638811900402987,
    "yaw_rate_radps": 0.0012380429657040959,
    "tire_fl_force_wheel_fz_n": 36.95846045702661,
    "tire_fr_force_wheel_fz_n": 36.32088190890693,
    "tire_rl_force_wheel_fz_n": 22.42226867957538,
    "tire_rr_force_wheel_fz_n": 20.850676010685532,
    "tire_fl_spindle_omega_radps": 0.0500453306051295,
    "tire_fr_spindle_omega_radps": 0.0483326246638926,
    "tire_rl_spindle_omega_radps": 0.048594850775838465,
    "tire_rr_spindle_omega_radps": 0.04275594512125242
  },
  "val_crm_loss": 0.1116358324495377,
  "val_crm_rmse": {
    "vel_body_x_mps": 0.0033294010838523474,
    "vel_body_y_mps": 0.0024696746025401643,
    "roll_rad": 3.912454408834393e-05,
    "pitch_rad": 2.630924737853078e-05,
    "roll_rate_radps": 0.0036857689841381354,
    "ang_vel_body_y_radps": 0.0026256444027951704,
    "yaw_rate_radps": 0.002473231600441011,
    "tire_fl_force_wheel_fz_n": 714.9364713226929,
    "tire_fr_force_wheel_fz_n": 717.6211865992076,
    "tire_rl_force_wheel_fz_n": 1080.7847533787597,
    "tire_rr_force_wheel_fz_n": 1138.5983259108668,
    "tire_fl_spindle_omega_radps": 0.14408872496572864,
    "tire_fr_spindle_omega_radps": 0.14261219382175644,
    "tire_rl_spindle_omega_radps": 0.16927914513806097,
    "tire_rr_spindle_omega_radps": 0.1685681908492981
  },
  "val_mixed_loss": 0.056997668070016515,
  "rollout_flat_5.0s": {
    "xy_rmse_m": 0.8141957481120519,
    "yaw_rmse_rad": 0.04586643446875014,
    "errdist": 0.10724149284922019,
    "mean_dist_m": 7.592170963684718,
    "episodes": 12
  },
  "rollout_flat_10.0s": {
    "xy_rmse_m": 4.112713826194854,
    "yaw_rmse_rad": 0.08056335862685933,
    "errdist": 0.11678169631132476,
    "mean_dist_m": 35.2171098391215,
    "episodes": 12
  },
  "rollout_crm_5.0s": {
    "xy_rmse_m": 0.48444132541508883,
    "yaw_rmse_rad": 0.029751620848114595,
    "errdist": 0.06769247458622768,
    "mean_dist_m": 7.1565019357949495,
    "episodes": 12
  },
  "rollout_crm_10.0s": {
    "xy_rmse_m": 1.4558383657844847,
    "yaw_rmse_rad": 0.1082518940182543,
    "errdist": 0.058147935303077034,
    "mean_dist_m": 25.036802393694717,
    "episodes": 12
  },
  "rollout_sel": 0.08746481580720089
}
{
  "epoch": 65,
  "timestamp_utc": "2026-07-13T20:09:52.090626+00:00",
  "train_loss": 0.010301804850576446,
  "val_loss": 0.0022931829018125426,
  "val_rmse": {
    "vel_body_x_mps": 0.0006771735056361867,
    "vel_body_y_mps": 0.0006076396901138029,
    "roll_rad": 1.2786512722688758e-05,
    "pitch_rad": 6.418386681528311e-06,
    "roll_rate_radps": 0.0013223527913364733,
    "ang_vel_body_y_radps": 0.0006176704516077538,
    "yaw_rate_radps": 0.0012459457159554898,
    "tire_fl_force_wheel_fz_n": 36.97585964319097,
    "tire_fr_force_wheel_fz_n": 36.1727200391366,
    "tire_rl_force_wheel_fz_n": 22.465962822040737,
    "tire_rr_force_wheel_fz_n": 21.035169628085928,
    "tire_fl_spindle_omega_radps": 0.047482149869644906,
    "tire_fr_spindle_omega_radps": 0.04640028367320966,
    "tire_rl_spindle_omega_radps": 0.04511378732576528,
    "tire_rr_spindle_omega_radps": 0.042277390690406744
  },
  "val_flat_loss": 0.0022931829018125426,
  "val_flat_rmse": {
    "vel_body_x_mps": 0.0006771735056361867,
    "vel_body_y_mps": 0.0006076396901138029,
    "roll_rad": 1.2786512722688758e-05,
    "pitch_rad": 6.418386681528311e-06,
    "roll_rate_radps": 0.0013223527913364733,
    "ang_vel_body_y_radps": 0.0006176704516077538,
    "yaw_rate_radps": 0.0012459457159554898,
    "tire_fl_force_wheel_fz_n": 36.97585964319097,
    "tire_fr_force_wheel_fz_n": 36.1727200391366,
    "tire_rl_force_wheel_fz_n": 22.465962822040737,
    "tire_rr_force_wheel_fz_n": 21.035169628085928,
    "tire_fl_spindle_omega_radps": 0.047482149869644906,
    "tire_fr_spindle_omega_radps": 0.04640028367320966,
    "tire_rl_spindle_omega_radps": 0.04511378732576528,
    "tire_rr_spindle_omega_radps": 0.042277390690406744
  },
  "val_crm_loss": 0.1120899014940369,
  "val_crm_rmse": {
    "vel_body_x_mps": 0.0033200495938990877,
    "vel_body_y_mps": 0.002471464883407364,
    "roll_rad": 3.9023073869911126e-05,
    "pitch_rad": 2.611325252600237e-05,
    "roll_rate_radps": 0.003694568770408053,
    "ang_vel_body_y_radps": 0.0026040682130720207,
    "yaw_rate_radps": 0.0024638597895038205,
    "tire_fl_force_wheel_fz_n": 715.8346425526747,
    "tire_fr_force_wheel_fz_n": 719.1282218206607,
    "tire_rl_force_wheel_fz_n": 1080.4907192118674,
    "tire_rr_force_wheel_fz_n": 1146.3940696194227,
    "tire_fl_spindle_omega_radps": 0.14248310712629642,
    "tire_fr_spindle_omega_radps": 0.14192264051730363,
    "tire_rl_spindle_omega_radps": 0.16931297510653645,
    "tire_rr_spindle_omega_radps": 0.1688786808404641
  },
  "val_mixed_loss": 0.05719154219792472,
  "rollout_flat_5.0s": {
    "xy_rmse_m": 1.2202913399203765,
    "yaw_rmse_rad": 0.06015256394873784,
    "errdist": 0.16073022403701653,
    "mean_dist_m": 7.592170963684718,
    "episodes": 12
  },
  "rollout_flat_10.0s": {
    "xy_rmse_m": 5.6137447652804395,
    "yaw_rmse_rad": 0.1567443265927559,
    "errdist": 0.15940390312905006,
    "mean_dist_m": 35.2171098391215,
    "episodes": 12
  },
  "rollout_crm_5.0s": {
    "xy_rmse_m": 0.43032189436746143,
    "yaw_rmse_rad": 0.02570525176486456,
    "errdist": 0.06013020023303619,
    "mean_dist_m": 7.1565019357949495,
    "episodes": 12
  },
  "rollout_crm_10.0s": {
    "xy_rmse_m": 1.8890689216380514,
    "yaw_rmse_rad": 0.18942888335962385,
    "errdist": 0.07545168476122156,
    "mean_dist_m": 25.036802393694717,
    "episodes": 12
  },
  "rollout_sel": 0.1174277939451358
}
{
  "epoch": 66,
  "timestamp_utc": "2026-07-13T20:11:47.146559+00:00",
  "train_loss": 0.010205423138104379,
  "val_loss": 0.0023051030667193117,
  "val_rmse": {
    "vel_body_x_mps": 0.000712727283782612,
    "vel_body_y_mps": 0.0005927306580394691,
    "roll_rad": 1.1223595082488109e-05,
    "pitch_rad": 6.645058494296235e-06,
    "roll_rate_radps": 0.0013183496142654646,
    "ang_vel_body_y_radps": 0.0006588249706997216,
    "yaw_rate_radps": 0.001218905873358582,
    "tire_fl_force_wheel_fz_n": 35.530462642860314,
    "tire_fr_force_wheel_fz_n": 35.8363516040442,
    "tire_rl_force_wheel_fz_n": 22.138056198167856,
    "tire_rr_force_wheel_fz_n": 20.581159985574534,
    "tire_fl_spindle_omega_radps": 0.049595466046269465,
    "tire_fr_spindle_omega_radps": 0.048762656055831695,
    "tire_rl_spindle_omega_radps": 0.048078836811359084,
    "tire_rr_spindle_omega_radps": 0.0448273638922648
  },
  "val_flat_loss": 0.0023051030667193117,
  "val_flat_rmse": {
    "vel_body_x_mps": 0.000712727283782612,
    "vel_body_y_mps": 0.0005927306580394691,
    "roll_rad": 1.1223595082488109e-05,
    "pitch_rad": 6.645058494296235e-06,
    "roll_rate_radps": 0.0013183496142654646,
    "ang_vel_body_y_radps": 0.0006588249706997216,
    "yaw_rate_radps": 0.001218905873358582,
    "tire_fl_force_wheel_fz_n": 35.530462642860314,
    "tire_fr_force_wheel_fz_n": 35.8363516040442,
    "tire_rl_force_wheel_fz_n": 22.138056198167856,
    "tire_rr_force_wheel_fz_n": 20.581159985574534,
    "tire_fl_spindle_omega_radps": 0.049595466046269465,
    "tire_fr_spindle_omega_radps": 0.048762656055831695,
    "tire_rl_spindle_omega_radps": 0.048078836811359084,
    "tire_rr_spindle_omega_radps": 0.0448273638922648
  },
  "val_crm_loss": 0.11216892870143055,
  "val_crm_rmse": {
    "vel_body_x_mps": 0.003342501095796454,
    "vel_body_y_mps": 0.002450982423363246,
    "roll_rad": 3.865359160707863e-05,
    "pitch_rad": 2.7622122066269606e-05,
    "roll_rate_radps": 0.0036716158108188036,
    "ang_vel_body_y_radps": 0.002607122594868262,
    "yaw_rate_radps": 0.0024697501057363022,
    "tire_fl_force_wheel_fz_n": 715.2999909757051,
    "tire_fr_force_wheel_fz_n": 719.5521694349717,
    "tire_rl_force_wheel_fz_n": 1080.144084005988,
    "tire_rr_force_wheel_fz_n": 1144.5225908199527,
    "tire_fl_spindle_omega_radps": 0.14222301252361125,
    "tire_fr_spindle_omega_radps": 0.1411832114989826,
    "tire_rl_spindle_omega_radps": 0.16775335706570033,
    "tire_rr_spindle_omega_radps": 0.16782130716966842
  },
  "val_mixed_loss": 0.057237015884074934,
  "rollout_flat_5.0s": {
    "xy_rmse_m": 0.8806921676874089,
    "yaw_rmse_rad": 0.055221007488511435,
    "errdist": 0.11600004424294226,
    "mean_dist_m": 7.592170963684718,
    "episodes": 12
  },
  "rollout_flat_10.0s": {
    "xy_rmse_m": 5.363735599040655,
    "yaw_rmse_rad": 0.11389159046321595,
    "errdist": 0.15230482068356055,
    "mean_dist_m": 35.2171098391215,
    "episodes": 12
  },
  "rollout_crm_5.0s": {
    "xy_rmse_m": 0.7598888102009266,
    "yaw_rmse_rad": 0.033631504342058444,
    "errdist": 0.10618159779991977,
    "mean_dist_m": 7.1565019357949495,
    "episodes": 12
  },
  "rollout_crm_10.0s": {
    "xy_rmse_m": 3.251045401360297,
    "yaw_rmse_rad": 0.21782137946072794,
    "errdist": 0.1298506634449071,
    "mean_dist_m": 25.036802393694717,
    "episodes": 12
  },
  "rollout_sel": 0.14107774206423382
}
{
  "epoch": 67,
  "timestamp_utc": "2026-07-13T20:13:41.480240+00:00",
  "train_loss": 0.010066365172853694,
  "val_loss": 0.002181586787082779,
  "val_rmse": {
    "vel_body_x_mps": 0.0006463947567376776,
    "vel_body_y_mps": 0.0005984731537945961,
    "roll_rad": 1.142895788254178e-05,
    "pitch_rad": 6.027859470662561e-06,
    "roll_rate_radps": 0.0013134678941017876,
    "ang_vel_body_y_radps": 0.000575794599302614,
    "yaw_rate_radps": 0.0012337185356244014,
    "tire_fl_force_wheel_fz_n": 35.91623221136112,
    "tire_fr_force_wheel_fz_n": 35.845117137481814,
    "tire_rl_force_wheel_fz_n": 22.227476774428172,
    "tire_rr_force_wheel_fz_n": 20.654404782796576,
    "tire_fl_spindle_omega_radps": 0.045194830934101905,
    "tire_fr_spindle_omega_radps": 0.04506745947096159,
    "tire_rl_spindle_omega_radps": 0.043734823766896753,
    "tire_rr_spindle_omega_radps": 0.0397054710676457
  },
  "val_flat_loss": 0.002181586787082779,
  "val_flat_rmse": {
    "vel_body_x_mps": 0.0006463947567376776,
    "vel_body_y_mps": 0.0005984731537945961,
    "roll_rad": 1.142895788254178e-05,
    "pitch_rad": 6.027859470662561e-06,
    "roll_rate_radps": 0.0013134678941017876,
    "ang_vel_body_y_radps": 0.000575794599302614,
    "yaw_rate_radps": 0.0012337185356244014,
    "tire_fl_force_wheel_fz_n": 35.91623221136112,
    "tire_fr_force_wheel_fz_n": 35.845117137481814,
    "tire_rl_force_wheel_fz_n": 22.227476774428172,
    "tire_rr_force_wheel_fz_n": 20.654404782796576,
    "tire_fl_spindle_omega_radps": 0.045194830934101905,
    "tire_fr_spindle_omega_radps": 0.04506745947096159,
    "tire_rl_spindle_omega_radps": 0.043734823766896753,
    "tire_rr_spindle_omega_radps": 0.0397054710676457
  },
  "val_crm_loss": 0.11246406951802783,
  "val_crm_rmse": {
    "vel_body_x_mps": 0.003351466294107443,
    "vel_body_y_mps": 0.002466838546047477,
    "roll_rad": 3.975351745779834e-05,
    "pitch_rad": 2.5375365795729922e-05,
    "roll_rate_radps": 0.0036930589549999467,
    "ang_vel_body_y_radps": 0.002588141500563804,
    "yaw_rate_radps": 0.002472564584103694,
    "tire_fl_force_wheel_fz_n": 716.3095467209919,
    "tire_fr_force_wheel_fz_n": 723.105941612576,
    "tire_rl_force_wheel_fz_n": 1083.905159278949,
    "tire_rr_force_wheel_fz_n": 1145.7678686595025,
    "tire_fl_spindle_omega_radps": 0.1420509712318619,
    "tire_fr_spindle_omega_radps": 0.14070972211052898,
    "tire_rl_spindle_omega_radps": 0.16767043838463808,
    "tire_rr_spindle_omega_radps": 0.16797455620183957
  },
  "val_mixed_loss": 0.0573228281525553,
  "rollout_flat_5.0s": {
    "xy_rmse_m": 0.6518248590757167,
    "yaw_rmse_rad": 0.03989230868288622,
    "errdist": 0.08585487104986973,
    "mean_dist_m": 7.592170963684718,
    "episodes": 12
  },
  "rollout_flat_10.0s": {
    "xy_rmse_m": 3.121745478960213,
    "yaw_rmse_rad": 0.09219438812686359,
    "errdist": 0.08864286402890369,
    "mean_dist_m": 35.2171098391215,
    "episodes": 12
  },
  "rollout_crm_5.0s": {
    "xy_rmse_m": 0.5422359012909523,
    "yaw_rmse_rad": 0.03447035044234041,
    "errdist": 0.07576828821617868,
    "mean_dist_m": 7.1565019357949495,
    "episodes": 12
  },
  "rollout_crm_10.0s": {
    "xy_rmse_m": 1.7648592337865894,
    "yaw_rmse_rad": 0.08957290270798189,
    "errdist": 0.07049060043829929,
    "mean_dist_m": 25.036802393694717,
    "episodes": 12
  },
  "rollout_sel": 0.07956673223360149
}
{
  "epoch": 68,
  "timestamp_utc": "2026-07-13T20:15:34.691725+00:00",
  "train_loss": 0.009919802888995036,
  "val_loss": 0.002141376542222133,
  "val_rmse": {
    "vel_body_x_mps": 0.0006179555379990585,
    "vel_body_y_mps": 0.0005962398353784156,
    "roll_rad": 1.0974788846129762e-05,
    "pitch_rad": 5.370110669355864e-06,
    "roll_rate_radps": 0.0013002514385981585,
    "ang_vel_body_y_radps": 0.0005544245115094126,
    "yaw_rate_radps": 0.001231925697354178,
    "tire_fl_force_wheel_fz_n": 35.528151387669496,
    "tire_fr_force_wheel_fz_n": 35.63974111669291,
    "tire_rl_force_wheel_fz_n": 22.225769975903347,
    "tire_rr_force_wheel_fz_n": 20.56983019317338,
    "tire_fl_spindle_omega_radps": 0.04468259343271866,
    "tire_fr_spindle_omega_radps": 0.04355683755262445,
    "tire_rl_spindle_omega_radps": 0.04191507723058817,
    "tire_rr_spindle_omega_radps": 0.039866644437124746
  },
  "val_flat_loss": 0.002141376542222133,
  "val_flat_rmse": {
    "vel_body_x_mps": 0.0006179555379990585,
    "vel_body_y_mps": 0.0005962398353784156,
    "roll_rad": 1.0974788846129762e-05,
    "pitch_rad": 5.370110669355864e-06,
    "roll_rate_radps": 0.0013002514385981585,
    "ang_vel_body_y_radps": 0.0005544245115094126,
    "yaw_rate_radps": 0.001231925697354178,
    "tire_fl_force_wheel_fz_n": 35.528151387669496,
    "tire_fr_force_wheel_fz_n": 35.63974111669291,
    "tire_rl_force_wheel_fz_n": 22.225769975903347,
    "tire_rr_force_wheel_fz_n": 20.56983019317338,
    "tire_fl_spindle_omega_radps": 0.04468259343271866,
    "tire_fr_spindle_omega_radps": 0.04355683755262445,
    "tire_rl_spindle_omega_radps": 0.04191507723058817,
    "tire_rr_spindle_omega_radps": 0.039866644437124746
  },
  "val_crm_loss": 0.11252432552166283,
  "val_crm_rmse": {
    "vel_body_x_mps": 0.003334044906570702,
    "vel_body_y_mps": 0.0024324797798820105,
    "roll_rad": 3.753225823617081e-05,
    "pitch_rad": 2.5589209689217733e-05,
    "roll_rate_radps": 0.0036492998277433434,
    "ang_vel_body_y_radps": 0.0025888335260333016,
    "yaw_rate_radps": 0.002470810318718012,
    "tire_fl_force_wheel_fz_n": 720.0003388467627,
    "tire_fr_force_wheel_fz_n": 724.3976733620583,
    "tire_rl_force_wheel_fz_n": 1082.9148056079175,
    "tire_rr_force_wheel_fz_n": 1150.7308488518627,
    "tire_fl_spindle_omega_radps": 0.14153764335288382,
    "tire_fr_spindle_omega_radps": 0.14005048548068452,
    "tire_rl_spindle_omega_radps": 0.16724161858502043,
    "tire_rr_spindle_omega_radps": 0.16756348338915486
  },
  "val_mixed_loss": 0.05733285103194248,
  "rollout_flat_5.0s": {
    "xy_rmse_m": 1.1504923249018661,
    "yaw_rmse_rad": 0.06430252746823194,
    "errdist": 0.15153667250183947,
    "mean_dist_m": 7.592170963684718,
    "episodes": 12
  },
  "rollout_flat_10.0s": {
    "xy_rmse_m": 5.968379319109782,
    "yaw_rmse_rad": 0.1550046273695699,
    "errdist": 0.16947385365734102,
    "mean_dist_m": 35.2171098391215,
    "episodes": 12
  },
  "rollout_crm_5.0s": {
    "xy_rmse_m": 0.5456353173695122,
    "yaw_rmse_rad": 0.037670865490499916,
    "errdist": 0.0762432990677173,
    "mean_dist_m": 7.1565019357949495,
    "episodes": 12
  },
  "rollout_crm_10.0s": {
    "xy_rmse_m": 2.385551425331298,
    "yaw_rmse_rad": 0.3072995289373258,
    "errdist": 0.09528179309080127,
    "mean_dist_m": 25.036802393694717,
    "episodes": 12
  },
  "rollout_sel": 0.13237782337407114
}
{
  "epoch": 69,
  "timestamp_utc": "2026-07-13T20:17:29.182564+00:00",
  "train_loss": 0.00987712049530819,
  "val_loss": 0.0022764714375443874,
  "val_rmse": {
    "vel_body_x_mps": 0.0006768386434476349,
    "vel_body_y_mps": 0.0005891393807973283,
    "roll_rad": 1.2230092499332483e-05,
    "pitch_rad": 6.229850637967981e-06,
    "roll_rate_radps": 0.0013076783006953504,
    "ang_vel_body_y_radps": 0.0006249384572985758,
    "yaw_rate_radps": 0.0012263712263181283,
    "tire_fl_force_wheel_fz_n": 35.33300731478538,
    "tire_fr_force_wheel_fz_n": 36.07648495593889,
    "tire_rl_force_wheel_fz_n": 22.458742457386602,
    "tire_rr_force_wheel_fz_n": 20.761142168653286,
    "tire_fl_spindle_omega_radps": 0.04943379766275006,
    "tire_fr_spindle_omega_radps": 0.04680597674915659,
    "tire_rl_spindle_omega_radps": 0.04840175999025669,
    "tire_rr_spindle_omega_radps": 0.04160751031664259
  },
  "val_flat_loss": 0.0022764714375443874,
  "val_flat_rmse": {
    "vel_body_x_mps": 0.0006768386434476349,
    "vel_body_y_mps": 0.0005891393807973283,
    "roll_rad": 1.2230092499332483e-05,
    "pitch_rad": 6.229850637967981e-06,
    "roll_rate_radps": 0.0013076783006953504,
    "ang_vel_body_y_radps": 0.0006249384572985758,
    "yaw_rate_radps": 0.0012263712263181283,
    "tire_fl_force_wheel_fz_n": 35.33300731478538,
    "tire_fr_force_wheel_fz_n": 36.07648495593889,
    "tire_rl_force_wheel_fz_n": 22.458742457386602,
    "tire_rr_force_wheel_fz_n": 20.761142168653286,
    "tire_fl_spindle_omega_radps": 0.04943379766275006,
    "tire_fr_spindle_omega_radps": 0.04680597674915659,
    "tire_rl_spindle_omega_radps": 0.04840175999025669,
    "tire_rr_spindle_omega_radps": 0.04160751031664259
  },
  "val_crm_loss": 0.11286907158297253,
  "val_crm_rmse": {
    "vel_body_x_mps": 0.0033411956857815643,
    "vel_body_y_mps": 0.0024322921697826024,
    "roll_rad": 3.8488666069886835e-05,
    "pitch_rad": 2.5747951158724454e-05,
    "roll_rate_radps": 0.0036330746382046606,
    "ang_vel_body_y_radps": 0.0025808583507837164,
    "yaw_rate_radps": 0.0024780368565552836,
    "tire_fl_force_wheel_fz_n": 720.0435397059442,
    "tire_fr_force_wheel_fz_n": 723.4749139969273,
    "tire_rl_force_wheel_fz_n": 1086.791167582261,
    "tire_rr_force_wheel_fz_n": 1151.7466324271636,
    "tire_fl_spindle_omega_radps": 0.14193259171967262,
    "tire_fr_spindle_omega_radps": 0.14133822486242764,
    "tire_rl_spindle_omega_radps": 0.16862810858952315,
    "tire_rr_spindle_omega_radps": 0.16871615631110407
  },
  "val_mixed_loss": 0.05757277151025846,
  "rollout_flat_5.0s": {
    "xy_rmse_m": 0.9764353655037487,
    "yaw_rmse_rad": 0.052657414079405135,
    "errdist": 0.12861082425228396,
    "mean_dist_m": 7.592170963684718,
    "episodes": 12
  },
  "rollout_flat_10.0s": {
    "xy_rmse_m": 4.311280781617682,
    "yaw_rmse_rad": 0.11624708530273997,
    "errdist": 0.12242006233085105,
    "mean_dist_m": 35.2171098391215,
    "episodes": 12
  },
  "rollout_crm_5.0s": {
    "xy_rmse_m": 0.7138048016119358,
    "yaw_rmse_rad": 0.03939188962384497,
    "errdist": 0.09974213771139655,
    "mean_dist_m": 7.1565019357949495,
    "episodes": 12
  },
  "rollout_crm_10.0s": {
    "xy_rmse_m": 2.0161201442171475,
    "yaw_rmse_rad": 0.09784004584640198,
    "errdist": 0.08052626339875128,
    "mean_dist_m": 25.036802393694717,
    "episodes": 12
  },
  "rollout_sel": 0.10147316286480117
}
{
  "epoch": 70,
  "timestamp_utc": "2026-07-13T20:19:24.656230+00:00",
  "train_loss": 0.009759245101129636,
  "val_loss": 0.002111091635833873,
  "val_rmse": {
    "vel_body_x_mps": 0.0006247016115353722,
    "vel_body_y_mps": 0.0006120129967374768,
    "roll_rad": 1.1004121035852719e-05,
    "pitch_rad": 5.5314967505871105e-06,
    "roll_rate_radps": 0.0013030367321370936,
    "ang_vel_body_y_radps": 0.0005669650838257509,
    "yaw_rate_radps": 0.001218736104584925,
    "tire_fl_force_wheel_fz_n": 36.557629536050506,
    "tire_fr_force_wheel_fz_n": 35.625242866022894,
    "tire_rl_force_wheel_fz_n": 21.868105236555756,
    "tire_rr_force_wheel_fz_n": 20.606303050719475,
    "tire_fl_spindle_omega_radps": 0.04437603459323341,
    "tire_fr_spindle_omega_radps": 0.043503833468844344,
    "tire_rl_spindle_omega_radps": 0.042372916493439695,
    "tire_rr_spindle_omega_radps": 0.03941604220580919
  },
  "val_flat_loss": 0.002111091635833873,
  "val_flat_rmse": {
    "vel_body_x_mps": 0.0006247016115353722,
    "vel_body_y_mps": 0.0006120129967374768,
    "roll_rad": 1.1004121035852719e-05,
    "pitch_rad": 5.5314967505871105e-06,
    "roll_rate_radps": 0.0013030367321370936,
    "ang_vel_body_y_radps": 0.0005669650838257509,
    "yaw_rate_radps": 0.001218736104584925,
    "tire_fl_force_wheel_fz_n": 36.557629536050506,
    "tire_fr_force_wheel_fz_n": 35.625242866022894,
    "tire_rl_force_wheel_fz_n": 21.868105236555756,
    "tire_rr_force_wheel_fz_n": 20.606303050719475,
    "tire_fl_spindle_omega_radps": 0.04437603459323341,
    "tire_fr_spindle_omega_radps": 0.043503833468844344,
    "tire_rl_spindle_omega_radps": 0.042372916493439695,
    "tire_rr_spindle_omega_radps": 0.03941604220580919
  },
  "val_crm_loss": 0.11332077975501306,
  "val_crm_rmse": {
    "vel_body_x_mps": 0.003346133694832298,
    "vel_body_y_mps": 0.0024481357551607167,
    "roll_rad": 3.9203522500011936e-05,
    "pitch_rad": 2.5383195220136505e-05,
    "roll_rate_radps": 0.0036386386923506066,
    "ang_vel_body_y_radps": 0.002586408013965594,
    "yaw_rate_radps": 0.002484274753698256,
    "tire_fl_force_wheel_fz_n": 720.830799051911,
    "tire_fr_force_wheel_fz_n": 725.5874366581081,
    "tire_rl_force_wheel_fz_n": 1086.832767461255,
    "tire_rr_force_wheel_fz_n": 1155.639683567804,
    "tire_fl_spindle_omega_radps": 0.14139713576683666,
    "tire_fr_spindle_omega_radps": 0.14048956456803147,
    "tire_rl_spindle_omega_radps": 0.16772536126253734,
    "tire_rr_spindle_omega_radps": 0.16814835257016558
  },
  "val_mixed_loss": 0.057715935695423465,
  "rollout_flat_5.0s": {
    "xy_rmse_m": 0.5759047002451183,
    "yaw_rmse_rad": 0.038128603194331534,
    "errdist": 0.07585507531374316,
    "mean_dist_m": 7.592170963684718,
    "episodes": 12
  },
  "rollout_flat_10.0s": {
    "xy_rmse_m": 2.299056095544563,
    "yaw_rmse_rad": 0.07507077712894053,
    "errdist": 0.06528236150118769,
    "mean_dist_m": 35.2171098391215,
    "episodes": 12
  },
  "rollout_crm_5.0s": {
    "xy_rmse_m": 0.8353177635806242,
    "yaw_rmse_rad": 0.055807041526485426,
    "errdist": 0.11672151717064218,
    "mean_dist_m": 7.1565019357949495,
    "episodes": 12
  },
  "rollout_crm_10.0s": {
    "xy_rmse_m": 2.816313606646724,
    "yaw_rmse_rad": 0.15448439965470245,
    "errdist": 0.11248695270111594,
    "mean_dist_m": 25.036802393694717,
    "episodes": 12
  },
  "rollout_sel": 0.08888465710115181
}
{
  "epoch": 71,
  "timestamp_utc": "2026-07-13T20:21:17.338737+00:00",
  "train_loss": 0.009651264241198079,
  "val_loss": 0.002175287915379158,
  "val_rmse": {
    "vel_body_x_mps": 0.000634761189301884,
    "vel_body_y_mps": 0.0006085460903003515,
    "roll_rad": 1.1574441483472453e-05,
    "pitch_rad": 5.58750545610543e-06,
    "roll_rate_radps": 0.0013031002313180127,
    "ang_vel_body_y_radps": 0.0005686473479955018,
    "yaw_rate_radps": 0.0012203768612189907,
    "tire_fl_force_wheel_fz_n": 35.718626917629486,
    "tire_fr_force_wheel_fz_n": 35.79127205007584,
    "tire_rl_force_wheel_fz_n": 22.03274572189315,
    "tire_rr_force_wheel_fz_n": 20.792416727899862,
    "tire_fl_spindle_omega_radps": 0.0449711069972629,
    "tire_fr_spindle_omega_radps": 0.043462493196871926,
    "tire_rl_spindle_omega_radps": 0.04221536878047978,
    "tire_rr_spindle_omega_radps": 0.040382090447206996
  },
  "val_flat_loss": 0.002175287915379158,
  "val_flat_rmse": {
    "vel_body_x_mps": 0.000634761189301884,
    "vel_body_y_mps": 0.0006085460903003515,
    "roll_rad": 1.1574441483472453e-05,
    "pitch_rad": 5.58750545610543e-06,
    "roll_rate_radps": 0.0013031002313180127,
    "ang_vel_body_y_radps": 0.0005686473479955018,
    "yaw_rate_radps": 0.0012203768612189907,
    "tire_fl_force_wheel_fz_n": 35.718626917629486,
    "tire_fr_force_wheel_fz_n": 35.79127205007584,
    "tire_rl_force_wheel_fz_n": 22.03274572189315,
    "tire_rr_force_wheel_fz_n": 20.792416727899862,
    "tire_fl_spindle_omega_radps": 0.0449711069972629,
    "tire_fr_spindle_omega_radps": 0.043462493196871926,
    "tire_rl_spindle_omega_radps": 0.04221536878047978,
    "tire_rr_spindle_omega_radps": 0.040382090447206996
  },
  "val_crm_loss": 0.11325507670611841,
  "val_crm_rmse": {
    "vel_body_x_mps": 0.0033604002020862136,
    "vel_body_y_mps": 0.0024258145797225895,
    "roll_rad": 3.8142957300253217e-05,
    "pitch_rad": 2.564624332510232e-05,
    "roll_rate_radps": 0.003638673048105105,
    "ang_vel_body_y_radps": 0.0025850774247992998,
    "yaw_rate_radps": 0.0024756077855446396,
    "tire_fl_force_wheel_fz_n": 721.3804217256808,
    "tire_fr_force_wheel_fz_n": 725.3326920962772,
    "tire_rl_force_wheel_fz_n": 1090.3091953903418,
    "tire_rr_force_wheel_fz_n": 1150.8356070938428,
    "tire_fl_spindle_omega_radps": 0.14186823713667926,
    "tire_fr_spindle_omega_radps": 0.14038580774806414,
    "tire_rl_spindle_omega_radps": 0.1685050560653188,
    "tire_rr_spindle_omega_radps": 0.1685755337507806
  },
  "val_mixed_loss": 0.057715182310748785,
  "rollout_flat_5.0s": {
    "xy_rmse_m": 1.051506800241531,
    "yaw_rmse_rad": 0.039035910634644,
    "errdist": 0.1384988306073658,
    "mean_dist_m": 7.592170963684718,
    "episodes": 12
  },
  "rollout_flat_10.0s": {
    "xy_rmse_m": 4.790713273620531,
    "yaw_rmse_rad": 0.13057140462985398,
    "errdist": 0.136033686338982,
    "mean_dist_m": 35.2171098391215,
    "episodes": 12
  },
  "rollout_crm_5.0s": {
    "xy_rmse_m": 0.33782999559772664,
    "yaw_rmse_rad": 0.035449351883210016,
    "errdist": 0.047206023086221696,
    "mean_dist_m": 7.1565019357949495,
    "episodes": 12
  },
  "rollout_crm_10.0s": {
    "xy_rmse_m": 1.3606025083216418,
    "yaw_rmse_rad": 0.06076385734068623,
    "errdist": 0.05434410061343523,
    "mean_dist_m": 25.036802393694717,
    "episodes": 12
  },
  "rollout_sel": 0.09518889347620861
}
{
  "epoch": 72,
  "timestamp_utc": "2026-07-13T20:23:12.707789+00:00",
  "train_loss": 0.00954593568877317,
  "val_loss": 0.00212246814458922,
  "val_rmse": {
    "vel_body_x_mps": 0.000630476069087649,
    "vel_body_y_mps": 0.0006020815454334782,
    "roll_rad": 1.2573528153449072e-05,
    "pitch_rad": 5.21435391279638e-06,
    "roll_rate_radps": 0.0012980836495035978,
    "ang_vel_body_y_radps": 0.0005648866520183532,
    "yaw_rate_radps": 0.0012217719007627122,
    "tire_fl_force_wheel_fz_n": 35.56377145113397,
    "tire_fr_force_wheel_fz_n": 35.704928818826595,
    "tire_rl_force_wheel_fz_n": 21.772191421774096,
    "tire_rr_force_wheel_fz_n": 20.445130402537927,
    "tire_fl_spindle_omega_radps": 0.04457724751486199,
    "tire_fr_spindle_omega_radps": 0.04353388851492013,
    "tire_rl_spindle_omega_radps": 0.041963858432038856,
    "tire_rr_spindle_omega_radps": 0.03881917669791327
  },
  "val_flat_loss": 0.00212246814458922,
  "val_flat_rmse": {
    "vel_body_x_mps": 0.000630476069087649,
    "vel_body_y_mps": 0.0006020815454334782,
    "roll_rad": 1.2573528153449072e-05,
    "pitch_rad": 5.21435391279638e-06,
    "roll_rate_radps": 0.0012980836495035978,
    "ang_vel_body_y_radps": 0.0005648866520183532,
    "yaw_rate_radps": 0.0012217719007627122,
    "tire_fl_force_wheel_fz_n": 35.56377145113397,
    "tire_fr_force_wheel_fz_n": 35.704928818826595,
    "tire_rl_force_wheel_fz_n": 21.772191421774096,
    "tire_rr_force_wheel_fz_n": 20.445130402537927,
    "tire_fl_spindle_omega_radps": 0.04457724751486199,
    "tire_fr_spindle_omega_radps": 0.04353388851492013,
    "tire_rl_spindle_omega_radps": 0.041963858432038856,
    "tire_rr_spindle_omega_radps": 0.03881917669791327
  },
  "val_crm_loss": 0.11388023522740695,
  "val_crm_rmse": {
    "vel_body_x_mps": 0.003354968422289401,
    "vel_body_y_mps": 0.0024283307255457288,
    "roll_rad": 3.701625585283109e-05,
    "pitch_rad": 2.5324096823097154e-05,
    "roll_rate_radps": 0.0036240200661142724,
    "ang_vel_body_y_radps": 0.0026091877488537475,
    "yaw_rate_radps": 0.0024891042113467416,
    "tire_fl_force_wheel_fz_n": 722.0887467115392,
    "tire_fr_force_wheel_fz_n": 728.0105392305203,
    "tire_rl_force_wheel_fz_n": 1091.3938400992297,
    "tire_rr_force_wheel_fz_n": 1160.2504178949223,
    "tire_fl_spindle_omega_radps": 0.14284356304443874,
    "tire_fr_spindle_omega_radps": 0.1429068022278931,
    "tire_rl_spindle_omega_radps": 0.1693594401268821,
    "tire_rr_spindle_omega_radps": 0.16970538353097187
  },
  "val_mixed_loss": 0.058001351685998084,
  "rollout_flat_5.0s": {
    "xy_rmse_m": 1.1762732862869443,
    "yaw_rmse_rad": 0.03163038131134324,
    "errdist": 0.15493240232778716,
    "mean_dist_m": 7.592170963684718,
    "episodes": 12
  },
  "rollout_flat_10.0s": {
    "xy_rmse_m": 5.261609354529703,
    "yaw_rmse_rad": 0.09042767746313851,
    "errdist": 0.14940491648990342,
    "mean_dist_m": 35.2171098391215,
    "episodes": 12
  },
  "rollout_crm_5.0s": {
    "xy_rmse_m": 0.51899762949589,
    "yaw_rmse_rad": 0.020530939176155436,
    "errdist": 0.07252113311113628,
    "mean_dist_m": 7.1565019357949495,
    "episodes": 12
  },
  "rollout_crm_10.0s": {
    "xy_rmse_m": 1.4885596651662463,
    "yaw_rmse_rad": 0.05452058435330707,
    "errdist": 0.059454863355119424,
    "mean_dist_m": 25.036802393694717,
    "episodes": 12
  },
  "rollout_sel": 0.10442988992251143
}
{
  "epoch": 73,
  "timestamp_utc": "2026-07-13T20:25:08.326621+00:00",
  "train_loss": 0.009471162070985884,
  "val_loss": 0.0021834567503901782,
  "val_rmse": {
    "vel_body_x_mps": 0.00065510483107763,
    "vel_body_y_mps": 0.00060609974814402,
    "roll_rad": 1.1155976283869588e-05,
    "pitch_rad": 5.489377660297613e-06,
    "roll_rate_radps": 0.0013032329690182407,
    "ang_vel_body_y_radps": 0.0005764478577410591,
    "yaw_rate_radps": 0.0012307866677080468,
    "tire_fl_force_wheel_fz_n": 35.890299062548415,
    "tire_fr_force_wheel_fz_n": 35.56232684423464,
    "tire_rl_force_wheel_fz_n": 22.14351206529715,
    "tire_rr_force_wheel_fz_n": 20.578124353731763,
    "tire_fl_spindle_omega_radps": 0.04633022373577419,
    "tire_fr_spindle_omega_radps": 0.04504763442335104,
    "tire_rl_spindle_omega_radps": 0.04256921295272585,
    "tire_rr_spindle_omega_radps": 0.0397613626677321
  },
  "val_flat_loss": 0.0021834567503901782,
  "val_flat_rmse": {
    "vel_body_x_mps": 0.00065510483107763,
    "vel_body_y_mps": 0.00060609974814402,
    "roll_rad": 1.1155976283869588e-05,
    "pitch_rad": 5.489377660297613e-06,
    "roll_rate_radps": 0.0013032329690182407,
    "ang_vel_body_y_radps": 0.0005764478577410591,
    "yaw_rate_radps": 0.0012307866677080468,
    "tire_fl_force_wheel_fz_n": 35.890299062548415,
    "tire_fr_force_wheel_fz_n": 35.56232684423464,
    "tire_rl_force_wheel_fz_n": 22.14351206529715,
    "tire_rr_force_wheel_fz_n": 20.578124353731763,
    "tire_fl_spindle_omega_radps": 0.04633022373577419,
    "tire_fr_spindle_omega_radps": 0.04504763442335104,
    "tire_rl_spindle_omega_radps": 0.04256921295272585,
    "tire_rr_spindle_omega_radps": 0.0397613626677321
  },
  "val_crm_loss": 0.1137021391975577,
  "val_crm_rmse": {
    "vel_body_x_mps": 0.0033572909085159445,
    "vel_body_y_mps": 0.00241645648156979,
    "roll_rad": 3.807085207367031e-05,
    "pitch_rad": 2.4756258990565788e-05,
    "roll_rate_radps": 0.0036404181640896497,
    "ang_vel_body_y_radps": 0.002597136458861331,
    "yaw_rate_radps": 0.0024713618502940882,
    "tire_fl_force_wheel_fz_n": 722.140221950482,
    "tire_fr_force_wheel_fz_n": 730.1530271686177,
    "tire_rl_force_wheel_fz_n": 1092.0064010153046,
    "tire_rr_force_wheel_fz_n": 1157.5598832429607,
    "tire_fl_spindle_omega_radps": 0.14227939007731763,
    "tire_fr_spindle_omega_radps": 0.14217958896606284,
    "tire_rl_spindle_omega_radps": 0.16874388557616088,
    "tire_rr_spindle_omega_radps": 0.16887972882205884
  },
  "val_mixed_loss": 0.05794279797397394,
  "rollout_flat_5.0s": {
    "xy_rmse_m": 0.5131438801235138,
    "yaw_rmse_rad": 0.027097138521314963,
    "errdist": 0.06758855702512644,
    "mean_dist_m": 7.592170963684718,
    "episodes": 12
  },
  "rollout_flat_10.0s": {
    "xy_rmse_m": 2.679136339869294,
    "yaw_rmse_rad": 0.06115737302842562,
    "errdist": 0.07607484975649909,
    "mean_dist_m": 35.2171098391215,
    "episodes": 12
  },
  "rollout_crm_5.0s": {
    "xy_rmse_m": 0.5130502638790347,
    "yaw_rmse_rad": 0.041771605587110676,
    "errdist": 0.07169008944340413,
    "mean_dist_m": 7.1565019357949495,
    "episodes": 12
  },
  "rollout_crm_10.0s": {
    "xy_rmse_m": 2.191402235239378,
    "yaw_rmse_rad": 0.11311983998999714,
    "errdist": 0.08752724093038582,
    "mean_dist_m": 25.036802393694717,
    "episodes": 12
  },
  "rollout_sel": 0.08180104534344246
}
{
  "epoch": 74,
  "timestamp_utc": "2026-07-13T20:27:03.757779+00:00",
  "train_loss": 0.0094814832941629,
  "val_loss": 0.002149801525811199,
  "val_rmse": {
    "vel_body_x_mps": 0.000643400382879991,
    "vel_body_y_mps": 0.0005907263429415274,
    "roll_rad": 1.104531737481925e-05,
    "pitch_rad": 6.638831984087193e-06,
    "roll_rate_radps": 0.0012824816196398984,
    "ang_vel_body_y_radps": 0.0005592128200638767,
    "yaw_rate_radps": 0.0012182102709151932,
    "tire_fl_force_wheel_fz_n": 35.248342023843875,
    "tire_fr_force_wheel_fz_n": 35.541935635242524,
    "tire_rl_force_wheel_fz_n": 21.742179549308638,
    "tire_rr_force_wheel_fz_n": 20.623848244731136,
    "tire_fl_spindle_omega_radps": 0.04488830655219054,
    "tire_fr_spindle_omega_radps": 0.043379049774875014,
    "tire_rl_spindle_omega_radps": 0.042072221473021455,
    "tire_rr_spindle_omega_radps": 0.03951984335595179
  },
  "val_flat_loss": 0.002149801525811199,
  "val_flat_rmse": {
    "vel_body_x_mps": 0.000643400382879991,
    "vel_body_y_mps": 0.0005907263429415274,
    "roll_rad": 1.104531737481925e-05,
    "pitch_rad": 6.638831984087193e-06,
    "roll_rate_radps": 0.0012824816196398984,
    "ang_vel_body_y_radps": 0.0005592128200638767,
    "yaw_rate_radps": 0.0012182102709151932,
    "tire_fl_force_wheel_fz_n": 35.248342023843875,
    "tire_fr_force_wheel_fz_n": 35.541935635242524,
    "tire_rl_force_wheel_fz_n": 21.742179549308638,
    "tire_rr_force_wheel_fz_n": 20.623848244731136,
    "tire_fl_spindle_omega_radps": 0.04488830655219054,
    "tire_fr_spindle_omega_radps": 0.043379049774875014,
    "tire_rl_spindle_omega_radps": 0.042072221473021455,
    "tire_rr_spindle_omega_radps": 0.03951984335595179
  },
  "val_crm_loss": 0.11399070754006971,
  "val_crm_rmse": {
    "vel_body_x_mps": 0.0033746160915807686,
    "vel_body_y_mps": 0.002419409918975268,
    "roll_rad": 3.695254650293891e-05,
    "pitch_rad": 2.658895709675119e-05,
    "roll_rate_radps": 0.0036402446087107623,
    "ang_vel_body_y_radps": 0.002589447275530921,
    "yaw_rate_radps": 0.0024827186743635295,
    "tire_fl_force_wheel_fz_n": 724.6138253552689,
    "tire_fr_force_wheel_fz_n": 728.7261512843312,
    "tire_rl_force_wheel_fz_n": 1092.5878847498263,
    "tire_rr_force_wheel_fz_n": 1158.2277622921051,
    "tire_fl_spindle_omega_radps": 0.1429821934595817,
    "tire_fr_spindle_omega_radps": 0.14212657347180416,
    "tire_rl_spindle_omega_radps": 0.16954116180006898,
    "tire_rr_spindle_omega_radps": 0.16950338732505282
  },
  "val_mixed_loss": 0.05807025453294045,
  "rollout_flat_5.0s": {
    "xy_rmse_m": 0.624310255540981,
    "yaw_rmse_rad": 0.057006615321776,
    "errdist": 0.08223079518720211,
    "mean_dist_m": 7.592170963684718,
    "episodes": 12
  },
  "rollout_flat_10.0s": {
    "xy_rmse_m": 4.155767308402886,
    "yaw_rmse_rad": 0.15821023144478966,
    "errdist": 0.1180042123668645,
    "mean_dist_m": 35.2171098391215,
    "episodes": 12
  },
  "rollout_crm_5.0s": {
    "xy_rmse_m": 0.2524521065417337,
    "yaw_rmse_rad": 0.02913628709185624,
    "errdist": 0.03527590837068518,
    "mean_dist_m": 7.1565019357949495,
    "episodes": 12
  },
  "rollout_crm_10.0s": {
    "xy_rmse_m": 0.8786097970200699,
    "yaw_rmse_rad": 0.05315196977229002,
    "errdist": 0.03509273201921902,
    "mean_dist_m": 25.036802393694717,
    "episodes": 12
  },
  "rollout_sel": 0.07654847219304176
}
{
  "epoch": 75,
  "timestamp_utc": "2026-07-13T20:28:57.463297+00:00",
  "train_loss": 0.00936709257820621,
  "val_loss": 0.0021060819450212875,
  "val_rmse": {
    "vel_body_x_mps": 0.0006175335653254293,
    "vel_body_y_mps": 0.0005907344919733332,
    "roll_rad": 9.95061733260153e-06,
    "pitch_rad": 5.7548526061028205e-06,
    "roll_rate_radps": 0.0013109188010252326,
    "ang_vel_body_y_radps": 0.0005592306019101844,
    "yaw_rate_radps": 0.001221510380853506,
    "tire_fl_force_wheel_fz_n": 35.35666194080357,
    "tire_fr_force_wheel_fz_n": 35.75857156659216,
    "tire_rl_force_wheel_fz_n": 21.754163359816097,
    "tire_rr_force_wheel_fz_n": 20.386495957948885,
    "tire_fl_spindle_omega_radps": 0.04485637422632123,
    "tire_fr_spindle_omega_radps": 0.04349327891062545,
    "tire_rl_spindle_omega_radps": 0.04165373731817201,
    "tire_rr_spindle_omega_radps": 0.039169262875484175
  },
  "val_flat_loss": 0.0021060819450212875,
  "val_flat_rmse": {
    "vel_body_x_mps": 0.0006175335653254293,
    "vel_body_y_mps": 0.0005907344919733332,
    "roll_rad": 9.95061733260153e-06,
    "pitch_rad": 5.7548526061028205e-06,
    "roll_rate_radps": 0.0013109188010252326,
    "ang_vel_body_y_radps": 0.0005592306019101844,
    "yaw_rate_radps": 0.001221510380853506,
    "tire_fl_force_wheel_fz_n": 35.35666194080357,
    "tire_fr_force_wheel_fz_n": 35.75857156659216,
    "tire_rl_force_wheel_fz_n": 21.754163359816097,
    "tire_rr_force_wheel_fz_n": 20.386495957948885,
    "tire_fl_spindle_omega_radps": 0.04485637422632123,
    "tire_fr_spindle_omega_radps": 0.04349327891062545,
    "tire_rl_spindle_omega_radps": 0.04165373731817201,
    "tire_rr_spindle_omega_radps": 0.039169262875484175
  },
  "val_crm_loss": 0.11374463866959558,
  "val_crm_rmse": {
    "vel_body_x_mps": 0.003359599442415934,
    "vel_body_y_mps": 0.002415747005138005,
    "roll_rad": 3.658109754804528e-05,
    "pitch_rad": 2.4833101344450157e-05,
    "roll_rate_radps": 0.0036130515064090596,
    "ang_vel_body_y_radps": 0.0025832053782764274,
    "yaw_rate_radps": 0.002480443277765967,
    "tire_fl_force_wheel_fz_n": 725.4230048474574,
    "tire_fr_force_wheel_fz_n": 724.2967583930981,
    "tire_rl_force_wheel_fz_n": 1095.7333193778604,
    "tire_rr_force_wheel_fz_n": 1159.382735949332,
    "tire_fl_spindle_omega_radps": 0.14235500745503715,
    "tire_fr_spindle_omega_radps": 0.14090143975778235,
    "tire_rl_spindle_omega_radps": 0.1684858887580948,
    "tire_rr_spindle_omega_radps": 0.1682902648465559
  },
  "val_mixed_loss": 0.05792536030730844,
  "rollout_flat_5.0s": {
    "xy_rmse_m": 1.215758708147912,
    "yaw_rmse_rad": 0.06621088656233157,
    "errdist": 0.16013321011383894,
    "mean_dist_m": 7.592170963684718,
    "episodes": 12
  },
  "rollout_flat_10.0s": {
    "xy_rmse_m": 3.6335860410061875,
    "yaw_rmse_rad": 0.1086182687601271,
    "errdist": 0.1031767245411422,
    "mean_dist_m": 35.2171098391215,
    "episodes": 12
  },
  "rollout_crm_5.0s": {
    "xy_rmse_m": 0.6687641759213705,
    "yaw_rmse_rad": 0.018183864641382663,
    "errdist": 0.09344847272050429,
    "mean_dist_m": 7.1565019357949495,
    "episodes": 12
  },
  "rollout_crm_10.0s": {
    "xy_rmse_m": 1.344116043506081,
    "yaw_rmse_rad": 0.05801559684066995,
    "errdist": 0.053685611380013286,
    "mean_dist_m": 25.036802393694717,
    "episodes": 12
  },
  "rollout_sel": 0.07843116796057774
}
{
  "epoch": 76,
  "timestamp_utc": "2026-07-13T20:30:52.454306+00:00",
  "train_loss": 0.009315508631058038,
  "val_loss": 0.002062870593099433,
  "val_rmse": {
    "vel_body_x_mps": 0.0006198210536199534,
    "vel_body_y_mps": 0.0005807334061855013,
    "roll_rad": 1.165233293895244e-05,
    "pitch_rad": 5.575864846907378e-06,
    "roll_rate_radps": 0.001291961897050286,
    "ang_vel_body_y_radps": 0.0005592255759217343,
    "yaw_rate_radps": 0.0012144903117811184,
    "tire_fl_force_wheel_fz_n": 35.633653941390826,
    "tire_fr_force_wheel_fz_n": 35.36393301801937,
    "tire_rl_force_wheel_fz_n": 22.051286265750644,
    "tire_rr_force_wheel_fz_n": 20.408384071794302,
    "tire_fl_spindle_omega_radps": 0.04426474982331632,
    "tire_fr_spindle_omega_radps": 0.04278089693730078,
    "tire_rl_spindle_omega_radps": 0.04166335860274542,
    "tire_rr_spindle_omega_radps": 0.038823301641634604
  },
  "val_flat_loss": 0.002062870593099433,
  "val_flat_rmse": {
    "vel_body_x_mps": 0.0006198210536199534,
    "vel_body_y_mps": 0.0005807334061855013,
    "roll_rad": 1.165233293895244e-05,
    "pitch_rad": 5.575864846907378e-06,
    "roll_rate_radps": 0.001291961897050286,
    "ang_vel_body_y_radps": 0.0005592255759217343,
    "yaw_rate_radps": 0.0012144903117811184,
    "tire_fl_force_wheel_fz_n": 35.633653941390826,
    "tire_fr_force_wheel_fz_n": 35.36393301801937,
    "tire_rl_force_wheel_fz_n": 22.051286265750644,
    "tire_rr_force_wheel_fz_n": 20.408384071794302,
    "tire_fl_spindle_omega_radps": 0.04426474982331632,
    "tire_fr_spindle_omega_radps": 0.04278089693730078,
    "tire_rl_spindle_omega_radps": 0.04166335860274542,
    "tire_rr_spindle_omega_radps": 0.038823301641634604
  },
  "val_crm_loss": 0.11381952367082704,
  "val_crm_rmse": {
    "vel_body_x_mps": 0.0033548526716750513,
    "vel_body_y_mps": 0.002427555032023135,
    "roll_rad": 3.757844731726381e-05,
    "pitch_rad": 2.418090787798069e-05,
    "roll_rate_radps": 0.0036328081262078124,
    "ang_vel_body_y_radps": 0.0025820304506038315,
    "yaw_rate_radps": 0.0024851933074430043,
    "tire_fl_force_wheel_fz_n": 722.0027852976324,
    "tire_fr_force_wheel_fz_n": 729.2900770932173,
    "tire_rl_force_wheel_fz_n": 1095.2517313268056,
    "tire_rr_force_wheel_fz_n": 1161.1417373470345,
    "tire_fl_spindle_omega_radps": 0.14168897349715243,
    "tire_fr_spindle_omega_radps": 0.1409705081357027,
    "tire_rl_spindle_omega_radps": 0.16796349444822026,
    "tire_rr_spindle_omega_radps": 0.16810771048943765
  },
  "val_mixed_loss": 0.05794119713196324,
  "rollout_flat_5.0s": {
    "xy_rmse_m": 2.059283622447145,
    "yaw_rmse_rad": 0.11678963980065399,
    "errdist": 0.271237783276644,
    "mean_dist_m": 7.592170963684718,
    "episodes": 12
  },
  "rollout_flat_10.0s": {
    "xy_rmse_m": 9.267024065256422,
    "yaw_rmse_rad": 0.2984383613597296,
    "errdist": 0.2631398234434899,
    "mean_dist_m": 35.2171098391215,
    "episodes": 12
  },
  "rollout_crm_5.0s": {
    "xy_rmse_m": 0.5918337130354223,
    "yaw_rmse_rad": 0.03020724104134216,
    "errdist": 0.08269874281389138,
    "mean_dist_m": 7.1565019357949495,
    "episodes": 12
  },
  "rollout_crm_10.0s": {
    "xy_rmse_m": 1.5812067714004157,
    "yaw_rmse_rad": 0.11512482657746964,
    "errdist": 0.06315530020713139,
    "mean_dist_m": 25.036802393694717,
    "episodes": 12
  },
  "rollout_sel": 0.16314756182531065
}
{
  "epoch": 77,
  "timestamp_utc": "2026-07-13T20:32:46.911766+00:00",
  "train_loss": 0.009225834778044372,
  "val_loss": 0.0020711976883103487,
  "val_rmse": {
    "vel_body_x_mps": 0.0006255459694480589,
    "vel_body_y_mps": 0.0005927117556431134,
    "roll_rad": 1.281045603500571e-05,
    "pitch_rad": 5.829017796341686e-06,
    "roll_rate_radps": 0.0012867344518801183,
    "ang_vel_body_y_radps": 0.0005475224397649658,
    "yaw_rate_radps": 0.001211357803269887,
    "tire_fl_force_wheel_fz_n": 35.250354061445286,
    "tire_fr_force_wheel_fz_n": 35.576073998801675,
    "tire_rl_force_wheel_fz_n": 21.701831443911438,
    "tire_rr_force_wheel_fz_n": 20.5006665265656,
    "tire_fl_spindle_omega_radps": 0.04390140936181916,
    "tire_fr_spindle_omega_radps": 0.042548414484175526,
    "tire_rl_spindle_omega_radps": 0.04153831033395456,
    "tire_rr_spindle_omega_radps": 0.038703804286599384
  },
  "val_flat_loss": 0.0020711976883103487,
  "val_flat_rmse": {
    "vel_body_x_mps": 0.0006255459694480589,
    "vel_body_y_mps": 0.0005927117556431134,
    "roll_rad": 1.281045603500571e-05,
    "pitch_rad": 5.829017796341686e-06,
    "roll_rate_radps": 0.0012867344518801183,
    "ang_vel_body_y_radps": 0.0005475224397649658,
    "yaw_rate_radps": 0.001211357803269887,
    "tire_fl_force_wheel_fz_n": 35.250354061445286,
    "tire_fr_force_wheel_fz_n": 35.576073998801675,
    "tire_rl_force_wheel_fz_n": 21.701831443911438,
    "tire_rr_force_wheel_fz_n": 20.5006665265656,
    "tire_fl_spindle_omega_radps": 0.04390140936181916,
    "tire_fr_spindle_omega_radps": 0.042548414484175526,
    "tire_rl_spindle_omega_radps": 0.04153831033395456,
    "tire_rr_spindle_omega_radps": 0.038703804286599384
  },
  "val_crm_loss": 0.11402801531628938,
  "val_crm_rmse": {
    "vel_body_x_mps": 0.003371028397179667,
    "vel_body_y_mps": 0.0024130133071867056,
    "roll_rad": 3.7352390983167775e-05,
    "pitch_rad": 2.4625302520276173e-05,
    "roll_rate_radps": 0.0036194268519142044,
    "ang_vel_body_y_radps": 0.002590046649225686,
    "yaw_rate_radps": 0.002489966388373902,
    "tire_fl_force_wheel_fz_n": 724.8436849587032,
    "tire_fr_force_wheel_fz_n": 726.9080597043779,
    "tire_rl_force_wheel_fz_n": 1096.8152103863547,
    "tire_rr_force_wheel_fz_n": 1160.6416837233685,
    "tire_fl_spindle_omega_radps": 0.14180647628497905,
    "tire_fr_spindle_omega_radps": 0.14108799234248737,
    "tire_rl_spindle_omega_radps": 0.16879416210728226,
    "tire_rr_spindle_omega_radps": 0.16841102010037431
  },
  "val_mixed_loss": 0.058049606502299865,
  "rollout_flat_5.0s": {
    "xy_rmse_m": 0.5295600143736559,
    "yaw_rmse_rad": 0.03345579284135992,
    "errdist": 0.06975080209688057,
    "mean_dist_m": 7.592170963684718,
    "episodes": 12
  },
  "rollout_flat_10.0s": {
    "xy_rmse_m": 2.4611069355114297,
    "yaw_rmse_rad": 0.1110503765339104,
    "errdist": 0.06988384188124004,
    "mean_dist_m": 35.2171098391215,
    "episodes": 12
  },
  "rollout_crm_5.0s": {
    "xy_rmse_m": 0.33973374626030023,
    "yaw_rmse_rad": 0.031054233691660434,
    "errdist": 0.04747204001455529,
    "mean_dist_m": 7.1565019357949495,
    "episodes": 12
  },
  "rollout_crm_10.0s": {
    "xy_rmse_m": 1.4289600153214832,
    "yaw_rmse_rad": 0.12285681831061977,
    "errdist": 0.057074381658312454,
    "mean_dist_m": 25.036802393694717,
    "episodes": 12
  },
  "rollout_sel": 0.06347911176977625
}
{
  "epoch": 78,
  "timestamp_utc": "2026-07-13T20:34:40.605067+00:00",
  "train_loss": 0.009191655735718087,
  "val_loss": 0.0020473168303578857,
  "val_rmse": {
    "vel_body_x_mps": 0.0006106221545753423,
    "vel_body_y_mps": 0.0005917232011521226,
    "roll_rad": 9.994357110860564e-06,
    "pitch_rad": 5.591840493815319e-06,
    "roll_rate_radps": 0.0012932274511833373,
    "ang_vel_body_y_radps": 0.0005480670606289207,
    "yaw_rate_radps": 0.0012158440284687367,
    "tire_fl_force_wheel_fz_n": 35.178646851391676,
    "tire_fr_force_wheel_fz_n": 35.47713952303211,
    "tire_rl_force_wheel_fz_n": 21.883240653074434,
    "tire_rr_force_wheel_fz_n": 20.408735810157683,
    "tire_fl_spindle_omega_radps": 0.04397801379057896,
    "tire_fr_spindle_omega_radps": 0.042573340470401545,
    "tire_rl_spindle_omega_radps": 0.041100581310624884,
    "tire_rr_spindle_omega_radps": 0.038702946453426715
  },
  "val_flat_loss": 0.0020473168303578857,
  "val_flat_rmse": {
    "vel_body_x_mps": 0.0006106221545753423,
    "vel_body_y_mps": 0.0005917232011521226,
    "roll_rad": 9.994357110860564e-06,
    "pitch_rad": 5.591840493815319e-06,
    "roll_rate_radps": 0.0012932274511833373,
    "ang_vel_body_y_radps": 0.0005480670606289207,
    "yaw_rate_radps": 0.0012158440284687367,
    "tire_fl_force_wheel_fz_n": 35.178646851391676,
    "tire_fr_force_wheel_fz_n": 35.47713952303211,
    "tire_rl_force_wheel_fz_n": 21.883240653074434,
    "tire_rr_force_wheel_fz_n": 20.408735810157683,
    "tire_fl_spindle_omega_radps": 0.04397801379057896,
    "tire_fr_spindle_omega_radps": 0.042573340470401545,
    "tire_rl_spindle_omega_radps": 0.041100581310624884,
    "tire_rr_spindle_omega_radps": 0.038702946453426715
  },
  "val_crm_loss": 0.11436969734961167,
  "val_crm_rmse": {
    "vel_body_x_mps": 0.0033721476479845994,
    "vel_body_y_mps": 0.0024130039722698553,
    "roll_rad": 3.684712371434717e-05,
    "pitch_rad": 2.4986619610280463e-05,
    "roll_rate_radps": 0.003641278734596725,
    "ang_vel_body_y_radps": 0.002589086070884447,
    "yaw_rate_radps": 0.002484390455711249,
    "tire_fl_force_wheel_fz_n": 731.0944169490974,
    "tire_fr_force_wheel_fz_n": 730.5141978843031,
    "tire_rl_force_wheel_fz_n": 1094.3441951042635,
    "tire_rr_force_wheel_fz_n": 1161.3649603937897,
    "tire_fl_spindle_omega_radps": 0.14222051145759704,
    "tire_fr_spindle_omega_radps": 0.14149399952384015,
    "tire_rl_spindle_omega_radps": 0.1690672932670144,
    "tire_rr_spindle_omega_radps": 0.1690532778968548
  },
  "val_mixed_loss": 0.058208507089984776,
  "rollout_flat_5.0s": {
    "xy_rmse_m": 0.9133551119089639,
    "yaw_rmse_rad": 0.05009703954688257,
    "errdist": 0.12030223190149081,
    "mean_dist_m": 7.592170963684718,
    "episodes": 12
  },
  "rollout_flat_10.0s": {
    "xy_rmse_m": 4.88788636406493,
    "yaw_rmse_rad": 0.11013763127222631,
    "errdist": 0.13879294429309308,
    "mean_dist_m": 35.2171098391215,
    "episodes": 12
  },
  "rollout_crm_5.0s": {
    "xy_rmse_m": 0.5098616689186344,
    "yaw_rmse_rad": 0.040533839543964195,
    "errdist": 0.07124453727434066,
    "mean_dist_m": 7.1565019357949495,
    "episodes": 12
  },
  "rollout_crm_10.0s": {
    "xy_rmse_m": 2.099927868285469,
    "yaw_rmse_rad": 0.19229273396742042,
    "errdist": 0.08387364469571067,
    "mean_dist_m": 25.036802393694717,
    "episodes": 12
  },
  "rollout_sel": 0.11133329449440188
}
{
  "epoch": 79,
  "timestamp_utc": "2026-07-13T20:36:35.018484+00:00",
  "train_loss": 0.009133363366592675,
  "val_loss": 0.002054112077867103,
  "val_rmse": {
    "vel_body_x_mps": 0.0006161949336982521,
    "vel_body_y_mps": 0.0005831031820221912,
    "roll_rad": 1.0513489778396406e-05,
    "pitch_rad": 6.3396550653370035e-06,
    "roll_rate_radps": 0.0012859210981167866,
    "ang_vel_body_y_radps": 0.0005497161144992221,
    "yaw_rate_radps": 0.0012115285125107438,
    "tire_fl_force_wheel_fz_n": 35.02025988889758,
    "tire_fr_force_wheel_fz_n": 35.16331179149942,
    "tire_rl_force_wheel_fz_n": 21.832639982180336,
    "tire_rr_force_wheel_fz_n": 20.332987604784808,
    "tire_fl_spindle_omega_radps": 0.04421468566361518,
    "tire_fr_spindle_omega_radps": 0.04268237806224769,
    "tire_rl_spindle_omega_radps": 0.04160774218258416,
    "tire_rr_spindle_omega_radps": 0.038457467359003426
  },
  "val_flat_loss": 0.002054112077867103,
  "val_flat_rmse": {
    "vel_body_x_mps": 0.0006161949336982521,
    "vel_body_y_mps": 0.0005831031820221912,
    "roll_rad": 1.0513489778396406e-05,
    "pitch_rad": 6.3396550653370035e-06,
    "roll_rate_radps": 0.0012859210981167866,
    "ang_vel_body_y_radps": 0.0005497161144992221,
    "yaw_rate_radps": 0.0012115285125107438,
    "tire_fl_force_wheel_fz_n": 35.02025988889758,
    "tire_fr_force_wheel_fz_n": 35.16331179149942,
    "tire_rl_force_wheel_fz_n": 21.832639982180336,
    "tire_rr_force_wheel_fz_n": 20.332987604784808,
    "tire_fl_spindle_omega_radps": 0.04421468566361518,
    "tire_fr_spindle_omega_radps": 0.04268237806224769,
    "tire_rl_spindle_omega_radps": 0.04160774218258416,
    "tire_rr_spindle_omega_radps": 0.038457467359003426
  },
  "val_crm_loss": 0.1144540004277951,
  "val_crm_rmse": {
    "vel_body_x_mps": 0.0033604027197500696,
    "vel_body_y_mps": 0.0024338848180887507,
    "roll_rad": 3.577782544315446e-05,
    "pitch_rad": 2.431438535042613e-05,
    "roll_rate_radps": 0.003635509354986809,
    "ang_vel_body_y_radps": 0.002578301828680426,
    "yaw_rate_radps": 0.0024921133562952526,
    "tire_fl_force_wheel_fz_n": 726.2449980666282,
    "tire_fr_force_wheel_fz_n": 730.9812851508051,
    "tire_rl_force_wheel_fz_n": 1102.2172847122774,
    "tire_rr_force_wheel_fz_n": 1160.6947083646482,
    "tire_fl_spindle_omega_radps": 0.14124306529418174,
    "tire_fr_spindle_omega_radps": 0.14087698955477465,
    "tire_rl_spindle_omega_radps": 0.16840442956058063,
    "tire_rr_spindle_omega_radps": 0.1679389811737427
  },
  "val_mixed_loss": 0.0582540562528311,
  "rollout_flat_5.0s": {
    "xy_rmse_m": 0.9103627395516639,
    "yaw_rmse_rad": 0.03362778482802432,
    "errdist": 0.11990809267944046,
    "mean_dist_m": 7.592170963684718,
    "episodes": 12
  },
  "rollout_flat_10.0s": {
    "xy_rmse_m": 5.194867076990644,
    "yaw_rmse_rad": 0.06978779274356788,
    "errdist": 0.14750975025269797,
    "mean_dist_m": 35.2171098391215,
    "episodes": 12
  },
  "rollout_crm_5.0s": {
    "xy_rmse_m": 0.32912686751188736,
    "yaw_rmse_rad": 0.03708025835737046,
    "errdist": 0.045989908263097214,
    "mean_dist_m": 7.1565019357949495,
    "episodes": 12
  },
  "rollout_crm_10.0s": {
    "xy_rmse_m": 1.2884629910421084,
    "yaw_rmse_rad": 0.1105005540561936,
    "errdist": 0.05146276152926764,
    "mean_dist_m": 25.036802393694717,
    "episodes": 12
  },
  "rollout_sel": 0.09948625589098281
}
{
  "epoch": 80,
  "timestamp_utc": "2026-07-13T20:38:29.817177+00:00",
  "train_loss": 0.009091272638877854,
  "val_loss": 0.0020520132074307185,
  "val_rmse": {
    "vel_body_x_mps": 0.0006204935729491261,
    "vel_body_y_mps": 0.0005740835293178416,
    "roll_rad": 1.0687886498625685e-05,
    "pitch_rad": 5.274871090044218e-06,
    "roll_rate_radps": 0.0012910233195411042,
    "ang_vel_body_y_radps": 0.0005560717145709868,
    "yaw_rate_radps": 0.0012038770906945438,
    "tire_fl_force_wheel_fz_n": 35.42825673894724,
    "tire_fr_force_wheel_fz_n": 35.66436869561908,
    "tire_rl_force_wheel_fz_n": 21.831254505339388,
    "tire_rr_force_wheel_fz_n": 20.308736731540808,
    "tire_fl_spindle_omega_radps": 0.04414988313330284,
    "tire_fr_spindle_omega_radps": 0.043024347538167924,
    "tire_rl_spindle_omega_radps": 0.041210783592636385,
    "tire_rr_spindle_omega_radps": 0.03869768200859814
  },
  "val_flat_loss": 0.0020520132074307185,
  "val_flat_rmse": {
    "vel_body_x_mps": 0.0006204935729491261,
    "vel_body_y_mps": 0.0005740835293178416,
    "roll_rad": 1.0687886498625685e-05,
    "pitch_rad": 5.274871090044218e-06,
    "roll_rate_radps": 0.0012910233195411042,
    "ang_vel_body_y_radps": 0.0005560717145709868,
    "yaw_rate_radps": 0.0012038770906945438,
    "tire_fl_force_wheel_fz_n": 35.42825673894724,
    "tire_fr_force_wheel_fz_n": 35.66436869561908,
    "tire_rl_force_wheel_fz_n": 21.831254505339388,
    "tire_rr_force_wheel_fz_n": 20.308736731540808,
    "tire_fl_spindle_omega_radps": 0.04414988313330284,
    "tire_fr_spindle_omega_radps": 0.043024347538167924,
    "tire_rl_spindle_omega_radps": 0.041210783592636385,
    "tire_rr_spindle_omega_radps": 0.03869768200859814
  },
  "val_crm_loss": 0.11491085416520946,
  "val_crm_rmse": {
    "vel_body_x_mps": 0.0033945848348935583,
    "vel_body_y_mps": 0.002413089085462286,
    "roll_rad": 3.61559072904844e-05,
    "pitch_rad": 2.4682355409556527e-05,
    "roll_rate_radps": 0.0036185323966868846,
    "ang_vel_body_y_radps": 0.002599917257222505,
    "yaw_rate_radps": 0.002499897834215124,
    "tire_fl_force_wheel_fz_n": 727.013126933344,
    "tire_fr_force_wheel_fz_n": 730.8334282657064,
    "tire_rl_force_wheel_fz_n": 1101.8129368256427,
    "tire_rr_force_wheel_fz_n": 1164.4892577197113,
    "tire_fl_spindle_omega_radps": 0.14301614389452535,
    "tire_fr_spindle_omega_radps": 0.14217303155479002,
    "tire_rl_spindle_omega_radps": 0.16981431091625832,
    "tire_rr_spindle_omega_radps": 0.1695982102680618
  },
  "val_mixed_loss": 0.05848143368632009,
  "rollout_flat_5.0s": {
    "xy_rmse_m": 0.9062534853988797,
    "yaw_rmse_rad": 0.04205645927003071,
    "errdist": 0.11936684378338164,
    "mean_dist_m": 7.592170963684718,
    "episodes": 12
  },
  "rollout_flat_10.0s": {
    "xy_rmse_m": 5.303863411999768,
    "yaw_rmse_rad": 0.07145396576827548,
    "errdist": 0.15060473264923874,
    "mean_dist_m": 35.2171098391215,
    "episodes": 12
  },
  "rollout_crm_5.0s": {
    "xy_rmse_m": 0.503244283211294,
    "yaw_rmse_rad": 0.028046870501702955,
    "errdist": 0.0703198696410879,
    "mean_dist_m": 7.1565019357949495,
    "episodes": 12
  },
  "rollout_crm_10.0s": {
    "xy_rmse_m": 1.7073140605538568,
    "yaw_rmse_rad": 0.07304337858648186,
    "errdist": 0.06819217700834783,
    "mean_dist_m": 25.036802393694717,
    "episodes": 12
  },
  "rollout_sel": 0.10939845482879329
}
training completed; last checkpoint: /home/harry/NeDM/artifacts/training_runs/ablation_ofat/L8_H8_E256_ctx128_data60/checkpoints/last.pt
